ID,Language_ID,Language_name,Parameter_ID,Value,Transcription,Concept,Source,Comment,AlternativeValue,AlternativeTranscription
14-320-830-1,pear1247,Pear,1852,maŋ khlə́h,phonetic,often,,,,
14-310-830-1,pear1247,Pear,1676,kh`tćə́k,phonetic,always,,,,
14-290-830-1,pear1247,Pear,790,reŋ ʔun,phonetic,ready,,,,
14-280-830-1,pear1247,Pear,1928,găm pĕt,phonetic,"cease, stop",,,,
14-270-830-1,pear1247,Pear,1766,hɔ̆iʔ źăuʔ,phonetic,finish,,,,
14-260-830-1,pear1247,Pear,743,laʔ a hɔ̆iʔ,phonetic,end (temporal),,,,
14-252-830-1,pear1247,Pear,1186,reŋ k`ram,phonetic,"last, endure",,,,
14-250-830-1,pear1247,Pear,1806,kə́ dźŭh,phonetic,"begin, beginning",,,,
14-240-830-1,pear1247,Pear,425,taŋ wu???,phonetic,"retard, delay",,,,
14-230-830-1,pear1247,Pear,754,kiŋ kə́ kăp,phonetic,"hasten, hurry",,,,
14-220-830-1,pear1247,Pear,701,gre,phonetic,slow,,,,
14-210-830-1,pear1247,Pear,1631,phai,phonetic,"swift, fast, quick",,,,
14-190-830-1,pear1247,Pear,1963,sa ha źɔʔ,phonetic,immediately,,,,
14-180-830-1,pear1247,Pear,1376,khɛʔ din,phonetic,now,,,,
14-170-830-1,pear1247,Pear,477,khɛʔ ṃɨ,phonetic,late,,,,
14-160-830-1,pear1247,Pear,672,khɛʔ ṇ́iau,phonetic,early,,,,
14-150-830-1,pear1247,Pear,1229,găt,phonetic,old,,,,
14-140-830-1,pear1247,Pear,1207,num,phonetic,young,,,,
14-120-830-1,pear1247,Pear,1789,a`sa:k,phonetic,age,,,,
14-130-830-1,pear1247,Pear,1231,k`mai,phonetic,new,,,,
14-110-830-1,pear1247,Pear,892,kap,phonetic,time,,,,
13-440-830-1,pear1247,Pear,417,vi k`plɛ,phonetic,three times,,,,
13-420-830-1,pear1247,Pear,1859,k`nar vi,phonetic,third,,,,
13-380-830-1,pear1247,Pear,1546,ɛ k`plɛ,phonetic,two times,,,,
13-370-830-1,pear1247,Pear,1888,soŋ,phonetic,pair,,,,
13-360-830-1,pear1247,Pear,1384,k`nar ɛ,phonetic,second,,,,
13-350-830-1,pear1247,Pear,1529,laʔ ba:n,phonetic,last,,,,
13-340-830-1,pear1247,Pear,728,k`nar u lŭʔ,phonetic,first,,,,
13-330-830-1,pear1247,Pear,1580,raŋ di,phonetic,"alone, only",,,,
13-240-830-1,pear1247,Pear,816,u kh`dɛʔ,phonetic,half,,,,
13-230-830-1,pear1247,Pear,779,p`dai,phonetic,"part, piece",,,,
13-220-830-1,pear1247,Pear,1624,lat,phonetic,empty,,,,
13-210-830-1,pear1247,Pear,1429,noʔ,phonetic,full,,,,
13-190-830-1,pear1247,Pear,2023,tv i gɨr,phonetic,"multitude, crowd",,,,
13-181-830-1,pear1247,Pear,1241,t`rĭt,phonetic,some,,,,
13-170-830-1,pear1247,Pear,1242,brɛ̆ʔ,phonetic,"little (quantity), few",,,,
13-180-830-1,pear1247,Pear,1881,gə́̆ʔ,phonetic,enough,,,,
13-160-830-1,pear1247,Pear,1992,źiŋ m`blăm,phonetic,more,,,,
13-150-830-1,pear1247,Pear,1198,m`blăm,phonetic,"much, many",,,,
13-140-830-1,pear1247,Pear,98,pai tŭr,phonetic,"every, all",,,,
13-107-830-1,pear1247,Pear,1420,dĭh,phonetic,count,,,,
13-106-830-1,pear1247,Pear,1843,hɛŋ,phonetic,thousand,,,,
13-105-830-1,pear1247,Pear,1634,p`źah,phonetic,hundred,,,,
13-104-830-1,pear1247,Pear,1710,ɛ kə́r,phonetic,twenty,,,,
13-103-830-1,pear1247,Pear,1709,kə́r phar,phonetic,fifteen,,,,
13-102-830-1,pear1247,Pear,1707,kə́r ɛ,phonetic,twelve,,,,
13-101-830-1,pear1247,Pear,1706,kə́r lu lŭʔ,phonetic,eleven,,,,
13-100-830-1,pear1247,Pear,1515,n`kə́r,phonetic,ten,,,,
12-930-830-1,pear1247,Pear,1264,m`bre,phonetic,change,,,,
12-920-830-1,pear1247,Pear,1558,kh`ṛer,phonetic,"like, similar",,,,
12-840-830-1,pear1247,Pear,1048,deŋ mɨʔ,phonetic,line,,,,
12-850-830-1,pear1247,Pear,1667,k`tau,phonetic,hole,,,,
12-830-830-1,pear1247,Pear,1845,lek luk,phonetic,"sphere, ball",,,,
12-810-830-1,pear1247,Pear,1395,k`lɔŋ,phonetic,round,,,,
12-820-830-1,pear1247,Pear,1467,k`lɔŋ bɔi bɔi,phonetic,circle,,,,
12-780-830-1,pear1247,Pear,850,phvn mɛ,phonetic,square,,,,
12-770-830-1,pear1247,Pear,1367,kh`kăh,phonetic,cross,,,,
12-760-830-1,pear1247,Pear,192,noŋ,phonetic,corner,,,,
12-750-830-1,pear1247,Pear,1071,a`v́ɔ̆ʔ,phonetic,hook,,,,
12-740-830-1,pear1247,Pear,297,kɔ̆ʔ,phonetic,crooked,,,,
12-730-830-1,pear1247,Pear,1404,sɨ,phonetic,straight,,,,
12-710-830-1,pear1247,Pear,1633,k`ram / klɔŋ,phonetic,flat,,,,
12-680-830-1,pear1247,Pear,193,r`də́r,phonetic,shallow,,,,
12-670-830-1,pear1247,Pear,1593,lɨk,phonetic,deep,,,,
12-650-830-1,pear1247,Pear,2249,ṛɛr,phonetic,thin (in dimension),,,,
12-630-830-1,pear1247,Pear,1244,hɔt,phonetic,thick (in dimension),,,,
12-620-830-1,pear1247,Pear,1267,ɔp,phonetic,narrow,,,,
12-610-830-1,pear1247,Pear,1243,v́ah,phonetic,"wide, broad",,,,
12-590-830-1,pear1247,Pear,1645,ɛm,phonetic,short,,,,
12-580-830-1,pear1247,Pear,711,dźar,phonetic,tall,,,,
12-570-830-1,pear1247,Pear,1203,doŋ,phonetic,long,,,,
12-560-830-1,pear1247,Pear,1246,ńiaŋ,phonetic,"small, little",,,,
12-550-830-1,pear1247,Pear,1202,daŋ,phonetic,"large, big",,,,
12-541-830-1,pear1247,Pear,81,sar,phonetic,"span, fathom",,,,
12-540-830-1,pear1247,Pear,1506,tɛʔ,phonetic,measure,,,,
12-530-830-1,pear1247,Pear,479,ṛɛh,phonetic,grow,,,,
12-480-830-1,pear1247,Pear,1595,to ph`hɔŋ,phonetic,south,,,,
12-470-830-1,pear1247,Pear,1598,to ph`tćaŋ,phonetic,north,,,,
12-460-830-1,pear1247,Pear,1817,to lip s`ŋɔi,phonetic,west,,,,
12-450-830-1,pear1247,Pear,1877,to lɛh s`ŋɔi,phonetic,east,,,,
12-430-830-1,pear1247,Pear,1942,n`dat,phonetic,near (adv),,,,
12-430-830-2,pear1247,Pear,1942,doŋ,phonetic,near (adv),,,,
12-420-830-1,pear1247,Pear,244,to a`kɛʔ,phonetic,left (side),,,,
12-410-830-1,pear1247,Pear,1019,to a`oih,phonetic,right (side),,,,
12-370-830-1,pear1247,Pear,1093,loŋ k`tai,phonetic,"middle, center",,,,
12-353-830-1,pear1247,Pear,863,khɛp,phonetic,edge,,,,
12-352-830-1,pear1247,Pear,372,pɛʔ,phonetic,pointed,,,,
12-350-830-1,pear1247,Pear,742,laʔ khɛt,phonetic,end,,,,
12-340-830-1,pear1247,Pear,690,laʔ khrvm oŋ ɛm,phonetic,bottom,,,,
12-320-830-1,pear1247,Pear,721,ɛm,phonetic,low,,,,
12-330-830-1,pear1247,Pear,1753,laʔ k`v́ɔi oŋ dźar,phonetic,top,,,,
12-310-830-1,pear1247,Pear,1265,dźar,phonetic,high,,,,
12-270-830-1,pear1247,Pear,602,blɔŋ,phonetic,"hide, conceal",,,,
12-250-830-1,pear1247,Pear,1046,saŋ,phonetic,"shut, close",,,,
12-260-830-1,pear1247,Pear,761,kup,phonetic,cover,,,,
12-240-830-1,pear1247,Pear,1156,pə́̆h,phonetic,open,,,,
12-232-830-1,pear1247,Pear,1119,kh`saŋ,phonetic,divide,,,,
12-230-830-1,pear1247,Pear,1359,kh`kah,phonetic,separate,,,,
12-220-830-1,pear1247,Pear,1743,kh`to,phonetic,"join, unite",,,,
12-213-830-1,pear1247,Pear,1576,muk ʔun,phonetic,pile up,,,,
12-212-830-1,pear1247,Pear,371,thɔ ʔun,phonetic,pick up,,,,
12-210-830-1,pear1247,Pear,7,k`dɔn rum,phonetic,"collect, gather",,,,
12-170-830-1,pear1247,Pear,838,khlɨ ʔun,phonetic,"remains, left overs",,,,
12-160-830-1,pear1247,Pear,987,gɔi laʔ giaŋ,phonetic,"remain, stay",,,,
12-150-830-1,pear1247,Pear,1442,dźaŋ,phonetic,stand,,,,
12-140-830-1,pear1247,Pear,215,g`ɔt,phonetic,lie down,,,,
12-130-830-1,pear1247,Pear,1416,ŋoi,phonetic,sit,,,,
12-120-830-1,pear1247,Pear,998,găm un,phonetic,put,,,,
12-110-830-1,pear1247,Pear,723,oŋ a`gɔi,phonetic,place,,,,
11-920-830-1,pear1247,Pear,1098,sɛʔ,phonetic,weigh,,,,
11-910-830-1,pear1247,Pear,884,k`saŋ i`hoŋ k`saŋ i dia,phonetic,share (distribute),,,,
11-890-830-1,pear1247,Pear,1887,po,phonetic,cheap,,,,
11-880-830-1,pear1247,Pear,1426,ŋɔ̆ih,phonetic,"dear (costly, expensive)",,,,
11-870-830-1,pear1247,Pear,657,ŋɔ̆ih gru,phonetic,price,,,,
11-860-830-1,pear1247,Pear,752,źaŋ gru,phonetic,"store, shop",,,,
11-850-830-1,pear1247,Pear,633,kat sai,phonetic,market (place),,,,
11-840-830-1,pear1247,Pear,1082,i lai,phonetic,merchant,,,,
11-830-830-1,pear1247,Pear,2135,k`dźə́ih k`źaŋ,phonetic,"trade, barter",,,,
11-820-830-1,pear1247,Pear,1571,źaŋ,phonetic,sell,,,,
11-810-830-1,pear1247,Pear,1869,dźə́ih,phonetic,buy,,,,
11-790-830-1,pear1247,Pear,733,hə́ʔ so,phonetic,earn,,,,
11-780-830-1,pear1247,Pear,1122,ruih rɨn,phonetic,wages,,,,
11-770-830-1,pear1247,Pear,856,dźaŋ dia,phonetic,hire,,,,
11-690-830-1,pear1247,Pear,873,pɔh rɨn,phonetic,"tax, tribute",,,,
11-660-830-1,pear1247,Pear,1081,gam t`rɛ,phonetic,"account, reckoning",,,,
11-650-830-1,pear1247,Pear,718,dɛh rɨn,phonetic,pay (vb),,,,
11-640-830-1,pear1247,Pear,1914,t`gam,phonetic,debt,,,,
11-630-830-1,pear1247,Pear,369,hăʔ,phonetic,owe,,,,
11-620-830-1,pear1247,Pear,1823,k`mah lip,phonetic,borrow,,,,
11-620-830-2,pear1247,Pear,1823,k`mah dia,phonetic,borrow,,,,
11-610-830-1,pear1247,Pear,582,k`mah lɛh,phonetic,lend,,,,
11-540-830-1,pear1247,Pear,1774,i si gip,phonetic,"avaricious, stingy",,,,
11-530-830-1,pear1247,Pear,1934,i ṃan,phonetic,beggar,,,,
11-520-830-1,pear1247,Pear,1674,phlan,phonetic,poor,,,,
11-510-830-1,pear1247,Pear,712,mɔh so,phonetic,rich,,,,
11-440-830-1,pear1247,Pear,1867,rɨn khrɛŋ,phonetic,coin,,,,
11-430-830-1,pear1247,Pear,1559,rɨn / so,phonetic,money,,,,
11-330-830-1,pear1247,Pear,1660,pɛt / a`mah,phonetic,lose,,,,
11-320-830-1,pear1247,Pear,719,ṛə́ źɨh,phonetic,find,,,,
11-310-830-1,pear1247,Pear,1468,ṛə́ʔ,phonetic,"seek, look for",,,,
11-280-830-1,pear1247,Pear,44,lu,phonetic,"harm, injure, damage",,,,
11-270-830-1,pear1247,Pear,681,lu k`lat,phonetic,destroy,,,,
11-250-830-1,pear1247,Pear,2008,s`nam,phonetic,"save, rescue",,,,
11-240-830-1,pear1247,Pear,1997,ŋɨʔ miɛn,phonetic,"preserve, look after",,,,
11-220-830-1,pear1247,Pear,85,v́iat dɛ̆h,phonetic,give back,,,,
11-210-830-1,pear1247,Pear,1447,dɛ̆h,phonetic,give,,,,
11-180-830-1,pear1247,Pear,738,gru grɨm,phonetic,thing,,,,
11-160-830-1,pear1247,Pear,694,bə́n,phonetic,"get, obtain",,,,
11-150-830-1,pear1247,Pear,1448,k`niam,phonetic,hold,,,,
11-140-830-1,pear1247,Pear,2021,bɛ bə́n,phonetic,"seize, grasp",,,,
11-130-830-1,pear1247,Pear,1749,tə́h,phonetic,take,,,,
11-110-830-1,pear1247,Pear,773,mə́h / mɔh,phonetic,have,,,,
10-920-830-1,pear1247,Pear,1922,lɛh tɔ rə́,phonetic,land (vb),,,,
10-852-830-1,pear1247,Pear,1849,v́ai te,phonetic,row (vb),,,,
10-851-830-1,pear1247,Pear,234,dam,phonetic,paddle (noun),,,,
10-830-830-1,pear1247,Pear,1844,rə́ tiap,phonetic,boat,,,,
10-810-830-1,pear1247,Pear,740,rə́ diaŋ,phonetic,ship,,,,
10-770-830-1,pear1247,Pear,1769,gɔŋ k`lɛŋ,phonetic,axle,,,,
10-760-830-1,pear1247,Pear,710,kleŋ mo tćo,phonetic,wheel,,,,
10-750-830-1,pear1247,Pear,122,leŋ,phonetic,"carriage, wagon, cart",,,,
10-740-830-1,pear1247,Pear,1011,k`pŭʔ,phonetic,bridge,,,,
10-720-830-1,pear1247,Pear,2252,kɔn r`deŋ,phonetic,path,,,,
10-710-830-1,pear1247,Pear,667,n`teŋ diaŋ,phonetic,road,,,,
10-670-830-1,pear1247,Pear,1452,k`duih,phonetic,"push, shove",,,,
10-660-830-1,pear1247,Pear,367,baʔ,phonetic,ride,,,,
10-650-830-1,pear1247,Pear,741,ʔɔ n`deŋ,phonetic,drive,,,,
10-650-830-2,pear1247,Pear,741,ṛa,phonetic,drive,,,,
10-630-830-1,pear1247,Pear,1127,k`tau hau,phonetic,send,,,,
10-620-830-1,pear1247,Pear,692,dɨi i rɔt,phonetic,bring,,,,
10-615-830-1,pear1247,Pear,415,kiap,phonetic,carry-underarm,,,,
10-614-830-1,pear1247,Pear,414,guɔr,phonetic,carry-on-head,,,,
10-613-830-1,pear1247,Pear,413,kɔt,phonetic,carry-on-shoulder,,,,
10-612-830-1,pear1247,Pear,412,źə́h,phonetic,carry-in-hand,,,,
10-610-830-1,pear1247,Pear,700,koŋ kh`tə́h,phonetic,carry (bear),,,,
10-570-830-1,pear1247,Pear,749,lip dɨi,phonetic,enter,,,,
10-560-830-1,pear1247,Pear,1778,k`dat dɨ̣i,phonetic,approach,,,,
10-550-830-1,pear1247,Pear,1387,hau rɔt,phonetic,"reach, arrive",,,,
10-530-830-1,pear1247,Pear,1047,khrauh rɨp,phonetic,pursue,,,,
10-520-830-1,pear1247,Pear,1085,tćɔ mi si,phonetic,follow,,,,
10-510-830-1,pear1247,Pear,956,dau,phonetic,flee,,,,
10-491-830-1,pear1247,Pear,485,a`mah,phonetic,disappear,,,,
10-490-830-1,pear1247,Pear,1752,hau k`kah,phonetic,"go away, depart",,,,
10-481-830-1,pear1247,Pear,581,rɔt dɨi,phonetic,come back,,,,
10-481-830-2,pear1247,Pear,581,k`tuiʔ rɔt,phonetic,come back,,,,
10-480-830-1,pear1247,Pear,1446,rɔt,phonetic,come,,,,
10-474-830-1,pear1247,Pear,1107,lɛh,phonetic,go out,,,,
10-473-830-1,pear1247,Pear,2014,lɛh,phonetic,go down,,,,
10-472-830-1,pear1247,Pear,1102,mə́r,phonetic,climb,,,,
10-470-830-1,pear1247,Pear,695,hau,phonetic,go,,,,
10-471-830-1,pear1247,Pear,705,hɔʔ,phonetic,go up,,,,
10-460-830-1,pear1247,Pear,1519,bɨt,phonetic,run,,,,
10-451-830-1,pear1247,Pear,366,ten lah,phonetic,limp,,,,
10-450-830-1,pear1247,Pear,1443,hau ten,phonetic,walk,,,,
10-440-830-1,pear1247,Pear,1879,kɛ,phonetic,dance,,,,
10-431-830-1,pear1247,Pear,1135,tćhuh,phonetic,kick,,,,
10-430-830-1,pear1247,Pear,1829,kh`tćɛʔ / k`lə́ŋ,phonetic,"jump, leap",,,,
10-413-830-1,pear1247,Pear,296,s`dźum,phonetic,crouch,,,,
10-412-830-1,pear1247,Pear,66,k`duiʔ,phonetic,kneel,,,,
10-410-830-1,pear1247,Pear,96,mə́r,phonetic,"creep, crawl",,,,
10-380-830-1,pear1247,Pear,175,put,phonetic,blow,,,,
10-370-830-1,pear1247,Pear,1441,phru,phonetic,fly (vb),,,,
10-352-830-1,pear1247,Pear,365,khoŋ vm / hɛʔ vm,phonetic,splash,,,,
10-351-830-1,pear1247,Pear,119,lĭp khroŋ vm,phonetic,dive,,,,
10-350-830-1,pear1247,Pear,1439,lam ŋɛ,phonetic,swim,,,,
10-340-830-1,pear1247,Pear,1574,lɔŋ dźɔm vm,phonetic,float,,,,
10-330-830-1,pear1247,Pear,1088,dźɛt,phonetic,sink,,,,
10-320-830-1,pear1247,Pear,2003,ḷai,phonetic,flow,,,,
10-260-830-1,pear1247,Pear,1909,źuh rar,phonetic,shake,,,,
10-252-830-1,pear1247,Pear,702,bɛ bə́n,phonetic,catch (ball),,,,
10-250-830-1,pear1247,Pear,1456,pɔk / lɔm,phonetic,throw,,,,
10-240-830-1,pear1247,Pear,2253,vm dźɔh,phonetic,drip,,,,
10-230-830-1,pear1247,Pear,1280,dźɔh leh,phonetic,fall,,,,
10-220-830-1,pear1247,Pear,501,źə́h dźiar,phonetic,"raise, lift",,,,
10-210-830-1,pear1247,Pear,568,źə́h ŋɔʔ,phonetic,rise,,,,
10-170-830-1,pear1247,Pear,430,k`pham,phonetic,twist,,,,
10-170-830-2,pear1247,Pear,430,k`pham kɔk,phonetic,twist,,,,
10-160-830-1,pear1247,Pear,808,dźɔh,phonetic,drop (vb),,,,
10-150-830-1,pear1247,Pear,827,s`lɔi,phonetic,roll,,,,
10-140-830-1,pear1247,Pear,1113,ṛ`tiap,phonetic,"wind, wrap",,,,
10-130-830-1,pear1247,Pear,1445,pham kiŋ,phonetic,turn around,,,,
10-120-830-1,pear1247,Pear,1588,pham k`plɛʔ,phonetic,turn over,,,,
10-110-830-1,pear1247,Pear,765,rar,phonetic,move,,,,
9-890-830-1,pear1247,Pear,2001,krai ran,phonetic,paint (vb),,,,
9-840-830-1,pear1247,Pear,1979,k`lɔp,phonetic,chisel,,,,
9-880-830-1,pear1247,Pear,647,ṛan,phonetic,paint (noun),,,,
9-830-830-1,pear1247,Pear,1002,khɔk a raŋ,phonetic,statue,,,,
9-820-830-1,pear1247,Pear,914,s`rɛ khɔk,phonetic,sculptor,,,,
9-810-830-1,pear1247,Pear,228,khɔk,phonetic,carve,,,,
9-791-830-1,pear1247,Pear,360,źap khur,phonetic,fan (vb),,,,
9-790-830-1,pear1247,Pear,1971,a`źap,phonetic,fan (noun),,,,
9-770-830-1,pear1247,Pear,195,sat plɔŋ,phonetic,mat,,,,
9-760-830-1,pear1247,Pear,1539,buŋ /khraŋ,phonetic,basket,,,,
9-750-830-1,pear1247,Pear,1729,tan,phonetic,"weave, plait",,,,
9-740-830-1,pear1247,Pear,604,tćam lə́ lɔŋ,phonetic,glass,,,,
9-730-830-1,pear1247,Pear,1399,ṇɔŋ,phonetic,clay,,,,
9-720-830-1,pear1247,Pear,289,rə́ŋ thaŋ,phonetic,mold (clay etc),,,,
9-690-830-1,pear1247,Pear,358,si,phonetic,"tin, tinplate",,,,
9-680-830-1,pear1247,Pear,627,dźɛ̆t,phonetic,lead (noun),,,,
9-670-830-1,pear1247,Pear,621,hir,phonetic,iron,,,,
9-660-830-1,pear1247,Pear,1825,dɔŋ,phonetic,"copper, bronze",,,,
9-650-830-1,pear1247,Pear,759,rɨn,phonetic,silver,,,,
9-640-830-1,pear1247,Pear,1369,khrir,phonetic,gold,,,,
9-630-830-1,pear1247,Pear,211,ḷo,phonetic,cast (metals),,,,
9-610-830-1,pear1247,Pear,288,tɔŋ hir,phonetic,forge,,,,
9-560-830-1,pear1247,Pear,1069,vm bit,phonetic,glue,,,,
9-500-830-1,pear1247,Pear,502,mein nai mai na,phonetic,nail,,,,
9-490-830-1,pear1247,Pear,1481,tiam,phonetic,hammer,,,,
9-480-830-1,pear1247,Pear,1948,bɔt,phonetic,saw,,,,
9-461-830-1,pear1247,Pear,46,lɔʔ lɛh,phonetic,hollow out,,,,
9-460-830-1,pear1247,Pear,1501,plɔ̆h,phonetic,bore,,,,
9-440-830-1,pear1247,Pear,1840,roŋ kiaŋ,phonetic,build,,,,
9-422-830-1,pear1247,Pear,1361,krur tie,phonetic,tool,,,,
9-380-830-1,pear1247,Pear,245,a`pih,phonetic,broom,,,,
9-360-830-1,pear1247,Pear,1453,pa:i / lɔ̆ih / hum,phonetic,wash,,,,
9-370-830-1,pear1247,Pear,230,pih,phonetic,sweep,,,,
9-350-830-1,pear1247,Pear,1487,thɔʔ,phonetic,pour,,,,
9-343-830-1,pear1247,Pear,1414,gĭp,phonetic,"squeeze, wring",,,,
9-342-830-1,pear1247,Pear,1913,tɛk,phonetic,press,,,,
9-341-830-1,pear1247,Pear,357,făʔ,phonetic,hang up,,,,
9-340-830-1,pear1247,Pear,38,pə́h v́ah,phonetic,spread out,,,,
9-330-830-1,pear1247,Pear,1455,tɨt,phonetic,pull,,,,
9-310-830-1,pear1247,Pear,1449,nɔ̆t,phonetic,"rub, wipe",,,,
9-290-830-1,pear1247,Pear,291,bə́ʔ,phonetic,"flay, skin",,,,
9-280-830-1,pear1247,Pear,1735,bieʔ khə́ kah,phonetic,tear,,,,
9-270-830-1,pear1247,Pear,1437,phɛ khə́ kah,phonetic,split,,,,
9-261-830-1,pear1247,Pear,588,tɛh,phonetic,broken,,,,
9-260-830-1,pear1247,Pear,680,k`pɔ̆t,phonetic,break,,,,
9-250-830-1,pear1247,Pear,677,s`mui,phonetic,ax,,,,
9-240-830-1,pear1247,Pear,356,a`gap,phonetic,"scissors, shears",,,,
9-230-830-1,pear1247,Pear,1352,bvt,phonetic,knife,,,,
9-223-830-1,pear1247,Pear,1434,pluh,phonetic,stab,,,,
9-222-830-1,pear1247,Pear,155,kɛ̆t / tɛ̆p,phonetic,"chop, hew",,,,
9-221-830-1,pear1247,Pear,355,koŋ,phonetic,cut down,,,,
9-220-830-1,pear1247,Pear,1432,bɔt,phonetic,cut,,,,
9-211-830-1,pear1247,Pear,354,păm,phonetic,pound with fist,,,,
9-210-830-1,pear1247,Pear,2133,mɛh / khoŋ /goŋ,phonetic,"strike (hit, beat)",,,,
9-192-830-1,pear1247,Pear,760,s`hĭt,phonetic,knot (noun),,,,
9-190-830-1,pear1247,Pear,1218,v́ar,phonetic,"rope, cord",,,,
9-180-830-1,pear1247,Pear,1627,v́ar hiu k`fɔʔ,phonetic,chain,,,,
9-161-830-1,pear1247,Pear,352,kah,phonetic,untie,,,,
9-160-830-1,pear1247,Pear,1917,tuʔ,phonetic,"tie, bind",,,,
9-140-830-1,pear1247,Pear,2004,kɔʔ,phonetic,bend,,,,
9-120-830-1,pear1247,Pear,984,rɛŋ kh`plə́ŋ,phonetic,work,,,,
9-110-830-1,pear1247,Pear,2575,rɛŋ,phonetic,"do, make",,,,
8-980-830-1,pear1247,Pear,641,tih săm,phonetic,mushroom,,,,
8-970-830-1,pear1247,Pear,33,huiʔ,phonetic,nettle,,,,
8-941-830-1,pear1247,Pear,146,a`mai,phonetic,sugar cane,,,,
8-940-830-1,pear1247,Pear,1927,ṛɔŋ,phonetic,bamboo,,,,
8-931-830-1,pear1247,Pear,864,klvn,phonetic,"pumpkin, squash",,,,
8-930-830-1,pear1247,Pear,411,ŭm pau,phonetic,gourd,,,,
8-910-830-1,pear1247,Pear,159,saŋ  pho,phonetic,sweet potato,,,,
8-850-830-1,pear1247,Pear,346,he ćiu,phonetic,banyan,,,,
8-840-830-1,pear1247,Pear,868,taŋ k`to uh ŋur,phonetic,banana tree,,,,
8-810-830-1,pear1247,Pear,1181,tɔŋ tćɔŋ mɔŋ,phonetic,palm tree,,,,
8-760-830-1,pear1247,Pear,345,ḷa he,phonetic,sap,,,,
8-750-830-1,pear1247,Pear,1204,gɔʔ he,phonetic,bark,,,,
8-740-830-1,pear1247,Pear,409,he kɛʔ,phonetic,forked branch,,,,
8-730-830-1,pear1247,Pear,344,gɔŋ he,phonetic,tree trunk,,,,
8-720-830-1,pear1247,Pear,241,taŋ ŋɔi,phonetic,tree stump,,,,
8-691-830-1,pear1247,Pear,1124,klau bɔt,phonetic,pipe,,,,
8-690-830-1,pear1247,Pear,1689,ńiɔ̆t s`lĭk,phonetic,smoke (tobacco),,,,
8-690-830-2,pear1247,Pear,1689,lik uh ŋ̊ur,phonetic,smoke (tobacco),,,,
8-680-830-1,pear1247,Pear,974,bɔ̆t,phonetic,tobacco,,,,
8-670-830-1,pear1247,Pear,343,var,phonetic,vine,,,,
8-650-830-1,pear1247,Pear,1915,thuŋ / kɔŋ he k`tɔt,phonetic,fir,,,,
8-640-830-1,pear1247,Pear,1740,he n`ge,phonetic,pine,,,,
8-600-830-1,pear1247,Pear,906,he,phonetic,tree,,,,
8-570-830-1,pear1247,Pear,239,poh,phonetic,flower,,,,
8-560-830-1,pear1247,Pear,628,ḷa,phonetic,leaf,,,,
8-550-830-1,pear1247,Pear,1531,kaʔ he,phonetic,branch,,,,
8-540-830-1,pear1247,Pear,670,riaih,phonetic,root,,,,
8-531-830-1,pear1247,Pear,1486,săm,phonetic,plant (vb),,,,
8-520-830-1,pear1247,Pear,342,ṛiaŋ khɔih,phonetic,hay,,,,
8-510-830-1,pear1247,Pear,606,brai,phonetic,grass,,,,
8-480-830-1,pear1247,Pear,926,pɔm,phonetic,rice,,,,
8-470-830-1,pear1247,Pear,506,pɔm khe,phonetic,"maize, corn",,,,
8-460-830-1,pear1247,Pear,60,tćhiau,phonetic,oats,,,,
8-450-830-1,pear1247,Pear,23,khɔ thaŋ vaŋ,phonetic,rye,,,,
8-430-830-1,pear1247,Pear,1077,khɔ thaŋ,phonetic,wheat,,,,
8-440-830-1,pear1247,Pear,932,khɔ thaŋ dɛŋ,phonetic,barley,,,,
8-420-830-1,pear1247,Pear,605,ŋ̊o r`kɛu,phonetic,"grain (barley, oats etc)",,,,
8-410-830-1,pear1247,Pear,611,k`tɔn pə́n,phonetic,"crop, harvest",,,,
8-350-830-1,pear1247,Pear,223,t`raŋ,phonetic,threshing-floor,,,,
8-340-830-1,pear1247,Pear,285,mɛh ŋ̊o,phonetic,thresh,,,,
8-330-830-1,pear1247,Pear,2132,r`dźan,phonetic,"sickle, scythe",,,,
8-320-830-1,pear1247,Pear,190,vɔ̆ʔ,phonetic,"mow, reap",,,,
8-311-830-1,pear1247,Pear,714,s`mar,phonetic,seed,,,,
8-310-830-1,pear1247,Pear,748,pak s`mar,phonetic,sow,,,,
8-270-830-1,pear1247,Pear,338,a`fə́,phonetic,rake,,,,
8-250-830-1,pear1247,Pear,284,s`praŋ,phonetic,hoe,,,,
8-240-830-1,pear1247,Pear,1901,tćhat,phonetic,shovel,,,,
8-230-830-1,pear1247,Pear,1176,kok / tćhat,phonetic,spade,,,,
8-212-830-1,pear1247,Pear,1794,thai khrɔʔ,phonetic,furrow,,,,
8-220-830-1,pear1247,Pear,1418,lɔ,phonetic,dig,,,,
8-210-830-1,pear1247,Pear,1921,a`thai,phonetic,plow,,,,
8-170-830-1,pear1247,Pear,2002,vm rɔŋ,phonetic,ditch,,,,
8-160-830-1,pear1247,Pear,1690,rɔŋ,phonetic,fence,,,,
8-150-830-1,pear1247,Pear,1541,reŋ,phonetic,"cultivate, till",,,,
8-130-830-1,pear1247,Pear,586,ka bum tau,phonetic,garden,,,,
8-120-830-1,pear1247,Pear,212,kuŋ,phonetic,field (for cultivation),,,,
8-110-830-1,pear1247,Pear,979,i giaŋ,phonetic,farmer,,,,
7-630-830-1,pear1247,Pear,224,khat nɔŋ,phonetic,mortar,,,,
7-620-830-1,pear1247,Pear,1006,luk tćɔn,phonetic,brick,,,,
7-580-830-1,pear1247,Pear,876,ploh kuaŋ,phonetic,arch,,,,
7-610-830-1,pear1247,Pear,877,s`rɛ tɔh mau,phonetic,mason,,,,
7-570-830-1,pear1247,Pear,1227,k`thap,phonetic,board,,,,
7-560-830-1,pear1247,Pear,281,tćɔŋ,phonetic,"post, pole",,,,
7-550-830-1,pear1247,Pear,1132,pe,phonetic,beam,,,,
7-540-830-1,pear1247,Pear,829,h`o,phonetic,rafter,,,,
7-530-830-1,pear1247,Pear,280,pe fɛ,phonetic,ridgepole,,,,
7-510-830-1,pear1247,Pear,769,prɔŋ giaŋ,phonetic,roof,,,,
7-480-830-1,pear1247,Pear,205,lɔʔ,phonetic,trough,,,,
7-470-830-1,pear1247,Pear,745,ka thap he,phonetic,shelf,,,,
7-460-830-1,pear1247,Pear,1273,s`mi,phonetic,candle,,,,
7-450-830-1,pear1247,Pear,2131,ŋar kɔk,phonetic,"lamp, torch",,,,
7-440-830-1,pear1247,Pear,1775,phə́n,phonetic,table,,,,
7-430-830-1,pear1247,Pear,1476,a`ŋoi ne,phonetic,chair,,,,
7-422-830-1,pear1247,Pear,806,hŭp,phonetic,blanket,,,,
7-421-830-1,pear1247,Pear,1044,ṃɔn,phonetic,pillow,,,,
7-420-830-1,pear1247,Pear,1663,ku,phonetic,bed,,,,
7-370-830-1,pear1247,Pear,1464,n`dɔŋ,phonetic,ladder,,,,
7-330-830-1,pear1247,Pear,1305,pɔʔ ŋar / pɔʔ k`tɔ̆ʔ ŋar,phonetic,chimney,,,,
7-320-830-1,pear1247,Pear,859,k`faŋ,phonetic,stove,,,,
7-270-830-1,pear1247,Pear,933,n`rɔŋ,phonetic,wall,,,,
7-260-830-1,pear1247,Pear,1632,k`tăm giaŋ,phonetic,floor,,,,
7-250-830-1,pear1247,Pear,1375,kɔn baŋ boh,phonetic,window,,,,
7-240-830-1,pear1247,Pear,1472,naʔ khat so,phonetic,key,,,,
7-231-830-1,pear1247,Pear,1012,khat a`saŋ,phonetic,"latch, door-bolt",,,,
7-230-830-1,pear1247,Pear,1596,khat so,phonetic,lock (noun),,,,
7-221-830-1,pear1247,Pear,80,dźə́ŋ giaŋ,phonetic,"doorpost, jamb",,,,
7-210-830-1,pear1247,Pear,1450,hɔŋ giaŋ,phonetic,room,,,,
7-220-830-1,pear1247,Pear,1567,p`lɔh,phonetic,"door, gate",,,,
7-150-830-1,pear1247,Pear,736,klɛ̆ʔ,phonetic,"yard, court",,,,
7-130-830-1,pear1247,Pear,1678,a`san,phonetic,hut,,,,
7-120-830-1,pear1247,Pear,1252,giaŋ,phonetic,house,,,,
7-110-830-1,pear1247,Pear,363,gɔi,phonetic,"dwell, live",,,,
6-960-830-1,pear1247,Pear,1171,tćam,phonetic,mirror,,,,
6-950-830-1,pear1247,Pear,788,s`pie,phonetic,soap,,,,
6-930-830-1,pear1247,Pear,151,a`toŋ kăt,phonetic,razor,,,,
6-921-830-1,pear1247,Pear,333,tɔŋ hui,phonetic,braid,,,,
6-920-830-1,pear1247,Pear,1821,a`phɛh,phonetic,brush,,,,
6-910-830-1,pear1247,Pear,1475,a`dźaih,phonetic,comb,,,,
6-820-830-1,pear1247,Pear,1021,p`tćĕt lai ŋai,phonetic,towel,,,,
6-810-830-1,pear1247,Pear,332,p`tćĕt,phonetic,"handkerchief, rag",,,,
6-790-830-1,pear1247,Pear,68,sam mɨ̆ʔ,phonetic,tattoo,,,,
6-780-830-1,pear1247,Pear,330,toʔ huʔ kiŋ,phonetic,"headband, headdress",,,,
6-770-830-1,pear1247,Pear,770,toŋ tɛŋ / k`fa pɔʔ,phonetic,earring,,,,
6-760-830-1,pear1247,Pear,1860,maŋ,phonetic,bead,,,,
6-740-830-1,pear1247,Pear,1754,tćiaŋ tai,phonetic,bracelet,,,,
6-730-830-1,pear1247,Pear,1374,lə́k tćɔp,phonetic,ring (for finger),,,,
6-720-830-1,pear1247,Pear,1029,mau seiŋ,phonetic,jewel,,,,
6-710-830-1,pear1247,Pear,917,pleʔ pu pleʔ poh,phonetic,"ornament, adornment",,,,
6-630-830-1,pear1247,Pear,64,pleʔ fɔʔ,phonetic,pin,,,,
6-620-830-1,pear1247,Pear,757,tum,phonetic,button,,,,
6-610-830-1,pear1247,Pear,1851,thvŋ s`tɔ,phonetic,pocket,,,,
6-590-830-1,pear1247,Pear,1151,k`tɔŋ / p`tćɛt mɔ̆ʔ,phonetic,veil,,,,
6-580-830-1,pear1247,Pear,867,tćŭp tai,phonetic,glove,,,,
6-570-830-1,pear1247,Pear,772,s`prɔ̆t,phonetic,"belt, girdle",,,,
6-550-830-1,pear1247,Pear,2130,ṃɔʔ,phonetic,"hat, cap",,,,
6-540-830-1,pear1247,Pear,875,s`rɛ dz ́iŋ tćiep tin,phonetic,"shoemaker, cobbler",,,,
6-510-830-1,pear1247,Pear,1381,tćiep tin,phonetic,shoe,,,,
6-520-830-1,pear1247,Pear,585,tćiep tin fa tur,phonetic,boot,,,,
6-490-830-1,pear1247,Pear,329,v́ɛ,phonetic,"stocking, sock",,,,
6-480-830-1,pear1247,Pear,809,s`lɛ / k`lɛ,phonetic,trousers,,,,
6-461-830-1,pear1247,Pear,328,klaŋ brai,phonetic,grass-skirt,,,,
6-460-830-1,pear1247,Pear,1600,klaŋ,phonetic,skirt,,,,
6-450-830-1,pear1247,Pear,2012,mɔŋ liaʔ,phonetic,collar,,,,
6-440-830-1,pear1247,Pear,1622,tɔk nar,phonetic,shirt,,,,
6-430-830-1,pear1247,Pear,603,k`tɔ nɔ̆ʔ,phonetic,coat,,,,
6-411-830-1,pear1247,Pear,327,s`tɔk nɔʔ,phonetic,poncho,,,,
6-390-830-1,pear1247,Pear,157,nam źe,phonetic,dye,,,,
6-410-830-1,pear1247,Pear,326,s`tɔk phai,phonetic,cloak,,,,
6-380-830-1,pear1247,Pear,1161,sə́ŋ,phonetic,thread,,,,
6-360-830-1,pear1247,Pear,1382,p`lɛ̆ʔ,phonetic,needle,,,,
6-370-830-1,pear1247,Pear,278,r`bɔt,phonetic,awl,,,,
6-350-830-1,pear1247,Pear,1457,tćak dźiŋ,phonetic,sew,,,,
6-340-830-1,pear1247,Pear,1787,r`dźai,phonetic,loom,,,,
6-330-830-1,pear1247,Pear,133,tăʔ,phonetic,weave,,,,
6-320-830-1,pear1247,Pear,277,koŋ lɔt sɨŋ,phonetic,spindle,,,,
6-310-830-1,pear1247,Pear,121,lɔt sɨŋ,phonetic,spin,,,,
6-290-830-1,pear1247,Pear,629,tćiap tin hur,phonetic,leather,,,,
6-280-830-1,pear1247,Pear,580,k`tɔ nun,phonetic,fur,,,,
6-270-830-1,pear1247,Pear,325,pre,phonetic,felt,,,,
6-250-830-1,pear1247,Pear,1641,k`tɛn,phonetic,silk,,,,
6-240-830-1,pear1247,Pear,1850,poh sə́ŋ,phonetic,cotton,,,,
6-230-830-1,pear1247,Pear,916,k`tam,phonetic,"linen, flax",,,,
6-210-830-1,pear1247,Pear,1616,ban,phonetic,cloth,,,,
6-130-830-1,pear1247,Pear,881,tv i dźiŋ kru,phonetic,tailor,,,,
6-120-830-1,pear1247,Pear,1895,s`tɔ/ k`lɔp,phonetic,"clothing, clothes",,,,
6-110-830-1,pear1247,Pear,158,tćhŭp,phonetic,put on (clothes),,,,
5-971-830-1,pear1247,Pear,1556,lɔn krau,phonetic,egg yolk,,,,
5-970-830-1,pear1247,Pear,744,krau,phonetic,egg,,,,
5-940-830-1,pear1247,Pear,404,bah ple bɔʔ,phonetic,fermented drink,,,,
5-930-830-1,pear1247,Pear,1639,bah ple bɔʔ,phonetic,beer,,,,
5-920-830-1,pear1247,Pear,1524,bah ple bɔʔ,phonetic,wine,,,,
5-910-830-1,pear1247,Pear,941,bah  ple bɔʔ,phonetic,mead,,,,
5-890-830-1,pear1247,Pear,1245,priaŋ teŋ,phonetic,butter,,,,
5-870-830-1,pear1247,Pear,93,ńiet vm bu mɔʔ,phonetic,milk (vb),,,,
5-850-830-1,pear1247,Pear,862,ŋam,phonetic,sugar,,,,
5-860-830-1,pear1247,Pear,635,vm bu,phonetic,milk (noun),,,,
5-840-830-1,pear1247,Pear,942,ŋiam phiar,phonetic,honey,,,,
5-821-830-1,pear1247,Pear,919,n`kat,phonetic,chili pepper,,,,
5-820-830-1,pear1247,Pear,1385,m`brŭt,phonetic,pepper,,,,
5-810-830-1,pear1247,Pear,1274,sɔʔ,phonetic,salt,,,,
5-791-830-1,pear1247,Pear,323,priaŋ,phonetic,"grease, fat",,,,
5-790-830-1,pear1247,Pear,1484,nam man hap,phonetic,oil,,,,
5-780-830-1,pear1247,Pear,1154,ple kh`mai / s`mai,phonetic,olive,,,,
5-760-830-1,pear1247,Pear,920,ple bɔ̆ʔ,phonetic,grape,,,,
5-770-830-1,pear1247,Pear,191,ple kɔm,phonetic,nut,,,,
5-750-830-1,pear1247,Pear,322,ple ɨ mə́h bɔ̆ʔ,phonetic,fig,,,,
5-712-830-1,pear1247,Pear,1966,hɔ:r,phonetic,bunch,,,,
5-710-830-1,pear1247,Pear,1507,ple klɔi,phonetic,fruit,,,,
5-700-830-1,pear1247,Pear,593,saŋ pho,phonetic,potato,,,,
5-660-830-1,pear1247,Pear,832,i pai,phonetic,bean,,,,
5-650-830-1,pear1247,Pear,924,tău ŋiar,phonetic,vegetables,,,,
5-640-830-1,pear1247,Pear,1547,vm źɔŋ,phonetic,"soup, broth",,,,
5-630-830-1,pear1247,Pear,1874,rɔn uh mur,phonetic,sausage,,,,
5-610-830-1,pear1247,Pear,634,źɔŋ,phonetic,meat,,,,
5-590-830-1,pear1247,Pear,225,mɔŋ,phonetic,pestle,,,,
5-580-830-1,pear1247,Pear,224,k`lɔk tŭh,phonetic,mortar (2),,,,
5-570-830-1,pear1247,Pear,636,a`lui,phonetic,mill,,,,
5-560-830-1,pear1247,Pear,1033,lui ŋɔ,phonetic,"crush, grind",,,,
5-550-830-1,pear1247,Pear,1594,mian,phonetic,"meal, flour",,,,
5-540-830-1,pear1247,Pear,274,ŋɔ̆t,phonetic,knead,,,,
5-530-830-1,pear1247,Pear,273,khau thaŋ k`lɔŋ,phonetic,dough,,,,
5-510-830-1,pear1247,Pear,1368,khau thaŋ k`lɔŋ,phonetic,bread,,,,
5-490-830-1,pear1247,Pear,2017,v́ĭh,phonetic,"stir, mix",,,,
5-480-830-1,pear1247,Pear,1767,kat,phonetic,scrape,,,,
5-470-830-1,pear1247,Pear,86,khrɨŋ,phonetic,"sieve, strain",,,,
5-460-830-1,pear1247,Pear,275,plɛʔ / kɔih,phonetic,peel,,,,
5-450-830-1,pear1247,Pear,1833,pɔm sɨm,phonetic,supper,,,,
5-440-830-1,pear1247,Pear,1833,ṃ bra pɔm,phonetic,dinner,,,,
5-430-830-1,pear1247,Pear,768,ṗɔm san,phonetic,lunch,,,,
5-420-830-1,pear1247,Pear,1322,pɔm ṇ́iar,phonetic,breakfast,,,,
5-410-830-1,pear1247,Pear,1526,pɔm,phonetic,meal (a),,,,
5-391-830-1,pear1247,Pear,272,kiap / a`kip,phonetic,tongs,,,,
5-390-830-1,pear1247,Pear,1302,lăʔ kɛ̆ʔ,phonetic,fork (2),,,,
5-380-830-1,pear1247,Pear,1352,bvt,phonetic,knife (2),,,,
5-370-830-1,pear1247,Pear,1378,laʔ dźɔn,phonetic,spoon,,,,
5-360-830-1,pear1247,Pear,271,kɔn phan,phonetic,saucer,,,,
5-350-830-1,pear1247,Pear,476,s`lɔk,phonetic,"cup, drinking vessel",,,,
5-330-830-1,pear1247,Pear,1530,s`lɔʔ / k`lɔʔ,phonetic,bowl,,,,
5-340-830-1,pear1247,Pear,270,vm khrai,phonetic,"pitcher, jug",,,,
5-320-830-1,pear1247,Pear,480,pha:n,phonetic,plate,,,,
5-310-830-1,pear1247,Pear,481,kru: hɔ:m,phonetic,dish,,,,
5-280-830-1,pear1247,Pear,31,klau khu / k`lɔʔ,phonetic,pan,,,,
5-260-830-1,pear1247,Pear,1462,klau,phonetic,"pot, cooking vessel",,,,
5-270-830-1,pear1247,Pear,854,pɔʔ,phonetic,kettle,,,,
5-240-830-1,pear1247,Pear,183,źur / dap,phonetic,bake,,,,
5-250-830-1,pear1247,Pear,1143,k`faŋ,phonetic,oven,,,,
5-230-830-1,pear1247,Pear,2146,khvn daʔ,phonetic,"roast, fry",,,,
5-220-830-1,pear1247,Pear,792,vm tɔŋ,phonetic,boil (vb),,,,
5-210-830-1,pear1247,Pear,1100,tɔŋ,phonetic,cook,,,,
5-190-830-1,pear1247,Pear,129,nɔʔ,phonetic,choke,,,,
5-181-830-1,pear1247,Pear,897,mɔŋ,phonetic,swallow,,,,
5-180-830-1,pear1247,Pear,321,bam,phonetic,chew,,,,
5-160-830-1,pear1247,Pear,1421,ńiɔt,phonetic,suck,,,,
5-150-830-1,pear1247,Pear,848,k`bran vm,phonetic,thirst,,,,
5-140-830-1,pear1247,Pear,1864,k`bran,phonetic,hunger,,,,
5-130-830-1,pear1247,Pear,1401,tiaŋ / ṛŏp,phonetic,drink,,,,
5-125-830-1,pear1247,Pear,1728,ăm,phonetic,rotten,,,,
5-123-830-1,pear1247,Pear,178,teŋ,phonetic,ripe,,,,
5-122-830-1,pear1247,Pear,1959,ĭm,phonetic,raw,,,,
5-121-830-1,pear1247,Pear,269,sĭn,phonetic,cooked,,,,
5-110-830-1,pear1247,Pear,1336,hɔm / hap,phonetic,eat,,,,
4-990-830-1,pear1247,Pear,590,thoŋ kloŋ,phonetic,"naked, bare",,,,
4-970-830-1,pear1247,Pear,1653,ʔap,phonetic,blind,,,,
4-980-830-1,pear1247,Pear,1463,źə́iʔ,phonetic,intoxicated,,,,
4-960-830-1,pear1247,Pear,1666,ʔə́ nap tɛh krɔh,phonetic,mute,,,,
4-950-830-1,pear1247,Pear,996,ḷut,phonetic,deaf,,,,
4-930-830-1,pear1247,Pear,1125,kiŋ kliet,phonetic,bald,,,,
4-940-830-1,pear1247,Pear,320,dźə́ŋ tćhə́t,phonetic,lame,,,,
4-920-830-1,pear1247,Pear,1564,gran,phonetic,lazy,,,,
4-912-830-1,pear1247,Pear,168,a`ḷau,phonetic,rest,,,,
4-910-830-1,pear1247,Pear,1757,ah,phonetic,"tired, weary",,,,
4-890-830-1,pear1247,Pear,655,ŋun kɔŋ,phonetic,poison,,,,
4-880-830-1,pear1247,Pear,1372,s`nam,phonetic,"medicine, drug",,,,
4-870-830-1,pear1247,Pear,597,s`rɛ,phonetic,physician,,,,
4-860-830-1,pear1247,Pear,499,s`nam khan,phonetic,"cure, heal",,,,
4-858-830-1,pear1247,Pear,497,plɛ,phonetic,scar,,,,
4-857-830-1,pear1247,Pear,1808,k`dum,phonetic,pus,,,,
4-856-830-1,pear1247,Pear,793,am,phonetic,boil (noun),,,,
4-855-830-1,pear1247,Pear,1584,luh,phonetic,blister,,,,
4-854-830-1,pear1247,Pear,148,pup,phonetic,itch,,,,
4-854-830-2,pear1247,Pear,148,k`tvr,phonetic,itch,,,,
4-853-830-1,pear1247,Pear,1903,ɔih,phonetic,swelling,,,,
4-852-830-1,pear1247,Pear,1148,ńieh,phonetic,bruise,,,,
4-843-830-1,pear1247,Pear,102,kăt,phonetic,cold (catarrh),,,,
4-842-830-1,pear1247,Pear,1957,a`maŋ ʔpup,phonetic,goiter,,,,
4-841-830-1,pear1247,Pear,1534,tat / mai,phonetic,fever,,,,
4-840-830-1,pear1247,Pear,1847,sau,phonetic,"sick, sickness",,,,
4-830-830-1,pear1247,Pear,1364,khiam sɛ,phonetic,"well, health",,,,
4-820-830-1,pear1247,Pear,1601,dźăm,phonetic,weak,,,,
4-810-830-1,pear1247,Pear,785,mə́h rɛŋ,phonetic,"strong, mighty, powerful",,,,
4-790-830-1,pear1247,Pear,1773,vr,phonetic,"grave, tomb",,,,
4-780-830-1,pear1247,Pear,1719,k`pŭŋ,phonetic,bury (the dead),,,,
4-770-830-1,pear1247,Pear,767,raŋ i źam,phonetic,corpse,,,,
4-760-830-1,pear1247,Pear,1417,ŋah,phonetic,kill,,,,
4-751-830-1,pear1247,Pear,1904,vm nɔʔ źam,phonetic,drowned,,,,
4-750-830-1,pear1247,Pear,1494,źăm,phonetic,"die, dead",,,,
4-740-830-1,pear1247,Pear,1422,im,phonetic,"live, living, life",,,,
4-732-830-1,pear1247,Pear,1087,rɔm,phonetic,conceive,,,,
4-730-830-1,pear1247,Pear,1123,rɔm,phonetic,pregnant,,,,
4-720-830-1,pear1247,Pear,1090,kə́t,phonetic,born (to be),,,,
4-710-830-1,pear1247,Pear,1152,ćiaŋ,phonetic,beget (of father),,,,
4-690-830-1,pear1247,Pear,138,hum vm,phonetic,bathe,,,,
4-680-830-1,pear1247,Pear,52,źuh źuh,phonetic,shiver,,,,
4-670-830-1,pear1247,Pear,1785,k`ɛk k`ɛʔ,phonetic,have sexual intercourse,,,,
4-660-830-1,pear1247,Pear,676,ʔiaŋ,phonetic,defecate,,,,
4-650-830-1,pear1247,Pear,592,vm tćhi / ṇam,phonetic,urinate,,,,
4-640-830-1,pear1247,Pear,1159,phăm,phonetic,break wind,,,,
4-630-830-1,pear1247,Pear,1602,a`sə́̆h,phonetic,wake up,,,,
4-620-830-1,pear1247,Pear,1920,m`pau,phonetic,dream,,,,
4-612-830-1,pear1247,Pear,1983,n`dar,phonetic,snore,,,,
4-610-830-1,pear1247,Pear,1585,it,phonetic,sleep,,,,
4-591-830-1,pear1247,Pear,268,lɛh vm aŋ,phonetic,dribble,,,,
4-590-830-1,pear1247,Pear,319,liăt,phonetic,lick,,,,
4-580-830-1,pear1247,Pear,1403,gaʔ,phonetic,bite,,,,
4-570-830-1,pear1247,Pear,1278,hə́r,phonetic,vomit,,,,
4-560-830-1,pear1247,Pear,1440,khaʔ / vm aŋ,phonetic,spit,,,,
4-550-830-1,pear1247,Pear,126,lɛh vm (s)muh,phonetic,perspire,,,,
4-540-830-1,pear1247,Pear,1621,a`tćhih,phonetic,sneeze,,,,
4-530-830-1,pear1247,Pear,879,k`oʔ,phonetic,cough,,,,
4-521-830-1,pear1247,Pear,162,k`ʔə́ʔ,phonetic,hiccough,,,,
4-520-830-1,pear1247,Pear,1028,la tćhih,phonetic,"yawn, gape",,,,
4-510-830-1,pear1247,Pear,1407,phɨm / khrɔ phɨm,phonetic,"breathe, breath",,,,
4-492-830-1,pear1247,Pear,1222,tćin a prɔi,phonetic,penis,,,,
4-490-830-1,pear1247,Pear,797,krau,phonetic,testicle,,,,
4-470-830-1,pear1247,Pear,804,dźaŋ kɔn,phonetic,womb,,,,
4-464-830-1,pear1247,Pear,834,loŋ s`boŋ,phonetic,buttocks,,,,
4-463-830-1,pear1247,Pear,1745,k`boŋ,phonetic,hip,,,,
4-462-830-1,pear1247,Pear,1681,ńɔi,phonetic,waist,,,,
4-461-830-1,pear1247,Pear,1991,rɔn,phonetic,"intestines, guts",,,,
4-460-830-1,pear1247,Pear,819,puŋ ʔpɔm,phonetic,stomach,,,,
4-452-830-1,pear1247,Pear,1744,pham,phonetic,spleen,,,,
4-451-830-1,pear1247,Pear,489,lam,phonetic,kidney,,,,
4-450-830-1,pear1247,Pear,1224,k`tɔ:m,phonetic,liver,,,,
4-441-830-1,pear1247,Pear,688,phŭp phɛp,phonetic,lung,,,,
4-440-830-1,pear1247,Pear,1223,nɔih,phonetic,heart,,,,
4-430-830-1,pear1247,Pear,1838,k`diŋ,phonetic,navel,,,,
4-412-830-1,pear1247,Pear,796,kiŋ bu,phonetic,"nipple, teat",,,,
4-410-830-1,pear1247,Pear,1402,bu,phonetic,breast (of woman),,,,
4-400-830-1,pear1247,Pear,1592,prɨʔ / paŋ ʔə́ʔ,phonetic,chest,,,,
4-393-830-1,pear1247,Pear,1201,huʔ sim,phonetic,feather,,,,
4-392-830-1,pear1247,Pear,1257,phiaŋ,phonetic,wing,,,,
4-380-830-1,pear1247,Pear,1389,k`nur dźə́ŋ,phonetic,toe,,,,
4-374-830-1,pear1247,Pear,318,k`tam pɛ dźə́ŋ,phonetic,footprint,,,,
4-372-830-1,pear1247,Pear,980,k`nuiʔ,phonetic,heel,,,,
4-371-830-1,pear1247,Pear,803,kə́r źa dźə́ŋ,phonetic,ankle,,,,
4-370-830-1,pear1247,Pear,1301,dźə́ŋ,phonetic,foot,,,,
4-360-830-1,pear1247,Pear,1371,kiŋ kɛr,phonetic,knee,,,,
4-352-830-1,pear1247,Pear,498,dźə́ŋ kiet / bɔŋ dźə́ŋ,phonetic,calf of leg,,,,
4-351-830-1,pear1247,Pear,800,blau,phonetic,thigh,,,,
4-350-830-1,pear1247,Pear,1297,dźə́ŋ,phonetic,leg,,,,
4-345-830-1,pear1247,Pear,72,kip tćɔi / kraih,phonetic,claw,,,,
4-344-830-1,pear1247,Pear,1258,a`ṛim / rə́him,phonetic,fingernail,,,,
4-342-830-1,pear1247,Pear,1781,k`nur a ma,phonetic,thumb,,,,
4-340-830-1,pear1247,Pear,1303,k`nur,phonetic,finger,,,,
4-331-830-1,pear1247,Pear,1183,kă pă ʔtai,phonetic,palm of hand,,,,
4-330-830-1,pear1247,Pear,1277,ʔtai,phonetic,hand,,,,
4-321-830-1,pear1247,Pear,799,kɔʔ tai / k`nieʔ tai,phonetic,wrist,,,,
4-320-830-1,pear1247,Pear,981,kaŋ kɛh,phonetic,elbow,,,,
4-312-830-1,pear1247,Pear,1886,kdv źɛʔ,phonetic,armpit,,,,
4-310-830-1,pear1247,Pear,1673,plaŋ źaʔ / pɔŋ tai,phonetic,arm,,,,
4-302-830-1,pear1247,Pear,1994,k`aŋ khaŋ kho,phonetic,collarbone,,,,
4-301-830-1,pear1247,Pear,172,k`aŋ san,phonetic,shoulderblade,,,,
4-300-830-1,pear1247,Pear,1482,s1plaŋ,phonetic,shoulder,,,,
4-290-830-1,pear1247,Pear,1346,khroʔ,phonetic,throat,,,,
4-281-830-1,pear1247,Pear,1347,tɔ̆ŋ a`mɔŋ / tɔ̆ŋ dɔʔ,phonetic,nape of neck,,,,
4-280-830-1,pear1247,Pear,1333,a`mɔŋ,phonetic,neck,,,,
4-272-830-1,pear1247,Pear,1049,ṛaŋ hɔm,phonetic,molartooth,,,,
4-270-830-1,pear1247,Pear,1380,ṛaŋ,phonetic,tooth,,,,
4-271-830-1,pear1247,Pear,139,ṛaŋ saŋ / ṛaŋ ŋe,phonetic,gums,,,,
4-271-830-2,pear1247,Pear,139,ṇar,phonetic,gums,,,,
4-260-830-1,pear1247,Pear,1205,k`taʔ,phonetic,tongue,,,,
4-250-830-1,pear1247,Pear,478,k`bar,phonetic,lip,,,,
4-241-830-1,pear1247,Pear,73,muiʔ sim,phonetic,beak,,,,
4-240-830-1,pear1247,Pear,674,mv̆iʔ,phonetic,mouth,,,,
4-232-830-1,pear1247,Pear,208,vm muih,phonetic,mucus (nasal),,,,
4-231-830-1,pear1247,Pear,1178,k`tău muih,phonetic,nostril,,,,
4-230-830-1,pear1247,Pear,1221,muih,phonetic,nose,,,,
4-222-830-1,pear1247,Pear,32,iaŋ ćŏʔ,phonetic,earwax,,,,
4-221-830-1,pear1247,Pear,18,ple ćŏʔ,phonetic,earlobe,,,,
4-220-830-1,pear1247,Pear,1247,ḷɛʔ ćŏʔ,phonetic,ear,,,,
4-215-830-1,pear1247,Pear,1655,k`źiep ŋai,phonetic,blink,,,,
4-214-830-1,pear1247,Pear,1540,huʔ ŋai,phonetic,eyelash,,,,
4-213-830-1,pear1247,Pear,17,huʔ r`ŋai,phonetic,eyelid,,,,
4-212-830-1,pear1247,Pear,1173,huʔ moŋ ŋai,phonetic,eyebrow,,,,
4-210-830-1,pear1247,Pear,1248,ŋai,phonetic,eye,,,,
4-208-830-1,pear1247,Pear,1730,phaŋ ŋai / aŋ k`lɛ,phonetic,cheek,,,,
4-209-830-1,pear1247,Pear,1510,h`gɛʔ,phonetic,chin,,,,
4-205-830-1,pear1247,Pear,123,k`dah,phonetic,forehead,,,,
4-207-830-1,pear1247,Pear,798,k`lɛ,phonetic,jaw,,,,
4-204-830-1,pear1247,Pear,1560,ŋai,phonetic,face,,,,
4-203-830-1,pear1247,Pear,1583,hɔʔ,phonetic,brain,,,,
4-201-830-1,pear1247,Pear,1604,klan băŋ,phonetic,"side of head, temple",,,,
4-202-830-1,pear1247,Pear,1605,k`lɔʔ kiŋ,phonetic,skull,,,,
4-200-830-1,pear1247,Pear,1256,kiŋ,phonetic,head,,,,
4-191-830-1,pear1247,Pear,805,san krɔŋ,phonetic,spine,,,,
4-190-830-1,pear1247,Pear,1291,lɔŋ krɔŋ,phonetic,back,,,,
4-180-830-1,pear1247,Pear,1220,s`tɛ,phonetic,tail,,,,
4-170-830-1,pear1247,Pear,1393,nuŋ mɔ,phonetic,horn,,,,
4-162-830-1,pear1247,Pear,801,k`aŋ prɨʔ,phonetic,rib,,,,
4-160-830-1,pear1247,Pear,1394,k`aŋ,phonetic,bone,,,,
4-151-830-1,pear1247,Pear,525,pɔʔ ṇa:m,phonetic,"vein, artery",,,,
4-150-830-1,pear1247,Pear,946,ṇa:m,phonetic,blood,,,,
4-146-830-1,pear1247,Pear,576,grieʔ kiŋ,phonetic,dandruff,,,,
4-145-830-1,pear1247,Pear,36,huʔ k`mə́̆h,phonetic,pubic hair,,,,
4-144-830-1,pear1247,Pear,189,huʔ tv,phonetic,body hair,,,,
4-142-830-1,pear1247,Pear,678,huʔ mŏh,phonetic,beard,,,,
4-140-830-1,pear1247,Pear,1040,huʔ kiŋ,phonetic,hair (head),,,,
4-130-830-1,pear1247,Pear,2259,źaŋ,phonetic,flesh,,,,
4-120-830-1,pear1247,Pear,763,hur,phonetic,"skin, hide",,,,
4-110-830-1,pear1247,Pear,1480,tv,phonetic,body,,,,
3-980-830-1,pear1247,Pear,112,kɔ̆k tau,phonetic,turtle,,,,
3-950-830-1,pear1247,Pear,503,a`prăt,phonetic,frog,,,,
3-940-830-1,pear1247,Pear,1543,hɔi,phonetic,snail,,,,
3-930-830-1,pear1247,Pear,607,ámoŋ,phonetic,grasshopper,,,,
3-920-830-1,pear1247,Pear,1791,paŋ pɛ,phonetic,butterfly,,,,
3-910-830-1,pear1247,Pear,206,pui taŋ,phonetic,firefly,,,,
3-850-830-1,pear1247,Pear,730,hɔ̆n,phonetic,snake,,,,
3-840-830-1,pear1247,Pear,1219,kɔn v́ɛʔ,phonetic,worm,,,,
3-832-830-1,pear1247,Pear,1509,a`dźvm,phonetic,mosquito,,,,
3-831-830-1,pear1247,Pear,95,a`mut,phonetic,"sandfly (midge), gnat",,,,
3-830-830-1,pear1247,Pear,1504,a`rɔi,phonetic,fly,,,,
3-823-830-1,pear1247,Pear,1517,ɔŋ / k`an,phonetic,wasp,,,,
3-822-830-1,pear1247,Pear,88,giaŋ phiăr,phonetic,beehive,,,,
3-821-830-1,pear1247,Pear,1931,phŭt,phonetic,beeswax,,,,
3-820-830-1,pear1247,Pear,665,phiar,phonetic,bee,,,,
3-819-830-1,pear1247,Pear,1065,giaŋ a`beŋ,phonetic,spider web,,,,
3-818-830-1,pear1247,Pear,843,a`beŋ,phonetic,spider,,,,
3-817-830-1,pear1247,Pear,587,brun,phonetic,ant,,,,
3-816-830-1,pear1247,Pear,1575,a`phɛ̆p,phonetic,cockroach,,,,
3-814-830-1,pear1247,Pear,1974,raŋ raŋ,phonetic,centipede,,,,
3-813-830-1,pear1247,Pear,232,k`tiar,phonetic,flea,,,,
3-812-830-1,pear1247,Pear,267,kran k`bran,phonetic,nit (louse egg),,,,
3-811-830-1,pear1247,Pear,1392,k`bran,phonetic,louse,,,,
3-811-830-2,pear1247,Pear,1392,sai,phonetic,louse,,,,
3-810-830-1,pear1247,Pear,620,v́aʔ,phonetic,insect,,,,
3-780-830-1,pear1247,Pear,1871,sin tho,phonetic,camel,,,,
3-770-830-1,pear1247,Pear,1290,saŋ,phonetic,elephant,,,,
3-760-830-1,pear1247,Pear,1350,ṇăm,phonetic,monkey,,,,
3-750-830-1,pear1247,Pear,1936,tćɛʔ,phonetic,deer,,,,
3-730-830-1,pear1247,Pear,1820,kreh,phonetic,bear,,,,
3-720-830-1,pear1247,Pear,1386,khaŋ si,phonetic,lion,,,,
3-710-830-1,pear1247,Pear,522,broʔ,phonetic,wolf,,,,
3-665-830-1,pear1247,Pear,1013,kɛ źɛn,phonetic,freshwater eel,,,,
3-655-830-1,pear1247,Pear,598,kăp kɛ,phonetic,shell,,,,
3-654-830-1,pear1247,Pear,1916,săi kɛ,phonetic,gill,,,,
3-653-830-1,pear1247,Pear,266,n`graiʔ / lɔ̆k kɛ,phonetic,fishscale,,,,
3-652-830-1,pear1247,Pear,213,tɨŋ kɛ,phonetic,fin (dorsal),,,,
3-650-830-1,pear1247,Pear,227,kɛ,phonetic,fish,,,,
3-630-830-1,pear1247,Pear,2139,ṇai,phonetic,"mouse, rat",,,,
3-620-830-1,pear1247,Pear,1208,a`miau,phonetic,cat,,,,
3-614-830-1,pear1247,Pear,1136,paŋ tai,phonetic,rabbit,,,,
3-610-830-1,pear1247,Pear,2009,aʔvʔ,phonetic,dog,,,,
3-594-830-1,pear1247,Pear,1853,a`plŏi,phonetic,dove,,,,
3-594-830-2,pear1247,Pear,1853,kă kɛ,phonetic,dove,,,,
3-596-830-1,pear1247,Pear,735,put rŭm,phonetic,owl,,,,
3-593-830-1,pear1247,Pear,913,k`ʔɛ̆ʔ,phonetic,crow,,,,
3-592-830-1,pear1247,Pear,882,lai,phonetic,parrot,,,,
3-591-830-1,pear1247,Pear,1793,k`dɔp,phonetic,bat,,,,
3-585-830-1,pear1247,Pear,307,klaŋ,phonetic,hawk,,,,
3-584-830-1,pear1247,Pear,1905,lɛŋ tɛ,phonetic,eagle,,,,
3-582-830-1,pear1247,Pear,950,kru kru,phonetic,seagull,,,,
3-581-830-1,pear1247,Pear,937,sim,phonetic,bird,,,,
3-580-830-1,pear1247,Pear,539,khun,phonetic,nest,,,,
3-570-830-1,pear1247,Pear,1360,pɛt,phonetic,duck,,,,
3-560-830-1,pear1247,Pear,1187,han,phonetic,goose,,,,
3-550-830-1,pear1247,Pear,1318,ʔiar,phonetic,chicken,,,,
3-540-830-1,pear1247,Pear,1514,mɛ ʔiar,phonetic,hen,,,,
3-520-830-1,pear1247,Pear,1511,iar kɔŋ,phonetic,"cock, rooster",,,,
3-470-830-1,pear1247,Pear,890,mɛ lɔ,phonetic,mule,,,,
3-500-830-1,pear1247,Pear,265,lɛ̆ʔ iar,phonetic,fowl,,,,
3-460-830-1,pear1247,Pear,1862,li,phonetic,"ass, donkey",,,,
3-450-830-1,pear1247,Pear,1647,kɔn m`braŋ thɨʔ,phonetic,"foal, colt",,,,
3-440-830-1,pear1247,Pear,938,mɛ m`braŋ,phonetic,mare,,,,
3-420-830-1,pear1247,Pear,936,m`braŋ thɨʔ,phonetic,stallion,,,,
3-410-830-1,pear1247,Pear,615,m`braŋ,phonetic,horse (equine),,,,
3-370-830-1,pear1247,Pear,264,be thɨʔ,phonetic,he-goat,,,,
3-360-830-1,pear1247,Pear,1502,be,phonetic,goat,,,,
3-350-830-1,pear1247,Pear,1337,lɛʔ,phonetic,pig,,,,
3-340-830-1,pear1247,Pear,1351,mɛ lɛʔ,phonetic,sow (2),,,,
3-320-830-1,pear1247,Pear,1348,lɛʔ thɨʔ,phonetic,boar,,,,
3-280-830-1,pear1247,Pear,1345,be k`mɛ,phonetic,ewe,,,,
3-260-830-1,pear1247,Pear,1344,be thɨʔ,phonetic,ram,,,,
3-250-830-1,pear1247,Pear,1331,be,phonetic,sheep,,,,
3-240-830-1,pear1247,Pear,1989,kɔn mɔ̆ʔ,phonetic,calf,,,,
3-230-830-1,pear1247,Pear,1007,mɛ mɔ̆ʔ,phonetic,cow,,,,
3-220-830-1,pear1247,Pear,1169,mɔ̆ʔ,phonetic,ox,,,,
3-210-830-1,pear1247,Pear,1008,mɔ̆ʔ thɨʔ,phonetic,bull,,,,
3-200-830-1,pear1247,Pear,1153,mɔʔ m`braŋ,phonetic,cattle (bovine),,,,
3-190-830-1,pear1247,Pear,851,khɔk m`braŋ,phonetic,"stable, stall",,,,
3-180-830-1,pear1247,Pear,263,tvi piaŋ mɔʔ,phonetic,herdsman,,,,
3-160-830-1,pear1247,Pear,649,brai,phonetic,pasture,,,,
3-150-830-1,pear1247,Pear,631,to sat,phonetic,livestock,,,,
3-130-830-1,pear1247,Pear,2262,k`mɛ,phonetic,female (adj),,,,
3-120-830-1,pear1247,Pear,2261,a`thɨ̆ʔ,phonetic,male (adj),,,,
3-110-830-1,pear1247,Pear,619,to prai,phonetic,animal,,,,
2-960-830-1,pear1247,Pear,817,kə́i,phonetic,they,,,,
2-950-830-1,pear1247,Pear,1213,pə́i,phonetic,you (plural),,,,
2-942-830-1,pear1247,Pear,1130,ə́i,phonetic,we (exclusive),,,,
2-941-830-1,pear1247,Pear,1131,źei,phonetic,we (inclusive),,,,
2-940-830-1,pear1247,Pear,1212,ə́i,phonetic,we,,,,
2-930-830-1,pear1247,Pear,262,di,phonetic,he/she/it,,,,
2-920-830-1,pear1247,Pear,1215,mə́i,phonetic,you (singular),,,,
2-910-830-1,pear1247,Pear,1209,ʔo,phonetic,I,,,,
2-820-830-1,pear1247,Pear,194,r`mɛ giaŋ,phonetic,family,,,,
2-810-830-1,pear1247,Pear,1644,v́au v́ai,phonetic,"relatives, kinsmen",,,,
2-770-830-1,pear1247,Pear,1981,ta k`mai,phonetic,widower,,,,
2-760-830-1,pear1247,Pear,1756,źa k`mai,phonetic,widow,,,,
2-750-830-1,pear1247,Pear,1149,kɔn k`praih,phonetic,orphan,,,,
2-740-830-1,pear1247,Pear,1058,i pɔn kɔn man,phonetic,stepdaughter,,,,
2-730-830-1,pear1247,Pear,1059,i mai kɔn ćiaŋ,phonetic,stepson,,,,
2-720-830-1,pear1247,Pear,236,mɛ sɨ̆p,phonetic,stepmother,,,,
2-710-830-1,pear1247,Pear,237,kun sɨ̆p,phonetic,stepfather,,,,
2-641-830-1,pear1247,Pear,2264,luk pam,phonetic,daughter-in-law (of a woman),,,,
2-640-830-1,pear1247,Pear,2265,luk pam,phonetic,daughter-in-law (of a man),,,,
2-631-830-1,pear1247,Pear,2266,luk khə́i,phonetic,son-in-law (of a woman),,,,
2-630-830-1,pear1247,Pear,2267,luk khə́i,phonetic,son-in-law (of a man),,,,
2-621-830-1,pear1247,Pear,2257,mɛ,phonetic,mother-in-law (of a woman),,,,
2-620-830-1,pear1247,Pear,2256,kan,phonetic,mother-in-law (of a man),,,,
2-611-830-1,pear1247,Pear,2254,kun,phonetic,father-in-law (of a woman),,,,
2-610-830-1,pear1247,Pear,2255,pŏ,phonetic,father-in-law (of a man),,,,
2-570-830-1,pear1247,Pear,490,sɨ̆p meiŋ / kɔn san rai,phonetic,descendants,,,,
2-560-830-1,pear1247,Pear,1669,ta ʔɔk ta nai,phonetic,ancestors,,,,
2-540-830-1,pear1247,Pear,1642,kɔn v́ai i`pɔn,phonetic,niece,,,,
2-530-830-1,pear1247,Pear,1063,kɔn v́ai i`mai,phonetic,nephew,,,,
2-522-830-1,pear1247,Pear,170,kan,phonetic,father's sister,,,,
2-520-830-1,pear1247,Pear,1272,mɛ diat / n`ʔan,phonetic,aunt,,,,
2-521-830-1,pear1247,Pear,171,n`an,phonetic,mother's sister,,,,
2-512-830-1,pear1247,Pear,1985,kun an,phonetic,father's brother,,,,
2-511-830-1,pear1247,Pear,1984,pə́ diaŋ,phonetic,mother's brother,,,,
2-510-830-1,pear1247,Pear,1327,kun diat,phonetic,uncle,,,,
2-480-830-1,pear1247,Pear,1618,san i mai,phonetic,grandson,,,,
2-490-830-1,pear1247,Pear,1619,san i pɔn,phonetic,granddaughter,,,,
2-471-830-1,pear1247,Pear,907,źa găt,phonetic,old woman,,,,
2-470-830-1,pear1247,Pear,1496,źa len,phonetic,grandmother,,,,
2-461-830-1,pear1247,Pear,406,ta găt,phonetic,old man,,,,
2-460-830-1,pear1247,Pear,1383,ta len,phonetic,grandfather,,,,
2-458-830-1,pear1247,Pear,1005,kɔn sum,phonetic,twins,,,,
2-456-830-1,pear1247,Pear,1640,v́ɛ v́ai,phonetic,sibling,,,,
2-455-830-1,pear1247,Pear,1761,v́ɛ i`pɔn,phonetic,younger sister,,,,
2-454-830-1,pear1247,Pear,1758,v́ai i`pɔn,phonetic,older sister,,,,
2-450-830-1,pear1247,Pear,1263,v́ai v́ɛ,phonetic,sister,,,,
2-445-830-1,pear1247,Pear,1760,v́ɛ,phonetic,younger brother,,,,
2-444-830-1,pear1247,Pear,1759,v́ai a`liaŋ,phonetic,older brother,,,,
2-440-830-1,pear1247,Pear,1262,v́ai v́ɛ,phonetic,brother,,,,
2-430-830-1,pear1247,Pear,1801,kɔn sau,phonetic,offspring (son or daughter),,,,
2-420-830-1,pear1247,Pear,1357,kɔn r`pie,phonetic,daughter,,,,
2-410-830-1,pear1247,Pear,1620,kɔn a`liaŋ / kɔn i mai,phonetic,son,,,,
2-390-830-1,pear1247,Pear,426,i pɔn hɔi khăt,phonetic,married woman,,,,
2-380-830-1,pear1247,Pear,424,i mai hɔi khăt,phonetic,married man,,,,
2-370-830-1,pear1247,Pear,505,kun mɛ,phonetic,parents,,,,
2-360-830-1,pear1247,Pear,1216,mɛ,phonetic,mother,,,,
2-350-830-1,pear1247,Pear,1217,kun,phonetic,father,,,,
2-341-830-1,pear1247,Pear,1134,h`kaʔ / k`pɛ̆t,phonetic,divorce,,,,
2-330-830-1,pear1247,Pear,203,khăt,phonetic,marry,,,,
2-320-830-1,pear1247,Pear,1199,pə́ tə́h,phonetic,wife,,,,
2-310-830-1,pear1247,Pear,1200,a`v́eŋ,phonetic,husband,,,,
2-280-830-1,pear1247,Pear,1289,kɔn ŋɛʔ,phonetic,"infant, baby",,,,
2-270-830-1,pear1247,Pear,1304,kɔn ńɔm,phonetic,child,,,,
2-261-830-1,pear1247,Pear,77,a`pie diaŋ,phonetic,young woman (adolescent),,,,
2-260-830-1,pear1247,Pear,1646,kɔn a`pie,phonetic,girl,,,,
2-251-830-1,pear1247,Pear,76,kɔn a`liaŋ,phonetic,young man (adolescent),,,,
2-250-830-1,pear1247,Pear,1366,kɔn i mai,phonetic,boy,,,,
2-240-830-1,pear1247,Pear,1551,i pɔn,phonetic,female,,,,
2-230-830-1,pear1247,Pear,1553,i mai,phonetic,male,,,,
2-220-830-1,pear1247,Pear,962,tv i pɔn,phonetic,woman,,,,
2-210-830-1,pear1247,Pear,1554,tv i mai,phonetic,man (vs. woman),,,,
2-100-830-1,pear1247,Pear,683,tv i,phonetic,"person, human being",,,,
1-890-830-1,pear1247,Pear,1188,k`sɔ̆ih,phonetic,charcoal,,,,
1-880-830-1,pear1247,Pear,10,hĕ tɔ̆ʔ,phonetic,firewood,,,,
1-870-830-1,pear1247,Pear,1133,mĭ khat,phonetic,match (noun),,,,
1-861-830-1,pear1247,Pear,127,piɛ̆t ŋar,phonetic,extinguish,,,,
1-860-830-1,pear1247,Pear,737,toʔ,phonetic,"light, kindle, ignite",,,,
1-852-830-1,pear1247,Pear,1428,tɔ̆ʔ ŋar,phonetic,burn (vb intrans),,,,
1-841-830-1,pear1247,Pear,67,mɛŋ ŋar,phonetic,embers,,,,
1-840-830-1,pear1247,Pear,646,k`faŋ,phonetic,ashes,,,,
1-830-830-1,pear1247,Pear,778,tɔ̆ʔ,phonetic,smoke (noun),,,,
1-820-830-1,pear1247,Pear,889,ḷa ŋar,phonetic,flame (noun),,,,
1-810-830-1,pear1247,Pear,221,ŋar,phonetic,fire,,,,
1-770-830-1,pear1247,Pear,617,vm priar,phonetic,ice,,,,
1-760-830-1,pear1247,Pear,784,priar,phonetic,snow (noun),,,,
1-750-830-1,pear1247,Pear,658,klai:,phonetic,rain (noun),,,,
1-740-830-1,pear1247,Pear,249,mɔk ńɔ:ŋ,phonetic,fog,,,,
1-720-830-1,pear1247,Pear,960,khur,phonetic,wind,,,,
1-730-830-1,pear1247,Pear,1489,u:t,phonetic,cloud,,,,
1-640-830-1,pear1247,Pear,1977,vm a`ŋan,phonetic,dew,,,,
1-630-830-1,pear1247,Pear,1388,ŏŋ źen / k`mŭʔ,phonetic,"shade, shadow",,,,
1-620-830-1,pear1247,Pear,11,ăp,phonetic,darkness,,,,
1-610-830-1,pear1247,Pear,630,plaŋ pleŋ / plaŋ h`ŋɔi,phonetic,light (noun),,,,
1-590-830-1,pear1247,Pear,1733,a`źɔŋ,phonetic,rainbow,,,,
1-580-830-1,pear1247,Pear,858,khur diaŋ klai diaŋ,phonetic,storm,,,,
1-560-830-1,pear1247,Pear,1150,k`nam pleŋ,phonetic,thunder,,,,
1-570-830-1,pear1247,Pear,2007,lɛʔ lɔʔ,phonetic,lightning (as striking),,,,
1-550-830-1,pear1247,Pear,1654,lɛʔ lɔʔ,phonetic,lightning,,,,
1-540-830-1,pear1247,Pear,1430,s`man,phonetic,star,,,,
1-530-830-1,pear1247,Pear,1313,plaŋ kiar,phonetic,moon,,,,
1-520-830-1,pear1247,Pear,1343,s`ŋɔi / h`ŋɔi,phonetic,sun,,,,
1-510-830-1,pear1247,Pear,1732,pleŋ / v́oŋ v́ɛŋ kɛŋ hau,phonetic,sky,,,,
1-450-830-1,pear1247,Pear,6,im san,phonetic,earthquake,,,,
1-440-830-1,pear1247,Pear,2125,mɛu,phonetic,"stone, rock",,,,
1-430-830-1,pear1247,Pear,1803,he k`tɔ̆t,phonetic,wood,,,,
1-420-830-1,pear1247,Pear,906,he,phonetic,tree (cf 08.600),,,,
1-410-830-1,pear1247,Pear,420,reŋ,phonetic,"woods, forest",,,,
1-390-830-1,pear1247,Pear,943,vm hŭh,phonetic,waterfall,,,,
1-380-830-1,pear1247,Pear,1145,ṇɔ̆ŋ tuiʔ,phonetic,swamp,,,,
1-370-830-1,pear1247,Pear,2144,vm khvm,phonetic,"spring, well",,,,
1-362-830-1,pear1247,Pear,1982,vm v́ɔi,phonetic,whirlpool,,,,
1-360-830-1,pear1247,Pear,666,plɔ̣ŋ /vm ḷai,phonetic,"river, stream, brook",,,,
1-343-830-1,pear1247,Pear,1662,doh vm plɔŋ,phonetic,"headland, point",,,,
1-341-830-1,pear1247,Pear,623,vm tɨ̆ŋ tćɛm,phonetic,lagoon,,,,
1-340-830-1,pear1247,Pear,663,kɔʔ vm diaŋ,phonetic,"gulf, bay",,,,
1-330-830-1,pear1247,Pear,624,ʔvm ʔtɨ̆ŋ,phonetic,lake,,,,
1-329-830-1,pear1247,Pear,645,nam paŋ la:i,phonetic,ocean,,,,
1-324-830-1,pear1247,Pear,1768,bŭih ʔvm,phonetic,foam,,,,
1-320-830-1,pear1247,Pear,1474,năm păŋ la:i,phonetic,sea,,,,
1-310-830-1,pear1247,Pear,948,vm,phonetic,water,,,,
1-280-830-1,pear1247,Pear,1155,k`tău svr,phonetic,cave,,,,
1-270-830-1,pear1247,Pear,113,khɛp plɔŋ / prɔ vm,phonetic,shore,,,,
1-260-830-1,pear1247,Pear,166,v́ɔi k`tai,phonetic,mainland,,,,
1-240-830-1,pear1247,Pear,921,a`lɔ̆ʔ svr,phonetic,valley,,,,
1-230-830-1,pear1247,Pear,652,klɔŋ,phonetic,"plain, field",,,,
1-222-830-1,pear1247,Pear,618,tŭr a`aŋ / k`aŋ,phonetic,"cliff, precipice",,,,
1-220-830-1,pear1247,Pear,2118,svr,phonetic,"mountain, hill",,,,
1-214-830-1,pear1247,Pear,640,ṇɔŋ,phonetic,mud,,,,
1-215-830-1,pear1247,Pear,671,khaiʔ,phonetic,sand,,,,
1-213-830-1,pear1247,Pear,2,k`bŭh,phonetic,dust,,,,
1-212-830-1,pear1247,Pear,1228,k`tai,phonetic,"earth=ground, soil",,,,
1-210-830-1,pear1247,Pear,626,k`tai,phonetic,"earth, land",,,,
1-100-830-1,pear1247,Pear,965,khrvm plĕŋ k`vei k`tai,phonetic,world,,,,
14-331-830-1,pear1247,Pear,703,k`ŋɔi,phonetic,soon,,,,
14-332-830-1,pear1247,Pear,418,tćuʔaʔɨ,phonetic,long-time (for a),,,,
14-340-830-1,pear1247,Pear,1656,ə́ kdɨm mə́h,phonetic,never,,,,
14-350-830-1,pear1247,Pear,204,mə́h ṇaʔ,phonetic,again,,,,
14-410-830-1,pear1247,Pear,1225,khiŋ loʔ san,phonetic,day,,,,
14-420-830-1,pear1247,Pear,1233,k`tai sɨm,phonetic,night,,,,
14-430-830-1,pear1247,Pear,729,prăi plaŋ,phonetic,dawn,,,,
14-440-830-1,pear1247,Pear,1339,khiŋ lŏʔ ṇ́iar,phonetic,morning,,,,
14-450-830-1,pear1247,Pear,12,khiŋ lŏʔ san,phonetic,"noon, midday",,,,
14-451-830-1,pear1247,Pear,1807,hɔi san,phonetic,afternoon,,,,
14-451-830-2,pear1247,Pear,1807,brɛ kan ʔap,phonetic,afternoon,,,,
14-460-830-1,pear1247,Pear,1629,khi lŏʔ ṃə́,phonetic,evening,,,,
14-470-830-1,pear1247,Pear,1283,a`də́ʔ,phonetic,today,,,,
14-480-830-1,pear1247,Pear,1329,n`ŋ̊iar,phonetic,tomorrow,,,,
14-481-830-1,pear1247,Pear,1179,n`kɨ,phonetic,day-after-tomorrow,,,,
14-490-830-1,pear1247,Pear,1174,a`ṃɨ,phonetic,yesterday,,,,
14-491-830-1,pear1247,Pear,1180,ʔai a`ṃə́,phonetic,day-before-yesterday,,,,
14-530-830-1,pear1247,Pear,1323,u nɛri,phonetic,"clock, timepiece",,,,
14-610-830-1,pear1247,Pear,1469,nɛri,phonetic,week,,,,
14-710-830-1,pear1247,Pear,1370,kiar,phonetic,month,,,,
14-730-830-1,pear1247,Pear,1226,s`nam,phonetic,year,,,,
14-740-830-1,pear1247,Pear,1471,khiŋ kăt,phonetic,winter,,,,
14-750-830-1,pear1247,Pear,1537,k`tɛr źaŋ,phonetic,spring,,,,
14-760-830-1,pear1247,Pear,1342,khiŋ reŋ,phonetic,summer,,,,
14-770-830-1,pear1247,Pear,1276,khiŋ k`dɔŋ,phonetic,autumn,,,,
14-780-830-1,pear1247,Pear,691,s`khan,phonetic,season,,,,
15-210-830-1,pear1247,Pear,1587,ʔuih,phonetic,smell (vb intrans),,,,
15-220-830-1,pear1247,Pear,1586,khrit,phonetic,smell (vb trans),,,,
15-250-830-1,pear1247,Pear,376,uih ŋur,phonetic,"fragrant, good smelling",,,,
15-260-830-1,pear1247,Pear,42,uih,phonetic,"stinking, bad smelling",,,,
15-310-830-1,pear1247,Pear,21,h`ŋɛh / h`fien,phonetic,taste,,,,
15-350-830-1,pear1247,Pear,717,ŋam,phonetic,sweet,,,,
15-360-830-1,pear1247,Pear,1091,tćɛm,phonetic,salty,,,,
15-370-830-1,pear1247,Pear,887,saŋ,phonetic,bitter,,,,
15-380-830-1,pear1247,Pear,1906,braŋ,phonetic,"acid, sour",,,,
15-390-830-1,pear1247,Pear,70,ɨ k`ŋɛʔ,phonetic,brackish,,,,
15-410-830-1,pear1247,Pear,1408,źɨ k`ŋɛu,phonetic,hear,,,,
15-420-830-1,pear1247,Pear,1608,k`ŋɛu,phonetic,listen,,,,
15-440-830-1,pear1247,Pear,1811,ham,phonetic,"sound, noise",,,,
15-450-830-1,pear1247,Pear,377,ham daŋ,phonetic,loud,,,,
15-460-830-1,pear1247,Pear,1314,źen si,phonetic,"quiet, silence",,,,
15-510-830-1,pear1247,Pear,1409,źɨ źɔʔ,phonetic,see,,,,
15-520-830-1,pear1247,Pear,1819,tćɛp,phonetic,"look, look at",,,,
15-550-830-1,pear1247,Pear,1039,tə́h lɛh ŋə́ʔ,phonetic,show,,,,
15-560-830-1,pear1247,Pear,708,tɔŋ,phonetic,shine,,,,
15-570-830-1,pear1247,Pear,679,plaŋ,phonetic,bright,,,,
15-610-830-1,pear1247,Pear,1613,k`dɔ̆ʔ,phonetic,color,,,,
15-640-830-1,pear1247,Pear,1335,blɔ̆ʔ,phonetic,white,,,,
15-650-830-1,pear1247,Pear,163,v́aŋ,phonetic,black,,,,
15-660-830-1,pear1247,Pear,156,rɨ̆ŋ,phonetic,red,,,,
15-670-830-1,pear1247,Pear,837,khiv,phonetic,blue,,,,
15-680-830-1,pear1247,Pear,1425,ńiar,phonetic,green,,,,
15-690-830-1,pear1247,Pear,1424,tɛŋ,phonetic,yellow,,,,
15-710-830-1,pear1247,Pear,1892,tvh tv,phonetic,touch,,,,
15-712-830-1,pear1247,Pear,378,k`v́iet,phonetic,pinch,,,,
15-720-830-1,pear1247,Pear,1079,tur,phonetic,feel,,,,
15-740-830-1,pear1247,Pear,1884,khrɛŋ,phonetic,hard,,,,
15-750-830-1,pear1247,Pear,1856,dźam,phonetic,soft,,,,
15-760-830-1,pear1247,Pear,1923,blăk,phonetic,rough,,,,
15-770-830-1,pear1247,Pear,1234,prɛt liat,phonetic,smooth,,,,
15-780-830-1,pear1247,Pear,1396,pɛʔ,phonetic,sharp,,,,
15-790-830-1,pear1247,Pear,379,k`mum,phonetic,"blunt, dull",,,,
15-810-830-1,pear1247,Pear,1210,dźan,phonetic,heavy,,,,
15-820-830-1,pear1247,Pear,1052,dźə́r,phonetic,light (in weight),,,,
15-830-830-1,pear1247,Pear,1726,ṇ́iuʔ,phonetic,"wet, damp",,,,
15-840-830-1,pear1247,Pear,1398,khɔt,phonetic,dry,,,,
15-850-830-1,pear1247,Pear,1286,mai,phonetic,hot,,,,
15-851-830-1,pear1247,Pear,1232,k`ʔur,phonetic,warm,,,,
15-860-830-1,pear1247,Pear,1287,kat,phonetic,cold,,,,
15-870-830-1,pear1247,Pear,704,k`ŋɛ,phonetic,clean,,,,
15-880-830-1,pear1247,Pear,1230,k`də́,phonetic,"dirty, soiled",,,,
15-890-830-1,pear1247,Pear,380,ńiɔ̆t,phonetic,wrinkled,,,,
16-110-830-1,pear1247,Pear,53,k`bau,phonetic,"soul, spirit",,,,
16-150-830-1,pear1247,Pear,1572,tɨ̆n,phonetic,"surprised, astonished",,,,
16-180-830-1,pear1247,Pear,720,thə́p,phonetic,"good fortune, luck",,,,
16-190-830-1,pear1247,Pear,56,thə́p,phonetic,"misfortune, bad luck",,,,
16-230-830-1,pear1247,Pear,1495,źum,phonetic,"joyful, glad, happy",,,,
16-250-830-1,pear1247,Pear,1355,k`ńieh,phonetic,laugh,,,,
16-251-830-1,pear1247,Pear,1451,iu,phonetic,smile,,,,
16-260-830-1,pear1247,Pear,1413,kh`tćɔʔ,phonetic,play,,,,
16-270-830-1,pear1247,Pear,923,k`bə́n,phonetic,love,,,,
16-290-830-1,pear1247,Pear,578,u,phonetic,kiss,,,,
16-300-830-1,pear1247,Pear,928,k`ńieʔ,phonetic,embrace,,,,
16-310-830-1,pear1247,Pear,1783,sau,phonetic,pain,,,,
16-320-830-1,pear1247,Pear,1668,luiʔ nɔih,phonetic,"grief, sorrow, sadness",,,,
16-330-830-1,pear1247,Pear,1000,nɔih haʔ,phonetic,"anxiety, worry",,,,
16-340-830-1,pear1247,Pear,1875,k`dai,phonetic,"regret, be sorry",,,,
16-350-830-1,pear1247,Pear,1141,k`v́e,phonetic,pity,,,,
16-370-830-1,pear1247,Pear,1839,źiem,phonetic,"cry, weep",,,,
16-380-830-1,pear1247,Pear,1651,vm ŋai,phonetic,tear (noun),,,,
16-390-830-1,pear1247,Pear,716,ham,phonetic,groan,,,,
16-410-830-1,pear1247,Pear,1607,ih,phonetic,hate,,,,
16-420-830-1,pear1247,Pear,82,dźau,phonetic,anger,,,,
16-440-830-1,pear1247,Pear,40,ŋɔn,phonetic,"envy, jealousy",,,,
16-450-830-1,pear1247,Pear,1776,sai,phonetic,shame (noun),,,,
16-480-830-1,pear1247,Pear,174,h`khə́k,phonetic,proud,,,,
16-510-830-1,pear1247,Pear,1779,źɛʔ,phonetic,dare,,,,
16-520-830-1,pear1247,Pear,3,v́au,phonetic,brave,,,,
16-530-830-1,pear1247,Pear,781,źɔ,phonetic,"fear, fright",,,,
16-540-830-1,pear1247,Pear,1810,ṃə́m źɔ,phonetic,danger,,,,
16-622-830-1,pear1247,Pear,1750,ruɔih,phonetic,choose,,,,
16-660-830-1,pear1247,Pear,1657,moh ah,phonetic,true,,,,
16-670-830-1,pear1247,Pear,601,kăp,phonetic,"lie, tell lies",,,,
16-680-830-1,pear1247,Pear,13,kh`tćhɔk,phonetic,deceit,,,,
16-720-830-1,pear1247,Pear,1292,ə́ man,phonetic,bad,,,,
16-730-830-1,pear1247,Pear,1725,moh,phonetic,"right, correct",,,,
16-740-830-1,pear1247,Pear,1390,ə́ moh,phonetic,wrong,,,,
16-760-830-1,pear1247,Pear,134,luiʔ,phonetic,fault,,,,
16-770-830-1,pear1247,Pear,1293,luiʔ daŋ,phonetic,"mistake, error",,,,
16-790-830-1,pear1247,Pear,1687,n`źɨ̆h,phonetic,praise,,,,
16-810-830-1,pear1247,Pear,1427,k`źah,phonetic,beautiful,,,,
16-820-830-1,pear1247,Pear,1548,ə́ k`źah,phonetic,ugly,,,,
16-830-830-1,pear1247,Pear,2018,loʔ phaʔ,phonetic,greedy,,,,
16-840-830-1,pear1247,Pear,1310,ḷaʔ,phonetic,clever,,,,
17-110-830-1,pear1247,Pear,1562,hɔʔ,phonetic,mind,,,,
17-130-830-1,pear1247,Pear,1415,sɔn,phonetic,think (= reflect),,,,
17-140-830-1,pear1247,Pear,1513,ta la moh,phonetic,think (= be of the opinion),,,,
17-150-830-1,pear1247,Pear,1890,ṇ́ium,phonetic,believe,,,,
17-160-830-1,pear1247,Pear,1536,năp,phonetic,understand,,,,
17-171-830-1,pear1247,Pear,1932,h`tćhaʔ,phonetic,guess,,,,
17-172-830-1,pear1247,Pear,117,źɨŋ,phonetic,imitate,,,,
17-180-830-1,pear1247,Pear,1521,rɛm ṇer,phonetic,seem,,,,
17-190-830-1,pear1247,Pear,1609,li ŋiɛ,phonetic,"idea, notion",,,,
17-220-830-1,pear1247,Pear,1518,rɨ / źɔŋ,phonetic,"foolish, stupid",,,,
17-230-830-1,pear1247,Pear,1899,k`far,phonetic,"insane, crazy",,,,
17-240-830-1,pear1247,Pear,504,p`nɔ,phonetic,learn,,,,
17-242-830-1,pear1247,Pear,1929,k`mɔn,phonetic,study,,,,
17-250-830-1,pear1247,Pear,709,p`nɔ,phonetic,teach,,,,
17-260-830-1,pear1247,Pear,753,kɔn h`pɛ̆ʔ,phonetic,pupil,,,,
17-270-830-1,pear1247,Pear,1038,k`rɛ̆,phonetic,teacher,,,,
17-280-830-1,pear1247,Pear,673,ɔŋ k`no liʔ,phonetic,school,,,,
17-310-830-1,pear1247,Pear,707,tŏŋ un,phonetic,remember,,,,
17-320-830-1,pear1247,Pear,1523,biɨ v́ɛt,phonetic,forget,,,,
17-340-830-1,pear1247,Pear,989,năp / săk,phonetic,"clear, plain",,,,
17-350-830-1,pear1247,Pear,1764,năp kiu ah,phonetic,obscure,,,,
17-360-830-1,pear1247,Pear,1121,ʔup plɔŋ,phonetic,secret,,,,
17-370-830-1,pear1247,Pear,509,moh ah,phonetic,"sure, certain",,,,
17-380-830-1,pear1247,Pear,1626,grai nar,phonetic,explain,,,,
17-410-830-1,pear1247,Pear,1162,oŋ nah,phonetic,"intention, purpose",,,,
17-420-830-1,pear1247,Pear,860,tɔŋ a`rieh,phonetic,cause,,,,
17-430-830-1,pear1247,Pear,1308,thə́m,phonetic,doubt,,,,
17-440-830-1,pear1247,Pear,1841,thə́m,phonetic,suspect,,,,
17-441-830-1,pear1247,Pear,1902,k`tai ŋai,phonetic,betray,,,,
17-450-830-1,pear1247,Pear,643,ḷo,phonetic,"need, necessity",,,,
17-460-830-1,pear1247,Pear,686,khə́i,phonetic,easy,,,,
17-470-830-1,pear1247,Pear,584,kiu,phonetic,difficult,,,,
17-470-830-2,pear1247,Pear,584,kiu a`ah,phonetic,difficult,,,,
17-480-830-1,pear1247,Pear,1812,tćɛm,phonetic,"try, attempt",,,,
17-510-830-1,pear1247,Pear,1577,kh`dźuʔ,phonetic,and,,,,
17-550-830-1,pear1247,Pear,1268,moh,phonetic,"yes, affirmative",,,,
17-560-830-1,pear1247,Pear,1269,ə́ moh,phonetic,"no, negative",,,,
17-610-830-1,pear1247,Pear,1239,ṃɔn a`pai,phonetic,how?,,,,
17-620-830-1,pear1247,Pear,822,aŋ kɨn / aŋ plam,phonetic,how many?,,,,
17-630-830-1,pear1247,Pear,531,aŋ,phonetic,how much?,,,,
17-640-830-1,pear1247,Pear,1236,si,phonetic,what?,,,,
17-660-830-1,pear1247,Pear,1237,ŏŋ ṃɔ,phonetic,where?,,,,
17-670-830-1,pear1247,Pear,727,kɔ ṃɔ,phonetic,which?,,,,
17-680-830-1,pear1247,Pear,1235,si,phonetic,who?,,,,
17-690-830-1,pear1247,Pear,1270,ṃɔ,phonetic,why?,,,,
18-110-830-1,pear1247,Pear,1363,ham,phonetic,voice,,,,
18-120-830-1,pear1247,Pear,1261,biɛi,phonetic,sing,,,,
18-130-830-1,pear1247,Pear,715,tɔʔ,phonetic,"shout, cry out",,,,
18-150-830-1,pear1247,Pear,55,k1bɨ̆iʔ,phonetic,whisper,,,,
18-160-830-1,pear1247,Pear,128,bar,phonetic,mumble,,,,
18-170-830-1,pear1247,Pear,1025,uʔ phret phret,phonetic,whistle,,,,
18-180-830-1,pear1247,Pear,298,riar,phonetic,"shriek, screech",,,,
18-190-830-1,pear1247,Pear,526,proh v́ui,phonetic,howl,,,,
18-210-830-1,pear1247,Pear,1623,k`mvn,phonetic,"speak, talk",,,,
18-211-830-1,pear1247,Pear,1866,uʔ uʔ aʔ aʔ,phonetic,"stutter, stammer",,,,
18-220-830-1,pear1247,Pear,1458,dah / grai,phonetic,say,,,,
18-221-830-1,pear1247,Pear,1711,grai a`pon,phonetic,tell story,,,,
18-222-830-1,pear1247,Pear,1115,krɔ̆h grai,phonetic,speech (make a),,,,
18-230-830-1,pear1247,Pear,48,k`tiʔ nɔih,phonetic,silent (be),,,,
18-240-830-1,pear1247,Pear,1307,krɔ̆h,phonetic,language,,,,
18-260-830-1,pear1247,Pear,1599,liʔ,phonetic,word,,,,
18-280-830-1,pear1247,Pear,1405,dźɨ,phonetic,name,,,,
18-310-830-1,pear1247,Pear,1309,k`mɔt,phonetic,"ask (question, inquire)",,,,
18-320-830-1,pear1247,Pear,1275,źaih,phonetic,answer,,,,
18-330-830-1,pear1247,Pear,2022,źin,phonetic,"admit, confess",,,,
18-340-830-1,pear1247,Pear,755,ə́ źin,phonetic,deny,,,,
18-350-830-1,pear1247,Pear,1828,ṃan thɛm,phonetic,"ask, request",,,,
18-360-830-1,pear1247,Pear,1675,źɛh,phonetic,promise,,,,
18-370-830-1,pear1247,Pear,49,ə́ źah,phonetic,refuse,,,,
18-380-830-1,pear1247,Pear,83,ə́ tćun,phonetic,forbid,,,,
18-410-830-1,pear1247,Pear,1084,tɔʔ,phonetic,call (=summon),,,,
18-420-830-1,pear1247,Pear,180,tɔʔ a`rɛŋ,phonetic,call (=name),,,,
18-430-830-1,pear1247,Pear,9,grai i`nap,phonetic,announce,,,,
18-440-830-1,pear1247,Pear,1192,k`piɔ,phonetic,threaten,,,,
18-450-830-1,pear1247,Pear,101,k`źɨ̆h źăh,phonetic,boast,,,,
18-510-830-1,pear1247,Pear,1672,tɛm,phonetic,write,,,,
18-520-830-1,pear1247,Pear,724,phat,phonetic,read,,,,
18-560-830-1,pear1247,Pear,648,tće,phonetic,paper,,,,
18-570-830-1,pear1247,Pear,794,pi,phonetic,pen,,,,
18-710-830-1,pear1247,Pear,777,k`lɔr,phonetic,flute,,,,
18-720-830-1,pear1247,Pear,908,klɔŋ,phonetic,drum,,,,
18-730-830-1,pear1247,Pear,2136,ṇɛ,phonetic,"horn, trumpet",,,,
18-740-830-1,pear1247,Pear,300,k`tvh / k`dɔh ham,phonetic,rattle,,,,
19-110-830-1,pear1247,Pear,1300,koŋ rau,phonetic,country,,,,
19-120-830-1,pear1247,Pear,89,rau giaŋ,phonetic,one's native country,,,,
19-150-830-1,pear1247,Pear,1391,lɛʔ tun,phonetic,"city, town",,,,
19-160-830-1,pear1247,Pear,930,rau,phonetic,village,,,,
19-170-830-1,pear1247,Pear,1010,ḷɛ,phonetic,boundary,,,,
19-210-830-1,pear1247,Pear,789,tui koŋ,phonetic,people (populace),,,,
19-240-830-1,pear1247,Pear,301,a`pup,phonetic,"chief, chieftain",,,,
19-250-830-1,pear1247,Pear,1296,n`grun,phonetic,"staff, walking stick",,,,
19-320-830-1,pear1247,Pear,1508,ho kham,phonetic,"king, ruler",,,,
19-330-830-1,pear1247,Pear,1306,i pɔn ho kham,phonetic,queen,,,,
19-410-830-1,pear1247,Pear,383,k`ŋie kiaŋ,phonetic,master,,,,
19-420-830-1,pear1247,Pear,812,luk,phonetic,slave,,,,
19-430-830-1,pear1247,Pear,255,luk,phonetic,servant,,,,
19-450-830-1,pear1247,Pear,1128,tɨ̆k,phonetic,"command, order",,,,
19-460-830-1,pear1247,Pear,1635,ŋiɔr k`kah,phonetic,obey,,,,
19-470-830-1,pear1247,Pear,1003,bə́n un,phonetic,"let, permit",,,,
19-510-830-1,pear1247,Pear,1325,brɔm,phonetic,"friend, companion",,,,
19-520-830-1,pear1247,Pear,1358,tvi ə́ man,phonetic,enemy,,,,
19-540-830-1,pear1247,Pear,1332,k`tăt dɔ,phonetic,neighbor,,,,
19-550-830-1,pear1247,Pear,791,tv i ə́ năp,phonetic,stranger,,,,
19-560-830-1,pear1247,Pear,1782,khɛ̆k,phonetic,guest,,,,
19-570-830-1,pear1247,Pear,1545,k`ŋie,phonetic,host,,,,
19-580-830-1,pear1247,Pear,1897,thɛm,phonetic,"help, aid",,,,
19-590-830-1,pear1247,Pear,1550,kɛr,phonetic,"hinder, prevent",,,,
19-610-830-1,pear1247,Pear,1747,a`fiŋ,phonetic,custom,,,,
19-620-830-1,pear1247,Pear,1848,k`luiʔ,phonetic,"strife, quarrel",,,,
19-650-830-1,pear1247,Pear,1831,źɨ,phonetic,meet,,,,
20-110-830-1,pear1247,Pear,1423,k`nɔt / k`luiʔ,phonetic,fight (vb),,,,
20-130-830-1,pear1247,Pear,579,h`kɔ̆h / kuŋ lu,phonetic,"war, battle",,,,
20-150-830-1,pear1247,Pear,1561,lian,phonetic,army,,,,
20-170-830-1,pear1247,Pear,1941,k`sɨ̆k,phonetic,soldier,,,,
20-210-830-1,pear1247,Pear,951,bŭt nat,phonetic,"weapons, arms",,,,
20-220-830-1,pear1247,Pear,1763,tŏp,phonetic,club,,,,
20-222-830-1,pear1247,Pear,386,mŭih kɔ̆h,phonetic,battle-ax,,,,
20-230-830-1,pear1247,Pear,387,ʔɛʔ,phonetic,sling,,,,
20-240-830-1,pear1247,Pear,994,ʔɛʔ thɛŋ,phonetic,bow,,,,
20-250-830-1,pear1247,Pear,977,rai,phonetic,arrow,,,,
20-260-830-1,pear1247,Pear,945,liɛ̆h,phonetic,spear,,,,
20-270-830-1,pear1247,Pear,1535,a`dŏm,phonetic,sword,,,,
20-280-830-1,pear1247,Pear,1566,nat miɔk,phonetic,"gun, cannon",,,,
20-330-830-1,pear1247,Pear,1680,mɔ̆ʔ dɔŋ,phonetic,helmet,,,,
20-350-830-1,pear1247,Pear,1938,rɔ giaŋ,phonetic,fortress,,,,
20-360-830-1,pear1247,Pear,1671,kɔŋ mu,phonetic,tower,,,,
20-410-830-1,pear1247,Pear,783,be,phonetic,victory,,,,
20-420-830-1,pear1247,Pear,782,ə́ be,phonetic,defeat,,,,
20-430-830-1,pear1247,Pear,722,lĭp,phonetic,attack,,,,
20-440-830-1,pear1247,Pear,1330,rɛ̆ʔ,phonetic,defend,,,,
20-450-830-1,pear1247,Pear,421,dɔ / źiaŋ,phonetic,retreat,,,,
20-460-830-1,pear1247,Pear,1696,ə́ be,phonetic,surrender,,,,
20-471-830-1,pear1247,Pear,1940,i rɛʔ,phonetic,"guard, sentinel",,,,
20-480-830-1,pear1247,Pear,1022,gu be tɛ,phonetic,"booty, spoils",,,,
20-490-830-1,pear1247,Pear,65,rɛʔ,phonetic,ambush,,,,
20-510-830-1,pear1247,Pear,1858,i ćiaŋ kɛ,phonetic,fisherman,,,,
20-520-830-1,pear1247,Pear,1074,a`bɛt,phonetic,fishhook,,,,
20-530-830-1,pear1247,Pear,19,v́a:r a`bɛt,phonetic,fishing line,,,,
20-540-830-1,pear1247,Pear,388,a`rap kɛ,phonetic,fishnet,,,,
20-560-830-1,pear1247,Pear,2013,hɔm kɛ,phonetic,bait,,,,
20-610-830-1,pear1247,Pear,1435,pɔn to prai,phonetic,hunt,,,,
20-620-830-1,pear1247,Pear,1172,pɔn,phonetic,shoot,,,,
20-630-830-1,pear1247,Pear,161,pɔn ə́ tćɔ,phonetic,miss (target),,,,
20-640-830-1,pear1247,Pear,1075,k`tau m`buŋ,phonetic,trap (noun),,,,
20-650-830-1,pear1247,Pear,1170,loʔ k`tau m`buŋ,phonetic,trap (vb),,,,
21-230-830-1,pear1247,Pear,1144,i năp,phonetic,witness,,,,
21-370-830-1,pear1247,Pear,390,ṃăr,phonetic,"penalty, punishment",,,,
21-380-830-1,pear1247,Pear,218,ṃăr,phonetic,fine,,,,
21-390-830-1,pear1247,Pear,1281,ɔŋ khɔp ɨ ʔi,phonetic,"prison, jail",,,,
21-430-830-1,pear1247,Pear,902,i gɔi rum,phonetic,adultery,,,,
21-460-830-1,pear1247,Pear,1889,tɔʔ ŋar,phonetic,arson,,,,
21-510-830-1,pear1247,Pear,713,brɛ,phonetic,steal,,,,
21-520-830-1,pear1247,Pear,1160,ṛĭm,phonetic,thief,,,,
22-120-830-1,pear1247,Pear,1944,tɛ pleŋ,phonetic,God,,,,
22-130-830-1,pear1247,Pear,911,kiɔŋ,phonetic,"temple, church",,,,
22-150-830-1,pear1247,Pear,1103,taŋ ḷu,phonetic,"sacrifice, offering",,,,
22-180-830-1,pear1247,Pear,852,tsau,phonetic,priest,,,,
22-240-830-1,pear1247,Pear,8,phat k`tɔŋ,phonetic,curse,,,,
22-310-830-1,pear1247,Pear,1565,k`v́e pleŋ,phonetic,heaven,,,,
22-320-830-1,pear1247,Pear,878,khrɨn k`tai,phonetic,hell,,,,
22-350-830-1,pear1247,Pear,1973,k`bau i,phonetic,demon (evil spirit),,,,
22-450-830-1,pear1247,Pear,1175,k`bau / k`nam,phonetic,"ghost, phantom",,,,
