ID,Language_ID,Language_name,Parameter_ID,Value,Transcription,Concept,Source,Comment,AlternativeValue,AlternativeTranscription
14-290-250-1,yuwa1244,Yuwana,790,ʰta,Phonemic,ready,,,,
14-280-250-1,yuwa1244,Yuwana,1928,bẽtaili,Phonemic,"cease, stop",,,,
14-270-250-1,yuwa1244,Yuwana,1766,-lɨ̃-,Phonemic,finish,,,,
14-260-250-1,yuwa1244,Yuwana,743,(action) + -te + bai,Phonemic,end (temporal),,,,
14-250-250-1,yuwa1244,Yuwana,1806,(action) + bai,Phonemic,"begin, beginning",,,,
14-240-250-1,yuwa1244,Yuwana,425,yã ʰkolã,Phonemic,"retard, delay",,,,
14-230-250-1,yuwa1244,Yuwana,754,yã bɨ̃lẽ,Phonemic,"hasten, hurry",,,,
14-220-250-1,yuwa1244,Yuwana,701,yã ʰkolã,Phonemic,slow,,,,
14-210-250-1,yuwa1244,Yuwana,1631,yã itete,Phonemic,"swift, fast, quick",,,,
14-190-250-1,yuwa1244,Yuwana,1963,yã bai,Phonemic,immediately,,,,
14-180-250-1,yuwa1244,Yuwana,1376,yã bai,Phonemic,now,,,,
14-170-250-1,yuwa1244,Yuwana,477,ʰtaʰtite,Phonemic,late,,,,
14-160-250-1,yuwa1244,Yuwana,672,yã bɨ̃lẽ,Phonemic,early,,,,
14-150-250-1,yuwa1244,Yuwana,1229,ʰtawo,Phonemic,old,,,,
14-140-250-1,yuwa1244,Yuwana,1207,bai hã,Phonemic,young,,,,
13-440-250-1,yuwa1244,Yuwana,417,ʰwekʸalã,Phonemic,three times,,,,
13-380-250-1,yuwa1244,Yuwana,1546,ʰwekʸalã,Phonemic,two times,,,,
13-360-250-1,yuwa1244,Yuwana,1384,ikʸuke,Phonemic,second,,,,
13-350-250-1,yuwa1244,Yuwana,1529,yã ʰti ikʸuke,Phonemic,last,,,,
13-340-250-1,yuwa1244,Yuwana,728,yã akɨ,Phonemic,first,,,,
13-330-250-1,yuwa1244,Yuwana,1580,hoteya,Phonemic,"alone, only",,,,
13-330-250-3,yuwa1244,Yuwana,1580,ʰtitekʸa,Phonemic,"alone, only",,,,
13-330-250-5,yuwa1244,Yuwana,1580,hãtõhã,Phonemic,"alone, only",,,,
13-220-250-1,yuwa1244,Yuwana,1624,hai'te,Phonemic,empty,,,,
13-220-250-3,yuwa1244,Yuwana,1624,ʰyu'te,Phonemic,empty,,,,
13-210-250-1,yuwa1244,Yuwana,1429,a bĩ,Phonemic,full,,,,
13-190-250-1,yuwa1244,Yuwana,2023,yã ʰti 'aihatɨ,Phonemic,"multitude, crowd",,,,
13-181-250-1,yuwa1244,Yuwana,1241,ʰwekʸato,Phonemic,some,,,,
13-181-250-3,yuwa1244,Yuwana,1241,ʰwekʸa atei,Phonemic,some,,,,
13-181-250-5,yuwa1244,Yuwana,1241,ʰwekʸatɨ,Phonemic,some,,,,
13-170-250-1,yuwa1244,Yuwana,1242,ʰwekʸato,Phonemic,"little (quantity), few",,,,
13-170-250-3,yuwa1244,Yuwana,1242,ʰwekʸa atei,Phonemic,"little (quantity), few",,,,
13-170-250-5,yuwa1244,Yuwana,1242,ʰwekʸatɨ,Phonemic,"little (quantity), few",,,,
13-180-250-1,yuwa1244,Yuwana,1881,ʰta,Phonemic,enough,,,,
13-150-250-1,yuwa1244,Yuwana,1198,yã aiwa to,Phonemic,"much, many",,,,
13-150-250-3,yuwa1244,Yuwana,1198,yã aiwa atei,Phonemic,"much, many",,,,
13-150-250-5,yuwa1244,Yuwana,1198,yã 'aiʰyatɨ,Phonemic,"much, many",,,,
13-140-250-1,yuwa1244,Yuwana,98,bwekʸato,Phonemic,"every, all",,,,
13-140-250-3,yuwa1244,Yuwana,98,bwekʸa atei,Phonemic,"every, all",,,,
13-140-250-5,yuwa1244,Yuwana,98,bwekʸatɨ,Phonemic,"every, all",,,,
13-60-250-1,yuwa1244,Yuwana,1703,aiwa to,Phonemic,six,,,,
13-60-250-3,yuwa1244,Yuwana,1703,aiwa atei,Phonemic,six,,,,
13-60-250-5,yuwa1244,Yuwana,1703,'aiʰyatɨ,Phonemic,six,,,,
13-50-250-1,yuwa1244,Yuwana,493,aiwa to,Phonemic,five,,,,
13-50-250-3,yuwa1244,Yuwana,493,aiwa atei,Phonemic,five,,,,
13-50-250-5,yuwa1244,Yuwana,493,'aiʰyatɨ,Phonemic,five,,,,
13-40-250-1,yuwa1244,Yuwana,1500,aiwa to,Phonemic,four,,,,
13-40-250-3,yuwa1244,Yuwana,1500,aiwa atei,Phonemic,four,,,,
13-40-250-5,yuwa1244,Yuwana,1500,'aiʰyatɨ,Phonemic,four,,,,
13-20-250-1,yuwa1244,Yuwana,1498,ʰwekʸato,Phonemic,two,,,,
13-20-250-3,yuwa1244,Yuwana,1498,ʰwekʸa atei,Phonemic,two,,,,
13-20-250-5,yuwa1244,Yuwana,1498,ʰwekʸatɨ,Phonemic,two,,,,
13-30-250-1,yuwa1244,Yuwana,492,ʰwekʸato,Phonemic,three,,,,
13-30-250-3,yuwa1244,Yuwana,492,ʰwekʸa atei,Phonemic,three,,,,
13-30-250-5,yuwa1244,Yuwana,492,ʰwekʸatɨ,Phonemic,three,,,,
13-10-250-1,yuwa1244,Yuwana,1493,hoteya,Phonemic,one,,,,
13-10-250-3,yuwa1244,Yuwana,1493,ʰtitekʸa,Phonemic,one,,,,
13-10-250-5,yuwa1244,Yuwana,1493,hãtõhã,Phonemic,one,,,,
13-0-250-1,yuwa1244,Yuwana,1294,hawa'te,Phonemic,"zero, nothing",,,,
12-930-250-1,yuwa1244,Yuwana,1264,beibei,Phonemic,change,,,,
12-920-250-1,yuwa1244,Yuwana,1558,bo bã,Phonemic,"like, similar",,,,
12-840-250-1,yuwa1244,Yuwana,1048,hu,Phonemic,line,,,,
12-840-250-3,yuwa1244,Yuwana,1048,hoho,Phonemic,line,,,,
12-850-250-1,yuwa1244,Yuwana,1667,laike,Phonemic,hole,,,,
12-830-250-1,yuwa1244,Yuwana,1845,hu,Phonemic,"sphere, ball",,,,
12-810-250-1,yuwa1244,Yuwana,1395,libute,Phonemic,round,,,,
12-820-250-1,yuwa1244,Yuwana,1467,libute,Phonemic,circle,,,,
12-750-250-1,yuwa1244,Yuwana,1071,akã,Phonemic,hook,,,,
12-740-250-1,yuwa1244,Yuwana,297,wilo,Phonemic,crooked,,,,
12-730-250-1,yuwa1244,Yuwana,1404,ʰtɨboikʸa,Phonemic,straight,,,,
12-680-250-1,yuwa1244,Yuwana,193,eleikate,Phonemic,shallow,,,,
12-670-250-1,yuwa1244,Yuwana,1593,ʰkʷa lẽi,Phonemic,deep,,,,
12-650-250-1,yuwa1244,Yuwana,2249,lãlẽ,Phonemic,thin (in dimension),,,,
12-630-250-1,yuwa1244,Yuwana,1244,bahtu,Phonemic,thick (in dimension),,,,
12-620-250-1,yuwa1244,Yuwana,1267,lãlẽ,Phonemic,narrow,,,,
12-610-250-1,yuwa1244,Yuwana,1243,bahtu,Phonemic,"wide, broad",,,,
12-590-250-1,yuwa1244,Yuwana,1645,aliʰkʷete,Phonemic,short,,,,
12-580-250-1,yuwa1244,Yuwana,711,ʰtabɨ̃,Phonemic,tall,,,,
12-570-250-1,yuwa1244,Yuwana,1203,ʰtabɨ̃,Phonemic,long,,,,
12-560-250-1,yuwa1244,Yuwana,1246,halĩ,Phonemic,"small, little",,,,
12-550-250-1,yuwa1244,Yuwana,1202,uli,Phonemic,"large, big",,,,
12-540-250-1,yuwa1244,Yuwana,1506,ʰka lãbẽitɨ we,Phonemic,measure,,,,
12-530-250-1,yuwa1244,Yuwana,479,ʰwoi,Phonemic,grow,,,,
12-430-250-1,yuwa1244,Yuwana,1942,habẽilã,Phonemic,near (adv),,,,
12-440-250-1,yuwa1244,Yuwana,1406,yã ʰtoʰto,Phonemic,far (adv),,,,
12-420-250-1,yuwa1244,Yuwana,244,wõiko bõ bã hai-lɨ̃,Phonemic,left (side),,See previous entry.,,
12-410-250-1,yuwa1244,Yuwana,1019,baʰkei bõ bã hai-lɨ̃,Phonemic,right (side),,"The concept of right/left is not usual; it is more normal to refer to location of item, such as 'up river' down river'; or 'head' or 'bottom' side.",,
12-370-250-1,yuwa1244,Yuwana,1093,ebõlã,Phonemic,"middle, center",,,,
12-360-250-1,yuwa1244,Yuwana,682,aʰkulẽ,Phonemic,side,,,,
12-353-250-1,yuwa1244,Yuwana,863,a,Phonemic,edge,,,,
12-352-250-1,yuwa1244,Yuwana,372,alulu,Phonemic,pointed,,,,
12-350-250-1,yuwa1244,Yuwana,742,ikʸu,Phonemic,end,,,,
12-340-250-1,yuwa1244,Yuwana,690,ikʸu,Phonemic,bottom,,,,
12-320-250-1,yuwa1244,Yuwana,721,lẽilã,Phonemic,low,,,,
12-330-250-1,yuwa1244,Yuwana,1753,ʰtu,Phonemic,top,,,,
12-310-250-1,yuwa1244,Yuwana,1265,ʰtabɨ̃,Phonemic,high,,,,
12-270-250-1,yuwa1244,Yuwana,602,ʰtoweka ʰka-beibei,Phonemic,"hide, conceal",,,,
12-250-250-1,yuwa1244,Yuwana,1046,wei,Phonemic,"shut, close",,,,
12-260-250-1,yuwa1244,Yuwana,761,ʰka-labẽitɨ,Phonemic,cover,,,,
12-240-250-1,yuwa1244,Yuwana,1156,wai,Phonemic,open,,,,
12-230-250-1,yuwa1244,Yuwana,1359,ʰkuluwai,Phonemic,separate,,,,
12-220-250-1,yuwa1244,Yuwana,1743,ʰka-labẽi,Phonemic,"join, unite",,,,
12-213-250-1,yuwa1244,Yuwana,1576,bãi,Phonemic,pile up,,,,
12-212-250-1,yuwa1244,Yuwana,371,bo bɨ̃,Phonemic,pick up,,,,
12-210-250-1,yuwa1244,Yuwana,7,bo bɨ̃,Phonemic,"collect, gather",,,,
12-160-250-1,yuwa1244,Yuwana,987,bẽɨ,Phonemic,"remain, stay",,,,
12-150-250-1,yuwa1244,Yuwana,1442,wã,Phonemic,stand,,,,
12-140-250-1,yuwa1244,Yuwana,215,ʰyali,Phonemic,lie down,,,,
12-130-250-1,yuwa1244,Yuwana,1416,towã,Phonemic,sit,,,,
12-120-250-1,yuwa1244,Yuwana,998,ʰka-tɨtɨ,Phonemic,put,,,,
12-110-250-1,yuwa1244,Yuwana,723,lo,Phonemic,place,,,,
12-80-250-1,yuwa1244,Yuwana,1591,bɨ̃ke,Phonemic,"up, above",,,,
12-80-250-3,yuwa1244,Yuwana,1591,-bĩlẽ,Phonemic,"up, above",,,,
12-70-250-1,yuwa1244,Yuwana,1485,-ʰkɨwe,Phonemic,under,,,,
12-60-250-1,yuwa1244,Yuwana,762,ʰkʸoka,Phonemic,outside,,,,
12-50-250-1,yuwa1244,Yuwana,1606,-ʰkʷa,Phonemic,"inside, in",,,,
12-41-250-1,yuwa1244,Yuwana,1883,-akɨ,Phonemic,front,,,,
12-40-250-1,yuwa1244,Yuwana,1882,-ʰkɨwe,Phonemic,before,,,,
12-30-250-1,yuwa1244,Yuwana,2094,ʰkʸaka,Phonemic,"down, below",,,,
12-30-250-3,yuwa1244,Yuwana,2094,ʰkulẽ,Phonemic,"down, below",,,,
12-20-250-1,yuwa1244,Yuwana,1816,aʰkulẽ,Phonemic,beside,,,,
12-11-250-1,yuwa1244,Yuwana,1686,-ikʸuke,Phonemic,behind,,,,
12-10-250-1,yuwa1244,Yuwana,1685,-tolã,Phonemic,after,,,,
12-10-250-3,yuwa1244,Yuwana,1685,-hailã,Phonemic,after,,,,
11-910-250-1,yuwa1244,Yuwana,884,ʰka-ʰtɨ,Phonemic,share (distribute),,,,
11-830-250-1,yuwa1244,Yuwana,2135,abei,Phonemic,"trade, barter",,,,
11-820-250-1,yuwa1244,Yuwana,1571,ʰka-ʰtɨ,Phonemic,sell,,,,
11-810-250-1,yuwa1244,Yuwana,1869,abei-bɨ̃,Phonemic,buy,,,,
11-650-250-1,yuwa1244,Yuwana,718,ʰka-ʰtɨ,Phonemic,pay (vb),,,,
11-630-250-1,yuwa1244,Yuwana,369,ʰke,Phonemic,owe,,,,
11-620-250-1,yuwa1244,Yuwana,1823,ʰka-bĩ,Phonemic,borrow,,,,
11-610-250-1,yuwa1244,Yuwana,582,ʰka-bĩ,Phonemic,lend,,,,
11-540-250-1,yuwa1244,Yuwana,1774,ʰka-ʰtɨ'te bãlɨ̃,Phonemic,"avaricious, stingy",,,,
11-530-250-1,yuwa1244,Yuwana,1934,'aiwa abei teka-jã,Phonemic,beggar,,,,
11-430-250-1,yuwa1244,Yuwana,1559,[balata],Phonemic,money,,From Span. 'plata'.,,
11-340-250-1,yuwa1244,Yuwana,1095,ʰka-lei,Phonemic,"release, let go",,,,
11-330-250-1,yuwa1244,Yuwana,1660,ʰtowai,Phonemic,lose,,,,
11-320-250-1,yuwa1244,Yuwana,719,welɨ-lai,Phonemic,find,,,,
11-310-250-1,yuwa1244,Yuwana,1468,welɨ,Phonemic,"seek, look for",,,,
11-280-250-1,yuwa1244,Yuwana,44,ʰka-ʰtowai,Phonemic,"harm, injure, damage",,,,
11-270-250-1,yuwa1244,Yuwana,681,ʰka-ʰtowailɨ̃,Phonemic,destroy,,,,
11-220-250-1,yuwa1244,Yuwana,85,ʰleika ʰka-ʰtɨ,Phonemic,give back,,,,
11-210-250-1,yuwa1244,Yuwana,1447,ʰka-ʰtɨ,Phonemic,give,,,,
11-180-250-1,yuwa1244,Yuwana,738,hai,Phonemic,thing,,,,
11-180-250-3,yuwa1244,Yuwana,738,ha,Phonemic,thing,,,,
11-180-250-5,yuwa1244,Yuwana,738,hĩ,Phonemic,thing,,,,
11-180-250-7,yuwa1244,Yuwana,738,hoho,Phonemic,thing,,,,
11-180-250-9,yuwa1244,Yuwana,738,bo,Phonemic,thing,,,,
11-170-250-1,yuwa1244,Yuwana,1477,ʰka-ʰtɨ'te,Phonemic,"keep, retain",,Means not give.,,
11-160-250-1,yuwa1244,Yuwana,694,ʰka-bɨ̃,Phonemic,"get, obtain",,,,
11-150-250-1,yuwa1244,Yuwana,1448,ʰtilẽ,Phonemic,hold,,,,
11-140-250-1,yuwa1244,Yuwana,2021,lũwẽtɨ,Phonemic,"seize, grasp",,,,
11-130-250-1,yuwa1244,Yuwana,1749,bou bẽi,Phonemic,take,,,,
11-120-250-1,yuwa1244,Yuwana,684,bã-,Phonemic,"own, possess",,Various forms of bã- verb.,,
11-110-250-1,yuwa1244,Yuwana,773,bã-,Phonemic,have,,Various forms of bã- verb.,,
10-920-250-1,yuwa1244,Yuwana,1922,ʰlu ʰwi,Phonemic,land (vb),,Refers to airplane landing.,,
10-910-250-1,yuwa1244,Yuwana,610,au ʰtawɨ bãhai,Phonemic,"harbor, port",,,,
10-852-250-1,yuwa1244,Yuwana,1849,holebĩ,Phonemic,row (vb),,,,
10-851-250-1,yuwa1244,Yuwana,234,au ʰtawɨ heʰte,Phonemic,paddle (noun),,,,
10-850-250-1,yuwa1244,Yuwana,108,au ʰtawɨ heʰte,Phonemic,oar,,,,
10-840-250-1,yuwa1244,Yuwana,1664,au ʰtawɨ,Phonemic,raft,,,,
10-831-250-1,yuwa1244,Yuwana,1970,au ʰtawɨ,Phonemic,canoe,,,,
10-830-250-1,yuwa1244,Yuwana,1844,au ʰtawɨ,Phonemic,boat,,,,
10-810-250-1,yuwa1244,Yuwana,740,uli au ʰtawɨ,Phonemic,ship,,,,
10-770-250-1,yuwa1244,Yuwana,1769,heʰle,Phonemic,axle,,,,
10-760-250-1,yuwa1244,Yuwana,710,bãlãlĩbu tekai,Phonemic,wheel,,,,
10-750-250-1,yuwa1244,Yuwana,122,ʰtatɨ ʰkʷei tekai,Phonemic,"carriage, wagon, cart",,,,
10-740-250-1,yuwa1244,Yuwana,1011,hibɨeka,Phonemic,bridge,,,,
10-720-250-1,yuwa1244,Yuwana,2252,bãlã,Phonemic,path,,,,
10-710-250-1,yuwa1244,Yuwana,667,bãlã,Phonemic,road,,,,
10-670-250-1,yuwa1244,Yuwana,1452,ʰyatɨ-ũ,Phonemic,"push, shove",,,,
10-670-250-3,yuwa1244,Yuwana,1452,ʰyatɨ-ʰkʷei,Phonemic,"push, shove",,,,
10-660-250-1,yuwa1244,Yuwana,367,ũ...,Phonemic,ride,,,,
10-650-250-1,yuwa1244,Yuwana,741,ũ,Phonemic,drive,,,,
10-640-250-1,yuwa1244,Yuwana,43,ʰtilẽ,Phonemic,lead (vb),,"For example, leading a dog on a chain.",,
10-620-250-1,yuwa1244,Yuwana,692,luwi,Phonemic,bring,,,,
10-615-250-1,yuwa1244,Yuwana,415,ʰtile-ʰkɨwe yãtei,Phonemic,carry-underarm,,,,
10-614-250-1,yuwa1244,Yuwana,414,hebotai,Phonemic,carry-on-head,,,,
10-613-250-1,yuwa1244,Yuwana,413,aʰkulelɨ̃ wãlẽlẽ,Phonemic,carry-on-shoulder,,,,
10-612-250-1,yuwa1244,Yuwana,412,ʰka-bĩ,Phonemic,carry-in-hand,,,,
10-612-250-3,yuwa1244,Yuwana,412,ʰkelei-abei,Phonemic,carry-in-hand,,,,
10-610-250-1,yuwa1244,Yuwana,700,ʰka-bĩ,Phonemic,carry (bear),,,,
10-570-250-1,yuwa1244,Yuwana,749,ʰtali,Phonemic,enter,,,,
10-560-250-1,yuwa1244,Yuwana,1778,ʰlu,Phonemic,approach,,,,
10-550-250-1,yuwa1244,Yuwana,1387,ʰlu,Phonemic,"reach, arrive",,,,
10-530-250-1,yuwa1244,Yuwana,1047,hole,Phonemic,pursue,,,,
10-520-250-1,yuwa1244,Yuwana,1085,ʰwɨ̃ yãi,Phonemic,follow,,,,
10-510-250-1,yuwa1244,Yuwana,956,ʰtoweika ʰlẽɨye,Phonemic,flee,,,,
10-491-250-1,yuwa1244,Yuwana,485,ʰtoweika beibei,Phonemic,disappear,,,,
10-490-250-1,yuwa1244,Yuwana,1752,wõi,Phonemic,"go away, depart",,,,
10-490-250-3,yuwa1244,Yuwana,1752,luwe,Phonemic,"go away, depart",,,,
10-481-250-1,yuwa1244,Yuwana,581,luwe ʰlu,Phonemic,come back,,,,
10-480-250-1,yuwa1244,Yuwana,1446,ʰlu,Phonemic,come,,,,
10-474-250-1,yuwa1244,Yuwana,1107,laibi wõi,Phonemic,go out,,,,
10-473-250-1,yuwa1244,Yuwana,2014,beʰtai,Phonemic,go down,,,,
10-472-250-1,yuwa1244,Yuwana,1102,bẽbai,Phonemic,climb,,,,
10-470-250-1,yuwa1244,Yuwana,695,wõi,Phonemic,go,,,,
10-471-250-1,yuwa1244,Yuwana,705,wõi bi,Phonemic,go up,,,,
10-460-250-1,yuwa1244,Yuwana,1519,ʰlẽɨ,Phonemic,run,,,,
10-451-250-1,yuwa1244,Yuwana,366,ʰlẽɨ,Phonemic,limp,,,,
10-450-250-1,yuwa1244,Yuwana,1443,bɨke ũ,Phonemic,walk,,,,
10-440-250-1,yuwa1244,Yuwana,1879,bẽʰlã ʰtɨ̃ ʰtɨ̃,Phonemic,dance,,,,
10-431-250-1,yuwa1244,Yuwana,1135,ʰkʷei,Phonemic,kick,,,,
10-430-250-1,yuwa1244,Yuwana,1829,ʰka-tɨ,Phonemic,"jump, leap",,,,
10-420-250-1,yuwa1244,Yuwana,1324,ikʸe ʰwi,Phonemic,"slide, slip",,,,
10-413-250-1,yuwa1244,Yuwana,296,bẽʰlã ʰtu towã,Phonemic,crouch,,,,
10-412-250-1,yuwa1244,Yuwana,66,bẽko ʰtu itewa,Phonemic,kneel,,,,
10-410-250-1,yuwa1244,Yuwana,96,ʰlaʰkalã ũ,Phonemic,"creep, crawl",,,,
10-380-250-1,yuwa1244,Yuwana,175,hu,Phonemic,blow,,The latter refers to the wind blowing.,,
10-380-250-3,yuwa1244,Yuwana,175,ʰkʸo ʰweɨ,Phonemic,blow,,The latter refers to the wind blowing.,,
10-370-250-1,yuwa1244,Yuwana,1441,bõwe,Phonemic,fly (vb),,Respectively: bird; airplane.,,
10-370-250-3,yuwa1244,Yuwana,1441,ʰkeleibilĩ,Phonemic,fly (vb),,Respectively: bird; airplane.,,
10-352-250-1,yuwa1244,Yuwana,365,au abibãyẽbei,Phonemic,splash,,,,
10-351-250-1,yuwa1244,Yuwana,119,heto-ʰkʷa ʰwi tali,Phonemic,dive,,,,
10-350-250-1,yuwa1244,Yuwana,1439,ʰkʷei-ai,Phonemic,swim,,,,
10-340-250-1,yuwa1244,Yuwana,1574,ʰka-wãlã,Phonemic,float,,,,
10-330-250-1,yuwa1244,Yuwana,1088,ʰtai ʰwi,Phonemic,sink,,,,
10-320-250-1,yuwa1244,Yuwana,2003,helou,Phonemic,flow,,,,
10-260-250-1,yuwa1244,Yuwana,1909,ʰkɨe-bu,Phonemic,shake,,,,
10-252-250-1,yuwa1244,Yuwana,702,lũwẽte,Phonemic,catch (ball),,,,
10-250-250-1,yuwa1244,Yuwana,1456,ʰka-lũ,Phonemic,throw,,,,
10-240-250-1,yuwa1244,Yuwana,2253,lõu,Phonemic,drip,,,,
10-230-250-1,yuwa1244,Yuwana,1280,ʰwi,Phonemic,fall,,,,
10-220-250-1,yuwa1244,Yuwana,501,ʰka-'ʰtebãi,Phonemic,"raise, lift",,,,
10-210-250-1,yuwa1244,Yuwana,568,ʰweili,Phonemic,rise,,,,
10-170-250-1,yuwa1244,Yuwana,430,tuwi,Phonemic,twist,,,,
10-160-250-1,yuwa1244,Yuwana,808,ʰyai ʰwi,Phonemic,drop (vb),,,,
10-150-250-1,yuwa1244,Yuwana,827,heleli,Phonemic,roll,,,,
10-140-250-1,yuwa1244,Yuwana,1113,ʰweɨ,Phonemic,"wind, wrap",,,,
10-130-250-1,yuwa1244,Yuwana,1445,ʰka-bãlãlĩ,Phonemic,turn around,,,,
10-120-250-1,yuwa1244,Yuwana,1588,bãtɨ balatɨ,Phonemic,turn over,,,,
10-110-250-1,yuwa1244,Yuwana,765,ũ,Phonemic,move,,,,
9-890-250-1,yuwa1244,Yuwana,2001,tuwi,Phonemic,paint (vb),,The latter means to paint red.,,
9-890-250-3,yuwa1244,Yuwana,2001,tuweo,Phonemic,paint (vb),,The latter means to paint red.,,
9-880-250-1,yuwa1244,Yuwana,647,lãlã,Phonemic,paint (noun),,,,
9-810-250-1,yuwa1244,Yuwana,228,ʰkeɨ,Phonemic,carve,,,,
9-791-250-1,yuwa1244,Yuwana,360,uwete,Phonemic,fan (vb),,,,
9-790-250-1,yuwa1244,Yuwana,1971,ʰkule ʰkaʰwe,Phonemic,fan (noun),,Refers to a fire fan.,,
9-780-250-1,yuwa1244,Yuwana,293,ʰliye,Phonemic,netbag,,,,
9-771-250-1,yuwa1244,Yuwana,292,ʰluʰluwe,Phonemic,rug,,,,
9-770-250-1,yuwa1244,Yuwana,195,ʰluʰluwe,Phonemic,mat,,,,
9-760-250-1,yuwa1244,Yuwana,1539,lãla,Phonemic,basket,,,,
9-750-250-1,yuwa1244,Yuwana,1729,walẽ,Phonemic,"weave, plait",,Refers to weaving a hammock.,,
9-730-250-1,yuwa1244,Yuwana,1399,ʰleʰte,Phonemic,clay,,,,
9-720-250-1,yuwa1244,Yuwana,289,ʰleʰte luwetɨ,Phonemic,mold (clay etc),,,,
9-640-250-1,yuwa1244,Yuwana,1369,[olo],Phonemic,gold,,From Span. 'oro'.,,
9-560-250-1,yuwa1244,Yuwana,1069,huteko,Phonemic,glue,,,,
9-500-250-1,yuwa1244,Yuwana,502,heʰle,Phonemic,nail,,,,
9-490-250-1,yuwa1244,Yuwana,1481,ʰku lãbẽitɨ,Phonemic,hammer,,,,
9-490-250-3,yuwa1244,Yuwana,1481,ʰwɨ̃ lãbẽitɨ,Phonemic,hammer,,,,
9-480-250-1,yuwa1244,Yuwana,1948,ʰyatɨ teɨ,Phonemic,saw,,,,
9-461-250-1,yuwa1244,Yuwana,46,ʰkeɨ,Phonemic,hollow out,,,,
9-460-250-1,yuwa1244,Yuwana,1501,bule ʰtuwiwai,Phonemic,bore,,,,
9-440-250-1,yuwa1244,Yuwana,1840,bou,Phonemic,build,,,,
9-380-250-1,yuwa1244,Yuwana,245,ʰlẽi ʰwatɨ tekai (te-ka-hai),Phonemic,broom,,,,
9-360-250-1,yuwa1244,Yuwana,1453,au tɨlɨ,Phonemic,wash,,,,
9-370-250-1,yuwa1244,Yuwana,230,ʰwatɨ,Phonemic,sweep,,,,
9-350-250-1,yuwa1244,Yuwana,1487,ʰka-ʰyãi,Phonemic,pour,,,,
9-343-250-1,yuwa1244,Yuwana,1414,bãlãtɨ eʰlowabei,Phonemic,"squeeze, wring",,,,
9-342-250-1,yuwa1244,Yuwana,1913,luwetɨ,Phonemic,press,,,,
9-341-250-1,yuwa1244,Yuwana,357,ʰka-akʷatɨ,Phonemic,hang up,,,,
9-340-250-1,yuwa1244,Yuwana,38,ʰka-liʰteiki,Phonemic,spread out,,,,
9-330-250-1,yuwa1244,Yuwana,1455,ʰtatɨ,Phonemic,pull,,,,
9-320-250-1,yuwa1244,Yuwana,214,taulĩwe,Phonemic,stretch,,,,
9-310-250-1,yuwa1244,Yuwana,1449,ʰweɨ tuwi,Phonemic,"rub, wipe",,,,
9-290-250-1,yuwa1244,Yuwana,291,ʰweiai,Phonemic,"flay, skin",,,,
9-280-250-1,yuwa1244,Yuwana,1735,ʰtaʰtei,Phonemic,tear,,,,
9-270-250-1,yuwa1244,Yuwana,1437,ʰkeɨ,Phonemic,split,,,,
9-261-250-1,yuwa1244,Yuwana,588,lai-ʰwi te-hai,Phonemic,broken,,,,
9-260-250-1,yuwa1244,Yuwana,680,lai-ʰwi,Phonemic,break,,,,
9-250-250-1,yuwa1244,Yuwana,677,ʰtote,Phonemic,ax,,,,
9-251-250-1,yuwa1244,Yuwana,290,ʰkʷeɨ te-kai (te-ka-hai),Phonemic,adze,,,,
9-240-250-1,yuwa1244,Yuwana,356,ikʸu liʰke te-hai,Phonemic,"scissors, shears",,,,
9-230-250-1,yuwa1244,Yuwana,1352,bãyelɨ̃ toʰkʷe,Phonemic,knife,,,,
9-223-250-1,yuwa1244,Yuwana,1434,to-ʰkʷe,Phonemic,stab,,,,
9-222-250-1,yuwa1244,Yuwana,155,ʰkeɨ,Phonemic,"chop, hew",,,,
9-221-250-1,yuwa1244,Yuwana,355,huleɨ,Phonemic,cut down,,,,
9-220-250-1,yuwa1244,Yuwana,1432,ʰkʷai,Phonemic,cut,,,,
9-211-250-1,yuwa1244,Yuwana,354,ʰwau,Phonemic,pound with fist,,,,
9-210-250-1,yuwa1244,Yuwana,2133,ʰwau,Phonemic,"strike (hit, beat)",,,,
9-192-250-1,yuwa1244,Yuwana,760,bẽko,Phonemic,knot (noun),,,,
9-190-250-1,yuwa1244,Yuwana,1218,hu,Phonemic,"rope, cord",,,,
9-161-250-1,yuwa1244,Yuwana,352,ʰkuluwai,Phonemic,untie,,,,
9-160-250-1,yuwa1244,Yuwana,1917,alɨ̃tɨ,Phonemic,"tie, bind",,,,
9-150-250-1,yuwa1244,Yuwana,1470,boyatai,Phonemic,fold,,,,
9-140-250-1,yuwa1244,Yuwana,2004,ihkõ,Phonemic,bend,,,,
9-120-250-1,yuwa1244,Yuwana,984,bou,Phonemic,work,,,,
9-110-250-1,yuwa1244,Yuwana,2575,bou,Phonemic,"do, make",,,,
8-980-250-1,yuwa1244,Yuwana,641,aʰkilõ,Phonemic,mushroom,,,,
8-960-250-1,yuwa1244,Yuwana,348,bãʰtulẽ,Phonemic,fish poison (root),,,,
8-941-250-1,yuwa1244,Yuwana,146,ʰkalãlã,Phonemic,sugar cane,,,,
8-940-250-1,yuwa1244,Yuwana,1927,ʰtawibo,Phonemic,bamboo,,,,
8-931-250-1,yuwa1244,Yuwana,864,ʰkuʰte hu,Phonemic,"pumpkin, squash",,,,
8-930-250-1,yuwa1244,Yuwana,411,ʰlabo,Phonemic,gourd,,,,
8-920-250-1,yuwa1244,Yuwana,925,ale,Phonemic,"tapioca, manioc, cassava",,,,
8-912-250-1,yuwa1244,Yuwana,410,iye,Phonemic,yam,,,,
8-912-250-3,yuwa1244,Yuwana,410,ʰwalẽ,Phonemic,yam,,,,
8-910-250-1,yuwa1244,Yuwana,159,iye,Phonemic,sweet potato,,,,
8-840-250-1,yuwa1244,Yuwana,868,heʰtala wãwã,Phonemic,banana tree,,wãwã is 'branch' 08.550.,,
8-820-250-1,yuwa1244,Yuwana,970,[hkohko],Phonemic,coconut,,From Span. 'coco'.,,
8-810-250-1,yuwa1244,Yuwana,1181,ulu hĩ,Phonemic,palm tree,,Refers to the 'cucurito' palm tree.,,
8-760-250-1,yuwa1244,Yuwana,345,lãlã,Phonemic,sap,,,,
8-750-250-1,yuwa1244,Yuwana,1204,toto,Phonemic,bark,,"See 'skin' 04.120, probably with meaning of 'covering'.",,
8-740-250-1,yuwa1244,Yuwana,409,ãʰwã,Phonemic,forked branch,,,,
8-730-250-1,yuwa1244,Yuwana,344,ʰtawɨ ʰyeɨ,Phonemic,tree trunk,,,,
8-720-250-1,yuwa1244,Yuwana,241,ʰtawɨ ʰkãʰkã,Phonemic,tree stump,,"Lit. 'tree post' 01.420, 07.560.",,
8-680-250-1,yuwa1244,Yuwana,974,ʰkawoi,Phonemic,tobacco,,,,
8-670-250-1,yuwa1244,Yuwana,343,ibu hu,Phonemic,vine,,,,
8-600-250-1,yuwa1244,Yuwana,906,ʰtawɨ,Phonemic,tree,,,,
8-570-250-1,yuwa1244,Yuwana,239,bu,Phonemic,flower,,,,
8-560-250-1,yuwa1244,Yuwana,628,ʰya,Phonemic,leaf,,,,
8-550-250-1,yuwa1244,Yuwana,1531,wãwã,Phonemic,branch,,,,
8-540-250-1,yuwa1244,Yuwana,670,ʰlaʰla,Phonemic,root,,,,
8-531-250-1,yuwa1244,Yuwana,1486,lɨtɨ,Phonemic,plant (vb),,,,
8-520-250-1,yuwa1244,Yuwana,342,'ʰkʸẽlõ,Phonemic,hay,,,,
8-510-250-1,yuwa1244,Yuwana,606,'ʰkʸẽlõ,Phonemic,grass,,,,
8-470-250-1,yuwa1244,Yuwana,506,ʰtãbu,Phonemic,"maize, corn",,,,
8-320-250-1,yuwa1244,Yuwana,190,lẽɨ,Phonemic,"mow, reap",,,,
8-270-250-1,yuwa1244,Yuwana,338,ʰlẽi ʰkʷeɨ tekai,Phonemic,rake,,,,
8-250-250-1,yuwa1244,Yuwana,284,ʰlẽi hu tekai,Phonemic,hoe,,,,
8-240-250-1,yuwa1244,Yuwana,1901,ʰlẽi hu wilabe tekai,Phonemic,shovel,,,,
8-230-250-1,yuwa1244,Yuwana,1176,ʰlẽi hu wilabe tekai,Phonemic,spade,,Lit. 'earth dig ? ?'.,,
8-220-250-1,yuwa1244,Yuwana,1418,hu,Phonemic,dig,,,,
8-170-250-1,yuwa1244,Yuwana,2002,laike,Phonemic,ditch,,Also used for 'grave' 04.790.,,
8-160-250-1,yuwa1244,Yuwana,1690,laho,Phonemic,fence,,Same as 'room' 07.210.,,
8-150-250-1,yuwa1244,Yuwana,1541,balo hu,Phonemic,"cultivate, till",,,,
8-130-250-1,yuwa1244,Yuwana,586,balo,Phonemic,garden,,,,
8-120-250-1,yuwa1244,Yuwana,212,balo,Phonemic,field (for cultivation),,,,
7-640-250-1,yuwa1244,Yuwana,901,ʰleʰte,Phonemic,adobe,,,,
7-570-250-1,yuwa1244,Yuwana,1227,ʰtawɨ heʰte,Phonemic,board,,ʰtawɨ is 'wood' 01.430.,,
7-560-250-1,yuwa1244,Yuwana,281,ʰkãʰkã,Phonemic,"post, pole",,,,
7-550-250-1,yuwa1244,Yuwana,1132,bẽbo,Phonemic,beam,,,,
7-540-250-1,yuwa1244,Yuwana,829,bẽbo,Phonemic,rafter,,,,
7-530-250-1,yuwa1244,Yuwana,280,bẽbo,Phonemic,ridgepole,,,,
7-520-250-1,yuwa1244,Yuwana,279,bãlaya,Phonemic,thatch,,,,
7-510-250-1,yuwa1244,Yuwana,769,lũwe bĩlẽ,Phonemic,roof,,Lit. 'house over/above' 07.120. Cf. 'forehead' 04.205.,,
7-460-250-1,yuwa1244,Yuwana,1273,bõko,Phonemic,candle,,,,
7-450-250-1,yuwa1244,Yuwana,2131,bõko,Phonemic,"lamp, torch",,,,
7-430-250-1,yuwa1244,Yuwana,1476,towãkĩ tekai,Phonemic,chair,,,,
7-422-250-1,yuwa1244,Yuwana,806,abui teka to,Phonemic,blanket,,,,
7-420-250-1,yuwa1244,Yuwana,1663,abui tekai,Phonemic,bed,,,,
7-370-250-1,yuwa1244,Yuwana,1464,bõ bai tekai,Phonemic,ladder,,bõ is 'hand' 04.330.,,
7-320-250-1,yuwa1244,Yuwana,859,hɨlẽtɨ tekai,Phonemic,stove,,,,
7-270-250-1,yuwa1244,Yuwana,933,lũwe ʰwaʰwa,Phonemic,wall,,lũwe is 'house' 07.120.,,
7-260-250-1,yuwa1244,Yuwana,1632,ʰlẽi,Phonemic,floor,,Also means 'earth' 01.212.,,
7-250-250-1,yuwa1244,Yuwana,1375,eʰkebo lãhai,Phonemic,window,,Also lũwe aʰkule.,,
7-240-250-1,yuwa1244,Yuwana,1472,ʰka ʰkʷatɨ tekai,Phonemic,key,,,,
7-231-250-1,yuwa1244,Yuwana,1012,ʰka ʰkʷatɨ tekai,Phonemic,"latch, door-bolt",,,,
7-230-250-1,yuwa1244,Yuwana,1596,ʰka ʰkʷatɨ tekai,Phonemic,lock (noun),,,,
7-221-250-1,yuwa1244,Yuwana,80,ulike ʰkãʰkã,Phonemic,"doorpost, jamb",,,,
7-210-250-1,yuwa1244,Yuwana,1450,laho,Phonemic,room,,Also means 'fence' 08.160.,,
7-220-250-1,yuwa1244,Yuwana,1567,ulike,Phonemic,"door, gate",,,,
7-170-250-1,yuwa1244,Yuwana,334,ʰkʸɨ lũwe,Phonemic,cookhouse,,,,
7-131-250-1,yuwa1244,Yuwana,403,lũwe,Phonemic,garden-house,,,,
7-130-250-1,yuwa1244,Yuwana,1678,lũwe,Phonemic,hut,,,,
7-120-250-1,yuwa1244,Yuwana,1252,lũwe,Phonemic,house,,,,
7-110-250-1,yuwa1244,Yuwana,363,bẽi,Phonemic,"dwell, live",,,,
6-960-250-1,yuwa1244,Yuwana,1171,ʰkʷa wetekai,Phonemic,mirror,,,,
6-950-250-1,yuwa1244,Yuwana,788,au ibu tekai,Phonemic,soap,,Also toto tɨlɨ tekai.,,
6-940-250-1,yuwa1244,Yuwana,1926,lãlã,Phonemic,ointment,,,,
6-930-250-1,yuwa1244,Yuwana,151,abiye ʰkʷeɨ'e tekai,Phonemic,razor,,,,
6-910-250-1,yuwa1244,Yuwana,1475,ʰtu ʰkʷeɨ tekai,Phonemic,comb,,ʰtu is 'head' 04.200.,,
6-820-250-1,yuwa1244,Yuwana,1021,au ibu teka to,Phonemic,towel,,au is 'water' 01.310.,,
6-810-250-1,yuwa1244,Yuwana,332,toto,Phonemic,"handkerchief, rag",,Also means 'cloth' 06.210.,,
6-780-250-1,yuwa1244,Yuwana,330,yewo ʰtu wayaka,Phonemic,"headband, headdress",,,,
6-770-250-1,yuwa1244,Yuwana,770,olẽka-heʰle,Phonemic,earring,,Refers to ear-plug.,,
6-760-250-1,yuwa1244,Yuwana,1860,ʰkʷã lãka,Phonemic,bead,,ʰkʷã is 'neck/throat' 04.290.,,
6-750-250-1,yuwa1244,Yuwana,1961,ʰkʷã lãka,Phonemic,necklace,,ʰkʷã is 'neck/throat' 04.290.,,
6-740-250-1,yuwa1244,Yuwana,1754,bõ lãkaho,Phonemic,bracelet,,bõ is 'hand' 04.330.,,
6-630-250-1,yuwa1244,Yuwana,64,ʰtibulu,Phonemic,pin,,,,
6-620-250-1,yuwa1244,Yuwana,757,toto tale,Phonemic,button,,Lit. 'clothes/covering fruit (button)' 06.120 + 05.710.,,
6-570-250-1,yuwa1244,Yuwana,772,ikʸou lãkaho,Phonemic,"belt, girdle",,,,
6-550-250-1,yuwa1244,Yuwana,2130,ʰtu laho,Phonemic,"hat, cap",,Lit. 'head enclosure/room/fence' 04.200 + 07.210.,,
6-510-250-1,yuwa1244,Yuwana,1381,bẽʰlã ʰtaʰta,Phonemic,shoe,,,,
6-490-250-1,yuwa1244,Yuwana,329,bẽʰlã toto,Phonemic,"stocking, sock",,Lit. 'foot/leg covering' 04.370 + 06.120.,,
6-480-250-1,yuwa1244,Yuwana,809,ikʸu toto,Phonemic,trousers,,Lit. 'buttocks covering'; cf. 04.464 + 04.120.,,
6-440-250-1,yuwa1244,Yuwana,1622,toto,Phonemic,shirt,,,,
6-420-250-1,yuwa1244,Yuwana,474,toto,Phonemic,woman's dress,,See 'skin' 04.120.,,
6-390-250-1,yuwa1244,Yuwana,157,ʰkulilu,Phonemic,dye,,"Red dye, made from 'onoto'.",,
6-380-250-1,yuwa1244,Yuwana,1161,hoho,Phonemic,thread,,,,
6-360-250-1,yuwa1244,Yuwana,1382,ʰtibulu,Phonemic,needle,,,,
6-350-250-1,yuwa1244,Yuwana,1457,teɨ,Phonemic,sew,,,,
6-330-250-1,yuwa1244,Yuwana,133,walẽ,Phonemic,weave,,,,
6-330-250-3,yuwa1244,Yuwana,133,toto bou,Phonemic,weave,,,,
6-320-250-1,yuwa1244,Yuwana,277,lẽwã lã,Phonemic,spindle,,,,
6-310-250-1,yuwa1244,Yuwana,121,tiletɨ,Phonemic,spin,,,,
6-290-250-1,yuwa1244,Yuwana,629,toto,Phonemic,leather,,See 'skin' 04.120.,,
6-280-250-1,yuwa1244,Yuwana,580,toto,Phonemic,fur,,Cf. 'skin' 04.120.,,
6-240-250-1,yuwa1244,Yuwana,1850,lẽwã,Phonemic,cotton,,,,
6-210-250-1,yuwa1244,Yuwana,1616,toto,Phonemic,cloth,,See 'clothing' 06.120.,,
6-120-250-1,yuwa1244,Yuwana,1895,toto,Phonemic,"clothing, clothes",,Cf. 'skin' 04.120. Probably has a meaning of 'covering'.,,
6-110-250-1,yuwa1244,Yuwana,158,ʰka bautɨ (?),Phonemic,put on (clothes),,,,
5-971-250-1,yuwa1244,Yuwana,1556,ɨke ʰweʰla,Phonemic,egg yolk,,,,
5-970-250-1,yuwa1244,Yuwana,744,ɨke,Phonemic,egg,,,,
5-940-250-1,yuwa1244,Yuwana,404,wike ʰyu,Phonemic,fermented drink,,,,
5-900-250-1,yuwa1244,Yuwana,731,ʰyu,Phonemic,"beverage, drink",,,,
5-850-250-1,yuwa1244,Yuwana,862,ʰkalãlã ʰyowã,Phonemic,sugar,,,,
5-860-250-1,yuwa1244,Yuwana,635,otei ʰyu,Phonemic,milk (noun),,Lit. 'breast liquid/drink' 04.410 + 05.900.,,
5-840-250-1,yuwa1244,Yuwana,942,bãilã,Phonemic,honey,,See 'bee' 04.820.,,
5-821-250-1,yuwa1244,Yuwana,919,laʰtẽ,Phonemic,chili pepper,,,,
5-820-250-1,yuwa1244,Yuwana,1385,lãʰtẽ,Phonemic,pepper,,,,
5-810-250-1,yuwa1244,Yuwana,1274,[ʰta] ʰyowã,Phonemic,salt,,From Span. 'sal'.,,
5-791-250-1,yuwa1244,Yuwana,323,ʰkalawa,Phonemic,"grease, fat",,,,
5-790-250-1,yuwa1244,Yuwana,1484,lãlã,Phonemic,oil,,,,
5-760-250-1,yuwa1244,Yuwana,920,ibu atei,Phonemic,grape,,"A general term for a vine fruit, cluster.",,
5-770-250-1,yuwa1244,Yuwana,191,ʰtawɨ tale,Phonemic,nut,,Many other varieties.,,
5-712-250-1,yuwa1244,Yuwana,1966,atei,Phonemic,bunch,,,,
5-710-250-1,yuwa1244,Yuwana,1507,hu,Phonemic,fruit,,Many other varieties.,,
5-710-250-3,yuwa1244,Yuwana,1507,tale,Phonemic,fruit,,Many other varieties.,,
5-710-250-5,yuwa1244,Yuwana,1507,atei,Phonemic,fruit,,Many other varieties.,,
5-700-250-1,yuwa1244,Yuwana,593,ʰwalẽ,Phonemic,potato,,,,
5-660-250-1,yuwa1244,Yuwana,832,bãlĩ,Phonemic,bean,,,,
5-640-250-1,yuwa1244,Yuwana,1547,ʰyu,Phonemic,"soup, broth",,,,
5-610-250-1,yuwa1244,Yuwana,634,ilẽhai,Phonemic,meat,,Also means 'flesh' 04.130.,,
5-590-250-1,yuwa1244,Yuwana,225,ʰtota hele,Phonemic,pestle,,Cf. 'spine' 04.191.,,
5-580-250-1,yuwa1244,Yuwana,224,ʰtota,Phonemic,mortar (2),,,,
5-560-250-1,yuwa1244,Yuwana,1033,tou,Phonemic,"crush, grind",,,,
5-550-250-1,yuwa1244,Yuwana,1594,ʰyowã,Phonemic,"meal, flour",,,,
5-540-250-1,yuwa1244,Yuwana,274,laʰlɨ abatɨ,Phonemic,knead,,,,
5-530-250-1,yuwa1244,Yuwana,273,ʰtaʰta,Phonemic,dough,,,,
5-490-250-1,yuwa1244,Yuwana,2017,hole,Phonemic,"stir, mix",,,,
5-480-250-1,yuwa1244,Yuwana,1767,ʰkʷeɨ,Phonemic,scrape,,,,
5-470-250-1,yuwa1244,Yuwana,86,ʰliye,Phonemic,"sieve, strain",,,,
5-460-250-1,yuwa1244,Yuwana,275,ʰkolabe,Phonemic,peel,,,,
5-410-250-1,yuwa1244,Yuwana,1526,hawa ʰkʷõ tehawa,Phonemic,meal (a),,,,
5-390-250-1,yuwa1244,Yuwana,1302,toʰkʷe ʰkʷõ tekahĩ,Phonemic,fork (2),,,,
5-380-250-1,yuwa1244,Yuwana,1352,bãye,Phonemic,knife (2),,,,
5-370-250-1,yuwa1244,Yuwana,1378,bĩhĩ,Phonemic,spoon,,,,
5-360-250-1,yuwa1244,Yuwana,271,bĩhĩ,Phonemic,saucer,,,,
5-350-250-1,yuwa1244,Yuwana,476,bĩhĩ,Phonemic,"cup, drinking vessel",,,,
5-350-250-3,yuwa1244,Yuwana,476,ʰyɨ,Phonemic,"cup, drinking vessel",,,,
5-330-250-1,yuwa1244,Yuwana,1530,wõihta,Phonemic,bowl,,,,
5-330-250-3,yuwa1244,Yuwana,1530,bĩhĩ,Phonemic,bowl,,,,
5-340-250-1,yuwa1244,Yuwana,270,ʰyɨ,Phonemic,"pitcher, jug",,,,
5-320-250-1,yuwa1244,Yuwana,480,bĩhĩ,Phonemic,plate,,,,
5-310-250-1,yuwa1244,Yuwana,481,bĩhĩ,Phonemic,dish,,,,
5-280-250-1,yuwa1244,Yuwana,31,ʰto,Phonemic,pan,,,,
5-260-250-1,yuwa1244,Yuwana,1462,ʰto,Phonemic,"pot, cooking vessel",,,,
5-270-250-1,yuwa1244,Yuwana,854,ʰto,Phonemic,kettle,,,,
5-240-250-1,yuwa1244,Yuwana,183,balɨ,Phonemic,bake,,,,
5-230-250-1,yuwa1244,Yuwana,2146,alɨ,Phonemic,"roast, fry",,,,
5-220-250-1,yuwa1244,Yuwana,792,ʰkʷalɨ,Phonemic,boil (vb),,,,
5-210-250-1,yuwa1244,Yuwana,1100,hɨlẽtɨ,Phonemic,cook,,,,
5-190-250-1,yuwa1244,Yuwana,129,ʰka hulẽ,Phonemic,choke,,,,
5-181-250-1,yuwa1244,Yuwana,897,ʰkʷã lou,Phonemic,swallow,,Lit. 'throat ?' 04.290.,,
5-180-250-1,yuwa1244,Yuwana,321,a yẽɨ,Phonemic,chew,,Lit. 'mouth ?' 04.240.,,
5-160-250-1,yuwa1244,Yuwana,1421,ʰluʰluwe,Phonemic,suck,,,,
5-150-250-1,yuwa1244,Yuwana,848,ʰkʷã ʰkaibu,Phonemic,thirst,,,,
5-140-250-1,yuwa1244,Yuwana,1864,ʰkʷã bĩyeli,Phonemic,hunger,,Lit. 'throat die' 04.290 + 04.750.,,
5-130-250-1,yuwa1244,Yuwana,1401,woi,Phonemic,drink,,,,
5-125-250-1,yuwa1244,Yuwana,1728,wali-bu,Phonemic,rotten,,Verbal form.,,
5-124-250-1,yuwa1244,Yuwana,1958,ʰtiʰto,Phonemic,"green, unripe",,,,
5-123-250-1,yuwa1244,Yuwana,178,ai bai,Phonemic,ripe,,,,
5-122-250-1,yuwa1244,Yuwana,1959,itiko,Phonemic,raw,,,,
5-121-250-1,yuwa1244,Yuwana,269,ʰkabũ,Phonemic,cooked,,,,
5-120-250-1,yuwa1244,Yuwana,256,hawa,Phonemic,food,,,,
5-110-250-1,yuwa1244,Yuwana,1336,ʰkʷõ,Phonemic,eat,,,,
4-990-250-1,yuwa1244,Yuwana,590,ʰkʷã ʰtolõta,Phonemic,"naked, bare",,,,
4-970-250-1,yuwa1244,Yuwana,1653,bule we'te,Phonemic,blind,,Means eye does not see 04.210.,,
4-960-250-1,yuwa1244,Yuwana,1666,ũtɨ'te bãhã,Phonemic,mute,,Means one who does not speak.,,
4-950-250-1,yuwa1244,Yuwana,996,olẽka 'ãku'te,Phonemic,deaf,,Lit. 'ear ?' 04.220.,,
4-930-250-1,yuwa1244,Yuwana,1125,ʰtu ɨko'te,Phonemic,bald,,Lit. 'head hair ?' 04.200.,,
4-940-250-1,yuwa1244,Yuwana,320,ʰlaʰkãlã ũ,Phonemic,lame,,,,
4-920-250-1,yuwa1244,Yuwana,1564,'aihawalã ʰtowãkĩ tekahã,Phonemic,lazy,,,,
4-912-250-1,yuwa1244,Yuwana,168,ʰkõ,Phonemic,rest,,,,
4-910-250-1,yuwa1244,Yuwana,1757,itewɨ,Phonemic,"tired, weary",,,,
4-890-250-1,yuwa1244,Yuwana,655,'yẽtohai,Phonemic,poison,,,,
4-880-250-1,yuwa1244,Yuwana,1372,[bẽlãʰtilã],Phonemic,"medicine, drug",,From Span. 'medicina'.,,
4-860-250-1,yuwa1244,Yuwana,499,ʰyalo bai,Phonemic,"cure, heal",,,,
4-858-250-1,yuwa1244,Yuwana,497,ʰyali'ĩtehai,Phonemic,scar,,,,
4-857-250-1,yuwa1244,Yuwana,1808,'yẽtehai bãʰyu,Phonemic,pus,,,,
4-856-250-1,yuwa1244,Yuwana,793,'yẽtehai,Phonemic,boil (noun),,,,
4-855-250-1,yuwa1244,Yuwana,1584,telõ,Phonemic,blister,,,,
4-854-250-1,yuwa1244,Yuwana,148,ʰluwiye,Phonemic,itch,,,,
4-853-250-1,yuwa1244,Yuwana,1903,'yẽtehai,Phonemic,swelling,,,,
4-852-250-1,yuwa1244,Yuwana,1148,'yẽtehai,Phonemic,bruise,,,,
4-850-250-1,yuwa1244,Yuwana,1109,'yẽtehai,Phonemic,"wound, sore",,,,
4-843-250-1,yuwa1244,Yuwana,102,ĩyõ ʰtĩkĩ,Phonemic,cold (catarrh),,Lit. 'nose ?'; cf. 'sneeze' 04.540.,,
4-842-250-1,yuwa1244,Yuwana,1957,ʰkʷã ʰlebo,Phonemic,goiter,,Lit. 'throat ?'.,,
4-841-250-1,yuwa1244,Yuwana,1534,ʰtuweʰto,Phonemic,fever,,,,
4-840-250-1,yuwa1244,Yuwana,1847,yã hã,Phonemic,"sick, sickness",,,,
4-830-250-1,yuwa1244,Yuwana,1364,yã ʰti hã,Phonemic,"well, health",,,,
4-820-250-1,yuwa1244,Yuwana,1601,ʰkelõwãlõ,Phonemic,weak,,,,
4-810-250-1,yuwa1244,Yuwana,785,ikʸeka,Phonemic,"strong, mighty, powerful",,,,
4-810-250-3,yuwa1244,Yuwana,785,bũʰkete,Phonemic,"strong, mighty, powerful",,,,
4-790-250-1,yuwa1244,Yuwana,1773,laike,Phonemic,"grave, tomb",,Same as 'ditch' 08.170.,,
4-790-250-3,yuwa1244,Yuwana,1773,ʰlẽi-ʰkʷa,Phonemic,"grave, tomb",,Same as 'ditch' 08.170.,,
4-780-250-1,yuwa1244,Yuwana,1719,laike-ʰkʷa beibei,Phonemic,bury (the dead),,,,
4-770-250-1,yuwa1244,Yuwana,767,bĩyeli-tehã,Phonemic,corpse,,See 'dead' 04.750.,,
4-760-250-1,yuwa1244,Yuwana,1417,ʰkʷã lĩlĩ,Phonemic,kill,,,,
4-751-250-1,yuwa1244,Yuwana,1904,ʰka hulẽ,Phonemic,drowned,,,,
4-750-250-1,yuwa1244,Yuwana,1494,bĩyeli,Phonemic,"die, dead",,,,
4-740-250-1,yuwa1244,Yuwana,1422,'hoa bẽɨ,Phonemic,"live, living, life",,,,
4-730-250-1,yuwa1244,Yuwana,1123,ʰtiʰtuhã ikʸouʰkʷa bã,Phonemic,pregnant,,,,
4-720-250-1,yuwa1244,Yuwana,1090,beibei,Phonemic,born (to be),,,,
4-710-250-1,yuwa1244,Yuwana,1152,beibei,Phonemic,beget (of father),,,,
4-690-250-1,yuwa1244,Yuwana,138,au ibu,Phonemic,bathe,,Lit. 'water + ?' 01.310.,,
4-680-250-1,yuwa1244,Yuwana,52,ʰkʸɨʰtaibu,Phonemic,shiver,,,,
4-670-250-1,yuwa1244,Yuwana,1785,hau-ka bai,Phonemic,have sexual intercourse,,"hau is 'woman/female' 02.220, 03.130.",,
4-660-250-1,yuwa1244,Yuwana,676,iki laiki,Phonemic,defecate,,,,
4-650-250-1,yuwa1244,Yuwana,592,tɨli biki,Phonemic,urinate,,,,
4-630-250-1,yuwa1244,Yuwana,1602,'ʰtebĩ,Phonemic,wake up,,,,
4-620-250-1,yuwa1244,Yuwana,1920,abu'ẽ,Phonemic,dream,,,,
4-612-250-1,yuwa1244,Yuwana,1983,ʰkʷã ʰtololabe,Phonemic,snore,,Lit. 'throat ?'.,,
4-610-250-1,yuwa1244,Yuwana,1585,abuwi,Phonemic,sleep,,,,
4-590-250-1,yuwa1244,Yuwana,319,alẽlẽ ʰtowe,Phonemic,lick,,Lit. 'tongue lick' 04.260.,,
4-580-250-1,yuwa1244,Yuwana,1403,a yẽɨ,Phonemic,bite,,,,
4-570-250-1,yuwa1244,Yuwana,1278,'ʰteʰke,Phonemic,vomit,,,,
4-560-250-1,yuwa1244,Yuwana,1440,hulebe,Phonemic,spit,,,,
4-550-250-1,yuwa1244,Yuwana,126,ʰtuwe laibu,Phonemic,perspire,,,,
4-540-250-1,yuwa1244,Yuwana,1621,ĩyõ ʰtĩkĩ,Phonemic,sneeze,,Lit. 'nose ?' 04.230.,,
4-530-250-1,yuwa1244,Yuwana,879,ʰkʷã hulẽbu,Phonemic,cough,,First word is 'throat' 04.290.,,
4-521-250-1,yuwa1244,Yuwana,162,ʰkʷã ʰtɨʰkẽbẽ,Phonemic,hiccough,,hkʷã is 'throat' 04.290.,,
4-520-250-1,yuwa1244,Yuwana,1028,a litoki,Phonemic,"yawn, gape",,Lit. 'mouth ?' 04.240.,,
4-510-250-1,yuwa1244,Yuwana,1407,bẽyabekɨ,Phonemic,"breathe, breath",,,,
4-492-250-1,yuwa1244,Yuwana,1222,ilẽlã buke,Phonemic,penis,,Also means 'tail' 04.180.,,
4-490-250-1,yuwa1244,Yuwana,797,ilẽlã tale,Phonemic,testicle,,,,
4-470-250-1,yuwa1244,Yuwana,804,ikʸo-ʰkʷa,Phonemic,womb,,Lit. 'stomach-in' 04.460.,,
4-464-250-1,yuwa1244,Yuwana,834,ikʸu bãbeya,Phonemic,buttocks,,,,
4-463-250-1,yuwa1244,Yuwana,1745,ʰtɨtɨke,Phonemic,hip,,,,
4-462-250-1,yuwa1244,Yuwana,1681,ikʸo,Phonemic,waist,,,,
4-461-250-1,yuwa1244,Yuwana,1991,ikʸo-ʰkʷa,Phonemic,"intestines, guts",,Lit. 'stomach-in' 04.460.,,
4-460-250-1,yuwa1244,Yuwana,819,ikʸo,Phonemic,stomach,,,,
4-450-250-1,yuwa1244,Yuwana,1224,oteko,Phonemic,liver,,Same as 'breast' 04.412 (?).,,
4-440-250-1,yuwa1244,Yuwana,1223,ʰkʷo hu,Phonemic,heart,,Cf. 'blood' 04.150.,,
4-430-250-1,yuwa1244,Yuwana,1838,alũwẽ,Phonemic,navel,,,,
4-420-250-1,yuwa1244,Yuwana,154,oteko,Phonemic,udder,,,,
4-412-250-1,yuwa1244,Yuwana,796,oteko ʰtu,Phonemic,"nipple, teat",,Lit. 'breast head' 04.200.,,
4-410-250-1,yuwa1244,Yuwana,1402,oteko,Phonemic,breast (of woman),,Same as 'liver' 04.450 (?).,,
4-400-250-1,yuwa1244,Yuwana,1592,bẽwã,Phonemic,chest,,,,
4-393-250-1,yuwa1244,Yuwana,1201,ɨko,Phonemic,feather,,Also means 'hair' 04.140.,,
4-392-250-1,yuwa1244,Yuwana,1257,bɨ̃(w)au bɨ̃'eho,Phonemic,wing,,,,
4-380-250-1,yuwa1244,Yuwana,1389,bẽʰlã ʰteʰla,Phonemic,toe,,Cf. 'finger' 04.340.,,
4-374-250-1,yuwa1244,Yuwana,318,ɨlẽka,Phonemic,footprint,,,,
4-372-250-1,yuwa1244,Yuwana,980,bẽʰlã huteko,Phonemic,heel,,,,
4-371-250-1,yuwa1244,Yuwana,803,bẽʰlã ʰkoʰko,Phonemic,ankle,,"Cf. 'wrist' 04.321, for meaning.",,
4-370-250-1,yuwa1244,Yuwana,1301,bẽʰlã,Phonemic,foot,,Also means 'leg' 04.350.,,
4-360-250-1,yuwa1244,Yuwana,1371,bẽko,Phonemic,knee,,,,
4-352-250-1,yuwa1244,Yuwana,498,bẽʰlã ʰtulõ,Phonemic,calf of leg,,,,
4-351-250-1,yuwa1244,Yuwana,800,kʸe,Phonemic,thigh,,,,
4-350-250-1,yuwa1244,Yuwana,1297,bẽʰlã,Phonemic,leg,,Also means 'foot' 04.370.,,
4-345-250-1,yuwa1244,Yuwana,72,bõ ʰteʰla,Phonemic,claw,,,,
4-344-250-1,yuwa1244,Yuwana,1258,ʰteʰla heʰta,Phonemic,fingernail,,,,
4-342-250-1,yuwa1244,Yuwana,1781,uli ʰteʰla,Phonemic,thumb,,,,
4-340-250-1,yuwa1244,Yuwana,1303,bõ ʰteʰla,Phonemic,finger,,Cf. 'toe' 04.380.,,
4-331-250-1,yuwa1244,Yuwana,1183,bõ ʰwaʰwa,Phonemic,palm of hand,,,,
4-330-250-1,yuwa1244,Yuwana,1277,bõ,Phonemic,hand,,Cf. 'arm' 04.310.,,
4-321-250-1,yuwa1244,Yuwana,799,bõ ʰkoʰko,Phonemic,wrist,,"Cf. 'ankle' 04.371. The second word is used in vocabulary, meaning the base of something that branches out, e.g. a bunch of bananas or some young palm plants.",,
4-320-250-1,yuwa1244,Yuwana,981,bõ ʰkalũke,Phonemic,elbow,,,,
4-312-250-1,yuwa1244,Yuwana,1886,ʰtileʰkɨwe,Phonemic,armpit,,,,
4-310-250-1,yuwa1244,Yuwana,1673,bõ wãwã,Phonemic,arm,,Cf. 'hand' 04.330.,,
4-302-250-1,yuwa1244,Yuwana,1994,aʰkule ʰtu,Phonemic,collarbone,,,,
4-301-250-1,yuwa1244,Yuwana,172,ʰkewabẽ,Phonemic,shoulderblade,,,,
4-300-250-1,yuwa1244,Yuwana,1482,aʰkule ʰtu,Phonemic,shoulder,,Lit. 'upper arm head' 04.200.,,
4-290-250-1,yuwa1244,Yuwana,1346,ʰkʷã,Phonemic,throat,,,,
4-281-250-1,yuwa1244,Yuwana,1347,ʰkʷã ʰwɨ,Phonemic,nape of neck,,,,
4-280-250-1,yuwa1244,Yuwana,1333,ʰkʷã ʰwɨ,Phonemic,neck,,,,
4-272-250-1,yuwa1244,Yuwana,1049,ʰku,Phonemic,molartooth,,,,
4-270-250-1,yuwa1244,Yuwana,1380,ʰku,Phonemic,tooth,,,,
4-271-250-1,yuwa1244,Yuwana,139,ʰku ikʸu,Phonemic,gums,,,,
4-260-250-1,yuwa1244,Yuwana,1205,alẽlẽ,Phonemic,tongue,,,,
4-250-250-1,yuwa1244,Yuwana,478,a hetoto,Phonemic,lip,,Lit. 'mouth/face skin' 04.240 + 04.120.,,
4-241-250-1,yuwa1244,Yuwana,73,'abo,Phonemic,beak,,,,
4-240-250-1,yuwa1244,Yuwana,674,a,Phonemic,mouth,,Also means 'face' 04.204.,,
4-231-250-1,yuwa1244,Yuwana,1178,ĩyõ ʰtaka,Phonemic,nostril,,,,
4-230-250-1,yuwa1244,Yuwana,1221,ĩyõ,Phonemic,nose,,,,
4-222-250-1,yuwa1244,Yuwana,32,olẽka lãlã,Phonemic,earwax,,,,
4-221-250-1,yuwa1244,Yuwana,18,olẽka toto,Phonemic,earlobe,,Cf. 'skin' 04.120.,,
4-220-250-1,yuwa1244,Yuwana,1247,olẽka,Phonemic,ear,,,,
4-215-250-1,yuwa1244,Yuwana,1655,bule lawoyẽ,Phonemic,blink,,,,
4-214-250-1,yuwa1244,Yuwana,1540,bule ɨko,Phonemic,eyelash,,,,
4-213-250-1,yuwa1244,Yuwana,17,bule helõlõ,Phonemic,eyelid,,,,
4-212-250-1,yuwa1244,Yuwana,1173,bule loʰtoka,Phonemic,eyebrow,,,,
4-210-250-1,yuwa1244,Yuwana,1248,bule,Phonemic,eye,,,,
4-208-250-1,yuwa1244,Yuwana,1730,a beka,Phonemic,cheek,,,,
4-209-250-1,yuwa1244,Yuwana,1510,ãkã,Phonemic,chin,,,,
4-205-250-1,yuwa1244,Yuwana,123,bule bĩlẽ,Phonemic,forehead,,Lit. 'eye over/above'.,,
4-207-250-1,yuwa1244,Yuwana,798,aka,Phonemic,jaw,,,,
4-204-250-1,yuwa1244,Yuwana,1560,a,Phonemic,face,,Also means 'mouth' 04.240.,,
4-203-250-1,yuwa1244,Yuwana,1583,ʰlãʰlã,Phonemic,brain,,,,
4-201-250-1,yuwa1244,Yuwana,1604,bule laʰtoka,Phonemic,"side of head, temple",,,,
4-202-250-1,yuwa1244,Yuwana,1605,ʰtu,Phonemic,skull,,,,
4-200-250-1,yuwa1244,Yuwana,1256,ʰtu,Phonemic,head,,,,
4-191-250-1,yuwa1244,Yuwana,805,ʰwɨ hele,Phonemic,spine,,Cf. 'pestle' 05.590.,,
4-190-250-1,yuwa1244,Yuwana,1291,ʰwɨ,Phonemic,back,,,,
4-180-250-1,yuwa1244,Yuwana,1220,ilẽlã buke,Phonemic,tail,,Also means 'penis' 04.492.,,
4-170-250-1,yuwa1244,Yuwana,1393,ʰtu iʰti,Phonemic,horn,,"Lit. 'head + (sharp point)'; cf. scorpion 03.815, stingray 03.664)",,
4-162-250-1,yuwa1244,Yuwana,801,uluheʰte,Phonemic,rib,,,,
4-160-250-1,yuwa1244,Yuwana,1394,wãwã,Phonemic,bone,,,,
4-151-250-1,yuwa1244,Yuwana,525,ʰkʷo ʰlaʰla,Phonemic,"vein, artery",,,,
4-150-250-1,yuwa1244,Yuwana,946,ʰkʷo,Phonemic,blood,,,,
4-145-250-1,yuwa1244,Yuwana,36,ɨko,Phonemic,pubic hair,,,,
4-144-250-1,yuwa1244,Yuwana,189,ɨko,Phonemic,body hair,,,,
4-142-250-1,yuwa1244,Yuwana,678,abiye,Phonemic,beard,,,,
4-140-250-1,yuwa1244,Yuwana,1040,ɨko,Phonemic,hair (head),,Also means 'feather' 04.393.,,
4-130-250-1,yuwa1244,Yuwana,2259,ilẽhai,Phonemic,flesh,,Also means 'meat' 05.610.,,
4-120-250-1,yuwa1244,Yuwana,763,he-toto,Phonemic,"skin, hide",,toto also means 'clothes' 06.120. Probably has meaning of 'covering'. See also 'fur' 06.280; 'leather' 06.290; 'bark' 08.750.,,
4-110-250-1,yuwa1244,Yuwana,1480,ho,Phonemic,body,,Also means 'person' 02.100.,,
3-980-250-1,yuwa1244,Yuwana,112,ikʸeka oʰkõ,Phonemic,turtle,,,,
3-970-250-1,yuwa1244,Yuwana,1857,au ʰlẽ,Phonemic,"crocodile, alligator",,Lit. 'water ?' 01.310.,,
3-960-250-1,yuwa1244,Yuwana,632,ʰtawɨ ʰlawa,Phonemic,lizard,,"Also weyawile, and many others.",,
3-950-250-1,yuwa1244,Yuwana,503,wiwe,Phonemic,frog,,,,
3-940-250-1,yuwa1244,Yuwana,1543,ʰkalũʰtu,Phonemic,snail,,,,
3-930-250-1,yuwa1244,Yuwana,607,ʰkʸowaya,Phonemic,grasshopper,,,,
3-920-250-1,yuwa1244,Yuwana,1791,waleba,Phonemic,butterfly,,,,
3-910-250-1,yuwa1244,Yuwana,206,ʰtuʰtuyu,Phonemic,firefly,,,,
3-910-250-3,yuwa1244,Yuwana,206,bule ʰyoulabei tekahã,Phonemic,firefly,,,,
3-850-250-1,yuwa1244,Yuwana,730,iʰkʷo,Phonemic,snake,,,,
3-840-250-1,yuwa1244,Yuwana,1219,ʰlẽi-ʰlõhã,Phonemic,worm,,Lit. 'earth-?' 01.212.,,
3-832-250-1,yuwa1244,Yuwana,1509,ʰtuhelatɨ,Phonemic,mosquito,,,,
3-831-250-1,yuwa1244,Yuwana,95,hitɨhã,Phonemic,"sandfly (midge), gnat",,,,
3-830-250-1,yuwa1244,Yuwana,1504,lɨ̃lɨ̃hã,Phonemic,fly,,,,
3-823-250-1,yuwa1244,Yuwana,1517,bũhã,Phonemic,wasp,,,,
3-822-250-1,yuwa1244,Yuwana,88,bũʰtu,Phonemic,beehive,,,,
3-821-250-1,yuwa1244,Yuwana,1931,bãilã õ,Phonemic,beeswax,,,,
3-820-250-1,yuwa1244,Yuwana,665,bãilã ai,Phonemic,bee,,See 'honey' 05.840.,,
3-819-250-1,yuwa1244,Yuwana,1065,kaliweto,Phonemic,spider web,,,,
3-818-250-1,yuwa1244,Yuwana,843,aʰkuke,Phonemic,spider,,,,
3-817-250-1,yuwa1244,Yuwana,587,ʰyõ,Phonemic,ant,,Many other varieties have different names.,,
3-817-250-3,yuwa1244,Yuwana,587,lĩbõ,Phonemic,ant,,Many other varieties have different names.,,
3-816-250-1,yuwa1244,Yuwana,1575,oʰkõ,Phonemic,cockroach,,,,
3-815-250-1,yuwa1244,Yuwana,1538,iʰti,Phonemic,scorpion,,"Also means 'stingray' 03.664, and 'thorn'; these are labeled because of their stinger.",,
3-814-250-1,yuwa1244,Yuwana,1974,iliwe,Phonemic,centipede,,,,
3-813-250-1,yuwa1244,Yuwana,232,yewi hõhõ,Phonemic,flea,,Lit. 'dog/cat louse' 03.610 + 03.811.,,
3-812-250-1,yuwa1244,Yuwana,267,hõhõ ɨke,Phonemic,nit (louse egg),,Lit. 'louse egg' 05.970.,,
3-811-250-1,yuwa1244,Yuwana,1392,hõhõ,Phonemic,louse,,,,
3-760-250-1,yuwa1244,Yuwana,1350,uli ʰkʷayo,Phonemic,monkey,,"Also ʰkʷoiʰle, and many other varieties.",,
3-750-250-1,yuwa1244,Yuwana,1936,ʰkʷãʰtɨbo,Phonemic,deer,,,,
3-740-250-1,yuwa1244,Yuwana,1312,ʰkʸo yewi,Phonemic,fox,,Lit. 'earth (animal) dog/cat' 03.610.,,
3-720-250-1,yuwa1244,Yuwana,1386,ʰkʸo yewi,Phonemic,lion,,Lit. 'earth (animal) dog/cat' 03.610.,,
3-710-250-1,yuwa1244,Yuwana,522,ʰkʸo yewi,Phonemic,wolf,,Lit. 'earth (animal)dog/cat' 03.610.,,
3-664-250-1,yuwa1244,Yuwana,1910,iʰti,Phonemic,stingray,,"Also means 'scorpion' 03.815, and 'thorn'. The term refers to its stinger. Also heto-ʰkʷa bã hã iʰti, 'the in-the-water stinger'. See also 'horn' 04.170.",,
3-655-250-1,yuwa1244,Yuwana,598,bẽlo,Phonemic,shell,,,,
3-653-250-1,yuwa1244,Yuwana,266,iyeba,Phonemic,fishscale,,,,
3-650-250-1,yuwa1244,Yuwana,227,bõʰtõ,Phonemic,fish,,,,
3-630-250-1,yuwa1244,Yuwana,2139,wayo,Phonemic,"mouse, rat",,,,
3-622-250-1,yuwa1244,Yuwana,309,yowale,Phonemic,opossum,,,,
3-622-250-3,yuwa1244,Yuwana,309,abaʰtuhã,Phonemic,opossum,,,,
3-620-250-1,yuwa1244,Yuwana,1208,yewi,Phonemic,cat,,The former also means 'dog' 03.610. The latter from Span. 'gato'.,,
3-620-250-3,yuwa1244,Yuwana,1208,[kato],Phonemic,cat,,The former also means 'dog' 03.610. The latter from Span. 'gato'.,,
3-614-250-1,yuwa1244,Yuwana,1136,[kolẽho],Phonemic,rabbit,,From Span. 'conejo'.,,
3-610-250-1,yuwa1244,Yuwana,2009,yewi,Phonemic,dog,,Also means 'cat' 03.620.,,
3-594-250-1,yuwa1244,Yuwana,1853,bãlo,Phonemic,dove,,Also bãʰtute.,,
3-594-250-3,yuwa1244,Yuwana,1853,bõʰwoike,Phonemic,dove,,Also bãʰtute.,,
3-596-250-1,yuwa1244,Yuwana,735,bololo,Phonemic,owl,,,,
3-593-250-1,yuwa1244,Yuwana,913,waʰti,Phonemic,crow,,,,
3-592-250-1,yuwa1244,Yuwana,882,heba,Phonemic,parrot,,Many parrot names for various kinds.,,
3-592-250-3,yuwa1244,Yuwana,882,ʰkili,Phonemic,parrot,,Many parrot names for various kinds.,,
3-591-250-1,yuwa1244,Yuwana,1793,ʰkʷayuwã,Phonemic,bat,,,,
3-586-250-1,yuwa1244,Yuwana,1185,bũʰwoli,Phonemic,vulture,,,,
3-585-250-1,yuwa1244,Yuwana,307,bole,Phonemic,hawk,,,,
3-584-250-1,yuwa1244,Yuwana,1905,bole,Phonemic,eagle,,,,
3-583-250-1,yuwa1244,Yuwana,758,ʰkʷã ʰlebo bãhã,Phonemic,heron,,,,
3-581-250-1,yuwa1244,Yuwana,937,iʰte,Phonemic,bird,,,,
3-580-250-1,yuwa1244,Yuwana,539,ʰtẽʰtẽ,Phonemic,nest,,,,
3-570-250-1,yuwa1244,Yuwana,1360,[bato],Phonemic,duck,,From Span. 'pato'.,,
3-570-250-3,yuwa1244,Yuwana,1360,abo tuwẽlõ lãhã,Phonemic,duck,,From Span. 'pato'.,,
3-550-250-1,yuwa1244,Yuwana,1318,[kayilã],Phonemic,chicken,,From Span. 'gallina'.,,
3-450-250-1,yuwa1244,Yuwana,1647,[ʰkabayo] ilĩ,Phonemic,"foal, colt",,,,
3-440-250-1,yuwa1244,Yuwana,938,[ʰkabayo],Phonemic,mare,,,,
3-420-250-1,yuwa1244,Yuwana,936,[ʰkabayo],Phonemic,stallion,,,,
3-410-250-1,yuwa1244,Yuwana,615,[ʰkabayo],Phonemic,horse (equine),,From Span. 'caballo'.,,
3-360-250-1,yuwa1244,Yuwana,1502,['ʰkʸibo],Phonemic,goat,,From Span. 'chivo'.,,
3-350-250-1,yuwa1244,Yuwana,1337,ʰkaʰwiye,Phonemic,pig,,,,
3-340-250-1,yuwa1244,Yuwana,1351,ʰkaʰwiye,Phonemic,sow (2),,,,
3-320-250-1,yuwa1244,Yuwana,1348,ʰkaʰwiye,Phonemic,boar,,,,
3-230-250-1,yuwa1244,Yuwana,1007,[baka],Phonemic,cow,,From Span. 'vaca'.,,
3-130-250-1,yuwa1244,Yuwana,2262,hau,Phonemic,female (adj),,,,
3-120-250-1,yuwa1244,Yuwana,2261,hã,Phonemic,male (adj),,,,
3-110-250-1,yuwa1244,Yuwana,619,hã,Phonemic,animal,,,,
2-960-250-1,yuwa1244,Yuwana,817,ʰkʸe,Phonemic,they,,,,
2-960-250-3,yuwa1244,Yuwana,817,hati'te,Phonemic,they,,,,
2-950-250-1,yuwa1244,Yuwana,1213,ʰke,Phonemic,you (plural),,,,
2-950-250-3,yuwa1244,Yuwana,1213,ʰketɨ,Phonemic,you (plural),,,,
2-942-250-1,yuwa1244,Yuwana,1130,ʰye,Phonemic,we (exclusive),,,,
2-942-250-3,yuwa1244,Yuwana,1130,ʰyetɨ,Phonemic,we (exclusive),,,,
2-941-250-1,yuwa1244,Yuwana,1131,ʰye,Phonemic,we (inclusive),,,,
2-941-250-3,yuwa1244,Yuwana,1131,ʰyetɨ,Phonemic,we (inclusive),,,,
2-940-250-1,yuwa1244,Yuwana,1212,ʰye,Phonemic,we,,,,
2-940-250-3,yuwa1244,Yuwana,1212,ʰyetɨ,Phonemic,we,,,,
2-930-250-1,yuwa1244,Yuwana,262,ʰkʸe,Phonemic,he/she/it,,,,
2-920-250-1,yuwa1244,Yuwana,1215,ʰke,Phonemic,you (singular),,,,
2-910-250-1,yuwa1244,Yuwana,1209,ʰye,Phonemic,I,,,,
2-820-250-1,yuwa1244,Yuwana,194,ʰye hotɨ,Phonemic,family,,Lit. 'my people'.,,
2-810-250-1,yuwa1244,Yuwana,1644,ʰye hotɨ,Phonemic,"relatives, kinsmen",,Lit. 'my people'. Note the name of the people is hotɨ.,,
2-770-250-1,yuwa1244,Yuwana,1981,hau'telã bãhã,Phonemic,widower,,,,
2-760-250-1,yuwa1244,Yuwana,1756,bãli'te lã bãhau,Phonemic,widow,,,,
2-750-250-1,yuwa1244,Yuwana,1149,'aibõ'telãbãhã,Phonemic,orphan,,,,
2-730-250-1,yuwa1244,Yuwana,1059,lãwɨ̃,Phonemic,stepson,,,,
2-560-250-1,yuwa1244,Yuwana,1669,ʰye baite hatɨ,Phonemic,ancestors,,Lit. 'my gone (dead) ones'.,,
2-520-250-1,yuwa1244,Yuwana,1272,abã,Phonemic,aunt,,,,
2-512-250-1,yuwa1244,Yuwana,1985,ʰlai,Phonemic,father's brother,,,,
2-510-250-1,yuwa1244,Yuwana,1327,ʰlai,Phonemic,uncle,,,,
2-480-250-1,yuwa1244,Yuwana,1618,ilĩ ilĩ,Phonemic,grandson,,Lit. 'child's child'.,,
2-490-250-1,yuwa1244,Yuwana,1619,ilĩ ilĩ,Phonemic,granddaughter,,Lit. 'child's child'.,,
2-471-250-1,yuwa1244,Yuwana,907,ʰwoiʰlo,Phonemic,old woman,,,,
2-470-250-1,yuwa1244,Yuwana,1496,abã,Phonemic,grandmother,,,,
2-470-250-3,yuwa1244,Yuwana,1496,ʰwoiʰlo,Phonemic,grandmother,,,,
2-461-250-1,yuwa1244,Yuwana,406,uli ʰtawo,Phonemic,old man,,,,
2-460-250-1,yuwa1244,Yuwana,1383,ʰlai,Phonemic,grandfather,,,,
2-456-250-1,yuwa1244,Yuwana,1640,abãʰlõ,Phonemic,sibling,,,,
2-455-250-1,yuwa1244,Yuwana,1761,hãli hayu,Phonemic,younger sister,,,,
2-454-250-1,yuwa1244,Yuwana,1758,ʰlu,Phonemic,older sister,,,,
2-450-250-1,yuwa1244,Yuwana,1263,abalou,Phonemic,sister,,,,
2-445-250-1,yuwa1244,Yuwana,1760,hãyẽ,Phonemic,younger brother,,,,
2-444-250-1,yuwa1244,Yuwana,1759,ʰlẽ,Phonemic,older brother,,,,
2-440-250-1,yuwa1244,Yuwana,1262,abãʰlõ,Phonemic,brother,,,,
2-430-250-1,yuwa1244,Yuwana,1801,ilĩbõ,Phonemic,offspring (son or daughter),,,,
2-420-250-1,yuwa1244,Yuwana,1357,hayu,Phonemic,daughter,,,,
2-410-250-1,yuwa1244,Yuwana,1620,ilĩ,Phonemic,son,,,,
2-390-250-1,yuwa1244,Yuwana,426,ãũ,Phonemic,married woman,,,,
2-380-250-1,yuwa1244,Yuwana,424,bãli,Phonemic,married man,,,,
2-370-250-1,yuwa1244,Yuwana,505,aĩbõ,Phonemic,parents,,,,
2-360-250-1,yuwa1244,Yuwana,1216,abã,Phonemic,mother,,,,
2-350-250-1,yuwa1244,Yuwana,1217,ʰlai,Phonemic,father,,,,
2-350-250-3,yuwa1244,Yuwana,1217,ai,Phonemic,father,,,,
2-341-250-1,yuwa1244,Yuwana,1134,haulɨ̃ lɨ̃ye te ka-bai,Phonemic,divorce,,,,
2-330-250-1,yuwa1244,Yuwana,203,hayu-ʰka bai,Phonemic,marry,,,,
2-320-250-1,yuwa1244,Yuwana,1199,hayu,Phonemic,wife,,,,
2-320-250-3,yuwa1244,Yuwana,1199,ʰlu,Phonemic,wife,,,,
2-310-250-1,yuwa1244,Yuwana,1200,bãli,Phonemic,husband,,,,
2-280-250-1,yuwa1244,Yuwana,1289,ʰtiʰtuhã,Phonemic,"infant, baby",,,,
2-270-250-1,yuwa1244,Yuwana,1304,hãli hã,Phonemic,child,,,,
2-261-250-1,yuwa1244,Yuwana,77,bai hau,Phonemic,young woman (adolescent),,,,
2-260-250-1,yuwa1244,Yuwana,1646,hãli hayu,Phonemic,girl,,,,
2-251-250-1,yuwa1244,Yuwana,76,bai hã,Phonemic,young man (adolescent),,,,
2-250-250-1,yuwa1244,Yuwana,1366,hãli hã,Phonemic,boy,,,,
2-240-250-1,yuwa1244,Yuwana,1551,ãu,Phonemic,female,,,,
2-230-250-1,yuwa1244,Yuwana,1553,bãli,Phonemic,male,,,,
2-220-250-1,yuwa1244,Yuwana,962,ãu,Phonemic,woman,,,,
2-210-250-1,yuwa1244,Yuwana,1554,bãli,Phonemic,man (vs. woman),,,,
2-100-250-1,yuwa1244,Yuwana,683,ho,Phonemic,"person, human being",,Also means 'body' 04.110.,,
1-890-250-1,yuwa1244,Yuwana,1188,ãhõ,Phonemic,charcoal,,,,
1-880-250-1,yuwa1244,Yuwana,10,ʰkule bo,Phonemic,firewood,,,,
1-870-250-1,yuwa1244,Yuwana,1133,ʰkule bo,Phonemic,match (noun),,,,
1-861-250-1,yuwa1244,Yuwana,127,lõwai'ĩ,Phonemic,extinguish,,,,
1-860-250-1,yuwa1244,Yuwana,737,butitɨ,Phonemic,"light, kindle, ignite",,,,
1-852-250-1,yuwa1244,Yuwana,1428,ʰtɨlɨ,Phonemic,burn (vb intrans),,,,
1-851-250-1,yuwa1244,Yuwana,141,ʰka ʰtɨlɨ,Phonemic,burn (vb trans),,,,
1-841-250-1,yuwa1244,Yuwana,67,ãhõ,Phonemic,embers,,,,
1-840-250-1,yuwa1244,Yuwana,646,ilẽho,Phonemic,ashes,,,,
1-830-250-1,yuwa1244,Yuwana,778,ʰkule bĩʰtu,Phonemic,smoke (noun),,Lit. 'fire fog' 01.740.,,
1-820-250-1,yuwa1244,Yuwana,889,ʰkule heʰla,Phonemic,flame (noun),,,,
1-810-250-1,yuwa1244,Yuwana,221,ʰkule,Phonemic,fire,,,,
1-770-250-1,yuwa1244,Yuwana,617,ikʸeka au,Phonemic,ice,,Lit. 'hard water' 01.310.,,
1-750-250-1,yuwa1244,Yuwana,658,o,Phonemic,rain (noun),,,,
1-740-250-1,yuwa1244,Yuwana,249,bĩʰtu,Phonemic,fog,,Cf. 'smoke' 01.830.,,
1-720-250-1,yuwa1244,Yuwana,960,ʰkʸo,Phonemic,wind,,Also means 'world' 01.100; 'sky' 01.510.,,
1-730-250-1,yuwa1244,Yuwana,1489,bĩʰtu,Phonemic,cloud,,,,
1-710-250-1,yuwa1244,Yuwana,27,ʰkʸo,Phonemic,air,,,,
1-640-250-1,yuwa1244,Yuwana,1977,atetɨ tɨli,Phonemic,dew,,,,
1-630-250-1,yuwa1244,Yuwana,1388,ʰkʸo ʰkʷoili,Phonemic,"shade, shadow",,,,
1-620-250-1,yuwa1244,Yuwana,11,ʰtiʰkʷeʰto,Phonemic,darkness,,,,
1-610-250-1,yuwa1244,Yuwana,630,ʰkʸato,Phonemic,light (noun),,,,
1-590-250-1,yuwa1244,Yuwana,1733,yẽtohã,Phonemic,rainbow,,,,
1-580-250-1,yuwa1244,Yuwana,858,uli oibu'e,Phonemic,storm,,,,
1-560-250-1,yuwa1244,Yuwana,1150,ʰkʸo ai hobe tehai,Phonemic,thunder,,,,
1-570-250-1,yuwa1244,Yuwana,2007,ʰkʸo ai ʰkãlĩtiyu,Phonemic,lightning (as striking),,,,
1-550-250-1,yuwa1244,Yuwana,1654,ʰkʸo ai bule wetehai,Phonemic,lightning,,,,
1-540-250-1,yuwa1244,Yuwana,1430,atetɨhã,Phonemic,star,,,,
1-530-250-1,yuwa1244,Yuwana,1313,abĩyẽ,Phonemic,moon,,,,
1-520-250-1,yuwa1244,Yuwana,1343,ʰtilẽwã,Phonemic,sun,,,,
1-510-250-1,yuwa1244,Yuwana,1732,ʰkʸo,Phonemic,sky,,Same as 'world' 01.100.,,
1-450-250-1,yuwa1244,Yuwana,6,ʰlẽi ʰkeʰkekɨtehai,Phonemic,earthquake,,,,
1-440-250-1,yuwa1244,Yuwana,2125,iʰto,Phonemic,"stone, rock",,,,
1-430-250-1,yuwa1244,Yuwana,1803,ʰtawɨ,Phonemic,wood,,,,
1-420-250-1,yuwa1244,Yuwana,906,ʰtawɨ,Phonemic,tree (cf 08.600),,,,
1-410-250-1,yuwa1244,Yuwana,420,'yelito,Phonemic,"woods, forest",,,,
1-390-250-1,yuwa1244,Yuwana,943,heto ʰlaho,Phonemic,waterfall,,,,
1-380-250-1,yuwa1244,Yuwana,1145,ʰleʰte-ʰta,Phonemic,swamp,,ʰleʰte is 'mud' 01.214.,,
1-370-250-1,yuwa1244,Yuwana,2144,ʰlẽi-ʰkʷa helou,Phonemic,"spring, well",,,,
1-362-250-1,yuwa1244,Yuwana,1982,heto hulaheikɨ,Phonemic,whirlpool,,,,
1-360-250-1,yuwa1244,Yuwana,666,heto,Phonemic,"river, stream, brook",,,,
1-350-250-1,yuwa1244,Yuwana,978,heto huluwaka,Phonemic,wave,,Cf. 'rough (water)' 01.323.,,
1-341-250-1,yuwa1244,Yuwana,623,bãbo,Phonemic,lagoon,,,,
1-330-250-1,yuwa1244,Yuwana,624,bãbo,Phonemic,lake,,,,
1-324-250-1,yuwa1244,Yuwana,1768,heto ʰkolo,Phonemic,foam,,,,
1-323-250-1,yuwa1244,Yuwana,259,heto huluwaka,Phonemic,rough (of sea),,Cf. 'wave' 01.350.,,
1-310-250-1,yuwa1244,Yuwana,948,au,Phonemic,water,,,,
1-280-250-1,yuwa1244,Yuwana,1155,ilẽwã ʰlaikɨ,Phonemic,cave,,,,
1-270-250-1,yuwa1244,Yuwana,113,heto aʰkulẽ,Phonemic,shore,,,,
1-250-250-1,yuwa1244,Yuwana,622,heto ʰwɨ kalatelã,Phonemic,island,,heto is 'river' 01.360.,,
1-240-250-1,yuwa1244,Yuwana,921,ilẽwã ʰkɨke,Phonemic,valley,,,,
1-230-250-1,yuwa1244,Yuwana,652,bẽi,Phonemic,"plain, field",,,,
1-220-250-1,yuwa1244,Yuwana,2118,ilẽwã,Phonemic,"mountain, hill",,,,
1-214-250-1,yuwa1244,Yuwana,640,ʰleʰte,Phonemic,mud,,,,
1-215-250-1,yuwa1244,Yuwana,671,ʰkabaʰyu,Phonemic,sand,,,,
1-213-250-1,yuwa1244,Yuwana,2,ʰlẽi,Phonemic,dust,,,,
1-212-250-1,yuwa1244,Yuwana,1228,ʰlẽi,Phonemic,"earth=ground, soil",,,,
1-210-250-1,yuwa1244,Yuwana,626,ʰkʸo,Phonemic,"earth, land",,,,
1-100-250-1,yuwa1244,Yuwana,965,ʰkʸo,Phonemic,world,,Also means 'sky' 01.510.,,
14-331-250-1,yuwa1244,Yuwana,703,bai,Phonemic,soon,,,,
14-331-250-3,yuwa1244,Yuwana,703,bɨ̃lẽ,Phonemic,soon,,,,
14-332-250-1,yuwa1244,Yuwana,418,baite baite,Phonemic,long-time (for a),,,,
14-350-250-1,yuwa1244,Yuwana,204,ʰyuwẽ,Phonemic,again,,,,
14-410-250-1,yuwa1244,Yuwana,1225,ʰkʸato,Phonemic,day,,,,
14-420-250-1,yuwa1244,Yuwana,1233,ʰtiʰkʷeto-ʰkʷa,Phonemic,night,,,,
14-430-250-1,yuwa1244,Yuwana,729,halĩ ʰkʸato bai,Phonemic,dawn,,,,
14-440-250-1,yuwa1244,Yuwana,1339,ʰtɨ ilẽ,Phonemic,morning,,,,
14-450-250-1,yuwa1244,Yuwana,12,ʰtuwe ebõ,Phonemic,"noon, midday",,,,
14-451-250-1,yuwa1244,Yuwana,1807,ʰtilẽwã ʰkʸaka ikʸu bai-tolã,Phonemic,afternoon,,,,
14-460-250-1,yuwa1244,Yuwana,1629,ʰtaʰti-tolã,Phonemic,evening,,,,
14-470-250-1,yuwa1244,Yuwana,1283,bɨweya ʰkʸato-lɨ̃,Phonemic,today,,,,
14-480-250-1,yuwa1244,Yuwana,1329,ʰyuwẽ ʰkʸato bai-tolã,Phonemic,tomorrow,,,,
14-481-250-1,yuwa1244,Yuwana,1179,abale ʰyuwẽ ʰkʸato bai-tolã,Phonemic,day-after-tomorrow,,,,
14-490-250-1,yuwa1244,Yuwana,1174,bãika ʰkʸato bai-tolã,Phonemic,yesterday,,,,
14-491-250-1,yuwa1244,Yuwana,1180,'bãikabã ʰkʸato bai-tolã,Phonemic,day-before-yesterday,,,,
14-750-250-1,yuwa1244,Yuwana,1537,o bai,Phonemic,spring,,Means wet season.,,
14-760-250-1,yuwa1244,Yuwana,1342,ʰtuwe bai,Phonemic,summer,,Means dry season.,,
15-210-250-1,yuwa1244,Yuwana,1587,bĩwe,Phonemic,smell (vb intrans),,,,
15-212-250-1,yuwa1244,Yuwana,375,bĩkĩwe,Phonemic,sniff,,,,
15-220-250-1,yuwa1244,Yuwana,1586,bĩkĩwe,Phonemic,smell (vb trans),,,,
15-250-250-1,yuwa1244,Yuwana,376,ɨlẽka,Phonemic,"fragrant, good smelling",,,,
15-260-250-1,yuwa1244,Yuwana,42,ʰwaka,Phonemic,"stinking, bad smelling",,,,
15-310-250-1,yuwa1244,Yuwana,21,hibu,Phonemic,taste,,,,
15-350-250-1,yuwa1244,Yuwana,717,ɨlẽka,Phonemic,sweet,,,,
15-360-250-1,yuwa1244,Yuwana,1091,ɨlẽka,Phonemic,salty,,,,
15-370-250-1,yuwa1244,Yuwana,887,ʰtuʰkewaka,Phonemic,bitter,,,,
15-380-250-1,yuwa1244,Yuwana,1906,wike,Phonemic,"acid, sour",,,,
15-390-250-1,yuwa1244,Yuwana,70,ɨlẽka 'botebã,Phonemic,brackish,,,,
15-410-250-1,yuwa1244,Yuwana,1408,ãku,Phonemic,hear,,,,
15-420-250-1,yuwa1244,Yuwana,1608,ãku,Phonemic,listen,,,,
15-440-250-1,yuwa1244,Yuwana,1811,hobei,Phonemic,"sound, noise",,,,
15-450-250-1,yuwa1244,Yuwana,377,yã 'ʰkolãte,Phonemic,loud,,,,
15-460-250-1,yuwa1244,Yuwana,1314,ʰkʸo bẽtai,Phonemic,"quiet, silence",,,,
15-510-250-1,yuwa1244,Yuwana,1409,we,Phonemic,see,,,,
15-520-250-1,yuwa1244,Yuwana,1819,we,Phonemic,"look, look at",,,,
15-550-250-1,yuwa1244,Yuwana,1039,ʰke kʷeloba,Phonemic,show,,Irregular verb.,,
15-560-250-1,yuwa1244,Yuwana,708,ʰyoli,Phonemic,shine,,,,
15-570-250-1,yuwa1244,Yuwana,679,uli-wa-lã ʰyoli,Phonemic,bright,,,,
15-620-250-1,yuwa1244,Yuwana,250,kʸabo,Phonemic,light (in color),,,,
15-630-250-1,yuwa1244,Yuwana,706,waleiʰte,Phonemic,dark (in color),,,,
15-640-250-1,yuwa1244,Yuwana,1335,kʸabo,Phonemic,white,,,,
15-650-250-1,yuwa1244,Yuwana,163,waleiʰte,Phonemic,black,,,,
15-660-250-1,yuwa1244,Yuwana,156,tuwẽlõ,Phonemic,red,,,,
15-670-250-1,yuwa1244,Yuwana,837,lũʰtibo,Phonemic,blue,,,,
15-680-250-1,yuwa1244,Yuwana,1425,lũʰtibo,Phonemic,green,,,,
15-690-250-1,yuwa1244,Yuwana,1424,tuwẽlõ,Phonemic,yellow,,,,
15-690-250-3,yuwa1244,Yuwana,1424,kʸabo,Phonemic,yellow,,,,
15-710-250-1,yuwa1244,Yuwana,1892,hi,Phonemic,touch,,,,
15-712-250-1,yuwa1244,Yuwana,378,lũwẽtɨ,Phonemic,pinch,,,,
15-720-250-1,yuwa1244,Yuwana,1079,bõ-lɨ̃ we,Phonemic,feel,,,,
15-740-250-1,yuwa1244,Yuwana,1884,ikʸaka,Phonemic,hard,,,,
15-750-250-1,yuwa1244,Yuwana,1856,ʰkeilõwãlõ,Phonemic,soft,,,,
15-760-250-1,yuwa1244,Yuwana,1923,huluwaka,Phonemic,rough,,,,
15-770-250-1,yuwa1244,Yuwana,1234,ʰteiʰteiwa,Phonemic,smooth,,,,
15-780-250-1,yuwa1244,Yuwana,1396,aʰkuwe'te,Phonemic,sharp,,,,
15-790-250-1,yuwa1244,Yuwana,379,ʰkuʰtai,Phonemic,"blunt, dull",,,,
15-810-250-1,yuwa1244,Yuwana,1210,'bẽkito,Phonemic,heavy,,,,
15-820-250-1,yuwa1244,Yuwana,1052,ʰkãhõ,Phonemic,light (in weight),,,,
15-830-250-1,yuwa1244,Yuwana,1726,ʰkʷata,Phonemic,"wet, damp",,,,
15-840-250-1,yuwa1244,Yuwana,1398,ʰkai,Phonemic,dry,,,,
15-850-250-1,yuwa1244,Yuwana,1286,ʰtuweʰto,Phonemic,hot,,,,
15-851-250-1,yuwa1244,Yuwana,1232,halĩwalã ʰtuweʰto,Phonemic,warm,,,,
15-860-250-1,yuwa1244,Yuwana,1287,ʰkẽhõ,Phonemic,cold,,,,
15-870-250-1,yuwa1244,Yuwana,704,kʸabo,Phonemic,clean,,,,
15-880-250-1,yuwa1244,Yuwana,1230,waleiʰte,Phonemic,"dirty, soiled",,,,
16-110-250-1,yuwa1244,Yuwana,53,aweila,Phonemic,"soul, spirit",,,,
16-150-250-1,yuwa1244,Yuwana,1572,ʰka-itiwɨ,Phonemic,"surprised, astonished",,Means to make afraid.,,
16-230-250-1,yuwa1244,Yuwana,1495,awokɨ,Phonemic,"joyful, glad, happy",,,,
16-250-250-1,yuwa1244,Yuwana,1355,awokɨ,Phonemic,laugh,,,,
16-251-250-1,yuwa1244,Yuwana,1451,awokɨ,Phonemic,smile,,,,
16-260-250-1,yuwa1244,Yuwana,1413,ahweo,Phonemic,play,,,,
16-290-250-1,yuwa1244,Yuwana,578,a-lɨ̃ ʰluʰluwe,Phonemic,kiss,,,,
16-300-250-1,yuwa1244,Yuwana,928,atokẽ,Phonemic,embrace,,,,
16-310-250-1,yuwa1244,Yuwana,1783,hulu,Phonemic,pain,,Verbal form.,,
16-320-250-1,yuwa1244,Yuwana,1668,awokɨ-'te,Phonemic,"grief, sorrow, sadness",,,,
16-370-250-1,yuwa1244,Yuwana,1839,ʰkelou,Phonemic,"cry, weep",,,,
16-380-250-1,yuwa1244,Yuwana,1651,ʰtaʰteikɨ tehai,Phonemic,tear (noun),,,,
16-390-250-1,yuwa1244,Yuwana,716,yã-ʰkolã ʰwai,Phonemic,groan,,,,
16-410-250-1,yuwa1244,Yuwana,1607,we itewe,Phonemic,hate,,,,
16-420-250-1,yuwa1244,Yuwana,82,lowali,Phonemic,anger,,,,
16-450-250-1,yuwa1244,Yuwana,1776,ʰka-ʰtau,Phonemic,shame (noun),,Verbal form.,,
16-530-250-1,yuwa1244,Yuwana,781,itiwɨ,Phonemic,"fear, fright",,Verbal form.,,
16-620-250-1,yuwa1244,Yuwana,1784,-toba,Phonemic,"desire, want",,Verbal suffix.,,
16-670-250-1,yuwa1244,Yuwana,601,ĩlã ũ,Phonemic,"lie, tell lies",,,,
16-680-250-1,yuwa1244,Yuwana,13,ĩlã ũ,Phonemic,deceit,,,,
16-710-250-1,yuwa1244,Yuwana,1035,bũʰkete,Phonemic,good,,,,
16-720-250-1,yuwa1244,Yuwana,1292,yã-hai,Phonemic,bad,,,,
16-720-250-3,yuwa1244,Yuwana,1292,yã-hã,Phonemic,bad,,,,
16-730-250-1,yuwa1244,Yuwana,1725,ʰtɨboiʰya,Phonemic,"right, correct",,,,
16-740-250-1,yuwa1244,Yuwana,1390,yã-hawalã,Phonemic,wrong,,,,
16-810-250-1,yuwa1244,Yuwana,1427,ʰti hai,Phonemic,beautiful,,,,
16-810-250-3,yuwa1244,Yuwana,1427,ʰti hã,Phonemic,beautiful,,,,
16-810-250-5,yuwa1244,Yuwana,1427,ʰti ha,Phonemic,beautiful,,,,
16-820-250-1,yuwa1244,Yuwana,1548,yã-hã,Phonemic,ugly,,,,
16-820-250-3,yuwa1244,Yuwana,1548,yã-hai,Phonemic,ugly,,,,
17-130-250-1,yuwa1244,Yuwana,1415,ũ,Phonemic,think (= reflect),,,,
17-140-250-1,yuwa1244,Yuwana,1513,ũ,Phonemic,think (= be of the opinion),,,,
17-160-250-1,yuwa1244,Yuwana,1536,ãku,Phonemic,understand,,,,
17-170-250-1,yuwa1244,Yuwana,1410,ãku,Phonemic,know,,,,
17-171-250-1,yuwa1244,Yuwana,1932,ũ,Phonemic,guess,,,,
17-172-250-1,yuwa1244,Yuwana,117,bau,Phonemic,imitate,,,,
17-180-250-1,yuwa1244,Yuwana,1521,ũ,Phonemic,seem,,,,
17-230-250-1,yuwa1244,Yuwana,1899,ĩlã ũ,Phonemic,"insane, crazy",,,,
17-240-250-1,yuwa1244,Yuwana,504,ãku bai,Phonemic,learn,,,,
17-242-250-1,yuwa1244,Yuwana,1929,ãku bai,Phonemic,study,,,,
17-250-250-1,yuwa1244,Yuwana,709,ũtɨ ʰtɨ,Phonemic,teach,,,,
17-310-250-1,yuwa1244,Yuwana,707,bɨtekɨ,Phonemic,remember,,,,
17-320-250-1,yuwa1244,Yuwana,1523,bũʰliye,Phonemic,forget,,,,
17-360-250-1,yuwa1244,Yuwana,1121,ʰtoweika ũtɨ te-hai,Phonemic,secret,,,,
17-380-250-1,yuwa1244,Yuwana,1626,ũtɨ ʰtɨ,Phonemic,explain,,,,
17-480-250-1,yuwa1244,Yuwana,1812,we,Phonemic,"try, attempt",,,,
17-520-250-1,yuwa1244,Yuwana,1157,-ĩbɨ,Phonemic,because,,,,
17-530-250-1,yuwa1244,Yuwana,1459,-tolã,Phonemic,if,,,,
17-550-250-1,yuwa1244,Yuwana,1268,hã,Phonemic,"yes, affirmative",,,,
17-560-250-1,yuwa1244,Yuwana,1269,ĩte,Phonemic,"no, negative",,,,
17-610-250-1,yuwa1244,Yuwana,1239,hibɨ,Phonemic,how?,,,,
17-620-250-1,yuwa1244,Yuwana,822,hibɨ aiwa,Phonemic,how many?,,,,
17-630-250-1,yuwa1244,Yuwana,531,hibɨ aiwa,Phonemic,how much?,,,,
17-640-250-1,yuwa1244,Yuwana,1236,hibɨ,Phonemic,what?,,,,
17-650-250-1,yuwa1244,Yuwana,1238,-tolã,Phonemic,when?,,,,
17-660-250-1,yuwa1244,Yuwana,1237,'ʰtebolã,Phonemic,where?,,,,
17-670-250-1,yuwa1244,Yuwana,727,ʰtebo,Phonemic,which?,,,,
17-680-250-1,yuwa1244,Yuwana,1235,ʰwẽya,Phonemic,who?,,Respectively: masc.; fem.,,
17-680-250-3,yuwa1244,Yuwana,1235,ʰwoiyu,Phonemic,who?,,Respectively: masc.; fem.,,
17-690-250-1,yuwa1244,Yuwana,1270,hibɨ̃ ĩbɨ,Phonemic,why?,,,,
18-120-250-1,yuwa1244,Yuwana,1261,hobei,Phonemic,sing,,,,
18-130-250-1,yuwa1244,Yuwana,715,ʰwai,Phonemic,"shout, cry out",,,,
18-150-250-1,yuwa1244,Yuwana,55,ʰkolã ũtɨ,Phonemic,whisper,,,,
18-160-250-1,yuwa1244,Yuwana,128,yã-hawa-lã ũtɨ,Phonemic,mumble,,,,
18-170-250-1,yuwa1244,Yuwana,1025,bute,Phonemic,whistle,,,,
18-180-250-1,yuwa1244,Yuwana,298,ʰwai,Phonemic,"shriek, screech",,,,
18-190-250-1,yuwa1244,Yuwana,526,ʰwai,Phonemic,howl,,,,
18-210-250-1,yuwa1244,Yuwana,1623,utɨ,Phonemic,"speak, talk",,,,
18-211-250-1,yuwa1244,Yuwana,1866,wõiko bõlã ũtɨ,Phonemic,"stutter, stammer",,,,
18-220-250-1,yuwa1244,Yuwana,1458,ũtɨ,Phonemic,say,,,,
18-221-250-1,yuwa1244,Yuwana,1711,ũtɨ ʰtɨ,Phonemic,tell story,,,,
18-222-250-1,yuwa1244,Yuwana,1115,ũtɨ ʰtɨ,Phonemic,speech (make a),,,,
18-230-250-1,yuwa1244,Yuwana,48,ũtɨ-tebã,Phonemic,silent (be),,,,
18-240-250-1,yuwa1244,Yuwana,1307,ũtɨ te-hawa,Phonemic,language,,,,
18-260-250-1,yuwa1244,Yuwana,1599,ũtɨ te-hai,Phonemic,word,,,,
18-310-250-1,yuwa1244,Yuwana,1309,abei ãku,Phonemic,"ask (question, inquire)",,,,
18-320-250-1,yuwa1244,Yuwana,1275,...ĩlã ãkukʸe,Phonemic,answer,,,,
18-350-250-1,yuwa1244,Yuwana,1828,abei,Phonemic,"ask, request",,,,
18-370-250-1,yuwa1244,Yuwana,49,ʰkʷoi,Phonemic,refuse,,,,
18-410-250-1,yuwa1244,Yuwana,1084,abei bɨ̃,Phonemic,call (=summon),,,,
18-420-250-1,yuwa1244,Yuwana,180,hibɨ te-kã ta,Phonemic,call (=name),,,,
18-430-250-1,yuwa1244,Yuwana,9,ũtɨ,Phonemic,announce,,,,
18-510-250-1,yuwa1244,Yuwana,1672,ʰkalĩtɨ,Phonemic,write,,,,
18-520-250-1,yuwa1244,Yuwana,724,beitei we,Phonemic,read,,,,
18-560-250-1,yuwa1244,Yuwana,648,ʰtuʰku ʰya,Phonemic,paper,,,,
18-570-250-1,yuwa1244,Yuwana,794,ʰkalĩtɨ te-hai,Phonemic,pen,,,,
18-610-250-1,yuwa1244,Yuwana,963,[libalo],Phonemic,book,,From Span. 'libro'.,,
18-710-250-1,yuwa1244,Yuwana,777,ʰtaʰwibo,Phonemic,flute,,,,
18-710-250-3,yuwa1244,Yuwana,777,ʰwãbo,Phonemic,flute,,,,
18-730-250-1,yuwa1244,Yuwana,2136,ʰtaʰwibo,Phonemic,"horn, trumpet",,,,
18-740-250-1,yuwa1244,Yuwana,300,ʰtu iʰta,Phonemic,rattle,,,,
19-150-250-1,yuwa1244,Yuwana,1391,balo,Phonemic,"city, town",,,,
19-160-250-1,yuwa1244,Yuwana,930,balo,Phonemic,village,,,,
19-210-250-1,yuwa1244,Yuwana,789,ho-tɨ,Phonemic,people (populace),,,,
19-250-250-1,yuwa1244,Yuwana,1296,ʰtawɨ tou ũ te-ka-hai,Phonemic,"staff, walking stick",,,,
19-460-250-1,yuwa1244,Yuwana,1635,ãku,Phonemic,obey,,,,
19-540-250-1,yuwa1244,Yuwana,1332,habẽlã bã-hã,Phonemic,neighbor,,Means one close by.,,
19-550-250-1,yuwa1244,Yuwana,791,we-'te bã-hã,Phonemic,stranger,,Means one never seen.,,
19-620-250-1,yuwa1244,Yuwana,1848,lowalibu,Phonemic,"strife, quarrel",,,,
19-650-250-1,yuwa1244,Yuwana,1831,we,Phonemic,meet,,,,
20-110-250-1,yuwa1244,Yuwana,1423,ʰwau-'e,Phonemic,fight (vb),,,,
20-240-250-1,yuwa1244,Yuwana,994,lĩbẽlã ho,Phonemic,bow,,,,
20-250-250-1,yuwa1244,Yuwana,977,lĩbẽlã ho,Phonemic,arrow,,,,
20-260-250-1,yuwa1244,Yuwana,945,luʰkʷi,Phonemic,spear,,,,
20-270-250-1,yuwa1244,Yuwana,1535,heila,Phonemic,sword,,,,
20-280-250-1,yuwa1244,Yuwana,1566,ʰwãlã,Phonemic,"gun, cannon",,,,
20-510-250-1,yuwa1244,Yuwana,1858,bõʰtõ-lɨ̃ lei te-kã,Phonemic,fisherman,,,,
20-520-250-1,yuwa1244,Yuwana,1074,ʰkãʰkã ɨlẽhai,Phonemic,fishhook,,,,
20-530-250-1,yuwa1244,Yuwana,19,ʰkãʰkã hu,Phonemic,fishing line,,,,
20-550-250-1,yuwa1244,Yuwana,389,bõʰtõ laho,Phonemic,fish trap,,,,
20-610-250-1,yuwa1244,Yuwana,1435,yewo-lɨ̃ toʰkʷe,Phonemic,hunt,,,,
20-610-250-3,yuwa1244,Yuwana,1435,ʰkʷayolɨ̃ huʰkʷe,Phonemic,hunt,,,,
20-620-250-1,yuwa1244,Yuwana,1172,hu,Phonemic,shoot,,,,
20-630-250-1,yuwa1244,Yuwana,161,hite bẽɨ,Phonemic,miss (target),,,,
21-510-250-1,yuwa1244,Yuwana,713,bo bẽi,Phonemic,steal,,,,
21-520-250-1,yuwa1244,Yuwana,1160,bo bẽi te-ka-hã,Phonemic,thief,,,,
