ID,Language_ID,Language_name,Parameter_ID,Value,Transcription,Concept,Source,Comment,AlternativeValue,AlternativeTranscription
14-320-266-1,wapi1253,Wapishana,1852,mapʰɨdɨ,Phonemic,often,,,,
14-310-266-1,wapi1253,Wapishana,1676,kʰarikʰaunan,Phonemic,always,,,,
14-290-266-1,wapi1253,Wapishana,790,tʰɨrɨɨ,Phonemic,ready,,,,
14-280-266-1,wapi1253,Wapishana,1928,mašaada-n,Phonemic,"cease, stop",,,,
14-270-266-1,wapi1253,Wapishana,1766,ipʰaia-n,Phonemic,finish,,,,
14-260-266-1,wapi1253,Wapishana,743,šaˀbatʰaẓa-n,Phonemic,end (temporal),,,,
14-252-266-1,wapi1253,Wapishana,1186,dawɨɨ ɨnaʔakʰa-n,Phonemic,"last, endure",,Also kʰutʰɨaʔikʰi ɨnaʔakʰa-n.,,
14-250-266-1,wapi1253,Wapishana,1806,sakʰadin,Phonemic,"begin, beginning",,,,
14-250-266-3,wapi1253,Wapishana,1806,sakʰadin-kʰiẓai,Phonemic,"begin, beginning",,,,
14-240-266-1,wapi1253,Wapishana,425,kʰunaʔiaɨdaʔɨ,Phonemic,"retard, delay",,,,
14-230-266-1,wapi1253,Wapishana,754,kʰadiman,Phonemic,"hasten, hurry",,,,
14-220-266-1,wapi1253,Wapishana,701,kʰunaʔii,Phonemic,slow,,,,
14-210-266-1,wapi1253,Wapishana,1631,kʰadimana-ʔu,Phonemic,"swift, fast, quick",,,,
14-190-266-1,wapi1253,Wapishana,1963,kʰadiman akʰa,Phonemic,immediately,,,,
14-190-266-3,wapi1253,Wapishana,1963,kʰai akʰa,Phonemic,immediately,,,,
14-180-266-1,wapi1253,Wapishana,1376,kʰai,Phonemic,now,,,,
14-170-266-1,wapi1253,Wapishana,477,wačʰɨɨpʰɨnin,Phonemic,late,,Also means 'afternoon'.,,
14-160-266-1,wapi1253,Wapishana,672,čʰapʰiʔikʰi,Phonemic,early,,Also means 'morning'.,,
14-150-266-1,wapi1253,Wapishana,1229,ẓaam,Phonemic,old,,"Refers to things, not to people.",,
14-140-266-1,wapi1253,Wapishana,1207,pʰaʔina-ʔu,Phonemic,young,,,,
14-120-266-1,wapi1253,Wapishana,1789,-wɨnɨ-n,Phonemic,age,,,,
14-130-266-1,wapi1253,Wapishana,1231,pʰaʔina-ʔu,Phonemic,new,,,,
14-110-266-1,wapi1253,Wapishana,892,amaẓada,Phonemic,time,,,,
13-440-266-1,wapi1253,Wapishana,417,idikʰinaɨ,Phonemic,three times,,,,
13-380-266-1,wapi1253,Wapishana,1546,itʰamaɨ,Phonemic,two times,,,,
13-370-266-1,wapi1253,Wapishana,1888,dyaʔɨtʰam,Phonemic,pair,,,,
13-360-266-1,wapi1253,Wapishana,1384,kʰiwini-ʔu dauwɨʔatʰi,Phonemic,second,,,,
13-350-266-1,wapi1253,Wapishana,1529,dauwɨʔitʰin,Phonemic,last,,,,
13-340-266-1,wapi1253,Wapishana,728,kʰiwin,Phonemic,first,,,,
13-330-266-1,wapi1253,Wapishana,1580,pʰaˀbaʔuran,Phonemic,"alone, only",,,,
13-330-266-3,wapi1253,Wapishana,1580,suu,Phonemic,"alone, only",,,,
13-240-266-1,wapi1253,Wapishana,816,ˀbadaʔii,Phonemic,half,,,,
13-240-266-3,wapi1253,Wapishana,816,pʰa-ẓikʰun an,Phonemic,half,,,,
13-230-266-1,wapi1253,Wapishana,779,-din,Phonemic,"part, piece",,Respectively: 'bigger pieces'; 'smaller pieces'.,,
13-230-266-3,wapi1253,Wapishana,779,-ɨnɨˀba,Phonemic,"part, piece",,Respectively: 'bigger pieces'; 'smaller pieces'.,,
13-220-266-1,wapi1253,Wapishana,1624,mawaẓuu,Phonemic,empty,,,,
13-210-266-1,wapi1253,Wapishana,1429,pʰaida,Phonemic,full,,,,
13-190-266-1,wapi1253,Wapishana,2023,pʰidan-nau kʰasaˀbaʔɨkʰ-ĩĩ-pʰa-n,Phonemic,"multitude, crowd",,Also pʰidan-nau ˀbaukʰupʰatʰ-ĩĩ-pʰa-n; pʰidan-nau kʰatʰuntʰ-ĩĩ-pʰa-n.,,
13-181-266-1,wapi1253,Wapishana,1241,pʰaˀbiʔikʰida,Phonemic,some,,,,
13-170-266-1,wapi1253,Wapishana,1242,maskʰaɨdaʔɨ,Phonemic,"little (quantity), few",,,,
13-180-266-1,wapi1253,Wapishana,1881,atʰa,Phonemic,enough,,,,
13-160-266-1,wapi1253,Wapishana,1992,pʰuwaʔa,Phonemic,more,,,,
13-150-266-1,wapi1253,Wapishana,1198,iriˀba,Phonemic,"much, many",,,,
13-140-266-1,wapi1253,Wapishana,98,ipʰai,Phonemic,"every, all",,,,
13-107-266-1,wapi1253,Wapishana,1420,aitʰan,Phonemic,count,,,,
13-105-266-1,wapi1253,Wapishana,1634,ˀbakʰaʔiaɨdaʔɨ pʰidan naanaa,Phonemic,hundred,,,,
13-104-266-1,wapi1253,Wapishana,1710,ˀbanɨpʰapʰa pʰidan,Phonemic,twenty,,Also ˀbaɨdaʔapʰa pʰidan naanaa.,,
13-103-266-1,wapi1253,Wapishana,1709,daraa wakʰidiˀba itʰi,Phonemic,fifteen,,,,
13-102-266-1,wapi1253,Wapishana,1707,dyaʔɨtʰam wakʰidiˀba itʰi,Phonemic,twelve,,,,
13-101-266-1,wapi1253,Wapishana,1706,ˀbaɨdaʔapʰa wakʰidiˀba itʰi,Phonemic,eleven,,,,
13-100-266-1,wapi1253,Wapishana,1515,ˀbaukʰukʰaʔɨ,Phonemic,ten,,,,
13-90-266-1,wapi1253,Wapishana,1483,pʰaminaʔɨtʰamkʰiʔi ˀbakʰaɨnɨ itʰi,Phonemic,nine,,,,
13-80-266-1,wapi1253,Wapishana,1705,idikʰinaɨdaʔɨ ˀbakʰaɨnɨ itʰi,Phonemic,eight,,,,
13-70-266-1,wapi1253,Wapishana,1704,dyaʔɨtʰam ˀbakʰaɨnɨ itʰi,Phonemic,seven,,,,
13-60-266-1,wapi1253,Wapishana,1703,ˀbaɨdaʔapʰa ˀbakʰaɨnɨ itʰi,Phonemic,six,,,,
13-50-266-1,wapi1253,Wapishana,493,ˀbakʰaʔiaɨdaʔɨ,Phonemic,five,,,,
13-40-266-1,wapi1253,Wapishana,1500,pʰaminaʔɨtʰamkʰiʔi,Phonemic,four,,,,
13-20-266-1,wapi1253,Wapishana,1498,dyaʔɨtʰam,Phonemic,two,,,,
13-30-266-1,wapi1253,Wapishana,492,idikʰinaɨdaʔɨ,Phonemic,three,,,,
13-10-266-1,wapi1253,Wapishana,1493,ˀbaɨdaʔapʰa,Phonemic,one,,,,
13-0-266-1,wapi1253,Wapishana,1294,aunaiman,Phonemic,"zero, nothing",,,,
12-930-266-1,wapi1253,Wapishana,1264,pʰanaada-n,Phonemic,change,,,,
12-920-266-1,wapi1253,Wapishana,1558,naʔapʰa kʰida-ʔu,Phonemic,"like, similar",,,,
12-840-266-1,wapi1253,Wapishana,1048,tʰaẓaɨkʰĩĩpʰa-ʔu,Phonemic,line,,,,
12-850-266-1,wapi1253,Wapishana,1667,kʰaʔɨnarɨ,Phonemic,hole,,,,
12-830-266-1,wapi1253,Wapishana,1845,kʰadaẓadaʔɨ-ʔu,Phonemic,"sphere, ball",,,,
12-810-266-1,wapi1253,Wapishana,1395,kʰadaẓadaʔɨ-ʔu,Phonemic,round,,,,
12-820-266-1,wapi1253,Wapishana,1467,kʰadaẓadaʔɨ-ʔu,Phonemic,circle,,,,
12-780-266-1,wapi1253,Wapishana,850,kʰatʰaidaʔɨ-ʔu,Phonemic,square,,,,
12-770-266-1,wapi1253,Wapishana,1367,tʰaramitʰapʰa-ʔu,Phonemic,cross,,,,
12-760-266-1,wapi1253,Wapishana,192,išakʰari,Phonemic,corner,,,,
12-740-266-1,wapi1253,Wapishana,297,kʰuraɨdapʰ,Phonemic,crooked,,,,
12-730-266-1,wapi1253,Wapishana,1404,sakʰitʰapʰa,Phonemic,straight,,,,
12-710-266-1,wapi1253,Wapishana,1633,madaẓ,Phonemic,flat,,,,
12-680-266-1,wapi1253,Wapishana,193,maanaa,Phonemic,shallow,,,,
12-670-266-1,wapi1253,Wapishana,1593,kʰaanaa,Phonemic,deep,,,,
12-650-266-1,wapi1253,Wapishana,2249,madɨdɨkʰa,Phonemic,thin (in dimension),,,,
12-630-266-1,wapi1253,Wapishana,1244,midi,Phonemic,thick (in dimension),,,,
12-620-266-1,wapi1253,Wapishana,1267,maẓuu,Phonemic,narrow,,,,
12-610-266-1,wapi1253,Wapishana,1243,kʰaẓuu,Phonemic,"wide, broad",,,,
12-590-266-1,wapi1253,Wapishana,1645,madiwaɨ,Phonemic,short,,,,
12-580-266-1,wapi1253,Wapishana,711,dukʰu-ʔu,Phonemic,tall,,,,
12-570-266-1,wapi1253,Wapishana,1203,dawɨɨ,Phonemic,long,,,,
12-560-266-1,wapi1253,Wapishana,1246,kʰaikʰapʰasudi-ʔu,Phonemic,"small, little",,Also dɨɨsudi-ʔu.,,
12-550-266-1,wapi1253,Wapishana,1202,ɨdarɨ,Phonemic,"large, big",,,,
12-550-266-3,wapi1253,Wapishana,1202,tɨbarɨ,Phonemic,"large, big",,,,
12-540-266-1,wapi1253,Wapishana,1506,aitʰa-n,Phonemic,measure,,,,
12-530-266-1,wapi1253,Wapishana,479,dyaɨpʰai-n,Phonemic,grow,,Respectively: for people; for plants.,,
12-530-266-3,wapi1253,Wapishana,479,suda-n,Phonemic,grow,,Respectively: for people; for plants.,,
12-480-266-1,wapi1253,Wapishana,1595,wadaˀbaʔikʰi,Phonemic,south,,,,
12-470-266-1,wapi1253,Wapishana,1598,wadaˀbaʔikʰi,Phonemic,north,,,,
12-460-266-1,wapi1253,Wapishana,1817,wakʰadapʰɨ itʰanapʰ,Phonemic,west,,,,
12-450-266-1,wapi1253,Wapishana,1877,waukʰu itʰanapʰ,Phonemic,east,,,,
12-430-266-1,wapi1253,Wapishana,1942,maunapʰa,Phonemic,near (adv),,,,
12-440-266-1,wapi1253,Wapishana,1406,mɨnapʰu,Phonemic,far (adv),,,,
12-420-266-1,wapi1253,Wapishana,244,ašaˀbaru,Phonemic,left (side),,,,
12-410-266-1,wapi1253,Wapishana,1019,diwaʔura,Phonemic,right (side),,,,
12-370-266-1,wapi1253,Wapishana,1093,-ẓikʰun,Phonemic,"middle, center",,,,
12-360-266-1,wapi1253,Wapishana,682,-daawaẓ,Phonemic,side,,,,
12-353-266-1,wapi1253,Wapishana,863,-danum,Phonemic,edge,,,,
12-352-266-1,wapi1253,Wapishana,372,kʰadakʰusaˀba-ʔu,Phonemic,pointed,,,,
12-350-266-1,wapi1253,Wapishana,742,-tʰukʰun,Phonemic,end,,,,
12-340-266-1,wapi1253,Wapishana,690,-dikʰapʰu,Phonemic,bottom,,,,
12-320-266-1,wapi1253,Wapishana,721,apʰuwa-ʔa,Phonemic,low,,,,
12-330-266-1,wapi1253,Wapishana,1753,-pʰaawaẓ,Phonemic,top,,,,
12-310-266-1,wapi1253,Wapishana,1265,dukʰu-ʔu,Phonemic,high,,,,
12-270-266-1,wapi1253,Wapishana,602,diẓa-n,Phonemic,"hide, conceal",,,,
12-250-266-1,wapi1253,Wapishana,1046,tʰaratʰa-n,Phonemic,"shut, close",,,,
12-260-266-1,wapi1253,Wapishana,761,tʰaratʰa-n,Phonemic,cover,,,,
12-240-266-1,wapi1253,Wapishana,1156,daʔatʰa-n,Phonemic,open,,,,
12-232-266-1,wapi1253,Wapishana,1119,ˀbɨɨtʰa-n,Phonemic,divide,,,,
12-230-266-1,wapi1253,Wapishana,1359,ˀbɨɨtʰa-n,Phonemic,separate,,,,
12-220-266-1,wapi1253,Wapishana,1743,tʰutʰukʰada-n,Phonemic,"join, unite",,,,
12-213-266-1,wapi1253,Wapishana,1576,kʰasaˀbaʔɨa-n,Phonemic,pile up,,,,
12-212-266-1,wapi1253,Wapishana,371,ẓuwaiia-n,Phonemic,pick up,,,,
12-210-266-1,wapi1253,Wapishana,7,ẓuwaida-n,Phonemic,"collect, gather",,,,
12-170-266-1,wapi1253,Wapishana,838,waʔakʰɨ-n,Phonemic,"remains, left overs",,,,
12-160-266-1,wapi1253,Wapishana,987,naʔia-n,Phonemic,"remain, stay",,,,
12-150-266-1,wapi1253,Wapishana,1442,kʰadišitʰa-n,Phonemic,stand,,,,
12-140-266-1,wapi1253,Wapishana,215,wašatʰ-ĩĩa-n,Phonemic,lie down,,,,
12-130-266-1,wapi1253,Wapishana,1416,sakʰantʰa-n,Phonemic,sit,,,,
12-120-266-1,wapi1253,Wapishana,998,mɨɨda-n,Phonemic,put,,,,
12-110-266-1,wapi1253,Wapishana,723,mɨɨda-n,Phonemic,place,,,,
12-80-266-1,wapi1253,Wapishana,1591,dukʰu ii,Phonemic,"up, above",,,,
12-70-266-1,wapi1253,Wapishana,1485,waranɨ ii,Phonemic,under,,,,
12-60-266-1,wapi1253,Wapishana,762,pʰaniˀba ii,Phonemic,outside,,,,
12-50-266-1,wapi1253,Wapishana,1606,naẓu ii,Phonemic,"inside, in",,,,
12-41-266-1,wapi1253,Wapishana,1883,kʰanapʰɨ ii,Phonemic,front,,,,
12-40-266-1,wapi1253,Wapishana,1882,-ɨa ii,Phonemic,before,,,,
12-30-266-1,wapi1253,Wapishana,2094,-waranɨ ii,Phonemic,"down, below",,,,
12-20-266-1,wapi1253,Wapishana,1816,-daawaẓi,Phonemic,beside,,,,
12-11-266-1,wapi1253,Wapishana,1686,-ˀbaraɨ itʰinapʰɨ,Phonemic,behind,,,,
12-10-266-1,wapi1253,Wapishana,1685,-dauwa atʰi,Phonemic,after,,,,
11-920-266-1,wapi1253,Wapishana,1098,aitʰa-n,Phonemic,weigh,,,,
11-910-266-1,wapi1253,Wapishana,884,tʰaa-ˀbiʔia-n,Phonemic,share (distribute),,,,
11-890-266-1,wapi1253,Wapishana,1887,ma-winipʰinaa,Phonemic,cheap,,,,
11-880-266-1,wapi1253,Wapishana,1426,kʰa-winipʰinaa,Phonemic,"dear (costly, expensive)",,,,
11-870-266-1,wapi1253,Wapishana,657,-winipʰinaa,Phonemic,price,,,,
11-860-266-1,wapi1253,Wapishana,752,[ištʰuru],Phonemic,"store, shop",,From English 'store'.,,
11-830-266-1,wapi1253,Wapishana,2135,šakʰatʰa-kʰid-aakʰa-n,Phonemic,"trade, barter",,,,
11-820-266-1,wapi1253,Wapishana,1571,[sellia-n],Phonemic,sell,,From English 'sell'.,,
11-810-266-1,wapi1253,Wapishana,1869,tʰuria-n,Phonemic,buy,,,,
11-780-266-1,wapi1253,Wapishana,1122,-winipʰinaa,Phonemic,wages,,,,
11-650-266-1,wapi1253,Wapishana,718,kʰa-winipʰinaatʰa-n,Phonemic,pay (vb),,,,
11-640-266-1,wapi1253,Wapishana,1914,[adawančʰi],Phonemic,debt,,From English 'advance'.,,
11-630-266-1,wapi1253,Wapishana,369,ma-winipʰinaatʰa-pʰa-n,Phonemic,owe,,,,
11-620-266-1,wapi1253,Wapishana,1823,pʰiša-n ẓii,Phonemic,borrow,,,,
11-610-266-1,wapi1253,Wapishana,582,tʰaa-n ẓii,Phonemic,lend,,,,
11-540-266-1,wapi1253,Wapishana,1774,mišaʔurarɨ,Phonemic,"avaricious, stingy",,,,
11-530-266-1,wapi1253,Wapishana,1934,pʰišaiʔi,Phonemic,beggar,,,,
11-520-266-1,wapi1253,Wapishana,1674,ma-pʰɨraatʰanɨ-ʔu,Phonemic,poor,,,,
11-510-266-1,wapi1253,Wapishana,712,kʰa-pʰɨraatʰanɨ-ʔu,Phonemic,rich,,,,
11-440-266-1,wapi1253,Wapishana,1867,[širin],Phonemic,coin,,From English 'shilling'.,,
11-430-266-1,wapi1253,Wapishana,1559,pʰɨraatʰa,Phonemic,money,,,,
11-340-266-1,wapi1253,Wapishana,1095,mɨɨda-n,Phonemic,"release, let go",,,,
11-330-266-1,wapi1253,Wapishana,1660,waẓiuda-n,Phonemic,lose,,,,
11-320-266-1,wapi1253,Wapishana,719,ikʰuda-n,Phonemic,find,,,,
11-310-266-1,wapi1253,Wapishana,1468,dauwatʰa-n,Phonemic,"seek, look for",,,,
11-280-266-1,wapi1253,Wapishana,44,kʰaẓiwa-n,Phonemic,"harm, injure, damage",,,,
11-270-266-1,wapi1253,Wapishana,681,mainaˀbatʰa-n,Phonemic,destroy,,,,
11-250-266-1,wapi1253,Wapishana,2008,kʰaẓannaatʰa-n,Phonemic,"save, rescue",,,,
11-240-266-1,wapi1253,Wapishana,1997,tʰaapʰa-n,Phonemic,"preserve, look after",,,,
11-220-266-1,wapi1253,Wapishana,85,kʰiwa-kʰida-n,Phonemic,give back,,,,
11-210-266-1,wapi1253,Wapishana,1447,taa-n,Phonemic,give,,,,
11-180-266-1,wapi1253,Wapishana,738,aimaakʰan,Phonemic,thing,,,,
11-170-266-1,wapi1253,Wapishana,1477,tʰaapʰa-n,Phonemic,"keep, retain",,,,
11-160-266-1,wapi1253,Wapishana,694,ẓaamatʰa-n,Phonemic,"get, obtain",,,,
11-150-266-1,wapi1253,Wapishana,1448,ẓaamatʰa-n,Phonemic,hold,,,,
11-140-266-1,wapi1253,Wapishana,2021,kʰaẓatʰa-n,Phonemic,"seize, grasp",,,,
11-130-266-1,wapi1253,Wapishana,1749,ẓaamatʰa-n,Phonemic,take,,,,
11-110-266-1,wapi1253,Wapishana,773,kʰainaʔa,Phonemic,have,,,,
10-920-266-1,wapi1253,Wapishana,1922,maratʰa-n,Phonemic,land (vb),,,,
10-852-266-1,wapi1253,Wapishana,1849,pʰuuratʰ-ĩĩa-n,Phonemic,row (vb),,,,
10-851-266-1,wapi1253,Wapishana,234,pʰuura,Phonemic,paddle (noun),,,,
10-850-266-1,wapi1253,Wapishana,108,pʰuura,Phonemic,oar,,,,
10-831-266-1,wapi1253,Wapishana,1970,kʰanawa,Phonemic,canoe,,,,
10-830-266-1,wapi1253,Wapishana,1844,kʰanawa,Phonemic,boat,,,,
10-780-266-1,wapi1253,Wapishana,14,kʰanaɨtʰan-naa,Phonemic,yoke,,,,
10-760-266-1,wapi1253,Wapishana,710,-tʰararan-naa,Phonemic,wheel,,,,
10-750-266-1,wapi1253,Wapishana,122,tʰarara,Phonemic,"carriage, wagon, cart",,,,
10-740-266-1,wapi1253,Wapishana,1011,pʰuẓai,Phonemic,bridge,,,,
10-720-266-1,wapi1253,Wapishana,2252,dɨnapʰu-saˀba,Phonemic,path,,,,
10-710-266-1,wapi1253,Wapishana,667,dɨnapʰu,Phonemic,road,,,,
10-670-266-1,wapi1253,Wapishana,1452,kʰidɨʔɨkʰa-n,Phonemic,"push, shove",,,,
10-660-266-1,wapi1253,Wapishana,367,ẓaida-n,Phonemic,ride,,,,
10-650-266-1,wapi1253,Wapishana,741,waatʰa-n,Phonemic,drive,,,,
10-640-266-1,wapi1253,Wapishana,43,kʰaẓuwaɨtʰapa-n,Phonemic,lead (vb),,To lead on a rope is kʰuẓuutʰapʰa-n.,,
10-630-266-1,wapi1253,Wapishana,1127,dyɨɨda-n,Phonemic,send,,,,
10-620-266-1,wapi1253,Wapishana,692,naʔakʰa-n,Phonemic,bring,,,,
10-620-266-3,wapi1253,Wapishana,692,kʰaawa-kʰida-n,Phonemic,bring,,,,
10-615-266-1,wapi1253,Wapishana,415,kʰišapʰutʰapʰa-n,Phonemic,carry-underarm,,,,
10-614-266-1,wapi1253,Wapishana,414,ẓuwaɨ-pʰawaitʰa-n,Phonemic,carry-on-head,,,,
10-613-266-1,wapi1253,Wapishana,413,tʰawadaitʰa-n,Phonemic,carry-on-shoulder,,,,
10-613-266-3,wapi1253,Wapishana,413,waudatʰa-n,Phonemic,carry-on-shoulder,,,,
10-612-266-1,wapi1253,Wapishana,412,kaʔɨtʰa-n,Phonemic,carry-in-hand,,,,
10-610-266-1,wapi1253,Wapishana,700,naʔakʰa-n,Phonemic,carry (bear),,,,
10-570-266-1,wapi1253,Wapishana,749,murutʰa-n,Phonemic,enter,,,,
10-560-266-1,wapi1253,Wapishana,1778,maunapʰatʰa-n,Phonemic,approach,,,,
10-550-266-1,wapi1253,Wapishana,1387,kʰaawa-n,Phonemic,"reach, arrive",,,,
10-530-266-1,wapi1253,Wapishana,1047,daʔanapʰa-n,Phonemic,pursue,,,,
10-520-266-1,wapi1253,Wapishana,1085,daʔana-n,Phonemic,follow,,,,
10-510-266-1,wapi1253,Wapishana,956,kʰiduupʰa-n,Phonemic,flee,,,,
10-491-266-1,wapi1253,Wapishana,485,mainaˀbat-ĩĩa-n,Phonemic,disappear,,,,
10-490-266-1,wapi1253,Wapishana,1752,makʰu-n,Phonemic,"go away, depart",,,,
10-481-266-1,wapi1253,Wapishana,581,kʰiwa-n,Phonemic,come back,,,,
10-480-266-1,wapi1253,Wapishana,1446,waʔatʰi-n,Phonemic,come,,,,
10-474-266-1,wapi1253,Wapishana,1107,kʰuditʰa-n,Phonemic,go out,,,,
10-473-266-1,wapi1253,Wapishana,2014,tʰukʰa-n,Phonemic,go down,,,,
10-472-266-1,wapi1253,Wapishana,1102,ẓaida-n,Phonemic,climb,,,,
10-470-266-1,wapi1253,Wapishana,695,makʰu-n,Phonemic,go,,,,
10-471-266-1,wapi1253,Wapishana,705,ẓaida-n,Phonemic,go up,,,,
10-460-266-1,wapi1253,Wapishana,1519,dima-n,Phonemic,run,,,,
10-451-266-1,wapi1253,Wapishana,366,tʰukʰuẓaʔɨa-n,Phonemic,limp,,,,
10-450-266-1,wapi1253,Wapishana,1443,čʰiʔikʰapʰa-n,Phonemic,walk,,,,
10-440-266-1,wapi1253,Wapishana,1879,kʰunaɨpʰa-n,Phonemic,dance,,,,
10-431-266-1,wapi1253,Wapishana,1135,dakʰaẓatʰa-n,Phonemic,kick,,,,
10-430-266-1,wapi1253,Wapishana,1829,ẓakʰaʔɨtʰa-n,Phonemic,"jump, leap",,,,
10-420-266-1,wapi1253,Wapishana,1324,čʰičʰakʰutʰa-n,Phonemic,"slide, slip",,,,
10-413-266-1,wapi1253,Wapishana,296,sɨraʔɨkʰa-n,Phonemic,crouch,,,,
10-412-266-1,wapi1253,Wapishana,66,kʰuduruʔɨkʰa-n,Phonemic,kneel,,,,
10-410-266-1,wapi1253,Wapishana,96,kʰuẓuutʰĩĩa-n,Phonemic,"creep, crawl",,,,
10-380-266-1,wapi1253,Wapishana,175,pʰuutʰa-n,Phonemic,blow,,,,
10-370-266-1,wapi1253,Wapishana,1441,ẓɨɨtʰa-n,Phonemic,fly (vb),,,,
10-360-266-1,wapi1253,Wapishana,787,umakʰadapʰa-n,Phonemic,sail (vb),,Dialect difference is makʰadapʰa-n.,,
10-352-266-1,wapi1253,Wapishana,365,kʰuˀbuĩĩa-n,Phonemic,splash,,,,
10-352-266-3,wapi1253,Wapishana,365,kʰupʰuĩĩa-n,Phonemic,splash,,,,
10-351-266-1,wapi1253,Wapishana,119,apʰičʰaɨtʰa-n,Phonemic,dive,,,,
10-350-266-1,wapi1253,Wapishana,1439,niutʰa-n,Phonemic,swim,,,,
10-340-266-1,wapi1253,Wapishana,1574,umakʰada-n,Phonemic,float,,Dialect difference is makʰada-n.,,
10-330-266-1,wapi1253,Wapishana,1088,tʰipʰitʰa-n,Phonemic,sink,,,,
10-320-266-1,wapi1253,Wapishana,2003,ẓiutʰa-n,Phonemic,flow,,Dialect difference is ẓuutʰa-n.,,
10-260-266-1,wapi1253,Wapishana,1909,ẓiikʰa-n,Phonemic,shake,,,,
10-252-266-1,wapi1253,Wapishana,702,ẓaamatʰa-n,Phonemic,catch (ball),,,,
10-250-266-1,wapi1253,Wapishana,1456,awɨʔɨtʰa-n,Phonemic,throw,,Dialect difference is kʰaˀbuutʰa-n.,,
10-240-266-1,wapi1253,Wapishana,2253,saˀbikʰa-n,Phonemic,drip,,,,
10-230-266-1,wapi1253,Wapishana,1280,wautʰa-n,Phonemic,fall,,,,
10-220-266-1,wapi1253,Wapishana,501,sautʰa-n,Phonemic,"raise, lift",,,,
10-210-266-1,wapi1253,Wapishana,568,sautʰa-n,Phonemic,rise,,,,
10-170-266-1,wapi1253,Wapishana,430,dyɨɨẓada-n,Phonemic,twist,,,,
10-150-266-1,wapi1253,Wapishana,827,waẓa-waẓa-n,Phonemic,roll,,,,
10-140-266-1,wapi1253,Wapishana,1113,dyɨɨẓada-n,Phonemic,"wind, wrap",,,,
10-140-266-3,wapi1253,Wapishana,1113,ˀbaẓuˀbatʰa-n,Phonemic,"wind, wrap",,,,
10-130-266-1,wapi1253,Wapishana,1445,pʰadantʰa-n,Phonemic,turn around,,,,
10-120-266-1,wapi1253,Wapishana,1588,tʰanautʰa-n,Phonemic,turn over,,,,
10-110-266-1,wapi1253,Wapishana,765,ẓikʰida-n,Phonemic,move,,,,
9-890-266-1,wapi1253,Wapishana,2001,tʰandapʰa-n,Phonemic,paint (vb),,,,
9-840-266-1,wapi1253,Wapishana,1979,atʰamɨnɨ kʰičʰada kʰinau,Phonemic,chisel,,,,
9-880-266-1,wapi1253,Wapishana,647,tʰandapʰa kʰinai,Phonemic,paint (noun),,,,
9-791-266-1,wapi1253,Wapishana,360,awarian,Phonemic,fan (vb),,,,
9-790-266-1,wapi1253,Wapishana,1971,awariˀbai,Phonemic,fan (noun),,,,
9-760-266-1,wapi1253,Wapishana,1539,daẓuwan,Phonemic,basket,,,,
9-750-266-1,wapi1253,Wapishana,1729,tʰɨẓɨɨtʰan,Phonemic,"weave, plait",,,,
9-750-266-3,wapi1253,Wapishana,1729,tʰaˀbarautʰan,Phonemic,"weave, plait",,,,
9-730-266-1,wapi1253,Wapishana,1399,kʰɨˀbai,Phonemic,clay,,,,
9-710-266-1,wapi1253,Wapishana,359,kʰɨˀbai san,Phonemic,potter,,,,
9-690-266-1,wapi1253,Wapishana,358,kʰurasa,Phonemic,"tin, tinplate",,,,
9-680-266-1,wapi1253,Wapishana,627,pʰiẓuutʰa,Phonemic,lead (noun),,,,
9-670-266-1,wapi1253,Wapishana,621,čʰipʰirara,Phonemic,iron,,,,
9-560-266-1,wapi1253,Wapishana,1069,sakʰa-riˀbai,Phonemic,glue,,Respectively: noun form; verbal form.,,
9-560-266-3,wapi1253,Wapishana,1069,sakʰiˀbida-n,Phonemic,glue,,Respectively: noun form; verbal form.,,
9-500-266-1,wapi1253,Wapishana,502,pʰutʰu-pʰutʰuri,Phonemic,nail,,Respectively: noun form; verbal form.,,
9-500-266-3,wapi1253,Wapishana,502,tʰaɨkʰa-n,Phonemic,nail,,Respectively: noun form; verbal form.,,
9-490-266-1,wapi1253,Wapishana,1481,tʰaɨkʰa-n,Phonemic,hammer,,,,
9-480-266-1,wapi1253,Wapishana,1948,[saasa],Phonemic,saw,,From English 'saw'.,,
9-461-266-1,wapi1253,Wapishana,46,kʰičʰada-n,Phonemic,hollow out,,,,
9-460-266-1,wapi1253,Wapishana,1501,kʰɨdɨɨda-n,Phonemic,bore,,,,
9-440-266-1,wapi1253,Wapishana,1840,tʰuma-n,Phonemic,build,,,,
9-422-266-1,wapi1253,Wapishana,1361,kʰaɨdĩĩ kʰinai,Phonemic,tool,,,,
9-380-266-1,wapi1253,Wapishana,245,pʰaraɨ-riˀbai,Phonemic,broom,,,,
9-360-266-1,wapi1253,Wapishana,1453,čʰikʰa-n,Phonemic,wash,,,,
9-370-266-1,wapi1253,Wapishana,230,pʰaraɨa-n,Phonemic,sweep,,,,
9-350-266-1,wapi1253,Wapishana,1487,šuutʰa-n,Phonemic,pour,,,,
9-343-266-1,wapi1253,Wapishana,1414,raɨda-n,Phonemic,"squeeze, wring",,,,
9-343-266-3,wapi1253,Wapishana,1414,dɨɨẓada-n,Phonemic,"squeeze, wring",,,,
9-342-266-1,wapi1253,Wapishana,1913,dauwɨda-n,Phonemic,press,,,,
9-342-266-3,wapi1253,Wapishana,1913,daˀbatʰa-n,Phonemic,press,,,,
9-342-266-5,wapi1253,Wapishana,1913,daruda-n,Phonemic,press,,,,
9-341-266-1,wapi1253,Wapishana,357,sawikʰi-kʰida-n,Phonemic,hang up,,,,
9-340-266-1,wapi1253,Wapishana,38,kʰadamarada-n,Phonemic,spread out,,,,
9-330-266-1,wapi1253,Wapishana,1455,tʰuʔutʰa-n,Phonemic,pull,,,,
9-320-266-1,wapi1253,Wapishana,214,tʰɨnɨɨtʰa-n,Phonemic,stretch,,,,
9-310-266-1,wapi1253,Wapishana,1449,inuwa-n,Phonemic,"rub, wipe",,,,
9-290-266-1,wapi1253,Wapishana,291,šašuwa-n,Phonemic,"flay, skin",,,,
9-280-266-1,wapi1253,Wapishana,1735,kʰɨẓɨɨtʰa-n,Phonemic,tear,,,,
9-280-266-3,wapi1253,Wapishana,1735,šišɨɨda-n,Phonemic,tear,,,,
9-270-266-1,wapi1253,Wapishana,1437,tʰadaʔukʰa-n,Phonemic,split,,,,
9-261-266-1,wapi1253,Wapishana,588,ramitʰa-ʔu,Phonemic,broken,,,,
9-260-266-1,wapi1253,Wapishana,680,ramitʰa-n,Phonemic,break,,,,
9-250-266-1,wapi1253,Wapishana,677,ˀbaru,Phonemic,ax,,,,
9-251-266-1,wapi1253,Wapishana,290,atʰamɨn kʰičʰada kʰinau,Phonemic,adze,,,,
9-240-266-1,wapi1253,Wapishana,356,kʰɨrɨtʰɨkii,Phonemic,"scissors, shears",,,,
9-230-266-1,wapi1253,Wapishana,1352,marii,Phonemic,knife,,,,
9-223-266-1,wapi1253,Wapishana,1434,dakʰatʰa-n,Phonemic,stab,,,,
9-222-266-1,wapi1253,Wapishana,155,saʔɨkʰa-n,Phonemic,"chop, hew",,,,
9-221-266-1,wapi1253,Wapishana,355,ˀbarutʰa-n,Phonemic,cut down,,,,
9-220-266-1,wapi1253,Wapishana,1432,čʰuuta-n,Phonemic,cut,,,,
9-211-266-1,wapi1253,Wapishana,354,tʰinikʰa-n,Phonemic,pound with fist,,,,
9-210-266-1,wapi1253,Wapishana,2133,ẓuwitʰa-n,Phonemic,"strike (hit, beat)",,,,
9-190-266-1,wapi1253,Wapishana,1218,[ẓuupʰa],Phonemic,"rope, cord",,From English 'rope'.,,
9-161-266-1,wapi1253,Wapishana,352,ˀbɨẓɨɨtʰa-n,Phonemic,untie,,,,
9-160-266-1,wapi1253,Wapishana,1917,duʔutʰa-n,Phonemic,"tie, bind",,,,
9-150-266-1,wapi1253,Wapishana,1470,ruˀbida-n,Phonemic,fold,,,,
9-140-266-1,wapi1253,Wapishana,2004,kʰuraɨda-n,Phonemic,bend,,,,
9-140-266-3,wapi1253,Wapishana,2004,dawɨkʰɨ-kʰida-n,Phonemic,bend,,,,
9-120-266-1,wapi1253,Wapishana,984,kʰaɨdĩĩa-n,Phonemic,work,,,,
9-110-266-1,wapi1253,Wapishana,2575,šaʔapʰatʰa-n,Phonemic,"do, make",,,,
9-110-266-3,wapi1253,Wapishana,2575,tʰuma-n,Phonemic,"do, make",,,,
8-980-266-1,wapi1253,Wapishana,641,čʰamadaru,Phonemic,mushroom,,,,
8-980-266-3,wapi1253,Wapishana,641,atʰamɨn tʰain,Phonemic,mushroom,,,,
8-970-266-1,wapi1253,Wapishana,33,aruru,Phonemic,nettle,,,,
8-960-266-1,wapi1253,Wapishana,348,ukʰu,Phonemic,fish poison (root),,,,
8-941-266-1,wapi1253,Wapishana,146,kʰaiwara,Phonemic,sugar cane,,,,
8-940-266-1,wapi1253,Wapishana,1927,ian,Phonemic,bamboo,,Respectively: fine bamboo; fat bamboo. Also kʰašuwadan.,,
8-940-266-3,wapi1253,Wapishana,1927,iwa,Phonemic,bamboo,,Respectively: fine bamboo; fat bamboo. Also kʰašuwadan.,,
8-931-266-1,wapi1253,Wapishana,864,kʰauwiam,Phonemic,"pumpkin, squash",,,,
8-930-266-1,wapi1253,Wapishana,411,mutu,Phonemic,gourd,,,,
8-920-266-1,wapi1253,Wapishana,925,waiwai,Phonemic,"tapioca, manioc, cassava",,,,
8-920-266-3,wapi1253,Wapishana,925,waɨnii,Phonemic,"tapioca, manioc, cassava",,,,
8-912-266-1,wapi1253,Wapishana,410,kʰiriča,Phonemic,yam,,The latter is the Bell yam.,,
8-912-266-3,wapi1253,Wapishana,410,čʰipʰuwii,Phonemic,yam,,The latter is the Bell yam.,,
8-910-266-1,wapi1253,Wapishana,159,kʰaaẓɨɨ,Phonemic,sweet potato,,,,
8-840-266-1,wapi1253,Wapishana,868,sɨẓ kʰadɨnaa,Phonemic,banana tree,,,,
8-760-266-1,wapi1253,Wapishana,345,atʰamɨnɨ aiˀba,Phonemic,sap,,,,
8-750-266-1,wapi1253,Wapishana,1204,atʰamɨnɨ mada,Phonemic,bark,,,,
8-740-266-1,wapi1253,Wapishana,409,atʰamɨnɨ daakʰuri,Phonemic,forked branch,,,,
8-730-266-1,wapi1253,Wapishana,344,atʰamɨnɨ kʰadɨnaa,Phonemic,tree trunk,,,,
8-720-266-1,wapi1253,Wapishana,241,atʰamɨnɨ uruda,Phonemic,tree stump,,,,
8-690-266-1,wapi1253,Wapishana,1689,suuma šaan,Phonemic,smoke (tobacco),,,,
8-680-266-1,wapi1253,Wapishana,974,suuma,Phonemic,tobacco,,,,
8-670-266-1,wapi1253,Wapishana,343,-kʰadɨnaa,Phonemic,vine,,,,
8-600-266-1,wapi1253,Wapishana,906,atʰamɨnɨ,Phonemic,tree,,,,
8-570-266-1,wapi1253,Wapishana,239,-suusu,Phonemic,flower,,,,
8-560-266-1,wapi1253,Wapishana,628,-anaˀba,Phonemic,leaf,,,,
8-550-266-1,wapi1253,Wapishana,1531,-daakʰuri,Phonemic,branch,,,,
8-550-266-3,wapi1253,Wapishana,1531,-wauda,Phonemic,branch,,,,
8-540-266-1,wapi1253,Wapishana,670,-ištʰaˀbaʔɨ,Phonemic,root,,,,
8-531-266-1,wapi1253,Wapishana,1486,pʰauwa-n,Phonemic,plant (vb),,,,
8-530-266-1,wapi1253,Wapishana,653,pʰau-riˀbai,Phonemic,plant (noun),,,,
8-510-266-1,wapi1253,Wapishana,606,pʰinidi,Phonemic,grass,,,,
8-480-266-1,wapi1253,Wapishana,926,[ẓaiši],Phonemic,rice,,From English 'rice'.,,
8-470-266-1,wapi1253,Wapishana,506,maẓikʰi,Phonemic,"maize, corn",,,,
8-340-266-1,wapi1253,Wapishana,285,naria-n,Phonemic,thresh,,,,
8-320-266-1,wapi1253,Wapishana,190,dɨkʰɨtʰa-n,Phonemic,"mow, reap",,,,
8-311-266-1,wapi1253,Wapishana,714,ɨdai,Phonemic,seed,,Latter form is possessed form.,,
8-311-266-3,wapi1253,Wapishana,714,-ɨda,Phonemic,seed,,Latter form is possessed form.,,
8-310-266-1,wapi1253,Wapishana,748,pʰauwa-n,Phonemic,sow,,,,
8-250-266-1,wapi1253,Wapishana,284,sampʰa,Phonemic,hoe,,,,
8-240-266-1,wapi1253,Wapishana,1901,sarampʰai,Phonemic,shovel,,,,
8-240-266-3,wapi1253,Wapishana,1901,kʰičʰadapʰa kʰinai,Phonemic,shovel,,,,
8-230-266-1,wapi1253,Wapishana,1176,kʰičʰadapʰa kʰinai,Phonemic,spade,,,,
8-220-266-1,wapi1253,Wapishana,1418,kʰičʰada-n,Phonemic,dig,,,,
8-210-266-1,wapi1253,Wapishana,1921,kʰawiiẓia-n,Phonemic,plow,,,,
8-170-266-1,wapi1253,Wapishana,2002,wɨnɨ pʰunaa,Phonemic,ditch,,,,
8-160-266-1,wapi1253,Wapishana,1690,kʰurara,Phonemic,fence,,,,
8-150-266-1,wapi1253,Wapishana,1541,kʰawiiẓia-n,Phonemic,"cultivate, till",,,,
8-120-266-1,wapi1253,Wapishana,212,ẓakʰapʰɨ,Phonemic,field (for cultivation),,,,
8-110-266-1,wapi1253,Wapishana,979,ẓakʰapʰɨ san,Phonemic,farmer,,,,
7-640-266-1,wapi1253,Wapishana,901,imiʔitʰuma-kʰariwai,Phonemic,adobe,,,,
7-630-266-1,wapi1253,Wapishana,224,imiʔitʰan-naa,Phonemic,mortar,,,,
7-620-266-1,wapi1253,Wapishana,1006,imiʔi kʰawauda-kʰariwai,Phonemic,brick,,,,
7-570-266-1,wapi1253,Wapishana,1227,[pʰarããkʰa],Phonemic,board,,From English 'plank'.,,
7-560-266-1,wapi1253,Wapishana,281,tʰuru,Phonemic,"post, pole",,,,
7-550-266-1,wapi1253,Wapishana,1132,tʰaramiru,Phonemic,beam,,,,
7-540-266-1,wapi1253,Wapishana,829,idii-nau,Phonemic,rafter,,,,
7-530-266-1,wapi1253,Wapishana,280,sakʰurai,Phonemic,ridgepole,,,,
7-520-266-1,wapi1253,Wapishana,279,dyɨwɨẓɨadaʔɨ,Phonemic,thatch,,,,
7-510-266-1,wapi1253,Wapishana,769,kʰaˀbaɨnɨ ẓuwaɨ,Phonemic,roof,,,,
7-480-266-1,wapi1253,Wapishana,205,čʰaakʰuru,Phonemic,trough,,,,
7-470-266-1,wapi1253,Wapishana,745,tʰaraʔapʰau,Phonemic,shelf,,,,
7-440-266-1,wapi1253,Wapishana,1775,[misa]-ˀbara,Phonemic,table,,,,
7-430-266-1,wapi1253,Wapishana,1476,tʰaˀbai,Phonemic,chair,,,,
7-422-266-1,wapi1253,Wapishana,806,šibirinai,Phonemic,blanket,,,,
7-370-266-1,wapi1253,Wapishana,1464,pʰuẓai,Phonemic,ladder,,,,
7-320-266-1,wapi1253,Wapishana,859,warakʰ-ĩĩ-apʰa-kʰiẓai,Phonemic,stove,,,,
7-310-266-1,wapi1253,Wapishana,185,tʰikʰaẓi wiiẓi,Phonemic,fireplace,,,,
7-270-266-1,wapi1253,Wapishana,933,kʰaˀbaɨnɨ daraẓi,Phonemic,wall,,,,
7-250-266-1,wapi1253,Wapishana,1375,[winduu],Phonemic,window,,From English 'window'.,,
7-240-266-1,wapi1253,Wapishana,1472,[šaawi],Phonemic,key,,From Port. 'chave'.,,
7-231-266-1,wapi1253,Wapishana,1012,dadara-riˀbai,Phonemic,"latch, door-bolt",,,,
7-230-266-1,wapi1253,Wapishana,1596,dadara-riˀbai,Phonemic,lock (noun),,,,
7-221-266-1,wapi1253,Wapishana,80,tʰuru,Phonemic,"doorpost, jamb",,Applies to any post.,,
7-220-266-1,wapi1253,Wapishana,1567,pʰaniinum,Phonemic,"door, gate",,,,
7-150-266-1,wapi1253,Wapishana,736,pʰaniˀbiẓuu,Phonemic,"yard, court",,,,
7-131-266-1,wapi1253,Wapishana,403,wiiẓiˀbai,Phonemic,garden-house,,,,
7-130-266-1,wapi1253,Wapishana,1678,wiiẓiˀbai,Phonemic,hut,,,,
7-120-266-1,wapi1253,Wapishana,1252,kʰaˀbaɨnɨ,Phonemic,house,,,,
7-110-266-1,wapi1253,Wapishana,363,mašaapʰa-n,Phonemic,"dwell, live",,,,
6-960-266-1,wapi1253,Wapishana,1171,wanamari,Phonemic,mirror,,,,
6-950-266-1,wapi1253,Wapishana,788,čʰikʰaa-riˀbai,Phonemic,soap,,,,
6-940-266-1,wapi1253,Wapishana,1926,kʰasarai,Phonemic,ointment,,,,
6-930-266-1,wapi1253,Wapishana,151,mawaasa,Phonemic,razor,,,,
6-921-266-1,wapi1253,Wapishana,333,tʰaˀbarautʰa-kʰariwai,Phonemic,braid,,,,
6-910-266-1,wapi1253,Wapishana,1475,-maudi,Phonemic,comb,,,,
6-770-266-1,wapi1253,Wapishana,770,-iši-tain,Phonemic,earring,,,,
6-760-266-1,wapi1253,Wapishana,1860,kʰašuru,Phonemic,bead,,,,
6-750-266-1,wapi1253,Wapishana,1961,kʰašuru,Phonemic,necklace,,,,
6-740-266-1,wapi1253,Wapishana,1754,-ẓaanuˀba,Phonemic,bracelet,,,,
6-730-266-1,wapi1253,Wapishana,1374,-kʰaʔɨ-saˀba,Phonemic,ring (for finger),,,,
6-720-266-1,wapi1253,Wapishana,1029,kʰaiwad-ĩĩ-apʰa-kʰinai,Phonemic,jewel,,,,
6-710-266-1,wapi1253,Wapishana,917,kʰaiwad-ĩĩ-pʰa-kʰinai,Phonemic,"ornament, adornment",,,,
6-620-266-1,wapi1253,Wapishana,757,[šuutʰu] awɨn,Phonemic,button,,From English 'shirt'. 'Button' for trousers is čuurura awɨn.,,
6-590-266-1,wapi1253,Wapishana,1151,-ẓuwaɨ šiˀbiri-naa,Phonemic,veil,,,,
6-580-266-1,wapi1253,Wapishana,867,-kʰaʔɨ-tʰan-naa,Phonemic,glove,,,,
6-570-266-1,wapi1253,Wapishana,772,-ẓaadau,Phonemic,"belt, girdle",,,,
6-550-266-1,wapi1253,Wapishana,2130,-kʰuwama,Phonemic,"hat, cap",,,,
6-540-266-1,wapi1253,Wapishana,875,daẓakʰidii tʰumikʰi,Phonemic,"shoemaker, cobbler",,,,
6-510-266-1,wapi1253,Wapishana,1381,-daẓakʰidi,Phonemic,shoe,,,,
6-520-266-1,wapi1253,Wapishana,585,-daẓakʰidi,Phonemic,boot,,,,
6-480-266-1,wapi1253,Wapishana,809,čʰuurura,Phonemic,trousers,,,,
6-450-266-1,wapi1253,Wapishana,2012,[šuutu] kʰanaɨ mada,Phonemic,collar,,From English 'shirt'.,,
6-440-266-1,wapi1253,Wapishana,1622,[šuutʰu],Phonemic,shirt,,From English 'shirt'.,,
6-420-266-1,wapi1253,Wapishana,474,-kʰamičʰa-n,Phonemic,woman's dress,,,,
6-411-266-1,wapi1253,Wapishana,327,wɨnɨ dara,Phonemic,poncho,,,,
6-390-266-1,wapi1253,Wapishana,157,tʰanada-n,Phonemic,dye,,,,
6-380-266-1,wapi1253,Wapishana,1161,tʰiẓiitʰi,Phonemic,thread,,,,
6-360-266-1,wapi1253,Wapishana,1382,akʰusa,Phonemic,needle,,,,
6-350-266-1,wapi1253,Wapishana,1457,kʰanuwa-n,Phonemic,sew,,,,
6-340-266-1,wapi1253,Wapishana,1787,kʰaudapʰa-kʰinai,Phonemic,loom,,,,
6-330-266-1,wapi1253,Wapishana,133,tʰɨẓɨɨtʰa-n,Phonemic,weave,,,,
6-320-266-1,wapi1253,Wapishana,277,tʰina-kʰiẓai,Phonemic,spindle,,,,
6-310-266-1,wapi1253,Wapishana,121,tʰinapʰa-n,Phonemic,spin,,,,
6-290-266-1,wapi1253,Wapishana,629,madai,Phonemic,leather,,,,
6-240-266-1,wapi1253,Wapishana,1850,kʰinaridi,Phonemic,cotton,,,,
6-210-266-1,wapi1253,Wapishana,1616,kʰamičʰa mada,Phonemic,cloth,,,,
6-130-266-1,wapi1253,Wapishana,881,kʰanuu-pʰaɨẓu,Phonemic,tailor,,,,
6-120-266-1,wapi1253,Wapishana,1895,-kʰamičʰa-n,Phonemic,"clothing, clothes",,,,
6-110-266-1,wapi1253,Wapishana,158,kʰaiwada-n,Phonemic,put on (clothes),,,,
5-971-266-1,wapi1253,Wapishana,1556,kʰɨrɨkʰɨ dani wɨẓa-n,Phonemic,egg yolk,,,,
5-970-266-1,wapi1253,Wapishana,744,kʰɨrɨkʰɨ dani,Phonemic,egg,,,,
5-940-266-1,wapi1253,Wapishana,404,riwɨnii,Phonemic,fermented drink,,,,
5-920-266-1,wapi1253,Wapishana,1524,riwɨnii,Phonemic,wine,,,,
5-900-266-1,wapi1253,Wapishana,731,riwɨnii,Phonemic,"beverage, drink",,,,
5-870-266-1,wapi1253,Wapishana,93,saruruwa-n,Phonemic,milk (vb),,,,
5-860-266-1,wapi1253,Wapishana,635,tʰapʰiʔiẓa dɨnɨɨ,Phonemic,milk (noun),,,,
5-840-266-1,wapi1253,Wapishana,942,-maˀba,Phonemic,honey,,,,
5-820-266-1,wapi1253,Wapishana,1385,diidada,Phonemic,pepper,,,,
5-810-266-1,wapi1253,Wapishana,1274,dɨɨu,Phonemic,salt,,,,
5-791-266-1,wapi1253,Wapishana,323,kʰiwinii,Phonemic,"grease, fat",,,,
5-790-266-1,wapi1253,Wapishana,1484,kʰiwinii,Phonemic,oil,,,,
5-712-266-1,wapi1253,Wapishana,1966,nauˀbanaa,Phonemic,bunch,,,,
5-710-266-1,wapi1253,Wapishana,1507,diẓuu-kʰarɨ,Phonemic,fruit,,,,
5-700-266-1,wapi1253,Wapishana,593,kʰaẓɨɨ,Phonemic,potato,,,,
5-660-266-1,wapi1253,Wapishana,832,kʰumaasa,Phonemic,bean,,,,
5-640-266-1,wapi1253,Wapishana,1547,kʰaʔɨẓa ɨɨ,Phonemic,"soup, broth",,,,
5-610-266-1,wapi1253,Wapishana,634,-dɨnaa,Phonemic,meat,,,,
5-590-266-1,wapi1253,Wapishana,225,daɨriˀbai,Phonemic,pestle,,,,
5-580-266-1,wapi1253,Wapishana,224,akʰu,Phonemic,mortar (2),,,,
5-570-266-1,wapi1253,Wapishana,636,ˀbuudapʰa-kʰinai,Phonemic,mill,,,,
5-560-266-1,wapi1253,Wapishana,1033,daruda-n,Phonemic,"crush, grind",,'grind' is ˀbuudapʰa-n.,,
5-560-266-3,wapi1253,Wapishana,1033,iduwa-n,Phonemic,"crush, grind",,'grind' is ˀbuudapʰa-n.,,
5-550-266-1,wapi1253,Wapishana,1594,pʰuruuma,Phonemic,"meal, flour",,,,
5-540-266-1,wapi1253,Wapishana,274,waẓa-n,Phonemic,knead,,,,
5-490-266-1,wapi1253,Wapishana,2017,iwia-n,Phonemic,"stir, mix",,Respectively: stir; mix. Dialect difference is wiwia-n.,,
5-490-266-3,wapi1253,Wapishana,2017,kʰawiraia-n,Phonemic,"stir, mix",,Respectively: stir; mix. Dialect difference is wiwia-n.,,
5-480-266-1,wapi1253,Wapishana,1767,tʰaẓaɨa-n,Phonemic,scrape,,To scrape cassava is ˀbaẓia-n.,,
5-470-266-1,wapi1253,Wapishana,86,ẓuruwa-n,Phonemic,"sieve, strain",,,,
5-460-266-1,wapi1253,Wapishana,275,šašuwa-n,Phonemic,peel,,,,
5-420-266-1,wapi1253,Wapishana,1322,kʰududuu,Phonemic,breakfast,,,,
5-410-266-1,wapi1253,Wapishana,1526,wanyɨkʰɨnɨi,Phonemic,meal (a),,,,
5-380-266-1,wapi1253,Wapishana,1352,marii,Phonemic,knife (2),,,,
5-370-266-1,wapi1253,Wapishana,1378,[čupʰuun],Phonemic,spoon,,From English 'spoon'.,,
5-360-266-1,wapi1253,Wapishana,271,[pʰarapʰi] suudi,Phonemic,saucer,,From English 'plate'.,,
5-350-266-1,wapi1253,Wapishana,476,[kʰuupʰu],Phonemic,"cup, drinking vessel",,From English 'cup'.,,
5-330-266-1,wapi1253,Wapishana,1530,[ˀbuun],Phonemic,bowl,,From English 'bowl'.,,
5-340-266-1,wapi1253,Wapishana,270,wɨnɨ-kʰĩĩnaa,Phonemic,"pitcher, jug",,,,
5-320-266-1,wapi1253,Wapishana,480,[pʰarapʰi],Phonemic,plate,,From English 'plate'.,,
5-280-266-1,wapi1253,Wapishana,31,pʰutʰarɨ,Phonemic,pan,,,,
5-260-266-1,wapi1253,Wapishana,1462,kʰaʔɨẓa-kʰin,Phonemic,"pot, cooking vessel",,,,
5-240-266-1,wapi1253,Wapishana,183,čʰɨẓuda-n,Phonemic,bake,,,,
5-250-266-1,wapi1253,Wapishana,1143,warakʰ-ĩĩ-apʰa-kʰiẓai,Phonemic,oven,,,,
5-230-266-1,wapi1253,Wapishana,2146,kʰaẓimatʰa-n,Phonemic,"roast, fry",,,,
5-230-266-3,wapi1253,Wapishana,2146,pʰiririkʰatʰa-n,Phonemic,"roast, fry",,,,
5-220-266-1,wapi1253,Wapishana,792,warakʰa-n,Phonemic,boil (vb),,,,
5-210-266-1,wapi1253,Wapishana,1100,warakʰa-n,Phonemic,cook,,,,
5-190-266-1,wapi1253,Wapishana,129,dukʰuwa-n,Phonemic,choke,,,,
5-181-266-1,wapi1253,Wapishana,897,dyɨkʰuraɨtʰa-n,Phonemic,swallow,,,,
5-180-266-1,wapi1253,Wapishana,321,šumaɨa-n,Phonemic,chew,,,,
5-160-266-1,wapi1253,Wapishana,1421,suẓukʰa-n,Phonemic,suck,,,,
5-150-266-1,wapi1253,Wapishana,848,maradakʰu-n,Phonemic,thirst,,,,
5-141-266-1,wapi1253,Wapishana,199,ẓamaẓi,Phonemic,famine,,,,
5-140-266-1,wapi1253,Wapishana,1864,ẓamaẓi-n,Phonemic,hunger,,,,
5-130-266-1,wapi1253,Wapishana,1401,tʰɨẓa-n,Phonemic,drink,,,,
5-125-266-1,wapi1253,Wapishana,1728,dyɨpʰɨša-ʔu,Phonemic,rotten,,,,
5-124-266-1,wapi1253,Wapishana,1958,kʰuʔuri-ʔu,Phonemic,"green, unripe",,,,
5-123-266-1,wapi1253,Wapishana,178,uẓukʰa-ʔu,Phonemic,ripe,,,,
5-122-266-1,wapi1253,Wapishana,1959,kʰɨnaa-ʔu,Phonemic,raw,,,,
5-121-266-1,wapi1253,Wapishana,269,warakʰa-ʔu,Phonemic,cooked,,Also warakʰa-kʰariwai.,,
5-120-266-1,wapi1253,Wapishana,256,wanyɨkʰɨnɨi,Phonemic,food,,,,
5-110-266-1,wapi1253,Wapishana,1336,aruupʰa-n,Phonemic,eat,,,,
4-990-266-1,wapi1253,Wapishana,590,ma-kʰamičʰan-ẓiu,Phonemic,"naked, bare",,,,
4-970-266-1,wapi1253,Wapishana,1653,išaawɨ-n,Phonemic,blind,,,,
4-980-266-1,wapi1253,Wapishana,1463,pʰuwiʔiˀdi-n,Phonemic,intoxicated,,,,
4-960-266-1,wapi1253,Wapishana,1666,ma-pʰaraˀdan-ẓiu,Phonemic,mute,,,,
4-950-266-1,wapi1253,Wapishana,996,ma-kʰinau-ẓiu,Phonemic,deaf,,,,
4-930-266-1,wapi1253,Wapishana,1125,maˀdi-ʔu,Phonemic,bald,,,,
4-940-266-1,wapi1253,Wapishana,320,tʰukʰuẓaʔɨa-n,Phonemic,lame,,,,
4-920-266-1,wapi1253,Wapishana,1564,ẓunu-n,Phonemic,lazy,,,,
4-912-266-1,wapi1253,Wapishana,168,suukʰapʰa-n,Phonemic,rest,,,,
4-910-266-1,wapi1253,Wapishana,1757,miẓaina-n,Phonemic,"tired, weary",,,,
4-890-266-1,wapi1253,Wapishana,655,mauwakʰa kʰinai,Phonemic,poison,,,,
4-880-266-1,wapi1253,Wapishana,1372,kʰasarai,Phonemic,"medicine, drug",,,,
4-860-266-1,wapi1253,Wapishana,499,kʰakʰɨˀda-n,Phonemic,"cure, heal",,,,
4-860-266-3,wapi1253,Wapishana,499,kʰasara-n,Phonemic,"cure, heal",,,,
4-858-266-1,wapi1253,Wapishana,497,ˀbišui ˀdaɨnɨẓ,Phonemic,scar,,,,
4-857-266-1,wapi1253,Wapishana,1808,ˀbišui,Phonemic,pus,,Dialect difference is ˀbišui aiˀba.,,
4-856-266-1,wapi1253,Wapishana,793,-ˀbaišin,Phonemic,boil (noun),,,,
4-855-266-1,wapi1253,Wapishana,1584,pʰɨrɨruˀda-n,Phonemic,blister,,Verbal form.,,
4-854-266-1,wapi1253,Wapishana,148,ˀdawɨ-n,Phonemic,itch,,Verbal form.,,
4-853-266-1,wapi1253,Wapishana,1903,šiia-n,Phonemic,swelling,,Verbal form.,,
4-850-266-1,wapi1253,Wapishana,1109,ˀbišui,Phonemic,"wound, sore",,,,
4-843-266-1,wapi1253,Wapishana,102,ẓaakʰarɨ,Phonemic,cold (catarrh),,,,
4-841-266-1,wapi1253,Wapishana,1534,-maˀda wiičʰa-n,Phonemic,fever,,Lit. 'skin hot'.,,
4-840-266-1,wapi1253,Wapishana,1847,kʰa-rina-n,Phonemic,"sick, sickness",,,,
4-840-266-3,wapi1253,Wapishana,1847,rinai,Phonemic,"sick, sickness",,,,
4-830-266-1,wapi1253,Wapishana,1364,ẓiwɨ,Phonemic,"well, health",,,,
4-820-266-1,wapi1253,Wapishana,1601,kʰakʰɨtʰaiman,Phonemic,weak,,,,
4-810-266-1,wapi1253,Wapishana,785,maˀbuẓakʰa,Phonemic,"strong, mighty, powerful",,,,
4-790-266-1,wapi1253,Wapishana,1773,ˀbaranai,Phonemic,"grave, tomb",,,,
4-780-266-1,wapi1253,Wapishana,1719,ˀdiˀda-n,Phonemic,bury (the dead),,,,
4-770-266-1,wapi1253,Wapishana,767,maʔačʰai,Phonemic,corpse,,,,
4-760-266-1,wapi1253,Wapishana,1417,ẓuwia-n,Phonemic,kill,,,,
4-751-266-1,wapi1253,Wapishana,1904,nara-n,Phonemic,drowned,,,,
4-750-266-1,wapi1253,Wapishana,1494,mauwakʰa-n,Phonemic,"die, dead",,,,
4-740-266-1,wapi1253,Wapishana,1422,kʰakʰɨpʰa-ʔu,Phonemic,"live, living, life",,,,
4-732-266-1,wapi1253,Wapishana,1087,kʰa-ɨˀdani-n,Phonemic,conceive,,Cf. 'offspring' 02.430.,,
4-730-266-1,wapi1253,Wapishana,1123,kʰaʔaẓuutʰ-ĩĩ-pʰa-n,Phonemic,pregnant,,,,
4-720-266-1,wapi1253,Wapishana,1090,šakʰatʰa-n,Phonemic,born (to be),,,,
4-690-266-1,wapi1253,Wapishana,138,kʰaupʰa-n,Phonemic,bathe,,,,
4-680-266-1,wapi1253,Wapishana,52,nakʰa-nakʰa-n,Phonemic,shiver,,,,
4-670-266-1,wapi1253,Wapishana,1785,ẓimaˀda-n,Phonemic,have sexual intercourse,,,,
4-660-266-1,wapi1253,Wapishana,676,čʰuuˀda-n,Phonemic,defecate,,,,
4-650-266-1,wapi1253,Wapishana,592,tʰatʰakʰa-n,Phonemic,urinate,,,,
4-640-266-1,wapi1253,Wapishana,1159,aiˀda-n,Phonemic,break wind,,,,
4-630-266-1,wapi1253,Wapishana,1602,pʰukʰuˀda-n,Phonemic,wake up,,,,
4-620-266-1,wapi1253,Wapishana,1920,kʰa-ẓanˀdaʔautʰ-ĩĩa-n,Phonemic,dream,,,,
4-612-266-1,wapi1253,Wapishana,1983,kʰuẓuẓuwa-n,Phonemic,snore,,,,
4-610-266-1,wapi1253,Wapishana,1585,ˀdaʔawɨ-n,Phonemic,sleep,,,,
4-591-266-1,wapi1253,Wapishana,268,saˀbiʔikʰipʰa-n,Phonemic,dribble,,Dialect difference is saˀbii-kʰiˀda-n.,,
4-590-266-1,wapi1253,Wapishana,319,pʰiẓuwa-n,Phonemic,lick,,,,
4-580-266-1,wapi1253,Wapishana,1403,arutʰa-n,Phonemic,bite,,,,
4-570-266-1,wapi1253,Wapishana,1278,tʰaitʰa-n,Phonemic,vomit,,,,
4-560-266-1,wapi1253,Wapishana,1440,supʰitʰa-n,Phonemic,spit,,,,
4-550-266-1,wapi1253,Wapishana,126,mašikʰia-n,Phonemic,perspire,,,,
4-540-266-1,wapi1253,Wapishana,1621,ačʰuuwa-n,Phonemic,sneeze,,,,
4-530-266-1,wapi1253,Wapishana,879,ušuwa-n,Phonemic,cough,,,,
4-521-266-1,wapi1253,Wapishana,162,čʰakʰamaʔɨa-n,Phonemic,hiccough,,,,
4-520-266-1,wapi1253,Wapishana,1028,tʰaˀbaawa-n,Phonemic,"yawn, gape",,,,
4-510-266-1,wapi1253,Wapishana,1407,-niẓuwa-n,Phonemic,"breathe, breath",,,,
4-510-266-3,wapi1253,Wapishana,1407,niẓu-ĩĩa-n,Phonemic,"breathe, breath",,,,
4-492-266-1,wapi1253,Wapishana,1222,-tʰyɨɨ,Phonemic,penis,,,,
4-490-266-1,wapi1253,Wapishana,797,-kʰɨɨ,Phonemic,testicle,,,,
4-470-266-1,wapi1253,Wapishana,804,kʰuraiˀdaunaa šimakʰa,Phonemic,womb,,,,
4-464-266-1,wapi1253,Wapishana,834,-ˀduẓun,Phonemic,buttocks,,,,
4-463-266-1,wapi1253,Wapishana,1745,-pʰurauwaʔɨ,Phonemic,hip,,,,
4-462-266-1,wapi1253,Wapishana,1681,-kʰunuun,Phonemic,waist,,,,
4-461-266-1,wapi1253,Wapishana,1991,-ukʰuru,Phonemic,"intestines, guts",,Dialect difference is -ukʰuri.,,
4-460-266-1,wapi1253,Wapishana,819,-tʰuˀba,Phonemic,stomach,,,,
4-452-266-1,wapi1253,Wapishana,1744,-ˀbarawan,Phonemic,spleen,,,,
4-451-266-1,wapi1253,Wapishana,489,-šiẓurin,Phonemic,kidney,,Dialect difference is -šiẓurun.,,
4-450-266-1,wapi1253,Wapishana,1224,-kʰɨˀbaa,Phonemic,liver,,,,
4-441-266-1,wapi1253,Wapishana,688,-šiin,Phonemic,lung,,,,
4-440-266-1,wapi1253,Wapishana,1223,-nyɨkʰɨnɨɨ,Phonemic,heart,,,,
4-430-266-1,wapi1253,Wapishana,1838,-ẓaraɨ,Phonemic,navel,,,,
4-420-266-1,wapi1253,Wapishana,154,-ˀdɨn ẓuwaɨ,Phonemic,udder,,,,
4-412-266-1,wapi1253,Wapishana,796,-ˀdɨn ẓuwaɨ,Phonemic,"nipple, teat",,Lit. 'breast head' 04.200.,,
4-410-266-1,wapi1253,Wapishana,1402,-ˀdɨn,Phonemic,breast (of woman),,,,
4-400-266-1,wapi1253,Wapishana,1592,-ˀdukʰuriˀdi,Phonemic,chest,,,,
4-393-266-1,wapi1253,Wapishana,1201,-iˀdi,Phonemic,feather,,Also means 'animal hair' 04.140.,,
4-392-266-1,wapi1253,Wapishana,1257,-kʰɨtʰɨˀba,Phonemic,wing,,,,
4-380-266-1,wapi1253,Wapishana,1389,-kʰiˀdiˀba šɨu,Phonemic,toe,,,,
4-374-266-1,wapi1253,Wapishana,318,-pʰunaa,Phonemic,footprint,,Also -ikʰiˀdiˀba ˀdaɨnɨ.,,
4-372-266-1,wapi1253,Wapishana,980,-uruˀda,Phonemic,heel,,,,
4-371-266-1,wapi1253,Wapishana,803,-ˀbaruriʔi,Phonemic,ankle,,,,
4-370-266-1,wapi1253,Wapishana,1301,-kʰiˀdiˀba,Phonemic,foot,,,,
4-360-266-1,wapi1253,Wapishana,1371,-kʰuˀduru,Phonemic,knee,,,,
4-352-266-1,wapi1253,Wapishana,498,-kʰaˀdɨɨẓuu,Phonemic,calf of leg,,,,
4-351-266-1,wapi1253,Wapishana,800,-ukʰuˀba,Phonemic,thigh,,,,
4-350-266-1,wapi1253,Wapishana,1297,-tʰaˀbaʔɨ,Phonemic,leg,,,,
4-345-266-1,wapi1253,Wapishana,72,-ˀbaẓi,Phonemic,claw,,,,
4-344-266-1,wapi1253,Wapishana,1258,-ˀbaẓi,Phonemic,fingernail,,,,
4-342-266-1,wapi1253,Wapishana,1781,-kʰaʔɨ ˀdarɨɨˀdaʔɨ,Phonemic,thumb,,,,
4-340-266-1,wapi1253,Wapishana,1303,-kʰaʔɨ šɨu,Phonemic,finger,,,,
4-331-266-1,wapi1253,Wapishana,1183,-kʰaʔɨ ˀdara,Phonemic,palm of hand,,Cf. 'shoulderblade' 04.301. Also -kʰaʔɨ ˀbara; cf. 'face' 04.204.,,
4-330-266-1,wapi1253,Wapishana,1277,-kʰaʔɨ,Phonemic,hand,,,,
4-321-266-1,wapi1253,Wapishana,799,-kʰaʔɨ ˀdikʰuĩĩpʰan,Phonemic,wrist,,,,
4-320-266-1,wapi1253,Wapishana,981,-pʰutʰuri,Phonemic,elbow,,,,
4-312-266-1,wapi1253,Wapishana,1886,-kʰišapʰu,Phonemic,armpit,,,,
4-310-266-1,wapi1253,Wapishana,1673,-anuˀba,Phonemic,arm,,,,
4-302-266-1,wapi1253,Wapishana,1994,-tʰaramirun,Phonemic,collarbone,,Also -kʰanaɨ tʰaramirun.,,
4-301-266-1,wapi1253,Wapishana,172,-tʰawaˀda ˀdara,Phonemic,shoulderblade,,Cf. 'palm of hand' 04.331.,,
4-300-266-1,wapi1253,Wapishana,1482,-tʰawaˀda,Phonemic,shoulder,,,,
4-290-266-1,wapi1253,Wapishana,1346,-šararan,Phonemic,throat,,,,
4-281-266-1,wapi1253,Wapishana,1347,-tʰurukʰanaɨ,Phonemic,nape of neck,,,,
4-280-266-1,wapi1253,Wapishana,1333,-kʰanaɨ,Phonemic,neck,,,,
4-272-266-1,wapi1253,Wapishana,1049,-kʰaẓaɨ,Phonemic,molartooth,,,,
4-270-266-1,wapi1253,Wapishana,1380,-ɨˀdakʰu,Phonemic,tooth,,,,
4-271-266-1,wapi1253,Wapishana,139,-ɨˀdakʰu ẓaẓinaa,Phonemic,gums,,,,
4-260-266-1,wapi1253,Wapishana,1205,-ninuˀba,Phonemic,tongue,,,,
4-250-266-1,wapi1253,Wapishana,478,-ˀdakʰu maˀda,Phonemic,lip,,Lit. 'mouth skin' 04.120.,,
4-241-266-1,wapi1253,Wapishana,73,-ˀdakʰu,Phonemic,beak,,,,
4-240-266-1,wapi1253,Wapishana,674,-ˀdakʰu,Phonemic,mouth,,,,
4-232-266-1,wapi1253,Wapishana,208,-iˀdiˀba ˀdikʰa,Phonemic,mucus (nasal),,Lit. 'nose dung' Cf. 'earwax' 04.222.,,
4-231-266-1,wapi1253,Wapishana,1178,-iˀdiˀba ɨnɨ,Phonemic,nostril,,,,
4-230-266-1,wapi1253,Wapishana,1221,-iˀdiˀba,Phonemic,nose,,,,
4-222-266-1,wapi1253,Wapishana,32,tʰainii ˀdikʰa,Phonemic,earwax,,Cf. 'mucus' 04.232. Also -iˀbikʰinau.,,
4-220-266-1,wapi1253,Wapishana,1247,-tʰaini,Phonemic,ear,,,,
4-215-266-1,wapi1253,Wapishana,1655,ˀbɨs-ˀbɨsɨa-n,Phonemic,blink,,Also ˀbɨsɨa-n.,,
4-214-266-1,wapi1253,Wapishana,1540,-ˀdipʰau,Phonemic,eyelash,,,,
4-213-266-1,wapi1253,Wapishana,17,-awɨn maˀda,Phonemic,eyelid,,Lit. 'eye skin' 04.120.,,
4-212-266-1,wapi1253,Wapishana,1173,-ˀdiitʰapʰu,Phonemic,eyebrow,,-ˀdi is 'hair' 04.140.,,
4-210-266-1,wapi1253,Wapishana,1248,-awɨn,Phonemic,eye,,,,
4-208-266-1,wapi1253,Wapishana,1730,-kʰawaẓuu,Phonemic,cheek,,,,
4-209-266-1,wapi1253,Wapishana,1510,-awaʔɨ,Phonemic,chin,,,,
4-205-266-1,wapi1253,Wapishana,123,-tʰauwɨ,Phonemic,forehead,,,,
4-207-266-1,wapi1253,Wapishana,798,-awaʔɨ,Phonemic,jaw,,,,
4-204-266-1,wapi1253,Wapishana,1560,-awɨn ˀbara,Phonemic,face,,Lit. 'eye face' 04.210.,,
4-203-266-1,wapi1253,Wapishana,1583,-aɨkʰɨu,Phonemic,brain,,,,
4-202-266-1,wapi1253,Wapishana,1605,-ẓuwaɨ niwaʔɨẓ,Phonemic,skull,,Also -ẓuwaɨ ˀdaʔɨnaa.,,
4-200-266-1,wapi1253,Wapishana,1256,-ẓuwaɨ,Phonemic,head,,,,
4-191-266-1,wapi1253,Wapishana,805,-ˀdawɨʔi,Phonemic,spine,,,,
4-190-266-1,wapi1253,Wapishana,1291,-ˀbaraɨ,Phonemic,back,,,,
4-180-266-1,wapi1253,Wapishana,1220,-ˀdyɨu,Phonemic,tail,,,,
4-170-266-1,wapi1253,Wapishana,1393,-uẓuu,Phonemic,horn,,,,
4-162-266-1,wapi1253,Wapishana,801,-araˀdɨˀdɨ,Phonemic,rib,,,,
4-160-266-1,wapi1253,Wapishana,1394,niwaʔɨ,Phonemic,bone,,,,
4-151-266-1,wapi1253,Wapishana,525,iẓai ẓɨnaa,Phonemic,"vein, artery",,,,
4-150-266-1,wapi1253,Wapishana,946,iẓai,Phonemic,blood,,,,
4-146-266-1,wapi1253,Wapishana,576,-ẓuwaɨ pʰuʔukʰan,Phonemic,dandruff,,Lit. 'head powder'.,,
4-145-266-1,wapi1253,Wapishana,36,-šimarau,Phonemic,pubic hair,,,,
4-144-266-1,wapi1253,Wapishana,189,-iši,Phonemic,body hair,,,,
4-142-266-1,wapi1253,Wapishana,678,-ˀdinu,Phonemic,beard,,,,
4-140-266-1,wapi1253,Wapishana,1040,-ẓuwaɨ-ˀdi,Phonemic,hair (head),,"Lit. 'head-hair' (04.200), refers to human hair; animal hair is -iˀdi, which also means 'feather' 04.393.",,
4-130-266-1,wapi1253,Wapishana,2259,-ˀdɨnaa,Phonemic,flesh,,,,
4-120-266-1,wapi1253,Wapishana,763,-maˀda,Phonemic,"skin, hide",,,,
4-110-266-1,wapi1253,Wapishana,1480,-naanaa,Phonemic,body,,,,
3-980-266-1,wapi1253,Wapishana,112,ˀdaẓau,Phonemic,turtle,,"Refers to a water turtle. Also warɨˀda, 'land turtle'; maatʰaˀda 'large river turtle'.",,
3-970-266-1,wapi1253,Wapishana,1857,kʰanawaˀda,Phonemic,"crocodile, alligator",,Types of alligator. No generic term.,,
3-970-266-3,wapi1253,Wapishana,1857,atʰurɨ,Phonemic,"crocodile, alligator",,Types of alligator. No generic term.,,
3-960-266-1,wapi1253,Wapishana,632,kʰuitʰu,Phonemic,lizard,,No generic term.,,
3-950-266-1,wapi1253,Wapishana,503,kʰiˀbaru,Phonemic,frog,,,,
3-940-266-1,wapi1253,Wapishana,1543,uwaɨ,Phonemic,snail,,,,
3-930-266-1,wapi1253,Wapishana,607,čʰiwau,Phonemic,grasshopper,,,,
3-920-266-1,wapi1253,Wapishana,1791,mapʰapʰaru,Phonemic,butterfly,,,,
3-910-266-1,wapi1253,Wapishana,206,mau-mauri,Phonemic,firefly,,,,
3-850-266-1,wapi1253,Wapishana,730,kʰuwaẓaẓ,Phonemic,snake,,,,
3-840-266-1,wapi1253,Wapishana,1219,pʰaẓaru,Phonemic,worm,,,,
3-832-266-1,wapi1253,Wapishana,1509,misu,Phonemic,mosquito,,,,
3-831-266-1,wapi1253,Wapishana,95,ˀdɨˀdɨˀbaru,Phonemic,"sandfly (midge), gnat",,,,
3-831-266-3,wapi1253,Wapishana,95,ẓiiẓiˀba,Phonemic,"sandfly (midge), gnat",,,,
3-830-266-1,wapi1253,Wapishana,1504,tʰaruˀbaru,Phonemic,fly,,,,
3-823-266-1,wapi1253,Wapishana,1517,čʰimikʰiʔi,Phonemic,wasp,,,,
3-822-266-1,wapi1253,Wapishana,88,maˀba ˀdapʰɨ,Phonemic,beehive,,,,
3-821-266-1,wapi1253,Wapishana,1931,maˀbaiˀba,Phonemic,beeswax,,,,
3-820-266-1,wapi1253,Wapishana,665,maˀbaˀdarɨ,Phonemic,bee,,,,
3-819-266-1,wapi1253,Wapishana,1065,suuwa šimakʰa,Phonemic,spider web,,,,
3-818-266-1,wapi1253,Wapishana,843,suuwa,Phonemic,spider,,,,
3-817-266-1,wapi1253,Wapishana,587,matʰɨ,Phonemic,ant,,,,
3-816-266-1,wapi1253,Wapishana,1575,ˀbašarau,Phonemic,cockroach,,,,
3-815-266-1,wapi1253,Wapishana,1538,kʰankʰurɨn,Phonemic,scorpion,,,,
3-814-266-1,wapi1253,Wapishana,1974,pʰišiˀbaʔi,Phonemic,centipede,,,,
3-813-266-1,wapi1253,Wapishana,232,kʰuwaiˀba,Phonemic,flea,,,,
3-812-266-1,wapi1253,Wapishana,267,wiẓai,Phonemic,nit (louse egg),,,,
3-811-266-1,wapi1253,Wapishana,1392,nai,Phonemic,louse,,,,
3-760-266-1,wapi1253,Wapishana,1350,pʰuwatʰɨ,Phonemic,monkey,,,,
3-750-266-1,wapi1253,Wapishana,1936,aru,Phonemic,deer,,,,
3-740-266-1,wapi1253,Wapishana,1312,warɨẓu,Phonemic,fox,,,,
3-665-266-1,wapi1253,Wapishana,1013,kʰasumi,Phonemic,freshwater eel,,,,
3-664-266-1,wapi1253,Wapishana,1910,ˀdyɨɨˀbɨrɨ,Phonemic,stingray,,,,
3-662-266-1,wapi1253,Wapishana,1479,pʰuuwa,Phonemic,"porpoise, dolphin",,,,
3-655-266-1,wapi1253,Wapishana,598,-maˀda,Phonemic,shell,,Also means 'skin' 04.120.,,
3-654-266-1,wapi1253,Wapishana,1916,-irikʰanaɨ,Phonemic,gill,,,,
3-653-266-1,wapi1253,Wapishana,266,kʰupʰaɨ maˀda,Phonemic,fishscale,,Lit. 'fish skin' 04.120.,,
3-652-266-1,wapi1253,Wapishana,213,kʰupʰaɨ ẓĩĩu,Phonemic,fin (dorsal),,,,
3-650-266-1,wapi1253,Wapishana,227,kʰupʰaɨ,Phonemic,fish,,,,
3-630-266-1,wapi1253,Wapishana,2139,kʰurii,Phonemic,"mouse, rat",,,,
3-622-266-1,wapi1253,Wapishana,309,yawari,Phonemic,opossum,,,,
3-620-266-1,wapi1253,Wapishana,1208,pʰišan,Phonemic,cat,,,,
3-610-266-1,wapi1253,Wapishana,2009,arimarakʰa,Phonemic,dog,,,,
3-594-266-1,wapi1253,Wapishana,1853,uriˀdi,Phonemic,dove,,,,
3-596-266-1,wapi1253,Wapishana,735,masuwikʰi,Phonemic,owl,,,,
3-593-266-1,wapi1253,Wapishana,913,watʰu,Phonemic,crow,,,,
3-592-266-1,wapi1253,Wapishana,882,waru,Phonemic,parrot,,,,
3-591-266-1,wapi1253,Wapishana,1793,tʰamarɨu,Phonemic,bat,,,,
3-586-266-1,wapi1253,Wapishana,1185,watʰu,Phonemic,vulture,,,,
3-585-266-1,wapi1253,Wapishana,307,kʰara-kʰarari,Phonemic,hawk,,,,
3-584-266-1,wapi1253,Wapishana,1905,kʰukʰui,Phonemic,eagle,,,,
3-583-266-1,wapi1253,Wapishana,758,wakʰara,Phonemic,heron,,,,
3-581-266-1,wapi1253,Wapishana,937,kʰutʰɨʔɨẓa,Phonemic,bird,,,,
3-580-266-1,wapi1253,Wapishana,539,-šimakʰa,Phonemic,nest,,,,
3-570-266-1,wapi1253,Wapishana,1360,ˀbai,Phonemic,duck,,,,
3-550-266-1,wapi1253,Wapishana,1318,kʰɨrɨkʰɨ,Phonemic,chicken,,,,
3-540-266-1,wapi1253,Wapishana,1514,kʰɨrɨkʰɨ-aˀba,Phonemic,hen,,,,
3-520-266-1,wapi1253,Wapishana,1511,kʰɨrɨkʰɨ,Phonemic,"cock, rooster",,,,
3-470-266-1,wapi1253,Wapishana,890,[ˀbuuẓu],Phonemic,mule,,From Port. 'burro'.,,
3-500-266-1,wapi1253,Wapishana,265,kʰɨrɨkʰɨ,Phonemic,fowl,,,,
3-460-266-1,wapi1253,Wapishana,1862,[čʰaakʰaši],Phonemic,"ass, donkey",,From English 'jackass'.,,
3-450-266-1,wapi1253,Wapishana,1647,[kʰawaru] ˀdani,Phonemic,"foal, colt",,From Port. 'cavalo'. Lit. 'horse-offspring' 02.430.,,
3-440-266-1,wapi1253,Wapishana,938,[kʰawaru]-waˀba,Phonemic,mare,,From Port. 'cavalo'.,,
3-420-266-1,wapi1253,Wapishana,936,[kʰaẓutʰi],Phonemic,stallion,,From Port. 'garrote'.,,
3-410-266-1,wapi1253,Wapishana,615,[kʰawaru],Phonemic,horse (equine),,From Port. 'cavalo'.,,
3-370-266-1,wapi1253,Wapishana,264,[kʰaẓutʰi],Phonemic,he-goat,,From Port. 'garrote'.,,
3-350-266-1,wapi1253,Wapishana,1337,kʰuuši,Phonemic,pig,,,,
3-340-266-1,wapi1253,Wapishana,1351,kʰuuši-aˀba,Phonemic,sow (2),,,,
3-290-266-1,wapi1253,Wapishana,820,[kʰaẓiniẓu] ˀdani,Phonemic,lamb,,From Port. 'carneiro'. Lit. 'sheep-offspring' 02.430.,,
3-280-266-1,wapi1253,Wapishana,1345,[kʰaẓiniẓu]-waˀba,Phonemic,ewe,,From Port.'carneiro'.,,
3-260-266-1,wapi1253,Wapishana,1344,[kʰaẓutʰi],Phonemic,ram,,From Port. 'garrote'.,,
3-250-266-1,wapi1253,Wapishana,1331,[kʰaẓiniẓu],Phonemic,sheep,,From Port. 'carneiro'.,,
3-240-266-1,wapi1253,Wapishana,1989,tʰapʰiʔiẓa-ˀdani,Phonemic,calf,,Lit. 'cow-offspring' 02.430.,,
3-230-266-1,wapi1253,Wapishana,1007,tʰapʰiʔiẓa-ˀba ~ tʰapʰiʔiẓ,Phonemic,cow,,,,
3-210-266-1,wapi1253,Wapishana,1008,[kʰaẓutʰi],Phonemic,bull,,From Port. 'garrote'.,,
3-200-266-1,wapi1253,Wapishana,1153,tʰapʰiʔiẓa-nau,Phonemic,cattle (bovine),,,,
3-180-266-1,wapi1253,Wapishana,263,pʰakʰiẓu,Phonemic,herdsman,,,,
3-160-266-1,wapi1253,Wapishana,649,ĩ-aruwapʰa kʰiẓ,Phonemic,pasture,,Lit. 'eat place'.,,
3-150-266-1,wapi1253,Wapishana,631,ɨẓai-nau,Phonemic,livestock,,,,
3-130-266-1,wapi1253,Wapishana,2262,ẓɨna,Phonemic,female (adj),,,,
3-120-266-1,wapi1253,Wapishana,2261,[kʰaẓutʰi],Phonemic,male (adj),,From Port. 'garrote'.,,
3-110-266-1,wapi1253,Wapishana,619,ɨẓai,Phonemic,animal,,,,
2-960-266-1,wapi1253,Wapishana,817,ĩnau,Phonemic,they,,,,
2-950-266-1,wapi1253,Wapishana,1213,ɨnau,Phonemic,you (plural),,,,
2-942-266-1,wapi1253,Wapishana,1130,waɨnau,Phonemic,we (exclusive),,,,
2-941-266-1,wapi1253,Wapishana,1131,waɨnau,Phonemic,we (inclusive),,,,
2-940-266-1,wapi1253,Wapishana,1212,waɨnau,Phonemic,we,,,,
2-930-266-1,wapi1253,Wapishana,262,ɨrɨɨ,Phonemic,he/she/it,,Respectively: 'he/it; she'.,,
2-930-266-3,wapi1253,Wapishana,262,uruu,Phonemic,he/she/it,,Respectively: 'he/it; she'.,,
2-920-266-1,wapi1253,Wapishana,1215,pʰɨgar-ɨ,Phonemic,you (singular),,,,
2-910-266-1,wapi1253,Wapishana,1209,ũgar-ɨ,Phonemic,I,,,,
2-820-266-1,wapi1253,Wapishana,194,-iriˀban-nau,Phonemic,family,,"To be specific, one would say, ɨrɨɨ, ɨ-ˀdaiaru, naʔikʰi ɨ-ˀdai-nau, 'he, his wife, and his children'.",,
2-810-266-1,wapi1253,Wapishana,1644,-iriˀban-nau,Phonemic,"relatives, kinsmen",,,,
2-770-266-1,wapi1253,Wapishana,1981,maukʰaiˀba ɨ-ˀdaiaru,Phonemic,widower,,,,
2-760-266-1,wapi1253,Wapishana,1756,maukʰaiˀba u-ˀdaiarɨ,Phonemic,widow,,,,
2-750-266-1,wapi1253,Wapishana,1149,ma-ɨˀdani-wai,Phonemic,orphan,,,,
2-740-266-1,wapi1253,Wapishana,1058,-ˀdani-aˀba,Phonemic,stepdaughter,,,,
2-730-266-1,wapi1253,Wapishana,1059,-ˀdaniura,Phonemic,stepson,,,,
2-720-266-1,wapi1253,Wapishana,236,-ˀdaru-waˀba,Phonemic,stepmother,,,,
2-710-266-1,wapi1253,Wapishana,237,-ˀdarɨura,Phonemic,stepfather,,,,
2-641-266-1,wapi1253,Wapishana,2264,-ˀdiniẓu,Phonemic,daughter-in-law (of a woman),,Also -ˀdanikʰaʔaẓuu.,,
2-640-266-1,wapi1253,Wapishana,2265,-ˀdiniẓu,Phonemic,daughter-in-law (of a man),,Also -ˀdanikʰaʔaẓuu.,,
2-631-266-1,wapi1253,Wapishana,2266,-ˀdiniẓɨ,Phonemic,son-in-law (of a woman),,Also -ˀdanikʰaʔaẓuu.,,
2-630-266-1,wapi1253,Wapishana,2267,-ˀdiniẓɨ,Phonemic,son-in-law (of a man),,Also -ˀdanikʰaʔaẓuu.,,
2-621-266-1,wapi1253,Wapishana,2257,-imaɨẓu,Phonemic,mother-in-law (of a woman),,,,
2-620-266-1,wapi1253,Wapishana,2256,-imaɨẓu,Phonemic,mother-in-law (of a man),,Also -ˀdarukʰaʔaẓuu.,,
2-611-266-1,wapi1253,Wapishana,2254,-imaˀdakʰuẓ,Phonemic,father-in-law (of a woman),,,,
2-610-266-1,wapi1253,Wapishana,2255,-imaˀdakʰuẓ,Phonemic,father-in-law (of a man),,,,
2-570-266-1,wapi1253,Wapishana,490,tʰakʰanii-nau,Phonemic,descendants,,Also wa-ˀdaɨnii-nau.,,
2-560-266-1,wapi1253,Wapishana,1669,-ˀdukʰuẓɨɨn-nau,Phonemic,ancestors,,Refers to male a.; female a. is -kʰuʔukʰuun-nau.,,
2-550-266-1,wapi1253,Wapishana,1643,-iriˀban,Phonemic,cousin,,,,
2-540-266-1,wapi1253,Wapishana,1642,-ˀdanikʰaʔaẓuu,Phonemic,niece,,"Woman speaking, for 'brother's son or daughter'.",,
2-530-266-1,wapi1253,Wapishana,1063,čʰaunai,Phonemic,nephew,,'Brother's son'. Direct address is kʰatʰyɨɨ.,,
2-522-266-1,wapi1253,Wapishana,170,waʔanɨɨ,Phonemic,father's sister,,,,
2-521-266-1,wapi1253,Wapishana,171,maamai,Phonemic,mother's sister,,,,
2-512-266-1,wapi1253,Wapishana,1985,pʰaapʰai,Phonemic,father's brother,,,,
2-511-266-1,wapi1253,Wapishana,1984,tʰaatʰai,Phonemic,mother's brother,,,,
2-480-266-1,wapi1253,Wapishana,1618,-tʰakʰan,Phonemic,grandson,,,,
2-490-266-1,wapi1253,Wapishana,1619,-tʰakʰan,Phonemic,granddaughter,,,,
2-471-266-1,wapi1253,Wapishana,907,masakʰunnau,Phonemic,old woman,,,,
2-470-266-1,wapi1253,Wapishana,1496,kʰuʔukʰuu,Phonemic,grandmother,,,,
2-461-266-1,wapi1253,Wapishana,406,tʰɨnarɨnau,Phonemic,old man,,,,
2-460-266-1,wapi1253,Wapishana,1383,ˀdukʰuẓɨɨ,Phonemic,grandfather,,,,
2-458-266-1,wapi1253,Wapishana,1005,šaman-nau,Phonemic,twins,,,,
2-455-266-1,wapi1253,Wapishana,1761,-ˀdawiʔičʰan,Phonemic,younger sister,,Dialect difference is -ˀdawɨʔičʰan.,,
2-454-266-1,wapi1253,Wapishana,1758,-masukʰuniˀdi,Phonemic,older sister,,,,
2-450-266-1,wapi1253,Wapishana,1263,-ˀdaˀdakʰuu,Phonemic,sister,,Respectively: of male; of female.,,
2-450-266-3,wapi1253,Wapishana,1263,-inauẓu,Phonemic,sister,,Respectively: of male; of female.,,
2-445-266-1,wapi1253,Wapishana,1760,-ˀdawiʔičʰan,Phonemic,younger brother,,Dialect difference is -ˀdawɨʔičʰan.,,
2-444-266-1,wapi1253,Wapishana,1759,-tʰɨɨniẓ,Phonemic,older brother,,Of male.,,
2-440-266-1,wapi1253,Wapishana,1262,-inawɨẓa,Phonemic,brother,,Respectively: of male; of female.,,
2-440-266-3,wapi1253,Wapishana,1262,-aẓɨ,Phonemic,brother,,Respectively: of male; of female.,,
2-430-266-1,wapi1253,Wapishana,1801,-ˀdani,Phonemic,offspring (son or daughter),,,,
2-420-266-1,wapi1253,Wapishana,1357,-ˀdani-ˀba,Phonemic,daughter,,,,
2-410-266-1,wapi1253,Wapishana,1620,-ˀdani,Phonemic,son,,,,
2-390-266-1,wapi1253,Wapishana,426,[maẓi]ˀdai-ˀba,Phonemic,married woman,,From English 'marry'.,,
2-380-266-1,wapi1253,Wapishana,424,[maẓi]ˀda-ʔu,Phonemic,married man,,From English 'marry'.,,
2-370-266-1,wapi1253,Wapishana,505,-ˀdaru-nau,Phonemic,parents,,Dialect difference is -ˀdarɨ-nau.,,
2-360-266-1,wapi1253,Wapishana,1216,-ˀdaru,Phonemic,mother,,,,
2-350-266-1,wapi1253,Wapishana,1217,-ˀdarɨ,Phonemic,father,,,,
2-341-266-1,wapi1253,Wapishana,1134,mɨɨˀdaakʰa-pʰa-n,Phonemic,divorce,,,,
2-340-266-1,wapi1253,Wapishana,1259,[maẓi]ˀda-n,Phonemic,"marriage, wedding",,From English 'marry'.,,
2-330-266-1,wapi1253,Wapishana,203,[maẓi]ˀda-n,Phonemic,marry,,From English 'marry'.,,
2-320-266-1,wapi1253,Wapishana,1199,-ˀdaiaru,Phonemic,wife,,,,
2-310-266-1,wapi1253,Wapishana,1200,-ˀdaiarɨ,Phonemic,husband,,,,
2-280-266-1,wapi1253,Wapishana,1289,kuraiˀdaunaa,Phonemic,"infant, baby",,,,
2-270-266-1,wapi1253,Wapishana,1304,kuraiˀdaunaa,Phonemic,child,,,,
2-261-266-1,wapi1253,Wapishana,77,mawɨsa,Phonemic,young woman (adolescent),,,,
2-260-266-1,wapi1253,Wapishana,1646,ẓɨna ~ ẓɨn,Phonemic,girl,,,,
2-251-266-1,wapi1253,Wapishana,76,tʰuminarɨ,Phonemic,young man (adolescent),,,,
2-250-266-1,wapi1253,Wapishana,1366,ˀdaunaiura,Phonemic,boy,,,,
2-240-266-1,wapi1253,Wapishana,1551,ẓɨna,Phonemic,female,,,,
2-230-266-1,wapi1253,Wapishana,1553,ˀdaunaiura,Phonemic,male,,,,
2-220-266-1,wapi1253,Wapishana,962,ẓɨna,Phonemic,woman,,,,
2-210-266-1,wapi1253,Wapishana,1554,ˀdaunaiura,Phonemic,man (vs. woman),,,,
2-100-266-1,wapi1253,Wapishana,683,pʰiˀdan,Phonemic,"person, human being",,,,
1-890-266-1,wapi1253,Wapishana,1188,tʰikʰaẓi tʰiriẓi,Phonemic,charcoal,,,,
1-880-266-1,wapi1253,Wapishana,10,ẓuwaakʰarɨ,Phonemic,firewood,,,,
1-870-266-1,wapi1253,Wapishana,1133,[mačʰi],Phonemic,match (noun),,From English 'match'.,,
1-861-266-1,wapi1253,Wapishana,127,makʰaˀda-n,Phonemic,extinguish,,,,
1-860-266-1,wapi1253,Wapishana,737,mauˀda-kʰiˀda-n,Phonemic,"light, kindle, ignite",,,,
1-852-266-1,wapi1253,Wapishana,1428,kʰaʔawa-n,Phonemic,burn (vb intrans),,,,
1-851-266-1,wapi1253,Wapishana,141,kʰaʔauˀda-n,Phonemic,burn (vb trans),,,,
1-841-266-1,wapi1253,Wapishana,67,tʰikʰaẓi tʰiriẓi,Phonemic,embers,,,,
1-840-266-1,wapi1253,Wapishana,646,pʰaritʰiʔi,Phonemic,ashes,,,,
1-830-266-1,wapi1253,Wapishana,778,tʰikʰaẓi šan,Phonemic,smoke (noun),,Cf. 'fog' 01.740.,,
1-820-266-1,wapi1253,Wapishana,889,tʰikʰaẓ mauˀda-pʰa-n,Phonemic,flame (noun),,,,
1-810-266-1,wapi1253,Wapishana,221,tʰikʰaẓi,Phonemic,fire,,,,
1-780-266-1,wapi1253,Wapishana,952,amaẓaˀda,Phonemic,weather,,"Same as 'earth' 01.210; because the people say the earth/ weather is hot, cold, beautiful (to look at), etc.",,
1-750-266-1,wapi1253,Wapishana,658,wɨnɨ,Phonemic,rain (noun),,Same as 'water' 01.310.,,
1-740-266-1,wapi1253,Wapishana,249,amaẓaˀda šan,Phonemic,fog,,"Also amaẓaˀda kʰišana-n, 'the land/place is cloudy'. Cf. 'smoke' 01.830.",,
1-720-266-1,wapi1253,Wapishana,960,awarɨ,Phonemic,wind,,,,
1-730-266-1,wapi1253,Wapishana,1489,išaʔiẓi,Phonemic,cloud,,,,
1-710-266-1,wapi1253,Wapishana,27,awarɨ,Phonemic,air,,,,
1-640-266-1,wapi1253,Wapishana,1977,ˀbašiẓu,Phonemic,dew,,,,
1-630-266-1,wapi1253,Wapishana,1388,-ˀdikʰin,Phonemic,"shade, shadow",,,,
1-620-266-1,wapi1253,Wapishana,11,marɨtʰa-ʔu,Phonemic,darkness,,,,
1-610-266-1,wapi1253,Wapishana,630,kʰanˀda-ʔu,Phonemic,light (noun),,,,
1-590-266-1,wapi1253,Wapishana,1733,kʰiwariʔi,Phonemic,rainbow,,,,
1-580-266-1,wapi1253,Wapishana,858,maˀbuẓakʰa-ʔu awarɨ,Phonemic,storm,,Lit. 'strong wind'.,,
1-560-266-1,wapi1253,Wapishana,1150,tʰuruwanarɨ,Phonemic,thunder,,,,
1-570-266-1,wapi1253,Wapishana,2007,tʰuruwanarɨ pʰiẓuwa-n,Phonemic,lightning (as striking),,,,
1-550-266-1,wapi1253,Wapishana,1654,tʰuruwanarɨ pʰiẓuwa-n,Phonemic,lightning,,Lit. 'thunder licks' 04.590.,,
1-540-266-1,wapi1253,Wapishana,1430,wiiẓi,Phonemic,star,,,,
1-530-266-1,wapi1253,Wapishana,1313,kʰaɨẓ,Phonemic,moon,,,,
1-520-266-1,wapi1253,Wapishana,1343,kʰamuu,Phonemic,sun,,,,
1-510-266-1,wapi1253,Wapishana,1732,aukʰaẓi,Phonemic,sky,,,,
1-450-266-1,wapi1253,Wapishana,6,amaẓaˀda nakʰa-ĩĩa-n,Phonemic,earthquake,,Lit. 'earth shakes itself'.,,
1-440-266-1,wapi1253,Wapishana,2125,kʰɨˀba,Phonemic,"stone, rock",,,,
1-430-266-1,wapi1253,Wapishana,1803,atʰamɨnɨ,Phonemic,wood,,,,
1-420-266-1,wapi1253,Wapishana,906,atʰamɨnɨ,Phonemic,tree (cf 08.600),,,,
1-410-266-1,wapi1253,Wapishana,420,kʰanukʰu,Phonemic,"woods, forest",,,,
1-390-266-1,wapi1253,Wapishana,943,tʰuẓuwan,Phonemic,waterfall,,,,
1-380-266-1,wapi1253,Wapishana,1145,ˀbauwɨẓɨ,Phonemic,swamp,,,,
1-370-266-1,wapi1253,Wapishana,2144,muwaʔɨn,Phonemic,"spring, well",,,,
1-362-266-1,wapi1253,Wapishana,1982,ˀdarukʰaʔɨ,Phonemic,whirlpool,,,,
1-360-266-1,wapi1253,Wapishana,666,waʔuẓi,Phonemic,"river, stream, brook",,,,
1-350-266-1,wapi1253,Wapishana,978,wɨnɨ pʰaran,Phonemic,wave,,Lit. 'water sea'.,,
1-330-266-1,wapi1253,Wapishana,624,kʰarišii,Phonemic,lake,,,,
1-329-266-1,wapi1253,Wapishana,645,pʰaran,Phonemic,ocean,,,,
1-324-266-1,wapi1253,Wapishana,1768,ˀbuẓuwan,Phonemic,foam,,,,
1-323-266-1,wapi1253,Wapishana,259,kʰapʰaran,Phonemic,rough (of sea),,,,
1-320-266-1,wapi1253,Wapishana,1474,pʰaran,Phonemic,sea,,,,
1-322-266-1,wapi1253,Wapishana,258,mašaa,Phonemic,calm (of sea),,,,
1-310-266-1,wapi1253,Wapishana,948,wɨnɨ,Phonemic,water,,,,
1-280-266-1,wapi1253,Wapishana,1155,ɨna,Phonemic,cave,,,,
1-270-266-1,wapi1253,Wapishana,113,wɨnɨ ˀdanum,Phonemic,shore,,Lit. 'water edge'.,,
1-250-266-1,wapi1253,Wapishana,622,kʰatʰunarɨ,Phonemic,island,,,,
1-240-266-1,wapi1253,Wapishana,921,nawaẓi sakʰuˀdaẓ,Phonemic,valley,,Lit. 'hill between'.,,
1-230-266-1,wapi1253,Wapishana,652,ˀbaraẓi,Phonemic,"plain, field",,,,
1-220-266-1,wapi1253,Wapishana,2118,miˀdɨkʰɨu,Phonemic,"mountain, hill",,,,
1-220-266-3,wapi1253,Wapishana,2118,nawaẓi,Phonemic,"mountain, hill",,,,
1-214-266-1,wapi1253,Wapishana,640,ˀdari,Phonemic,mud,,,,
1-215-266-1,wapi1253,Wapishana,671,kʰatʰɨ,Phonemic,sand,,,,
1-213-266-1,wapi1253,Wapishana,2,ɨnɨˀba,Phonemic,dust,,,,
1-212-266-1,wapi1253,Wapishana,1228,imiʔi,Phonemic,"earth=ground, soil",,,,
1-210-266-1,wapi1253,Wapishana,626,amaẓaˀda,Phonemic,"earth, land",,Also 'land' imiʔi ˀbara 'ground face' 04.204. See 'weather' 01.780.,,
1-100-266-1,wapi1253,Wapishana,965,amaẓaˀda,Phonemic,world,,,,
14-330-266-1,wapi1253,Wapishana,1544,pʰanaa dunu,Phonemic,sometimes,,,,
14-331-266-1,wapi1253,Wapishana,703,kʰadiman,Phonemic,soon,,,,
14-332-266-1,wapi1253,Wapishana,418,kʰutʰɨaʔanaa,Phonemic,long-time (for a),,,,
14-340-266-1,wapi1253,Wapishana,1656,aunii naʔapʰainim,Phonemic,never,,,,
14-350-266-1,wapi1253,Wapishana,204,kʰušan,Phonemic,again,,,,
14-410-266-1,wapi1253,Wapishana,1225,wakʰandan,Phonemic,day,,,,
14-410-266-3,wapi1253,Wapishana,1225,kʰanda-ʔu,Phonemic,day,,,,
14-420-266-1,wapi1253,Wapishana,1233,wamarɨtʰan,Phonemic,night,,,,
14-420-266-3,wapi1253,Wapishana,1233,marɨtʰa-ʔu,Phonemic,night,,,,
14-430-266-1,wapi1253,Wapishana,729,wakʰandanaanin,Phonemic,dawn,,,,
14-440-266-1,wapi1253,Wapishana,1339,čʰapʰiʔikʰi,Phonemic,morning,,,,
14-450-266-1,wapi1253,Wapishana,12,sakʰitʰapʰa kʰamuu,Phonemic,"noon, midday",,,,
14-451-266-1,wapi1253,Wapishana,1807,wačʰɨɨpʰɨnin,Phonemic,afternoon,,,,
14-460-266-1,wapi1253,Wapishana,1629,waʔišaukʰan,Phonemic,evening,,,,
14-470-266-1,wapi1253,Wapishana,1283,aiẓii,Phonemic,today,,,,
14-480-266-1,wapi1253,Wapishana,1329,waikʰanaʔan,Phonemic,tomorrow,,,,
14-481-266-1,wapi1253,Wapishana,1179,ˀbanɨapʰa,Phonemic,day-after-tomorrow,,,,
14-490-266-1,wapi1253,Wapishana,1174,mɨnɨmɨn,Phonemic,yesterday,,,,
14-491-266-1,wapi1253,Wapishana,1180,kʰutʰɨʔikʰiʔi,Phonemic,day-before-yesterday,,,,
14-610-266-1,wapi1253,Wapishana,1469,[suundii],Phonemic,week,,From English 'Sunday'.,,
14-620-266-1,wapi1253,Wapishana,1699,[suundii],Phonemic,Sunday,,From English 'Sunday'.,,
14-710-266-1,wapi1253,Wapishana,1370,kʰaɨẓɨ,Phonemic,month,,,,
14-730-266-1,wapi1253,Wapishana,1226,wɨnɨ,Phonemic,year,,Cf. 'water' 01.310.,,
14-780-266-1,wapi1253,Wapishana,691,waraukʰan,Phonemic,season,,,,
14-780-266-3,wapi1253,Wapishana,691,wawɨnɨ dunun,Phonemic,season,,,,
15-212-266-1,wapi1253,Wapishana,375,niẓiˀbada-n,Phonemic,sniff,,,,
15-220-266-1,wapi1253,Wapishana,1586,dama-n,Phonemic,smell (vb trans),,,,
15-250-266-1,wapi1253,Wapishana,376,kʰadɨɨ-n,Phonemic,"fragrant, good smelling",,,,
15-260-266-1,wapi1253,Wapishana,42,dyɨpɨša,Phonemic,"stinking, bad smelling",,,,
15-310-266-1,wapi1253,Wapishana,21,tʰiwa-n,Phonemic,taste,,,,
15-350-266-1,wapi1253,Wapishana,717,ˀbišuwa-ʔu,Phonemic,sweet,,,,
15-360-266-1,wapi1253,Wapishana,1091,kʰɨẓɨˀba-ʔu,Phonemic,salty,,,,
15-370-266-1,wapi1253,Wapishana,887,kʰiˀbia-ʔu,Phonemic,bitter,,,,
15-380-266-1,wapi1253,Wapishana,1906,kʰatʰama-ʔu,Phonemic,"acid, sour",,,,
15-390-266-1,wapi1253,Wapishana,70,kʰɨẓɨˀba-ẓa-ʔu,Phonemic,brackish,,,,
15-410-266-1,wapi1253,Wapishana,1408,aˀbatʰa-n,Phonemic,hear,,,,
15-420-266-1,wapi1253,Wapishana,1608,aˀbatʰapʰa-n,Phonemic,listen,,,,
15-440-266-1,wapi1253,Wapishana,1811,-aran,Phonemic,"sound, noise",,,,
15-450-266-1,wapi1253,Wapishana,377,diwa-ʔu,Phonemic,loud,,,,
15-460-266-1,wapi1253,Wapishana,1314,maša-ʔu,Phonemic,"quiet, silence",,,,
15-510-266-1,wapi1253,Wapishana,1409,tʰɨkʰapʰa-n,Phonemic,see,,,,
15-520-266-1,wapi1253,Wapishana,1819,awɨnɨɨpʰa-n,Phonemic,"look, look at",,,,
15-520-266-3,wapi1253,Wapishana,1819,awɨnɨɨtʰapʰa-n,Phonemic,"look, look at",,,,
15-550-266-1,wapi1253,Wapishana,1039,aida-n,Phonemic,show,,,,
15-560-266-1,wapi1253,Wapishana,708,kʰanadapʰa-n,Phonemic,shine,,,,
15-570-266-1,wapi1253,Wapishana,679,kʰanada-ʔu,Phonemic,bright,,,,
15-610-266-1,wapi1253,Wapishana,1613,ɨtʰan,Phonemic,color,,,,
15-620-266-1,wapi1253,Wapishana,250,išaẓaˀba-ẓa-ʔu,Phonemic,light (in color),,,,
15-630-266-1,wapi1253,Wapishana,706,pudidi-ʔu ɨtʰan,Phonemic,dark (in color),,,,
15-640-266-1,wapi1253,Wapishana,1335,ˀbarakʰa-ʔu,Phonemic,white,,,,
15-650-266-1,wapi1253,Wapishana,163,pʰudidi-ʔu,Phonemic,black,,,,
15-660-266-1,wapi1253,Wapishana,156,wɨẓa-ʔu,Phonemic,red,,,,
15-670-266-1,wapi1253,Wapishana,837,kʰuʔuri-ʔu,Phonemic,blue,,May also say pʰudidi-ẓa-ʔu; cf. 'black' 15.650.,,
15-680-266-1,wapi1253,Wapishana,1425,kʰuʔuri-ʔu,Phonemic,green,,,,
15-690-266-1,wapi1253,Wapishana,1424,kʰidai-ʔu,Phonemic,yellow,,,,
15-710-266-1,wapi1253,Wapishana,1892,pʰišatʰa-n,Phonemic,touch,,,,
15-712-266-1,wapi1253,Wapishana,378,sɨkʰɨẓuda-n,Phonemic,pinch,,,,
15-720-266-1,wapi1253,Wapishana,1079,pʰišatʰa-n,Phonemic,feel,,,,
15-720-266-3,wapi1253,Wapishana,1079,aˀbatʰa-n,Phonemic,feel,,,,
15-740-266-1,wapi1253,Wapishana,1884,dadara,Phonemic,hard,,,,
15-750-266-1,wapi1253,Wapishana,1856,šumada-ʔu,Phonemic,soft,,,,
15-760-266-1,wapi1253,Wapishana,1923,kʰaduraiẓaˀba-ʔu,Phonemic,rough,,,,
15-770-266-1,wapi1253,Wapishana,1234,miduda-ʔu,Phonemic,smooth,,,,
15-780-266-1,wapi1253,Wapishana,1396,dimana-ʔu,Phonemic,sharp,,,,
15-790-266-1,wapi1253,Wapishana,379,manɨna-ʔu,Phonemic,"blunt, dull",,,,
15-810-266-1,wapi1253,Wapishana,1210,kʰimiša-ʔu,Phonemic,heavy,,,,
15-820-266-1,wapi1253,Wapishana,1052,mamiša-ʔu,Phonemic,light (in weight),,,,
15-830-266-1,wapi1253,Wapishana,1726,ẓaˀbi-ʔu,Phonemic,"wet, damp",,,,
15-840-266-1,wapi1253,Wapishana,1398,arada-ʔu,Phonemic,dry,,,,
15-850-266-1,wapi1253,Wapishana,1286,wičʰa-ʔu,Phonemic,hot,,,,
15-851-266-1,wapi1253,Wapishana,1232,wičʰa-ẓa-ʔu,Phonemic,warm,,,,
15-860-266-1,wapi1253,Wapishana,1287,wadidi-ʔu,Phonemic,cold,,,,
15-870-266-1,wapi1253,Wapishana,704,maniriˀba-ʔu,Phonemic,clean,,,,
15-880-266-1,wapi1253,Wapishana,1230,kʰaniriˀba-ʔu,Phonemic,"dirty, soiled",,,,
15-890-266-1,wapi1253,Wapishana,380,kʰaruru-ʔu,Phonemic,wrinkled,,,,
16-110-266-1,wapi1253,Wapishana,53,durunai,Phonemic,"soul, spirit",,,,
16-150-266-1,wapi1253,Wapishana,1572,pʰadaidaʔantʰa-n,Phonemic,"surprised, astonished",,,,
16-230-266-1,wapi1253,Wapishana,1495,kʰunaɨkʰii,Phonemic,"joyful, glad, happy",,,,
16-250-266-1,wapi1253,Wapishana,1355,šaẓuutʰa-n,Phonemic,laugh,,,,
16-251-266-1,wapi1253,Wapishana,1451,šaẓuutʰapʰa-n,Phonemic,smile,,,,
16-260-266-1,wapi1253,Wapishana,1413,makʰinautʰina-n,Phonemic,play,,,,
16-270-266-1,wapi1253,Wapishana,923,naɨdapʰa-n,Phonemic,love,,,,
16-290-266-1,wapi1253,Wapishana,578,suuẓukʰa-n,Phonemic,kiss,,,,
16-300-266-1,wapi1253,Wapishana,928,inutʰa-n,Phonemic,embrace,,,,
16-310-266-1,wapi1253,Wapishana,1783,kʰaẓiwa-ʔu,Phonemic,pain,,,,
16-320-266-1,wapi1253,Wapishana,1668,kʰašaʔura-ʔu,Phonemic,"grief, sorrow, sadness",,,,
16-330-266-1,wapi1253,Wapishana,1000,dupʰia-n,Phonemic,"anxiety, worry",,,,
16-340-266-1,wapi1253,Wapishana,1875,kʰašaʔura-n,Phonemic,"regret, be sorry",,,,
16-350-266-1,wapi1253,Wapishana,1141,kʰamɨna-n,Phonemic,pity,,,,
16-370-266-1,wapi1253,Wapishana,1839,ẓaada-n,Phonemic,"cry, weep",,,,
16-380-266-1,wapi1253,Wapishana,1651,-awɨn ɨɨ,Phonemic,tear (noun),,,,
16-390-266-1,wapi1253,Wapishana,716,dupʰia-n,Phonemic,groan,,,,
16-410-266-1,wapi1253,Wapishana,1607,tʰuʔura-kʰiẓaitʰapʰa-n,Phonemic,hate,,,,
16-420-266-1,wapi1253,Wapishana,82,tʰuʔura-n,Phonemic,anger,,,,
16-440-266-1,wapi1253,Wapishana,40,kʰašaɨẓɨ-n,Phonemic,"envy, jealousy",,,,
16-450-266-1,wapi1253,Wapishana,1776,kʰa-kʰiˀbaʔaẓunau-ʔu,Phonemic,shame (noun),,,,
16-480-266-1,wapi1253,Wapishana,174,atʰadĩĩpʰa-ʔu,Phonemic,proud,,,,
16-520-266-1,wapi1253,Wapishana,3,maˀbuẓakʰa ɨ-nyɨkɨnɨɨ,Phonemic,brave,,,,
16-530-266-1,wapi1253,Wapishana,781,kʰičʰanaʔikʰi,Phonemic,"fear, fright",,,,
16-540-266-1,wapi1253,Wapishana,1810,kʰičʰanaʔikʰia-ʔu,Phonemic,danger,,,,
16-620-266-1,wapi1253,Wapishana,1784,aipʰa-n,Phonemic,"desire, want",,,,
16-622-266-1,wapi1253,Wapishana,1750,wida-n,Phonemic,choose,,,,
16-630-266-1,wapi1253,Wapishana,1092,ẓaɨda-kʰida-n,Phonemic,hope,,,,
16-660-266-1,wapi1253,Wapishana,1657,miši-ʔu,Phonemic,true,,,,
16-670-266-1,wapi1253,Wapishana,601,mariidĩĩa-n,Phonemic,"lie, tell lies",,,,
16-690-266-1,wapi1253,Wapishana,1528,marinaʔatʰa-n,Phonemic,forgive,,,,
16-710-266-1,wapi1253,Wapishana,1035,kʰaiman,Phonemic,good,,,,
16-720-266-1,wapi1253,Wapishana,1292,idikʰaɨda,Phonemic,bad,,,,
16-730-266-1,wapi1253,Wapishana,1725,mišiʔu,Phonemic,"right, correct",,,,
16-730-266-3,wapi1253,Wapishana,1725,naʔapʰa,Phonemic,"right, correct",,,,
16-740-266-1,wapi1253,Wapishana,1390,aunaa ɨ-naʔapʰa-n,Phonemic,wrong,,,,
16-760-266-1,wapi1253,Wapishana,134,aipʰanaʔatʰi-ʔu,Phonemic,fault,,,,
16-770-266-1,wapi1253,Wapishana,1293,pʰuẓautʰa-n,Phonemic,"mistake, error",,,,
16-780-266-1,wapi1253,Wapishana,381,ẓaɨda-n,Phonemic,blame,,,,
16-790-266-1,wapi1253,Wapishana,1687,kʰunaɨkʰia-n,Phonemic,praise,,,,
16-810-266-1,wapi1253,Wapishana,1427,kʰunaɨnama-ʔu,Phonemic,beautiful,,,,
16-820-266-1,wapi1253,Wapishana,1548,ma-kʰunaɨnama-kʰa-ʔu,Phonemic,ugly,,,,
16-830-266-1,wapi1253,Wapishana,2018,mišaʔurarɨ,Phonemic,greedy,,,,
16-840-266-1,wapi1253,Wapishana,1310,aitʰapʰa-ʔu,Phonemic,clever,,,,
17-110-266-1,wapi1253,Wapishana,1562,diʔitʰ-ĩĩ-apʰa kʰinai,Phonemic,mind,,,,
17-130-266-1,wapi1253,Wapishana,1415,diʔitʰapʰa-n,Phonemic,think (= reflect),,,,
17-140-266-1,wapi1253,Wapishana,1513,itʰiima-n,Phonemic,think (= be of the opinion),,,,
17-150-266-1,wapi1253,Wapishana,1890,mišida-n,Phonemic,believe,,,,
17-160-266-1,wapi1253,Wapishana,1536,aitʰapʰa-n,Phonemic,understand,,,,
17-170-266-1,wapi1253,Wapishana,1410,aitʰapʰa-n,Phonemic,know,,,,
17-171-266-1,wapi1253,Wapishana,1932,tʰiwaa-kʰidapʰa-n,Phonemic,guess,,,,
17-172-266-1,wapi1253,Wapishana,117,tʰamakʰapʰa-n,Phonemic,imitate,,,,
17-180-266-1,wapi1253,Wapishana,1521,tʰukʰapʰa-n,Phonemic,seem,,,,
17-190-266-1,wapi1253,Wapishana,1609,diʔitʰĩĩapʰa-kʰarɨ,Phonemic,"idea, notion",,,,
17-210-266-1,wapi1253,Wapishana,698,aitʰapʰaa-ˀba-ʔu,Phonemic,wise,,,,
17-220-266-1,wapi1253,Wapishana,1518,yakʰara,Phonemic,"foolish, stupid",,Also ma-aitʰapʰĩĩ-kʰa-ʔu.,,
17-230-266-1,wapi1253,Wapishana,1899,ma-durunaa,Phonemic,"insane, crazy",,,,
17-240-266-1,wapi1253,Wapishana,504,tʰumĩĩpʰa-n,Phonemic,learn,,,,
17-242-266-1,wapi1253,Wapishana,1929,tʰumĩĩpʰa-n,Phonemic,study,,,,
17-250-266-1,wapi1253,Wapishana,709,tʰumĩĩapʰa-kʰida-n,Phonemic,teach,,,,
17-260-266-1,wapi1253,Wapishana,753,tʰumĩĩapʰa-kʰida kʰariwai,Phonemic,pupil,,Also tʰumĩĩapʰa-tʰina-ʔu.,,
17-270-266-1,wapi1253,Wapishana,1038,[tʰiičʰaa],Phonemic,teacher,,From English 'teacher'.,,
17-310-266-1,wapi1253,Wapishana,707,nyɨkʰɨnɨɨpʰa-n,Phonemic,remember,,,,
17-320-266-1,wapi1253,Wapishana,1523,ma-nyɨkʰɨnɨɨtʰa-n,Phonemic,forget,,,,
17-340-266-1,wapi1253,Wapishana,989,kʰainaaˀba-ʔu,Phonemic,"clear, plain",,,,
17-360-266-1,wapi1253,Wapishana,1121,diẓĩĩpʰa-ʔu,Phonemic,secret,,,,
17-370-266-1,wapi1253,Wapishana,509,miši-ʔu,Phonemic,"sure, certain",,,,
17-380-266-1,wapi1253,Wapishana,1626,kʰuwaada-n kʰaiman-aiman,Phonemic,explain,,,,
17-420-266-1,wapi1253,Wapishana,860,ɨrɨɨ idi-ʔu,Phonemic,cause,,,,
17-430-266-1,wapi1253,Wapishana,1308,ma-mišida-kʰa-n,Phonemic,doubt,,,,
17-440-266-1,wapi1253,Wapishana,1841,ẓaɨda-n,Phonemic,suspect,,,,
17-441-266-1,wapi1253,Wapishana,1902,kʰaakʰapʰa-n,Phonemic,betray,,,,
17-450-266-1,wapi1253,Wapishana,643,aiapʰa kʰariwai,Phonemic,"need, necessity",,,,
17-460-266-1,wapi1253,Wapishana,686,ma-šaʔapʰan-naa,Phonemic,easy,,,,
17-470-266-1,wapi1253,Wapishana,584,ka-šaʔapʰan-naa,Phonemic,difficult,,,,
17-480-266-1,wapi1253,Wapishana,1812,tʰiwaina-n,Phonemic,"try, attempt",,,,
17-490-266-1,wapi1253,Wapishana,488,-kʰadɨẓa,Phonemic,"way, manner",,,,
17-510-266-1,wapi1253,Wapishana,1577,naʔikʰi,Phonemic,and,,,,
17-520-266-1,wapi1253,Wapishana,1157,ɨšaʔapʰanɨm kʰaɨʔan,Phonemic,because,,Also ɨrɨɨ idiʔu.,,
17-530-266-1,wapi1253,Wapishana,1459,ana,Phonemic,if,,,,
17-530-266-3,wapi1253,Wapishana,1459,maẓan,Phonemic,if,,,,
17-540-266-1,wapi1253,Wapishana,1014,[uu],Phonemic,or,,From Port. 'ou'.,,
17-550-266-1,wapi1253,Wapishana,1268,uu,Phonemic,"yes, affirmative",,,,
17-560-266-1,wapi1253,Wapishana,1269,aunaa,Phonemic,"no, negative",,,,
17-610-266-1,wapi1253,Wapishana,1239,naʔapʰa dii,Phonemic,how?,,,,
17-620-266-1,wapi1253,Wapishana,822,naʔapʰaɨdaʔɨ-m,Phonemic,how many?,,,,
17-630-266-1,wapi1253,Wapishana,531,naʔapʰaɨdaʔɨ-m,Phonemic,how much?,,,,
17-640-266-1,wapi1253,Wapishana,1236,kʰanu-m dii,Phonemic,what?,,,,
17-640-266-3,wapi1253,Wapishana,1236,naʔapʰam,Phonemic,what?,,,,
17-650-266-1,wapi1253,Wapishana,1238,naʔapʰaini-m,Phonemic,when?,,,,
17-660-266-1,wapi1253,Wapishana,1237,naʔia-m dii,Phonemic,where?,,,,
17-670-266-1,wapi1253,Wapishana,727,naʔiaʔura-m,Phonemic,which?,,,,
17-680-266-1,wapi1253,Wapishana,1235,kʰan-dii,Phonemic,who?,,,,
17-680-266-3,wapi1253,Wapishana,1235,kʰanu-m,Phonemic,who?,,,,
17-690-266-1,wapi1253,Wapishana,1270,kʰanu-m nii,Phonemic,why?,,,,
17-690-266-3,wapi1253,Wapishana,1270,kʰandii niʔu,Phonemic,why?,,,,
18-110-266-1,wapi1253,Wapishana,1363,-pʰarada-n,Phonemic,voice,,,,
18-120-266-1,wapi1253,Wapishana,1261,kʰɨnɨia-n,Phonemic,sing,,,,
18-130-266-1,wapi1253,Wapishana,715,kʰadakʰu-n,Phonemic,"shout, cry out",,,,
18-150-266-1,wapi1253,Wapishana,55,pʰara-pʰara-n,Phonemic,whisper,,Also pʰarada-n mašaɨdaʔɨ.,,
18-160-266-1,wapi1253,Wapishana,128,pʰara-pʰara-ĩĩa-n,Phonemic,mumble,,,,
18-170-266-1,wapi1253,Wapishana,1025,wičʰaupʰa-n,Phonemic,whistle,,,,
18-190-266-1,wapi1253,Wapishana,526,ẓaada-n,Phonemic,howl,,,,
18-210-266-1,wapi1253,Wapishana,1623,pʰarada-n,Phonemic,"speak, talk",,,,
18-211-266-1,wapi1253,Wapishana,1866,dɨkʰɨɨaɨẓama-ʔu ɨ-pʰarada-n,Phonemic,"stutter, stammer",,,,
18-220-266-1,wapi1253,Wapishana,1458,kʰia-n,Phonemic,say,,,,
18-221-266-1,wapi1253,Wapishana,1711,kʰuwaada-n kʰɨwai,Phonemic,tell story,,,,
18-222-266-1,wapi1253,Wapishana,1115,pʰarada-n,Phonemic,speech (make a),,,,
18-230-266-1,wapi1253,Wapishana,48,mašaa,Phonemic,silent (be),,,,
18-240-266-1,wapi1253,Wapishana,1307,pʰarada-kʰarɨ,Phonemic,language,,,,
18-260-266-1,wapi1253,Wapishana,1599,pʰarada-kʰarɨ,Phonemic,word,,,,
18-280-266-1,wapi1253,Wapishana,1405,ɨɨ,Phonemic,name,,,,
18-310-266-1,wapi1253,Wapishana,1309,pʰiša-n,Phonemic,"ask (question, inquire)",,,,
18-320-266-1,wapi1253,Wapishana,1275,dakʰuʔatʰi-n,Phonemic,answer,,,,
18-330-266-1,wapi1253,Wapishana,2022,kʰuwaada-n,Phonemic,"admit, confess",,,,
18-350-266-1,wapi1253,Wapishana,1828,pʰiša-n,Phonemic,"ask, request",,,,
18-360-266-1,wapi1253,Wapishana,1675,ɨ-tʰaa-n pʰa-pʰarada-n,Phonemic,promise,,Also ɨ-waʔakʰa-n pʰa-pʰarada-n.,,
18-380-266-1,wapi1253,Wapishana,83,ma-tʰaapʰada-kʰa-n,Phonemic,forbid,,,,
18-390-266-1,wapi1253,Wapishana,299,dakʰuwaɨtʰapʰa-n,Phonemic,"rebuke, scold",,,,
18-410-266-1,wapi1253,Wapishana,1084,dapʰada-n,Phonemic,call (=summon),,,,
18-420-266-1,wapi1253,Wapishana,180,dakʰutʰa-n,Phonemic,call (=name),,,,
18-430-266-1,wapi1253,Wapishana,9,kʰuwaadapʰa-n,Phonemic,announce,,,,
18-440-266-1,wapi1253,Wapishana,1192,maimandakʰuwaɨa-n,Phonemic,threaten,,,,
18-450-266-1,wapi1253,Wapishana,101,atʰadĩĩpʰa-n,Phonemic,boast,,,,
18-510-266-1,wapi1253,Wapishana,1672,saada-n,Phonemic,write,,,,
18-520-266-1,wapi1253,Wapishana,724,aitʰa-n,Phonemic,read,,,,
18-560-266-1,wapi1253,Wapishana,648,kʰaritʰa,Phonemic,paper,,,,
18-570-266-1,wapi1253,Wapishana,794,saa-riˀbai,Phonemic,pen,,,,
18-610-266-1,wapi1253,Wapishana,963,kʰaritʰa,Phonemic,book,,,,
18-710-266-1,wapi1253,Wapishana,777,kʰuwɨda,Phonemic,flute,,,,
18-740-266-1,wapi1253,Wapishana,300,šikʰi-šikʰi,Phonemic,rattle,,,,
19-110-266-1,wapi1253,Wapishana,1300,wiiẓai,Phonemic,country,,,,
19-120-266-1,wapi1253,Wapishana,89,-wiiẓi,Phonemic,one's native country,,,,
19-150-266-1,wapi1253,Wapishana,1391,dunui,Phonemic,"city, town",,,,
19-160-266-1,wapi1253,Wapishana,930,wiiẓai,Phonemic,village,,,,
19-170-266-1,wapi1253,Wapishana,1010,kʰaina-riˀba-naa,Phonemic,boundary,,,,
19-210-266-1,wapi1253,Wapishana,789,kʰa-wiiẓii-nau,Phonemic,people (populace),,,,
19-240-266-1,wapi1253,Wapishana,301,[tʰušau],Phonemic,"chief, chieftain",,From Port. 'tuxaua'.,,
19-250-266-1,wapi1253,Wapishana,1296,waduukʰuri,Phonemic,"staff, walking stick",,,,
19-310-266-1,wapi1253,Wapishana,1846,kʰa-ẓuwaɨtʰapʰa-n,Phonemic,"rule, govern",,,,
19-320-266-1,wapi1253,Wapishana,1508,nauˀbanai,Phonemic,"king, ruler",,,,
19-330-266-1,wapi1253,Wapishana,1306,nauˀbanai-aˀba,Phonemic,queen,,,,
19-370-266-1,wapi1253,Wapishana,1032,kʰa-wiiẓi-ʔu,Phonemic,"citizen, subject",,,,
19-410-266-1,wapi1253,Wapishana,383,nauˀbanai,Phonemic,master,,,,
19-420-266-1,wapi1253,Wapishana,812,pʰuitʰurii,Phonemic,slave,,,,
19-430-266-1,wapi1253,Wapishana,255,pʰuitʰurii,Phonemic,servant,,,,
19-450-266-1,wapi1253,Wapishana,1128,dyɨɨda-n,Phonemic,"command, order",,,,
19-460-266-1,wapi1253,Wapishana,1635,iẓuʔatʰi-n,Phonemic,obey,,,,
19-470-266-1,wapi1253,Wapishana,1003,kʰašaapʰa-n,Phonemic,"let, permit",,,,
19-510-266-1,wapi1253,Wapishana,1325,pʰaunarɨ,Phonemic,"friend, companion",,,,
19-510-266-3,wapi1253,Wapishana,1325,-minaɨdaʔu,Phonemic,"friend, companion",,,,
19-520-266-1,wapi1253,Wapishana,1358,-tʰarɨˀba,Phonemic,enemy,,,,
19-540-266-1,wapi1253,Wapishana,1332,-iriˀban,Phonemic,neighbor,,,,
19-540-266-3,wapi1253,Wapishana,1332,-daẓaˀbaẓi,Phonemic,neighbor,,,,
19-550-266-1,wapi1253,Wapishana,791,tʰawarai,Phonemic,stranger,,,,
19-560-266-1,wapi1253,Wapishana,1782,muruwaɨtʰapʰa-ʔu,Phonemic,guest,,,,
19-580-266-1,wapi1253,Wapishana,1897,kʰamĩĩkʰaʔɨtʰa-n,Phonemic,"help, aid",,,,
19-590-266-1,wapi1253,Wapishana,1550,awaɨtʰapʰa-n,Phonemic,"hinder, prevent",,,,
19-610-266-1,wapi1253,Wapishana,1747,-kʰadɨẓ,Phonemic,custom,,,,
19-620-266-1,wapi1253,Wapishana,1848,tʰuʔuratʰa-akʰa-kʰarɨ,Phonemic,"strife, quarrel",,Also ẓɨnaapʰa-akʰa-kʰarɨ.,,
19-650-266-1,wapi1253,Wapishana,1831,ikʰudapʰa-n,Phonemic,meet,,,,
19-720-266-1,wapi1253,Wapishana,1610,mĩĩšiʔii-aˀba,Phonemic,prostitute,,,,
20-110-266-1,wapi1253,Wapishana,1423,miẓaatʰa-akʰa-n,Phonemic,fight (vb),,,,
20-130-266-1,wapi1253,Wapishana,579,ˀbaʔiaa-kʰarɨ,Phonemic,"war, battle",,,,
20-140-266-1,wapi1253,Wapishana,1338,mašaapʰa-kʰarɨ kʰaiman,Phonemic,peace,,,,
20-150-266-1,wapi1253,Wapishana,1561,[suldyaa]-nau,Phonemic,army,,From English 'soldier'.,,
20-170-266-1,wapi1253,Wapishana,1941,[suldyaa],Phonemic,soldier,,From English 'soldier'.,,
20-210-266-1,wapi1253,Wapishana,951,ˀbaʔiaa-kʰinai,Phonemic,"weapons, arms",,,,
20-220-266-1,wapi1253,Wapishana,1763,čʰipʰirari,Phonemic,club,,,,
20-230-266-1,wapi1253,Wapishana,387,wɨɨwɨɨapʰa-kʰariwai [širĩĩga],Phonemic,sling,,Latter word from English 'sling'.,,
20-240-266-1,wapi1253,Wapishana,994,sumara,Phonemic,bow,,,,
20-250-266-1,wapi1253,Wapishana,977,ˀbairii,Phonemic,arrow,,,,
20-260-266-1,wapi1253,Wapishana,945,čʰipʰirari,Phonemic,spear,,,,
20-270-266-1,wapi1253,Wapishana,1535,čʰipʰirari,Phonemic,sword,,,,
20-280-266-1,wapi1253,Wapishana,1566,mukʰau,Phonemic,"gun, cannon",,,,
20-310-266-1,wapi1253,Wapishana,1061,awaɨtʰ-ĩĩ-apʰa kʰinai,Phonemic,armor (defensive),,,,
20-410-266-1,wapi1253,Wapishana,783,ˀbaʔiẓia-n,Phonemic,victory,,,,
20-420-266-1,wapi1253,Wapishana,782,ˀbaʔiẓia-n,Phonemic,defeat,,,,
20-430-266-1,wapi1253,Wapishana,722,ẓuwia-akʰa-n,Phonemic,attack,,,,
20-440-266-1,wapi1253,Wapishana,1330,kʰaẓannaatʰa-n,Phonemic,defend,,,,
20-450-266-1,wapi1253,Wapishana,421,pʰadanatʰa-n,Phonemic,retreat,,,,
20-460-266-1,wapi1253,Wapishana,1696,kʰakʰĩĩpʰa-n,Phonemic,surrender,,,,
20-460-266-3,wapi1253,Wapishana,1696,kʰašaapʰĩĩa-n,Phonemic,surrender,,,,
20-470-266-1,wapi1253,Wapishana,1072,tʰaraĩĩpʰa-ʔu,Phonemic,"captive, prisoner",,,,
20-490-266-1,wapi1253,Wapishana,65,manandapʰa-n,Phonemic,ambush,,,,
20-510-266-1,wapi1253,Wapishana,1858,kʰupʰaɨtʰapʰ-aɨẓu,Phonemic,fisherman,,,,
20-520-266-1,wapi1253,Wapishana,1074,kʰuˀbauwɨ,Phonemic,fishhook,,,,
20-530-266-1,wapi1253,Wapishana,19,kʰuˀbauwɨ ẓɨnaa,Phonemic,fishing line,,,,
20-540-266-1,wapi1253,Wapishana,388,sairu,Phonemic,fishnet,,,,
20-550-266-1,wapi1253,Wapishana,389,darukʰu,Phonemic,fish trap,,,,
20-560-266-1,wapi1253,Wapishana,2013,maˀbai,Phonemic,bait,,,,
20-610-266-1,wapi1253,Wapishana,1435,tʰiwaapʰa-n,Phonemic,hunt,,,,
20-610-266-3,wapi1253,Wapishana,1435,waatʰapʰa-n,Phonemic,hunt,,,,
20-620-266-1,wapi1253,Wapishana,1172,ˀbaʔia-n,Phonemic,shoot,,,,
20-630-266-1,wapi1253,Wapishana,161,kʰašɨkʰaʔɨtʰa-n,Phonemic,miss (target),,,,
20-640-266-1,wapi1253,Wapishana,1075,kʰuẓii,Phonemic,trap (noun),,The latter is for birds.,,
20-640-266-3,wapi1253,Wapishana,1075,ˀbasakʰarɨ,Phonemic,trap (noun),,The latter is for birds.,,
20-650-266-1,wapi1253,Wapishana,1170,ẓaamatʰa-n,Phonemic,trap (vb),,Also kʰuẓiitʰa-n; ˀbasakʰaratʰa-n.,,
21-110-266-1,wapi1253,Wapishana,1062,kʰakʰinau-riˀbai,Phonemic,law,,,,
21-390-266-1,wapi1253,Wapishana,1281,tʰaraa-kʰiẓai,Phonemic,"prison, jail",,,,
21-420-266-1,wapi1253,Wapishana,845,ẓuwia-n,Phonemic,murder,,,,
21-430-266-1,wapi1253,Wapishana,902,maẓidai-nau kʰa-mĩĩšiʔitʰĩĩa-n,Phonemic,adultery,,,,
21-440-266-1,wapi1253,Wapishana,953,miẓaapʰa-n,Phonemic,rape,,,,
21-510-266-1,wapi1253,Wapishana,713,kʰuʔidapʰa-n,Phonemic,steal,,,,
21-520-266-1,wapi1253,Wapishana,1160,kʰuʔidimikʰi,Phonemic,thief,,,,
22-110-266-1,wapi1253,Wapishana,661,[-čʰuučʰi-n],Phonemic,religion,,From English 'church'.,,
22-120-266-1,wapi1253,Wapishana,1944,tʰumĩĩkʰarɨ,Phonemic,God,,,,
22-130-266-1,wapi1253,Wapishana,911,[čʰuučʰi],Phonemic,"temple, church",,From English 'church'.,,
22-160-266-1,wapi1253,Wapishana,257,[čʰuučʰi]pʰa-n,Phonemic,worship,,From English 'church'.,,
22-170-266-1,wapi1253,Wapishana,24,tʰurĩĩpʰa-n,Phonemic,pray,,,,
22-180-266-1,wapi1253,Wapishana,852,[faadaa],Phonemic,priest,,From English 'father'.,,
22-190-266-1,wapi1253,Wapishana,1702,kʰaimana-ʔu,Phonemic,"holy, sacred",,,,
22-220-266-1,wapi1253,Wapishana,304,kʰuwaadapʰa-n pʰarada-kʰarɨ,Phonemic,preach,,,,
22-230-266-1,wapi1253,Wapishana,391,[blesia]-n,Phonemic,bless,,From English 'bless'.,,
22-240-266-1,wapi1253,Wapishana,8,dakʰuwaɨtʰapʰa-n,Phonemic,curse,,,,
22-260-266-1,wapi1253,Wapishana,303,sanadĩĩpʰa-n,Phonemic,fast (vb),,,,
22-310-266-1,wapi1253,Wapishana,1565,aukʰaẓi,Phonemic,heaven,,,,
22-320-266-1,wapi1253,Wapishana,878,[limˀbu],Phonemic,hell,,From English 'limbo'.,,
22-350-266-1,wapi1253,Wapishana,1973,uia-ʔu durunai,Phonemic,demon (evil spirit),,"Also [siitʰan], from English 'Satan'.",,
22-420-266-1,wapi1253,Wapishana,392,marɨnau-wɨĩĩpʰa-n,Phonemic,"magic, witchcraft, sorcery",,,,
22-430-266-1,wapi1253,Wapishana,2137,marɨnau,Phonemic,"sorcerer, witch",,,,
22-470-266-1,wapi1253,Wapishana,107,iẓaʔidiipʰa-n,Phonemic,"omen, portent",,,,
