ID,Language_ID,Language_name,Parameter_ID,Value,Transcription,Concept,Source,Comment,AlternativeValue,AlternativeTranscription
14-320-816-1,viet1252,Vietnamese,1852,thu'o'̀ng,phonetic,often,,,,
14-320-816-2,viet1252,Vietnamese,1852,hay,phonetic,often,,,,
14-310-816-1,viet1252,Vietnamese,1676,lúc nào cũng,phonetic,always,,,,
14-310-816-2,viet1252,Vietnamese,1676,luôn luôn,phonetic,always,,,,
14-270-816-1,viet1252,Vietnamese,1766,xong,phonetic,finish,,,,
14-270-816-2,viet1252,Vietnamese,1766,hết,phonetic,finish,,,,
14-260-816-1,viet1252,Vietnamese,743,kết thúc,phonetic,end (temporal),,,,
14-260-816-2,viet1252,Vietnamese,743,hết,phonetic,end (temporal),,,,
14-252-816-1,viet1252,Vietnamese,1186,tiếp tục,phonetic,"last, endure",,,,
14-252-816-2,viet1252,Vietnamese,1186,kéo d̄ài,phonetic,"last, endure",,,,
14-210-816-1,viet1252,Vietnamese,1631,nhanh,phonetic,"swift, fast, quick",,,,
14-210-816-2,viet1252,Vietnamese,1631,mau,phonetic,"swift, fast, quick",,,,
14-190-816-1,viet1252,Vietnamese,1963,ngay,phonetic,immediately,,,,
14-190-816-2,viet1252,Vietnamese,1963,lập tú'c,phonetic,immediately,,,,
14-110-816-1,viet1252,Vietnamese,892,thò'i gian,phonetic,time,,,,
14-110-816-2,viet1252,Vietnamese,892,thì giò',phonetic,time,,,,
13-330-816-1,viet1252,Vietnamese,1580,một mình,phonetic,"alone, only",,,,
13-330-816-2,viet1252,Vietnamese,1580,d̄o'n d̄ộc,phonetic,"alone, only",,,,
13-330-816-3,viet1252,Vietnamese,1580,cô d̄o'n,phonetic,"alone, only",,,,
13-330-816-4,viet1252,Vietnamese,1580,chiʔ có một,phonetic,"alone, only",,,,
13-230-816-1,viet1252,Vietnamese,779,bộ phận,phonetic,"part, piece",,,,
13-220-816-1,viet1252,Vietnamese,1624,rỗng,phonetic,empty,,,,
13-190-816-1,viet1252,Vietnamese,2023,d̄ám d̄ông,phonetic,"multitude, crowd",,,,
13-181-816-1,viet1252,Vietnamese,1241,mấy,phonetic,some,,,,
13-181-816-2,viet1252,Vietnamese,1241,một ít,phonetic,some,,,,
13-181-816-3,viet1252,Vietnamese,1241,một tí,phonetic,some,,,,
13-181-816-4,viet1252,Vietnamese,1241,một số,phonetic,some,,,,
13-180-816-1,viet1252,Vietnamese,1881,duʔ,phonetic,enough,,,,
13-160-816-1,viet1252,Vietnamese,1992,ló'n ho'n,phonetic,more,,,,
13-160-816-2,viet1252,Vietnamese,1992,thêm,phonetic,more,,,,
12-740-816-1,viet1252,Vietnamese,297,oằn,phonetic,crooked,,,,
12-680-816-1,viet1252,Vietnamese,193,nông,phonetic,shallow,,,,
12-680-816-2,viet1252,Vietnamese,193,cạn,phonetic,shallow,,,,
12-670-816-1,viet1252,Vietnamese,1593,sâu,phonetic,deep,,,,
12-560-816-1,viet1252,Vietnamese,1246,nhoʔ,phonetic,"small, little",,,,
12-540-816-1,viet1252,Vietnamese,1506,d̄o,phonetic,measure,,,,
12-540-816-2,viet1252,Vietnamese,1506,d̄ong,phonetic,measure,,,,
12-530-816-1,viet1252,Vietnamese,479,mọc,phonetic,grow,,,,
12-530-816-2,viet1252,Vietnamese,479,ló'n lên,phonetic,grow,,,,
12-350-816-1,viet1252,Vietnamese,742,kết thúc,phonetic,end,,,,
12-340-816-1,viet1252,Vietnamese,690,phần du'ó',phonetic,bottom,,,,
12-340-816-2,viet1252,Vietnamese,690,d̄áy,phonetic,bottom,,,,
12-330-816-1,viet1252,Vietnamese,1753,phần trên,phonetic,top,,,,
12-330-816-2,viet1252,Vietnamese,1753,d̄ầu,phonetic,top,,,,
12-330-816-3,viet1252,Vietnamese,1753,ngọn,phonetic,top,,,,
12-260-816-1,viet1252,Vietnamese,761,d̄ắp,phonetic,cover,,,,
12-260-816-2,viet1252,Vietnamese,761,phuʔ,phonetic,cover,,,,
12-230-816-1,viet1252,Vietnamese,1359,tách ra,phonetic,separate,,,,
12-230-816-2,viet1252,Vietnamese,1359,chia ra,phonetic,separate,,,,
12-220-816-1,viet1252,Vietnamese,1743,nối,phonetic,"join, unite",,,,
12-220-816-2,viet1252,Vietnamese,1743,chắp,phonetic,"join, unite",,,,
12-220-816-3,viet1252,Vietnamese,1743,ghép,phonetic,"join, unite",,,,
12-212-816-1,viet1252,Vietnamese,371,hái quaʔ,phonetic,pick up,,,,
12-210-816-1,viet1252,Vietnamese,7,gom,phonetic,"collect, gather",,,,
12-210-816-2,viet1252,Vietnamese,7,thu thập,phonetic,"collect, gather",,,,
12-160-816-1,viet1252,Vietnamese,987,còn lại,phonetic,"remain, stay",,,,
11-910-816-1,viet1252,Vietnamese,884,phân phát,phonetic,share (distribute),,,,
11-910-816-2,viet1252,Vietnamese,884,chia,phonetic,share (distribute),,,,
11-780-816-1,viet1252,Vietnamese,1122,tiền công,phonetic,wages,,,,
11-780-816-2,viet1252,Vietnamese,1122,tiền lu'o'ng,phonetic,wages,,,,
11-620-816-1,viet1252,Vietnamese,1823,vay,phonetic,borrow,,,,
11-620-816-2,viet1252,Vietnamese,1823,mu'ọ'n,phonetic,borrow,,,,
11-540-816-1,viet1252,Vietnamese,1774,tham lam,phonetic,"avaricious, stingy",,,,
11-540-816-2,viet1252,Vietnamese,1774,keo kiệt,phonetic,"avaricious, stingy",,,,
11-280-816-1,viet1252,Vietnamese,44,làm hoʔng,phonetic,"harm, injure, damage",,,,
11-240-816-1,viet1252,Vietnamese,1997,giũ',phonetic,"preserve, look after",,,,
11-240-816-2,viet1252,Vietnamese,1997,trông nom,phonetic,"preserve, look after",,,,
11-210-816-1,viet1252,Vietnamese,1447,cho,phonetic,give,,,,
11-210-816-2,viet1252,Vietnamese,1447,d̄u'a,phonetic,give,,,,
11-180-816-1,viet1252,Vietnamese,738,dồ,phonetic,thing,,,,
11-160-816-1,viet1252,Vietnamese,694,d̄u'ọ'c,phonetic,"get, obtain",,,,
11-160-816-2,viet1252,Vietnamese,694,nhận,phonetic,"get, obtain",,,,
11-150-816-1,viet1252,Vietnamese,1448,cầm,phonetic,hold,,,,
11-150-816-2,viet1252,Vietnamese,1448,nắm,phonetic,hold,,,,
11-150-816-3,viet1252,Vietnamese,1448,giũ',phonetic,hold,,,,
11-140-816-1,viet1252,Vietnamese,2021,vồ,phonetic,"seize, grasp",,,,
11-140-816-2,viet1252,Vietnamese,2021,bắt,phonetic,"seize, grasp",,,,
10-920-816-1,viet1252,Vietnamese,1922,dậu,phonetic,land (vb),,,,
10-670-816-1,viet1252,Vietnamese,1452,xô,phonetic,"push, shove",,,,
10-610-816-1,viet1252,Vietnamese,700,mang,phonetic,carry (bear),,,,
10-610-816-2,viet1252,Vietnamese,700,d̄em,phonetic,carry (bear),,,,
10-550-816-1,viet1252,Vietnamese,1387,d̄ến,phonetic,"reach, arrive",,,,
10-550-816-2,viet1252,Vietnamese,1387,to'́i,phonetic,"reach, arrive",,,,
10-490-816-1,viet1252,Vietnamese,1752,d̄i khoʔi,phonetic,"go away, depart",,,,
10-490-816-2,viet1252,Vietnamese,1752,ra d̄i,phonetic,"go away, depart",,,,
10-481-816-1,viet1252,Vietnamese,581,về,phonetic,come back,,,,
10-481-816-2,viet1252,Vietnamese,581,quay về,phonetic,come back,,,,
10-472-816-1,viet1252,Vietnamese,1102,trèo,phonetic,climb,,,,
10-472-816-2,viet1252,Vietnamese,1102,leo,phonetic,climb,,,,
10-451-816-1,viet1252,Vietnamese,366,di khập khiễng,phonetic,limp,,,,
10-450-816-1,viet1252,Vietnamese,1443,d̄i dạo,phonetic,walk,,,,
10-450-816-2,viet1252,Vietnamese,1443,dạo,phonetic,walk,,,,
10-413-816-1,viet1252,Vietnamese,296,cúi xuống,phonetic,crouch,,,,
10-413-816-2,viet1252,Vietnamese,296,d̄ú'ng co ro,phonetic,crouch,,,,
10-410-816-1,viet1252,Vietnamese,96,bò,phonetic,"creep, crawl",,,,
10-410-816-2,viet1252,Vietnamese,96,tru'ò'n,phonetic,"creep, crawl",,,,
10-260-816-1,viet1252,Vietnamese,1909,lắc,phonetic,shake,,,,
10-260-816-2,viet1252,Vietnamese,1909,rung,phonetic,shake,,,,
10-252-816-1,viet1252,Vietnamese,702,bắt,phonetic,catch (ball),,,,
10-252-816-2,viet1252,Vietnamese,702,hú'ng,phonetic,catch (ball),,,,
10-230-816-1,viet1252,Vietnamese,1280,ro'i,phonetic,fall,,,,
10-230-816-2,viet1252,Vietnamese,1280,ngã,phonetic,fall,,,,
10-220-816-1,viet1252,Vietnamese,501,nâng,phonetic,"raise, lift",,,,
10-220-816-2,viet1252,Vietnamese,501,d̄u'a lên,phonetic,"raise, lift",,,,
10-210-816-1,viet1252,Vietnamese,568,lên,phonetic,rise,,,,
10-210-816-2,viet1252,Vietnamese,568,bốc lên,phonetic,rise,,,,
10-210-816-3,viet1252,Vietnamese,568,mọc,phonetic,rise,,,,
10-210-816-4,viet1252,Vietnamese,568,dậy,phonetic,rise,,,,
10-210-816-5,viet1252,Vietnamese,568,d̄u'́ng lên,phonetic,rise,,,,
10-170-816-1,viet1252,Vietnamese,430,xoắn,phonetic,twist,,,,
10-170-816-2,viet1252,Vietnamese,430,vặn,phonetic,twist,,,,
10-170-816-3,viet1252,Vietnamese,430,bện,phonetic,twist,,,,
10-170-816-4,viet1252,Vietnamese,430,xe,phonetic,twist,,,,
10-160-816-1,viet1252,Vietnamese,808,ro'i,phonetic,drop (vb),,,,
10-160-816-2,viet1252,Vietnamese,808,nhoʔ giọt,phonetic,drop (vb),,,,
10-140-816-1,viet1252,Vietnamese,1113,gói,phonetic,"wind, wrap",,,,
10-140-816-2,viet1252,Vietnamese,1113,quấn,phonetic,"wind, wrap",,,,
10-140-816-3,viet1252,Vietnamese,1113,bọc,phonetic,"wind, wrap",,,,
10-120-816-1,viet1252,Vietnamese,1588,lật sấp,phonetic,turn over,,,,
10-120-816-2,viet1252,Vietnamese,1588,lật nhào,phonetic,turn over,,,,
10-110-816-1,viet1252,Vietnamese,765,d̄i chuyêʔn,phonetic,move,,,,
10-110-816-2,viet1252,Vietnamese,765,cu'ʔ d̄ộng,phonetic,move,,,,
9-890-816-1,viet1252,Vietnamese,2001,vẽ,phonetic,paint (vb),,,,
9-890-816-2,viet1252,Vietnamese,2001,so'n,phonetic,paint (vb),,,,
9-760-816-1,viet1252,Vietnamese,1539,thúng,phonetic,basket,,,,
9-760-816-2,viet1252,Vietnamese,1539,rôʔ,phonetic,basket,,,,
9-760-816-3,viet1252,Vietnamese,1539,gioʔ,phonetic,basket,,,,
9-760-816-4,viet1252,Vietnamese,1539,gùi,phonetic,basket,,,,
9-760-816-5,viet1252,Vietnamese,1539,nia,phonetic,basket,,,,
9-740-816-1,viet1252,Vietnamese,604,kính,phonetic,glass,,,,
9-740-816-2,viet1252,Vietnamese,604,thuʔy tinh,phonetic,glass,,,,
9-630-816-1,viet1252,Vietnamese,211,d̄ôʔ khuôn,phonetic,cast (metals),,,,
9-560-816-1,viet1252,Vietnamese,1069,keo,phonetic,glue,,,,
9-560-816-2,viet1252,Vietnamese,1069,hồ,phonetic,glue,,,,
9-461-816-1,viet1252,Vietnamese,46,d̄ục,phonetic,hollow out,,,,
9-461-816-2,viet1252,Vietnamese,46,d̄ục lỗ,phonetic,hollow out,,,,
9-461-816-3,viet1252,Vietnamese,46,d̄ục khoét,phonetic,hollow out,,,,
9-360-816-1,viet1252,Vietnamese,1453,ru'ʔa,phonetic,wash,,,,
9-360-816-2,viet1252,Vietnamese,1453,ru'ʔa bát,phonetic,wash,,,,
9-350-816-1,viet1252,Vietnamese,1487,d̄ôʔ,phonetic,pour,,,,
9-350-816-2,viet1252,Vietnamese,1487,rót,phonetic,pour,,,,
9-342-816-1,viet1252,Vietnamese,1913,ấn,phonetic,press,,,,
9-342-816-2,viet1252,Vietnamese,1913,kẹp,phonetic,press,,,,
9-342-816-3,viet1252,Vietnamese,1913,d̄è,phonetic,press,,,,
9-340-816-1,viet1252,Vietnamese,38,d̄ang ra,phonetic,spread out,,,,
9-330-816-1,viet1252,Vietnamese,1455,kéo,phonetic,pull,,,,
9-330-816-2,viet1252,Vietnamese,1455,lôi,phonetic,pull,,,,
9-320-816-1,viet1252,Vietnamese,214,kéo dài,phonetic,stretch,,,,
9-320-816-2,viet1252,Vietnamese,214,căng,phonetic,stretch,,,,
9-320-816-3,viet1252,Vietnamese,214,nong,phonetic,stretch,,,,
9-310-816-1,viet1252,Vietnamese,1449,cọ,phonetic,"rub, wipe",,,,
9-310-816-2,viet1252,Vietnamese,1449,vò,phonetic,"rub, wipe",,,,
9-310-816-3,viet1252,Vietnamese,1449,xoa,phonetic,"rub, wipe",,,,
9-310-816-4,viet1252,Vietnamese,1449,chùi,phonetic,"rub, wipe",,,,
9-290-816-1,viet1252,Vietnamese,291,bóc,phonetic,"flay, skin",,,,
9-290-816-2,viet1252,Vietnamese,291,gọt,phonetic,"flay, skin",,,,
9-280-816-1,viet1252,Vietnamese,1735,xé,phonetic,tear,,,,
9-280-816-2,viet1252,Vietnamese,1735,rách,phonetic,tear,,,,
9-270-816-1,viet1252,Vietnamese,1437,cheʔ,phonetic,split,,,,
9-270-816-2,viet1252,Vietnamese,1437,bôʔ,phonetic,split,,,,
9-260-816-1,viet1252,Vietnamese,680,beʔ,phonetic,break,,,,
9-260-816-2,viet1252,Vietnamese,680,gẫy,phonetic,break,,,,
9-260-816-3,viet1252,Vietnamese,680,võ',phonetic,break,,,,
9-260-816-4,viet1252,Vietnamese,680,rách,phonetic,break,,,,
9-260-816-5,viet1252,Vietnamese,680,d̄u'́t,phonetic,break,,,,
9-222-816-1,viet1252,Vietnamese,155,bôʔ,phonetic,"chop, hew",,,,
9-222-816-2,viet1252,Vietnamese,155,chặt,phonetic,"chop, hew",,,,
9-222-816-3,viet1252,Vietnamese,155,băm,phonetic,"chop, hew",,,,
9-222-816-4,viet1252,Vietnamese,155,cheʔ,phonetic,"chop, hew",,,,
9-222-816-5,viet1252,Vietnamese,155,chém,phonetic,"chop, hew",,,,
9-222-816-6,viet1252,Vietnamese,155,phát,phonetic,"chop, hew",,,,
9-222-816-7,viet1252,Vietnamese,155,xắt,phonetic,"chop, hew",,,,
9-180-816-1,viet1252,Vietnamese,1627,cái xích,phonetic,chain,,,,
9-180-816-2,viet1252,Vietnamese,1627,xích,phonetic,chain,,,,
9-160-816-1,viet1252,Vietnamese,1917,trói,phonetic,"tie, bind",,,,
9-150-816-1,viet1252,Vietnamese,1470,gập,phonetic,fold,,,,
9-150-816-3,viet1252,Vietnamese,1470,gấp,phonetic,fold,,,,
8-940-816-1,viet1252,Vietnamese,1927,giang,phonetic,bamboo,,,,
8-940-816-2,viet1252,Vietnamese,1927,trúc,phonetic,bamboo,,,,
8-940-816-3,viet1252,Vietnamese,1927,vầu,phonetic,bamboo,,,,
8-940-816-4,viet1252,Vietnamese,1927,nu'́a,phonetic,bamboo,,,,
8-912-816-1,viet1252,Vietnamese,410,cuʔ nâu,phonetic,yam,,,,
8-912-816-2,viet1252,Vietnamese,410,cuʔ mài,phonetic,yam,,,,
8-691-816-1,viet1252,Vietnamese,1124,ồng d̄iếu,phonetic,pipe,,,,
8-420-816-1,viet1252,Vietnamese,605,hạt,phonetic,"grain (barley, oats etc)",,,,
8-340-816-1,viet1252,Vietnamese,285,tuốt,phonetic,thresh,,,,
8-330-816-1,viet1252,Vietnamese,2132,liềm,phonetic,"sickle, scythe",,,,
8-170-816-1,viet1252,Vietnamese,2002,hào,phonetic,ditch,,,,
8-170-816-2,viet1252,Vietnamese,2002,mu'o'ng,phonetic,ditch,,,,
8-170-816-3,viet1252,Vietnamese,2002,rãnh,phonetic,ditch,,,,
8-150-816-1,viet1252,Vietnamese,1541,cày cấy,phonetic,"cultivate, till",,,,
8-150-816-2,viet1252,Vietnamese,1541,trồng trọt,phonetic,"cultivate, till",,,,
7-560-816-1,viet1252,Vietnamese,281,sào,phonetic,"post, pole",,,,
7-560-816-2,viet1252,Vietnamese,281,cọc,phonetic,"post, pole",,,,
7-560-816-3,viet1252,Vietnamese,281,cột,phonetic,"post, pole",,,,
7-560-816-4,viet1252,Vietnamese,281,trụ,phonetic,"post, pole",,,,
7-510-816-1,viet1252,Vietnamese,769,mái,phonetic,roof,,,,
7-270-816-1,viet1252,Vietnamese,933,tu'o'̀ng,phonetic,wall,,,,
7-270-816-2,viet1252,Vietnamese,933,vách,phonetic,wall,,,,
7-231-816-1,viet1252,Vietnamese,1012,cho'́t cu'ʔa,phonetic,"latch, door-bolt",,,,
7-231-816-2,viet1252,Vietnamese,1012,then cu'ʔa,phonetic,"latch, door-bolt",,,,
7-210-816-1,viet1252,Vietnamese,1450,gian,phonetic,room,,,,
7-220-816-1,viet1252,Vietnamese,1567,côʔng,phonetic,"door, gate",,,,
7-130-816-1,viet1252,Vietnamese,1678,nhà sàn,phonetic,hut,,,,
7-130-816-2,viet1252,Vietnamese,1678,chòi,phonetic,hut,,,,
7-110-816-1,viet1252,Vietnamese,363,sống,phonetic,"dwell, live",,,,
7-110-816-2,viet1252,Vietnamese,363,o'ʔ,phonetic,"dwell, live",,,,
6-921-816-1,viet1252,Vietnamese,333,tết,phonetic,braid,,,,
6-921-816-2,viet1252,Vietnamese,333,bện,phonetic,braid,,,,
6-710-816-1,viet1252,Vietnamese,917,trang trí,phonetic,"ornament, adornment",,,,
6-710-816-2,viet1252,Vietnamese,917,d̄ồ trang sú'c,phonetic,"ornament, adornment",,,,
6-330-816-1,viet1252,Vietnamese,133,dệt,phonetic,weave,,,,
6-330-816-2,viet1252,Vietnamese,133,d̄an,phonetic,weave,,,,
6-320-816-1,viet1252,Vietnamese,277,thoi,phonetic,spindle,,,,
6-250-816-1,viet1252,Vietnamese,1641,to',phonetic,silk,,,,
6-250-816-2,viet1252,Vietnamese,1641,lụa,phonetic,silk,,,,
5-770-816-1,viet1252,Vietnamese,191,hột,phonetic,nut,,,,
5-770-816-2,viet1252,Vietnamese,191,trái cây,phonetic,nut,,,,
5-560-816-1,viet1252,Vietnamese,1033,xay,phonetic,"crush, grind",,,,
5-560-816-2,viet1252,Vietnamese,1033,nghiền,phonetic,"crush, grind",,,,
5-560-816-3,viet1252,Vietnamese,1033,tán,phonetic,"crush, grind",,,,
5-560-816-4,viet1252,Vietnamese,1033,giã nát,phonetic,"crush, grind",,,,
5-490-816-1,viet1252,Vietnamese,2017,trộn lẫn,phonetic,"stir, mix",,,,
5-490-816-2,viet1252,Vietnamese,2017,pha trộn,phonetic,"stir, mix",,,,
5-470-816-1,viet1252,Vietnamese,86,giần,phonetic,"sieve, strain",,,,
5-470-816-2,viet1252,Vietnamese,86,sàng,phonetic,"sieve, strain",,,,
5-470-816-3,viet1252,Vietnamese,86,rây,phonetic,"sieve, strain",,,,
5-460-816-1,viet1252,Vietnamese,275,lột,phonetic,peel,,,,
5-460-816-2,viet1252,Vietnamese,275,bóc,phonetic,peel,,,,
5-360-816-1,viet1252,Vietnamese,271,d̄iã lót chén,phonetic,saucer,,,,
5-340-816-1,viet1252,Vietnamese,270,vò,phonetic,"pitcher, jug",,,,
5-340-816-2,viet1252,Vietnamese,270,chum,phonetic,"pitcher, jug",,,,
5-320-816-1,viet1252,Vietnamese,480,diã,phonetic,plate,,,,
5-240-816-1,viet1252,Vietnamese,183,nu'ó'ng,phonetic,bake,,,,
5-230-816-1,viet1252,Vietnamese,2146,quay,phonetic,"roast, fry",,,,
5-230-816-2,viet1252,Vietnamese,2146,chiên,phonetic,"roast, fry",,,,
5-230-816-3,viet1252,Vietnamese,2146,nu'ó'ng,phonetic,"roast, fry",,,,
5-230-816-4,viet1252,Vietnamese,2146,rán,phonetic,"roast, fry",,,,
5-125-816-1,viet1252,Vietnamese,1728,thối,phonetic,rotten,,,,
5-125-816-2,viet1252,Vietnamese,1728,u'o'n,phonetic,rotten,,,,
5-125-816-3,viet1252,Vietnamese,1728,thìu,phonetic,rotten,,,,
5-125-816-4,viet1252,Vietnamese,1728,ôi,phonetic,rotten,,,,
5-122-816-1,viet1252,Vietnamese,1959,chu'a chín,phonetic,raw,,,,
5-121-816-1,viet1252,Vietnamese,269,luộc chín,phonetic,cooked,,,,
4-990-816-1,viet1252,Vietnamese,590,truồng,phonetic,"naked, bare",,,,
4-940-816-1,viet1252,Vietnamese,320,khập khiễng,phonetic,lame,,,,
4-912-816-1,viet1252,Vietnamese,168,tĩnh d̄u'o'̀ng,phonetic,rest,,,,
4-910-816-1,viet1252,Vietnamese,1757,mệt,phonetic,"tired, weary",,,,
4-910-816-2,viet1252,Vietnamese,1757,moʔi,phonetic,"tired, weary",,,,
4-880-816-1,viet1252,Vietnamese,1372,thuốc,phonetic,"medicine, drug",,,,
4-880-816-2,viet1252,Vietnamese,1372,du'o'̣c phâʔm,phonetic,"medicine, drug",,,,
4-870-816-1,viet1252,Vietnamese,597,thầy thuốc,phonetic,physician,,,,
4-860-816-1,viet1252,Vietnamese,499,trị bệnh,phonetic,"cure, heal",,,,
4-854-816-1,viet1252,Vietnamese,148,ngu'́a,phonetic,itch,,,,
4-853-816-1,viet1252,Vietnamese,1903,u,phonetic,swelling,,,,
4-790-816-1,viet1252,Vietnamese,1773,mộ,phonetic,"grave, tomb",,,,
4-790-816-2,viet1252,Vietnamese,1773,maʔ,phonetic,"grave, tomb",,,,
4-780-816-1,viet1252,Vietnamese,1719,chôn,phonetic,bury (the dead),,,,
4-780-816-2,viet1252,Vietnamese,1719,mai táng,phonetic,bury (the dead),,,,
4-751-816-1,viet1252,Vietnamese,1904,chết d̄uối,phonetic,drowned,,,,
4-751-816-2,viet1252,Vietnamese,1904,chết chìm,phonetic,drowned,,,,
4-750-816-1,viet1252,Vietnamese,1494,mất,phonetic,"die, dead",,,,
4-750-816-2,viet1252,Vietnamese,1494,khuât,phonetic,"die, dead",,,,
4-732-816-1,viet1252,Vietnamese,1087,chu'ʔa,phonetic,conceive,,,,
4-730-816-1,viet1252,Vietnamese,1123,có thai,phonetic,pregnant,,,,
4-730-816-2,viet1252,Vietnamese,1123,có mang,phonetic,pregnant,,,,
4-680-816-1,viet1252,Vietnamese,52,run,phonetic,shiver,,,,
4-680-816-2,viet1252,Vietnamese,52,rung,phonetic,shiver,,,,
4-660-816-1,viet1252,Vietnamese,676,d̄ại tiện,phonetic,defecate,,,,
4-620-816-1,viet1252,Vietnamese,1920,chiêm bao,phonetic,dream,,,,
4-620-816-2,viet1252,Vietnamese,1920,mo' thấy,phonetic,dream,,,,
4-620-816-3,viet1252,Vietnamese,1920,nằm thấy,phonetic,dream,,,,
4-560-816-1,viet1252,Vietnamese,1440,nu'o'́t bọt,phonetic,spit,,,,
4-560-816-2,viet1252,Vietnamese,1440,nu'o'́c rãi,phonetic,spit,,,,
4-560-816-3,viet1252,Vietnamese,1440,nu'o'́c miếng,phonetic,spit,,,,
4-463-816-1,viet1252,Vietnamese,1745,hông,phonetic,hip,,,,
4-463-816-2,viet1252,Vietnamese,1745,háng,phonetic,hip,,,,
4-461-816-1,viet1252,Vietnamese,1991,ruột,phonetic,"intestines, guts",,,,
4-410-816-1,viet1252,Vietnamese,1402,vú,phonetic,breast (of woman),,,,
4-392-816-1,viet1252,Vietnamese,1257,cánh,phonetic,wing,,,,
4-374-816-1,viet1252,Vietnamese,318,vết bàn chân,phonetic,footprint,,,,
4-312-816-1,viet1252,Vietnamese,1886,nách,phonetic,armpit,,,,
4-270-816-1,viet1252,Vietnamese,1380,răng,phonetic,tooth,,,,
4-270-816-2,viet1252,Vietnamese,1380,răng nanh,phonetic,tooth,,,,
4-241-816-1,viet1252,Vietnamese,73,moʔ,phonetic,beak,,,,
4-221-816-1,viet1252,Vietnamese,18,la.24 sa:j.33,phonetic,earlobe,,,,
4-220-816-1,viet1252,Vietnamese,1247,tai,phonetic,ear,,,,
4-215-816-1,viet1252,Vietnamese,1655,chó'p,phonetic,blink,,,,
4-208-816-1,viet1252,Vietnamese,1730,má,phonetic,cheek,,,,
4-209-816-1,viet1252,Vietnamese,1510,cằm,phonetic,chin,,,,
4-205-816-1,viet1252,Vietnamese,123,trán,phonetic,forehead,,,,
4-207-816-1,viet1252,Vietnamese,798,hàm,phonetic,jaw,,,,
4-204-816-1,viet1252,Vietnamese,1560,mặt,phonetic,face,,,,
4-203-816-1,viet1252,Vietnamese,1583,óc,phonetic,brain,,,,
4-203-816-2,viet1252,Vietnamese,1583,não,phonetic,brain,,,,
4-201-816-1,viet1252,Vietnamese,1604,thái du'o'ng,phonetic,"side of head, temple",,,,
4-202-816-1,viet1252,Vietnamese,1605,sọ,phonetic,skull,,,,
4-200-816-1,viet1252,Vietnamese,1256,d̄à̂u,phonetic,head,,,,
4-191-816-1,viet1252,Vietnamese,805,xu'o'ng só̂ng,phonetic,spine,,,,
4-190-816-1,viet1252,Vietnamese,1291,lu'ng,phonetic,back,,,,
4-180-816-1,viet1252,Vietnamese,1220,d̄uôi,phonetic,tail,,,,
4-170-816-1,viet1252,Vietnamese,1393,sù'ng,phonetic,horn,,,,
4-162-816-1,viet1252,Vietnamese,801,xu'o'ng su'ò'n,phonetic,rib,,,,
4-160-816-1,viet1252,Vietnamese,1394,xu'o'ng,phonetic,bone,,,,
4-151-816-1,viet1252,Vietnamese,525,mạch,phonetic,"vein, artery",,,,
4-150-816-1,viet1252,Vietnamese,946,máu,phonetic,blood,,,,
4-146-816-1,viet1252,Vietnamese,576,gầu,phonetic,dandruff,,,,
4-145-816-1,viet1252,Vietnamese,36,lông lồn,phonetic,pubic hair,,,,
4-144-816-1,viet1252,Vietnamese,189,lông,phonetic,body hair,,,,
4-142-816-1,viet1252,Vietnamese,678,râu,phonetic,beard,,,,
4-140-816-1,viet1252,Vietnamese,1040,tóc,phonetic,hair (head),,,,
4-130-816-1,viet1252,Vietnamese,2259,thịt,phonetic,flesh,,,,
4-120-816-1,viet1252,Vietnamese,763,da,phonetic,"skin, hide",,,,
4-110-816-1,viet1252,Vietnamese,1480,thân thêʔ,phonetic,body,,,,
3-980-816-1,viet1252,Vietnamese,112,rùa,phonetic,turtle,,,,
3-980-816-2,viet1252,Vietnamese,112,ba ba,phonetic,turtle,,,,
3-970-816-1,viet1252,Vietnamese,1857,cá sấu,phonetic,"crocodile, alligator",,,,
3-960-816-1,viet1252,Vietnamese,632,thằn lằn,phonetic,lizard,,,,
3-950-816-1,viet1252,Vietnamese,503,é̂ch,phonetic,frog,,,,
3-950-816-2,viet1252,Vietnamese,503,nhái,phonetic,frog,,,,
3-950-816-3,viet1252,Vietnamese,503,cóc,phonetic,frog,,,,
3-940-816-1,viet1252,Vietnamese,1543,óʌc,phonetic,snail,,,,
3-930-816-1,viet1252,Vietnamese,607,cào cào,phonetic,grasshopper,,,,
3-930-816-2,viet1252,Vietnamese,607,châu chấu,phonetic,grasshopper,,,,
3-920-816-1,viet1252,Vietnamese,1791,bu'ó'm,phonetic,butterfly,,,,
3-910-816-1,viet1252,Vietnamese,206,d̄om d̄óm,phonetic,firefly,,,,
3-850-816-1,viet1252,Vietnamese,730,rắn,phonetic,snake,,,,
3-840-816-1,viet1252,Vietnamese,1219,giun,phonetic,worm,,,,
3-832-816-1,viet1252,Vietnamese,1509,muỗi,phonetic,mosquito,,,,
3-831-816-1,viet1252,Vietnamese,95,dĩn,phonetic,"sandfly (midge), gnat",,,,
3-830-816-1,viet1252,Vietnamese,1504,ruò̂i,phonetic,fly,,,,
3-830-816-2,viet1252,Vietnamese,1504,mòng,phonetic,fly,,,,
3-830-816-3,viet1252,Vietnamese,1504,ruồi trâu,phonetic,fly,,,,
3-823-816-1,viet1252,Vietnamese,1517,ong vẽ,phonetic,wasp,,,,
3-823-816-2,viet1252,Vietnamese,1517,ong bắp cày,phonetic,wasp,,,,
3-822-816-1,viet1252,Vietnamese,88,tôʔ ong,phonetic,beehive,,,,
3-821-816-1,viet1252,Vietnamese,1931,sáp,phonetic,beeswax,,,,
3-820-816-1,viet1252,Vietnamese,665,ong,phonetic,bee,,,,
3-819-816-1,viet1252,Vietnamese,1065,mạng nhện,phonetic,spider web,,,,
3-818-816-1,viet1252,Vietnamese,843,nhện,phonetic,spider,,,,
3-817-816-1,viet1252,Vietnamese,587,kiến,phonetic,ant,,,,
3-817-816-2,viet1252,Vietnamese,587,kiến lu'ʔa,phonetic,ant,,,,
3-816-816-1,viet1252,Vietnamese,1575,gián,phonetic,cockroach,,,,
3-815-816-1,viet1252,Vietnamese,1538,bọ cạp,phonetic,scorpion,,,,
3-814-816-1,viet1252,Vietnamese,1974,rết,phonetic,centipede,,,,
3-813-816-1,viet1252,Vietnamese,232,bọ chép,phonetic,flea,,,,
3-812-816-1,viet1252,Vietnamese,267,trú'ng chấy,phonetic,nit (louse egg),,,,
3-811-816-1,viet1252,Vietnamese,1392,chấy,phonetic,louse,,,,
3-811-816-2,viet1252,Vietnamese,1392,rận,phonetic,louse,,,,
3-810-816-1,viet1252,Vietnamese,620,sâu,phonetic,insect,,,,
3-780-816-1,viet1252,Vietnamese,1871,lạc d̄à,phonetic,camel,,,,
3-770-816-1,viet1252,Vietnamese,1290,voi,phonetic,elephant,,,,
3-760-816-1,viet1252,Vietnamese,1350,khiʔ,phonetic,monkey,,,,
3-760-816-2,viet1252,Vietnamese,1350,vu'ọ'n,phonetic,monkey,,,,
3-760-816-3,viet1252,Vietnamese,1350,d̄u'ò'i u'o'i,phonetic,monkey,,,,
3-750-816-1,viet1252,Vietnamese,1936,hu'o'u,phonetic,deer,,,,
3-750-816-2,viet1252,Vietnamese,1936,nai,phonetic,deer,,,,
3-740-816-1,viet1252,Vietnamese,1312,cáo,phonetic,fox,,,,
3-740-816-2,viet1252,Vietnamese,1312,chồn,phonetic,fox,,,,
3-730-816-1,viet1252,Vietnamese,1820,gấu,phonetic,bear,,,,
3-720-816-1,viet1252,Vietnamese,1386,su' tu'ʔ,phonetic,lion,,,,
3-710-816-1,viet1252,Vietnamese,522,sói,phonetic,wolf,,,,
3-665-816-1,viet1252,Vietnamese,1013,lu'o'n,phonetic,freshwater eel,,,,
3-665-816-2,viet1252,Vietnamese,1013,cá chình,phonetic,freshwater eel,,,,
3-664-816-1,viet1252,Vietnamese,1910,cá ḍuó̂i,phonetic,stingray,,,,
3-663-816-1,viet1252,Vietnamese,957,cá voi,phonetic,whale,,,,
3-662-816-1,viet1252,Vietnamese,1479,cá heo,phonetic,"porpoise, dolphin",,,,
3-661-816-1,viet1252,Vietnamese,1110,cá mập,phonetic,shark,,,,
3-655-816-1,viet1252,Vietnamese,598,voʔ,phonetic,shell,,,,
3-655-816-2,viet1252,Vietnamese,598,mai (rùa),phonetic,shell,,,,
3-654-816-1,viet1252,Vietnamese,1916,mang (cá),phonetic,gill,,,,
3-653-816-1,viet1252,Vietnamese,266,vaʔy,phonetic,fishscale,,,,
3-652-816-1,viet1252,Vietnamese,213,vây,phonetic,fin (dorsal),,,,
3-650-816-1,viet1252,Vietnamese,227,cá,phonetic,fish,,,,
3-630-816-1,viet1252,Vietnamese,2139,chuột,phonetic,"mouse, rat",,,,
3-622-816-1,viet1252,Vietnamese,309,chuọʌt túi,phonetic,opossum,,,,
3-620-816-1,viet1252,Vietnamese,1208,mèo,phonetic,cat,,,,
3-614-816-1,viet1252,Vietnamese,1136,thoʔ,phonetic,rabbit,,,,
3-610-816-1,viet1252,Vietnamese,2009,chó,phonetic,dog,,,,
3-594-816-1,viet1252,Vietnamese,1853,bồ câu,phonetic,dove,,,,
3-596-816-1,viet1252,Vietnamese,735,cú,phonetic,owl,,,,
3-593-816-1,viet1252,Vietnamese,913,quạ,phonetic,crow,,,,
3-592-816-1,viet1252,Vietnamese,882,vẹt,phonetic,parrot,,,,
3-591-816-1,viet1252,Vietnamese,1793,do'i,phonetic,bat,,,,
3-586-816-1,viet1252,Vietnamese,1185,kền kền,phonetic,vulture,,,,
3-585-816-1,viet1252,Vietnamese,307,diều hâu,phonetic,hawk,,,,
3-584-816-1,viet1252,Vietnamese,1905,d̄ại bàng,phonetic,eagle,,,,
3-582-816-1,viet1252,Vietnamese,950,haʔi âu,phonetic,seagull,,,,
3-583-816-1,viet1252,Vietnamese,758,cò,phonetic,heron,,,,
3-581-816-1,viet1252,Vietnamese,937,chim,phonetic,bird,,,,
3-580-816-1,viet1252,Vietnamese,539,tôʔ,phonetic,nest,,,,
3-580-816-2,viet1252,Vietnamese,539,ôʔ,phonetic,nest,,,,
3-570-816-1,viet1252,Vietnamese,1360,vịt,phonetic,duck,,,,
3-560-816-1,viet1252,Vietnamese,1187,ngỗng,phonetic,goose,,,,
3-550-816-1,viet1252,Vietnamese,1318,gà con,phonetic,chicken,,,,
3-540-816-1,viet1252,Vietnamese,1514,gà mái,phonetic,hen,,,,
3-520-816-1,viet1252,Vietnamese,1511,gà trống,phonetic,"cock, rooster",,,,
3-470-816-1,viet1252,Vietnamese,890,la,phonetic,mule,,,,
3-500-816-1,viet1252,Vietnamese,265,gia cầm,phonetic,fowl,,,,
3-460-816-1,viet1252,Vietnamese,1862,lù'a,phonetic,"ass, donkey",,,,
3-450-816-1,viet1252,Vietnamese,1647,ngụ'a con,phonetic,"foal, colt",,,,
3-440-816-1,viet1252,Vietnamese,938,ngụ'a cái,phonetic,mare,,,,
3-420-816-1,viet1252,Vietnamese,936,ngụ'a d̄ụ'c,phonetic,stallion,,,,
3-410-816-1,viet1252,Vietnamese,615,ngụ'a,phonetic,horse (equine),,,,
3-380-816-1,viet1252,Vietnamese,1972,dê con,phonetic,kid,,,,
3-370-816-1,viet1252,Vietnamese,264,dê d̄ụ'c,phonetic,he-goat,,,,
3-360-816-1,viet1252,Vietnamese,1502,dê,phonetic,goat,,,,
3-350-816-1,viet1252,Vietnamese,1337,lọ'n con,phonetic,pig,,,,
3-340-816-1,viet1252,Vietnamese,1351,lọ'n cái,phonetic,sow (2),,,,
3-320-816-1,viet1252,Vietnamese,1348,lọ'n d̄ụ'c,phonetic,boar,,,,
3-320-816-2,viet1252,Vietnamese,1348,lọ'n rù'ng,phonetic,boar,,,,
3-290-816-1,viet1252,Vietnamese,820,cù'u con,phonetic,lamb,,,,
3-280-816-1,viet1252,Vietnamese,1345,cù'u cái,phonetic,ewe,,,,
3-260-816-1,viet1252,Vietnamese,1344,cù'u d̄ụ'c,phonetic,ram,,,,
3-250-816-1,viet1252,Vietnamese,1331,cù'u,phonetic,sheep,,,,
3-240-816-1,viet1252,Vietnamese,1989,bê,phonetic,calf,,,,
3-230-816-1,viet1252,Vietnamese,1007,bò cái,phonetic,cow,,,,
3-220-816-1,viet1252,Vietnamese,1169,bò d̄ụ'c,phonetic,ox,,,,
3-210-816-1,viet1252,Vietnamese,1008,trâu d̄ụ'c,phonetic,bull,,,,
3-210-816-2,viet1252,Vietnamese,1008,bò d̄ụ'c,phonetic,bull,,,,
3-200-816-1,viet1252,Vietnamese,1153,trâu bò,phonetic,cattle (bovine),,,,
3-190-816-1,viet1252,Vietnamese,851,chuò̂ng,phonetic,"stable, stall",,,,
3-180-816-1,viet1252,Vietnamese,263,ngu'ò'i chăn,phonetic,herdsman,,,,
3-160-816-1,viet1252,Vietnamese,649,cánh d̄ồng coʔ,phonetic,pasture,,,,
3-160-816-2,viet1252,Vietnamese,649,bãi coʔ,phonetic,pasture,,,,
3-150-816-1,viet1252,Vietnamese,631,gia súc,phonetic,livestock,,,,
3-130-816-1,viet1252,Vietnamese,2262,cái,phonetic,female (adj),,,,
3-130-816-2,viet1252,Vietnamese,2262,mái,phonetic,female (adj),,,,
3-120-816-1,viet1252,Vietnamese,2261,d̄ụ'c,phonetic,male (adj),,,,
3-120-816-2,viet1252,Vietnamese,2261,trống,phonetic,male (adj),,,,
3-110-816-1,viet1252,Vietnamese,619,súc vật,phonetic,animal,,,,
2-960-816-1,viet1252,Vietnamese,817,chúng nó,phonetic,they,,,,
2-960-816-2,viet1252,Vietnamese,817,hai d̄ú'a chúng nó,phonetic,they,,,,
2-950-816-1,viet1252,Vietnamese,1213,các anh,phonetic,you (plural),,,,
2-942-816-1,viet1252,Vietnamese,1130,chúng tôi,phonetic,we (exclusive),,,,
2-941-816-1,viet1252,Vietnamese,1131,chúng ta,phonetic,we (inclusive),,,,
2-930-816-1,viet1252,Vietnamese,262,nó,phonetic,he/she/it,,,,
2-930-816-2,viet1252,Vietnamese,262,anh ấy,phonetic,he/she/it,,,,
2-930-816-3,viet1252,Vietnamese,262,chị ấy,phonetic,he/she/it,,,,
2-920-816-1,viet1252,Vietnamese,1215,mày,phonetic,you (singular),,,,
2-920-816-2,viet1252,Vietnamese,1215,anh,phonetic,you (singular),,,,
2-920-816-3,viet1252,Vietnamese,1215,chị,phonetic,you (singular),,,,
2-910-816-1,viet1252,Vietnamese,1209,tôi,phonetic,I,,,,
2-820-816-1,viet1252,Vietnamese,194,gia d̄ình,phonetic,family,,,,
2-810-816-1,viet1252,Vietnamese,1644,họ hàng,phonetic,"relatives, kinsmen",,,,
2-770-816-1,viet1252,Vietnamese,1981,ngu'ò'i góa chồng,phonetic,widower,,,,
2-760-816-1,viet1252,Vietnamese,1756,ngu'ò'i góa vọ',phonetic,widow,,,,
2-750-816-1,viet1252,Vietnamese,1149,trʔ mồ côi,phonetic,orphan,,,,
2-740-816-1,viet1252,Vietnamese,1058,con gái riêng,phonetic,stepdaughter,,,,
2-730-816-1,viet1252,Vietnamese,1059,con trai riêng,phonetic,stepson,,,,
2-720-816-1,viet1252,Vietnamese,236,mẹ kế,phonetic,stepmother,,,,
2-720-816-2,viet1252,Vietnamese,236,mẹ gheʔ,phonetic,stepmother,,,,
2-710-816-1,viet1252,Vietnamese,237,bố du'ọ'ng,phonetic,stepfather,,,,
2-710-816-2,viet1252,Vietnamese,237,bố gheʔ,phonetic,stepfather,,,,
2-641-816-1,viet1252,Vietnamese,2264,dâu,phonetic,daughter-in-law (of a woman),,,,
2-641-816-2,viet1252,Vietnamese,2264,chị dâu,phonetic,daughter-in-law (of a woman),,,,
2-640-816-1,viet1252,Vietnamese,2265,dâu,phonetic,daughter-in-law (of a man),,,,
2-631-816-1,viet1252,Vietnamese,2266,rêʔ,phonetic,son-in-law (of a woman),,,,
2-631-816-2,viet1252,Vietnamese,2266,anh rêʔ,phonetic,son-in-law (of a woman),,,,
2-631-816-3,viet1252,Vietnamese,2266,em rêʔ,phonetic,son-in-law (of a woman),,,,
2-630-816-1,viet1252,Vietnamese,2267,rêʔ,phonetic,son-in-law (of a man),,,,
2-621-816-1,viet1252,Vietnamese,2257,mɛ.6 vọ',phonetic,mother-in-law (of a woman),,,,
2-620-816-1,viet1252,Vietnamese,2256,mẹ chồng,phonetic,mother-in-law (of a man),,,,
2-611-816-1,viet1252,Vietnamese,2254,bố vọ',phonetic,father-in-law (of a woman),,,,
2-610-816-1,viet1252,Vietnamese,2255,bố chồng,phonetic,father-in-law (of a man),,,,
2-570-816-1,viet1252,Vietnamese,490,hâu thế,phonetic,descendants,,,,
2-570-816-2,viet1252,Vietnamese,490,con cháu,phonetic,descendants,,,,
2-570-816-3,viet1252,Vietnamese,490,dòng dõi,phonetic,descendants,,,,
2-560-816-1,viet1252,Vietnamese,1669,tôʔ tiên,phonetic,ancestors,,,,
2-560-816-2,viet1252,Vietnamese,1669,ông bà,phonetic,ancestors,,,,
2-550-816-1,viet1252,Vietnamese,1643,anh họ,phonetic,cousin,,,,
2-550-816-2,viet1252,Vietnamese,1643,anh họ,phonetic,cousin,,,,
2-550-816-3,viet1252,Vietnamese,1643,em họ,phonetic,cousin,,,,
2-550-816-4,viet1252,Vietnamese,1643,chị họ,phonetic,cousin,,,,
2-550-816-5,viet1252,Vietnamese,1643,em (gái) họ,phonetic,cousin,,,,
2-540-816-1,viet1252,Vietnamese,1642,cháu gái,phonetic,niece,,,,
2-530-816-1,viet1252,Vietnamese,1063,cháu trai,phonetic,nephew,,,,
2-522-816-1,viet1252,Vietnamese,170,bác,phonetic,father's sister,,,,
2-522-816-2,viet1252,Vietnamese,170,cô,phonetic,father's sister,,,,
2-521-816-1,viet1252,Vietnamese,171,bác,phonetic,mother's sister,,,,
2-521-816-2,viet1252,Vietnamese,171,cô,phonetic,mother's sister,,,,
2-512-816-1,viet1252,Vietnamese,1985,bác,phonetic,father's brother,,,,
2-512-816-2,viet1252,Vietnamese,1985,chú,phonetic,father's brother,,,,
2-511-816-1,viet1252,Vietnamese,1984,bác,phonetic,mother's brother,,,,
2-511-816-2,viet1252,Vietnamese,1984,cậu,phonetic,mother's brother,,,,
2-480-816-1,viet1252,Vietnamese,1618,cháu trai,phonetic,grandson,,,,
2-490-816-1,viet1252,Vietnamese,1619,cháu gái,phonetic,granddaughter,,,,
2-471-816-1,viet1252,Vietnamese,907,bà già,phonetic,old woman,,,,
2-470-816-1,viet1252,Vietnamese,1496,bà,phonetic,grandmother,,,,
2-470-816-2,viet1252,Vietnamese,1496,bà nội,phonetic,grandmother,,,,
2-470-816-3,viet1252,Vietnamese,1496,bà ngoại,phonetic,grandmother,,,,
2-461-816-1,viet1252,Vietnamese,406,ông già,phonetic,old man,,,,
2-461-816-2,viet1252,Vietnamese,406,cụ già,phonetic,old man,,,,
2-460-816-1,viet1252,Vietnamese,1383,ông,phonetic,grandfather,,,,
2-460-816-2,viet1252,Vietnamese,1383,ông nội,phonetic,grandfather,,,,
2-460-816-3,viet1252,Vietnamese,1383,ông ngoại,phonetic,grandfather,,,,
2-458-816-1,viet1252,Vietnamese,1005,treʔ sinh d̄ôi,phonetic,twins,,,,
2-456-816-1,viet1252,Vietnamese,1640,ruột,phonetic,sibling,,,,
2-456-816-2,viet1252,Vietnamese,1640,anh ruột,phonetic,sibling,,,,
2-456-816-3,viet1252,Vietnamese,1640,em ruột,phonetic,sibling,,,,
2-456-816-4,viet1252,Vietnamese,1640,chị ruột,phonetic,sibling,,,,
2-456-816-5,viet1252,Vietnamese,1640,em ruột,phonetic,sibling,,,,
2-455-816-1,viet1252,Vietnamese,1761,em gái,phonetic,younger sister,,,,
2-454-816-1,viet1252,Vietnamese,1758,chị,phonetic,older sister,,,,
2-445-816-1,viet1252,Vietnamese,1760,em trai,phonetic,younger brother,,,,
2-444-816-1,viet1252,Vietnamese,1759,anh,phonetic,older brother,,,,
2-430-816-1,viet1252,Vietnamese,1801,con cháu,phonetic,offspring (son or daughter),,,,
2-430-816-2,viet1252,Vietnamese,1801,ngu'ò'i hậu sinh,phonetic,offspring (son or daughter),,,,
2-430-816-3,viet1252,Vietnamese,1801,ngu'ò'i nó̂i dõi,phonetic,offspring (son or daughter),,,,
2-420-816-1,viet1252,Vietnamese,1357,con gái,phonetic,daughter,,,,
2-410-816-1,viet1252,Vietnamese,1620,con trai,phonetic,son,,,,
2-390-816-1,viet1252,Vietnamese,426,ngu'ò'i d̄àn bà có chồng,phonetic,married woman,,,,
2-380-816-1,viet1252,Vietnamese,424,ngu'ò'i d̄àn ông có vọ',phonetic,married man,,,,
2-370-816-1,viet1252,Vietnamese,505,bố mẹ,phonetic,parents,,,,
2-370-816-2,viet1252,Vietnamese,505,cha mẹ,phonetic,parents,,,,
2-350-816-1,viet1252,Vietnamese,1217,bố,phonetic,father,,,,
2-350-816-2,viet1252,Vietnamese,1217,cha,phonetic,father,,,,
2-341-816-1,viet1252,Vietnamese,1134,ly hôn,phonetic,divorce,,,,
2-341-816-2,viet1252,Vietnamese,1134,ly dị,phonetic,divorce,,,,
2-340-816-1,viet1252,Vietnamese,1259,d̄ám cu'ó'i,phonetic,"marriage, wedding",,,,
2-340-816-2,viet1252,Vietnamese,1259,(sụ') kết hôn,phonetic,"marriage, wedding",,,,
2-340-816-3,viet1252,Vietnamese,1259,lễ cu'ó'i,phonetic,"marriage, wedding",,,,
2-340-816-4,viet1252,Vietnamese,1259,hôn lễ,phonetic,"marriage, wedding",,,,
2-330-816-1,viet1252,Vietnamese,203,lấy vọ',phonetic,marry,,,,
2-330-816-2,viet1252,Vietnamese,203,lấy chồng,phonetic,marry,,,,
2-330-816-3,viet1252,Vietnamese,203,cu'ó'i,phonetic,marry,,,,
2-320-816-1,viet1252,Vietnamese,1199,vọ',phonetic,wife,,,,
2-310-816-1,viet1252,Vietnamese,1200,chồng,phonetic,husband,,,,
2-280-816-1,viet1252,Vietnamese,1289,treʔ tho',phonetic,"infant, baby",,,,
2-280-816-2,viet1252,Vietnamese,1289,treʔ so' sinh,phonetic,"infant, baby",,,,
2-270-816-1,viet1252,Vietnamese,1304,d̄ú'a con,phonetic,child,,,,
2-270-816-2,viet1252,Vietnamese,1304,d̄ú'a bé,phonetic,child,,,,
2-270-816-3,viet1252,Vietnamese,1304,d̄ú'a treʔ,phonetic,child,,,,
2-261-816-1,viet1252,Vietnamese,77,cô gái,phonetic,young woman (adolescent),,,,
2-261-816-2,viet1252,Vietnamese,77,thanh nũ',phonetic,young woman (adolescent),,,,
2-260-816-1,viet1252,Vietnamese,1646,cô bé,phonetic,girl,,,,
2-251-816-1,viet1252,Vietnamese,76,thanh niên,phonetic,young man (adolescent),,,,
2-251-816-2,viet1252,Vietnamese,76,chàng trai,phonetic,young man (adolescent),,,,
2-250-816-1,viet1252,Vietnamese,1366,cậu bé,phonetic,boy,,,,
2-240-816-1,viet1252,Vietnamese,1551,nũ',phonetic,female,,,,
2-240-816-2,viet1252,Vietnamese,1551,gái,phonetic,female,,,,
2-230-816-1,viet1252,Vietnamese,1553,nam,phonetic,male,,,,
2-230-816-2,viet1252,Vietnamese,1553,trai,phonetic,male,,,,
2-220-816-1,viet1252,Vietnamese,962,d̄àn bà,phonetic,woman,,,,
2-210-816-1,viet1252,Vietnamese,1554,d̄àn ông,phonetic,man (vs. woman),,,,
2-100-816-1,viet1252,Vietnamese,683,ngu'ò'i,phonetic,"person, human being",,,,
1-890-816-1,viet1252,Vietnamese,1188,than cuʔi,phonetic,charcoal,,,,
1-880-816-1,viet1252,Vietnamese,10,cuʔi,phonetic,firewood,,,,
1-870-816-1,viet1252,Vietnamese,1133,(quê) diêm,phonetic,match (noun),,,,
1-861-816-1,viet1252,Vietnamese,127,tắt,phonetic,extinguish,,,,
1-860-816-1,viet1252,Vietnamese,737,châm,phonetic,"light, kindle, ignite",,,,
1-860-816-2,viet1252,Vietnamese,737,nhóm,phonetic,"light, kindle, ignite",,,,
1-860-816-3,viet1252,Vietnamese,737,dốt,phonetic,"light, kindle, ignite",,,,
1-860-816-4,viet1252,Vietnamese,737,bắt lu'ʔa,phonetic,"light, kindle, ignite",,,,
1-852-816-1,viet1252,Vietnamese,1428,cháy,phonetic,burn (vb intrans),,,,
1-851-816-1,viet1252,Vietnamese,141,d̄ốt,phonetic,burn (vb trans),,,,
1-851-816-2,viet1252,Vietnamese,141,thắp,phonetic,burn (vb trans),,,,
1-851-816-3,viet1252,Vietnamese,141,làm cháy,phonetic,burn (vb trans),,,,
1-841-816-1,viet1252,Vietnamese,67,than hồng,phonetic,embers,,,,
1-840-816-1,viet1252,Vietnamese,646,tro,phonetic,ashes,,,,
1-840-816-2,viet1252,Vietnamese,646,tàn,phonetic,ashes,,,,
1-830-816-1,viet1252,Vietnamese,778,khói,phonetic,smoke (noun),,,,
1-830-816-2,viet1252,Vietnamese,778,bồ hóng,phonetic,smoke (noun),,,,
1-830-816-3,viet1252,Vietnamese,778,muội,phonetic,smoke (noun),,,,
1-820-816-1,viet1252,Vietnamese,889,ngọn lu'ʔa,phonetic,flame (noun),,,,
1-810-816-1,viet1252,Vietnamese,221,lu'ʔa,phonetic,fire,,,,
1-780-816-1,viet1252,Vietnamese,952,thò'i tiết,phonetic,weather,,,,
1-770-816-1,viet1252,Vietnamese,617,băng,phonetic,ice,,,,
1-770-816-2,viet1252,Vietnamese,617,nu'ó'c d̄á,phonetic,ice,,,,
1-760-816-1,viet1252,Vietnamese,784,tuyết,phonetic,snow (noun),,,,
1-750-816-1,viet1252,Vietnamese,658,mu'a,phonetic,rain (noun),,,,
1-750-816-2,viet1252,Vietnamese,658,mu'a phùn,phonetic,rain (noun),,,,
1-740-816-1,viet1252,Vietnamese,249,su'o'ng mù,phonetic,fog,,,,
1-720-816-1,viet1252,Vietnamese,960,gió,phonetic,wind,,,,
1-730-816-1,viet1252,Vietnamese,1489,mây,phonetic,cloud,,,,
1-710-816-1,viet1252,Vietnamese,27,không khí,phonetic,air,,,,
1-640-816-1,viet1252,Vietnamese,1977,su'o'ng,phonetic,dew,,,,
1-630-816-1,viet1252,Vietnamese,1388,bóng râm,phonetic,"shade, shadow",,,,
1-620-816-1,viet1252,Vietnamese,11,bóng tối,phonetic,darkness,,,,
1-610-816-1,viet1252,Vietnamese,630,ánh sáng mặt trò'i,phonetic,light (noun),,,,
1-590-816-1,viet1252,Vietnamese,1733,cầu vồng,phonetic,rainbow,,,,
1-580-816-1,viet1252,Vietnamese,858,bão,phonetic,storm,,,,
1-560-816-1,viet1252,Vietnamese,1150,sấm,phonetic,thunder,,,,
1-560-816-2,viet1252,Vietnamese,1150,sấm sét,phonetic,thunder,,,,
1-570-816-1,viet1252,Vietnamese,2007,tia chó'p,phonetic,lightning (as striking),,,,
1-550-816-1,viet1252,Vietnamese,1654,chó'p,phonetic,lightning,,,,
1-550-816-2,viet1252,Vietnamese,1654,sét,phonetic,lightning,,,,
1-540-816-1,viet1252,Vietnamese,1430,sao,phonetic,star,,,,
1-530-816-1,viet1252,Vietnamese,1313,(mặt) trăng,phonetic,moon,,,,
1-520-816-1,viet1252,Vietnamese,1343,mặt trò'i,phonetic,sun,,,,
1-510-816-1,viet1252,Vietnamese,1732,trò'i,phonetic,sky,,,,
1-450-816-1,viet1252,Vietnamese,6,d̄ộng d̄ất,phonetic,earthquake,,,,
1-450-816-2,viet1252,Vietnamese,6,d̄ịa chấn,phonetic,earthquake,,,,
1-440-816-1,viet1252,Vietnamese,2125,d̄á taʔng,phonetic,"stone, rock",,,,
1-430-816-1,viet1252,Vietnamese,1803,gỗ,phonetic,wood,,,,
1-420-816-1,viet1252,Vietnamese,906,cây,phonetic,tree (cf 08.600),,,,
1-410-816-1,viet1252,Vietnamese,420,rù'ng,phonetic,"woods, forest",,,,
1-390-816-1,viet1252,Vietnamese,943,thác,phonetic,waterfall,,,,
1-380-816-1,viet1252,Vietnamese,1145,lầy,phonetic,swamp,,,,
1-370-816-1,viet1252,Vietnamese,2144,mạch nu'ó'c,phonetic,"spring, well",,,,
1-370-816-2,viet1252,Vietnamese,2144,dòng suối,phonetic,"spring, well",,,,
1-370-816-3,viet1252,Vietnamese,2144,nguồn,phonetic,"spring, well",,,,
1-370-816-4,viet1252,Vietnamese,2144,mạch nu'ó'c ngầm,phonetic,"spring, well",,,,
1-370-816-5,viet1252,Vietnamese,2144,suồi ngầm,phonetic,"spring, well",,,,
1-370-816-6,viet1252,Vietnamese,2144,giếng,phonetic,"spring, well",,,,
1-362-816-1,viet1252,Vietnamese,1982,xoáy nu'ó'c,phonetic,whirlpool,,,,
1-360-816-1,viet1252,Vietnamese,666,sông,phonetic,"river, stream, brook",,,,
1-360-816-2,viet1252,Vietnamese,666,dòng (nu'ó'c),phonetic,"river, stream, brook",,,,
1-360-816-3,viet1252,Vietnamese,666,suối,phonetic,"river, stream, brook",,,,
1-354-816-1,viet1252,Vietnamese,613,triều thuʔy cao,phonetic,hightide,,,,
1-353-816-1,viet1252,Vietnamese,1026,triều thuʔy thập,phonetic,lowtide,,,,
1-352-816-1,viet1252,Vietnamese,891,thuʔy triều,phonetic,tide,,,,
1-343-816-1,viet1252,Vietnamese,1662,mũi d̄ất,phonetic,"headland, point",,,,
1-343-816-2,viet1252,Vietnamese,1662,doi d̄ất,phonetic,"headland, point",,,,
1-342-816-1,viet1252,Vietnamese,660,d̄á ngầm,phonetic,reef,,,,
1-341-816-1,viet1252,Vietnamese,623,vũng,phonetic,lagoon,,,,
1-341-816-2,viet1252,Vietnamese,623,phá,phonetic,lagoon,,,,
1-340-816-1,viet1252,Vietnamese,663,vịnh,phonetic,"gulf, bay",,,,
1-330-816-1,viet1252,Vietnamese,624,hồ,phonetic,lake,,,,
1-329-816-1,viet1252,Vietnamese,645,d̄ại du'o'ng,phonetic,ocean,,,,
1-324-816-1,viet1252,Vietnamese,1768,bọt,phonetic,foam,,,,
1-323-816-1,viet1252,Vietnamese,259,do'n dọ'n,phonetic,rough (of sea),,,,
1-320-816-1,viet1252,Vietnamese,1474,biêʔn,phonetic,sea,,,,
1-322-816-1,viet1252,Vietnamese,258,lặng gió,phonetic,calm (of sea),,,,
1-322-816-2,viet1252,Vietnamese,258,sóng yên,phonetic,calm (of sea),,,,
1-310-816-1,viet1252,Vietnamese,948,nu'ó'c,phonetic,water,,,,
1-280-816-1,viet1252,Vietnamese,1155,hang,phonetic,cave,,,,
1-270-816-1,viet1252,Vietnamese,113,bò',phonetic,shore,,,,
1-260-816-1,viet1252,Vietnamese,166,ḍất liền,phonetic,mainland,,,,
1-250-816-1,viet1252,Vietnamese,622,d̄aʔo,phonetic,island,,,,
1-250-816-2,viet1252,Vietnamese,622,cù lào,phonetic,island,,,,
1-240-816-1,viet1252,Vietnamese,921,thung lũng,phonetic,valley,,,,
1-230-816-1,viet1252,Vietnamese,652,cánh d̄ồng,phonetic,"plain, field",,,,
1-230-816-2,viet1252,Vietnamese,652,bình nguyên,phonetic,"plain, field",,,,
1-230-816-3,viet1252,Vietnamese,652,d̄ồng bằng,phonetic,"plain, field",,,,
1-222-816-1,viet1252,Vietnamese,618,vụ'c,phonetic,"cliff, precipice",,,,
1-220-816-1,viet1252,Vietnamese,2118,núi,phonetic,"mountain, hill",,,,
1-220-816-2,viet1252,Vietnamese,2118,d̄ồ,phonetic,"mountain, hill",,,,
1-214-816-1,viet1252,Vietnamese,640,bùn (lầy),phonetic,mud,,,,
1-215-816-1,viet1252,Vietnamese,671,cát,phonetic,sand,,,,
1-213-816-1,viet1252,Vietnamese,2,bụi,phonetic,dust,,,,
1-212-816-1,viet1252,Vietnamese,1228,(mặt) d̄ất,phonetic,"earth=ground, soil",,,,
1-210-816-1,viet1252,Vietnamese,626,quaʔ d̄ất,phonetic,"earth, land",,,,
1-100-816-1,viet1252,Vietnamese,965,thế gio'́i,phonetic,world,,,,
1-100-816-2,viet1252,Vietnamese,965,vũ trụ,phonetic,world,,,,
14-350-816-1,viet1252,Vietnamese,204,lại,phonetic,again,,,,
14-350-816-2,viet1252,Vietnamese,204,nũ'a,phonetic,again,,,,
14-350-816-3,viet1252,Vietnamese,204,một lần nu'̃a,phonetic,again,,,,
14-430-816-1,viet1252,Vietnamese,729,bình minh,phonetic,dawn,,,,
14-780-816-1,viet1252,Vietnamese,691,mùa,phonetic,season,,,,
14-780-816-2,viet1252,Vietnamese,691,vụ mùa,phonetic,season,,,,
15-212-816-1,viet1252,Vietnamese,375,ngu'ʔi,phonetic,sniff,,,,
15-212-816-2,viet1252,Vietnamese,375,hít,phonetic,sniff,,,,
15-212-816-3,viet1252,Vietnamese,375,d̄ánh ho'i,phonetic,sniff,,,,
15-220-816-1,viet1252,Vietnamese,1586,ngu'ʔi thấy,phonetic,smell (vb trans),,,,
15-220-816-2,viet1252,Vietnamese,1586,d̄ánh ho'i thấy,phonetic,smell (vb trans),,,,
15-390-816-1,viet1252,Vietnamese,70,lọ',phonetic,brackish,,,,
15-450-816-1,viet1252,Vietnamese,377,to,phonetic,loud,,,,
15-450-816-2,viet1252,Vietnamese,377,vang,phonetic,loud,,,,
15-460-816-1,viet1252,Vietnamese,1314,khẽ,phonetic,"quiet, silence",,,,
15-460-816-2,viet1252,Vietnamese,1314,nhoʔ,phonetic,"quiet, silence",,,,
15-520-816-1,viet1252,Vietnamese,1819,nhìn,phonetic,"look, look at",,,,
15-520-816-2,viet1252,Vietnamese,1819,xem,phonetic,"look, look at",,,,
15-520-816-3,viet1252,Vietnamese,1819,trông,phonetic,"look, look at",,,,
15-630-816-1,viet1252,Vietnamese,706,sẫm,phonetic,dark (in color),,,,
15-760-816-1,viet1252,Vietnamese,1923,gồ ghề,phonetic,rough,,,,
15-760-816-2,viet1252,Vietnamese,1923,xù xì,phonetic,rough,,,,
15-790-816-1,viet1252,Vietnamese,379,cùn,phonetic,"blunt, dull",,,,
15-790-816-2,viet1252,Vietnamese,379,nhụt,phonetic,"blunt, dull",,,,
15-840-816-1,viet1252,Vietnamese,1398,khô,phonetic,dry,,,,
15-840-816-2,viet1252,Vietnamese,1398,ráo,phonetic,dry,,,,
15-860-816-1,viet1252,Vietnamese,1287,lạnh,phonetic,cold,,,,
15-860-816-2,viet1252,Vietnamese,1287,nguội,phonetic,cold,,,,
16-180-816-1,viet1252,Vietnamese,720,may,phonetic,"good fortune, luck",,,,
16-180-816-2,viet1252,Vietnamese,720,hạnh phúc,phonetic,"good fortune, luck",,,,
16-230-816-1,viet1252,Vietnamese,1495,vui su'o'ng,phonetic,"joyful, glad, happy",,,,
16-230-816-2,viet1252,Vietnamese,1495,vui veʔ,phonetic,"joyful, glad, happy",,,,
16-230-816-3,viet1252,Vietnamese,1495,vui mù'ng,phonetic,"joyful, glad, happy",,,,
16-340-816-1,viet1252,Vietnamese,1875,thu'o'ng tiếc,phonetic,"regret, be sorry",,,,
16-340-816-2,viet1252,Vietnamese,1875,hối tiếc,phonetic,"regret, be sorry",,,,
16-450-816-1,viet1252,Vietnamese,1776,tuʔi hôʔ,phonetic,shame (noun),,,,
16-480-816-1,viet1252,Vietnamese,174,tụ' hào,phonetic,proud,,,,
16-480-816-2,viet1252,Vietnamese,174,hãnh diện,phonetic,proud,,,,
16-520-816-1,viet1252,Vietnamese,3,can d̄aʔm,phonetic,brave,,,,
16-520-816-2,viet1252,Vietnamese,3,gan dạ,phonetic,brave,,,,
16-660-816-1,viet1252,Vietnamese,1657,d̄úng,phonetic,true,,,,
16-660-816-2,viet1252,Vietnamese,1657,có thật,phonetic,true,,,,
16-740-816-1,viet1252,Vietnamese,1390,không d̄úng,phonetic,wrong,,,,
16-740-816-2,viet1252,Vietnamese,1390,sai,phonetic,wrong,,,,
16-760-816-1,viet1252,Vietnamese,134,lỗi,phonetic,fault,,,,
16-760-816-2,viet1252,Vietnamese,134,tội,phonetic,fault,,,,
16-780-816-1,viet1252,Vietnamese,381,khiêʔn trách,phonetic,blame,,,,
16-830-816-1,viet1252,Vietnamese,2018,tham an,phonetic,greedy,,,,
17-140-816-1,viet1252,Vietnamese,1513,suy sét,phonetic,think (= be of the opinion),,,,
17-172-816-1,viet1252,Vietnamese,117,bất chu'o'́c,phonetic,imitate,,,,
17-172-816-2,viet1252,Vietnamese,117,mô phoʔng,phonetic,imitate,,,,
17-180-816-1,viet1252,Vietnamese,1521,xem nhu',phonetic,seem,,,,
17-180-816-2,viet1252,Vietnamese,1521,hình nhu',phonetic,seem,,,,
17-180-816-3,viet1252,Vietnamese,1521,du'ò'ng nhu',phonetic,seem,,,,
17-190-816-1,viet1252,Vietnamese,1609,khái niệm,phonetic,"idea, notion",,,,
17-190-816-2,viet1252,Vietnamese,1609,ý kiến,phonetic,"idea, notion",,,,
17-220-816-1,viet1252,Vietnamese,1518,d̄iên,phonetic,"foolish, stupid",,,,
17-230-816-1,viet1252,Vietnamese,1899,mất trí,phonetic,"insane, crazy",,,,
17-242-816-1,viet1252,Vietnamese,1929,học,phonetic,study,,,,
17-242-816-2,viet1252,Vietnamese,1929,nghiên cu'́u,phonetic,study,,,,
17-280-816-1,viet1252,Vietnamese,673,tru'o'̀ng phôʔ thông,phonetic,school,,,,
17-340-816-1,viet1252,Vietnamese,989,dễ hiêʔu,phonetic,"clear, plain",,,,
17-350-816-1,viet1252,Vietnamese,1764,tối tăm,phonetic,obscure,,,,
17-350-816-2,viet1252,Vietnamese,1764,khó hiêʔu,phonetic,obscure,,,,
17-360-816-1,viet1252,Vietnamese,1121,kín,phonetic,secret,,,,
17-360-816-2,viet1252,Vietnamese,1121,bí mật,phonetic,secret,,,,
17-370-816-1,viet1252,Vietnamese,509,thật,phonetic,"sure, certain",,,,
17-430-816-1,viet1252,Vietnamese,1308,chu'a chắc,phonetic,doubt,,,,
17-430-816-2,viet1252,Vietnamese,1308,nghi ngo'̀,phonetic,doubt,,,,
17-440-816-1,viet1252,Vietnamese,1841,nghi ngò',phonetic,suspect,,,,
17-440-816-2,viet1252,Vietnamese,1841,d̄oán phoʔng,phonetic,suspect,,,,
17-470-816-1,viet1252,Vietnamese,584,khó tíng,phonetic,difficult,,,,
17-480-816-1,viet1252,Vietnamese,1812,cố gắng,phonetic,"try, attempt",,,,
17-550-816-1,viet1252,Vietnamese,1268,u'̀,phonetic,"yes, affirmative",,,,
17-560-816-1,viet1252,Vietnamese,1269,d̄á,phonetic,"no, negative",,,,
17-620-816-1,viet1252,Vietnamese,822,mấy,phonetic,how many?,,,,
17-620-816-2,viet1252,Vietnamese,822,bao nhiêu,phonetic,how many?,,,,
17-630-816-1,viet1252,Vietnamese,531,bao nhiêu,phonetic,how much?,,,,
17-690-816-1,viet1252,Vietnamese,1270,vì sao,phonetic,why?,,,,
17-690-816-2,viet1252,Vietnamese,1270,tại sao,phonetic,why?,,,,
18-160-816-1,viet1252,Vietnamese,128,lâʔm nhâʔm,phonetic,mumble,,,,
18-210-816-1,viet1252,Vietnamese,1623,nói chuyện,phonetic,"speak, talk",,,,
18-320-816-1,viet1252,Vietnamese,1275,traʔ lò',phonetic,answer,,,,
18-320-816-2,viet1252,Vietnamese,1275,d̄áp lò',phonetic,answer,,,,
18-320-816-3,viet1252,Vietnamese,1275,nhận,phonetic,answer,,,,
18-330-816-1,viet1252,Vietnamese,2022,thú nhận,phonetic,"admit, confess",,,,
18-350-816-1,viet1252,Vietnamese,1828,xin,phonetic,"ask, request",,,,
18-350-816-2,viet1252,Vietnamese,1828,yêu cầu,phonetic,"ask, request",,,,
18-350-816-3,viet1252,Vietnamese,1828,d̄òi hoʔi,phonetic,"ask, request",,,,
18-360-816-1,viet1252,Vietnamese,1675,hẹn,phonetic,promise,,,,
18-360-816-2,viet1252,Vietnamese,1675,hu'́a,phonetic,promise,,,,
18-420-816-1,viet1252,Vietnamese,180,d̄ặt tên,phonetic,call (=name),,,,
18-420-816-2,viet1252,Vietnamese,180,gọi,phonetic,call (=name),,,,
19-170-816-1,viet1252,Vietnamese,1010,ranh gió'i,phonetic,boundary,,,,
19-170-816-2,viet1252,Vietnamese,1010,biên gió'i,phonetic,boundary,,,,
19-240-816-1,viet1252,Vietnamese,301,thuʔ lình,phonetic,"chief, chieftain",,,,
19-240-816-2,viet1252,Vietnamese,301,tù tru'o'ʔng,phonetic,"chief, chieftain",,,,
19-430-816-1,viet1252,Vietnamese,255,d̄ầy to'́,phonetic,servant,,,,
19-430-816-2,viet1252,Vietnamese,255,ngu'o'̀i o'ʔ,phonetic,servant,,,,
19-470-816-1,viet1252,Vietnamese,1003,cho phép,phonetic,"let, permit",,,,
19-470-816-2,viet1252,Vietnamese,1003,d̄u'o'̣c pgép,phonetic,"let, permit",,,,
19-470-816-3,viet1252,Vietnamese,1003,d̄êʔ cho,phonetic,"let, permit",,,,
19-590-816-1,viet1252,Vietnamese,1550,caʔn,phonetic,"hinder, prevent",,,,
19-590-816-2,viet1252,Vietnamese,1550,ngăn caʔn,phonetic,"hinder, prevent",,,,
19-590-816-3,viet1252,Vietnamese,1550,ngăn chặn,phonetic,"hinder, prevent",,,,
19-720-816-1,viet1252,Vietnamese,1610,d̄ĩ,phonetic,prostitute,,,,
19-720-816-2,viet1252,Vietnamese,1610,gái d̄iếm,phonetic,prostitute,,,,
20-110-816-1,viet1252,Vietnamese,1423,d̄ấu tranh,phonetic,fight (vb),,,,
20-110-816-2,viet1252,Vietnamese,1423,chiến d̄ấu,phonetic,fight (vb),,,,
20-170-816-1,viet1252,Vietnamese,1941,nhu'o'̀i lính,phonetic,soldier,,,,
20-260-816-1,viet1252,Vietnamese,945,giáo,phonetic,spear,,,,
20-260-816-2,viet1252,Vietnamese,945,thu'o'ng,phonetic,spear,,,,
20-270-816-1,viet1252,Vietnamese,1535,gu'o'm,phonetic,sword,,,,
20-270-816-2,viet1252,Vietnamese,1535,kiếm,phonetic,sword,,,,
20-420-816-1,viet1252,Vietnamese,782,d̄ánh bại,phonetic,defeat,,,,
20-420-816-2,viet1252,Vietnamese,782,thua,phonetic,defeat,,,,
20-490-816-1,viet1252,Vietnamese,65,mau phục,phonetic,ambush,,,,
20-490-816-2,viet1252,Vietnamese,65,phục kích,phonetic,ambush,,,,
20-630-816-1,viet1252,Vietnamese,161,không trúng d̄ích,phonetic,miss (target),,,,
20-630-816-2,viet1252,Vietnamese,161,tru'o'̣t,phonetic,miss (target),,,,
21-110-816-1,viet1252,Vietnamese,1062,luật,phonetic,law,,,,
21-460-816-1,viet1252,Vietnamese,1889,cốý d̄ốt,phonetic,arson,,,,
21-460-816-2,viet1252,Vietnamese,1889,d̄ốt,phonetic,arson,,,,
21-470-816-1,viet1252,Vietnamese,1792,lò'i thề giaʔ,phonetic,perjury,,,,
21-470-816-2,viet1252,Vietnamese,1792,dối,phonetic,perjury,,,,
21-520-816-1,viet1252,Vietnamese,1160,keʔ cu'o'́p,phonetic,thief,,,,
22-120-816-1,viet1252,Vietnamese,1944,thần,phonetic,God,,,,
22-240-816-1,viet1252,Vietnamese,8,chu'ʔi ruʔa,phonetic,curse,,,,
22-470-816-1,viet1252,Vietnamese,107,mầ nhiệm,phonetic,"omen, portent",,,,
