ID,Language_ID,Language_name,Parameter_ID,Value,Transcription,Concept,Source,Comment,AlternativeValue,AlternativeTranscription
14-320-804-1,manm1238,Keme (Kemie variety),1852,ja:m.31 maʔ.53,phonetic,often,,,,
14-310-804-1,manm1238,Keme (Kemie variety),1676,ja:m.31 maʔ.53,phonetic,always,,,,
14-290-804-1,manm1238,Keme (Kemie variety),790,pən.35,phonetic,ready,,,,
14-280-804-1,manm1238,Keme (Kemie variety),1928,dɨŋ.31,phonetic,"cease, stop",,,,
14-270-804-1,manm1238,Keme (Kemie variety),1766,hɔt.13,phonetic,finish,,,,
14-260-804-1,manm1238,Keme (Kemie variety),743,hɔt.13,phonetic,end (temporal),,,,
14-252-804-1,manm1238,Keme (Kemie variety),1186,i.31 tiau.35,phonetic,"last, endure",,,,
14-250-804-1,manm1238,Keme (Kemie variety),1806,taŋ.11 i.31,phonetic,"begin, beginning",,,,
14-240-804-1,manm1238,Keme (Kemie variety),425,vu.31 vɛk.53,phonetic,"retard, delay",,,,
14-230-804-1,manm1238,Keme (Kemie variety),754,ɣip.55,phonetic,"hasten, hurry",,,,
14-220-804-1,manm1238,Keme (Kemie variety),701,ćəŋ.55,phonetic,slow,,,,
14-210-804-1,manm1238,Keme (Kemie variety),1631,vai.31,phonetic,"swift, fast, quick",,,,
14-190-804-1,manm1238,Keme (Kemie variety),1963,vai.31 vai.31,phonetic,immediately,,,,
14-180-804-1,manm1238,Keme (Kemie variety),1376,ja:m.31 i.31,phonetic,now,,,,
14-170-804-1,manm1238,Keme (Kemie variety),477,hɔi.31,phonetic,late,,,,
14-160-804-1,manm1238,Keme (Kemie variety),672,ćau.13,phonetic,early,,,,
14-150-804-1,manm1238,Keme (Kemie variety),1229,than.35,phonetic,old,,,,
14-140-804-1,manm1238,Keme (Kemie variety),1207,mɔk.53,phonetic,young,,,,
14-120-804-1,manm1238,Keme (Kemie variety),1789,nəm.13,phonetic,age,,,,
14-130-804-1,manm1238,Keme (Kemie variety),1231,mɛʔ.53,phonetic,new,,,,
13-440-804-1,manm1238,Keme (Kemie variety),417,ɔi.13 ću.31,phonetic,three times,,,,
13-420-804-1,manm1238,Keme (Kemie variety),1859,thi.31  sa:m.13,phonetic,third,,,,
13-380-804-1,manm1238,Keme (Kemie variety),1546,a:u.13 ću.31,phonetic,two times,,,,
13-370-804-1,manm1238,Keme (Kemie variety),1888,ku.31,phonetic,pair,,,,
13-360-804-1,manm1238,Keme (Kemie variety),1384,thi.31  sɔŋ.55,phonetic,second,,,,
13-350-804-1,manm1238,Keme (Kemie variety),1529,ćɔm.31,phonetic,last,,,,
13-340-804-1,manm1238,Keme (Kemie variety),728,thi.31 nəŋ.55,phonetic,first,,,,
13-330-804-1,manm1238,Keme (Kemie variety),1580,tiʔ.53,phonetic,"alone, only",,,,
13-240-804-1,manm1238,Keme (Kemie variety),816,kət.53,phonetic,half,,,,
13-230-804-1,manm1238,Keme (Kemie variety),779,pɛt.53,phonetic,"part, piece",,,,
13-220-804-1,manm1238,Keme (Kemie variety),1624,koŋ.31,phonetic,empty,,,,
13-210-804-1,manm1238,Keme (Kemie variety),1429,nok.53,phonetic,full,,,,
13-190-804-1,manm1238,Keme (Kemie variety),2023,mu.31,phonetic,"multitude, crowd",,,,
13-181-804-1,manm1238,Keme (Kemie variety),1241,pɛt.53,phonetic,some,,,,
13-170-804-1,manm1238,Keme (Kemie variety),1242,pɛt.53,phonetic,"little (quantity), few",,,,
13-180-804-1,manm1238,Keme (Kemie variety),1881,khap.53,phonetic,enough,,,,
13-160-804-1,manm1238,Keme (Kemie variety),1992,phəŋ.55 phəŋ.55,phonetic,more,,,,
13-150-804-1,manm1238,Keme (Kemie variety),1198,phəŋ.55,phonetic,"much, many",,,,
13-140-804-1,manm1238,Keme (Kemie variety),98,ko.35,phonetic,"every, all",,,,
13-107-804-1,manm1238,Keme (Kemie variety),1420,kih.31,phonetic,count,,,,
13-106-804-1,manm1238,Keme (Kemie variety),1843,pan.31,phonetic,thousand,,,,
13-105-804-1,manm1238,Keme (Kemie variety),1634,ɣɔi.31,phonetic,hundred,,,,
13-104-804-1,manm1238,Keme (Kemie variety),1710,sa:u.31,phonetic,twenty,,,,
13-103-804-1,manm1238,Keme (Kemie variety),1709,sip.53 ha.13,phonetic,fifteen,,,,
13-102-804-1,manm1238,Keme (Kemie variety),1707,sip.53 sɔŋ.55,phonetic,twelve,,,,
13-101-804-1,manm1238,Keme (Kemie variety),1706,sip.53 et.53,phonetic,eleven,,,,
13-100-804-1,manm1238,Keme (Kemie variety),1515,sip.53,phonetic,ten,,,,
12-930-804-1,manm1238,Keme (Kemie variety),1264,met.53,phonetic,change,,,,
12-920-804-1,manm1238,Keme (Kemie variety),1558,kəʔ.53 ćɨ.31,phonetic,"like, similar",,,,
12-850-804-1,manm1238,Keme (Kemie variety),1667,thuʔ.53,phonetic,hole,,,,
12-830-804-1,manm1238,Keme (Kemie variety),1845,mun.31,phonetic,"sphere, ball",,,,
12-810-804-1,manm1238,Keme (Kemie variety),1395,mun.31,phonetic,round,,,,
12-820-804-1,manm1238,Keme (Kemie variety),1467,mun.31,phonetic,circle,,,,
12-780-804-1,manm1238,Keme (Kemie variety),850,lɛm.35,phonetic,square,,,,
12-770-804-1,manm1238,Keme (Kemie variety),1367,pai.13 pɛ.31,phonetic,cross,,,,
12-760-804-1,manm1238,Keme (Kemie variety),192,ćɛ.31,phonetic,corner,,,,
12-750-804-1,manm1238,Keme (Kemie variety),1071,khɔ.31,phonetic,hook,,,,
12-740-804-1,manm1238,Keme (Kemie variety),297,khɔk.53,phonetic,crooked,,,,
12-730-804-1,manm1238,Keme (Kemie variety),1404,sɨ.35,phonetic,straight,,,,
12-710-804-1,manm1238,Keme (Kemie variety),1633,peŋ.35,phonetic,flat,,,,
12-680-804-1,manm1238,Keme (Kemie variety),193,dum.13,phonetic,shallow,,,,
12-670-804-1,manm1238,Keme (Kemie variety),1593,kuʔ.53,phonetic,deep,,,,
12-650-804-1,manm1238,Keme (Kemie variety),2249,liou.31,phonetic,thin (in dimension),,,,
12-630-804-1,manm1238,Keme (Kemie variety),1244,sət.33,phonetic,thick (in dimension),,,,
12-620-804-1,manm1238,Keme (Kemie variety),1267,ćɔm.11,phonetic,narrow,,,,
12-610-804-1,manm1238,Keme (Kemie variety),1243,fa.55,phonetic,"wide, broad",,,,
12-590-804-1,manm1238,Keme (Kemie variety),1645,tot.33,phonetic,short,,,,
12-580-804-1,manm1238,Keme (Kemie variety),711,leŋ.31,phonetic,tall,,,,
12-570-804-1,manm1238,Keme (Kemie variety),1203,la:n.31,phonetic,long,,,,
12-560-804-1,manm1238,Keme (Kemie variety),1246,tɛk.53,phonetic,"small, little",,,,
12-550-804-1,manm1238,Keme (Kemie variety),1202,vɔ.55,phonetic,"large, big",,,,
12-541-804-1,manm1238,Keme (Kemie variety),81,sa:n.13,phonetic,"span, fathom",,,,
12-540-804-1,manm1238,Keme (Kemie variety),1506,tɛk.13,phonetic,measure,,,,
12-530-804-1,manm1238,Keme (Kemie variety),479,vɔ.31,phonetic,grow,,,,
12-480-804-1,manm1238,Keme (Kemie variety),1595,hun.31 thɛʔ.53,phonetic,south,,,,
12-470-804-1,manm1238,Keme (Kemie variety),1598,hun.31 thɔʔ.53,phonetic,north,,,,
12-460-804-1,manm1238,Keme (Kemie variety),1817,hun.31ŋai.31 ŋiʔ.53  lup.53,phonetic,west,,,,
12-450-804-1,manm1238,Keme (Kemie variety),1877,hun.31ŋai.31 ŋiʔ.53 li.31,phonetic,east,,,,
12-430-804-1,manm1238,Keme (Kemie variety),1942,tɛʔ.53,phonetic,near (adv),,,,
12-430-804-2,manm1238,Keme (Kemie variety),1942,nai.35,phonetic,near (adv),,,,
12-420-804-1,manm1238,Keme (Kemie variety),244,lɔŋ.31 vɛʔ.53,phonetic,left (side),,,,
12-410-804-1,manm1238,Keme (Kemie variety),1019,lɔn.31 kaŋ.55,phonetic,right (side),,,,
12-370-804-1,manm1238,Keme (Kemie variety),1093,kaŋ.55 diŋ.13,phonetic,"middle, center",,,,
12-360-804-1,manm1238,Keme (Kemie variety),682,khɔp.13,phonetic,side,,,,
12-353-804-1,manm1238,Keme (Kemie variety),863,khɔp.13,phonetic,edge,,,,
12-352-804-1,manm1238,Keme (Kemie variety),372,phɛk.53,phonetic,pointed,,,,
12-350-804-1,manm1238,Keme (Kemie variety),742,tɛn.31 tɛn.31,phonetic,end,,,,
12-340-804-1,manm1238,Keme (Kemie variety),690,tɛn.31 tɛn.31,phonetic,bottom,,,,
12-320-804-1,manm1238,Keme (Kemie variety),721,tɛn.31,phonetic,low,,,,
12-330-804-1,manm1238,Keme (Kemie variety),1753,leŋ.31 leŋ.31,phonetic,top,,,,
12-310-804-1,manm1238,Keme (Kemie variety),1265,leŋ.31,phonetic,high,,,,
12-270-804-1,manm1238,Keme (Kemie variety),602,sɔk.33,phonetic,"hide, conceal",,,,
12-250-804-1,manm1238,Keme (Kemie variety),1046,saŋ.55,phonetic,"shut, close",,,,
12-260-804-1,manm1238,Keme (Kemie variety),761,sup.53,phonetic,cover,,,,
12-240-804-1,manm1238,Keme (Kemie variety),1156,ta.55,phonetic,open,,,,
12-232-804-1,manm1238,Keme (Kemie variety),1119,ća:k.33,phonetic,divide,,,,
12-230-804-1,manm1238,Keme (Kemie variety),1359,ća:k.33,phonetic,separate,,,,
12-220-804-1,manm1238,Keme (Kemie variety),1743,tɔʔ.31,phonetic,"join, unite",,,,
12-213-804-1,manm1238,Keme (Kemie variety),1576,kɔŋ.35,phonetic,pile up,,,,
12-212-804-1,manm1238,Keme (Kemie variety),371,çip.53,phonetic,pick up,,,,
12-210-804-1,manm1238,Keme (Kemie variety),7,hɔm.35,phonetic,"collect, gather",,,,
12-170-804-1,manm1238,Keme (Kemie variety),838,lə.55,phonetic,"remains, left overs",,,,
12-160-804-1,manm1238,Keme (Kemie variety),987,ot.13,phonetic,"remain, stay",,,,
12-150-804-1,manm1238,Keme (Kemie variety),1442,sɨŋ.55 ćan.31,phonetic,stand,,,,
12-140-804-1,manm1238,Keme (Kemie variety),215,ɛt.13,phonetic,lie down,,,,
12-130-804-1,manm1238,Keme (Kemie variety),1416,thɛʔ.53,phonetic,sit,,,,
12-120-804-1,manm1238,Keme (Kemie variety),998,un.55,phonetic,put,,,,
11-920-804-1,manm1238,Keme (Kemie variety),1098,suk.53,phonetic,weigh,,,,
11-910-804-1,manm1238,Keme (Kemie variety),884,pun.35,phonetic,share (distribute),,,,
11-890-804-1,manm1238,Keme (Kemie variety),1887,fɔʔ.53,phonetic,cheap,,,,
11-880-804-1,manm1238,Keme (Kemie variety),1426,ŋɔh.33,phonetic,"dear (costly, expensive)",,,,
11-870-804-1,manm1238,Keme (Kemie variety),657,ŋɔh.33,phonetic,price,,,,
11-860-804-1,manm1238,Keme (Kemie variety),752,çaŋ.55 khu.31,phonetic,"store, shop",,,,
11-850-804-1,manm1238,Keme (Kemie variety),633,khah.31,phonetic,market (place),,,,
11-840-804-1,manm1238,Keme (Kemie variety),1082,iʔ.53 ka.13,phonetic,merchant,,,,
11-830-804-1,manm1238,Keme (Kemie variety),2135,ka.13,phonetic,"trade, barter",,,,
11-820-804-1,manm1238,Keme (Kemie variety),1571,phət.53,phonetic,sell,,,,
11-810-804-1,manm1238,Keme (Kemie variety),1869,fa:i.35,phonetic,buy,,,,
11-790-804-1,manm1238,Keme (Kemie variety),733,ban.31 mun.35,phonetic,earn,,,,
11-780-804-1,manm1238,Keme (Kemie variety),1122,mun.35 a khɛŋ.13,phonetic,wages,,,,
11-770-804-1,manm1238,Keme (Kemie variety),856,ća:ŋ.13,phonetic,hire,,,,
11-690-804-1,manm1238,Keme (Kemie variety),873,khɔn.13,phonetic,"tax, tribute",,,,
11-660-804-1,manm1238,Keme (Kemie variety),1081,sɔn.13,phonetic,"account, reckoning",,,,
11-650-804-1,manm1238,Keme (Kemie variety),718,kɛ.13,phonetic,pay (vb),,,,
11-640-804-1,manm1238,Keme (Kemie variety),1914,jɔm.31,phonetic,debt,,,,
11-630-804-1,manm1238,Keme (Kemie variety),369,ćut.13,phonetic,owe,,,,
11-620-804-1,manm1238,Keme (Kemie variety),1823,va:i.31,phonetic,borrow,,,,
11-610-804-1,manm1238,Keme (Kemie variety),582,va:i.31,phonetic,lend,,,,
11-540-804-1,manm1238,Keme (Kemie variety),1774,ŋɛk.53,phonetic,"avaricious, stingy",,,,
11-530-804-1,manm1238,Keme (Kemie variety),1934,jɔn.31,phonetic,beggar,,,,
11-520-804-1,manm1238,Keme (Kemie variety),1674,tok.53,phonetic,poor,,,,
11-510-804-1,manm1238,Keme (Kemie variety),712,maŋ.31,phonetic,rich,,,,
11-440-804-1,manm1238,Keme (Kemie variety),1867,mun.35,phonetic,coin,,,,
11-430-804-1,manm1238,Keme (Kemie variety),1559,mun.35,phonetic,money,,,,
11-330-804-1,manm1238,Keme (Kemie variety),1660,sun.35,phonetic,lose,,,,
11-320-804-1,manm1238,Keme (Kemie variety),719,khaʔ.53 pan.55,phonetic,find,,,,
11-310-804-1,manm1238,Keme (Kemie variety),1468,pan.55,phonetic,"seek, look for",,,,
11-280-804-1,manm1238,Keme (Kemie variety),44,sɨŋ.31 ɣɛh.31,phonetic,"harm, injure, damage",,,,
11-270-804-1,manm1238,Keme (Kemie variety),681,sɨŋ.31 ɣɛh.31,phonetic,destroy,,,,
11-250-804-1,manm1238,Keme (Kemie variety),2008,phot.13,phonetic,"save, rescue",,,,
11-240-804-1,manm1238,Keme (Kemie variety),1997,nɔm.13,phonetic,"preserve, look after",,,,
11-220-804-1,manm1238,Keme (Kemie variety),85,sa:i.11,phonetic,give back,,,,
11-210-804-1,manm1238,Keme (Kemie variety),1447,tho.35,phonetic,give,,,,
11-180-804-1,manm1238,Keme (Kemie variety),738,pa.31,phonetic,thing,,,,
11-160-804-1,manm1238,Keme (Kemie variety),694,pin.31,phonetic,"get, obtain",,,,
11-150-804-1,manm1238,Keme (Kemie variety),1448,pɛm.31,phonetic,hold,,,,
11-140-804-1,manm1238,Keme (Kemie variety),2021,ŋip.53,phonetic,"seize, grasp",,,,
11-130-804-1,manm1238,Keme (Kemie variety),1749,nəm.31,phonetic,take,,,,
11-120-804-1,manm1238,Keme (Kemie variety),684,paʔ.53,phonetic,"own, possess",,,,
11-110-804-1,manm1238,Keme (Kemie variety),773,paʔ.53,phonetic,have,,,,
10-920-804-1,manm1238,Keme (Kemie variety),1922,sa.31 faŋ.55,phonetic,land (vb),,,,
10-910-804-1,manm1238,Keme (Kemie variety),610,ta.35,phonetic,"harbor, port",,,,
10-890-804-1,manm1238,Keme (Kemie variety),1870,ćɔt.13,phonetic,anchor,,,,
10-850-804-1,manm1238,Keme (Kemie variety),108,ma:i.11 fai.31,phonetic,oar,,,,
10-810-804-1,manm1238,Keme (Kemie variety),740,kɔŋ.31,phonetic,ship,,,,
10-780-804-1,manm1238,Keme (Kemie variety),14,ɛk.13,phonetic,yoke,,,,
10-760-804-1,manm1238,Keme (Kemie variety),710,lɔ.31 lot.13,phonetic,wheel,,,,
10-750-804-1,manm1238,Keme (Kemie variety),122,lot.13,phonetic,"carriage, wagon, cart",,,,
10-740-804-1,manm1238,Keme (Kemie variety),1011,kho.55,phonetic,bridge,,,,
10-720-804-1,manm1238,Keme (Kemie variety),2252,a ɣɔŋ.31 tɛk.53,phonetic,path,,,,
10-710-804-1,manm1238,Keme (Kemie variety),667,a ɣɔŋ.31,phonetic,road,,,,
10-670-804-1,manm1238,Keme (Kemie variety),1452,sot.33,phonetic,"push, shove",,,,
10-660-804-1,manm1238,Keme (Kemie variety),367,pak.53,phonetic,ride,,,,
10-650-804-1,manm1238,Keme (Kemie variety),741,phat.53 lot.13,phonetic,drive,,,,
10-640-804-1,manm1238,Keme (Kemie variety),43,thɔ.13,phonetic,lead (vb),,,,
10-630-804-1,manm1238,Keme (Kemie variety),1127,lɛʔ.53 ńaŋ.55,phonetic,send,,,,
10-620-804-1,manm1238,Keme (Kemie variety),692,lɛʔ.53 in.31,phonetic,bring,,,,
10-615-804-1,manm1238,Keme (Kemie variety),415,kha:p.13,phonetic,carry-underarm,,,,
10-614-804-1,manm1238,Keme (Kemie variety),414,kam.13,phonetic,carry-on-head,,,,
10-613-804-1,manm1238,Keme (Kemie variety),413,lam.13,phonetic,carry-on-shoulder,,,,
10-612-804-1,manm1238,Keme (Kemie variety),412,tiu.13,phonetic,carry-in-hand,,,,
10-610-804-1,manm1238,Keme (Kemie variety),700,lɛʔ.53,phonetic,carry (bear),,,,
10-570-804-1,manm1238,Keme (Kemie variety),749,lup.53,phonetic,enter,,,,
10-560-804-1,manm1238,Keme (Kemie variety),1778,tɛʔ.53,phonetic,approach,,,,
10-550-804-1,manm1238,Keme (Kemie variety),1387,ɣɔt.13,phonetic,"reach, arrive",,,,
10-530-804-1,manm1238,Keme (Kemie variety),1047,ɣɨp.13,phonetic,pursue,,,,
10-520-804-1,manm1238,Keme (Kemie variety),1085,ńaŋ.55 kup.53,phonetic,follow,,,,
10-510-804-1,manm1238,Keme (Kemie variety),956,lu.31 phui.13,phonetic,flee,,,,
10-491-804-1,manm1238,Keme (Kemie variety),485,maʔ.53 lɔm.31,phonetic,disappear,,,,
10-481-804-1,manm1238,Keme (Kemie variety),581,in.31,phonetic,come back,,,,
10-480-804-1,manm1238,Keme (Kemie variety),1446,in.31,phonetic,come,,,,
10-474-804-1,manm1238,Keme (Kemie variety),1107,li.35,phonetic,go out,,,,
10-473-804-1,manm1238,Keme (Kemie variety),2014,lɔŋ.35,phonetic,go down,,,,
10-472-804-1,manm1238,Keme (Kemie variety),1102,sa.31,phonetic,climb,,,,
10-470-804-1,manm1238,Keme (Kemie variety),695,ńaŋ.55,phonetic,go,,,,
10-471-804-1,manm1238,Keme (Kemie variety),705,sa.31,phonetic,go up,,,,
10-460-804-1,manm1238,Keme (Kemie variety),1519,lu.31,phonetic,run,,,,
10-450-804-1,manm1238,Keme (Kemie variety),1443,tiou.31,phonetic,walk,,,,
10-440-804-1,manm1238,Keme (Kemie variety),1879,fuan.31,phonetic,dance,,,,
10-431-804-1,manm1238,Keme (Kemie variety),1135,dit.13,phonetic,kick,,,,
10-430-804-1,manm1238,Keme (Kemie variety),1829,hɔk.53,phonetic,"jump, leap",,,,
10-420-804-1,manm1238,Keme (Kemie variety),1324,le.55,phonetic,"slide, slip",,,,
10-413-804-1,manm1238,Keme (Kemie variety),296,khɔ.31 jɔ.31,phonetic,crouch,,,,
10-412-804-1,manm1238,Keme (Kemie variety),66,khup.35 khau.31,phonetic,kneel,,,,
10-410-804-1,manm1238,Keme (Kemie variety),96,miou.31,phonetic,"creep, crawl",,,,
10-380-804-1,manm1238,Keme (Kemie variety),175,phut.13,phonetic,blow,,,,
10-370-804-1,manm1238,Keme (Kemie variety),1441,phən.55,phonetic,fly (vb),,,,
10-360-804-1,manm1238,Keme (Kemie variety),787,tiou.31,phonetic,sail (vb),,,,
10-352-804-1,manm1238,Keme (Kemie variety),365,sɔi.31,phonetic,splash,,,,
10-351-804-1,manm1238,Keme (Kemie variety),119,dam.35,phonetic,dive,,,,
10-350-804-1,manm1238,Keme (Kemie variety),1439,dam.35,phonetic,swim,,,,
10-340-804-1,manm1238,Keme (Kemie variety),1574,fu.11,phonetic,float,,,,
10-330-804-1,manm1238,Keme (Kemie variety),1088,ćum.55,phonetic,sink,,,,
10-320-804-1,manm1238,Keme (Kemie variety),2003,le.35,phonetic,flow,,,,
10-260-804-1,manm1238,Keme (Kemie variety),1909,sɨŋ.31 joŋ.31,phonetic,shake,,,,
10-252-804-1,manm1238,Keme (Kemie variety),702,ŋip.53,phonetic,catch (ball),,,,
10-250-804-1,manm1238,Keme (Kemie variety),1456,ləŋ.55,phonetic,throw,,,,
10-240-804-1,manm1238,Keme (Kemie variety),2253,jɔt.13,phonetic,drip,,,,
10-230-804-1,manm1238,Keme (Kemie variety),1280,khi.31,phonetic,fall,,,,
10-220-804-1,manm1238,Keme (Kemie variety),501,sot.33,phonetic,"raise, lift",,,,
10-210-804-1,manm1238,Keme (Kemie variety),568,sa.31,phonetic,rise,,,,
10-170-804-1,manm1238,Keme (Kemie variety),430,phat.53,phonetic,twist,,,,
10-170-804-2,manm1238,Keme (Kemie variety),430,ćɔn.13,phonetic,twist,,,,
10-160-804-1,manm1238,Keme (Kemie variety),808,khi.31,phonetic,drop (vb),,,,
10-150-804-1,manm1238,Keme (Kemie variety),827,phan.31,phonetic,roll,,,,
10-140-804-1,manm1238,Keme (Kemie variety),1113,ka.31,phonetic,"wind, wrap",,,,
10-130-804-1,manm1238,Keme (Kemie variety),1445,vin.13,phonetic,turn around,,,,
10-120-804-1,manm1238,Keme (Kemie variety),1588,pin.13,phonetic,turn over,,,,
10-110-804-1,manm1238,Keme (Kemie variety),765,khəʔ.53,phonetic,move,,,,
9-890-804-1,manm1238,Keme (Kemie variety),2001,ta.31,phonetic,paint (vb),,,,
9-840-804-1,manm1238,Keme (Kemie variety),1979,a sɔk.53,phonetic,chisel,,,,
9-880-804-1,manm1238,Keme (Kemie variety),647,çi.55,phonetic,paint (noun),,,,
9-810-804-1,manm1238,Keme (Kemie variety),228,khvak.53,phonetic,carve,,,,
9-791-804-1,manm1238,Keme (Kemie variety),360,vɔt.53,phonetic,fan (vb),,,,
9-790-804-1,manm1238,Keme (Kemie variety),1971,a vɔt.53,phonetic,fan (noun),,,,
9-770-804-1,manm1238,Keme (Kemie variety),195,a phiou.31,phonetic,mat,,,,
9-760-804-1,manm1238,Keme (Kemie variety),1539,lɔʔ.53,phonetic,basket,,,,
9-740-804-1,manm1238,Keme (Kemie variety),604,kiau.13,phonetic,glass,,,,
9-720-804-1,manm1238,Keme (Kemie variety),289,pəŋ.33,phonetic,mold (clay etc),,,,
9-710-804-1,manm1238,Keme (Kemie variety),359,a saŋ.55 lɔn.31,phonetic,potter,,,,
9-690-804-1,manm1238,Keme (Kemie variety),358,hek.33,phonetic,"tin, tinplate",,,,
9-680-804-1,manm1238,Keme (Kemie variety),627,saʔ.53 tuʔ.53,phonetic,lead (noun),,,,
9-670-804-1,manm1238,Keme (Kemie variety),621,a ŋaŋ.13,phonetic,iron,,,,
9-660-804-1,manm1238,Keme (Kemie variety),1825,thɔŋ.31,phonetic,"copper, bronze",,,,
9-650-804-1,manm1238,Keme (Kemie variety),759,mun.13,phonetic,silver,,,,
9-640-804-1,manm1238,Keme (Kemie variety),1369,kha:m.31,phonetic,gold,,,,
9-610-804-1,manm1238,Keme (Kemie variety),288,tham.31 ŋaŋ.13,phonetic,forge,,,,
9-600-804-1,manm1238,Keme (Kemie variety),1001,saŋ.55 ŋaŋ.13,phonetic,"smith, blacksmith",,,,
9-560-804-1,manm1238,Keme (Kemie variety),1069,om.31 jaŋ.55,phonetic,glue,,,,
9-500-804-1,manm1238,Keme (Kemie variety),502,kan.31 faʔ.53,phonetic,nail,,,,
9-490-804-1,manm1238,Keme (Kemie variety),1481,khɔn.33 pa:i.13,phonetic,hammer,,,,
9-480-804-1,manm1238,Keme (Kemie variety),1948,lə.55,phonetic,saw,,,,
9-461-804-1,manm1238,Keme (Kemie variety),46,bok.53,phonetic,hollow out,,,,
9-460-804-1,manm1238,Keme (Kemie variety),1501,sɛt.31,phonetic,bore,,,,
9-440-804-1,manm1238,Keme (Kemie variety),1840,pɛŋ.31,phonetic,build,,,,
9-430-804-1,manm1238,Keme (Kemie variety),1042,saŋ.55 seʔ.53,phonetic,carpenter,,,,
9-422-804-1,manm1238,Keme (Kemie variety),1361,pa.33,phonetic,tool,,,,
9-380-804-1,manm1238,Keme (Kemie variety),245,a ɔk.33,phonetic,broom,,,,
9-360-804-1,manm1238,Keme (Kemie variety),1453,saʔ.53,phonetic,wash,,,,
9-370-804-1,manm1238,Keme (Kemie variety),230,ɔk.33,phonetic,sweep,,,,
9-350-804-1,manm1238,Keme (Kemie variety),1487,thɔk.13,phonetic,pour,,,,
9-343-804-1,manm1238,Keme (Kemie variety),1414,pɛt.13,phonetic,"squeeze, wring",,,,
9-342-804-1,manm1238,Keme (Kemie variety),1913,tek.53,phonetic,press,,,,
9-341-804-1,manm1238,Keme (Kemie variety),357,hɔi.13,phonetic,hang up,,,,
9-340-804-1,manm1238,Keme (Kemie variety),38,ɣi.11,phonetic,spread out,,,,
9-330-804-1,manm1238,Keme (Kemie variety),1455,tha:k.33,phonetic,pull,,,,
9-310-804-1,manm1238,Keme (Kemie variety),1449,nut.13,phonetic,"rub, wipe",,,,
9-290-804-1,manm1238,Keme (Kemie variety),291,pha:.33,phonetic,"flay, skin",,,,
9-280-804-1,manm1238,Keme (Kemie variety),1735,sɛh.31,phonetic,tear,,,,
9-270-804-1,manm1238,Keme (Kemie variety),1437,lak.53,phonetic,split,,,,
9-261-804-1,manm1238,Keme (Kemie variety),588,lak.53,phonetic,broken,,,,
9-260-804-1,manm1238,Keme (Kemie variety),680,ŋɛk.53,phonetic,break,,,,
9-250-804-1,manm1238,Keme (Kemie variety),677,məi.31,phonetic,ax,,,,
9-240-804-1,manm1238,Keme (Kemie variety),356,a va:t.13,phonetic,"scissors, shears",,,,
9-230-804-1,manm1238,Keme (Kemie variety),1352,sɔ.35,phonetic,knife,,,,
9-223-804-1,manm1238,Keme (Kemie variety),1434,sɛt.31,phonetic,stab,,,,
9-222-804-1,manm1238,Keme (Kemie variety),155,khu.33,phonetic,"chop, hew",,,,
9-221-804-1,manm1238,Keme (Kemie variety),355,thən.55,phonetic,cut down,,,,
9-220-804-1,manm1238,Keme (Kemie variety),1432,sɔi.31,phonetic,cut,,,,
9-211-804-1,manm1238,Keme (Kemie variety),354,təp.13,phonetic,pound with fist,,,,
9-210-804-1,manm1238,Keme (Kemie variety),2133,dop.13,phonetic,"strike (hit, beat)",,,,
9-210-804-2,manm1238,Keme (Kemie variety),2133,phɔ.55,phonetic,"strike (hit, beat)",,,,
9-192-804-1,manm1238,Keme (Kemie variety),760,khɔt.13,phonetic,knot (noun),,,,
9-190-804-1,manm1238,Keme (Kemie variety),1218,siʔ.53,phonetic,"rope, cord",,,,
9-161-804-1,manm1238,Keme (Kemie variety),352,khaʔ.13,phonetic,untie,,,,
9-160-804-1,manm1238,Keme (Kemie variety),1917,pək.53,phonetic,"tie, bind",,,,
9-150-804-1,manm1238,Keme (Kemie variety),1470,tup.53,phonetic,fold,,,,
9-140-804-1,manm1238,Keme (Kemie variety),2004,khɔk.53,phonetic,bend,,,,
9-120-804-1,manm1238,Keme (Kemie variety),984,i.35 vɛk.53,phonetic,work,,,,
9-110-804-1,manm1238,Keme (Kemie variety),2575,i.35,phonetic,"do, make",,,,
8-980-804-1,manm1238,Keme (Kemie variety),641,a thih.53,phonetic,mushroom,,,,
8-960-804-1,manm1238,Keme (Kemie variety),348,se.35,phonetic,fish poison (root),,,,
8-941-804-1,manm1238,Keme (Kemie variety),146,m mɛʔ.53,phonetic,sugar cane,,,,
8-940-804-1,manm1238,Keme (Kemie variety),1927,həŋ.55,phonetic,bamboo,,,,
8-931-804-1,manm1238,Keme (Kemie variety),864,a phin.13,phonetic,"pumpkin, squash",,,,
8-930-804-1,manm1238,Keme (Kemie variety),411,m fai.31,phonetic,gourd,,,,
8-920-804-1,manm1238,Keme (Kemie variety),925,a tat.33,phonetic,"tapioca, manioc, cassava",,,,
8-910-804-1,manm1238,Keme (Kemie variety),159,a tat.33 hɛŋ.55,phonetic,sweet potato,,,,
8-850-804-1,manm1238,Keme (Kemie variety),346,kɔ.35 sə.31 li.55,phonetic,banyan,,,,
8-840-804-1,manm1238,Keme (Kemie variety),868,kɔ.35 tɔ.31 hɔm.55,phonetic,banana tree,,,,
8-830-804-1,manm1238,Keme (Kemie variety),1126,kɔ.35 ɔm.31 ćuk.53,phonetic,citrus fruit,,,,
8-820-804-1,manm1238,Keme (Kemie variety),970,kɔ.35 pau.33,phonetic,coconut,,,,
8-810-804-1,manm1238,Keme (Kemie variety),1181,kɔ.35 ćuk.53,phonetic,palm tree,,,,
8-760-804-1,manm1238,Keme (Kemie variety),345,om.31 kɔ.35 seʔ.53,phonetic,sap,,,,
8-750-804-1,manm1238,Keme (Kemie variety),1204,pa:k.13,phonetic,bark,,,,
8-740-804-1,manm1238,Keme (Kemie variety),409,ŋa:m.13,phonetic,forked branch,,,,
8-730-804-1,manm1238,Keme (Kemie variety),344,lam.31,phonetic,tree trunk,,,,
8-720-804-1,manm1238,Keme (Kemie variety),241,kau.35 ŋɨn.31,phonetic,tree stump,,,,
8-691-804-1,manm1238,Keme (Kemie variety),1124,ja.55 bo.13,phonetic,pipe,,,,
8-690-804-1,manm1238,Keme (Kemie variety),1689,thot.31 ja.55,phonetic,smoke (tobacco),,,,
8-690-804-2,manm1238,Keme (Kemie variety),1689,ja.55,phonetic,smoke (tobacco),,,,
8-680-804-1,manm1238,Keme (Kemie variety),974,ja.55,phonetic,tobacco,,,,
8-670-804-1,manm1238,Keme (Kemie variety),343,khə.31 siʔ.53,phonetic,vine,,,,
8-640-804-1,manm1238,Keme (Kemie variety),1740,kɔ.35 ćiʔ.53,phonetic,pine,,,,
8-620-804-1,manm1238,Keme (Kemie variety),1950,kɔ.35,phonetic,beech,,,,
8-610-804-1,manm1238,Keme (Kemie variety),644,kɔ.35 jaŋ.55,phonetic,oak,,,,
8-600-804-1,manm1238,Keme (Kemie variety),906,kɔ.35 seʔ.53,phonetic,tree,,,,
8-570-804-1,manm1238,Keme (Kemie variety),239,ha:ŋ.31,phonetic,flower,,,,
8-560-804-1,manm1238,Keme (Kemie variety),628,laʔ.53,phonetic,leaf,,,,
8-550-804-1,manm1238,Keme (Kemie variety),1531,kha.55,phonetic,branch,,,,
8-540-804-1,manm1238,Keme (Kemie variety),670,ɣɛh.31,phonetic,root,,,,
8-531-804-1,manm1238,Keme (Kemie variety),1486,səm.55,phonetic,plant (vb),,,,
8-520-804-1,manm1238,Keme (Kemie variety),342,a ɣɛʔ.53 phaŋ.55,phonetic,hay,,,,
8-510-804-1,manm1238,Keme (Kemie variety),606,phaŋ.55,phonetic,grass,,,,
8-480-804-1,manm1238,Keme (Kemie variety),926,up.53,phonetic,rice,,,,
8-470-804-1,manm1238,Keme (Kemie variety),506,saʔ.53 li.11,phonetic,"maize, corn",,,,
8-460-804-1,manm1238,Keme (Kemie variety),60,khiau.11,phonetic,oats,,,,
8-450-804-1,manm1238,Keme (Kemie variety),23,mə.13,phonetic,rye,,,,
8-430-804-1,manm1238,Keme (Kemie variety),1077,mə.13,phonetic,wheat,,,,
8-440-804-1,manm1238,Keme (Kemie variety),932,mə.13,phonetic,barley,,,,
8-420-804-1,manm1238,Keme (Kemie variety),605,ŋɔʔ.53,phonetic,"grain (barley, oats etc)",,,,
8-410-804-1,manm1238,Keme (Kemie variety),611,pa.31 sa:ŋ.13,phonetic,"crop, harvest",,,,
8-350-804-1,manm1238,Keme (Kemie variety),223,tək.13 phiou.31,phonetic,threshing-floor,,,,
8-340-804-1,manm1238,Keme (Kemie variety),285,top.13 ŋɔʔ.53,phonetic,thresh,,,,
8-330-804-1,manm1238,Keme (Kemie variety),2132,a vət.53,phonetic,"sickle, scythe",,,,
8-320-804-1,manm1238,Keme (Kemie variety),190,vət.53,phonetic,"mow, reap",,,,
8-311-804-1,manm1238,Keme (Kemie variety),714,ćə.11,phonetic,seed,,,,
8-310-804-1,manm1238,Keme (Kemie variety),748,pha:u.13,phonetic,sow,,,,
8-270-804-1,manm1238,Keme (Kemie variety),338,a khɔ.33,phonetic,rake,,,,
8-250-804-1,manm1238,Keme (Kemie variety),284,a ćɔk.53,phonetic,hoe,,,,
8-240-804-1,manm1238,Keme (Kemie variety),1901,sok.13,phonetic,shovel,,,,
8-230-804-1,manm1238,Keme (Kemie variety),1176,pa:k.33 sok.13,phonetic,spade,,,,
8-220-804-1,manm1238,Keme (Kemie variety),1418,bok.53,phonetic,dig,,,,
8-210-804-1,manm1238,Keme (Kemie variety),1921,thai.35,phonetic,plow,,,,
8-170-804-1,manm1238,Keme (Kemie variety),2002,məŋ.31,phonetic,ditch,,,,
8-160-804-1,manm1238,Keme (Kemie variety),1690,a lau.31,phonetic,fence,,,,
8-150-804-1,manm1238,Keme (Kemie variety),1541,thai.35,phonetic,"cultivate, till",,,,
8-130-804-1,manm1238,Keme (Kemie variety),586,sun.13,phonetic,garden,,,,
8-120-804-1,manm1238,Keme (Kemie variety),212,na.31,phonetic,field (for cultivation),,,,
7-630-804-1,manm1238,Keme (Kemie variety),224,pan.13 a sa:t.33,phonetic,mortar,,,,
7-610-804-1,manm1238,Keme (Kemie variety),877,din.31 ki.13,phonetic,mason,,,,
7-570-804-1,manm1238,Keme (Kemie variety),1227,pɛn.13,phonetic,board,,,,
7-550-804-1,manm1238,Keme (Kemie variety),1132,ləm.35,phonetic,beam,,,,
7-540-804-1,manm1238,Keme (Kemie variety),829,hɔʔ.53,phonetic,rafter,,,,
7-530-804-1,manm1238,Keme (Kemie variety),280,khɨ.55,phonetic,ridgepole,,,,
7-510-804-1,manm1238,Keme (Kemie variety),769,ćɔk.13 ńaʔ.53,phonetic,roof,,,,
7-480-804-1,manm1238,Keme (Kemie variety),205,a phak.33,phonetic,trough,,,,
7-470-804-1,manm1238,Keme (Kemie variety),745,ŋa:m.13,phonetic,shelf,,,,
7-460-804-1,manm1238,Keme (Kemie variety),1273,tin.31,phonetic,candle,,,,
7-450-804-1,manm1238,Keme (Kemie variety),2131,phaŋ.31 pheŋ.55,phonetic,"lamp, torch",,,,
7-440-804-1,manm1238,Keme (Kemie variety),1775,phɨn.13,phonetic,table,,,,
7-430-804-1,manm1238,Keme (Kemie variety),1476,pha:ŋ.31,phonetic,chair,,,,
7-422-804-1,manm1238,Keme (Kemie variety),806,ŋɔk.31 suʔ.53,phonetic,blanket,,,,
7-421-804-1,manm1238,Keme (Kemie variety),1044,khiŋ.55 keŋ.31,phonetic,pillow,,,,
7-420-804-1,manm1238,Keme (Kemie variety),1663,tɛn.33,phonetic,bed,,,,
7-370-804-1,manm1238,Keme (Kemie variety),1464,tɨŋ.11 tɔn.31,phonetic,ladder,,,,
7-330-804-1,manm1238,Keme (Kemie variety),1305,thɔŋ.31 mut.53,phonetic,chimney,,,,
7-320-804-1,manm1238,Keme (Kemie variety),859,tau.31 jau.13,phonetic,stove,,,,
7-270-804-1,manm1238,Keme (Kemie variety),933,faʔ.53 saŋ.55,phonetic,wall,,,,
7-260-804-1,manm1238,Keme (Kemie variety),1632,a məh.31,phonetic,floor,,,,
7-250-804-1,manm1238,Keme (Kemie variety),1375,pɔŋ.35,phonetic,window,,,,
7-240-804-1,manm1238,Keme (Kemie variety),1472,khɔ.55 kha.31 ćɛ.55,phonetic,key,,,,
7-231-804-1,manm1238,Keme (Kemie variety),1012,sɛ.31 tu.55,phonetic,"latch, door-bolt",,,,
7-230-804-1,manm1238,Keme (Kemie variety),1596,khɔ.55 ćɛ.55,phonetic,lock (noun),,,,
7-210-804-1,manm1238,Keme (Kemie variety),1450,hɔŋ.13 ńaʔ.53,phonetic,room,,,,
7-220-804-1,manm1238,Keme (Kemie variety),1567,tu.55,phonetic,"door, gate",,,,
7-180-804-1,manm1238,Keme (Kemie variety),335,vat.53,phonetic,meeting house,,,,
7-150-804-1,manm1238,Keme (Kemie variety),736,a lau.31,phonetic,"yard, court",,,,
7-140-804-1,manm1238,Keme (Kemie variety),1316,tup.53,phonetic,tent,,,,
7-131-804-1,manm1238,Keme (Kemie variety),403,khɨn.31 sau.31,phonetic,garden-house,,,,
7-130-804-1,manm1238,Keme (Kemie variety),1678,ńaʔ.53 tɛk.53,phonetic,hut,,,,
7-120-804-1,manm1238,Keme (Kemie variety),1252,ńaʔ.53,phonetic,house,,,,
7-110-804-1,manm1238,Keme (Kemie variety),363,ɛt.13,phonetic,"dwell, live",,,,
6-960-804-1,manm1238,Keme (Kemie variety),1171,vɛn.35,phonetic,mirror,,,,
6-950-804-1,manm1238,Keme (Kemie variety),788,nam.31 daŋ.55 kha:i.33,phonetic,soap,,,,
6-930-804-1,manm1238,Keme (Kemie variety),151,a va:t.33 khut.13,phonetic,razor,,,,
6-921-804-1,manm1238,Keme (Kemie variety),333,khɛn.31,phonetic,braid,,,,
6-910-804-1,manm1238,Keme (Kemie variety),1475,na:h.33,phonetic,comb,,,,
6-820-804-1,manm1238,Keme (Kemie variety),1021,pha.13 ćɛt.53,phonetic,towel,,,,
6-810-804-1,manm1238,Keme (Kemie variety),332,pha.13 ćɛt.53,phonetic,"handkerchief, rag",,,,
6-790-804-1,manm1238,Keme (Kemie variety),68,mək.53,phonetic,tattoo,,,,
6-770-804-1,manm1238,Keme (Kemie variety),770,daŋ.31 laʔ.53 suk.53,phonetic,earring,,,,
6-760-804-1,manm1238,Keme (Kemie variety),1860,kiau.13,phonetic,bead,,,,
6-750-804-1,manm1238,Keme (Kemie variety),1961,sɔi.13,phonetic,necklace,,,,
6-740-804-1,manm1238,Keme (Kemie variety),1754,mun.13 thiʔ.53,phonetic,bracelet,,,,
6-730-804-1,manm1238,Keme (Kemie variety),1374,put.53 mɨ.31,phonetic,ring (for finger),,,,
6-720-804-1,manm1238,Keme (Kemie variety),1029,sɛŋ.13,phonetic,jewel,,,,
6-620-804-1,manm1238,Keme (Kemie variety),757,tum.35 aŋ.31,phonetic,button,,,,
6-610-804-1,manm1238,Keme (Kemie variety),1851,sun.35 pɛʔ.53,phonetic,pocket,,,,
6-590-804-1,manm1238,Keme (Kemie variety),1151,khən.13,phonetic,veil,,,,
6-580-804-1,manm1238,Keme (Kemie variety),867,va:ʔ.13 thiʔ.53,phonetic,glove,,,,
6-570-804-1,manm1238,Keme (Kemie variety),772,siʔ.53 ɣaŋ.31,phonetic,"belt, girdle",,,,
6-550-804-1,manm1238,Keme (Kemie variety),2130,mok.13,phonetic,"hat, cap",,,,
6-510-804-1,manm1238,Keme (Kemie variety),1381,khɛp.53,phonetic,shoe,,,,
6-490-804-1,manm1238,Keme (Kemie variety),329,va:ʔ.13,phonetic,"stocking, sock",,,,
6-480-804-1,manm1238,Keme (Kemie variety),809,kɔn.55,phonetic,trousers,,,,
6-460-804-1,manm1238,Keme (Kemie variety),1600,ńaʔ.53,phonetic,skirt,,,,
6-450-804-1,manm1238,Keme (Kemie variety),2012,kɔʔ.53 lɔp.31,phonetic,collar,,,,
6-440-804-1,manm1238,Keme (Kemie variety),1622,a lɔp.31 tɛk.53,phonetic,shirt,,,,
6-430-804-1,manm1238,Keme (Kemie variety),603,a lɔp.31 vɔ.13,phonetic,coat,,,,
6-411-804-1,manm1238,Keme (Kemie variety),327,təi.55,phonetic,poncho,,,,
6-390-804-1,manm1238,Keme (Kemie variety),157,om.31 ćup.53,phonetic,dye,,,,
6-410-804-1,manm1238,Keme (Kemie variety),326,təi.55,phonetic,cloak,,,,
6-380-804-1,manm1238,Keme (Kemie variety),1161,siʔ.53 çeŋ.31,phonetic,thread,,,,
6-360-804-1,manm1238,Keme (Kemie variety),1382,a ŋɛʔ.53,phonetic,needle,,,,
6-290-804-1,manm1238,Keme (Kemie variety),629,a kuʔ.53,phonetic,leather,,,,
6-280-804-1,manm1238,Keme (Kemie variety),580,a kuʔ.53,phonetic,fur,,,,
6-250-804-1,manm1238,Keme (Kemie variety),1641,da:i.13,phonetic,silk,,,,
6-240-804-1,manm1238,Keme (Kemie variety),1850,pik.53 a ta:i.31,phonetic,cotton,,,,
6-210-804-1,manm1238,Keme (Kemie variety),1616,pik.53,phonetic,cloth,,,,
6-130-804-1,manm1238,Keme (Kemie variety),881,lop.31,phonetic,tailor,,,,
6-120-804-1,manm1238,Keme (Kemie variety),1895,a lɔp.31,phonetic,"clothing, clothes",,,,
5-971-804-1,manm1238,Keme (Kemie variety),1556,mɔn.31 tham.35,phonetic,egg yolk,,,,
5-970-804-1,manm1238,Keme (Kemie variety),744,tham.35,phonetic,egg,,,,
5-900-804-1,manm1238,Keme (Kemie variety),731,tɔn.31,phonetic,"beverage, drink",,,,
5-870-804-1,manm1238,Keme (Kemie variety),93,phɛt.53 mthuh.31,phonetic,milk (vb),,,,
5-850-804-1,manm1238,Keme (Kemie variety),862,om.31 mɛʔ.53,phonetic,sugar,,,,
5-860-804-1,manm1238,Keme (Kemie variety),635,om.31 mthuh.31,phonetic,milk (noun),,,,
5-840-804-1,manm1238,Keme (Kemie variety),942,om.31 ŋəŋ.31 siau.31,phonetic,honey,,,,
5-821-804-1,manm1238,Keme (Kemie variety),919,nka:t.13,phonetic,chili pepper,,,,
5-820-804-1,manm1238,Keme (Kemie variety),1385,phik.53 nɔi.11,phonetic,pepper,,,,
5-810-804-1,manm1238,Keme (Kemie variety),1274,puʔ.53,phonetic,salt,,,,
5-791-804-1,manm1238,Keme (Kemie variety),323,m phɛŋ.35,phonetic,"grease, fat",,,,
5-790-804-1,manm1238,Keme (Kemie variety),1484,m phɛŋ.35,phonetic,oil,,,,
5-780-804-1,manm1238,Keme (Kemie variety),1154,pheʔ.53 mai.13,phonetic,olive,,,,
5-760-804-1,manm1238,Keme (Kemie variety),920,pheʔ.53 m ta:ʔ.13,phonetic,grape,,,,
5-770-804-1,manm1238,Keme (Kemie variety),191,pheʔ.53 m ta:ʔ.13,phonetic,nut,,,,
5-750-804-1,manm1238,Keme (Kemie variety),322,pheʔ.53 m moŋ.55,phonetic,fig,,,,
5-712-804-1,manm1238,Keme (Kemie variety),1966,ća:h.33,phonetic,bunch,,,,
5-710-804-1,manm1238,Keme (Kemie variety),1507,pheʔ.53,phonetic,fruit,,,,
5-660-804-1,manm1238,Keme (Kemie variety),832,a pha:i.13,phonetic,bean,,,,
5-650-804-1,manm1238,Keme (Kemie variety),924,thuʔ.53 thɔk.53,phonetic,vegetables,,,,
5-640-804-1,manm1238,Keme (Kemie variety),1547,om.31 thuʔ.53 thɔk.53,phonetic,"soup, broth",,,,
5-610-804-1,manm1238,Keme (Kemie variety),634,nɛʔ.53,phonetic,meat,,,,
5-590-804-1,manm1238,Keme (Kemie variety),225,khɔk.53 lu.13,phonetic,pestle,,,,
5-580-804-1,manm1238,Keme (Kemie variety),224,kian.13 khɔk.53 lu.13,phonetic,mortar (2),,,,
5-570-804-1,manm1238,Keme (Kemie variety),636,mɔ.35,phonetic,mill,,,,
5-560-804-1,manm1238,Keme (Kemie variety),1033,mɔ.35,phonetic,"crush, grind",,,,
5-550-804-1,manm1238,Keme (Kemie variety),1594,mɛn.31 phuŋ.55,phonetic,"meal, flour",,,,
5-540-804-1,manm1238,Keme (Kemie variety),274,nut.13,phonetic,knead,,,,
5-490-804-1,manm1238,Keme (Kemie variety),2017,kau.35,phonetic,"stir, mix",,,,
5-480-804-1,manm1238,Keme (Kemie variety),1767,khut.13,phonetic,scrape,,,,
5-470-804-1,manm1238,Keme (Kemie variety),86,fəŋ.31,phonetic,"sieve, strain",,,,
5-460-804-1,manm1238,Keme (Kemie variety),275,fa:n.13,phonetic,peel,,,,
5-450-804-1,manm1238,Keme (Kemie variety),1833,up.53 khɔŋ.31 hɛk.53,phonetic,supper,,,,
5-430-804-1,manm1238,Keme (Kemie variety),768,up.53 khɔŋ.31 ŋiʔ.53,phonetic,lunch,,,,
5-420-804-1,manm1238,Keme (Kemie variety),1322,up.53 ɛt.53 ɣɨi.31,phonetic,breakfast,,,,
5-410-804-1,manm1238,Keme (Kemie variety),1526,up.53,phonetic,meal (a),,,,
5-391-804-1,manm1238,Keme (Kemie variety),272,kim.31,phonetic,tongs,,,,
5-380-804-1,manm1238,Keme (Kemie variety),1352,sɔ.35,phonetic,knife (2),,,,
5-370-804-1,manm1238,Keme (Kemie variety),1378,kiŋ.31,phonetic,spoon,,,,
5-360-804-1,manm1238,Keme (Kemie variety),271,pha:n.13 tɛk.53,phonetic,saucer,,,,
5-350-804-1,manm1238,Keme (Kemie variety),476,bɨi.13,phonetic,"cup, drinking vessel",,,,
5-330-804-1,manm1238,Keme (Kemie variety),1530,tɛ.35,phonetic,bowl,,,,
5-340-804-1,manm1238,Keme (Kemie variety),270,ɔn.31 la.33,phonetic,"pitcher, jug",,,,
5-320-804-1,manm1238,Keme (Kemie variety),480,tɛ.35 pha:n.13,phonetic,plate,,,,
5-310-804-1,manm1238,Keme (Kemie variety),481,tɛ.35 a thu.13,phonetic,dish,,,,
5-280-804-1,manm1238,Keme (Kemie variety),31,ɔn.31 khaŋ.13,phonetic,pan,,,,
5-260-804-1,manm1238,Keme (Kemie variety),1462,ɔn.31,phonetic,"pot, cooking vessel",,,,
5-270-804-1,manm1238,Keme (Kemie variety),854,ɔn.31 la.33,phonetic,kettle,,,,
5-240-804-1,manm1238,Keme (Kemie variety),183,kha:u.31,phonetic,bake,,,,
5-230-804-1,manm1238,Keme (Kemie variety),2146,khɔ.11,phonetic,"roast, fry",,,,
5-220-804-1,manm1238,Keme (Kemie variety),792,thɔk.31,phonetic,boil (vb),,,,
5-210-804-1,manm1238,Keme (Kemie variety),1100,khəh.53 up.53,phonetic,cook,,,,
5-190-804-1,manm1238,Keme (Kemie variety),129,kɛŋ.55,phonetic,choke,,,,
5-181-804-1,manm1238,Keme (Kemie variety),897,pət.33,phonetic,swallow,,,,
5-180-804-1,manm1238,Keme (Kemie variety),321,pa:m.31,phonetic,chew,,,,
5-160-804-1,manm1238,Keme (Kemie variety),1421,dut.13,phonetic,suck,,,,
5-150-804-1,manm1238,Keme (Kemie variety),848,pɛŋ.31 thɛŋ.55 om.31,phonetic,thirst,,,,
5-141-804-1,manm1238,Keme (Kemie variety),199,əp.53,phonetic,famine,,,,
5-140-804-1,manm1238,Keme (Kemie variety),1864,suʔ.53 pa:n.31,phonetic,hunger,,,,
5-130-804-1,manm1238,Keme (Kemie variety),1401,thɛŋ.55,phonetic,drink,,,,
5-125-804-1,manm1238,Keme (Kemie variety),1728,la:t.33,phonetic,rotten,,,,
5-124-804-1,manm1238,Keme (Kemie variety),1958,maʔ.53 a:u.31,phonetic,"green, unripe",,,,
5-123-804-1,manm1238,Keme (Kemie variety),178,hoŋ.31,phonetic,ripe,,,,
5-122-804-1,manm1238,Keme (Kemie variety),1959,im.55,phonetic,raw,,,,
5-121-804-1,manm1238,Keme (Kemie variety),269,sin.55,phonetic,cooked,,,,
5-120-804-1,manm1238,Keme (Kemie variety),256,nɛ.35 kha:i.31,phonetic,food,,,,
5-110-804-1,manm1238,Keme (Kemie variety),1336,kha:i.31,phonetic,eat,,,,
4-990-804-1,manm1238,Keme (Kemie variety),590,pəi.55,phonetic,"naked, bare",,,,
4-970-804-1,manm1238,Keme (Kemie variety),1653,bɔt.13,phonetic,blind,,,,
4-980-804-1,manm1238,Keme (Kemie variety),1463,mau.31,phonetic,intoxicated,,,,
4-960-804-1,manm1238,Keme (Kemie variety),1666,ɔ.31,phonetic,mute,,,,
4-950-804-1,manm1238,Keme (Kemie variety),996,lut.53,phonetic,deaf,,,,
4-930-804-1,manm1238,Keme (Kemie variety),1125,la:n.13,phonetic,bald,,,,
4-940-804-1,manm1238,Keme (Kemie variety),320,çɛ.31,phonetic,lame,,,,
4-920-804-1,manm1238,Keme (Kemie variety),1564,fan.55,phonetic,lazy,,,,
4-912-804-1,manm1238,Keme (Kemie variety),168,sau.31,phonetic,rest,,,,
4-910-804-1,manm1238,Keme (Kemie variety),1757,mɔi.35,phonetic,"tired, weary",,,,
4-890-804-1,manm1238,Keme (Kemie variety),655,ja.55 pɨ.55,phonetic,poison,,,,
4-880-804-1,manm1238,Keme (Kemie variety),1372,ja.55,phonetic,"medicine, drug",,,,
4-870-804-1,manm1238,Keme (Kemie variety),597,mɔ.31 ja.55,phonetic,physician,,,,
4-860-804-1,manm1238,Keme (Kemie variety),499,ja.31 ha:i.13,phonetic,"cure, heal",,,,
4-858-804-1,manm1238,Keme (Kemie variety),497,a ɣɔi.31,phonetic,scar,,,,
4-857-804-1,manm1238,Keme (Kemie variety),1808,om.31 lum.13,phonetic,pus,,,,
4-856-804-1,manm1238,Keme (Kemie variety),793,ah.31,phonetic,boil (noun),,,,
4-855-804-1,manm1238,Keme (Kemie variety),1584,tun.13,phonetic,blister,,,,
4-854-804-1,manm1238,Keme (Kemie variety),148,ɣok.31,phonetic,itch,,,,
4-854-804-2,manm1238,Keme (Kemie variety),148,ŋaʔ.53,phonetic,itch,,,,
4-853-804-1,manm1238,Keme (Kemie variety),1903,ɣok.31,phonetic,swelling,,,,
4-852-804-1,manm1238,Keme (Kemie variety),1148,a ɣɔi.31,phonetic,bruise,,,,
4-850-804-1,manm1238,Keme (Kemie variety),1109,suʔ.53,phonetic,"wound, sore",,,,
4-843-804-1,manm1238,Keme (Kemie variety),102,khɛn.31 jɛn.55,phonetic,cold (catarrh),,,,
4-842-804-1,manm1238,Keme (Kemie variety),1957,khɔʔ.53 pɔk.33,phonetic,goiter,,,,
4-841-804-1,manm1238,Keme (Kemie variety),1534,ka:u.31,phonetic,fever,,,,
4-840-804-1,manm1238,Keme (Kemie variety),1847,khat.53,phonetic,"sick, sickness",,,,
4-830-804-1,manm1238,Keme (Kemie variety),1364,ut.53 ńɔŋ.31,phonetic,"well, health",,,,
4-820-804-1,manm1238,Keme (Kemie variety),1601,mɔ.53,phonetic,weak,,,,
4-810-804-1,manm1238,Keme (Kemie variety),785,ba.31 gɛŋ.31,phonetic,"strong, mighty, powerful",,,,
4-790-804-1,manm1238,Keme (Kemie variety),1773,mut.53,phonetic,"grave, tomb",,,,
4-780-804-1,manm1238,Keme (Kemie variety),1719,phuŋ.55,phonetic,bury (the dead),,,,
4-770-804-1,manm1238,Keme (Kemie variety),767,sak.53,phonetic,corpse,,,,
4-760-804-1,manm1238,Keme (Kemie variety),1417,ćam.35,phonetic,kill,,,,
4-751-804-1,manm1238,Keme (Kemie variety),1904,thom.31 ńam.35,phonetic,drowned,,,,
4-750-804-1,manm1238,Keme (Kemie variety),1494,ńam.35,phonetic,"die, dead",,,,
4-740-804-1,manm1238,Keme (Kemie variety),1422,im.55,phonetic,"live, living, life",,,,
4-732-804-1,manm1238,Keme (Kemie variety),1087,ma:n.31,phonetic,conceive,,,,
4-730-804-1,manm1238,Keme (Kemie variety),1123,ma:n.31,phonetic,pregnant,,,,
4-720-804-1,manm1238,Keme (Kemie variety),1090,kət.13,phonetic,born (to be),,,,
4-710-804-1,manm1238,Keme (Kemie variety),1152,ɣɔʔ.53,phonetic,beget (of father),,,,
4-690-804-1,manm1238,Keme (Kemie variety),138,ćum.31 om.31,phonetic,bathe,,,,
4-680-804-1,manm1238,Keme (Kemie variety),52,khɛn.31 jɛn.31,phonetic,shiver,,,,
4-670-804-1,manm1238,Keme (Kemie variety),1785,ćɔŋ.31 puʔ.53,phonetic,have sexual intercourse,,,,
4-660-804-1,manm1238,Keme (Kemie variety),676,ɛŋ.55,phonetic,defecate,,,,
4-650-804-1,manm1238,Keme (Kemie variety),592,num.55,phonetic,urinate,,,,
4-640-804-1,manm1238,Keme (Kemie variety),1159,pɔi.31 səm.55,phonetic,break wind,,,,
4-630-804-1,manm1238,Keme (Kemie variety),1602,ćoi.31,phonetic,wake up,,,,
4-620-804-1,manm1238,Keme (Kemie variety),1920,ɛt.13 lɔm.31,phonetic,dream,,,,
4-612-804-1,manm1238,Keme (Kemie variety),1983,ɛt.55 khɔk.31,phonetic,snore,,,,
4-610-804-1,manm1238,Keme (Kemie variety),1585,ɛt.55,phonetic,sleep,,,,
4-591-804-1,manm1238,Keme (Kemie variety),268,juat.53 om.31 mɔn.31,phonetic,dribble,,,,
4-590-804-1,manm1238,Keme (Kemie variety),319,liau.31,phonetic,lick,,,,
4-580-804-1,manm1238,Keme (Kemie variety),1403,kak.53,phonetic,bite,,,,
4-570-804-1,manm1238,Keme (Kemie variety),1278,çɛn.31,phonetic,vomit,,,,
4-560-804-1,manm1238,Keme (Kemie variety),1440,om.31 mɔn.31,phonetic,spit,,,,
4-550-804-1,manm1238,Keme (Kemie variety),126,li.31 om.31 ɣɔn.31,phonetic,perspire,,,,
4-540-804-1,manm1238,Keme (Kemie variety),1621,bah.31,phonetic,sneeze,,,,
4-530-804-1,manm1238,Keme (Kemie variety),879,khɔ.33,phonetic,cough,,,,
4-521-804-1,manm1238,Keme (Kemie variety),162,saʔ.53 ɣʔ.53,phonetic,hiccough,,,,
4-520-804-1,manm1238,Keme (Kemie variety),1028,khɔk.31,phonetic,"yawn, gape",,,,
4-510-804-1,manm1238,Keme (Kemie variety),1407,thu.31 çim.31,phonetic,"breathe, breath",,,,
4-492-804-1,manm1238,Keme (Kemie variety),1222,lɛ.33,phonetic,penis,,,,
4-490-804-1,manm1238,Keme (Kemie variety),797,sak.53 kha.31,phonetic,testicle,,,,
4-470-804-1,manm1238,Keme (Kemie variety),804,a ɣoŋ.31,phonetic,womb,,,,
4-464-804-1,manm1238,Keme (Kemie variety),834,thuʔ.53 put.53,phonetic,buttocks,,,,
4-463-804-1,manm1238,Keme (Kemie variety),1745,thuʔ.53 put.53,phonetic,hip,,,,
4-462-804-1,manm1238,Keme (Kemie variety),1681,fek.33 tai.31,phonetic,waist,,,,
4-461-804-1,manm1238,Keme (Kemie variety),1991,çɛn.31 vɛk.53,phonetic,"intestines, guts",,,,
4-460-804-1,manm1238,Keme (Kemie variety),819,tən.31 ɛŋ.55,phonetic,stomach,,,,
4-452-804-1,manm1238,Keme (Kemie variety),1744,mɛm.31,phonetic,spleen,,,,
4-451-804-1,manm1238,Keme (Kemie variety),489,ma.33 kiau.31,phonetic,kidney,,,,
4-450-804-1,manm1238,Keme (Kemie variety),1224,thɔm.31,phonetic,liver,,,,
4-441-804-1,manm1238,Keme (Kemie variety),688,phup.53,phonetic,lung,,,,
4-440-804-1,manm1238,Keme (Kemie variety),1223,sak.53 nɔh.33,phonetic,heart,,,,
4-430-804-1,manm1238,Keme (Kemie variety),1838,toʔ.53,phonetic,navel,,,,
4-412-804-1,manm1238,Keme (Kemie variety),796,khən.13 mthuh.31,phonetic,"nipple, teat",,,,
4-410-804-1,manm1238,Keme (Kemie variety),1402,mthuh.31,phonetic,breast (of woman),,,,
4-400-804-1,manm1238,Keme (Kemie variety),1592,poʔ.53 ɔŋ.31,phonetic,chest,,,,
4-393-804-1,manm1238,Keme (Kemie variety),1201,suk.53,phonetic,feather,,,,
4-392-804-1,manm1238,Keme (Kemie variety),1257,phiou.31,phonetic,wing,,,,
4-380-804-1,manm1238,Keme (Kemie variety),1389,thui.31 ćeŋ.31,phonetic,toe,,,,
4-374-804-1,manm1238,Keme (Kemie variety),318,a ɣɔi.31 ćeŋ.31,phonetic,footprint,,,,
4-372-804-1,manm1238,Keme (Kemie variety),980,sɔn.31 ćeŋ.31,phonetic,heel,,,,
4-370-804-1,manm1238,Keme (Kemie variety),1301,ćeŋ.31,phonetic,foot,,,,
4-360-804-1,manm1238,Keme (Kemie variety),1371,tɔp.53 ćeŋ.31 koŋ.31,phonetic,knee,,,,
4-352-804-1,manm1238,Keme (Kemie variety),498,pɔm.31 nɔŋ.13,phonetic,calf of leg,,,,
4-351-804-1,manm1238,Keme (Kemie variety),800,ku.31 luʔ.53,phonetic,thigh,,,,
4-350-804-1,manm1238,Keme (Kemie variety),1297,ku.31 luʔ.53,phonetic,leg,,,,
4-345-804-1,manm1238,Keme (Kemie variety),72,sim.13,phonetic,claw,,,,
4-344-804-1,manm1238,Keme (Kemie variety),1258,sim.13 thiʔ.53,phonetic,fingernail,,,,
4-342-804-1,manm1238,Keme (Kemie variety),1781,khəŋ.55 thiʔ.53,phonetic,thumb,,,,
4-340-804-1,manm1238,Keme (Kemie variety),1303,khɔn.31 thiʔ.53,phonetic,finger,,,,
4-331-804-1,manm1238,Keme (Kemie variety),1183,ta:k.33 thiʔ.53,phonetic,palm of hand,,,,
4-330-804-1,manm1238,Keme (Kemie variety),1277,thiʔ.53,phonetic,hand,,,,
4-321-804-1,manm1238,Keme (Kemie variety),799,a:ŋ.31 tɔ.31 thiʔ.53,phonetic,wrist,,,,
4-320-804-1,manm1238,Keme (Kemie variety),981,khɛn.55 sɔk.13,phonetic,elbow,,,,
4-312-804-1,manm1238,Keme (Kemie variety),1886,ku.31 kɛk.53,phonetic,armpit,,,,
4-310-804-1,manm1238,Keme (Kemie variety),1673,thiʔ.53,phonetic,arm,,,,
4-302-804-1,manm1238,Keme (Kemie variety),1994,a:ŋ.31 pu.31 paŋ.31,phonetic,collarbone,,,,
4-300-804-1,manm1238,Keme (Kemie variety),1482,pu.31 paŋ.31,phonetic,shoulder,,,,
4-290-804-1,manm1238,Keme (Kemie variety),1346,khɔʔ.53 hɔi.13,phonetic,throat,,,,
4-281-804-1,manm1238,Keme (Kemie variety),1347,ku.31 kɔn.13,phonetic,nape of neck,,,,
4-280-804-1,manm1238,Keme (Kemie variety),1333,la:m.11 khɔʔ.53,phonetic,neck,,,,
4-272-804-1,manm1238,Keme (Kemie variety),1049,khɛŋ.55 kaʔ.53,phonetic,molartooth,,,,
4-270-804-1,manm1238,Keme (Kemie variety),1380,khɛŋ.55,phonetic,tooth,,,,
4-271-804-1,manm1238,Keme (Kemie variety),139,ŋa:.33 sa:ŋ.31,phonetic,gums,,,,
4-271-804-2,manm1238,Keme (Kemie variety),139,sən.31,phonetic,gums,,,,
4-260-804-1,manm1238,Keme (Kemie variety),1205,tha:k.33,phonetic,tongue,,,,
4-250-804-1,manm1238,Keme (Kemie variety),478,bi.31 tun.31 ton.13,phonetic,lip,,,,
4-241-804-1,manm1238,Keme (Kemie variety),73,khɛŋ.55 a çim.13,phonetic,beak,,,,
4-240-804-1,manm1238,Keme (Kemie variety),674,tun.31 ton.13,phonetic,mouth,,,,
4-232-804-1,manm1238,Keme (Kemie variety),208,om.31 təʔ.53,phonetic,mucus (nasal),,,,
4-231-804-1,manm1238,Keme (Kemie variety),1178,thuʔ.53 tut.53 təʔ.53,phonetic,nostril,,,,
4-230-804-1,manm1238,Keme (Kemie variety),1221,tut.53 təʔ.53,phonetic,nose,,,,
4-222-804-1,manm1238,Keme (Kemie variety),32,ɛŋ.55 laʔ.53 sok.11,phonetic,earwax,,,,
4-221-804-1,manm1238,Keme (Kemie variety),18,a jɔn.13 laʔ.53 sok.11,phonetic,earlobe,,,,
4-220-804-1,manm1238,Keme (Kemie variety),1247,laʔ.53 sok.11,phonetic,ear,,,,
4-215-804-1,manm1238,Keme (Kemie variety),1655,pha:k.33 ŋa:i.31,phonetic,blink,,,,
4-214-804-1,manm1238,Keme (Kemie variety),1540,suk.53 ŋa:i.31,phonetic,eyelash,,,,
4-213-804-1,manm1238,Keme (Kemie variety),17,a kuʔ.53 ŋa:i.31,phonetic,eyelid,,,,
4-212-804-1,manm1238,Keme (Kemie variety),1173,suk.53 ŋa:i.31,phonetic,eyebrow,,,,
4-210-804-1,manm1238,Keme (Kemie variety),1248,saʔ.53 ŋa:i.31,phonetic,eye,,,,
4-208-804-1,manm1238,Keme (Kemie variety),1730,a pu.13,phonetic,cheek,,,,
4-209-804-1,manm1238,Keme (Kemie variety),1510,aŋ.31 khap.53,phonetic,chin,,,,
4-205-804-1,manm1238,Keme (Kemie variety),123,khɔn.13 thaŋ.55,phonetic,forehead,,,,
4-207-804-1,manm1238,Keme (Kemie variety),798,a pu.13,phonetic,jaw,,,,
4-204-804-1,manm1238,Keme (Kemie variety),1560,a pu.13,phonetic,face,,,,
4-203-804-1,manm1238,Keme (Kemie variety),1583,khɔn.13 thɔk.53,phonetic,brain,,,,
4-201-804-1,manm1238,Keme (Kemie variety),1604,kuʔ.53 mit.13,phonetic,"side of head, temple",,,,
4-202-804-1,manm1238,Keme (Kemie variety),1605,khiŋ.55,phonetic,skull,,,,
4-200-804-1,manm1238,Keme (Kemie variety),1256,khiŋ.55,phonetic,head,,,,
4-190-804-1,manm1238,Keme (Kemie variety),1291,bɛn.31 lei.13,phonetic,back,,,,
4-180-804-1,manm1238,Keme (Kemie variety),1220,thaʔ.53,phonetic,tail,,,,
4-170-804-1,manm1238,Keme (Kemie variety),1393,kəŋ.55,phonetic,horn,,,,
4-162-804-1,manm1238,Keme (Kemie variety),801,a:ŋ.31 fek.53,phonetic,rib,,,,
4-160-804-1,manm1238,Keme (Kemie variety),1394,a:ŋ.31,phonetic,bone,,,,
4-151-804-1,manm1238,Keme (Kemie variety),525,sa:i.35 na:m.31,phonetic,"vein, artery",,,,
4-150-804-1,manm1238,Keme (Kemie variety),946,na:m.31,phonetic,blood,,,,
4-146-804-1,manm1238,Keme (Kemie variety),576,khai.31 kɛp.13,phonetic,dandruff,,,,
4-145-804-1,manm1238,Keme (Kemie variety),36,suk.53 lɛ.55,phonetic,pubic hair,,,,
4-144-804-1,manm1238,Keme (Kemie variety),189,suk.53,phonetic,body hair,,,,
4-142-804-1,manm1238,Keme (Kemie variety),678,suk.53 tun.31 ton.13,phonetic,beard,,,,
4-140-804-1,manm1238,Keme (Kemie variety),1040,suk.53 khiŋ.55,phonetic,hair (head),,,,
4-130-804-1,manm1238,Keme (Kemie variety),2259,nɛʔ.53,phonetic,flesh,,,,
4-120-804-1,manm1238,Keme (Kemie variety),763,a kuʔ.53,phonetic,"skin, hide",,,,
4-110-804-1,manm1238,Keme (Kemie variety),1480,tɔ.13,phonetic,body,,,,
3-980-804-1,manm1238,Keme (Kemie variety),112,tau.13,phonetic,turtle,,,,
3-970-804-1,manm1238,Keme (Kemie variety),1857,maŋ.31 kuan.13,phonetic,"crocodile, alligator",,,,
3-960-804-1,manm1238,Keme (Kemie variety),632,a lən.13,phonetic,lizard,,,,
3-950-804-1,manm1238,Keme (Kemie variety),503,a sɛk.53,phonetic,frog,,,,
3-940-804-1,manm1238,Keme (Kemie variety),1543,a liu.31,phonetic,snail,,,,
3-920-804-1,manm1238,Keme (Kemie variety),1791,a paʔ.53,phonetic,butterfly,,,,
3-910-804-1,manm1238,Keme (Kemie variety),206,ŋai.31 lɛ.33,phonetic,firefly,,,,
3-850-804-1,manm1238,Keme (Kemie variety),730,a sən.13,phonetic,snake,,,,
3-840-804-1,manm1238,Keme (Kemie variety),1219,a piʔ.53,phonetic,worm,,,,
3-832-804-1,manm1238,Keme (Kemie variety),1509,a ńuŋ.31,phonetic,mosquito,,,,
3-830-804-1,manm1238,Keme (Kemie variety),1504,a ɣɔi.31,phonetic,fly,,,,
3-823-804-1,manm1238,Keme (Kemie variety),1517,sai.31,phonetic,wasp,,,,
3-822-804-1,manm1238,Keme (Kemie variety),88,kuk.53 siau.31,phonetic,beehive,,,,
3-821-804-1,manm1238,Keme (Kemie variety),1931,phəŋ.13,phonetic,beeswax,,,,
3-820-804-1,manm1238,Keme (Kemie variety),665,siau.31,phonetic,bee,,,,
3-819-804-1,manm1238,Keme (Kemie variety),1065,ma:ŋ.55 a piŋ.31,phonetic,spider web,,,,
3-818-804-1,manm1238,Keme (Kemie variety),843,a piŋ.31,phonetic,spider,,,,
3-817-804-1,manm1238,Keme (Kemie variety),587,a ćɔh.53,phonetic,ant,,,,
3-816-804-1,manm1238,Keme (Kemie variety),1575,meŋ.31 sap.13,phonetic,cockroach,,,,
3-815-804-1,manm1238,Keme (Kemie variety),1538,meŋ.31 pɔŋ.13,phonetic,scorpion,,,,
3-814-804-1,manm1238,Keme (Kemie variety),1974,tah.53,phonetic,centipede,,,,
3-813-804-1,manm1238,Keme (Kemie variety),232,fɛŋ.55,phonetic,flea,,,,
3-812-804-1,manm1238,Keme (Kemie variety),267,tham.35 a peʔ.53,phonetic,nit (louse egg),,,,
3-811-804-1,manm1238,Keme (Kemie variety),1392,a peʔ.53,phonetic,louse,,,,
3-811-804-2,manm1238,Keme (Kemie variety),1392,siʔ.53,phonetic,louse,,,,
3-810-804-1,manm1238,Keme (Kemie variety),620,meŋ.31,phonetic,insect,,,,
3-770-804-1,manm1238,Keme (Kemie variety),1290,sa:ŋ.31,phonetic,elephant,,,,
3-760-804-1,manm1238,Keme (Kemie variety),1350,a faʔ.53,phonetic,monkey,,,,
3-750-804-1,manm1238,Keme (Kemie variety),1936,a phɔh.53,phonetic,deer,,,,
3-730-804-1,manm1238,Keme (Kemie variety),1820,a feh.53,phonetic,bear,,,,
3-720-804-1,manm1238,Keme (Kemie variety),1386,siŋ.55,phonetic,lion,,,,
3-710-804-1,manm1238,Keme (Kemie variety),522,sɔʔ.53 piʔ.53,phonetic,wolf,,,,
3-665-804-1,manm1238,Keme (Kemie variety),1013,jen.13,phonetic,freshwater eel,,,,
3-661-804-1,manm1238,Keme (Kemie variety),1110,a khaʔ.53 pa.33 luk.53,phonetic,shark,,,,
3-655-804-1,manm1238,Keme (Kemie variety),598,meŋ.55,phonetic,shell,,,,
3-654-804-1,manm1238,Keme (Kemie variety),1916,ŋap.53 khaʔ.53,phonetic,gill,,,,
3-653-804-1,manm1238,Keme (Kemie variety),266,ket.53 khaʔ.53,phonetic,fishscale,,,,
3-652-804-1,manm1238,Keme (Kemie variety),213,kui.31 khaʔ.53,phonetic,fin (dorsal),,,,
3-650-804-1,manm1238,Keme (Kemie variety),227,a khaʔ.53,phonetic,fish,,,,
3-630-804-1,manm1238,Keme (Kemie variety),2139,a sek.33,phonetic,"mouse, rat",,,,
3-620-804-1,manm1238,Keme (Kemie variety),1208,a ŋiau.31,phonetic,cat,,,,
3-614-804-1,manm1238,Keme (Kemie variety),1136,kat.53 tai.13,phonetic,rabbit,,,,
3-610-804-1,manm1238,Keme (Kemie variety),2009,sɔʔ.53,phonetic,dog,,,,
3-594-804-1,manm1238,Keme (Kemie variety),1853,a oi.53,phonetic,dove,,,,
3-596-804-1,manm1238,Keme (Kemie variety),735,nok.53 kau.13 miau.31,phonetic,owl,,,,
3-593-804-1,manm1238,Keme (Kemie variety),913,nok.53 ak.33,phonetic,crow,,,,
3-592-804-1,manm1238,Keme (Kemie variety),882,a lei.13,phonetic,parrot,,,,
3-591-804-1,manm1238,Keme (Kemie variety),1793,a khit.53,phonetic,bat,,,,
3-585-804-1,manm1238,Keme (Kemie variety),307,a khaŋ.31,phonetic,hawk,,,,
3-581-804-1,manm1238,Keme (Kemie variety),937,a çim.13,phonetic,bird,,,,
3-580-804-1,manm1238,Keme (Kemie variety),539,kuk.53,phonetic,nest,,,,
3-570-804-1,manm1238,Keme (Kemie variety),1360,a ćap.53,phonetic,duck,,,,
3-560-804-1,manm1238,Keme (Kemie variety),1187,han.13,phonetic,goose,,,,
3-550-804-1,manm1238,Keme (Kemie variety),1318,iau.31,phonetic,chicken,,,,
3-540-804-1,manm1238,Keme (Kemie variety),1514,iau.31 khən.35,phonetic,hen,,,,
3-520-804-1,manm1238,Keme (Kemie variety),1511,iau.31 khun.35,phonetic,"cock, rooster",,,,
3-470-804-1,manm1238,Keme (Kemie variety),890,lɔ.13,phonetic,mule,,,,
3-500-804-1,manm1238,Keme (Kemie variety),265,to.35 him.35,phonetic,fowl,,,,
3-460-804-1,manm1238,Keme (Kemie variety),1862,la.33,phonetic,"ass, donkey",,,,
3-450-804-1,manm1238,Keme (Kemie variety),1647,khɔn.31 paŋ.55 khun.35,phonetic,"foal, colt",,,,
3-450-804-2,manm1238,Keme (Kemie variety),1647,khɔn.31 paŋ.55 khən.35,phonetic,"foal, colt",,,,
3-440-804-1,manm1238,Keme (Kemie variety),938,paŋ.55 khən.35,phonetic,mare,,,,
3-420-804-1,manm1238,Keme (Kemie variety),936,paŋ.55 khun.13,phonetic,stallion,,,,
3-410-804-1,manm1238,Keme (Kemie variety),615,paŋ.55,phonetic,horse (equine),,,,
3-380-804-1,manm1238,Keme (Kemie variety),1972,khɔn.31 a khɛh,phonetic,kid,,,,
3-370-804-1,manm1238,Keme (Kemie variety),264,a khɛh.53 khun.35,phonetic,he-goat,,,,
3-360-804-1,manm1238,Keme (Kemie variety),1502,a khɛh.53,phonetic,goat,,,,
3-350-804-1,manm1238,Keme (Kemie variety),1337,lek.33,phonetic,pig,,,,
3-340-804-1,manm1238,Keme (Kemie variety),1351,lek.33 khən.35,phonetic,sow (2),,,,
3-320-804-1,manm1238,Keme (Kemie variety),1348,lek.33 khun.35,phonetic,boar,,,,
3-290-804-1,manm1238,Keme (Kemie variety),820,bɛ.13,phonetic,lamb,,,,
3-280-804-1,manm1238,Keme (Kemie variety),1345,bɛ.13 khən.35,phonetic,ewe,,,,
3-260-804-1,manm1238,Keme (Kemie variety),1344,bɛ.13 khun.35,phonetic,ram,,,,
3-250-804-1,manm1238,Keme (Kemie variety),1331,bɛ.13,phonetic,sheep,,,,
3-240-804-1,manm1238,Keme (Kemie variety),1989,khɔn.31 mɔi.31,phonetic,calf,,,,
3-230-804-1,manm1238,Keme (Kemie variety),1007,mɔi.31 khən.35,phonetic,cow,,,,
3-220-804-1,manm1238,Keme (Kemie variety),1169,mɔi.31,phonetic,ox,,,,
3-210-804-1,manm1238,Keme (Kemie variety),1008,mɔi.31 khun.35,phonetic,bull,,,,
3-200-804-1,manm1238,Keme (Kemie variety),1153,to.35 him.13,phonetic,cattle (bovine),,,,
3-190-804-1,manm1238,Keme (Kemie variety),851,khɔk.13,phonetic,"stable, stall",,,,
3-180-804-1,manm1238,Keme (Kemie variety),263,iʔ.53 əɔʔ.53 mɔi.31,phonetic,herdsman,,,,
3-160-804-1,manm1238,Keme (Kemie variety),649,pa.13 nan.13,phonetic,pasture,,,,
3-150-804-1,manm1238,Keme (Kemie variety),631,to.35 him.13,phonetic,livestock,,,,
3-130-804-1,manm1238,Keme (Kemie variety),2262,khən.35,phonetic,female (adj),,,,
3-120-804-1,manm1238,Keme (Kemie variety),2261,khun.35,phonetic,male (adj),,,,
3-110-804-1,manm1238,Keme (Kemie variety),619,to.35 piʔ.53,phonetic,animal,,,,
2-960-804-1,manm1238,Keme (Kemie variety),817,kɛʔ.53,phonetic,they,,,,
2-950-804-1,manm1238,Keme (Kemie variety),1213,phɛʔ.53,phonetic,you (plural),,,,
2-940-804-1,manm1238,Keme (Kemie variety),1212,ɛʔ.53,phonetic,we,,,,
2-930-804-1,manm1238,Keme (Kemie variety),262,ən.55,phonetic,he/she/it,,,,
2-920-804-1,manm1238,Keme (Kemie variety),1215,meʔ.53,phonetic,you (singular),,,,
2-910-804-1,manm1238,Keme (Kemie variety),1209,ɔʔ.53,phonetic,I,,,,
2-820-804-1,manm1238,Keme (Kemie variety),194,ńaʔ.53,phonetic,family,,,,
2-810-804-1,manm1238,Keme (Kemie variety),1644,mai.35 ɛm.31,phonetic,"relatives, kinsmen",,,,
2-770-804-1,manm1238,Keme (Kemie variety),1981,pɔ.31 ma:i.13,phonetic,widower,,,,
2-760-804-1,manm1238,Keme (Kemie variety),1756,mɛ.31 ma:i.13,phonetic,widow,,,,
2-750-804-1,manm1238,Keme (Kemie variety),1149,ka:m.35 phaʔ.53,phonetic,orphan,,,,
2-740-804-1,manm1238,Keme (Kemie variety),1058,luk.53 kɛp.13,phonetic,stepdaughter,,,,
2-730-804-1,manm1238,Keme (Kemie variety),1059,luk.53 kɛp.13,phonetic,stepson,,,,
2-720-804-1,manm1238,Keme (Kemie variety),236,mɛ.31 na:ʔ.13,phonetic,stepmother,,,,
2-710-804-1,manm1238,Keme (Kemie variety),237,pɔ.31 na:ʔ.13,phonetic,stepfather,,,,
2-641-804-1,manm1238,Keme (Kemie variety),2264,ŋa:k.33,phonetic,daughter-in-law (of a woman),,,,
2-640-804-1,manm1238,Keme (Kemie variety),2265,ŋa:k.33,phonetic,daughter-in-law (of a man),,,,
2-631-804-1,manm1238,Keme (Kemie variety),2266,khəi.35,phonetic,son-in-law (of a woman),,,,
2-630-804-1,manm1238,Keme (Kemie variety),2267,khəi.35,phonetic,son-in-law (of a man),,,,
2-621-804-1,manm1238,Keme (Kemie variety),2257,ui.11 mɛ.31,phonetic,mother-in-law (of a woman),,,,
2-620-804-1,manm1238,Keme (Kemie variety),2256,ui.11 phən.55,phonetic,mother-in-law (of a man),,,,
2-611-804-1,manm1238,Keme (Kemie variety),2254,a:iʔ.13 mɛ.31,phonetic,father-in-law (of a woman),,,,
2-610-804-1,manm1238,Keme (Kemie variety),2255,a:ʔ.13 phən.55,phonetic,father-in-law (of a man),,,,
2-570-804-1,manm1238,Keme (Kemie variety),490,in.31 ləŋ.31 ŋai.31,phonetic,descendants,,,,
2-560-804-1,manm1238,Keme (Kemie variety),1669,mɔn.35,phonetic,ancestors,,,,
2-540-804-1,manm1238,Keme (Kemie variety),1642,lan.31 jiŋ.31,phonetic,niece,,,,
2-530-804-1,manm1238,Keme (Kemie variety),1063,lan.31 ća:i.31,phonetic,nephew,,,,
2-522-804-1,manm1238,Keme (Kemie variety),170,mɛ.31 na:ʔ.13,phonetic,father's sister,,,,
2-520-804-1,manm1238,Keme (Kemie variety),1272,mɛ.31 a:u.35,phonetic,aunt,,,,
2-521-804-1,manm1238,Keme (Kemie variety),171,in.31 na:ʔ.13,phonetic,mother's sister,,,,
2-512-804-1,manm1238,Keme (Kemie variety),1985,a:iʔ.13 thau.35,phonetic,father's brother,,,,
2-511-804-1,manm1238,Keme (Kemie variety),1984,a:iʔ.13 na:ʔ.13,phonetic,mother's brother,,,,
2-510-804-1,manm1238,Keme (Kemie variety),1327,pɔ.31 a:u.35,phonetic,uncle,,,,
2-480-804-1,manm1238,Keme (Kemie variety),1618,khɔn.31 suʔ.53,phonetic,grandson,,,,
2-490-804-1,manm1238,Keme (Kemie variety),1619,khɔn.31 suʔ.53,phonetic,granddaughter,,,,
2-471-804-1,manm1238,Keme (Kemie variety),907,a jaʔ.53 than.35,phonetic,old woman,,,,
2-470-804-1,manm1238,Keme (Kemie variety),1496,a jaʔ.53,phonetic,grandmother,,,,
2-461-804-1,manm1238,Keme (Kemie variety),406,a thaʔ.53 than.35,phonetic,old man,,,,
2-460-804-1,manm1238,Keme (Kemie variety),1383,a thaʔ.53,phonetic,grandfather,,,,
2-458-804-1,manm1238,Keme (Kemie variety),1005,fa:.31 fi.55,phonetic,twins,,,,
2-456-804-1,manm1238,Keme (Kemie variety),1640,mai.35 hup.53 ɛm.31,phonetic,sibling,,,,
2-455-804-1,manm1238,Keme (Kemie variety),1761,ɛm.31 khɔn.31 phən.55,phonetic,younger sister,,,,
2-454-804-1,manm1238,Keme (Kemie variety),1758,mai.35 khɔn.31 phən.55,phonetic,older sister,,,,
2-450-804-1,manm1238,Keme (Kemie variety),1263,mai.35 hup.53 ɛm.31,phonetic,sister,,,,
2-445-804-1,manm1238,Keme (Kemie variety),1760,ɛm.31,phonetic,younger brother,,,,
2-444-804-1,manm1238,Keme (Kemie variety),1759,mai.35,phonetic,older brother,,,,
2-440-804-1,manm1238,Keme (Kemie variety),1262,mai.35 hup.53 ɛm.31,phonetic,brother,,,,
2-430-804-1,manm1238,Keme (Kemie variety),1801,khɔn.31,phonetic,offspring (son or daughter),,,,
2-420-804-1,manm1238,Keme (Kemie variety),1357,khɔn.31 phən.55,phonetic,daughter,,,,
2-410-804-1,manm1238,Keme (Kemie variety),1620,khɔn.31 khun.35,phonetic,son,,,,
2-390-804-1,manm1238,Keme (Kemie variety),426,mɛ.31 ŋən.31,phonetic,married woman,,,,
2-380-804-1,manm1238,Keme (Kemie variety),424,pɔ.31 ŋən.31,phonetic,married man,,,,
2-370-804-1,manm1238,Keme (Kemie variety),505,uiʔ.11 a:iʔ.13,phonetic,parents,,,,
2-350-804-1,manm1238,Keme (Kemie variety),1217,a:iʔ.13,phonetic,father,,,,
2-341-804-1,manm1238,Keme (Kemie variety),1134,ləŋ.35 poʔ.53,phonetic,divorce,,,,
2-340-804-1,manm1238,Keme (Kemie variety),1259,nəm.35 poʔ.53,phonetic,"marriage, wedding",,,,
2-330-804-1,manm1238,Keme (Kemie variety),203,nəm.35 poʔ.53,phonetic,marry,,,,
2-320-804-1,manm1238,Keme (Kemie variety),1199,phən.55,phonetic,wife,,,,
2-310-804-1,manm1238,Keme (Kemie variety),1200,mɛʔ.53,phonetic,husband,,,,
2-280-804-1,manm1238,Keme (Kemie variety),1289,khɔn.31 tɛk.53,phonetic,"infant, baby",,,,
2-270-804-1,manm1238,Keme (Kemie variety),1304,khɔn.31 ńɔm.31,phonetic,child,,,,
2-261-804-1,manm1238,Keme (Kemie variety),77,phən.55 saʔ.53,phonetic,young woman (adolescent),,,,
2-260-804-1,manm1238,Keme (Kemie variety),1646,phən.55 saʔ.53,phonetic,girl,,,,
2-251-804-1,manm1238,Keme (Kemie variety),76,ba:u.13,phonetic,young man (adolescent),,,,
2-250-804-1,manm1238,Keme (Kemie variety),1366,khɔn.31 khun.35,phonetic,boy,,,,
2-240-804-1,manm1238,Keme (Kemie variety),1551,khɔn.31 phən.55,phonetic,female,,,,
2-230-804-1,manm1238,Keme (Kemie variety),1553,khɔn.31 phun.35,phonetic,male,,,,
2-220-804-1,manm1238,Keme (Kemie variety),962,khɔn.31 phən.55,phonetic,woman,,,,
2-210-804-1,manm1238,Keme (Kemie variety),1554,khɔn.31 khun.35,phonetic,man (vs. woman),,,,
2-100-804-1,manm1238,Keme (Kemie variety),683,iʔ.53,phonetic,"person, human being",,,,
1-890-804-1,manm1238,Keme (Kemie variety),1188,sɛh.53,phonetic,charcoal,,,,
1-880-804-1,manm1238,Keme (Kemie variety),10,seʔ.53,phonetic,firewood,,,,
1-870-804-1,manm1238,Keme (Kemie variety),1133,kap.53 fai.31,phonetic,match (noun),,,,
1-861-804-1,manm1238,Keme (Kemie variety),127,ŋɛt.53 ŋau.55,phonetic,extinguish,,,,
1-860-804-1,manm1238,Keme (Kemie variety),737,phut.33 ŋau.55,phonetic,"light, kindle, ignite",,,,
1-852-804-1,manm1238,Keme (Kemie variety),1428,kat.53,phonetic,burn (vb intrans),,,,
1-851-804-1,manm1238,Keme (Kemie variety),141,kut.53,phonetic,burn (vb trans),,,,
1-841-804-1,manm1238,Keme (Kemie variety),67,phuŋ.55 ŋau.55,phonetic,embers,,,,
1-840-804-1,manm1238,Keme (Kemie variety),646,ŋɛʔ.53,phonetic,ashes,,,,
1-830-804-1,manm1238,Keme (Kemie variety),778,mut.53 ŋau.55,phonetic,smoke (noun),,,,
1-820-804-1,manm1238,Keme (Kemie variety),889,mut.53 ŋau.55,phonetic,flame (noun),,,,
1-810-804-1,manm1238,Keme (Kemie variety),221,ŋau.55,phonetic,fire,,,,
1-770-804-1,manm1238,Keme (Kemie variety),617,da:ŋ.13,phonetic,ice,,,,
1-760-804-1,manm1238,Keme (Kemie variety),784,sa.31 tha:p.13,phonetic,snow (noun),,,,
1-750-804-1,manm1238,Keme (Kemie variety),658,ćuŋ.55,phonetic,rain (noun),,,,
1-740-804-1,manm1238,Keme (Kemie variety),249,mɔk.13,phonetic,fog,,,,
1-720-804-1,manm1238,Keme (Kemie variety),960,çu.31 maʔ.53,phonetic,wind,,,,
1-730-804-1,manm1238,Keme (Kemie variety),1489,fa:.13,phonetic,cloud,,,,
1-710-804-1,manm1238,Keme (Kemie variety),27,ai.13,phonetic,air,,,,
1-640-804-1,manm1238,Keme (Kemie variety),1977,om.31 məi.35,phonetic,dew,,,,
1-630-804-1,manm1238,Keme (Kemie variety),1388,ŋau.31,phonetic,"shade, shadow",,,,
1-620-804-1,manm1238,Keme (Kemie variety),11,hɛk.53,phonetic,darkness,,,,
1-610-804-1,manm1238,Keme (Kemie variety),630,a saʔ.53 mi.31,phonetic,light (noun),,,,
1-590-804-1,manm1238,Keme (Kemie variety),1733,a əp.53,phonetic,rainbow,,,,
1-580-804-1,manm1238,Keme (Kemie variety),858,phuʔ.53 ćuŋ.55 vɔ.31,phonetic,storm,,,,
1-560-804-1,manm1238,Keme (Kemie variety),1150,tha:h.31 sa:h.31 lak.53,phonetic,thunder,,,,
1-560-804-2,manm1238,Keme (Kemie variety),1150,tha:h.31 sa:h.31  nəm.55,phonetic,thunder,,,,
1-540-804-1,manm1238,Keme (Kemie variety),1430,ən.55,phonetic,star,,,,
1-530-804-1,manm1238,Keme (Kemie variety),1313,a khɛn.31,phonetic,moon,,,,
1-520-804-1,manm1238,Keme (Kemie variety),1343,ŋa:i.31 ŋiʔ.53,phonetic,sun,,,,
1-510-804-1,manm1238,Keme (Kemie variety),1732,tha:h.31 sa:h.31,phonetic,sky,,,,
1-450-804-1,manm1238,Keme (Kemie variety),6,phən.31 thɛʔ.53 khə.31,phonetic,earthquake,,,,
1-440-804-1,manm1238,Keme (Kemie variety),2125,khon.31 moʔ.53,phonetic,"stone, rock",,,,
1-430-804-1,manm1238,Keme (Kemie variety),1803,seʔ.53,phonetic,wood,,,,
1-420-804-1,manm1238,Keme (Kemie variety),906,kɔ.35 seʔ.53,phonetic,tree (cf 08.600),,,,
1-410-804-1,manm1238,Keme (Kemie variety),420,pa.11 piʔ.53,phonetic,"woods, forest",,,,
1-390-804-1,manm1238,Keme (Kemie variety),943,da:t.13,phonetic,waterfall,,,,
1-380-804-1,manm1238,Keme (Kemie variety),1145,lum.31,phonetic,swamp,,,,
1-370-804-1,manm1238,Keme (Kemie variety),2144,om.31 bɔŋ.55,phonetic,"spring, well",,,,
1-362-804-1,manm1238,Keme (Kemie variety),1982,vaŋ.55,phonetic,whirlpool,,,,
1-360-804-1,manm1238,Keme (Kemie variety),666,lən.13,phonetic,"river, stream, brook",,,,
1-330-804-1,manm1238,Keme (Kemie variety),624,nɔŋ.55,phonetic,lake,,,,
1-329-804-1,manm1238,Keme (Kemie variety),645,om.31 mɛ.11 saʔ.53 mut.53,phonetic,ocean,,,,
1-324-804-1,manm1238,Keme (Kemie variety),1768,pok.13,phonetic,foam,,,,
1-323-804-1,manm1238,Keme (Kemie variety),259,fɔŋ.31 om.31,phonetic,rough (of sea),,,,
1-320-804-1,manm1238,Keme (Kemie variety),1474,om.31 mɛ.11 saʔ.53 mut.53,phonetic,sea,,,,
1-322-804-1,manm1238,Keme (Kemie variety),258,om.31 nim.31,phonetic,calm (of sea),,,,
1-310-804-1,manm1238,Keme (Kemie variety),948,om.31,phonetic,water,,,,
1-280-804-1,manm1238,Keme (Kemie variety),1155,tha:m.13,phonetic,cave,,,,
1-270-804-1,manm1238,Keme (Kemie variety),113,faŋ.55 om.31,phonetic,shore,,,,
1-260-804-1,manm1238,Keme (Kemie variety),166,phəŋ.31 thɛʔ.53,phonetic,mainland,,,,
1-250-804-1,manm1238,Keme (Kemie variety),622,kɔʔ.53 dɔn.13,phonetic,island,,,,
1-240-804-1,manm1238,Keme (Kemie variety),921,huŋ.13,phonetic,valley,,,,
1-230-804-1,manm1238,Keme (Kemie variety),652,məŋ.31,phonetic,"plain, field",,,,
1-222-804-1,manm1238,Keme (Kemie variety),618,nɔm.31 muʔ.53,phonetic,"cliff, precipice",,,,
1-220-804-1,manm1238,Keme (Kemie variety),2118,nɔŋ.31,phonetic,"mountain, hill",,,,
1-214-804-1,manm1238,Keme (Kemie variety),640,mpuŋ.13,phonetic,mud,,,,
1-215-804-1,manm1238,Keme (Kemie variety),671,a sa:t.33,phonetic,sand,,,,
1-213-804-1,manm1238,Keme (Kemie variety),2,fun.13,phonetic,dust,,,,
1-212-804-1,manm1238,Keme (Kemie variety),1228,phən.31 thɛʔ.53,phonetic,"earth=ground, soil",,,,
1-210-804-1,manm1238,Keme (Kemie variety),626,phən.31 thɛʔ.53,phonetic,"earth, land",,,,
1-100-804-1,manm1238,Keme (Kemie variety),965,lok.13,phonetic,world,,,,
14-331-804-1,manm1238,Keme (Kemie variety),703,tɔʔ.53 pɛt.53,phonetic,soon,,,,
14-332-804-1,manm1238,Keme (Kemie variety),418,mɨn.35,phonetic,long-time (for a),,,,
14-340-804-1,manm1238,Keme (Kemie variety),1656,maʔ.53 thɔʔ.53,phonetic,never,,,,
14-350-804-1,manm1238,Keme (Kemie variety),204,təŋ.31 tɔʔ.53,phonetic,again,,,,
14-410-804-1,manm1238,Keme (Kemie variety),1225,khɔŋ.31 ŋiʔ.53,phonetic,day,,,,
14-420-804-1,manm1238,Keme (Kemie variety),1233,tɨk.53,phonetic,night,,,,
14-440-804-1,manm1238,Keme (Kemie variety),1339,ɛt.53 ɣɨi.31,phonetic,morning,,,,
14-460-804-1,manm1238,Keme (Kemie variety),1629,khɔŋ.31 hɛk.53,phonetic,evening,,,,
14-470-804-1,manm1238,Keme (Kemie variety),1283,iʔ.53 je.55,phonetic,today,,,,
14-480-804-1,manm1238,Keme (Kemie variety),1329,iʔ.53 ća.55,phonetic,tomorrow,,,,
14-481-804-1,manm1238,Keme (Kemie variety),1179,iʔ.53  kheʔ.53,phonetic,day-after-tomorrow,,,,
14-490-804-1,manm1238,Keme (Kemie variety),1174,ɛʔ.53 khoʔ.53,phonetic,yesterday,,,,
14-491-804-1,manm1238,Keme (Kemie variety),1180,ɛm.13 ŋiʔ.53,phonetic,day-before-yesterday,,,,
14-510-804-1,manm1238,Keme (Kemie variety),1353,ta.55,phonetic,hour,,,,
14-710-804-1,manm1238,Keme (Kemie variety),1370,tən.35,phonetic,month,,,,
14-730-804-1,manm1238,Keme (Kemie variety),1226,pi.55,phonetic,year,,,,
14-740-804-1,manm1238,Keme (Kemie variety),1471,laʔ.53 du.31 ŋa:ŋ.35,phonetic,winter,,,,
14-750-804-1,manm1238,Keme (Kemie variety),1537,laʔ.53 du.31 vɔn.31,phonetic,spring,,,,
14-760-804-1,manm1238,Keme (Kemie variety),1342,laʔ.53 du.31 ɣɔn.31,phonetic,summer,,,,
14-770-804-1,manm1238,Keme (Kemie variety),1276,laʔ.53 du.31 jin.31,phonetic,autumn,,,,
14-780-804-1,manm1238,Keme (Kemie variety),691,laʔ.53 du.31,phonetic,season,,,,
15-210-804-1,manm1238,Keme (Kemie variety),1587,ui.13,phonetic,smell (vb intrans),,,,
15-212-804-1,manm1238,Keme (Kemie variety),375,hut.53,phonetic,sniff,,,,
15-220-804-1,manm1238,Keme (Kemie variety),1586,hut.53,phonetic,smell (vb trans),,,,
15-250-804-1,manm1238,Keme (Kemie variety),376,hɔm.35,phonetic,"fragrant, good smelling",,,,
15-260-804-1,manm1238,Keme (Kemie variety),42,çiau.35,phonetic,"stinking, bad smelling",,,,
15-350-804-1,manm1238,Keme (Kemie variety),717,ŋɛŋ.55,phonetic,sweet,,,,
15-360-804-1,manm1238,Keme (Kemie variety),1091,lu.33,phonetic,salty,,,,
15-370-804-1,manm1238,Keme (Kemie variety),887,saŋ.55,phonetic,bitter,,,,
15-380-804-1,manm1238,Keme (Kemie variety),1906,au.31,phonetic,"acid, sour",,,,
15-410-804-1,manm1238,Keme (Kemie variety),1408,nam.35,phonetic,hear,,,,
15-420-804-1,manm1238,Keme (Kemie variety),1608,khaʔ.53 ŋaŋ.55,phonetic,listen,,,,
15-440-804-1,manm1238,Keme (Kemie variety),1811,a lɔʔ.53,phonetic,"sound, noise",,,,
15-450-804-1,manm1238,Keme (Kemie variety),377,a lɔʔ.53 vɔ.31,phonetic,loud,,,,
15-460-804-1,manm1238,Keme (Kemie variety),1314,jən.35,phonetic,"quiet, silence",,,,
15-510-804-1,manm1238,Keme (Kemie variety),1409,lɔm.31,phonetic,see,,,,
15-520-804-1,manm1238,Keme (Kemie variety),1819,nɔm.55,phonetic,"look, look at",,,,
15-550-804-1,manm1238,Keme (Kemie variety),1039,nɔm.55,phonetic,show,,,,
15-560-804-1,manm1238,Keme (Kemie variety),708,thɔŋ.35,phonetic,shine,,,,
15-570-804-1,manm1238,Keme (Kemie variety),679,haŋ.35,phonetic,bright,,,,
15-610-804-1,manm1238,Keme (Kemie variety),1613,phiou.35,phonetic,color,,,,
15-640-804-1,manm1238,Keme (Kemie variety),1335,pa:n.31,phonetic,white,,,,
15-650-804-1,manm1238,Keme (Kemie variety),163,laŋ.55,phonetic,black,,,,
15-660-804-1,manm1238,Keme (Kemie variety),156,hɛŋ.55,phonetic,red,,,,
15-670-804-1,manm1238,Keme (Kemie variety),837,çɔ.35,phonetic,blue,,,,
15-680-804-1,manm1238,Keme (Kemie variety),1425,khiou.35,phonetic,green,,,,
15-690-804-1,manm1238,Keme (Kemie variety),1424,hoŋ.31,phonetic,yellow,,,,
15-710-804-1,manm1238,Keme (Kemie variety),1892,tam.35,phonetic,touch,,,,
15-712-804-1,manm1238,Keme (Kemie variety),378,sɛk.53,phonetic,pinch,,,,
15-720-804-1,manm1238,Keme (Kemie variety),1079,phɛp.33,phonetic,feel,,,,
15-740-804-1,manm1238,Keme (Kemie variety),1884,kɛn.35,phonetic,hard,,,,
15-750-804-1,manm1238,Keme (Kemie variety),1856,mɔk.53,phonetic,soft,,,,
15-760-804-1,manm1238,Keme (Kemie variety),1923,ma.53 len.35,phonetic,rough,,,,
15-770-804-1,manm1238,Keme (Kemie variety),1234,len.35,phonetic,smooth,,,,
15-780-804-1,manm1238,Keme (Kemie variety),1396,ləp.53,phonetic,sharp,,,,
15-790-804-1,manm1238,Keme (Kemie variety),379,maʔ.53 ləp.53,phonetic,"blunt, dull",,,,
15-810-804-1,manm1238,Keme (Kemie variety),1210,kɛn.55,phonetic,heavy,,,,
15-820-804-1,manm1238,Keme (Kemie variety),1052,ŋɛŋ.31,phonetic,light (in weight),,,,
15-830-804-1,manm1238,Keme (Kemie variety),1726,mɛk.53,phonetic,"wet, damp",,,,
15-840-804-1,manm1238,Keme (Kemie variety),1398,ɔn.31,phonetic,dry,,,,
15-840-804-2,manm1238,Keme (Kemie variety),1398,ɔn.31,phonetic,dry,,,,
15-850-804-1,manm1238,Keme (Kemie variety),1286,ɣɔn.31,phonetic,hot,,,,
15-851-804-1,manm1238,Keme (Kemie variety),1232,əm.35,phonetic,warm,,,,
15-860-804-1,manm1238,Keme (Kemie variety),1287,ŋa:ŋ.35,phonetic,cold,,,,
15-870-804-1,manm1238,Keme (Kemie variety),704,lui.31,phonetic,clean,,,,
15-880-804-1,manm1238,Keme (Kemie variety),1230,ćək.53,phonetic,"dirty, soiled",,,,
15-890-804-1,manm1238,Keme (Kemie variety),380,hiou.35,phonetic,wrinkled,,,,
16-110-804-1,manm1238,Keme (Kemie variety),53,kviʔ.53,phonetic,"soul, spirit",,,,
16-150-804-1,manm1238,Keme (Kemie variety),1572,ćoi.31,phonetic,"surprised, astonished",,,,
16-180-804-1,manm1238,Keme (Kemie variety),720,ka:m.35,phonetic,"good fortune, luck",,,,
16-190-804-1,manm1238,Keme (Kemie variety),56,m paʔ.53 ka:m.35,phonetic,"misfortune, bad luck",,,,
16-230-804-1,manm1238,Keme (Kemie variety),1495,ńɔŋ.31 jəm.31,phonetic,"joyful, glad, happy",,,,
16-250-804-1,manm1238,Keme (Kemie variety),1355,ńa:h.33,phonetic,laugh,,,,
16-260-804-1,manm1238,Keme (Kemie variety),1413,iau.35,phonetic,play,,,,
16-270-804-1,manm1238,Keme (Kemie variety),923,ńɔŋ.31,phonetic,love,,,,
16-290-804-1,manm1238,Keme (Kemie variety),578,ćut.13,phonetic,kiss,,,,
16-300-804-1,manm1238,Keme (Kemie variety),928,ɔm.35,phonetic,embrace,,,,
16-310-804-1,manm1238,Keme (Kemie variety),1783,suʔ.53,phonetic,pain,,,,
16-320-804-1,manm1238,Keme (Kemie variety),1668,maʔ.53 ńɔŋ.31 ot.53,phonetic,"grief, sorrow, sadness",,,,
16-330-804-1,manm1238,Keme (Kemie variety),1000,kəŋ.11 ćem.31,phonetic,"anxiety, worry",,,,
16-340-804-1,manm1238,Keme (Kemie variety),1875,məi.35,phonetic,"regret, be sorry",,,,
16-350-804-1,manm1238,Keme (Kemie variety),1141,çiŋ.55 veŋ.31,phonetic,pity,,,,
16-370-804-1,manm1238,Keme (Kemie variety),1839,ńa:m.31,phonetic,"cry, weep",,,,
16-380-804-1,manm1238,Keme (Kemie variety),1651,om.31 ŋai.31,phonetic,tear (noun),,,,
16-390-804-1,manm1238,Keme (Kemie variety),716,thəŋ.31 ɛh.31,phonetic,groan,,,,
16-410-804-1,manm1238,Keme (Kemie variety),1607,ha:ŋ.31,phonetic,hate,,,,
16-420-804-1,manm1238,Keme (Kemie variety),82,suʔ.53 nɔh.31,phonetic,anger,,,,
16-440-804-1,manm1238,Keme (Kemie variety),40,çui.35,phonetic,"envy, jealousy",,,,
16-450-804-1,manm1238,Keme (Kemie variety),1776,ńɔŋ.31 ka:n.31,phonetic,shame (noun),,,,
16-510-804-1,manm1238,Keme (Kemie variety),1779,ja:k.33,phonetic,dare,,,,
16-520-804-1,manm1238,Keme (Kemie variety),3,ja:k.33,phonetic,brave,,,,
16-530-804-1,manm1238,Keme (Kemie variety),781,la:t.33,phonetic,"fear, fright",,,,
16-622-804-1,manm1238,Keme (Kemie variety),1750,lək.13,phonetic,choose,,,,
16-630-804-1,manm1238,Keme (Kemie variety),1092,lɔ.35,phonetic,hope,,,,
16-660-804-1,manm1238,Keme (Kemie variety),1657,sɨ.35,phonetic,true,,,,
16-670-804-1,manm1238,Keme (Kemie variety),601,pau.31,phonetic,"lie, tell lies",,,,
16-680-804-1,manm1238,Keme (Kemie variety),13,pau.31,phonetic,deceit,,,,
16-690-804-1,manm1238,Keme (Kemie variety),1528,nɔm.35 lɔm.31,phonetic,forgive,,,,
16-710-804-1,manm1238,Keme (Kemie variety),1035,ńɔŋ.31,phonetic,good,,,,
16-720-804-1,manm1238,Keme (Kemie variety),1292,saŋ.31 ɣɛh.31,phonetic,bad,,,,
16-730-804-1,manm1238,Keme (Kemie variety),1725,mɛn.35,phonetic,"right, correct",,,,
16-740-804-1,manm1238,Keme (Kemie variety),1390,maʔ.53 mɛn.35,phonetic,wrong,,,,
16-760-804-1,manm1238,Keme (Kemie variety),134,maʔ.53 mɛn.35,phonetic,fault,,,,
16-770-804-1,manm1238,Keme (Kemie variety),1293,maʔ.53 mɛn.35,phonetic,"mistake, error",,,,
16-780-804-1,manm1238,Keme (Kemie variety),381,sa:m.35,phonetic,blame,,,,
16-790-804-1,manm1238,Keme (Kemie variety),1687,jok.53 jo.31,phonetic,praise,,,,
16-810-804-1,manm1238,Keme (Kemie variety),1427,ńɔŋ.31,phonetic,beautiful,,,,
16-820-804-1,manm1238,Keme (Kemie variety),1548,maʔ.53 ńɔŋ.31,phonetic,ugly,,,,
16-840-804-1,manm1238,Keme (Kemie variety),1310,heŋ.55,phonetic,clever,,,,
17-130-804-1,manm1238,Keme (Kemie variety),1415,çiʔ.53,phonetic,think (= reflect),,,,
17-140-804-1,manm1238,Keme (Kemie variety),1513,thuk.13,phonetic,think (= be of the opinion),,,,
17-150-804-1,manm1238,Keme (Kemie variety),1890,ćə.31,phonetic,believe,,,,
17-160-804-1,manm1238,Keme (Kemie variety),1536,iou.31,phonetic,understand,,,,
17-170-804-1,manm1238,Keme (Kemie variety),1410,iou.31,phonetic,know,,,,
17-171-804-1,manm1238,Keme (Kemie variety),1932,tak.53,phonetic,guess,,,,
17-220-804-1,manm1238,Keme (Kemie variety),1518,pɨk.53,phonetic,"foolish, stupid",,,,
17-230-804-1,manm1238,Keme (Kemie variety),1899,mau.31,phonetic,"insane, crazy",,,,
17-240-804-1,manm1238,Keme (Kemie variety),504,ɣen.31,phonetic,learn,,,,
17-242-804-1,manm1238,Keme (Kemie variety),1929,ɣen.31,phonetic,study,,,,
17-250-804-1,manm1238,Keme (Kemie variety),709,sɔn.55,phonetic,teach,,,,
17-260-804-1,manm1238,Keme (Kemie variety),753,luk.53 ɣen.31,phonetic,pupil,,,,
17-270-804-1,manm1238,Keme (Kemie variety),1038,khu.33 sɔn.13,phonetic,teacher,,,,
17-280-804-1,manm1238,Keme (Kemie variety),673,ɣɔŋ.31 ɣen.31,phonetic,school,,,,
17-310-804-1,manm1238,Keme (Kemie variety),707,ćɨ.13,phonetic,remember,,,,
17-320-804-1,manm1238,Keme (Kemie variety),1523,khɔʔ.53 pin.13,phonetic,forget,,,,
17-340-804-1,manm1238,Keme (Kemie variety),989,iou.31 khɛm.31,phonetic,"clear, plain",,,,
17-360-804-1,manm1238,Keme (Kemie variety),1121,am.13,phonetic,secret,,,,
17-380-804-1,manm1238,Keme (Kemie variety),1626,ih.53,phonetic,explain,,,,
17-440-804-1,manm1238,Keme (Kemie variety),1841,saŋ.55 ka.31,phonetic,suspect,,,,
17-450-804-1,manm1238,Keme (Kemie variety),643,lu.31,phonetic,"need, necessity",,,,
17-460-804-1,manm1238,Keme (Kemie variety),686,maʔ.53 ja:k.13,phonetic,easy,,,,
17-470-804-1,manm1238,Keme (Kemie variety),584,ja:k.13,phonetic,difficult,,,,
17-480-804-1,manm1238,Keme (Kemie variety),1812,ća:m.31,phonetic,"try, attempt",,,,
17-490-804-1,manm1238,Keme (Kemie variety),488,ai.13,phonetic,"way, manner",,,,
17-530-804-1,manm1238,Keme (Kemie variety),1459,va.33,phonetic,if,,,,
17-550-804-1,manm1238,Keme (Kemie variety),1268,kəʔ.53,phonetic,"yes, affirmative",,,,
17-560-804-1,manm1238,Keme (Kemie variety),1269,maʔ.53,phonetic,"no, negative",,,,
17-610-804-1,manm1238,Keme (Kemie variety),1239,i.31 ćəʔ.53 ma.35,phonetic,how?,,,,
17-620-804-1,manm1238,Keme (Kemie variety),822,pəi.31 ma.35,phonetic,how many?,,,,
17-630-804-1,manm1238,Keme (Kemie variety),531,pəi.31 ma.35,phonetic,how much?,,,,
17-640-804-1,manm1238,Keme (Kemie variety),1236,kəʔ.53 ma.35,phonetic,what?,,,,
17-650-804-1,manm1238,Keme (Kemie variety),1238,ja:m.31 ma.35,phonetic,when?,,,,
17-660-804-1,manm1238,Keme (Kemie variety),1237,khən.35 ma.35,phonetic,where?,,,,
17-670-804-1,manm1238,Keme (Kemie variety),727,mɛ.35,phonetic,which?,,,,
17-680-804-1,manm1238,Keme (Kemie variety),1235,mɛ.35,phonetic,who?,,,,
17-690-804-1,manm1238,Keme (Kemie variety),1270,kəʔ.53 çə.31 ma.35,phonetic,why?,,,,
18-110-804-1,manm1238,Keme (Kemie variety),1363,a lɔʔ.53,phonetic,voice,,,,
18-120-804-1,manm1238,Keme (Kemie variety),1261,ću.31,phonetic,sing,,,,
18-130-804-1,manm1238,Keme (Kemie variety),715,vɔ.31,phonetic,"shout, cry out",,,,
18-150-804-1,manm1238,Keme (Kemie variety),55,çap.53,phonetic,whisper,,,,
18-170-804-1,manm1238,Keme (Kemie variety),1025,sɔh.3,phonetic,whistle,,,,
18-180-804-1,manm1238,Keme (Kemie variety),298,ćui.31,phonetic,"shriek, screech",,,,
18-210-804-1,manm1238,Keme (Kemie variety),1623,pap.53,phonetic,"speak, talk",,,,
18-211-804-1,manm1238,Keme (Kemie variety),1866,pap.53 kət.53,phonetic,"stutter, stammer",,,,
18-220-804-1,manm1238,Keme (Kemie variety),1458,pap.53,phonetic,say,,,,
18-221-804-1,manm1238,Keme (Kemie variety),1711,up.53 khau.35,phonetic,tell story,,,,
18-230-804-1,manm1238,Keme (Kemie variety),48,dɨn.35,phonetic,silent (be),,,,
18-240-804-1,manm1238,Keme (Kemie variety),1307,mɔn.31 pap.53,phonetic,language,,,,
18-260-804-1,manm1238,Keme (Kemie variety),1599,to.55,phonetic,word,,,,
18-280-804-1,manm1238,Keme (Kemie variety),1405,meh.31,phonetic,name,,,,
18-310-804-1,manm1238,Keme (Kemie variety),1309,ma:n.13,phonetic,"ask (question, inquire)",,,,
18-320-804-1,manm1238,Keme (Kemie variety),1275,tɔp.13,phonetic,answer,,,,
18-350-804-1,manm1238,Keme (Kemie variety),1828,niou.13,phonetic,"ask, request",,,,
18-380-804-1,manm1238,Keme (Kemie variety),83,ma.31 va.35,phonetic,forbid,,,,
18-390-804-1,manm1238,Keme (Kemie variety),299,sa:m.13,phonetic,"rebuke, scold",,,,
18-410-804-1,manm1238,Keme (Kemie variety),1084,vɔ.31,phonetic,call (=summon),,,,
18-440-804-1,manm1238,Keme (Kemie variety),1192,fap.53,phonetic,threaten,,,,
18-510-804-1,manm1238,Keme (Kemie variety),1672,tɛm.13,phonetic,write,,,,
18-520-804-1,manm1238,Keme (Kemie variety),724,kin.31,phonetic,read,,,,
18-560-804-1,manm1238,Keme (Kemie variety),648,ka.31 da:t.13,phonetic,paper,,,,
18-570-804-1,manm1238,Keme (Kemie variety),794,pi.33,phonetic,pen,,,,
18-610-804-1,manm1238,Keme (Kemie variety),963,pɔp.53,phonetic,book,,,,
18-710-804-1,manm1238,Keme (Kemie variety),777,a bi.31,phonetic,flute,,,,
18-720-804-1,manm1238,Keme (Kemie variety),908,thom.31,phonetic,drum,,,,
18-730-804-1,manm1238,Keme (Kemie variety),2136,thau.13,phonetic,"horn, trumpet",,,,
19-110-804-1,manm1238,Keme (Kemie variety),1300,phaʔ.53 tɛt.13,phonetic,country,,,,
19-150-804-1,manm1238,Keme (Kemie variety),1391,veŋ.31,phonetic,"city, town",,,,
19-160-804-1,manm1238,Keme (Kemie variety),930,him.35,phonetic,village,,,,
19-170-804-1,manm1238,Keme (Kemie variety),1010,dɛn.35,phonetic,boundary,,,,
19-210-804-1,manm1238,Keme (Kemie variety),789,iʔ.53,phonetic,people (populace),,,,
19-230-804-1,manm1238,Keme (Kemie variety),302,mai.35 ɛm.31,phonetic,"tribe, clan",,,,
19-240-804-1,manm1238,Keme (Kemie variety),301,nai.31,phonetic,"chief, chieftain",,,,
19-250-804-1,manm1238,Keme (Kemie variety),1296,çeʔ.53 ɣun.31,phonetic,"staff, walking stick",,,,
19-320-804-1,manm1238,Keme (Kemie variety),1508,ka:m.31,phonetic,"king, ruler",,,,
19-330-804-1,manm1238,Keme (Kemie variety),1306,na:ŋ.31,phonetic,queen,,,,
19-370-804-1,manm1238,Keme (Kemie variety),1032,iʔ.53,phonetic,"citizen, subject",,,,
19-410-804-1,manm1238,Keme (Kemie variety),383,ka:m.31 ńaʔ.53,phonetic,master,,,,
19-420-804-1,manm1238,Keme (Kemie variety),812,mɔn.31 ńaʔ.53,phonetic,slave,,,,
19-430-804-1,manm1238,Keme (Kemie variety),255,mɔn.31 ńaʔ.53,phonetic,servant,,,,
19-450-804-1,manm1238,Keme (Kemie variety),1128,fap.53,phonetic,"command, order",,,,
19-460-804-1,manm1238,Keme (Kemie variety),1635,khaʔ.53 ŋaŋ.35,phonetic,obey,,,,
19-470-804-1,manm1238,Keme (Kemie variety),1003,thɔ.31,phonetic,"let, permit",,,,
19-510-804-1,manm1238,Keme (Kemie variety),1325,pɔʔ.53,phonetic,"friend, companion",,,,
19-520-804-1,manm1238,Keme (Kemie variety),1358,iʔ.53 haŋ.31,phonetic,enemy,,,,
19-540-804-1,manm1238,Keme (Kemie variety),1332,tɛʔ.53,phonetic,neighbor,,,,
19-560-804-1,manm1238,Keme (Kemie variety),1782,khɛk.13,phonetic,guest,,,,
19-570-804-1,manm1238,Keme (Kemie variety),1545,ka:m.31 ńaʔ.53,phonetic,host,,,,
19-580-804-1,manm1238,Keme (Kemie variety),1897,ɔ.31,phonetic,"help, aid",,,,
19-620-804-1,manm1238,Keme (Kemie variety),1848,sɔt.53 pɔʔ.53,phonetic,"strife, quarrel",,,,
19-650-804-1,manm1238,Keme (Kemie variety),1831,lɔm.31 pɔʔ.53,phonetic,meet,,,,
20-110-804-1,manm1238,Keme (Kemie variety),1423,tɔp.13 pɔʔ.53,phonetic,fight (vb),,,,
20-130-804-1,manm1238,Keme (Kemie variety),579,mak.53 sək.53,phonetic,"war, battle",,,,
20-150-804-1,manm1238,Keme (Kemie variety),1561,tha.31 han.13,phonetic,army,,,,
20-170-804-1,manm1238,Keme (Kemie variety),1941,tha.31 han.13,phonetic,soldier,,,,
20-210-804-1,manm1238,Keme (Kemie variety),951,jɔ.31 tha.31,phonetic,"weapons, arms",,,,
20-220-804-1,manm1238,Keme (Kemie variety),1763,çeʔ.53 kət.53,phonetic,club,,,,
20-240-804-1,manm1238,Keme (Kemie variety),994,a ak.53,phonetic,bow,,,,
20-250-804-1,manm1238,Keme (Kemie variety),977,tai.13,phonetic,arrow,,,,
20-260-804-1,manm1238,Keme (Kemie variety),945,pɛh.31,phonetic,spear,,,,
20-280-804-1,manm1238,Keme (Kemie variety),1566,na:t.13,phonetic,"gun, cannon",,,,
20-360-804-1,manm1238,Keme (Kemie variety),1671,tha:t.13,phonetic,tower,,,,
20-410-804-1,manm1238,Keme (Kemie variety),783,pɛ.31,phonetic,victory,,,,
20-420-804-1,manm1238,Keme (Kemie variety),782,kan.35,phonetic,defeat,,,,
20-430-804-1,manm1238,Keme (Kemie variety),722,ŋam.13,phonetic,attack,,,,
20-450-804-1,manm1238,Keme (Kemie variety),421,hun.13,phonetic,retreat,,,,
20-460-804-1,manm1238,Keme (Kemie variety),1696,nɔm.55,phonetic,surrender,,,,
20-490-804-1,manm1238,Keme (Kemie variety),65,tap.53,phonetic,ambush,,,,
20-510-804-1,manm1238,Keme (Kemie variety),1858,pha:n.13 khaʔ.53,phonetic,fisherman,,,,
20-520-804-1,manm1238,Keme (Kemie variety),1074,khɔ.55 bɛt.53,phonetic,fishhook,,,,
20-530-804-1,manm1238,Keme (Kemie variety),19,siʔ.53 bɛt.53,phonetic,fishing line,,,,
20-540-804-1,manm1238,Keme (Kemie variety),388,hɛ.33,phonetic,fishnet,,,,
20-610-804-1,manm1238,Keme (Kemie variety),1435,iau.31 piʔ.53,phonetic,hunt,,,,
20-620-804-1,manm1238,Keme (Kemie variety),1172,phən.35,phonetic,shoot,,,,
20-640-804-1,manm1238,Keme (Kemie variety),1075,thuʔ.53 thaŋ.55,phonetic,trap (noun),,,,
21-370-804-1,manm1238,Keme (Kemie variety),390,mɔn.31,phonetic,"penalty, punishment",,,,
21-390-804-1,manm1238,Keme (Kemie variety),1281,khɔk.13,phonetic,"prison, jail",,,,
21-430-804-1,manm1238,Keme (Kemie variety),902,nap.53 i.31,phonetic,adultery,,,,
21-460-804-1,manm1238,Keme (Kemie variety),1889,kut.53 ŋau.35,phonetic,arson,,,,
21-510-804-1,manm1238,Keme (Kemie variety),713,paʔ.53,phonetic,steal,,,,
21-520-804-1,manm1238,Keme (Kemie variety),1160,lu.31,phonetic,thief,,,,
22-110-804-1,manm1238,Keme (Kemie variety),661,sa.31 sa.31 na.31,phonetic,religion,,,,
22-120-804-1,manm1238,Keme (Kemie variety),1944,phaʔ.53 ćau.35,phonetic,God,,,,
22-130-804-1,manm1238,Keme (Kemie variety),911,vat.53,phonetic,"temple, church",,,,
22-140-804-1,manm1238,Keme (Kemie variety),853,tɛn.31 kiau.35,phonetic,altar,,,,
22-170-804-1,manm1238,Keme (Kemie variety),24,ve.35,phonetic,pray,,,,
22-180-804-1,manm1238,Keme (Kemie variety),852,phaʔ.53,phonetic,priest,,,,
22-220-804-1,manm1238,Keme (Kemie variety),304,ih.53 tham.31,phonetic,preach,,,,
22-310-804-1,manm1238,Keme (Kemie variety),1565,khoŋ.31 thaʔ.53 sah.53,phonetic,heaven,,,,
22-350-804-1,manm1238,Keme (Kemie variety),1973,kviʔ.53,phonetic,demon (evil spirit),,,,
22-430-804-1,manm1238,Keme (Kemie variety),2137,a ćan.13,phonetic,"sorcerer, witch",,,,
22-440-804-1,manm1238,Keme (Kemie variety),2138,tiou.13 da.31,phonetic,"fairy, elf",,,,
22-450-804-1,manm1238,Keme (Kemie variety),1175,kviʔ.53,phonetic,"ghost, phantom",,,,
