ID,Language_ID,Language_name,Parameter_ID,Value,Transcription,Concept,Source,Comment,AlternativeValue,AlternativeTranscription
14-320-135-1,khan1273,Khanty,1852,wankutlɨ,Phonemic,often,,,,
14-310-135-1,khan1273,Khanty,1676,isa pur̃ayn,Phonemic,always,,First two forms mean 'always'; latter two forms mean 'forever'.,,
14-310-135-3,khan1273,Khanty,1676,kašiŋ pur̃ayn,Phonemic,always,,First two forms mean 'always'; latter two forms mean 'forever'.,,
14-310-135-5,khan1273,Khanty,1676,ipuša,Phonemic,always,,First two forms mean 'always'; latter two forms mean 'forever'.,,
14-310-135-7,khan1273,Khanty,1676,isat,Phonemic,always,,First two forms mean 'always'; latter two forms mean 'forever'.,,
14-290-135-1,khan1273,Khanty,790,yetšum,Phonemic,ready,,,,
14-280-135-1,khan1273,Khanty,1928,nux wulɨtɨ,Phonemic,"cease, stop",,,,
14-270-135-1,khan1273,Khanty,1766,yetšuptatɨ,Phonemic,finish,,,,
14-270-135-3,khan1273,Khanty,1766,xultuptatɨ,Phonemic,finish,,,,
14-260-135-1,khan1273,Khanty,743,yuwolaŋ,Phonemic,end (temporal),,,,
14-252-135-1,khan1273,Khanty,1186,muy wuš wəntɨ wəltɨ,Phonemic,"last, endure",,,,
14-250-135-1,khan1273,Khanty,1806,olaŋ,Phonemic,"begin, beginning",,,,
14-250-135-3,khan1273,Khanty,1806,olŋaltɨ,Phonemic,"begin, beginning",,,,
14-240-135-1,khan1273,Khanty,425,an ter̃malatɨ,Phonemic,"retard, delay",,,,
14-230-135-1,khan1273,Khanty,754,ter̃malatɨ,Phonemic,"hasten, hurry",,,,
14-220-135-1,khan1273,Khanty,701,ayilta,Phonemic,slow,,,,
14-210-135-1,khan1273,Khanty,1631,pastɨ ~ kar̃kam,Phonemic,"swift, fast, quick",,,,
14-190-135-1,khan1273,Khanty,1963,moxtɨ,Phonemic,immediately,,,,
14-180-135-1,khan1273,Khanty,1376,in ~ intam,Phonemic,now,,,,
14-180-135-3,khan1273,Khanty,1376,welʸsʸi,Phonemic,now,,,,
14-170-135-1,khan1273,Khanty,477,yəxat,Phonemic,late,,,,
14-160-135-1,khan1273,Khanty,672,sɨr̃ɨ,Phonemic,early,,,,
14-150-135-1,khan1273,Khanty,1229,pir̃asʸ,Phonemic,old,,,,
14-140-135-1,khan1273,Khanty,1207,aylat,Phonemic,young,,,,
14-120-135-1,khan1273,Khanty,1789,nəpat,Phonemic,age,,,,
14-130-135-1,khan1273,Khanty,1231,yilup,Phonemic,new,,,,
14-110-135-1,khan1273,Khanty,892,mar̃,Phonemic,time,,,,
14-110-135-3,khan1273,Khanty,892,ar̃t,Phonemic,time,,,,
14-110-135-5,khan1273,Khanty,892,kem,Phonemic,time,,,,
14-110-135-7,khan1273,Khanty,892,pur̃a,Phonemic,time,,,,
13-440-135-1,khan1273,Khanty,417,xəlmpuš,Phonemic,three times,,,,
13-420-135-1,khan1273,Khanty,1859,xəlmit,Phonemic,third,,,,
13-380-135-1,khan1273,Khanty,1546,katpuš,Phonemic,two times,,,,
13-360-135-1,khan1273,Khanty,1384,kʸimʸit,Phonemic,second,,,,
13-350-135-1,khan1273,Khanty,1529,yuxat,Phonemic,last,,,,
13-340-135-1,khan1273,Khanty,728,olaŋmʸit,Phonemic,first,,,,
13-330-135-1,khan1273,Khanty,1580,i ~ iy ~ it,Phonemic,"alone, only",,"Respectively: alone; only; the only, alone.",,
13-330-135-3,khan1273,Khanty,1580,atelt,Phonemic,"alone, only",,"Respectively: alone; only; the only, alone.",,
13-330-135-5,khan1273,Khanty,1580,təp,Phonemic,"alone, only",,"Respectively: alone; only; the only, alone.",,
13-240-135-1,khan1273,Khanty,816,pʸelak ~ šəp,Phonemic,half,,,,
13-230-135-1,khan1273,Khanty,779,pʸelak ~ šəp,Phonemic,"part, piece",,,,
13-220-135-1,khan1273,Khanty,1624,tal,Phonemic,empty,,,,
13-210-135-1,khan1273,Khanty,1429,teliye,Phonemic,full,,,,
13-210-135-3,khan1273,Khanty,1429,teknak,Phonemic,full,,,,
13-210-135-5,khan1273,Khanty,1429,tekanman,Phonemic,full,,,,
13-190-135-1,khan1273,Khanty,2023,ar̃at,Phonemic,"multitude, crowd",,,,
13-181-135-1,khan1273,Khanty,1241,mattɨ,Phonemic,some,,,,
13-181-135-3,khan1273,Khanty,1241,təxut,Phonemic,some,,,,
13-181-135-5,khan1273,Khanty,1241,šimal,Phonemic,some,,,,
13-170-135-1,khan1273,Khanty,1242,šimal,Phonemic,"little (quantity), few",,,,
13-180-135-1,khan1273,Khanty,1881,tar̃mal,Phonemic,enough,,,,
13-160-135-1,khan1273,Khanty,1992,ar̃šik,Phonemic,more,,,,
13-150-135-1,khan1273,Khanty,1198,ar̃,Phonemic,"much, many",,,,
13-140-135-1,khan1273,Khanty,98,kasʸiŋ,Phonemic,"every, all",,,,
13-140-135-3,khan1273,Khanty,98,isat,Phonemic,"every, all",,,,
13-107-135-1,khan1273,Khanty,1420,nux luŋatti,Phonemic,count,,,,
13-106-135-1,khan1273,Khanty,1843,sʸur̃as,Phonemic,thousand,,,,
13-105-135-1,khan1273,Khanty,1634,sot,Phonemic,hundred,,,,
13-104-135-1,khan1273,Khanty,1710,xus,Phonemic,twenty,,,,
13-103-135-1,khan1273,Khanty,1709,wetxusʸyaŋ,Phonemic,fifteen,,,,
13-102-135-1,khan1273,Khanty,1707,katxusʸyaŋ,Phonemic,twelve,,,,
13-101-135-1,khan1273,Khanty,1706,iyxusʸyaŋ,Phonemic,eleven,,,,
13-100-135-1,khan1273,Khanty,1515,yaŋ,Phonemic,ten,,,,
13-90-135-1,khan1273,Khanty,1483,yar̃tʸyaŋ,Phonemic,nine,,,,
13-80-135-1,khan1273,Khanty,1705,nʸiwal,Phonemic,eight,,,,
13-70-135-1,khan1273,Khanty,1704,lapat,Phonemic,seven,,,,
13-60-135-1,khan1273,Khanty,1703,xət,Phonemic,six,,,,
13-50-135-1,khan1273,Khanty,493,wʸet,Phonemic,five,,,,
13-40-135-1,khan1273,Khanty,1500,nʸal,Phonemic,four,,,,
13-20-135-1,khan1273,Khanty,1498,kat ~ katn,Phonemic,two,,,,
13-30-135-1,khan1273,Khanty,492,xəlum,Phonemic,three,,,,
13-10-135-1,khan1273,Khanty,1493,i ~ iy ~ it,Phonemic,one,,,,
13-0-135-1,khan1273,Khanty,1294,wonʸsʸal,Phonemic,"zero, nothing",,,,
13-0-135-3,khan1273,Khanty,1294,nemultɨ,Phonemic,"zero, nothing",,,,
12-930-135-1,khan1273,Khanty,1264,pʸelattɨ,Phonemic,change,,,,
12-920-135-1,khan1273,Khanty,1558,sʸi xur̃asup,Phonemic,"like, similar",,,,
12-840-135-1,khan1273,Khanty,1048,sʸur̃tmʸil,Phonemic,line,,,,
12-850-135-1,khan1273,Khanty,1667,wus,Phonemic,hole,,,,
12-830-135-1,khan1273,Khanty,1845,yeŋta xɨr̃,Phonemic,"sphere, ball",,,,
12-810-135-1,khan1273,Khanty,1395,yeŋta,Phonemic,round,,,,
12-820-135-1,khan1273,Khanty,1467,lak,Phonemic,circle,,,,
12-780-135-1,khan1273,Khanty,850,nʸalsuŋup,Phonemic,square,,,,
12-770-135-1,khan1273,Khanty,1367,pʸer̃na,Phonemic,cross,,,,
12-760-135-1,khan1273,Khanty,192,suŋ,Phonemic,corner,,,,
12-750-135-1,khan1273,Khanty,1071,kur̃k,Phonemic,hook,,,,
12-740-135-1,khan1273,Khanty,297,yuwr̃a,Phonemic,crooked,,,,
12-730-135-1,khan1273,Khanty,1404,tuŋ,Phonemic,straight,,,,
12-710-135-1,khan1273,Khanty,1633,lupsax,Phonemic,flat,,,,
12-680-135-1,khan1273,Khanty,193,pantaŋ,Phonemic,shallow,,,,
12-670-135-1,khan1273,Khanty,1593,mal,Phonemic,deep,,,,
12-650-135-1,khan1273,Khanty,2249,wasʸ,Phonemic,thin (in dimension),,,,
12-630-135-1,khan1273,Khanty,1244,kul,Phonemic,thick (in dimension),,,,
12-620-135-1,khan1273,Khanty,1267,wasʸ,Phonemic,narrow,,,,
12-620-135-3,khan1273,Khanty,1267,yer̃mat,Phonemic,narrow,,,,
12-610-135-1,khan1273,Khanty,1243,wutaŋ,Phonemic,"wide, broad",,,,
12-590-135-1,khan1273,Khanty,1645,wan,Phonemic,short,,,,
12-580-135-1,khan1273,Khanty,711,kar̃sʸ,Phonemic,tall,,,,
12-570-135-1,khan1273,Khanty,1203,xuw,Phonemic,long,,,,
12-560-135-1,khan1273,Khanty,1246,ay,Phonemic,"small, little",,,,
12-550-135-1,khan1273,Khanty,1202,wən,Phonemic,"large, big",,,,
12-550-135-3,khan1273,Khanty,1202,wulaŋ,Phonemic,"large, big",,,,
12-540-135-1,khan1273,Khanty,1506,ar̃talatɨ,Phonemic,measure,,,,
12-540-135-3,khan1273,Khanty,1506,mʸer̃attɨ,Phonemic,measure,,,,
12-530-135-1,khan1273,Khanty,479,enumtɨ,Phonemic,grow,,,,
12-480-135-1,khan1273,Khanty,1595,num muw,Phonemic,south,,,,
12-480-135-3,khan1273,Khanty,1595,num olaŋ,Phonemic,south,,,,
12-470-135-1,khan1273,Khanty,1598,uwas,Phonemic,north,,,,
12-460-135-1,khan1273,Khanty,1817,kew pʸelak,Phonemic,west,,,,
12-460-135-3,khan1273,Khanty,1817,xatl omastɨ pʸelak,Phonemic,west,,,,
12-450-135-1,khan1273,Khanty,1877,xatl etti pʸelak,Phonemic,east,,,,
12-430-135-1,khan1273,Khanty,1942,wana,Phonemic,near (adv),,,,
12-430-135-3,khan1273,Khanty,1942,wanan,Phonemic,near (adv),,,,
12-440-135-1,khan1273,Khanty,1406,xuwa,Phonemic,far (adv),,,,
12-440-135-3,khan1273,Khanty,1406,xuwn,Phonemic,far (adv),,,,
12-420-135-1,khan1273,Khanty,244,puwa pʸelɨk,Phonemic,left (side),,,,
12-420-135-3,khan1273,Khanty,244,puwa pʸelka,Phonemic,left (side),,,,
12-410-135-1,khan1273,Khanty,1019,yams pʸelɨk,Phonemic,right (side),,,,
12-410-135-3,khan1273,Khanty,1019,yams pʸelka,Phonemic,right (side),,,,
12-370-135-1,khan1273,Khanty,1093,kutlup,Phonemic,"middle, center",,,,
12-360-135-1,khan1273,Khanty,682,pʸelak,Phonemic,side,,,,
12-360-135-3,khan1273,Khanty,682,puŋal,Phonemic,side,,,,
12-353-135-1,khan1273,Khanty,863,tɨy,Phonemic,edge,,,,
12-353-135-3,khan1273,Khanty,863,xonaŋ,Phonemic,edge,,,,
12-352-135-1,khan1273,Khanty,372,pastɨ,Phonemic,pointed,,,,
12-352-135-3,khan1273,Khanty,372,tɨyaŋ,Phonemic,pointed,,,,
12-350-135-1,khan1273,Khanty,742,olaŋ,Phonemic,end,,,,
12-350-135-3,khan1273,Khanty,742,yuwolaŋ,Phonemic,end,,,,
12-340-135-1,khan1273,Khanty,690,pat,Phonemic,bottom,,,,
12-340-135-3,khan1273,Khanty,690,patɨ,Phonemic,bottom,,,,
12-320-135-1,khan1273,Khanty,721,lel,Phonemic,low,,,,
12-330-135-1,khan1273,Khanty,1753,nux,Phonemic,top,,,,
12-330-135-3,khan1273,Khanty,1753,tiy,Phonemic,top,,,,
12-330-135-5,khan1273,Khanty,1753,num,Phonemic,top,,,,
12-310-135-1,khan1273,Khanty,1265,kar̃sʸ,Phonemic,high,,,,
12-270-135-1,khan1273,Khanty,602,sawitɨ,Phonemic,"hide, conceal",,,,
12-270-135-3,khan1273,Khanty,602,xanʸattɨ,Phonemic,"hide, conceal",,,,
12-250-135-1,khan1273,Khanty,1046,lap pʸenttɨ,Phonemic,"shut, close",,,,
12-260-135-1,khan1273,Khanty,761,laŋktɨ,Phonemic,cover,,,,
12-240-135-1,khan1273,Khanty,1156,punštɨ,Phonemic,open,,,,
12-232-135-1,khan1273,Khanty,1119,or̃tti,Phonemic,divide,,,,
12-230-135-1,khan1273,Khanty,1359,katna or̃ttɨ,Phonemic,separate,,,,
12-220-135-1,khan1273,Khanty,1743,pʸilattɨ,Phonemic,"join, unite",,,,
12-212-135-1,khan1273,Khanty,371,nux almiyltɨ,Phonemic,pick up,,,,
12-210-135-1,khan1273,Khanty,7,akattɨ,Phonemic,"collect, gather",,,,
12-170-135-1,khan1273,Khanty,838,xasʸum utat,Phonemic,"remains, left overs",,,,
12-160-135-1,khan1273,Khanty,987,xasʸtɨ,Phonemic,"remain, stay",,,,
12-150-135-1,khan1273,Khanty,1442,lolʸtɨ,Phonemic,stand,,,,
12-140-135-1,khan1273,Khanty,215,ultɨ,Phonemic,lie down,,,,
12-130-135-1,khan1273,Khanty,1416,omastɨ,Phonemic,sit,,,,
12-120-135-1,khan1273,Khanty,998,puntɨ,Phonemic,put,,,,
12-120-135-3,khan1273,Khanty,998,lonʸsʸtɨ,Phonemic,put,,,,
12-110-135-1,khan1273,Khanty,723,taxi,Phonemic,place,,,,
12-80-135-1,khan1273,Khanty,1591,numpiyn,Phonemic,"up, above",,,,
12-70-135-1,khan1273,Khanty,1485,iln,Phonemic,under,,,,
12-60-135-1,khan1273,Khanty,762,kamɨn,Phonemic,outside,,,,
12-50-135-1,khan1273,Khanty,1606,lɨpiyn,Phonemic,"inside, in",,,,
12-41-135-1,khan1273,Khanty,1883,xot yelpʸi,Phonemic,front,,,,
12-40-135-1,khan1273,Khanty,1882,yeln,Phonemic,before,,,,
12-40-135-3,khan1273,Khanty,1882,yelpiyn,Phonemic,before,,,,
12-40-135-5,khan1273,Khanty,1882,sɨr̃iya,Phonemic,before,,,,
12-30-135-1,khan1273,Khanty,2094,iln,Phonemic,"down, below",,,,
12-30-135-3,khan1273,Khanty,2094,il,Phonemic,"down, below",,,,
12-20-135-1,khan1273,Khanty,1816,puŋaln,Phonemic,beside,,,,
12-11-135-1,khan1273,Khanty,1686,yulta ~ yupʸiyn,Phonemic,behind,,,,
12-10-135-1,khan1273,Khanty,1685,yəxat ~ sʸaxa,Phonemic,after,,,,
11-920-135-1,khan1273,Khanty,1098,weskalatɨ,Phonemic,weigh,,,,
11-910-135-1,khan1273,Khanty,884,or̃ttɨ,Phonemic,share (distribute),,,,
11-890-135-1,khan1273,Khanty,1887,tɨnlɨ,Phonemic,cheap,,,,
11-880-135-1,khan1273,Khanty,1426,tɨnaŋ,Phonemic,"dear (costly, expensive)",,,,
11-870-135-1,khan1273,Khanty,657,tɨn,Phonemic,price,,,,
11-860-135-1,khan1273,Khanty,752,lapka,Phonemic,"store, shop",,,,
11-850-135-1,khan1273,Khanty,633,tɨnɨsatɨ taxi,Phonemic,market (place),,,,
11-840-135-1,khan1273,Khanty,1082,sʸor̃asxə,Phonemic,merchant,,,,
11-830-135-1,khan1273,Khanty,2135,tɨnɨyltɨ,Phonemic,"trade, barter",,,,
11-830-135-3,khan1273,Khanty,2135,tɨnɨsatɨ,Phonemic,"trade, barter",,,,
11-820-135-1,khan1273,Khanty,1571,tɨnɨtɨ,Phonemic,sell,,,,
11-810-135-1,khan1273,Khanty,1869,ləttɨ,Phonemic,buy,,,,
11-790-135-1,khan1273,Khanty,733,wux pənuttɨ,Phonemic,earn,,,,
11-780-135-1,khan1273,Khanty,1122,wux wutɨ,Phonemic,wages,,,,
11-770-135-1,khan1273,Khanty,856,mita wutɨ,Phonemic,hire,,,,
11-660-135-1,khan1273,Khanty,1081,luŋtopsa,Phonemic,"account, reckoning",,,,
11-650-135-1,khan1273,Khanty,718,suxuptatɨ,Phonemic,pay (vb),,,,
11-640-135-1,khan1273,Khanty,1914,ar̃ɨnta,Phonemic,debt,,,,
11-630-135-1,khan1273,Khanty,369,ar̃ɨntayɨŋa wəltɨ,Phonemic,owe,,,,
11-620-135-1,khan1273,Khanty,1823,ar̃ɨntaya wutɨ,Phonemic,borrow,,,,
11-610-135-1,khan1273,Khanty,582,ar̃ɨntaya matɨ,Phonemic,lend,,,,
11-540-135-1,khan1273,Khanty,1774,sʸakar̃,Phonemic,"avaricious, stingy",,,,
11-530-135-1,khan1273,Khanty,1934,mʸet nuša,Phonemic,beggar,,,,
11-520-135-1,khan1273,Khanty,1674,nuša,Phonemic,poor,,,,
11-520-135-3,khan1273,Khanty,1674,šəkaŋ,Phonemic,poor,,,,
11-510-135-1,khan1273,Khanty,712,tasʸiŋ,Phonemic,rich,,,,
11-440-135-1,khan1273,Khanty,1867,ay wux,Phonemic,coin,,,,
11-430-135-1,khan1273,Khanty,1559,wux,Phonemic,money,,,,
11-340-135-1,khan1273,Khanty,1095,esltɨ,Phonemic,"release, let go",,,,
11-330-135-1,khan1273,Khanty,1660,ətšiyltɨ,Phonemic,lose,,,,
11-320-135-1,khan1273,Khanty,719,əyttɨ,Phonemic,find,,,,
11-320-135-3,khan1273,Khanty,719,əytʸatɨ,Phonemic,find,,,,
11-310-135-1,khan1273,Khanty,1468,kanštɨ,Phonemic,"seek, look for",,,,
11-280-135-1,khan1273,Khanty,44,atum wʸer̃tɨ,Phonemic,"harm, injure, damage",,,,
11-270-135-1,khan1273,Khanty,681,r̃awa šukattɨ,Phonemic,destroy,,,,
11-270-135-3,khan1273,Khanty,681,wonʸsʸala wʸer̃tɨ,Phonemic,destroy,,,,
11-250-135-1,khan1273,Khanty,2008,nux pasayttɨ,Phonemic,"save, rescue",,,,
11-240-135-1,khan1273,Khanty,1997,šawʸilatɨ,Phonemic,"preserve, look after",,,,
11-220-135-1,khan1273,Khanty,85,matɨ,Phonemic,give back,,,,
11-220-135-3,khan1273,Khanty,85,yuxlɨ kʸer̃latɨ,Phonemic,give back,,,,
11-210-135-1,khan1273,Khanty,1447,matɨ,Phonemic,give,,,,
11-180-135-1,khan1273,Khanty,738,ut ~ pur̃mas,Phonemic,thing,,,,
11-170-135-1,khan1273,Khanty,1477,taytɨ,Phonemic,"keep, retain",,,,
11-160-135-1,khan1273,Khanty,694,wutɨ,Phonemic,"get, obtain",,,,
11-160-135-3,khan1273,Khanty,694,yoša pawattɨ,Phonemic,"get, obtain",,,,
11-160-135-5,khan1273,Khanty,694,musʸattɨ,Phonemic,"get, obtain",,,,
11-160-135-7,khan1273,Khanty,694,weltɨ,Phonemic,"get, obtain",,,,
11-150-135-1,khan1273,Khanty,1448,taytɨ,Phonemic,hold,,,,
11-140-135-1,khan1273,Khanty,2021,alematɨ,Phonemic,"seize, grasp",,,,
11-140-135-3,khan1273,Khanty,2021,katltɨ,Phonemic,"seize, grasp",,,,
11-130-135-1,khan1273,Khanty,1749,wutɨ,Phonemic,take,,,,
11-130-135-3,khan1273,Khanty,1749,wuylʸatɨ,Phonemic,take,,,,
11-130-135-5,khan1273,Khanty,1749,alematɨ,Phonemic,take,,,,
11-120-135-1,khan1273,Khanty,684,taytɨ,Phonemic,"own, possess",,,,
11-110-135-1,khan1273,Khanty,773,taytɨ,Phonemic,have,,,,
10-920-135-1,khan1273,Khanty,1922,wut mantɨ,Phonemic,land (vb),,,,
10-920-135-3,khan1273,Khanty,1922,xoytɨ,Phonemic,land (vb),,,,
10-890-135-1,khan1273,Khanty,1870,wuŋlep,Phonemic,anchor,,,,
10-890-135-3,khan1273,Khanty,1870,yakar̃,Phonemic,anchor,,,,
10-880-135-1,khan1273,Khanty,786,par̃š,Phonemic,sail (noun),,,,
10-870-135-1,khan1273,Khanty,184,par̃š aŋkal,Phonemic,mast,,,,
10-860-135-1,khan1273,Khanty,108,sewas,Phonemic,rudder,,,,
10-852-135-1,khan1273,Khanty,1849,lowaltɨ,Phonemic,row (vb),,,,
10-851-135-1,khan1273,Khanty,234,ləp,Phonemic,paddle (noun),,,,
10-850-135-1,khan1273,Khanty,108,ləp,Phonemic,oar,,,,
10-840-135-1,khan1273,Khanty,1664,pur̃,Phonemic,raft,,,,
10-831-135-1,khan1273,Khanty,1970,xop,Phonemic,canoe,,,,
10-830-135-1,khan1273,Khanty,1844,xop,Phonemic,boat,,,,
10-810-135-1,khan1273,Khanty,740,tutaŋ xop,Phonemic,ship,,,,
10-760-135-1,khan1273,Khanty,710,lak,Phonemic,wheel,,,,
10-740-135-1,khan1273,Khanty,1011,untas,Phonemic,bridge,,,,
10-720-135-1,khan1273,Khanty,2252,yəš xər̃,Phonemic,path,,,,
10-710-135-1,khan1273,Khanty,667,yəš ~ pant,Phonemic,road,,,,
10-670-135-1,khan1273,Khanty,1452,pəxaltɨ,Phonemic,"push, shove",,,,
10-660-135-1,khan1273,Khanty,367,mantɨ,Phonemic,ride,,,,
10-650-135-1,khan1273,Khanty,741,wošattɨ,Phonemic,drive,,,,
10-640-135-1,khan1273,Khanty,43,wanltatɨ,Phonemic,lead (vb),,,,
10-640-135-3,khan1273,Khanty,43,tətɨ,Phonemic,lead (vb),,,,
10-630-135-1,khan1273,Khanty,1127,kittɨ,Phonemic,send,,,,
10-620-135-1,khan1273,Khanty,692,tətɨ,Phonemic,bring,,,,
10-615-135-1,khan1273,Khanty,415,puxal lɨpʸiyn altɨ,Phonemic,carry-underarm,,,,
10-614-135-1,khan1273,Khanty,414,ux əxtɨyn alti,Phonemic,carry-on-head,,,,
10-613-135-1,khan1273,Khanty,413,laŋkar̃ əxtɨyn altɨ,Phonemic,carry-on-shoulder,,,,
10-612-135-1,khan1273,Khanty,412,yoš lɨpʸiyn altɨ,Phonemic,carry-in-hand,,,,
10-610-135-1,khan1273,Khanty,700,tətɨ,Phonemic,carry (bear),,,,
10-610-135-3,khan1273,Khanty,700,altɨ,Phonemic,carry (bear),,,,
10-570-135-1,khan1273,Khanty,749,luŋtɨ,Phonemic,enter,,,,
10-560-135-1,khan1273,Khanty,1778,wanemiyltɨ,Phonemic,approach,,,,
10-550-135-1,khan1273,Khanty,1387,yuxattɨ,Phonemic,"reach, arrive",,,,
10-530-135-1,khan1273,Khanty,1047,nʸoxaltɨ,Phonemic,pursue,,,,
10-520-135-1,khan1273,Khanty,1085,kusʸtɨ,Phonemic,follow,,,,
10-520-135-3,khan1273,Khanty,1085,ar̃tasʸman wanttɨ,Phonemic,follow,,,,
10-510-135-1,khan1273,Khanty,956,xəxalti,Phonemic,flee,,,,
10-491-135-1,khan1273,Khanty,485,wəšiyltɨ,Phonemic,disappear,,,,
10-490-135-1,khan1273,Khanty,1752,kʸim ettɨ,Phonemic,"go away, depart",,,,
10-481-135-1,khan1273,Khanty,581,yuxlɨ kʸer̃lɨyltɨ,Phonemic,come back,,,,
10-481-135-3,khan1273,Khanty,581,yuxʸi yuxattɨ,Phonemic,come back,,,,
10-480-135-1,khan1273,Khanty,1446,yuxattɨ,Phonemic,come,,,,
10-480-135-3,khan1273,Khanty,1446,yuxatɨyltɨ,Phonemic,come,,,,
10-474-135-1,khan1273,Khanty,1107,kʸim etmiyltɨ,Phonemic,go out,,,,
10-474-135-3,khan1273,Khanty,1107,kʸim etlʸatɨ,Phonemic,go out,,,,
10-474-135-5,khan1273,Khanty,1107,kʸim etmatɨ,Phonemic,go out,,,,
10-473-135-1,khan1273,Khanty,2014,il eslasʸiyltɨ,Phonemic,go down,,,,
10-472-135-1,khan1273,Khanty,1102,xəŋxtɨ,Phonemic,climb,,,,
10-472-135-3,khan1273,Khanty,1102,xəŋxʸiyltɨ,Phonemic,climb,,,,
10-470-135-1,khan1273,Khanty,695,mantɨ,Phonemic,go,,,,
10-470-135-3,khan1273,Khanty,695,šəšti,Phonemic,go,,,,
10-471-135-1,khan1273,Khanty,705,nux xəŋxtɨ,Phonemic,go up,,,,
10-460-135-1,khan1273,Khanty,1519,xəxaltɨ,Phonemic,run,,,,
10-451-135-1,khan1273,Khanty,366,nuxtɨ,Phonemic,limp,,,,
10-450-135-1,khan1273,Khanty,1443,mantɨ,Phonemic,walk,,,,
10-450-135-3,khan1273,Khanty,1443,yaŋxtɨ,Phonemic,walk,,,,
10-450-135-5,khan1273,Khanty,1443,šuštɨ,Phonemic,walk,,,,
10-440-135-1,khan1273,Khanty,1879,yaktɨ,Phonemic,dance,,,,
10-431-135-1,khan1273,Khanty,1135,šuŋxsatɨ,Phonemic,kick,,,,
10-430-135-1,khan1273,Khanty,1829,nawar̃matɨ,Phonemic,"jump, leap",,,,
10-420-135-1,khan1273,Khanty,1324,wulʸkʸematɨ,Phonemic,"slide, slip",,,,
10-413-135-1,khan1273,Khanty,296,makar̃lɨyltɨ,Phonemic,crouch,,,,
10-412-135-1,khan1273,Khanty,66,šanš əxtɨyn lolʸtɨ,Phonemic,kneel,,,,
10-410-135-1,khan1273,Khanty,96,waŋkʸiyltɨ,Phonemic,"creep, crawl",,,,
10-380-135-1,khan1273,Khanty,175,pultɨ,Phonemic,blow,,,,
10-370-135-1,khan1273,Khanty,1441,pər̃latɨ,Phonemic,fly (vb),,,,
10-360-135-1,khan1273,Khanty,787,wəsʸtɨ,Phonemic,sail (vb),,,,
10-360-135-3,khan1273,Khanty,787,wəsʸiyltɨ,Phonemic,sail (vb),,,,
10-352-135-1,khan1273,Khanty,365,r̃uwtɨ,Phonemic,splash,,,,
10-352-135-3,khan1273,Khanty,365,r̃uwaltɨ,Phonemic,splash,,,,
10-351-135-1,khan1273,Khanty,119,mar̃tatlʸatɨ,Phonemic,dive,,,,
10-351-135-3,khan1273,Khanty,119,yiŋka wuxaltɨ,Phonemic,dive,,,,
10-350-135-1,khan1273,Khanty,1439,wəsʸti,Phonemic,swim,,,,
10-350-135-3,khan1273,Khanty,1439,wəsʸiyltɨ,Phonemic,swim,,,,
10-340-135-1,khan1273,Khanty,1574,wəsʸtɨ,Phonemic,float,,,,
10-340-135-3,khan1273,Khanty,1574,wəsʸiyltɨ,Phonemic,float,,,,
10-330-135-1,khan1273,Khanty,1088,yiŋka šəyittɨ,Phonemic,sink,,,,
10-320-135-1,khan1273,Khanty,2003,uwtɨ,Phonemic,flow,,,,
10-260-135-1,khan1273,Khanty,1909,par̃kattɨ,Phonemic,shake,,,,
10-252-135-1,khan1273,Khanty,702,katltɨ,Phonemic,catch (ball),,,,
10-252-135-3,khan1273,Khanty,702,weltɨ,Phonemic,catch (ball),,,,
10-250-135-1,khan1273,Khanty,1456,wusʸkatɨ,Phonemic,throw,,,,
10-240-135-1,khan1273,Khanty,2253,posɨtɨ,Phonemic,drip,,,,
10-240-135-3,khan1273,Khanty,2253,uwtɨ,Phonemic,drip,,,,
10-230-135-1,khan1273,Khanty,1280,il pitɨyltɨ,Phonemic,fall,,,,
10-220-135-1,khan1273,Khanty,501,nux alumtɨ,Phonemic,"raise, lift",,,,
10-210-135-1,khan1273,Khanty,568,nux wʸer̃latɨ,Phonemic,rise,,,,
10-210-135-3,khan1273,Khanty,568,nux lolʸtɨ,Phonemic,rise,,,,
10-170-135-1,khan1273,Khanty,430,kar̃ematɨ,Phonemic,twist,,,,
10-170-135-3,khan1273,Khanty,430,kʸer̃attɨ,Phonemic,twist,,,,
10-160-135-1,khan1273,Khanty,808,il pawattɨ,Phonemic,drop (vb),,,,
10-150-135-1,khan1273,Khanty,827,lar̃ɨttɨ,Phonemic,roll,,,,
10-140-135-1,khan1273,Khanty,1113,yuwar̃matɨ,Phonemic,"wind, wrap",,,,
10-130-135-1,khan1273,Khanty,1445,lar̃ɨttɨ,Phonemic,turn around,,,,
10-120-135-1,khan1273,Khanty,1588,kar̃ematɨ,Phonemic,turn over,,,,
10-110-135-1,khan1273,Khanty,765,xatlmatɨ,Phonemic,move,,,,
10-110-135-3,khan1273,Khanty,765,yelšak nʸoxtatɨ,Phonemic,move,,,,
9-890-135-1,khan1273,Khanty,2001,olʸuptatɨ,Phonemic,paint (vb),,,,
9-880-135-1,khan1273,Khanty,647,olʸup,Phonemic,paint (noun),,,,
9-820-135-1,khan1273,Khanty,914,wʸer̃attɨ xoyat,Phonemic,sculptor,,,,
9-810-135-1,khan1273,Khanty,228,lʸaktɨ,Phonemic,carve,,,,
9-810-135-3,khan1273,Khanty,228,wʸer̃attɨ,Phonemic,carve,,,,
9-791-135-1,khan1273,Khanty,360,sɨstamttɨ,Phonemic,fan (vb),,,,
9-780-135-1,khan1273,Khanty,293,xolap,Phonemic,netbag,,,,
9-770-135-1,khan1273,Khanty,195,lapi,Phonemic,mat,,,,
9-760-135-1,khan1273,Khanty,1539,xʸint,Phonemic,basket,,,,
9-760-135-3,khan1273,Khanty,1539,xošap,Phonemic,basket,,,,
9-750-135-1,khan1273,Khanty,1729,sewtɨ,Phonemic,"weave, plait",,,,
9-740-135-1,khan1273,Khanty,604,lɨs,Phonemic,glass,,,,
9-730-135-1,khan1273,Khanty,1399,suxta,Phonemic,clay,,,,
9-720-135-1,khan1273,Khanty,289,wʸer̃attɨ,Phonemic,mold (clay etc),,,,
9-720-135-3,khan1273,Khanty,289,laktɨ,Phonemic,mold (clay etc),,,,
9-670-135-1,khan1273,Khanty,621,kar̃tɨ,Phonemic,iron,,,,
9-660-135-1,khan1273,Khanty,1825,patar̃ ox,Phonemic,"copper, bronze",,,,
9-650-135-1,khan1273,Khanty,759,sʸel wux,Phonemic,silver,,,,
9-640-135-1,khan1273,Khanty,1369,sor̃nʸi,Phonemic,gold,,,,
9-630-135-1,khan1273,Khanty,211,kar̃tɨ pur̃mas wʸer̃tɨ,Phonemic,cast (metals),,,,
9-620-135-1,khan1273,Khanty,1648,kar̃tɨ seŋktɨ kʸew,Phonemic,anvil,,,,
9-610-135-1,khan1273,Khanty,288,kar̃tɨ seŋktɨ,Phonemic,forge,,,,
9-600-135-1,khan1273,Khanty,1001,kar̃tɨ seŋktɨ xoyat,Phonemic,"smith, blacksmith",,,,
9-560-135-1,khan1273,Khanty,1069,aym,Phonemic,glue,,,,
9-500-135-1,khan1273,Khanty,502,kar̃luŋk,Phonemic,nail,,,,
9-490-135-1,khan1273,Khanty,1481,sʸak ~ seŋkup,Phonemic,hammer,,,,
9-480-135-1,khan1273,Khanty,1948,yux ewattɨ kar̃tɨ,Phonemic,saw,,,,
9-461-135-1,khan1273,Khanty,46,moxtɨ pur̃attɨ,Phonemic,hollow out,,,,
9-460-135-1,khan1273,Khanty,1501,pur̃attɨ,Phonemic,bore,,,,
9-440-135-1,khan1273,Khanty,1840,omastɨ,Phonemic,build,,,,
9-430-135-1,khan1273,Khanty,1042,xot omastɨ xoyat,Phonemic,carpenter,,,,
9-422-135-1,khan1273,Khanty,1361,por̃mas,Phonemic,tool,,,,
9-380-135-1,khan1273,Khanty,245,yowlapsa,Phonemic,broom,,,,
9-360-135-1,khan1273,Khanty,1453,lʸuxattɨ,Phonemic,wash,,,,
9-360-135-3,khan1273,Khanty,1453,xul ner̃tɨ,Phonemic,wash,,,,
9-360-135-5,khan1273,Khanty,1453,xul muŋxtɨ,Phonemic,wash,,,,
9-370-135-1,khan1273,Khanty,230,yowaltɨ,Phonemic,sweep,,,,
9-350-135-1,khan1273,Khanty,1487,šošumtɨ,Phonemic,pour,,,,
9-343-135-1,khan1273,Khanty,1414,taŋar̃ttɨ,Phonemic,"squeeze, wring",,,,
9-342-135-1,khan1273,Khanty,1913,taŋar̃tti,Phonemic,press,,,,
9-342-135-3,khan1273,Khanty,1913,nʸor̃ttɨ,Phonemic,press,,,,
9-341-135-1,khan1273,Khanty,357,ixattɨ,Phonemic,hang up,,,,
9-341-135-3,khan1273,Khanty,357,exattɨ,Phonemic,hang up,,,,
9-340-135-1,khan1273,Khanty,38,laŋktɨ,Phonemic,spread out,,,,
9-340-135-3,khan1273,Khanty,38,par̃ŋaltɨ,Phonemic,spread out,,,,
9-330-135-1,khan1273,Khanty,1455,taltɨ,Phonemic,pull,,,,
9-320-135-1,khan1273,Khanty,214,lakka taltɨ,Phonemic,stretch,,,,
9-310-135-1,khan1273,Khanty,1449,ner̃tɨ,Phonemic,"rub, wipe",,,,
9-290-135-1,khan1273,Khanty,291,xur̃tɨ,Phonemic,"flay, skin",,,,
9-280-135-1,khan1273,Khanty,1735,manšitɨ,Phonemic,tear,,,,
9-270-135-1,khan1273,Khanty,1437,sewar̃tɨ,Phonemic,split,,,,
9-261-135-1,khan1273,Khanty,588,šukatum,Phonemic,broken,,,,
9-260-135-1,khan1273,Khanty,680,šukattɨ,Phonemic,break,,,,
9-250-135-1,khan1273,Khanty,677,layum,Phonemic,ax,,,,
9-240-135-1,khan1273,Khanty,356,kat yonlun kʸeši,Phonemic,"scissors, shears",,,,
9-230-135-1,khan1273,Khanty,1352,kʸeši,Phonemic,knife,,,,
9-223-135-1,khan1273,Khanty,1434,lonʸsʸtɨ,Phonemic,stab,,,,
9-222-135-1,khan1273,Khanty,155,sewar̃tɨ,Phonemic,"chop, hew",,,,
9-221-135-1,khan1273,Khanty,355,ewattɨ,Phonemic,cut down,,,,
9-220-135-1,khan1273,Khanty,1432,ewattɨ,Phonemic,cut,,,,
9-220-135-3,khan1273,Khanty,1432,sewar̃tɨ,Phonemic,cut,,,,
9-211-135-1,khan1273,Khanty,354,sʸaxnɨn xatʸsʸati,Phonemic,pound with fist,,,,
9-210-135-1,khan1273,Khanty,2133,xatʸsʸatɨ,Phonemic,"strike (hit, beat)",,,,
9-210-135-3,khan1273,Khanty,2133,weltɨ,Phonemic,"strike (hit, beat)",,,,
9-192-135-1,khan1273,Khanty,760,monxal,Phonemic,knot (noun),,,,
9-190-135-1,khan1273,Khanty,1218,kʸel,Phonemic,"rope, cord",,,,
9-180-135-1,khan1273,Khanty,1627,kar̃tkʸel,Phonemic,chain,,,,
9-180-135-3,khan1273,Khanty,1627,sʸuŋk,Phonemic,chain,,,,
9-161-135-1,khan1273,Khanty,352,losɨtti,Phonemic,untie,,,,
9-160-135-1,khan1273,Khanty,1917,yir̃tɨ,Phonemic,"tie, bind",,,,
9-150-135-1,khan1273,Khanty,1470,i taxʸiya punɨyltɨ,Phonemic,fold,,,,
9-140-135-1,khan1273,Khanty,2004,xutaltɨ,Phonemic,bend,,,,
9-140-135-3,khan1273,Khanty,2004,kusaltɨ,Phonemic,bend,,,,
9-120-135-1,khan1273,Khanty,984,r̃əpittɨ,Phonemic,work,,,,
9-110-135-1,khan1273,Khanty,2575,wʸer̃tɨ,Phonemic,"do, make",,,,
9-110-135-3,khan1273,Khanty,2575,wʸer̃attɨ,Phonemic,"do, make",,,,
8-980-135-1,khan1273,Khanty,641,tulax,Phonemic,mushroom,,,,
8-912-135-1,khan1273,Khanty,410,yam,Phonemic,yam,,,,
8-912-135-3,khan1273,Khanty,410,yams,Phonemic,yam,,,,
8-910-135-1,khan1273,Khanty,159,eplaŋ kar̃təpka,Phonemic,sweet potato,,,,
8-750-135-1,khan1273,Khanty,1204,kar̃,Phonemic,bark,,,,
8-740-135-1,khan1273,Khanty,409,nuw,Phonemic,forked branch,,,,
8-730-135-1,khan1273,Khanty,344,yux,Phonemic,tree trunk,,,,
8-720-135-1,khan1273,Khanty,241,aŋkal,Phonemic,tree stump,,,,
8-691-135-1,khan1273,Khanty,1124,tur̃pka,Phonemic,pipe,,,,
8-690-135-1,khan1273,Khanty,1689,šar̃ laltɨ,Phonemic,smoke (tobacco),,,,
8-680-135-1,khan1273,Khanty,974,šar̃,Phonemic,tobacco,,,,
8-650-135-1,khan1273,Khanty,1915,xəl,Phonemic,fir,,,,
8-640-135-1,khan1273,Khanty,1740,bənši,Phonemic,pine,,,,
8-630-135-1,khan1273,Khanty,1855,sumat,Phonemic,birch,,,,
8-600-135-1,khan1273,Khanty,906,yux,Phonemic,tree,,,,
8-570-135-1,khan1273,Khanty,239,tʸatʸi,Phonemic,flower,,,,
8-560-135-1,khan1273,Khanty,628,lɨpat,Phonemic,leaf,,,,
8-550-135-1,khan1273,Khanty,1531,nuw,Phonemic,branch,,,,
8-540-135-1,khan1273,Khanty,670,ler̃,Phonemic,root,,,,
8-531-135-1,khan1273,Khanty,1486,omastɨ,Phonemic,plant (vb),,,,
8-520-135-1,khan1273,Khanty,342,tur̃n,Phonemic,hay,,,,
8-530-135-1,khan1273,Khanty,653,tur̃n,Phonemic,plant (noun),,,,
8-510-135-1,khan1273,Khanty,606,tur̃n,Phonemic,grass,,,,
8-510-135-3,khan1273,Khanty,606,wanši,Phonemic,grass,,,,
8-460-135-1,khan1273,Khanty,60,low lant,Phonemic,oats,,,,
8-450-135-1,khan1273,Khanty,23,al nʸanʸ tur̃n,Phonemic,rye,,,,
8-430-135-1,khan1273,Khanty,1077,nuwi lant tur̃n,Phonemic,wheat,,,,
8-430-135-3,khan1273,Khanty,1077,nuwi lant sem,Phonemic,wheat,,,,
8-420-135-1,khan1273,Khanty,605,lant,Phonemic,"grain (barley, oats etc)",,,,
8-410-135-1,khan1273,Khanty,611,lant tur̃n sewar̃tɨ pur̃a,Phonemic,"crop, harvest",,,,
8-350-135-1,khan1273,Khanty,223,kum,Phonemic,threshing-floor,,,,
8-330-135-1,khan1273,Khanty,2132,tur̃n sewar̃tɨ kar̃tɨ,Phonemic,"sickle, scythe",,,,
8-320-135-1,khan1273,Khanty,190,sewar̃tɨ,Phonemic,"mow, reap",,,,
8-311-135-1,khan1273,Khanty,714,sem,Phonemic,seed,,,,
8-310-135-1,khan1273,Khanty,748,lant sem omastɨ,Phonemic,sow,,,,
8-270-135-1,khan1273,Khanty,338,kunšpaŋ yux,Phonemic,rake,,,,
8-260-135-1,khan1273,Khanty,337,wula,Phonemic,fork,,,,
8-240-135-1,khan1273,Khanty,1901,sar̃,Phonemic,shovel,,,,
8-230-135-1,khan1273,Khanty,1176,sar̃,Phonemic,spade,,,,
8-230-135-3,khan1273,Khanty,1176,kar̃tsar̃,Phonemic,spade,,,,
8-212-135-1,khan1273,Khanty,1794,xulɨ,Phonemic,furrow,,,,
8-220-135-1,khan1273,Khanty,1418,xʸir̃tɨ,Phonemic,dig,,,,
8-210-135-1,khan1273,Khanty,1921,muw šukattɨ,Phonemic,plow,,,,
8-170-135-1,khan1273,Khanty,2002,xulɨ,Phonemic,ditch,,,,
8-160-135-1,khan1273,Khanty,1690,okr̃ot wer̃tɨ,Phonemic,fence,,,,
8-150-135-1,khan1273,Khanty,1541,muw šukattɨ,Phonemic,"cultivate, till",,,,
8-130-135-1,khan1273,Khanty,586,osʸ,Phonemic,garden,,,,
8-130-135-3,khan1273,Khanty,586,okr̃ot,Phonemic,garden,,,,
8-120-135-1,khan1273,Khanty,212,xar̃,Phonemic,field (for cultivation),,,,
8-110-135-1,khan1273,Khanty,979,muw xusʸa r̃əpittɨ xoyat,Phonemic,farmer,,,,
7-620-135-1,khan1273,Khanty,1006,kʸir̃masʸ,Phonemic,brick,,,,
7-610-135-1,khan1273,Khanty,877,kʸew seŋktɨ xoyat,Phonemic,mason,,,,
7-570-135-1,khan1273,Khanty,1227,soxal,Phonemic,board,,,,
7-560-135-1,khan1273,Khanty,281,aŋkal,Phonemic,"post, pole",,,,
7-560-135-3,khan1273,Khanty,281,nɨr̃,Phonemic,"post, pole",,,,
7-550-135-1,khan1273,Khanty,1132,pawar̃t,Phonemic,beam,,,,
7-520-135-1,khan1273,Khanty,279,tur̃n xotlaŋal,Phonemic,thatch,,,,
7-510-135-1,khan1273,Khanty,769,xotlaŋal,Phonemic,roof,,,,
7-480-135-1,khan1273,Khanty,205,xur̃ɨ,Phonemic,trough,,,,
7-470-135-1,khan1273,Khanty,745,nur̃um,Phonemic,shelf,,,,
7-460-135-1,khan1273,Khanty,1273,iswesʸa,Phonemic,candle,,,,
7-450-135-1,khan1273,Khanty,2131,lampa,Phonemic,"lamp, torch",,,,
7-440-135-1,khan1273,Khanty,1775,pasan,Phonemic,table,,,,
7-430-135-1,khan1273,Khanty,1476,bəlas,Phonemic,chair,,,,
7-422-135-1,khan1273,Khanty,806,laŋkup,Phonemic,blanket,,,,
7-421-135-1,khan1273,Khanty,1044,usum xɨr̃,Phonemic,pillow,,,,
7-420-135-1,khan1273,Khanty,1663,ultɨ lot,Phonemic,bed,,,,
7-370-135-1,khan1273,Khanty,1464,xəŋxep,Phonemic,ladder,,,,
7-330-135-1,khan1273,Khanty,1305,tur̃pa,Phonemic,chimney,,,,
7-320-135-1,khan1273,Khanty,859,kər̃,Phonemic,stove,,,,
7-310-135-1,khan1273,Khanty,185,kər̃,Phonemic,fireplace,,,,
7-270-135-1,khan1273,Khanty,933,xot pawar̃t,Phonemic,wall,,,,
7-270-135-3,khan1273,Khanty,933,xot puŋal,Phonemic,wall,,,,
7-260-135-1,khan1273,Khanty,1632,xotxar̃ɨ,Phonemic,floor,,,,
7-250-135-1,khan1273,Khanty,1375,išnʸi,Phonemic,window,,,,
7-240-135-1,khan1273,Khanty,1472,tuman nʸalum,Phonemic,key,,,,
7-231-135-1,khan1273,Khanty,1012,ow kattup,Phonemic,"latch, door-bolt",,,,
7-230-135-1,khan1273,Khanty,1596,tuman,Phonemic,lock (noun),,,,
7-221-135-1,khan1273,Khanty,80,ow xošap,Phonemic,"doorpost, jamb",,,,
7-210-135-1,khan1273,Khanty,1450,xot yit,Phonemic,room,,,,
7-220-135-1,khan1273,Khanty,1567,ow,Phonemic,"door, gate",,Respectively: door; gate.,,
7-220-135-3,khan1273,Khanty,1567,pəšas ow,Phonemic,"door, gate",,Respectively: door; gate.,,
7-180-135-1,khan1273,Khanty,335,ux puntɨ,Phonemic,meeting house,,,,
7-180-135-3,khan1273,Khanty,335,poyiksʸatɨ xot,Phonemic,meeting house,,,,
7-150-135-1,khan1273,Khanty,736,xot puŋal taxʸi,Phonemic,"yard, court",,,,
7-140-135-1,khan1273,Khanty,1316,par̃sʸin xot,Phonemic,tent,,,,
7-131-135-1,khan1273,Khanty,403,xot,Phonemic,garden-house,,,,
7-130-135-1,khan1273,Khanty,1678,xot,Phonemic,hut,,,,
7-120-135-1,khan1273,Khanty,1252,xot,Phonemic,house,,,,
7-110-135-1,khan1273,Khanty,363,wəltɨ,Phonemic,"dwell, live",,,,
6-960-135-1,khan1273,Khanty,1171,wenš wanttɨ wux,Phonemic,mirror,,,,
6-950-135-1,khan1273,Khanty,788,lunʸsʸax ~ moytek,Phonemic,soap,,,,
6-940-135-1,khan1273,Khanty,1926,ler̃,Phonemic,ointment,,,,
6-921-135-1,khan1273,Khanty,333,sewtɨ,Phonemic,braid,,,,
6-921-135-3,khan1273,Khanty,333,sew,Phonemic,braid,,,,
6-920-135-1,khan1273,Khanty,1821,sʸotka,Phonemic,brush,,,,
6-910-135-1,khan1273,Khanty,1475,kunšup,Phonemic,comb,,,,
6-820-135-1,khan1273,Khanty,1021,wenš moŋxtɨ sux,Phonemic,towel,,,,
6-810-135-1,khan1273,Khanty,332,pulx pəsti sux,Phonemic,"handkerchief, rag",,Respectively: handkerchief; rag; rag.,,
6-810-135-3,khan1273,Khanty,332,lanʸsʸak,Phonemic,"handkerchief, rag",,Respectively: handkerchief; rag; rag.,,
6-810-135-5,khan1273,Khanty,332,r̃akasʸi,Phonemic,"handkerchief, rag",,Respectively: handkerchief; rag; rag.,,
6-770-135-1,khan1273,Khanty,770,sʸimsʸik,Phonemic,earring,,,,
6-760-135-1,khan1273,Khanty,1860,sak,Phonemic,bead,,,,
6-750-135-1,khan1273,Khanty,1961,tur̃lops,Phonemic,necklace,,,,
6-730-135-1,khan1273,Khanty,1374,ləyt,Phonemic,ring (for finger),,,,
6-720-135-1,khan1273,Khanty,1029,tɨnaŋ kʸew,Phonemic,jewel,,,,
6-710-135-1,khan1273,Khanty,917,xur̃am,Phonemic,"ornament, adornment",,,,
6-620-135-1,khan1273,Khanty,757,poxl ~ nʸul,Phonemic,button,,,,
6-610-135-1,khan1273,Khanty,1851,sʸep,Phonemic,pocket,,,,
6-580-135-1,khan1273,Khanty,867,luyn pos,Phonemic,glove,,,,
6-570-135-1,khan1273,Khanty,772,antup,Phonemic,"belt, girdle",,,,
6-550-135-1,khan1273,Khanty,2130,mʸil,Phonemic,"hat, cap",,,,
6-540-135-1,khan1273,Khanty,875,sopʸek yonttɨ xoyat,Phonemic,"shoemaker, cobbler",,,,
6-540-135-3,khan1273,Khanty,875,pošmʸek yonttɨ xoyat,Phonemic,"shoemaker, cobbler",,,,
6-510-135-1,khan1273,Khanty,1381,sopʸek,Phonemic,shoe,,,,
6-510-135-3,khan1273,Khanty,1381,pošmʸek,Phonemic,shoe,,,,
6-520-135-1,khan1273,Khanty,585,sopʸek,Phonemic,boot,,,,
6-490-135-1,khan1273,Khanty,329,wʸey,Phonemic,"stocking, sock",,,,
6-480-135-1,khan1273,Khanty,809,ayer̃nas,Phonemic,trousers,,,,
6-480-135-3,khan1273,Khanty,809,kasʸ,Phonemic,trousers,,,,
6-460-135-1,khan1273,Khanty,1600,yupka,Phonemic,skirt,,,,
6-450-135-1,khan1273,Khanty,2012,r̃ux,Phonemic,collar,,,,
6-440-135-1,khan1273,Khanty,1622,yer̃nas,Phonemic,shirt,,,,
6-430-135-1,khan1273,Khanty,603,wan sax,Phonemic,coat,,,,
6-430-135-3,khan1273,Khanty,603,xoptan,Phonemic,coat,,,,
6-420-135-1,khan1273,Khanty,474,yer̃nas,Phonemic,woman's dress,,,,
6-390-135-1,khan1273,Khanty,157,olʸupn ner̃tɨ,Phonemic,dye,,,,
6-410-135-1,khan1273,Khanty,326,yer̃t sux,Phonemic,cloak,,,,
6-380-135-1,khan1273,Khanty,1161,suxum,Phonemic,thread,,,,
6-360-135-1,khan1273,Khanty,1382,yintup,Phonemic,needle,,,,
6-370-135-1,khan1273,Khanty,278,yoš pur̃,Phonemic,awl,,,,
6-350-135-1,khan1273,Khanty,1457,yonttɨ,Phonemic,sew,,,,
6-320-135-1,khan1273,Khanty,277,yeŋt,Phonemic,spindle,,,,
6-310-135-1,khan1273,Khanty,121,yeŋtti,Phonemic,spin,,,,
6-290-135-1,khan1273,Khanty,629,sux,Phonemic,leather,,,,
6-280-135-1,khan1273,Khanty,580,woy punaŋ sux,Phonemic,fur,,,,
6-270-135-1,khan1273,Khanty,325,katanka,Phonemic,felt,,,,
6-250-135-1,khan1273,Khanty,1641,yer̃mak,Phonemic,silk,,,,
6-240-135-1,khan1273,Khanty,1850,sʸeškan,Phonemic,cotton,,,,
6-230-135-1,khan1273,Khanty,916,sʸeškan,Phonemic,"linen, flax",,,,
6-220-135-1,khan1273,Khanty,964,pun sʸeškan,Phonemic,wool,,,,
6-210-135-1,khan1273,Khanty,1616,sʸeškan,Phonemic,cloth,,,,
6-210-135-3,khan1273,Khanty,1616,nuy,Phonemic,cloth,,,,
6-130-135-1,khan1273,Khanty,881,ləmatsux yonttɨ xoyat,Phonemic,tailor,,,,
6-120-135-1,khan1273,Khanty,1895,ləmatsux,Phonemic,"clothing, clothes",,,,
6-110-135-1,khan1273,Khanty,158,ləmaltatɨ,Phonemic,put on (clothes),,,,
5-970-135-1,khan1273,Khanty,744,kar̃aŋ pušax,Phonemic,egg,,,,
5-940-135-1,khan1273,Khanty,404,piwa,Phonemic,fermented drink,,,,
5-930-135-1,khan1273,Khanty,1639,piwa,Phonemic,beer,,,,
5-920-135-1,khan1273,Khanty,1524,wuna,Phonemic,wine,,,,
5-910-135-1,khan1273,Khanty,941,mawaŋ yanʸsʸtut,Phonemic,mead,,,,
5-900-135-1,khan1273,Khanty,731,yanʸsʸtut,Phonemic,"beverage, drink",,,,
5-890-135-1,khan1273,Khanty,1245,miswuy,Phonemic,butter,,,,
5-880-135-1,khan1273,Khanty,1569,war̃ok,Phonemic,cheese,,,,
5-870-135-1,khan1273,Khanty,93,pəstɨ,Phonemic,milk (vb),,,,
5-850-135-1,khan1273,Khanty,862,sakkar̃,Phonemic,sugar,,,,
5-860-135-1,khan1273,Khanty,635,esumyiŋk,Phonemic,milk (noun),,,,
5-840-135-1,khan1273,Khanty,942,maw,Phonemic,honey,,,,
5-821-135-1,khan1273,Khanty,919,kur̃mʸek,Phonemic,chili pepper,,,,
5-820-135-1,khan1273,Khanty,1385,kur̃mʸek,Phonemic,pepper,,,,
5-810-135-1,khan1273,Khanty,1274,sul,Phonemic,salt,,,,
5-791-135-1,khan1273,Khanty,323,wuy,Phonemic,"grease, fat",,,,
5-790-135-1,khan1273,Khanty,1484,wuy,Phonemic,oil,,,,
5-770-135-1,khan1273,Khanty,191,noxar̃ sem,Phonemic,nut,,,,
5-710-135-1,khan1273,Khanty,1507,kar̃ɨ,Phonemic,fruit,,,,
5-710-135-3,khan1273,Khanty,1507,lak,Phonemic,fruit,,,,
5-710-135-5,khan1273,Khanty,1507,mor̃ʸi,Phonemic,fruit,,,,
5-700-135-1,khan1273,Khanty,593,kar̃təpka,Phonemic,potato,,,,
5-650-135-1,khan1273,Khanty,924,sur̃nʸet,Phonemic,vegetables,,,,
5-640-135-1,khan1273,Khanty,1547,lant,Phonemic,"soup, broth",,,,
5-640-135-3,khan1273,Khanty,1547,xošum yuŋk,Phonemic,"soup, broth",,,,
5-610-135-1,khan1273,Khanty,634,nʸuxɨ,Phonemic,meat,,,,
5-560-135-1,khan1273,Khanty,1033,r̃awa šukatti,Phonemic,"crush, grind",,,,
5-560-135-3,khan1273,Khanty,1033,r̃awa wʸer̃tɨ,Phonemic,"crush, grind",,,,
5-550-135-1,khan1273,Khanty,1594,lant,Phonemic,"meal, flour",,,,
5-540-135-1,khan1273,Khanty,274,nʸanʸ omastɨ,Phonemic,knead,,,,
5-540-135-3,khan1273,Khanty,274,muw r̃uwattɨ,Phonemic,knead,,,,
5-530-135-1,khan1273,Khanty,273,nʸanʸ šum,Phonemic,dough,,,,
5-510-135-1,khan1273,Khanty,1368,nʸanʸ,Phonemic,bread,,,,
5-490-135-1,khan1273,Khanty,2017,lɨlattɨ,Phonemic,"stir, mix",,,,
5-490-135-3,khan1273,Khanty,2017,liltɨyltɨ,Phonemic,"stir, mix",,,,
5-480-135-1,khan1273,Khanty,1767,kunštɨ,Phonemic,scrape,,,,
5-470-135-1,khan1273,Khanty,86,sistamttɨ,Phonemic,"sieve, strain",,,,
5-460-135-1,khan1273,Khanty,275,nʸir̃tɨ,Phonemic,peel,,,,
5-460-135-3,khan1273,Khanty,275,xur̃tɨ,Phonemic,peel,,,,
5-450-135-1,khan1273,Khanty,1833,yetna letapsa,Phonemic,supper,,,,
5-440-135-1,khan1273,Khanty,1833,xatl kutlup letapsa,Phonemic,dinner,,,,
5-430-135-1,khan1273,Khanty,768,xatl letut letapsa,Phonemic,lunch,,,,
5-430-135-3,khan1273,Khanty,768,xatl kutlup letapsa,Phonemic,lunch,,,,
5-420-135-1,khan1273,Khanty,1322,šay,Phonemic,breakfast,,,,
5-420-135-3,khan1273,Khanty,1322,alaŋ letut lewupsa,Phonemic,breakfast,,,,
5-410-135-1,khan1273,Khanty,1526,letut,Phonemic,meal (a),,,,
5-391-135-1,khan1273,Khanty,272,kar̃tɨ yoš,Phonemic,tongs,,,,
5-390-135-1,khan1273,Khanty,1302,wulka,Phonemic,fork (2),,,,
5-380-135-1,khan1273,Khanty,1352,kʸeši,Phonemic,knife (2),,,,
5-370-135-1,khan1273,Khanty,1378,nʸalɨ,Phonemic,spoon,,,,
5-360-135-1,khan1273,Khanty,271,an,Phonemic,saucer,,,,
5-350-135-1,khan1273,Khanty,476,an,Phonemic,"cup, drinking vessel",,,,
5-330-135-1,khan1273,Khanty,1530,an,Phonemic,bowl,,,,
5-340-135-1,khan1273,Khanty,270,suxtaput,Phonemic,"pitcher, jug",,,,
5-340-135-3,khan1273,Khanty,270,kur̃ška,Phonemic,"pitcher, jug",,,,
5-320-135-1,khan1273,Khanty,480,an,Phonemic,plate,,,,
5-310-135-1,khan1273,Khanty,481,put,Phonemic,dish,,,,
5-280-135-1,khan1273,Khanty,31,kew kar̃taŋ,Phonemic,pan,,,,
5-260-135-1,khan1273,Khanty,1462,put,Phonemic,"pot, cooking vessel",,,,
5-260-135-3,khan1273,Khanty,1462,lɨpʸi,Phonemic,"pot, cooking vessel",,,,
5-270-135-1,khan1273,Khanty,854,kʸew put,Phonemic,kettle,,,,
5-240-135-1,khan1273,Khanty,183,nʸanʸ wʸer̃tɨ,Phonemic,bake,,,,
5-250-135-1,khan1273,Khanty,1143,nʸanʸ wʸer̃tɨ kur̃,Phonemic,oven,,,,
5-230-135-1,khan1273,Khanty,2146,put wʸer̃tɨ,Phonemic,"roast, fry",,,,
5-220-135-1,khan1273,Khanty,792,kawar̃tti,Phonemic,boil (vb),,,,
5-210-135-1,khan1273,Khanty,1100,put wʸer̃tɨ,Phonemic,cook,,,,
5-190-135-1,khan1273,Khanty,129,šaknɨyltɨ,Phonemic,choke,,,,
5-190-135-3,khan1273,Khanty,129,lal yer̃mattɨ,Phonemic,choke,,,,
5-181-135-1,khan1273,Khanty,897,yuxʸi səxtatɨ,Phonemic,swallow,,,,
5-180-135-1,khan1273,Khanty,321,lur̃ttɨ,Phonemic,chew,,,,
5-160-135-1,khan1273,Khanty,1421,šeptɨ,Phonemic,suck,,,,
5-150-135-1,khan1273,Khanty,848,tur̃ xoxtɨ,Phonemic,thirst,,,,
5-150-135-3,khan1273,Khanty,848,nʸalum sor̃tɨ,Phonemic,thirst,,,,
5-141-135-1,khan1273,Khanty,199,lelɨ,Phonemic,famine,,,,
5-140-135-1,khan1273,Khanty,1864,lelɨ,Phonemic,hunger,,,,
5-130-135-1,khan1273,Khanty,1401,yanʸsʸtɨ,Phonemic,drink,,,,
5-125-135-1,khan1273,Khanty,1728,lɨyum,Phonemic,rotten,,,,
5-124-135-1,khan1273,Khanty,1958,nʸar̃,Phonemic,"green, unripe",,,,
5-123-135-1,khan1273,Khanty,178,poxiyim,Phonemic,ripe,,,,
5-123-135-3,khan1273,Khanty,178,pušum,Phonemic,ripe,,,,
5-123-135-5,khan1273,Khanty,178,yetšum,Phonemic,ripe,,,,
5-122-135-1,khan1273,Khanty,1959,nʸar̃,Phonemic,raw,,,,
5-121-135-1,khan1273,Khanty,269,yetšum,Phonemic,cooked,,,,
5-120-135-1,khan1273,Khanty,256,letut,Phonemic,food,,,,
5-120-135-3,khan1273,Khanty,256,tep,Phonemic,food,,,,
5-110-135-1,khan1273,Khanty,1336,letɨ,Phonemic,eat,,,,
4-990-135-1,khan1273,Khanty,590,nʸar̃lomt,Phonemic,"naked, bare",,,,
4-970-135-1,khan1273,Khanty,1653,semlɨ,Phonemic,blind,,,,
4-980-135-1,khan1273,Khanty,1463,kusʸ,Phonemic,intoxicated,,,,
4-960-135-1,khan1273,Khanty,1666,nʸalum taklɨ,Phonemic,mute,,,,
4-950-135-1,khan1273,Khanty,996,pallɨ,Phonemic,deaf,,,,
4-930-135-1,khan1273,Khanty,1125,əpat taklɨ,Phonemic,bald,,,,
4-940-135-1,khan1273,Khanty,320,noxʸiyltɨ,Phonemic,lame,,,,
4-920-135-1,khan1273,Khanty,1564,lenʸ ~ šək,Phonemic,lazy,,,,
4-912-135-1,khan1273,Khanty,168,r̃utʸsʸitɨ ~ sʸutʸsʸitɨ,Phonemic,rest,,,,
4-910-135-1,khan1273,Khanty,1757,wʸewtama pitum,Phonemic,"tired, weary",,,,
4-890-135-1,khan1273,Khanty,655,xaltɨ ler̃,Phonemic,poison,,,,
4-890-135-3,khan1273,Khanty,655,tuyaŋ ler̃,Phonemic,poison,,,,
4-890-135-5,khan1273,Khanty,655,poŋxaŋ ler̃,Phonemic,poison,,,,
4-880-135-1,khan1273,Khanty,1372,ler̃,Phonemic,"medicine, drug",,,,
4-880-135-3,khan1273,Khanty,1372,pur̃tən,Phonemic,"medicine, drug",,,,
4-870-135-1,khan1273,Khanty,597,yamaltɨ xoyat,Phonemic,physician,,,,
4-860-135-1,khan1273,Khanty,499,yamaltɨ,Phonemic,"cure, heal",,,,
4-857-135-1,khan1273,Khanty,1808,lɨy,Phonemic,pus,,,,
4-856-135-1,khan1273,Khanty,793,lɨyaŋ nʸulum,Phonemic,boil (noun),,,,
4-855-135-1,khan1273,Khanty,1584,yuŋk nʸulum,Phonemic,blister,,,,
4-854-135-1,khan1273,Khanty,148,kunšopsa,Phonemic,itch,,,,
4-853-135-1,khan1273,Khanty,1903,nux puwtopsa,Phonemic,swelling,,,,
4-850-135-1,khan1273,Khanty,1109,nʸulum,Phonemic,"wound, sore",,,,
4-843-135-1,khan1273,Khanty,102,potɨyltɨ kaši ~ potɨyltɨ məš,Phonemic,cold (catarrh),,,,
4-842-135-1,khan1273,Khanty,1957,ay xotn bəltɨ,Phonemic,goiter,,,,
4-842-135-3,khan1273,Khanty,1957,uksʸum kalɨ,Phonemic,goiter,,,,
4-841-135-1,khan1273,Khanty,1534,kaši r̃uw,Phonemic,fever,,,,
4-840-135-1,khan1273,Khanty,1847,kašeŋ ~ məšaŋ,Phonemic,"sick, sickness",,,,
4-840-135-3,khan1273,Khanty,1847,kašɨ ~ məš,Phonemic,"sick, sickness",,,,
4-830-135-1,khan1273,Khanty,1364,talaŋ,Phonemic,"well, health",,,,
4-830-135-3,khan1273,Khanty,1364,talaŋ wəlupsa,Phonemic,"well, health",,,,
4-820-135-1,khan1273,Khanty,1601,sʸomlɨ ~ wʸewlɨ ~ wʸewtam,Phonemic,weak,,,,
4-810-135-1,khan1273,Khanty,785,yur̃,Phonemic,"strong, mighty, powerful",,,,
4-790-135-1,khan1273,Khanty,1773,xot,Phonemic,"grave, tomb",,,,
4-780-135-1,khan1273,Khanty,1719,muwa puntɨ,Phonemic,bury (the dead),,,,
4-770-135-1,khan1273,Khanty,767,xala,Phonemic,corpse,,,,
4-760-135-1,khan1273,Khanty,1417,wʸeltɨ,Phonemic,kill,,,,
4-751-135-1,khan1273,Khanty,1904,šəytum,Phonemic,drowned,,,,
4-750-135-1,khan1273,Khanty,1494,antəma yitɨ,Phonemic,"die, dead",,Respectively: verb; verb; adjective.,,
4-750-135-3,khan1273,Khanty,1494,sur̃ma yitɨ,Phonemic,"die, dead",,Respectively: verb; verb; adjective.,,
4-750-135-5,khan1273,Khanty,1494,xala,Phonemic,"die, dead",,Respectively: verb; verb; adjective.,,
4-740-135-1,khan1273,Khanty,1422,wəltɨ,Phonemic,"live, living, life",,Respectively: verb; adjective; noun.,,
4-740-135-3,khan1273,Khanty,1422,lɨlaŋ,Phonemic,"live, living, life",,Respectively: verb; adjective; noun.,,
4-740-135-5,khan1273,Khanty,1422,wəlupsa,Phonemic,"live, living, life",,Respectively: verb; adjective; noun.,,
4-732-135-1,khan1273,Khanty,1087,xunaŋa yitɨ,Phonemic,conceive,,,,
4-730-135-1,khan1273,Khanty,1123,xunaŋ,Phonemic,pregnant,,,,
4-720-135-1,khan1273,Khanty,1090,r̃utʸilatɨ,Phonemic,born (to be),,,,
4-720-135-3,khan1273,Khanty,1090,sema pʸitum,Phonemic,born (to be),,,,
4-710-135-1,khan1273,Khanty,1152,r̃utʸittɨ,Phonemic,beget (of father),,,,
4-690-135-1,khan1273,Khanty,138,lʸuxʸitɨyltɨ,Phonemic,bathe,,,,
4-690-135-3,khan1273,Khanty,138,pewaltɨ,Phonemic,bathe,,,,
4-680-135-1,khan1273,Khanty,52,tor̃ɨtɨ,Phonemic,shiver,,,,
4-670-135-1,khan1273,Khanty,1785,utanttɨ,Phonemic,have sexual intercourse,,,,
4-660-135-1,khan1273,Khanty,676,posʸtɨ,Phonemic,defecate,,,,
4-650-135-1,khan1273,Khanty,592,kisʸtɨ,Phonemic,urinate,,,,
4-640-135-1,khan1273,Khanty,1159,ponɨyltɨ,Phonemic,break wind,,,,
4-630-135-1,khan1273,Khanty,1602,kur̃attɨ,Phonemic,wake up,,,,
4-620-135-1,khan1273,Khanty,1920,wəlmʸiyltɨ,Phonemic,dream,,,,
4-612-135-1,khan1273,Khanty,1983,tor̃ɨyttɨ,Phonemic,snore,,,,
4-610-135-1,khan1273,Khanty,1585,ultɨ,Phonemic,sleep,,,,
4-591-135-1,khan1273,Khanty,268,sʸur̃ʸitɨ,Phonemic,dribble,,,,
4-590-135-1,khan1273,Khanty,319,nʸulɨtɨ,Phonemic,lick,,,,
4-580-135-1,khan1273,Khanty,1403,pur̃tɨ,Phonemic,bite,,,,
4-570-135-1,khan1273,Khanty,1278,oxtɨ,Phonemic,vomit,,,,
4-560-135-1,khan1273,Khanty,1440,laksatɨ,Phonemic,spit,,,,
4-550-135-1,khan1273,Khanty,126,šaŋkumtɨ,Phonemic,perspire,,,,
4-540-135-1,khan1273,Khanty,1621,nʸaxɨstɨ,Phonemic,sneeze,,,,
4-530-135-1,khan1273,Khanty,879,xəlʸlʸitɨ,Phonemic,cough,,,,
4-520-135-1,khan1273,Khanty,1028,usʸinʸtatɨ,Phonemic,"yawn, gape",,,,
4-510-135-1,khan1273,Khanty,1407,laltɨ,Phonemic,"breathe, breath",,Respectively: verb; noun.,,
4-510-135-3,khan1273,Khanty,1407,laltupsɨ ~ lal ~ lɨl,Phonemic,"breathe, breath",,Respectively: verb; noun.,,
4-490-135-1,khan1273,Khanty,797,kʸisʸ,Phonemic,testicle,,,,
4-464-135-1,khan1273,Khanty,834,puy,Phonemic,buttocks,,,,
4-462-135-1,khan1273,Khanty,1681,por̃x,Phonemic,waist,,,,
4-461-135-1,khan1273,Khanty,1991,sulet,Phonemic,"intestines, guts",,,,
4-451-135-1,khan1273,Khanty,489,sɨyolaŋ,Phonemic,kidney,,,,
4-450-135-1,khan1273,Khanty,1224,muxat,Phonemic,liver,,,,
4-441-135-1,khan1273,Khanty,688,(xopsa),Phonemic,lung,,,,
4-441-135-3,khan1273,Khanty,688,xupsa,Phonemic,lung,,,,
4-440-135-1,khan1273,Khanty,1223,sam,Phonemic,heart,,,,
4-430-135-1,khan1273,Khanty,1838,pup,Phonemic,navel,,,,
4-420-135-1,khan1273,Khanty,154,mis esum,Phonemic,udder,,,,
4-412-135-1,khan1273,Khanty,796,esum,Phonemic,"nipple, teat",,,,
4-410-135-1,khan1273,Khanty,1402,esum,Phonemic,breast (of woman),,,,
4-400-135-1,khan1273,Khanty,1592,mʸewl,Phonemic,chest,,,,
4-393-135-1,khan1273,Khanty,1201,pun,Phonemic,feather,,,,
4-392-135-1,khan1273,Khanty,1257,tuxl,Phonemic,wing,,,,
4-380-135-1,khan1273,Khanty,1389,luy,Phonemic,toe,,,,
4-374-135-1,khan1273,Khanty,318,kur̃pat pos,Phonemic,footprint,,,,
4-370-135-1,khan1273,Khanty,1301,kur̃pat,Phonemic,foot,,,,
4-360-135-1,khan1273,Khanty,1371,šanš,Phonemic,knee,,,,
4-350-135-1,khan1273,Khanty,1297,kur̃,Phonemic,leg,,,,
4-345-135-1,khan1273,Khanty,72,kunš,Phonemic,claw,,,,
4-344-135-1,khan1273,Khanty,1258,kunškar̃,Phonemic,fingernail,,,,
4-342-135-1,khan1273,Khanty,1781,paŋ,Phonemic,thumb,,,,
4-340-135-1,khan1273,Khanty,1303,luy,Phonemic,finger,,,,
4-331-135-1,khan1273,Khanty,1183,yoš pat,Phonemic,palm of hand,,,,
4-330-135-1,khan1273,Khanty,1277,yoš,Phonemic,hand,,,,
4-320-135-1,khan1273,Khanty,981,kunš olaŋ,Phonemic,elbow,,,,
4-312-135-1,khan1273,Khanty,1886,puxat,Phonemic,armpit,,,,
4-310-135-1,khan1273,Khanty,1673,yoš,Phonemic,arm,,,,
4-301-135-1,khan1273,Khanty,172,poŋxal,Phonemic,shoulderblade,,,,
4-300-135-1,khan1273,Khanty,1482,laŋkar̃,Phonemic,shoulder,,,,
4-290-135-1,khan1273,Khanty,1346,tur̃,Phonemic,throat,,,,
4-281-135-1,khan1273,Khanty,1347,putlaŋ,Phonemic,nape of neck,,,,
4-280-135-1,khan1273,Khanty,1333,sapl,Phonemic,neck,,,,
4-272-135-1,khan1273,Khanty,1049,ulsʸpʸeŋk,Phonemic,molartooth,,,,
4-272-135-3,khan1273,Khanty,1049,lur̃altɨ pʸeŋk,Phonemic,molartooth,,,,
4-272-135-5,khan1273,Khanty,1049,wʸenš puŋal pʸeŋk,Phonemic,molartooth,,,,
4-270-135-1,khan1273,Khanty,1380,pʸeŋk,Phonemic,tooth,,,,
4-271-135-1,khan1273,Khanty,139,pʸeŋknʸuxʸet,Phonemic,gums,,,,
4-260-135-1,khan1273,Khanty,1205,nʸalum,Phonemic,tongue,,,,
4-250-135-1,khan1273,Khanty,478,tur̃up,Phonemic,lip,,,,
4-241-135-1,khan1273,Khanty,73,tuxlaŋ woy nʸul,Phonemic,beak,,,,
4-240-135-1,khan1273,Khanty,674,uŋal,Phonemic,mouth,,,,
4-232-135-1,khan1273,Khanty,208,pulx,Phonemic,mucus (nasal),,,,
4-231-135-1,khan1273,Khanty,1178,nʸul wus,Phonemic,nostril,,,,
4-230-135-1,khan1273,Khanty,1221,nʸul,Phonemic,nose,,,,
4-222-135-1,khan1273,Khanty,32,oŋx,Phonemic,earwax,,,,
4-220-135-1,khan1273,Khanty,1247,pal,Phonemic,ear,,,,
4-215-135-1,khan1273,Khanty,1655,r̃apsʸatɨ,Phonemic,blink,,,,
4-214-135-1,khan1273,Khanty,1540,sempun,Phonemic,eyelash,,,,
4-213-135-1,khan1273,Khanty,17,sem puŋal,Phonemic,eyelid,,,,
4-212-135-1,khan1273,Khanty,1173,sem xulʸum,Phonemic,eyebrow,,,,
4-210-135-1,khan1273,Khanty,1248,sem,Phonemic,eye,,,,
4-208-135-1,khan1273,Khanty,1730,wʸenš puŋal,Phonemic,cheek,,,,
4-209-135-1,khan1273,Khanty,1510,aŋal,Phonemic,chin,,,,
4-205-135-1,khan1273,Khanty,123,wʸenš loxt,Phonemic,forehead,,,,
4-205-135-3,khan1273,Khanty,123,wʸenš luw,Phonemic,forehead,,,,
4-207-135-1,khan1273,Khanty,798,ulsʸ,Phonemic,jaw,,,,
4-204-135-1,khan1273,Khanty,1560,wʸenš,Phonemic,face,,,,
4-203-135-1,khan1273,Khanty,1583,wʸelum,Phonemic,brain,,,,
4-201-135-1,khan1273,Khanty,1604,wowtɨye,Phonemic,"side of head, temple",,,,
4-202-135-1,khan1273,Khanty,1605,ux luw,Phonemic,skull,,,,
4-202-135-3,khan1273,Khanty,1605,ux xošap,Phonemic,skull,,,,
4-200-135-1,khan1273,Khanty,1256,ux,Phonemic,head,,,,
4-191-135-1,khan1273,Khanty,805,šanšluw,Phonemic,spine,,,,
4-190-135-1,khan1273,Khanty,1291,šanš,Phonemic,back,,,,
4-180-135-1,khan1273,Khanty,1220,lɨw,Phonemic,tail,,,,
4-170-135-1,khan1273,Khanty,1393,oŋat,Phonemic,horn,,,,
4-162-135-1,khan1273,Khanty,801,oŋtɨl,Phonemic,rib,,,,
4-160-135-1,khan1273,Khanty,1394,luw,Phonemic,bone,,,,
4-151-135-1,khan1273,Khanty,525,kalɨ yuš,Phonemic,"vein, artery",,,,
4-150-135-1,khan1273,Khanty,946,kalɨ ~ wur̃,Phonemic,blood,,,,
4-146-135-1,khan1273,Khanty,576,xayp,Phonemic,dandruff,,,,
4-145-135-1,khan1273,Khanty,36,əptat,Phonemic,pubic hair,,,,
4-144-135-1,khan1273,Khanty,189,pun,Phonemic,body hair,,,,
4-142-135-1,khan1273,Khanty,678,tuš,Phonemic,beard,,,,
4-140-135-1,khan1273,Khanty,1040,əpat,Phonemic,hair (head),,,,
4-140-135-3,khan1273,Khanty,1040,əptat,Phonemic,hair (head),,,,
4-130-135-1,khan1273,Khanty,2259,nʸuxi,Phonemic,flesh,,,,
4-120-135-1,khan1273,Khanty,763,sux,Phonemic,"skin, hide",,,,
4-110-135-1,khan1273,Khanty,1480,el,Phonemic,body,,,,
3-960-135-1,khan1273,Khanty,632,susl,Phonemic,lizard,,,,
3-950-135-1,khan1273,Khanty,503,nawar̃ne,Phonemic,frog,,,,
3-920-135-1,khan1273,Khanty,1791,lɨpanta,Phonemic,butterfly,,,,
3-850-135-1,khan1273,Khanty,730,yeman woy,Phonemic,snake,,,,
3-840-135-1,khan1273,Khanty,1219,nʸar̃woy,Phonemic,worm,,,,
3-840-135-3,khan1273,Khanty,1219,muwler̃,Phonemic,worm,,,,
3-832-135-1,khan1273,Khanty,1509,pelŋa,Phonemic,mosquito,,,,
3-831-135-1,khan1273,Khanty,95,aywoy,Phonemic,"sandfly (midge), gnat",,,,
3-830-135-1,khan1273,Khanty,1504,sɨr̃anta,Phonemic,fly,,,,
3-823-135-1,khan1273,Khanty,1517,pos ~ pʸeslɨ,Phonemic,wasp,,,,
3-823-135-3,khan1273,Khanty,1517,pir̃um,Phonemic,wasp,,,,
3-822-135-1,khan1273,Khanty,88,maw pir̃um xot,Phonemic,beehive,,,,
3-820-135-1,khan1273,Khanty,665,maw pir̃um,Phonemic,bee,,,,
3-819-135-1,khan1273,Khanty,1065,nʸimsar̃ pun ~ nʸimsar̃ xošap,Phonemic,spider web,,,,
3-818-135-1,khan1273,Khanty,843,nʸimsar̃,Phonemic,spider,,,,
3-817-135-1,khan1273,Khanty,587,xašŋa,Phonemic,ant,,,,
3-816-135-1,khan1273,Khanty,1575,tar̃akan,Phonemic,cockroach,,,,
3-813-135-1,khan1273,Khanty,232,sus,Phonemic,flea,,,,
3-812-135-1,khan1273,Khanty,267,senɨ,Phonemic,nit (louse egg),,,,
3-811-135-1,khan1273,Khanty,1392,tewtum,Phonemic,louse,,,,
3-750-135-1,khan1273,Khanty,1936,wulɨ,Phonemic,deer,,,,
3-740-135-1,khan1273,Khanty,1312,wuxsar̃,Phonemic,fox,,,,
3-730-135-1,khan1273,Khanty,1820,moypar̃,Phonemic,bear,,,,
3-710-135-1,khan1273,Khanty,522,wulɨ pur̃tɨ woy ~ pur̃woy,Phonemic,wolf,,,,
3-663-135-1,khan1273,Khanty,957,[wəs],Phonemic,whale,,,,
3-655-135-1,khan1273,Khanty,598,kar̃ɨ,Phonemic,shell,,,,
3-654-135-1,khan1273,Khanty,1916,nʸaxsʸem,Phonemic,gill,,,,
3-653-135-1,khan1273,Khanty,266,som,Phonemic,fishscale,,,,
3-652-135-1,khan1273,Khanty,213,xul tax,Phonemic,fin (dorsal),,,,
3-650-135-1,khan1273,Khanty,227,xul,Phonemic,fish,,,,
3-630-135-1,khan1273,Khanty,2139,ay woy,Phonemic,"mouse, rat",,First two examples are 'mouse'; latter example is 'rat'.,,
3-630-135-3,khan1273,Khanty,2139,muw xar̃ woy,Phonemic,"mouse, rat",,First two examples are 'mouse'; latter example is 'rat'.,,
3-630-135-5,khan1273,Khanty,2139,leŋkar̃,Phonemic,"mouse, rat",,First two examples are 'mouse'; latter example is 'rat'.,,
3-620-135-1,khan1273,Khanty,1208,katʸi,Phonemic,cat,,,,
3-614-135-1,khan1273,Khanty,1136,šowar̃,Phonemic,rabbit,,,,
3-610-135-1,khan1273,Khanty,2009,amp,Phonemic,dog,,,,
3-610-135-3,khan1273,Khanty,2009,akar̃,Phonemic,dog,,,,
3-596-135-1,khan1273,Khanty,735,aŋkal woy,Phonemic,owl,,,,
3-596-135-3,khan1273,Khanty,735,maŋkla,Phonemic,owl,,,,
3-596-135-5,khan1273,Khanty,735,yipi,Phonemic,owl,,,,
3-593-135-1,khan1273,Khanty,913,wur̃ŋa,Phonemic,crow,,,,
3-592-135-1,khan1273,Khanty,882,yipi,Phonemic,parrot,,,,
3-591-135-1,khan1273,Khanty,1793,tuxlaŋ aywoy,Phonemic,bat,,,,
3-585-135-1,khan1273,Khanty,307,wor̃š,Phonemic,hawk,,,,
3-584-135-1,khan1273,Khanty,1905,kur̃k,Phonemic,eagle,,,,
3-582-135-1,khan1273,Khanty,950,xalew,Phonemic,seagull,,,,
3-583-135-1,khan1273,Khanty,758,tor̃ɨ,Phonemic,heron,,,,
3-581-135-1,khan1273,Khanty,937,tuxlaŋ woy,Phonemic,bird,,,,
3-581-135-3,khan1273,Khanty,937,sʸisʸkʸi,Phonemic,bird,,,,
3-580-135-1,khan1273,Khanty,539,tɨxal,Phonemic,nest,,,,
3-570-135-1,khan1273,Khanty,1360,wasɨ,Phonemic,duck,,,,
3-560-135-1,khan1273,Khanty,1187,lənt,Phonemic,goose,,,,
3-550-135-1,khan1273,Khanty,1318,sʸisʸkur̃ek pušax,Phonemic,chicken,,,,
3-550-135-3,khan1273,Khanty,1318,sʸisʸkur̃ek kuy,Phonemic,chicken,,,,
3-540-135-1,khan1273,Khanty,1514,ne sʸisʸkur̃ek,Phonemic,hen,,,,
3-520-135-1,khan1273,Khanty,1511,sʸisʸkur̃ek,Phonemic,"cock, rooster",,,,
3-500-135-1,khan1273,Khanty,265,tuxlaŋ woy-xul,Phonemic,fowl,,,,
3-450-135-1,khan1273,Khanty,1647,nʸewar̃,Phonemic,"foal, colt",,,,
3-440-135-1,khan1273,Khanty,938,ne low,Phonemic,mare,,,,
3-420-135-1,khan1273,Khanty,936,nʸewɨr̃,Phonemic,stallion,,,,
3-410-135-1,khan1273,Khanty,615,low,Phonemic,horse (equine),,,,
3-350-135-1,khan1273,Khanty,1337,pur̃sʸ pušax,Phonemic,pig,,,,
3-350-135-3,khan1273,Khanty,1337,pur̃sʸ kuy,Phonemic,pig,,,,
3-340-135-1,khan1273,Khanty,1351,ne pur̃sʸ,Phonemic,sow (2),,,,
3-320-135-1,khan1273,Khanty,1348,xor̃ pur̃sʸ,Phonemic,boar,,,,
3-290-135-1,khan1273,Khanty,820,oš pušax,Phonemic,lamb,,,,
3-290-135-3,khan1273,Khanty,820,oš kuy,Phonemic,lamb,,,,
3-280-135-1,khan1273,Khanty,1345,ne oš,Phonemic,ewe,,,,
3-260-135-1,khan1273,Khanty,1344,xor̃ oš,Phonemic,ram,,,,
3-250-135-1,khan1273,Khanty,1331,oš,Phonemic,sheep,,,,
3-240-135-1,khan1273,Khanty,1989,aymis,Phonemic,calf,,,,
3-230-135-1,khan1273,Khanty,1007,mis,Phonemic,cow,,,,
3-210-135-1,khan1273,Khanty,1008,xor̃ mis,Phonemic,bull,,,,
3-200-135-1,khan1273,Khanty,1153,woy-xul,Phonemic,cattle (bovine),,,,
3-190-135-1,khan1273,Khanty,851,osʸ,Phonemic,"stable, stall",,,,
3-180-135-1,khan1273,Khanty,263,woy-xul lawaltɨ xoyat,Phonemic,herdsman,,,,
3-160-135-1,khan1273,Khanty,649,sʸaxər̃,Phonemic,pasture,,,,
3-150-135-1,khan1273,Khanty,631,woy-xul,Phonemic,livestock,,,,
3-130-135-1,khan1273,Khanty,2262,ne,Phonemic,female (adj),,,,
3-120-135-1,khan1273,Khanty,2261,xor̃,Phonemic,male (adj),,,,
3-110-135-1,khan1273,Khanty,619,woy-xul,Phonemic,animal,,,,
3-110-135-3,khan1273,Khanty,619,wənt-woy,Phonemic,animal,,,,
2-960-135-1,khan1273,Khanty,817,lin,Phonemic,they,,,,
2-960-135-3,khan1273,Khanty,817,liw,Phonemic,they,,,,
2-950-135-1,khan1273,Khanty,1213,nɨn,Phonemic,you (plural),,,,
2-942-135-1,khan1273,Khanty,1130,muŋ taklewa,Phonemic,we (exclusive),,,,
2-941-135-1,khan1273,Khanty,1131,muŋ pilewa,Phonemic,we (inclusive),,,,
2-940-135-1,khan1273,Khanty,1212,muŋ,Phonemic,we,,,,
2-930-135-1,khan1273,Khanty,262,luw,Phonemic,he/she/it,,,,
2-920-135-1,khan1273,Khanty,1215,naŋ,Phonemic,you (singular),,,,
2-910-135-1,khan1273,Khanty,1209,ma,Phonemic,I,,,,
2-820-135-1,khan1273,Khanty,194,sʸemʸya,Phonemic,family,,,,
2-810-135-1,khan1273,Khanty,1644,r̃utɨt,Phonemic,"relatives, kinsmen",,,,
2-770-135-1,khan1273,Khanty,1981,imʸelɨ xasʸum,Phonemic,widower,,,,
2-760-135-1,khan1273,Khanty,1756,ikʸelɨ xasʸum,Phonemic,widow,,,,
2-750-135-1,khan1273,Khanty,1149,yiwlɨ-aslɨ,Phonemic,orphan,,,,
2-720-135-1,khan1273,Khanty,236,anʸxʸi,Phonemic,stepmother,,,,
2-710-135-1,khan1273,Khanty,237,yiwlaŋ,Phonemic,stepfather,,,,
2-641-135-1,khan1273,Khanty,2264,mʸenʸ,Phonemic,daughter-in-law (of a woman),,,,
2-640-135-1,khan1273,Khanty,2265,mʸenʸ,Phonemic,daughter-in-law (of a man),,,,
2-631-135-1,khan1273,Khanty,2266,ur̃ti wʸeŋ,Phonemic,son-in-law (of a woman),,,,
2-630-135-1,khan1273,Khanty,2267,wʸeŋ,Phonemic,son-in-law (of a man),,,,
2-621-135-1,khan1273,Khanty,2257,kʸilɨ imʸi,Phonemic,mother-in-law (of a woman),,,,
2-620-135-1,khan1273,Khanty,2256,kʸilɨ imʸi,Phonemic,mother-in-law (of a man),,,,
2-611-135-1,khan1273,Khanty,2254,kʸilɨ ikʸi,Phonemic,father-in-law (of a woman),,,,
2-610-135-1,khan1273,Khanty,2255,kʸilɨ ikʸi,Phonemic,father-in-law (of a man),,,,
2-570-135-1,khan1273,Khanty,490,yultɨ xasʸtɨ ewi-pux,Phonemic,descendants,,,,
2-560-135-1,khan1273,Khanty,1669,opr̃asʸit,Phonemic,ancestors,,,,
2-550-135-1,khan1273,Khanty,1643,aspux,Phonemic,cousin,,Respectively: son on the mother's side; daughter on the mother's side.,,
2-550-135-3,khan1273,Khanty,1643,asewi,Phonemic,cousin,,Respectively: son on the mother's side; daughter on the mother's side.,,
2-540-135-1,khan1273,Khanty,1642,or̃tne,Phonemic,niece,,,,
2-530-135-1,khan1273,Khanty,1063,lexə,Phonemic,nephew,,,,
2-522-135-1,khan1273,Khanty,170,imi,Phonemic,father's sister,,Respectively: the oldest sister of one's father; the youngest sister of one's father.,,
2-522-135-3,khan1273,Khanty,170,or̃tne,Phonemic,father's sister,,Respectively: the oldest sister of one's father; the youngest sister of one's father.,,
2-520-135-1,khan1273,Khanty,1272,imi,Phonemic,aunt,,Respectively: the oldest sister of one's father or mother; the youngest sister of one's mother; the youngest sister of one's father.,,
2-520-135-3,khan1273,Khanty,1272,nɨy,Phonemic,aunt,,Respectively: the oldest sister of one's father or mother; the youngest sister of one's mother; the youngest sister of one's father.,,
2-520-135-5,khan1273,Khanty,1272,or̃tne,Phonemic,aunt,,Respectively: the oldest sister of one's father or mother; the youngest sister of one's mother; the youngest sister of one's father.,,
2-521-135-1,khan1273,Khanty,171,imi,Phonemic,mother's sister,,Respectively: the oldest sister of one's mother; the youngest sister of one's mother.,,
2-521-135-3,khan1273,Khanty,171,nɨy,Phonemic,mother's sister,,Respectively: the oldest sister of one's mother; the youngest sister of one's mother.,,
2-512-135-1,khan1273,Khanty,1985,aki,Phonemic,father's brother,,Respectively: the oldest brother of one's father; the youngest brother of one's father.,,
2-512-135-3,khan1273,Khanty,1985,yay,Phonemic,father's brother,,Respectively: the oldest brother of one's father; the youngest brother of one's father.,,
2-511-135-1,khan1273,Khanty,1984,wər̃tɨ,Phonemic,mother's brother,,The youngest brother of one's mother.,,
2-510-135-1,khan1273,Khanty,1327,aki,Phonemic,uncle,,Respectively: the oldest brother of one's father or mother; the youngest brother of one's father; the youngest brother of one's mother.,,
2-510-135-3,khan1273,Khanty,1327,yay,Phonemic,uncle,,Respectively: the oldest brother of one's father or mother; the youngest brother of one's father; the youngest brother of one's mother.,,
2-510-135-5,khan1273,Khanty,1327,wər̃tɨ,Phonemic,uncle,,Respectively: the oldest brother of one's father or mother; the youngest brother of one's father; the youngest brother of one's mother.,,
2-480-135-1,khan1273,Khanty,1618,xilɨ,Phonemic,grandson,,,,
2-490-135-1,khan1273,Khanty,1619,xilne,Phonemic,granddaughter,,,,
2-471-135-1,khan1273,Khanty,907,pir̃sʸ imi,Phonemic,old woman,,,,
2-470-135-1,khan1273,Khanty,1496,aŋkaŋkʸi,Phonemic,grandmother,,Respectively: the mother of one's mother; the mother of one's father,,
2-470-135-3,khan1273,Khanty,1496,sʸasʸi,Phonemic,grandmother,,Respectively: the mother of one's mother; the mother of one's father,,
2-461-135-1,khan1273,Khanty,406,pir̃sʸ ikʸi,Phonemic,old man,,,,
2-460-135-1,khan1273,Khanty,1383,aŋksʸasʸi,Phonemic,grandfather,,Respectively: the father of one's father; the father of one's mother.,,
2-460-135-3,khan1273,Khanty,1383,sʸatsʸasʸi,Phonemic,grandfather,,Respectively: the father of one's father; the father of one's mother.,,
2-456-135-1,khan1273,Khanty,1640,yiwpux,Phonemic,sibling,,,,
2-456-135-3,khan1273,Khanty,1640,yiwewi,Phonemic,sibling,,,,
2-455-135-1,khan1273,Khanty,1761,apsʸi,Phonemic,younger sister,,,,
2-455-135-3,khan1273,Khanty,1761,apalne,Phonemic,younger sister,,,,
2-454-135-1,khan1273,Khanty,1758,upi,Phonemic,older sister,,,,
2-450-135-1,khan1273,Khanty,1263,yiwewi,Phonemic,sister,,,,
2-445-135-1,khan1273,Khanty,1760,apsʸi,Phonemic,younger brother,,,,
2-445-135-3,khan1273,Khanty,1760,apal,Phonemic,younger brother,,,,
2-444-135-1,khan1273,Khanty,1759,yay,Phonemic,older brother,,,,
2-440-135-1,khan1273,Khanty,1262,yiwpux,Phonemic,brother,,,,
2-430-135-1,khan1273,Khanty,1801,yultɨ xasʸtɨ ewi-pux,Phonemic,offspring (son or daughter),,,,
2-420-135-1,khan1273,Khanty,1357,ewi,Phonemic,daughter,,,,
2-410-135-1,khan1273,Khanty,1620,pux,Phonemic,son,,,,
2-390-135-1,khan1273,Khanty,426,ikʸeŋ imi,Phonemic,married woman,,,,
2-380-135-1,khan1273,Khanty,424,imʸeŋ xə,Phonemic,married man,,,,
2-370-135-1,khan1273,Khanty,505,aŋkʸeŋan-asʸeŋan,Phonemic,parents,,,,
2-360-135-1,khan1273,Khanty,1216,aŋki,Phonemic,mother,,,,
2-350-135-1,khan1273,Khanty,1217,asʸi,Phonemic,father,,,,
2-341-135-1,khan1273,Khanty,1134,katna mantɨ,Phonemic,divorce,,,,
2-340-135-1,khan1273,Khanty,1259,moy,Phonemic,"marriage, wedding",,,,
2-330-135-1,khan1273,Khanty,203,imi tətɨ,Phonemic,marry,,,,
2-320-135-1,khan1273,Khanty,1199,imi,Phonemic,wife,,,,
2-310-135-1,khan1273,Khanty,1200,iki ~ xə,Phonemic,husband,,,,
2-280-135-1,khan1273,Khanty,1289,ay nʸawr̃em,Phonemic,"infant, baby",,,,
2-270-135-1,khan1273,Khanty,1304,nʸawr̃em,Phonemic,child,,,,
2-261-135-1,khan1273,Khanty,77,aylat ewi,Phonemic,young woman (adolescent),,,,
2-260-135-1,khan1273,Khanty,1646,ewi,Phonemic,girl,,,,
2-251-135-1,khan1273,Khanty,76,aylat pux,Phonemic,young man (adolescent),,,,
2-250-135-1,khan1273,Khanty,1366,pux,Phonemic,boy,,,,
2-240-135-1,khan1273,Khanty,1551,ne,Phonemic,female,,,,
2-230-135-1,khan1273,Khanty,1553,xə,Phonemic,male,,,,
2-230-135-3,khan1273,Khanty,1553,xor̃,Phonemic,male,,,,
2-220-135-1,khan1273,Khanty,962,ne,Phonemic,woman,,,,
2-210-135-1,khan1273,Khanty,1554,xə ~ iki ~ xə xoyat,Phonemic,man (vs. woman),,,,
2-100-135-1,khan1273,Khanty,683,xannexə ~ nexə ~ xoyat,Phonemic,"person, human being",,,,
1-890-135-1,khan1273,Khanty,1188,lawum,Phonemic,charcoal,,,,
1-880-135-1,khan1273,Khanty,10,tutʸyux,Phonemic,firewood,,,,
1-870-135-1,khan1273,Khanty,1133,sʸer̃anka,Phonemic,match (noun),,,,
1-861-135-1,khan1273,Khanty,127,xər̃attɨ,Phonemic,extinguish,,,,
1-860-135-1,khan1273,Khanty,737,wusʸittɨ,Phonemic,"light, kindle, ignite",,,,
1-860-135-3,khan1273,Khanty,737,altɨ,Phonemic,"light, kindle, ignite",,,,
1-852-135-1,khan1273,Khanty,1428,letɨ,Phonemic,burn (vb intrans),,,,
1-851-135-1,khan1273,Khanty,141,kutar̃ttɨ,Phonemic,burn (vb trans),,,,
1-851-135-3,khan1273,Khanty,141,letɨ,Phonemic,burn (vb trans),,,,
1-841-135-1,khan1273,Khanty,67,ay lawum sem,Phonemic,embers,,,,
1-840-135-1,khan1273,Khanty,646,xoyum,Phonemic,ashes,,,,
1-830-135-1,khan1273,Khanty,778,pəsaŋ,Phonemic,smoke (noun),,,,
1-820-135-1,khan1273,Khanty,889,tut nʸalum,Phonemic,flame (noun),,,,
1-810-135-1,khan1273,Khanty,221,tut,Phonemic,fire,,,,
1-810-135-3,khan1273,Khanty,221,nay,Phonemic,fire,,,,
1-780-135-1,khan1273,Khanty,952,tər̃um,Phonemic,weather,,,,
1-770-135-1,khan1273,Khanty,617,yeŋk,Phonemic,ice,,,,
1-760-135-1,khan1273,Khanty,784,lonʸsʸ,Phonemic,snow (noun),,,,
1-750-135-1,khan1273,Khanty,658,yer̃t,Phonemic,rain (noun),,,,
1-740-135-1,khan1273,Khanty,249,šiw,Phonemic,fog,,,,
1-720-135-1,khan1273,Khanty,960,wot,Phonemic,wind,,,,
1-730-135-1,khan1273,Khanty,1489,palaŋ,Phonemic,cloud,,,,
1-710-135-1,khan1273,Khanty,27,lɨl šuw,Phonemic,air,,,,
1-640-135-1,khan1273,Khanty,1977,at yiŋk,Phonemic,dew,,,,
1-630-135-1,khan1273,Khanty,1388,isxur̃,Phonemic,"shade, shadow",,,,
1-620-135-1,khan1273,Khanty,11,patlam,Phonemic,darkness,,,,
1-610-135-1,khan1273,Khanty,630,nuwi,Phonemic,light (noun),,,,
1-610-135-3,khan1273,Khanty,630,tut,Phonemic,light (noun),,,,
1-590-135-1,khan1273,Khanty,1733,nʸul yux,Phonemic,rainbow,,,,
1-580-135-1,khan1273,Khanty,858,tər̃um,Phonemic,storm,,,,
1-560-135-1,khan1273,Khanty,1150,poxal sɨy,Phonemic,thunder,,,,
1-560-135-3,khan1273,Khanty,1150,mar̃itɨ sɨy,Phonemic,thunder,,,,
1-570-135-1,khan1273,Khanty,2007,tut sultum,Phonemic,lightning (as striking),,,,
1-570-135-3,khan1273,Khanty,2007,tut sem,Phonemic,lightning (as striking),,,,
1-550-135-1,khan1273,Khanty,1654,palaŋtut,Phonemic,lightning,,,,
1-550-135-3,khan1273,Khanty,1654,poxal nʸol,Phonemic,lightning,,,,
1-550-135-5,khan1273,Khanty,1654,pay nʸol,Phonemic,lightning,,,,
1-540-135-1,khan1273,Khanty,1430,xəs,Phonemic,star,,,,
1-530-135-1,khan1273,Khanty,1313,tɨlasʸ,Phonemic,moon,,,,
1-520-135-1,khan1273,Khanty,1343,xatl,Phonemic,sun,,,,
1-510-135-1,khan1273,Khanty,1732,tər̃umxar̃,Phonemic,sky,,,,
1-450-135-1,khan1273,Khanty,6,muw tor̃ʸiytɨ,Phonemic,earthquake,,,,
1-440-135-1,khan1273,Khanty,2125,kʸew,Phonemic,"stone, rock",,,,
1-430-135-1,khan1273,Khanty,1803,yux,Phonemic,wood,,,,
1-420-135-1,khan1273,Khanty,906,yux,Phonemic,tree (cf 08.600),,,,
1-410-135-1,khan1273,Khanty,420,wənt,Phonemic,"woods, forest",,,,
1-380-135-1,khan1273,Khanty,1145,nʸur̃m,Phonemic,swamp,,,,
1-360-135-1,khan1273,Khanty,666,as,Phonemic,"river, stream, brook",,,,
1-360-135-3,khan1273,Khanty,666,yuxan,Phonemic,"river, stream, brook",,,,
1-360-135-5,khan1273,Khanty,666,yər̃am,Phonemic,"river, stream, brook",,,,
1-360-135-7,khan1273,Khanty,666,soyum,Phonemic,"river, stream, brook",,,,
1-354-135-1,khan1273,Khanty,613,yiŋk nuxepattɨ yit,Phonemic,hightide,,,,
1-353-135-1,khan1273,Khanty,1026,yiŋk il pittɨ yit,Phonemic,lowtide,,,,
1-352-135-1,khan1273,Khanty,891,yiŋk nux epattɨ yit,Phonemic,tide,,,,
1-352-135-3,khan1273,Khanty,891,yink il pittɨ yit,Phonemic,tide,,,,
1-350-135-1,khan1273,Khanty,978,xump,Phonemic,wave,,,,
1-343-135-1,khan1273,Khanty,1662,pan nʸul,Phonemic,"headland, point",,,,
1-340-135-1,khan1273,Khanty,663,lux,Phonemic,"gulf, bay",,,,
1-330-135-1,khan1273,Khanty,624,malaŋ,Phonemic,lake,,,,
1-329-135-1,khan1273,Khanty,645,wən sʸor̃ɨs,Phonemic,ocean,,,,
1-324-135-1,khan1273,Khanty,1768,nʸer̃,Phonemic,foam,,,,
1-323-135-1,khan1273,Khanty,259,xumpaŋ,Phonemic,rough (of sea),,,,
1-320-135-1,khan1273,Khanty,1474,sʸor̃ɨs,Phonemic,sea,,,,
1-322-135-1,khan1273,Khanty,258,tewan,Phonemic,calm (of sea),,,,
1-310-135-1,khan1273,Khanty,948,yiŋk,Phonemic,water,,,,
1-260-135-1,khan1273,Khanty,166,xonɨŋ,Phonemic,mainland,,,,
1-250-135-1,khan1273,Khanty,622,muw,Phonemic,island,,,,
1-240-135-1,khan1273,Khanty,921,puxɨr̃,Phonemic,valley,,,,
1-230-135-1,khan1273,Khanty,652,xar̃,Phonemic,"plain, field",,,,
1-222-135-1,khan1273,Khanty,618,xar̃,Phonemic,"cliff, precipice",,,,
1-220-135-1,khan1273,Khanty,2118,r̃en,Phonemic,"mountain, hill",,,,
1-220-135-3,khan1273,Khanty,2118,saŋxum,Phonemic,"mountain, hill",,,,
1-214-135-1,khan1273,Khanty,640,xəlɨ,Phonemic,mud,,,,
1-215-135-1,khan1273,Khanty,671,səy,Phonemic,sand,,,,
1-213-135-1,khan1273,Khanty,2,xiš,Phonemic,dust,,,,
1-213-135-3,khan1273,Khanty,2,r̃aw,Phonemic,dust,,,,
1-212-135-1,khan1273,Khanty,1228,muw,Phonemic,"earth=ground, soil",,,,
1-210-135-1,khan1273,Khanty,626,muw,Phonemic,"earth, land",,,,
1-100-135-1,khan1273,Khanty,965,tər̃um,Phonemic,world,,,,
14-330-135-1,khan1273,Khanty,1544,təxal pur̃ayn,Phonemic,sometimes,,,,
14-331-135-1,khan1273,Khanty,703,sor̃a,Phonemic,soon,,,,
14-332-135-1,khan1273,Khanty,418,xuw,Phonemic,long-time (for a),,,,
14-340-135-1,khan1273,Khanty,1656,nemult pur̃ayn,Phonemic,never,,,,
14-350-135-1,khan1273,Khanty,204,yilpa ~ pasʸi,Phonemic,again,,,,
14-410-135-1,khan1273,Khanty,1225,xatl,Phonemic,day,,,,
14-420-135-1,khan1273,Khanty,1233,at,Phonemic,night,,,,
14-430-135-1,khan1273,Khanty,729,xənʸlʸ,Phonemic,dawn,,,,
14-440-135-1,khan1273,Khanty,1339,alaŋ,Phonemic,morning,,,,
14-450-135-1,khan1273,Khanty,12,xatl kutlup,Phonemic,"noon, midday",,,,
14-451-135-1,khan1273,Khanty,1807,xatl kutlup yuwpʸi pur̃a,Phonemic,afternoon,,,,
14-460-135-1,khan1273,Khanty,1629,yet,Phonemic,evening,,,,
14-470-135-1,khan1273,Khanty,1283,tamxatl,Phonemic,today,,,,
14-480-135-1,khan1273,Khanty,1329,xalewat,Phonemic,tomorrow,,,,
14-481-135-1,khan1273,Khanty,1179,paxatl,Phonemic,day-after-tomorrow,,,,
14-490-135-1,khan1273,Khanty,1174,mulxatl,Phonemic,yesterday,,,,
14-491-135-1,khan1273,Khanty,1180,xəlmit xatl,Phonemic,day-before-yesterday,,,,
14-510-135-1,khan1273,Khanty,1353,sʸos,Phonemic,hour,,,,
14-530-135-1,khan1273,Khanty,1323,sʸos,Phonemic,"clock, timepiece",,,,
14-610-135-1,khan1273,Khanty,1469,lapat,Phonemic,week,,,,
14-620-135-1,khan1273,Khanty,1699,r̃utʸsʸatɨ xatl,Phonemic,Sunday,,,,
14-630-135-1,khan1273,Khanty,1697,lapat olaŋ xatl,Phonemic,Monday,,,,
14-640-135-1,khan1273,Khanty,1695,lapat kimit xatl,Phonemic,Tuesday,,,,
14-650-135-1,khan1273,Khanty,1694,lapat xəlmit xatl,Phonemic,Wednesday,,,,
14-660-135-1,khan1273,Khanty,1693,lapat nʸalmit xatl,Phonemic,Thursday,,,,
14-670-135-1,khan1273,Khanty,1692,lapat wʸetmit xatl,Phonemic,Friday,,,,
14-680-135-1,khan1273,Khanty,1700,lapat xətmit xatl,Phonemic,Saturday,,,,
14-710-135-1,khan1273,Khanty,1370,tɨlasʸ,Phonemic,month,,,,
14-730-135-1,khan1273,Khanty,1226,ol,Phonemic,year,,,,
14-730-135-3,khan1273,Khanty,1226,tal,Phonemic,year,,,,
14-740-135-1,khan1273,Khanty,1471,tal,Phonemic,winter,,,,
14-750-135-1,khan1273,Khanty,1537,towi,Phonemic,spring,,,,
14-760-135-1,khan1273,Khanty,1342,luŋ,Phonemic,summer,,,,
14-770-135-1,khan1273,Khanty,1276,sus,Phonemic,autumn,,,,
15-210-135-1,khan1273,Khanty,1587,epattɨ,Phonemic,smell (vb intrans),,,,
15-212-135-1,khan1273,Khanty,375,epsatɨ,Phonemic,sniff,,,,
15-220-135-1,khan1273,Khanty,1586,epsatɨ,Phonemic,smell (vb trans),,,,
15-250-135-1,khan1273,Khanty,376,yam əplaŋ,Phonemic,"fragrant, good smelling",,,,
15-260-135-1,khan1273,Khanty,42,lɨyum,Phonemic,"stinking, bad smelling",,,,
15-310-135-1,khan1273,Khanty,21,lawʸematɨ,Phonemic,taste,,,,
15-350-135-1,khan1273,Khanty,717,eplaŋ,Phonemic,sweet,,,,
15-360-135-1,khan1273,Khanty,1091,sulaŋ,Phonemic,salty,,,,
15-370-135-1,khan1273,Khanty,887,wusʸr̃em,Phonemic,bitter,,,,
15-370-135-3,khan1273,Khanty,887,wusʸr̃emaŋ,Phonemic,bitter,,,,
15-380-135-1,khan1273,Khanty,1906,wusʸlum,Phonemic,"acid, sour",,,,
15-380-135-3,khan1273,Khanty,1906,šumum,Phonemic,"acid, sour",,,,
15-390-135-1,khan1273,Khanty,70,sulaŋšik,Phonemic,brackish,,,,
15-410-135-1,khan1273,Khanty,1408,xəltɨ,Phonemic,hear,,,,
15-420-135-1,khan1273,Khanty,1608,xəlanttɨ,Phonemic,listen,,,,
15-440-135-1,khan1273,Khanty,1811,sɨy,Phonemic,"sound, noise",,,,
15-450-135-1,khan1273,Khanty,377,sɨyaŋ,Phonemic,loud,,,,
15-460-135-1,khan1273,Khanty,1314,sɨylɨ,Phonemic,"quiet, silence",,,,
15-510-135-1,khan1273,Khanty,1409,wanttɨ,Phonemic,see,,,,
15-520-135-1,khan1273,Khanty,1819,wanttɨ,Phonemic,"look, look at",,,,
15-550-135-1,khan1273,Khanty,1039,alʸtɨ,Phonemic,show,,,,
15-560-135-1,khan1273,Khanty,708,wulitɨ,Phonemic,shine,,,,
15-560-135-3,khan1273,Khanty,708,sur̃ttɨ,Phonemic,shine,,,,
15-570-135-1,khan1273,Khanty,679,nuwi,Phonemic,bright,,,,
15-610-135-1,khan1273,Khanty,1613,elup,Phonemic,color,,,,
15-620-135-1,khan1273,Khanty,250,nuwi,Phonemic,light (in color),,,,
15-620-135-3,khan1273,Khanty,250,etar̃,Phonemic,light (in color),,,,
15-630-135-1,khan1273,Khanty,706,pitɨxur̃aspʸi,Phonemic,dark (in color),,,,
15-640-135-1,khan1273,Khanty,1335,nuwi,Phonemic,white,,,,
15-640-135-3,khan1273,Khanty,1335,yeŋk,Phonemic,white,,,,
15-650-135-1,khan1273,Khanty,163,pitɨ,Phonemic,black,,,,
15-660-135-1,khan1273,Khanty,156,wur̃tɨ,Phonemic,red,,,,
15-670-135-1,khan1273,Khanty,837,etar̃xar̃ɨ,Phonemic,blue,,,,
15-680-135-1,khan1273,Khanty,1425,wustɨ,Phonemic,green,,,,
15-680-135-3,khan1273,Khanty,1425,nʸar̃ tur̃n,Phonemic,green,,,,
15-690-135-1,khan1273,Khanty,1424,wusʸlum,Phonemic,yellow,,,,
15-690-135-3,khan1273,Khanty,1424,xoym lɨpat,Phonemic,yellow,,,,
15-710-135-1,khan1273,Khanty,1892,ketmiyltɨ,Phonemic,touch,,,,
15-720-135-1,khan1273,Khanty,1079,malasʸlatɨ,Phonemic,feel,,,,
15-740-135-1,khan1273,Khanty,1884,susum,Phonemic,hard,,,,
15-740-135-3,khan1273,Khanty,1884,tak,Phonemic,hard,,,,
15-750-135-1,khan1273,Khanty,1856,lepat,Phonemic,soft,,,,
15-770-135-1,khan1273,Khanty,1234,paylɨ,Phonemic,smooth,,,,
15-780-135-1,khan1273,Khanty,1396,pastɨ,Phonemic,sharp,,,,
15-780-135-3,khan1273,Khanty,1396,tɨyn,Phonemic,sharp,,,,
15-790-135-1,khan1273,Khanty,379,nʸaš,Phonemic,"blunt, dull",,,,
15-790-135-3,khan1273,Khanty,379,tɨylɨ,Phonemic,"blunt, dull",,,,
15-810-135-1,khan1273,Khanty,1210,lawar̃t,Phonemic,heavy,,,,
15-820-135-1,khan1273,Khanty,1052,kʸen,Phonemic,light (in weight),,,,
15-830-135-1,khan1273,Khanty,1726,yiŋkʸi,Phonemic,"wet, damp",,,,
15-840-135-1,khan1273,Khanty,1398,sor̃m,Phonemic,dry,,,,
15-850-135-1,khan1273,Khanty,1286,r̃uwaŋ,Phonemic,hot,,,,
15-850-135-3,khan1273,Khanty,1286,kawr̃um,Phonemic,hot,,,,
15-851-135-1,khan1273,Khanty,1232,mʸelk,Phonemic,warm,,,,
15-851-135-3,khan1273,Khanty,1232,xošm,Phonemic,warm,,,,
15-860-135-1,khan1273,Khanty,1287,isʸkʸi,Phonemic,cold,,,,
15-870-135-1,khan1273,Khanty,704,sɨstam,Phonemic,clean,,,,
15-880-135-1,khan1273,Khanty,1230,xəlaŋ,Phonemic,"dirty, soiled",,,,
16-180-135-1,khan1273,Khanty,720,uy,Phonemic,"good fortune, luck",,,,
16-190-135-1,khan1273,Khanty,56,šək,Phonemic,"misfortune, bad luck",,,,
16-230-135-1,khan1273,Khanty,1495,amtaŋ,Phonemic,"joyful, glad, happy",,,,
16-230-135-3,khan1273,Khanty,1495,kašiŋ,Phonemic,"joyful, glad, happy",,,,
16-250-135-1,khan1273,Khanty,1355,nʸaxtɨ,Phonemic,laugh,,,,
16-251-135-1,khan1273,Khanty,1451,nʸax mulaŋa yuwanttɨ,Phonemic,smile,,,,
16-260-135-1,khan1273,Khanty,1413,yunttɨ,Phonemic,play,,,,
16-270-135-1,khan1273,Khanty,923,mosman taytɨ,Phonemic,love,,,,
16-290-135-1,khan1273,Khanty,578,mosaltatɨ,Phonemic,kiss,,,,
16-300-135-1,khan1273,Khanty,928,apalttɨ,Phonemic,embrace,,,,
16-300-135-3,khan1273,Khanty,928,apalmatɨ,Phonemic,embrace,,,,
16-310-135-1,khan1273,Khanty,1783,kaši,Phonemic,pain,,,,
16-320-135-1,khan1273,Khanty,1668,šək,Phonemic,"grief, sorrow, sadness",,,,
16-340-135-1,khan1273,Khanty,1875,šalittɨ,Phonemic,"regret, be sorry",,,,
16-350-135-1,khan1273,Khanty,1141,šalʸ,Phonemic,pity,,,,
16-370-135-1,khan1273,Khanty,1839,xollatɨ,Phonemic,"cry, weep",,,,
16-380-135-1,khan1273,Khanty,1651,sem yiŋk,Phonemic,tear (noun),,,,
16-390-135-1,khan1273,Khanty,716,eŋaltɨ,Phonemic,groan,,,,
16-420-135-1,khan1273,Khanty,82,lɨk,Phonemic,anger,,,,
16-420-135-3,khan1273,Khanty,82,kant,Phonemic,anger,,,,
16-420-135-5,khan1273,Khanty,82,sam,Phonemic,anger,,,,
16-450-135-1,khan1273,Khanty,1776,yelem,Phonemic,shame (noun),,,,
16-480-135-1,khan1273,Khanty,174,yur̃aŋ,Phonemic,proud,,,,
16-520-135-1,khan1273,Khanty,3,paltaplɨ,Phonemic,brave,,,,
16-530-135-1,khan1273,Khanty,781,paltɨ wʸer̃,Phonemic,"fear, fright",,,,
16-540-135-1,khan1273,Khanty,1810,paltap wʸer̃,Phonemic,danger,,,,
16-620-135-1,khan1273,Khanty,1784,laŋxatɨ,Phonemic,"desire, want",,,,
16-622-135-1,khan1273,Khanty,1750,pir̃itɨ,Phonemic,choose,,,,
16-650-135-1,khan1273,Khanty,100,wʸesʸkat,Phonemic,faithful,,,,
16-650-135-3,khan1273,Khanty,100,šopaŋ,Phonemic,faithful,,,,
16-660-135-1,khan1273,Khanty,1657,wʸesʸkat,Phonemic,true,,,,
16-660-135-3,khan1273,Khanty,1657,šop,Phonemic,true,,,,
16-670-135-1,khan1273,Khanty,601,r̃oxpʸiyltɨ,Phonemic,"lie, tell lies",,,,
16-680-135-1,khan1273,Khanty,13,r̃oxpi,Phonemic,deceit,,,,
16-710-135-1,khan1273,Khanty,1035,yam,Phonemic,good,,,,
16-720-135-1,khan1273,Khanty,1292,atum,Phonemic,bad,,,,
16-730-135-1,khan1273,Khanty,1725,tumtak,Phonemic,"right, correct",,,,
16-730-135-3,khan1273,Khanty,1725,tuŋ,Phonemic,"right, correct",,,,
16-730-135-5,khan1273,Khanty,1725,təs,Phonemic,"right, correct",,,,
16-740-135-1,khan1273,Khanty,1390,r̃oxpi,Phonemic,wrong,,,,
16-740-135-3,khan1273,Khanty,1390,yowr̃a,Phonemic,wrong,,,,
16-760-135-1,khan1273,Khanty,134,wunawot,Phonemic,fault,,,,
16-770-135-1,khan1273,Khanty,1293,yuwr̃a wʸer̃,Phonemic,"mistake, error",,,,
16-780-135-1,khan1273,Khanty,381,lʸawtum,Phonemic,blame,,,,
16-790-135-1,khan1273,Khanty,1687,išiktɨ wer̃,Phonemic,praise,,,,
16-810-135-1,khan1273,Khanty,1427,wʸesʸiŋ,Phonemic,beautiful,,,,
16-820-135-1,khan1273,Khanty,1548,xur̃aslɨ,Phonemic,ugly,,,,
16-830-135-1,khan1273,Khanty,2018,nʸelaŋ,Phonemic,greedy,,,,
16-830-135-3,khan1273,Khanty,2018,sʸakar̃,Phonemic,greedy,,,,
16-840-135-1,khan1273,Khanty,1310,nəmsaŋ,Phonemic,clever,,,,
16-840-135-3,khan1273,Khanty,1310,ušaŋ,Phonemic,clever,,,,
17-110-135-1,khan1273,Khanty,1562,nəmas,Phonemic,mind,,,,
17-110-135-3,khan1273,Khanty,1562,uš,Phonemic,mind,,,,
17-130-135-1,khan1273,Khanty,1415,nəmastɨ,Phonemic,think (= reflect),,,,
17-140-135-1,khan1273,Khanty,1513,yama nəmastɨ,Phonemic,think (= be of the opinion),,,,
17-150-135-1,khan1273,Khanty,1890,ewaltɨ,Phonemic,believe,,,,
17-160-135-1,khan1273,Khanty,1536,uša wʸer̃tɨ,Phonemic,understand,,,,
17-160-135-3,khan1273,Khanty,1536,uša wʸer̃iyltɨ,Phonemic,understand,,,,
17-170-135-1,khan1273,Khanty,1410,wətɨ,Phonemic,know,,,,
17-170-135-3,khan1273,Khanty,1410,wəylttɨ,Phonemic,know,,,,
17-171-135-1,khan1273,Khanty,1932,nəmastɨ,Phonemic,guess,,,,
17-172-135-1,khan1273,Khanty,117,isʸitɨ wʸer̃tɨ,Phonemic,imitate,,,,
17-190-135-1,khan1273,Khanty,1609,nəmas,Phonemic,"idea, notion",,,,
17-190-135-3,khan1273,Khanty,1609,uš,Phonemic,"idea, notion",,,,
17-210-135-1,khan1273,Khanty,698,nəmsaŋ,Phonemic,wise,,,,
17-220-135-1,khan1273,Khanty,1518,utšam ~ ušlɨ,Phonemic,"foolish, stupid",,,,
17-230-135-1,khan1273,Khanty,1899,utšam ~ ušlɨ,Phonemic,"insane, crazy",,,,
17-240-135-1,khan1273,Khanty,504,wənltɨyltɨ,Phonemic,learn,,,,
17-242-135-1,khan1273,Khanty,1929,uša wʸer̃tɨ,Phonemic,study,,,,
17-250-135-1,khan1273,Khanty,709,wənltatɨ,Phonemic,teach,,,,
17-260-135-1,khan1273,Khanty,753,wənltɨyltɨ nʸawr̃em,Phonemic,pupil,,,,
17-270-135-1,khan1273,Khanty,1038,nʸawr̃em wənltatɨ xoyat,Phonemic,teacher,,,,
17-280-135-1,khan1273,Khanty,673,nʸawr̃em wənltatɨ xot,Phonemic,school,,,,
17-310-135-1,khan1273,Khanty,707,nəmtɨ,Phonemic,remember,,,,
17-320-135-1,khan1273,Khanty,1523,yur̃ematɨ,Phonemic,forget,,,,
17-360-135-1,khan1273,Khanty,1121,xanʸi,Phonemic,secret,,,,
17-410-135-1,khan1273,Khanty,1162,laŋxatɨ wʸer̃,Phonemic,"intention, purpose",,,,
17-420-135-1,khan1273,Khanty,860,muysar̃ pʸisʸ pata,Phonemic,cause,,,,
17-430-135-1,khan1273,Khanty,1308,ant wətɨ wʸer̃,Phonemic,doubt,,,,
17-440-135-1,khan1273,Khanty,1841,ant wətɨ,Phonemic,suspect,,,,
17-441-135-1,khan1273,Khanty,1902,yastatɨ,Phonemic,betray,,,,
17-441-135-3,khan1273,Khanty,1902,luptɨ,Phonemic,betray,,,,
17-441-135-5,khan1273,Khanty,1902,potar̃ttɨ,Phonemic,betray,,,,
17-450-135-1,khan1273,Khanty,643,mostɨ wʸer̃,Phonemic,"need, necessity",,,,
17-460-135-1,khan1273,Khanty,686,ken,Phonemic,easy,,,,
17-470-135-1,khan1273,Khanty,584,lawar̃t,Phonemic,difficult,,,,
17-480-135-1,khan1273,Khanty,1812,wur̃atiyltɨ,Phonemic,"try, attempt",,,,
17-480-135-3,khan1273,Khanty,1812,ar̃talatɨ,Phonemic,"try, attempt",,,,
17-510-135-1,khan1273,Khanty,1577,pa,Phonemic,and,,,,
17-520-135-1,khan1273,Khanty,1157,sʸi pata,Phonemic,because,,,,
17-520-135-3,khan1273,Khanty,1157,sʸir̃n,Phonemic,because,,,,
17-530-135-1,khan1273,Khanty,1459,ki,Phonemic,if,,,,
17-540-135-1,khan1273,Khanty,1014,amuy,Phonemic,or,,,,
17-550-135-1,khan1273,Khanty,1268,sʸitɨ sʸi,Phonemic,"yes, affirmative",,,,
17-560-135-1,khan1273,Khanty,1269,anta,Phonemic,"no, negative",,,,
17-560-135-3,khan1273,Khanty,1269,antum,Phonemic,"no, negative",,,,
17-610-135-1,khan1273,Khanty,1239,xutɨ,Phonemic,how?,,,,
17-610-135-3,khan1273,Khanty,1239,xutɨsa,Phonemic,how?,,,,
17-610-135-5,khan1273,Khanty,1239,muy wur̃n,Phonemic,how?,,,,
17-610-135-7,khan1273,Khanty,1239,muy sʸir̃n,Phonemic,how?,,,,
17-620-135-1,khan1273,Khanty,822,muy ar̃at,Phonemic,how many?,,,,
17-620-135-3,khan1273,Khanty,822,muykʸem,Phonemic,how many?,,,,
17-620-135-5,khan1273,Khanty,822,kamn,Phonemic,how many?,,,,
17-630-135-1,khan1273,Khanty,531,muy ar̃at,Phonemic,how much?,,,,
17-630-135-3,khan1273,Khanty,531,muykʸem,Phonemic,how much?,,,,
17-630-135-5,khan1273,Khanty,531,kamn,Phonemic,how much?,,,,
17-640-135-1,khan1273,Khanty,1236,muy,Phonemic,what?,,,,
17-650-135-1,khan1273,Khanty,1238,xun,Phonemic,when?,,,,
17-660-135-1,khan1273,Khanty,1237,xota,Phonemic,where?,,,,
17-660-135-3,khan1273,Khanty,1237,xulta,Phonemic,where?,,,,
17-660-135-5,khan1273,Khanty,1237,xulʸsʸa,Phonemic,where?,,,,
17-670-135-1,khan1273,Khanty,727,muysar̃,Phonemic,which?,,,,
17-670-135-3,khan1273,Khanty,727,kamnmit,Phonemic,which?,,,,
17-680-135-1,khan1273,Khanty,1235,xoy,Phonemic,who?,,,,
17-690-135-1,khan1273,Khanty,1270,muy pata ~ muya,Phonemic,why?,,,,
18-110-135-1,khan1273,Khanty,1363,tur̃sɨy,Phonemic,voice,,,,
18-120-135-1,khan1273,Khanty,1261,ar̃ɨtɨ,Phonemic,sing,,,,
18-130-135-1,khan1273,Khanty,715,uwtɨ,Phonemic,"shout, cry out",,,,
18-130-135-3,khan1273,Khanty,715,xʸiyitɨ,Phonemic,"shout, cry out",,,,
18-150-135-1,khan1273,Khanty,55,wušitɨ,Phonemic,whisper,,,,
18-160-135-1,khan1273,Khanty,128,lomʸitɨ,Phonemic,mumble,,,,
18-170-135-1,khan1273,Khanty,1025,šəxumtɨ,Phonemic,whistle,,,,
18-180-135-1,khan1273,Khanty,298,uwatti,Phonemic,"shriek, screech",,,,
18-180-135-3,khan1273,Khanty,298,uwti,Phonemic,"shriek, screech",,,,
18-190-135-1,khan1273,Khanty,526,or̃ʸiyltɨ,Phonemic,howl,,,,
18-210-135-1,khan1273,Khanty,1623,potar̃ttɨ,Phonemic,"speak, talk",,,,
18-220-135-1,khan1273,Khanty,1458,luptɨ,Phonemic,say,,,,
18-222-135-1,khan1273,Khanty,1115,yasaŋ taytɨ,Phonemic,speech (make a),,,,
18-230-135-1,khan1273,Khanty,48,xusta wəltɨ,Phonemic,silent (be),,,,
18-240-135-1,khan1273,Khanty,1307,yasaŋ,Phonemic,language,,,,
18-260-135-1,khan1273,Khanty,1599,yasaŋ,Phonemic,word,,,,
18-280-135-1,khan1273,Khanty,1405,nem,Phonemic,name,,,,
18-310-135-1,khan1273,Khanty,1309,inʸsʸastɨ,Phonemic,"ask (question, inquire)",,,,
18-320-135-1,khan1273,Khanty,1275,yuxlɨ luptɨ,Phonemic,answer,,,,
18-350-135-1,khan1273,Khanty,1828,taka inʸsʸastɨ,Phonemic,"ask, request",,,,
18-360-135-1,khan1273,Khanty,1675,yastatɨ,Phonemic,promise,,,,
18-370-135-1,khan1273,Khanty,49,at laŋxatɨ,Phonemic,refuse,,,,
18-380-135-1,khan1273,Khanty,83,lap yer̃tti,Phonemic,forbid,,,,
18-380-135-3,khan1273,Khanty,83,lap yer̃tɨyltɨ,Phonemic,forbid,,,,
18-410-135-1,khan1273,Khanty,1084,woxtɨ,Phonemic,call (=summon),,,,
18-420-135-1,khan1273,Khanty,180,nemasatɨ,Phonemic,call (=name),,,,
18-420-135-3,khan1273,Khanty,180,nemiyltɨ,Phonemic,call (=name),,,,
18-430-135-1,khan1273,Khanty,9,yoxa luptɨ,Phonemic,announce,,,,
18-450-135-1,khan1273,Khanty,101,iškasʸtɨ,Phonemic,boast,,,,
18-450-135-3,khan1273,Khanty,101,or̃kasʸtɨ,Phonemic,boast,,,,
18-510-135-1,khan1273,Khanty,1672,xanštɨ,Phonemic,write,,,,
18-520-135-1,khan1273,Khanty,724,luŋatti,Phonemic,read,,,,
18-560-135-1,khan1273,Khanty,648,nepʸek,Phonemic,paper,,,,
18-570-135-1,khan1273,Khanty,794,xanštɨ yux,Phonemic,pen,,,,
18-610-135-1,khan1273,Khanty,963,nepʸek,Phonemic,book,,,,
18-740-135-1,khan1273,Khanty,300,ay ləŋxanʸsʸup,Phonemic,rattle,,,,
19-110-135-1,khan1273,Khanty,1300,muw,Phonemic,country,,,,
19-120-135-1,khan1273,Khanty,89,r̃ət muw,Phonemic,one's native country,,,,
19-120-135-3,khan1273,Khanty,89,šəšɨ muw,Phonemic,one's native country,,,,
19-150-135-1,khan1273,Khanty,1391,woš,Phonemic,"city, town",,,,
19-160-135-1,khan1273,Khanty,930,kər̃t,Phonemic,village,,,,
19-210-135-1,khan1273,Khanty,789,yox,Phonemic,people (populace),,,,
19-210-135-3,khan1273,Khanty,789,mʸir̃,Phonemic,people (populace),,,,
19-230-135-1,khan1273,Khanty,302,r̃ət,Phonemic,"tribe, clan",,,,
19-240-135-1,khan1273,Khanty,301,kəsʸa,Phonemic,"chief, chieftain",,,,
19-250-135-1,khan1273,Khanty,1296,suwyux,Phonemic,"staff, walking stick",,,,
19-310-135-1,khan1273,Khanty,1846,kəsʸaylɨtɨ,Phonemic,"rule, govern",,,,
19-410-135-1,khan1273,Khanty,383,kəsʸa,Phonemic,master,,,,
19-430-135-1,khan1273,Khanty,255,mʸitxə,Phonemic,servant,,,,
19-440-135-1,khan1273,Khanty,384,osa,Phonemic,freeman,,,,
19-450-135-1,khan1273,Khanty,1128,par̃ttɨ,Phonemic,"command, order",,,,
19-460-135-1,khan1273,Khanty,1635,lušittɨ,Phonemic,obey,,,,
19-470-135-1,khan1273,Khanty,1003,esltɨ,Phonemic,"let, permit",,,,
19-510-135-1,khan1273,Khanty,1325,ləxas,Phonemic,"friend, companion",,,,
19-520-135-1,khan1273,Khanty,1358,wur̃ak,Phonemic,enemy,,,,
19-540-135-1,khan1273,Khanty,1332,lepn wəltɨ xoyat,Phonemic,neighbor,,,,
19-550-135-1,khan1273,Khanty,791,paxoyat,Phonemic,stranger,,,,
19-560-135-1,khan1273,Khanty,1782,moyŋ xoyat,Phonemic,guest,,,,
19-570-135-1,khan1273,Khanty,1545,kəsʸa,Phonemic,host,,,,
19-580-135-1,khan1273,Khanty,1897,nʸottɨ,Phonemic,"help, aid",,,,
19-590-135-1,khan1273,Khanty,1550,tur̃as wʸer̃tɨ,Phonemic,"hinder, prevent",,,,
19-610-135-1,khan1273,Khanty,1747,pisʸ,Phonemic,custom,,,,
19-610-135-3,khan1273,Khanty,1747,pisʸit,Phonemic,custom,,,,
19-620-135-1,khan1273,Khanty,1848,wur̃asʸtɨ wʸer̃,Phonemic,"strife, quarrel",,,,
19-620-135-3,khan1273,Khanty,1848,lʸawattɨ wʸer̃,Phonemic,"strife, quarrel",,,,
19-630-135-1,khan1273,Khanty,2024,wur̃ak wʸer̃,Phonemic,"conspiracy, plot",,,,
19-650-135-1,khan1273,Khanty,1831,yesʸalt wəyttɨ,Phonemic,meet,,,,
19-720-135-1,khan1273,Khanty,1610,posar̃,Phonemic,prostitute,,,,
20-110-135-1,khan1273,Khanty,1423,nʸul wʸeltɨ,Phonemic,fight (vb),,,,
20-130-135-1,khan1273,Khanty,579,lalʸ,Phonemic,"war, battle",,,,
20-140-135-1,khan1273,Khanty,1338,lalʸlɨ wəlupsɨ,Phonemic,peace,,,,
20-210-135-1,khan1273,Khanty,951,puškan,Phonemic,"weapons, arms",,,,
20-240-135-1,khan1273,Khanty,994,yəxal,Phonemic,bow,,,,
20-250-135-1,khan1273,Khanty,977,nʸul,Phonemic,arrow,,,,
20-270-135-1,khan1273,Khanty,1535,altɨ kʸeši,Phonemic,sword,,,,
20-280-135-1,khan1273,Khanty,1566,puškan,Phonemic,"gun, cannon",,,,
20-410-135-1,khan1273,Khanty,783,nux pʸittɨ wʸer̃,Phonemic,victory,,,,
20-430-135-1,khan1273,Khanty,722,lalʸ,Phonemic,attack,,,,
20-440-135-1,khan1273,Khanty,1330,lalistɨ,Phonemic,defend,,,,
20-450-135-1,khan1273,Khanty,421,yuxlɨ pʸela manɨyltɨ,Phonemic,retreat,,,,
20-460-135-1,khan1273,Khanty,1696,matɨ,Phonemic,surrender,,,,
20-480-135-1,khan1273,Khanty,1022,wʸelpas,Phonemic,"booty, spoils",,,,
20-490-135-1,khan1273,Khanty,65,xanʸemuman omastɨ,Phonemic,ambush,,,,
20-510-135-1,khan1273,Khanty,1858,xul wʸelpaslatɨ xoyat,Phonemic,fisherman,,,,
20-520-135-1,khan1273,Khanty,1074,nʸaš,Phonemic,fishhook,,,,
20-530-135-1,khan1273,Khanty,19,nʸaš kʸel,Phonemic,fishing line,,,,
20-540-135-1,khan1273,Khanty,388,xolap,Phonemic,fishnet,,,,
20-550-135-1,khan1273,Khanty,389,mʸerʸoša,Phonemic,fish trap,,,,
20-610-135-1,khan1273,Khanty,1435,wʸelpaslatɨ,Phonemic,hunt,,,,
20-620-135-1,khan1273,Khanty,1172,puškan esltɨ,Phonemic,shoot,,,,
20-630-135-1,khan1273,Khanty,161,moxtɨ esltɨ,Phonemic,miss (target),,,,
20-640-135-1,khan1273,Khanty,1075,sesɨ,Phonemic,trap (noun),,,,
20-640-135-3,khan1273,Khanty,1075,kar̃tsesɨ,Phonemic,trap (noun),,,,
20-650-135-1,khan1273,Khanty,1170,katltɨ,Phonemic,trap (vb),,,,
20-650-135-3,khan1273,Khanty,1170,kar̃tsesiyn wʸeltɨ,Phonemic,trap (vb),,,,
21-110-135-1,khan1273,Khanty,1062,sakkon,Phonemic,law,,,,
21-150-135-1,khan1273,Khanty,1068,sut,Phonemic,court,,,,
21-160-135-1,khan1273,Khanty,1818,sutʸittɨ,Phonemic,judge (vb),,,,
21-180-135-1,khan1273,Khanty,861,sut xoyat,Phonemic,judge (noun),,,,
21-250-135-1,khan1273,Khanty,1712,yastopsa,Phonemic,oath,,,,
21-310-135-1,khan1273,Khanty,1814,wunawota luptɨ,Phonemic,accuse,,,,
21-320-135-1,khan1273,Khanty,484,wunawota luptɨ,Phonemic,condemn,,,,
21-330-135-1,khan1273,Khanty,983,wunawota luptɨ,Phonemic,convict (vb),,,,
21-340-135-1,khan1273,Khanty,988,tuŋa luŋattɨ,Phonemic,acquit,,,,
21-350-135-1,khan1273,Khanty,1682,wunawot,Phonemic,guilty,,,,
21-360-135-1,khan1273,Khanty,90,wunawot taklɨ,Phonemic,innocent,,,,
21-380-135-1,khan1273,Khanty,218,aštr̃ap,Phonemic,fine,,,,
21-390-135-1,khan1273,Khanty,1281,tʸur̃ʸma xot,Phonemic,"prison, jail",,,,
21-420-135-1,khan1273,Khanty,845,wʸeltɨ wʸer̃,Phonemic,murder,,,,
21-430-135-1,khan1273,Khanty,902,posar̃,Phonemic,adultery,,,,
21-460-135-1,khan1273,Khanty,1889,wusʸittɨ wʸer̃,Phonemic,arson,,,,
21-460-135-3,khan1273,Khanty,1889,tuta lapattɨ wʸer̃,Phonemic,arson,,,,
21-510-135-1,khan1273,Khanty,713,lolumtɨ,Phonemic,steal,,,,
21-520-135-1,khan1273,Khanty,1160,lolmax,Phonemic,thief,,,,
22-110-135-1,khan1273,Khanty,661,tər̃um wʸer̃,Phonemic,religion,,,,
22-120-135-1,khan1273,Khanty,1944,tər̃um,Phonemic,God,,,,
22-130-135-1,khan1273,Khanty,911,yemaŋ xot,Phonemic,"temple, church",,,,
22-130-135-3,khan1273,Khanty,911,tər̃um xot,Phonemic,"temple, church",,,,
22-140-135-1,khan1273,Khanty,853,yemaŋ taxʸi,Phonemic,altar,,,,
22-150-135-1,khan1273,Khanty,1103,yir̃,Phonemic,"sacrifice, offering",,,,
22-160-135-1,khan1273,Khanty,257,ux puntɨ,Phonemic,worship,,,,
22-170-135-1,khan1273,Khanty,24,poyiksʸatɨ,Phonemic,pray,,,,
22-180-135-1,khan1273,Khanty,852,pup,Phonemic,priest,,,,
22-190-135-1,khan1273,Khanty,1702,yemaŋ,Phonemic,"holy, sacred",,,,
22-220-135-1,khan1273,Khanty,304,wənltatɨ,Phonemic,preach,,,,
22-230-135-1,khan1273,Khanty,391,yama luptɨ,Phonemic,bless,,,,
22-240-135-1,khan1273,Khanty,8,tekattɨ,Phonemic,curse,,,,
22-310-135-1,khan1273,Khanty,1565,tər̃umxar̃,Phonemic,heaven,,,,
22-350-135-1,khan1273,Khanty,1973,kulʸ,Phonemic,demon (evil spirit),,,,
22-370-135-1,khan1273,Khanty,1945,ləŋx,Phonemic,idol,,,,
22-420-135-1,khan1273,Khanty,392,sʸar̃tut,Phonemic,"magic, witchcraft, sorcery",,,,
22-430-135-1,khan1273,Khanty,2137,sʸar̃tne,Phonemic,"sorcerer, witch",,,,
22-450-135-1,khan1273,Khanty,1175,yisxur̃,Phonemic,"ghost, phantom",,,,
