ID,Language_ID,Language_name,Parameter_ID,Value,Transcription,Concept,Source,Comment,AlternativeValue,AlternativeTranscription
14-310-808-1,ruma1248,Rumai,1676,pen.55 ləi.412,phonetic,always,,,,
14-280-808-1,ruma1248,Rumai,1928,ʒ́âŋ.51,phonetic,"cease, stop",,,,
14-270-808-1,ruma1248,Rumai,1766,khia.412,phonetic,finish,,,,
14-230-808-1,ruma1248,Rumai,754,kə.55 kʌn.412,phonetic,"hasten, hurry",,,,
14-220-808-1,ruma1248,Rumai,701,veh.51,phonetic,slow,,,,
14-210-808-1,ruma1248,Rumai,1631,khiân.412,phonetic,"swift, fast, quick",,,,
14-180-808-1,ruma1248,Rumai,1376,nhiɛm.55 niɛn.51,phonetic,now,,,,
14-170-808-1,ruma1248,Rumai,477,lha.55,phonetic,late,,,,
14-160-808-1,ruma1248,Rumai,672,ʒ́eu.51,phonetic,early,,,,
14-150-808-1,ruma1248,Rumai,1229,gâ.51,phonetic,old,,,,
14-140-808-1,ruma1248,Rumai,1207,nhɛm.55,phonetic,young,,,,
14-120-808-1,ruma1248,Rumai,1789,a.55 sak.55,phonetic,age,,,,
14-130-808-1,ruma1248,Rumai,1231,tə.55 mai.412,phonetic,new,,,,
13-440-808-1,ruma1248,Rumai,417,oi.51 tə.55 rɛp.55,phonetic,three times,,,,
13-420-808-1,ruma1248,Rumai,1859,ti.55 san.55,phonetic,third,,,,
13-380-808-1,ruma1248,Rumai,1546,ɛ.51 tə.55 rɛp.55,phonetic,two times,,,,
13-370-808-1,ruma1248,Rumai,1888,kə.55 tiŋ.51,phonetic,pair,,,,
13-370-808-2,ruma1248,Rumai,1888,kə.55 tui.55,phonetic,pair,,,,
13-360-808-1,ruma1248,Rumai,1384,ti.55 ə.55,phonetic,second,,,,
13-350-808-1,ruma1248,Rumai,1529,lə.55 bân.412,phonetic,last,,,,
13-340-808-1,ruma1248,Rumai,728,ti.55 ji.51,phonetic,first,,,,
13-330-808-1,ruma1248,Rumai,1580,tə.55 raŋ.412,phonetic,"alone, only",,,,
13-240-808-1,ruma1248,Rumai,816,kə.55 tai.55,phonetic,half,,,,
13-240-808-2,ruma1248,Rumai,816,u.55 phak.55,phonetic,half,,,,
13-230-808-1,ruma1248,Rumai,779,maŋ.55 kə.55 lâk.55,phonetic,"part, piece",,,,
13-210-808-1,ruma1248,Rumai,1429,nok.55,phonetic,full,,,,
13-181-808-1,ruma1248,Rumai,1241,i.55 ćhiɨk.55,phonetic,some,,,,
13-170-808-1,ruma1248,Rumai,1242,biâi.51,phonetic,"little (quantity), few",,,,
13-160-808-1,ruma1248,Rumai,1992,gɨn.51 khai.51,phonetic,more,,,,
13-150-808-1,ruma1248,Rumai,1198,gɨn.51,phonetic,"much, many",,,,
13-140-808-1,ruma1248,Rumai,98,pa.55 pɛ.55 mɛh.51,phonetic,"every, all",,,,
13-107-808-1,ruma1248,Rumai,1420,dih.51,phonetic,count,,,,
13-106-808-1,ruma1248,Rumai,1843,heŋ.55,phonetic,thousand,,,,
13-105-808-1,ruma1248,Rumai,1634,u.55 piah.51,phonetic,hundred,,,,
13-104-808-1,ruma1248,Rumai,1710,ɛ.51 kɨ.412,phonetic,twenty,,,,
13-103-808-1,ruma1248,Rumai,1709,u.55 kɨ.412 ləi.412 phân.51,phonetic,fifteen,,,,
13-102-808-1,ruma1248,Rumai,1707,u.55 kɨ.412 ləi.412 ɛ.51,phonetic,twelve,,,,
13-101-808-1,ruma1248,Rumai,1706,u.55 kɨ.412 ləi.412 u.51,phonetic,eleven,,,,
13-100-808-1,ruma1248,Rumai,1515,u.55 kɨ.412,phonetic,ten,,,,
12-930-808-1,ruma1248,Rumai,1264,pian.55,phonetic,change,,,,
12-920-808-1,ruma1248,Rumai,1558,bai.412,phonetic,"like, similar",,,,
12-850-808-1,ruma1248,Rumai,1667,kə.55 tɛu.412,phonetic,hole,,,,
12-810-808-1,ruma1248,Rumai,1395,klaŋ.55,phonetic,round,,,,
12-780-808-1,ruma1248,Rumai,850,sik.55,phonetic,square,,,,
12-760-808-1,ruma1248,Rumai,192,cɔk.55,phonetic,corner,,,,
12-750-808-1,ruma1248,Rumai,1071,la.55 vɔk.55,phonetic,hook,,,,
12-740-808-1,ruma1248,Rumai,297,kɔk.55,phonetic,crooked,,,,
12-730-808-1,ruma1248,Rumai,1404,sɨ.55,phonetic,straight,,,,
12-710-808-1,ruma1248,Rumai,1633,pheŋ.55,phonetic,flat,,,,
12-680-808-1,ruma1248,Rumai,193,an.55 lhɛm.51,phonetic,shallow,,,,
12-670-808-1,ruma1248,Rumai,1593,lhɛm.51,phonetic,deep,,,,
12-650-808-1,ruma1248,Rumai,2249,xe.412,phonetic,thin (in dimension),,,,
12-630-808-1,ruma1248,Rumai,1244,hat.55,phonetic,thick (in dimension),,,,
12-620-808-1,ruma1248,Rumai,1267,khiâk.55,phonetic,narrow,,,,
12-610-808-1,ruma1248,Rumai,1243,kə.55 râh.51,phonetic,"wide, broad",,,,
12-590-808-1,ruma1248,Rumai,1645,buât.55,phonetic,short,,,,
12-580-808-1,ruma1248,Rumai,711,ʒ́a.412,phonetic,tall,,,,
12-570-808-1,ruma1248,Rumai,1203,doŋ.51,phonetic,long,,,,
12-560-808-1,ruma1248,Rumai,1246,dɛʔ.55,phonetic,"small, little",,,,
12-550-808-1,ruma1248,Rumai,1202,diaŋ.412,phonetic,"large, big",,,,
12-541-808-1,ruma1248,Rumai,81,ca.51,phonetic,"span, fathom",,,,
12-540-808-1,ruma1248,Rumai,1506,kai.51,phonetic,measure,,,,
12-530-808-1,ruma1248,Rumai,479,hai.55 diaŋ.412,phonetic,grow,,,,
12-430-808-1,ruma1248,Rumai,1942,kə.55 cam.55,phonetic,near (adv),,,,
12-430-808-2,ruma1248,Rumai,1942,doŋ.51,phonetic,near (adv),,,,
12-420-808-1,ruma1248,Rumai,244,a.55 kaʔ.55,phonetic,left (side),,,,
12-410-808-1,ruma1248,Rumai,1019,a.55 ɛh.51,phonetic,right (side),,,,
12-370-808-1,ruma1248,Rumai,1093,kə.55 dai.55,phonetic,"middle, center",,,,
12-360-808-1,ruma1248,Rumai,682,kə.55 daʔ.55,phonetic,side,,,,
12-353-808-1,ruma1248,Rumai,863,rim.412,phonetic,edge,,,,
12-352-808-1,ruma1248,Rumai,372,kə.55 tɛ.51,phonetic,pointed,,,,
12-350-808-1,ruma1248,Rumai,742,di.55 tui.51,phonetic,end,,,,
12-340-808-1,ruma1248,Rumai,690,di.55 ʒ́ɛm.55 ʒ́ɛm.55,phonetic,bottom,,,,
12-320-808-1,ruma1248,Rumai,721,ʒ́ɛm.55,phonetic,low,,,,
12-330-808-1,ruma1248,Rumai,1753,di.55 ʒ́a.412 ʒ́a.412,phonetic,top,,,,
12-310-808-1,ruma1248,Rumai,1265,ʒ́a.412,phonetic,high,,,,
12-270-808-1,ruma1248,Rumai,602,khiuŋ.51,phonetic,"hide, conceal",,,,
12-250-808-1,ruma1248,Rumai,1046,beiʔ.55,phonetic,"shut, close",,,,
12-260-808-1,ruma1248,Rumai,761,təʔ.55 beiʔ.55,phonetic,cover,,,,
12-240-808-1,ruma1248,Rumai,1156,vəh.51,phonetic,open,,,,
12-232-808-1,ruma1248,Rumai,1119,kə.55 kâh.51,phonetic,divide,,,,
12-230-808-1,ruma1248,Rumai,1359,kə.55 mʌŋ.55,phonetic,separate,,,,
12-220-808-1,ruma1248,Rumai,1743,kə.55 tɨ.51,phonetic,"join, unite",,,,
12-213-808-1,ruma1248,Rumai,1576,kɔŋ.55,phonetic,pile up,,,,
12-212-808-1,ruma1248,Rumai,371,kʌp.55,phonetic,pick up,,,,
12-210-808-1,ruma1248,Rumai,7,khə.55 mo.55,phonetic,"collect, gather",,,,
12-170-808-1,ruma1248,Rumai,838,khlɨ.412,phonetic,"remains, left overs",,,,
12-160-808-1,ruma1248,Rumai,987,gɔi.412,phonetic,"remain, stay",,,,
12-150-808-1,ruma1248,Rumai,1442,ʒ́âŋ.51,phonetic,stand,,,,
12-140-808-1,ruma1248,Rumai,215,iʔ.55,phonetic,lie down,,,,
12-130-808-1,ruma1248,Rumai,1416,âk.55,phonetic,sit,,,,
12-120-808-1,ruma1248,Rumai,998,hap.55,phonetic,put,,,,
11-920-808-1,ruma1248,Rumai,1098,saʔ.55,phonetic,weigh,,,,
11-910-808-1,ruma1248,Rumai,884,kə.55 saŋ.412,phonetic,share (distribute),,,,
11-910-808-2,ruma1248,Rumai,884,kə.55 mʌŋ.55,phonetic,share (distribute),,,,
11-890-808-1,ruma1248,Rumai,1887,khiɔi.412,phonetic,cheap,,,,
11-880-808-1,ruma1248,Rumai,1426,ŋɔh.51,phonetic,"dear (costly, expensive)",,,,
11-870-808-1,ruma1248,Rumai,657,ŋɔh.51,phonetic,price,,,,
11-860-808-1,ruma1248,Rumai,752,sɛŋ.55,phonetic,"store, shop",,,,
11-850-808-1,ruma1248,Rumai,633,klah.51,phonetic,market (place),,,,
11-840-808-1,ruma1248,Rumai,1082,te.55 i.412 çan.51 lai.51,phonetic,merchant,,,,
11-830-808-1,ruma1248,Rumai,2135,çan.51 lai.51,phonetic,"trade, barter",,,,
11-820-808-1,ruma1248,Rumai,1571,jâŋ.51,phonetic,sell,,,,
11-810-808-1,ruma1248,Rumai,1869,ʒ́ɨh.51,phonetic,buy,,,,
11-790-808-1,ruma1248,Rumai,733,hâi.55,phonetic,earn,,,,
11-780-808-1,ruma1248,Rumai,1122,cen.55,phonetic,wages,,,,
11-770-808-1,ruma1248,Rumai,856,cen.55,phonetic,hire,,,,
11-690-808-1,ruma1248,Rumai,873,sui.55,phonetic,"tax, tribute",,,,
11-640-808-1,ruma1248,Rumai,1914,nhi.55,phonetic,debt,,,,
11-630-808-1,ruma1248,Rumai,369,kə.55 cha.55,phonetic,owe,,,,
11-620-808-1,ruma1248,Rumai,1823,kə.55 vai.412 lɛp.55,phonetic,borrow,,,,
11-620-808-2,ruma1248,Rumai,1823,kə.55 vai.412,phonetic,borrow,,,,
11-610-808-1,ruma1248,Rumai,582,kə.55 vai.412 leh.51,phonetic,lend,,,,
11-540-808-1,ruma1248,Rumai,1774,thi.55,phonetic,"avaricious, stingy",,,,
11-530-808-1,ruma1248,Rumai,1934,mo.55 phei.55,phonetic,beggar,,,,
11-520-808-1,ruma1248,Rumai,1674,phlan.412,phonetic,poor,,,,
11-510-808-1,ruma1248,Rumai,712,khiam.51,phonetic,rich,,,,
11-440-808-1,ruma1248,Rumai,1867,rɨn.412 pʌk.55,phonetic,coin,,,,
11-430-808-1,ruma1248,Rumai,1559,rɨn.412,phonetic,money,,,,
11-330-808-1,ruma1248,Rumai,1660,piɔh.51,phonetic,lose,,,,
11-320-808-1,ruma1248,Rumai,719,hâi.51 jɛu.412,phonetic,find,,,,
11-310-808-1,ruma1248,Rumai,1468,hâi.51,phonetic,"seek, look for",,,,
11-280-808-1,ruma1248,Rumai,44,çan.51 lhɛu.55,phonetic,"harm, injure, damage",,,,
11-250-808-1,ruma1248,Rumai,2008,ćiu.55,phonetic,"save, rescue",,,,
11-240-808-1,ruma1248,Rumai,1997,pai.55,phonetic,"preserve, look after",,,,
11-220-808-1,ruma1248,Rumai,85,viɛt.55,phonetic,give back,,,,
11-210-808-1,ruma1248,Rumai,1447,dʌh.51,phonetic,give,,,,
11-210-808-2,ruma1248,Rumai,1447,thɨ.412,phonetic,give,,,,
11-170-808-1,ruma1248,Rumai,1477,caŋ.55,phonetic,"keep, retain",,,,
11-160-808-1,ruma1248,Rumai,694,bən.412,phonetic,"get, obtain",,,,
11-150-808-1,ruma1248,Rumai,1448,kam.51,phonetic,hold,,,,
11-140-808-1,ruma1248,Rumai,2021,kam.51,phonetic,"seize, grasp",,,,
11-130-808-1,ruma1248,Rumai,1749,koŋ.51,phonetic,take,,,,
11-120-808-1,ruma1248,Rumai,684,mɛh.51,phonetic,"own, possess",,,,
11-110-808-1,ruma1248,Rumai,773,mɛh.51,phonetic,have,,,,
10-890-808-1,ruma1248,Rumai,1870,ʒ́âŋ.51,phonetic,anchor,,,,
10-831-808-1,ruma1248,Rumai,1970,pɛ.51,phonetic,canoe,,,,
10-810-808-1,ruma1248,Rumai,740,klɛ.51,phonetic,ship,,,,
10-760-808-1,ruma1248,Rumai,710,plɔi.412 mə.55 cɔ.55,phonetic,wheel,,,,
10-750-808-1,ruma1248,Rumai,122,mə.55 cɔ.55,phonetic,"carriage, wagon, cart",,,,
10-740-808-1,ruma1248,Rumai,1011,kə.55 pək.55,phonetic,bridge,,,,
10-720-808-1,ruma1248,Rumai,2252,dân.412 dɛʔ.55,phonetic,path,,,,
10-710-808-1,ruma1248,Rumai,667,dân.412,phonetic,road,,,,
10-660-808-1,ruma1248,Rumai,367,bâk.55,phonetic,ride,,,,
10-650-808-1,ruma1248,Rumai,741,pâ.51,phonetic,drive,,,,
10-640-808-1,ruma1248,Rumai,43,dɨi.412 dân.412,phonetic,lead (vb),,,,
10-615-808-1,ruma1248,Rumai,415,khə.55 nʌʔ.55,phonetic,carry-underarm,,,,
10-613-808-1,ruma1248,Rumai,413,gɔ.51,phonetic,carry-on-shoulder,,,,
10-613-808-2,ruma1248,Rumai,413,kə.55 joŋ.55,phonetic,carry-on-shoulder,,,,
10-612-808-1,ruma1248,Rumai,412,ʒ́ok.55,phonetic,carry-in-hand,,,,
10-610-808-1,ruma1248,Rumai,700,koŋ.51,phonetic,carry (bear),,,,
10-570-808-1,ruma1248,Rumai,749,lɛp.55,phonetic,enter,,,,
10-560-808-1,ruma1248,Rumai,1778,ne.55,phonetic,approach,,,,
10-550-808-1,ruma1248,Rumai,1387,câm.412,phonetic,"reach, arrive",,,,
10-530-808-1,ruma1248,Rumai,1047,khiuh.51,phonetic,pursue,,,,
10-520-808-1,ruma1248,Rumai,1085,tɔ.51,phonetic,follow,,,,
10-510-808-1,ruma1248,Rumai,956,dɛu.51,phonetic,flee,,,,
10-491-808-1,ruma1248,Rumai,485,kə.55 mâh.51,phonetic,disappear,,,,
10-481-808-1,ruma1248,Rumai,581,vi.51,phonetic,come back,,,,
10-480-808-1,ruma1248,Rumai,1446,dɛh.51,phonetic,come,,,,
10-474-808-1,ruma1248,Rumai,1107,leh.51 hau.51,phonetic,go out,,,,
10-473-808-1,ruma1248,Rumai,2014,leh.51,phonetic,go down,,,,
10-472-808-1,ruma1248,Rumai,1102,hok.55,phonetic,climb,,,,
10-470-808-1,ruma1248,Rumai,695,hau.412,phonetic,go,,,,
10-460-808-1,ruma1248,Rumai,1519,tə.55 buʔ.55,phonetic,run,,,,
10-450-808-1,ruma1248,Rumai,1443,hau.412,phonetic,walk,,,,
10-440-808-1,ruma1248,Rumai,1879,ka.55,phonetic,dance,,,,
10-431-808-1,ruma1248,Rumai,1135,plap.55,phonetic,kick,,,,
10-430-808-1,ruma1248,Rumai,1829,vʌn.55,phonetic,"jump, leap",,,,
10-413-808-1,ruma1248,Rumai,296,tən.55 ʒ́ɔi.55,phonetic,crouch,,,,
10-412-808-1,ruma1248,Rumai,66,tə.55 gui.51,phonetic,kneel,,,,
10-410-808-1,ruma1248,Rumai,96,mhə.412,phonetic,"creep, crawl",,,,
10-380-808-1,ruma1248,Rumai,175,pu.51,phonetic,blow,,,,
10-370-808-1,ruma1248,Rumai,1441,pɨ.55,phonetic,fly (vb),,,,
10-370-808-3,ruma1248,Rumai,1441,pɨ.51,phonetic,fly (vb),,,,
10-352-808-1,ruma1248,Rumai,365,khuh.51,phonetic,splash,,,,
10-350-808-1,ruma1248,Rumai,1439,mân.412 ɛm.51,phonetic,swim,,,,
10-330-808-1,ruma1248,Rumai,1088,ʒ́ɔh.51,phonetic,sink,,,,
10-320-808-1,ruma1248,Rumai,2003,lhai.51,phonetic,flow,,,,
10-260-808-1,ruma1248,Rumai,1909,rai.51,phonetic,shake,,,,
10-252-808-1,ruma1248,Rumai,702,nhiap.55,phonetic,catch (ball),,,,
10-250-808-1,ruma1248,Rumai,1456,phʌt.55,phonetic,throw,,,,
10-250-808-2,ruma1248,Rumai,1456,vɨn.55,phonetic,throw,,,,
10-240-808-1,ruma1248,Rumai,2253,ʒ́ɔh.51,phonetic,drip,,,,
10-230-808-1,ruma1248,Rumai,1280,ʒ́ɔh.51,phonetic,fall,,,,
10-220-808-1,ruma1248,Rumai,501,pleh.51,phonetic,"raise, lift",,,,
10-210-808-1,ruma1248,Rumai,568,leh.51,phonetic,rise,,,,
10-210-808-2,ruma1248,Rumai,568,hok.55,phonetic,rise,,,,
10-170-808-1,ruma1248,Rumai,430,kə.55 pâ.51,phonetic,twist,,,,
10-170-808-2,ruma1248,Rumai,430,vɔk.55,phonetic,twist,,,,
10-160-808-1,ruma1248,Rumai,808,ʒ́ɔh.51,phonetic,drop (vb),,,,
10-150-808-1,ruma1248,Rumai,827,kə.55 vio.51,phonetic,roll,,,,
10-140-808-1,ruma1248,Rumai,1113,te.51,phonetic,"wind, wrap",,,,
10-140-808-2,ruma1248,Rumai,1113,kə.55 pai.51,phonetic,"wind, wrap",,,,
10-130-808-1,ruma1248,Rumai,1445,kə.55 vin.55,phonetic,turn around,,,,
10-120-808-1,ruma1248,Rumai,1588,kə.55 plaʔ.55,phonetic,turn over,,,,
9-880-808-1,ruma1248,Rumai,647,khan.55,phonetic,paint (noun),,,,
9-810-808-1,ruma1248,Rumai,228,khiet.55,phonetic,carve,,,,
9-791-808-1,ruma1248,Rumai,360,jɛp.55,phonetic,fan (vb),,,,
9-790-808-1,ruma1248,Rumai,1971,la.55 jɛp.55,phonetic,fan (noun),,,,
9-780-808-1,ruma1248,Rumai,293,kə.55 bia.55,phonetic,netbag,,,,
9-760-808-1,ruma1248,Rumai,1539,saʔ.55 səm.412,phonetic,basket,,,,
9-750-808-1,ruma1248,Rumai,1729,thâk.55,phonetic,"weave, plait",,,,
9-750-808-2,ruma1248,Rumai,1729,tan.412,phonetic,"weave, plait",,,,
9-730-808-1,ruma1248,Rumai,1399,ʔoŋ.55,phonetic,clay,,,,
9-670-808-1,ruma1248,Rumai,621,lhʌk.55,phonetic,iron,,,,
9-660-808-1,ruma1248,Rumai,1825,mə.55 dɔŋ.412,phonetic,"copper, bronze",,,,
9-650-808-1,ruma1248,Rumai,759,rɨn.412,phonetic,silver,,,,
9-640-808-1,ruma1248,Rumai,1369,khi.412,phonetic,gold,,,,
9-600-808-1,ruma1248,Rumai,1001,te.55 i.412 çɛn.51 lhʌk.55,phonetic,"smith, blacksmith",,,,
9-560-808-1,ruma1248,Rumai,1069,kiau.55,phonetic,glue,,,,
9-500-808-1,ruma1248,Rumai,502,lhʌk.55 mə.55 na.412,phonetic,nail,,,,
9-490-808-1,ruma1248,Rumai,1481,tɔk.55,phonetic,hammer,,,,
9-480-808-1,ruma1248,Rumai,1948,lə.55,phonetic,saw,,,,
9-461-808-1,ruma1248,Rumai,46,lok.55,phonetic,hollow out,,,,
9-460-808-1,ruma1248,Rumai,1501,hɔi.55,phonetic,bore,,,,
9-440-808-1,ruma1248,Rumai,1840,dâ.51,phonetic,build,,,,
9-430-808-1,ruma1248,Rumai,1042,te.55 i.412 iə.55 pan.55,phonetic,carpenter,,,,
9-380-808-1,ruma1248,Rumai,245,lə.55 peh.51,phonetic,broom,,,,
9-360-808-1,ruma1248,Rumai,1453,khoi.51,phonetic,wash,,,,
9-360-808-2,ruma1248,Rumai,1453,lɛh.51,phonetic,wash,,,,
9-360-808-3,ruma1248,Rumai,1453,pai.412,phonetic,wash,,,,
9-370-808-1,ruma1248,Rumai,230,peh.51,phonetic,sweep,,,,
9-350-808-1,ruma1248,Rumai,1487,he.55,phonetic,pour,,,,
9-343-808-1,ruma1248,Rumai,1414,kə.55 viɛt.55,phonetic,"squeeze, wring",,,,
9-342-808-1,ruma1248,Rumai,1913,tʌk.55,phonetic,press,,,,
9-341-808-1,ruma1248,Rumai,357,fâk.55,phonetic,hang up,,,,
9-340-808-1,ruma1248,Rumai,38,nhɛ.51,phonetic,spread out,,,,
9-330-808-1,ruma1248,Rumai,1455,biəh.51,phonetic,pull,,,,
9-320-808-1,ruma1248,Rumai,214,nhɛ.51,phonetic,stretch,,,,
9-310-808-1,ruma1248,Rumai,1449,lɔi.412,phonetic,"rub, wipe",,,,
9-310-808-2,ruma1248,Rumai,1449,thuk.55 thek.55,phonetic,"rub, wipe",,,,
9-290-808-1,ruma1248,Rumai,291,le.55 hu.51,phonetic,"flay, skin",,,,
9-280-808-1,ruma1248,Rumai,1735,le.55,phonetic,tear,,,,
9-280-808-2,ruma1248,Rumai,1735,biəh.51,phonetic,tear,,,,
9-261-808-1,ruma1248,Rumai,588,kə.55 lah.51,phonetic,broken,,,,
9-260-808-1,ruma1248,Rumai,680,kə.55 pak.55,phonetic,break,,,,
9-250-808-1,ruma1248,Rumai,677,khlan.55,phonetic,ax,,,,
9-240-808-1,ruma1248,Rumai,356,lə.55 kiɛp.55,phonetic,"scissors, shears",,,,
9-230-808-1,ruma1248,Rumai,1352,bo.51,phonetic,knife,,,,
9-223-808-1,ruma1248,Rumai,1434,biuh.51,phonetic,stab,,,,
9-222-808-1,ruma1248,Rumai,155,koh.51,phonetic,"chop, hew",,,,
9-221-808-1,ruma1248,Rumai,355,koh.51,phonetic,cut down,,,,
9-220-808-1,ruma1248,Rumai,1432,so.51,phonetic,cut,,,,
9-220-808-2,ruma1248,Rumai,1432,koh.51,phonetic,cut,,,,
9-210-808-1,ruma1248,Rumai,2133,ŋai.55,phonetic,"strike (hit, beat)",,,,
9-210-808-2,ruma1248,Rumai,2133,kə.55 ŋai.55,phonetic,"strike (hit, beat)",,,,
9-190-808-1,ruma1248,Rumai,1218,vai.51,phonetic,"rope, cord",,,,
9-180-808-1,ruma1248,Rumai,1627,vai.51 lhʌk.55,phonetic,chain,,,,
9-161-808-1,ruma1248,Rumai,352,kâh.51,phonetic,untie,,,,
9-160-808-1,ruma1248,Rumai,1917,bak.55,phonetic,"tie, bind",,,,
9-150-808-1,ruma1248,Rumai,1470,trɛp.55,phonetic,fold,,,,
9-140-808-1,ruma1248,Rumai,2004,kɔk.55,phonetic,bend,,,,
9-140-808-2,ruma1248,Rumai,2004,mu.51,phonetic,bend,,,,
9-110-808-1,ruma1248,Rumai,2575,çan.51,phonetic,"do, make",,,,
9-110-808-3,ruma1248,Rumai,2575,xan.51,phonetic,"do, make",,,,
8-980-808-1,ruma1248,Rumai,641,tih.51,phonetic,mushroom,,,,
8-941-808-1,ruma1248,Rumai,146,ŋə.55 mai.412,phonetic,sugar cane,,,,
8-940-808-1,ruma1248,Rumai,1927,rhaŋ.51,phonetic,bamboo,,,,
8-931-808-1,ruma1248,Rumai,864,klon.412,phonetic,"pumpkin, squash",,,,
8-930-808-1,ruma1248,Rumai,411,plɔi.412 kə.55 pɛu.55,phonetic,gourd,,,,
8-910-808-1,ruma1248,Rumai,159,saŋ.55 phoʔ.55,phonetic,sweet potato,,,,
8-850-808-1,ruma1248,Rumai,346,taŋ.51 tə.55 roŋ.51,phonetic,banyan,,,,
8-840-808-1,ruma1248,Rumai,868,taŋ.51 klɔi.412,phonetic,banana tree,,,,
8-750-808-1,ruma1248,Rumai,1204,gâk.55 hâi.412,phonetic,bark,,,,
8-730-808-1,ruma1248,Rumai,344,kə.55 taŋ.51 hâi.412,phonetic,tree trunk,,,,
8-691-808-1,ruma1248,Rumai,1124,klok.55 nhia.55,phonetic,pipe,,,,
8-690-808-1,ruma1248,Rumai,1689,ńhiɔ.51,phonetic,smoke (tobacco),,,,
8-680-808-1,ruma1248,Rumai,974,ńhia.55,phonetic,tobacco,,,,
8-670-808-1,ruma1248,Rumai,343,vai.51 piɛi.51,phonetic,vine,,,,
8-640-808-1,ruma1248,Rumai,1740,taŋ.51 pʌk.55,phonetic,pine,,,,
8-600-808-1,ruma1248,Rumai,906,taŋ.51 hâi.412,phonetic,tree,,,,
8-570-808-1,ruma1248,Rumai,239,poh.51,phonetic,flower,,,,
8-560-808-1,ruma1248,Rumai,628,lha.412,phonetic,leaf,,,,
8-550-808-1,ruma1248,Rumai,1531,kram.412,phonetic,branch,,,,
8-540-808-1,ruma1248,Rumai,670,rəh.51,phonetic,root,,,,
8-531-808-1,ruma1248,Rumai,1486,sɔm.55,phonetic,plant (vb),,,,
8-510-808-1,ruma1248,Rumai,606,bat.55,phonetic,grass,,,,
8-470-808-1,ruma1248,Rumai,506,khu.55 khɛ.55,phonetic,"maize, corn",,,,
8-430-808-1,ruma1248,Rumai,1077,taŋ.55 mʌn.55,phonetic,wheat,,,,
8-440-808-1,ruma1248,Rumai,932,taŋ.55 mʌn.55,phonetic,barley,,,,
8-420-808-1,ruma1248,Rumai,605,ŋhiɔ.51,phonetic,"grain (barley, oats etc)",,,,
8-340-808-1,ruma1248,Rumai,285,nâh.51 ŋhiɔ.51,phonetic,thresh,,,,
8-340-808-2,ruma1248,Rumai,285,jiɛp.55,phonetic,thresh,,,,
8-330-808-1,ruma1248,Rumai,2132,lə.55 vai.51,phonetic,"sickle, scythe",,,,
8-320-808-1,ruma1248,Rumai,190,sok.55,phonetic,"mow, reap",,,,
8-311-808-1,ruma1248,Rumai,714,kə.55 aŋ.412,phonetic,seed,,,,
8-310-808-1,ruma1248,Rumai,748,sɔm.55,phonetic,sow,,,,
8-270-808-1,ruma1248,Rumai,338,la.55 fə.55,phonetic,rake,,,,
8-250-808-1,ruma1248,Rumai,284,la.55 khɔ.55,phonetic,hoe,,,,
8-240-808-1,ruma1248,Rumai,1901,ki.51,phonetic,shovel,,,,
8-212-808-1,ruma1248,Rumai,1794,thai.51 rɔŋ.55,phonetic,furrow,,,,
8-220-808-1,ruma1248,Rumai,1418,lok.55,phonetic,dig,,,,
8-210-808-1,ruma1248,Rumai,1921,thai.51,phonetic,plow,,,,
8-170-808-1,ruma1248,Rumai,2002,ɛm.51 rɔŋ.55,phonetic,ditch,,,,
8-160-808-1,ruma1248,Rumai,1690,kɨn.55,phonetic,fence,,,,
8-150-808-1,ruma1248,Rumai,1541,sɔm.55,phonetic,"cultivate, till",,,,
8-130-808-1,ruma1248,Rumai,586,loŋ.51 tɛn.412,phonetic,garden,,,,
8-120-808-1,ruma1248,Rumai,212,na.412,phonetic,field (for cultivation),,,,
8-110-808-1,ruma1248,Rumai,979,te.55 i.412 sɔm.55 na.412,phonetic,farmer,,,,
7-640-808-1,ruma1248,Rumai,901,cuan.55,phonetic,adobe,,,,
7-620-808-1,ruma1248,Rumai,1006,cuan.55,phonetic,brick,,,,
7-610-808-1,ruma1248,Rumai,877,te.55 i.412 pə.55 tuh.51 klun.55 mau.412,phonetic,mason,,,,
7-570-808-1,ruma1248,Rumai,1227,tɛ.55 pʌn.55,phonetic,board,,,,
7-560-808-1,ruma1248,Rumai,281,pai.51,phonetic,"post, pole",,,,
7-530-808-1,ruma1248,Rumai,280,pʌ.412,phonetic,ridgepole,,,,
7-510-808-1,ruma1248,Rumai,769,tɛŋ.51 khlɛp.55,phonetic,roof,,,,
7-480-808-1,ruma1248,Rumai,205,klɛ.51,phonetic,trough,,,,
7-470-808-1,ruma1248,Rumai,745,tə.55 pʌn.55,phonetic,shelf,,,,
7-460-808-1,ruma1248,Rumai,1273,ŋai.51 si.55 mi.412,phonetic,candle,,,,
7-450-808-1,ruma1248,Rumai,2131,ŋai.51,phonetic,"lamp, torch",,,,
7-440-808-1,ruma1248,Rumai,1775,phən.55,phonetic,table,,,,
7-430-808-1,ruma1248,Rumai,1476,tə.55 nâŋ.55,phonetic,chair,,,,
7-422-808-1,ruma1248,Rumai,806,hɛp.55 kə.55 lâ.51,phonetic,blanket,,,,
7-421-808-1,ruma1248,Rumai,1044,mhân.51,phonetic,pillow,,,,
7-420-808-1,ruma1248,Rumai,1663,ku.55,phonetic,bed,,,,
7-370-808-1,ruma1248,Rumai,1464,dɛn.412,phonetic,ladder,,,,
7-330-808-1,ruma1248,Rumai,1305,tɔ.55 ŋai.51,phonetic,chimney,,,,
7-320-808-1,ruma1248,Rumai,859,ŋai.51 klo.51,phonetic,stove,,,,
7-270-808-1,ruma1248,Rumai,933,rɛn.412,phonetic,wall,,,,
7-250-808-1,ruma1248,Rumai,1375,ma.55 ploh.51 dɛʔ.55,phonetic,window,,,,
7-240-808-1,ruma1248,Rumai,1472,kak.55 sɔ.412,phonetic,key,,,,
7-231-808-1,ruma1248,Rumai,1012,khât.55 ma.55 ploh.51,phonetic,"latch, door-bolt",,,,
7-230-808-1,ruma1248,Rumai,1596,sɔ.412,phonetic,lock (noun),,,,
7-210-808-1,ruma1248,Rumai,1450,hɔŋ.55,phonetic,room,,,,
7-220-808-1,ruma1248,Rumai,1567,ma.55 ploh.51,phonetic,"door, gate",,,,
7-170-808-1,ruma1248,Rumai,334,lok.55,phonetic,cookhouse,,,,
7-150-808-1,ruma1248,Rumai,736,klaʔ.55,phonetic,"yard, court",,,,
7-131-808-1,ruma1248,Rumai,403,theŋ.55,phonetic,garden-house,,,,
7-130-808-1,ruma1248,Rumai,1678,theŋ.55,phonetic,hut,,,,
7-120-808-1,ruma1248,Rumai,1252,khlɛp.55,phonetic,house,,,,
7-110-808-1,ruma1248,Rumai,363,gɔi.412,phonetic,"dwell, live",,,,
6-960-808-1,ruma1248,Rumai,1171,câm.55,phonetic,mirror,,,,
6-950-808-1,ruma1248,Rumai,788,si.55 pia.55,phonetic,soap,,,,
6-930-808-1,ruma1248,Rumai,151,lə.55 ka.51,phonetic,razor,,,,
6-921-808-1,ruma1248,Rumai,333,tɔn.51,phonetic,braid,,,,
6-920-808-1,ruma1248,Rumai,1821,lə.55 ju.55,phonetic,brush,,,,
6-910-808-1,ruma1248,Rumai,1475,nah.51,phonetic,comb,,,,
6-820-808-1,ruma1248,Rumai,1021,pə.55 ćɛt.55,phonetic,towel,,,,
6-810-808-1,ruma1248,Rumai,332,pə.55 ćɛt.55,phonetic,"handkerchief, rag",,,,
6-790-808-1,ruma1248,Rumai,68,sam.51,phonetic,tattoo,,,,
6-780-808-1,ruma1248,Rumai,330,kə.55 mɛ.51,phonetic,"headband, headdress",,,,
6-770-808-1,ruma1248,Rumai,770,toŋ.55 tɛŋ.55,phonetic,earring,,,,
6-770-808-2,ruma1248,Rumai,770,plei.55,phonetic,earring,,,,
6-760-808-1,ruma1248,Rumai,1860,sʌŋ.55,phonetic,bead,,,,
6-740-808-1,ruma1248,Rumai,1754,kioŋ.51,phonetic,bracelet,,,,
6-730-808-1,ruma1248,Rumai,1374,sʌŋ.55 kə.55 nu.412,phonetic,ring (for finger),,,,
6-720-808-1,ruma1248,Rumai,1029,sʌŋ.55,phonetic,jewel,,,,
6-620-808-1,ruma1248,Rumai,757,plɔi.412 kə.55 piok.55,phonetic,button,,,,
6-610-808-1,ruma1248,Rumai,1851,kə.55 piau.412,phonetic,pocket,,,,
6-610-808-2,ruma1248,Rumai,1851,ʒ́an.55,phonetic,pocket,,,,
6-590-808-1,ruma1248,Rumai,1151,kə.55 mɛ.51,phonetic,veil,,,,
6-580-808-1,ruma1248,Rumai,867,va.55 tai.51,phonetic,glove,,,,
6-570-808-1,ruma1248,Rumai,772,si.55 kiɔ.51,phonetic,"belt, girdle",,,,
6-550-808-1,ruma1248,Rumai,2130,mhok.55,phonetic,"hat, cap",,,,
6-510-808-1,ruma1248,Rumai,1381,kə.55 tin.51,phonetic,shoe,,,,
6-490-808-1,ruma1248,Rumai,329,va.55,phonetic,"stocking, sock",,,,
6-480-808-1,ruma1248,Rumai,809,si.55 la.412,phonetic,trousers,,,,
6-460-808-1,ruma1248,Rumai,1600,ten.55,phonetic,skirt,,,,
6-460-808-2,ruma1248,Rumai,1600,klaŋ.412,phonetic,skirt,,,,
6-450-808-1,ruma1248,Rumai,2012,khə.55 mɛn.412 kə.55 piok.55,phonetic,collar,,,,
6-440-808-1,ruma1248,Rumai,1622,kə.55 piok.55,phonetic,shirt,,,,
6-430-808-1,ruma1248,Rumai,603,kə.55 piok.55,phonetic,coat,,,,
6-420-808-1,ruma1248,Rumai,474,ten.55 poŋ.55 biaŋ.55,phonetic,woman's dress,,,,
6-390-808-1,ruma1248,Rumai,157,pəŋ.55 ran.412,phonetic,dye,,,,
6-380-808-1,ruma1248,Rumai,1161,sân.412,phonetic,thread,,,,
6-360-808-1,ruma1248,Rumai,1382,pəŋ.51 lat.55,phonetic,needle,,,,
6-370-808-1,ruma1248,Rumai,278,klaŋ.51,phonetic,awl,,,,
6-350-808-1,ruma1248,Rumai,1457,ʒ́iɛn.51,phonetic,sew,,,,
6-340-808-1,ruma1248,Rumai,1787,pəŋ.55 lâh.51,phonetic,loom,,,,
6-330-808-1,ruma1248,Rumai,133,thâk.55,phonetic,weave,,,,
6-320-808-1,ruma1248,Rumai,277,cak.55,phonetic,spindle,,,,
6-310-808-1,ruma1248,Rumai,121,xan.51 lai.55,phonetic,spin,,,,
6-310-808-2,ruma1248,Rumai,121,thâk.55 lai.55,phonetic,spin,,,,
6-290-808-1,ruma1248,Rumai,629,hu.412,phonetic,leather,,,,
6-250-808-1,ruma1248,Rumai,1641,lai.55,phonetic,silk,,,,
6-240-808-1,ruma1248,Rumai,1850,nhun.55,phonetic,cotton,,,,
6-220-808-1,ruma1248,Rumai,964,hək.55,phonetic,wool,,,,
6-210-808-1,ruma1248,Rumai,1616,tâk.55,phonetic,cloth,,,,
6-130-808-1,ruma1248,Rumai,881,te.55 i.412 çɛn.51 kə.55 piok.55,phonetic,tailor,,,,
6-120-808-1,ruma1248,Rumai,1895,kə.55 piok.55,phonetic,"clothing, clothes",,,,
6-110-808-1,ruma1248,Rumai,158,hɛp.55,phonetic,put on (clothes),,,,
5-971-808-1,ruma1248,Rumai,1556,bən.412 ir.51 tân.51,phonetic,egg yolk,,,,
5-970-808-1,ruma1248,Rumai,744,bən.412,phonetic,egg,,,,
5-940-808-1,ruma1248,Rumai,404,ɛm.51 bâh.51,phonetic,fermented drink,,,,
5-930-808-1,ruma1248,Rumai,1639,ɛm.51 bâh.51,phonetic,beer,,,,
5-920-808-1,ruma1248,Rumai,1524,ɛm.51 bâh.51,phonetic,wine,,,,
5-900-808-1,ruma1248,Rumai,731,pəŋ.55 coŋ.412,phonetic,"beverage, drink",,,,
5-870-808-1,ruma1248,Rumai,93,piɔi.51,phonetic,milk (vb),,,,
5-850-808-1,ruma1248,Rumai,862,sɛ.51 ŋam.412,phonetic,sugar,,,,
5-860-808-1,ruma1248,Rumai,635,ɛm.51 bu.412,phonetic,milk (noun),,,,
5-840-808-1,ruma1248,Rumai,942,ŋam.412 phiə.51,phonetic,honey,,,,
5-810-808-1,ruma1248,Rumai,1274,sɛ.51,phonetic,salt,,,,
5-791-808-1,ruma1248,Rumai,323,pioŋ.51,phonetic,"grease, fat",,,,
5-790-808-1,ruma1248,Rumai,1484,pioŋ.51,phonetic,oil,,,,
5-780-808-1,ruma1248,Rumai,1154,pom.55 mai.55,phonetic,olive,,,,
5-712-808-1,ruma1248,Rumai,1966,kə.55 pa.412,phonetic,bunch,,,,
5-710-808-1,ruma1248,Rumai,1507,plɔi.412,phonetic,fruit,,,,
5-660-808-1,ruma1248,Rumai,832,tho.55 bai.412,phonetic,bean,,,,
5-650-808-1,ruma1248,Rumai,924,tɛu.412,phonetic,vegetables,,,,
5-640-808-1,ruma1248,Rumai,1547,ɛm.51 jaŋ.51,phonetic,"soup, broth",,,,
5-630-808-1,ruma1248,Rumai,1874,saŋ.55 vat.55,phonetic,sausage,,,,
5-610-808-1,ruma1248,Rumai,634,jaŋ.51,phonetic,meat,,,,
5-590-808-1,ruma1248,Rumai,225,pai.51,phonetic,pestle,,,,
5-580-808-1,ruma1248,Rumai,224,khiɔk.55,phonetic,mortar (2),,,,
5-570-808-1,ruma1248,Rumai,636,cak.55 gi.51,phonetic,mill,,,,
5-560-808-1,ruma1248,Rumai,1033,gi.51,phonetic,"crush, grind",,,,
5-550-808-1,ruma1248,Rumai,1594,kə.55 baʔ.55,phonetic,"meal, flour",,,,
5-540-808-1,ruma1248,Rumai,274,nuɔt.55,phonetic,knead,,,,
5-530-808-1,ruma1248,Rumai,273,kə.55 baʔ.55,phonetic,dough,,,,
5-490-808-1,ruma1248,Rumai,2017,kə.55 vai.55,phonetic,"stir, mix",,,,
5-480-808-1,ruma1248,Rumai,1767,khiet.55,phonetic,scrape,,,,
5-470-808-1,ruma1248,Rumai,86,ram.412,phonetic,"sieve, strain",,,,
5-460-808-1,ruma1248,Rumai,275,bla.51,phonetic,peel,,,,
5-450-808-1,ruma1248,Rumai,1833,pom.51 â.51,phonetic,supper,,,,
5-450-808-2,ruma1248,Rumai,1833,pom.55 mhɛu.412,phonetic,supper,,,,
5-430-808-1,ruma1248,Rumai,768,pom.51 si.55 ŋai.51,phonetic,lunch,,,,
5-420-808-1,ruma1248,Rumai,1322,pom.51 ńie.412,phonetic,breakfast,,,,
5-410-808-1,ruma1248,Rumai,1526,pom.51,phonetic,meal (a),,,,
5-391-808-1,ruma1248,Rumai,272,lə.55 gip.55,phonetic,tongs,,,,
5-390-808-1,ruma1248,Rumai,1302,lə.55 cɔk.55,phonetic,fork (2),,,,
5-380-808-1,ruma1248,Rumai,1352,bo.51,phonetic,knife (2),,,,
5-370-808-1,ruma1248,Rumai,1378,cɔ.412,phonetic,spoon,,,,
5-360-808-1,ruma1248,Rumai,271,phɛŋ.55,phonetic,saucer,,,,
5-350-808-1,ruma1248,Rumai,476,kə.55 lɔk.55,phonetic,"cup, drinking vessel",,,,
5-330-808-1,ruma1248,Rumai,1530,si.55 lɛ.51,phonetic,bowl,,,,
5-340-808-1,ruma1248,Rumai,270,ɛm.51 kra.412,phonetic,"pitcher, jug",,,,
5-320-808-1,ruma1248,Rumai,480,si.55 lɛ.51 phɛŋ.55,phonetic,plate,,,,
5-280-808-1,ruma1248,Rumai,31,mə.55 khaŋ.51,phonetic,pan,,,,
5-260-808-1,ruma1248,Rumai,1462,klok.55,phonetic,"pot, cooking vessel",,,,
5-270-808-1,ruma1248,Rumai,854,ɛm.51 kə.55 rai.412,phonetic,kettle,,,,
5-240-808-1,ruma1248,Rumai,183,va.51,phonetic,bake,,,,
5-250-808-1,ruma1248,Rumai,1143,ŋai.51 plâ.51,phonetic,oven,,,,
5-230-808-1,ruma1248,Rumai,2146,kho.55,phonetic,"roast, fry",,,,
5-220-808-1,ruma1248,Rumai,792,ɛm.51 taŋ.51,phonetic,boil (vb),,,,
5-210-808-1,ruma1248,Rumai,1100,taŋ.51,phonetic,cook,,,,
5-190-808-1,ruma1248,Rumai,129,nak.55,phonetic,choke,,,,
5-181-808-1,ruma1248,Rumai,897,mɛn.51,phonetic,swallow,,,,
5-180-808-1,ruma1248,Rumai,321,bam.55,phonetic,chew,,,,
5-160-808-1,ruma1248,Rumai,1421,ńiɨk.55,phonetic,suck,,,,
5-150-808-1,ruma1248,Rumai,848,kə.55 bian.412 ɛm.51,phonetic,thirst,,,,
5-140-808-1,ruma1248,Rumai,1864,la.55 haŋ.412,phonetic,hunger,,,,
5-130-808-1,ruma1248,Rumai,1401,coŋ.51,phonetic,drink,,,,
5-125-808-1,ruma1248,Rumai,1728,am.51,phonetic,rotten,,,,
5-124-808-1,ruma1248,Rumai,1958,i.55 im.412,phonetic,"green, unripe",,,,
5-123-808-1,ruma1248,Rumai,178,sin.51,phonetic,ripe,,,,
5-123-808-3,ruma1248,Rumai,178,sin.412,phonetic,ripe,,,,
5-122-808-1,ruma1248,Rumai,1959,im.412,phonetic,raw,,,,
5-121-808-1,ruma1248,Rumai,269,sin.412,phonetic,cooked,,,,
5-120-808-1,ruma1248,Rumai,256,pəŋ.55 hom.51,phonetic,food,,,,
5-110-808-1,ruma1248,Rumai,1336,hom.51,phonetic,eat,,,,
5-110-808-2,ruma1248,Rumai,1336,ha.51,phonetic,eat,,,,
4-990-808-1,ruma1248,Rumai,590,lon.55 glon.55,phonetic,"naked, bare",,,,
4-970-808-1,ruma1248,Rumai,1653,ŋai.412 â.51,phonetic,blind,,,,
4-980-808-1,ruma1248,Rumai,1463,mâu.51,phonetic,intoxicated,,,,
4-960-808-1,ruma1248,Rumai,1666,u.51 si.55 ma.412 kiɔh.51,phonetic,mute,,,,
4-950-808-1,ruma1248,Rumai,996,kə.55 au.412,phonetic,deaf,,,,
4-930-808-1,ruma1248,Rumai,1125,kan.51 klaŋ.55,phonetic,bald,,,,
4-940-808-1,ruma1248,Rumai,320,kɛʔ.55,phonetic,lame,,,,
4-920-808-1,ruma1248,Rumai,1564,gla.412,phonetic,lazy,,,,
4-912-808-1,ruma1248,Rumai,168,lhɛu.412,phonetic,rest,,,,
4-910-808-1,ruma1248,Rumai,1757,mɔi.55,phonetic,"tired, weary",,,,
4-890-808-1,ruma1248,Rumai,655,tuʔ.55,phonetic,poison,,,,
4-880-808-1,ruma1248,Rumai,1372,si.55 nam.51,phonetic,"medicine, drug",,,,
4-870-808-1,ruma1248,Rumai,597,si.55 ra.55,phonetic,physician,,,,
4-860-808-1,ruma1248,Rumai,499,si.55 nam.51,phonetic,"cure, heal",,,,
4-858-808-1,ruma1248,Rumai,497,bɔn.412,phonetic,scar,,,,
4-857-808-1,ruma1248,Rumai,1808,kə.55 tɛn.51,phonetic,pus,,,,
4-856-808-1,ruma1248,Rumai,793,ńhiau.412,phonetic,boil (noun),,,,
4-855-808-1,ruma1248,Rumai,1584,phop.55 ɛm.51 moŋ.55,phonetic,blister,,,,
4-854-808-1,ruma1248,Rumai,148,âh.51,phonetic,itch,,,,
4-854-808-2,ruma1248,Rumai,148,si.55 tu.412,phonetic,itch,,,,
4-853-808-1,ruma1248,Rumai,1903,moŋ.55,phonetic,swelling,,,,
4-852-808-1,ruma1248,Rumai,1148,niɨ.412,phonetic,bruise,,,,
4-850-808-1,ruma1248,Rumai,1109,bɔn.412,phonetic,"wound, sore",,,,
4-843-808-1,ruma1248,Rumai,102,jɔk.55 kâ.51,phonetic,cold (catarrh),,,,
4-842-808-1,ruma1248,Rumai,1957,khə.55 mɛŋ.412 pɛp.55,phonetic,goiter,,,,
4-841-808-1,ruma1248,Rumai,1534,kan.55 mhai.55,phonetic,fever,,,,
4-840-808-1,ruma1248,Rumai,1847,sɛu.412,phonetic,"sick, sickness",,,,
4-830-808-1,ruma1248,Rumai,1364,khɛm.55 sa.55,phonetic,"well, health",,,,
4-820-808-1,ruma1248,Rumai,1601,ńaʔ.55,phonetic,weak,,,,
4-810-808-1,ruma1248,Rumai,785,mɛh.51 blɔm.412,phonetic,"strong, mighty, powerful",,,,
4-790-808-1,ruma1248,Rumai,1773,pheu.412,phonetic,"grave, tomb",,,,
4-780-808-1,ruma1248,Rumai,1719,ti.51,phonetic,bury (the dead),,,,
4-770-808-1,ruma1248,Rumai,767,to.51 jâm.412,phonetic,corpse,,,,
4-760-808-1,ruma1248,Rumai,1417,koh.51,phonetic,kill,,,,
4-760-808-2,ruma1248,Rumai,1417,ŋai.55,phonetic,kill,,,,
4-751-808-1,ruma1248,Rumai,1904,thəm.55 jâm.412,phonetic,drowned,,,,
4-750-808-1,ruma1248,Rumai,1494,jâm.412,phonetic,"die, dead",,,,
4-740-808-1,ruma1248,Rumai,1422,im.412,phonetic,"live, living, life",,,,
4-732-808-1,ruma1248,Rumai,1087,chok.55,phonetic,conceive,,,,
4-730-808-1,ruma1248,Rumai,1123,chok.55,phonetic,pregnant,,,,
4-720-808-1,ruma1248,Rumai,1090,kɨt.55,phonetic,born (to be),,,,
4-710-808-1,ruma1248,Rumai,1152,piɛh.51,phonetic,beget (of father),,,,
4-690-808-1,ruma1248,Rumai,138,mân.412 ɛm.51,phonetic,bathe,,,,
4-680-808-1,ruma1248,Rumai,52,jie.55 jɛh.55,phonetic,shiver,,,,
4-670-808-1,ruma1248,Rumai,1785,kə.55 ɛʔ.55,phonetic,have sexual intercourse,,,,
4-660-808-1,ruma1248,Rumai,676,iuŋ.51,phonetic,defecate,,,,
4-650-808-1,ruma1248,Rumai,592,cho.412,phonetic,urinate,,,,
4-640-808-1,ruma1248,Rumai,1159,pham.51,phonetic,break wind,,,,
4-630-808-1,ruma1248,Rumai,1602,kə.55 sɛh.51,phonetic,wake up,,,,
4-620-808-1,ruma1248,Rumai,1920,pau.412,phonetic,dream,,,,
4-610-808-1,ruma1248,Rumai,1585,iʔ.55,phonetic,sleep,,,,
4-591-808-1,ruma1248,Rumai,268,leh.55 ɛm.51 aŋ.412,phonetic,dribble,,,,
4-590-808-1,ruma1248,Rumai,319,jɛt.55,phonetic,lick,,,,
4-580-808-1,ruma1248,Rumai,1403,gâk.55,phonetic,bite,,,,
4-570-808-1,ruma1248,Rumai,1278,hə.412,phonetic,vomit,,,,
4-560-808-1,ruma1248,Rumai,1440,khak.55,phonetic,spit,,,,
4-550-808-1,ruma1248,Rumai,126,piuh.55 ɛm.51 kə.55 phɛm.51,phonetic,perspire,,,,
4-540-808-1,ruma1248,Rumai,1621,a.55 ćhi.51,phonetic,sneeze,,,,
4-530-808-1,ruma1248,Rumai,879,kə.55 ʔɔk.55,phonetic,cough,,,,
4-521-808-1,ruma1248,Rumai,162,kəʔ.55 ʔəʔ.55,phonetic,hiccough,,,,
4-520-808-1,ruma1248,Rumai,1028,ńhiai.51,phonetic,"yawn, gape",,,,
4-510-808-1,ruma1248,Rumai,1407,toh.51 phɛm.51,phonetic,"breathe, breath",,,,
4-490-808-1,ruma1248,Rumai,797,a.55 vɔi.55,phonetic,testicle,,,,
4-464-808-1,ruma1248,Rumai,834,sə.55 boŋ.51,phonetic,buttocks,,,,
4-463-808-1,ruma1248,Rumai,1745,sə.55 boŋ.51,phonetic,hip,,,,
4-462-808-1,ruma1248,Rumai,1681,ńɔi.51,phonetic,waist,,,,
4-461-808-1,ruma1248,Rumai,1991,san.55 vat.55,phonetic,"intestines, guts",,,,
4-460-808-1,ruma1248,Rumai,819,kə.55 piau.412 pom.51,phonetic,stomach,,,,
4-450-808-1,ruma1248,Rumai,1224,kə.55 tɔm.412,phonetic,liver,,,,
4-450-808-3,ruma1248,Rumai,1224,kə.55 tɔm.51,phonetic,liver,,,,
4-441-808-1,ruma1248,Rumai,688,phə.55 phau.55,phonetic,lung,,,,
4-440-808-1,ruma1248,Rumai,1223,nɔh.51,phonetic,heart,,,,
4-430-808-1,ruma1248,Rumai,1838,kə.55 dɛn.55 moŋ.55,phonetic,navel,,,,
4-410-808-1,ruma1248,Rumai,1402,bu.412,phonetic,breast (of woman),,,,
4-400-808-1,ruma1248,Rumai,1592,kɛn.51 nɔh.51,phonetic,chest,,,,
4-392-808-1,ruma1248,Rumai,1257,phiuŋ.51,phonetic,wing,,,,
4-380-808-1,ruma1248,Rumai,1389,kə.55 nu.412 ʒ́ân.51,phonetic,toe,,,,
4-374-808-1,ruma1248,Rumai,318,bɔn.412 ʒ́ân.51,phonetic,footprint,,,,
4-371-808-1,ruma1248,Rumai,803,ʒ́ân.51 koŋ.55 kʌk.55,phonetic,ankle,,,,
4-370-808-1,ruma1248,Rumai,1301,ʒ́ân.51,phonetic,foot,,,,
4-360-808-1,ruma1248,Rumai,1371,kən.55 giuŋ.51,phonetic,knee,,,,
4-352-808-1,ruma1248,Rumai,498,plɛu.51 dɛʔ.5,phonetic,calf of leg,,,,
4-351-808-1,ruma1248,Rumai,800,plɛu.51,phonetic,thigh,,,,
4-350-808-1,ruma1248,Rumai,1297,plɛu.51,phonetic,leg,,,,
4-344-808-1,ruma1248,Rumai,1258,khim.412,phonetic,fingernail,,,,
4-342-808-1,ruma1248,Rumai,1781,kə.55 nu.412 ma.412,phonetic,thumb,,,,
4-340-808-1,ruma1248,Rumai,1303,si.55 nu.412,phonetic,finger,,,,
4-340-808-2,ruma1248,Rumai,1303,kə.55 nu.412 tai.51,phonetic,finger,,,,
4-331-808-1,ruma1248,Rumai,1183,kə.55 pa.55 tai.51,phonetic,palm of hand,,,,
4-330-808-1,ruma1248,Rumai,1277,tai.51,phonetic,hand,,,,
4-330-808-3,ruma1248,Rumai,1277,tai.412,phonetic,hand,,,,
4-321-808-1,ruma1248,Rumai,799,tai.51,phonetic,wrist,,,,
4-321-808-3,ruma1248,Rumai,799,tai.412,phonetic,wrist,,,,
4-312-808-1,ruma1248,Rumai,1886,kə.55 dɔk.55 lɛ.412,phonetic,armpit,,,,
4-310-808-1,ruma1248,Rumai,1673,bâ.51 tai.51,phonetic,arm,,,,
4-301-808-1,ruma1248,Rumai,172,kə.55 aŋ.412 jaʔ.55,phonetic,shoulderblade,,,,
4-300-808-1,ruma1248,Rumai,1482,jaʔ.55,phonetic,shoulder,,,,
4-290-808-1,ruma1248,Rumai,1346,khə.55 mɛn.412,phonetic,throat,,,,
4-281-808-1,ruma1248,Rumai,1347,khə.55 mɛn.412 lə.55 bân.412,phonetic,nape of neck,,,,
4-280-808-1,ruma1248,Rumai,1333,khə.55 mɛn.412,phonetic,neck,,,,
4-270-808-1,ruma1248,Rumai,1380,rhaŋ.412,phonetic,tooth,,,,
4-271-808-1,ruma1248,Rumai,139,rhaŋ.412 saŋ.412,phonetic,gums,,,,
4-271-808-2,ruma1248,Rumai,139,nhai.51,phonetic,gums,,,,
4-260-808-1,ruma1248,Rumai,1205,si.55 ta.51,phonetic,tongue,,,,
4-250-808-1,ruma1248,Rumai,478,moi.51,phonetic,lip,,,,
4-241-808-1,ruma1248,Rumai,73,sim.412 moi.51,phonetic,beak,,,,
4-240-808-1,ruma1248,Rumai,674,moi.51,phonetic,mouth,,,,
4-232-808-1,ruma1248,Rumai,208,ɛm.51 kə.55 doŋ.55 muh.51,phonetic,mucus (nasal),,,,
4-231-808-1,ruma1248,Rumai,1178,kə.55 tɛu.412 kə.55 doŋ.55 muh.51,phonetic,nostril,,,,
4-230-808-1,ruma1248,Rumai,1221,kə.55 doŋ.55 muh.51,phonetic,nose,,,,
4-222-808-1,ruma1248,Rumai,32,iuŋ.51 chok.55,phonetic,earwax,,,,
4-221-808-1,ruma1248,Rumai,18,chok.55,phonetic,earlobe,,,,
4-220-808-1,ruma1248,Rumai,1247,chok.55,phonetic,ear,,,,
4-215-808-1,ruma1248,Rumai,1655,kə.55 cah.51,phonetic,blink,,,,
4-214-808-1,ruma1248,Rumai,1540,hək.55 ŋai.412,phonetic,eyelash,,,,
4-213-808-1,ruma1248,Rumai,17,hu.55 ŋai.412,phonetic,eyelid,,,,
4-212-808-1,ruma1248,Rumai,1173,hək.55 ŋai.412,phonetic,eyebrow,,,,
4-210-808-1,ruma1248,Rumai,1248,ŋai.412,phonetic,eye,,,,
4-209-808-1,ruma1248,Rumai,1510,tə.55 gɔi.55,phonetic,chin,,,,
4-205-808-1,ruma1248,Rumai,123,kə.55 dâh.51,phonetic,forehead,,,,
4-207-808-1,ruma1248,Rumai,798,kla.412,phonetic,jaw,,,,
4-204-808-1,ruma1248,Rumai,1560,ŋai.412,phonetic,face,,,,
4-203-808-1,ruma1248,Rumai,1583,hɛ.51,phonetic,brain,,,,
4-200-808-1,ruma1248,Rumai,1256,kɛn.55,phonetic,head,,,,
4-190-808-1,ruma1248,Rumai,1291,kə.55 duʔ.55,phonetic,back,,,,
4-180-808-1,ruma1248,Rumai,1220,si.55 ta.412,phonetic,tail,,,,
4-170-808-1,ruma1248,Rumai,1393,nəŋ.51,phonetic,horn,,,,
4-162-808-1,ruma1248,Rumai,801,kə.55 aŋ.412 kɛn.51 nɔh.51,phonetic,rib,,,,
4-160-808-1,ruma1248,Rumai,1394,kə.55 aŋ.412,phonetic,bone,,,,
4-150-808-1,ruma1248,Rumai,946,nham.412,phonetic,blood,,,,
4-145-808-1,ruma1248,Rumai,36,hək.55 bei.55,phonetic,pubic hair,,,,
4-144-808-1,ruma1248,Rumai,189,hək.55,phonetic,body hair,,,,
4-142-808-1,ruma1248,Rumai,678,hək.55 moi.51,phonetic,beard,,,,
4-140-808-1,ruma1248,Rumai,1040,hək.55 kɛn.51,phonetic,hair (head),,,,
4-130-808-1,ruma1248,Rumai,2259,jaŋ.51,phonetic,flesh,,,,
4-120-808-1,ruma1248,Rumai,763,hu.51,phonetic,"skin, hide",,,,
4-110-808-1,ruma1248,Rumai,1480,to.412,phonetic,body,,,,
3-980-808-1,ruma1248,Rumai,112,tau.55,phonetic,turtle,,,,
3-980-808-3,ruma1248,Rumai,112,tau.51,phonetic,turtle,,,,
3-960-808-1,ruma1248,Rumai,632,vaʔ.55 piat.55,phonetic,lizard,,,,
3-950-808-1,ruma1248,Rumai,503,a.55 rok.55,phonetic,frog,,,,
3-920-808-1,ruma1248,Rumai,1791,klaʔ.55,phonetic,butterfly,,,,
3-850-808-1,ruma1248,Rumai,730,han.51,phonetic,snake,,,,
3-832-808-1,ruma1248,Rumai,1509,si.55 ho.55,phonetic,mosquito,,,,
3-830-808-1,ruma1248,Rumai,1504,rɔi.412,phonetic,fly,,,,
3-823-808-1,ruma1248,Rumai,1517,ɛŋ.412,phonetic,wasp,,,,
3-820-808-1,ruma1248,Rumai,665,phiə.51,phonetic,bee,,,,
3-820-808-3,ruma1248,Rumai,665,phiə.412,phonetic,bee,,,,
3-819-808-1,ruma1248,Rumai,1065,kə.55 bia.55 a.55 ven.412,phonetic,spider web,,,,
3-818-808-1,ruma1248,Rumai,843,a.55 ven.412,phonetic,spider,,,,
3-817-808-1,ruma1248,Rumai,587,biun.51,phonetic,ant,,,,
3-814-808-1,ruma1248,Rumai,1974,vaʔ.55 kə.55 sah.55 tʌh.51,phonetic,centipede,,,,
3-813-808-1,ruma1248,Rumai,232,khiɛ.55,phonetic,flea,,,,
3-813-808-2,ruma1248,Rumai,232,si.55 cɨ.412,phonetic,flea,,,,
3-812-808-1,ruma1248,Rumai,267,bən.412 saiʔ.55,phonetic,nit (louse egg),,,,
3-811-808-1,ruma1248,Rumai,1392,kə.55 piɛn.412,phonetic,louse,,,,
3-811-808-2,ruma1248,Rumai,1392,saiʔ.55,phonetic,louse,,,,
3-810-808-1,ruma1248,Rumai,620,vaʔ.55,phonetic,insect,,,,
3-770-808-1,ruma1248,Rumai,1290,saŋ.412,phonetic,elephant,,,,
3-760-808-1,ruma1248,Rumai,1350,fa.412,phonetic,monkey,,,,
3-740-808-1,ruma1248,Rumai,1312,phei.51,phonetic,fox,,,,
3-720-808-1,ruma1248,Rumai,1386,kiaŋ.55 si.55,phonetic,lion,,,,
3-710-808-1,ruma1248,Rumai,522,piok.55,phonetic,wolf,,,,
3-665-808-1,ruma1248,Rumai,1013,ka.412 kiɛn.51,phonetic,freshwater eel,,,,
3-655-808-1,ruma1248,Rumai,598,ʌp.55,phonetic,shell,,,,
3-653-808-1,ruma1248,Rumai,266,ka.412 khʌp.55,phonetic,fishscale,,,,
3-650-808-1,ruma1248,Rumai,227,ka.412,phonetic,fish,,,,
3-630-808-1,ruma1248,Rumai,2139,nhai.412,phonetic,"mouse, rat",,,,
3-620-808-1,ruma1248,Rumai,1208,a.55 ŋiau.55,phonetic,cat,,,,
3-614-808-1,ruma1248,Rumai,1136,pəŋ.55 tai.412,phonetic,rabbit,,,,
3-610-808-1,ruma1248,Rumai,2009,sau.51,phonetic,dog,,,,
3-596-808-1,ruma1248,Rumai,735,ma.55 khu.55 ńiau.412,phonetic,owl,,,,
3-596-808-2,ruma1248,Rumai,735,a.55 khu.55 ńiau.412,phonetic,owl,,,,
3-593-808-1,ruma1248,Rumai,913,kə.55 ʔa.51,phonetic,crow,,,,
3-592-808-1,ruma1248,Rumai,882,a.55 kheu.55,phonetic,parrot,,,,
3-591-808-1,ruma1248,Rumai,1793,kə.55 tɔ.51,phonetic,bat,,,,
3-585-808-1,ruma1248,Rumai,307,kə.55 a.55 moŋ.412,phonetic,hawk,,,,
3-581-808-1,ruma1248,Rumai,937,sim.412,phonetic,bird,,,,
3-580-808-1,ruma1248,Rumai,539,kə.55 pɛm.412,phonetic,nest,,,,
3-570-808-1,ruma1248,Rumai,1360,pɛt.55,phonetic,duck,,,,
3-560-808-1,ruma1248,Rumai,1187,han.55,phonetic,goose,,,,
3-550-808-1,ruma1248,Rumai,1318,iə.51,phonetic,chicken,,,,
3-540-808-1,ruma1248,Rumai,1514,iə.51 kə.55 ma.412,phonetic,hen,,,,
3-520-808-1,ruma1248,Rumai,1511,iə.51 kə.55 loŋ.51,phonetic,"cock, rooster",,,,
3-470-808-1,ruma1248,Rumai,890,caʔ.55,phonetic,mule,,,,
3-500-808-1,ruma1248,Rumai,265,pəŋ.55 choŋ.51 pəŋ.55 khlɛp.55,phonetic,fowl,,,,
3-460-808-1,ruma1248,Rumai,1862,li.55,phonetic,"ass, donkey",,,,
3-450-808-1,ruma1248,Rumai,1647,kɔn.51 bioŋ.51 kə.55 loŋ.51,phonetic,"foal, colt",,,,
3-450-808-2,ruma1248,Rumai,1647,kɔn.51 biâŋ.51 kə.55 ma.412,phonetic,"foal, colt",,,,
3-440-808-1,ruma1248,Rumai,938,biâŋ.51 kə.55 ma.412,phonetic,mare,,,,
3-420-808-1,ruma1248,Rumai,936,biâŋ.51 kə.55 loŋ.51,phonetic,stallion,,,,
3-410-808-1,ruma1248,Rumai,615,biâŋ.51,phonetic,horse (equine),,,,
3-380-808-1,ruma1248,Rumai,1972,kɔn.51 bʌ.412,phonetic,kid,,,,
3-370-808-1,ruma1248,Rumai,264,bʌ.412 kə.55 loŋ.51,phonetic,he-goat,,,,
3-360-808-1,ruma1248,Rumai,1502,bʌ.412,phonetic,goat,,,,
3-350-808-1,ruma1248,Rumai,1337,lâi.51,phonetic,pig,,,,
3-340-808-1,ruma1248,Rumai,1351,lâi.51 kə.55 ma.412,phonetic,sow (2),,,,
3-320-808-1,ruma1248,Rumai,1348,lâi.51 kə.55 loŋ.51,phonetic,boar,,,,
3-290-808-1,ruma1248,Rumai,820,bʌ.412,phonetic,lamb,,,,
3-280-808-1,ruma1248,Rumai,1345,bʌ.412 kə.55 ma.412,phonetic,ewe,,,,
3-260-808-1,ruma1248,Rumai,1344,bʌ.412 kə.55 loŋ.51,phonetic,ram,,,,
3-250-808-1,ruma1248,Rumai,1331,bʌ.412,phonetic,sheep,,,,
3-240-808-1,ruma1248,Rumai,1989,mak.55 dɛʔ.55,phonetic,calf,,,,
3-230-808-1,ruma1248,Rumai,1007,mak.55 kə.55 ma.412,phonetic,cow,,,,
3-220-808-1,ruma1248,Rumai,1169,mak.55,phonetic,ox,,,,
3-210-808-1,ruma1248,Rumai,1008,kiaʔ.55 kə.55 loŋ.412,phonetic,bull,,,,
3-190-808-1,ruma1248,Rumai,851,kə.55 bɛm.55 biâŋ.412,phonetic,"stable, stall",,,,
3-160-808-1,ruma1248,Rumai,649,kə.55 tai.412 bat.55,phonetic,pasture,,,,
3-150-808-1,ruma1248,Rumai,631,pəŋ.55 choŋ.51,phonetic,livestock,,,,
3-130-808-1,ruma1248,Rumai,2262,kə.55 ma.412,phonetic,female (adj),,,,
3-120-808-1,ruma1248,Rumai,2261,kə.55 loŋ.51,phonetic,male (adj),,,,
3-110-808-1,ruma1248,Rumai,619,to.55 sat.55,phonetic,animal,,,,
2-960-808-1,ruma1248,Rumai,817,kʌ.412,phonetic,they,,,,
2-950-808-1,ruma1248,Rumai,1213,pʌ.412,phonetic,you (plural),,,,
2-942-808-1,ruma1248,Rumai,1130,je.412,phonetic,we (exclusive),,,,
2-941-808-1,ruma1248,Rumai,1131,ɛ.412,phonetic,we (inclusive),,,,
2-940-808-1,ruma1248,Rumai,1212,je.412,phonetic,we,,,,
2-930-808-1,ruma1248,Rumai,262,an.51,phonetic,he/she/it,,,,
2-920-808-1,ruma1248,Rumai,1215,mai.51,phonetic,you (singular),,,,
2-910-808-1,ruma1248,Rumai,1209,au.51,phonetic,I,,,,
2-820-808-1,ruma1248,Rumai,194,khlɛp.55,phonetic,family,,,,
2-810-808-1,ruma1248,Rumai,1644,pei.55 va.412,phonetic,"relatives, kinsmen",,,,
2-770-808-1,ruma1248,Rumai,1981,ta.55 kə.55 mai.412,phonetic,widower,,,,
2-760-808-1,ruma1248,Rumai,1756,ja.55 kə.55 mai.412,phonetic,widow,,,,
2-750-808-1,ruma1248,Rumai,1149,kɔn.51 tu.55 khaʔ.55,phonetic,orphan,,,,
2-740-808-1,ruma1248,Rumai,1058,kɔn.51 plut.55,phonetic,stepdaughter,,,,
2-730-808-1,ruma1248,Rumai,1059,kɔn.51 plut.55,phonetic,stepson,,,,
2-720-808-1,ruma1248,Rumai,236,ma.55 plut.55,phonetic,stepmother,,,,
2-710-808-1,ruma1248,Rumai,237,kun.55 plut.55,phonetic,stepfather,,,,
2-640-808-1,ruma1248,Rumai,2265,pei.412,phonetic,daughter-in-law (of a man),,,,
2-630-808-1,ruma1248,Rumai,2267,khəi.55,phonetic,son-in-law (of a man),,,,
2-621-808-1,ruma1248,Rumai,2257,ma.55,phonetic,mother-in-law (of a woman),,,,
2-620-808-1,ruma1248,Rumai,2256,ma.55,phonetic,mother-in-law (of a man),,,,
2-611-808-1,ruma1248,Rumai,2254,kun.55,phonetic,father-in-law (of a woman),,,,
2-610-808-1,ruma1248,Rumai,2255,kun.55,phonetic,father-in-law (of a man),,,,
2-570-808-1,ruma1248,Rumai,490,lhan.55,phonetic,descendants,,,,
2-560-808-1,ruma1248,Rumai,1669,ʒ́o.55 ta.55 ʒ́o.55 ja.55,phonetic,ancestors,,,,
2-522-808-1,ruma1248,Rumai,170,kan.55,phonetic,father's sister,,,,
2-520-808-1,ruma1248,Rumai,1272,ma.55 diaŋ.412,phonetic,aunt,,,,
2-512-808-1,ruma1248,Rumai,1985,kun.55 diaŋ.412,phonetic,father's brother,,,,
2-511-808-1,ruma1248,Rumai,1984,pɛu.55,phonetic,mother's brother,,,,
2-480-808-1,ruma1248,Rumai,1618,lhan.55 i.55 mai.412,phonetic,grandson,,,,
2-490-808-1,ruma1248,Rumai,1619,lhan.55,phonetic,granddaughter,,,,
2-471-808-1,ruma1248,Rumai,907,ja.55 gâ.51,phonetic,old woman,,,,
2-470-808-1,ruma1248,Rumai,1496,ja.55,phonetic,grandmother,,,,
2-461-808-1,ruma1248,Rumai,406,ta.55 gâ.51,phonetic,old man,,,,
2-460-808-1,ruma1248,Rumai,1383,ta.55,phonetic,grandfather,,,,
2-458-808-1,ruma1248,Rumai,1005,kɔn.51 fa.55,phonetic,twins,,,,
2-456-808-1,ruma1248,Rumai,1640,pei.55 pei.55 va.412 va.412,phonetic,sibling,,,,
2-455-808-1,ruma1248,Rumai,1761,va.412 i.55 pan.51,phonetic,younger sister,,,,
2-454-808-1,ruma1248,Rumai,1758,pei.55,phonetic,older sister,,,,
2-450-808-1,ruma1248,Rumai,1263,pei.55 va.412,phonetic,sister,,,,
2-445-808-1,ruma1248,Rumai,1760,va.412 i.51 mai.412,phonetic,younger brother,,,,
2-444-808-1,ruma1248,Rumai,1759,cai.412,phonetic,older brother,,,,
2-440-808-1,ruma1248,Rumai,1262,cai.412 va.412,phonetic,brother,,,,
2-430-808-1,ruma1248,Rumai,1801,lhan.55,phonetic,offspring (son or daughter),,,,
2-420-808-1,ruma1248,Rumai,1357,kɔn.51 i.55 pan.51,phonetic,daughter,,,,
2-410-808-1,ruma1248,Rumai,1620,kɔn.51 i.55 mai.412,phonetic,son,,,,
2-390-808-1,ruma1248,Rumai,426,ja.412,phonetic,married woman,,,,
2-380-808-1,ruma1248,Rumai,424,ta.412,phonetic,married man,,,,
2-370-808-1,ruma1248,Rumai,505,kun.55 ma.55,phonetic,parents,,,,
2-350-808-1,ruma1248,Rumai,1217,kun.55,phonetic,father,,,,
2-341-808-1,ruma1248,Rumai,1134,kə.55 kâh.51,phonetic,divorce,,,,
2-341-808-2,ruma1248,Rumai,1134,kə.55 vun.55,phonetic,divorce,,,,
2-330-808-1,ruma1248,Rumai,203,khâ.51,phonetic,marry,,,,
2-320-808-1,ruma1248,Rumai,1199,ja.412,phonetic,wife,,,,
2-320-808-3,ruma1248,Rumai,1199,ja.51,phonetic,wife,,,,
2-310-808-1,ruma1248,Rumai,1200,ta.412,phonetic,husband,,,,
2-310-808-3,ruma1248,Rumai,1200,ta.51,phonetic,husband,,,,
2-280-808-1,ruma1248,Rumai,1289,kɔn.51,phonetic,"infant, baby",,,,
2-270-808-1,ruma1248,Rumai,1304,kɔn.51 dɛʔ.55,phonetic,child,,,,
2-261-808-1,ruma1248,Rumai,77,i.55 loi.412,phonetic,young woman (adolescent),,,,
2-260-808-1,ruma1248,Rumai,1646,i.55 loi.412,phonetic,girl,,,,
2-251-808-1,ruma1248,Rumai,76,mau.55,phonetic,young man (adolescent),,,,
2-250-808-1,ruma1248,Rumai,1366,kɔn.51 i.55 mai.412,phonetic,boy,,,,
2-240-808-1,ruma1248,Rumai,1551,i.55 pan.51,phonetic,female,,,,
2-230-808-1,ruma1248,Rumai,1553,i.55 mai.412,phonetic,male,,,,
2-220-808-1,ruma1248,Rumai,962,i.55 pan.51,phonetic,woman,,,,
2-210-808-1,ruma1248,Rumai,1554,i.55 mai.412,phonetic,man (vs. woman),,,,
2-100-808-1,ruma1248,Rumai,683,te.55 i.412,phonetic,"person, human being",,,,
1-890-808-1,ruma1248,Rumai,1188,kə.55 sâh.51,phonetic,charcoal,,,,
1-880-808-1,ruma1248,Rumai,10,hɔi.412,phonetic,firewood,,,,
1-870-808-1,ruma1248,Rumai,1133,pə.55 khiet.55,phonetic,match (noun),,,,
1-861-808-1,ruma1248,Rumai,127,jâ.51 ŋai.51,phonetic,extinguish,,,,
1-860-808-1,ruma1248,Rumai,737,tok.55 ŋai.51,phonetic,"light, kindle, ignite",,,,
1-852-808-1,ruma1248,Rumai,1428,lan.412,phonetic,burn (vb intrans),,,,
1-851-808-1,ruma1248,Rumai,141,tok.55,phonetic,burn (vb trans),,,,
1-841-808-1,ruma1248,Rumai,67,ŋai.55 khlɨ.412,phonetic,embers,,,,
1-840-808-1,ruma1248,Rumai,646,kə.55 faŋ.412,phonetic,ashes,,,,
1-830-808-1,ruma1248,Rumai,778,tak.55 ŋai.51,phonetic,smoke (noun),,,,
1-810-808-1,ruma1248,Rumai,221,ŋai.51,phonetic,fire,,,,
1-780-808-1,ruma1248,Rumai,952,biɛi.51,phonetic,weather,,,,
1-770-808-1,ruma1248,Rumai,617,la.55 ta.51,phonetic,ice,,,,
1-760-808-1,ruma1248,Rumai,784,la.55 ta.51,phonetic,snow (noun),,,,
1-750-808-1,ruma1248,Rumai,658,klai.412,phonetic,rain (noun),,,,
1-740-808-1,ruma1248,Rumai,249,ʔuʔ.55 tâ n.55,phonetic,fog,,,,
1-720-808-1,ruma1248,Rumai,960,khu.412,phonetic,wind,,,,
1-730-808-1,ruma1248,Rumai,1489,ʔuʔ.55,phonetic,cloud,,,,
1-710-808-1,ruma1248,Rumai,27,həi.412,phonetic,air,,,,
1-710-808-3,ruma1248,Rumai,27,həi.51,phonetic,air,,,,
1-640-808-1,ruma1248,Rumai,1977,ɛm.51 lə.55 ŋa.412,phonetic,dew,,,,
1-630-808-1,ruma1248,Rumai,1388,gɔ.55,phonetic,"shade, shadow",,,,
1-620-808-1,ruma1248,Rumai,11,â.51,phonetic,darkness,,,,
1-610-808-1,ruma1248,Rumai,630,tə.55 ɛh.51 si.55 ŋai.51,phonetic,light (noun),,,,
1-560-808-1,ruma1248,Rumai,1150,ka.55 sa.55 tʌh.51,phonetic,thunder,,,,
1-570-808-1,ruma1248,Rumai,2007,puŋ.55 plɔi.51,phonetic,lightning (as striking),,,,
1-550-808-1,ruma1248,Rumai,1654,puŋ.55 plɔi.51,phonetic,lightning,,,,
1-540-808-1,ruma1248,Rumai,1430,lau.55,phonetic,star,,,,
1-530-808-1,ruma1248,Rumai,1313,pə.55 kiɨ.412,phonetic,moon,,,,
1-520-808-1,ruma1248,Rumai,1343,si.55 ŋai.51,phonetic,sun,,,,
1-510-808-1,ruma1248,Rumai,1732,plân.412,phonetic,sky,,,,
1-450-808-1,ruma1248,Rumai,6,iŋ.55 sân.55,phonetic,earthquake,,,,
1-440-808-1,ruma1248,Rumai,2125,mau.412,phonetic,"stone, rock",,,,
1-430-808-1,ruma1248,Rumai,1803,hâi.412 lu.412,phonetic,wood,,,,
1-420-808-1,ruma1248,Rumai,906,taŋ.55 hâi.412,phonetic,tree (cf 08.600),,,,
1-410-808-1,ruma1248,Rumai,420,loŋ.55,phonetic,"woods, forest",,,,
1-390-808-1,ruma1248,Rumai,943,ʔɛm.51 tat.55,phonetic,waterfall,,,,
1-380-808-1,ruma1248,Rumai,1145,ʔɛm.51 kə.55 ba.412,phonetic,swamp,,,,
1-370-808-1,ruma1248,Rumai,2144,ʔɛm.51 khoŋ.51,phonetic,"spring, well",,,,
1-370-808-2,ruma1248,Rumai,2144,ʔɛm.51 kə.55 tuh.51,phonetic,"spring, well",,,,
1-362-808-1,ruma1248,Rumai,1982,ʔɛm.51 kə.55 pâ.51,phonetic,whirlpool,,,,
1-360-808-1,ruma1248,Rumai,666,ʔɛm.51 lə.55 lɛŋ.412,phonetic,"river, stream, brook",,,,
1-330-808-1,ruma1248,Rumai,624,ʔɛm.51 diaŋ.412,phonetic,lake,,,,
1-329-808-1,ruma1248,Rumai,645,ʔɛm.51 diaŋ.412,phonetic,ocean,,,,
1-324-808-1,ruma1248,Rumai,1768,ʔɛm.51 kə.55 pia.55,phonetic,foam,,,,
1-324-808-2,ruma1248,Rumai,1768,ʔɛm.51 puh.51,phonetic,foam,,,,
1-320-808-1,ruma1248,Rumai,1474,ʔɛm.51 diaŋ.412,phonetic,sea,,,,
1-310-808-1,ruma1248,Rumai,948,ʔɛm.51,phonetic,water,,,,
1-280-808-1,ruma1248,Rumai,1155,kə.55 tɛu.412,phonetic,cave,,,,
1-240-808-1,ruma1248,Rumai,921,kə.55 doh.51,phonetic,valley,,,,
1-230-808-1,ruma1248,Rumai,652,pə.55 na.412,phonetic,"plain, field",,,,
1-222-808-1,ruma1248,Rumai,618,lə.55 aŋ.412,phonetic,"cliff, precipice",,,,
1-220-808-1,ruma1248,Rumai,2118,gɔŋ.51,phonetic,"mountain, hill",,,,
1-214-808-1,ruma1248,Rumai,640,ʔoŋ.55,phonetic,mud,,,,
1-215-808-1,ruma1248,Rumai,671,khai.51,phonetic,sand,,,,
1-213-808-1,ruma1248,Rumai,2,kə.55 puh.51,phonetic,dust,,,,
1-212-808-1,ruma1248,Rumai,1228,kə.55 tai.412,phonetic,"earth=ground, soil",,,,
1-210-808-1,ruma1248,Rumai,626,kə.55 tai.412,phonetic,"earth, land",,,,
1-100-808-1,ruma1248,Rumai,965,məŋ.55 kun.51,phonetic,world,,,,
14-330-808-1,ruma1248,Rumai,1544,mɛn.55 tə.55 caŋ.412,phonetic,sometimes,,,,
14-331-808-1,ruma1248,Rumai,703,ńhiɛn.55 kɛu.412,phonetic,soon,,,,
14-340-808-1,ruma1248,Rumai,1656,tuan.55 mɛh.51,phonetic,never,,,,
14-350-808-1,ruma1248,Rumai,204,bo.51,phonetic,again,,,,
14-350-808-2,ruma1248,Rumai,204,u.55 bɔk.55,phonetic,again,,,,
14-410-808-1,ruma1248,Rumai,1225,khai.55 si.55 ŋai.51,phonetic,day,,,,
14-410-808-2,ruma1248,Rumai,1225,kə.55 daʔ.55 si.55 ŋai.51,phonetic,day,,,,
14-420-808-1,ruma1248,Rumai,1233,kə.55 daʔ.55 sɛn.412,phonetic,night,,,,
14-420-808-2,ruma1248,Rumai,1233,khə.55 sɛm.412,phonetic,night,,,,
14-440-808-1,ruma1248,Rumai,1339,khə.55 ńie.412,phonetic,morning,,,,
14-451-808-1,ruma1248,Rumai,1807,khai.55 ʔâ.51,phonetic,afternoon,,,,
14-451-808-2,ruma1248,Rumai,1807,pen.55 ʔâ.51,phonetic,afternoon,,,,
14-460-808-1,ruma1248,Rumai,1629,khə.55 sɛm.412,phonetic,evening,,,,
14-470-808-1,ruma1248,Rumai,1283,n.55 dih.51,phonetic,today,,,,
14-480-808-1,ruma1248,Rumai,1329,nhie.412,phonetic,tomorrow,,,,
14-481-808-1,ruma1248,Rumai,1179,kɛu.412,phonetic,day-after-tomorrow,,,,
14-490-808-1,ruma1248,Rumai,1174,mhɛu.412,phonetic,yesterday,,,,
14-491-808-1,ruma1248,Rumai,1180,dɨi.412,phonetic,day-before-yesterday,,,,
14-510-808-1,ruma1248,Rumai,1353,nə.55 ri.55,phonetic,hour,,,,
14-530-808-1,ruma1248,Rumai,1323,nə.55 ri.55,phonetic,"clock, timepiece",,,,
14-610-808-1,ruma1248,Rumai,1469,siŋ.55 khi.55,phonetic,week,,,,
14-620-808-1,ruma1248,Rumai,1699,siŋ.55 khi.55 thɛn.55,phonetic,Sunday,,,,
14-630-808-1,ruma1248,Rumai,1697,siŋ.55 khi.55 ji.55,phonetic,Monday,,,,
14-640-808-1,ruma1248,Rumai,1695,siŋ.55 khi.55 ə.55,phonetic,Tuesday,,,,
14-650-808-1,ruma1248,Rumai,1694,siŋ.55 khi.55 san.55,phonetic,Wednesday,,,,
14-660-808-1,ruma1248,Rumai,1693,siŋ.55 khi.55 si.55,phonetic,Thursday,,,,
14-670-808-1,ruma1248,Rumai,1692,siŋ.55 khi.55 vuʔ.55,phonetic,Friday,,,,
14-680-808-1,ruma1248,Rumai,1700,siŋ.55 khi.55 luʔ.55,phonetic,Saturday,,,,
14-710-808-1,ruma1248,Rumai,1370,pə.55 kiɨ.412,phonetic,month,,,,
14-710-808-2,ruma1248,Rumai,1370,lən.55,phonetic,month,,,,
14-730-808-1,ruma1248,Rumai,1226,si.55 nam.51,phonetic,year,,,,
14-740-808-1,ruma1248,Rumai,1471,mə.55 kâ.51,phonetic,winter,,,,
14-760-808-1,ruma1248,Rumai,1342,mə.55 mhai.55,phonetic,summer,,,,
14-780-808-1,ruma1248,Rumai,691,mə.55,phonetic,season,,,,
15-210-808-1,ruma1248,Rumai,1587,uh.51,phonetic,smell (vb intrans),,,,
15-212-808-1,ruma1248,Rumai,375,uh.51,phonetic,sniff,,,,
15-220-808-1,ruma1248,Rumai,1586,uh.51,phonetic,smell (vb trans),,,,
15-250-808-1,ruma1248,Rumai,376,uh.51 nhiu.412,phonetic,"fragrant, good smelling",,,,
15-260-808-1,ruma1248,Rumai,42,uh.51,phonetic,"stinking, bad smelling",,,,
15-350-808-1,ruma1248,Rumai,717,ŋam.412,phonetic,sweet,,,,
15-360-808-1,ruma1248,Rumai,1091,sɛ.51 sâŋ.51,phonetic,salty,,,,
15-370-808-1,ruma1248,Rumai,887,sâŋ.51,phonetic,bitter,,,,
15-380-808-1,ruma1248,Rumai,1906,biaŋ.412,phonetic,"acid, sour",,,,
15-390-808-1,ruma1248,Rumai,70,an.51 u.55 si.55 ŋʌh.51,phonetic,brackish,,,,
15-410-808-1,ruma1248,Rumai,1408,tə.55 ŋiau.412 cɔ.55,phonetic,hear,,,,
15-420-808-1,ruma1248,Rumai,1608,tə.55 ŋiau.412,phonetic,listen,,,,
15-440-808-1,ruma1248,Rumai,1811,hâm.51,phonetic,"sound, noise",,,,
15-450-808-1,ruma1248,Rumai,377,hâm.51 diaŋ.412,phonetic,loud,,,,
15-460-808-1,ruma1248,Rumai,1314,jien.55,phonetic,"quiet, silence",,,,
15-510-808-1,ruma1248,Rumai,1409,təh.51 cɔ.55,phonetic,see,,,,
15-520-808-1,ruma1248,Rumai,1819,təh.51,phonetic,"look, look at",,,,
15-550-808-1,ruma1248,Rumai,1039,dɛh.51 təh.51,phonetic,show,,,,
15-570-808-1,ruma1248,Rumai,679,plaŋ.55,phonetic,bright,,,,
15-610-808-1,ruma1248,Rumai,1613,jan.55 səʔ.55,phonetic,color,,,,
15-620-808-1,ruma1248,Rumai,250,dɛʔ.55,phonetic,light (in color),,,,
15-630-808-1,ruma1248,Rumai,706,diaŋ.412,phonetic,dark (in color),,,,
15-640-808-1,ruma1248,Rumai,1335,lui.55,phonetic,white,,,,
15-640-808-3,ruma1248,Rumai,1335,lui.51,phonetic,white,,,,
15-650-808-1,ruma1248,Rumai,163,voŋ.51,phonetic,black,,,,
15-660-808-1,ruma1248,Rumai,156,ron.55,phonetic,red,,,,
15-670-808-1,ruma1248,Rumai,837,laʔ.55,phonetic,blue,,,,
15-680-808-1,ruma1248,Rumai,1425,niɨ.55,phonetic,green,,,,
15-690-808-1,ruma1248,Rumai,1424,tân.55,phonetic,yellow,,,,
15-710-808-1,ruma1248,Rumai,1892,kə.55 bap.55,phonetic,touch,,,,
15-712-808-1,ruma1248,Rumai,378,ńiɛt.55,phonetic,pinch,,,,
15-712-808-2,ruma1248,Rumai,378,kə.55 viɛt.55,phonetic,pinch,,,,
15-720-808-1,ruma1248,Rumai,1079,kam.51,phonetic,feel,,,,
15-740-808-1,ruma1248,Rumai,1884,kʌn.55,phonetic,hard,,,,
15-750-808-1,ruma1248,Rumai,1856,ńiaʔ.55,phonetic,soft,,,,
15-760-808-1,ruma1248,Rumai,1923,khaʔ.55,phonetic,rough,,,,
15-770-808-1,ruma1248,Rumai,1234,ləm.55,phonetic,smooth,,,,
15-780-808-1,ruma1248,Rumai,1396,lâm.412,phonetic,sharp,,,,
15-790-808-1,ruma1248,Rumai,379,blɔi.412,phonetic,"blunt, dull",,,,
15-810-808-1,ruma1248,Rumai,1210,ʒ́ân.412,phonetic,heavy,,,,
15-820-808-1,ruma1248,Rumai,1052,ʒ́ə.55,phonetic,light (in weight),,,,
15-830-808-1,ruma1248,Rumai,1726,jɨk.55,phonetic,"wet, damp",,,,
15-840-808-1,ruma1248,Rumai,1398,khɔh.51,phonetic,dry,,,,
15-850-808-1,ruma1248,Rumai,1286,mhai.55,phonetic,hot,,,,
15-851-808-1,ruma1248,Rumai,1232,sə.55 ʔun.412,phonetic,warm,,,,
15-860-808-1,ruma1248,Rumai,1287,kâ.51,phonetic,cold,,,,
15-860-808-2,ruma1248,Rumai,1287,kok.55,phonetic,cold,,,,
15-870-808-1,ruma1248,Rumai,704,mho.51,phonetic,clean,,,,
15-880-808-1,ruma1248,Rumai,1230,ke.55 ʔih.51,phonetic,"dirty, soiled",,,,
16-110-808-1,ruma1248,Rumai,53,kə.55 biɔ.412,phonetic,"soul, spirit",,,,
16-230-808-1,ruma1248,Rumai,1495,piɔ.55,phonetic,"joyful, glad, happy",,,,
16-230-808-2,ruma1248,Rumai,1495,khoi.412,phonetic,"joyful, glad, happy",,,,
16-250-808-1,ruma1248,Rumai,1355,kə.55 ńiah.51,phonetic,laugh,,,,
16-260-808-1,ruma1248,Rumai,1413,kə.55 nok.55,phonetic,play,,,,
16-270-808-1,ruma1248,Rumai,923,kiək.55,phonetic,love,,,,
16-290-808-1,ruma1248,Rumai,578,uh.51,phonetic,kiss,,,,
16-300-808-1,ruma1248,Rumai,928,kə.55 kiâ.51,phonetic,embrace,,,,
16-310-808-1,ruma1248,Rumai,1783,sɛu.412,phonetic,pain,,,,
16-320-808-1,ruma1248,Rumai,1668,nɔh.51 sɛu.412,phonetic,"grief, sorrow, sadness",,,,
16-330-808-1,ruma1248,Rumai,1000,nɔh.51 dɛʔ.55,phonetic,"anxiety, worry",,,,
16-350-808-1,ruma1248,Rumai,1141,kə.55 vɔi.412,phonetic,pity,,,,
16-370-808-1,ruma1248,Rumai,1839,jam.412,phonetic,"cry, weep",,,,
16-380-808-1,ruma1248,Rumai,1651,ɛm.51 ŋai.412,phonetic,tear (noun),,,,
16-410-808-1,ruma1248,Rumai,1607,câŋ.51,phonetic,hate,,,,
16-420-808-1,ruma1248,Rumai,82,səŋ.55 ʒ́iau.412,phonetic,anger,,,,
16-450-808-1,ruma1248,Rumai,1776,sai.412,phonetic,shame (noun),,,,
16-480-808-1,ruma1248,Rumai,174,pəŋ.55 ɛh.51,phonetic,proud,,,,
16-510-808-1,ruma1248,Rumai,1779,jaʔ.55,phonetic,dare,,,,
16-520-808-1,ruma1248,Rumai,3,jaʔ.55,phonetic,brave,,,,
16-530-808-1,ruma1248,Rumai,781,jau.51,phonetic,"fear, fright",,,,
16-630-808-1,ruma1248,Rumai,1092,səŋ.55 thɨ.412,phonetic,hope,,,,
16-630-808-2,ruma1248,Rumai,1092,səŋ.55 bɨn.412,phonetic,hope,,,,
16-670-808-1,ruma1248,Rumai,601,kiɔh.51 ćhiau.412,phonetic,"lie, tell lies",,,,
16-680-808-1,ruma1248,Rumai,13,ćhiau.412,phonetic,deceit,,,,
16-710-808-1,ruma1248,Rumai,1035,pen.55,phonetic,good,,,,
16-720-808-1,ruma1248,Rumai,1292,an.55 pen.55,phonetic,bad,,,,
16-720-808-2,ruma1248,Rumai,1292,mək.55,phonetic,bad,,,,
16-720-808-3,ruma1248,Rumai,1292,lhau.55,phonetic,bad,,,,
16-730-808-1,ruma1248,Rumai,1725,ńia.412,phonetic,"right, correct",,,,
16-740-808-1,ruma1248,Rumai,1390,u.55 ńia.412,phonetic,wrong,,,,
16-790-808-1,ruma1248,Rumai,1687,dâh.51 kiɔh.51 ćhi.51,phonetic,praise,,,,
16-810-808-1,ruma1248,Rumai,1427,ćhi.51,phonetic,beautiful,,,,
16-820-808-1,ruma1248,Rumai,1548,mum.55 câŋ.51,phonetic,ugly,,,,
16-830-808-1,ruma1248,Rumai,2018,thun.55,phonetic,greedy,,,,
16-840-808-1,ruma1248,Rumai,1310,biat.55,phonetic,clever,,,,
17-110-808-1,ruma1248,Rumai,1562,hɛ.51,phonetic,mind,,,,
17-130-808-1,ruma1248,Rumai,1415,səŋ.55,phonetic,think (= reflect),,,,
17-140-808-1,ruma1248,Rumai,1513,jɛu.412,phonetic,think (= be of the opinion),,,,
17-150-808-1,ruma1248,Rumai,1890,nhiɛm.55,phonetic,believe,,,,
17-160-808-1,ruma1248,Rumai,1536,nâ.51,phonetic,understand,,,,
17-170-808-1,ruma1248,Rumai,1410,nâ.51,phonetic,know,,,,
17-171-808-1,ruma1248,Rumai,1932,khiai.55,phonetic,guess,,,,
17-172-808-1,ruma1248,Rumai,117,jɨŋ.55,phonetic,imitate,,,,
17-180-808-1,ruma1248,Rumai,1521,nhe.51 la.51,phonetic,seem,,,,
17-190-808-1,ruma1248,Rumai,1609,tə.55 geŋ.412,phonetic,"idea, notion",,,,
17-210-808-1,ruma1248,Rumai,698,biat.55,phonetic,wise,,,,
17-220-808-1,ruma1248,Rumai,1518,əʔ.55,phonetic,"foolish, stupid",,,,
17-230-808-1,ruma1248,Rumai,1899,kuaŋ.55,phonetic,"insane, crazy",,,,
17-240-808-1,ruma1248,Rumai,504,pə.55 nau.51,phonetic,learn,,,,
17-242-808-1,ruma1248,Rumai,1929,pə.55 nau.51,phonetic,study,,,,
17-250-808-1,ruma1248,Rumai,709,pə.55 nau.51,phonetic,teach,,,,
17-260-808-1,ruma1248,Rumai,753,kɔn.51 cɔŋ.412,phonetic,pupil,,,,
17-270-808-1,ruma1248,Rumai,1038,si.55 ra.55,phonetic,teacher,,,,
17-280-808-1,ruma1248,Rumai,673,cɔŋ.412,phonetic,school,,,,
17-310-808-1,ruma1248,Rumai,707,kə.55 âm.55,phonetic,remember,,,,
17-320-808-1,ruma1248,Rumai,1523,bei.412,phonetic,forget,,,,
17-340-808-1,ruma1248,Rumai,989,sok.55,phonetic,"clear, plain",,,,
17-430-808-1,ruma1248,Rumai,1308,u.55 nhiɛm.55,phonetic,doubt,,,,
17-450-808-1,ruma1248,Rumai,643,pəŋ.55 lo.55,phonetic,"need, necessity",,,,
17-460-808-1,ruma1248,Rumai,686,piɔ.55,phonetic,easy,,,,
17-470-808-1,ruma1248,Rumai,584,dai.51,phonetic,difficult,,,,
17-480-808-1,ruma1248,Rumai,1812,cam.412 hâŋ.412,phonetic,"try, attempt",,,,
17-510-808-1,ruma1248,Rumai,1577,kai.51,phonetic,and,,,,
17-520-808-1,ruma1248,Rumai,1157,kɔp.55,phonetic,because,,,,
17-530-808-1,ruma1248,Rumai,1459,sə.55,phonetic,if,,,,
17-540-808-1,ruma1248,Rumai,1014,moh.51 ... moh.51,phonetic,or,,,,
17-550-808-1,ruma1248,Rumai,1268,moh.51,phonetic,"yes, affirmative",,,,
17-560-808-1,ruma1248,Rumai,1269,u.55 moh.51,phonetic,"no, negative",,,,
17-560-808-2,ruma1248,Rumai,1269,an.55 moh.51,phonetic,"no, negative",,,,
17-610-808-1,ruma1248,Rumai,1239,bai.412 mhɛ.55,phonetic,how?,,,,
17-620-808-1,ruma1248,Rumai,822,than.55 mhɛ.55,phonetic,how many?,,,,
17-630-808-1,ruma1248,Rumai,531,than.55 mhɛ.55,phonetic,how much?,,,,
17-640-808-1,ruma1248,Rumai,1236,si.55,phonetic,what?,,,,
17-650-808-1,ruma1248,Rumai,1238,bɔn.55 mhɛ.55,phonetic,when?,,,,
17-660-808-1,ruma1248,Rumai,1237,di.55 mhɛ.55,phonetic,where?,,,,
17-670-808-1,ruma1248,Rumai,727,i.55 mhɛ.55,phonetic,which?,,,,
17-670-808-2,ruma1248,Rumai,727,ćheh.51 mhɛ.55,phonetic,which?,,,,
17-680-808-1,ruma1248,Rumai,1235,si.55,phonetic,who?,,,,
17-690-808-1,ruma1248,Rumai,1270,si.55 bai.412,phonetic,why?,,,,
18-120-808-1,ruma1248,Rumai,1261,dâh.51,phonetic,sing,,,,
18-130-808-1,ruma1248,Rumai,715,tɛ.51,phonetic,"shout, cry out",,,,
18-170-808-1,ruma1248,Rumai,1025,pu.51,phonetic,whistle,,,,
18-210-808-1,ruma1248,Rumai,1623,klaŋ.412,phonetic,"speak, talk",,,,
18-220-808-1,ruma1248,Rumai,1458,dâh.51,phonetic,say,,,,
18-220-808-2,ruma1248,Rumai,1458,kiɔh.51,phonetic,say,,,,
18-221-808-1,ruma1248,Rumai,1711,khiai.55 a.55 pɔm.55,phonetic,tell story,,,,
18-260-808-1,ruma1248,Rumai,1599,bɛ.51,phonetic,word,,,,
18-310-808-1,ruma1248,Rumai,1309,mhɔ.51,phonetic,"ask (question, inquire)",,,,
18-320-808-1,ruma1248,Rumai,1275,jâh.51,phonetic,answer,,,,
18-320-808-2,ruma1248,Rumai,1275,jɛh.51,phonetic,answer,,,,
18-360-808-1,ruma1248,Rumai,1675,jâh.51,phonetic,promise,,,,
18-380-808-1,ruma1248,Rumai,83,u.55 bən.412,phonetic,forbid,,,,
18-390-808-1,ruma1248,Rumai,299,ʒ́iau.412,phonetic,"rebuke, scold",,,,
18-410-808-1,ruma1248,Rumai,1084,tɛ.51,phonetic,call (=summon),,,,
18-420-808-1,ruma1248,Rumai,180,dâh.51 pen.55,phonetic,call (=name),,,,
18-510-808-1,ruma1248,Rumai,1672,tʌm.55,phonetic,write,,,,
18-520-808-1,ruma1248,Rumai,724,dih.51,phonetic,read,,,,
18-560-808-1,ruma1248,Rumai,648,cɛ.55,phonetic,paper,,,,
18-570-808-1,ruma1248,Rumai,794,klan.55 tɛn.55,phonetic,pen,,,,
18-570-808-2,ruma1248,Rumai,794,thə.55 tɛn.55,phonetic,pen,,,,
18-610-808-1,ruma1248,Rumai,963,bɛ.51,phonetic,book,,,,
18-710-808-1,ruma1248,Rumai,777,plui.55,phonetic,flute,,,,
18-720-808-1,ruma1248,Rumai,908,kə.55 bɛm.51,phonetic,drum,,,,
19-110-808-1,ruma1248,Rumai,1300,kəŋ.51,phonetic,country,,,,
19-150-808-1,ruma1248,Rumai,1391,pə.55 kəŋ.51,phonetic,"city, town",,,,
19-160-808-1,ruma1248,Rumai,930,kə.55 joŋ.51,phonetic,village,,,,
19-240-808-1,ruma1248,Rumai,301,ho.55,phonetic,"chief, chieftain",,,,
19-320-808-1,ruma1248,Rumai,1508,khun.55,phonetic,"king, ruler",,,,
19-430-808-1,ruma1248,Rumai,255,kha.55,phonetic,servant,,,,
19-470-808-1,ruma1248,Rumai,1003,dɛh.51,phonetic,"let, permit",,,,
19-510-808-1,ruma1248,Rumai,1325,pə.55 phəŋ.51,phonetic,"friend, companion",,,,
19-520-808-1,ruma1248,Rumai,1358,te.55 i.412 mɨk.55,phonetic,enemy,,,,
19-550-808-1,ruma1248,Rumai,791,te.55 i.412 u.55 no.55,phonetic,stranger,,,,
19-560-808-1,ruma1248,Rumai,1782,khəi.51,phonetic,guest,,,,
19-570-808-1,ruma1248,Rumai,1545,kə.55 ńa.412,phonetic,host,,,,
19-580-808-1,ruma1248,Rumai,1897,thʌm.55,phonetic,"help, aid",,,,
19-610-808-1,ruma1248,Rumai,1747,ńhiam.55,phonetic,custom,,,,
19-610-808-2,ruma1248,Rumai,1747,a.55 kiaŋ.412,phonetic,custom,,,,
19-620-808-1,ruma1248,Rumai,1848,kə.55 ʒ́au.412,phonetic,"strife, quarrel",,,,
19-650-808-1,ruma1248,Rumai,1831,kə.55 tuh.51,phonetic,meet,,,,
20-110-808-1,ruma1248,Rumai,1423,kə.55 ŋai.55,phonetic,fight (vb),,,,
20-130-808-1,ruma1248,Rumai,579,kə.55 jɨ.412,phonetic,"war, battle",,,,
20-150-808-1,ruma1248,Rumai,1561,sək.55,phonetic,army,,,,
20-170-808-1,ruma1248,Rumai,1941,sək.55,phonetic,soldier,,,,
20-220-808-1,ruma1248,Rumai,1763,khân.51,phonetic,club,,,,
20-222-808-1,ruma1248,Rumai,386,khlan.55,phonetic,battle-ax,,,,
20-230-808-1,ruma1248,Rumai,387,kaŋ.55,phonetic,sling,,,,
20-250-808-1,ruma1248,Rumai,977,pun.55,phonetic,arrow,,,,
20-270-808-1,ruma1248,Rumai,1535,bo.51 laŋ.51,phonetic,sword,,,,
20-280-808-1,ruma1248,Rumai,1566,si.55 nat.55,phonetic,"gun, cannon",,,,
20-280-808-2,ruma1248,Rumai,1566,phau.55,phonetic,"gun, cannon",,,,
20-360-808-1,ruma1248,Rumai,1671,kɔŋ.55 mu.51,phonetic,tower,,,,
20-410-808-1,ruma1248,Rumai,783,jin.51,phonetic,victory,,,,
20-420-808-1,ruma1248,Rumai,782,ṣu.55,phonetic,defeat,,,,
20-450-808-1,ruma1248,Rumai,421,vi.51 kə.55 da.55 bân.412,phonetic,retreat,,,,
20-460-808-1,ruma1248,Rumai,1696,tho.55 çaŋ.51,phonetic,surrender,,,,
20-520-808-1,ruma1248,Rumai,1074,la.55 vɔk.55,phonetic,fishhook,,,,
20-540-808-1,ruma1248,Rumai,388,kə.55 bia.55,phonetic,fishnet,,,,
20-610-808-1,ruma1248,Rumai,1435,jiɨ.412,phonetic,hunt,,,,
20-620-808-1,ruma1248,Rumai,1172,jiɨ.412,phonetic,shoot,,,,
21-240-808-1,ruma1248,Rumai,1939,dâh.51,phonetic,swear,,,,
21-370-808-1,ruma1248,Rumai,390,fa.51,phonetic,"penalty, punishment",,,,
21-390-808-1,ruma1248,Rumai,1281,thɔŋ.55,phonetic,"prison, jail",,,,
21-420-808-1,ruma1248,Rumai,845,koh.51,phonetic,murder,,,,
21-510-808-1,ruma1248,Rumai,713,bia.412,phonetic,steal,,,,
21-520-808-1,ruma1248,Rumai,1160,pha.51,phonetic,thief,,,,
22-150-808-1,ruma1248,Rumai,1103,pəŋ.55 lhu.55,phonetic,"sacrifice, offering",,,,
22-310-808-1,ruma1248,Rumai,1565,pə.55 plân.412,phonetic,heaven,,,,
22-320-808-1,ruma1248,Rumai,878,khiɛm.51 kə.55 tai.412,phonetic,hell,,,,
22-370-808-1,ruma1248,Rumai,1945,phia.412,phonetic,idol,,,,
22-370-808-2,ruma1248,Rumai,1945,a.55 raŋ.55 cau.55,phonetic,idol,,,,
22-440-808-1,ruma1248,Rumai,2138,cau.55,phonetic,"fairy, elf",,,,
22-450-808-1,ruma1248,Rumai,1175,kə.55 nâm.412,phonetic,"ghost, phantom",,,,
