ID,Language_ID,Language_name,Parameter_ID,Value,Transcription,Concept,Source,Comment,AlternativeValue,AlternativeTranscription
14-320-810-1,bitt1240,Pusing,1852,su mhɨ,phonetic,often,,,,
14-310-810-1,bitt1240,Pusing,1676,ləŋ lŏt,phonetic,always,,,,
14-290-810-1,bitt1240,Pusing,790,tun,phonetic,ready,,,,
14-290-810-2,bitt1240,Pusing,790,nɔ̆k,phonetic,ready,,,,
14-280-810-1,bitt1240,Pusing,1928,plaʔ,phonetic,"cease, stop",,,,
14-270-810-1,bitt1240,Pusing,1766,sɨĕih,phonetic,finish,,,,
14-260-810-1,bitt1240,Pusing,743,sŭt,phonetic,end (temporal),,,,
14-252-810-1,bitt1240,Pusing,1186,lŏt,phonetic,"last, endure",,,,
14-250-810-1,bitt1240,Pusing,1806,tɨap,phonetic,"begin, beginning",,,,
14-240-810-1,bitt1240,Pusing,425,tan ʔu,phonetic,"retard, delay",,,,
14-230-810-1,bitt1240,Pusing,754,kəl ʔa,phonetic,"hasten, hurry",,,,
14-220-810-1,bitt1240,Pusing,701,jɨ̆ʔ,phonetic,slow,,,,
14-210-810-1,bitt1240,Pusing,1631,vai,phonetic,"swift, fast, quick",,,,
14-190-810-1,bitt1240,Pusing,1963,sî cau,phonetic,immediately,,,,
14-180-810-1,bitt1240,Pusing,1376,mən tiu,phonetic,now,,,,
14-170-810-1,bitt1240,Pusing,477,lŭit,phonetic,late,,,,
14-160-810-1,bitt1240,Pusing,672,nɔn,phonetic,early,,,,
14-150-810-1,bitt1240,Pusing,1229,mraʔ,phonetic,old,,,,
14-140-810-1,bitt1240,Pusing,1207,pɨr lau,phonetic,young,,,,
14-140-810-2,bitt1240,Pusing,1207,khon nom,phonetic,young,,,,
14-120-810-1,bitt1240,Pusing,1789,ʔai ńɔ,phonetic,age,,,,
14-130-810-1,bitt1240,Pusing,1231,niəʔ,phonetic,new,,,,
14-110-810-1,bitt1240,Pusing,892,ʔuei la,phonetic,time,,,,
13-440-810-1,bitt1240,Pusing,417,sam thŭp,phonetic,three times,,,,
13-420-810-1,bitt1240,Pusing,1859,thi sam,phonetic,third,,,,
13-380-810-1,bitt1240,Pusing,1546,sɔŋ thup,phonetic,two times,,,,
13-370-810-1,bitt1240,Pusing,1888,khu,phonetic,pair,,,,
13-360-810-1,bitt1240,Pusing,1384,thi sɔŋ,phonetic,second,,,,
13-350-810-1,bitt1240,Pusing,1529,ńɔʔ sai,phonetic,last,,,,
13-340-810-1,bitt1240,Pusing,728,thi nəŋ,phonetic,first,,,,
13-330-810-1,bitt1240,Pusing,1580,ćiŋ kɛn,phonetic,"alone, only",,,,
13-330-810-2,bitt1240,Pusing,1580,ʔĕt,phonetic,"alone, only",,,,
13-240-810-1,bitt1240,Pusing,816,khəŋ,phonetic,half,,,,
13-230-810-1,bitt1240,Pusing,779,pu thɔŋ,phonetic,"part, piece",,,,
13-220-810-1,bitt1240,Pusing,1624,ʔuɔ̆h,phonetic,empty,,,,
13-210-810-1,bitt1240,Pusing,1429,kän,phonetic,full,,,,
13-190-810-1,bitt1240,Pusing,2023,pu çiŋ tər bol,phonetic,"multitude, crowd",,,,
13-181-810-1,bitt1240,Pusing,1241,san tɨə,phonetic,some,,,,
13-170-810-1,bitt1240,Pusing,1242,tə nɔp,phonetic,"little (quantity), few",,,,
13-180-810-1,bitt1240,Pusing,1881,phɔ,phonetic,enough,,,,
13-160-810-1,bitt1240,Pusing,1992,tŏk klai,phonetic,more,,,,
13-150-810-1,bitt1240,Pusing,1198,tŏk,phonetic,"much, many",,,,
13-140-810-1,bitt1240,Pusing,98,taŋ kəm tə,phonetic,"every, all",,,,
13-107-810-1,bitt1240,Pusing,1420,nap,phonetic,count,,,,
13-106-810-1,bitt1240,Pusing,1843,phan,phonetic,thousand,,,,
13-105-810-1,bitt1240,Pusing,1634,rɔi,phonetic,hundred,,,,
13-104-810-1,bitt1240,Pusing,1710,sau,phonetic,twenty,,,,
13-103-810-1,bitt1240,Pusing,1709,siăp ha,phonetic,fifteen,,,,
13-102-810-1,bitt1240,Pusing,1707,siăp sɔŋ,phonetic,twelve,,,,
13-101-810-1,bitt1240,Pusing,1706,siăp ĕt,phonetic,eleven,,,,
13-100-810-1,bitt1240,Pusing,1515,siăp,phonetic,ten,,,,
12-930-810-1,bitt1240,Pusing,1264,bian,phonetic,change,,,,
12-920-810-1,bitt1240,Pusing,1558,sɨ rup,phonetic,"like, similar",,,,
12-840-810-1,bitt1240,Pusing,1048,tɔl mɔl,phonetic,line,,,,
12-850-810-1,bitt1240,Pusing,1667,kɨn tu,phonetic,hole,,,,
12-830-810-1,bitt1240,Pusing,1845,mak lɔm,phonetic,"sphere, ball",,,,
12-810-810-1,bitt1240,Pusing,1395,ćəl vial,phonetic,round,,,,
12-820-810-1,bitt1240,Pusing,1467,ćəl vial,phonetic,circle,,,,
12-780-810-1,bitt1240,Pusing,850,çi liam,phonetic,square,,,,
12-770-810-1,bitt1240,Pusing,1367,cəl vah,phonetic,cross,,,,
12-760-810-1,bitt1240,Pusing,192,kɨl to,phonetic,corner,,,,
12-750-810-1,bitt1240,Pusing,1071,tən trai,phonetic,hook,,,,
12-740-810-1,bitt1240,Pusing,297,kɔk,phonetic,crooked,,,,
12-730-810-1,bitt1240,Pusing,1404,sɨ,phonetic,straight,,,,
12-710-810-1,bitt1240,Pusing,1633,phiŋ,phonetic,flat,,,,
12-680-810-1,bitt1240,Pusing,193,tam,phonetic,shallow,,,,
12-670-810-1,bitt1240,Pusing,1593,ći ruʔ,phonetic,deep,,,,
12-650-810-1,bitt1240,Pusing,2249,slaŋ,phonetic,thin (in dimension),,,,
12-630-810-1,bitt1240,Pusing,1244,kəŋ bəl,phonetic,thick (in dimension),,,,
12-620-810-1,bitt1240,Pusing,1267,khɛp,phonetic,narrow,,,,
12-610-810-1,bitt1240,Pusing,1243,kuaŋ,phonetic,"wide, broad",,,,
12-590-810-1,bitt1240,Pusing,1645,cî diăʔ,phonetic,short,,,,
12-580-810-1,bitt1240,Pusing,711,suŋ,phonetic,tall,,,,
12-570-810-1,bitt1240,Pusing,1203,jiau,phonetic,long,,,,
12-560-810-1,bitt1240,Pusing,1246,dŏʔ,phonetic,"small, little",,,,
12-550-810-1,bitt1240,Pusing,1202,neŋ,phonetic,"large, big",,,,
12-550-810-2,bitt1240,Pusing,1202,hân,phonetic,"large, big",,,,
12-541-810-1,bitt1240,Pusing,81,thɨm,phonetic,"span, fathom",,,,
12-540-810-1,bitt1240,Pusing,1506,thiak,phonetic,measure,,,,
12-530-810-1,bitt1240,Pusing,479,ʔɔk,phonetic,grow,,,,
12-480-810-1,bitt1240,Pusing,1595,su sam,phonetic,south,,,,
12-470-810-1,bitt1240,Pusing,1598,su veʔ,phonetic,north,,,,
12-460-810-1,bitt1240,Pusing,1817,bən ćiŋ ʔä tən lɛp,phonetic,west,,,,
12-450-810-1,bitt1240,Pusing,1877,bən ʔɔk ćiŋ ʔä,phonetic,east,,,,
12-430-810-1,bitt1240,Pusing,1942,bɛt,phonetic,near (adv),,,,
12-430-810-2,bitt1240,Pusing,1942,jɔ̆h,phonetic,near (adv),,,,
12-420-810-1,bitt1240,Pusing,244,su veʔ,phonetic,left (side),,,,
12-410-810-1,bitt1240,Pusing,1019,su sam,phonetic,right (side),,,,
12-370-810-1,bitt1240,Pusing,1093,tam bâŋ,phonetic,"middle, center",,,,
12-360-810-1,bitt1240,Pusing,682,(sɔŋ) kɨm pa,phonetic,side,,,,
12-353-810-1,bitt1240,Pusing,863,khɛm,phonetic,edge,,,,
12-352-810-1,bitt1240,Pusing,372,tər pɔit,phonetic,pointed,,,,
12-350-810-1,bitt1240,Pusing,742,plai,phonetic,end,,,,
12-340-810-1,bitt1240,Pusing,690,ban tam,phonetic,bottom,,,,
12-320-810-1,bitt1240,Pusing,721,tam,phonetic,low,,,,
12-330-810-1,bitt1240,Pusing,1753,ban suŋ,phonetic,top,,,,
12-310-810-1,bitt1240,Pusing,1265,suŋ,phonetic,high,,,,
12-270-810-1,bitt1240,Pusing,602,rĕih,phonetic,"hide, conceal",,,,
12-250-810-1,bitt1240,Pusing,1046,kɨ ćər,phonetic,"shut, close",,,,
12-250-810-2,bitt1240,Pusing,1046,kən ʔap,phonetic,"shut, close",,,,
12-260-810-1,bitt1240,Pusing,761,dup,phonetic,cover,,,,
12-240-810-1,bitt1240,Pusing,1156,kɨ çäh,phonetic,open,,,,
12-232-810-1,bitt1240,Pusing,1119,pat pan,phonetic,divide,,,,
12-230-810-1,bitt1240,Pusing,1359,pan,phonetic,separate,,,,
12-220-810-1,bitt1240,Pusing,1743,tɔʔ,phonetic,"join, unite",,,,
12-213-810-1,bitt1240,Pusing,1576,koŋ,phonetic,pile up,,,,
12-212-810-1,bitt1240,Pusing,371,cî liam,phonetic,pick up,,,,
12-210-810-1,bitt1240,Pusing,7,kɛ̆p,phonetic,"collect, gather",,,,
12-170-810-1,bitt1240,Pusing,838,diʔ,phonetic,"remains, left overs",,,,
12-160-810-1,bitt1240,Pusing,987,ńoʔ,phonetic,"remain, stay",,,,
12-150-810-1,bitt1240,Pusing,1442,jiaŋ,phonetic,stand,,,,
12-140-810-1,bitt1240,Pusing,215,sam mɔ̆h,phonetic,lie down,,,,
12-130-810-1,bitt1240,Pusing,1416,ńiɔʔ,phonetic,sit,,,,
12-120-810-1,bitt1240,Pusing,998,ńiaŋ,phonetic,put,,,,
12-120-810-2,bitt1240,Pusing,998,tɨi,phonetic,put,,,,
12-110-810-1,bitt1240,Pusing,723,ban ńiɔʔ,phonetic,place,,,,
11-920-810-1,bitt1240,Pusing,1098,saŋ,phonetic,weigh,,,,
11-910-810-1,bitt1240,Pusing,884,pan,phonetic,share (distribute),,,,
11-890-810-1,bitt1240,Pusing,1887,thuk,phonetic,cheap,,,,
11-880-810-1,bitt1240,Pusing,1426,phiaŋ,phonetic,"dear (costly, expensive)",,,,
11-870-810-1,bitt1240,Pusing,657,kha,phonetic,price,,,,
11-860-810-1,bitt1240,Pusing,752,koŋ sî,phonetic,"store, shop",,,,
11-850-810-1,bitt1240,Pusing,633,kɨat,phonetic,market (place),,,,
11-840-810-1,bitt1240,Pusing,1082,puçiŋ kha,phonetic,merchant,,,,
11-830-810-1,bitt1240,Pusing,2135,liak,phonetic,"trade, barter",,,,
11-820-810-1,bitt1240,Pusing,1571,tɔn,phonetic,sell,,,,
11-810-810-1,bitt1240,Pusing,1869,ćăh,phonetic,buy,,,,
11-790-810-1,bitt1240,Pusing,733,sɔk cî naŋ,phonetic,earn,,,,
11-780-810-1,bitt1240,Pusing,1122,cî naŋ kha viɨk,phonetic,wages,,,,
11-770-810-1,bitt1240,Pusing,856,ʔär,phonetic,hire,,,,
11-690-810-1,bitt1240,Pusing,873,khɔn,phonetic,"tax, tribute",,,,
11-660-810-1,bitt1240,Pusing,1081,nap cî naŋ,phonetic,"account, reckoning",,,,
11-650-810-1,bitt1240,Pusing,718,tä̆ʔ cî naŋ,phonetic,pay (vb),,,,
11-640-810-1,bitt1240,Pusing,1914,ńi,phonetic,debt,,,,
11-630-810-1,bitt1240,Pusing,369,tä̆ʔ,phonetic,owe,,,,
11-620-810-1,bitt1240,Pusing,1823,ku,phonetic,borrow,,,,
11-620-810-2,bitt1240,Pusing,1823,jəm,phonetic,borrow,,,,
11-610-810-1,bitt1240,Pusing,582,jəm,phonetic,lend,,,,
11-540-810-1,bitt1240,Pusing,1774,kɨ jĕʔ,phonetic,"avaricious, stingy",,,,
11-530-810-1,bitt1240,Pusing,1934,jɛr,phonetic,beggar,,,,
11-520-810-1,bitt1240,Pusing,1674,thok,phonetic,poor,,,,
11-510-810-1,bitt1240,Pusing,712,raŋ,phonetic,rich,,,,
11-440-810-1,bitt1240,Pusing,1867,cî naŋ skuo,phonetic,coin,,,,
11-430-810-1,bitt1240,Pusing,1559,cî naŋ,phonetic,money,,,,
11-330-810-1,bitt1240,Pusing,1660,hai,phonetic,lose,,,,
11-320-810-1,bitt1240,Pusing,719,sɔk jiak,phonetic,find,,,,
11-310-810-1,bitt1240,Pusing,1468,sɔk,phonetic,"seek, look for",,,,
11-280-810-1,bitt1240,Pusing,44,kən rə,phonetic,"harm, injure, damage",,,,
11-270-810-1,bitt1240,Pusing,681,rə,phonetic,destroy,,,,
11-250-810-1,bitt1240,Pusing,2008,plŏh,phonetic,"save, rescue",,,,
11-240-810-1,bitt1240,Pusing,1997,miĕʔ,phonetic,"preserve, look after",,,,
11-220-810-1,bitt1240,Pusing,85,sai,phonetic,give back,,,,
11-210-810-1,bitt1240,Pusing,1447,dɛ,phonetic,give,,,,
11-180-810-1,bitt1240,Pusing,738,khɨŋ,phonetic,thing,,,,
11-160-810-1,bitt1240,Pusing,694,krɛ,phonetic,"get, obtain",,,,
11-150-810-1,bitt1240,Pusing,1448,rap,phonetic,hold,,,,
11-150-810-2,bitt1240,Pusing,1448,gən,phonetic,hold,,,,
11-140-810-1,bitt1240,Pusing,2021,kən rəp,phonetic,"seize, grasp",,,,
11-130-810-1,bitt1240,Pusing,1749,dɔk,phonetic,take,,,,
11-120-810-1,bitt1240,Pusing,684,dok,phonetic,"own, possess",,,,
11-110-810-1,bitt1240,Pusing,773,lɛʔ,phonetic,have,,,,
10-920-810-1,bitt1240,Pusing,1922,tra ra çin,phonetic,land (vb),,,,
10-910-810-1,bitt1240,Pusing,610,bɔn dɨk,phonetic,"harbor, port",,,,
10-890-810-1,bitt1240,Pusing,1870,dɨk,phonetic,anchor,,,,
10-880-810-1,bitt1240,Pusing,786,tä̆ʔ ʔuaʔ,phonetic,sail (noun),,,,
10-870-810-1,bitt1240,Pusing,184,lɔk srai,phonetic,mast,,,,
10-860-810-1,bitt1240,Pusing,108,rəŋ bit,phonetic,rudder,,,,
10-851-810-1,bitt1240,Pusing,234,khan tə nɔl,phonetic,paddle (noun),,,,
10-850-810-1,bitt1240,Pusing,108,khan tə nɔl,phonetic,oar,,,,
10-831-810-1,bitt1240,Pusing,1970,tə nɔl ći ʔoŋ,phonetic,canoe,,,,
10-830-810-1,bitt1240,Pusing,1844,tə nɔl dŏʔ,phonetic,boat,,,,
10-810-810-1,bitt1240,Pusing,740,tə nɔt hân,phonetic,ship,,,,
10-780-810-1,bitt1240,Pusing,14,ʔɛk,phonetic,yoke,,,,
10-770-810-1,bitt1240,Pusing,1769,hɨ rəŋ lɛ lɔt,phonetic,axle,,,,
10-760-810-1,bitt1240,Pusing,710,jiŋ lɔt,phonetic,wheel,,,,
10-750-810-1,bitt1240,Pusing,122,lɔt,phonetic,"carriage, wagon, cart",,,,
10-740-810-1,bitt1240,Pusing,1011,tar,phonetic,bridge,,,,
10-740-810-2,bitt1240,Pusing,1011,kai khua,phonetic,bridge,,,,
10-720-810-1,bitt1240,Pusing,2252,gən däŋ dŏʔ,phonetic,path,,,,
10-710-810-1,bitt1240,Pusing,667,gən däŋ hân,phonetic,road,,,,
10-670-810-1,bitt1240,Pusing,1452,ńiap,phonetic,"push, shove",,,,
10-660-810-1,bitt1240,Pusing,367,khui,phonetic,ride,,,,
10-650-810-1,bitt1240,Pusing,741,nai lɔt,phonetic,drive,,,,
10-640-810-1,bitt1240,Pusing,43,hon kən diŋ,phonetic,lead (vb),,,,
10-630-810-1,bitt1240,Pusing,1127,bia ʔuaʔ,phonetic,send,,,,
10-630-810-2,bitt1240,Pusing,1127,phak ʔuaʔ,phonetic,send,,,,
10-620-810-1,bitt1240,Pusing,692,bia ʔɨm,phonetic,bring,,,,
10-620-810-2,bitt1240,Pusing,692,phak ɨm,phonetic,bring,,,,
10-615-810-1,bitt1240,Pusing,415,cî kap,phonetic,carry-underarm,,,,
10-614-810-1,bitt1240,Pusing,414,tən tu,phonetic,carry-on-head,,,,
10-613-810-1,bitt1240,Pusing,413,lam,phonetic,carry-on-shoulder,,,,
10-612-810-1,bitt1240,Pusing,412,kɨ ńɔk,phonetic,carry-in-hand,,,,
10-610-810-1,bitt1240,Pusing,700,dɔk gai,phonetic,carry (bear),,,,
10-610-810-2,bitt1240,Pusing,700,dɔk,phonetic,carry (bear),,,,
10-570-810-1,bitt1240,Pusing,749,khau,phonetic,enter,,,,
10-560-810-1,bitt1240,Pusing,1778,kɨ sap bit,phonetic,approach,,,,
10-550-810-1,bitt1240,Pusing,1387,rat,phonetic,"reach, arrive",,,,
10-530-810-1,bitt1240,Pusing,1047,ram,phonetic,pursue,,,,
10-520-810-1,bitt1240,Pusing,1085,nam,phonetic,follow,,,,
10-510-810-1,bitt1240,Pusing,956,sɔʔ,phonetic,flee,,,,
10-491-810-1,bitt1240,Pusing,485,hai,phonetic,disappear,,,,
10-490-810-1,bitt1240,Pusing,1752,lik,phonetic,"go away, depart",,,,
10-481-810-1,bitt1240,Pusing,581,ʔɨ̆t,phonetic,come back,,,,
10-481-810-2,bitt1240,Pusing,581,tau sə suai,phonetic,come back,,,,
10-480-810-1,bitt1240,Pusing,1446,ʔɔm,phonetic,come,,,,
10-474-810-1,bitt1240,Pusing,1107,ʔɔk ʔuaʔ,phonetic,go out,,,,
10-473-810-1,bitt1240,Pusing,2014,ʔuaʔ hən loŋ,phonetic,go down,,,,
10-472-810-1,bitt1240,Pusing,1102,ʔuaʔ bɨĕih buan soŋ,phonetic,climb,,,,
10-470-810-1,bitt1240,Pusing,695,ʔuaʔ,phonetic,go,,,,
10-471-810-1,bitt1240,Pusing,705,ʔuaʔ buan soŋ,phonetic,go up,,,,
10-460-810-1,bitt1240,Pusing,1519,rəm sat,phonetic,run,,,,
10-451-810-1,bitt1240,Pusing,366,plir,phonetic,limp,,,,
10-450-810-1,bitt1240,Pusing,1443,ʔuaʔ kən diŋ,phonetic,walk,,,,
10-440-810-1,bitt1240,Pusing,1879,tä̆ʔ sai,phonetic,dance,,,,
10-431-810-1,bitt1240,Pusing,1135,təl tɔ̆ih,phonetic,kick,,,,
10-430-810-1,bitt1240,Pusing,1829,hok,phonetic,"jump, leap",,,,
10-430-810-2,bitt1240,Pusing,1829,tiau,phonetic,"jump, leap",,,,
10-420-810-1,bitt1240,Pusing,1324,təm lɨr,phonetic,"slide, slip",,,,
10-413-810-1,bitt1240,Pusing,296,ńiɔ tɔ̆ih,phonetic,crouch,,,,
10-412-810-1,bitt1240,Pusing,66,dən tŭh,phonetic,kneel,,,,
10-410-810-1,bitt1240,Pusing,96,kɨl pɨŋ,phonetic,"creep, crawl",,,,
10-410-810-2,bitt1240,Pusing,96,bɨĕih,phonetic,"creep, crawl",,,,
10-380-810-1,bitt1240,Pusing,175,pɔŋ,phonetic,blow,,,,
10-370-810-1,bitt1240,Pusing,1441,pɨr,phonetic,fly (vb),,,,
10-360-810-1,bitt1240,Pusing,787,phat tə nɔi,phonetic,sail (vb),,,,
10-352-810-1,bitt1240,Pusing,365,çiah ʔɔm,phonetic,splash,,,,
10-351-810-1,bitt1240,Pusing,119,tä̆ʔ kən ćiɛ̆p,phonetic,dive,,,,
10-350-810-1,bitt1240,Pusing,1439,tä̆ʔ ʔuai,phonetic,swim,,,,
10-340-810-1,bitt1240,Pusing,1574,hɨr luai,phonetic,float,,,,
10-330-810-1,bitt1240,Pusing,1088,tən lɛ̆p,phonetic,sink,,,,
10-330-810-2,bitt1240,Pusing,1088,tən lɔm,phonetic,sink,,,,
10-320-810-1,bitt1240,Pusing,2003,luai,phonetic,flow,,,,
10-260-810-1,bitt1240,Pusing,1909,tɨm səl,phonetic,shake,,,,
10-252-810-1,bitt1240,Pusing,702,rap,phonetic,catch (ball),,,,
10-252-810-2,bitt1240,Pusing,702,kən rap,phonetic,catch (ball),,,,
10-250-810-1,bitt1240,Pusing,1456,pɔl val,phonetic,throw,,,,
10-240-810-1,bitt1240,Pusing,2253,tən jâh,phonetic,drip,,,,
10-230-810-1,bitt1240,Pusing,1280,tən lĭh,phonetic,fall,,,,
10-230-810-2,bitt1240,Pusing,1280,sən ro,phonetic,fall,,,,
10-220-810-1,bitt1240,Pusing,501,kɨ ńɔk,phonetic,"raise, lift",,,,
10-210-810-1,bitt1240,Pusing,568,khɨn,phonetic,rise,,,,
10-170-810-1,bitt1240,Pusing,430,pɨr vial jɔk,phonetic,twist,,,,
10-170-810-2,bitt1240,Pusing,430,vit kɔk,phonetic,twist,,,,
10-160-810-1,bitt1240,Pusing,808,lĭh,phonetic,drop (vb),,,,
10-150-810-1,bitt1240,Pusing,827,var,phonetic,roll,,,,
10-140-810-1,bitt1240,Pusing,1113,tiɛp,phonetic,"wind, wrap",,,,
10-130-810-1,bitt1240,Pusing,1445,vit klak,phonetic,turn around,,,,
10-130-810-2,bitt1240,Pusing,1445,pin su suai,phonetic,turn around,,,,
10-120-810-1,bitt1240,Pusing,1588,pər vial,phonetic,turn over,,,,
10-110-810-1,bitt1240,Pusing,765,jɔk,phonetic,move,,,,
9-890-810-1,bitt1240,Pusing,2001,lup ʔɔm çi,phonetic,paint (vb),,,,
9-840-810-1,bitt1240,Pusing,1979,ćiar dəm,phonetic,chisel,,,,
9-880-810-1,bitt1240,Pusing,647,ʔɔm çi,phonetic,paint (noun),,,,
9-830-810-1,bitt1240,Pusing,1002,srup,phonetic,statue,,,,
9-810-810-1,bitt1240,Pusing,228,buk,phonetic,carve,,,,
9-810-810-2,bitt1240,Pusing,228,khuat,phonetic,carve,,,,
9-791-810-1,bitt1240,Pusing,360,pu lɨei,phonetic,fan (vb),,,,
9-790-810-1,bitt1240,Pusing,1971,pər lɨei,phonetic,fan (noun),,,,
9-780-810-1,bitt1240,Pusing,293,sul jiaŋ,phonetic,netbag,,,,
9-771-810-1,bitt1240,Pusing,292,ran ńiɔʔ,phonetic,rug,,,,
9-770-810-1,bitt1240,Pusing,195,tâl,phonetic,mat,,,,
9-760-810-1,bitt1240,Pusing,1539,ʔɨə sa,phonetic,basket,,,,
9-750-810-1,bitt1240,Pusing,1729,tain,phonetic,"weave, plait",,,,
9-740-810-1,bitt1240,Pusing,604,phian kiau,phonetic,glass,,,,
9-730-810-1,bitt1240,Pusing,1399,təm pər,phonetic,clay,,,,
9-720-810-1,bitt1240,Pusing,289,slup,phonetic,mold (clay etc),,,,
9-710-810-1,bitt1240,Pusing,359,nain tä̆ʔ kɨ ʔal,phonetic,potter,,,,
9-690-810-1,bitt1240,Pusing,358,skuɔ,phonetic,"tin, tinplate",,,,
9-680-810-1,bitt1240,Pusing,627,cɨn,phonetic,lead (noun),,,,
9-670-810-1,bitt1240,Pusing,621,jɔŋ,phonetic,iron,,,,
9-660-810-1,bitt1240,Pusing,1825,thɔŋ,phonetic,"copper, bronze",,,,
9-650-810-1,bitt1240,Pusing,759,ći naŋ,phonetic,silver,,,,
9-640-810-1,bitt1240,Pusing,1369,khâm,phonetic,gold,,,,
9-630-810-1,bitt1240,Pusing,211,bɔn lɔ,phonetic,cast (metals),,,,
9-620-810-1,bitt1240,Pusing,1648,kuan taŋ,phonetic,anvil,,,,
9-610-810-1,bitt1240,Pusing,288,tâh jiaŋ,phonetic,forge,,,,
9-600-810-1,bitt1240,Pusing,1001,puçiŋ tä̆ʔ təm pai,phonetic,"smith, blacksmith",,,,
9-560-810-1,bitt1240,Pusing,1069,ʔɔm tət,phonetic,glue,,,,
9-500-810-1,bitt1240,Pusing,502,lɛk ćiap,phonetic,nail,,,,
9-490-810-1,bitt1240,Pusing,1481,kuai ti,phonetic,hammer,,,,
9-480-810-1,bitt1240,Pusing,1948,lɨei,phonetic,saw,,,,
9-461-810-1,bitt1240,Pusing,46,pɨk,phonetic,hollow out,,,,
9-460-810-1,bitt1240,Pusing,1501,ćiak suat,phonetic,bore,,,,
9-440-810-1,bitt1240,Pusing,1840,tɨl,phonetic,build,,,,
9-430-810-1,bitt1240,Pusing,1042,nain ńia,phonetic,carpenter,,,,
9-422-810-1,bitt1240,Pusing,1361,khəŋ ńia,phonetic,tool,,,,
9-380-810-1,bitt1240,Pusing,245,rəŋ kuăih ńia,phonetic,broom,,,,
9-360-810-1,bitt1240,Pusing,1453,cuei,phonetic,wash,,,,
9-370-810-1,bitt1240,Pusing,230,kuăih,phonetic,sweep,,,,
9-350-810-1,bitt1240,Pusing,1487,çiat,phonetic,pour,,,,
9-343-810-1,bitt1240,Pusing,1414,viət,phonetic,"squeeze, wring",,,,
9-342-810-1,bitt1240,Pusing,1913,kɨ nit,phonetic,press,,,,
9-341-810-1,bitt1240,Pusing,357,vɔk,phonetic,hang up,,,,
9-340-810-1,bitt1240,Pusing,38,pliat,phonetic,spread out,,,,
9-330-810-1,bitt1240,Pusing,1455,lak,phonetic,pull,,,,
9-320-810-1,bitt1240,Pusing,214,smu jiat,phonetic,stretch,,,,
9-310-810-1,bitt1240,Pusing,1449,sər laŋ,phonetic,"rub, wipe",,,,
9-290-810-1,bitt1240,Pusing,291,lɔk tə nəŋ,phonetic,"flay, skin",,,,
9-280-810-1,bitt1240,Pusing,1735,ćik,phonetic,tear,,,,
9-270-810-1,bitt1240,Pusing,1437,pɨak,phonetic,split,,,,
9-261-810-1,bitt1240,Pusing,588,kəl tŭʔ,phonetic,broken,,,,
9-260-810-1,bitt1240,Pusing,680,kɛ̆h,phonetic,break,,,,
9-250-810-1,bitt1240,Pusing,677,khan bɔ,phonetic,ax,,,,
9-251-810-1,bitt1240,Pusing,290,ʔɔm çi,phonetic,adze,,,,
9-240-810-1,bitt1240,Pusing,356,mɨk çiam,phonetic,"scissors, shears",,,,
9-230-810-1,bitt1240,Pusing,1352,ka,phonetic,knife,,,,
9-223-810-1,bitt1240,Pusing,1434,ćiat,phonetic,stab,,,,
9-222-810-1,bitt1240,Pusing,155,pŭt gən lɛ,phonetic,"chop, hew",,,,
9-221-810-1,bitt1240,Pusing,355,pŭt klak,phonetic,cut down,,,,
9-221-810-2,bitt1240,Pusing,355,gal klak,phonetic,cut down,,,,
9-220-810-1,bitt1240,Pusing,1432,suai,phonetic,cut,,,,
9-211-810-1,bitt1240,Pusing,354,kən ćiap ti ćial,phonetic,pound with fist,,,,
9-210-810-1,bitt1240,Pusing,2133,ćial,phonetic,"strike (hit, beat)",,,,
9-192-810-1,bitt1240,Pusing,760,təl ńir,phonetic,knot (noun),,,,
9-190-810-1,bitt1240,Pusing,1218,cəl mɨ,phonetic,"rope, cord",,,,
9-180-810-1,bitt1240,Pusing,1627,sək lɛk,phonetic,chain,,,,
9-161-810-1,bitt1240,Pusing,352,kăh,phonetic,untie,,,,
9-160-810-1,bitt1240,Pusing,1917,mat,phonetic,"tie, bind",,,,
9-150-810-1,bitt1240,Pusing,1470,top,phonetic,fold,,,,
9-140-810-1,bitt1240,Pusing,2004,gɔk,phonetic,bend,,,,
9-120-810-1,bitt1240,Pusing,984,tä̆ʔ jɔm viak,phonetic,work,,,,
9-110-810-1,bitt1240,Pusing,2575,tä̆ʔ,phonetic,"do, make",,,,
8-980-810-1,bitt1240,Pusing,641,tɨĭh,phonetic,mushroom,,,,
8-960-810-1,bitt1240,Pusing,348,nau mhuɔ,phonetic,fish poison (root),,,,
8-941-810-1,bitt1240,Pusing,146,kɨl mir,phonetic,sugar cane,,,,
8-940-810-1,bitt1240,Pusing,1927,cɔk,phonetic,bamboo,,,,
8-931-810-1,bitt1240,Pusing,864,pə kâm,phonetic,"pumpkin, squash",,,,
8-930-810-1,bitt1240,Pusing,411,cî dŭʔ,phonetic,gourd,,,,
8-920-810-1,bitt1240,Pusing,925,mə tɔn,phonetic,"tapioca, manioc, cassava",,,,
8-912-810-1,bitt1240,Pusing,410,kuai sɨ ra rɔ,phonetic,yam,,,,
8-910-810-1,bitt1240,Pusing,159,kuai hɔ,phonetic,sweet potato,,,,
8-840-810-1,bitt1240,Pusing,868,tap kɨl ti kui can,phonetic,banana tree,,,,
8-830-810-1,bitt1240,Pusing,1126,băʔ mɨk cuk,phonetic,citrus fruit,,,,
8-820-810-1,bitt1240,Pusing,970,dap blau,phonetic,coconut,,,,
8-810-810-1,bitt1240,Pusing,1181,jiuk,phonetic,palm tree,,,,
8-760-810-1,bitt1240,Pusing,345,ʔɔm cî ʔɔŋ,phonetic,sap,,,,
8-750-810-1,bitt1240,Pusing,1204,kɨn rɔʔ cî ʔɔŋ,phonetic,bark,,,,
8-740-810-1,bitt1240,Pusing,409,rəl ʔua cî ʔɔŋ,phonetic,forked branch,,,,
8-730-810-1,bitt1240,Pusing,344,ŋɔ̆h,phonetic,tree trunk,,,,
8-720-810-1,bitt1240,Pusing,241,tap ŋɨl,phonetic,tree stump,,,,
8-691-810-1,bitt1240,Pusing,1124,gɔ̆k,phonetic,pipe,,,,
8-690-810-1,bitt1240,Pusing,1689,teŋ,phonetic,smoke (tobacco),,,,
8-690-810-2,bitt1240,Pusing,1689,jia,phonetic,smoke (tobacco),,,,
8-680-810-1,bitt1240,Pusing,974,jia kəl na,phonetic,tobacco,,,,
8-670-810-1,bitt1240,Pusing,343,cər mɨ,phonetic,vine,,,,
8-640-810-1,bitt1240,Pusing,1740,cî ʔɔŋ piak,phonetic,pine,,,,
8-610-810-1,bitt1240,Pusing,644,cî ʔɔŋ jiaŋ,phonetic,oak,,,,
8-600-810-1,bitt1240,Pusing,906,cî ʔɔŋ,phonetic,tree,,,,
8-570-810-1,bitt1240,Pusing,239,par,phonetic,flower,,,,
8-560-810-1,bitt1240,Pusing,628,kɨl na,phonetic,leaf,,,,
8-550-810-1,bitt1240,Pusing,1531,diaŋ cî ʔɔŋ,phonetic,branch,,,,
8-540-810-1,bitt1240,Pusing,670,tap,phonetic,root,,,,
8-540-810-2,bitt1240,Pusing,670,riăh,phonetic,root,,,,
8-531-810-1,bitt1240,Pusing,1486,təl,phonetic,plant (vb),,,,
8-520-810-1,bitt1240,Pusing,342,sɨm nal raŋ,phonetic,hay,,,,
8-530-810-1,bitt1240,Pusing,653,cî ʔɔn cɨr mɨ,phonetic,plant (noun),,,,
8-510-810-1,bitt1240,Pusing,606,dɨk,phonetic,grass,,,,
8-480-810-1,bitt1240,Pusing,926,mah piăŋ,phonetic,rice,,,,
8-470-810-1,bitt1240,Pusing,506,sî li,phonetic,"maize, corn",,,,
8-460-810-1,bitt1240,Pusing,60,khau khiau,phonetic,oats,,,,
8-430-810-1,bitt1240,Pusing,1077,skâi,phonetic,wheat,,,,
8-440-810-1,bitt1240,Pusing,932,spe,phonetic,barley,,,,
8-420-810-1,bitt1240,Pusing,605,khəŋ təl,phonetic,"grain (barley, oats etc)",,,,
8-410-810-1,bitt1240,Pusing,611,khɨn pɨeit,phonetic,"crop, harvest",,,,
8-350-810-1,bitt1240,Pusing,223,dɔ ńia,phonetic,threshing-floor,,,,
8-340-810-1,bitt1240,Pusing,285,ćial sî ŋɔ,phonetic,thresh,,,,
8-330-810-1,bitt1240,Pusing,2132,kɛu,phonetic,"sickle, scythe",,,,
8-320-810-1,bitt1240,Pusing,190,kɛu,phonetic,"mow, reap",,,,
8-311-810-1,bitt1240,Pusing,714,ʔuan,phonetic,seed,,,,
8-310-810-1,bitt1240,Pusing,748,tɨr sli,phonetic,sow,,,,
8-270-810-1,bitt1240,Pusing,338,phiak,phonetic,rake,,,,
8-260-810-1,bitt1240,Pusing,337,rəl ʔua,phonetic,fork,,,,
8-250-810-1,bitt1240,Pusing,284,khɔ,phonetic,hoe,,,,
8-250-810-2,bitt1240,Pusing,284,suaŋ,phonetic,hoe,,,,
8-240-810-1,bitt1240,Pusing,1901,ćak,phonetic,shovel,,,,
8-230-810-1,bitt1240,Pusing,1176,luə,phonetic,spade,,,,
8-212-810-1,bitt1240,Pusing,1794,hɔŋ thai,phonetic,furrow,,,,
8-220-810-1,bitt1240,Pusing,1418,pɨk,phonetic,dig,,,,
8-210-810-1,bitt1240,Pusing,1921,thai,phonetic,plow,,,,
8-170-810-1,bitt1240,Pusing,2002,ʔɔm mɨŋ,phonetic,ditch,,,,
8-160-810-1,bitt1240,Pusing,1690,tən rɔ,phonetic,fence,,,,
8-150-810-1,bitt1240,Pusing,1541,tä̆ʔ,phonetic,"cultivate, till",,,,
8-130-810-1,bitt1240,Pusing,586,bɔm pat,phonetic,garden,,,,
8-120-810-1,bitt1240,Pusing,212,na,phonetic,field (for cultivation),,,,
8-110-810-1,bitt1240,Pusing,979,phei məŋ,phonetic,farmer,,,,
7-640-810-1,bitt1240,Pusing,901,dɨr gip,phonetic,adobe,,,,
7-630-810-1,bitt1240,Pusing,224,pun ʔɔm,phonetic,mortar,,,,
7-620-810-1,bitt1240,Pusing,1006,tər dɨn,phonetic,brick,,,,
7-580-810-1,bitt1240,Pusing,876,kɨn tu,phonetic,arch,,,,
7-610-810-1,bitt1240,Pusing,877,puçiŋ thoŋ loŋ,phonetic,mason,,,,
7-570-810-1,bitt1240,Pusing,1227,phian,phonetic,board,,,,
7-560-810-1,bitt1240,Pusing,281,ćər dăih,phonetic,"post, pole",,,,
7-550-810-1,bitt1240,Pusing,1132,loŋ kŭh,phonetic,beam,,,,
7-540-810-1,bitt1240,Pusing,829,pɨr laŋ,phonetic,rafter,,,,
7-530-810-1,bitt1240,Pusing,280,khɨ,phonetic,ridgepole,,,,
7-520-810-1,bitt1240,Pusing,279,dɨp,phonetic,thatch,,,,
7-510-810-1,bitt1240,Pusing,769,klak ńia,phonetic,roof,,,,
7-480-810-1,bitt1240,Pusing,205,rən pɔk,phonetic,trough,,,,
7-470-810-1,bitt1240,Pusing,745,kɨn reʔ,phonetic,shelf,,,,
7-460-810-1,bitt1240,Pusing,1273,dian gɨan,phonetic,candle,,,,
7-450-810-1,bitt1240,Pusing,2131,phəŋ man,phonetic,"lamp, torch",,,,
7-440-810-1,bitt1240,Pusing,1775,pɨn,phonetic,table,,,,
7-430-810-1,bitt1240,Pusing,1476,dəŋ kuan,phonetic,chair,,,,
7-422-810-1,bitt1240,Pusing,806,kən tup,phonetic,blanket,,,,
7-421-810-1,bitt1240,Pusing,1044,rəŋ kɛŋ,phonetic,pillow,,,,
7-420-810-1,bitt1240,Pusing,1663,khən jɔŋ,phonetic,bed,,,,
7-370-810-1,bitt1240,Pusing,1464,pər dâŋ,phonetic,ladder,,,,
7-330-810-1,bitt1240,Pusing,1305,kən tu kɨ ta ćiŋ ʔal,phonetic,chimney,,,,
7-320-810-1,bitt1240,Pusing,859,tau măh,phonetic,stove,,,,
7-320-810-2,bitt1240,Pusing,859,tau ćiŋ ʔal,phonetic,stove,,,,
7-270-810-1,bitt1240,Pusing,933,tɨŋ kăh,phonetic,wall,,,,
7-260-810-1,bitt1240,Pusing,1632,phɨn ńia,phonetic,floor,,,,
7-250-810-1,bitt1240,Pusing,1375,pɔŋ ńia,phonetic,window,,,,
7-240-810-1,bitt1240,Pusing,1472,lən trok lək ćiɛ,phonetic,key,,,,
7-231-810-1,bitt1240,Pusing,1012,rən rɔk mɨŋ bəŋ,phonetic,"latch, door-bolt",,,,
7-231-810-2,bitt1240,Pusing,1012,rən lai mɨŋ bəŋ,phonetic,"latch, door-bolt",,,,
7-230-810-1,bitt1240,Pusing,1596,lək ćiɛ,phonetic,lock (noun),,,,
7-221-810-1,bitt1240,Pusing,80,ćiŋ rəŋ,phonetic,"doorpost, jamb",,,,
7-210-810-1,bitt1240,Pusing,1450,kɨl naŋ ńia,phonetic,room,,,,
7-220-810-1,bitt1240,Pusing,1567,mɨŋ bəŋ,phonetic,"door, gate",,,,
7-180-810-1,bitt1240,Pusing,335,that,phonetic,meeting house,,,,
7-170-810-1,bitt1240,Pusing,334,ńia man,phonetic,cookhouse,,,,
7-150-810-1,bitt1240,Pusing,736,bɔm,phonetic,"yard, court",,,,
7-140-810-1,bitt1240,Pusing,1316,sut pɔŋ,phonetic,tent,,,,
7-131-810-1,bitt1240,Pusing,403,trəp,phonetic,garden-house,,,,
7-130-810-1,bitt1240,Pusing,1678,bo,phonetic,hut,,,,
7-120-810-1,bitt1240,Pusing,1252,ńia,phonetic,house,,,,
7-110-810-1,bitt1240,Pusing,363,ńoʔ,phonetic,"dwell, live",,,,
6-960-810-1,bitt1240,Pusing,1171,vɛn,phonetic,mirror,,,,
6-950-810-1,bitt1240,Pusing,788,sî bu,phonetic,soap,,,,
6-940-810-1,bitt1240,Pusing,1926,ʔɔm çi çi loŋ,phonetic,ointment,,,,
6-930-810-1,bitt1240,Pusing,151,ka kuʔ toŋ klak,phonetic,razor,,,,
6-921-810-1,bitt1240,Pusing,333,tain,phonetic,braid,,,,
6-921-810-2,bitt1240,Pusing,333,tɨn lâin,phonetic,braid,,,,
6-920-810-1,bitt1240,Pusing,1821,truk,phonetic,brush,,,,
6-910-810-1,bitt1240,Pusing,1475,rəŋ ćiăh,phonetic,comb,,,,
6-820-810-1,bitt1240,Pusing,1021,pu ćiăt tɔʔ pəŋ ŋai,phonetic,towel,,,,
6-810-810-1,bitt1240,Pusing,332,pu ćiăt,phonetic,"handkerchief, rag",,,,
6-790-810-1,bitt1240,Pusing,68,sak mɨk,phonetic,tattoo,,,,
6-780-810-1,bitt1240,Pusing,330,gləŋ măt klak,phonetic,"headband, headdress",,,,
6-770-810-1,bitt1240,Pusing,770,lan,phonetic,earring,,,,
6-760-810-1,bitt1240,Pusing,1860,səm ʔaiʔ,phonetic,bead,,,,
6-750-810-1,bitt1240,Pusing,1961,suai,phonetic,necklace,,,,
6-740-810-1,bitt1240,Pusing,1754,kən tɔŋ,phonetic,bracelet,,,,
6-730-810-1,bitt1240,Pusing,1374,liap mhɨ,phonetic,ring (for finger),,,,
6-720-810-1,bitt1240,Pusing,1029,khut,phonetic,jewel,,,,
6-710-810-1,bitt1240,Pusing,917,lai lɔp,phonetic,"ornament, adornment",,,,
6-630-810-1,bitt1240,Pusing,64,ćɨr liam kɔʔ,phonetic,pin,,,,
6-620-810-1,bitt1240,Pusing,757,mɨk tɔm,phonetic,button,,,,
6-610-810-1,bitt1240,Pusing,1851,pɔk lɔp,phonetic,pocket,,,,
6-590-810-1,bitt1240,Pusing,1151,pu ćiăt,phonetic,veil,,,,
6-580-810-1,bitt1240,Pusing,867,ʔua mhɨ,phonetic,glove,,,,
6-570-810-1,bitt1240,Pusing,772,riam,phonetic,"belt, girdle",,,,
6-550-810-1,bitt1240,Pusing,2130,ŋɔm,phonetic,"hat, cap",,,,
6-540-810-1,bitt1240,Pusing,875,nain khɛ̆p,phonetic,"shoemaker, cobbler",,,,
6-510-810-1,bitt1240,Pusing,1381,khɛ̆p,phonetic,shoe,,,,
6-520-810-1,bitt1240,Pusing,585,khɛ̆p gən tu,phonetic,boot,,,,
6-490-810-1,bitt1240,Pusing,329,həu tən pɔk ʔiŋ,phonetic,"stocking, sock",,,,
6-480-810-1,bitt1240,Pusing,809,soŋ,phonetic,trousers,,,,
6-460-810-1,bitt1240,Pusing,1600,jä̆h,phonetic,skirt,,,,
6-450-810-1,bitt1240,Pusing,2012,kɨ nɔr lɔp,phonetic,collar,,,,
6-440-810-1,bitt1240,Pusing,1622,lɔp,phonetic,shirt,,,,
6-430-810-1,bitt1240,Pusing,603,lɔp han,phonetic,coat,,,,
6-420-810-1,bitt1240,Pusing,474,jä̆h,phonetic,woman's dress,,,,
6-411-810-1,bitt1240,Pusing,327,lɔp jiaŋ,phonetic,poncho,,,,
6-390-810-1,bitt1240,Pusing,157,nam çi,phonetic,dye,,,,
6-390-810-2,bitt1240,Pusing,157,nam pa,phonetic,dye,,,,
6-410-810-1,bitt1240,Pusing,326,rəŋ biŋ,phonetic,cloak,,,,
6-380-810-1,bitt1240,Pusing,1161,spai,phonetic,thread,,,,
6-360-810-1,bitt1240,Pusing,1382,cɨr lem,phonetic,needle,,,,
6-370-810-1,bitt1240,Pusing,278,tɨr nɔt,phonetic,awl,,,,
6-350-810-1,bitt1240,Pusing,1457,dip,phonetic,sew,,,,
6-340-810-1,bitt1240,Pusing,1787,mai lɔt tə kah,phonetic,loom,,,,
6-340-810-2,bitt1240,Pusing,1787,ćɔk tɛ tə kah,phonetic,loom,,,,
6-330-810-1,bitt1240,Pusing,133,tä̆ʔ tə kah,phonetic,weave,,,,
6-320-810-1,bitt1240,Pusing,277,lak spai,phonetic,spindle,,,,
6-310-810-1,bitt1240,Pusing,121,plän spai,phonetic,spin,,,,
6-290-810-1,bitt1240,Pusing,629,tə nəŋ,phonetic,leather,,,,
6-280-810-1,bitt1240,Pusing,580,tə nəŋ dɔŋ,phonetic,fur,,,,
6-270-810-1,bitt1240,Pusing,325,ʔi loŋ,phonetic,felt,,,,
6-250-810-1,bitt1240,Pusing,1641,spai,phonetic,silk,,,,
6-240-810-1,bitt1240,Pusing,1850,pai ńoŋ,phonetic,cotton,,,,
6-230-810-1,bitt1240,Pusing,916,prɛ,phonetic,"linen, flax",,,,
6-220-810-1,bitt1240,Pusing,964,pik doŋ,phonetic,wool,,,,
6-210-810-1,bitt1240,Pusing,1616,pik,phonetic,cloth,,,,
6-130-810-1,bitt1240,Pusing,881,tat dip,phonetic,tailor,,,,
6-120-810-1,bitt1240,Pusing,1895,lɔp,phonetic,"clothing, clothes",,,,
6-110-810-1,bitt1240,Pusing,158,tɔk,phonetic,put on (clothes),,,,
6-110-810-2,bitt1240,Pusing,158,sat,phonetic,put on (clothes),,,,
5-971-810-1,bitt1240,Pusing,1556,kɨ daŋ ʔɔr,phonetic,egg yolk,,,,
5-970-810-1,bitt1240,Pusing,744,kɨ daŋ,phonetic,egg,,,,
5-940-810-1,bitt1240,Pusing,404,mĕʔ ko,phonetic,fermented drink,,,,
5-930-810-1,bitt1240,Pusing,1639,koʔ nom ma,phonetic,beer,,,,
5-920-810-1,bitt1240,Pusing,1524,koʔ phu thau,phonetic,wine,,,,
5-910-810-1,bitt1240,Pusing,941,koʔ läŋ ria,phonetic,mead,,,,
5-900-810-1,bitt1240,Pusing,731,koʔ,phonetic,"beverage, drink",,,,
5-890-810-1,bitt1240,Pusing,1245,ləŋ mä ʔɔr,phonetic,butter,,,,
5-880-810-1,bitt1240,Pusing,1569,nam nɔm,phonetic,cheese,,,,
5-870-810-1,bitt1240,Pusing,93,pat ram pat,phonetic,milk (vb),,,,
5-850-810-1,bitt1240,Pusing,862,nam ʔɔä,phonetic,sugar,,,,
5-860-810-1,bitt1240,Pusing,635,ʔɔm boʔ,phonetic,milk (noun),,,,
5-840-810-1,bitt1240,Pusing,942,läŋ ria,phonetic,honey,,,,
5-821-810-1,bitt1240,Pusing,919,kuar vɛʔ,phonetic,chili pepper,,,,
5-820-810-1,bitt1240,Pusing,1385,kuar,phonetic,pepper,,,,
5-810-810-1,bitt1240,Pusing,1274,liəl,phonetic,salt,,,,
5-791-810-1,bitt1240,Pusing,323,man pan ći lɛk,phonetic,"grease, fat",,,,
5-790-810-1,bitt1240,Pusing,1484,lə meih,phonetic,oil,,,,
5-780-810-1,bitt1240,Pusing,1154,paʔ ćɨr me,phonetic,olive,,,,
5-760-810-1,bitt1240,Pusing,920,phu thau,phonetic,grape,,,,
5-770-810-1,bitt1240,Pusing,191,plɛ kɨ sa tŭih,phonetic,nut,,,,
5-712-810-1,bitt1240,Pusing,1966,ćiŋ rĭ,phonetic,bunch,,,,
5-710-810-1,bitt1240,Pusing,1507,baʔ,phonetic,fruit,,,,
5-700-810-1,bitt1240,Pusing,593,kuai hɔ,phonetic,potato,,,,
5-660-810-1,bitt1240,Pusing,832,pai,phonetic,bean,,,,
5-650-810-1,bitt1240,Pusing,924,băt,phonetic,vegetables,,,,
5-640-810-1,bitt1240,Pusing,1547,ʔɔm tɔk sap,phonetic,"soup, broth",,,,
5-630-810-1,bitt1240,Pusing,1874,sai ʔuɔ,phonetic,sausage,,,,
5-610-810-1,bitt1240,Pusing,634,sap,phonetic,meat,,,,
5-590-810-1,bitt1240,Pusing,225,khan ʔɔl,phonetic,pestle,,,,
5-580-810-1,bitt1240,Pusing,224,ʔɔl,phonetic,mortar (2),,,,
5-570-810-1,bitt1240,Pusing,636,ʔɔl,phonetic,mill,,,,
5-560-810-1,bitt1240,Pusing,1033,ʔiəu,phonetic,"crush, grind",,,,
5-550-810-1,bitt1240,Pusing,1594,khɨ mian bâ̆h,phonetic,"meal, flour",,,,
5-540-810-1,bitt1240,Pusing,274,rəŋ pat kɨ not,phonetic,knead,,,,
5-530-810-1,bitt1240,Pusing,273,khau mɨh,phonetic,dough,,,,
5-510-810-1,bitt1240,Pusing,1368,mian pau,phonetic,bread,,,,
5-490-810-1,bitt1240,Pusing,2017,kul,phonetic,"stir, mix",,,,
5-480-810-1,bitt1240,Pusing,1767,kɔt,phonetic,scrape,,,,
5-470-810-1,bitt1240,Pusing,86,rəŋ,phonetic,"sieve, strain",,,,
5-460-810-1,bitt1240,Pusing,275,li,phonetic,peel,,,,
5-450-810-1,bitt1240,Pusing,1833,mah ći kŏ,phonetic,supper,,,,
5-450-810-2,bitt1240,Pusing,1833,mah jial,phonetic,supper,,,,
5-440-810-1,bitt1240,Pusing,1833,mah ći kŏ,phonetic,dinner,,,,
5-430-810-1,bitt1240,Pusing,768,mah ćiŋ ŋä,phonetic,lunch,,,,
5-420-810-1,bitt1240,Pusing,1322,mah ran,phonetic,breakfast,,,,
5-410-810-1,bitt1240,Pusing,1526,mah,phonetic,meal (a),,,,
5-391-810-1,bitt1240,Pusing,272,kɨr liap,phonetic,tongs,,,,
5-390-810-1,bitt1240,Pusing,1302,cəl tɔk thu,phonetic,fork (2),,,,
5-390-810-2,bitt1240,Pusing,1302,thu ʔər ʔua,phonetic,fork (2),,,,
5-380-810-1,bitt1240,Pusing,1352,ka,phonetic,knife (2),,,,
5-370-810-1,bitt1240,Pusing,1378,ćɨr dɔ̆h,phonetic,spoon,,,,
5-360-810-1,bitt1240,Pusing,271,ʔuan lɛ,phonetic,saucer,,,,
5-350-810-1,bitt1240,Pusing,476,ʔuan,phonetic,"cup, drinking vessel",,,,
5-330-810-1,bitt1240,Pusing,1530,thuei,phonetic,bowl,,,,
5-340-810-1,bitt1240,Pusing,270,mɔ la,phonetic,"pitcher, jug",,,,
5-320-810-1,bitt1240,Pusing,480,ʔuan sa liah,phonetic,plate,,,,
5-310-810-1,bitt1240,Pusing,481,khəŋ,phonetic,dish,,,,
5-280-810-1,bitt1240,Pusing,31,mɔ,phonetic,pan,,,,
5-260-810-1,bitt1240,Pusing,1462,mɔ,phonetic,"pot, cooking vessel",,,,
5-270-810-1,bitt1240,Pusing,854,mɔ la,phonetic,kettle,,,,
5-240-810-1,bitt1240,Pusing,183,piŋ,phonetic,bake,,,,
5-250-810-1,bitt1240,Pusing,1143,kɛŋ mɔ,phonetic,oven,,,,
5-250-810-2,bitt1240,Pusing,1143,puăh,phonetic,oven,,,,
5-230-810-1,bitt1240,Pusing,2146,ćən,phonetic,"roast, fry",,,,
5-220-810-1,bitt1240,Pusing,792,măh tɔm,phonetic,boil (vb),,,,
5-210-810-1,bitt1240,Pusing,1100,tä̆ʔ,phonetic,cook,,,,
5-210-810-2,bitt1240,Pusing,1100,sî ʔuh,phonetic,cook,,,,
5-190-810-1,bitt1240,Pusing,129,gɔk,phonetic,choke,,,,
5-181-810-1,bitt1240,Pusing,897,klɨt,phonetic,swallow,,,,
5-180-810-1,bitt1240,Pusing,321,kən tap,phonetic,chew,,,,
5-160-810-1,bitt1240,Pusing,1421,kɨ jɔk,phonetic,suck,,,,
5-150-810-1,bitt1240,Pusing,848,cî ʔɔm,phonetic,thirst,,,,
5-141-810-1,bitt1240,Pusing,199,tər rɔm,phonetic,famine,,,,
5-140-810-1,bitt1240,Pusing,1864,cî măʔ,phonetic,hunger,,,,
5-130-810-1,bitt1240,Pusing,1401,tɛŋ,phonetic,drink,,,,
5-125-810-1,bitt1240,Pusing,1728,pɨei,phonetic,rotten,,,,
5-124-810-1,bitt1240,Pusing,1958,ʔâiʔ,phonetic,"green, unripe",,,,
5-123-810-1,bitt1240,Pusing,178,ʔɔr,phonetic,ripe,,,,
5-122-810-1,bitt1240,Pusing,1959,ləm ʔäm,phonetic,raw,,,,
5-121-810-1,bitt1240,Pusing,269,jin,phonetic,cooked,,,,
5-120-810-1,bitt1240,Pusing,256,ʔâiʔ tuʔ,phonetic,food,,,,
5-110-810-1,bitt1240,Pusing,1336,tuʔ,phonetic,eat,,,,
4-990-810-1,bitt1240,Pusing,590,ləŋ luʔ,phonetic,"naked, bare",,,,
4-970-810-1,bitt1240,Pusing,1653,lɨk,phonetic,blind,,,,
4-980-810-1,bitt1240,Pusing,1463,çia kɔ̆ʔ,phonetic,intoxicated,,,,
4-960-810-1,bitt1240,Pusing,1666,bɨ,phonetic,mute,,,,
4-960-810-2,bitt1240,Pusing,1666,ći lɔt,phonetic,mute,,,,
4-950-810-1,bitt1240,Pusing,996,lot,phonetic,deaf,,,,
4-930-810-1,bitt1240,Pusing,1125,klak lom,phonetic,bald,,,,
4-940-810-1,bitt1240,Pusing,320,pliə,phonetic,lame,,,,
4-940-810-2,bitt1240,Pusing,320,kuɛ,phonetic,lame,,,,
4-920-810-1,bitt1240,Pusing,1564,gəm ćiak,phonetic,lazy,,,,
4-920-810-2,bitt1240,Pusing,1564,gi khan,phonetic,lazy,,,,
4-912-810-1,bitt1240,Pusing,168,tä̆ʔ sam tui,phonetic,rest,,,,
4-910-810-1,bitt1240,Pusing,1757,kra,phonetic,"tired, weary",,,,
4-890-810-1,bitt1240,Pusing,655,pər lai tu,phonetic,poison,,,,
4-880-810-1,bitt1240,Pusing,1372,pər lai,phonetic,"medicine, drug",,,,
4-870-810-1,bitt1240,Pusing,597,mɔ jia,phonetic,physician,,< T,,
4-860-810-1,bitt1240,Pusing,499,nɔk,phonetic,"cure, heal",,,,
4-858-810-1,bitt1240,Pusing,497,mɨr,phonetic,scar,,,,
4-858-810-2,bitt1240,Pusing,497,moih,phonetic,scar,,,,
4-857-810-1,bitt1240,Pusing,1808,dom,phonetic,pus,,,,
4-856-810-1,bitt1240,Pusing,793,kɨ jo,phonetic,boil (noun),,,,
4-855-810-1,bitt1240,Pusing,1584,klɨr tŭp,phonetic,blister,,,,
4-854-810-1,bitt1240,Pusing,148,ʔɛ̆h neŋ,phonetic,itch,,,,
4-854-810-2,bitt1240,Pusing,148,ŋaʔ,phonetic,itch,,,,
4-853-810-1,bitt1240,Pusing,1903,ʔɛ̆h,phonetic,swelling,,,,
4-852-810-1,bitt1240,Pusing,1148,ʔɛ̆h,phonetic,bruise,,,,
4-850-810-1,bitt1240,Pusing,1109,bat,phonetic,"wound, sore",,,,
4-843-810-1,bitt1240,Pusing,102,cŏʔ təm sər,phonetic,cold (catarrh),,,,
4-842-810-1,bitt1240,Pusing,1957,təŋ ŋɛ̆t,phonetic,goiter,,,,
4-841-810-1,bitt1240,Pusing,1534,cŏʔ tɔk,phonetic,fever,,,,
4-841-810-2,bitt1240,Pusing,1534,cŏʔ ʔəm,phonetic,fever,,,,
4-840-810-1,bitt1240,Pusing,1847,cŏʔ,phonetic,"sick, sickness",,,,
4-830-810-1,bitt1240,Pusing,1364,təp nɔk,phonetic,"well, health",,,,
4-820-810-1,bitt1240,Pusing,1601,jɨm,phonetic,weak,,,,
4-810-810-1,bitt1240,Pusing,785,lɛ̆ʔ raŋ,phonetic,"strong, mighty, powerful",,,,
4-790-810-1,bitt1240,Pusing,1773,sər mon,phonetic,"grave, tomb",,,,
4-780-810-1,bitt1240,Pusing,1719,də̆p,phonetic,bury (the dead),,,,
4-770-810-1,bitt1240,Pusing,767,to,phonetic,corpse,,,,
4-760-810-1,bitt1240,Pusing,1417,ŋɛ̆h,phonetic,kill,,,,
4-751-810-1,bitt1240,Pusing,1904,dɨn ləm ŋăt,phonetic,drowned,,,,
4-750-810-1,bitt1240,Pusing,1494,ŋăt,phonetic,"die, dead",,,,
4-740-810-1,bitt1240,Pusing,1422,loh,phonetic,"live, living, life",,,,
4-740-810-2,bitt1240,Pusing,1422,tu nɔt,phonetic,"live, living, life",,,,
4-732-810-1,bitt1240,Pusing,1087,kɨt na kân,phonetic,conceive,,,,
4-730-810-1,bitt1240,Pusing,1123,kɨt na sən pul,phonetic,pregnant,,,,
4-720-810-1,bitt1240,Pusing,1090,kɨt,phonetic,born (to be),,,,
4-710-810-1,bitt1240,Pusing,1152,liaŋ kân,phonetic,beget (of father),,,,
4-690-810-1,bitt1240,Pusing,138,tä̆ʔ sɔm,phonetic,bathe,,,,
4-680-810-1,bitt1240,Pusing,52,təm sɨr,phonetic,shiver,,,,
4-670-810-1,bitt1240,Pusing,1785,tä̆ʔ tɔk,phonetic,have sexual intercourse,,,,
4-660-810-1,bitt1240,Pusing,676,tä̆ʔ jɨk,phonetic,defecate,,,,
4-650-810-1,bitt1240,Pusing,592,nom,phonetic,urinate,,,,
4-640-810-1,bitt1240,Pusing,1159,tä̆ʔ ʔak,phonetic,break wind,,,,
4-630-810-1,bitt1240,Pusing,1602,tɨŋ ɨm,phonetic,wake up,,,,
4-620-810-1,bitt1240,Pusing,1920,sən pɔ,phonetic,dream,,,,
4-612-810-1,bitt1240,Pusing,1983,tä̆ʔ sən tal,phonetic,snore,,,,
4-610-810-1,bitt1240,Pusing,1585,ʔuein,phonetic,sleep,,,,
4-591-810-1,bitt1240,Pusing,268,ʔɔk jɔr,phonetic,dribble,,,,
4-590-810-1,bitt1240,Pusing,319,lɨih,phonetic,lick,,,,
4-580-810-1,bitt1240,Pusing,1403,ʔɔk,phonetic,bite,,,,
4-570-810-1,bitt1240,Pusing,1278,tä̆ʔ sal,phonetic,vomit,,,,
4-560-810-1,bitt1240,Pusing,1440,jɔr,phonetic,spit,,,,
4-550-810-1,bitt1240,Pusing,126,ʔɔk sɨm lŭʔ,phonetic,perspire,,,,
4-540-810-1,bitt1240,Pusing,1621,tä̆ʔ câm,phonetic,sneeze,,,,
4-530-810-1,bitt1240,Pusing,879,tä̆ʔ cî nɔk,phonetic,cough,,,,
4-521-810-1,bitt1240,Pusing,162,tä̆ʔ kləl ʔəʔ,phonetic,hiccough,,,,
4-520-810-1,bitt1240,Pusing,1028,tä̆ʔ səŋ ʔap,phonetic,"yawn, gape",,,,
4-510-810-1,bitt1240,Pusing,1407,dɔk səŋ ge,phonetic,"breathe, breath",,,,
4-492-810-1,bitt1240,Pusing,1222,kla,phonetic,penis,,,,
4-490-810-1,bitt1240,Pusing,797,kəl dam,phonetic,testicle,,,,
4-470-810-1,bitt1240,Pusing,804,ńia kân,phonetic,womb,,,,
4-464-810-1,bitt1240,Pusing,834,klil,phonetic,buttocks,,,,
4-463-810-1,bitt1240,Pusing,1745,gəm pɔ̆ʔ klil,phonetic,hip,,,,
4-462-810-1,bitt1240,Pusing,1681,liam,phonetic,waist,,,,
4-461-810-1,bitt1240,Pusing,1991,sriaŋ,phonetic,"intestines, guts",,,,
4-460-810-1,bitt1240,Pusing,819,ʔuei,phonetic,stomach,,,,
4-452-810-1,bitt1240,Pusing,1744,sən nak,phonetic,spleen,,,,
4-451-810-1,bitt1240,Pusing,489,ma klɨm,phonetic,kidney,,,,
4-450-810-1,bitt1240,Pusing,1224,tə lâm,phonetic,liver,,,,
4-441-810-1,bitt1240,Pusing,688,sî sɔh,phonetic,lung,,,,
4-440-810-1,bitt1240,Pusing,1223,plɛ ri,phonetic,heart,,,,
4-430-810-1,bitt1240,Pusing,1838,sər po,phonetic,navel,,,,
4-420-810-1,bitt1240,Pusing,154,çi çiɛ ɔm bŏʔ,phonetic,udder,,,,
4-412-810-1,bitt1240,Pusing,796,plɛ bŏʔ,phonetic,"nipple, teat",,,,
4-410-810-1,bitt1240,Pusing,1402,bŏʔ,phonetic,breast (of woman),,,,
4-400-810-1,bitt1240,Pusing,1592,gɨ naŋ,phonetic,chest,,,,
4-393-810-1,bitt1240,Pusing,1201,dɔŋ,phonetic,feather,,,,
4-392-810-1,bitt1240,Pusing,1257,dɔŋ sə naŋ,phonetic,wing,,,,
4-380-810-1,bitt1240,Pusing,1389,rɔŋ kɔŋ jiŋ,phonetic,toe,,,,
4-374-810-1,bitt1240,Pusing,318,sai jiŋ,phonetic,footprint,,,,
4-372-810-1,bitt1240,Pusing,980,kən dar,phonetic,heel,,,,
4-371-810-1,bitt1240,Pusing,803,mək lɛ̆ʔ,phonetic,ankle,,,,
4-370-810-1,bitt1240,Pusing,1301,jiŋ,phonetic,foot,,,,
4-360-810-1,bitt1240,Pusing,1371,klak nil,phonetic,knee,,,,
4-352-810-1,bitt1240,Pusing,498,kəŋ paŋ dŏʔ,phonetic,calf of leg,,,,
4-351-810-1,bitt1240,Pusing,800,kəŋ paŋ neŋ,phonetic,thigh,,,,
4-350-810-1,bitt1240,Pusing,1297,kəŋ paŋ,phonetic,leg,,,,
4-345-810-1,bitt1240,Pusing,72,rɔŋ kɔŋ jiŋ,phonetic,claw,,,,
4-344-810-1,bitt1240,Pusing,1258,tam soŋ ti,phonetic,fingernail,,,,
4-342-810-1,bitt1240,Pusing,1781,ti tol,phonetic,thumb,,,,
4-340-810-1,bitt1240,Pusing,1303,rɔŋ kɔŋ ti,phonetic,finger,,,,
4-331-810-1,bitt1240,Pusing,1183,gɨn dɔm ti,phonetic,palm of hand,,,,
4-330-810-1,bitt1240,Pusing,1277,ti,phonetic,hand,,,,
4-321-810-1,bitt1240,Pusing,799,hər lɛ̆h ti,phonetic,wrist,,,,
4-320-810-1,bitt1240,Pusing,981,kən dɔŋ bɔ̆it,phonetic,elbow,,,,
4-312-810-1,bitt1240,Pusing,1886,kən dɔ,phonetic,armpit,,,,
4-310-810-1,bitt1240,Pusing,1673,kən tɛ̆h,phonetic,arm,,,,
4-302-810-1,bitt1240,Pusing,1994,jɔŋ svak kɨ nɔr,phonetic,collarbone,,,,
4-301-810-1,bitt1240,Pusing,172,jɔŋ svak,phonetic,shoulderblade,,,,
4-300-810-1,bitt1240,Pusing,1482,svak,phonetic,shoulder,,,,
4-290-810-1,bitt1240,Pusing,1346,boŋ gɔk,phonetic,throat,,,,
4-281-810-1,bitt1240,Pusing,1347,sî çie kɨ tun,phonetic,nape of neck,,,,
4-280-810-1,bitt1240,Pusing,1333,kru nɔr,phonetic,neck,,,,
4-272-810-1,bitt1240,Pusing,1049,sroŋ cən ʔam,phonetic,molartooth,,,,
4-270-810-1,bitt1240,Pusing,1380,sroŋ,phonetic,tooth,,,,
4-271-810-1,bitt1240,Pusing,139,ŋa saŋ,phonetic,gums,,,,
4-271-810-2,bitt1240,Pusing,139,dap sroŋ,phonetic,gums,,,,
4-260-810-1,bitt1240,Pusing,1205,sɨŋ tak,phonetic,tongue,,,,
4-250-810-1,bitt1240,Pusing,478,dɨp,phonetic,lip,,,,
4-241-810-1,bitt1240,Pusing,73,tər nuăi ćem,phonetic,beak,,,,
4-240-810-1,bitt1240,Pusing,674,tər nuăi,phonetic,mouth,,,,
4-232-810-1,bitt1240,Pusing,208,bŭt,phonetic,mucus (nasal),,,,
4-231-810-1,bitt1240,Pusing,1178,kən tu mŏih,phonetic,nostril,,,,
4-230-810-1,bitt1240,Pusing,1221,mŏih,phonetic,nose,,,,
4-222-810-1,bitt1240,Pusing,32,jak tor,phonetic,earwax,,,,
4-221-810-1,bitt1240,Pusing,18,dai tor,phonetic,earlobe,,,,
4-220-810-1,bitt1240,Pusing,1247,tor,phonetic,ear,,,,
4-215-810-1,bitt1240,Pusing,1655,ćiaʔ pəŋ ŋai,phonetic,blink,,,,
4-214-810-1,bitt1240,Pusing,1540,dɔŋ pəŋ ŋai,phonetic,eyelash,,,,
4-213-810-1,bitt1240,Pusing,17,kən pir pəŋ ŋai,phonetic,eyelid,,,,
4-212-810-1,bitt1240,Pusing,1173,dɔŋ kən pir pəŋ ŋai,phonetic,eyebrow,,,,
4-210-810-1,bitt1240,Pusing,1248,pəŋ ŋai,phonetic,eye,,,,
4-208-810-1,bitt1240,Pusing,1730,tə pɔm,phonetic,cheek,,,,
4-209-810-1,bitt1240,Pusing,1510,vaŋ,phonetic,chin,,,,
4-205-810-1,bitt1240,Pusing,123,dak,phonetic,forehead,,,,
4-207-810-1,bitt1240,Pusing,798,tə pɔm,phonetic,jaw,,,,
4-204-810-1,bitt1240,Pusing,1560,rəŋ maŋ,phonetic,face,,,,
4-203-810-1,bitt1240,Pusing,1583,kə taŋ,phonetic,brain,,,,
4-201-810-1,bitt1240,Pusing,1604,təp kɛt,phonetic,"side of head, temple",,,,
4-202-810-1,bitt1240,Pusing,1605,tɨr pɔ klak,phonetic,skull,,,,
4-200-810-1,bitt1240,Pusing,1256,klak,phonetic,head,,,,
4-191-810-1,bitt1240,Pusing,805,jɔŋ kuh,phonetic,spine,,,,
4-190-810-1,bitt1240,Pusing,1291,gəm pɔ̆ʔ,phonetic,back,,,,
4-180-810-1,bitt1240,Pusing,1220,sən ta,phonetic,tail,,,,
4-170-810-1,bitt1240,Pusing,1393,tə kuai,phonetic,horn,,,,
4-162-810-1,bitt1240,Pusing,801,jɔŋ cɨm niar,phonetic,rib,,,,
4-160-810-1,bitt1240,Pusing,1394,jɔŋ,phonetic,bone,,,,
4-151-810-1,bitt1240,Pusing,525,sai sî nɔm,phonetic,"vein, artery",,,,
4-150-810-1,bitt1240,Pusing,946,sî nɔm,phonetic,blood,,,,
4-146-810-1,bitt1240,Pusing,576,pɔp,phonetic,dandruff,,,,
4-145-810-1,bitt1240,Pusing,36,dɔŋ kla,phonetic,pubic hair,,,,
4-144-810-1,bitt1240,Pusing,189,dɔŋ ti,phonetic,body hair,,,,
4-142-810-1,bitt1240,Pusing,678,dɔŋ mɨŋ,phonetic,beard,,,,
4-140-810-1,bitt1240,Pusing,1040,dɔŋ klak,phonetic,hair (head),,,,
4-130-810-1,bitt1240,Pusing,2259,sap,phonetic,flesh,,,,
4-120-810-1,bitt1240,Pusing,763,tə nəŋ,phonetic,"skin, hide",,,,
4-110-810-1,bitt1240,Pusing,1480,tɔ,phonetic,body,,,,
3-980-810-1,bitt1240,Pusing,112,kə jiaŋ,phonetic,turtle,,,,
3-960-810-1,bitt1240,Pusing,632,bɔl,phonetic,lizard,,,,
3-950-810-1,bitt1240,Pusing,503,rai,phonetic,frog,,,,
3-940-810-1,bitt1240,Pusing,1543,klɔl,phonetic,snail,,,,
3-930-810-1,bitt1240,Pusing,607,tuăih,phonetic,grasshopper,,,,
3-920-810-1,bitt1240,Pusing,1791,lu lap,phonetic,butterfly,,,,
3-910-810-1,bitt1240,Pusing,206,pä̆t luei,phonetic,firefly,,,,
3-850-810-1,bitt1240,Pusing,730,măr,phonetic,snake,,,,
3-840-810-1,bitt1240,Pusing,1219,gɔk bat,phonetic,worm,,,,
3-832-810-1,bitt1240,Pusing,1509,səŋ ŋâin,phonetic,mosquito,,,,
3-831-810-1,bitt1240,Pusing,95,loŋ lap ruei,phonetic,"sandfly (midge), gnat",,,,
3-830-810-1,bitt1240,Pusing,1504,râi,phonetic,fly,,,,
3-823-810-1,bitt1240,Pusing,1517,spot,phonetic,wasp,,,,
3-822-810-1,bitt1240,Pusing,88,ńia rə lia,phonetic,beehive,,,,
3-822-810-2,bitt1240,Pusing,88,tham rə lia,phonetic,beehive,,,,
3-821-810-1,bitt1240,Pusing,1931,dian,phonetic,beeswax,,,,
3-820-810-1,bitt1240,Pusing,665,ra lia,phonetic,bee,,,,
3-819-810-1,bitt1240,Pusing,1065,ńia sɨŋ ʔuaʔ,phonetic,spider web,,,,
3-818-810-1,bitt1240,Pusing,843,sɨŋ ʔuaʔ,phonetic,spider,,,,
3-817-810-1,bitt1240,Pusing,587,sî: mɔik,phonetic,ant,,,,
3-816-810-1,bitt1240,Pusing,1575,soŋ tɛʔ,phonetic,cockroach,,,,
3-814-810-1,bitt1240,Pusing,1974,sɨm nar,phonetic,centipede,,,,
3-813-810-1,bitt1240,Pusing,232,ćər tĕp,phonetic,flea,,,,
3-812-810-1,bitt1240,Pusing,267,gə dɔŋ će,phonetic,nit (louse egg),,,,
3-811-810-1,bitt1240,Pusing,1392,sɨm riŋ,phonetic,louse,,,,
3-811-810-2,bitt1240,Pusing,1392,će,phonetic,louse,,,,
3-810-810-1,bitt1240,Pusing,620,kok,phonetic,insect,,,,
3-780-810-1,bitt1240,Pusing,1871,luɔ thuɔ,phonetic,camel,,,,
3-770-810-1,bitt1240,Pusing,1290,saŋ,phonetic,elephant,,,,
3-760-810-1,bitt1240,Pusing,1350,ʔua,phonetic,monkey,,,,
3-750-810-1,bitt1240,Pusing,1936,tiak,phonetic,deer,,,,
3-740-810-1,bitt1240,Pusing,1312,sɨm lək,phonetic,fox,,,,
3-730-810-1,bitt1240,Pusing,1820,sɔl,phonetic,bear,,,,
3-720-810-1,bitt1240,Pusing,1386,ʔər vai klak niŋ,phonetic,lion,,,,
3-710-810-1,bitt1240,Pusing,522,kə ni,phonetic,wolf,,,,
3-665-810-1,bitt1240,Pusing,1013,jian,phonetic,freshwater eel,,,,
3-663-810-1,bitt1240,Pusing,957,pa bɨk,phonetic,whale,,,,
3-662-810-1,bitt1240,Pusing,1479,rə ʔuai ra,phonetic,"porpoise, dolphin",,,,
3-661-810-1,bitt1240,Pusing,1110,mhuɔ pər məŋ,phonetic,shark,,,,
3-655-810-1,bitt1240,Pusing,598,lu laʔ,phonetic,shell,,,,
3-654-810-1,bitt1240,Pusing,1916,ŋak mhuɔ,phonetic,gill,,,,
3-653-810-1,bitt1240,Pusing,266,rak mhuɔ,phonetic,fishscale,,,,
3-652-810-1,bitt1240,Pusing,213,giau mhuɔ,phonetic,fin (dorsal),,,,
3-650-810-1,bitt1240,Pusing,227,mhuɔ,phonetic,fish,,,,
3-630-810-1,bitt1240,Pusing,2139,prăŋ,phonetic,"mouse, rat",,,,
3-620-810-1,bitt1240,Pusing,1208,miau,phonetic,cat,,,,
3-614-810-1,bitt1240,Pusing,1136,ka tai,phonetic,rabbit,,,,
3-610-810-1,bitt1240,Pusing,2009,ćiăʔ,phonetic,dog,,,,
3-594-810-1,bitt1240,Pusing,1853,tur ku,phonetic,dove,,,,
3-596-810-1,bitt1240,Pusing,735,pu kɔ,phonetic,owl,,,,
3-593-810-1,bitt1240,Pusing,913,kəl ʔak,phonetic,crow,,,,
3-592-810-1,bitt1240,Pusing,882,vɛh,phonetic,parrot,,,,
3-591-810-1,bitt1240,Pusing,1793,rur tɛr,phonetic,bat,,,,
3-586-810-1,bitt1240,Pusing,1185,klaŋ,phonetic,vulture,,,,
3-585-810-1,bitt1240,Pusing,307,klaŋ,phonetic,hawk,,,,
3-584-810-1,bitt1240,Pusing,1905,klaŋ tur,phonetic,eagle,,,,
3-582-810-1,bitt1240,Pusing,950,ćem rɔ,phonetic,seagull,,,,
3-583-810-1,bitt1240,Pusing,758,mə hɛŋ,phonetic,heron,,,,
3-581-810-1,bitt1240,Pusing,937,ćem,phonetic,bird,,,,
3-580-810-1,bitt1240,Pusing,539,sî: ra mɔ,phonetic,nest,,,,
3-570-810-1,bitt1240,Pusing,1360,kap,phonetic,duck,,,,
3-560-810-1,bitt1240,Pusing,1187,ŋan,phonetic,goose,,,,
3-550-810-1,bitt1240,Pusing,1318,jiar,phonetic,chicken,,,,
3-540-810-1,bitt1240,Pusing,1514,jiar ra mĕʔ,phonetic,hen,,,,
3-520-810-1,bitt1240,Pusing,1511,jiar ra mɨih,phonetic,"cock, rooster",,,,
3-470-810-1,bitt1240,Pusing,890,ma luo,phonetic,mule,,,,
3-500-810-1,bitt1240,Pusing,265,sat liaŋ lɛʔ tɔŋ snɔŋ,phonetic,fowl,,,,
3-460-810-1,bitt1240,Pusing,1862,skuə,phonetic,"ass, donkey",,,,
3-450-810-1,bitt1240,Pusing,1647,kân ma ra mɨih,phonetic,"foal, colt",,,,
3-450-810-2,bitt1240,Pusing,1647,kân ma meʔ,phonetic,"foal, colt",,,,
3-440-810-1,bitt1240,Pusing,938,ma mĕʔ,phonetic,mare,,,,
3-420-810-1,bitt1240,Pusing,936,ma ra mɨih,phonetic,stallion,,,,
3-410-810-1,bitt1240,Pusing,615,ma,phonetic,horse (equine),,,,
3-380-810-1,bitt1240,Pusing,1972,kân kiăh,phonetic,kid,,,,
3-370-810-1,bitt1240,Pusing,264,kiăh ra mɨih,phonetic,he-goat,,,,
3-360-810-1,bitt1240,Pusing,1502,kiăh,phonetic,goat,,,,
3-350-810-1,bitt1240,Pusing,1337,cî lɛk,phonetic,pig,,,,
3-340-810-1,bitt1240,Pusing,1351,cî lɛk mĕʔ,phonetic,sow (2),,,,
3-320-810-1,bitt1240,Pusing,1348,cî lɛk ra mɨih,phonetic,boar,,,,
3-280-810-1,bitt1240,Pusing,1345,bɛʔ mĕʔ,phonetic,ewe,,,,
3-260-810-1,bitt1240,Pusing,1344,bɛʔ ra mɨih,phonetic,ram,,,,
3-250-810-1,bitt1240,Pusing,1331,bɛʔ,phonetic,sheep,,,,
3-240-810-1,bitt1240,Pusing,1989,kân tɨ rak,phonetic,calf,,,,
3-240-810-2,bitt1240,Pusing,1989,kân bɔʔ,phonetic,calf,,,,
3-230-810-1,bitt1240,Pusing,1007,bɔʔ niŋ,phonetic,cow,,,,
3-220-810-1,bitt1240,Pusing,1169,bɔʔ,phonetic,ox,,,,
3-210-810-1,bitt1240,Pusing,1008,tɨ rak ra mɨih,phonetic,bull,,,,
3-200-810-1,bitt1240,Pusing,1153,săt ńia,phonetic,cattle (bovine),,,,
3-190-810-1,bitt1240,Pusing,851,raŋ kɔk,phonetic,"stable, stall",,,,
3-180-810-1,bitt1240,Pusing,263,pu çiŋ liaŋ tə raʔ,phonetic,herdsman,,,,
3-180-810-2,bitt1240,Pusing,263,pu çiŋ liaŋ bɛʔ,phonetic,herdsman,,,,
3-160-810-1,bitt1240,Pusing,649,dən,phonetic,pasture,,,,
3-150-810-1,bitt1240,Pusing,631,sat ńia,phonetic,livestock,,,,
3-130-810-1,bitt1240,Pusing,2262,ma kan,phonetic,female (adj),,,,
3-120-810-1,bitt1240,Pusing,2261,rə mɨih,phonetic,male (adj),,,,
3-110-810-1,bitt1240,Pusing,619,săt,phonetic,animal,,,,
2-960-810-1,bitt1240,Pusing,817,kä,phonetic,they,,,,
2-950-810-1,bitt1240,Pusing,1213,pir,phonetic,you (plural),,,,
2-942-810-1,bitt1240,Pusing,1130,ʔi,phonetic,we (exclusive),,,,
2-941-810-1,bitt1240,Pusing,1131,ʔi taŋ gəm tə,phonetic,we (inclusive),,,,
2-940-810-1,bitt1240,Pusing,1212,ʔi,phonetic,we,,,,
2-930-810-1,bitt1240,Pusing,262,khɨ,phonetic,he/she/it,,,,
2-930-810-2,bitt1240,Pusing,262,ŋɔ,phonetic,he/she/it,,,,
2-930-810-3,bitt1240,Pusing,262,go,phonetic,he/she/it,,,,
2-920-810-1,bitt1240,Pusing,1215,mi,phonetic,you (singular),,,,
2-920-810-2,bitt1240,Pusing,1215,pa,phonetic,you (singular),,,,
2-910-810-1,bitt1240,Pusing,1209,jɔ,phonetic,I,,,,
2-820-810-1,bitt1240,Pusing,194,nau ńia,phonetic,family,,,,
2-810-810-1,bitt1240,Pusing,1644,phi noŋ,phonetic,"relatives, kinsmen",,,,
2-770-810-1,bitt1240,Pusing,1981,phu mai,phonetic,widower,,,,
2-760-810-1,bitt1240,Pusing,1756,mĕʔ mai,phonetic,widow,,,,
2-750-810-1,bitt1240,Pusing,1149,kân kə tui,phonetic,orphan,,,,
2-740-810-1,bitt1240,Pusing,1058,kân kɛp ma kan,phonetic,stepdaughter,,,,
2-730-810-1,bitt1240,Pusing,1059,kân kɛp ma ra,phonetic,stepson,,,,
2-720-810-1,bitt1240,Pusing,236,mĕʔ sain,phonetic,stepmother,,,,
2-710-810-1,bitt1240,Pusing,237,ʔoiŋ sain,phonetic,stepfather,,,,
2-641-810-1,bitt1240,Pusing,2264,moʔ,phonetic,daughter-in-law (of a woman),,,,
2-640-810-1,bitt1240,Pusing,2265,moʔ,phonetic,daughter-in-law (of a man),,,,
2-631-810-1,bitt1240,Pusing,2266,kɨei,phonetic,son-in-law (of a woman),,,,
2-630-810-1,bitt1240,Pusing,2267,kɨei,phonetic,son-in-law (of a man),,,,
2-621-810-1,bitt1240,Pusing,2257,mĕʔ,phonetic,mother-in-law (of a woman),,,,
2-620-810-1,bitt1240,Pusing,2256,kai ŋai,phonetic,mother-in-law (of a man),,,,
2-611-810-1,bitt1240,Pusing,2254,ŋai,phonetic,father-in-law (of a woman),,,,
2-610-810-1,bitt1240,Pusing,2255,ŋai sau kan,phonetic,father-in-law (of a man),,,,
2-570-810-1,bitt1240,Pusing,490,cî lɛʔ,phonetic,descendants,,,,
2-560-810-1,bitt1240,Pusing,1669,ʔɔh ʔɔi,phonetic,ancestors,,,,
2-550-810-1,bitt1240,Pusing,1643,ʔuei ʔait,phonetic,cousin,,,,
2-540-810-1,bitt1240,Pusing,1642,ću ma kan,phonetic,niece,,,,
2-530-810-1,bitt1240,Pusing,1063,ću ma ra,phonetic,nephew,,,,
2-522-810-1,bitt1240,Pusing,170,meʔ mɨih,phonetic,father's sister,,,,
2-520-810-1,bitt1240,Pusing,1272,meʔ sâi,phonetic,aunt,,,,
2-521-810-1,bitt1240,Pusing,171,meʔ sâi,phonetic,mother's sister,,,,
2-512-810-1,bitt1240,Pusing,1985,ʔoiŋ diŋ,phonetic,father's brother,,,,
2-511-810-1,bitt1240,Pusing,1984,ʔoiŋ mɨih hân,phonetic,mother's brother,,,,
2-510-810-1,bitt1240,Pusing,1327,ʔoiŋ pa,phonetic,uncle,,,,
2-480-810-1,bitt1240,Pusing,1618,ću ma ra,phonetic,grandson,,,,
2-490-810-1,bitt1240,Pusing,1619,ću ma kan,phonetic,granddaughter,,,,
2-471-810-1,bitt1240,Pusing,907,ma raʔ ma kan,phonetic,old woman,,,,
2-470-810-1,bitt1240,Pusing,1496,ai ma kan,phonetic,grandmother,,,,
2-461-810-1,bitt1240,Pusing,406,ma raʔ ma rɔ,phonetic,old man,,,,
2-460-810-1,bitt1240,Pusing,1383,ŋai ma ra,phonetic,grandfather,,,,
2-458-810-1,bitt1240,Pusing,1005,kân hɨr lâŋ,phonetic,twins,,,,
2-456-810-1,bitt1240,Pusing,1640,ʔuei ʔait,phonetic,sibling,,,,
2-455-810-1,bitt1240,Pusing,1761,ʔuei ma kan,phonetic,younger sister,,,,
2-454-810-1,bitt1240,Pusing,1758,ʔait ma kan,phonetic,older sister,,,,
2-450-810-1,bitt1240,Pusing,1263,ʔuei ʔait ma kan,phonetic,sister,,,,
2-445-810-1,bitt1240,Pusing,1760,ʔuei ma ra,phonetic,younger brother,,,,
2-444-810-1,bitt1240,Pusing,1759,ʔait ma ra,phonetic,older brother,,,,
2-440-810-1,bitt1240,Pusing,1262,ʔuei ʔait,phonetic,brother,,,,
2-430-810-1,bitt1240,Pusing,1801,kân,phonetic,offspring (son or daughter),,,,
2-420-810-1,bitt1240,Pusing,1357,kân ma kan,phonetic,daughter,,,,
2-410-810-1,bitt1240,Pusing,1620,kân ma ra,phonetic,son,,,,
2-390-810-1,bitt1240,Pusing,426,ma kan tɔk lie,phonetic,married woman,,,,
2-380-810-1,bitt1240,Pusing,424,ma ra tɔk kan,phonetic,married man,,,,
2-370-810-1,bitt1240,Pusing,505,ʔoiŋ mĕʔ,phonetic,parents,,,,
2-350-810-1,bitt1240,Pusing,1217,ʔoiŋ,phonetic,father,,,,
2-341-810-1,bitt1240,Pusing,1134,kuɔh,phonetic,divorce,,,,
2-340-810-1,bitt1240,Pusing,1259,bon khun,phonetic,"marriage, wedding",,,,
2-330-810-1,bitt1240,Pusing,203,tuk ʔuain,phonetic,marry,,,,
2-320-810-1,bitt1240,Pusing,1199,kan,phonetic,wife,,,,
2-310-810-1,bitt1240,Pusing,1200,lie,phonetic,husband,,,,
2-280-810-1,bitt1240,Pusing,1289,kân lɔm,phonetic,"infant, baby",,,,
2-270-810-1,bitt1240,Pusing,1304,kɨr ńian,phonetic,child,,,,
2-261-810-1,bitt1240,Pusing,77,ma kan kɛ,phonetic,young woman (adolescent),,,,
2-260-810-1,bitt1240,Pusing,1646,kân ma kan,phonetic,girl,,,,
2-251-810-1,bitt1240,Pusing,76,ńian bau,phonetic,young man (adolescent),,,,
2-250-810-1,bitt1240,Pusing,1366,kun ma ra,phonetic,boy,,,,
2-240-810-1,bitt1240,Pusing,1551,ma kan,phonetic,female,,,,
2-230-810-1,bitt1240,Pusing,1553,ma ra,phonetic,male,,,,
2-220-810-1,bitt1240,Pusing,962,pu çiŋ ma kan,phonetic,woman,,,,
2-210-810-1,bitt1240,Pusing,1554,pu çiŋ mu ra,phonetic,man (vs. woman),,,,
2-100-810-1,bitt1240,Pusing,683,pu çiŋ,phonetic,"person, human being",,,,
1-890-810-1,bitt1240,Pusing,1188,kəl cah,phonetic,charcoal,,,,
1-880-810-1,bitt1240,Pusing,10,çie,phonetic,firewood,,,,
1-870-810-1,bitt1240,Pusing,1133,liak,phonetic,match (noun),,,,
1-861-810-1,bitt1240,Pusing,127,pu sŭt ćiŋ ʔal,phonetic,extinguish,,,,
1-860-810-1,bitt1240,Pusing,737,tər mɔk ćiŋ ʔal,phonetic,"light, kindle, ignite",,,,
1-852-810-1,bitt1240,Pusing,1428,məŋ răk,phonetic,burn (vb intrans),,,,
1-851-810-1,bitt1240,Pusing,141,tuih,phonetic,burn (vb trans),,,,
1-841-810-1,bitt1240,Pusing,67,ʔɨr aih ćiŋʔal,phonetic,embers,,,,
1-840-810-1,bitt1240,Pusing,646,pɔ̆h,phonetic,ashes,,,,
1-830-810-1,bitt1240,Pusing,778,kə taʔ ćiŋ ʔal,phonetic,smoke (noun),,,,
1-820-810-1,bitt1240,Pusing,889,sɨn dak ćiŋ ʔal,phonetic,flame (noun),,,,
1-810-810-1,bitt1240,Pusing,221,ćiŋ ʔal,phonetic,fire,,,,
1-780-810-1,bitt1240,Pusing,952,mɨ nɔk,phonetic,weather,,,,
1-770-810-1,bitt1240,Pusing,617,tɨr mal,phonetic,ice,,,,
1-760-810-1,bitt1240,Pusing,784,tər mal,phonetic,snow (noun),,,,
1-750-810-1,bitt1240,Pusing,658,cî liaŋ,phonetic,rain (noun),,,,
1-740-810-1,bitt1240,Pusing,249,mɔk kam khuɔ,phonetic,fog,,,,
1-720-810-1,bitt1240,Pusing,960,sŭr,phonetic,wind,,,,
1-730-810-1,bitt1240,Pusing,1489,mɔk,phonetic,cloud,,,,
1-710-810-1,bitt1240,Pusing,27,sɨŋ gei,phonetic,air,,,,
1-640-810-1,bitt1240,Pusing,1977,ʔɔm mei,phonetic,dew,,,,
1-630-810-1,bitt1240,Pusing,1388,hom,phonetic,"shade, shadow",,,,
1-630-810-2,bitt1240,Pusing,1388,mu mu,phonetic,"shade, shadow",,,,
1-620-810-1,bitt1240,Pusing,11,mɨt,phonetic,darkness,,,,
1-610-810-1,bitt1240,Pusing,630,ćiŋ ŋä dɔk,phonetic,light (noun),,,,
1-590-810-1,bitt1240,Pusing,1733,sən dɔr,phonetic,rainbow,,,,
1-580-810-1,bitt1240,Pusing,858,ći liah sən dɔ,phonetic,storm,,,,
1-560-810-1,bitt1240,Pusing,1150,sɨn dər,phonetic,thunder,,,,
1-570-810-1,bitt1240,Pusing,2007,tä̆ʔ tur mɨn liɛr,phonetic,lightning (as striking),,,,
1-550-810-1,bitt1240,Pusing,1654,tur mɨn liɛr,phonetic,lightning,,,,
1-540-810-1,bitt1240,Pusing,1430,sɨŋ meŋ,phonetic,star,,,,
1-530-810-1,bitt1240,Pusing,1313,cî leŋ,phonetic,moon,,,,
1-520-810-1,bitt1240,Pusing,1343,ćiŋ ŋä,phonetic,sun,,,,
1-510-810-1,bitt1240,Pusing,1732,plɛŋ,phonetic,sky,,,,
1-450-810-1,bitt1240,Pusing,6,tɨr jɔk phän din ʔuai,phonetic,earthquake,,,,
1-440-810-1,bitt1240,Pusing,2125,loŋ,phonetic,"stone, rock",,,,
1-430-810-1,bitt1240,Pusing,1803,laŋ,phonetic,wood,,,,
1-420-810-1,bitt1240,Pusing,906,ćŏʔ ʔuŋ,phonetic,tree (cf 08.600),,,,
1-410-810-1,bitt1240,Pusing,420,ram băt,phonetic,"woods, forest",,,,
1-390-810-1,bitt1240,Pusing,943,ʔɔm tɨ ra,phonetic,waterfall,,,,
1-380-810-1,bitt1240,Pusing,1145,nɔŋ,phonetic,swamp,,,,
1-370-810-1,bitt1240,Pusing,2144,ʔɔm phən dər,phonetic,"spring, well",,,,
1-370-810-2,bitt1240,Pusing,2144,ʔɔm pɔ,phonetic,"spring, well",,,,
1-362-810-1,bitt1240,Pusing,1982,sɨr ʔuar ra,phonetic,whirlpool,,,,
1-360-810-1,bitt1240,Pusing,666,lən pak ra,phonetic,"river, stream, brook",,,,
1-360-810-2,bitt1240,Pusing,666,ra doʔ,phonetic,"river, stream, brook",,,,
1-354-810-1,bitt1240,Pusing,613,ra khən suŋ,phonetic,hightide,,,,
1-353-810-1,bitt1240,Pusing,1026,ra hɛŋ,phonetic,lowtide,,,,
1-352-810-1,bitt1240,Pusing,891,ra khən,phonetic,tide,,,,
1-343-810-1,bitt1240,Pusing,1662,gən tu ʔɔm,phonetic,"headland, point",,,,
1-343-810-2,bitt1240,Pusing,1662,gɨ lil ra,phonetic,"headland, point",,,,
1-343-810-3,bitt1240,Pusing,1662,klak ra,phonetic,"headland, point",,,,
1-341-810-1,bitt1240,Pusing,623,noŋ spaŋ,phonetic,lagoon,,,,
1-340-810-1,bitt1240,Pusing,663,ra kɔk,phonetic,"gulf, bay",,,,
1-330-810-1,bitt1240,Pusing,624,noŋ,phonetic,lake,,,,
1-329-810-1,bitt1240,Pusing,645,ra han,phonetic,ocean,,,,
1-324-810-1,bitt1240,Pusing,1768,pə bɔʔ,phonetic,foam,,,,
1-323-810-1,bitt1240,Pusing,259,ćial ʔun,phonetic,rough (of sea),,,,
1-320-810-1,bitt1240,Pusing,1474,ra niŋ,phonetic,sea,,,,
1-322-810-1,bitt1240,Pusing,258,ćiat rɛt,phonetic,calm (of sea),,,,
1-310-810-1,bitt1240,Pusing,948,ʔɔm,phonetic,water,,,,
1-280-810-1,bitt1240,Pusing,1155,gən tu pu naŋ,phonetic,cave,,,,
1-270-810-1,bitt1240,Pusing,113,khɛm ra,phonetic,shore,,,,
1-260-810-1,bitt1240,Pusing,166,kɨn tiŋ,phonetic,mainland,,,,
1-250-810-1,bitt1240,Pusing,622,nam khɔŋ,phonetic,island,,,,
1-240-810-1,bitt1240,Pusing,921,kɔp,phonetic,valley,,,,
1-230-810-1,bitt1240,Pusing,652,dər phiŋ,phonetic,"plain, field",,,,
1-222-810-1,bitt1240,Pusing,618,tɨ ral,phonetic,"cliff, precipice",,,,
1-220-810-1,bitt1240,Pusing,2118,pu naŋ,phonetic,"mountain, hill",,,,
1-214-810-1,bitt1240,Pusing,640,tən bɔr,phonetic,mud,,,,
1-215-810-1,bitt1240,Pusing,671,sciaʔ,phonetic,sand,,,,
1-213-810-1,bitt1240,Pusing,2,pah,phonetic,dust,,,,
1-213-810-2,bitt1240,Pusing,2,pah bɔr,phonetic,dust,,,,
1-212-810-1,bitt1240,Pusing,1228,dər,phonetic,"earth=ground, soil",,,,
1-210-810-1,bitt1240,Pusing,626,dər,phonetic,"earth, land",,,,
1-100-810-1,bitt1240,Pusing,965,mɨŋ,phonetic,world,,,,
14-330-810-1,bitt1240,Pusing,1544,san tə,phonetic,sometimes,,,,
14-331-810-1,bitt1240,Pusing,703,ʔuei la bu rəŋ,phonetic,soon,,,,
14-332-810-1,bitt1240,Pusing,418,ʔuei la rəŋ,phonetic,long-time (for a),,,,
14-340-810-1,bitt1240,Pusing,1656,tɛ ɨm,phonetic,never,,,,
14-350-810-1,bitt1240,Pusing,204,tiʔ mɨ tɨa,phonetic,again,,,,
14-350-810-2,bitt1240,Pusing,204,lɛ mɨ tɨa,phonetic,again,,,,
14-410-810-1,bitt1240,Pusing,1225,lɨ ćiŋ ʔä,phonetic,day,,,,
14-420-810-1,bitt1240,Pusing,1233,nəŋ jəl,phonetic,night,,,,
14-430-810-1,bitt1240,Pusing,729,tur ćiăʔ,phonetic,dawn,,,,
14-440-810-1,bitt1240,Pusing,1339,la rɔn,phonetic,morning,,,,
14-451-810-1,bitt1240,Pusing,1807,la ći kŏʔ,phonetic,afternoon,,,,
14-451-810-2,bitt1240,Pusing,1807,sî ŋɔm,phonetic,afternoon,,,,
14-460-810-1,bitt1240,Pusing,1629,nəŋ jəl,phonetic,evening,,,,
14-470-810-1,bitt1240,Pusing,1283,mɔ ni,phonetic,today,,,,
14-480-810-1,bitt1240,Pusing,1329,ma kaʔ,phonetic,tomorrow,,,,
14-481-810-1,bitt1240,Pusing,1179,ćɨr,phonetic,day-after-tomorrow,,,,
14-490-810-1,bitt1240,Pusing,1174,sî ŋi,phonetic,yesterday,,,,
14-491-810-1,bitt1240,Pusing,1180,ta maŋ,phonetic,day-before-yesterday,,,,
14-510-810-1,bitt1240,Pusing,1353,ʔuei la,phonetic,hour,,,,
14-530-810-1,bitt1240,Pusing,1323,na li,phonetic,"clock, timepiece",,,,
14-610-810-1,bitt1240,Pusing,1469,mɨ bi,phonetic,week,,,,
14-620-810-1,bitt1240,Pusing,1699,mɨ thi ćiat,phonetic,Sunday,,,,
14-630-810-1,bitt1240,Pusing,1697,mɨ thi nəŋ,phonetic,Monday,,,,
14-640-810-1,bitt1240,Pusing,1695,mɨ thi sɔŋ,phonetic,Tuesday,,,,
14-650-810-1,bitt1240,Pusing,1694,mɨ thi sam,phonetic,Wednesday,,,,
14-660-810-1,bitt1240,Pusing,1693,mɨ thi çi,phonetic,Thursday,,,,
14-670-810-1,bitt1240,Pusing,1692,mɨ thi ha,phonetic,Friday,,,,
14-680-810-1,bitt1240,Pusing,1700,mɨ thi rɔk,phonetic,Saturday,,,,
14-710-810-1,bitt1240,Pusing,1370,dɨn,phonetic,month,,,,
14-730-810-1,bitt1240,Pusing,1226,pi,phonetic,year,,,,
14-740-810-1,bitt1240,Pusing,1471,ńiam tə kat,phonetic,winter,,,,
14-750-810-1,bitt1240,Pusing,1537,ńiam sam ʔɨr,phonetic,spring,,,,
14-760-810-1,bitt1240,Pusing,1342,ńiam sam lɔ̆ʔ,phonetic,summer,,,,
14-770-810-1,bitt1240,Pusing,1276,ńiam ʔɨ jiah,phonetic,autumn,,,,
14-780-810-1,bitt1240,Pusing,691,ńiam,phonetic,season,,,,
15-210-810-1,bitt1240,Pusing,1587,suʔ,phonetic,smell (vb intrans),,,,
15-212-810-1,bitt1240,Pusing,375,tan,phonetic,sniff,,,,
15-220-810-1,bitt1240,Pusing,1586,ʔɔ̆ih,phonetic,smell (vb trans),,,,
15-250-810-1,bitt1240,Pusing,376,pu ʔŭih,phonetic,"fragrant, good smelling",,,,
15-260-810-1,bitt1240,Pusing,42,suʔ,phonetic,"stinking, bad smelling",,,,
15-310-810-1,bitt1240,Pusing,21,ʔuei tau,phonetic,taste,,,,
15-350-810-1,bitt1240,Pusing,717,çəʔ,phonetic,sweet,,,,
15-360-810-1,bitt1240,Pusing,1091,kɛm,phonetic,salty,,,,
15-370-810-1,bitt1240,Pusing,887,caŋ,phonetic,bitter,,,,
15-380-810-1,bitt1240,Pusing,1906,băʔ,phonetic,"acid, sour",,,,
15-390-810-1,bitt1240,Pusing,70,ma nɔk,phonetic,brackish,,,,
15-410-810-1,bitt1240,Pusing,1408,ʔal,phonetic,hear,,,,
15-420-810-1,bitt1240,Pusing,1608,pal,phonetic,listen,,,,
15-440-810-1,bitt1240,Pusing,1811,çiaŋ,phonetic,"sound, noise",,,,
15-450-810-1,bitt1240,Pusing,377,çiaŋ hân,phonetic,loud,,,,
15-460-810-1,bitt1240,Pusing,1314,ćiat hɨ let,phonetic,"quiet, silence",,,,
15-510-810-1,bitt1240,Pusing,1409,mĕh ńi,phonetic,see,,,,
15-520-810-1,bitt1240,Pusing,1819,mĕh,phonetic,"look, look at",,,,
15-550-810-1,bitt1240,Pusing,1039,dok kɨm mĕh,phonetic,show,,,,
15-560-810-1,bitt1240,Pusing,708,toŋ,phonetic,shine,,,,
15-570-810-1,bitt1240,Pusing,679,ćiaʔ,phonetic,bright,,,,
15-610-810-1,bitt1240,Pusing,1613,ʔian sə,phonetic,color,,,,
15-620-810-1,bitt1240,Pusing,250,slup,phonetic,light (in color),,,,
15-640-810-1,bitt1240,Pusing,1335,buk,phonetic,white,,,,
15-650-810-1,bitt1240,Pusing,163,ʔâit,phonetic,black,,,,
15-660-810-1,bitt1240,Pusing,156,ʔoit,phonetic,red,,,,
15-670-810-1,bitt1240,Pusing,837,khɔŋ,phonetic,blue,,,,
15-680-810-1,bitt1240,Pusing,1425,khiu,phonetic,green,,,,
15-690-810-1,bitt1240,Pusing,1424,ʔɔr,phonetic,yellow,,,,
15-710-810-1,bitt1240,Pusing,1892,jɔk,phonetic,touch,,,,
15-712-810-1,bitt1240,Pusing,378,pɨr viat,phonetic,pinch,,,,
15-720-810-1,bitt1240,Pusing,1079,ʔɨp,phonetic,feel,,,,
15-720-810-2,bitt1240,Pusing,1079,sɨp bot,phonetic,feel,,,,
15-740-810-1,bitt1240,Pusing,1884,kar,phonetic,hard,,,,
15-750-810-1,bitt1240,Pusing,1856,jɨm sî bop,phonetic,soft,,,,
15-770-810-1,bitt1240,Pusing,1234,lət mat,phonetic,smooth,,,,
15-780-810-1,bitt1240,Pusing,1396,lăp,phonetic,sharp,,,,
15-790-810-1,bitt1240,Pusing,379,mɨl,phonetic,"blunt, dull",,,,
15-810-810-1,bitt1240,Pusing,1210,cî leŋ,phonetic,heavy,,,,
15-820-810-1,bitt1240,Pusing,1052,çial,phonetic,light (in weight),,,,
15-830-810-1,bitt1240,Pusing,1726,cî kaʔ,phonetic,"wet, damp",,,,
15-840-810-1,bitt1240,Pusing,1398,raŋ,phonetic,dry,,,,
15-840-810-2,bitt1240,Pusing,1398,dɔk,phonetic,dry,,,,
15-850-810-1,bitt1240,Pusing,1286,sam loʔ,phonetic,hot,,,,
15-851-810-1,bitt1240,Pusing,1232,sî ʔoh,phonetic,warm,,,,
15-860-810-1,bitt1240,Pusing,1287,tə kat,phonetic,cold,,,,
15-870-810-1,bitt1240,Pusing,704,sait,phonetic,clean,,,,
15-880-810-1,bitt1240,Pusing,1230,mɨk,phonetic,"dirty, soiled",,,,
15-890-810-1,bitt1240,Pusing,380,rap ńĭp,phonetic,wrinkled,,,,
16-110-810-1,bitt1240,Pusing,53,bi bau,phonetic,"soul, spirit",,,,
16-150-810-1,bitt1240,Pusing,1572,tən rɔʔ,phonetic,"surprised, astonished",,,,
16-150-810-2,bitt1240,Pusing,1572,ʔam,phonetic,"surprised, astonished",,,,
16-180-810-1,bitt1240,Pusing,720,bon,phonetic,"good fortune, luck",,,,
16-190-810-1,bitt1240,Pusing,56,bap,phonetic,"misfortune, bad luck",,,,
16-230-810-1,bitt1240,Pusing,1495,ńia,phonetic,"joyful, glad, happy",,,,
16-250-810-1,bitt1240,Pusing,1355,kɨ ńia,phonetic,laugh,,,,
16-251-810-1,bitt1240,Pusing,1451,sî kɨ ńia,phonetic,smile,,,,
16-251-810-2,bitt1240,Pusing,1451,sam rɔm,phonetic,smile,,,,
16-260-810-1,bitt1240,Pusing,1413,lin,phonetic,play,,,,
16-270-810-1,bitt1240,Pusing,923,nɔʔ,phonetic,love,,,,
16-290-810-1,bitt1240,Pusing,578,kɨm pɔp,phonetic,kiss,,,,
16-300-810-1,bitt1240,Pusing,928,kuɔt,phonetic,embrace,,,,
16-310-810-1,bitt1240,Pusing,1783,coʔ,phonetic,pain,,,,
16-320-810-1,bitt1240,Pusing,1668,moŋ,phonetic,"grief, sorrow, sadness",,,,
16-330-810-1,bitt1240,Pusing,1000,coʔ sam,phonetic,"anxiety, worry",,,,
16-340-810-1,bitt1240,Pusing,1875,tu sam,phonetic,"regret, be sorry",,,,
16-350-810-1,bitt1240,Pusing,1141,kɨl ʔɛh,phonetic,pity,,,,
16-370-810-1,bitt1240,Pusing,1839,ńiam,phonetic,"cry, weep",,,,
16-380-810-1,bitt1240,Pusing,1651,ram păt pəŋ ŋai,phonetic,tear (noun),,,,
16-390-810-1,bitt1240,Pusing,716,treŋ,phonetic,groan,,,,
16-410-810-1,bitt1240,Pusing,1607,pər ŋăʔ,phonetic,hate,,,,
16-420-810-1,bitt1240,Pusing,82,dɔk,phonetic,anger,,,,
16-440-810-1,bitt1240,Pusing,40,lɨ ćia,phonetic,"envy, jealousy",,,,
16-450-810-1,bitt1240,Pusing,1776,ʔŏh,phonetic,shame (noun),,,,
16-480-810-1,bitt1240,Pusing,174,ćiau ʔau,phonetic,proud,,,,
16-510-810-1,bitt1240,Pusing,1779,kən tha,phonetic,dare,,,,
16-520-810-1,bitt1240,Pusing,3,rai,phonetic,brave,,,,
16-530-810-1,bitt1240,Pusing,781,pu jiaʔ,phonetic,"fear, fright",,,,
16-540-810-1,bitt1240,Pusing,1810,ʔuei çian,phonetic,danger,,,,
16-620-810-1,bitt1240,Pusing,1784,khɨt,phonetic,"desire, want",,,,
16-622-810-1,bitt1240,Pusing,1750,lɨak,phonetic,choose,,,,
16-630-810-1,bitt1240,Pusing,1092,ka lo,phonetic,hope,,,,
16-660-810-1,bitt1240,Pusing,1657,mɨt mɨ,phonetic,true,,,,
16-670-810-1,bitt1240,Pusing,601,kɨm lueit,phonetic,"lie, tell lies",,,,
16-680-810-1,bitt1240,Pusing,13,phian,phonetic,deceit,,,,
16-690-810-1,bitt1240,Pusing,1528,ʔiuan liaŋ,phonetic,forgive,,,,
16-710-810-1,bitt1240,Pusing,1035,nɔ̆k,phonetic,good,,,,
16-720-810-1,bitt1240,Pusing,1292,mɨ nɔ̆k,phonetic,bad,,,,
16-730-810-1,bitt1240,Pusing,1725,mian,phonetic,"right, correct",,,,
16-740-810-1,bitt1240,Pusing,1390,phĭt,phonetic,wrong,,,,
16-760-810-1,bitt1240,Pusing,134,phĭt dŏʔ,phonetic,fault,,,,
16-770-810-1,bitt1240,Pusing,1293,thɔt,phonetic,"mistake, error",,,,
16-780-810-1,bitt1240,Pusing,381,tĭʔ,phonetic,blame,,,,
16-790-810-1,bitt1240,Pusing,1687,ńɔŋ,phonetic,praise,,,,
16-810-810-1,bitt1240,Pusing,1427,sî ŋam,phonetic,beautiful,,,,
16-820-810-1,bitt1240,Pusing,1548,bar jiăʔ,phonetic,ugly,,,,
16-830-810-1,bitt1240,Pusing,2018,boʔ,phonetic,greedy,,,,
16-840-810-1,bitt1240,Pusing,1310,lɔk,phonetic,clever,,,,
17-110-810-1,bitt1240,Pusing,1562,sam nɔk,phonetic,mind,,,,
17-110-810-2,bitt1240,Pusing,1562,kɨ tâŋ,phonetic,mind,,,,
17-130-810-1,bitt1240,Pusing,1415,khɨt,phonetic,think (= reflect),,,,
17-140-810-1,bitt1240,Pusing,1513,khĭt,phonetic,think (= be of the opinion),,,,
17-150-810-1,bitt1240,Pusing,1890,çiaŋ çin,phonetic,believe,,,,
17-160-810-1,bitt1240,Pusing,1536,ban,phonetic,understand,,,,
17-170-810-1,bitt1240,Pusing,1410,ban,phonetic,know,,,,
17-171-810-1,bitt1240,Pusing,1932,kɨm tat,phonetic,guess,,,,
17-172-810-1,bitt1240,Pusing,117,ʔɨ ril,phonetic,imitate,,,,
17-180-810-1,bitt1240,Pusing,1521,kɨ ram mɨn,phonetic,seem,,,,
17-190-810-1,bitt1240,Pusing,1609,kɨm kɨt,phonetic,"idea, notion",,,,
17-210-810-1,bitt1240,Pusing,698,lɔk,phonetic,wise,,,,
17-220-810-1,bitt1240,Pusing,1518,dĕk,phonetic,"foolish, stupid",,,,
17-230-810-1,bitt1240,Pusing,1899,pɨt,phonetic,"insane, crazy",,,,
17-240-810-1,bitt1240,Pusing,504,rin,phonetic,learn,,,,
17-242-810-1,bitt1240,Pusing,1929,khɨt plɛp,phonetic,study,,,,
17-242-810-2,bitt1240,Pusing,1929,khɨt tɛ,phonetic,study,,,,
17-250-810-1,bitt1240,Pusing,709,suan,phonetic,teach,,,,
17-260-810-1,bitt1240,Pusing,753,suɔ səŋ,phonetic,pupil,,,,
17-270-810-1,bitt1240,Pusing,1038,lau sî,phonetic,teacher,,,,
17-280-810-1,bitt1240,Pusing,673,çuɔ çiau,phonetic,school,,,,
17-310-810-1,bitt1240,Pusing,707,cɨ,phonetic,remember,,,,
17-320-810-1,bitt1240,Pusing,1523,tɨr tɨei,phonetic,forget,,,,
17-340-810-1,bitt1240,Pusing,989,çiŋ su,phonetic,"clear, plain",,,,
17-350-810-1,bitt1240,Pusing,1764,tɛk la ban,phonetic,obscure,,,,
17-360-810-1,bitt1240,Pusing,1121,dim,phonetic,secret,,,,
17-370-810-1,bitt1240,Pusing,509,khən tɛŋ,phonetic,"sure, certain",,,,
17-380-810-1,bitt1240,Pusing,1626,pəl ŭp,phonetic,explain,,,,
17-380-810-2,bitt1240,Pusing,1626,cain,phonetic,explain,,,,
17-410-810-1,bitt1240,Pusing,1162,mu ti,phonetic,"intention, purpose",,,,
17-420-810-1,bitt1240,Pusing,860,jian jin,phonetic,cause,,,,
17-430-810-1,bitt1240,Pusing,1308,kɨt pu jiak,phonetic,doubt,,,,
17-440-810-1,bitt1240,Pusing,1841,lɛ sam,phonetic,suspect,,,,
17-441-810-1,bitt1240,Pusing,1902,ba jɔk cî ti,phonetic,betray,,,,
17-450-810-1,bitt1240,Pusing,643,ćoʔ klɛ,phonetic,"need, necessity",,,,
17-460-810-1,bitt1240,Pusing,686,tɨm,phonetic,easy,,,,
17-470-810-1,bitt1240,Pusing,584,dɛk,phonetic,difficult,,,,
17-470-810-2,bitt1240,Pusing,584,dɛk ńiak,phonetic,difficult,,,,
17-480-810-1,bitt1240,Pusing,1812,lɔŋ,phonetic,"try, attempt",,,,
17-490-810-1,bitt1240,Pusing,488,loŋ bi,phonetic,"way, manner",,,,
17-510-810-1,bitt1240,Pusing,1577,boʔ,phonetic,and,,,,
17-520-810-1,bitt1240,Pusing,1157,jɔn bɨə,phonetic,because,,,,
17-530-810-1,bitt1240,Pusing,1459,doʔ ʔɔ,phonetic,if,,,,
17-540-810-1,bitt1240,Pusing,1014,doʔ ʔɔ na,phonetic,or,,,,
17-550-810-1,bitt1240,Pusing,1268,çĭʔ,phonetic,"yes, affirmative",,,,
17-550-810-2,bitt1240,Pusing,1268,jiăk,phonetic,"yes, affirmative",,,,
17-560-810-1,bitt1240,Pusing,1269,ba,phonetic,"no, negative",,,,
17-560-810-2,bitt1240,Pusing,1269,ba mian,phonetic,"no, negative",,,,
17-610-810-1,bitt1240,Pusing,1239,mɨn,phonetic,how?,,,,
17-620-810-1,bitt1240,Pusing,822,sî pi,phonetic,how many?,,,,
17-630-810-1,bitt1240,Pusing,531,sî pi,phonetic,how much?,,,,
17-640-810-1,bitt1240,Pusing,1236,ʔa bi,phonetic,what?,,,,
17-640-810-2,bitt1240,Pusing,1236,ʔei bi,phonetic,what?,,,,
17-650-810-1,bitt1240,Pusing,1238,nam bi,phonetic,when?,,,,
17-660-810-1,bitt1240,Pusing,1237,ra ti,phonetic,where?,,,,
17-670-810-1,bitt1240,Pusing,727,ʔei ti,phonetic,which?,,,,
17-680-810-1,bitt1240,Pusing,1235,ŋ bi,phonetic,who?,,,,
17-690-810-1,bitt1240,Pusing,1270,tɛ bi,phonetic,why?,,,,
18-110-810-1,bitt1240,Pusing,1363,çəŋ,phonetic,voice,,,,
18-120-810-1,bitt1240,Pusing,1261,tä̆ʔ,phonetic,sing,,,,
18-130-810-1,bitt1240,Pusing,715,klu,phonetic,"shout, cry out",,,,
18-150-810-1,bitt1240,Pusing,55,sɨr mɔit,phonetic,whisper,,,,
18-160-810-1,bitt1240,Pusing,128,nial ńɔl,phonetic,mumble,,,,
18-170-810-1,bitt1240,Pusing,1025,sluait,phonetic,whistle,,,,
18-180-810-1,bitt1240,Pusing,298,kɨ jiŋ,phonetic,"shriek, screech",,,,
18-190-810-1,bitt1240,Pusing,526,tɨŋ khɛt,phonetic,howl,,,,
18-210-810-1,bitt1240,Pusing,1623,tɛ cai,phonetic,"speak, talk",,,,
18-211-810-1,bitt1240,Pusing,1866,bɨ pə̆k,phonetic,"stutter, stammer",,,,
18-220-810-1,bitt1240,Pusing,1458,lăʔ,phonetic,say,,,,
18-221-810-1,bitt1240,Pusing,1711,cai phɨn,phonetic,tell story,,,,
18-222-810-1,bitt1240,Pusing,1115,tä̆ʔ lăʔ,phonetic,speech (make a),,,,
18-230-810-1,bitt1240,Pusing,48,cɨk ŋŭk,phonetic,silent (be),,,,
18-240-810-1,bitt1240,Pusing,1307,ʔŭp,phonetic,language,,,,
18-260-810-1,bitt1240,Pusing,1599,tɔ,phonetic,word,,,,
18-280-810-1,bitt1240,Pusing,1405,sɨ,phonetic,name,,,,
18-310-810-1,bitt1240,Pusing,1309,main,phonetic,"ask (question, inquire)",,,,
18-320-810-1,bitt1240,Pusing,1275,tɔp,phonetic,answer,,,,
18-330-810-1,bitt1240,Pusing,2022,jin,phonetic,"admit, confess",,,,
18-340-810-1,bitt1240,Pusing,755,ba sɨʔ,phonetic,deny,,,,
18-350-810-1,bitt1240,Pusing,1828,ʔɛr,phonetic,"ask, request",,,,
18-360-810-1,bitt1240,Pusing,1675,cî lai,phonetic,promise,,,,
18-370-810-1,bitt1240,Pusing,49,khɔp,phonetic,refuse,,,,
18-380-810-1,bitt1240,Pusing,83,tăt,phonetic,forbid,,,,
18-390-810-1,bitt1240,Pusing,299,tĭʔ,phonetic,"rebuke, scold",,,,
18-390-810-2,bitt1240,Pusing,299,sɔk,phonetic,"rebuke, scold",,,,
18-410-810-1,bitt1240,Pusing,1084,bar,phonetic,call (=summon),,,,
18-420-810-1,bitt1240,Pusing,180,bor ʔei bi,phonetic,call (=name),,,,
18-430-810-1,bitt1240,Pusing,9,çian pu,phonetic,announce,,,,
18-440-810-1,bitt1240,Pusing,1192,kɨm ʔɨl,phonetic,threaten,,,,
18-450-810-1,bitt1240,Pusing,101,ńɔŋ tɔ,phonetic,boast,,,,
18-510-810-1,bitt1240,Pusing,1672,tiɛm,phonetic,write,,,,
18-520-810-1,bitt1240,Pusing,724,ʔan,phonetic,read,,,,
18-560-810-1,bitt1240,Pusing,648,kɨ tat,phonetic,paper,,,,
18-570-810-1,bitt1240,Pusing,794,pi,phonetic,pen,,,,
18-610-810-1,bitt1240,Pusing,963,phap,phonetic,book,,,,
18-670-810-1,bitt1240,Pusing,1045,nain naŋ sɨ,phonetic,poet,,,,
18-710-810-1,bitt1240,Pusing,777,pä,phonetic,flute,,,,
18-720-810-1,bitt1240,Pusing,908,klɔŋ,phonetic,drum,,,,
18-730-810-1,bitt1240,Pusing,2136,pi hɛŋ,phonetic,"horn, trumpet",,,,
18-740-810-1,bitt1240,Pusing,300,jiam,phonetic,rattle,,,,
19-110-810-1,bitt1240,Pusing,1300,ban məŋ,phonetic,country,,,,
19-120-810-1,bitt1240,Pusing,89,məŋ,phonetic,one's native country,,,,
19-150-810-1,bitt1240,Pusing,1391,kat,phonetic,"city, town",,,,
19-160-810-1,bitt1240,Pusing,930,bŏh,phonetic,village,,,,
19-170-810-1,bitt1240,Pusing,1010,lɨm pɔk,phonetic,boundary,,,,
19-210-810-1,bitt1240,Pusing,789,phei mɨŋ,phonetic,people (populace),,,,
19-230-810-1,bitt1240,Pusing,302,pha sa,phonetic,"tribe, clan",,,,
19-230-810-2,bitt1240,Pusing,302,buân,phonetic,"tribe, clan",,,,
19-240-810-1,bitt1240,Pusing,301,nai bɔ̆h,phonetic,"chief, chieftain",,,,
19-250-810-1,bitt1240,Pusing,1296,tam kaʔ,phonetic,"staff, walking stick",,,,
19-310-810-1,bitt1240,Pusing,1846,rɨk sa,phonetic,"rule, govern",,,,
19-320-810-1,bitt1240,Pusing,1508,pu cau,phonetic,"king, ruler",,,,
19-330-810-1,bitt1240,Pusing,1306,mu kâ pu cau,phonetic,queen,,,,
19-360-810-1,bitt1240,Pusing,482,pu çiŋ raŋ,phonetic,"noble, nobleman",,,,
19-370-810-1,bitt1240,Pusing,1032,pei məŋ,phonetic,"citizen, subject",,,,
19-410-810-1,bitt1240,Pusing,383,nai ńia,phonetic,master,,,,
19-410-810-2,bitt1240,Pusing,383,caul rən,phonetic,master,,,,
19-420-810-1,bitt1240,Pusing,812,khuai,phonetic,slave,,,,
19-430-810-1,bitt1240,Pusing,255,khuai rən,phonetic,servant,,,,
19-440-810-1,bitt1240,Pusing,384,tam khə mɔk pu çiŋ,phonetic,freeman,,,,
19-450-810-1,bitt1240,Pusing,1128,çil khat,phonetic,"command, order",,,,
19-460-810-1,bitt1240,Pusing,1635,joŋ jiam,phonetic,obey,,,,
19-470-810-1,bitt1240,Pusing,1003,pɨŋ,phonetic,"let, permit",,,,
19-510-810-1,bitt1240,Pusing,1325,nŏʔ nam,phonetic,"friend, companion",,,,
19-520-810-1,bitt1240,Pusing,1358,sau kä,phonetic,enemy,,,,
19-540-810-1,bitt1240,Pusing,1332,səŋ kar,phonetic,neighbor,,,,
19-550-810-1,bitt1240,Pusing,791,pu çiŋ pa ban di,phonetic,stranger,,,,
19-560-810-1,bitt1240,Pusing,1782,pi tu rɔʔ,phonetic,guest,,,,
19-570-810-1,bitt1240,Pusing,1545,caur ʔən,phonetic,host,,,,
19-580-810-1,bitt1240,Pusing,1897,jɔm,phonetic,"help, aid",,,,
19-590-810-1,bitt1240,Pusing,1550,hâm,phonetic,"hinder, prevent",,,,
19-610-810-1,bitt1240,Pusing,1747,lɨt,phonetic,custom,,,,
19-620-810-1,bitt1240,Pusing,1848,phĭt,phonetic,"strife, quarrel",,,,
19-620-810-2,bitt1240,Pusing,1848,tɔ ńie,phonetic,"strife, quarrel",,,,
19-630-810-1,bitt1240,Pusing,2024,su ʔɔ,phonetic,"conspiracy, plot",,,,
19-650-810-1,bitt1240,Pusing,1831,ka lɔ ńir maŋ tɛ,phonetic,meet,,,,
19-720-810-1,bitt1240,Pusing,1610,sau mei lăt,phonetic,prostitute,,,,
20-110-810-1,bitt1240,Pusing,1423,ćiɛl de,phonetic,fight (vb),,,,
20-130-810-1,bitt1240,Pusing,579,mɨk,phonetic,"war, battle",,,,
20-140-810-1,bitt1240,Pusing,1338,ban məŋ nɔ̆k,phonetic,peace,,,,
20-150-810-1,bitt1240,Pusing,1561,tha han,phonetic,army,,,,
20-170-810-1,bitt1240,Pusing,1941,tha han,phonetic,soldier,,,,
20-210-810-1,bitt1240,Pusing,951,khɨŋ sə̆k,phonetic,"weapons, arms",,,,
20-220-810-1,bitt1240,Pusing,1763,mai guan,phonetic,club,,,,
20-222-810-1,bitt1240,Pusing,386,khɨn pɔ,phonetic,battle-ax,,,,
20-230-810-1,bitt1240,Pusing,387,koŋ pɔt,phonetic,sling,,,,
20-240-810-1,bitt1240,Pusing,994,sî na,phonetic,bow,,,,
20-240-810-2,bitt1240,Pusing,994,nu,phonetic,bow,,,,
20-250-810-1,bitt1240,Pusing,977,kam,phonetic,arrow,,,,
20-260-810-1,bitt1240,Pusing,945,sî ʔɛr,phonetic,spear,,,,
20-270-810-1,bitt1240,Pusing,1535,kak tɔ,phonetic,sword,,,,
20-280-810-1,bitt1240,Pusing,1566,snăt mɨk tɛk,phonetic,"gun, cannon",,,,
20-310-810-1,bitt1240,Pusing,1061,lɔp rɨk sa to,phonetic,armor (defensive),,,,
20-330-810-1,bitt1240,Pusing,1680,ŋɔm jâŋ,phonetic,helmet,,,,
20-340-810-1,bitt1240,Pusing,1064,khɨt təŋ tɔ,phonetic,shield,,,,
20-350-810-1,bitt1240,Pusing,1938,dun,phonetic,fortress,,,,
20-360-810-1,bitt1240,Pusing,1671,ʔuăt,phonetic,tower,,,,
20-410-810-1,bitt1240,Pusing,783,khɨ rɛ mɨaŋ,phonetic,victory,,,,
20-420-810-1,bitt1240,Pusing,782,kan,phonetic,defeat,,,,
20-430-810-1,bitt1240,Pusing,722,khau ʔuăʔ,phonetic,attack,,,,
20-440-810-1,bitt1240,Pusing,1330,tɛ̆ʔ phaŋ sa,phonetic,defend,,,,
20-450-810-1,bitt1240,Pusing,421,tau suai,phonetic,retreat,,,,
20-460-810-1,bitt1240,Pusing,1696,ńom,phonetic,surrender,,,,
20-470-810-1,bitt1240,Pusing,1072,cun,phonetic,"captive, prisoner",,,,
20-471-810-1,bitt1240,Pusing,1940,tha han,phonetic,"guard, sentinel",,,,
20-480-810-1,bitt1240,Pusing,1022,khəŋ snat,phonetic,"booty, spoils",,,,
20-490-810-1,bitt1240,Pusing,65,tə,phonetic,ambush,,,,
20-490-810-2,bitt1240,Pusing,65,rĕih,phonetic,ambush,,,,
20-510-810-1,bitt1240,Pusing,1858,pu çiŋ dăk mhɔ,phonetic,fisherman,,,,
20-520-810-1,bitt1240,Pusing,1074,təŋ rai,phonetic,fishhook,,,,
20-530-810-1,bitt1240,Pusing,19,sai jiaŋ,phonetic,fishing line,,,,
20-540-810-1,bitt1240,Pusing,388,mɔŋ,phonetic,fishnet,,,,
20-550-810-1,bitt1240,Pusing,389,lɔk mɔŋ,phonetic,fish trap,,,,
20-560-810-1,bitt1240,Pusing,2013,pɨr măh,phonetic,bait,,,,
20-610-810-1,bitt1240,Pusing,1435,tä̆ʔ səŋ ʔuăt,phonetic,hunt,,,,
20-620-810-1,bitt1240,Pusing,1172,päŋ,phonetic,shoot,,,,
20-630-810-1,bitt1240,Pusing,161,bɛŋ vĭt,phonetic,miss (target),,,,
20-640-810-1,bitt1240,Pusing,1075,khom,phonetic,trap (noun),,,,
20-650-810-1,bitt1240,Pusing,1170,pɨk khom,phonetic,trap (vb),,,,
21-110-810-1,bitt1240,Pusing,1062,rĭt khɔŋ,phonetic,law,,,,
21-150-810-1,bitt1240,Pusing,1068,pɔn kɛ hɔ phit,phonetic,court,,,,
21-160-810-1,bitt1240,Pusing,1818,khɨt khɨt,phonetic,judge (vb),,,,
21-170-810-1,bitt1240,Pusing,1067,khän,phonetic,judgment,,,,
21-180-810-1,bitt1240,Pusing,861,nain rit khɔn,phonetic,judge (noun),,,,
21-210-810-1,bitt1240,Pusing,2020,khɨn phɔŋ,phonetic,plaintiff,,,,
21-220-810-1,bitt1240,Pusing,1034,me lɛ phit,phonetic,defendant,,,,
21-230-810-1,bitt1240,Pusing,1144,sî khi,phonetic,witness,,,,
21-240-810-1,bitt1240,Pusing,1939,lɨp jin,phonetic,swear,,,,
21-250-810-1,bitt1240,Pusing,1712,ʔin ti,phonetic,oath,,,,
21-310-810-1,bitt1240,Pusing,1814,kɨm ʔɔl,phonetic,accuse,,,,
21-320-810-1,bitt1240,Pusing,484,bɔ jɔk,phonetic,condemn,,,,
21-330-810-1,bitt1240,Pusing,983,khau roŋ gɔk lɛ phit,phonetic,convict (vb),,,,
21-340-810-1,bitt1240,Pusing,988,khau roŋ gɔk ba lɛ phit,phonetic,acquit,,,,
21-350-810-1,bitt1240,Pusing,1682,lɛ phit,phonetic,guilty,,,,
21-360-810-1,bitt1240,Pusing,90,ba lɛ phit,phonetic,innocent,,,,
21-370-810-1,bitt1240,Pusing,390,pɔk kɨm ru,phonetic,"penalty, punishment",,,,
21-380-810-1,bitt1240,Pusing,218,traŋ,phonetic,fine,,,,
21-390-810-1,bitt1240,Pusing,1281,ńia thɔt,phonetic,"prison, jail",,,,
21-420-810-1,bitt1240,Pusing,845,sɔr ŋɛ̆ʔ,phonetic,murder,,,,
21-430-810-1,bitt1240,Pusing,902,prɔm ti,phonetic,adultery,,,,
21-440-810-1,bitt1240,Pusing,953,tɨr jia tɛ̆p,phonetic,rape,,,,
21-460-810-1,bitt1240,Pusing,1889,dɨn cɨŋ ʔal,phonetic,arson,,,,
21-470-810-1,bitt1240,Pusing,1792,kɨm lŭit,phonetic,perjury,,,,
21-510-810-1,bitt1240,Pusing,713,mən suar,phonetic,steal,,,,
21-520-810-1,bitt1240,Pusing,1160,tɨr jiăh,phonetic,thief,,,,
22-110-810-1,bitt1240,Pusing,661,ŋ ŋai tur,phonetic,religion,,,,
22-120-810-1,bitt1240,Pusing,1944,phia ʔen,phonetic,God,,,,
22-130-810-1,bitt1240,Pusing,911,ʔuăt,phonetic,"temple, church",,,,
22-140-810-1,bitt1240,Pusing,853,kən rĕiʔ,phonetic,altar,,,,
22-150-810-1,bitt1240,Pusing,1103,pɨr măh,phonetic,"sacrifice, offering",,,,
22-160-810-1,bitt1240,Pusing,257,ʔa jiaʔ,phonetic,worship,,,,
22-170-810-1,bitt1240,Pusing,24,nɔp,phonetic,pray,,,,
22-180-810-1,bitt1240,Pusing,852,pɨ ra,phonetic,priest,,,,
22-190-810-1,bitt1240,Pusing,1702,pa mɨŋ ŋai,phonetic,"holy, sacred",,,,
22-220-810-1,bitt1240,Pusing,304,ʔa lu ńiat,phonetic,preach,,,,
22-230-810-1,bitt1240,Pusing,391,kum kɔm,phonetic,bless,,,,
22-240-810-1,bitt1240,Pusing,8,plŭt sɨam,phonetic,curse,,,,
22-260-810-1,bitt1240,Pusing,303,baŋ,phonetic,fast (vb),,,,
22-310-810-1,bitt1240,Pusing,1565,ʔai tor,phonetic,heaven,,,,
22-320-810-1,bitt1240,Pusing,878,noŋ năk,phonetic,hell,,,,
22-350-810-1,bitt1240,Pusing,1973,phi,phonetic,demon (evil spirit),,,,
22-370-810-1,bitt1240,Pusing,1945,khɨt sɨam,phonetic,idol,,,,
22-420-810-1,bitt1240,Pusing,392,bɨŋ ləm,phonetic,"magic, witchcraft, sorcery",,,,
22-430-810-1,bitt1240,Pusing,2137,pu çiŋ bɨŋ ləm,phonetic,"sorcerer, witch",,,,
22-440-810-1,bitt1240,Pusing,2138,naŋ phia ʔen,phonetic,"fairy, elf",,,,
22-450-810-1,bitt1240,Pusing,1175,bət,phonetic,"ghost, phantom",,,,
