ID,Language_ID,Language_name,Parameter_ID,Value,Transcription,Concept,Source,Comment,AlternativeValue,AlternativeTranscription
14-320-418-1,chad1240,Chadong,1852,kin.4 sheŋ.2,,often,,,,
14-310-418-1,chad1240,Chadong,1676,shuŋ.3 si.4,,always,,,,
14-280-418-1,chad1240,Chadong,1928,teŋ.2,,"cease, stop",,,,
14-270-418-1,chad1240,Chadong,1766,liu.4 səŋ.2,,finish,,,,
14-260-418-1,chad1240,Chadong,743,kjet.8 mai.6,,end (temporal),,,,
14-250-418-1,chad1240,Chadong,1806,khai.1 si.2,,"begin, beginning",,,,
14-240-418-1,chad1240,Chadong,425,ta:m.4 kak.7,,"retard, delay",,,,
14-230-418-1,chad1240,Chadong,754,kon.4 kjan.3,,"hasten, hurry",,,,
14-220-418-1,chad1240,Chadong,701,ma:n.6,,slow,,,,
14-210-418-1,chad1240,Chadong,1631,fi.5,,"swift, fast, quick",,,,
14-190-418-1,chad1240,Chadong,1963,ma.4 śi:ŋ.6,,immediately,,,,
14-180-418-1,chad1240,Chadong,1376,pek.7 na:i.6,,now,,,,
14-170-418-1,chad1240,Chadong,477,ci.2,,late,,,,
14-160-418-1,chad1240,Chadong,672,sham.1,,early,,,,
14-150-418-1,chad1240,Chadong,1229,la:u.4,,old,,,,
14-140-418-1,chad1240,Chadong,1207,hau.2 seŋ.1,,young,,,,
14-120-418-1,chad1240,Chadong,1789,njen.2 ki.3,,age,,,,
14-130-418-1,chad1240,Chadong,1231,mi.5,,new,,,,
14-110-418-1,chad1240,Chadong,892,sat.8 tai.6,,time,,,,
13-440-418-1,chad1240,Chadong,417,sha:m.1 pui.6,,three times,,,,
13-420-418-1,chad1240,Chadong,1859,te.2 sha:m.1,,third,,,,
13-380-418-1,chad1240,Chadong,1546,hja.1 pui.6,,two times,,,,
13-370-418-1,chad1240,Chadong,1888,su:ŋ.1,,pair,,,,
13-370-418-3,chad1240,Chadong,1888,toi.6,,pair,,,,
13-360-418-1,chad1240,Chadong,1384,te.2 ńi.6,,second,,,,
13-350-418-1,chad1240,Chadong,1529,shui.6 lim.2 lha:i.1,,last,,,,
13-340-418-1,chad1240,Chadong,728,te.2 jit.7,,first,,,,
13-330-418-1,chad1240,Chadong,1580,la:u.6,,"alone, only",,,,
13-330-418-3,chad1240,Chadong,1580,ta:n.1,,"alone, only",,,,
13-240-418-1,chad1240,Chadong,816,pu:n.6,,half,,,,
13-230-418-1,chad1240,Chadong,779,me.4 niŋ.5,,"part, piece",,,,
13-220-418-1,chad1240,Chadong,1624,khuŋ.1,,empty,,,,
13-210-418-1,chad1240,Chadong,1429,tik.7,,full,,,,
13-190-418-1,chad1240,Chadong,2023,tui.1 lən.1,,"multitude, crowd",,,,
13-181-418-1,chad1240,Chadong,1241,tət.7,,some,,,,
13-170-418-1,chad1240,Chadong,1242,sjeu.3,,"little (quantity), few",,,,
13-180-418-1,chad1240,Chadong,1881,kau.5,,enough,,,,
13-160-418-1,chad1240,Chadong,1992,kən.6 ću:ŋ.3,,more,,,,
13-150-418-1,chad1240,Chadong,1198,ću:ŋ.3,,"much, many",,,,
13-140-418-1,chad1240,Chadong,98,ji.5 ćim.3,,"every, all",,,,
13-107-418-1,chad1240,Chadong,1420,jai.5,,count,,,,
13-106-418-1,chad1240,Chadong,1843,shjen.1,,thousand,,,,
13-105-418-1,chad1240,Chadong,1634,pek.7,,hundred,,,,
13-104-418-1,chad1240,Chadong,1710,ńi.6 səp.8,,twenty,,,,
13-103-418-1,chad1240,Chadong,1709,səp.8 ŋo.4,,fifteen,,,,
13-102-418-1,chad1240,Chadong,1707,səp.8 ńi.6,,twelve,,,,
13-101-418-1,chad1240,Chadong,1706,səp.8 jit.7,,eleven,,,,
13-100-418-1,chad1240,Chadong,1515,səp.8,,ten,,,,
13-90-418-1,chad1240,Chadong,1483,ću.3,,nine,,,,
13-80-418-1,chad1240,Chadong,1705,pa:t.7,,eight,,,,
13-70-418-1,chad1240,Chadong,1704,shət.7,,seven,,,,
13-60-418-1,chad1240,Chadong,1703,ljok.8,,six,,,,
13-50-418-1,chad1240,Chadong,493,ŋo.4,,five,,,,
13-40-418-1,chad1240,Chadong,1500,shi.5,,four,,,,
13-20-418-1,chad1240,Chadong,1498,hja.1,,two,,,,
13-30-418-1,chad1240,Chadong,492,sha:m.1,,three,,,,
13-10-418-1,chad1240,Chadong,1493,jit.7,,one,,,,
13-0-418-1,chad1240,Chadong,1294,ləŋ.2,,"zero, nothing",,,,
12-930-418-1,chad1240,Chadong,1264,pian.6,,change,,,,
12-920-418-1,chad1240,Chadong,1558,shi:ŋ.6,,"like, similar",,,,
12-840-418-1,chad1240,Chadong,1048,shjen.6,,line,,,,
12-850-418-1,chad1240,Chadong,1667,kəm.2,,hole,,,,
12-850-418-3,chad1240,Chadong,1667,lak.8 cəm.2,,hole,,,,
12-830-418-1,chad1240,Chadong,1845,ću.2,,"sphere, ball",,,,
12-810-418-1,chad1240,Chadong,1395,lu:n.1,,round,,,,
12-820-418-1,chad1240,Chadong,1467,khün.4,,circle,,,,
12-780-418-1,chad1240,Chadong,850,shi.4 fu:ŋ.1,,square,,,,
12-770-418-1,chad1240,Chadong,1367,kja:u.4 cha.1,,cross,,,,
12-760-418-1,chad1240,Chadong,192,kja.3,,corner,,,,
12-750-418-1,chad1240,Chadong,1071,kau.1,,hook,,,,
12-740-418-1,chad1240,Chadong,297,wa:n.1,,crooked,,,,
12-730-418-1,chad1240,Chadong,1404,shi:ŋ.2,,straight,,,,
12-710-418-1,chad1240,Chadong,1633,peŋ.2,,flat,,,,
12-680-418-1,chad1240,Chadong,193,lai.6,,shallow,,,,
12-670-418-1,chad1240,Chadong,1593,jam.1,,deep,,,,
12-650-418-1,chad1240,Chadong,2249,pa:ŋ.2,,thin (in dimension),,,,
12-630-418-1,chad1240,Chadong,1244,na.1,,thick (in dimension),,,,
12-620-418-1,chad1240,Chadong,1267,hja:p.7,,narrow,,,,
12-610-418-1,chad1240,Chadong,1243,khu:t.7,,"wide, broad",,,,
12-590-418-1,chad1240,Chadong,1645,lən.4,,short,,,,
12-580-418-1,chad1240,Chadong,711,wu:ŋ.1,,tall,,,,
12-570-418-1,chad1240,Chadong,1203,ja:i.3,,long,,,,
12-560-418-1,chad1240,Chadong,1246,she.5,,"small, little",,,,
12-550-418-1,chad1240,Chadong,1202,lək.8,,"large, big",,,,
12-541-418-1,chad1240,Chadong,81,ka.3,,"span, fathom",,,,
12-540-418-1,chad1240,Chadong,1506,hjo.1,,measure,,,,
12-530-418-1,chad1240,Chadong,479,ci:ŋ.3,,grow,,,,
12-480-418-1,chad1240,Chadong,1595,na:m.2,,south,,,,
12-470-418-1,chad1240,Chadong,1598,pak.7,,north,,,,
12-460-418-1,chad1240,Chadong,1817,she.1,,west,,,,
12-450-418-1,chad1240,Chadong,1877,tuŋ.1,,east,,,,
12-430-418-1,chad1240,Chadong,1942,phjai.5,,near (adv),,,,
12-430-418-3,chad1240,Chadong,1942,ći.1,,near (adv),,,,
12-420-418-1,chad1240,Chadong,244,mə.2 shö.4,,left (side),,,,
12-410-418-1,chad1240,Chadong,1019,mə.2 ju.6,,right (side),,,,
12-370-418-1,chad1240,Chadong,1093,tu.4 ta.5,,"middle, center",,,,
12-360-418-1,chad1240,Chadong,682,mian.6,,side,,,,
12-353-418-1,chad1240,Chadong,863,pjan.1,,edge,,,,
12-352-418-1,chad1240,Chadong,372,shim.1,,pointed,,,,
12-350-418-1,chad1240,Chadong,742,su.3 sa.3,,end,,,,
12-340-418-1,chad1240,Chadong,690,tai.4 kha.3,,bottom,,,,
12-320-418-1,chad1240,Chadong,721,ljam.6,,low,,,,
12-330-418-1,chad1240,Chadong,1753,təŋ.3,,top,,,,
12-310-418-1,chad1240,Chadong,1265,wu:ŋ.1,,high,,,,
12-270-418-1,chad1240,Chadong,602,pwo.4,,"hide, conceal",,,,
12-250-418-1,chad1240,Chadong,1046,kwa:n.1,,"shut, close",,,,
12-250-418-3,chad1240,Chadong,1046,min.4,,"shut, close",,,,
12-260-418-1,chad1240,Chadong,761,kəm.5,,cover,,,,
12-240-418-1,chad1240,Chadong,1156,khai.1,,open,,,,
12-232-418-1,chad1240,Chadong,1119,sha:i.1,,divide,,,,
12-230-418-1,chad1240,Chadong,1359,sha:i.1 khai.1,,separate,,,,
12-220-418-1,chad1240,Chadong,1743,ljen.4 shjep.7,,"join, unite",,,,
12-213-418-1,chad1240,Chadong,1576,tui.1 she.6,,pile up,,,,
12-212-418-1,chad1240,Chadong,371,cəp.7,,pick up,,,,
12-210-418-1,chad1240,Chadong,7,su.1,,"collect, gather",,,,
12-170-418-1,chad1240,Chadong,838,səŋ.6,,"remains, left overs",,,,
12-160-418-1,chad1240,Chadong,987,ńa:u.6,,"remain, stay",,,,
12-150-418-1,chad1240,Chadong,1442,jün.1,,stand,,,,
12-140-418-1,chad1240,Chadong,215,nhjak.7,,lie down,,,,
12-130-418-1,chad1240,Chadong,1416,zü.6,,sit,,,,
12-120-418-1,chad1240,Chadong,998,la:ŋ.5,,put,,,,
12-110-418-1,chad1240,Chadong,723,tu.2 ta:u.3,,place,,,,
12-80-418-1,chad1240,Chadong,1591,ju.1,,"up, above",,,,
12-70-418-1,chad1240,Chadong,1485,fu:ŋ.4 kha.3,,under,,,,
12-60-418-1,chad1240,Chadong,762,mə.2 nok.7,,outside,,,,
12-50-418-1,chad1240,Chadong,1606,la:u.4,,"inside, in",,,,
12-41-418-1,chad1240,Chadong,1883,na.3 kun.5,,front,,,,
12-40-418-1,chad1240,Chadong,1882,i.4 shjen.2,,before,,,,
12-30-418-1,chad1240,Chadong,2094,fu:ŋ.4 kha.3,,"down, below",,,,
12-20-418-1,chad1240,Chadong,1816,kuŋ.2 hjim.6,,beside,,,,
12-11-418-1,chad1240,Chadong,1686,lim.2 lha:i.1,,behind,,,,
12-10-418-1,chad1240,Chadong,1685,jem.2 lha:i.1,,after,,,,
11-920-418-1,chad1240,Chadong,1098,laŋ.6,,weigh,,,,
11-910-418-1,chad1240,Chadong,884,sha:i.1,,share (distribute),,,,
11-890-418-1,chad1240,Chadong,1887,pjet.8 ńi.2,,cheap,,,,
11-880-418-1,chad1240,Chadong,1426,kwi.6,,"dear (costly, expensive)",,,,
11-870-418-1,chad1240,Chadong,657,kja.4 shjen.2,,price,,,,
11-860-418-1,chad1240,Chadong,752,sa:ŋ.4 tian.6,,"store, shop",,,,
11-850-418-1,chad1240,Chadong,633,la:u.4 hü.1,,market (place),,,,
11-840-418-1,chad1240,Chadong,1082,fe.4 seŋ.1 ji.6 ti.4 lən.1,,merchant,,,,
11-830-418-1,chad1240,Chadong,2135,seŋ.1 ji.6,,"trade, barter",,,,
11-820-418-1,chad1240,Chadong,1571,će.1,,sell,,,,
11-810-418-1,chad1240,Chadong,1869,lai.3,,buy,,,,
11-790-418-1,chad1240,Chadong,733,luŋ.6,,earn,,,,
11-780-418-1,chad1240,Chadong,1122,kuŋ.2 ka.4 shjen.2,,wages,,,,
11-770-418-1,chad1240,Chadong,856,lai.6,,hire,,,,
11-690-418-1,chad1240,Chadong,873,sü.6,,"tax, tribute",,,,
11-660-418-1,chad1240,Chadong,1081,ci:ŋ.4(6) mok.8,,"account, reckoning",,,,
11-660-418-3,chad1240,Chadong,1081,shu:n.4 ci:ŋ.6,,"account, reckoning",,,,
11-650-418-1,chad1240,Chadong,718,sha:i.4(1) shjen.2,,pay (vb),,,,
11-640-418-1,chad1240,Chadong,1914,ca:i.6,,debt,,,,
11-630-418-1,chad1240,Chadong,369,ćhem.5,,owe,,,,
11-620-418-1,chad1240,Chadong,1823,shje.6,,borrow,,,,
11-620-418-3,chad1240,Chadong,1823,shje.6,,borrow,,,,
11-610-418-1,chad1240,Chadong,582,shje.6,,lend,,,,
11-540-418-1,chad1240,Chadong,1774,shjeu.4 khi.6,,"avaricious, stingy",,,,
11-530-418-1,chad1240,Chadong,1934,kjau.4 cə.1,,beggar,,,,
11-520-418-1,chad1240,Chadong,1674,ćuŋ.2,,poor,,,,
11-510-418-1,chad1240,Chadong,712,me.2 phjeu.6,,rich,,,,
11-440-418-1,chad1240,Chadong,1867,phjeu.6 ka.3,,coin,,,,
11-430-418-1,chad1240,Chadong,1559,phjeu.6,,money,,,,
11-340-418-1,chad1240,Chadong,1095,fa:ŋ.6 sa:m.3,,"release, let go",,,,
11-330-418-1,chad1240,Chadong,1660,tok.7,,lose,,,,
11-320-418-1,chad1240,Chadong,719,len.1 cek.8,,find,,,,
11-310-418-1,chad1240,Chadong,1468,len.1,,"seek, look for",,,,
11-280-418-1,chad1240,Chadong,44,fa:i.6,,"harm, injure, damage",,,,
11-270-418-1,chad1240,Chadong,681,luŋ.6 fa:i.6,,destroy,,,,
11-250-418-1,chad1240,Chadong,2008,ću.6,,"save, rescue",,,,
11-240-418-1,chad1240,Chadong,1997,ciu.4(6) laŋ.1,,"preserve, look after",,,,
11-220-418-1,chad1240,Chadong,85,wan.6,,give back,,,,
11-210-418-1,chad1240,Chadong,1447,sha:i.1,,give,,,,
11-180-418-1,chad1240,Chadong,738,fat.7 kjen.4,,thing,,,,
11-160-418-1,chad1240,Chadong,694,lai.4,,"get, obtain",,,,
11-150-418-1,chad1240,Chadong,1448,nek.7 kan.1,,hold,,,,
11-140-418-1,chad1240,Chadong,2021,nek.7 lo.2,,"seize, grasp",,,,
11-130-418-1,chad1240,Chadong,1749,a:u.1,,take,,,,
11-130-418-3,chad1240,Chadong,1749,cau.4,,take,,,,
11-110-418-1,chad1240,Chadong,773,me.2,,have,,,,
10-920-418-1,chad1240,Chadong,1922,cha.5 hon.6,,land (vb),,,,
10-890-418-1,chad1240,Chadong,1870,hjet.7,,anchor,,,,
10-852-418-1,chad1240,Chadong,1849,ceŋ.4 sü:n.2,,row (vb),,,,
10-850-418-1,chad1240,Chadong,108,ti:ŋ.3,,oar,,,,
10-840-418-1,chad1240,Chadong,1664,fan.4(1) pa:i.2,,raft,,,,
10-830-418-1,chad1240,Chadong,1844,lak.8 sü:ŋ.2,,boat,,,,
10-810-418-1,chad1240,Chadong,740,sü:n.2 lək.8,,ship,,,,
10-780-418-1,chad1240,Chadong,14,ek.7,,yoke,,,,
10-770-418-1,chad1240,Chadong,1769,che.1 koŋ.6,,axle,,,,
10-760-418-1,chad1240,Chadong,710,che.1 lan.2,,wheel,,,,
10-750-418-1,chad1240,Chadong,122,che.1,,"carriage, wagon, cart",,,,
10-740-418-1,chad1240,Chadong,1011,kiu.3,,bridge,,,,
10-720-418-1,chad1240,Chadong,2252,lak.8 khun.1,,path,,,,
10-710-418-1,chad1240,Chadong,667,khun.1,,road,,,,
10-670-418-1,chad1240,Chadong,1452,nuŋ.3,,"push, shove",,,,
10-670-418-3,chad1240,Chadong,1452,thoi.1,,"push, shove",,,,
10-660-418-1,chad1240,Chadong,367,će.6,,ride,,,,
10-650-418-1,chad1240,Chadong,741,khai.1,,drive,,,,
10-640-418-1,chad1240,Chadong,43,tai.5,,lead (vb),,,,
10-630-418-1,chad1240,Chadong,1127,ci.6,,send,,,,
10-620-418-1,chad1240,Chadong,692,tai.5,,bring,,,,
10-615-418-1,chad1240,Chadong,415,kjap.7,,carry-underarm,,,,
10-614-418-1,chad1240,Chadong,414,təŋ.3,,carry-on-head,,,,
10-613-418-1,chad1240,Chadong,413,ma.5,,carry-on-shoulder,,,,
10-612-418-1,chad1240,Chadong,412,te.2,,carry-in-hand,,,,
10-612-418-3,chad1240,Chadong,412,cau.4,,carry-in-hand,,,,
10-610-418-1,chad1240,Chadong,700,tai.5,,carry (bear),,,,
10-610-418-3,chad1240,Chadong,700,cau.4,,carry (bear),,,,
10-570-418-1,chad1240,Chadong,749,la:u.4,,enter,,,,
10-560-418-1,chad1240,Chadong,1778,kho.5 phjai.5,,approach,,,,
10-550-418-1,chad1240,Chadong,1387,thau.5,,"reach, arrive",,,,
10-530-418-1,chad1240,Chadong,1047,kon.3,,pursue,,,,
10-530-418-3,chad1240,Chadong,1047,cən.6,,pursue,,,,
10-520-418-1,chad1240,Chadong,1085,kan.1 lo.2,,follow,,,,
10-510-418-1,chad1240,Chadong,956,laŋ.6,,flee,,,,
10-510-418-3,chad1240,Chadong,956,pwo.4,,flee,,,,
10-491-418-1,chad1240,Chadong,485,kə.5 lo.2,,disappear,,,,
10-490-418-1,chad1240,Chadong,1752,li.2 khai.1,,"go away, depart",,,,
10-481-418-1,chad1240,Chadong,581,muə.1 taŋ.1,,come back,,,,
10-481-418-3,chad1240,Chadong,581,pə.1 muə.1,,come back,,,,
10-480-418-1,chad1240,Chadong,1446,taŋ.1,,come,,,,
10-474-418-1,chad1240,Chadong,1107,uk.7 pə.1,,go out,,,,
10-473-418-1,chad1240,Chadong,2014,lhu:i.5,,go down,,,,
10-472-418-1,chad1240,Chadong,1102,cha.5,,climb,,,,
10-472-418-3,chad1240,Chadong,1102,pja.2,,climb,,,,
10-470-418-1,chad1240,Chadong,695,pə.1,,go,,,,
10-471-418-1,chad1240,Chadong,705,pə.1 ma.4 ju.1 sa:m.3,,go up,,,,
10-460-418-1,chad1240,Chadong,1519,laŋ.6,,run,,,,
10-451-418-1,chad1240,Chadong,366,khwa:i.3 sa:m.3,,limp,,,,
10-450-418-1,chad1240,Chadong,1443,sa:m.3,,walk,,,,
10-440-418-1,chad1240,Chadong,1879,thjeu.5 ŋo.6,,dance,,,,
10-431-418-1,chad1240,Chadong,1135,thek.7,,kick,,,,
10-430-418-1,chad1240,Chadong,1829,thjeu.5,,"jump, leap",,,,
10-420-418-1,chad1240,Chadong,1324,kan.1 toŋ.6,,"slide, slip",,,,
10-413-418-1,chad1240,Chadong,296,ŋu.5,,crouch,,,,
10-412-418-1,chad1240,Chadong,66,kwi.6,,kneel,,,,
10-410-418-1,chad1240,Chadong,96,pja.2,,"creep, crawl",,,,
10-380-418-1,chad1240,Chadong,175,chü.1,,blow,,,,
10-370-418-1,chad1240,Chadong,1441,piŋ.1,,fly (vb),,,,
10-352-418-1,chad1240,Chadong,365,phu:t.7,,splash,,,,
10-351-418-1,chad1240,Chadong,119,me.6 nham.3,,dive,,,,
10-350-418-1,chad1240,Chadong,1439,sheu.2 nham.3,,swim,,,,
10-340-418-1,chad1240,Chadong,1574,chü.1,,float,,,,
10-330-418-1,chad1240,Chadong,1088,cəm.2,,sink,,,,
10-320-418-1,chad1240,Chadong,2003,chü.1,,flow,,,,
10-260-418-1,chad1240,Chadong,1909,ŋo.2,,shake,,,,
10-252-418-1,chad1240,Chadong,702,ca.1,,catch (ball),,,,
10-252-418-3,chad1240,Chadong,702,shjep.7,,catch (ball),,,,
10-250-418-1,chad1240,Chadong,1456,ćha:u.5,,throw,,,,
10-240-418-1,chad1240,Chadong,2253,tək.7,,drip,,,,
10-230-418-1,chad1240,Chadong,1280,tok.7,,fall,,,,
10-220-418-1,chad1240,Chadong,501,kü.3,,"raise, lift",,,,
10-210-418-1,chad1240,Chadong,568,səŋ.1 can.2,,rise,,,,
10-170-418-1,chad1240,Chadong,430,cü:n.5,,twist,,,,
10-170-418-3,chad1240,Chadong,430,cü:n.4(5) wa:n.1,,twist,,,,
10-160-418-1,chad1240,Chadong,808,tok.7,,drop (vb),,,,
10-150-418-1,chad1240,Chadong,827,kü:n.3,,roll,,,,
10-140-418-1,chad1240,Chadong,1113,pa:u.1,,"wind, wrap",,,,
10-130-418-1,chad1240,Chadong,1445,cü:n.5 ho.4 ćo.3,,turn around,,,,
10-120-418-1,chad1240,Chadong,1588,fa:n.1 cü:n.5,,turn over,,,,
10-110-418-1,chad1240,Chadong,765,toŋ.5,,move,,,,
9-890-418-1,chad1240,Chadong,2001,seŋ.4(6) shat.7,,paint (vb),,,,
9-840-418-1,chad1240,Chadong,1979,sha:k.8,,chisel,,,,
9-880-418-1,chad1240,Chadong,647,shat.7,,paint (noun),,,,
9-820-418-1,chad1240,Chadong,914,tiu.4 shi:ŋ.6,,sculptor,,,,
9-810-418-1,chad1240,Chadong,228,khak.7,,carve,,,,
9-791-418-1,chad1240,Chadong,360,śi:n.1,,fan (vb),,,,
9-790-418-1,chad1240,Chadong,1971,śi:n.6,,fan (noun),,,,
9-780-418-1,chad1240,Chadong,293,shö.1,,netbag,,,,
9-770-418-1,chad1240,Chadong,195,shi:k.8,,mat,,,,
9-760-418-1,chad1240,Chadong,1539,la:m.2,,basket,,,,
9-750-418-1,chad1240,Chadong,1729,sha:n.1,,"weave, plait",,,,
9-740-418-1,chad1240,Chadong,604,kin.6,,glass,,,,
9-730-418-1,chad1240,Chadong,1399,khəm.5,,clay,,,,
9-720-418-1,chad1240,Chadong,289,fe.4 mo.4 shai.3,,mold (clay etc),,,,
9-710-418-1,chad1240,Chadong,359,to.2 shi:ŋ.6,,potter,,,,
9-690-418-1,chad1240,Chadong,358,shek.7,,"tin, tinplate",,,,
9-680-418-1,chad1240,Chadong,627,juen.2,,lead (noun),,,,
9-670-418-1,chad1240,Chadong,621,thjet.7,,iron,,,,
9-660-418-1,chad1240,Chadong,1825,toŋ.2,,"copper, bronze",,,,
9-650-418-1,chad1240,Chadong,759,ńan.2,,silver,,,,
9-640-418-1,chad1240,Chadong,1369,ćim.1,,gold,,,,
9-630-418-1,chad1240,Chadong,211,tha:u.3,,cast (metals),,,,
9-620-418-1,chad1240,Chadong,1648,ćhik.7 kin.3,,anvil,,,,
9-610-418-1,chad1240,Chadong,288,ljen.3(6) thjet.7,,forge,,,,
9-600-418-1,chad1240,Chadong,1001,thjet.7 shi:ŋ.6,,"smith, blacksmith",,,,
9-560-418-1,chad1240,Chadong,1069,kja:u.4 nam.3,,glue,,,,
9-500-418-1,chad1240,Chadong,502,təŋ.1,,nail,,,,
9-490-418-1,chad1240,Chadong,1481,cü.2,,hammer,,,,
9-480-418-1,chad1240,Chadong,1948,ćö.5,,saw,,,,
9-461-418-1,chad1240,Chadong,46,kwa:t.7,,hollow out,,,,
9-460-418-1,chad1240,Chadong,1501,cok.8 pjuŋ.6,,bore,,,,
9-440-418-1,chad1240,Chadong,1840,fe.4,,build,,,,
9-430-418-1,chad1240,Chadong,1042,mok.8 shi:ŋ.6,,carpenter,,,,
9-380-418-1,chad1240,Chadong,245,ćhet.7,,broom,,,,
9-360-418-1,chad1240,Chadong,1453,luk.7,,wash,,,,
9-370-418-1,chad1240,Chadong,230,ćhet.7,,sweep,,,,
9-350-418-1,chad1240,Chadong,1487,mo.1,,pour,,,,
9-343-418-1,chad1240,Chadong,1414,she.3,,"squeeze, wring",,,,
9-343-418-3,chad1240,Chadong,1414,shüen.6 / leu.3,,"squeeze, wring",,,,
9-342-418-1,chad1240,Chadong,1913,a:p.7,,press,,,,
9-341-418-1,chad1240,Chadong,357,kwa.4,,hang up,,,,
9-340-418-1,chad1240,Chadong,38,ćan.1 khai.1,,spread out,,,,
9-330-418-1,chad1240,Chadong,1455,ka:k.7,,pull,,,,
9-320-418-1,chad1240,Chadong,214,ćan.1,,stretch,,,,
9-310-418-1,chad1240,Chadong,1449,nö.1,,"rub, wipe",,,,
9-290-418-1,chad1240,Chadong,291,pek.7,,"flay, skin",,,,
9-280-418-1,chad1240,Chadong,1735,sai.1,,tear,,,,
9-270-418-1,chad1240,Chadong,1437,mha:k.7,,split,,,,
9-261-418-1,chad1240,Chadong,588,pjuŋ.5,,broken,,,,
9-260-418-1,chad1240,Chadong,680,eu.3,,break,,,,
9-250-418-1,chad1240,Chadong,677,tau.2 fu.3,,ax,,,,
9-240-418-1,chad1240,Chadong,356,kja:u.4 shi:n.2,,"scissors, shears",,,,
9-230-418-1,chad1240,Chadong,1352,pja.3,,knife,,,,
9-223-418-1,chad1240,Chadong,1434,cok.8,,stab,,,,
9-222-418-1,chad1240,Chadong,155,te.5 tju.5,,"chop, hew",,,,
9-221-418-1,chad1240,Chadong,355,te.5 ćham.5,,cut down,,,,
9-220-418-1,chad1240,Chadong,1432,kat.7,,cut,,,,
9-211-418-1,chad1240,Chadong,354,wak.7,,pound with fist,,,,
9-210-418-1,chad1240,Chadong,2133,wak.7,,"strike (hit, beat)",,,,
9-192-418-1,chad1240,Chadong,760,ket.7,,knot (noun),,,,
9-190-418-1,chad1240,Chadong,1218,la:k.7,,"rope, cord",,,,
9-180-418-1,chad1240,Chadong,1627,ljen.6,,chain,,,,
9-161-418-1,chad1240,Chadong,352,ci.5 khai.1,,untie,,,,
9-160-418-1,chad1240,Chadong,1917,ta:u.3,,"tie, bind",,,,
9-150-418-1,chad1240,Chadong,1470,tjep.8,,fold,,,,
9-140-418-1,chad1240,Chadong,2004,wa:n.1,,bend,,,,
9-120-418-1,chad1240,Chadong,984,fe.4 koŋ.2 fu.1,,work,,,,
9-110-418-1,chad1240,Chadong,2575,fe.4,,"do, make",,,,
8-980-418-1,chad1240,Chadong,641,kjan.6,,mushroom,,,,
8-970-418-1,chad1240,Chadong,33,pi.2 ma.2,,nettle,,,,
8-960-418-1,chad1240,Chadong,348,tau.6,,fish poison (root),,,,
8-941-418-1,chad1240,Chadong,146,kam.2 ce.6,,sugar cane,,,,
8-940-418-1,chad1240,Chadong,1927,fan.1,,bamboo,,,,
8-931-418-1,chad1240,Chadong,864,shəŋ.4 lu.1,,"pumpkin, squash",,,,
8-930-418-1,chad1240,Chadong,411,fu.2 lu.1,,gourd,,,,
8-920-418-1,chad1240,Chadong,925,mok.8 su.3,,"tapioca, manioc, cassava",,,,
8-910-418-1,chad1240,Chadong,159,wu:ŋ.4 su.2,,sweet potato,,,,
8-850-418-1,chad1240,Chadong,346,juŋ.2 mi.4,,banyan,,,,
8-840-418-1,chad1240,Chadong,868,fa.2 la:i.6 mi.4,,banana tree,,,,
8-830-418-1,chad1240,Chadong,1126,lak.8 ka:m.1,,citrus fruit,,,,
8-820-418-1,chad1240,Chadong,970,je.4 shai.3,,coconut,,,,
8-810-418-1,chad1240,Chadong,1181,tuŋ.4 shö.1,,palm tree,,,,
8-760-418-1,chad1240,Chadong,345,mi.4 ljen.1,,sap,,,,
8-760-418-3,chad1240,Chadong,345,mi.4 shi:ŋ.1,,sap,,,,
8-750-418-1,chad1240,Chadong,1204,mi.4 pi.2,,bark,,,,
8-740-418-1,chad1240,Chadong,409,mi.4 cha.6,,forked branch,,,,
8-730-418-1,chad1240,Chadong,344,mi.4 lən.2,,tree trunk,,,,
8-720-418-1,chad1240,Chadong,241,mi.4 coŋ.1,,tree stump,,,,
8-691-418-1,chad1240,Chadong,1124,mok.8 kak.8,,pipe,,,,
8-690-418-1,chad1240,Chadong,1689,puk.7,,smoke (tobacco),,,,
8-690-418-3,chad1240,Chadong,1689,jen.1,,smoke (tobacco),,,,
8-680-418-1,chad1240,Chadong,974,jen.1,,tobacco,,,,
8-670-418-1,chad1240,Chadong,343,taŋ.2,,vine,,,,
8-650-418-1,chad1240,Chadong,1915,lak.8 mi.4 tuŋ.3,,fir,,,,
8-640-418-1,chad1240,Chadong,1740,mi.4 zuŋ.2,,pine,,,,
8-620-418-1,chad1240,Chadong,1950,pek.8 ci.2 śü.5,,beech,,,,
8-600-418-1,chad1240,Chadong,906,mi.4,,tree,,,,
8-570-418-1,chad1240,Chadong,239,hwa.1,,flower,,,,
8-560-418-1,chad1240,Chadong,628,hwa.5,,leaf,,,,
8-550-418-1,chad1240,Chadong,1531,mi.4 ciŋ.5,,branch,,,,
8-540-418-1,chad1240,Chadong,670,tan.3,,root,,,,
8-531-418-1,chad1240,Chadong,1486,pjö.1,,plant (vb),,,,
8-520-418-1,chad1240,Chadong,342,ńau.2 khu.1 hjo.1,,hay,,,,
8-510-418-1,chad1240,Chadong,606,ćaŋ.1,,grass,,,,
8-480-418-1,chad1240,Chadong,926,u.4,,rice,,,,
8-470-418-1,chad1240,Chadong,506,lök.7 tau.5,,"maize, corn",,,,
8-460-418-1,chad1240,Chadong,60,sa:m.2(1) ka:k.8 mek.8,,oats,,,,
8-430-418-1,chad1240,Chadong,1077,mek.8,,wheat,,,,
8-420-418-1,chad1240,Chadong,605,kok.7 u.4,,"grain (barley, oats etc)",,,,
8-350-418-1,chad1240,Chadong,223,sjek.7 kok.8(7) ci:ŋ.3,,threshing-floor,,,,
8-340-418-1,chad1240,Chadong,285,sjek.7 kok.7,,thresh,,,,
8-330-418-1,chad1240,Chadong,2132,ljem.4,,"sickle, scythe",,,,
8-320-418-1,chad1240,Chadong,190,kat.7,,"mow, reap",,,,
8-311-418-1,chad1240,Chadong,714,kok.7 pən.3,,seed,,,,
8-310-418-1,chad1240,Chadong,748,lök.7,,sow,,,,
8-270-418-1,chad1240,Chadong,338,pa.2,,rake,,,,
8-260-418-1,chad1240,Chadong,337,cha.1,,fork,,,,
8-250-418-1,chad1240,Chadong,284,co.4 tau.2,,hoe,,,,
8-250-418-3,chad1240,Chadong,284,co.2,,hoe,,,,
8-240-418-1,chad1240,Chadong,1901,cha:n.3,,shovel,,,,
8-230-418-1,chad1240,Chadong,1176,cha:n.3,,spade,,,,
8-212-418-1,chad1240,Chadong,1794,le kaŋ.1,,furrow,,CHECK,,
8-220-418-1,chad1240,Chadong,1418,kwa:t.7,,dig,,,,
8-210-418-1,chad1240,Chadong,1921,ćhai.1,,plow,,,,
8-210-418-3,chad1240,Chadong,1921,lai.6,,plow,,,,
8-170-418-1,chad1240,Chadong,2002,sü.3 kau.1,,ditch,,,,
8-160-418-1,chad1240,Chadong,1690,hja:k.7,,fence,,,,
8-150-418-1,chad1240,Chadong,1541,keŋ.1,,"cultivate, till",,,,
8-130-418-1,chad1240,Chadong,586,pjan.1,,garden,,,,
8-120-418-1,chad1240,Chadong,212,ja.5,,field (for cultivation),,,,
8-110-418-1,chad1240,Chadong,979,fe.4 ja.5 lən.1,,farmer,,,,
7-640-418-1,chad1240,Chadong,901,thu.4 cü:n.1,,adobe,,,,
7-630-418-1,chad1240,Chadong,224,sa.4(1) shi:ŋ.1,,mortar,,,,
7-620-418-1,chad1240,Chadong,1006,cü:n.1,,brick,,,,
7-580-418-1,chad1240,Chadong,876,kuŋ.2 man.2,,arch,,,,
7-610-418-1,chad1240,Chadong,877,sjet.8 shi:ŋ.6,,mason,,,,
7-570-418-1,chad1240,Chadong,1227,pa:n.4 shai.3,,board,,,,
7-560-418-1,chad1240,Chadong,281,mi.4 coŋ.1,,"post, pole",,,,
7-550-418-1,chad1240,Chadong,1132,ljeŋ.2,,beam,,,,
7-540-418-1,chad1240,Chadong,829,pen.2 swen.3,,rafter,,,,
7-530-418-1,chad1240,Chadong,280,weŋ.2 ljeŋ.2,,ridgepole,,,,
7-520-418-1,chad1240,Chadong,279,kai.4(6) hja:n.4(1) təŋ.2,,thatch,,,,
7-510-418-1,chad1240,Chadong,769,hja:n.4(1) təŋ.2,,roof,,,,
7-480-418-1,chad1240,Chadong,205,sho.2,,trough,,,,
7-470-418-1,chad1240,Chadong,745,kja.4 shai.3,,shelf,,,,
7-460-418-1,chad1240,Chadong,1273,la:p.8 cok.7,,candle,,,,
7-450-418-1,chad1240,Chadong,2131,taŋ.1,,"lamp, torch",,,,
7-440-418-1,chad1240,Chadong,1775,ta:i.2,,table,,,,
7-430-418-1,chad1240,Chadong,1476,kja:u.3 i.3,,chair,,,,
7-422-418-1,chad1240,Chadong,806,tha:m.3,,blanket,,,,
7-421-418-1,chad1240,Chadong,1044,ćo.3 nun.2,,pillow,,,,
7-420-418-1,chad1240,Chadong,1663,ta:u.1,,bed,,,,
7-370-418-1,chad1240,Chadong,1464,lau.2 the.1,,ladder,,,,
7-330-418-1,chad1240,Chadong,1305,jen.4 thuŋ.1,,chimney,,,,
7-320-418-1,chad1240,Chadong,859,fo.4 lu.2,,stove,,,,
7-270-418-1,chad1240,Chadong,933,seŋ.2,,wall,,,,
7-260-418-1,chad1240,Chadong,1632,ti.2 pa:n.3,,floor,,,,
7-250-418-1,chad1240,Chadong,1375,cua:ŋ.2 fu.2,,window,,,,
7-240-418-1,chad1240,Chadong,1472,shö.3 śi.3,,key,,,,
7-231-418-1,chad1240,Chadong,1012,mən.2 sa:n.1,,"latch, door-bolt",,,,
7-230-418-1,chad1240,Chadong,1596,shö.3 ćo.3,,lock (noun),,,,
7-221-418-1,chad1240,Chadong,80,pa:k.3 to.1 cü.3,,"doorpost, jamb",,,,
7-210-418-1,chad1240,Chadong,1450,lü.3,,room,,,,
7-220-418-1,chad1240,Chadong,1567,pa:k.7 to.1,,"door, gate",,,,
7-220-418-3,chad1240,Chadong,1567,pa:k.7 to.1 lək.8,,"door, gate",,,,
7-170-418-1,chad1240,Chadong,334,cü.2 foŋ.2,,cookhouse,,,,
7-150-418-1,chad1240,Chadong,736,jin.4 ci.3,,"yard, court",,,,
7-140-418-1,chad1240,Chadong,1316,ci:ŋ.4 puŋ.2,,tent,,,,
7-131-418-1,chad1240,Chadong,403,təŋ.2,,garden-house,,,,
7-120-418-1,chad1240,Chadong,1252,hja:n.1,,house,,,,
7-110-418-1,chad1240,Chadong,363,ńa:u.6,,"dwell, live",,,,
6-960-418-1,chad1240,Chadong,1171,kiŋ.6,,mirror,,,,
6-950-418-1,chad1240,Chadong,788,ji:ŋ.4 kjen.3,,soap,,,,
6-940-418-1,chad1240,Chadong,1926,ńuen.1 ka:u.4,,ointment,,,,
6-930-418-1,chad1240,Chadong,151,the.4 to.1,,razor,,,,
6-921-418-1,chad1240,Chadong,333,pjen.1,,braid,,,,
6-921-418-3,chad1240,Chadong,333,tau.2 pjen.4,,braid,,,,
6-920-418-1,chad1240,Chadong,1821,swa:t.7,,brush,,,,
6-910-418-1,chad1240,Chadong,1475,ki.4(1) ćo.3,,comb,,,,
6-820-418-1,chad1240,Chadong,1021,kjan.1,,towel,,,,
6-810-418-1,chad1240,Chadong,332,kjan.1,,"handkerchief, rag",,,,
6-790-418-1,chad1240,Chadong,68,cam.3 lən.2,,tattoo,,,,
6-780-418-1,chad1240,Chadong,330,ćo.3 kjan.1,,"headband, headdress",,,,
6-770-418-1,chad1240,Chadong,770,neŋ.5,,earring,,,,
6-760-418-1,chad1240,Chadong,1860,cü.2 shai.3,,bead,,,,
6-750-418-1,chad1240,Chadong,1961,wən.3(5) ljen.6,,necklace,,,,
6-740-418-1,chad1240,Chadong,1754,wən.5,,bracelet,,,,
6-730-418-1,chad1240,Chadong,1374,kam.1 ci.3,,ring (for finger),,,,
6-720-418-1,chad1240,Chadong,1029,sü.1 po.3,,jewel,,,,
6-620-418-1,chad1240,Chadong,757,khau.6,,button,,,,
6-610-418-1,chad1240,Chadong,1851,tai.6,,pocket,,,,
6-590-418-1,chad1240,Chadong,1151,kjan.1,,veil,,,,
6-580-418-1,chad1240,Chadong,867,mhi.1 tho.6,,glove,,,,
6-570-418-1,chad1240,Chadong,772,jau.2 tai.6,,"belt, girdle",,,,
6-550-418-1,chad1240,Chadong,2130,mo.6,,"hat, cap",,,,
6-540-418-1,chad1240,Chadong,875,ha:i.2 shi:ŋ.6,,"shoemaker, cobbler",,,,
6-510-418-1,chad1240,Chadong,1381,ha:i.2,,shoe,,,,
6-520-418-1,chad1240,Chadong,585,śwe.1,,boot,,,,
6-490-418-1,chad1240,Chadong,329,ma:t.8,,"stocking, sock",,,,
6-480-418-1,chad1240,Chadong,809,khu.6,,trousers,,,,
6-460-418-1,chad1240,Chadong,1600,kün.2,,skirt,,,,
6-450-418-1,chad1240,Chadong,2012,fuŋ.2(1) ləŋ.4,,collar,,,,
6-440-418-1,chad1240,Chadong,1622,chəŋ.6 sa:n.4,,shirt,,,,
6-430-418-1,chad1240,Chadong,603,kuk.7,,coat,,,,
6-390-418-1,chad1240,Chadong,157,ńian.2,,dye,,,,
6-410-418-1,chad1240,Chadong,326,tim.1,,cloak,,,,
6-380-418-1,chad1240,Chadong,1161,shon.5,,thread,,,,
6-360-418-1,chad1240,Chadong,1382,cham.1,,needle,,,,
6-370-418-1,chad1240,Chadong,278,lü.4 cü.1,,awl,,,,
6-350-418-1,chad1240,Chadong,1457,fa:ŋ.1,,sew,,,,
6-340-418-1,chad1240,Chadong,1787,pja:u.4 shö.1,,loom,,,,
6-340-418-3,chad1240,Chadong,1787,kö.2 shai.3,,loom,,,,
6-330-418-1,chad1240,Chadong,133,tam.3,,weave,,,,
6-310-418-1,chad1240,Chadong,121,lha:ŋ.4(5) sa.1,,spin,,,,
6-290-418-1,chad1240,Chadong,629,pi.2,,leather,,,,
6-270-418-1,chad1240,Chadong,325,juŋ.4,,felt,,,,
6-250-418-1,chad1240,Chadong,1641,cau.2,,silk,,,,
6-240-418-1,chad1240,Chadong,1850,mian.2 wa.1,,cotton,,,,
6-210-418-1,chad1240,Chadong,1616,i.1,,cloth,,,,
6-130-418-1,chad1240,Chadong,881,fa:ŋ.3 hu:t.7 shjeŋ.6,,tailor,,,,
6-120-418-1,chad1240,Chadong,1895,kuk.7,,"clothing, clothes",,,,
6-110-418-1,chad1240,Chadong,158,tan.3,,put on (clothes),,,,
5-971-418-1,chad1240,Chadong,1556,ta:n.2(6) wu:ŋ.2,,egg yolk,,,,
5-970-418-1,chad1240,Chadong,744,ćai.5,,egg,,,,
5-930-418-1,chad1240,Chadong,1639,pi.2 kha:u.3,,beer,,,,
5-920-418-1,chad1240,Chadong,1524,phu.4 to.3 kha:u.3,,wine,,,,
5-900-418-1,chad1240,Chadong,731,jin.3 lia:u.4,,"beverage, drink",,,,
5-870-418-1,chad1240,Chadong,93,she.3,,milk (vb),,,,
5-850-418-1,chad1240,Chadong,862,ta:ŋ.2,,sugar,,,,
5-860-418-1,chad1240,Chadong,635,pu.6 nham.3,,milk (noun),,,,
5-840-418-1,chad1240,Chadong,942,mit.8 ta:ŋ.2,,honey,,,,
5-820-418-1,chad1240,Chadong,1385,hu.2 shjeu.1,,pepper,,,,
5-810-418-1,chad1240,Chadong,1274,kö.1,,salt,,,,
5-791-418-1,chad1240,Chadong,323,man.2,,"grease, fat",,,,
5-790-418-1,chad1240,Chadong,1484,ju.2,,oil,,,,
5-780-418-1,chad1240,Chadong,1154,ka:n.3 la:n.3,,olive,,,,
5-760-418-1,chad1240,Chadong,920,phu.4 to.3,,grape,,,,
5-770-418-1,chad1240,Chadong,191,pa:n.4 ljat.8,,nut,,,,
5-712-418-1,chad1240,Chadong,1966,chün.6,,bunch,,,,
5-710-418-1,chad1240,Chadong,1507,sü.3 kuə.3,,fruit,,,,
5-700-418-1,chad1240,Chadong,593,hu:ŋ.4 su.2,,potato,,,,
5-660-418-1,chad1240,Chadong,832,tau.2 kak.7,,bean,,,,
5-650-418-1,chad1240,Chadong,924,ma.1,,vegetables,,,,
5-640-418-1,chad1240,Chadong,1547,lo.6,,"soup, broth",,,,
5-610-418-1,chad1240,Chadong,634,na:n.4,,meat,,,,
5-590-418-1,chad1240,Chadong,225,toi.6,,pestle,,,,
5-580-418-1,chad1240,Chadong,224,kim.1,,mortar (2),,,,
5-570-418-1,chad1240,Chadong,636,nian.3 shai.3,,mill,,,,
5-560-418-1,chad1240,Chadong,1033,nian.3,,"crush, grind",,,,
5-550-418-1,chad1240,Chadong,1594,mian.4(6) fan.3,,"meal, flour",,,,
5-540-418-1,chad1240,Chadong,274,wo.2 mian.6,,knead,,,,
5-530-418-1,chad1240,Chadong,273,mian.3 tu:n.2,,dough,,,,
5-510-418-1,chad1240,Chadong,1368,mian.3 pa:u.1,,bread,,,,
5-490-418-1,chad1240,Chadong,2017,kja:u.3,,"stir, mix",,,,
5-480-418-1,chad1240,Chadong,1767,kwa:t.7,,scrape,,,,
5-470-418-1,chad1240,Chadong,86,sa:i.1,,"sieve, strain",,,,
5-470-418-3,chad1240,Chadong,86,liu.6,,"sieve, strain",,,,
5-460-418-1,chad1240,Chadong,275,fu:t.7,,peel,,,,
5-450-418-1,chad1240,Chadong,1833,u.4 lap.7,,supper,,,,
5-440-418-1,chad1240,Chadong,1833,cən.6 u.4,,dinner,,,,
5-430-418-1,chad1240,Chadong,768,ta.4 wan.1,,lunch,,,,
5-420-418-1,chad1240,Chadong,1322,u.4 hjat.7,,breakfast,,,,
5-410-418-1,chad1240,Chadong,1526,u.4,,meal (a),,,,
5-391-418-1,chad1240,Chadong,272,kjen.2 kja.2,,tongs,,,,
5-390-418-1,chad1240,Chadong,1302,cha.1,,fork (2),,,,
5-380-418-1,chad1240,Chadong,1352,pja.3,,knife (2),,,,
5-370-418-1,chad1240,Chadong,1378,tjeu.2 kan.1,,spoon,,,,
5-360-418-1,chad1240,Chadong,271,lak.8 tjep.8,,saucer,,,,
5-350-418-1,chad1240,Chadong,476,ca:u.6,,"cup, drinking vessel",,,,
5-330-418-1,chad1240,Chadong,1530,u:n.3,,bowl,,,,
5-340-418-1,chad1240,Chadong,270,hu.2,,"pitcher, jug",,,,
5-320-418-1,chad1240,Chadong,480,pu:n.3,,plate,,,,
5-310-418-1,chad1240,Chadong,481,tjep.8,,dish,,,,
5-280-418-1,chad1240,Chadong,31,ćhik.7,,pan,,,,
5-260-418-1,chad1240,Chadong,1462,ćhik.7,,"pot, cooking vessel",,,,
5-270-418-1,chad1240,Chadong,854,sü.3 hu.2,,kettle,,,,
5-240-418-1,chad1240,Chadong,183,hɔŋ.6,,bake,,,,
5-250-418-1,chad1240,Chadong,1143,lu.2,,oven,,,,
5-230-418-1,chad1240,Chadong,2146,cha:u.3,,"roast, fry",,,,
5-220-418-1,chad1240,Chadong,792,ɔ.1,,boil (vb),,,,
5-220-418-3,chad1240,Chadong,792,tuŋ.1,,boil (vb),,,,
5-210-418-1,chad1240,Chadong,1100,tuŋ.1,,cook,,,,
5-210-418-3,chad1240,Chadong,1100,ɔ.1,,cook,,,,
5-190-418-1,chad1240,Chadong,129,lak.8,,choke,,,,
5-181-418-1,chad1240,Chadong,897,lu:n.4,,swallow,,,,
5-180-418-1,chad1240,Chadong,321,ńa:i.5,,chew,,,,
5-160-418-1,chad1240,Chadong,1421,nük.7,,suck,,,,
5-150-418-1,chad1240,Chadong,848,kha:t.7,,thirst,,,,
5-141-418-1,chad1240,Chadong,199,ji:k.7,,famine,,,,
5-140-418-1,chad1240,Chadong,1864,ji:k.7,,hunger,,,,
5-130-418-1,chad1240,Chadong,1401,su:k.7,,drink,,,,
5-125-418-1,chad1240,Chadong,1728,map.7,,rotten,,,,
5-124-418-1,chad1240,Chadong,1958,hiu.1,,"green, unripe",,,,
5-123-418-1,chad1240,Chadong,178,sok.8,,ripe,,,,
5-123-418-3,chad1240,Chadong,178,ma:n.3 pa.2,,ripe,,,,
5-122-418-1,chad1240,Chadong,1959,ljep.8,,raw,,,,
5-121-418-1,chad1240,Chadong,269,sok.8,,cooked,,,,
5-120-418-1,chad1240,Chadong,256,cə.1 ti.4 fat.8 kjen.4,,food,,,,
5-110-418-1,chad1240,Chadong,1336,cə.1,,eat,,,,
4-990-418-1,chad1240,Chadong,590,taŋ.6 shiu.3,,"naked, bare",,,,
4-970-418-1,chad1240,Chadong,1653,muŋ.1,,blind,,,,
4-980-418-1,chad1240,Chadong,1463,mhe.1,,intoxicated,,,,
4-960-418-1,chad1240,Chadong,1666,a.3,,mute,,,,
4-950-418-1,chad1240,Chadong,996,lak.8,,deaf,,,,
4-930-418-1,chad1240,Chadong,1125,ćo.3 pu:ŋ.1,,bald,,,,
4-940-418-1,chad1240,Chadong,320,tin.4 (1) khwa:i.3,,lame,,,,
4-920-418-1,chad1240,Chadong,1564,la:n.4,,lazy,,,,
4-912-418-1,chad1240,Chadong,168,hjet.7,,rest,,,,
4-910-418-1,chad1240,Chadong,1757,ne.5,,"tired, weary",,,,
4-890-418-1,chad1240,Chadong,655,tok.8 za.2,,poison,,,,
4-880-418-1,chad1240,Chadong,1372,za.2,,"medicine, drug",,,,
4-870-418-1,chad1240,Chadong,597,ji.4 seŋ.1,,physician,,,,
4-860-418-1,chad1240,Chadong,499,cəŋ.3 nən.2,,"cure, heal",,,,
4-860-418-3,chad1240,Chadong,499,nən.2 pa.2,,"cure, heal",,,,
4-858-418-1,chad1240,Chadong,497,pa.1,,scar,,,,
4-857-418-1,chad1240,Chadong,1808,njuŋ.2,,pus,,,,
4-856-418-1,chad1240,Chadong,793,kjit.7,,boil (noun),,,,
4-855-418-1,chad1240,Chadong,1584,sü.3 pha:u.5,,blister,,,,
4-854-418-1,chad1240,Chadong,148,fok.7 lək.8,,itch,,,,
4-854-418-3,chad1240,Chadong,148,lum.1,,itch,,,,
4-853-418-1,chad1240,Chadong,1903,fok.7,,swelling,,,,
4-852-418-1,chad1240,Chadong,1148,au.3,,bruise,,,,
4-850-418-1,chad1240,Chadong,1109,śi:ŋ.4 toŋ.6,,"wound, sore",,,,
4-850-418-3,chad1240,Chadong,1109,śi:ŋ.4 khau.3,,"wound, sore",,,,
4-843-418-1,chad1240,Chadong,102,fa:t.7 nho.1,,cold (catarrh),,,,
4-842-418-1,chad1240,Chadong,1957,wan.3 pjeu.3,,goiter,,,,
4-841-418-1,chad1240,Chadong,1534,fa:t.7 ta:u.3,,fever,,,,
4-840-418-1,chad1240,Chadong,1847,peŋ.6,,"sick, sickness",,,,
4-830-418-1,chad1240,Chadong,1364,cien.6 kha:ŋ.4,,"well, health",,,,
4-820-418-1,chad1240,Chadong,1601,ne.4 jok.8,,weak,,,,
4-810-418-1,chad1240,Chadong,785,me.2 łək.8,,"strong, mighty, powerful",,,,
4-790-418-1,chad1240,Chadong,1773,fən.2,,"grave, tomb",,,,
4-780-418-1,chad1240,Chadong,1719,mhok.7,,bury (the dead),,,,
4-770-418-1,chad1240,Chadong,767,si.1,,corpse,,,,
4-760-418-1,chad1240,Chadong,1417,ha.3,,kill,,,,
4-751-418-1,chad1240,Chadong,1904,a:m.1 tai.1,,drowned,,,,
4-750-418-1,chad1240,Chadong,1494,tai.1,,"die, dead",,,,
4-740-418-1,chad1240,Chadong,1422,ćhu.3,,"live, living, life",,,,
4-732-418-1,chad1240,Chadong,1087,hua:i.2 tai.1,,conceive,,,,
4-730-418-1,chad1240,Chadong,1123,tai.2 lən.1,,pregnant,,,,
4-720-418-1,chad1240,Chadong,1090,uk.7 seŋ.1,,born (to be),,,,
4-710-418-1,chad1240,Chadong,1152,sha:ŋ.4,,beget (of father),,,,
4-690-418-1,chad1240,Chadong,138,luk.7 lən.2,,bathe,,,,
4-670-418-1,chad1240,Chadong,1785,fe.4 tu.2 na.4,,have sexual intercourse,,,,
4-660-418-1,chad1240,Chadong,676,pe.4 će.4,,defecate,,,,
4-650-418-1,chad1240,Chadong,592,njeu.5,,urinate,,,,
4-650-418-3,chad1240,Chadong,592,pe.4 njeu.5,,urinate,,,,
4-640-418-1,chad1240,Chadong,1159,pe.4 tət.7,,break wind,,,,
4-630-418-1,chad1240,Chadong,1602,shəŋ.3 taŋ.2,,wake up,,,,
4-620-418-1,chad1240,Chadong,1920,moŋ.6,,dream,,,,
4-612-418-1,chad1240,Chadong,1983,che.3 lu.2,,snore,,,,
4-610-418-1,chad1240,Chadong,1585,nhjak.7,,sleep,,,,
4-591-418-1,chad1240,Chadong,268,liu.2(6) pa:k.7 jü.1,,dribble,,,,
4-590-418-1,chad1240,Chadong,319,lja:m.5,,lick,,,,
4-580-418-1,chad1240,Chadong,1403,ćit.8,,bite,,,,
4-570-418-1,chad1240,Chadong,1278,lök.7,,vomit,,,,
4-560-418-1,chad1240,Chadong,1440,pa:k.7 jü.1,,spit,,,,
4-560-418-3,chad1240,Chadong,1440,ta:m.2 / ta:ŋ.2,,spit,,,,
4-550-418-1,chad1240,Chadong,126,uk.7 wan.4,,perspire,,,,
4-540-418-1,chad1240,Chadong,1621,ta.4 chiu.1,,sneeze,,,,
4-530-418-1,chad1240,Chadong,879,khö.1,,cough,,,,
4-521-418-1,chad1240,Chadong,162,ta.4 chak.7 ak.7,,hiccough,,,,
4-520-418-1,chad1240,Chadong,1028,ŋa.4 pa:k.7,,"yawn, gape",,,,
4-510-418-1,chad1240,Chadong,1407,thjeu.1 chi.6,,"breathe, breath",,,,
4-492-418-1,chad1240,Chadong,1222,ku.4 ni.6,,penis,,,,
4-490-418-1,chad1240,Chadong,797,lu:n.4 wan.4,,testicle,,,,
4-470-418-1,chad1240,Chadong,804,fa:ŋ.2 la.2 tai.6,,womb,,,,
4-464-418-1,chad1240,Chadong,834,suŋ.3 pha:i.3,,buttocks,,,,
4-463-418-1,chad1240,Chadong,1745,təŋ.2 kəm.4,,hip,,,,
4-462-418-1,chad1240,Chadong,1681,jeu.1,,waist,,,,
4-461-418-1,chad1240,Chadong,1991,sha:i.3,,"intestines, guts",,,,
4-460-418-1,chad1240,Chadong,819,luŋ.2,,stomach,,,,
4-452-418-1,chad1240,Chadong,1744,ma.0 luŋ.2 kon.1,,spleen,,,,
4-451-418-1,chad1240,Chadong,489,jeu.4(1) sək.8,,kidney,,,,
4-450-418-1,chad1240,Chadong,1224,tap.7,,liver,,,,
4-441-418-1,chad1240,Chadong,688,fe.6,,lung,,,,
4-440-418-1,chad1240,Chadong,1223,sham.4 tau.2,,heart,,,,
4-430-418-1,chad1240,Chadong,1838,cəm.2 lö.2,,navel,,,,
4-412-418-1,chad1240,Chadong,796,pu.6 pa:k.7,,"nipple, teat",,,,
4-412-418-3,chad1240,Chadong,796,pu.6 ćo.3,,"nipple, teat",,,,
4-410-418-1,chad1240,Chadong,1402,pu.6,,breast (of woman),,,,
4-400-418-1,chad1240,Chadong,1592,na.3 tak.7,,chest,,,,
4-393-418-1,chad1240,Chadong,1201,sən.1,,feather,,,,
4-392-418-1,chad1240,Chadong,1257,hwa.5,,wing,,,,
4-380-418-1,chad1240,Chadong,1389,lak.8 tin.4(1) ćo.3,,toe,,,,
4-374-418-1,chad1240,Chadong,318,tin.1 jin.6,,footprint,,,,
4-372-418-1,chad1240,Chadong,980,chuŋ.4 ceŋ.1,,heel,,,,
4-371-418-1,chad1240,Chadong,803,lo.3 shai.3 kut.7,,ankle,,,,
4-370-418-1,chad1240,Chadong,1301,tin.1,,foot,,,,
4-360-418-1,chad1240,Chadong,1371,ćo.3 ko.6,,knee,,,,
4-352-418-1,chad1240,Chadong,498,luŋ.2 kit.8,,calf of leg,,,,
4-351-418-1,chad1240,Chadong,800,tin.1,,thigh,,,,
4-350-418-1,chad1240,Chadong,1297,tin.4(1) kwa.1,,leg,,,,
4-345-418-1,chad1240,Chadong,72,ca:u.3,,claw,,,,
4-344-418-1,chad1240,Chadong,1258,mhi.1 kai.6,,fingernail,,,,
4-342-418-1,chad1240,Chadong,1781,ćo.3 ni.4 mhi.1,,thumb,,,,
4-340-418-1,chad1240,Chadong,1303,lak.8 mhi.1,,finger,,,,
4-331-418-1,chad1240,Chadong,1183,pa.4 ci:ŋ.3,,palm of hand,,,,
4-330-418-1,chad1240,Chadong,1277,mi.1,,hand,,,,
4-321-418-1,chad1240,Chadong,799,mhi.1 wan.1,,wrist,,,,
4-320-418-1,chad1240,Chadong,981,mhi.1 cau.3,,elbow,,,,
4-312-418-1,chad1240,Chadong,1886,kha.4 la:k.7,,armpit,,,,
4-310-418-1,chad1240,Chadong,1673,paŋ.3(4) mi.1,,arm,,,,
4-302-418-1,chad1240,Chadong,1994,shö.4 kut.7,,collarbone,,,,
4-301-418-1,chad1240,Chadong,172,ha:n.2 ca:u.2 kut.7,,shoulderblade,,,,
4-300-418-1,chad1240,Chadong,1482,ćo.4 ha.1,,shoulder,,,,
4-290-418-1,chad1240,Chadong,1346,hau.2 luŋ.1,,throat,,,,
4-281-418-1,chad1240,Chadong,1347,ńi:ŋ.4 cə.4 tap.7,,nape of neck,,,,
4-280-418-1,chad1240,Chadong,1333,wan.1,,neck,,,,
4-272-418-1,chad1240,Chadong,1049,ta:i.4(2) ŋa.2,,molartooth,,,,
4-270-418-1,chad1240,Chadong,1380,ŋa.2 chi.3,,tooth,,,,
4-271-418-1,chad1240,Chadong,139,shi:ŋ.4 ŋa.2,,gums,,,,
4-271-418-3,chad1240,Chadong,139,ŋa.2 ńan.2,,gums,,,,
4-260-418-1,chad1240,Chadong,1205,ma.2,,tongue,,,,
4-250-418-1,chad1240,Chadong,478,pa:k.7 pi.2,,lip,,,,
4-241-418-1,chad1240,Chadong,73,ńok.8 pa:k.7,,beak,,,,
4-240-418-1,chad1240,Chadong,674,pa:k.7,,mouth,,,,
4-232-418-1,chad1240,Chadong,208,mok.8,,mucus (nasal),,,,
4-231-418-1,chad1240,Chadong,1178,naŋ.4(1) cəm.2,,nostril,,,,
4-230-418-1,chad1240,Chadong,1221,naŋ.1,,nose,,,,
4-222-418-1,chad1240,Chadong,32,pe.4 khja.1 će.4,,earwax,,,,
4-221-418-1,chad1240,Chadong,18,pe.4 khja.1 tü.6,,earlobe,,,,
4-220-418-1,chad1240,Chadong,1247,pe.4 khja.1,,ear,,,,
4-215-418-1,chad1240,Chadong,1655,ca:p.7 la.1,,blink,,,,
4-215-418-3,chad1240,Chadong,1655,la.1 ca:p.7,,blink,,,,
4-214-418-1,chad1240,Chadong,1540,ńa.2 la.1 sən.1,,eyelash,,,,
4-213-418-1,chad1240,Chadong,17,la.1 pi.2,,eyelid,,,,
4-212-418-1,chad1240,Chadong,1173,la.1 sən.1,,eyebrow,,,,
4-210-418-1,chad1240,Chadong,1248,la.1,,eye,,,,
4-208-418-1,chad1240,Chadong,1730,ŋjai.6,,cheek,,,,
4-209-418-1,chad1240,Chadong,1510,ha.4 pa.2,,chin,,,,
4-205-418-1,chad1240,Chadong,123,na.3 pja:k.7,,forehead,,,,
4-207-418-1,chad1240,Chadong,798,ŋjai.6,,jaw,,,,
4-207-418-3,chad1240,Chadong,798,sa:i.4 pa.3,,jaw,,,,
4-204-418-1,chad1240,Chadong,1560,na.3,,face,,,,
4-203-418-1,chad1240,Chadong,1583,ćo.3 no.3,,brain,,,,
4-201-418-1,chad1240,Chadong,1604,ni.4 fai.6 hjep.8,,"side of head, temple",,,,
4-202-418-1,chad1240,Chadong,1605,ćo.3 lu.2,,skull,,,,
4-200-418-1,chad1240,Chadong,1256,ćo.3,,head,,,,
4-191-418-1,chad1240,Chadong,805,ta.4 la:i.1 kut.7,,spine,,,,
4-190-418-1,chad1240,Chadong,1291,ta.4 la:i.1,,back,,,,
4-180-418-1,chad1240,Chadong,1220,shət.7,,tail,,,,
4-170-418-1,chad1240,Chadong,1393,ŋa:u.1,,horn,,,,
4-162-418-1,chad1240,Chadong,801,kut.7 ci.1 phəŋ.1,,rib,,,,
4-160-418-1,chad1240,Chadong,1394,kut.7,,bone,,,,
4-151-418-1,chad1240,Chadong,525,mek.8,,"vein, artery",,,,
4-150-418-1,chad1240,Chadong,946,phja:t.7,,blood,,,,
4-146-418-1,chad1240,Chadong,576,ćo.3 la:i.1,,dandruff,,,,
4-145-418-1,chad1240,Chadong,36,jim.2 mo.2,,pubic hair,,,,
4-144-418-1,chad1240,Chadong,189,sə.4(1) nun.5,,body hair,,,,
4-142-418-1,chad1240,Chadong,678,nu:t.8,,beard,,,,
4-140-418-1,chad1240,Chadong,1040,ćo.3 pjam.1,,hair (head),,,,
4-130-418-1,chad1240,Chadong,2259,na:n.4,,flesh,,,,
4-120-418-1,chad1240,Chadong,763,pi.2,,"skin, hide",,,,
4-110-418-1,chad1240,Chadong,1480,lən.2,,body,,,,
3-980-418-1,chad1240,Chadong,112,kwi.1,,turtle,,,,
3-950-418-1,chad1240,Chadong,503,kəp.7,,frog,,,,
3-950-418-3,chad1240,Chadong,503,ni.4 kwai.3,,frog,,,,
3-940-418-1,chad1240,Chadong,1543,khü.3,,snail,,,,
3-930-418-1,chad1240,Chadong,607,ni.4 kuŋ.2,,grasshopper,,,,
3-920-418-1,chad1240,Chadong,1791,ni.4 pa.4,,butterfly,,,,
3-910-418-1,chad1240,Chadong,206,niŋ.4 niŋ.3,,firefly,,,,
3-850-418-1,chad1240,Chadong,730,zü.2,,snake,,,,
3-840-418-1,chad1240,Chadong,1219,ni.4 nun.1,,worm,,,,
3-832-418-1,chad1240,Chadong,1509,ni.4 ta.1 ńe.6,,mosquito,,,,
3-830-418-1,chad1240,Chadong,1504,ni.4 njuŋ.4,,fly,,,,
3-823-418-1,chad1240,Chadong,1517,ma.0 fuŋ.1,,wasp,,,,
3-823-418-3,chad1240,Chadong,1517,wu:ŋ.2 fuŋ.1,,wasp,,,,
3-822-418-1,chad1240,Chadong,88,mit.8 khuə.1,,beehive,,,,
3-821-418-1,chad1240,Chadong,1931,mit.8 la:p.7,,beeswax,,,,
3-820-418-1,chad1240,Chadong,665,mit.8,,bee,,,,
3-819-418-1,chad1240,Chadong,1065,tak.8 məm.4 pja.1,,spider web,,,,
3-818-418-1,chad1240,Chadong,843,tak.8 məm.4,,spider,,,,
3-817-418-1,chad1240,Chadong,587,ni.4 mət.8,,ant,,,,
3-816-418-1,chad1240,Chadong,1575,sho.4 ka:p.7,,cockroach,,,,
3-815-418-1,chad1240,Chadong,1538,ti.4 ńau.2,,scorpion,,,,
3-814-418-1,chad1240,Chadong,1974,lu.4 kuŋ.4 cuŋ.3,,centipede,,,,
3-813-418-1,chad1240,Chadong,232,ni.4 mat.7,,flea,,,,
3-812-418-1,chad1240,Chadong,267,ni.4 nan.2 ćai.6,,nit (louse egg),,,,
3-811-418-1,chad1240,Chadong,1392,ni.4 nan.2,,louse,,,,
3-811-418-3,chad1240,Chadong,1392,ni.4 nan.2,,louse,,,,
3-810-418-1,chad1240,Chadong,620,ni.4 ta.1,,insect,,,,
3-780-418-1,chad1240,Chadong,1871,luo.3 tho.4,,camel,,,,
3-770-418-1,chad1240,Chadong,1290,shi:ŋ.4,,elephant,,,,
3-760-418-1,chad1240,Chadong,1350,ma.4 ljeu.2,,monkey,,,,
3-750-418-1,chad1240,Chadong,1936,sa:n.4 pa.1,,deer,,,,
3-740-418-1,chad1240,Chadong,1312,ja.3 kau.3,,fox,,,,
3-730-418-1,chad1240,Chadong,1820,juŋ.2,,bear,,,,
3-720-418-1,chad1240,Chadong,1386,sa.4 shai.3,,lion,,,,
3-710-418-1,chad1240,Chadong,522,ca:i.4 loŋ.2,,wolf,,,,
3-665-418-1,chad1240,Chadong,1013,ne.2 hjen.6,,freshwater eel,,,,
3-655-418-1,chad1240,Chadong,598,lo.4 pu.2 hak.7,,shell,,,,
3-654-418-1,chad1240,Chadong,1916,məm.6 hjep.7,,gill,,,,
3-653-418-1,chad1240,Chadong,266,məm.6 kin.5,,fishscale,,,,
3-652-418-1,chad1240,Chadong,213,məm.6 ci.5,,fin (dorsal),,,,
3-650-418-1,chad1240,Chadong,227,məm.6,,fish,,,,
3-630-418-1,chad1240,Chadong,2139,ni.4 no.3,,"mouse, rat",,,,
3-620-418-1,chad1240,Chadong,1208,meu.4,,cat,,,,
3-614-418-1,chad1240,Chadong,1136,thu.5,,rabbit,,,,
3-610-418-1,chad1240,Chadong,2009,mha.1,,dog,,,,
3-594-418-1,chad1240,Chadong,1853,pja:n.4 ci.6,,dove,,,,
3-596-418-1,chad1240,Chadong,735,om.5 jam.1,,owl,,,,
3-593-418-1,chad1240,Chadong,913,lo.4 a.1,,crow,,,,
3-592-418-1,chad1240,Chadong,882,jin.4 wu.3,,parrot,,,,
3-591-418-1,chad1240,Chadong,1793,fai.4 sü.3,,bat,,,,
3-585-418-1,chad1240,Chadong,307,lo.4 jiu.6,,hawk,,,,
3-583-418-1,chad1240,Chadong,758,lu.2(6) zuə.2,,heron,,,,
3-581-418-1,chad1240,Chadong,937,ńok.8,,bird,,,,
3-580-418-1,chad1240,Chadong,539,khuə.1,,nest,,,,
3-570-418-1,chad1240,Chadong,1360,ep.7,,duck,,,,
3-560-418-1,chad1240,Chadong,1187,ŋa:n.6,,goose,,,,
3-550-418-1,chad1240,Chadong,1318,ka:i.5,,chicken,,,,
3-540-418-1,chad1240,Chadong,1514,ni.4 ka:i.5,,hen,,,,
3-520-418-1,chad1240,Chadong,1511,tak.8 ka:i.5,,"cock, rooster",,,,
3-470-418-1,chad1240,Chadong,890,lo.2,,mule,,,,
3-470-418-3,chad1240,Chadong,890,ma.4 lo.2,,mule,,,,
3-500-418-1,chad1240,Chadong,265,cja.4 cin.4,,fowl,,,,
3-460-418-1,chad1240,Chadong,1862,lü.2,,"ass, donkey",,,,
3-450-418-1,chad1240,Chadong,1647,lak.8 ma.4 tak.8,,"foal, colt",,,,
3-450-418-3,chad1240,Chadong,1647,lak.8 ma.4 ni.4,,"foal, colt",,,,
3-440-418-1,chad1240,Chadong,938,ni.4 ma.4,,mare,,,,
3-420-418-1,chad1240,Chadong,936,ma.4 tak.8,,stallion,,,,
3-410-418-1,chad1240,Chadong,615,ma.4,,horse (equine),,,,
3-380-418-1,chad1240,Chadong,1972,sa:n.2 ji:ŋ.2 she.6,,kid,,,,
3-370-418-1,chad1240,Chadong,264,sa:n.2 ji:ŋ.2 tak.8,,he-goat,,,,
3-360-418-1,chad1240,Chadong,1502,sa:n.2 zö.2,,goat,,,,
3-350-418-1,chad1240,Chadong,1337,mhu.5,,pig,,,,
3-340-418-1,chad1240,Chadong,1351,ni.4 mhu.5,,sow (2),,,,
3-320-418-1,chad1240,Chadong,1348,tak.8 mhu.5,,boar,,,,
3-280-418-1,chad1240,Chadong,1345,zö.2 ni.4,,ewe,,,,
3-260-418-1,chad1240,Chadong,1344,zö.2 tak.8,,ram,,,,
3-250-418-1,chad1240,Chadong,1331,ji:ŋ.2,,sheep,,,,
3-250-418-3,chad1240,Chadong,1331,zö.2,,sheep,,,,
3-240-418-1,chad1240,Chadong,1989,lak.8 po.4,,calf,,,,
3-230-418-1,chad1240,Chadong,1007,ni.4 po.4,,cow,,,,
3-220-418-1,chad1240,Chadong,1169,po.4,,ox,,,,
3-210-418-1,chad1240,Chadong,1008,tak.8 po.4,,bull,,,,
3-200-418-1,chad1240,Chadong,1153,chok.7 seŋ.1,,cattle (bovine),,,,
3-190-418-1,chad1240,Chadong,851,ma.4 la:n.2,,"stable, stall",,,,
3-180-418-1,chad1240,Chadong,263,lhaŋ.1 po.4 lən.1,,herdsman,,,,
3-150-418-1,chad1240,Chadong,631,chok.7 seŋ.1,,livestock,,,,
3-130-418-1,chad1240,Chadong,2262,ni.4,,female (adj),,,,
3-120-418-1,chad1240,Chadong,2261,tak.8,,male (adj),,,,
3-110-418-1,chad1240,Chadong,619,ja.3 shok.7,,animal,,,,
3-110-418-3,chad1240,Chadong,619,ja.3 na:n.4,,animal,,,,
2-960-418-1,chad1240,Chadong,817,tje.1,,they,,,,
2-950-418-1,chad1240,Chadong,1213,śe.1,,you (plural),,,,
2-941-418-1,chad1240,Chadong,1131,la:u.1,,we (inclusive),,,,
2-940-418-1,chad1240,Chadong,1212,lje.1,,we,,,,
2-930-418-1,chad1240,Chadong,262,mən.2,,he/she/it,,,,
2-920-418-1,chad1240,Chadong,1215,ńi.2,,you (singular),,,,
2-910-418-1,chad1240,Chadong,1209,je.2,,I,,,,
2-820-418-1,chad1240,Chadong,194,la:u.4 hja:n.1,,family,,,,
2-810-418-1,chad1240,Chadong,1644,shan.4(1) shi:k.7,,"relatives, kinsmen",,,,
2-770-418-1,chad1240,Chadong,1981,ku.4 hon.4 kuŋ.1,,widower,,,,
2-760-418-1,chad1240,Chadong,1756,ku.4 hon.4 puə.2,,widow,,,,
2-750-418-1,chad1240,Chadong,1149,ku.4 hon.4 shai.3,,orphan,,,,
2-740-418-1,chad1240,Chadong,1058,ki.4(6) niu.4,,stepdaughter,,,,
2-730-418-1,chad1240,Chadong,1059,ki.4(6) ńi.2,,stepson,,,,
2-720-418-1,chad1240,Chadong,236,ci.4 ni.4,,stepmother,,,,
2-710-418-1,chad1240,Chadong,237,ci.4 je.1,,stepfather,,,,
2-641-418-1,chad1240,Chadong,2264,lhje.3,,daughter-in-law (of a woman),,,,
2-640-418-1,chad1240,Chadong,2265,lhje.3,,daughter-in-law (of a man),,,,
2-631-418-1,chad1240,Chadong,2266,lak.8 za:u.4,,son-in-law (of a woman),,,,
2-630-418-1,chad1240,Chadong,2267,lak.8 za:u.4,,son-in-law (of a man),,,,
2-621-418-1,chad1240,Chadong,2257,ka.2(1) puə.2,,mother-in-law (of a woman),,,,
2-620-418-1,chad1240,Chadong,2256,mu:i.3 ka.1 ni.4,,mother-in-law (of a man),,,,
2-611-418-1,chad1240,Chadong,2254,cü.4 jan.2 kuŋ.1,,father-in-law (of a woman),,,,
2-610-418-1,chad1240,Chadong,2255,mu:i.3 ka.1 ti.1,,father-in-law (of a man),,,,
2-570-418-1,chad1240,Chadong,490,hau.2 tai.6,,descendants,,,,
2-560-418-1,chad1240,Chadong,1669,cu.4 kuŋ.1,,ancestors,,,,
2-550-418-1,chad1240,Chadong,1643,pia:u.4 ko.1 nuŋ.4,,cousin,,,,
2-550-418-3,chad1240,Chadong,1643,pia:u.4 ta:i.6pia:u.4 mai.4,,cousin,,,,
2-540-418-1,chad1240,Chadong,1642,cat.8 niu.4,,niece,,,,
2-530-418-1,chad1240,Chadong,1063,cat.8 ńi.2,,nephew,,,,
2-522-418-1,chad1240,Chadong,170,ćam.1,,father's sister,,,,
2-520-418-1,chad1240,Chadong,1272,sam.3,,aunt,,,,
2-520-418-3,chad1240,Chadong,1272,a.4 ji.2,,aunt,,,,
2-520-418-5,chad1240,Chadong,1272,ku.1,,aunt,,,,
2-521-418-1,chad1240,Chadong,171,ta:i.2 ji.2,,mother's sister,,,,
2-512-418-1,chad1240,Chadong,1985,pa.5,,father's brother,,,,
2-511-418-1,chad1240,Chadong,1984,ta:i.2 kjau.4,,mother's brother,,,,
2-510-418-1,chad1240,Chadong,1327,sok.7,,uncle,,,,
2-510-418-3,chad1240,Chadong,1327,pa.5,,uncle,,,,
2-510-418-5,chad1240,Chadong,1327,kjau.4,,uncle,,,,
2-480-418-1,chad1240,Chadong,1618,kha:n.1,,grandson,,,,
2-490-418-1,chad1240,Chadong,1619,lak.8 pi:k.7 kha:n.1,,granddaughter,,,,
2-471-418-1,chad1240,Chadong,907,pə.2 la:u.4 cü.3,,old woman,,,,
2-470-418-1,chad1240,Chadong,1496,puə.2,,grandmother,,,,
2-461-418-1,chad1240,Chadong,406,kə.2 la:u.4 cü.3,,old man,,,,
2-460-418-1,chad1240,Chadong,1383,koŋ.1,,grandfather,,,,
2-458-418-1,chad1240,Chadong,1005,soŋ.4(1) pa:u.4 tai.1,,twins,,,,
2-456-418-1,chad1240,Chadong,1640,fa:i.4 nuŋ.4 ta:i.6 mai.4,,sibling,,,,
2-455-418-1,chad1240,Chadong,1761,mai.4,,younger sister,,,,
2-454-418-1,chad1240,Chadong,1758,ta:i.6,,older sister,,,,
2-450-418-1,chad1240,Chadong,1263,ta:i.6 mai.4,,sister,,,,
2-445-418-1,chad1240,Chadong,1760,nuŋ.4,,younger brother,,,,
2-444-418-1,chad1240,Chadong,1759,fa:i.4,,older brother,,,,
2-444-418-3,chad1240,Chadong,1759,ko.4 ko.6,,older brother,,,,
2-440-418-1,chad1240,Chadong,1262,fa:i.4 nuŋ.4,,brother,,,,
2-430-418-1,chad1240,Chadong,1801,lən.4(1) ti.4,,offspring (son or daughter),,,,
2-430-418-3,chad1240,Chadong,1801,hau.2 tai.6,,offspring (son or daughter),,,,
2-420-418-1,chad1240,Chadong,1357,la:k.8 pi:k.7,,daughter,,,,
2-410-418-1,chad1240,Chadong,1620,la:k.8,,son,,,,
2-370-418-1,chad1240,Chadong,505,ti.1 ni.4,,parents,,,,
2-360-418-1,chad1240,Chadong,1216,ni.4,,mother,,,,
2-350-418-1,chad1240,Chadong,1217,ti.1,,father,,,,
2-341-418-1,chad1240,Chadong,1134,li.2 fan.1,,divorce,,,,
2-340-418-1,chad1240,Chadong,1259,fan.1 jin.1,,"marriage, wedding",,,,
2-330-418-1,chad1240,Chadong,203,kjet.8 fan.1,,marry,,,,
2-320-418-1,chad1240,Chadong,1199,ma:i.4,,wife,,,,
2-310-418-1,chad1240,Chadong,1200,pa:n.1,,husband,,,,
2-280-418-1,chad1240,Chadong,1289,lak.8 lən.3(1) teŋ.4,,"infant, baby",,,,
2-270-418-1,chad1240,Chadong,1304,lak.8 lən.3(1) ti.4,,child,,,,
2-261-418-1,chad1240,Chadong,77,ku.4 nja:ŋ.1,,young woman (adolescent),,,,
2-260-418-1,chad1240,Chadong,1646,lak.8 pi:k.7,,girl,,,,
2-251-418-1,chad1240,Chadong,76,lak.8 hau.2 seŋ.1,,young man (adolescent),,,,
2-250-418-1,chad1240,Chadong,1366,no.4 ni.6,,boy,,,,
2-240-418-1,chad1240,Chadong,1551,ti.2 pi:k.7,,female,,,,
2-240-418-3,chad1240,Chadong,1551,niu.4,,female,,,,
2-230-418-1,chad1240,Chadong,1553,ti.2 pa:n.1,,male,,,,
2-230-418-3,chad1240,Chadong,1553,na:m.2,,male,,,,
2-220-418-1,chad1240,Chadong,962,ti.2 pi:k.7,,woman,,,,
2-210-418-1,chad1240,Chadong,1554,ti.2 pa:n.1,,man (vs. woman),,,,
2-100-418-1,chad1240,Chadong,683,lən.1,,"person, human being",,,,
1-890-418-1,chad1240,Chadong,1188,tha:n.4,,charcoal,,,,
1-880-418-1,chad1240,Chadong,10,lət.7,,firewood,,,,
1-870-418-1,chad1240,Chadong,1133,sha:i.2(6) la:i.2 fo.1,,match (noun),,,,
1-861-418-1,chad1240,Chadong,127,lap.8 wi.1,,extinguish,,,,
1-860-418-1,chad1240,Chadong,737,tjem.3 wi.1,,"light, kindle, ignite",,,,
1-852-418-1,chad1240,Chadong,1428,ta:u.4(3) fən.1,,burn (vb intrans),,,,
1-851-418-1,chad1240,Chadong,141,ta:u.3,,burn (vb trans),,,,
1-841-418-1,chad1240,Chadong,67,wi.4(1) niŋ.3,,embers,,,,
1-840-418-1,chad1240,Chadong,646,fuk.7,,ashes,,,,
1-830-418-1,chad1240,Chadong,778,kwan.2,,smoke (noun),,,,
1-830-418-3,chad1240,Chadong,778,wi.1 kwan.2,,smoke (noun),,,,
1-820-418-1,chad1240,Chadong,889,wi.1 phe.1,,flame (noun),,,,
1-810-418-1,chad1240,Chadong,221,wi.1,,fire,,,,
1-780-418-1,chad1240,Chadong,952,tjan.4 khi.6,,weather,,,,
1-770-418-1,chad1240,Chadong,617,sü.3 po.2 lja:ŋ.6,,ice,,,,
1-760-418-1,chad1240,Chadong,784,ću.5,,snow (noun),,,,
1-750-418-1,chad1240,Chadong,658,fən.1,,rain (noun),,,,
1-750-418-3,chad1240,Chadong,658,hwon.1,,rain (noun),,,,
1-740-418-1,chad1240,Chadong,249,muŋ.3 lu.2 ji:n.1,,fog,,,,
1-720-418-1,chad1240,Chadong,960,ləm.1,,wind,,,,
1-730-418-1,chad1240,Chadong,1489,fa.3,,cloud,,,,
1-730-418-3,chad1240,Chadong,1489,hwa.3,,cloud,,,,
1-710-418-1,chad1240,Chadong,27,khuŋ.4(1) khi.6,,air,,,,
1-640-418-1,chad1240,Chadong,1977,lu.4(6) sü.3,,dew,,,,
1-630-418-1,chad1240,Chadong,1388,jam.1,,"shade, shadow",,,,
1-630-418-3,chad1240,Chadong,1388,ɨŋ.4(3) shai.3,,"shade, shadow",,,,
1-620-418-1,chad1240,Chadong,11,lhap.7,,darkness,,,,
1-610-418-1,chad1240,Chadong,630,ni.4 fai.5 ka:ŋ.1,,light (noun),,,,
1-590-418-1,chad1240,Chadong,1733,ljeŋ.4 kaŋ.4 tuŋ.1,,rainbow,,,,
1-580-418-1,chad1240,Chadong,858,fən.1 lək.8,,storm,,,,
1-560-418-1,chad1240,Chadong,1150,fa.3 kəm.4,,thunder,,,,
1-570-418-1,chad1240,Chadong,2007,lö.4 la:p.8 njaŋ.3,,lightning (as striking),,,,
1-550-418-1,chad1240,Chadong,1654,ni.4 la:p.8 njaŋ.3,,lightning,,,,
1-540-418-1,chad1240,Chadong,1430,zən.4 shai.3,,star,,,,
1-530-418-1,chad1240,Chadong,1313,njeŋ.2 ka:ŋ.1,,moon,,,,
1-520-418-1,chad1240,Chadong,1343,ni.4 fai.5,,sun,,,,
1-510-418-1,chad1240,Chadong,1732,pən.1,,sky,,,,
1-450-418-1,chad1240,Chadong,6,ti.6(2) ji:p.8,,earthquake,,,,
1-440-418-1,chad1240,Chadong,2125,tü.2,,"stone, rock",,,,
1-430-418-1,chad1240,Chadong,1803,mok.8 tau.2,,wood,,,,
1-420-418-1,chad1240,Chadong,906,mi.4,,tree (cf 08.600),,,,
1-410-418-1,chad1240,Chadong,420,mi.2(4) luŋ.2,,"woods, forest",,,,
1-390-418-1,chad1240,Chadong,943,sü.4(3) choŋ.6,,waterfall,,,,
1-380-418-1,chad1240,Chadong,1145,lam.1,,swamp,,,,
1-370-418-1,chad1240,Chadong,2144,pan.5,,"spring, well",,,,
1-370-418-3,chad1240,Chadong,2144,cəŋ.2,,"spring, well",,,,
1-362-418-1,chad1240,Chadong,1982,sü.4 shu:n.6,,whirlpool,,,,
1-360-418-1,chad1240,Chadong,666,ni.1,,"river, stream, brook",,,,
1-360-418-3,chad1240,Chadong,666,lak.8 ni.1,,"river, stream, brook",,,,
1-350-418-1,chad1240,Chadong,978,po.2 loŋ.6,,wave,,,,
1-343-418-1,chad1240,Chadong,1662,sü.4 ńuan.3,,"headland, point",,,,
1-342-418-1,chad1240,Chadong,660,sa.4 cu.1,,reef,,,,
1-340-418-1,chad1240,Chadong,663,hai.4(3) wa:ŋ.1,,"gulf, bay",,,,
1-330-418-1,chad1240,Chadong,624,hu.2,,lake,,,,
1-329-418-1,chad1240,Chadong,645,hai.4 (3) ji:ŋ.2,,ocean,,,,
1-324-418-1,chad1240,Chadong,1768,pok.8,,foam,,,,
1-320-418-1,chad1240,Chadong,1474,hai.3,,sea,,,,
1-310-418-1,chad1240,Chadong,948,nham.3,,water,,,,
1-280-418-1,chad1240,Chadong,1155,ŋa:m.3,,cave,,,,
1-270-418-1,chad1240,Chadong,113,kuŋ.4 ni.1,,shore,,,,
1-260-418-1,chad1240,Chadong,166,lu.2 ti.6,,mainland,,,,
1-250-418-1,chad1240,Chadong,622,ta:u.1,,island,,,,
1-240-418-1,chad1240,Chadong,921,la:u.4 ləŋ.1,,valley,,,,
1-230-418-1,chad1240,Chadong,652,pɛŋ.2 ti.6,,"plain, field",,,,
1-222-418-1,chad1240,Chadong,618,śin.3,,"cliff, precipice",,,,
1-220-418-1,chad1240,Chadong,2118,ća:i.6,,"mountain, hill",,,,
1-214-418-1,chad1240,Chadong,640,khəm.5 jak.7,,mud,,,,
1-215-418-1,chad1240,Chadong,671,khiŋ.3,,sand,,,,
1-213-418-1,chad1240,Chadong,2,phuŋ.5,,dust,,,,
1-212-418-1,chad1240,Chadong,1228,khəm.5,,"earth=ground, soil",,,,
1-210-418-1,chad1240,Chadong,626,ti.6,,"earth, land",,,,
1-100-418-1,chad1240,Chadong,965,sai.3 ća:i.6,,world,,,,
14-330-418-1,chad1240,Chadong,1544,me.2 si.2,,sometimes,,,,
14-331-418-1,chad1240,Chadong,703,ma.4 śi:ŋ.6,,soon,,,,
14-332-418-1,chad1240,Chadong,418,tjaŋ.1,,long-time (for a),,,,
14-350-418-1,chad1240,Chadong,204,ca:i.6 fai.4,,again,,,,
14-410-418-1,chad1240,Chadong,1225,van.1 cuŋ.1,,day,,,,
14-420-418-1,chad1240,Chadong,1233,ńam.1 lhap.7,,night,,,,
14-430-418-1,chad1240,Chadong,729,jok.8 ka:ŋ.1,,dawn,,,,
14-440-418-1,chad1240,Chadong,1339,sham.4 hjat.7,,morning,,,,
14-450-418-1,chad1240,Chadong,12,ta.4 wan.1,,"noon, midday",,,,
14-451-418-1,chad1240,Chadong,1807,ha.6 ŋo.4,,afternoon,,,,
14-451-418-3,chad1240,Chadong,1807,jok.2 lhap.7,,afternoon,,,,
14-460-418-1,chad1240,Chadong,1629,ńam.5 lhap.7,,evening,,,,
14-470-418-1,chad1240,Chadong,1283,wan.1 na:i.4,,today,,,,
14-480-418-1,chad1240,Chadong,1329,wan.1 mu.3,,tomorrow,,,,
14-481-418-1,chad1240,Chadong,1179,wan.1 na.3,,day-after-tomorrow,,,,
14-490-418-1,chad1240,Chadong,1174,wan.1 ńuŋ.1,,yesterday,,,,
14-491-418-1,chad1240,Chadong,1180,wan.1 kun.5,,day-before-yesterday,,,,
14-510-418-1,chad1240,Chadong,1353,cuŋ.4 ćo.3,,hour,,,,
14-530-418-1,chad1240,Chadong,1323,cuŋ.1,,"clock, timepiece",,,,
14-620-418-1,chad1240,Chadong,1699,lai.4 pa:i.4 wan.1,,Sunday,,,,
14-630-418-1,chad1240,Chadong,1697,lai.4 pa:i.4 jit.7,,Monday,,,,
14-640-418-1,chad1240,Chadong,1695,lai.4 pa:i.4 ńi.6,,Tuesday,,,,
14-650-418-1,chad1240,Chadong,1694,lai.4 pa:i.4 sha:m.1,,Wednesday,,,,
14-660-418-1,chad1240,Chadong,1693,lai.4 pa:i.4 shi.6,,Thursday,,,,
14-670-418-1,chad1240,Chadong,1692,lai.4 pa:i.4 ŋo.4,,Friday,,,,
14-680-418-1,chad1240,Chadong,1700,lai.4 pa:i.4 ljok.8,,Saturday,,,,
14-710-418-1,chad1240,Chadong,1370,ŋwet.7,,month,,,,
14-730-418-1,chad1240,Chadong,1226,pe.1,,year,,,,
14-740-418-1,chad1240,Chadong,1471,toŋ.4 pən.2,,winter,,,,
14-750-418-1,chad1240,Chadong,1537,chun.4 pən.2,,spring,,,,
14-760-418-1,chad1240,Chadong,1342,ha.4 pən.2,,summer,,,,
14-770-418-1,chad1240,Chadong,1276,shiu.1 pən.2,,autumn,,,,
14-780-418-1,chad1240,Chadong,691,ci.4 shet.7,,season,,,,
15-210-418-1,chad1240,Chadong,1587,fa:t.8 ńin.1,,smell (vb intrans),,,,
15-212-418-1,chad1240,Chadong,375,nən.4,,sniff,,,,
15-220-418-1,chad1240,Chadong,1586,nən.4,,smell (vb trans),,,,
15-250-418-1,chad1240,Chadong,376,la:ŋ.1,,"fragrant, good smelling",,,,
15-260-418-1,chad1240,Chadong,42,ńin.1,,"stinking, bad smelling",,,,
15-310-418-1,chad1240,Chadong,21,mi.2 to.6,,taste,,,,
15-350-418-1,chad1240,Chadong,717,fa:n.1,,sweet,,,,
15-360-418-1,chad1240,Chadong,1091,njaŋ.5,,salty,,,,
15-370-418-1,chad1240,Chadong,887,kam.1,,bitter,,,,
15-380-418-1,chad1240,Chadong,1906,sham.3,,"acid, sour",,,,
15-410-418-1,chad1240,Chadong,1408,ni.3 cjek.8,,hear,,,,
15-420-418-1,chad1240,Chadong,1608,ni.3,,listen,,,,
15-440-418-1,chad1240,Chadong,1811,za.2 jam.1,,"sound, noise",,,,
15-450-418-1,chad1240,Chadong,377,lək.8 jam.1,,loud,,,,
15-460-418-1,chad1240,Chadong,1314,on.2(1) shəŋ.6,,"quiet, silence",,,,
15-510-418-1,chad1240,Chadong,1409,lhaŋ.1 cjek.8,,see,,,,
15-520-418-1,chad1240,Chadong,1819,lhaŋ.1,,"look, look at",,,,
15-550-418-1,chad1240,Chadong,1039,cau.4 uk.7,,show,,,,
15-560-418-1,chad1240,Chadong,708,cjeu.6,,shine,,,,
15-570-418-1,chad1240,Chadong,679,ka:ŋ.1,,bright,,,,
15-610-418-1,chad1240,Chadong,1613,jen.2 sak.7,,color,,,,
15-620-418-1,chad1240,Chadong,250,ik.8,,light (in color),,,,
15-630-418-1,chad1240,Chadong,706,jam.1,,dark (in color),,,,
15-640-418-1,chad1240,Chadong,1335,kwa.3,,white,,,,
15-650-418-1,chad1240,Chadong,163,nam.1,,black,,,,
15-660-418-1,chad1240,Chadong,156,lha:n.3,,red,,,,
15-670-418-1,chad1240,Chadong,837,la:m.2,,blue,,,,
15-680-418-1,chad1240,Chadong,1425,ljok.8,,green,,,,
15-690-418-1,chad1240,Chadong,1424,mha:n.3,,yellow,,,,
15-690-418-3,chad1240,Chadong,1424,wu:ŋ.3,,yellow,,,,
15-710-418-1,chad1240,Chadong,1892,choŋ.5,,touch,,,,
15-712-418-1,chad1240,Chadong,378,leu.3,,pinch,,,,
15-720-418-1,chad1240,Chadong,1079,mhja.5,,feel,,,,
15-740-418-1,chad1240,Chadong,1884,ka.3,,hard,,,,
15-750-418-1,chad1240,Chadong,1856,ma.3,,soft,,,,
15-760-418-1,chad1240,Chadong,1923,chu.1,,rough,,,,
15-770-418-1,chad1240,Chadong,1234,koŋ.4 kan.1,,smooth,,,,
15-780-418-1,chad1240,Chadong,1396,hja:i.6,,sharp,,,,
15-790-418-1,chad1240,Chadong,379,cuŋ.1,,"blunt, dull",,,,
15-810-418-1,chad1240,Chadong,1210,lan.1,,heavy,,,,
15-820-418-1,chad1240,Chadong,1052,la.3,,light (in weight),,,,
15-830-418-1,chad1240,Chadong,1726,jak.7,,"wet, damp",,,,
15-840-418-1,chad1240,Chadong,1398,hjo.1,,dry,,,,
15-840-418-3,chad1240,Chadong,1398,hon.6,,dry,,,,
15-850-418-1,chad1240,Chadong,1286,ńi:t.8,,hot,,,,
15-851-418-1,chad1240,Chadong,1232,lo.4,,warm,,,,
15-860-418-1,chad1240,Chadong,1287,nho.1,,cold,,,,
15-870-418-1,chad1240,Chadong,704,shəŋ.6,,clean,,,,
15-880-418-1,chad1240,Chadong,1230,wa.5,,"dirty, soiled",,,,
15-890-418-1,chad1240,Chadong,380,ńau.6,,wrinkled,,,,
16-110-418-1,chad1240,Chadong,53,fən.2 phek.7,,"soul, spirit",,,,
16-150-418-1,chad1240,Chadong,1572,lan.4,,"surprised, astonished",,,,
16-150-418-3,chad1240,Chadong,1572,lan.4,,"surprised, astonished",,,,
16-180-418-1,chad1240,Chadong,720,ci.2 jun.6 nən.2,,"good fortune, luck",,,,
16-230-418-1,chad1240,Chadong,1495,maŋ.4,,"joyful, glad, happy",,,,
16-250-418-1,chad1240,Chadong,1355,ćü.1,,laugh,,,,
16-251-418-1,chad1240,Chadong,1451,mi.4 ćü.1,,smile,,,,
16-260-418-1,chad1240,Chadong,1413,loŋ.6,,play,,,,
16-270-418-1,chad1240,Chadong,923,maŋ.4,,love,,,,
16-290-418-1,chad1240,Chadong,578,shüt.7,,kiss,,,,
16-300-418-1,chad1240,Chadong,928,ŋu:ŋ.3,,embrace,,,,
16-310-418-1,chad1240,Chadong,1783,ćik.7,,pain,,,,
16-320-418-1,chad1240,Chadong,1668,śi:ŋ.4(1) sham.1,,"grief, sorrow, sadness",,,,
16-330-418-1,chad1240,Chadong,1000,cok.8 kjap.7,,"anxiety, worry",,,,
16-340-418-1,chad1240,Chadong,1875,hau.4 fai.3,,"regret, be sorry",,,,
16-350-418-1,chad1240,Chadong,1141,ko.4 ljen.2,,pity,,,,
16-370-418-1,chad1240,Chadong,1839,ńe.3,,"cry, weep",,,,
16-380-418-1,chad1240,Chadong,1651,ləm.4 la.1,,tear (noun),,,,
16-390-418-1,chad1240,Chadong,716,na:n.4 te.1,,groan,,,,
16-410-418-1,chad1240,Chadong,1607,han.5,,hate,,,,
16-420-418-1,chad1240,Chadong,82,fa:t.7 khi.6,,anger,,,,
16-440-418-1,chad1240,Chadong,40,śi:ŋ.6 sham.1,,"envy, jealousy",,,,
16-450-418-1,chad1240,Chadong,1776,ciu.4 je.1,,shame (noun),,,,
16-480-418-1,chad1240,Chadong,174,kja:u.2 ŋa:u.6,,proud,,,,
16-510-418-1,chad1240,Chadong,1779,khwi.3,,dare,,,,
16-520-418-1,chad1240,Chadong,3,kwe.2 khwi.1,,brave,,,,
16-530-418-1,chad1240,Chadong,781,khwi.1,,"fear, fright",,,,
16-540-418-1,chad1240,Chadong,1810,wi.4 hjem.3,,danger,,,,
16-620-418-1,chad1240,Chadong,1784,jüen.4 woŋ.6,,"desire, want",,,,
16-622-418-1,chad1240,Chadong,1750,shön.3,,choose,,,,
16-630-418-1,chad1240,Chadong,1092,hi.2 moŋ.6,,hope,,,,
16-660-418-1,chad1240,Chadong,1657,cən.1,,true,,,,
16-670-418-1,chad1240,Chadong,601,ce.4 hwoŋ.2,,"lie, tell lies",,,,
16-680-418-1,chad1240,Chadong,13,lan.4,,deceit,,,,
16-690-418-1,chad1240,Chadong,1528,jüen.2 lia:ŋ.6,,forgive,,,,
16-710-418-1,chad1240,Chadong,1035,nən.2,,good,,,,
16-720-418-1,chad1240,Chadong,1292,fa:i.5,,bad,,,,
16-730-418-1,chad1240,Chadong,1725,toi.5,,"right, correct",,,,
16-740-418-1,chad1240,Chadong,1390,chok.7,,wrong,,,,
16-760-418-1,chad1240,Chadong,134,chok.7,,fault,,,,
16-770-418-1,chad1240,Chadong,1293,chok.7,,"mistake, error",,,,
16-780-418-1,chad1240,Chadong,381,kwa:i.6,,blame,,,,
16-790-418-1,chad1240,Chadong,1687,khwa.1,,praise,,,,
16-810-418-1,chad1240,Chadong,1427,la:i.4 lhaŋ.1,,beautiful,,,,
16-810-418-3,chad1240,Chadong,1427,hjuŋ.1,,beautiful,,,,
16-820-418-1,chad1240,Chadong,1548,chu.3,,ugly,,,,
16-830-418-1,chad1240,Chadong,2018,tha:m.1,,greedy,,,,
16-840-418-1,chad1240,Chadong,1310,leŋ.6,,clever,,,,
17-130-418-1,chad1240,Chadong,1415,shi:ŋ.3,,think (= reflect),,,,
17-150-418-1,chad1240,Chadong,1890,shi:ŋ.4 shan.2,,believe,,,,
17-160-418-1,chad1240,Chadong,1536,lai.4 hjo.1,,understand,,,,
17-170-418-1,chad1240,Chadong,1410,hjo.1,,know,,,,
17-171-418-1,chad1240,Chadong,1932,kha:i.1,,guess,,,,
17-180-418-1,chad1240,Chadong,1521,hot.8 shi:ŋ.6,,seem,,,,
17-220-418-1,chad1240,Chadong,1518,pan.6,,"foolish, stupid",,,,
17-230-418-1,chad1240,Chadong,1899,tjen.1,,"insane, crazy",,,,
17-242-418-1,chad1240,Chadong,1929,ha:k.8,,study,,,,
17-250-418-1,chad1240,Chadong,709,kja:u.5,,teach,,,,
17-260-418-1,chad1240,Chadong,753,hau.2 sheŋ.1,,pupil,,,,
17-270-418-1,chad1240,Chadong,1038,lak.8 shai.1,,teacher,,,,
17-280-418-1,chad1240,Chadong,673,ha:k.8 toŋ.3,,school,,,,
17-310-418-1,chad1240,Chadong,707,ki.6,,remember,,,,
17-320-418-1,chad1240,Chadong,1523,ju:ŋ.6,,forget,,,,
17-340-418-1,chad1240,Chadong,989,chəŋ.4 chu.3,,"clear, plain",,,,
17-350-418-1,chad1240,Chadong,1764,na:n.4 toŋ.3,,obscure,,,,
17-360-418-1,chad1240,Chadong,1121,mi.2 mit.8,,secret,,,,
17-370-418-1,chad1240,Chadong,509,khən.3 təŋ.6,,"sure, certain",,,,
17-380-418-1,chad1240,Chadong,1626,kai.3 sək.8,,explain,,,,
17-420-418-1,chad1240,Chadong,860,jüen.2 jin.1,,cause,,,,
17-430-418-1,chad1240,Chadong,1308,fa:i.4 ji.4,,doubt,,,,
17-440-418-1,chad1240,Chadong,1841,fa:i.4 ji.4,,suspect,,,,
17-441-418-1,chad1240,Chadong,1902,ma.3(5) pon.6,,betray,,,,
17-450-418-1,chad1240,Chadong,643,a:u.1,,"need, necessity",,,,
17-460-418-1,chad1240,Chadong,686,ji.6,,easy,,,,
17-470-418-1,chad1240,Chadong,584,na:n.2,,difficult,,,,
17-470-418-3,chad1240,Chadong,584,na:n.2,,difficult,,,,
17-480-418-1,chad1240,Chadong,1812,si.6,,"try, attempt",,,,
17-510-418-1,chad1240,Chadong,1577,həm.4,,and,,,,
17-520-418-1,chad1240,Chadong,1157,jin.1 wi.6,,because,,,,
17-530-418-1,chad1240,Chadong,1459,ju.2 ko.3,,if,,,,
17-540-418-1,chad1240,Chadong,1014,hot.8 ce.3,,or,,,,
17-550-418-1,chad1240,Chadong,1268,si.6,,"yes, affirmative",,,,
17-560-418-1,chad1240,Chadong,1269,kwe.2,,"no, negative",,,,
17-610-418-1,chad1240,Chadong,1239,nhau.1 ji:ŋ.6,,how?,,,,
17-620-418-1,chad1240,Chadong,822,ki.3 ću:ŋ.,,how many?,,CHECK,,
17-630-418-1,chad1240,Chadong,531,ćuŋ.4 sjeu.3,,how much?,,,,
17-640-418-1,chad1240,Chadong,1236,tə.0 mə.5,,what?,,,,
17-650-418-1,chad1240,Chadong,1238,tə.0 mə.5 si.2 hau.6,,when?,,,,
17-660-418-1,chad1240,Chadong,1237,uŋ.4 nhau.1,,where?,,,,
17-670-418-1,chad1240,Chadong,727,khau.1,,which?,,,,
17-680-418-1,chad1240,Chadong,1235,khau.1,,who?,,,,
17-690-418-1,chad1240,Chadong,1270,wi.3 tə.0 mə.5,,why?,,,,
18-110-418-1,chad1240,Chadong,1363,siŋ.4 jam.1,,voice,,,,
18-120-418-1,chad1240,Chadong,1261,chi:ŋ.6,,sing,,,,
18-130-418-1,chad1240,Chadong,715,ha:m.3,,"shout, cry out",,,,
18-150-418-1,chad1240,Chadong,55,sa:p.7 sa:p.7 wa.6,,whisper,,,,
18-160-418-1,chad1240,Chadong,128,ni.4 ni.6 nuŋ.4 nuŋ.1,,mumble,,,,
18-170-418-1,chad1240,Chadong,1025,chü.1 sa:u.6,,whistle,,,,
18-180-418-1,chad1240,Chadong,298,shim.1 ha:m.3,,"shriek, screech",,,,
18-190-418-1,chad1240,Chadong,526,shin.3,,howl,,,,
18-210-418-1,chad1240,Chadong,1623,ća:ŋ.3,,"speak, talk",,,,
18-220-418-1,chad1240,Chadong,1458,ća:ŋ.3,,say,,,,
18-221-418-1,chad1240,Chadong,1711,ća:ŋ.3 ku.2 shai.6,,tell story,,,,
18-230-418-1,chad1240,Chadong,48,cəm.2,,silent (be),,,,
18-240-418-1,chad1240,Chadong,1307,wa.6 ńien.2,,language,,,,
18-260-418-1,chad1240,Chadong,1599,be.1,,word,,,,
18-280-418-1,chad1240,Chadong,1405,la:n.2,,name,,,,
18-310-418-1,chad1240,Chadong,1309,sa:i.3,,"ask (question, inquire)",,,,
18-320-418-1,chad1240,Chadong,1275,hjen.1,,answer,,,,
18-330-418-1,chad1240,Chadong,2022,səŋ.2 jən.6,,"admit, confess",,,,
18-340-418-1,chad1240,Chadong,755,kwe.1(2) wa.6 sai.6,,deny,,,,
18-350-418-1,chad1240,Chadong,1828,ću.2,,"ask, request",,,,
18-360-418-1,chad1240,Chadong,1675,ta:p.7 ɨŋ.6,,promise,,,,
18-370-418-1,chad1240,Chadong,49,ci.5 cüe.4,,refuse,,,,
18-380-418-1,chad1240,Chadong,83,kin.6,,forbid,,,,
18-410-418-1,chad1240,Chadong,1084,ha:m.3,,call (=summon),,,,
18-420-418-1,chad1240,Chadong,180,ha:m.3 fe.4,,call (=name),,,,
18-430-418-1,chad1240,Chadong,9,śüen.4 pu.6,,announce,,,,
18-440-418-1,chad1240,Chadong,1192,wi.4 hjep.7,,threaten,,,,
18-450-418-1,chad1240,Chadong,101,shai.4 kwa.1,,boast,,,,
18-510-418-1,chad1240,Chadong,1672,shje.3,,write,,,,
18-520-418-1,chad1240,Chadong,724,tok.8,,read,,,,
18-560-418-1,chad1240,Chadong,648,ci.3,,paper,,,,
18-570-418-1,chad1240,Chadong,794,pit.7,,pen,,,,
18-610-418-1,chad1240,Chadong,963,lhe.1,,book,,,,
18-710-418-1,chad1240,Chadong,777,tek.8,,flute,,,,
18-720-418-1,chad1240,Chadong,908,kuŋ.3,,drum,,,,
18-730-418-1,chad1240,Chadong,2136,ho.6,,"horn, trumpet",,,,
19-110-418-1,chad1240,Chadong,1300,ku:k.8 ka.1,,country,,,,
19-120-418-1,chad1240,Chadong,89,kja.4 hjeŋ.1,,one's native country,,,,
19-150-418-1,chad1240,Chadong,1391,la:u.4 səŋ.1,,"city, town",,,,
19-160-418-1,chad1240,Chadong,930,pa:n.4,,village,,,,
19-170-418-1,chad1240,Chadong,1010,ka:i.6 shjen.6,,boundary,,,,
19-210-418-1,chad1240,Chadong,789,lən.1,,people (populace),,,,
19-230-418-1,chad1240,Chadong,302,cuŋ.2 shok.8,,"tribe, clan",,,,
19-240-418-1,chad1240,Chadong,301,ćo.3 shai.3,,"chief, chieftain",,,,
19-250-418-1,chad1240,Chadong,1296,töŋ.4,,"staff, walking stick",,,,
19-310-418-1,chad1240,Chadong,1846,ku:n.3 le.4,,"rule, govern",,,,
19-320-418-1,chad1240,Chadong,1508,poŋ.4,,"king, ruler",,,,
19-330-418-1,chad1240,Chadong,1306,hu:ŋ.3 te.6 mai.4,,queen,,,,
19-410-418-1,chad1240,Chadong,383,cü.4 lən.1,,master,,,,
19-430-418-1,chad1240,Chadong,255,kuŋ.4 fu.4 lən.1,,servant,,,,
19-450-418-1,chad1240,Chadong,1128,məŋ.2 ləŋ.6,,"command, order",,,,
19-460-418-1,chad1240,Chadong,1635,cun.4 su.3,,obey,,,,
19-470-418-1,chad1240,Chadong,1003,ńjeŋ.6,,"let, permit",,,,
19-510-418-1,chad1240,Chadong,1325,puŋ.2 jau.4,,"friend, companion",,,,
19-520-418-1,chad1240,Chadong,1358,ti.2 lən.1,,enemy,,,,
19-540-418-1,chad1240,Chadong,1332,puŋ.2 hja:n.1,,neighbor,,,,
19-550-418-1,chad1240,Chadong,791,seŋ.4 lən.1,,stranger,,,,
19-560-418-1,chad1240,Chadong,1782,ćhek.7,,guest,,,,
19-570-418-1,chad1240,Chadong,1545,cü.3 jan.2 ka.1,,host,,,,
19-580-418-1,chad1240,Chadong,1897,poŋ.1,,"help, aid",,,,
19-590-418-1,chad1240,Chadong,1550,thoŋ.3,,"hinder, prevent",,,,
19-610-418-1,chad1240,Chadong,1747,si.4 kwa:n.3,,custom,,,,
19-620-418-1,chad1240,Chadong,1848,ceŋ.1 lan.6,,"strife, quarrel",,,,
19-620-418-3,chad1240,Chadong,1848,cha:u.3,,"strife, quarrel",,,,
19-630-418-1,chad1240,Chadong,2024,jim.4 mau.2,,"conspiracy, plot",,,,
19-720-418-1,chad1240,Chadong,1610,lak.8 pe.4 fa:i.6,,prostitute,,,,
20-110-418-1,chad1240,Chadong,1423,sek.8 kja.4 shai.2,,fight (vb),,,,
20-130-418-1,chad1240,Chadong,579,can.6,,"war, battle",,,,
20-150-418-1,chad1240,Chadong,1561,kin.4 toi.6,,army,,,,
20-170-418-1,chad1240,Chadong,1941,pəŋ.1,,soldier,,,,
20-210-418-1,chad1240,Chadong,951,chuŋ.6,,"weapons, arms",,,,
20-220-418-1,chad1240,Chadong,1763,kwon.6,,club,,,,
20-222-418-1,chad1240,Chadong,386,tau.2 fu.3,,battle-ax,,,,
20-230-418-1,chad1240,Chadong,387,ta:n.2 cuŋ.1,,sling,,,,
20-240-418-1,chad1240,Chadong,994,ćuŋ.1,,bow,,,,
20-250-418-1,chad1240,Chadong,977,shjen.6,,arrow,,,,
20-270-418-1,chad1240,Chadong,1535,kjem.6,,sword,,,,
20-280-418-1,chad1240,Chadong,1566,chuŋ.6 pha:u.6,,"gun, cannon",,,,
20-330-418-1,chad1240,Chadong,1680,mo.6,,helmet,,,,
20-340-418-1,chad1240,Chadong,1064,tan.6,,shield,,,,
20-350-418-1,chad1240,Chadong,1938,səŋ.4 po.3,,fortress,,,,
20-360-418-1,chad1240,Chadong,1671,tha:p.7,,tower,,,,
20-410-418-1,chad1240,Chadong,783,səŋ.3 li.3,,victory,,,,
20-420-418-1,chad1240,Chadong,782,sət.7 pa:i.6,,defeat,,,,
20-430-418-1,chad1240,Chadong,722,lau.2 kuŋ.1,,attack,,,,
20-440-418-1,chad1240,Chadong,1330,foŋ.4 su.3,,defend,,,,
20-450-418-1,chad1240,Chadong,421,thoi.6,,retreat,,,,
20-460-418-1,chad1240,Chadong,1696,tau.2 höŋ.1,,surrender,,,,
20-490-418-1,chad1240,Chadong,65,fok.8 lo.3,,ambush,,,,
20-520-418-1,chad1240,Chadong,1074,tjeu.2 məm.2(6) kau.1,,fishhook,,,,
20-530-418-1,chad1240,Chadong,19,tjeu.2 məm.2 shjen.6,,fishing line,,,,
20-540-418-1,chad1240,Chadong,388,məm.2(6) mu:ŋ.4,,fishnet,,,,
20-550-418-1,chad1240,Chadong,389,luŋ.2 məm.4(6) ńa.3,,fish trap,,,,
20-560-418-1,chad1240,Chadong,2013,məm.6 thun.6,,bait,,,,
20-610-418-1,chad1240,Chadong,1435,fe.4 na:n.4,,hunt,,,,
20-620-418-1,chad1240,Chadong,1172,se.6,,shoot,,,,
20-630-418-1,chad1240,Chadong,161,phjen.1,,miss (target),,,,
20-640-418-1,chad1240,Chadong,1075,ha:m.4 cəŋ.3,,trap (noun),,,,
20-650-418-1,chad1240,Chadong,1170,fe.4 ha:m.4 cəŋ.3,,trap (vb),,,,
21-110-418-1,chad1240,Chadong,1062,fa:p.7,,law,,,,
21-150-418-1,chad1240,Chadong,1068,kuŋ.4 toŋ.2,,court,,,,
21-160-418-1,chad1240,Chadong,1818,phu:n.6,,judge (vb),,,,
21-180-418-1,chad1240,Chadong,861,fa:t.8 ku:n.1,,judge (noun),,,,
21-310-418-1,chad1240,Chadong,1814,ka:u.6,,accuse,,,,
21-350-418-1,chad1240,Chadong,1682,me.2 zui.5,,guilty,,,,
21-360-418-1,chad1240,Chadong,90,kwe.2 zui.5,,innocent,,,,
21-370-418-1,chad1240,Chadong,390,fa:t.8,,"penalty, punishment",,,,
21-380-418-1,chad1240,Chadong,218,fa:t.8 khu:n.3,,fine,,,,
21-390-418-1,chad1240,Chadong,1281,ŋa:p.8 man.2,,"prison, jail",,,,
21-420-418-1,chad1240,Chadong,845,ha.3,,murder,,,,
21-440-418-1,chad1240,Chadong,953,kjeŋ.2 kjen.1,,rape,,,,
21-460-418-1,chad1240,Chadong,1889,lha:ŋ.5 wi.1,,arson,,,,
21-510-418-1,chad1240,Chadong,713,lhjak.7,,steal,,,,
21-520-418-1,chad1240,Chadong,1160,shjeŋ.3,,thief,,,,
22-140-418-1,chad1240,Chadong,853,sən.2 toŋ.2,,altar,,,,
22-150-418-1,chad1240,Chadong,1103,ŋo.2 ćuŋ.6,,"sacrifice, offering",,,,
22-160-418-1,chad1240,Chadong,257,pa:i.6,,worship,,,,
22-240-418-1,chad1240,Chadong,8,la.5,,curse,,,,
22-260-418-1,chad1240,Chadong,303,ka:i.1,,fast (vb),,,,
22-310-418-1,chad1240,Chadong,1565,thjen.4 toŋ.2,,heaven,,,,
22-320-418-1,chad1240,Chadong,878,ti.4 jok.8,,hell,,,,
22-350-418-1,chad1240,Chadong,1973,la:i.4,,demon (evil spirit),,,,
22-420-418-1,chad1240,Chadong,392,mo.4 fa:t.7,,"magic, witchcraft, sorcery",,,,
22-430-418-1,chad1240,Chadong,2137,mo.4 sok.8 shai.1,,"sorcerer, witch",,,,
22-440-418-1,chad1240,Chadong,2138,sən.2 shjen.1,,"fairy, elf",,,,
22-450-418-1,chad1240,Chadong,1175,la:i.4 kwa:i.6,,"ghost, phantom",,,,
