ID,Language_ID,Language_name,Parameter_ID,Value,Transcription,Concept,Source,Comment,AlternativeValue,AlternativeTranscription
14-320-416-1,maon1241,Maonan,1852,ciŋ.6 jon.4,,often,,,,
14-310-416-1,maon1241,Maonan,1676,kə.4,,always,,,,
14-280-416-1,maon1241,Maonan,1928,tiŋ.2,,"cease, stop",,,,
14-270-416-1,maon1241,Maonan,1766,vɛ.4 ćim.1,,finish,,,,
14-260-416-1,maon1241,Maonan,743,poŋ.6 lən.2,,end (temporal),,,,
14-250-416-1,maon1241,Maonan,1806,ʔda.2 taŋ.1,,"begin, beginning",,,,
14-240-416-1,maon1241,Maonan,425,ta:n.5 u.4,,"retard, delay",,,,
14-230-416-1,maon1241,Maonan,754,mɔŋ.1 min.2,,"hasten, hurry",,,,
14-220-416-1,maon1241,Maonan,701,ŋa:n.1,,slow,,,,
14-210-416-1,maon1241,Maonan,1631,lju.5,,"swift, fast, quick",,,,
14-190-416-1,maon1241,Maonan,1963,ma.6 sa:ŋ.1,,immediately,,,,
14-180-416-1,maon1241,Maonan,1376,po.6 na:i.6,,now,,,,
14-170-416-1,maon1241,Maonan,477,lən.2,,late,,,,
14-160-416-1,maon1241,Maonan,672,sam.1,,early,,,,
14-150-416-1,maon1241,Maonan,1229,će.5,,old,,,,
14-140-416-1,maon1241,Maonan,1207,nɔ:m.3,,young,,,,
14-120-416-1,maon1241,Maonan,1789,ńen.6 ći.3,,age,,,,
14-130-416-1,maon1241,Maonan,1231,mai.5,,new,,,,
14-110-416-1,maon1241,Maonan,892,sI.2 cian.5,,time,,,,
13-440-416-1,maon1241,Maonan,417,sa:m.1 pai.4,,three times,,,,
13-420-416-1,maon1241,Maonan,1859,ti.6 sa:m.1,,third,,,,
13-380-416-1,maon1241,Maonan,1546,ja.2 pai.4,,two times,,,,
13-370-416-1,maon1241,Maonan,1888,cau.6,,pair,,,,
13-370-416-3,maon1241,Maonan,1888,sɔŋ.1,,pair,,,,
13-360-416-1,maon1241,Maonan,1384,ti.6 ńi.6,,second,,,,
13-350-416-1,maon1241,Maonan,1529,cu:i.4 lən.2,,last,,,,
13-340-416-1,maon1241,Maonan,728,ti.6 ʔjit.7,,first,,,,
13-330-416-1,maon1241,Maonan,1580,zi.6,,"alone, only",,,,
13-240-416-1,maon1241,Maonan,816,ćhon.1,,half,,,,
13-220-416-1,maon1241,Maonan,1624,khɔŋ.1,,empty,,,,
13-210-416-1,maon1241,Maonan,1429,tiʔ.7,,full,,,,
13-190-416-1,maon1241,Maonan,2023,pa.1 ai.1 ćoŋ.2,,"multitude, crowd",,,,
13-181-416-1,maon1241,Maonan,1241,ńun.1,,some,,,,
13-170-416-1,maon1241,Maonan,1242,śeu.8,,"little (quantity), few",,,,
13-180-416-1,maon1241,Maonan,1881,khau.5,,enough,,,,
13-160-416-1,maon1241,Maonan,1992,kən.5 tɔ.1,,more,,,,
13-150-416-1,maon1241,Maonan,1198,ćoŋ.2,,"much, many",,,,
13-140-416-1,maon1241,Maonan,98,ju:n.3,,"every, all",,,,
13-107-416-1,maon1241,Maonan,1420,ńai.5,,count,,,,
13-106-416-1,maon1241,Maonan,1843,chjen.1,,thousand,,,,
13-105-416-1,maon1241,Maonan,1634,pɛk.7,,hundred,,,,
13-104-416-1,maon1241,Maonan,1710,ńi.6 zəp.8,,twenty,,,,
13-103-416-1,maon1241,Maonan,1709,zəp.8 ŋɔ.4,,fifteen,,,,
13-102-416-1,maon1241,Maonan,1707,zəp.8 ńi.6,,twelve,,,,
13-101-416-1,maon1241,Maonan,1706,zəp.8 ʔjit.7,,eleven,,,,
13-100-416-1,maon1241,Maonan,1515,zəp.8,,ten,,,,
13-90-416-1,maon1241,Maonan,1483,ću.3,,nine,,,,
13-80-416-1,maon1241,Maonan,1705,pja:t.7,,eight,,,,
13-70-416-1,maon1241,Maonan,1704,śit.7,,seven,,,,
13-60-416-1,maon1241,Maonan,1703,ljɔʔ.8,,six,,,,
13-50-416-1,maon1241,Maonan,493,ŋɔ.4,,five,,,,
13-40-416-1,maon1241,Maonan,1500,si.5,,four,,,,
13-20-416-1,maon1241,Maonan,1498,ja.2,,two,,,,
13-30-416-1,maon1241,Maonan,492,sa:m.1,,three,,,,
13-10-416-1,maon1241,Maonan,1493,tɔ.2,,one,,,,
13-0-416-1,maon1241,Maonan,1294,li:ŋ.1,,"zero, nothing",,,,
12-930-416-1,maon1241,Maonan,1264,pjen.5,,change,,,,
12-920-416-1,maon1241,Maonan,1558,ʔda:u.4,,"like, similar",,,,
12-840-416-1,maon1241,Maonan,1048,tjeu.2 sien.5,,line,,,,
12-850-416-1,maon1241,Maonan,1667,cəm.2,,hole,,,,
12-830-416-1,maon1241,Maonan,1845,ćau.2,,"sphere, ball",,,,
12-810-416-1,maon1241,Maonan,1395,ʔdon.2,,round,,,,
12-820-416-1,maon1241,Maonan,1467,ka.0 ʔdon.2,,circle,,CHECK,,
12-780-416-1,maon1241,Maonan,850,si.5 pjaʔ.7,,square,,,,
12-770-416-1,maon1241,Maonan,1367,ti.5 siu.1,,cross,,,,
12-760-416-1,maon1241,Maonan,192,kəm.2 ka.5,,corner,,,,
12-750-416-1,maon1241,Maonan,1071,ŋau.1,,hook,,,,
12-740-416-1,maon1241,Maonan,297,kuŋ.5 ka:ŋ.5,,crooked,,,,
12-730-416-1,maon1241,Maonan,1404,zjaŋ.2,,straight,,,,
12-710-416-1,maon1241,Maonan,1633,peŋ.2,,flat,,,,
12-680-416-1,maon1241,Maonan,193,ʔdjai.6,,shallow,,,,
12-670-416-1,maon1241,Maonan,1593,ʔjam.1,,deep,,,,
12-650-416-1,maon1241,Maonan,2249,ʔba:ŋ.1,,thin (in dimension),,,,
12-630-416-1,maon1241,Maonan,1244,na.1,,thick (in dimension),,,,
12-620-416-1,maon1241,Maonan,1267,ja:p.7,,narrow,,,,
12-610-416-1,maon1241,Maonan,1243,ʔba.6,,"wide, broad",,,,
12-590-416-1,maon1241,Maonan,1645,ʔdin.4,,short,,,,
12-580-416-1,maon1241,Maonan,711,voŋ.1,,tall,,,,
12-570-416-1,maon1241,Maonan,1203,ʔja:i.3,,long,,,,
12-560-416-1,maon1241,Maonan,1246,ʔni.5,,"small, little",,,,
12-550-416-1,maon1241,Maonan,1202,la:u.4,,"large, big",,,,
12-541-416-1,maon1241,Maonan,81,sa:p.7,,"span, fathom",,,,
12-540-416-1,maon1241,Maonan,1506,ʔda:ŋ.4,,measure,,,,
12-530-416-1,maon1241,Maonan,479,ʔboʔ.8,,grow,,,,
12-480-416-1,maon1241,Maonan,1595,na:n.2,,south,,,,
12-470-416-1,maon1241,Maonan,1598,pə.2,,north,,,,
12-460-416-1,maon1241,Maonan,1817,si.5,,west,,,,
12-450-416-1,maon1241,Maonan,1877,toŋ.5,,east,,,,
12-430-416-1,maon1241,Maonan,1942,phjai.5,,near (adv),,,,
12-430-416-3,maon1241,Maonan,1942,ći.1,,near (adv),,,,
12-420-416-1,maon1241,Maonan,244,ze.4,,left (side),,,,
12-410-416-1,maon1241,Maonan,1019,fa.1,,right (side),,,,
12-370-416-1,maon1241,Maonan,1093,tu.5 ta.5,,"middle, center",,,,
12-360-416-1,maon1241,Maonan,682,poŋ.6,,side,,,,
12-353-416-1,maon1241,Maonan,863,pjen.1,,edge,,,,
12-352-416-1,maon1241,Maonan,372,sam.1 siŋ.5,,pointed,,,,
12-350-416-1,maon1241,Maonan,742,lən.2 lɛu.6,,end,,,,
12-340-416-1,maon1241,Maonan,690,kha.3 te.3,,bottom,,,,
12-320-416-1,maon1241,Maonan,721,ʔdjam.6,,low,,,,
12-330-416-1,maon1241,Maonan,1753,hɛ.1 niŋ.1,,top,,,,
12-310-416-1,maon1241,Maonan,1265,voŋ.1,,high,,,,
12-270-416-1,maon1241,Maonan,602,ʔjɔ.1,,"hide, conceal",,,,
12-250-416-1,maon1241,Maonan,1046,kwa:n.1,,"shut, close",,,,
12-250-416-3,maon1241,Maonan,1046,ŋap.8,,"shut, close",,,,
12-260-416-1,maon1241,Maonan,761,kəp.8,,cover,,,,
12-240-416-1,maon1241,Maonan,1156,khai.1,,open,,,,
12-230-416-1,maon1241,Maonan,1359,fan.1,,separate,,,,
12-220-416-1,maon1241,Maonan,1743,śep.7,,"join, unite",,,,
12-213-416-1,maon1241,Maonan,1576,tap.7,,pile up,,,,
12-212-416-1,maon1241,Maonan,371,cəp.7,,pick up,,,,
12-210-416-1,maon1241,Maonan,7,śu.1,,"collect, gather",,,,
12-170-416-1,maon1241,Maonan,838,śiŋ.5,,"remains, left overs",,,,
12-160-416-1,maon1241,Maonan,987,ńa:u.6,,"remain, stay",,,,
12-150-416-1,maon1241,Maonan,1442,cən.2,,stand,,,,
12-140-416-1,maon1241,Maonan,215,la:ŋ.4,,lie down,,,,
12-130-416-1,maon1241,Maonan,1416,zu:i.6,,sit,,,,
12-120-416-1,maon1241,Maonan,998,sɔŋ.5,,put,,,,
12-110-416-1,maon1241,Maonan,723,ti.6 foŋ.1,,place,,,,
12-80-416-1,maon1241,Maonan,1591,ʔju.4,,"up, above",,,,
12-70-416-1,maon1241,Maonan,1485,kha.3,,under,,,,
12-60-416-1,maon1241,Maonan,762,ʔnuʔ.7,,outside,,,,
12-50-416-1,maon1241,Maonan,1606,ja:u.3,,"inside, in",,,,
12-41-416-1,maon1241,Maonan,1883,na.3,,front,,,,
12-40-416-1,maon1241,Maonan,1882,kun.5,,before,,,,
12-30-416-1,maon1241,Maonan,2094,kha.3,,"down, below",,,,
12-20-416-1,maon1241,Maonan,1816,jen.1,,beside,,,,
12-11-416-1,maon1241,Maonan,1686,lən.2,,behind,,,,
12-10-416-1,maon1241,Maonan,1685,lən.5 pa:i.1,,after,,,,
11-920-416-1,maon1241,Maonan,1098,naŋ.5,,weigh,,,,
11-910-416-1,maon1241,Maonan,884,fan.1,,share (distribute),,,,
11-890-416-1,maon1241,Maonan,1887,zjen.6,,cheap,,,,
11-880-416-1,maon1241,Maonan,1426,məŋ.1,,"dear (costly, expensive)",,,,
11-870-416-1,maon1241,Maonan,657,cia.4 kə.1,,price,,,,
11-860-416-1,maon1241,Maonan,752,ta:u.1 pje.1 hɔ.5,,"store, shop",,,,
11-850-416-1,maon1241,Maonan,633,ja:u.3 hɨ.1,,market (place),,,,
11-840-416-1,maon1241,Maonan,1082,ai.1 vɛ.4 saŋ.1 i.5,,merchant,,,,
11-830-416-1,maon1241,Maonan,2135,vɛ.4 saŋ.1 i.5,,"trade, barter",,,,
11-820-416-1,maon1241,Maonan,1571,pje.1,,sell,,,,
11-810-416-1,maon1241,Maonan,1869,ne.3,,buy,,,,
11-790-416-1,maon1241,Maonan,733,ʔńim.1 (phja:u.5),,earn,,,,
11-780-416-1,maon1241,Maonan,1122,phja:u.5 kɔŋ.1,,wages,,,,
11-770-416-1,maon1241,Maonan,856,jɔŋ.5 vɛ.4 kɔŋ.1,,hire,,,,
11-690-416-1,maon1241,Maonan,873,su:i.5,,"tax, tribute",,,,
11-660-416-1,maon1241,Maonan,1081,suan.4 ca:ŋ.4,,"account, reckoning",,,,
11-650-416-1,maon1241,Maonan,718,ʔna:k.7 phja:u.5,,pay (vb),,,,
11-640-416-1,maon1241,Maonan,1914,ca:i.4,,debt,,,,
11-630-416-1,maon1241,Maonan,369,ćhem.5,,owe,,,,
11-620-416-1,maon1241,Maonan,1823,jeŋ.1 ma.1,,borrow,,,,
11-620-416-3,maon1241,Maonan,1823,jeŋ.1,,borrow,,,,
11-610-416-1,maon1241,Maonan,582,jeŋ.1 pa:i.1,,lend,,,,
11-540-416-1,maon1241,Maonan,1774,mai.5,,"avaricious, stingy",,,,
11-530-416-1,maon1241,Maonan,1934,cəm.6 wa.6,,beggar,,,,
11-520-416-1,maon1241,Maonan,1674,hɛ.3,,poor,,,,
11-510-416-1,maon1241,Maonan,712,mɛ.2 zjen.2,,rich,,,,
11-510-416-3,maon1241,Maonan,712,ʔda:i.2 ŋa:u.6,,rich,,,,
11-430-416-1,maon1241,Maonan,1559,phja:u.5,,money,,,,
11-430-416-3,maon1241,Maonan,1559,ńan.2,,money,,,,
11-340-416-1,maon1241,Maonan,1095,sɔŋ.5 laŋ.6,,"release, let go",,,,
11-330-416-1,maon1241,Maonan,1660,tɔʔ.7,,lose,,,,
11-320-416-1,maon1241,Maonan,719,ʔńim.1 ʔdai.4,,find,,,,
11-310-416-1,maon1241,Maonan,1468,ʔńim.1,,"seek, look for",,,,
11-270-416-1,maon1241,Maonan,681,ka:u.5 wa:i.5,,destroy,,,,
11-250-416-1,maon1241,Maonan,2008,ću.5,,"save, rescue",,,,
11-240-416-1,maon1241,Maonan,1997,lia:u.4 li.3,,"preserve, look after",,,,
11-220-416-1,maon1241,Maonan,85,poi.2,,give back,,,,
11-210-416-1,maon1241,Maonan,1447,ʔnaʔ.7,,give,,,,
11-180-416-1,maon1241,Maonan,738,tɔŋ.5 sai.1,,thing,,,,
11-160-416-1,maon1241,Maonan,694,ʔdai.4,,"get, obtain",,,,
11-150-416-1,maon1241,Maonan,1448,u:m.3,,hold,,,,
11-140-416-1,maon1241,Maonan,2021,sap.7,,"seize, grasp",,,,
11-140-416-3,maon1241,Maonan,2021,cwa.1,,"seize, grasp",,,,
11-130-416-1,maon1241,Maonan,1749,a:u.1,,take,,,,
11-130-416-3,maon1241,Maonan,1749,cau.4,,take,,,,
11-110-416-1,maon1241,Maonan,773,mɛ.2,,have,,,,
10-920-416-1,maon1241,Maonan,1922,sa.5 faŋ.5,,land (vb),,,,
10-852-416-1,maon1241,Maonan,1849,wa:t.7,,row (vb),,,,
10-850-416-1,maon1241,Maonan,108,mai.4 wa:t.7 zon.2,,oar,,,,
10-840-416-1,maon1241,Maonan,1664,ʔba:ŋ.2,,raft,,,,
10-840-416-3,maon1241,Maonan,1664,pha:i.2,,raft,,,,
10-831-416-1,maon1241,Maonan,1970,ʔba:ŋ.2,,canoe,,,,
10-831-416-3,maon1241,Maonan,1970,pha:i.2,,canoe,,,,
10-830-416-1,maon1241,Maonan,1844,zon.2,,boat,,,,
10-810-416-1,maon1241,Maonan,740,zon.2,,ship,,,,
10-780-416-1,maon1241,Maonan,14,i:t.7,,yoke,,,,
10-760-416-1,maon1241,Maonan,710,lun.6 cha.1,,wheel,,,,
10-750-416-1,maon1241,Maonan,122,cha.1,,"carriage, wagon, cart",,,,
10-740-416-1,maon1241,Maonan,1011,ćiu.2,,bridge,,,,
10-720-416-1,maon1241,Maonan,2252,khun.1 se.5,,path,,,,
10-710-416-1,maon1241,Maonan,667,khun.1 la:u.4,,road,,,,
10-670-416-1,maon1241,Maonan,1452,kai.4,,"push, shove",,,,
10-660-416-1,maon1241,Maonan,367,će.6,,ride,,,,
10-650-416-1,maon1241,Maonan,741,khai.1,,drive,,,,
10-640-416-1,maon1241,Maonan,43,tai.5,,lead (vb),,,,
10-630-416-1,maon1241,Maonan,1127,ki.5,,send,,,,
10-620-416-1,maon1241,Maonan,692,tai.2,,bring,,,,
10-615-416-1,maon1241,Maonan,415,ća:p.7,,carry-underarm,,,,
10-614-416-1,maon1241,Maonan,414,tiŋ.3,,carry-on-head,,,,
10-613-416-1,maon1241,Maonan,413,u:n.1,,carry-on-shoulder,,,,
10-612-416-1,maon1241,Maonan,412,sən.3,,carry-in-hand,,,,
10-610-416-1,maon1241,Maonan,700,cau.4,,carry (bear),,,,
10-610-416-3,maon1241,Maonan,700,tai.2,,carry (bear),,,,
10-570-416-1,maon1241,Maonan,749,ʔda:u.4 ja:u.3,,enter,,,,
10-560-416-1,maon1241,Maonan,1778,tjaŋ.3 phjai.5,,approach,,,,
10-560-416-3,maon1241,Maonan,1778,tjaŋ.3 jɛn.3,,approach,,,,
10-550-416-1,maon1241,Maonan,1387,lɔ:n.1,,"reach, arrive",,,,
10-530-416-1,maon1241,Maonan,1047,ńɛu.6,,pursue,,,,
10-520-416-1,maon1241,Maonan,1085,ńi:m.2,,follow,,,,
10-510-416-1,maon1241,Maonan,956,ljaʔ.7 laŋ.6,,flee,,,,
10-491-416-1,maon1241,Maonan,485,śi:u.1,,disappear,,,,
10-490-416-1,maon1241,Maonan,1752,laŋ.6,,"go away, depart",,,,
10-481-416-1,maon1241,Maonan,581,ma.1,,come back,,,,
10-481-416-3,maon1241,Maonan,581,pa:i.1 ma.1,,come back,,,,
10-480-416-1,maon1241,Maonan,1446,taŋ.1,,come,,,,
10-474-416-1,maon1241,Maonan,1107,uk.7 pa:i.1,,go out,,,,
10-473-416-1,maon1241,Maonan,2014,sa:m.3 kha.3 pa:i.1,,go down,,,,
10-472-416-1,maon1241,Maonan,1102,tjeu.5 ʔju.1 pa:i.1,,climb,,,,
10-470-416-1,maon1241,Maonan,695,pa:i.1,,go,,,,
10-470-416-3,maon1241,Maonan,695,laŋ.6,,go,,,,
10-471-416-1,maon1241,Maonan,705,sa:m.3 ʔju.1 pa:i.1,,go up,,,,
10-460-416-1,maon1241,Maonan,1519,pjeu.5,,run,,,,
10-451-416-1,maon1241,Maonan,366,ʔdɛŋ.3,,limp,,,,
10-450-416-1,maon1241,Maonan,1443,sa:m.3,,walk,,,,
10-440-416-1,maon1241,Maonan,1879,thja:u.2 u.3,,dance,,,,
10-431-416-1,maon1241,Maonan,1135,thek.7,,kick,,,,
10-430-416-1,maon1241,Maonan,1829,thja:u.5,,"jump, leap",,,,
10-420-416-1,maon1241,Maonan,1324,ljɔt.7,,"slide, slip",,,,
10-413-416-1,maon1241,Maonan,296,jun.1,,crouch,,,,
10-412-416-1,maon1241,Maonan,66,kwi.6,,kneel,,,,
10-410-416-1,maon1241,Maonan,96,la:i.5,,"creep, crawl",,,,
10-410-416-3,maon1241,Maonan,96,ŋon.2,,"creep, crawl",,,,
10-380-416-1,maon1241,Maonan,175,zəp.8,,blow,,,,
10-370-416-1,maon1241,Maonan,1441,vin.3,,fly (vb),,,,
10-352-416-1,maon1241,Maonan,365,phot.7,,splash,,,,
10-351-416-1,maon1241,Maonan,119,mut.7 nam.3,,dive,,,,
10-350-416-1,maon1241,Maonan,1439,wai.1,,swim,,,,
10-340-416-1,maon1241,Maonan,1574,phiu.1,,float,,,,
10-330-416-1,maon1241,Maonan,1088,cəm.5,,sink,,,,
10-320-416-1,maon1241,Maonan,2003,loi.1,,flow,,,,
10-260-416-1,maon1241,Maonan,1909,ŋa:u.2,,shake,,,,
10-252-416-1,maon1241,Maonan,702,śep.7,,catch (ball),,,,
10-252-416-3,maon1241,Maonan,702,cwa.1,,catch (ball),,,,
10-250-416-1,maon1241,Maonan,1456,vət.7,,throw,,,,
10-240-416-1,maon1241,Maonan,2253,thjaʔ.7,,drip,,,,
10-230-416-1,maon1241,Maonan,1280,tɔk.7,,fall,,,,
10-220-416-1,maon1241,Maonan,501,ćü.3,,"raise, lift",,,,
10-210-416-1,maon1241,Maonan,568,uk.7,,rise,,,,
10-170-416-1,maon1241,Maonan,430,con.5,,twist,,,,
10-170-416-3,maon1241,Maonan,430,ta:u.3 con.5,,twist,,,,
10-160-416-1,maon1241,Maonan,808,tɔk.7,,drop (vb),,,,
10-150-416-1,maon1241,Maonan,827,ćon.4,,roll,,,,
10-140-416-1,maon1241,Maonan,1113,tuk.7,,"wind, wrap",,,,
10-140-416-3,maon1241,Maonan,1113,pa:u.1,,"wind, wrap",,,,
10-130-416-1,maon1241,Maonan,1445,con.5 poŋ.5 lən.2,,turn around,,,,
10-120-416-1,maon1241,Maonan,1588,fja:n.5,,turn over,,,,
10-110-416-1,maon1241,Maonan,765,nai.1,,move,,,,
9-890-416-1,maon1241,Maonan,2001,njak.7,,paint (vb),,,,
9-840-416-1,maon1241,Maonan,1979,pa:k.7 si:u.5,,chisel,,,,
9-880-416-1,maon1241,Maonan,647,njak.7,,paint (noun),,,,
9-810-416-1,maon1241,Maonan,228,khaʔ.7,,carve,,,,
9-791-416-1,maon1241,Maonan,360,śien.5,,fan (vb),,,,
9-790-416-1,maon1241,Maonan,1971,pa:k.7 śien.5,,fan (noun),,,,
9-780-416-1,maon1241,Maonan,293,tai.6 wa:ŋ.3,,netbag,,,,
9-770-416-1,maon1241,Maonan,195,mja:ŋ.1,,mat,,,,
9-760-416-1,maon1241,Maonan,1539,tjeŋ.6,,basket,,,,
9-750-416-1,maon1241,Maonan,1729,ćet.7,,"weave, plait",,,,
9-740-416-1,maon1241,Maonan,604,ćiŋ.5,,glass,,,,
9-730-416-1,maon1241,Maonan,1399,khəm.5 ʔma.3,,clay,,,,
9-690-416-1,maon1241,Maonan,358,sek.7,,"tin, tinplate",,,,
9-670-416-1,maon1241,Maonan,621,ćhit.7,,iron,,,,
9-660-416-1,maon1241,Maonan,1825,tɔŋ.2,,"copper, bronze",,,,
9-650-416-1,maon1241,Maonan,759,ńan.2,,silver,,,,
9-640-416-1,maon1241,Maonan,1369,ćum.1,,gold,,,,
9-620-416-1,maon1241,Maonan,1648,ćeŋ.2 ćhit.7,,anvil,,,,
9-610-416-1,maon1241,Maonan,288,ljan.5 ćhit.7,,forge,,,,
9-600-416-1,maon1241,Maonan,1001,ai.1 za:ŋ.6 ćhit.7,,"smith, blacksmith",,,,
9-560-416-1,maon1241,Maonan,1069,cia:u.5 sui.3,,glue,,,,
9-500-416-1,maon1241,Maonan,502,teŋ.1,,nail,,,,
9-490-416-1,maon1241,Maonan,1481,cü.2,,hammer,,,,
9-480-416-1,maon1241,Maonan,1948,ćo.5,,saw,,,,
9-461-416-1,maon1241,Maonan,46,ʔwa:i.1,,hollow out,,,,
9-460-416-1,maon1241,Maonan,1501,fi:t.7,,bore,,,,
9-440-416-1,maon1241,Maonan,1840,vɛ.4,,build,,,,
9-430-416-1,maon1241,Maonan,1042,ai.1 za:ŋ.6 mai.4,,carpenter,,,,
9-422-416-1,maon1241,Maonan,1361,ji:ŋ.6 vɛ.4 kɔŋ.1,,tool,,,,
9-380-416-1,maon1241,Maonan,245,ńu:i.6 kwa:t.7,,broom,,,,
9-360-416-1,maon1241,Maonan,1453,zaʔ.7,,wash,,,,
9-370-416-1,maon1241,Maonan,230,kwa:t.7,,sweep,,,,
9-350-416-1,maon1241,Maonan,1487,həp.7,,pour,,,,
9-343-416-1,maon1241,Maonan,1414,it.8,,"squeeze, wring",,,,
9-342-416-1,maon1241,Maonan,1913,ćam.6,,press,,,,
9-341-416-1,maon1241,Maonan,357,lɔi.3,,hang up,,,,
9-340-416-1,maon1241,Maonan,38,zu:n.4,,spread out,,,,
9-330-416-1,maon1241,Maonan,1455,la.1,,pull,,,,
9-320-416-1,maon1241,Maonan,214,zu:n.4,,stretch,,,,
9-310-416-1,maon1241,Maonan,1449,ńak.7,,"rub, wipe",,,,
9-290-416-1,maon1241,Maonan,291,phik.7,,"flay, skin",,,,
9-280-416-1,maon1241,Maonan,1735,si.1,,tear,,,,
9-270-416-1,maon1241,Maonan,1437,pha.5,,split,,,,
9-261-416-1,maon1241,Maonan,588,pha.5,,broken,,,,
9-260-416-1,maon1241,Maonan,680,ʔja:u.3,,break,,,,
9-260-416-3,maon1241,Maonan,680,ʔja:p.7,,break,,,,
9-250-416-1,maon1241,Maonan,677,fo.3,,ax,,,,
9-240-416-1,maon1241,Maonan,356,mjiu.1,,"scissors, shears",,,,
9-230-416-1,maon1241,Maonan,1352,mit.8,,knife,,,,
9-223-416-1,maon1241,Maonan,1434,fi:t.7,,stab,,,,
9-222-416-1,maon1241,Maonan,155,tɛ.5,,"chop, hew",,,,
9-221-416-1,maon1241,Maonan,355,tɛ.5,,cut down,,,,
9-220-416-1,maon1241,Maonan,1432,ca:p.8,,cut,,,,
9-220-416-3,maon1241,Maonan,1432,ka:t.7,,cut,,,,
9-211-416-1,maon1241,Maonan,354,tɔʔ.7,,pound with fist,,,,
9-210-416-1,maon1241,Maonan,2133,zɔ.4,,"strike (hit, beat)",,,,
9-210-416-3,maon1241,Maonan,2133,map.8,,"strike (hit, beat)",,,,
9-192-416-1,maon1241,Maonan,760,ta:u.2 zuʔ.8,,knot (noun),,,,
9-190-416-1,maon1241,Maonan,1218,zaʔ.7,,"rope, cord",,,,
9-180-416-1,maon1241,Maonan,1627,ljen.4,,chain,,,,
9-161-416-1,maon1241,Maonan,352,sɔŋ.5,,untie,,,,
9-160-416-1,maon1241,Maonan,1917,zuʔ.8,,"tie, bind",,,,
9-150-416-1,maon1241,Maonan,1470,tap.8,,fold,,,,
9-140-416-1,maon1241,Maonan,2004,koŋ.5,,bend,,,,
9-120-416-1,maon1241,Maonan,984,vɛ.4 kɔŋ.1,,work,,,,
9-110-416-1,maon1241,Maonan,2575,vɛ.4,,"do, make",,,,
8-980-416-1,maon1241,Maonan,641,ŋa.1,,mushroom,,,,
8-970-416-1,maon1241,Maonan,33,tiŋ.2 ju.2,,nettle,,,,
8-941-416-1,maon1241,Maonan,146,u:i.3,,sugar cane,,,,
8-940-416-1,maon1241,Maonan,1927,mai.4 ʔdɔʔ.7,,bamboo,,,,
8-931-416-1,maon1241,Maonan,864,la:ʔ.8 kwa.3,,"pumpkin, squash",,,,
8-930-416-1,maon1241,Maonan,411,hu.2 lu.5,,gourd,,,,
8-920-416-1,maon1241,Maonan,925,la:ʔ.8 man.2 mai.4,,"tapioca, manioc, cassava",,,,
8-910-416-1,maon1241,Maonan,159,la:ʔ.8 man.2,,sweet potato,,,,
8-850-416-1,maon1241,Maonan,346,mai.4 jɔŋ.2,,banyan,,,,
8-840-416-1,maon1241,Maonan,868,mai.4 la:ʔ.8 ćoi.3,,banana tree,,,,
8-830-416-1,maon1241,Maonan,1126,la:ʔ.8 ka:m.1,,citrus fruit,,,,
8-750-416-1,maon1241,Maonan,1204,pi.2 mai.4,,bark,,,,
8-720-416-1,maon1241,Maonan,241,mai.4 tən.2,,tree stump,,,,
8-691-416-1,maon1241,Maonan,1124,jian.5 tau.3,,pipe,,,,
8-690-416-1,maon1241,Maonan,1689,śut.7,,smoke (tobacco),,,,
8-690-416-3,maon1241,Maonan,1689,ʔjen.1,,smoke (tobacco),,,,
8-680-416-1,maon1241,Maonan,974,ʔjen.1,,tobacco,,,,
8-670-416-1,maon1241,Maonan,343,za.5 mai.4,,vine,,,,
8-650-416-1,maon1241,Maonan,1915,thoŋ.3 mai.4,,fir,,,,
8-640-416-1,maon1241,Maonan,1740,mai.4 ćai.5,,pine,,,,
8-600-416-1,maon1241,Maonan,906,mai.4,,tree,,,,
8-570-416-1,maon1241,Maonan,239,wa.1,,flower,,,,
8-560-416-1,maon1241,Maonan,628,va.5,,leaf,,,,
8-550-416-1,maon1241,Maonan,1531,la:ʔ.8 mai.4,,branch,,,,
8-540-416-1,maon1241,Maonan,670,sa:ŋ.1,,root,,,,
8-520-416-1,maon1241,Maonan,342,ʔwɔʔ.7 ćhi:u.5,,hay,,,,
8-510-416-1,maon1241,Maonan,606,ćaŋ.1,,grass,,,,
8-480-416-1,maon1241,Maonan,926,u.5,,rice,,,,
8-470-416-1,maon1241,Maonan,506,hu.4 wa:ŋ.2,,"maize, corn",,,,
8-430-416-1,maon1241,Maonan,1077,hu.4 mian.4,,wheat,,,,
8-420-416-1,maon1241,Maonan,605,hu.4,,"grain (barley, oats etc)",,,,
8-410-416-1,maon1241,Maonan,611,śu.1,,"crop, harvest",,,,
8-350-416-1,maon1241,Maonan,223,ta:u.5 śu.6,,threshing-floor,,,,
8-340-416-1,maon1241,Maonan,285,śu.6,,thresh,,,,
8-330-416-1,maon1241,Maonan,2132,ljem.4,,"sickle, scythe",,,,
8-320-416-1,maon1241,Maonan,190,ka:t.7,,"mow, reap",,,,
8-311-416-1,maon1241,Maonan,714,pu.4 van.1,,seed,,,,
8-310-416-1,maon1241,Maonan,748,tɔʔ.7,,sow,,,,
8-270-416-1,maon1241,Maonan,338,kwa.4,,rake,,,,
8-250-416-1,maon1241,Maonan,284,laʔ.7 kau.1 (noun) kuəʔ.7 (vb),,hoe,,,,
8-240-416-1,maon1241,Maonan,1901,cha:n.5,,shovel,,,,
8-230-416-1,maon1241,Maonan,1176,thie.3 cha:n.5,,spade,,,,
8-212-416-1,maon1241,Maonan,1794,ća:i.1 kwai.1,,furrow,,,,
8-220-416-1,maon1241,Maonan,1418,ʔwa:i.1,,dig,,,,
8-210-416-1,maon1241,Maonan,1921,kwai.1 (noun) kha:i.5 (vb),,plow,,,,
8-170-416-1,maon1241,Maonan,2002,ća:i.1 nam.3,,ditch,,,,
8-160-416-1,maon1241,Maonan,1690,ćham.3 nun.3,,fence,,,,
8-150-416-1,maon1241,Maonan,1541,cɔŋ.5,,"cultivate, till",,,,
8-130-416-1,maon1241,Maonan,586,na:i.5 ʔma.1,,garden,,,,
8-120-416-1,maon1241,Maonan,212,ʔja.5,,field (for cultivation),,,,
8-110-416-1,maon1241,Maonan,979,ai.1 vɛ.4 kɔŋ.1,,farmer,,,,
7-620-416-1,maon1241,Maonan,1006,chon.1,,brick,,,,
7-610-416-1,maon1241,Maonan,877,ai.1 siu.6 tu:i.2,,mason,,,,
7-570-416-1,maon1241,Maonan,1227,mai.4 pa:n.6,,board,,,,
7-560-416-1,maon1241,Maonan,281,za:u.1,,"post, pole",,,,
7-550-416-1,maon1241,Maonan,1132,zai.1,,beam,,,,
7-520-416-1,maon1241,Maonan,279,ʔju.1 ja:n.1 hi.1,,thatch,,,,
7-510-416-1,maon1241,Maonan,769,ʔju.1 ja:n.1,,roof,,,,
7-480-416-1,maon1241,Maonan,205,ća:i.1,,trough,,,,
7-470-416-1,maon1241,Maonan,745,kja.5,,shelf,,,,
7-460-416-1,maon1241,Maonan,1273,la:p.8,,candle,,,,
7-450-416-1,maon1241,Maonan,2131,vɨ̄.1,,"lamp, torch",,T,,
7-440-416-1,maon1241,Maonan,1775,ćeŋ.6,,table,,,,
7-430-416-1,maon1241,Maonan,1476,tɔʔ.8,,chair,,,,
7-422-416-1,maon1241,Maonan,806,ciɛn.1,,blanket,,,,
7-421-416-1,maon1241,Maonan,1044,ŋu:n.1,,pillow,,,,
7-420-416-1,maon1241,Maonan,1663,pɔŋ.3,,bed,,,,
7-420-416-3,maon1241,Maonan,1663,zi:ŋ.2,,bed,,,,
7-370-416-1,maon1241,Maonan,1464,ki.3 fa.1,,ladder,,,,
7-370-416-3,maon1241,Maonan,1464,će.3,,ladder,,,,
7-370-416-5,maon1241,Maonan,1464,ći:ŋ.6 fa.1,,ladder,,,,
7-330-416-1,maon1241,Maonan,1305,jian.5 chuŋ.5,,chimney,,,,
7-270-416-1,maon1241,Maonan,933,tɔŋ.6 zi:ŋ.2,,wall,,,,
7-250-416-1,maon1241,Maonan,1375,tɔ.1 coŋ.1,,window,,,,
7-240-416-1,maon1241,Maonan,1472,sai.3 zi.2,,key,,,,
7-230-416-1,maon1241,Maonan,1596,ni.4 zi.2,,lock (noun),,,,
7-221-416-1,maon1241,Maonan,80,za:u.1,,"doorpost, jamb",,,,
7-220-416-1,maon1241,Maonan,1567,tɔ.1,,"door, gate",,,,
7-170-416-1,maon1241,Maonan,334,ja:n.1 tuŋ.1 u.5,,cookhouse,,,,
7-131-416-1,maon1241,Maonan,403,thiŋ.3,,garden-house,,,,
7-120-416-1,maon1241,Maonan,1252,ja:n.1,,house,,,,
7-110-416-1,maon1241,Maonan,363,ńa:u.6,,"dwell, live",,,,
6-960-416-1,maon1241,Maonan,1171,ćiŋ.5,,mirror,,,,
6-950-416-1,maon1241,Maonan,788,ja:ŋ.6 ćen.3,,soap,,,,
6-921-416-1,maon1241,Maonan,333,ćet.7,,braid,,,,
6-921-416-3,maon1241,Maonan,333,ci.6 pjen.4,,braid,,,,
6-910-416-1,maon1241,Maonan,1475,ćhi.1,,comb,,,,
6-780-416-1,maon1241,Maonan,330,ci.6 ćan.1,,"headband, headdress",,,,
6-770-416-1,maon1241,Maonan,770,ʔnɛŋ.5 kha.1,,earring,,,,
6-750-416-1,maon1241,Maonan,1961,wun.5 ʔdən.4,,necklace,,,,
6-740-416-1,maon1241,Maonan,1754,wun.5 ćhi:n.1,,bracelet,,,,
6-620-416-1,maon1241,Maonan,757,laʔ.8 khau.5,,button,,,,
6-610-416-1,maon1241,Maonan,1851,tai.2,,pocket,,,,
6-590-416-1,maon1241,Maonan,1151,ʔdat.8 tuk.7 ko.3,,veil,,,,
6-570-416-1,maon1241,Maonan,772,sɛ.1,,"belt, girdle",,,,
6-550-416-1,maon1241,Maonan,2130,mɔ.6,,"hat, cap",,,,
6-540-416-1,maon1241,Maonan,875,ai.1 wɛ.4 ha:i.1,,"shoemaker, cobbler",,,,
6-510-416-1,maon1241,Maonan,1381,ha:i.1,,shoe,,,,
6-490-416-1,maon1241,Maonan,329,ma:t.8,,"stocking, sock",,,,
6-480-416-1,maon1241,Maonan,809,wa.5,,trousers,,,,
6-450-416-1,maon1241,Maonan,2012,ʔdən.4 kuʔ.7,,collar,,,,
6-430-416-1,maon1241,Maonan,603,kuʔ.7 nuk.7,,coat,,,,
6-420-416-1,maon1241,Maonan,474,ćun.2,,woman's dress,,,,
6-390-416-1,maon1241,Maonan,157,jam.3,,dye,,,,
6-410-416-1,maon1241,Maonan,326,tim.1,,cloak,,,,
6-380-416-1,maon1241,Maonan,1161,śu:n.5,,thread,,,,
6-360-416-1,maon1241,Maonan,1382,śɨm.1,,needle,,,,
6-370-416-1,maon1241,Maonan,278,śɨm.1 ŋui.4,,awl,,,,
6-350-416-1,maon1241,Maonan,1457,che.3,,sew,,,,
6-330-416-1,maon1241,Maonan,133,ćet.7,,weave,,,,
6-310-416-1,maon1241,Maonan,121,tam.1 i.1,,spin,,,,
6-250-416-1,maon1241,Maonan,1641,ćɔn.5,,silk,,,,
6-240-416-1,maon1241,Maonan,1850,mian.3,,cotton,,,,
6-240-416-3,maon1241,Maonan,1850,wa:i.5,,cotton,,,,
6-210-416-1,maon1241,Maonan,1616,i.3,,cloth,,,,
6-130-416-1,maon1241,Maonan,881,ai.1 fa:ŋ.1 kuʔ.7,,tailor,,,,
6-130-416-3,maon1241,Maonan,881,ai.1 vɛ.4 fa:ŋ.1,,tailor,,,,
6-120-416-1,maon1241,Maonan,1895,kuʔ.7,,"clothing, clothes",,,,
6-110-416-1,maon1241,Maonan,158,tan.3,,put on (clothes),,,,
5-971-416-1,maon1241,Maonan,1556,kai.5 ma:n.3,,egg yolk,,,,
5-970-416-1,maon1241,Maonan,744,kai.5,,egg,,,,
5-870-416-1,maon1241,Maonan,93,pan.3,,milk (vb),,,,
5-850-416-1,maon1241,Maonan,862,ta:ŋ.2,,sugar,,,,
5-860-416-1,maon1241,Maonan,635,cɛ.5,,milk (noun),,,,
5-820-416-1,maon1241,Maonan,1385,la:ʔ.8 śiu.3,,pepper,,,,
5-810-416-1,maon1241,Maonan,1274,ko.1,,salt,,,,
5-791-416-1,maon1241,Maonan,323,man.2,,"grease, fat",,,,
5-790-416-1,maon1241,Maonan,1484,ju.2,,oil,,,,
5-760-416-1,maon1241,Maonan,920,la:ʔ.8 it.7,,grape,,,,
5-770-416-1,maon1241,Maonan,191,la:ʔ.8 lip.7,,nut,,,,
5-712-416-1,maon1241,Maonan,1966,tiu.5,,bunch,,,,
5-710-416-1,maon1241,Maonan,1507,la:ʔ.8 mai.4,,fruit,,,,
5-700-416-1,maon1241,Maonan,593,la:ʔ.8 man.3,,potato,,,,
5-660-416-1,maon1241,Maonan,832,tau.6,,bean,,,,
5-650-416-1,maon1241,Maonan,924,ʔma.1 ju.1,,vegetables,,,,
5-640-416-1,maon1241,Maonan,1547,zo.5,,"soup, broth",,,,
5-610-416-1,maon1241,Maonan,634,na:n.4,,meat,,,,
5-590-416-1,maon1241,Maonan,225,tui.5,,pestle,,,,
5-580-416-1,maon1241,Maonan,224,tui.5(2) sɔ:ʔ.7,,mortar (2),,,,
5-560-416-1,maon1241,Maonan,1033,nian.3,,"crush, grind",,,,
5-550-416-1,maon1241,Maonan,1594,mjan.4 fən.3,,"meal, flour",,,,
5-490-416-1,maon1241,Maonan,2017,ŋja:u.1,,"stir, mix",,,,
5-480-416-1,maon1241,Maonan,1767,kwa.1,,scrape,,,,
5-470-416-1,maon1241,Maonan,86,ʔjaŋ.1,,"sieve, strain",,,,
5-460-416-1,maon1241,Maonan,275,phit.7,,peel,,,,
5-450-416-1,maon1241,Maonan,1833,mja:u.1,,supper,,,,
5-430-416-1,maon1241,Maonan,768,na.4(1) ŋe.1,,lunch,,,,
5-420-416-1,maon1241,Maonan,1322,na.4(1) u.5 jit.7,,breakfast,,,,
5-410-416-1,maon1241,Maonan,1526,tɨn.5,,meal (a),,,,
5-391-416-1,maon1241,Maonan,272,kjem.2,,tongs,,,,
5-380-416-1,maon1241,Maonan,1352,mit.8,,knife (2),,,,
5-370-416-1,maon1241,Maonan,1378,phja:u.6 zo.5,,spoon,,,,
5-360-416-1,maon1241,Maonan,271,tɛp.8,,saucer,,,,
5-350-416-1,maon1241,Maonan,476,ca:n.3,,"cup, drinking vessel",,,,
5-330-416-1,maon1241,Maonan,1530,u:n.3,,bowl,,,,
5-320-416-1,maon1241,Maonan,480,pu:n.3,,plate,,,,
5-310-416-1,maon1241,Maonan,481,u:n.3,,dish,,,,
5-280-416-1,maon1241,Maonan,31,khiʔ.7 ma.1,,pan,,,,
5-260-416-1,maon1241,Maonan,1462,khiʔ.7 u.5,,"pot, cooking vessel",,,,
5-270-416-1,maon1241,Maonan,854,hu.2 cha.2,,kettle,,,,
5-240-416-1,maon1241,Maonan,183,ha:ŋ.1,,bake,,,,
5-250-416-1,maon1241,Maonan,1143,lu.3,,oven,,,,
5-230-416-1,maon1241,Maonan,2146,cha:u.3,,"roast, fry",,,,
5-210-416-1,maon1241,Maonan,1100,tuŋ.1,,cook,,,,
5-190-416-1,maon1241,Maonan,129,ŋa.1,,choke,,,,
5-181-416-1,maon1241,Maonan,897,ʔdan.2,,swallow,,,,
5-180-416-1,maon1241,Maonan,321,ma:ʔ.7,,chew,,,,
5-160-416-1,maon1241,Maonan,1421,śut.7,,suck,,,,
5-150-416-1,maon1241,Maonan,848,kha:t.7,,thirst,,,,
5-140-416-1,maon1241,Maonan,1864,ʔbi:k.8 lɔŋ.2,,hunger,,,,
5-130-416-1,maon1241,Maonan,1401,na.4,,drink,,,,
5-130-416-3,maon1241,Maonan,1401,śut.7,,drink,,,,
5-125-416-1,maon1241,Maonan,1728,li.1,,rotten,,,,
5-123-416-1,maon1241,Maonan,178,zɔʔ.8,,ripe,,,,
5-122-416-1,maon1241,Maonan,1959,ʔdip.8,,raw,,,,
5-121-416-1,maon1241,Maonan,269,zɔʔ.8,,cooked,,,,
5-120-416-1,maon1241,Maonan,256,ni.4 na.4,,food,,,,
5-110-416-1,maon1241,Maonan,1336,na.4,,eat,,,,
4-990-416-1,maon1241,Maonan,590,kam.3 tan.3 kuʔ.7,,"naked, bare",,,,
4-970-416-1,maon1241,Maonan,1653,na.1 ʔbu:t.8,,blind,,,,
4-980-416-1,maon1241,Maonan,1463,mɛ.1,,intoxicated,,,,
4-960-416-1,maon1241,Maonan,1666,ŋa.3,,mute,,,,
4-950-416-1,maon1241,Maonan,996,ʔdaʔ.7,,deaf,,,,
4-930-416-1,maon1241,Maonan,1125,ko.3 mjan.3,,bald,,,,
4-940-416-1,maon1241,Maonan,320,pja.1 kwa.2,,lame,,,,
4-940-416-3,maon1241,Maonan,320,pja.1 ʔdɛŋ.3,,lame,,,,
4-940-416-5,maon1241,Maonan,320,pja.1 kwɛ.2,,lame,,,,
4-920-416-1,maon1241,Maonan,1564,khət.7,,lazy,,,,
4-912-416-1,maon1241,Maonan,168,za.3,,rest,,,,
4-912-416-3,maon1241,Maonan,168,za.5 nɛ.5,,rest,,,,
4-910-416-1,maon1241,Maonan,1757,lja.2,,"tired, weary",,,,
4-890-416-1,maon1241,Maonan,655,za.2 tu.4,,poison,,,,
4-880-416-1,maon1241,Maonan,1372,za.2,,"medicine, drug",,,,
4-870-416-1,maon1241,Maonan,597,ai.1 za:ŋ.6 za.2,,physician,,,,
4-870-416-3,maon1241,Maonan,597,i.5 sən.5,,physician,,,,
4-860-416-1,maon1241,Maonan,499,ʔda:i.3,,"cure, heal",,,,
4-858-416-1,maon1241,Maonan,497,ta:u.1 pjeu.3,,scar,,,,
4-857-416-1,maon1241,Maonan,1808,zɔk.8,,pus,,,,
4-856-416-1,maon1241,Maonan,793,siŋ.1,,boil (noun),,,,
4-855-416-1,maon1241,Maonan,1584,ǖʔ.7 ʔdat.8,,blister,,,,
4-854-416-1,maon1241,Maonan,148,ćit.8,,itch,,,,
4-854-416-3,maon1241,Maonan,148,meʔ.7,,itch,,,,
4-853-416-1,maon1241,Maonan,1903,vɔk.7,,swelling,,,,
4-853-416-3,maon1241,Maonan,1903,ʔwok.7,,swelling,,,,
4-850-416-1,maon1241,Maonan,1109,ta:u.1 ćit.8,,"wound, sore",,,,
4-843-416-1,maon1241,Maonan,102,nən.2 ja:m.5,,cold (catarrh),,,,
4-842-416-1,maon1241,Maonan,1957,ʔdən.4 tə.2,,goiter,,,,
4-841-416-1,maon1241,Maonan,1534,ʔdən.2,,fever,,,,
4-840-416-1,maon1241,Maonan,1847,peŋ.6,,"sick, sickness",,,,
4-840-416-3,maon1241,Maonan,1847,fin.1 peŋ.6,,"sick, sickness",,,,
4-820-416-1,maon1241,Maonan,1601,ʔma.3,,weak,,,,
4-810-416-1,maon1241,Maonan,785,ʔjɔŋ.1,,"strong, mighty, powerful",,,,
4-810-416-3,maon1241,Maonan,785,mɛ.2 lɨk.7,,"strong, mighty, powerful",,,,
4-810-416-5,maon1241,Maonan,785,lɨʔ.7,,"strong, mighty, powerful",,,,
4-790-416-1,maon1241,Maonan,1773,ti.6,,"grave, tomb",,,,
4-780-416-1,maon1241,Maonan,1719,mɔk.7,,bury (the dead),,,,
4-760-416-1,maon1241,Maonan,1417,ha.3,,kill,,,,
4-751-416-1,maon1241,Maonan,1904,pət.7 tai.1,,drowned,,,,
4-750-416-1,maon1241,Maonan,1494,tai.1,,"die, dead",,,,
4-740-416-1,maon1241,Maonan,1422,naŋ.1 naŋ.1,,"live, living, life",,,,
4-732-416-1,maon1241,Maonan,1087,ńaʔ.7 la:ʔ.8,,conceive,,,,
4-730-416-1,maon1241,Maonan,1123,ʔnja.1 la:ʔ.8,,pregnant,,,,
4-720-416-1,maon1241,Maonan,1090,za:ŋ.4,,born (to be),,,,
4-710-416-1,maon1241,Maonan,1152,za:ŋ.4,,beget (of father),,,,
4-690-416-1,maon1241,Maonan,138,za:p.8,,bathe,,,,
4-680-416-1,maon1241,Maonan,52,zan.2,,shiver,,,,
4-670-416-1,maon1241,Maonan,1785,tu.5 pi:t.8,,have sexual intercourse,,,,
4-660-416-1,maon1241,Maonan,676,uʔ.7 khɛ.4,,defecate,,,,
4-650-416-1,maon1241,Maonan,592,ʔnɛu.5,,urinate,,,,
4-640-416-1,maon1241,Maonan,1159,uʔ.7 tət.7,,break wind,,,,
4-630-416-1,maon1241,Maonan,1602,ʔdju.2,,wake up,,,,
4-620-416-1,maon1241,Maonan,1920,c(ts)i.6 vjen.1,,dream,,,,
4-620-416-3,maon1241,Maonan,1920,ci.6 vjen.1,,dream,,,,
4-612-416-1,maon1241,Maonan,1983,nu:n.2 chu:n.1,,snore,,,,
4-610-416-1,maon1241,Maonan,1585,nu:n.2,,sleep,,,,
4-591-416-1,maon1241,Maonan,268,ŋi.1 lui.1,,dribble,,,,
4-590-416-1,maon1241,Maonan,319,mət.7,,lick,,,,
4-590-416-3,maon1241,Maonan,319,pe.6,,lick,,,,
4-580-416-1,maon1241,Maonan,1403,ćit.8,,bite,,,,
4-570-416-1,maon1241,Maonan,1278,nɔʔ.7 ńɔʔ.7,,vomit,,,,
4-560-416-1,maon1241,Maonan,1440,ŋi.1,,spit,,,,
4-560-416-3,maon1241,Maonan,1440,ŋi.1 ćan.1,,spit,,,,
4-550-416-1,maon1241,Maonan,126,uʔ.7 vən.5,,perspire,,,,
4-530-416-1,maon1241,Maonan,879,fin.1 ńiʔ.7,,cough,,,,
4-521-416-1,maon1241,Maonan,162,sa.5 jɔ.5,,hiccough,,,,
4-510-416-1,maon1241,Maonan,1407,sɔŋ.5 khi.5,,"breathe, breath",,,,
4-492-416-1,maon1241,Maonan,1222,lai.3,,penis,,,,
4-492-416-3,maon1241,Maonan,1222,mam.6,,penis,,,,
4-490-416-1,maon1241,Maonan,797,lai.3,,testicle,,,,
4-490-416-3,maon1241,Maonan,797,mam.6,,testicle,,,,
4-464-416-1,maon1241,Maonan,834,khi.6 khɛ.4,,buttocks,,,,
4-462-416-1,maon1241,Maonan,1681,nu:i.3,,waist,,,,
4-461-416-1,maon1241,Maonan,1991,sa:i.3,,"intestines, guts",,,,
4-460-416-1,maon1241,Maonan,819,koʔ.7 lɔŋ.2,,stomach,,,,
4-451-416-1,maon1241,Maonan,489,ʔdan.2,,kidney,,,,
4-450-416-1,maon1241,Maonan,1224,tap.7,,liver,,,,
4-441-416-1,maon1241,Maonan,688,pu:t.7,,lung,,,,
4-440-416-1,maon1241,Maonan,1223,sam.1,,heart,,,,
4-430-416-1,maon1241,Maonan,1838,ʔdo.2,,navel,,,,
4-410-416-1,maon1241,Maonan,1402,sɛ.1,,breast (of woman),,,,
4-410-416-3,maon1241,Maonan,1402,cɛ.5,,breast (of woman),,,,
4-400-416-1,maon1241,Maonan,1592,na.3 taʔ.7,,chest,,,,
4-393-416-1,maon1241,Maonan,1201,sən.1,,feather,,,,
4-392-416-1,maon1241,Maonan,1257,va.5,,wing,,,,
4-380-416-1,maon1241,Maonan,1389,la:ʔ.8 ti:n.1,,toe,,,,
4-374-416-1,maon1241,Maonan,318,in.5 ti:n.1,,footprint,,,,
4-372-416-1,maon1241,Maonan,980,lən.2 ti:n.1,,heel,,,,
4-371-416-1,maon1241,Maonan,803,na.1 ti:n.1,,ankle,,,,
4-370-416-1,maon1241,Maonan,1301,ti:n.1,,foot,,,,
4-360-416-1,maon1241,Maonan,1371,kap.7 ko.6,,knee,,,,
4-360-416-3,maon1241,Maonan,1371,cəp.5 ko.6,,knee,,,,
4-352-416-1,maon1241,Maonan,498,pja.1 ni.4,,calf of leg,,,,
4-351-416-1,maon1241,Maonan,800,tən.3 pja.1 la:u.4,,thigh,,,,
4-350-416-1,maon1241,Maonan,1297,pja.1,,leg,,,,
4-345-416-1,maon1241,Maonan,72,ʔdip.7,,claw,,,,
4-344-416-1,maon1241,Maonan,1258,ʔdip.7,,fingernail,,,,
4-342-416-1,maon1241,Maonan,1781,ni.4 si:m.3,,thumb,,,,
4-340-416-1,maon1241,Maonan,1303,la:k.8 tjɔŋ.1,,finger,,,,
4-340-416-3,maon1241,Maonan,1303,la:k.8 si:m.3,,finger,,,,
4-331-416-1,maon1241,Maonan,1183,fa.1,,palm of hand,,,,
4-330-416-1,maon1241,Maonan,1277,si:m.3,,hand,,,,
4-320-416-1,maon1241,Maonan,981,ćhi:n.1 ŋɔʔ.7,,elbow,,,,
4-312-416-1,maon1241,Maonan,1886,kha.3 sa:k.7,,armpit,,,,
4-312-416-3,maon1241,Maonan,1886,kha.3 za:ʔ.7,,armpit,,,,
4-310-416-1,maon1241,Maonan,1673,ćhi:n.1,,arm,,,,
4-301-416-1,maon1241,Maonan,172,ʔdaʔ.8 kɔ:m.1,,shoulderblade,,,,
4-300-416-1,maon1241,Maonan,1482,ha.1,,shoulder,,,,
4-290-416-1,maon1241,Maonan,1346,khɔ:ŋ.4,,throat,,,,
4-281-416-1,maon1241,Maonan,1347,lən.2 ʔdən.4,,nape of neck,,,,
4-280-416-1,maon1241,Maonan,1333,ʔdən.4,,neck,,,,
4-270-416-1,maon1241,Maonan,1380,hi:u.3,,tooth,,,,
4-271-416-1,maon1241,Maonan,139,həʔ.7,,gums,,,,
4-260-416-1,maon1241,Maonan,1205,ma.2,,tongue,,,,
4-250-416-1,maon1241,Maonan,478,pi.2 pa:k.7,,lip,,,,
4-241-416-1,maon1241,Maonan,73,pa:k.7 nɔ:ʔ.8,,beak,,,,
4-240-416-1,maon1241,Maonan,674,pa:k.7,,mouth,,,,
4-232-416-1,maon1241,Maonan,208,muʔ.8,,mucus (nasal),,,,
4-231-416-1,maon1241,Maonan,1178,cəm.5 ʔnaŋ.1,,nostril,,,,
4-230-416-1,maon1241,Maonan,1221,ʔnaŋ.1,,nose,,,,
4-222-416-1,maon1241,Maonan,32,ćhɛ.4 kha.1,,earwax,,,,
4-220-416-1,maon1241,Maonan,1247,kha.1,,ear,,,,
4-215-416-1,maon1241,Maonan,1655,ʔdjap.7 na.1,,blink,,,,
4-214-416-1,maon1241,Maonan,1540,sən.1 na.1,,eyelash,,,,
4-213-416-1,maon1241,Maonan,17,pi.2 na.1,,eyelid,,,,
4-212-416-1,maon1241,Maonan,1173,moi.2 na.1,,eyebrow,,,,
4-210-416-1,maon1241,Maonan,1248,na.1,,eye,,,,
4-209-416-1,maon1241,Maonan,1510,kha.5 ŋa:ŋ.1,,chin,,,,
4-205-416-1,maon1241,Maonan,123,na.3 pja:k.7,,forehead,,,,
4-207-416-1,maon1241,Maonan,798,ńai.6,,jaw,,,,
4-204-416-1,maon1241,Maonan,1560,na.3,,face,,,,
4-203-416-1,maon1241,Maonan,1583,ńu:i.1,,brain,,,,
4-202-416-1,maon1241,Maonan,1605,ko.3,,skull,,,,
4-200-416-1,maon1241,Maonan,1256,ko.3,,head,,,,
4-191-416-1,maon1241,Maonan,805,ʔdaʔ.8 lən.2 la:i.1,,spine,,,,
4-190-416-1,maon1241,Maonan,1291,lən.2,,back,,,,
4-180-416-1,maon1241,Maonan,1220,sət.7,,tail,,,,
4-170-416-1,maon1241,Maonan,1393,ŋa:u.1,,horn,,,,
4-162-416-1,maon1241,Maonan,801,ʔda:ʔ.8 ʔdan.1,,rib,,,,
4-160-416-1,maon1241,Maonan,1394,ʔda:ʔ.8,,bone,,,,
4-151-416-1,maon1241,Maonan,525,mə.2,,"vein, artery",,,,
4-150-416-1,maon1241,Maonan,946,phja:t.7,,blood,,,,
4-146-416-1,maon1241,Maonan,576,pi.2 ko.3,,dandruff,,,,
4-145-416-1,maon1241,Maonan,36,ńuŋ.1,,pubic hair,,,,
4-144-416-1,maon1241,Maonan,189,sən.1,,body hair,,,,
4-142-416-1,maon1241,Maonan,678,ńu:t.8,,beard,,,,
4-140-416-1,maon1241,Maonan,1040,pjam.1,,hair (head),,,,
4-130-416-1,maon1241,Maonan,2259,na:n.4,,flesh,,,,
4-120-416-1,maon1241,Maonan,763,pi.2,,"skin, hide",,,,
4-110-416-1,maon1241,Maonan,1480,ʔdən.2,,body,,,,
3-980-416-1,maon1241,Maonan,112,ćip.7 kwi.1,,turtle,,,,
3-950-416-1,maon1241,Maonan,503,kəp.7 (big),,frog,,,,
3-950-416-3,maon1241,Maonan,503,kwai.3 (small),,frog,,,,
3-940-416-1,maon1241,Maonan,1543,khu:i.1,,snail,,,,
3-930-416-1,maon1241,Maonan,607,ʔdjaʔ.7,,grasshopper,,,,
3-920-416-1,maon1241,Maonan,1791,phuŋ.6 pa.4,,butterfly,,,,
3-910-416-1,maon1241,Maonan,206,ni.4 niŋ.3,,firefly,,,,
3-850-416-1,maon1241,Maonan,730,zu:i.2,,snake,,,,
3-840-416-1,maon1241,Maonan,1219,ta.1,,worm,,,,
3-832-416-1,maon1241,Maonan,1509,ńuŋ.4,,mosquito,,,,
3-830-416-1,maon1241,Maonan,1504,ńuŋ.4 vin.3,,fly,,,,
3-823-416-1,maon1241,Maonan,1517,ʔdu.1,,wasp,,,,
3-822-416-1,maon1241,Maonan,88,kuŋ.1 luʔ.8,,beehive,,,,
3-820-416-1,maon1241,Maonan,665,luʔ.8,,bee,,,,
3-819-416-1,maon1241,Maonan,1065,kuŋ.1 kuŋ.6 ka:ŋ.1,,spider web,,,,
3-818-416-1,maon1241,Maonan,843,kuŋ.6 ka:ŋ.1,,spider,,,,
3-817-416-1,maon1241,Maonan,587,mɨt.8,,ant,,,,
3-816-416-1,maon1241,Maonan,1575,ʔda:p.8,,cockroach,,,,
3-814-416-1,maon1241,Maonan,1974,ta.1 ćhap.7,,centipede,,,,
3-813-416-1,maon1241,Maonan,232,mat.7,,flea,,,,
3-813-416-3,maon1241,Maonan,232,ni.4 mat.7,,flea,,,,
3-812-416-1,maon1241,Maonan,267,kai.5 tu.1,,nit (louse egg),,,,
3-811-416-1,maon1241,Maonan,1392,nan.2,,louse,,,,
3-811-416-3,maon1241,Maonan,1392,tu.1,,louse,,,,
3-810-416-1,maon1241,Maonan,620,ta.1,,insect,,,,
3-780-416-1,maon1241,Maonan,1871,lɔ.2 thɔ.2,,camel,,,,
3-770-416-1,maon1241,Maonan,1290,cha:ŋ.4,,elephant,,,,
3-760-416-1,maon1241,Maonan,1350,mɔn.6,,monkey,,,,
3-740-416-1,maon1241,Maonan,1312,hu.2 li.2,,fox,,,,
3-730-416-1,maon1241,Maonan,1820,moi.1,,bear,,,,
3-720-416-1,maon1241,Maonan,1386,ma.1 ńɔ:ŋ.2,,lion,,,,
3-710-416-1,maon1241,Maonan,522,ma.1 ŋa:ŋ.2,,wolf,,,,
3-665-416-1,maon1241,Maonan,1013,hua:ŋ.2 śi:n.4,,freshwater eel,,,,
3-663-416-1,maon1241,Maonan,957,cin.5 jü.2,,whale,,,,
3-655-416-1,maon1241,Maonan,598,khap.7,,shell,,,,
3-654-416-1,maon1241,Maonan,1916,həʔ.7,,gill,,,,
3-654-416-3,maon1241,Maonan,1916,hək.7,,gill,,,,
3-653-416-1,maon1241,Maonan,266,ćin.5,,fishscale,,,,
3-652-416-1,maon1241,Maonan,213,va.5 mjai.3,,fin (dorsal),,,,
3-650-416-1,maon1241,Maonan,227,mjai.3,,fish,,,,
3-630-416-1,maon1241,Maonan,2139,nɔ.3,,"mouse, rat",,,,
3-620-416-1,maon1241,Maonan,1208,mɛu.4,,cat,,,,
3-614-416-1,maon1241,Maonan,1136,tu.5,,rabbit,,,,
3-610-416-1,maon1241,Maonan,2009,ma.1,,dog,,,,
3-594-416-1,maon1241,Maonan,1853,nɔʔ.8 pjau.2,,dove,,,,
3-596-416-1,maon1241,Maonan,735,ma:u.5 thau.2 jin.5,,owl,,,,
3-593-416-1,maon1241,Maonan,913,ka.1,,crow,,,,
3-592-416-1,maon1241,Maonan,882,jin.5 u.3,,parrot,,,,
3-591-416-1,maon1241,Maonan,1793,kwo.2,,bat,,,,
3-585-416-1,maon1241,Maonan,307,ńa:u.2,,hawk,,,,
3-581-416-1,maon1241,Maonan,937,nɔʔ.8,,bird,,,,
3-580-416-1,maon1241,Maonan,539,kuŋ.1,,nest,,,,
3-570-416-1,maon1241,Maonan,1360,ɛp.7,,duck,,,,
3-560-416-1,maon1241,Maonan,1187,ŋa:n.6,,goose,,,,
3-550-416-1,maon1241,Maonan,1318,ka:i.5,,chicken,,,,
3-540-416-1,maon1241,Maonan,1514,ka:i.5 ja:ŋ.5,,hen,,,,
3-540-416-3,maon1241,Maonan,1514,ka:i.5 ni.4,,hen,,,,
3-520-416-1,maon1241,Maonan,1511,ka:i.5 sai.3,,"cock, rooster",,,,
3-470-416-1,maon1241,Maonan,890,lɔ.2,,mule,,,,
3-500-416-1,maon1241,Maonan,265,tɔ.2 sɛŋ.1,,fowl,,,,
3-460-416-1,maon1241,Maonan,1862,lj.2,,"ass, donkey",,,,
3-450-416-1,maon1241,Maonan,1647,la:ʔ.8 mja.4 taʔ.8,,"foal, colt",,,,
3-450-416-3,maon1241,Maonan,1647,la:ʔ.8 mja.4 ni.4,,"foal, colt",,,,
3-440-416-1,maon1241,Maonan,938,mja.4 ni.4,,mare,,,,
3-420-416-1,maon1241,Maonan,936,mja.4 taʔ.8,,stallion,,,,
3-410-416-1,maon1241,Maonan,615,mja.4,,horse (equine),,,,
3-380-416-1,maon1241,Maonan,1972,la:ʔ.8 zo.2,,kid,,,,
3-370-416-1,maon1241,Maonan,264,zo.2 taʔ.8,,he-goat,,,,
3-360-416-1,maon1241,Maonan,1502,zo.2,,goat,,,,
3-350-416-1,maon1241,Maonan,1337,mu.5,,pig,,,,
3-340-416-1,maon1241,Maonan,1351,mu.5 luŋ.3,,sow (2),,,,
3-320-416-1,maon1241,Maonan,1348,mu.5 taʔ.8,,boar,,,,
3-290-416-1,maon1241,Maonan,820,zo.2,,lamb,,,,
3-280-416-1,maon1241,Maonan,1345,zo.2 ni.4,,ewe,,,,
3-260-416-1,maon1241,Maonan,1344,zo.2 taʔ.8,,ram,,,,
3-250-416-1,maon1241,Maonan,1331,zo.2,,sheep,,,,
3-240-416-1,maon1241,Maonan,1989,la:ʔ.8 kwi.2,,calf,,,,
3-230-416-1,maon1241,Maonan,1007,pɔ.4 ni.4,,cow,,,,
3-220-416-1,maon1241,Maonan,1169,pɔ.4,,ox,,,,
3-210-416-1,maon1241,Maonan,1008,kwi.2 taʔ.8,,bull,,,,
3-200-416-1,maon1241,Maonan,1153,tɔ.2 sɛŋ.1,,cattle (bovine),,,,
3-190-416-1,maon1241,Maonan,851,khuŋ.6 mja.4,,"stable, stall",,,,
3-180-416-1,maon1241,Maonan,263,ai.1 śɔŋ.5 kwi.2,,herdsman,,,,
3-150-416-1,maon1241,Maonan,631,tɔ.2 sɛŋ.1,,livestock,,,,
3-130-416-1,maon1241,Maonan,2262,ni.4,,female (adj),,CHE; CHE; CHE,,
3-130-416-3,maon1241,Maonan,2262,ja:ŋ.5,,female (adj),,CHE; CHE; CHE,,
3-130-416-5,maon1241,Maonan,2262,luŋ.3,,female (adj),,CHE; CHE; CHE,,
3-120-416-1,maon1241,Maonan,2261,sai.3,,male (adj),,CHE; CHE,,
3-120-416-3,maon1241,Maonan,2261,ta:ʔ.8,,male (adj),,CHE; CHE,,
3-110-416-1,maon1241,Maonan,619,tɔ.1,,animal,,,,
2-960-416-1,maon1241,Maonan,817,te.1,,they,,,,
2-950-416-1,maon1241,Maonan,1213,se.1,,you (plural),,,,
2-942-416-1,maon1241,Maonan,1130,ne.1,,we (exclusive),,,,
2-941-416-1,maon1241,Maonan,1131,na:u.1,,we (inclusive),,,,
2-940-416-1,maon1241,Maonan,1212,ne.1,,we,,,,
2-930-416-1,maon1241,Maonan,262,man.2,,he/she/it,,,,
2-920-416-1,maon1241,Maonan,1215,ŋ.2,,you (singular),,,,
2-910-416-1,maon1241,Maonan,1209,he.2,,I,,,,
2-820-416-1,maon1241,Maonan,194,ja:n.1,,family,,,,
2-810-416-1,maon1241,Maonan,1644,va:i.4 nuŋ.4,,"relatives, kinsmen",,,,
2-770-416-1,maon1241,Maonan,1981,ai.1 ko.3 tɔ:k.8,,widower,,,,
2-760-416-1,maon1241,Maonan,1756,ti.2 po.2 ma:i.5,,widow,,,,
2-750-416-1,maon1241,Maonan,1149,la:ʔ.8 kun.3,,orphan,,,,
2-740-416-1,maon1241,Maonan,1058,la:ʔ.8 piəʔ.8,,stepdaughter,,,,
2-730-416-1,maon1241,Maonan,1059,la:ʔ.8 ma:n.1,,stepson,,,,
2-720-416-1,maon1241,Maonan,236,ma.3,,stepmother,,,,
2-710-416-1,maon1241,Maonan,237,ta.5,,stepfather,,,,
2-641-416-1,maon1241,Maonan,2264,la:ʔ.8 lja.3,,daughter-in-law (of a woman),,,,
2-640-416-1,maon1241,Maonan,2265,la:ʔ.8 lja.3,,daughter-in-law (of a man),,,,
2-631-416-1,maon1241,Maonan,2266,la:ʔ.8 za:u.4,,son-in-law (of a woman),,,,
2-630-416-1,maon1241,Maonan,2267,la:ʔ.8 za:u.4,,son-in-law (of a man),,,,
2-621-416-1,maon1241,Maonan,2257,ni.4,,mother-in-law (of a woman),,,,
2-621-416-3,maon1241,Maonan,2257,ni.4 kə.6 la:u.4,,mother-in-law (of a woman),,,,
2-620-416-1,maon1241,Maonan,2256,ni.4,,mother-in-law (of a man),,,,
2-611-416-1,maon1241,Maonan,2254,tɛ.2,,father-in-law (of a woman),,,,
2-610-416-1,maon1241,Maonan,2255,tɛ.2,,father-in-law (of a man),,,,
2-570-416-1,maon1241,Maonan,490,ka:ŋ.1 lən.2,,descendants,,,,
2-560-416-1,maon1241,Maonan,1669,kɔŋ.1 pa.2,,ancestors,,,,
2-540-416-1,maon1241,Maonan,1642,la:ʔ.8 va:i.4,,niece,,,,
2-540-416-3,maon1241,Maonan,1642,la:ʔ.8 nuŋ.4,,niece,,,,
2-530-416-1,maon1241,Maonan,1063,la:ʔ.8 va:i.4,,nephew,,CHE; CHE,,
2-530-416-3,maon1241,Maonan,1063,la:ʔ.8 nuŋ.4,,nephew,,CHE; CHE,,
2-522-416-1,maon1241,Maonan,170,pa.3,,father's sister,,CHE; CHE,,
2-522-416-3,maon1241,Maonan,170,ku.4,,father's sister,,CHE; CHE,,
2-520-416-1,maon1241,Maonan,1272,ku.4,,aunt,,CHE; CHE,,
2-520-416-3,maon1241,Maonan,1272,vai.6,,aunt,,CHE; CHE,,
2-521-416-1,maon1241,Maonan,171,ni.4 la:ʔ.8 kwi.2,,mother's sister,,CHE,,
2-512-416-1,maon1241,Maonan,1985,luŋ.2,,father's brother,,,,
2-511-416-1,maon1241,Maonan,1984,luŋ.2,,mother's brother,,,,
2-510-416-1,maon1241,Maonan,1327,ɔ.1,,uncle,,CHE; CHE; CHE,,
2-510-416-3,maon1241,Maonan,1327,tja.1,,uncle,,CHE; CHE; CHE,,
2-510-416-5,maon1241,Maonan,1327,cu.2,,uncle,,CHE; CHE; CHE,,
2-480-416-1,maon1241,Maonan,1618,la:ʔ.8 ćha:n.1,,grandson,,,,
2-490-416-1,maon1241,Maonan,1619,la:ʔ.8 ćha:n.1 piəʔ.8,,granddaughter,,,,
2-471-416-1,maon1241,Maonan,907,pa.2,,old woman,,,,
2-470-416-1,maon1241,Maonan,1496,pa.2,,grandmother,,,,
2-461-416-1,maon1241,Maonan,406,kɔŋ.5,,old man,,,,
2-460-416-1,maon1241,Maonan,1383,kɔŋ.5,,grandfather,,,,
2-458-416-1,maon1241,Maonan,1005,la:ʔ.8 tu.2 ma.5,,twins,,,,
2-455-416-1,maon1241,Maonan,1761,nuŋ.4,,younger sister,,,,
2-455-416-3,maon1241,Maonan,1761,la:ʔ.8 piəʔ.8,,younger sister,,,,
2-454-416-1,maon1241,Maonan,1758,vɛ.2,,older sister,,,,
2-450-416-1,maon1241,Maonan,1263,vɛ.2 nuŋ.4,,sister,,,,
2-445-416-1,maon1241,Maonan,1760,nuŋ.4,,younger brother,,,,
2-444-416-1,maon1241,Maonan,1759,va:i.4,,older brother,,,,
2-440-416-1,maon1241,Maonan,1262,va:i.4 nuŋ.4,,brother,,,,
2-430-416-1,maon1241,Maonan,1801,ka:ŋ.1 lən.2,,offspring (son or daughter),,,,
2-420-416-1,maon1241,Maonan,1357,la:ʔ.8 piəʔ.8,,daughter,,,,
2-410-416-1,maon1241,Maonan,1620,la:ʔ.8 ma:n.1,,son,,,,
2-370-416-1,maon1241,Maonan,505,tɛ.2 ni.4,,parents,,,,
2-360-416-1,maon1241,Maonan,1216,ni.4,,mother,,,,
2-350-416-1,maon1241,Maonan,1217,tɛ.2,,father,,,,
2-341-416-1,maon1241,Maonan,1134,li.2 hun.4,,divorce,,,,
2-330-416-1,maon1241,Maonan,203,vɛ.4 wa:ŋ.3,,marry,,,,
2-320-416-1,maon1241,Maonan,1199,lja.3,,wife,,,,
2-310-416-1,maon1241,Maonan,1200,ka.6 la:u.4,,husband,,,,
2-280-416-1,maon1241,Maonan,1289,la:ʔ.8 će.3,,"infant, baby",,,,
2-270-416-1,maon1241,Maonan,1304,la:ʔ.8 će.3,,child,,,,
2-261-416-1,maon1241,Maonan,77,ai.1 cɔ.2,,young woman (adolescent),,,,
2-261-416-3,maon1241,Maonan,77,ai.1 nɔ:m.3,,young woman (adolescent),,,,
2-260-416-1,maon1241,Maonan,1646,la:ʔ.8 piəʔ.8,,girl,,,,
2-251-416-1,maon1241,Maonan,76,ai.1 cɔ.2,,young man (adolescent),,,,
2-251-416-3,maon1241,Maonan,76,ai.1 nɔ:m.1,,young man (adolescent),,,,
2-250-416-1,maon1241,Maonan,1366,la:ʔ.8 ma:n.1,,boy,,,,
2-250-416-3,maon1241,Maonan,1366,mi.2,,boy,,,,
2-240-416-1,maon1241,Maonan,1551,la:ʔ.8 piəʔ.8,,female,,,,
2-230-416-1,maon1241,Maonan,1553,ai.1 ma:n.1,,male,,,,
2-220-416-1,maon1241,Maonan,962,la:ʔ.8 piəʔ.8,,woman,,,,
2-210-416-1,maon1241,Maonan,1554,ai.1 ma:n.1,,man (vs. woman),,,,
2-100-416-1,maon1241,Maonan,683,zən.1,,"person, human being",,,,
1-890-416-1,maon1241,Maonan,1188,tha:n.5,,charcoal,,,,
1-880-416-1,maon1241,Maonan,10,nit.7,,firewood,,,,
1-870-416-1,maon1241,Maonan,1133,koŋ.1 vi.1,,match (noun),,,,
1-861-416-1,maon1241,Maonan,127,ʔdap.7 vi.1,,extinguish,,,,
1-860-416-1,maon1241,Maonan,737,tjən.3 vi.1,,"light, kindle, ignite",,,,
1-852-416-1,maon1241,Maonan,1428,ta:u.3,,burn (vb intrans),,,,
1-851-416-1,maon1241,Maonan,141,ta:u.3,,burn (vb trans),,,,
1-840-416-1,maon1241,Maonan,646,vuʔ.5,,ashes,,,,
1-830-416-1,maon1241,Maonan,778,kwan.2,,smoke (noun),,,,
1-820-416-1,maon1241,Maonan,889,ma.2 vi.1,,flame (noun),,,,
1-810-416-1,maon1241,Maonan,221,vi.1,,fire,,,,
1-780-416-1,maon1241,Maonan,952,thian.5 khi.4,,weather,,,,
1-770-416-1,maon1241,Maonan,617,tweŋ.5,,ice,,,,
1-760-416-1,maon1241,Maonan,784,ću.5,,snow (noun),,,,
1-750-416-1,maon1241,Maonan,658,fin.1,,rain (noun),,,,
1-740-416-1,maon1241,Maonan,249,lap.7 mu:n.1,,fog,,,,
1-720-416-1,maon1241,Maonan,960,ləm.1,,wind,,,,
1-730-416-1,maon1241,Maonan,1489,fa.3,,cloud,,,,
1-640-416-1,maon1241,Maonan,1977,ńi.2,,dew,,,,
1-630-416-1,maon1241,Maonan,1388,him.5,,"shade, shadow",,,,
1-630-416-3,maon1241,Maonan,1388,ku.6 pa:ŋ.6,,"shade, shadow",,,,
1-620-416-1,maon1241,Maonan,11,lap.7,,darkness,,,,
1-580-416-1,maon1241,Maonan,858,fin.1 la:u.4,,storm,,,,
1-560-416-1,maon1241,Maonan,1150,va.1,,thunder,,,,
1-570-416-1,maon1241,Maonan,2007,va.1 ʔda:p.8,,lightning (as striking),,,,
1-550-416-1,maon1241,Maonan,1654,va.1 ʔda:p.8,,lightning,,,,
1-540-416-1,maon1241,Maonan,1430,zət.7,,star,,,,
1-530-416-1,maon1241,Maonan,1313,ni.4 njen.2,,moon,,,,
1-520-416-1,maon1241,Maonan,1343,la.7 van.1,,sun,,,,
1-510-416-1,maon1241,Maonan,1732,pən.2,,sky,,,,
1-450-416-1,maon1241,Maonan,6,ti.4 cən.4,,earthquake,,,,
1-440-416-1,maon1241,Maonan,2125,tu:i.2,,"stone, rock",,,,
1-430-416-1,maon1241,Maonan,1803,mai.4,,wood,,,,
1-420-416-1,maon1241,Maonan,906,mai.4,,tree (cf 08.600),,,,
1-410-416-1,maon1241,Maonan,420,ʔdɔŋ.2,,"woods, forest",,,,
1-390-416-1,maon1241,Maonan,943,phu.4 pu.4,,waterfall,,,,
1-370-416-1,maon1241,Maonan,2144,nam.3 uʔ.7 (spring),,"spring, well",,,,
1-370-416-3,maon1241,Maonan,2144,ʔbən.6 (well),,"spring, well",,,,
1-362-416-1,maon1241,Maonan,1982,ta:u.1 nam.3 cu:n.5,,whirlpool,,,,
1-360-416-1,maon1241,Maonan,666,ni.1 (river),,"river, stream, brook",,,,
1-360-416-3,maon1241,Maonan,666,ćui.3 (stream),,"river, stream, brook",,,,
1-350-416-1,maon1241,Maonan,978,pə.5 la:ŋ.4,,wave,,,,
1-324-416-1,maon1241,Maonan,1768,tə.0 pɨŋ.4,,foam,,,,
1-320-416-1,maon1241,Maonan,1474,hai.3,,sea,,,,
1-310-416-1,maon1241,Maonan,948,nam.3,,water,,,,
1-280-416-1,maon1241,Maonan,1155,ŋa:m.4 ka:m.1,,cave,,,,
1-270-416-1,maon1241,Maonan,113,faŋ.5 ni.1,,shore,,,,
1-250-416-1,maon1241,Maonan,622,ta:u.3,,island,,,,
1-240-416-1,maon1241,Maonan,921,ja:u.3 ćhəm.6,,valley,,,,
1-230-416-1,maon1241,Maonan,652,ta.5 vjen.5,,"plain, field",,,,
1-222-416-1,maon1241,Maonan,618,ćhan.5,,"cliff, precipice",,,,
1-220-416-1,maon1241,Maonan,2118,kɔŋ.5 pja.1,,"mountain, hill",,,,
1-214-416-1,maon1241,Maonan,640,khəm.5 ʔma.3 / ʔwoŋ.3,,mud,,,,
1-215-416-1,maon1241,Maonan,671,sa.1,,sand,,,,
1-213-416-1,maon1241,Maonan,2,phuŋ.5,,dust,,,,
1-212-416-1,maon1241,Maonan,1228,khəm.5,,"earth=ground, soil",,,,
1-210-416-1,maon1241,Maonan,626,te.3,,"earth, land",,,,
1-100-416-1,maon1241,Maonan,965,kha.3 pan.2,,world,,,,
14-330-416-1,maon1241,Maonan,1544,paʔ.7 ća:u.2,,sometimes,,,,
14-331-416-1,maon1241,Maonan,703,ńo.5 lat.7,,soon,,,,
14-332-416-1,maon1241,Maonan,418,tjaŋ.1 tiŋ.5,,long-time (for a),,,,
14-350-416-1,maon1241,Maonan,204,ju.4,,again,,,,
14-410-416-1,maon1241,Maonan,1225,ta.5 van.1,,day,,,,
14-420-416-1,maon1241,Maonan,1233,ta.5 ʔńam.5,,night,,,,
14-430-416-1,maon1241,Maonan,729,sam.1 si.1,,dawn,,,,
14-440-416-1,maon1241,Maonan,1339,ji:t.7 sam.1,,morning,,,,
14-450-416-1,maon1241,Maonan,12,na.4 ńe.1,,"noon, midday",,,,
14-451-416-1,maon1241,Maonan,1807,ta.5 van.1,,afternoon,,,,
14-451-416-3,maon1241,Maonan,1807,hai.1 lap.7,,afternoon,,,,
14-460-416-1,maon1241,Maonan,1629,ta.5 ʔńam.5,,evening,,,,
14-470-416-1,maon1241,Maonan,1283,van.1 na:i.6,,today,,,,
14-480-416-1,maon1241,Maonan,1329,van.1 ʔmu.3,,tomorrow,,,,
14-481-416-1,maon1241,Maonan,1179,van.1 ʔna.3,,day-after-tomorrow,,,,
14-490-416-1,maon1241,Maonan,1174,van.1 ʔńuŋ.1,,yesterday,,,,
14-491-416-1,maon1241,Maonan,1180,van.1 ku:n.5,,day-before-yesterday,,,,
14-510-416-1,maon1241,Maonan,1353,tjem.3,,hour,,,,
14-530-416-1,maon1241,Maonan,1323,cɔŋ.1,,"clock, timepiece",,,,
14-610-416-1,maon1241,Maonan,1469,cau.5,,week,,,,
14-620-416-1,maon1241,Maonan,1699,siŋ.5 khi.2 thian.5,,Sunday,,,,
14-630-416-1,maon1241,Maonan,1697,siŋ.5 khi.2 ji.2,,Monday,,,,
14-640-416-1,maon1241,Maonan,1695,siŋ.5 khi.2 ə.4,,Tuesday,,,,
14-650-416-1,maon1241,Maonan,1694,siŋ.5 khi.2 sa:m.5,,Wednesday,,,,
14-660-416-1,maon1241,Maonan,1693,siŋ.5 khi.2 sI.4,,Thursday,,,,
14-670-416-1,maon1241,Maonan,1692,siŋ.5 khi.2 u.5,,Friday,,,,
14-680-416-1,maon1241,Maonan,1700,siŋ.5 khi.2 lu.2,,Saturday,,,,
14-710-416-1,maon1241,Maonan,1370,njen.2,,month,,,,
14-730-416-1,maon1241,Maonan,1226,mɛ.1,,year,,,,
14-740-416-1,maon1241,Maonan,1471,njen.2 ja:m.5,,winter,,,,
14-750-416-1,maon1241,Maonan,1537,njen.2 chun.2,,spring,,,,
14-760-416-1,maon1241,Maonan,1342,njen.2 tun.1,,summer,,,,
14-770-416-1,maon1241,Maonan,1276,njen.2 chju.1,,autumn,,,,
14-780-416-1,maon1241,Maonan,691,ma:u.4,,season,,,,
15-210-416-1,maon1241,Maonan,1587,ʔńin.1,,smell (vb intrans),,,,
15-212-416-1,maon1241,Maonan,375,nən.4,,sniff,,,,
15-220-416-1,maon1241,Maonan,1586,nən.4,,smell (vb trans),,,,
15-250-416-1,maon1241,Maonan,376,na:ŋ.1,,"fragrant, good smelling",,,,
15-260-416-1,maon1241,Maonan,42,ʔńin.1,,"stinking, bad smelling",,,,
15-310-416-1,maon1241,Maonan,21,wi.5 ta:u.5,,taste,,,,
15-350-416-1,maon1241,Maonan,717,fa:n.1,,sweet,,,,
15-360-416-1,maon1241,Maonan,1091,njaŋ.5,,salty,,,,
15-370-416-1,maon1241,Maonan,887,kam.1,,bitter,,,,
15-380-416-1,maon1241,Maonan,1906,səm.3,,"acid, sour",,,,
15-390-416-1,maon1241,Maonan,70,cap.8 pa:i.2 na.4,,brackish,,,,
15-410-416-1,maon1241,Maonan,1408,ʔdai.4 hai.5,,hear,,,,
15-420-416-1,maon1241,Maonan,1608,ʔni.3,,listen,,,,
15-440-416-1,maon1241,Maonan,1811,ʔŋɔ.1,,"sound, noise",,,,
15-450-416-1,maon1241,Maonan,377,ʔŋɔ.1 la:u.4,,loud,,,,
15-460-416-1,maon1241,Maonan,1314,cam.1 pəʔ.7,,"quiet, silence",,,,
15-510-416-1,maon1241,Maonan,1409,ʔdai.4 ʔdu.6,,see,,,,
15-520-416-1,maon1241,Maonan,1819,kau.5,,"look, look at",,,,
15-550-416-1,maon1241,Maonan,1039,jaŋ.4,,show,,,,
15-560-416-1,maon1241,Maonan,708,ca:u.5,,shine,,,,
15-570-416-1,maon1241,Maonan,679,lja:ŋ.5,,bright,,,,
15-610-416-1,maon1241,Maonan,1613,saʔ.7,,color,,,,
15-620-416-1,maon1241,Maonan,250,kam.2 kan.5,,light (in color),,,,
15-630-416-1,maon1241,Maonan,706,kam.5,,dark (in color),,,,
15-640-416-1,maon1241,Maonan,1335,poʔ.8,,white,,,,
15-650-416-1,maon1241,Maonan,163,nam.1,,black,,,,
15-660-416-1,maon1241,Maonan,156,la:n.3,,red,,,,
15-670-416-1,maon1241,Maonan,837,pha.1,,blue,,,,
15-680-416-1,maon1241,Maonan,1425,ju.1,,green,,,,
15-690-416-1,maon1241,Maonan,1424,ma:n.3,,yellow,,,,
15-710-416-1,maon1241,Maonan,1892,kwɛ.6,,touch,,,,
15-712-416-1,maon1241,Maonan,378,pan.1,,pinch,,,,
15-720-416-1,maon1241,Maonan,1079,lwa.5,,feel,,,,
15-740-416-1,maon1241,Maonan,1884,ća.3,,hard,,,,
15-750-416-1,maon1241,Maonan,1856,ʔma.3,,soft,,,,
15-760-416-1,maon1241,Maonan,1923,la:u.4,,rough,,,,
15-760-416-3,maon1241,Maonan,1923,ńa:p.7,,rough,,,,
15-770-416-1,maon1241,Maonan,1234,lau.1,,smooth,,,,
15-780-416-1,maon1241,Maonan,1396,ja:i.5,,sharp,,,,
15-790-416-1,maon1241,Maonan,379,ńɔ.3,,"blunt, dull",,,,
15-810-416-1,maon1241,Maonan,1210,zan.1,,heavy,,,,
15-820-416-1,maon1241,Maonan,1052,khu.1,,light (in weight),,,,
15-830-416-1,maon1241,Maonan,1726,ʔjaʔ.7,,"wet, damp",,,,
15-840-416-1,maon1241,Maonan,1398,sɔ.3,,dry,,,,
15-840-416-3,maon1241,Maonan,1398,ka:n.1,,dry,,,,
15-850-416-1,maon1241,Maonan,1286,tu:n.1,,hot,,,,
15-851-416-1,maon1241,Maonan,1232,ʔdo.4,,warm,,,,
15-860-416-1,maon1241,Maonan,1287,ja:m.5,,cold,,,,
15-870-416-1,maon1241,Maonan,704,sa:k.7,,clean,,,,
15-880-416-1,maon1241,Maonan,1230,ʔwa.5,,"dirty, soiled",,,,
15-890-416-1,maon1241,Maonan,380,ńap.7,,wrinkled,,,,
16-110-416-1,maon1241,Maonan,53,kwan.1,,"soul, spirit",,,,
16-150-416-1,maon1241,Maonan,1572,ńa.1,,"surprised, astonished",,,,
16-180-416-1,maon1241,Maonan,720,khi.5 huŋ.5,,"good fortune, luck",,,,
16-190-416-1,maon1241,Maonan,56,ta:u.4 nam.1,,"misfortune, bad luck",,,,
16-230-416-1,maon1241,Maonan,1495,ʔda:i.2 maŋ.4,,"joyful, glad, happy",,,,
16-250-416-1,maon1241,Maonan,1355,ću.1,,laugh,,,,
16-251-416-1,maon1241,Maonan,1451,ʔjaŋ.1 ću.1,,smile,,,,
16-260-416-1,maon1241,Maonan,1413,ka:u.2,,play,,,,
16-270-416-1,maon1241,Maonan,923,ŋai.1,,love,,,,
16-290-416-1,maon1241,Maonan,578,śut.7,,kiss,,,,
16-300-416-1,maon1241,Maonan,928,tu.3 ŋu:m.3,,embrace,,,,
16-310-416-1,maon1241,Maonan,1783,ći:t.7,,pain,,,,
16-320-416-1,maon1241,Maonan,1668,si:ŋ.1 sam.1,,"grief, sorrow, sadness",,,,
16-330-416-1,maon1241,Maonan,1000,mɔŋ.2,,"anxiety, worry",,,,
16-340-416-1,maon1241,Maonan,1875,tɔk.7 lən.2,,"regret, be sorry",,,,
16-350-416-1,maon1241,Maonan,1141,ʔda:i.2 ńa:m.1,,pity,,,,
16-370-416-1,maon1241,Maonan,1839,ńe.3,,"cry, weep",,,,
16-380-416-1,maon1241,Maonan,1651,nam.3 na.1,,tear (noun),,,,
16-390-416-1,maon1241,Maonan,716,ʔja:ŋ.1,,groan,,,,
16-410-416-1,maon1241,Maonan,1607,ńa:n.5,,hate,,,,
16-420-416-1,maon1241,Maonan,82,ʔda:i.2 ńa:n.5,,anger,,,,
16-440-416-1,maon1241,Maonan,40,na.1 la:n.3,,"envy, jealousy",,,,
16-450-416-1,maon1241,Maonan,1776,wa:i.5 ui.1,,shame (noun),,,,
16-480-416-1,maon1241,Maonan,174,kja:u.5 ŋa:u.4,,proud,,,,
16-510-416-1,maon1241,Maonan,1779,kɔ:m.3,,dare,,,,
16-520-416-1,maon1241,Maonan,3,ʔdo.6 la:u.4,,brave,,,,
16-530-416-1,maon1241,Maonan,781,ćhu.1,,"fear, fright",,,,
16-540-416-1,maon1241,Maonan,1810,ʔda:i.2 ći.6 ćhu.3,,danger,,,,
16-622-416-1,maon1241,Maonan,1750,la:i.6 śwen.2,,choose,,,,
16-630-416-1,maon1241,Maonan,1092,śi.5 wa:ŋ.4,,hope,,,,
16-650-416-1,maon1241,Maonan,100,Kɨ̄.2 Wɨ̄T.7,,faithful,,,,
16-660-416-1,maon1241,Maonan,1657,cin.1,,true,,,,
16-670-416-1,maon1241,Maonan,601,vɛ.4 wit.7,,"lie, tell lies",,,,
16-680-416-1,maon1241,Maonan,13,lan.4,,deceit,,,,
16-690-416-1,maon1241,Maonan,1528,juan.2 lia:ŋ.4,,forgive,,,,
16-710-416-1,maon1241,Maonan,1035,ʔda:i.2,,good,,,,
16-720-416-1,maon1241,Maonan,1292,khə.3,,bad,,,,
16-730-416-1,maon1241,Maonan,1725,ʔda:u.4,,"right, correct",,,,
16-740-416-1,maon1241,Maonan,1390,lɔŋ.1,,wrong,,,,
16-760-416-1,maon1241,Maonan,134,lɔŋ.1,,fault,,,,
16-770-416-1,maon1241,Maonan,1293,lɔŋ.1,,"mistake, error",,,,
16-780-416-1,maon1241,Maonan,381,kwa:i.5,,blame,,,,
16-790-416-1,maon1241,Maonan,1687,jan.5,,praise,,,,
16-810-416-1,maon1241,Maonan,1427,ća:p.6,,beautiful,,,,
16-820-416-1,maon1241,Maonan,1548,ńa:m.1 kau.5,,ugly,,,,
16-830-416-1,maon1241,Maonan,2018,ŋɔm.6,,greedy,,,,
16-840-416-1,maon1241,Maonan,1310,chɔŋ.1 miŋ.2,,clever,,,,
17-130-416-1,maon1241,Maonan,1415,mai.6,,think (= reflect),,,,
17-140-416-1,maon1241,Maonan,1513,mai.6,,think (= be of the opinion),,,,
17-150-416-1,maon1241,Maonan,1890,śin.5,,believe,,,,
17-160-416-1,maon1241,Maonan,1536,wo.3,,understand,,,,
17-170-416-1,maon1241,Maonan,1410,wo.3,,know,,,,
17-171-416-1,maon1241,Maonan,1932,ton.5,,guess,,,,
17-172-416-1,maon1241,Maonan,117,njem.1 vɛ.4,,imitate,,,,
17-180-416-1,maon1241,Maonan,1521,ləm.3,,seem,,,,
17-190-416-1,maon1241,Maonan,1609,wai.4 ja:i.5 nai.4,,"idea, notion",,,,
17-210-416-1,maon1241,Maonan,698,kwa:i.1,,wise,,,,
17-220-416-1,maon1241,Maonan,1518,ʔŋa:ŋ.5,,"foolish, stupid",,,,
17-230-416-1,maon1241,Maonan,1899,ʔŋa:ŋ.5,,"insane, crazy",,,,
17-240-416-1,maon1241,Maonan,504,ha:ʔ.8,,learn,,,,
17-242-416-1,maon1241,Maonan,1929,ha:ʔ.8,,study,,,,
17-250-416-1,maon1241,Maonan,709,son.1,,teach,,,,
17-260-416-1,maon1241,Maonan,753,la:ʔ.8 ha:ʔ.8,,pupil,,,,
17-270-416-1,maon1241,Maonan,1038,ći.6 sɛŋ.1,,teacher,,,,
17-280-416-1,maon1241,Maonan,673,ja:u.3 ha:ʔ.8,,school,,,,
17-310-416-1,maon1241,Maonan,707,ki.5,,remember,,,,
17-320-416-1,maon1241,Maonan,1523,la:m.2,,forget,,,,
17-340-416-1,maon1241,Maonan,989,sɛu.5,,"clear, plain",,,,
17-350-416-1,maon1241,Maonan,1764,hɔ.3 wo.3,,obscure,,,,
17-360-416-1,maon1241,Maonan,1121,ʔjam.1,,secret,,,,
17-370-416-1,maon1241,Maonan,509,khən.3 tiŋ.4,,"sure, certain",,,,
17-380-416-1,maon1241,Maonan,1626,liʔ.7,,explain,,,,
17-410-416-1,maon1241,Maonan,1162,mu.2 ti.2,,"intention, purpose",,,,
17-420-416-1,maon1241,Maonan,860,juan.2 jin.5,,cause,,,,
17-430-416-1,maon1241,Maonan,1308,hua:i.7 ńi.2,,doubt,,,,
17-450-416-1,maon1241,Maonan,643,cəŋ.1 a:u.1,,"need, necessity",,,,
17-460-416-1,maon1241,Maonan,686,ui.1 wa:ŋ.5,,easy,,,,
17-470-416-1,maon1241,Maonan,584,hɔ.3,,difficult,,,,
17-470-416-3,maon1241,Maonan,584,hɔ.3,,difficult,,,,
17-480-416-1,maon1241,Maonan,1812,a:u.5,,"try, attempt",,,,
17-490-416-1,maon1241,Maonan,488,fa:ŋ.5 fa.2,,"way, manner",,,,
17-510-416-1,maon1241,Maonan,1577,tɔ.5,,and,,,,
17-520-416-1,maon1241,Maonan,1157,jin.5 wai.4,,because,,,,
17-530-416-1,maon1241,Maonan,1459,ću.6,,if,,,,
17-550-416-1,maon1241,Maonan,1268,ciŋ.5,,"yes, affirmative",,,,
17-560-416-1,maon1241,Maonan,1269,kam.3 ciŋ.5,,"no, negative",,,,
17-610-416-1,maon1241,Maonan,1239,vɛ.4 jau.1,,how?,,,,
17-620-416-1,maon1241,Maonan,822,tu.6 nau.1,,how many?,,,,
17-630-416-1,maon1241,Maonan,531,tu.6 nau.1,,how much?,,,,
17-640-416-1,maon1241,Maonan,1236,ni.4 nam.2,,what?,,,,
17-650-416-1,maon1241,Maonan,1238,po.6 nau.1,,when?,,,,
17-660-416-1,maon1241,Maonan,1237,ći.6 nau.2 (1),,where?,,,,
17-670-416-1,maon1241,Maonan,727,ʔdat.7 nau.1,,which?,,,,
17-680-416-1,maon1241,Maonan,1235,ai.1 nau.1,,who?,,,,
17-690-416-1,maon1241,Maonan,1270,jau.1 ci.2 a:i.2,,why?,,,,
18-110-416-1,maon1241,Maonan,1363,ʔŋɔ.1,,voice,,,,
18-120-416-1,maon1241,Maonan,1261,chi:ŋ.5,,sing,,,,
18-130-416-1,maon1241,Maonan,715,hi:t.7,,"shout, cry out",,,,
18-150-416-1,maon1241,Maonan,55,sip.7 sip.7,,whisper,,,,
18-170-416-1,maon1241,Maonan,1025,hip.8 kwi.5,,whistle,,,,
18-180-416-1,maon1241,Maonan,298,hi:t.7 han.5,,"shriek, screech",,,,
18-210-416-1,maon1241,Maonan,1623,ća:ŋ.3,,"speak, talk",,,,
18-220-416-1,maon1241,Maonan,1458,śɔt.7,,say,,,,
18-221-416-1,maon1241,Maonan,1711,ća:ŋ.3 ku.3 zi.2,,tell story,,,,
18-230-416-1,maon1241,Maonan,48,sam.1,,silent (be),,,,
18-240-416-1,maon1241,Maonan,1307,wa.6,,language,,,,
18-260-416-1,maon1241,Maonan,1599,lɛ.1,,word,,,,
18-280-416-1,maon1241,Maonan,1405,ʔda:n.2,,name,,,,
18-310-416-1,maon1241,Maonan,1309,sa:i.3,,"ask (question, inquire)",,,,
18-320-416-1,maon1241,Maonan,1275,jen.1,,answer,,,,
18-330-416-1,maon1241,Maonan,2022,ńin.6,,"admit, confess",,,,
18-340-416-1,maon1241,Maonan,755,ćü.2,,deny,,,,
18-350-416-1,maon1241,Maonan,1828,jen.1,,"ask, request",,,,
18-360-416-1,maon1241,Maonan,1675,kəp.7 səŋ.3,,promise,,,,
18-370-416-1,maon1241,Maonan,49,a:p.7,,refuse,,,,
18-380-416-1,maon1241,Maonan,83,śɔt.7,,forbid,,,,
18-390-416-1,maon1241,Maonan,299,ću.5,,"rebuke, scold",,,,
18-410-416-1,maon1241,Maonan,1084,ću.5 vɛ.4,,call (=summon),,,,
18-450-416-1,maon1241,Maonan,101,wi.2 jan.5,,boast,,,,
18-510-416-1,maon1241,Maonan,1672,śa.3,,write,,,,
18-520-416-1,maon1241,Maonan,724,tɔʔ.8,,read,,,,
18-560-416-1,maon1241,Maonan,648,ci.3,,paper,,,,
18-570-416-1,maon1241,Maonan,794,pit.7,,pen,,,,
18-610-416-1,maon1241,Maonan,963,lɛ.1,,book,,,,
18-670-416-1,maon1241,Maonan,1045,ai.1 vɛ.4 si.1,,poet,,,,
18-710-416-1,maon1241,Maonan,777,teʔ.8,,flute,,,,
18-720-416-1,maon1241,Maonan,908,kuŋ.1,,drum,,,,
18-730-416-1,maon1241,Maonan,2136,puŋ.6 pi.3,,"horn, trumpet",,,,
18-740-416-1,maon1241,Maonan,300,ʔŋɔ.1 kwɛ.1,,rattle,,,,
19-110-416-1,maon1241,Maonan,1300,ko.6 ća.5,,country,,,,
19-150-416-1,maon1241,Maonan,1391,jɔn.6,,"city, town",,,,
19-150-416-3,maon1241,Maonan,1391,cən.4,,"city, town",,,,
19-160-416-1,maon1241,Maonan,930,ʔba:n.4,,village,,,,
19-210-416-1,maon1241,Maonan,789,lə.0 min.2,,people (populace),,,,
19-240-416-1,maon1241,Maonan,301,ai.1 tau.2,,"chief, chieftain",,,,
19-250-416-1,maon1241,Maonan,1296,tjoŋ.4,,"staff, walking stick",,,,
19-310-416-1,maon1241,Maonan,1846,ku:n.3,,"rule, govern",,,,
19-320-416-1,maon1241,Maonan,1508,hwa:ŋ.6 ti.4,,"king, ruler",,,,
19-330-416-1,maon1241,Maonan,1306,hwa:ŋ.6 hau.4,,queen,,,,
19-410-416-1,maon1241,Maonan,383,ai.1 cü.3,,master,,,,
19-420-416-1,maon1241,Maonan,812,ai.1 vɛ.4 pu.3,,slave,,,,
19-450-416-1,maon1241,Maonan,1128,min.4 lin.4,,"command, order",,,,
19-470-416-1,maon1241,Maonan,1003,naʔ.7,,"let, permit",,,,
19-510-416-1,maon1241,Maonan,1325,phuŋ.6 jin.4,,"friend, companion",,,,
19-510-416-3,maon1241,Maonan,1325,ai.1 ham.6,,"friend, companion",,,,
19-520-416-1,maon1241,Maonan,1358,ti.2 jin.2,,enemy,,,,
19-540-416-1,maon1241,Maonan,1332,ja:n.1 jen.1,,neighbor,,,,
19-550-416-1,maon1241,Maonan,791,ai.1 ta:ŋ.5,,stranger,,,,
19-560-416-1,maon1241,Maonan,1782,ai.1 hɛk.7,,guest,,,,
19-570-416-1,maon1241,Maonan,1545,ai.1 cü.3,,host,,,,
19-580-416-1,maon1241,Maonan,1897,pa:ŋ.1,,"help, aid",,,,
19-580-416-3,maon1241,Maonan,1897,poŋ.1,,"help, aid",,,,
19-590-416-1,maon1241,Maonan,1550,la:n.2,,"hinder, prevent",,,,
19-610-416-1,maon1241,Maonan,1747,vɛ.4 kwa:n.5,,custom,,,,
19-620-416-1,maon1241,Maonan,1848,vɛ.4 hɔŋ.3,,"strife, quarrel",,,,
19-630-416-1,maon1241,Maonan,2024,jin.5 mau.2,,"conspiracy, plot",,,,
19-650-416-1,maon1241,Maonan,1831,tu.2 ʔdu.6,,meet,,,,
19-720-416-1,maon1241,Maonan,1610,hiʔ.7,,prostitute,,,,
20-110-416-1,maon1241,Maonan,1423,tu.6 ćhan.4,,fight (vb),,,,
20-130-416-1,maon1241,Maonan,579,ta.3 ca:ŋ.4,,"war, battle",,,,
20-150-416-1,maon1241,Maonan,1561,cün.5 təi.4,,army,,,,
20-170-416-1,maon1241,Maonan,1941,peŋ.1,,soldier,,,,
20-220-416-1,maon1241,Maonan,1763,mai.4 kun.5,,club,,,,
20-230-416-1,maon1241,Maonan,387,ta:n.2 kuŋ.5,,sling,,,,
20-240-416-1,maon1241,Maonan,994,ćɔŋ.1,,bow,,,,
20-250-416-1,maon1241,Maonan,977,na.5,,arrow,,,,
20-270-416-1,maon1241,Maonan,1535,cen.4,,sword,,,,
20-280-416-1,maon1241,Maonan,1566,cuŋ.5,,"gun, cannon",,,,
20-280-416-3,maon1241,Maonan,1566,pha:u.5,,"gun, cannon",,,,
20-360-416-1,maon1241,Maonan,1671,tha.6,,tower,,,,
20-410-416-1,maon1241,Maonan,783,hiŋ.2,,victory,,,,
20-420-416-1,maon1241,Maonan,782,śü.1,,defeat,,,,
20-430-416-1,maon1241,Maonan,722,naŋ.1 taŋ.1,,attack,,,,
20-440-416-1,maon1241,Maonan,1330,su.3,,defend,,,,
20-450-416-1,maon1241,Maonan,421,thɔi.5,,retreat,,,,
20-460-416-1,maon1241,Maonan,1696,thau.2 ja:ŋ.2,,surrender,,,,
20-470-416-1,maon1241,Maonan,1072,ai.1 śü.1,,"captive, prisoner",,,,
20-520-416-1,maon1241,Maonan,1074,si:p.7,,fishhook,,,,
20-520-416-3,maon1241,Maonan,1074,ŋau.1 mjai.3,,fishhook,,,,
20-530-416-1,maon1241,Maonan,19,sien.5 mjai.3,,fishing line,,,,
20-540-416-1,maon1241,Maonan,388,wa:ŋ.3 mjai.3,,fishnet,,,,
20-550-416-1,maon1241,Maonan,389,pin.5 mjai.3,,fish trap,,,,
20-560-416-1,maon1241,Maonan,2013,wa.3 tɔ.3 mjai.3,,bait,,,,
20-610-416-1,maon1241,Maonan,1435,təʔ.7 a:m.5,,hunt,,,,
20-620-416-1,maon1241,Maonan,1172,pɛŋ.5,,shoot,,,,
20-630-416-1,maon1241,Maonan,161,koi.2,,miss (target),,,,
20-640-416-1,maon1241,Maonan,1075,cəm.2,,trap (noun),,,,
21-150-416-1,maon1241,Maonan,1068,fa.2 juan.4,,court,,,,
21-160-416-1,maon1241,Maonan,1818,phon.4,,judge (vb),,,,
21-350-416-1,maon1241,Maonan,1682,paʔ.7 zui.4,,guilty,,,,
21-360-416-1,maon1241,Maonan,90,kam.3 mɛ.2 zui.4,,innocent,,,,
21-370-416-1,maon1241,Maonan,390,wa:t.8,,"penalty, punishment",,,,
21-390-416-1,maon1241,Maonan,1281,pjaʔ.7 la:u.2,,"prison, jail",,,,
21-420-416-1,maon1241,Maonan,845,ha.1,,murder,,,,
21-460-416-1,maon1241,Maonan,1889,ta:u.1 vi.1,,arson,,,,
21-510-416-1,maon1241,Maonan,713,ljaʔ.7,,steal,,,,
21-520-416-1,maon1241,Maonan,1160,chja:ŋ.3,,thief,,,,
22-140-416-1,maon1241,Maonan,853,ju.3 ljɛŋ.5 wa.1,,altar,,,,
22-150-416-1,maon1241,Maonan,1103,tɔŋ.1 sai.1 ju.3 ljɛŋ.5 wa.1,,"sacrifice, offering",,,,
22-160-416-1,maon1241,Maonan,257,pa:i.5,,worship,,,,
22-170-416-1,maon1241,Maonan,24,pa:i.5,,pray,,,,
22-230-416-1,maon1241,Maonan,391,pa:u.3 jau.4,,bless,,,,
22-240-416-1,maon1241,Maonan,8,pa:i.5,,curse,,,,
22-260-416-1,maon1241,Maonan,303,zi.6,,fast (vb),,,,
22-350-416-1,maon1241,Maonan,1973,ma:ŋ.1,,demon (evil spirit),,,,
22-420-416-1,maon1241,Maonan,392,mu.1,,"magic, witchcraft, sorcery",,,,
22-430-416-1,maon1241,Maonan,2137,ai.1 mu.1,,"sorcerer, witch",,,,
22-440-416-1,maon1241,Maonan,2138,ai.1 śen.1,,"fairy, elf",,,,
22-450-416-1,maon1241,Maonan,1175,ma:ŋ.1 śen.1,,"ghost, phantom",,,,
22-470-416-1,maon1241,Maonan,107,ki.2 za:u.5,,"omen, portent",,,,
