ID,Language_ID,Language_name,Parameter_ID,Value,Transcription,Concept,Source,Comment,AlternativeValue,AlternativeTranscription
14-310-216-1,elam1244,Elamite,1676,OE a-ka-da,Phonemic,always,hinz1987;grillot1987,Source: EW 37.,,
14-270-216-1,elam1244,Elamite,1766,AchE tar-ma,Phonemic,finish,hinz1987;grillot1987,Source: EW 291.,,
14-270-216-3,elam1244,Elamite,1766,tar-maš,Phonemic,finish,hinz1987;grillot1987,Source: EW 291.,,
14-260-216-1,elam1244,Elamite,743,AchE mur,Phonemic,end (temporal),hinz1987;grillot1987,Source: EW 952.,,
14-180-216-1,elam1244,Elamite,1376,ME a-am,Phonemic,now,hinz1987;grillot1987,Sources: EW 14; EW 48.,,
14-180-216-3,elam1244,Elamite,1376,ME,Phonemic,now,hinz1987;grillot1987,Sources: EW 14; EW 48.,,
14-180-216-5,elam1244,Elamite,1376,NE,Phonemic,now,hinz1987;grillot1987,Sources: EW 14; EW 48.,,
14-180-216-7,elam1244,Elamite,1376,AchE am,Phonemic,now,hinz1987;grillot1987,Sources: EW 14; EW 48.,,
14-170-216-1,elam1244,Elamite,477,AchE maš-šá,Phonemic,late,hinz1987;grillot1987,"Source: EW 894, 916.",,
14-170-216-3,elam1244,Elamite,477,me-šá,Phonemic,late,hinz1987;grillot1987,"Source: EW 894, 916.",,
14-160-216-1,elam1244,Elamite,672,irpi/ urpu-: AchE ir-pi,Phonemic,early,hinz1987;grillot1987,Sources: EW 778; EW 1247; EW 78.,,
14-160-216-3,elam1244,Elamite,672,ME ur-pu-ub-ba,Phonemic,early,hinz1987;grillot1987,Sources: EW 778; EW 1247; EW 78.,,
14-160-216-5,elam1244,Elamite,672,AchE ap-pu-qa,Phonemic,early,hinz1987;grillot1987,Sources: EW 778; EW 1247; EW 78.,,
14-150-216-1,elam1244,Elamite,1229,kara: AchE qa-ra,Phonemic,old,hinz1987;grillot1987,Source: EW 437.,,
14-140-216-1,elam1244,Elamite,1207,puhu.na: AchE pu-hu-na,Phonemic,young,hinz1987;grillot1987,"Source: EW 231, 240.",,
14-140-216-3,elam1244,Elamite,1207,pu-u-na,Phonemic,young,hinz1987;grillot1987,"Source: EW 231, 240.",,
14-140-216-5,elam1244,Elamite,1207,pu-un-na,Phonemic,young,hinz1987;grillot1987,"Source: EW 231, 240.",,
14-110-216-1,elam1244,Elamite,892,AchE da-la-ri [= dalar.e],Phonemic,time,hinz1987;grillot1987,Source: EW 273.,,
13-370-216-1,elam1244,Elamite,1888,NE tuk,Phonemic,pair,hinz1987;grillot1987,"Originally, 'Stück' EW 351.",,
13-340-216-1,elam1244,Elamite,728,AchE ap-pu-qa-na,Phonemic,first,hinz1987;grillot1987,Source: EW 78.,,
13-240-216-1,elam1244,Elamite,816,ME pír-ni,Phonemic,half,hinz1987;grillot1987,Source: EW 211-212.,,
13-240-216-3,elam1244,Elamite,816,pír-nu-šu,Phonemic,half,hinz1987;grillot1987,Source: EW 211-212.,,
13-240-216-5,elam1244,Elamite,816,pír-nu-ba,Phonemic,half,hinz1987;grillot1987,Source: EW 211-212.,,
13-230-216-1,elam1244,Elamite,779,AchE áš,Phonemic,"part, piece",hinz1987;grillot1987,Source: EW 84.,,
13-210-216-1,elam1244,Elamite,1429,huh: OE hu-úh,Phonemic,full,hinz1987;grillot1987,Source: EW 714. Also hu-úh-me.,,
13-170-216-1,elam1244,Elamite,1242,AchE ha-ri-ik-ki,Phonemic,"little (quantity), few",hinz1987;grillot1987,Source: EW 628.,,
13-150-216-1,elam1244,Elamite,1198,AchE ir-še-ik-ki,Phonemic,"much, many",hinz1987;grillot1987,Source: EW 780. See 'large' 12.550.,,
13-140-216-1,elam1244,Elamite,98,AchE un-ra,Phonemic,"every, all",hinz1987;grillot1987,Source: EW 1237.,,
13-50-216-1,elam1244,Elamite,493,AchE *tu-ku (?),Phonemic,five,hinz1987;grillot1987,"Source: EW 356—reconstructed on the basis of the unit tu-ku-ku = 5 QA, i.e. 'Fünferchen'.",,
13-20-216-1,elam1244,Elamite,1498,mar: NE ma-ir,Phonemic,two,hinz1987;grillot1987,"Source: EW 860, 876, 884.",,
13-20-216-3,elam1244,Elamite,1498,mar-ra,Phonemic,two,hinz1987;grillot1987,"Source: EW 860, 876, 884.",,
13-20-216-5,elam1244,Elamite,1498,AchE mar,Phonemic,two,hinz1987;grillot1987,"Source: EW 860, 876, 884.",,
13-30-216-1,elam1244,Elamite,492,ziti: AchE zí-ti,Phonemic,three,hinz1987;grillot1987,Source: EW 1305.,,
13-10-216-1,elam1244,Elamite,1493,ki: AchE ki-ik(-ki/-qa),Phonemic,one,hinz1987;grillot1987,"Sources: EW 465, 467; EW 468.",,
13-10-216-3,elam1244,Elamite,1493,OE,Phonemic,one,hinz1987;grillot1987,"Sources: EW 465, 467; EW 468.",,
13-10-216-5,elam1244,Elamite,1493,AchE ki-ir,Phonemic,one,hinz1987;grillot1987,"Sources: EW 465, 467; EW 468.",,
12-830-216-1,elam1244,Elamite,1845,ME še-be,Phonemic,"sphere, ball",hinz1987;grillot1987,Source: EW 1146.,,
12-810-216-1,elam1244,Elamite,1395,irpi: ME ir-pi,Phonemic,round,hinz1987;grillot1987,Source: EW 778.,,
12-820-216-1,elam1244,Elamite,1467,pur: ME pu-ur,Phonemic,circle,hinz1987;grillot1987,Source EW 241.,,
12-730-216-1,elam1244,Elamite,1404,AchE iš-tur-rák-qa,Phonemic,straight,hinz1987;grillot1987,Source: EW 793.,,
12-710-216-1,elam1244,Elamite,1633,ME ma-šu-um,Phonemic,flat,hinz1987;grillot1987,Source: EW 896.,,
12-670-216-1,elam1244,Elamite,1593,AchE du-šá-ra-ma,Phonemic,deep,hinz1987;grillot1987,Source: EW 377.,,
12-650-216-1,elam1244,Elamite,2249,zikki: NE zik-ki,Phonemic,thin (in dimension),hinz1987;grillot1987,Source: EW 1296.,,
12-560-216-1,elam1244,Elamite,1246,tila: AchE ti-la (?),Phonemic,"small, little",hinz1987;grillot1987,Source: EW 388.,,
12-550-216-1,elam1244,Elamite,1202,(h)azza-: NE,Phonemic,"large, big",hinz1987;grillot1987,"Sources: EW 103, 592, 653. EW 779-780; EW 1041. See 'much, many' 13.150.",,
12-550-216-3,elam1244,Elamite,1202,AchE az-za-qa,Phonemic,"large, big",hinz1987;grillot1987,"Sources: EW 103, 592, 653. EW 779-780; EW 1041. See 'much, many' 13.150.",,
12-550-216-5,elam1244,Elamite,1202,AchE ha-iz-za-ik-qa,Phonemic,"large, big",hinz1987;grillot1987,"Sources: EW 103, 592, 653. EW 779-780; EW 1041. See 'much, many' 13.150.",,
12-550-216-7,elam1244,Elamite,1202,ha-za-qa,Phonemic,"large, big",hinz1987;grillot1987,"Sources: EW 103, 592, 653. EW 779-780; EW 1041. See 'much, many' 13.150.",,
12-550-216-9,elam1244,Elamite,1202,rša-: AchE ir-šá-(an-)na,Phonemic,"large, big",hinz1987;grillot1987,"Sources: EW 103, 592, 653. EW 779-780; EW 1041. See 'much, many' 13.150.",,
12-550-216-11,elam1244,Elamite,1202,ME ri-ša-ar,Phonemic,"large, big",hinz1987;grillot1987,"Sources: EW 103, 592, 653. EW 779-780; EW 1041. See 'much, many' 13.150.",,
12-460-216-1,elam1244,Elamite,1817,NE šu-tin,Phonemic,west,hinz1987;grillot1987,Source: EW 1186.,,
12-450-216-1,elam1244,Elamite,1877,NE ha-tin,Phonemic,east,hinz1987;grillot1987,Source: EW 647-648.,,
12-450-216-3,elam1244,Elamite,1877,ha-te-um-me,Phonemic,east,hinz1987;grillot1987,Source: EW 647-648.,,
12-440-216-1,elam1244,Elamite,1406,AchE šá-da-ni-qa,Phonemic,far (adv),hinz1987;grillot1987,Source: EW 1119.,,
12-250-216-1,elam1244,Elamite,1046,kappa-: NE kap-pa-iš,Phonemic,"shut, close",hinz1987;grillot1987,Source: EW 435.,,
12-240-216-1,elam1244,Elamite,1156,ME te-iš,Phonemic,open,hinz1987;grillot1987,Sources: EW 315; EW 383.,,
12-240-216-3,elam1244,Elamite,1156,ME,Phonemic,open,hinz1987;grillot1987,Sources: EW 315; EW 383.,,
12-240-216-5,elam1244,Elamite,1156,NE tu-um-ba-h,Phonemic,open,hinz1987;grillot1987,Sources: EW 315; EW 383.,,
12-220-216-1,elam1244,Elamite,1743,OE ta-r[í-ir],Phonemic,"join, unite",hinz1987;grillot1987,Latter is plural form. Source: EW 290.,,
12-220-216-3,elam1244,Elamite,1743,ta-ri-ip,Phonemic,"join, unite",hinz1987;grillot1987,Latter is plural form. Source: EW 290.,,
12-120-216-1,elam1244,Elamite,998,b/pela-: AchE be-la,Phonemic,put,hinz1987;grillot1987,"Sources: EW 183, 179; EW 255, EW 262.",,
12-120-216-3,elam1244,Elamite,998,be-ip-la,Phonemic,put,hinz1987;grillot1987,"Sources: EW 183, 179; EW 255, EW 262.",,
12-120-216-5,elam1244,Elamite,998,da-/ta-: ME ta-at,Phonemic,put,hinz1987;grillot1987,"Sources: EW 183, 179; EW 255, EW 262.",,
12-120-216-7,elam1244,Elamite,998,da-h,Phonemic,put,hinz1987;grillot1987,"Sources: EW 183, 179; EW 255, EW 262.",,
12-110-216-1,elam1244,Elamite,723,kate: ka-te,Phonemic,place,hinz1987;grillot1987,Source: EW 453.,,
12-110-216-3,elam1244,Elamite,723,AchE qa-te,Phonemic,place,hinz1987;grillot1987,Source: EW 453.,,
12-110-216-5,elam1244,Elamite,723,qa-te-ma,Phonemic,place,hinz1987;grillot1987,Source: EW 453.,,
12-70-216-1,elam1244,Elamite,1485,NE,Phonemic,under,hinz1987;grillot1987,Source: EW 1133.,,
12-70-216-3,elam1244,Elamite,1485,AchE šá-ra,Phonemic,under,hinz1987;grillot1987,Source: EW 1133.,,
12-60-216-1,elam1244,Elamite,762,ME ki-du-ú-ya,Phonemic,outside,hinz1987;grillot1987,Sources: EW 463.,,
12-60-216-3,elam1244,Elamite,762,ki-du-ur,Phonemic,outside,hinz1987;grillot1987,Sources: EW 463.,,
12-60-216-5,elam1244,Elamite,762,ki-du-um-ma,Phonemic,outside,hinz1987;grillot1987,Sources: EW 463.,,
12-60-216-7,elam1244,Elamite,762,AchE ki-du,Phonemic,outside,hinz1987;grillot1987,Sources: EW 463.,,
12-50-216-1,elam1244,Elamite,1606,OE a-ti-in,Phonemic,"inside, in",hinz1987;grillot1987,"Source: EW 94, 647.",,
12-50-216-3,elam1244,Elamite,1606,ME a-ti-ra,Phonemic,"inside, in",hinz1987;grillot1987,"Source: EW 94, 647.",,
12-50-216-5,elam1244,Elamite,1606,AchE ha-ti,Phonemic,"inside, in",hinz1987;grillot1987,"Source: EW 94, 647.",,
12-41-216-1,elam1244,Elamite,1883,ME,Phonemic,front,hinz1987;grillot1987,Sources: EW 323; EW 1081.,,
12-41-216-3,elam1244,Elamite,1883,NE ti-ib-ba,Phonemic,front,hinz1987;grillot1987,Sources: EW 323; EW 1081.,,
12-41-216-5,elam1244,Elamite,1883,OE si-ma,Phonemic,front,hinz1987;grillot1987,Sources: EW 323; EW 1081.,,
12-41-216-7,elam1244,Elamite,1883,ME,Phonemic,front,hinz1987;grillot1987,Sources: EW 323; EW 1081.,,
12-41-216-9,elam1244,Elamite,1883,NE si-ma,Phonemic,front,hinz1987;grillot1987,Sources: EW 323; EW 1081.,,
12-40-216-1,elam1244,Elamite,1882,tibbe: ME,Phonemic,before,hinz1987;grillot1987,Source: EW 323.,,
12-40-216-3,elam1244,Elamite,1882,NE ti-ib-ba,Phonemic,before,hinz1987;grillot1987,Source: EW 323.,,
12-11-216-1,elam1244,Elamite,1686,AchE ki-ik,Phonemic,behind,hinz1987;grillot1987,Sources: EW 465; EW 913-914.,,
12-11-216-3,elam1244,Elamite,1686,NE,Phonemic,behind,hinz1987;grillot1987,Sources: EW 465; EW 913-914.,,
12-11-216-5,elam1244,Elamite,1686,AchE me-mi,Phonemic,behind,hinz1987;grillot1987,Sources: EW 465; EW 913-914.,,
12-11-216-7,elam1244,Elamite,1686,AchE me-ni,Phonemic,behind,hinz1987;grillot1987,Sources: EW 465; EW 913-914.,,
11-870-216-1,elam1244,Elamite,657,AchE šá-ak-ki-me/-mi,Phonemic,price,hinz1987;grillot1987,Sources: EW 1111; EW 1120.,,
11-870-216-3,elam1244,Elamite,657,šá-gi-me,Phonemic,price,hinz1987;grillot1987,Sources: EW 1111; EW 1120.,,
11-780-216-1,elam1244,Elamite,1122,AchE te-um-be,Phonemic,wages,hinz1987;grillot1987,Sources: EW 320; EW 618.,,
11-780-216-3,elam1244,Elamite,1122,NE,Phonemic,wages,hinz1987;grillot1987,Sources: EW 320; EW 618.,,
11-780-216-5,elam1244,Elamite,1122,AchE ha-nu,Phonemic,wages,hinz1987;grillot1987,Sources: EW 320; EW 618.,,
11-650-216-1,elam1244,Elamite,718,NE un-sa-ha,Phonemic,pay (vb),hinz1987;grillot1987,Sources: EW 1238. Cf. za-ag-gi; za-ak 'Wert'; za-ak-me 'Preis' (EW 1266).,,
11-650-216-3,elam1244,Elamite,718,AchE un-sa-iš,Phonemic,pay (vb),hinz1987;grillot1987,Sources: EW 1238. Cf. za-ag-gi; za-ak 'Wert'; za-ak-me 'Preis' (EW 1266).,,
11-650-216-5,elam1244,Elamite,718,AchE za-ag-gi-iš,Phonemic,pay (vb),hinz1987;grillot1987,Sources: EW 1238. Cf. za-ag-gi; za-ak 'Wert'; za-ak-me 'Preis' (EW 1266).,,
11-640-216-1,elam1244,Elamite,1914,NE a-h-da-a,Phonemic,debt,hinz1987;grillot1987,Source: EW 33.,,
11-510-216-1,elam1244,Elamite,712,NE sir,Phonemic,rich,hinz1987;grillot1987,Source: EW 1087.,,
11-320-216-1,elam1244,Elamite,719,bakka-: ME ba-ak-qa-h (?),Phonemic,find,hinz1987;grillot1987,Source: EW 106.,,
11-270-216-1,elam1244,Elamite,681,sari-: ME,Phonemic,destroy,hinz1987;grillot1987,Source: EW 1065.,,
11-270-216-3,elam1244,Elamite,681,NE sa-ri-h,Phonemic,destroy,hinz1987;grillot1987,Source: EW 1065.,,
11-270-216-5,elam1244,Elamite,681,AchE sa-ri-in-ti,Phonemic,destroy,hinz1987;grillot1987,Source: EW 1065.,,
11-240-216-1,elam1244,Elamite,1997,kutu-: ME,Phonemic,"preserve, look after",hinz1987;grillot1987,Source: EW 551.,,
11-240-216-3,elam1244,Elamite,1997,NE ku-tu-un,Phonemic,"preserve, look after",hinz1987;grillot1987,Source: EW 551.,,
11-240-216-5,elam1244,Elamite,1997,OE ku-tu-uš-li,Phonemic,"preserve, look after",hinz1987;grillot1987,Source: EW 551.,,
11-210-216-1,elam1244,Elamite,1447,duna-/i-: ME,Phonemic,give,hinz1987;grillot1987,Source: EW 361-364; EW 821-822.,,
11-210-216-3,elam1244,Elamite,1447,NE du-ni-h,Phonemic,give,hinz1987;grillot1987,Source: EW 361-364; EW 821-822.,,
11-210-216-5,elam1244,Elamite,1447,ME du-ni-ha,Phonemic,give,hinz1987;grillot1987,Source: EW 361-364; EW 821-822.,,
11-210-216-7,elam1244,Elamite,1447,AchE du-na-áš,Phonemic,give,hinz1987;grillot1987,Source: EW 361-364; EW 821-822.,,
11-210-216-9,elam1244,Elamite,1447,du-na-qa,Phonemic,give,hinz1987;grillot1987,Source: EW 361-364; EW 821-822.,,
11-210-216-11,elam1244,Elamite,1447,li-,Phonemic,give,hinz1987;grillot1987,Source: EW 361-364; EW 821-822.,,
11-210-216-13,elam1244,Elamite,1447,OE,Phonemic,give,hinz1987;grillot1987,Source: EW 361-364; EW 821-822.,,
11-210-216-15,elam1244,Elamite,1447,ME,Phonemic,give,hinz1987;grillot1987,Source: EW 361-364; EW 821-822.,,
11-210-216-17,elam1244,Elamite,1447,NE li-h,Phonemic,give,hinz1987;grillot1987,Source: EW 361-364; EW 821-822.,,
11-210-216-19,elam1244,Elamite,1447,NE,Phonemic,give,hinz1987;grillot1987,Source: EW 361-364; EW 821-822.,,
11-210-216-21,elam1244,Elamite,1447,AchE li-ik,Phonemic,give,hinz1987;grillot1987,Source: EW 361-364; EW 821-822.,,
11-130-216-1,elam1244,Elamite,1749,duma: AchE du-ma,Phonemic,take,hinz1987;grillot1987,Source: EW 356-357.,,
11-130-216-3,elam1244,Elamite,1749,du-ma-iš,Phonemic,take,hinz1987;grillot1987,Source: EW 356-357.,,
10-780-216-1,elam1244,Elamite,14,NE za-ap-pan,Phonemic,yoke,hinz1987;grillot1987,Source: EW 1271.,,
10-710-216-1,elam1244,Elamite,667,AchE ba[r-d]u,Phonemic,road,hinz1987;grillot1987,Sources: EW 147; EW 706.,,
10-710-216-3,elam1244,Elamite,667,ME hu-te(-e),Phonemic,road,hinz1987;grillot1987,Sources: EW 147; EW 706.,,
10-660-216-1,elam1244,Elamite,367,AchE te-li-nu-ip,Phonemic,ride,hinz1987;grillot1987,Source: EW 317.,,
10-630-216-1,elam1244,Elamite,1127,da-: AchE da-an-da,Phonemic,send,hinz1987;grillot1987,Sources: EW 252; EW 263.,,
10-630-216-3,elam1244,Elamite,1127,NE,Phonemic,send,hinz1987;grillot1987,Sources: EW 252; EW 263.,,
10-630-216-5,elam1244,Elamite,1127,AchE da-h,Phonemic,send,hinz1987;grillot1987,Sources: EW 252; EW 263.,,
10-620-216-1,elam1244,Elamite,692,tela-: ME,Phonemic,bring,hinz1987;grillot1987,Sources: EW 316-317. Also kuti-: AchE ku-ti-iš EW 546-547. See also 'carry' 10.610.,,
10-620-216-3,elam1244,Elamite,692,NE te-la-ak-ni,Phonemic,bring,hinz1987;grillot1987,Sources: EW 316-317. Also kuti-: AchE ku-ti-iš EW 546-547. See also 'carry' 10.610.,,
10-620-216-5,elam1244,Elamite,692,OE te-la-ni-li,Phonemic,bring,hinz1987;grillot1987,Sources: EW 316-317. Also kuti-: AchE ku-ti-iš EW 546-547. See also 'carry' 10.610.,,
10-610-216-1,elam1244,Elamite,700,kuti-: NE ku-ti-na,Phonemic,carry (bear),hinz1987;grillot1987,Source: EW 547. See 'bring' 10.620.,,
10-610-216-3,elam1244,Elamite,700,AchE ku-ti-šá,Phonemic,carry (bear),hinz1987;grillot1987,Source: EW 547. See 'bring' 10.620.,,
10-480-216-1,elam1244,Elamite,1446,izzi-: NE,Phonemic,come,hinz1987;grillot1987,"Source: EW 798; cf. uzzu- 'gehen'. Also NE, AchE ši-in-nu-qa; OE ši-ni-ra; ši(?)-ni-ki-en; ME ši-ni-ik EW 1168.",,
10-480-216-3,elam1244,Elamite,1446,AchE iz-zí-iš,Phonemic,come,hinz1987;grillot1987,"Source: EW 798; cf. uzzu- 'gehen'. Also NE, AchE ši-in-nu-qa; OE ši-ni-ra; ši(?)-ni-ki-en; ME ši-ni-ik EW 1168.",,
10-480-216-5,elam1244,Elamite,1446,šinni-/ u-: AchE ši-in-nu-ik,Phonemic,come,hinz1987;grillot1987,"Source: EW 798; cf. uzzu- 'gehen'. Also NE, AchE ši-in-nu-qa; OE ši-ni-ra; ši(?)-ni-ki-en; ME ši-ni-ik EW 1168.",,
10-480-216-7,elam1244,Elamite,1446,ši-in-nu,Phonemic,come,hinz1987;grillot1987,"Source: EW 798; cf. uzzu- 'gehen'. Also NE, AchE ši-in-nu-qa; OE ši-ni-ra; ši(?)-ni-ki-en; ME ši-ni-ik EW 1168.",,
10-450-216-1,elam1244,Elamite,1443,pari-,Phonemic,walk,hinz1987;grillot1987,"Cf. ME pa-ri-h 'ich ging, zog, verfolgte', source: EW 148. Source: EW 1258.",,
10-450-216-3,elam1244,Elamite,1443,uzzu-: ME uz-zu-un,Phonemic,walk,hinz1987;grillot1987,"Cf. ME pa-ri-h 'ich ging, zog, verfolgte', source: EW 148. Source: EW 1258.",,
10-450-216-5,elam1244,Elamite,1443,uz-zu-un-ta,Phonemic,walk,hinz1987;grillot1987,"Cf. ME pa-ri-h 'ich ging, zog, verfolgte', source: EW 148. Source: EW 1258.",,
10-252-216-1,elam1244,Elamite,702,mari-: NE ma-ri-h,Phonemic,catch (ball),hinz1987;grillot1987,Source: EW 881.,,
10-252-216-3,elam1244,Elamite,702,ME ma-ri-en-t(a),Phonemic,catch (ball),hinz1987;grillot1987,Source: EW 881.,,
9-890-216-1,elam1244,Elamite,2001,karsu-: AchE kar-su-iš-da,Phonemic,paint (vb),hinz1987;grillot1987,Source: EW 445-446.,,
9-890-216-3,elam1244,Elamite,2001,kar-su-qa,Phonemic,paint (vb),hinz1987;grillot1987,Source: EW 445-446.,,
9-771-216-1,elam1244,Elamite,292,ME za-ba-ar,Phonemic,rug,hinz1987;grillot1987,Source: EW 1272.,,
9-760-216-1,elam1244,Elamite,1539,ME še-ri-it,Phonemic,basket,hinz1987;grillot1987,Source: EW 1153.,,
9-730-216-1,elam1244,Elamite,1399,halat: OE,Phonemic,clay,hinz1987;grillot1987,Source: EW 594.,,
9-730-216-3,elam1244,Elamite,1399,AchE ha-la-at,Phonemic,clay,hinz1987;grillot1987,Source: EW 594.,,
9-690-216-1,elam1244,Elamite,358,[a-na-ku],Phonemic,"tin, tinplate",hinz1987;grillot1987,"< Akkadian anāku, EW 57. Also NE an-nu-kur-ir-na, EW 61.",,
9-680-216-1,elam1244,Elamite,627,NE ri-kur,Phonemic,lead (noun),hinz1987;grillot1987,Source: EW 1038.,,
9-670-216-1,elam1244,Elamite,621,NE har-gi,Phonemic,iron,hinz1987;grillot1987,"Source: EW 627, 630.",,
9-670-216-3,elam1244,Elamite,621,har-ki-an-na,Phonemic,iron,hinz1987;grillot1987,"Source: EW 627, 630.",,
9-660-216-1,elam1244,Elamite,1825,NE [e-ri-ni],Phonemic,"copper, bronze",hinz1987;grillot1987,"< Akkadian erû, source EW 401. EW 1058; EW 1071. Also zubar: OE, ME za-bar; NE za-bar-ru; ME zu-ba-ar, zu-bar; EW 1273; EW 1310. Also used in 'arrow' 20.250.",,
9-660-216-3,elam1244,Elamite,1825,NE sa-h,Phonemic,"copper, bronze",hinz1987;grillot1987,"< Akkadian erû, source EW 401. EW 1058; EW 1071. Also zubar: OE, ME za-bar; NE za-bar-ru; ME zu-ba-ar, zu-bar; EW 1273; EW 1310. Also used in 'arrow' 20.250.",,
9-660-216-5,elam1244,Elamite,1825,OE,Phonemic,"copper, bronze",hinz1987;grillot1987,"< Akkadian erû, source EW 401. EW 1058; EW 1071. Also zubar: OE, ME za-bar; NE za-bar-ru; ME zu-ba-ar, zu-bar; EW 1273; EW 1310. Also used in 'arrow' 20.250.",,
9-660-216-7,elam1244,Elamite,1825,ME sa-hi-i,Phonemic,"copper, bronze",hinz1987;grillot1987,"< Akkadian erû, source EW 401. EW 1058; EW 1071. Also zubar: OE, ME za-bar; NE za-bar-ru; ME zu-ba-ar, zu-bar; EW 1273; EW 1310. Also used in 'arrow' 20.250.",,
9-660-216-9,elam1244,Elamite,1825,NE si-hi-kak,Phonemic,"copper, bronze",hinz1987;grillot1987,"< Akkadian erû, source EW 401. EW 1058; EW 1071. Also zubar: OE, ME za-bar; NE za-bar-ru; ME zu-ba-ar, zu-bar; EW 1273; EW 1310. Also used in 'arrow' 20.250.",,
9-650-216-1,elam1244,Elamite,759,lani: OE la(?)-a-ni,Phonemic,silver,hinz1987;grillot1987,"Source: EW 802, 815.",,
9-640-216-1,elam1244,Elamite,1369,ME la-an-si-ti-e,Phonemic,gold,hinz1987;grillot1987,"Sources: EW 803; EW 501, 805.",,
9-640-216-3,elam1244,Elamite,1369,AchE la-áš-da,Phonemic,gold,hinz1987;grillot1987,"Sources: EW 803; EW 501, 805.",,
9-630-216-1,elam1244,Elamite,211,šari-: ME ša-ri-h,Phonemic,cast (metals),hinz1987;grillot1987,Source: EW 1137.,,
9-610-216-1,elam1244,Elamite,288,kassa/i-,Phonemic,forge,hinz1987;grillot1987,Sources: EW 409; EW 411.,,
9-610-216-3,elam1244,Elamite,288,kazza/i-: ME qa-as-si-it-ri,Phonemic,forge,hinz1987;grillot1987,Sources: EW 409; EW 411.,,
9-610-216-5,elam1244,Elamite,288,ME qa-az-za-ak,Phonemic,forge,hinz1987;grillot1987,Sources: EW 409; EW 411.,,
9-600-216-1,elam1244,Elamite,1001,NE kás-zí-ra,Phonemic,"smith, blacksmith",hinz1987;grillot1987,Source: EW 450.,,
9-500-216-1,elam1244,Elamite,502,s/zikti: ME si-ik-ti,Phonemic,nail,hinz1987;grillot1987,Sources: EW 1072; EW 1298.,,
9-500-216-3,elam1244,Elamite,502,NE zik-ti-ip,Phonemic,nail,hinz1987;grillot1987,Sources: EW 1072; EW 1298.,,
9-490-216-1,elam1244,Elamite,1481,NE sa-el,Phonemic,hammer,hinz1987;grillot1987,Source: EW 1057.,,
9-480-216-1,elam1244,Elamite,1948,AchE el-pi,Phonemic,saw,hinz1987;grillot1987,Source: EW 395.,,
9-460-216-1,elam1244,Elamite,1501,AchE du-li-ib-be,Phonemic,bore,hinz1987;grillot1987,Means 'Bohrer'; source: EW 356.,,
9-440-216-1,elam1244,Elamite,1840,kuši-: ME ku-ši-ha,Phonemic,build,hinz1987;grillot1987,Sources: EW 537-539.,,
9-440-216-3,elam1244,Elamite,1840,ku-si-iš,Phonemic,build,hinz1987;grillot1987,Sources: EW 537-539.,,
9-440-216-5,elam1244,Elamite,1840,ku-ši-ik,Phonemic,build,hinz1987;grillot1987,Sources: EW 537-539.,,
9-430-216-1,elam1244,Elamite,1042,NE be-la-ti-ra,Phonemic,carpenter,hinz1987;grillot1987,Sources: EW 184; EW 486.,,
9-430-216-3,elam1244,Elamite,1042,NE kiš-ki-ip-man-na,Phonemic,carpenter,hinz1987;grillot1987,Sources: EW 184; EW 486.,,
9-330-216-1,elam1244,Elamite,1455,sa-: ME,Phonemic,pull,hinz1987;grillot1987,Source: EW 1058.,,
9-330-216-3,elam1244,Elamite,1455,NE sa-h,Phonemic,pull,hinz1987;grillot1987,Source: EW 1058.,,
9-250-216-1,elam1244,Elamite,677,(h)ipiš: NE i-pi-iš,Phonemic,ax,hinz1987;grillot1987,"Source: EW 764, 668.",,
9-250-216-3,elam1244,Elamite,677,AchE hi-pi-is,Phonemic,ax,hinz1987;grillot1987,"Source: EW 764, 668.",,
9-220-216-1,elam1244,Elamite,1432,NE máš-áš,Phonemic,cut,hinz1987;grillot1987,Sources: EW 893; EW 1122.,,
9-220-216-3,elam1244,Elamite,1432,šahši-: NE šá-h-ši-qa,Phonemic,cut,hinz1987;grillot1987,Sources: EW 893; EW 1122.,,
9-210-216-1,elam1244,Elamite,2133,halpi-/u-: ME,Phonemic,"strike (hit, beat)",hinz1987;grillot1987,"Source: EW 607. Cf. 'die, dead' 04.750.",,
9-210-216-3,elam1244,Elamite,2133,NE hal-pu-h,Phonemic,"strike (hit, beat)",hinz1987;grillot1987,"Source: EW 607. Cf. 'die, dead' 04.750.",,
9-210-216-5,elam1244,Elamite,2133,AchE hal-pi-ya,Phonemic,"strike (hit, beat)",hinz1987;grillot1987,"Source: EW 607. Cf. 'die, dead' 04.750.",,
9-190-216-1,elam1244,Elamite,1218,NE,Phonemic,"rope, cord",hinz1987;grillot1987,Source: EW 1113.,,
9-190-216-3,elam1244,Elamite,1218,AchE šá-am,Phonemic,"rope, cord",hinz1987;grillot1987,Source: EW 1113.,,
9-160-216-1,elam1244,Elamite,1917,rabba-: ME ra-ab-ba-h,Phonemic,"tie, bind",hinz1987;grillot1987,Sources: EW 1018; EW 1022.,,
9-160-216-3,elam1244,Elamite,1917,AchE ráb-ba-qa,Phonemic,"tie, bind",hinz1987;grillot1987,Sources: EW 1018; EW 1022.,,
9-110-216-1,elam1244,Elamite,2575,hut(t)a-: AchE hu-ud-da,Phonemic,"do, make",hinz1987;grillot1987,"Sources: EW 708; EW 705; EW 705; EW 729, 732.",,
9-110-216-3,elam1244,Elamite,2575,OE,Phonemic,"do, make",hinz1987;grillot1987,"Sources: EW 708; EW 705; EW 705; EW 729, 732.",,
9-110-216-5,elam1244,Elamite,2575,AchE hu-taš,Phonemic,"do, make",hinz1987;grillot1987,"Sources: EW 708; EW 705; EW 705; EW 729, 732.",,
9-110-216-7,elam1244,Elamite,2575,OE hu-tan(?)-ki,Phonemic,"do, make",hinz1987;grillot1987,"Sources: EW 708; EW 705; EW 705; EW 729, 732.",,
9-110-216-9,elam1244,Elamite,2575,ME,Phonemic,"do, make",hinz1987;grillot1987,"Sources: EW 708; EW 705; EW 705; EW 729, 732.",,
9-110-216-11,elam1244,Elamite,2575,NE hu-ut-táh,Phonemic,"do, make",hinz1987;grillot1987,"Sources: EW 708; EW 705; EW 705; EW 729, 732.",,
9-110-216-13,elam1244,Elamite,2575,OE hu-ut-te-eš,Phonemic,"do, make",hinz1987;grillot1987,"Sources: EW 708; EW 705; EW 705; EW 729, 732.",,
8-760-216-1,elam1244,Elamite,345,AchE in-na-in,Phonemic,sap,hinz1987;grillot1987,"Sources: EW 758; EW 963; EW 921, 941.",,
8-760-216-3,elam1244,Elamite,345,OE mu-ul-li,Phonemic,sap,hinz1987;grillot1987,"Sources: EW 758; EW 963; EW 921, 941.",,
8-760-216-5,elam1244,Elamite,345,NE mi-el,Phonemic,sap,hinz1987;grillot1987,"Sources: EW 758; EW 963; EW 921, 941.",,
8-760-216-7,elam1244,Elamite,345,AchE mi-ul,Phonemic,sap,hinz1987;grillot1987,"Sources: EW 758; EW 963; EW 921, 941.",,
8-570-216-1,elam1244,Elamite,239,ME mi-ik-ki-ma,Phonemic,flower,hinz1987;grillot1987,Source: EW 921.,,
8-430-216-1,elam1244,Elamite,1077,ME,Phonemic,wheat,hinz1987;grillot1987,Source: EW 1165.,,
8-430-216-3,elam1244,Elamite,1077,AchE ši-man,Phonemic,wheat,hinz1987;grillot1987,Source: EW 1165.,,
8-440-216-1,elam1244,Elamite,932,kur-ru-sa(-am/-an),Phonemic,barley,hinz1987;grillot1987,"< Median *xvarða- and kur-ru-šá < Old Persian *xvarša-, originally 'Speise', EW 533. EW 1004.",,
8-440-216-3,elam1244,Elamite,932,ME,Phonemic,barley,hinz1987;grillot1987,"< Median *xvarða- and kur-ru-šá < Old Persian *xvarša-, originally 'Speise', EW 533. EW 1004.",,
8-440-216-5,elam1244,Elamite,932,NE nu,Phonemic,barley,hinz1987;grillot1987,"< Median *xvarða- and kur-ru-šá < Old Persian *xvarša-, originally 'Speise', EW 533. EW 1004.",,
8-420-216-1,elam1244,Elamite,605,tarmi/u: AchE tar-mi,Phonemic,"grain (barley, oats etc)",hinz1987;grillot1987,Sources: EW 292; EW 955.,,
8-420-216-3,elam1244,Elamite,605,tar-mu,Phonemic,"grain (barley, oats etc)",hinz1987;grillot1987,Sources: EW 292; EW 955.,,
8-420-216-5,elam1244,Elamite,605,ME mu-ša-al(?)-lu,Phonemic,"grain (barley, oats etc)",hinz1987;grillot1987,Sources: EW 292; EW 955.,,
8-410-216-1,elam1244,Elamite,611,NE hal-te-me,Phonemic,"crop, harvest",hinz1987;grillot1987,"Respectively: 'Boden-Segen' EW 610; 'Getreidestand, Kornernte' EW 1178.",,
8-410-216-3,elam1244,Elamite,611,AchE šu-lu-um,Phonemic,"crop, harvest",hinz1987;grillot1987,"Respectively: 'Boden-Segen' EW 610; 'Getreidestand, Kornernte' EW 1178.",,
8-311-216-1,elam1244,Elamite,714,par: ME pa-ar,Phonemic,seed,hinz1987;grillot1987,Source: EW 109.,,
8-250-216-1,elam1244,Elamite,284,AchE at-ti,Phonemic,hoe,hinz1987;grillot1987,Source: EW 99.,,
8-240-216-1,elam1244,Elamite,1901,atti: AchE at-ti,Phonemic,shovel,hinz1987;grillot1987,Sources: EW 99; EW 1190.,,
8-240-216-3,elam1244,Elamite,1901,šullu: AchE šu-ul-lu,Phonemic,shovel,hinz1987;grillot1987,Sources: EW 99; EW 1190.,,
8-210-216-1,elam1244,Elamite,1921,āpi-: OE a-a-pi-h,Phonemic,plow,hinz1987;grillot1987,Source: EW 15.,,
8-130-216-1,elam1244,Elamite,586,NE ya-ad-da,Phonemic,garden,hinz1987;grillot1987,Source: EW 1261.,,
8-120-216-1,elam1244,Elamite,212,NE hal-la,Phonemic,field (for cultivation),hinz1987;grillot1987,Source: EW 600.,,
7-620-216-1,elam1244,Elamite,1006,ME,Phonemic,brick,hinz1987;grillot1987,Sources: EW 399-400; EW 1246; EW 724; EW 1240.,,
7-620-216-3,elam1244,Elamite,1006,NE e-ri-en-tum,Phonemic,brick,hinz1987;grillot1987,Sources: EW 399-400; EW 1246; EW 724; EW 1240.,,
7-620-216-5,elam1244,Elamite,1006,ME ú-ri-en-tu,Phonemic,brick,hinz1987;grillot1987,Sources: EW 399-400; EW 1246; EW 724; EW 1240.,,
7-620-216-7,elam1244,Elamite,1006,ME hu-us-si-ip,Phonemic,brick,hinz1987;grillot1987,Sources: EW 399-400; EW 1246; EW 724; EW 1240.,,
7-620-216-9,elam1244,Elamite,1006,ME ú-pa-at,Phonemic,brick,hinz1987;grillot1987,Sources: EW 399-400; EW 1246; EW 724; EW 1240.,,
7-570-216-1,elam1244,Elamite,1227,NE šil-tur,Phonemic,board,hinz1987;grillot1987,Source: EW 1165.,,
7-560-216-1,elam1244,Elamite,281,šali: OE,Phonemic,"post, pole",hinz1987;grillot1987,Source: EW 1127.,,
7-560-216-3,elam1244,Elamite,281,ME ša-li,Phonemic,"post, pole",hinz1987;grillot1987,Source: EW 1127.,,
7-550-216-1,elam1244,Elamite,1132,ME te-ti(-in),Phonemic,beam,hinz1987;grillot1987,Source: EW 320.,,
7-510-216-1,elam1244,Elamite,769,a-ri,Phonemic,roof,hinz1987;grillot1987,Sources: EW 83; EW 553; EW 915.,,
7-510-216-3,elam1244,Elamite,769,ME,Phonemic,roof,hinz1987;grillot1987,Sources: EW 83; EW 553; EW 915.,,
7-510-216-5,elam1244,Elamite,769,NE ku-uk,Phonemic,roof,hinz1987;grillot1987,Sources: EW 83; EW 553; EW 915.,,
7-510-216-7,elam1244,Elamite,769,NE me-nu-me,Phonemic,roof,hinz1987;grillot1987,Sources: EW 83; EW 553; EW 915.,,
7-450-216-1,elam1244,Elamite,2131,hun: ME hu-ni-ir,Phonemic,"lamp, torch",hinz1987;grillot1987,Sources: EW 697; EW 720. See 'light' 01.610.,,
7-450-216-3,elam1244,Elamite,2131,hu-un-pu,Phonemic,"lamp, torch",hinz1987;grillot1987,Sources: EW 697; EW 720. See 'light' 01.610.,,
7-422-216-1,elam1244,Elamite,806,NE gi-ut-máš-te,Phonemic,blanket,hinz1987;grillot1987,Source: EW 494.,,
7-422-216-3,elam1244,Elamite,806,gi-ut-máš-ti,Phonemic,blanket,hinz1987;grillot1987,Source: EW 494.,,
7-320-216-1,elam1244,Elamite,859,ME ku-ra-am-ma,Phonemic,stove,hinz1987;grillot1987,Source: EW 518-519.,,
7-320-216-3,elam1244,Elamite,859,ku-ra-na,Phonemic,stove,hinz1987;grillot1987,Source: EW 518-519.,,
7-270-216-1,elam1244,Elamite,933,ME te-ip-ta,Phonemic,wall,hinz1987;grillot1987,Sources: EW 312; EW 688.,,
7-270-216-3,elam1244,Elamite,933,ME hu-hu-un,Phonemic,wall,hinz1987;grillot1987,Sources: EW 312; EW 688.,,
7-250-216-1,elam1244,Elamite,1375,NE ku-un-nir,Phonemic,window,hinz1987;grillot1987,Source: EW 564.,,
7-221-216-1,elam1244,Elamite,80,ME hal-ti,Phonemic,"doorpost, jamb",hinz1987;grillot1987,"Source: EW 610, 576.",,
7-221-216-3,elam1244,Elamite,80,ha-al-te-te,Phonemic,"doorpost, jamb",hinz1987;grillot1987,"Source: EW 610, 576.",,
7-220-216-1,elam1244,Elamite,1567,ME,Phonemic,"door, gate",hinz1987;grillot1987,"Sources: EW 683; EW 657; EW 393, 391; EW 403; EW 1201; EW 840. Also s/zip: ME, NE si-ip, EW 1075; AchE zí-ip, EW 1291; NE zip, EW 1302.",,
7-220-216-3,elam1244,Elamite,1567,NE,Phonemic,"door, gate",hinz1987;grillot1987,"Sources: EW 683; EW 657; EW 393, 391; EW 403; EW 1201; EW 840. Also s/zip: ME, NE si-ip, EW 1075; AchE zí-ip, EW 1291; NE zip, EW 1302.",,
7-220-216-5,elam1244,Elamite,1567,AchE hu-el,Phonemic,"door, gate",hinz1987;grillot1987,"Sources: EW 683; EW 657; EW 393, 391; EW 403; EW 1201; EW 840. Also s/zip: ME, NE si-ip, EW 1075; AchE zí-ip, EW 1291; NE zip, EW 1302.",,
7-220-216-7,elam1244,Elamite,1567,ME,Phonemic,"door, gate",hinz1987;grillot1987,"Sources: EW 683; EW 657; EW 393, 391; EW 403; EW 1201; EW 840. Also s/zip: ME, NE si-ip, EW 1075; AchE zí-ip, EW 1291; NE zip, EW 1302.",,
7-220-216-9,elam1244,Elamite,1567,NE hi-el,Phonemic,"door, gate",hinz1987;grillot1987,"Sources: EW 683; EW 657; EW 393, 391; EW 403; EW 1201; EW 840. Also s/zip: ME, NE si-ip, EW 1075; AchE zí-ip, EW 1291; NE zip, EW 1302.",,
7-220-216-11,elam1244,Elamite,1567,ME el,Phonemic,"door, gate",hinz1987;grillot1987,"Sources: EW 683; EW 657; EW 393, 391; EW 403; EW 1201; EW 840. Also s/zip: ME, NE si-ip, EW 1075; AchE zí-ip, EW 1291; NE zip, EW 1302.",,
7-220-216-13,elam1244,Elamite,1567,AchE e-el,Phonemic,"door, gate",hinz1987;grillot1987,"Sources: EW 683; EW 657; EW 393, 391; EW 403; EW 1201; EW 840. Also s/zip: ME, NE si-ip, EW 1075; AchE zí-ip, EW 1291; NE zip, EW 1302.",,
7-220-216-15,elam1244,Elamite,1567,AchE e-ul,Phonemic,"door, gate",hinz1987;grillot1987,"Sources: EW 683; EW 657; EW 393, 391; EW 403; EW 1201; EW 840. Also s/zip: ME, NE si-ip, EW 1075; AchE zí-ip, EW 1291; NE zip, EW 1302.",,
7-220-216-17,elam1244,Elamite,1567,NE ú-el,Phonemic,"door, gate",hinz1987;grillot1987,"Sources: EW 683; EW 657; EW 393, 391; EW 403; EW 1201; EW 840. Also s/zip: ME, NE si-ip, EW 1075; AchE zí-ip, EW 1291; NE zip, EW 1302.",,
7-220-216-19,elam1244,Elamite,1567,ME lu-gu-ú,Phonemic,"door, gate",hinz1987;grillot1987,"Sources: EW 683; EW 657; EW 393, 391; EW 403; EW 1201; EW 840. Also s/zip: ME, NE si-ip, EW 1075; AchE zí-ip, EW 1291; NE zip, EW 1302.",,
7-150-216-1,elam1244,Elamite,736,ME tu-uš,Phonemic,"yard, court",hinz1987;grillot1987,Source: EW 387; EW 1217.,,
7-150-216-3,elam1244,Elamite,736,ulhi: NE ul-hi,Phonemic,"yard, court",hinz1987;grillot1987,Source: EW 387; EW 1217.,,
7-150-216-5,elam1244,Elamite,736,AchE ul-hi,Phonemic,"yard, court",hinz1987;grillot1987,Source: EW 387; EW 1217.,,
7-120-216-1,elam1244,Elamite,1252,NE a-a-in,Phonemic,house,hinz1987;grillot1987,"Sources: EW 13, 34, 573; EW 14. See 'relatives, kinsmen' 02.810.",,
7-120-216-3,elam1244,Elamite,1252,a-hi-in,Phonemic,house,hinz1987;grillot1987,"Sources: EW 13, 34, 573; EW 14. See 'relatives, kinsmen' 02.810.",,
7-120-216-5,elam1244,Elamite,1252,ha-a-in,Phonemic,house,hinz1987;grillot1987,"Sources: EW 13, 34, 573; EW 14. See 'relatives, kinsmen' 02.810.",,
7-120-216-7,elam1244,Elamite,1252,ME a-i-in,Phonemic,house,hinz1987;grillot1987,"Sources: EW 13, 34, 573; EW 14. See 'relatives, kinsmen' 02.810.",,
7-120-216-9,elam1244,Elamite,1252,a-a-ni,Phonemic,house,hinz1987;grillot1987,"Sources: EW 13, 34, 573; EW 14. See 'relatives, kinsmen' 02.810.",,
6-960-216-1,elam1244,Elamite,1171,ME šu-(ú-)ha,Phonemic,mirror,hinz1987;grillot1987,"Source: EW 1175, 1176.",,
6-960-216-3,elam1244,Elamite,1171,OE šu-ha.zi-la,Phonemic,mirror,hinz1987;grillot1987,"Source: EW 1175, 1176.",,
6-940-216-1,elam1244,Elamite,1926,hasu: NE,Phonemic,ointment,hinz1987;grillot1987,Sources: EW 640; EW 923.,,
6-940-216-3,elam1244,Elamite,1926,AchE ha-su-ip,Phonemic,ointment,hinz1987;grillot1987,Sources: EW 640; EW 923.,,
6-940-216-5,elam1244,Elamite,1926,ME mi-ir-ri-h,Phonemic,ointment,hinz1987;grillot1987,Sources: EW 640; EW 923.,,
6-910-216-1,elam1244,Elamite,1475,ME ah-hu-um,Phonemic,comb,hinz1987;grillot1987,Source: EW 33.,,
6-910-216-3,elam1244,Elamite,1475,NE a-h-hu-im,Phonemic,comb,hinz1987;grillot1987,Source: EW 33.,,
6-730-216-1,elam1244,Elamite,1374,NE šà-mi,Phonemic,ring (for finger),hinz1987;grillot1987,"Sources: EW 623, 1130; EW 1083.",,
6-730-216-3,elam1244,Elamite,1374,ME si-mi-it-tum,Phonemic,ring (for finger),hinz1987;grillot1987,"Sources: EW 623, 1130; EW 1083.",,
6-710-216-1,elam1244,Elamite,917,ME qa-ar-ra-h,Phonemic,"ornament, adornment",hinz1987;grillot1987,Source: EW 409.,,
6-710-216-3,elam1244,Elamite,917,qa-ar-ra-ha,Phonemic,"ornament, adornment",hinz1987;grillot1987,Source: EW 409.,,
6-580-216-1,elam1244,Elamite,867,NE kur-ip,Phonemic,glove,hinz1987;grillot1987,"Source: EW 523, means 'Handschuh'.",,
6-550-216-1,elam1244,Elamite,2130,NE uk-ku.ba-ti,Phonemic,"hat, cap",hinz1987;grillot1987,Source: EW 1211. See 'Kopf' 04.200.,,
6-510-216-1,elam1244,Elamite,1381,NE ha-šá-ir,Phonemic,shoe,hinz1987;grillot1987,Source: EW 641.,,
6-430-216-1,elam1244,Elamite,603,NE hu-el-ip,Phonemic,coat,hinz1987;grillot1987,Source: EW 684.,,
6-410-216-1,elam1244,Elamite,326,NE uk-ku-(h-)la-ki,Phonemic,cloak,hinz1987;grillot1987,Source: EW 1211.,,
6-330-216-1,elam1244,Elamite,133,kurza-: NE kur-za-iš,Phonemic,weave,hinz1987;grillot1987,Source: EW 537.,,
6-330-216-3,elam1244,Elamite,133,kur-za-qa,Phonemic,weave,hinz1987;grillot1987,Source: EW 537.,,
6-290-216-1,elam1244,Elamite,629,NE šá-ir-šá-at-ti,Phonemic,leather,hinz1987;grillot1987,Means 'Büffelfell' EW 1123.,,
6-270-216-1,elam1244,Elamite,325,NE da-bar-ri-um,Phonemic,felt,hinz1987;grillot1987,Source EW 260. Cf. Akkadian tabarru 'Wolle'.,,
6-240-216-1,elam1244,Elamite,1850,NE qa-li-tam,Phonemic,cotton,hinz1987;grillot1987,Source: EW 421.,,
6-230-216-1,elam1244,Elamite,916,zali: AchE za-li,Phonemic,"linen, flax",hinz1987;grillot1987,Source: EW 1279.,,
6-220-216-1,elam1244,Elamite,964,NE tuk-ki-me,Phonemic,wool,hinz1987;grillot1987,"Sources: Ew 353, 354; EW 754.",,
6-220-216-3,elam1244,Elamite,964,tuk-na,Phonemic,wool,hinz1987;grillot1987,"Sources: Ew 353, 354; EW 754.",,
6-220-216-5,elam1244,Elamite,964,NE im-na,Phonemic,wool,hinz1987;grillot1987,"Sources: Ew 353, 354; EW 754.",,
6-210-216-1,elam1244,Elamite,1616,NE tam-ši-um,Phonemic,cloth,hinz1987;grillot1987,Sources: EW 280; EW 750.,,
6-210-216-3,elam1244,Elamite,1616,AchE ik-tin,Phonemic,cloth,hinz1987;grillot1987,Sources: EW 280; EW 750.,,
6-130-216-1,elam1244,Elamite,881,NE šá-h-ši-ik-ra,Phonemic,tailor,hinz1987;grillot1987,Source: EW 1121.,,
5-940-216-1,elam1244,Elamite,404,AchE an-na-in,Phonemic,fermented drink,hinz1987;grillot1987,Source: EW 60.,,
5-880-216-1,elam1244,Elamite,1569,NE,Phonemic,cheese,hinz1987;grillot1987,Source: EW 104.,,
5-880-216-3,elam1244,Elamite,1569,AchE pa,Phonemic,cheese,hinz1987;grillot1987,Source: EW 104.,,
5-860-216-1,elam1244,Elamite,635,AchE sir-na,Phonemic,milk (noun),hinz1987;grillot1987,Source: EW 1091.,,
5-840-216-1,elam1244,Elamite,942,AchE hal (?)-la (?)-ki,Phonemic,honey,hinz1987;grillot1987,Source: EW 600.,,
5-810-216-1,elam1244,Elamite,1274,anzi: AchE an-zí,Phonemic,salt,hinz1987;grillot1987,Source: EW 68.,,
5-791-216-1,elam1244,Elamite,323,abba: OE ab-ba,Phonemic,"grease, fat",hinz1987;grillot1987,Source: EW 18.,,
5-790-216-1,elam1244,Elamite,1484,appi: AchE ap-pi,Phonemic,oil,hinz1987;grillot1987,Source: EW 73.,,
5-760-216-1,elam1244,Elamite,920,AchE šá-ap-pan-na,Phonemic,grape,hinz1987;grillot1987,"Source: EW 1115, 1132.",,
5-760-216-3,elam1244,Elamite,920,šap(-pi),Phonemic,grape,hinz1987;grillot1987,"Source: EW 1115, 1132.",,
5-750-216-1,elam1244,Elamite,322,AchE pi-ut-(-ti),Phonemic,fig,hinz1987;grillot1987,Source: EW 227.,,
5-710-216-1,elam1244,Elamite,1507,hurpi: ME hu-ur-pi,Phonemic,fruit,hinz1987;grillot1987,Sources: EW 723; EW 1288.,,
5-710-216-3,elam1244,Elamite,1507,AchE zib-ba,Phonemic,fruit,hinz1987;grillot1987,Sources: EW 723; EW 1288.,,
5-550-216-1,elam1244,Elamite,1594,NE e-ul,Phonemic,"meal, flour",hinz1987;grillot1987,Sources: EW 403; EW 1223.,,
5-550-216-3,elam1244,Elamite,1594,AchE u-ma-ma,Phonemic,"meal, flour",hinz1987;grillot1987,Sources: EW 403; EW 1223.,,
5-510-216-1,elam1244,Elamite,1368,ME ši-ip-ru-um,Phonemic,bread,hinz1987;grillot1987,Source: EW 1159.,,
5-510-216-3,elam1244,Elamite,1368,AchE ši-ip-ri-um,Phonemic,bread,hinz1987;grillot1987,Source: EW 1159.,,
5-380-216-1,elam1244,Elamite,1352,ME du-šu-um-ya,Phonemic,knife (2),hinz1987;grillot1987,Source: EW 377.,,
5-380-216-3,elam1244,Elamite,1352,NE du-ši-um,Phonemic,knife (2),hinz1987;grillot1987,Source: EW 377.,,
5-380-216-5,elam1244,Elamite,1352,du-ši-um-ir-ra,Phonemic,knife (2),hinz1987;grillot1987,Source: EW 377.,,
5-370-216-1,elam1244,Elamite,1378,NE ki-mal-tam,Phonemic,spoon,hinz1987;grillot1987,Source: EW 475.,,
5-340-216-1,elam1244,Elamite,270,piti: NE pi-ti,Phonemic,"pitcher, jug",hinz1987;grillot1987,Source: EW 224.,,
5-230-216-1,elam1244,Elamite,2146,kura-: ME ku-ra-at,Phonemic,"roast, fry",hinz1987;grillot1987,Source: EW 518.,,
5-230-216-3,elam1244,Elamite,2146,OE,Phonemic,"roast, fry",hinz1987;grillot1987,Source: EW 518.,,
5-230-216-5,elam1244,Elamite,2146,ME ku-ra-ak,Phonemic,"roast, fry",hinz1987;grillot1987,Source: EW 518.,,
5-120-216-1,elam1244,Elamite,256,AchE ab-be-be,Phonemic,food,hinz1987;grillot1987,Source: EW 22.,,
4-880-216-1,elam1244,Elamite,1372,AchE qa(?)-pu(?)-ur,Phonemic,"medicine, drug",hinz1987;grillot1987,Source: EW 437.,,
4-860-216-1,elam1244,Elamite,499,ME si-it-ti,Phonemic,"cure, heal",hinz1987;grillot1987,Source: EW 1079.,,
4-860-216-3,elam1244,Elamite,499,si-it-me,Phonemic,"cure, heal",hinz1987;grillot1987,Source: EW 1079.,,
4-852-216-1,elam1244,Elamite,1148,AchE ha-pi,Phonemic,bruise,hinz1987;grillot1987,Source: EW 619.,,
4-820-216-1,elam1244,Elamite,1601,AchE iš-tuk-ra,Phonemic,weak,hinz1987;grillot1987,Source: EW 793.,,
4-810-216-1,elam1244,Elamite,785,AchE ib-ba(?)-ak,Phonemic,"strong, mighty, powerful",hinz1987;grillot1987,Sources: EW 738; EW 1162; EW 1156-1157.,,
4-810-216-3,elam1244,Elamite,785,šilha-: NE šil-ha-h,Phonemic,"strong, mighty, powerful",hinz1987;grillot1987,Sources: EW 738; EW 1162; EW 1156-1157.,,
4-810-216-5,elam1244,Elamite,785,OE ši-il-ha-ak,Phonemic,"strong, mighty, powerful",hinz1987;grillot1987,Sources: EW 738; EW 1162; EW 1156-1157.,,
4-810-216-7,elam1244,Elamite,785,OE ši-il(?)-me,Phonemic,"strong, mighty, powerful",hinz1987;grillot1987,Sources: EW 738; EW 1162; EW 1156-1157.,,
4-750-216-1,elam1244,Elamite,1494,halpi-: NE,Phonemic,"die, dead",hinz1987;grillot1987,Sources: EW 605; EW 808.,,
4-750-216-3,elam1244,Elamite,1494,AchE hal-pi-ik,Phonemic,"die, dead",hinz1987;grillot1987,Sources: EW 605; EW 808.,,
4-750-216-5,elam1244,Elamite,1494,AchE hal-pi-ip,Phonemic,"die, dead",hinz1987;grillot1987,Sources: EW 605; EW 808.,,
4-750-216-7,elam1244,Elamite,1494,NE la-ha-an,Phonemic,"die, dead",hinz1987;grillot1987,Sources: EW 605; EW 808.,,
4-740-216-1,elam1244,Elamite,1422,OE,Phonemic,"live, living, life",hinz1987;grillot1987,"Sources: EW 250, 249. Also kata-: AchE qa-da-qa, qa-taš EW 414, 453.",,
4-740-216-3,elam1244,Elamite,1422,ME ta-ak-me,Phonemic,"live, living, life",hinz1987;grillot1987,"Sources: EW 250, 249. Also kata-: AchE qa-da-qa, qa-taš EW 414, 453.",,
4-740-216-5,elam1244,Elamite,1422,ME,Phonemic,"live, living, life",hinz1987;grillot1987,"Sources: EW 250, 249. Also kata-: AchE qa-da-qa, qa-taš EW 414, 453.",,
4-740-216-7,elam1244,Elamite,1422,NE da-ak-ki-me,Phonemic,"live, living, life",hinz1987;grillot1987,"Sources: EW 250, 249. Also kata-: AchE qa-da-qa, qa-taš EW 414, 453.",,
4-740-216-9,elam1244,Elamite,1422,ME ta-ak-ki-me,Phonemic,"live, living, life",hinz1987;grillot1987,"Sources: EW 250, 249. Also kata-: AchE qa-da-qa, qa-taš EW 414, 453.",,
4-732-216-1,elam1244,Elamite,1087,du-: OE,Phonemic,conceive,hinz1987;grillot1987,"Sources: EW 346, 350; EW 351.",,
4-732-216-3,elam1244,Elamite,1087,ME,Phonemic,conceive,hinz1987;grillot1987,"Sources: EW 346, 350; EW 351.",,
4-732-216-5,elam1244,Elamite,1087,NE du-h,Phonemic,conceive,hinz1987;grillot1987,"Sources: EW 346, 350; EW 351.",,
4-732-216-7,elam1244,Elamite,1087,NE,Phonemic,conceive,hinz1987;grillot1987,"Sources: EW 346, 350; EW 351.",,
4-732-216-9,elam1244,Elamite,1087,AchE du-iš,Phonemic,conceive,hinz1987;grillot1987,"Sources: EW 346, 350; EW 351.",,
4-732-216-11,elam1244,Elamite,1087,OE duk,Phonemic,conceive,hinz1987;grillot1987,"Sources: EW 346, 350; EW 351.",,
4-720-216-1,elam1244,Elamite,1090,kuši-: ME ku-ši-in,Phonemic,born (to be),hinz1987;grillot1987,Source: EW 541; cf. 'bauen'.,,
4-720-216-3,elam1244,Elamite,1090,AchE ku-ši-iš,Phonemic,born (to be),hinz1987;grillot1987,Source: EW 541; cf. 'bauen'.,,
4-490-216-1,elam1244,Elamite,797,ruku: NE ru-ku,Phonemic,testicle,hinz1987;grillot1987,Source: EW 1047.,,
4-450-216-1,elam1244,Elamite,1224,NE ru-el-pa-mín,Phonemic,liver,hinz1987;grillot1987,Source: EW 1043.,,
4-440-216-1,elam1244,Elamite,1223,buni: OE (?),Phonemic,heart,hinz1987;grillot1987,Source: EW 234.,,
4-440-216-3,elam1244,Elamite,1223,ME bu-ni,Phonemic,heart,hinz1987;grillot1987,Source: EW 234.,,
4-393-216-1,elam1244,Elamite,1201,putmaš: NE pu-ut-ma-áš,Phonemic,feather,hinz1987;grillot1987,Source: EW 243.,,
4-370-216-1,elam1244,Elamite,1301,pat: ME,Phonemic,foot,hinz1987;grillot1987,Source: EW 111.,,
4-370-216-3,elam1244,Elamite,1301,NE ba-at,Phonemic,foot,hinz1987;grillot1987,Source: EW 111.,,
4-370-216-5,elam1244,Elamite,1301,ME pa-at,Phonemic,foot,hinz1987;grillot1987,Source: EW 111.,,
4-344-216-1,elam1244,Elamite,1258,pur: NE pu-ur,Phonemic,fingernail,hinz1987;grillot1987,Source: EW 241.,,
4-330-216-1,elam1244,Elamite,1277,kir-/ kur-: ME ki-ir-pi,Phonemic,hand,hinz1987;grillot1987,"Source: EW 469, 529.",,
4-330-216-3,elam1244,Elamite,1277,AchE kur-pi,Phonemic,hand,hinz1987;grillot1987,"Source: EW 469, 529.",,
4-280-216-1,elam1244,Elamite,1333,NE ti-pi (?),Phonemic,neck,hinz1987;grillot1987,Source: EW 333.,,
4-270-216-1,elam1244,Elamite,1380,sihha[n]: ME si-h-ha,Phonemic,tooth,hinz1987;grillot1987,"Source: EW 1070-1071. Also OE Si-h-ha-an, proper name.",,
4-260-216-1,elam1244,Elamite,1205,tit(-me): AchE ti-ut(-me),Phonemic,tongue,hinz1987;grillot1987,Source: EW 342.,,
4-230-216-1,elam1244,Elamite,1221,AchE ši-um-me = šim.e,Phonemic,nose,hinz1987;grillot1987,Source: EW 1171.,,
4-220-216-1,elam1244,Elamite,1247,siri: NE,Phonemic,ear,hinz1987;grillot1987,Source: EW 1089.,,
4-220-216-3,elam1244,Elamite,1247,AchE si-ri,Phonemic,ear,hinz1987;grillot1987,Source: EW 1089.,,
4-210-216-1,elam1244,Elamite,1248,el(t): ME el-ti,Phonemic,eye,hinz1987;grillot1987,Sources: EW 396; 393.,,
4-210-216-3,elam1244,Elamite,1248,NE,Phonemic,eye,hinz1987;grillot1987,Sources: EW 396; 393.,,
4-210-216-5,elam1244,Elamite,1248,AchE el,Phonemic,eye,hinz1987;grillot1987,Sources: EW 396; 393.,,
4-200-216-1,elam1244,Elamite,1256,ukku: ME uk-ku,Phonemic,head,hinz1987;grillot1987,Source: EW 1209-1210.,,
4-200-216-3,elam1244,Elamite,1256,NE,Phonemic,head,hinz1987;grillot1987,Source: EW 1209-1210.,,
4-200-216-5,elam1244,Elamite,1256,AchE uk-gi = ukku.e,Phonemic,head,hinz1987;grillot1987,Source: EW 1209-1210.,,
4-170-216-1,elam1244,Elamite,1393,kassu: ME,Phonemic,horn,hinz1987;grillot1987,Sources: EW 409; EW 449. OE proper name Ga-az-zu EW 411.,,
4-170-216-3,elam1244,Elamite,1393,NE qa-as-su,Phonemic,horn,hinz1987;grillot1987,Sources: EW 409; EW 449. OE proper name Ga-az-zu EW 411.,,
4-170-216-5,elam1244,Elamite,1393,NE kás-su,Phonemic,horn,hinz1987;grillot1987,Sources: EW 409; EW 449. OE proper name Ga-az-zu EW 411.,,
4-150-216-1,elam1244,Elamite,946,san: NE sa-an,Phonemic,blood,hinz1987;grillot1987,Source: EW 1053.,,
4-140-216-1,elam1244,Elamite,1040,*ku-na,Phonemic,hair (head),hinz1987;grillot1987,Sources: EW 513; EW 1147.,,
4-140-216-3,elam1244,Elamite,1040,NE še-e,Phonemic,hair (head),hinz1987;grillot1987,Sources: EW 513; EW 1147.,,
4-130-216-1,elam1244,Elamite,2259,NE i-iš-ti,Phonemic,flesh,hinz1987;grillot1987,Source: EW 746.,,
4-120-216-1,elam1244,Elamite,763,NE ha-te-en,Phonemic,"skin, hide",hinz1987;grillot1987,Source: EW 646.,,
3-850-216-1,elam1244,Elamite,730,šin: OE ši-in-pi,Phonemic,snake,hinz1987;grillot1987,Source EW 1158 (plural form); EW 1165.,,
3-850-216-3,elam1244,Elamite,730,OE šim-bi,Phonemic,snake,hinz1987;grillot1987,Source EW 1158 (plural form); EW 1165.,,
3-840-216-1,elam1244,Elamite,1219,ME za-na-bu-na,Phonemic,worm,hinz1987;grillot1987,Source: EW 1282.,,
3-815-216-1,elam1244,Elamite,1538,lahi: NE la-hi (?),Phonemic,scorpion,hinz1987;grillot1987,Source: EW 809.,,
3-780-216-1,elam1244,Elamite,1871,zibbaru: AchE zib-ba-ru,Phonemic,camel,hinz1987;grillot1987,Source: EW 1288.,,
3-710-216-1,elam1244,Elamite,522,duma: AchE du-ma,Phonemic,wolf,hinz1987;grillot1987,Source: EW 356.,,
3-610-216-1,elam1244,Elamite,2009,AchE hal-ki-ni,Phonemic,dog,hinz1987;grillot1987,Means 'Welpen' (EW 599).,,
3-592-216-1,elam1244,Elamite,882,AchE qa-iš-ba-h,Phonemic,parrot,hinz1987;grillot1987,Source: EW 418.,,
3-584-216-1,elam1244,Elamite,1905,OE ba-zi-zi,Phonemic,eagle,hinz1987;grillot1987,Sources: EW 177; 127.,,
3-584-216-3,elam1244,Elamite,1905,NE ba-iz-zí-zí,Phonemic,eagle,hinz1987;grillot1987,Sources: EW 177; 127.,,
3-581-216-1,elam1244,Elamite,937,AchE ti-ut,Phonemic,bird,hinz1987;grillot1987,Source: EW 342.,,
3-580-216-1,elam1244,Elamite,539,ME hu-pi-e,Phonemic,nest,hinz1987;grillot1987,"Source: EW 699, later meant 'Heimstatt'.",,
3-570-216-1,elam1244,Elamite,1360,AchE šu-da-ba(-h),Phonemic,duck,hinz1987;grillot1987,Source: EW 1173-1174.,,
3-560-216-1,elam1244,Elamite,1187,AchE hi-pu-ur,Phonemic,goose,hinz1987;grillot1987,"Source: EW 668, 765.",,
3-560-216-3,elam1244,Elamite,1187,ip-pu-ur,Phonemic,goose,hinz1987;grillot1987,"Source: EW 668, 765.",,
3-540-216-1,elam1244,Elamite,1514,rum: ME ru-um,Phonemic,hen,hinz1987;grillot1987,Source: EW 1049.,,
3-470-216-1,elam1244,Elamite,890,paha: AchE pa-ha,Phonemic,mule,hinz1987;grillot1987,Source: EW 119.,,
3-500-216-1,elam1244,Elamite,265,zamama: AchE za-ma-ma,Phonemic,fowl,hinz1987;grillot1987,Source: EW 1280.,,
3-460-216-1,elam1244,Elamite,1862,AchE du-ip,Phonemic,"ass, donkey",hinz1987;grillot1987,Sources: EW 349; EW 794; EW 1170.,,
3-460-216-3,elam1244,Elamite,1862,(i)tranku: AchE it-ra-an-ku,Phonemic,"ass, donkey",hinz1987;grillot1987,Sources: EW 349; EW 794; EW 1170.,,
3-460-216-5,elam1244,Elamite,1862,AchE ši-ši,Phonemic,"ass, donkey",hinz1987;grillot1987,Sources: EW 349; EW 794; EW 1170.,,
3-450-216-1,elam1244,Elamite,1647,dud(d)u: AchE du-du,Phonemic,"foal, colt",hinz1987;grillot1987,Source: EW 345; 379.,,
3-450-216-3,elam1244,Elamite,1647,du-ud-du,Phonemic,"foal, colt",hinz1987;grillot1987,Source: EW 345; 379.,,
3-410-216-1,elam1244,Elamite,615,lakpilan: NE lak-pi-la-an,Phonemic,horse (equine),hinz1987;grillot1987,Source: EW 812.,,
3-380-216-1,elam1244,Elamite,1972,pitu: AchE pi-tú/tu,Phonemic,kid,hinz1987;grillot1987,"Source: EW 225, 237.",,
3-370-216-1,elam1244,Elamite,264,kumaš: ME,Phonemic,he-goat,hinz1987;grillot1987,Source: EW 512.,,
3-370-216-3,elam1244,Elamite,264,NE ku-maš,Phonemic,he-goat,hinz1987;grillot1987,Source: EW 512.,,
3-360-216-1,elam1244,Elamite,1502,kipšu/ kupši: AchE ki-ip-ši/-šu,Phonemic,goat,hinz1987;grillot1987,"Source: EW 468, 504. Coll. ki-ip-ši-na, ku-ip-šu-na. EW 1121.",,
3-360-216-3,elam1244,Elamite,1502,ku-ip-šu,Phonemic,goat,hinz1987;grillot1987,"Source: EW 468, 504. Coll. ki-ip-ši-na, ku-ip-šu-na. EW 1121.",,
3-360-216-5,elam1244,Elamite,1502,NE šá-h-ši-ik-me-me,Phonemic,goat,hinz1987;grillot1987,"Source: EW 468, 504. Coll. ki-ip-ši-na, ku-ip-šu-na. EW 1121.",,
3-350-216-1,elam1244,Elamite,1337,NE pap-pi,Phonemic,pig,hinz1987;grillot1987,Source: EW 139.,,
3-290-216-1,elam1244,Elamite,820,kari: AchE qa-ri,Phonemic,lamb,hinz1987;grillot1987,"Sources: EW 441; cf. kar-li, kar-ri EW 442, 445.",,
3-290-216-3,elam1244,Elamite,820,qa-ri-ri,Phonemic,lamb,hinz1987;grillot1987,"Sources: EW 441; cf. kar-li, kar-ri EW 442, 445.",,
3-260-216-1,elam1244,Elamite,1344,AchE ráp-du,Phonemic,ram,hinz1987;grillot1987,Source: EW 1028-1029.,,
3-260-216-3,elam1244,Elamite,1344,ráp-tam,Phonemic,ram,hinz1987;grillot1987,Source: EW 1028-1029.,,
3-250-216-1,elam1244,Elamite,1331,hidu: ME,Phonemic,sheep,hinz1987;grillot1987,Source: EW 656.,,
3-250-216-3,elam1244,Elamite,1331,AchE hi-du,Phonemic,sheep,hinz1987;grillot1987,Source: EW 656.,,
3-240-216-1,elam1244,Elamite,1989,tila: AchE ti-la,Phonemic,calf,hinz1987;grillot1987,"Source: EW 329; originally perhaps 'klein, jung' EW 388.",,
3-220-216-1,elam1244,Elamite,1169,ME pu-up-hi-in,Phonemic,ox,hinz1987;grillot1987,Source: EW 241.,,
3-200-216-1,elam1244,Elamite,1153,kutu: NE ku-tu,Phonemic,cattle (bovine),hinz1987;grillot1987,Source: EW 549.,,
3-180-216-1,elam1244,Elamite,263,AchE ba-at (?)-ir,Phonemic,herdsman,hinz1987;grillot1987,Sources: EW 111; EW 499.,,
3-180-216-3,elam1244,Elamite,263,NE ku-dúr,Phonemic,herdsman,hinz1987;grillot1987,Sources: EW 111; EW 499.,,
3-160-216-1,elam1244,Elamite,649,ahiš: NE a-h-iš,Phonemic,pasture,hinz1987;grillot1987,Sources: EW 34; EW 460.,,
3-160-216-3,elam1244,Elamite,649,AchE ki-bat,Phonemic,pasture,hinz1987;grillot1987,Sources: EW 34; EW 460.,,
3-150-216-1,elam1244,Elamite,631,ME,Phonemic,livestock,hinz1987;grillot1987,Sources: EW 84; EW 489.,,
3-150-216-3,elam1244,Elamite,631,NE,Phonemic,livestock,hinz1987;grillot1987,Sources: EW 84; EW 489.,,
3-150-216-5,elam1244,Elamite,631,AchE áš,Phonemic,livestock,hinz1987;grillot1987,Sources: EW 84; EW 489.,,
3-150-216-7,elam1244,Elamite,631,AchE ki-ti,Phonemic,livestock,hinz1987;grillot1987,Sources: EW 84; EW 489.,,
3-110-216-1,elam1244,Elamite,619,kun: NE ku-un,Phonemic,animal,hinz1987;grillot1987,Source: EW 563; cf. mu-úh-te-ir.ku-un EW 962.,,
2-950-216-1,elam1244,Elamite,1213,AchE nu-mi,Phonemic,you (plural),hinz1987;grillot1987,"Source: EW 1010. GS reconstructs: num, num-n.",,
2-942-216-1,elam1244,Elamite,1130,OE ni-ka,Phonemic,we (exclusive),hinz1987;grillot1987,Sources: EW 1000; EW 1008.,,
2-942-216-3,elam1244,Elamite,1130,NE,Phonemic,we (exclusive),hinz1987;grillot1987,Sources: EW 1000; EW 1008.,,
2-942-216-5,elam1244,Elamite,1130,AchE nu-ku,Phonemic,we (exclusive),hinz1987;grillot1987,Sources: EW 1000; EW 1008.,,
2-920-216-1,elam1244,Elamite,1215,ME ni,Phonemic,you (singular),hinz1987;grillot1987,"Sources: EW 996; EW 1004. GS reconstructs: ni/ nu, nu-n.",,
2-920-216-3,elam1244,Elamite,1215,ME,Phonemic,you (singular),hinz1987;grillot1987,"Sources: EW 996; EW 1004. GS reconstructs: ni/ nu, nu-n.",,
2-920-216-5,elam1244,Elamite,1215,NE,Phonemic,you (singular),hinz1987;grillot1987,"Sources: EW 996; EW 1004. GS reconstructs: ni/ nu, nu-n.",,
2-920-216-7,elam1244,Elamite,1215,AchE nu,Phonemic,you (singular),hinz1987;grillot1987,"Sources: EW 996; EW 1004. GS reconstructs: ni/ nu, nu-n.",,
2-910-216-1,elam1244,Elamite,1209,OE u,Phonemic,I,hinz1987;grillot1987,"Also 'mir, mich, mir': ME, NE, AchE ú; ME, NE, AchE un EW 1234. GS reconstructs: u, u-n.",,
2-910-216-3,elam1244,Elamite,1209,OE,Phonemic,I,hinz1987;grillot1987,"Also 'mir, mich, mir': ME, NE, AchE ú; ME, NE, AchE un EW 1234. GS reconstructs: u, u-n.",,
2-910-216-5,elam1244,Elamite,1209,ME ù,Phonemic,I,hinz1987;grillot1987,"Also 'mir, mich, mir': ME, NE, AchE ú; ME, NE, AchE un EW 1234. GS reconstructs: u, u-n.",,
2-810-216-1,elam1244,Elamite,1644,OE,Phonemic,"relatives, kinsmen",hinz1987;grillot1987,First ex. is plural. Source: EW 15. See 'house' 07.120.,,
2-810-216-3,elam1244,Elamite,1644,ME a-a-ni-ip,Phonemic,"relatives, kinsmen",hinz1987;grillot1987,First ex. is plural. Source: EW 15. See 'house' 07.120.,,
2-810-216-5,elam1244,Elamite,1644,ME a-a-ni-ri,Phonemic,"relatives, kinsmen",hinz1987;grillot1987,First ex. is plural. Source: EW 15. See 'house' 07.120.,,
2-631-216-1,elam1244,Elamite,2266,AchE iš-ti-ri,Phonemic,son-in-law (of a woman),hinz1987;grillot1987,Source: EW 793.,,
2-550-216-1,elam1244,Elamite,1643,iza: OE i-za,Phonemic,cousin,hinz1987;grillot1987,Source: EW 797.,,
2-510-216-1,elam1244,Elamite,1327,eri: OE e-ri-ri,Phonemic,uncle,hinz1987;grillot1987,"Sources: cf. i-ri(-ri) in onomastics (EW 401, 774).",,
2-480-216-1,elam1244,Elamite,1618,NE ru-hu.šá-ak-ri,Phonemic,grandson,hinz1987;grillot1987,Source: EW 1046.,,
2-450-216-1,elam1244,Elamite,1263,šutu: ME,Phonemic,sister,hinz1987;grillot1987,Source: EW 1186.,,
2-450-216-3,elam1244,Elamite,1263,NE šu-tú,Phonemic,sister,hinz1987;grillot1987,Source: EW 1186.,,
2-440-216-1,elam1244,Elamite,1262,ME i-gi,Phonemic,brother,hinz1987;grillot1987,Source: EW 743.,,
2-430-216-1,elam1244,Elamite,1801,puhu: ME,Phonemic,offspring (son or daughter),hinz1987;grillot1987,Source: EW 230.,,
2-430-216-3,elam1244,Elamite,1801,NE,Phonemic,offspring (son or daughter),hinz1987;grillot1987,Source: EW 230.,,
2-430-216-5,elam1244,Elamite,1801,AchE pu-hu,Phonemic,offspring (son or daughter),hinz1987;grillot1987,Source: EW 230.,,
2-420-216-1,elam1244,Elamite,1357,pak: ME pa-ak,Phonemic,daughter,hinz1987;grillot1987,Source: EW 105.,,
2-410-216-1,elam1244,Elamite,1620,OE pu-hu,Phonemic,son,hinz1987;grillot1987,"OE form is linear script of 23rd mill. BC, EW 229. Sources: EW 1044; EW 1110-1111.",,
2-410-216-3,elam1244,Elamite,1620,ME,Phonemic,son,hinz1987;grillot1987,"OE form is linear script of 23rd mill. BC, EW 229. Sources: EW 1044; EW 1110-1111.",,
2-410-216-5,elam1244,Elamite,1620,AchE ru-hu,Phonemic,son,hinz1987;grillot1987,"OE form is linear script of 23rd mill. BC, EW 229. Sources: EW 1044; EW 1110-1111.",,
2-410-216-7,elam1244,Elamite,1620,šak: ME,Phonemic,son,hinz1987;grillot1987,"OE form is linear script of 23rd mill. BC, EW 229. Sources: EW 1044; EW 1110-1111.",,
2-410-216-9,elam1244,Elamite,1620,NE ša-ak,Phonemic,son,hinz1987;grillot1987,"OE form is linear script of 23rd mill. BC, EW 229. Sources: EW 1044; EW 1110-1111.",,
2-410-216-11,elam1244,Elamite,1620,AchE šá-ak,Phonemic,son,hinz1987;grillot1987,"OE form is linear script of 23rd mill. BC, EW 229. Sources: EW 1044; EW 1110-1111.",,
2-410-216-13,elam1244,Elamite,1620,šá-ag-gi,Phonemic,son,hinz1987;grillot1987,"OE form is linear script of 23rd mill. BC, EW 229. Sources: EW 1044; EW 1110-1111.",,
2-360-216-1,elam1244,Elamite,1216,amma: OE,Phonemic,mother,hinz1987;grillot1987,,,
2-360-216-3,elam1244,Elamite,1216,ME,Phonemic,mother,hinz1987;grillot1987,,,
2-360-216-5,elam1244,Elamite,1216,NE,Phonemic,mother,hinz1987;grillot1987,,,
2-360-216-7,elam1244,Elamite,1216,AchE am-ma,Phonemic,mother,hinz1987;grillot1987,,,
2-350-216-1,elam1244,Elamite,1217,atta: OE,Phonemic,father,hinz1987;grillot1987,Sources: EW 26; EW 95.,,
2-350-216-3,elam1244,Elamite,1217,NE,Phonemic,father,hinz1987;grillot1987,Sources: EW 26; EW 95.,,
2-350-216-5,elam1244,Elamite,1217,AchE ad-da,Phonemic,father,hinz1987;grillot1987,Sources: EW 26; EW 95.,,
2-350-216-7,elam1244,Elamite,1217,ME at-ta,Phonemic,father,hinz1987;grillot1987,Sources: EW 26; EW 95.,,
2-320-216-1,elam1244,Elamite,1199,AchE ir-ti-ri,Phonemic,wife,hinz1987;grillot1987,Sources: EW 784; EW 1042; EW 1049; EW 961.,,
2-320-216-3,elam1244,Elamite,1199,ME ri-tu,Phonemic,wife,hinz1987;grillot1987,Sources: EW 784; EW 1042; EW 1049; EW 961.,,
2-320-216-5,elam1244,Elamite,1199,NE ri-ti,Phonemic,wife,hinz1987;grillot1987,Sources: EW 784; EW 1042; EW 1049; EW 961.,,
2-320-216-7,elam1244,Elamite,1199,ME ru-tu,Phonemic,wife,hinz1987;grillot1987,Sources: EW 784; EW 1042; EW 1049; EW 961.,,
2-320-216-9,elam1244,Elamite,1199,NE ru-tú,Phonemic,wife,hinz1987;grillot1987,Sources: EW 784; EW 1042; EW 1049; EW 961.,,
2-320-216-11,elam1244,Elamite,1199,AchE mu-tar,Phonemic,wife,hinz1987;grillot1987,Sources: EW 784; EW 1042; EW 1049; EW 961.,,
2-320-216-13,elam1244,Elamite,1199,mu-ti,Phonemic,wife,hinz1987;grillot1987,Sources: EW 784; EW 1042; EW 1049; EW 961.,,
2-280-216-1,elam1244,Elamite,1289,zin: AchE zí-in,Phonemic,"infant, baby",hinz1987;grillot1987,Source: EW 1291.,,
2-270-216-1,elam1244,Elamite,1304,OE pu-hi-e,Phonemic,child,hinz1987;grillot1987,Sources EW 229; EW 903.,,
2-270-216-3,elam1244,Elamite,1304,AchE ma-ul(-la)/ -li,Phonemic,child,hinz1987;grillot1987,Sources EW 229; EW 903.,,
2-261-216-1,elam1244,Elamite,77,AchE pu-h(u),Phonemic,young woman (adolescent),hinz1987;grillot1987,Source: EW 229-230.,,
2-251-216-1,elam1244,Elamite,76,AchE pu-hu,Phonemic,young man (adolescent),hinz1987;grillot1987,Source: EW 230.,,
2-240-216-1,elam1244,Elamite,1551,ME mu-h-ti-ir-ri,Phonemic,female,hinz1987;grillot1987,Sources: EW 948; EW 962.,,
2-240-216-3,elam1244,Elamite,1551,NE mu-h-ti-be,Phonemic,female,hinz1987;grillot1987,Sources: EW 948; EW 962.,,
2-240-216-5,elam1244,Elamite,1551,AchE mu-tur,Phonemic,female,hinz1987;grillot1987,Sources: EW 948; EW 962.,,
2-230-216-1,elam1244,Elamite,1553,AchE ba-li-na,Phonemic,male,hinz1987;grillot1987,Source: EW 132.,,
2-210-216-1,elam1244,Elamite,1554,bali: ME ba-li-be,Phonemic,man (vs. woman),hinz1987;grillot1987,"Sources: EW 131; EW 1044, 1049.",,
2-210-216-3,elam1244,Elamite,1554,AchE ru-h,Phonemic,man (vs. woman),hinz1987;grillot1987,"Sources: EW 131; EW 1044, 1049.",,
2-210-216-5,elam1244,Elamite,1554,ru-ú,Phonemic,man (vs. woman),hinz1987;grillot1987,"Sources: EW 131; EW 1044, 1049.",,
1-852-216-1,elam1244,Elamite,1428,lim-/ lum-: ME li-im-ma-áš-pi,Phonemic,burn (vb intrans),hinz1987;grillot1987,Sources: EW 823; EW 843.,,
1-852-216-3,elam1244,Elamite,1428,li-im-ma-ak,Phonemic,burn (vb intrans),hinz1987;grillot1987,Sources: EW 823; EW 843.,,
1-852-216-5,elam1244,Elamite,1428,ME lu-mu-un-ra,Phonemic,burn (vb intrans),hinz1987;grillot1987,Sources: EW 823; EW 843.,,
1-810-216-1,elam1244,Elamite,221,lim: ME li-im,Phonemic,fire,hinz1987;grillot1987,Source: EW 822.,,
1-750-216-1,elam1244,Elamite,658,NE te-ip,Phonemic,rain (noun),hinz1987;grillot1987,Source: EW 311.,,
1-710-216-1,elam1244,Elamite,27,OE si-me-in,Phonemic,air,hinz1987;grillot1987,Source: EW 1083. GS interprets it as si + me-n 'avant + arrière'.,,
1-630-216-1,elam1244,Elamite,1388,NE šad-da-ku,Phonemic,"shade, shadow",hinz1987;grillot1987,Source: EW 1119.,,
1-610-216-1,elam1244,Elamite,630,hun: OE,Phonemic,light (noun),hinz1987;grillot1987,Sources: EW 717; EW 697. See 'Lampe' 07.450.,,
1-610-216-3,elam1244,Elamite,630,ME hu-un,Phonemic,light (noun),hinz1987;grillot1987,Sources: EW 717; EW 697. See 'Lampe' 07.450.,,
1-610-216-5,elam1244,Elamite,630,ME hu-ni-in,Phonemic,light (noun),hinz1987;grillot1987,Sources: EW 717; EW 697. See 'Lampe' 07.450.,,
1-590-216-1,elam1244,Elamite,1733,OE,Phonemic,rainbow,hinz1987;grillot1987,Ssource: EW 853.,,
1-590-216-3,elam1244,Elamite,1733,ME,Phonemic,rainbow,hinz1987;grillot1987,Ssource: EW 853.,,
1-590-216-5,elam1244,Elamite,1733,NE ma-an-za-at,Phonemic,rainbow,hinz1987;grillot1987,Ssource: EW 853.,,
1-550-216-1,elam1244,Elamite,1654,luk: OE,Phonemic,lightning,hinz1987;grillot1987,Source: EW 844.,,
1-550-216-3,elam1244,Elamite,1654,ME lu-uk,Phonemic,lightning,hinz1987;grillot1987,Source: EW 844.,,
1-540-216-1,elam1244,Elamite,1430,NE mar-du(-ú),Phonemic,star,hinz1987;grillot1987,Source: EW 879.,,
1-530-216-1,elam1244,Elamite,1313,OE na-ap[-ir(?)],Phonemic,moon,hinz1987;grillot1987,"Source: EW 971, 986-987. See 'Gott' 22.120.",,
1-530-216-3,elam1244,Elamite,1313,NE na-pir,Phonemic,moon,hinz1987;grillot1987,"Source: EW 971, 986-987. See 'Gott' 22.120.",,
1-520-216-1,elam1244,Elamite,1343,ME na-h-hu-un-te,Phonemic,sun,hinz1987;grillot1987,Sources: EW 979 (*na(n)-hun.te 'Tag-beleuchter'. EW 980.,,
1-520-216-3,elam1244,Elamite,1343,OE nahiti = na-hi-ti,Phonemic,sun,hinz1987;grillot1987,Sources: EW 979 (*na(n)-hun.te 'Tag-beleuchter'. EW 980.,,
1-520-216-5,elam1244,Elamite,1343,OE na-hu-te,Phonemic,sun,hinz1987;grillot1987,Sources: EW 979 (*na(n)-hun.te 'Tag-beleuchter'. EW 980.,,
1-440-216-1,elam1244,Elamite,2125,AchE har,Phonemic,"stone, rock",hinz1987;grillot1987,Sources: EW 623; also ú-hi-im-ma; ú-h-in-na EW 1202.,,
1-440-216-3,elam1244,Elamite,2125,NE ú-h-um-ma,Phonemic,"stone, rock",hinz1987;grillot1987,Sources: EW 623; also ú-hi-im-ma; ú-h-in-na EW 1202.,,
1-430-216-1,elam1244,Elamite,1803,NE hu-h-qat,Phonemic,wood,hinz1987;grillot1987,"Sources: EW 686; also OE proper name: Hu-uk, EW 714; EW 864.",,
1-430-216-3,elam1244,Elamite,1803,NE hu-uk,Phonemic,wood,hinz1987;grillot1987,"Sources: EW 686; also OE proper name: Hu-uk, EW 714; EW 864.",,
1-430-216-5,elam1244,Elamite,1803,ME,Phonemic,wood,hinz1987;grillot1987,"Sources: EW 686; also OE proper name: Hu-uk, EW 714; EW 864.",,
1-430-216-7,elam1244,Elamite,1803,NE,Phonemic,wood,hinz1987;grillot1987,"Sources: EW 686; also OE proper name: Hu-uk, EW 714; EW 864.",,
1-430-216-9,elam1244,Elamite,1803,AchE ma-lu,Phonemic,wood,hinz1987;grillot1987,"Sources: EW 686; also OE proper name: Hu-uk, EW 714; EW 864.",,
1-420-216-1,elam1244,Elamite,906,husa: NE,Phonemic,tree (cf 08.600),hinz1987;grillot1987,"Sources: EW 702. Also OE, ME hu-sa-me 'Hain', orig. 'Stamm, Stange' (EW 703).",,
1-420-216-3,elam1244,Elamite,906,AchE hu-sa,Phonemic,tree (cf 08.600),hinz1987;grillot1987,"Sources: EW 702. Also OE, ME hu-sa-me 'Hain', orig. 'Stamm, Stange' (EW 703).",,
1-420-216-5,elam1244,Elamite,906,ME hu-sa-a,Phonemic,tree (cf 08.600),hinz1987;grillot1987,"Sources: EW 702. Also OE, ME hu-sa-me 'Hain', orig. 'Stamm, Stange' (EW 703).",,
1-370-216-1,elam1244,Elamite,2144,OE zu-ul.la-li,Phonemic,"spring, well",hinz1987;grillot1987,Source: EW 1314.,,
1-320-216-1,elam1244,Elamite,1474,AchE kam,Phonemic,sea,hinz1987;grillot1987,Source: EW 423.,,
1-310-216-1,elam1244,Elamite,948,zul: ME zu-ul,Phonemic,water,hinz1987;grillot1987,Source: EW 1315.,,
1-280-216-1,elam1244,Elamite,1155,NE du-ráš,Phonemic,cave,hinz1987;grillot1987,Source: EW 367.,,
1-270-216-1,elam1244,Elamite,113,AchE šà-ri-ut,Phonemic,shore,hinz1987;grillot1987,Source: EW 1138.,,
1-220-216-1,elam1244,Elamite,2118,ME am-ni,Phonemic,"mountain, hill",hinz1987;grillot1987,Source: EW 55; also proper name: Am(?)-nu.,,
1-213-216-1,elam1244,Elamite,2,ME su-uk-ma,Phonemic,dust,hinz1987;grillot1987,Source: EW 1105.,,
1-212-216-1,elam1244,Elamite,1228,muru-: OE mu-ru-it,Phonemic,"earth=ground, soil",hinz1987;grillot1987,Source: EW 954.,,
1-212-216-3,elam1244,Elamite,1228,ME,Phonemic,"earth=ground, soil",hinz1987;grillot1987,Source: EW 954.,,
1-212-216-5,elam1244,Elamite,1228,NE,Phonemic,"earth=ground, soil",hinz1987;grillot1987,Source: EW 954.,,
1-212-216-7,elam1244,Elamite,1228,AchE mu-ru-un,Phonemic,"earth=ground, soil",hinz1987;grillot1987,Source: EW 954.,,
14-332-216-1,elam1244,Elamite,418,AchE me-ul-li(-ik),Phonemic,long-time (for a),hinz1987;grillot1987,Source: EW 918.,,
14-350-216-1,elam1244,Elamite,204,ME,Phonemic,again,hinz1987;grillot1987,Source: EW 480.,,
14-350-216-3,elam1244,Elamite,204,NE ki-qa,Phonemic,again,hinz1987;grillot1987,Source: EW 480.,,
14-410-216-1,elam1244,Elamite,1225,na[n]: AchE na-an-me,Phonemic,day,hinz1987;grillot1987,"Sources: EW 969; OE (linear script) na-ma = nan.ma EW 983. Also AchE na-ir-da, na-ra-an-ti EW 981, 991; OE, ME ša-at-me; ME ša-at-ti-me EW 1117.",,
14-410-216-3,elam1244,Elamite,1225,na-an-na,Phonemic,day,hinz1987;grillot1987,"Sources: EW 969; OE (linear script) na-ma = nan.ma EW 983. Also AchE na-ir-da, na-ra-an-ti EW 981, 991; OE, ME ša-at-me; ME ša-at-ti-me EW 1117.",,
14-420-216-1,elam1244,Elamite,1233,AchE ši-ut-ma-na,Phonemic,night,hinz1987;grillot1987,Sources: EW 1171; EW 1193-1194.,,
14-420-216-3,elam1244,Elamite,1233,OE,Phonemic,night,hinz1987;grillot1987,Sources: EW 1171; EW 1193-1194.,,
14-420-216-5,elam1244,Elamite,1233,ME šu-ut-me,Phonemic,night,hinz1987;grillot1987,Sources: EW 1171; EW 1193-1194.,,
14-420-216-7,elam1244,Elamite,1233,ME šu-ut-ti-me,Phonemic,night,hinz1987;grillot1987,Sources: EW 1171; EW 1193-1194.,,
14-460-216-1,elam1244,Elamite,1629,AchE te-man,Phonemic,evening,hinz1987;grillot1987,Respectively: Cf. te-man (?)-na(?)-na 'abendlich' (EW 317); EW 468.,,
14-460-216-3,elam1244,Elamite,1629,NE ki-in-na-ra,Phonemic,evening,hinz1987;grillot1987,Respectively: Cf. te-man (?)-na(?)-na 'abendlich' (EW 317); EW 468.,,
14-710-216-1,elam1244,Elamite,1370,AchE na(?)-na-me-n[a(?)],Phonemic,month,hinz1987;grillot1987,Sources: EW 984; EW 1074.,,
14-710-216-3,elam1244,Elamite,1370,ME si-in (?),Phonemic,month,hinz1987;grillot1987,Sources: EW 984; EW 1074.,,
14-730-216-1,elam1244,Elamite,1226,ME pi-el,Phonemic,year,hinz1987;grillot1987,"Source: EW 191, 188.",,
14-730-216-3,elam1244,Elamite,1226,AchE be-ul,Phonemic,year,hinz1987;grillot1987,"Source: EW 191, 188.",,
15-350-216-1,elam1244,Elamite,717,tena: AchE te-na,Phonemic,sweet,hinz1987;grillot1987,Sources: EW 317; EW 599.,,
15-350-216-3,elam1244,Elamite,717,halki: OE,Phonemic,sweet,hinz1987;grillot1987,Sources: EW 317; EW 599.,,
15-350-216-5,elam1244,Elamite,717,ME,Phonemic,sweet,hinz1987;grillot1987,Sources: EW 317; EW 599.,,
15-350-216-7,elam1244,Elamite,717,NE hal-ki,Phonemic,sweet,hinz1987;grillot1987,Sources: EW 317; EW 599.,,
15-380-216-1,elam1244,Elamite,1906,AchE lu-lu-ki/-qa,Phonemic,"acid, sour",hinz1987;grillot1987,Source: EW 842.,,
15-410-216-1,elam1244,Elamite,1408,hap-: OE,Phonemic,hear,hinz1987;grillot1987,Source: EW 578-579.,,
15-410-216-3,elam1244,Elamite,1408,ME ha-ap-hu,Phonemic,hear,hinz1987;grillot1987,Source: EW 578-579.,,
15-410-216-5,elam1244,Elamite,1408,ha-ap-ti,Phonemic,hear,hinz1987;grillot1987,Source: EW 578-579.,,
15-460-216-1,elam1244,Elamite,1314,NE šà-na,Phonemic,"quiet, silence",hinz1987;grillot1987,Source: EW 1131.,,
15-510-216-1,elam1244,Elamite,1409,s/ziya-: NE si-ya-nu-un,Phonemic,see,hinz1987;grillot1987,Source: EW 1096.,,
15-510-216-3,elam1244,Elamite,1409,ME si-ya-h,Phonemic,see,hinz1987;grillot1987,Source: EW 1096.,,
15-510-216-5,elam1244,Elamite,1409,si-ya-áš-na,Phonemic,see,hinz1987;grillot1987,Source: EW 1096.,,
15-510-216-7,elam1244,Elamite,1409,AchE zí-ya,Phonemic,see,hinz1987;grillot1987,Source: EW 1096.,,
15-550-216-1,elam1244,Elamite,1039,šammi-: ME ša-am-me-iš,Phonemic,show,hinz1987;grillot1987,Source: EW 1114-1115.,,
15-550-216-3,elam1244,Elamite,1039,ša-am-mi-iš-ta,Phonemic,show,hinz1987;grillot1987,Source: EW 1114-1115.,,
15-640-216-1,elam1244,Elamite,1335,AchE ši-mi-ut,Phonemic,white,hinz1987;grillot1987,Source: EW 1166.,,
15-670-216-1,elam1244,Elamite,837,NE da-ban-ti-na,Phonemic,blue,hinz1987;grillot1987,Source: EW 260.,,
15-680-216-1,elam1244,Elamite,1425,NE hu-la-ap-na/ hu-ra-ap-na,Phonemic,green,hinz1987;grillot1987,"Source: EW 690, 701.",,
15-690-216-1,elam1244,Elamite,1424,NE šu-un-ti-na,Phonemic,yellow,hinz1987;grillot1987,Source: EW 1192.,,
15-810-216-1,elam1244,Elamite,1210,AchE ab-ba-ra,Phonemic,heavy,hinz1987;grillot1987,Source: EW 21.,,
15-840-216-1,elam1244,Elamite,1398,AchE zí-ti-qa,Phonemic,dry,hinz1987;grillot1987,Source: EW 1305.,,
16-180-216-1,elam1244,Elamite,720,šá-da,Phonemic,"good fortune, luck",hinz1987;grillot1987,Source: EW 1119: Old Persian syata-. Sources: EW 1169; EW 1182.,,
16-180-216-3,elam1244,Elamite,720,šá-ud-da,Phonemic,"good fortune, luck",hinz1987;grillot1987,Source: EW 1119: Old Persian syata-. Sources: EW 1169; EW 1182.,,
16-180-216-5,elam1244,Elamite,720,NE,Phonemic,"good fortune, luck",hinz1987;grillot1987,Source: EW 1119: Old Persian syata-. Sources: EW 1169; EW 1182.,,
16-180-216-7,elam1244,Elamite,720,AchE ši-ri,Phonemic,"good fortune, luck",hinz1987;grillot1987,Source: EW 1119: Old Persian syata-. Sources: EW 1169; EW 1182.,,
16-180-216-9,elam1244,Elamite,720,ME šu-ru,Phonemic,"good fortune, luck",hinz1987;grillot1987,Source: EW 1119: Old Persian syata-. Sources: EW 1169; EW 1182.,,
16-180-216-11,elam1244,Elamite,720,OE šu-ri-na,Phonemic,"good fortune, luck",hinz1987;grillot1987,Source: EW 1119: Old Persian syata-. Sources: EW 1169; EW 1182.,,
16-230-216-1,elam1244,Elamite,1495,NE tan-na-am-me,Phonemic,"joyful, glad, happy",hinz1987;grillot1987,Source: EW 283.,,
16-270-216-1,elam1244,Elamite,923,hani-: OE ha-ni-eš,Phonemic,love,hinz1987;grillot1987,Sources: EW 616-617; EW 618.,,
16-270-216-3,elam1244,Elamite,923,ME,Phonemic,love,hinz1987;grillot1987,Sources: EW 616-617; EW 618.,,
16-270-216-5,elam1244,Elamite,923,NE ha-ni-ik,Phonemic,love,hinz1987;grillot1987,Sources: EW 616-617; EW 618.,,
16-270-216-7,elam1244,Elamite,923,OE ha-ni-in,Phonemic,love,hinz1987;grillot1987,Sources: EW 616-617; EW 618.,,
16-270-216-9,elam1244,Elamite,923,OE ha(?)-ni-me,Phonemic,love,hinz1987;grillot1987,Sources: EW 616-617; EW 618.,,
16-510-216-1,elam1244,Elamite,1779,AchE qa-du-uk-qa,Phonemic,dare,hinz1987;grillot1987,Source: EW 414.,,
16-530-216-1,elam1244,Elamite,781,ipši: AchE ip-ši-ip,Phonemic,"fear, fright",hinz1987;grillot1987,Source: EW 766.,,
16-530-216-3,elam1244,Elamite,781,ip-ši-iš,Phonemic,"fear, fright",hinz1987;grillot1987,Source: EW 766.,,
16-650-216-1,elam1244,Elamite,100,OE,Phonemic,faithful,hinz1987;grillot1987,Source: EW 614.,,
16-650-216-3,elam1244,Elamite,100,NE ha-mi-ti,Phonemic,faithful,hinz1987;grillot1987,Source: EW 614.,,
16-650-216-5,elam1244,Elamite,100,ME ha-mi-it,Phonemic,faithful,hinz1987;grillot1987,Source: EW 614.,,
16-660-216-1,elam1244,Elamite,1657,siri: NE,Phonemic,true,hinz1987;grillot1987,Source: EW 1089. Cf. 'Ohr'.,,
16-660-216-3,elam1244,Elamite,1657,AchĒ si-ri,Phonemic,true,hinz1987;grillot1987,Source: EW 1089. Cf. 'Ohr'.,,
16-670-216-1,elam1244,Elamite,601,tit-: AchE ti-ti-ip,Phonemic,"lie, tell lies",hinz1987;grillot1987,"Sources: EW 340, 342.",,
16-670-216-3,elam1244,Elamite,601,ti-ut-ki-um-me,Phonemic,"lie, tell lies",hinz1987;grillot1987,"Sources: EW 340, 342.",,
16-710-216-1,elam1244,Elamite,1035,OE,Phonemic,good,hinz1987;grillot1987,Sources: EW 13; EW 119.,,
16-710-216-3,elam1244,Elamite,1035,NE a-a,Phonemic,good,hinz1987;grillot1987,Sources: EW 13; EW 119.,,
16-710-216-5,elam1244,Elamite,1035,OE,Phonemic,good,hinz1987;grillot1987,Sources: EW 13; EW 119.,,
16-710-216-7,elam1244,Elamite,1035,ME,Phonemic,good,hinz1987;grillot1987,Sources: EW 13; EW 119.,,
16-710-216-9,elam1244,Elamite,1035,NE ba-ha,Phonemic,good,hinz1987;grillot1987,Sources: EW 13; EW 119.,,
16-720-216-1,elam1244,Elamite,1292,AchE muš-nu-ik,Phonemic,bad,hinz1987;grillot1987,Source: EW 960.,,
16-790-216-1,elam1244,Elamite,1687,NE hi-šá,Phonemic,praise,hinz1987;grillot1987,Source: EW 669. Cf. 'Name'.,,
16-810-216-1,elam1244,Elamite,1427,AchE ši-iš-ni,Phonemic,beautiful,hinz1987;grillot1987,Source: EW 1160.,,
17-130-216-1,elam1244,Elamite,1415,lma-: AchE el-ma,Phonemic,think (= reflect),hinz1987;grillot1987,Sources: EW 395; EW 1221.,,
17-130-216-3,elam1244,Elamite,1415,el-man-da/ti,Phonemic,think (= reflect),hinz1987;grillot1987,Sources: EW 395; EW 1221.,,
17-130-216-5,elam1244,Elamite,1415,AchE ul-ma,Phonemic,think (= reflect),hinz1987;grillot1987,Sources: EW 395; EW 1221.,,
17-150-216-1,elam1244,Elamite,1890,uri-: AchE u-ri-iš,Phonemic,believe,hinz1987;grillot1987,"Cf. ME ú-ri-ip, EW 1246.",,
17-170-216-1,elam1244,Elamite,1410,turna-: NE tur-nah,Phonemic,know,hinz1987;grillot1987,Source: EW 370-371.,,
17-170-216-3,elam1244,Elamite,1410,AchE tur-na-u-ut,Phonemic,know,hinz1987;grillot1987,Source: EW 370-371.,,
17-450-216-1,elam1244,Elamite,643,OE,Phonemic,"need, necessity",hinz1987;grillot1987,Source: EW 909.,,
17-450-216-3,elam1244,Elamite,643,ME,Phonemic,"need, necessity",hinz1987;grillot1987,Source: EW 909.,,
17-450-216-5,elam1244,Elamite,643,AchE me-en,Phonemic,"need, necessity",hinz1987;grillot1987,Source: EW 909.,,
17-510-216-1,elam1244,Elamite,1577,ayak: ME,Phonemic,and,hinz1987;grillot1987,Sources: EW 13; EW 1261.,,
17-510-216-3,elam1244,Elamite,1577,NE,Phonemic,and,hinz1987;grillot1987,Sources: EW 13; EW 1261.,,
17-510-216-5,elam1244,Elamite,1577,AchE a-ak,Phonemic,and,hinz1987;grillot1987,Sources: EW 13; EW 1261.,,
17-510-216-7,elam1244,Elamite,1577,ME ya-ak,Phonemic,and,hinz1987;grillot1987,Sources: EW 13; EW 1261.,,
17-520-216-1,elam1244,Elamite,1157,appa: AchE ap-pa,Phonemic,because,hinz1987;grillot1987,Source: EW 72.,,
17-530-216-1,elam1244,Elamite,1459,ME an-ka,Phonemic,if,hinz1987;grillot1987,"Source: EW 59, 62.",,
17-530-216-3,elam1244,Elamite,1459,NE,Phonemic,if,hinz1987;grillot1987,"Source: EW 59, 62.",,
17-530-216-5,elam1244,Elamite,1459,AchE an-qa,Phonemic,if,hinz1987;grillot1987,"Source: EW 59, 62.",,
17-560-216-1,elam1244,Elamite,1269,OE,Phonemic,"no, negative",hinz1987;grillot1987,Source: EW 754.,,
17-560-216-3,elam1244,Elamite,1269,ME,Phonemic,"no, negative",hinz1987;grillot1987,Source: EW 754.,,
17-560-216-5,elam1244,Elamite,1269,NE in-gi,Phonemic,"no, negative",hinz1987;grillot1987,Source: EW 754.,,
17-560-216-7,elam1244,Elamite,1269,NE,Phonemic,"no, negative",hinz1987;grillot1987,Source: EW 754.,,
17-560-216-9,elam1244,Elamite,1269,AchE in-na,Phonemic,"no, negative",hinz1987;grillot1987,Source: EW 754.,,
17-560-216-11,elam1244,Elamite,1269,ME,Phonemic,"no, negative",hinz1987;grillot1987,Source: EW 754.,,
17-560-216-13,elam1244,Elamite,1269,NE im-ma,Phonemic,"no, negative",hinz1987;grillot1987,Source: EW 754.,,
17-560-216-15,elam1244,Elamite,1269,ME,Phonemic,"no, negative",hinz1987;grillot1987,Source: EW 754.,,
17-560-216-17,elam1244,Elamite,1269,NE in-ni,Phonemic,"no, negative",hinz1987;grillot1987,Source: EW 754.,,
17-610-216-1,elam1244,Elamite,1239,AchE ap-pa,Phonemic,how?,hinz1987;grillot1987,Source: EW 72.,,
17-640-216-1,elam1244,Elamite,1236,appa: ME,Phonemic,what?,hinz1987;grillot1987,Source: EW 71.,,
17-640-216-3,elam1244,Elamite,1236,NE,Phonemic,what?,hinz1987;grillot1987,Source: EW 71.,,
17-640-216-5,elam1244,Elamite,1236,AchE ap-pa,Phonemic,what?,hinz1987;grillot1987,Source: EW 71.,,
17-640-216-7,elam1244,Elamite,1236,ME,Phonemic,what?,hinz1987;grillot1987,Source: EW 71.,,
17-640-216-9,elam1244,Elamite,1236,AchE,Phonemic,what?,hinz1987;grillot1987,Source: EW 71.,,
17-660-216-1,elam1244,Elamite,1237,mur: ME,Phonemic,where?,hinz1987;grillot1987,Source: EW 963.,,
17-660-216-3,elam1244,Elamite,1237,NE mu-ur,Phonemic,where?,hinz1987;grillot1987,Source: EW 963.,,
17-670-216-1,elam1244,Elamite,727,akka: ME ag-ga,Phonemic,which?,hinz1987;grillot1987,"Source: EW 30, 36.",,
17-670-216-3,elam1244,Elamite,727,ak-ka,Phonemic,which?,hinz1987;grillot1987,"Source: EW 30, 36.",,
17-670-216-5,elam1244,Elamite,727,ME,Phonemic,which?,hinz1987;grillot1987,"Source: EW 30, 36.",,
17-670-216-7,elam1244,Elamite,727,NE,Phonemic,which?,hinz1987;grillot1987,"Source: EW 30, 36.",,
17-670-216-9,elam1244,Elamite,727,AchE ak-qa,Phonemic,which?,hinz1987;grillot1987,"Source: EW 30, 36.",,
18-210-216-1,elam1244,Elamite,1623,turi/u-: ME tu-ru-nu-un-ki,Phonemic,"speak, talk",hinz1987;grillot1987,Source: EW 372-373. See 'say' 18.220.,,
18-210-216-3,elam1244,Elamite,1623,NE tu-ru-h,Phonemic,"speak, talk",hinz1987;grillot1987,Source: EW 372-373. See 'say' 18.220.,,
18-210-216-5,elam1244,Elamite,1623,AchE tur-ri-qa,Phonemic,"speak, talk",hinz1987;grillot1987,Source: EW 372-373. See 'say' 18.220.,,
18-220-216-1,elam1244,Elamite,1458,tiri-/turu-: ME ti-ri-in-ri,Phonemic,say,hinz1987;grillot1987,"Source: EW 336, 375. See 'speak' 18.210.",,
18-220-216-3,elam1244,Elamite,1458,AchE ti-ri,Phonemic,say,hinz1987;grillot1987,"Source: EW 336, 375. See 'speak' 18.210.",,
18-220-216-5,elam1244,Elamite,1458,ME,Phonemic,say,hinz1987;grillot1987,"Source: EW 336, 375. See 'speak' 18.210.",,
18-220-216-7,elam1244,Elamite,1458,NE tu-ru-uk,Phonemic,say,hinz1987;grillot1987,"Source: EW 336, 375. See 'speak' 18.210.",,
18-220-216-9,elam1244,Elamite,1458,tu-ru-un,Phonemic,say,hinz1987;grillot1987,"Source: EW 336, 375. See 'speak' 18.210.",,
18-260-216-1,elam1244,Elamite,1599,šukkit: NE šu-uk-ki-it,Phonemic,word,hinz1987;grillot1987,Source: EW 1189.,,
18-280-216-1,elam1244,Elamite,1405,hiš: ME,Phonemic,name,hinz1987;grillot1987,Source: EW 662.,,
18-280-216-3,elam1244,Elamite,1405,NE,Phonemic,name,hinz1987;grillot1987,Source: EW 662.,,
18-280-216-5,elam1244,Elamite,1405,AchE hi-iš,Phonemic,name,hinz1987;grillot1987,Source: EW 662.,,
18-360-216-1,elam1244,Elamite,1675,kulla-,Phonemic,promise,hinz1987;grillot1987,Source: EW 561.,,
18-360-216-3,elam1244,Elamite,1675,OE,Phonemic,promise,hinz1987;grillot1987,Source: EW 561.,,
18-360-216-5,elam1244,Elamite,1675,ME ku-ul-la-h,Phonemic,promise,hinz1987;grillot1987,Source: EW 561.,,
18-410-216-1,elam1244,Elamite,1084,kulla-: OE,Phonemic,call (=summon),hinz1987;grillot1987,Source: EW 561-562.,,
18-410-216-3,elam1244,Elamite,1084,ME ku-ul-la-h,Phonemic,call (=summon),hinz1987;grillot1987,Source: EW 561-562.,,
18-410-216-5,elam1244,Elamite,1084,ME ku-ul-la-hu,Phonemic,call (=summon),hinz1987;grillot1987,Source: EW 561-562.,,
18-510-216-1,elam1244,Elamite,1672,d/tallu-: ME ta-al-lu-h,Phonemic,write,hinz1987;grillot1987,Sources: EW 251; also ME ta-li-in EW 274; OE te-bi EW 304; NE tup-pi-me EW 365.,,
18-510-216-3,elam1244,Elamite,1672,da-al-lu-ha,Phonemic,write,hinz1987;grillot1987,Sources: EW 251; also ME ta-li-in EW 274; OE te-bi EW 304; NE tup-pi-me EW 365.,,
18-510-216-5,elam1244,Elamite,1672,ta-al-lu-h-šu,Phonemic,write,hinz1987;grillot1987,Sources: EW 251; also ME ta-li-in EW 274; OE te-bi EW 304; NE tup-pi-me EW 365.,,
18-520-216-1,elam1244,Elamite,724,b/pera-: AchE be-ra-an,Phonemic,read,hinz1987;grillot1987,"Source: EW 185, 179.",,
18-520-216-3,elam1244,Elamite,724,be-ip-ra-an-ti,Phonemic,read,hinz1987;grillot1987,"Source: EW 185, 179.",,
18-520-216-5,elam1244,Elamite,724,be-ip-rák,Phonemic,read,hinz1987;grillot1987,"Source: EW 185, 179.",,
19-110-216-1,elam1244,Elamite,1300,hal: OE hal,Phonemic,country,hinz1987;grillot1987,Sources: EW 593; originally 'Boden'; EW 574.,,
19-110-216-3,elam1244,Elamite,1300,OE,Phonemic,country,hinz1987;grillot1987,Sources: EW 593; originally 'Boden'; EW 574.,,
19-110-216-5,elam1244,Elamite,1300,ME ha-al,Phonemic,country,hinz1987;grillot1987,Sources: EW 593; originally 'Boden'; EW 574.,,
19-150-216-1,elam1244,Elamite,1391,[a-al],Phonemic,"city, town",hinz1987;grillot1987,< Akkadian ālu EW 14.,,
19-210-216-1,elam1244,Elamite,789,ME [ta]š-šu(?)-up,Phonemic,people (populace),hinz1987;grillot1987,Sources: EW 297; EW 722.,,
19-210-216-3,elam1244,Elamite,789,NE,Phonemic,people (populace),hinz1987;grillot1987,Sources: EW 297; EW 722.,,
19-210-216-5,elam1244,Elamite,789,AchE taš-šu-íp,Phonemic,people (populace),hinz1987;grillot1987,Sources: EW 297; EW 722.,,
19-210-216-7,elam1244,Elamite,789,OE,Phonemic,people (populace),hinz1987;grillot1987,Sources: EW 297; EW 722.,,
19-210-216-9,elam1244,Elamite,789,ME hu-úr-du,Phonemic,people (populace),hinz1987;grillot1987,Sources: EW 297; EW 722.,,
19-230-216-1,elam1244,Elamite,302,ME ah-pi,Phonemic,"tribe, clan",hinz1987;grillot1987,Source: EW 35.,,
19-230-216-3,elam1244,Elamite,302,NE a-h-pi,Phonemic,"tribe, clan",hinz1987;grillot1987,Source: EW 35.,,
19-320-216-1,elam1244,Elamite,1508,s/zunki: ME,Phonemic,"king, ruler",hinz1987;grillot1987,"Sources: EW 1098, 1101; also ME, NE su-un-ki-ik; OE zu-kir; OE, ME zu-un-ki-ir; EW 1106-1107; EW 1310.",,
19-320-216-3,elam1244,Elamite,1508,NE su-gìr,Phonemic,"king, ruler",hinz1987;grillot1987,"Sources: EW 1098, 1101; also ME, NE su-un-ki-ik; OE zu-kir; OE, ME zu-un-ki-ir; EW 1106-1107; EW 1310.",,
19-320-216-5,elam1244,Elamite,1508,NE su-kip,Phonemic,"king, ruler",hinz1987;grillot1987,"Sources: EW 1098, 1101; also ME, NE su-un-ki-ik; OE zu-kir; OE, ME zu-un-ki-ir; EW 1106-1107; EW 1310.",,
19-320-216-7,elam1244,Elamite,1508,ME su-un-gìr,Phonemic,"king, ruler",hinz1987;grillot1987,"Sources: EW 1098, 1101; also ME, NE su-un-ki-ik; OE zu-kir; OE, ME zu-un-ki-ir; EW 1106-1107; EW 1310.",,
19-320-216-9,elam1244,Elamite,1508,su-un-ki-ir,Phonemic,"king, ruler",hinz1987;grillot1987,"Sources: EW 1098, 1101; also ME, NE su-un-ki-ik; OE zu-kir; OE, ME zu-un-ki-ir; EW 1106-1107; EW 1310.",,
19-320-216-11,elam1244,Elamite,1508,su-un-ki-ip/-kip,Phonemic,"king, ruler",hinz1987;grillot1987,"Sources: EW 1098, 1101; also ME, NE su-un-ki-ik; OE zu-kir; OE, ME zu-un-ki-ir; EW 1106-1107; EW 1310.",,
19-410-216-1,elam1244,Elamite,383,[ð]impti: OE si-im-it,Phonemic,master,hinz1987;grillot1987,"Sources: EW 1073; EW 308, 313; EW 962-963.",,
19-410-216-3,elam1244,Elamite,383,OE,Phonemic,master,hinz1987;grillot1987,"Sources: EW 1073; EW 308, 313; EW 962-963.",,
19-410-216-5,elam1244,Elamite,383,ME te-im-ti,Phonemic,master,hinz1987;grillot1987,"Sources: EW 1073; EW 308, 313; EW 962-963.",,
19-410-216-7,elam1244,Elamite,383,ME,Phonemic,master,hinz1987;grillot1987,"Sources: EW 1073; EW 308, 313; EW 962-963.",,
19-410-216-9,elam1244,Elamite,383,NE te-ip-ti,Phonemic,master,hinz1987;grillot1987,"Sources: EW 1073; EW 308, 313; EW 962-963.",,
19-410-216-11,elam1244,Elamite,383,NE mu-uk-ti,Phonemic,master,hinz1987;grillot1987,"Sources: EW 1073; EW 308, 313; EW 962-963.",,
19-420-216-1,elam1244,Elamite,812,AchE li-ba-um-me,Phonemic,slave,hinz1987;grillot1987,Sources: EW 819; EW 1143-1144; second form is plural.,,
19-420-216-3,elam1244,Elamite,812,AchE šá-u-lu(-um)-be,Phonemic,slave,hinz1987;grillot1987,Sources: EW 819; EW 1143-1144; second form is plural.,,
19-430-216-1,elam1244,Elamite,255,liba-: AchE li-ba-ir,Phonemic,servant,hinz1987;grillot1987,Source: EW 819.,,
19-440-216-1,elam1244,Elamite,384,šalu.r: AchE šá-lu-ur,Phonemic,freeman,hinz1987;grillot1987,Source: EW 1128.,,
19-450-216-1,elam1244,Elamite,1128,ME me-el,Phonemic,"command, order",hinz1987;grillot1987,Sources: EW 467; EW 908; EW 1151.,,
19-450-216-3,elam1244,Elamite,1128,ME gi-il,Phonemic,"command, order",hinz1987;grillot1987,Sources: EW 467; EW 908; EW 1151.,,
19-450-216-5,elam1244,Elamite,1128,NE šera-,Phonemic,"command, order",hinz1987;grillot1987,Sources: EW 467; EW 908; EW 1151.,,
19-450-216-7,elam1244,Elamite,1128,NE še-ra-h,Phonemic,"command, order",hinz1987;grillot1987,Sources: EW 467; EW 908; EW 1151.,,
19-450-216-9,elam1244,Elamite,1128,še-ra-h-ši,Phonemic,"command, order",hinz1987;grillot1987,Sources: EW 467; EW 908; EW 1151.,,
19-510-216-1,elam1244,Elamite,1325,OE duk-ti-ir,Phonemic,"friend, companion",hinz1987;grillot1987,Sources: EW 355; EW 431.,,
19-510-216-3,elam1244,Elamite,1325,NE kán-ir-ra,Phonemic,"friend, companion",hinz1987;grillot1987,Sources: EW 355; EW 431.,,
19-520-216-1,elam1244,Elamite,1358,beti: OE bi-ti-ir,Phonemic,enemy,hinz1987;grillot1987,"Source: Ew 187, 183.",,
19-520-216-3,elam1244,Elamite,1358,ME pi-ti-ir,Phonemic,enemy,hinz1987;grillot1987,"Source: Ew 187, 183.",,
19-520-216-5,elam1244,Elamite,1358,NE be-ti,Phonemic,enemy,hinz1987;grillot1987,"Source: Ew 187, 183.",,
19-520-216-7,elam1244,Elamite,1358,be-it-ra,Phonemic,enemy,hinz1987;grillot1987,"Source: Ew 187, 183.",,
19-580-216-1,elam1244,Elamite,1897,ta-: OE taš,Phonemic,"help, aid",hinz1987;grillot1987,Sources: EW 294; EW 264.,,
19-580-216-3,elam1244,Elamite,1897,ME táh-ha-an-ta,Phonemic,"help, aid",hinz1987;grillot1987,Sources: EW 294; EW 264.,,
19-580-216-5,elam1244,Elamite,1897,táh-ha-an-te,Phonemic,"help, aid",hinz1987;grillot1987,Sources: EW 294; EW 264.,,
20-110-216-1,elam1244,Elamite,1423,AchE be-ut,Phonemic,fight (vb),hinz1987;grillot1987,Means 'Kämpfe' EW 188.,,
20-140-216-1,elam1244,Elamite,1338,gugu: OE gu-gu,Phonemic,peace,hinz1987;grillot1987,Source: EW 401.,,
20-150-216-1,elam1244,Elamite,1561,OE,Phonemic,army,hinz1987;grillot1987,Source EW 665.,,
20-150-216-3,elam1244,Elamite,1561,ME,Phonemic,army,hinz1987;grillot1987,Source EW 665.,,
20-150-216-5,elam1244,Elamite,1561,NE hi-it,Phonemic,army,hinz1987;grillot1987,Source EW 665.,,
20-210-216-1,elam1244,Elamite,951,NE ul-ki-na,Phonemic,"weapons, arms",hinz1987;grillot1987,Source: EW 1218.,,
20-220-216-1,elam1244,Elamite,1763,NE šá-li-mi,Phonemic,club,hinz1987;grillot1987,Source: EW 1127.,,
20-240-216-1,elam1244,Elamite,994,NE qa-am-ban,Phonemic,bow,hinz1987;grillot1987,Means 'Bogensehne'; source: EW 406.,,
20-250-216-1,elam1244,Elamite,977,NE ti-ut-ti-um,Phonemic,arrow,hinz1987;grillot1987,"Sources: EW 343; EW 664; EW 1058, cf. 'Bronze' sa-h.",,
20-250-216-3,elam1244,Elamite,977,NE hi-iš-ki,Phonemic,arrow,hinz1987;grillot1987,"Sources: EW 343; EW 664; EW 1058, cf. 'Bronze' sa-h.",,
20-250-216-5,elam1244,Elamite,977,NE sa-h,Phonemic,arrow,hinz1987;grillot1987,"Sources: EW 343; EW 664; EW 1058, cf. 'Bronze' sa-h.",,
20-260-216-1,elam1244,Elamite,945,[šu-kur-ru-um],Phonemic,spear,hinz1987;grillot1987,Akkadian; EW 1177.,,
20-330-216-1,elam1244,Elamite,1680,NE kar-ik,Phonemic,helmet,hinz1987;grillot1987,Source: EW 441.,,
20-410-216-1,elam1244,Elamite,783,OE me-te(-en),Phonemic,victory,hinz1987;grillot1987,Source: EW 917.,,
20-480-216-1,elam1244,Elamite,1022,ME pu-uk-ri-ir,Phonemic,"booty, spoils",hinz1987;grillot1987,Source: EW 239.,,
21-110-216-1,elam1244,Elamite,1062,ME šu-du-ur,Phonemic,law,hinz1987;grillot1987,"Sources: EW 1175; EW 11175, 1187.",,
21-110-216-3,elam1244,Elamite,1062,AchE šu-tur,Phonemic,law,hinz1987;grillot1987,"Sources: EW 1175; EW 11175, 1187.",,
21-230-216-1,elam1244,Elamite,1144,gini/u: OE gi-ni-ip,Phonemic,witness,hinz1987;grillot1987,Source: EW 477-479.,,
21-230-216-3,elam1244,Elamite,1144,NE gi-ni-pi,Phonemic,witness,hinz1987;grillot1987,Source: EW 477-479.,,
21-230-216-5,elam1244,Elamite,1144,gi-nu-ip,Phonemic,witness,hinz1987;grillot1987,Source: EW 477-479.,,
21-240-216-1,elam1244,Elamite,1939,OE gi-ri-ip,Phonemic,swear,hinz1987;grillot1987,Source: EW 480-481.,,
21-240-216-3,elam1244,Elamite,1939,ME gi-ri,Phonemic,swear,hinz1987;grillot1987,Source: EW 480-481.,,
21-520-216-1,elam1244,Elamite,1160,ME tu-uš-šu(?)-íp,Phonemic,thief,hinz1987;grillot1987,Source: EW 388.,,
22-120-216-1,elam1244,Elamite,1944,nap/b: OE,Phonemic,God,hinz1987;grillot1987,"Sources: EW 984; EW 970, 966; EW 971; EW 977. Included plural forms. See 'moon' 01.530.",,
22-120-216-3,elam1244,Elamite,1944,ME,Phonemic,God,hinz1987;grillot1987,"Sources: EW 984; EW 970, 966; EW 971; EW 977. Included plural forms. See 'moon' 01.530.",,
22-120-216-5,elam1244,Elamite,1944,NE,Phonemic,God,hinz1987;grillot1987,"Sources: EW 984; EW 970, 966; EW 971; EW 977. Included plural forms. See 'moon' 01.530.",,
22-120-216-7,elam1244,Elamite,1944,AchE nap,Phonemic,God,hinz1987;grillot1987,"Sources: EW 984; EW 970, 966; EW 971; EW 977. Included plural forms. See 'moon' 01.530.",,
22-120-216-9,elam1244,Elamite,1944,AchE na-ap,Phonemic,God,hinz1987;grillot1987,"Sources: EW 984; EW 970, 966; EW 971; EW 977. Included plural forms. See 'moon' 01.530.",,
22-120-216-11,elam1244,Elamite,1944,na-ab-ba,Phonemic,God,hinz1987;grillot1987,"Sources: EW 984; EW 970, 966; EW 971; EW 977. Included plural forms. See 'moon' 01.530.",,
22-120-216-13,elam1244,Elamite,1944,ME,Phonemic,God,hinz1987;grillot1987,"Sources: EW 984; EW 970, 966; EW 971; EW 977. Included plural forms. See 'moon' 01.530.",,
22-120-216-15,elam1244,Elamite,1944,NE na-ap-pi,Phonemic,God,hinz1987;grillot1987,"Sources: EW 984; EW 970, 966; EW 971; EW 977. Included plural forms. See 'moon' 01.530.",,
22-120-216-17,elam1244,Elamite,1944,OE na-bí-ip,Phonemic,God,hinz1987;grillot1987,"Sources: EW 984; EW 970, 966; EW 971; EW 977. Included plural forms. See 'moon' 01.530.",,
22-150-216-1,elam1244,Elamite,1103,dala: NE da-la,Phonemic,"sacrifice, offering",hinz1987;grillot1987,Source: EW 273.,,
22-180-216-1,elam1244,Elamite,852,OE šà-ti,Phonemic,priest,hinz1987;grillot1987,"Source: EW 1140-1142, plural forms: -be; šá-tam-be.",,
22-180-216-3,elam1244,Elamite,852,NE,Phonemic,priest,hinz1987;grillot1987,"Source: EW 1140-1142, plural forms: -be; šá-tam-be.",,
22-180-216-5,elam1244,Elamite,852,AchE šá-tin,Phonemic,priest,hinz1987;grillot1987,"Source: EW 1140-1142, plural forms: -be; šá-tam-be.",,
22-180-216-7,elam1244,Elamite,852,AchE šá-tan,Phonemic,priest,hinz1987;grillot1987,"Source: EW 1140-1142, plural forms: -be; šá-tam-be.",,
22-190-216-1,elam1244,Elamite,1702,ME ak-pi (?)-ip,Phonemic,"holy, sacred",hinz1987;grillot1987,Source: EW 40.,,
22-310-216-1,elam1244,Elamite,1565,OE kik,Phonemic,heaven,hinz1987;grillot1987,"Source: EW 465, 473.",,
22-310-216-3,elam1244,Elamite,1565,OE ki-ki-in,Phonemic,heaven,hinz1987;grillot1987,"Source: EW 465, 473.",,
22-310-216-5,elam1244,Elamite,1565,OE,Phonemic,heaven,hinz1987;grillot1987,"Source: EW 465, 473.",,
22-310-216-7,elam1244,Elamite,1565,ME,Phonemic,heaven,hinz1987;grillot1987,"Source: EW 465, 473.",,
22-310-216-9,elam1244,Elamite,1565,NE ki-ki-ip,Phonemic,heaven,hinz1987;grillot1987,"Source: EW 465, 473.",,
22-310-216-11,elam1244,Elamite,1565,ME ki-ik,Phonemic,heaven,hinz1987;grillot1987,"Source: EW 465, 473.",,
