ID,Language_ID,Language_name,Parameter_ID,Value,Transcription,Concept,Source,Comment,AlternativeValue,AlternativeTranscription
14-320-815-1,cuoi1242,Cuoi,1852,haj.23,phonetic,often,,,,
14-310-815-1,cuoi1242,Cuoi,1676,luon.33 luon.33,phonetic,always,,,,
14-290-815-1,cuoi1242,Cuoi,790,san.31 sa:ŋ.33,phonetic,ready,,,,
14-280-815-1,cuoi1242,Cuoi,1928,thɔ:j.33,phonetic,"cease, stop",,,,
14-270-815-1,cuoi1242,Cuoi,1766,sâŋ.33,phonetic,finish,,,,
14-270-815-2,cuoi1242,Cuoi,1766,sâŋ.33,phonetic,finish,,,,
14-260-815-1,cuoi1242,Cuoi,743,khraw.33,phonetic,end (temporal),,,,
14-260-815-2,cuoi1242,Cuoi,743,he:t.24,phonetic,end (temporal),,,,
14-252-815-1,cuoi1242,Cuoi,1186,tiep.24 tuk.31,phonetic,"last, endure",,,,
14-250-815-1,cuoi1242,Cuoi,1806,bat.24 dəw.33,phonetic,"begin, beginning",,,,
14-240-815-1,cuoi1242,Cuoi,425,mən.33 cəm.31,phonetic,"retard, delay",,,,
14-240-815-2,cuoi1242,Cuoi,425,mɨən.31,phonetic,"retard, delay",,,,
14-230-815-1,cuoi1242,Cuoi,754,ma:j.24ʔ,phonetic,"hasten, hurry",,,,
14-220-815-1,cuoi1242,Cuoi,701,cəm.31,phonetic,slow,,,,
14-210-815-1,cuoi1242,Cuoi,1631,lɛ:ń.33,phonetic,"swift, fast, quick",,,,
14-210-815-2,cuoi1242,Cuoi,1631,hɔ:j.35,phonetic,"swift, fast, quick",,,,
14-190-815-1,cuoi1242,Cuoi,1963,ŋaj.33,phonetic,immediately,,,,
14-180-815-1,cuoi1242,Cuoi,1376,cə.31 ni.33,phonetic,now,,,,
14-170-815-1,cuoi1242,Cuoi,477,cəm.31,phonetic,late,,,,
14-160-815-1,cuoi1242,Cuoi,672,rə:m.24,phonetic,early,,,,
14-150-815-1,cuoi1242,Cuoi,1229,khra.33,phonetic,old,,,,
14-140-815-1,cuoi1242,Cuoi,1207,dɛ:t.24,phonetic,young,,,,
14-120-815-1,cuoi1242,Cuoi,1789,tuoj.243ʔ,phonetic,age,,,,
14-130-815-1,cuoi1242,Cuoi,1231,bɨ:j.35,phonetic,new,,,,
14-110-815-1,cuoi1242,Cuoi,892,thi.243ʔ cə.33,phonetic,time,,,,
13-440-815-1,cuoi1242,Cuoi,417,pa.33 pən.31,phonetic,three times,,,,
13-420-815-1,cuoi1242,Cuoi,1859,thɨ.35 pa.33,phonetic,third,,,,
13-380-815-1,cuoi1242,Cuoi,1546,ha:l.33 pən.31,phonetic,two times,,,,
13-370-815-1,cuoi1242,Cuoi,1888,tɔ:j.33,phonetic,pair,,,,
13-360-815-1,cuoi1242,Cuoi,1384,thɨ.24 ha:l.33,phonetic,second,,,,
13-350-815-1,cuoi1242,Cuoi,1529,khrə.33,phonetic,last,,,,
13-330-815-1,cuoi1242,Cuoi,1580,mʌ.31 klɔ.31,phonetic,"alone, only",,,,
13-240-815-1,cuoi1242,Cuoi,816,clɨə.31ʔ,phonetic,half,,,,
13-230-815-1,cuoi1242,Cuoi,779,phən.22,phonetic,"part, piece",,,,
13-230-815-2,cuoi1242,Cuoi,779,bo.31 phən.31,phonetic,"part, piece",,,,
13-220-815-1,cuoi1242,Cuoi,1624,hɔ:ŋ.243ʔ,phonetic,empty,,,,
13-210-815-1,cuoi1242,Cuoi,1429,blam.33,phonetic,full,,,,
13-190-815-1,cuoi1242,Cuoi,2023,paj.243ʔ,phonetic,"multitude, crowd",,,,
13-181-815-1,cuoi1242,Cuoi,1241,bəj.35,phonetic,some,,,,
13-181-815-2,cuoi1242,Cuoi,1241,mʌ.31 ʔi:t.35,phonetic,some,,,,
13-181-815-3,cuoi1242,Cuoi,1241,mʌ.31 ti.24,phonetic,some,,,,
13-181-815-4,cuoi1242,Cuoi,1241,mʌ.31 khro.35,phonetic,some,,,,
13-170-815-1,cuoi1242,Cuoi,1242,ʔɛ:t.35,phonetic,"little (quantity), few",,,,
13-180-815-1,cuoi1242,Cuoi,1881,du.243ʔ,phonetic,enough,,,,
13-160-815-1,cuoi1242,Cuoi,1992,ńe:w.243ʔ hə:n.33,phonetic,more,,,,
13-160-815-2,cuoi1242,Cuoi,1992,be:w.31 hə:n.33,phonetic,more,,,,
13-160-815-3,cuoi1242,Cuoi,1992,the:m.33,phonetic,more,,,,
13-150-815-1,cuoi1242,Cuoi,1198,ńe:w.243ʔ,phonetic,"much, many",,,,
13-140-815-1,cuoi1242,Cuoi,98,mɔ:j.31,phonetic,"every, all",,,,
13-107-815-1,cuoi1242,Cuoi,1420,te:m.24,phonetic,count,,,,
13-106-815-1,cuoi1242,Cuoi,1843,mʌ.31 ŋi:n.243ʔ,phonetic,thousand,,,,
13-105-815-1,cuoi1242,Cuoi,1634,mʌ.31 klam.33,phonetic,hundred,,,,
13-104-815-1,cuoi1242,Cuoi,1710,haj.33 mɨəj.33,phonetic,twenty,,,,
13-103-815-1,cuoi1242,Cuoi,1709,mɨəj.243ʔ lam.33,phonetic,fifteen,,,,
13-102-815-1,cuoi1242,Cuoi,1707,mɨəj.243ʔ haj.33,phonetic,twelve,,,,
13-101-815-1,cuoi1242,Cuoi,1706,mɨəj.243ʔ mo:t.31,phonetic,eleven,,,,
13-100-815-1,cuoi1242,Cuoi,1515,mɨəj.243ʔ,phonetic,ten,,,,
12-930-815-1,cuoi1242,Cuoi,1264,thaj.33 tɔ:l.24,phonetic,change,,,,
12-920-815-1,cuoi1242,Cuoi,1558,khɨ.33,phonetic,"like, similar",,,,
12-840-815-1,cuoi1242,Cuoi,1048,ta:ŋ.243ʔ kɛ.31,phonetic,line,,,,
12-850-815-1,cuoi1242,Cuoi,1667,po:ŋ.31,phonetic,hole,,,,
12-810-815-1,cuoi1242,Cuoi,1395,klɔ:n.33,phonetic,round,,,,
12-820-815-1,cuoi1242,Cuoi,1467,hi:ń.33 klɔ:n.33,phonetic,circle,,,,
12-780-815-1,cuoi1242,Cuoi,850,vuoŋ.33,phonetic,square,,,,
12-770-815-1,cuoi1242,Cuoi,1367,ti.243ʔ ŋa:ŋ.33,phonetic,cross,,,,
12-760-815-1,cuoi1242,Cuoi,192,cɔ.31,phonetic,corner,,,,
12-750-815-1,cuoi1242,Cuoi,1071,nɛ:w.33,phonetic,hook,,,,
12-740-815-1,cuoi1242,Cuoi,297,kâŋ.33,phonetic,crooked,,,,
12-730-815-1,cuoi1242,Cuoi,1404,thaŋ.33,phonetic,straight,,,,
12-710-815-1,cuoi1242,Cuoi,1633,bɛ:p.31,phonetic,flat,,,,
12-680-815-1,cuoi1242,Cuoi,193,ka:n.31,phonetic,shallow,,,,
12-670-815-1,cuoi1242,Cuoi,1593,khru.33,phonetic,deep,,,,
12-650-815-1,cuoi1242,Cuoi,2249,hɛ:l.33,phonetic,thin (in dimension),,,,
12-630-815-1,cuoi1242,Cuoi,1244,baw.33,phonetic,thick (in dimension),,,,
12-620-815-1,cuoi1242,Cuoi,1267,hɛ:p.31,phonetic,narrow,,,,
12-610-815-1,cuoi1242,Cuoi,1243,ro:ŋ.31,phonetic,"wide, broad",,,,
12-590-815-1,cuoi1242,Cuoi,1645,pan.31,phonetic,short,,,,
12-580-815-1,cuoi1242,Cuoi,711,ka:w.33,phonetic,tall,,,,
12-570-815-1,cuoi1242,Cuoi,1203,zɔ:n.33,phonetic,long,,,,
12-560-815-1,cuoi1242,Cuoi,1246,dɛ:t.24,phonetic,"small, little",,,,
12-550-815-1,cuoi1242,Cuoi,1202,be:w.31,phonetic,"large, big",,,,
12-541-815-1,cuoi1242,Cuoi,81,pla:l.24,phonetic,"span, fathom",,,,
12-540-815-1,cuoi1242,Cuoi,1506,tâ.33,phonetic,measure,,,,
12-540-815-2,cuoi1242,Cuoi,1506,tâ:ŋ.33,phonetic,measure,,,,
12-530-815-1,cuoi1242,Cuoi,479,mo:ŋ.31,phonetic,grow,,,,
12-530-815-2,cuoi1242,Cuoi,479,be:w.31 le:ŋ.33,phonetic,grow,,,,
12-480-815-1,cuoi1242,Cuoi,1595,na:m.33,phonetic,south,,,,
12-470-815-1,cuoi1242,Cuoi,1598,bak.24,phonetic,north,,,,
12-460-815-1,cuoi1242,Cuoi,1817,təj.33,phonetic,west,,,,
12-450-815-1,cuoi1242,Cuoi,1877,doŋ.33,phonetic,east,,,,
12-430-815-1,cuoi1242,Cuoi,1942,də.24,phonetic,near (adv),,,,
12-430-815-2,cuoi1242,Cuoi,1942,ŋa:j.24,phonetic,near (adv),,,,
12-420-815-1,cuoi1242,Cuoi,244,kla:j.24,phonetic,left (side),,,,
12-410-815-1,cuoi1242,Cuoi,1019,mat.31,phonetic,right (side),,,,
12-370-815-1,cuoi1242,Cuoi,1093,khra.31,phonetic,"middle, center",,,,
12-360-815-1,cuoi1242,Cuoi,682,fie.24,phonetic,side,,,,
12-360-815-2,cuoi1242,Cuoi,682,pe:n.33,phonetic,side,,,,
12-353-815-1,cuoi1242,Cuoi,863,kɛ:ń.31,phonetic,edge,,,,
12-352-815-1,cuoi1242,Cuoi,372,ńɔ:n.31,phonetic,pointed,,,,
12-350-815-1,cuoi1242,Cuoi,742,sâŋ.33,phonetic,end,,,,
12-340-815-1,cuoi1242,Cuoi,690,phən.243ʔ pə:ŋ.24,phonetic,bottom,,,,
12-340-815-2,cuoi1242,Cuoi,690,daj.24,phonetic,bottom,,,,
12-320-815-1,cuoi1242,Cuoi,721,pan.31,phonetic,low,,,,
12-330-815-1,cuoi1242,Cuoi,1753,phən.243ʔ kɔ:j.31,phonetic,top,,,,
12-330-815-2,cuoi1242,Cuoi,1753,kɔ:j.31,phonetic,top,,,,
12-330-815-3,cuoi1242,Cuoi,1753,kɔ:j.31,phonetic,top,,,,
12-310-815-1,cuoi1242,Cuoi,1265,ka:w.33,phonetic,high,,,,
12-270-815-1,cuoi1242,Cuoi,602,suk.31,phonetic,"hide, conceal",,,,
12-250-815-1,cuoi1242,Cuoi,1046,dap.24,phonetic,"shut, close",,,,
12-260-815-1,cuoi1242,Cuoi,761,səp.24 zə:j.33,phonetic,cover,,,,
12-260-815-2,cuoi1242,Cuoi,761,təp.24,phonetic,cover,,,,
12-240-815-1,cuoi1242,Cuoi,1156,bə.243ʔ,phonetic,open,,,,
12-230-815-1,cuoi1242,Cuoi,1359,sic.24 sa.33,phonetic,separate,,,,
12-230-815-2,cuoi1242,Cuoi,1359,cie.33 sa.33,phonetic,separate,,,,
12-220-815-1,cuoi1242,Cuoi,1743,nɔ:l.24,phonetic,"join, unite",,,,
12-220-815-2,cuoi1242,Cuoi,1743,cap.24,phonetic,"join, unite",,,,
12-213-815-1,cuoi1242,Cuoi,1576,co:ŋ.243ʔ,phonetic,pile up,,,,
12-212-815-1,cuoi1242,Cuoi,371,pɛ.243ʔ,phonetic,pick up,,,,
12-210-815-1,cuoi1242,Cuoi,7,kâ:p.24,phonetic,"collect, gather",,,,
12-170-815-1,cuoi1242,Cuoi,838,do.243ʔ sɨə.33,phonetic,"remains, left overs",,,,
12-160-815-1,cuoi1242,Cuoi,987,ʔə.243ʔ laj.31,phonetic,"remain, stay",,,,
12-160-815-2,cuoi1242,Cuoi,987,lɨə.243ʔ laj.31,phonetic,"remain, stay",,,,
12-150-815-1,cuoi1242,Cuoi,1442,tɨŋ.31,phonetic,stand,,,,
12-140-815-1,cuoi1242,Cuoi,215,nam.243ʔ cɔ:ŋ.31,phonetic,lie down,,,,
12-130-815-1,cuoi1242,Cuoi,1416,ŋo:j.243ʔ,phonetic,sit,,,,
12-120-815-1,cuoi1242,Cuoi,998,ta:c.31,phonetic,put,,,,
12-110-815-1,cuoi1242,Cuoi,723,nə:j.33,phonetic,place,,,,
11-920-815-1,cuoi1242,Cuoi,1098,kən.33,phonetic,weigh,,,,
11-910-815-1,cuoi1242,Cuoi,884,cie.33,phonetic,share (distribute),,,,
11-890-815-1,cuoi1242,Cuoi,1887,rɛ.243ʔ,phonetic,cheap,,,,
11-880-815-1,cuoi1242,Cuoi,1426,pat.24,phonetic,"dear (costly, expensive)",,,,
11-870-815-1,cuoi1242,Cuoi,657,za.24 ka.243ʔ,phonetic,price,,,,
11-860-815-1,cuoi1242,Cuoi,752,kɨə.31 ha:ŋ.243ʔ,phonetic,"store, shop",,,,
11-850-815-1,cuoi1242,Cuoi,633,cə.31,phonetic,market (place),,,,
11-840-815-1,cuoi1242,Cuoi,1082,kʌ:n.33 puon.33,phonetic,merchant,,,,
11-830-815-1,cuoi1242,Cuoi,2135,tɔ:l.33,phonetic,"trade, barter",,,,
11-830-815-2,cuoi1242,Cuoi,2135,puon.33 pa:n.24,phonetic,"trade, barter",,,,
11-820-815-1,cuoi1242,Cuoi,1571,pa:n.24,phonetic,sell,,,,
11-810-815-1,cuoi1242,Cuoi,1869,ca:k.24,phonetic,buy,,,,
11-790-815-1,cuoi1242,Cuoi,733,sa:t.31,phonetic,earn,,,,
11-780-815-1,cuoi1242,Cuoi,1122,tien.243ʔ koŋ.33,phonetic,wages,,,,
11-770-815-1,cuoi1242,Cuoi,856,se.33,phonetic,hire,,,,
11-690-815-1,cuoi1242,Cuoi,873,the.24,phonetic,"tax, tribute",,,,
11-660-815-1,cuoi1242,Cuoi,1081,ti:ń.24 twa:n.24,phonetic,"account, reckoning",,,,
11-650-815-1,cuoi1242,Cuoi,718,pla.243ʔ tien.24ʔ,phonetic,pay (vb),,,,
11-640-815-1,cuoi1242,Cuoi,1914,mɔ:n.24 nə.31,phonetic,debt,,,,
11-630-815-1,cuoi1242,Cuoi,369,nə.31,phonetic,owe,,,,
11-620-815-1,cuoi1242,Cuoi,1823,li:ń.31,phonetic,borrow,,,,
11-620-815-2,cuoi1242,Cuoi,1823,ma:n.31,phonetic,borrow,,,,
11-610-815-1,cuoi1242,Cuoi,582,cə.33 ma:n.31,phonetic,lend,,,,
11-540-815-1,cuoi1242,Cuoi,1774,ha:m.33,phonetic,"avaricious, stingy",,,,
11-540-815-2,cuoi1242,Cuoi,1774,səw.24 rɔ:t.31,phonetic,"avaricious, stingy",,,,
11-530-815-1,cuoi1242,Cuoi,1934,ʔan.33 maj.243ʔ,phonetic,beggar,,,,
11-520-815-1,cuoi1242,Cuoi,1674,ŋɛ:w.243ʔ,phonetic,poor,,,,
11-510-815-1,cuoi1242,Cuoi,712,caw.243ʔ,phonetic,rich,,,,
11-440-815-1,cuoi1242,Cuoi,1867,cɨ.31 tien.243ʔ,phonetic,coin,,,,
11-430-815-1,cuoi1242,Cuoi,1559,tien.243ʔ,phonetic,money,,,,
11-330-815-1,cuoi1242,Cuoi,1660,bət.24,phonetic,lose,,,,
11-320-815-1,cuoi1242,Cuoi,719,sa:t.31 co.31,phonetic,find,,,,
11-310-815-1,cuoi1242,Cuoi,1468,sa:t.31,phonetic,"seek, look for",,,,
11-280-815-1,cuoi1242,Cuoi,44,mən.33 haj.31,phonetic,"harm, injure, damage",,,,
11-280-815-2,cuoi1242,Cuoi,44,mən.33 hɨ.33,phonetic,"harm, injure, damage",,,,
11-270-815-1,cuoi1242,Cuoi,681,zâ.31,phonetic,destroy,,,,
11-250-815-1,cuoi1242,Cuoi,2008,cɨə.31,phonetic,"save, rescue",,,,
11-240-815-1,cuoi1242,Cuoi,1997,cɨk.31,phonetic,"preserve, look after",,,,
11-240-815-2,cuoi1242,Cuoi,1997,kʌ:j.33 zɔ:m.33,phonetic,"preserve, look after",,,,
11-220-815-1,cuoi1242,Cuoi,85,pla.24ʔ,phonetic,give back,,,,
11-210-815-1,cuoi1242,Cuoi,1447,cə.33,phonetic,give,,,,
11-210-815-2,cuoi1242,Cuoi,1447,kla:w.33,phonetic,give,,,,
11-180-815-1,cuoi1242,Cuoi,738,do.33 vət.31,phonetic,thing,,,,
11-160-815-1,cuoi1242,Cuoi,694,təl.33,phonetic,"get, obtain",,,,
11-160-815-2,cuoi1242,Cuoi,694,le.31,phonetic,"get, obtain",,,,
11-150-815-1,cuoi1242,Cuoi,1448,kəm.243ʔ,phonetic,hold,,,,
11-150-815-2,cuoi1242,Cuoi,1448,na:m.31,phonetic,hold,,,,
11-150-815-3,cuoi1242,Cuoi,1448,kɔm.243ʔ,phonetic,hold,,,,
11-140-815-1,cuoi1242,Cuoi,2021,cu:p.31,phonetic,"seize, grasp",,,,
11-140-815-2,cuoi1242,Cuoi,2021,nəm.31,phonetic,"seize, grasp",,,,
11-130-815-1,cuoi1242,Cuoi,1749,le.31,phonetic,take,,,,
11-110-815-1,cuoi1242,Cuoi,773,kʌ.24,phonetic,have,,,,
10-920-815-1,cuoi1242,Cuoi,1922,ʔə.243ʔ,phonetic,land (vb),,,,
10-831-815-1,cuoi1242,Cuoi,1970,suoŋ.33,phonetic,canoe,,,,
10-830-815-1,cuoi1242,Cuoi,1844,thien.33,phonetic,boat,,,,
10-810-815-1,cuoi1242,Cuoi,740,taw.33,phonetic,ship,,,,
10-780-815-1,cuoi1242,Cuoi,14,ʔɛk.24 khrəw.33,phonetic,yoke,,,,
10-770-815-1,cuoi1242,Cuoi,1769,kluk.31 sɛ.33,phonetic,axle,,,,
10-760-815-1,cuoi1242,Cuoi,710,ba:ń.243 sɛ.33,phonetic,wheel,,,,
10-750-815-1,cuoi1242,Cuoi,122,sɛ.33,phonetic,"carriage, wagon, cart",,,,
10-740-815-1,cuoi1242,Cuoi,1011,kəw.243ʔ,phonetic,bridge,,,,
10-720-815-1,cuoi1242,Cuoi,2252,ta:ŋ.243ʔ mɔ:n.33,phonetic,path,,,,
10-710-815-1,cuoi1242,Cuoi,667,ta:ŋ.243ʔ (ti.243ʔ),phonetic,road,,,,
10-670-815-1,cuoi1242,Cuoi,1452,cu:n.24,phonetic,"push, shove",,,,
10-670-815-2,cuoi1242,Cuoi,1452,sɔ.33,phonetic,"push, shove",,,,
10-660-815-1,cuoi1242,Cuoi,367,dɔ:m.33,phonetic,ride,,,,
10-650-815-1,cuoi1242,Cuoi,741,la:j.24 sɛ.33,phonetic,drive,,,,
10-640-815-1,cuoi1242,Cuoi,43,təm.33,phonetic,lead (vb),,,,
10-630-815-1,cuoi1242,Cuoi,1127,kə:j.24ʔ,phonetic,send,,,,
10-620-815-1,cuoi1242,Cuoi,692,ba:ŋ.33 te:ŋ.24,phonetic,bring,,,,
10-615-815-1,cuoi1242,Cuoi,415,kɛ:p.31,phonetic,carry-underarm,,,,
10-614-815-1,cuoi1242,Cuoi,414,dɔ:j.24,phonetic,carry-on-head,,,,
10-613-815-1,cuoi1242,Cuoi,413,va:k.24,phonetic,carry-on-shoulder,,,,
10-612-815-1,cuoi1242,Cuoi,412,ze:k.24,phonetic,carry-in-hand,,,,
10-610-815-1,cuoi1242,Cuoi,700,ba:ŋ.33,phonetic,carry (bear),,,,
10-570-815-1,cuoi1242,Cuoi,749,lɔ:n.243ʔ,phonetic,enter,,,,
10-560-815-1,cuoi1242,Cuoi,1778,te:ŋ.24 də.33,phonetic,approach,,,,
10-550-815-1,cuoi1242,Cuoi,1387,te:ŋ.24,phonetic,"reach, arrive",,,,
10-530-815-1,cuoi1242,Cuoi,1047,tɨəl.33,phonetic,pursue,,,,
10-520-815-1,cuoi1242,Cuoi,1085,sɛ:w.24,phonetic,follow,,,,
10-510-815-1,cuoi1242,Cuoi,956,klɔ:n.24,phonetic,flee,,,,
10-491-815-1,cuoi1242,Cuoi,485,bien.24 pət.24,phonetic,disappear,,,,
10-490-815-1,cuoi1242,Cuoi,1752,ti.243ʔ khwaj.243ʔ,phonetic,"go away, depart",,,,
10-490-815-2,cuoi1242,Cuoi,1752,sa.33 ti.243ʔ,phonetic,"go away, depart",,,,
10-481-815-1,cuoi1242,Cuoi,581,ve:l.24,phonetic,come back,,,,
10-481-815-2,cuoi1242,Cuoi,581,plə.31 ve:l.24,phonetic,come back,,,,
10-480-815-1,cuoi1242,Cuoi,1446,te:ŋ.24,phonetic,come,,,,
10-474-815-1,cuoi1242,Cuoi,1107,sa.33,phonetic,go out,,,,
10-473-815-1,cuoi1242,Cuoi,2014,cɔ:ŋ.31,phonetic,go down,,,,
10-472-815-1,cuoi1242,Cuoi,1102,klɛ:w.33,phonetic,climb,,,,
10-470-815-1,cuoi1242,Cuoi,695,ti.243ʔ,phonetic,go,,,,
10-471-815-1,cuoi1242,Cuoi,705,le:ŋ.33,phonetic,go up,,,,
10-460-815-1,cuoi1242,Cuoi,1519,cal.31,phonetic,run,,,,
10-451-815-1,cuoi1242,Cuoi,366,ti.243ʔ zən.24,phonetic,limp,,,,
10-450-815-1,cuoi1242,Cuoi,1443,ti.243ʔ zə:l.24,phonetic,walk,,,,
10-440-815-1,cuoi1242,Cuoi,1879,muo.24,phonetic,dance,,,,
10-431-815-1,cuoi1242,Cuoi,1135,ta.24,phonetic,kick,,,,
10-430-815-1,cuoi1242,Cuoi,1829,zal.24,phonetic,"jump, leap",,,,
10-420-815-1,cuoi1242,Cuoi,1324,kla:l.31,phonetic,"slide, slip",,,,
10-413-815-1,cuoi1242,Cuoi,296,ku:j.31,phonetic,crouch,,,,
10-412-815-1,cuoi1242,Cuoi,66,kwi.33,phonetic,kneel,,,,
10-410-815-1,cuoi1242,Cuoi,96,bâ.33,phonetic,"creep, crawl",,,,
10-410-815-2,cuoi1242,Cuoi,96,klɨən.33,phonetic,"creep, crawl",,,,
10-380-815-1,cuoi1242,Cuoi,175,thu:l.33,phonetic,blow,,,,
10-370-815-1,cuoi1242,Cuoi,1441,pəl.24,phonetic,fly (vb),,,,
10-360-815-1,cuoi1242,Cuoi,787,ti.243ʔ thien.33,phonetic,sail (vb),,,,
10-352-815-1,cuoi1242,Cuoi,365,tɛ.24,phonetic,splash,,,,
10-351-815-1,cuoi1242,Cuoi,119,hu:p.31,phonetic,dive,,,,
10-350-815-1,cuoi1242,Cuoi,1439,pə:j.33,phonetic,swim,,,,
10-340-815-1,cuoi1242,Cuoi,1574,dɔ:l.24,phonetic,float,,,,
10-330-815-1,cuoi1242,Cuoi,1088,ti:m.33ʔ,phonetic,sink,,,,
10-320-815-1,cuoi1242,Cuoi,2003,cal.31,phonetic,flow,,,,
10-260-815-1,cuoi1242,Cuoi,1909,la:k.24,phonetic,shake,,,,
10-260-815-2,cuoi1242,Cuoi,1909,ruŋ.243ʔ,phonetic,shake,,,,
10-252-815-1,cuoi1242,Cuoi,702,nəm.31,phonetic,catch (ball),,,,
10-252-815-2,cuoi1242,Cuoi,702,tə:ŋ.31,phonetic,catch (ball),,,,
10-250-815-1,cuoi1242,Cuoi,1456,pha:ŋ.33,phonetic,throw,,,,
10-240-815-1,cuoi1242,Cuoi,2253,zʌ.243ʔ,phonetic,drip,,,,
10-230-815-1,cuoi1242,Cuoi,1280,pe.243ʔ,phonetic,fall,,,,
10-230-815-2,cuoi1242,Cuoi,1280,pe.243ʔ,phonetic,fall,,,,
10-220-815-1,cuoi1242,Cuoi,501,də.31 le:ŋ.33,phonetic,"raise, lift",,,,
10-220-815-2,cuoi1242,Cuoi,501,bə:ŋ.33 le:ŋ.33,phonetic,"raise, lift",,,,
10-210-815-1,cuoi1242,Cuoi,568,le:ŋ.33,phonetic,rise,,,,
10-210-815-2,cuoi1242,Cuoi,568,pɔ:k.24,phonetic,rise,,,,
10-210-815-3,cuoi1242,Cuoi,568,mɔ:ŋ.31,phonetic,rise,,,,
10-210-815-4,cuoi1242,Cuoi,568,tɨŋ.31 le:ŋ.33,phonetic,rise,,,,
10-170-815-1,cuoi1242,Cuoi,430,va:ń.31,phonetic,twist,,,,
10-170-815-2,cuoi1242,Cuoi,430,va:ń.31,phonetic,twist,,,,
10-170-815-3,cuoi1242,Cuoi,430,va:ń.31,phonetic,twist,,,,
10-170-815-4,cuoi1242,Cuoi,430,pal.33,phonetic,twist,,,,
10-160-815-1,cuoi1242,Cuoi,808,ruŋ.31,phonetic,drop (vb),,,,
10-160-815-2,cuoi1242,Cuoi,808,zʌ.243ʔ,phonetic,drop (vb),,,,
10-150-815-1,cuoi1242,Cuoi,827,plɛ:ń.24,phonetic,roll,,,,
10-140-815-1,cuoi1242,Cuoi,1113,kʌɨ.24,phonetic,"wind, wrap",,,,
10-140-815-2,cuoi1242,Cuoi,1113,kuon.24,phonetic,"wind, wrap",,,,
10-140-815-3,cuoi1242,Cuoi,1113,bɔk.31,phonetic,"wind, wrap",,,,
10-130-815-1,cuoi1242,Cuoi,1445,kwaj.33,phonetic,turn around,,,,
10-120-815-1,cuoi1242,Cuoi,1588,ʔu:p.24 khrəp.24,phonetic,turn over,,,,
10-110-815-1,cuoi1242,Cuoi,765,ti.243ʔ la:j.31,phonetic,move,,,,
9-890-815-1,cuoi1242,Cuoi,2001,vɛ.31ʔ,phonetic,paint (vb),,,,
9-840-815-1,cuoi1242,Cuoi,1979,ke.24 ca:ŋ.243ʔ,phonetic,chisel,,,,
9-880-815-1,cuoi1242,Cuoi,647,khrə:n.33,phonetic,paint (noun),,,,
9-830-815-1,cuoi1242,Cuoi,1002,tɨəŋ.31,phonetic,statue,,,,
9-791-815-1,cuoi1242,Cuoi,360,kwa:t.31,phonetic,fan (vb),,,,
9-790-815-1,cuoi1242,Cuoi,1971,ke.24 kwa:t.31,phonetic,fan (noun),,,,
9-780-815-1,cuoi1242,Cuoi,293,bi.33ʔ,phonetic,netbag,,,,
9-770-815-1,cuoi1242,Cuoi,195,cɨəw.31,phonetic,mat,,,,
9-770-815-3,cuoi1242,Cuoi,195,ciew.31,phonetic,mat,,,,
9-760-815-1,cuoi1242,Cuoi,1539,vuŋ.31,phonetic,basket,,,,
9-760-815-2,cuoi1242,Cuoi,1539,rɔ.243ʔ,phonetic,basket,,,,
9-760-815-3,cuoi1242,Cuoi,1539,mʌ:m.33ʔ,phonetic,basket,,,,
9-760-815-4,cuoi1242,Cuoi,1539,pe.24,phonetic,basket,,,,
9-760-815-5,cuoi1242,Cuoi,1539,dɔ:ŋ.24 ta:l.24,phonetic,basket,,,,
9-760-815-6,cuoi1242,Cuoi,1539,dɔ:ŋ.24 pə:j.243ʔ,phonetic,basket,,,,
9-750-815-1,cuoi1242,Cuoi,1729,ta:n.33,phonetic,"weave, plait",,,,
9-740-815-1,cuoi1242,Cuoi,604,ki:ń.24,phonetic,glass,,,,
9-730-815-1,cuoi1242,Cuoi,1399,tət.24 tɛ:w.243ʔ,phonetic,clay,,,,
9-690-815-1,cuoi1242,Cuoi,358,thiek.24,phonetic,"tin, tinplate",,,,
9-680-815-1,cuoi1242,Cuoi,627,ci.243ʔ,phonetic,lead (noun),,,,
9-670-815-1,cuoi1242,Cuoi,621,khrat.24,phonetic,iron,,,,
9-660-815-1,cuoi1242,Cuoi,1825,to:ŋ.243ʔ,phonetic,"copper, bronze",,,,
9-650-815-1,cuoi1242,Cuoi,759,pa:k.31,phonetic,silver,,,,
9-640-815-1,cuoi1242,Cuoi,1369,vʌ:ŋ.33ʔ,phonetic,gold,,,,
9-620-815-1,cuoi1242,Cuoi,1648,dɛ.33,phonetic,anvil,,,,
9-610-815-1,cuoi1242,Cuoi,288,rɛ:n.243ʔ,phonetic,forge,,,,
9-600-815-1,cuoi1242,Cuoi,1001,sə.31ʔ rɛ:n.243ʔ,phonetic,"smith, blacksmith",,,,
9-560-815-1,cuoi1242,Cuoi,1069,ho.243ʔ,phonetic,glue,,,,
9-500-815-1,cuoi1242,Cuoi,502,di:ń.33,phonetic,nail,,,,
9-490-815-1,cuoi1242,Cuoi,1481,buo.35,phonetic,hammer,,,,
9-480-815-1,cuoi1242,Cuoi,1948,kɨə.33,phonetic,saw,,,,
9-461-815-1,cuoi1242,Cuoi,46,tuk.31,phonetic,hollow out,,,,
9-461-815-2,cuoi1242,Cuoi,46,tuk.31 po:ŋ.31,phonetic,hollow out,,,,
9-460-815-1,cuoi1242,Cuoi,1501,cu:j.24,phonetic,bore,,,,
9-440-815-1,cuoi1242,Cuoi,1840,səj.33,phonetic,build,,,,
9-430-815-1,cuoi1242,Cuoi,1042,sə.31 mok.31,phonetic,carpenter,,,,
9-422-815-1,cuoi1242,Cuoi,1361,zuŋ.31 ku.31,phonetic,tool,,,,
9-380-815-1,cuoi1242,Cuoi,245,sɔ:k.31,phonetic,broom,,,,
9-360-815-1,cuoi1242,Cuoi,1453,sâ.31ʔ,phonetic,wash,,,,
9-370-815-1,cuoi1242,Cuoi,230,sɔ:k.31,phonetic,sweep,,,,
9-350-815-1,cuoi1242,Cuoi,1487,zo.31ʔ,phonetic,pour,,,,
9-350-815-2,cuoi1242,Cuoi,1487,ra:t.24,phonetic,pour,,,,
9-343-815-1,cuoi1242,Cuoi,1414,vɛń.24,phonetic,"squeeze, wring",,,,
9-342-815-1,cuoi1242,Cuoi,1913,ńən.31,phonetic,press,,,,
9-342-815-2,cuoi1242,Cuoi,1913,kɛ:p.31,phonetic,press,,,,
9-342-815-3,cuoi1242,Cuoi,1913,tɛ.243ʔ,phonetic,press,,,,
9-341-815-1,cuoi1242,Cuoi,357,klɛ:w.33,phonetic,hang up,,,,
9-340-815-1,cuoi1242,Cuoi,38,pa:t.24,phonetic,spread out,,,,
9-340-815-2,cuoi1242,Cuoi,38,zə.31 sa.33,phonetic,spread out,,,,
9-330-815-1,cuoi1242,Cuoi,1455,kɛ:w.24,phonetic,pull,,,,
9-330-815-2,cuoi1242,Cuoi,1455,lɔ:j.33,phonetic,pull,,,,
9-320-815-1,cuoi1242,Cuoi,214,kɛ:w.24,phonetic,stretch,,,,
9-320-815-2,cuoi1242,Cuoi,214,kaŋ.33 sa.33,phonetic,stretch,,,,
9-310-815-1,cuoi1242,Cuoi,1449,cu:j.243ʔ,phonetic,"rub, wipe",,,,
9-310-815-2,cuoi1242,Cuoi,1449,sa.33,phonetic,"rub, wipe",,,,
9-310-815-3,cuoi1242,Cuoi,1449,pâ.33,phonetic,"rub, wipe",,,,
9-310-815-4,cuoi1242,Cuoi,1449,cu:j.243ʔ,phonetic,"rub, wipe",,,,
9-290-815-1,cuoi1242,Cuoi,291,pa:k.24,phonetic,"flay, skin",,,,
9-280-815-1,cuoi1242,Cuoi,1735,sɛ:k.24,phonetic,tear,,,,
9-280-815-2,cuoi1242,Cuoi,1735,rɛ:k.24,phonetic,tear,,,,
9-270-815-1,cuoi1242,Cuoi,1437,cɛ.243ʔ,phonetic,split,,,,
9-261-815-1,cuoi1242,Cuoi,588,pɛ.24ʔ lɛ.31ʔ,phonetic,broken,,,,
9-260-815-1,cuoi1242,Cuoi,680,pɛ.24ʔ,phonetic,break,,,,
9-260-815-2,cuoi1242,Cuoi,680,lɛ.31ʔ,phonetic,break,,,,
9-260-815-3,cuoi1242,Cuoi,680,pe.31ʔ,phonetic,break,,,,
9-260-815-4,cuoi1242,Cuoi,680,ti:c.31,phonetic,break,,,,
9-250-815-1,cuoi1242,Cuoi,677,nɔ:ŋ.24ʔ,phonetic,ax,,,,
9-240-815-1,cuoi1242,Cuoi,356,kɛ:w.24,phonetic,"scissors, shears",,,,
9-230-815-1,cuoi1242,Cuoi,1352,ta:w.33,phonetic,knife,,,,
9-223-815-1,cuoi1242,Cuoi,1434,təm.33ʔ,phonetic,stab,,,,
9-222-815-1,cuoi1242,Cuoi,155,pâ.31 ku:l.31,phonetic,"chop, hew",,,,
9-222-815-2,cuoi1242,Cuoi,155,sa:j.24,phonetic,"chop, hew",,,,
9-222-815-3,cuoi1242,Cuoi,155,cɛ.243ʔ,phonetic,"chop, hew",,,,
9-222-815-4,cuoi1242,Cuoi,155,te:m.24,phonetic,"chop, hew",,,,
9-222-815-5,cuoi1242,Cuoi,155,də:l.33,phonetic,"chop, hew",,,,
9-221-815-1,cuoi1242,Cuoi,355,tɛ:m.24,phonetic,cut down,,,,
9-220-815-1,cuoi1242,Cuoi,1432,ka:c.24,phonetic,cut,,,,
9-211-815-1,cuoi1242,Cuoi,354,thuŋ.24,phonetic,pound with fist,,,,
9-210-815-1,cuoi1242,Cuoi,2133,pâ.243ʔ,phonetic,"strike (hit, beat)",,,,
9-192-815-1,cuoi1242,Cuoi,760,su:t.31,phonetic,knot (noun),,,,
9-190-815-1,cuoi1242,Cuoi,1218,ca:k.31,phonetic,"rope, cord",,,,
9-161-815-1,cuoi1242,Cuoi,352,bə.243ʔ,phonetic,untie,,,,
9-160-815-1,cuoi1242,Cuoi,1917,pɨək.31,phonetic,"tie, bind",,,,
9-160-815-2,cuoi1242,Cuoi,1917,klʌ:j.24,phonetic,"tie, bind",,,,
9-150-815-1,cuoi1242,Cuoi,1470,kəp.24,phonetic,fold,,,,
9-140-815-1,cuoi1242,Cuoi,2004,ʔuon.24,phonetic,bend,,,,
9-120-815-1,cuoi1242,Cuoi,984,mən.243ʔ viek.31,phonetic,work,,,,
9-110-815-1,cuoi1242,Cuoi,2575,mən.243ʔ,phonetic,"do, make",,,,
8-980-815-1,cuoi1242,Cuoi,641,dəm.24,phonetic,mushroom,,,,
8-980-815-2,cuoi1242,Cuoi,641,dəm.24 tu:l.24,phonetic,mushroom,,,,
8-970-815-1,cuoi1242,Cuoi,33,paj.24,phonetic,nettle,,,,
8-941-815-1,cuoi1242,Cuoi,146,mɛ.31,phonetic,sugar cane,,,,
8-940-815-1,cuoi1242,Cuoi,1927,phɛ:w.33,phonetic,bamboo,,,,
8-940-815-2,cuoi1242,Cuoi,1927,ta:ŋ.243ʔ,phonetic,bamboo,,,,
8-940-815-3,cuoi1242,Cuoi,1927,cuk.24,phonetic,bamboo,,,,
8-940-815-4,cuoi1242,Cuoi,1927,rɨŋ.33ʔ,phonetic,bamboo,,,,
8-940-815-5,cuoi1242,Cuoi,1927,na.24,phonetic,bamboo,,,,
8-931-815-1,cuoi1242,Cuoi,864,pi:l.33,phonetic,"pumpkin, squash",,,,
8-930-815-1,cuoi1242,Cuoi,411,pu.243ʔ,phonetic,gourd,,,,
8-920-815-1,cuoi1242,Cuoi,925,ku.33 la:ŋ.33 kəl.33,phonetic,"tapioca, manioc, cassava",,,,
8-912-815-1,cuoi1242,Cuoi,410,khwa:j.33 tɨ.243ʔ,phonetic,yam,,,,
8-912-815-2,cuoi1242,Cuoi,410,kəw.31 dəw.33,phonetic,yam,,,,
8-912-815-3,cuoi1242,Cuoi,410,kwa:j.24,phonetic,yam,,,,
8-910-815-1,cuoi1242,Cuoi,159,ku.33 la:ŋ.24,phonetic,sweet potato,,,,
8-850-815-1,cuoi1242,Cuoi,346,kəl.33 ta.33,phonetic,banyan,,,,
8-840-815-1,cuoi1242,Cuoi,868,kəl.33 ca:j.24,phonetic,banana tree,,,,
8-830-815-1,cuoi1242,Cuoi,1126,ka:m.33,phonetic,citrus fruit,,,,
8-830-815-2,cuoi1242,Cuoi,1126,bɔ:p.24,phonetic,citrus fruit,,,,
8-830-815-3,cuoi1242,Cuoi,1126,pəm.31ʔ,phonetic,citrus fruit,,,,
8-830-815-4,cuoi1242,Cuoi,1126,khra:t.24,phonetic,citrus fruit,,,,
8-820-815-1,cuoi1242,Cuoi,970,zɨə.24,phonetic,coconut,,,,
8-810-815-1,cuoi1242,Cuoi,1181,klʌ.33,phonetic,palm tree,,,,
8-760-815-1,cuoi1242,Cuoi,345,məw.24,phonetic,sap,,,,
8-750-815-1,cuoi1242,Cuoi,1204,pâ.243ʔ,phonetic,bark,,,,
8-740-815-1,cuoi1242,Cuoi,409,ca:ŋ.31 kəl.33,phonetic,forked branch,,,,
8-730-815-1,cuoi1242,Cuoi,344,kəl.33,phonetic,tree trunk,,,,
8-720-815-1,cuoi1242,Cuoi,241,ko:k.31,phonetic,tree stump,,,,
8-691-815-1,cuoi1242,Cuoi,1124,ʔɔ:ŋ.24 diew.24,phonetic,pipe,,,,
8-690-815-1,cuoi1242,Cuoi,1689,hu:t.24 diew.24,phonetic,smoke (tobacco),,,,
8-690-815-2,cuoi1242,Cuoi,1689,hu:t.24 la.24,phonetic,smoke (tobacco),,,,
8-680-815-1,cuoi1242,Cuoi,974,hu:t.24,phonetic,tobacco,,,,
8-620-815-1,cuoi1242,Cuoi,1950,tɛ.24ʔ,phonetic,beech,,,,
8-600-815-1,cuoi1242,Cuoi,906,kəl.31,phonetic,tree,,,,
8-570-815-1,cuoi1242,Cuoi,239,pɔ:ŋ.33,phonetic,flower,,,,
8-560-815-1,cuoi1242,Cuoi,628,la.24,phonetic,leaf,,,,
8-550-815-1,cuoi1242,Cuoi,1531,pa:ŋ.22,phonetic,branch,,,,
8-540-815-1,cuoi1242,Cuoi,670,lɛ:l.31,phonetic,root,,,,
8-531-815-1,cuoi1242,Cuoi,1486,plɔ:ŋ.33,phonetic,plant (vb),,,,
8-520-815-1,cuoi1242,Cuoi,342,kâ.243ʔ khɔ.33,phonetic,hay,,,,
8-510-815-1,cuoi1242,Cuoi,606,kâ.243ʔ,phonetic,grass,,,,
8-480-815-1,cuoi1242,Cuoi,926,kə:m.33,phonetic,rice,,,,
8-470-815-1,cuoi1242,Cuoi,506,ku.33 rə:w.243ʔ,phonetic,"maize, corn",,,,
8-420-815-1,cuoi1242,Cuoi,605,hɛk.31,phonetic,"grain (barley, oats etc)",,,,
8-410-815-1,cuoi1242,Cuoi,611,ha:j.24,phonetic,"crop, harvest",,,,
8-340-815-1,cuoi1242,Cuoi,285,cəp.31 lɔ.31,phonetic,thresh,,,,
8-340-815-2,cuoi1242,Cuoi,285,tuot.24 lɔ.31,phonetic,thresh,,,,
8-330-815-1,cuoi1242,Cuoi,2132,lâŋ.243ʔ vâŋ.243ʔ,phonetic,"sickle, scythe",,,,
8-330-815-2,cuoi1242,Cuoi,2132,liem.243ʔ,phonetic,"sickle, scythe",,,,
8-320-815-1,cuoi1242,Cuoi,190,haj.24,phonetic,"mow, reap",,,,
8-311-815-1,cuoi1242,Cuoi,714,hɛc.31 câ:ŋ.24,phonetic,seed,,,,
8-310-815-1,cuoi1242,Cuoi,748,va:l.31,phonetic,sow,,,,
8-270-815-1,cuoi1242,Cuoi,338,ka:w.24,phonetic,rake,,,,
8-260-815-1,cuoi1242,Cuoi,337,cie.243ʔ,phonetic,fork,,,,
8-250-815-1,cuoi1242,Cuoi,284,kuok.24,phonetic,hoe,,,,
8-240-815-1,cuoi1242,Cuoi,1901,ve:n.33,phonetic,shovel,,,,
8-230-815-1,cuoi1242,Cuoi,1176,cɔ:ŋ.243ʔ,phonetic,spade,,,,
8-212-815-1,cuoi1242,Cuoi,1794,tâ:ŋ.243ʔ kal.24,phonetic,furrow,,,,
8-220-815-1,cuoi1242,Cuoi,1418,ca.24,phonetic,dig,,,,
8-210-815-1,cuoi1242,Cuoi,1921,kal.24,phonetic,plow,,,,
8-170-815-1,cuoi1242,Cuoi,2002,ha:w.243ʔ,phonetic,ditch,,,,
8-170-815-2,cuoi1242,Cuoi,2002,mɨəŋ.33,phonetic,ditch,,,,
8-170-815-3,cuoi1242,Cuoi,2002,ra:ń.31,phonetic,ditch,,,,
8-160-815-1,cuoi1242,Cuoi,1690,ha:ŋ.243ʔ ra:n.33ʔ,phonetic,fence,,,,
8-150-815-1,cuoi1242,Cuoi,1541,kəl.33 kəl.24,phonetic,"cultivate, till",,,,
8-130-815-1,cuoi1242,Cuoi,586,vɨən.33,phonetic,garden,,,,
8-120-815-1,cuoi1242,Cuoi,212,rɔ:ŋ.31,phonetic,field (for cultivation),,,,
7-630-815-1,cuoi1242,Cuoi,224,ho.243ʔ,phonetic,mortar,,,,
7-630-815-2,cuoi1242,Cuoi,224,si.33 maŋ.33,phonetic,mortar,,,,
7-610-815-1,cuoi1242,Cuoi,877,sə.31 ne.33,phonetic,mason,,,,
7-570-815-1,cuoi1242,Cuoi,1227,pa:n.24,phonetic,board,,,,
7-560-815-1,cuoi1242,Cuoi,281,khra:w.33,phonetic,"post, pole",,,,
7-560-815-2,cuoi1242,Cuoi,281,kɔk.31,phonetic,"post, pole",,,,
7-560-815-3,cuoi1242,Cuoi,281,ko:t.31,phonetic,"post, pole",,,,
7-550-815-1,cuoi1242,Cuoi,1132,ka:ŋ.24,phonetic,beam,,,,
7-540-815-1,cuoi1242,Cuoi,829,su:j.33,phonetic,rafter,,,,
7-530-815-1,cuoi1242,Cuoi,280,tɔ:n.243ʔ dʌ:k.24,phonetic,ridgepole,,,,
7-520-815-1,cuoi1242,Cuoi,279,ma:j.24,phonetic,thatch,,,,
7-510-815-1,cuoi1242,Cuoi,769,ma:j.24,phonetic,roof,,,,
7-480-815-1,cuoi1242,Cuoi,205,pɔ:ŋ.243ʔ,phonetic,trough,,,,
7-470-815-1,cuoi1242,Cuoi,745,khra:ŋ.31,phonetic,shelf,,,,
7-460-815-1,cuoi1242,Cuoi,1273,ne:n.24,phonetic,candle,,,,
7-450-815-1,cuoi1242,Cuoi,2131,tɛ:m.243ʔ,phonetic,"lamp, torch",,,,
7-440-815-1,cuoi1242,Cuoi,1775,ba:n.243ʔ,phonetic,table,,,,
7-430-815-1,cuoi1242,Cuoi,1476,ɣe.24,phonetic,chair,,,,
7-422-815-1,cuoi1242,Cuoi,806,phrə:j.33,phonetic,blanket,,,,
7-421-815-1,cuoi1242,Cuoi,1044,kɔ:l.24,phonetic,pillow,,,,
7-420-815-1,cuoi1242,Cuoi,1663,cə:ŋ.243ʔ,phonetic,bed,,,,
7-370-815-1,cuoi1242,Cuoi,1464,kle:k.24,phonetic,ladder,,,,
7-330-815-1,cuoi1242,Cuoi,1305,ʔâ:ŋ.24 khʌ:j.24,phonetic,chimney,,,,
7-320-815-1,cuoi1242,Cuoi,859,lɔ.33 lɔ.243ʔ,phonetic,stove,,,,
7-310-815-1,cuoi1242,Cuoi,185,pe:ŋ.33 (ku:l.31),phonetic,fireplace,,,,
7-270-815-1,cuoi1242,Cuoi,933,tɨəŋ.243ʔ,phonetic,wall,,,,
7-270-815-2,cuoi1242,Cuoi,933,tɨŋ.24,phonetic,wall,,,,
7-260-815-1,cuoi1242,Cuoi,1632,za:n.31 ńâ.243ʔ,phonetic,floor,,,,
7-250-815-1,cuoi1242,Cuoi,1375,bâ:ŋ.24,phonetic,window,,,,
7-240-815-1,cuoi1242,Cuoi,1472,cie.243ʔ khwa.24,phonetic,key,,,,
7-231-815-1,cuoi1242,Cuoi,1012,cɔ:t.24 kɨə.31,phonetic,"latch, door-bolt",,,,
7-231-815-2,cuoi1242,Cuoi,1012,kâ:l.243ʔ kɨə.31,phonetic,"latch, door-bolt",,,,
7-230-815-1,cuoi1242,Cuoi,1596,kɛ.24 khwa.24,phonetic,lock (noun),,,,
7-221-815-1,cuoi1242,Cuoi,80,ko:t.31 kɔ:ŋ.243ʔ,phonetic,"doorpost, jamb",,,,
7-210-815-1,cuoi1242,Cuoi,1450,phɔŋ.243ʔ,phonetic,room,,,,
7-210-815-2,cuoi1242,Cuoi,1450,za:n.33,phonetic,room,,,,
7-220-815-1,cuoi1242,Cuoi,1567,kɨə.31,phonetic,"door, gate",,,,
7-220-815-2,cuoi1242,Cuoi,1567,kɔ:ŋ.243ʔ,phonetic,"door, gate",,,,
7-170-815-1,cuoi1242,Cuoi,334,ńâ.243ʔ be:p.24,phonetic,cookhouse,,,,
7-150-815-1,cuoi1242,Cuoi,736,sən.33,phonetic,"yard, court",,,,
7-130-815-1,cuoi1242,Cuoi,1678,la:n.334,phonetic,hut,,,,
7-130-815-2,cuoi1242,Cuoi,1678,ńâ.243ʔ ra:n.31,phonetic,hut,,,,
7-130-815-3,cuoi1242,Cuoi,1678,cɔ:l.24ʔ,phonetic,hut,,,,
7-120-815-1,cuoi1242,Cuoi,1252,ńâ.243ʔ,phonetic,house,,,,
7-110-815-1,cuoi1242,Cuoi,363,ʔə.24ʔ,phonetic,"dwell, live",,,,
6-960-815-1,cuoi1242,Cuoi,1171,kɨəŋ.24ʔ,phonetic,mirror,,,,
6-950-815-1,cuoi1242,Cuoi,788,sa.33 phɔŋ.33,phonetic,soap,,,,
6-940-815-1,cuoi1242,Cuoi,1926,kâ.24ʔ mə.31,phonetic,ointment,,,,
6-930-815-1,cuoi1242,Cuoi,151,ta:w.33 na:w.31,phonetic,razor,,,,
6-921-815-1,cuoi1242,Cuoi,333,vɛ:ń.31,phonetic,braid,,,,
6-920-815-1,cuoi1242,Cuoi,1821,bɔ:t.24,phonetic,brush,,,,
6-910-815-1,cuoi1242,Cuoi,1475,ci:c.31,phonetic,comb,,,,
6-820-815-1,cuoi1242,Cuoi,1021,khan.33 mat.31,phonetic,towel,,,,
6-810-815-1,cuoi1242,Cuoi,332,khan.33,phonetic,"handkerchief, rag",,,,
6-790-815-1,cuoi1242,Cuoi,68,câ:m.31,phonetic,tattoo,,,,
6-780-815-1,cuoi1242,Cuoi,330,khan.33 ziew.31,phonetic,"headband, headdress",,,,
6-770-815-1,cuoi1242,Cuoi,770,hwa.33 sa:j.33,phonetic,earring,,,,
6-760-815-1,cuoi1242,Cuoi,1860,tə:l.31,phonetic,bead,,,,
6-740-815-1,cuoi1242,Cuoi,1754,plam.33,phonetic,bracelet,,,,
6-730-815-1,cuoi1242,Cuoi,1374,ńən.31,phonetic,ring (for finger),,,,
6-630-815-1,cuoi1242,Cuoi,64,di:ń.33,phonetic,pin,,,,
6-620-815-1,cuoi1242,Cuoi,757,kuk.24,phonetic,button,,,,
6-610-815-1,cuoi1242,Cuoi,1851,ba:w.24,phonetic,pocket,,,,
6-570-815-1,cuoi1242,Cuoi,772,ca:k.31 ni:t.31,phonetic,"belt, girdle",,,,
6-550-815-1,cuoi1242,Cuoi,2130,mu.31,phonetic,"hat, cap",,,,
6-540-815-1,cuoi1242,Cuoi,875,sə.31 zaj.33,phonetic,"shoemaker, cobbler",,,,
6-510-815-1,cuoi1242,Cuoi,1381,zaj.33,phonetic,shoe,,,,
6-490-815-1,cuoi1242,Cuoi,329,bi:t.24 tət.24,phonetic,"stocking, sock",,,,
6-480-815-1,cuoi1242,Cuoi,809,kwən.33,phonetic,trousers,,,,
6-460-815-1,cuoi1242,Cuoi,1600,zɨək.31,phonetic,skirt,,,,
6-450-815-1,cuoi1242,Cuoi,2012,kɔ.243ʔ ʔa:w.24,phonetic,collar,,,,
6-390-815-1,cuoi1242,Cuoi,157,ńə:m.31,phonetic,dye,,,,
6-410-815-1,cuoi1242,Cuoi,326,ʔa:w.24,phonetic,cloak,,,,
6-380-815-1,cuoi1242,Cuoi,1161,sɛ.243ʔ ci:l.243ʔ,phonetic,thread,,,,
6-360-815-1,cuoi1242,Cuoi,1382,ki:m.33,phonetic,needle,,,,
6-370-815-1,cuoi1242,Cuoi,278,cu:j.243ʔ,phonetic,awl,,,,
6-350-815-1,cuoi1242,Cuoi,1457,bal.24,phonetic,sew,,,,
6-330-815-1,cuoi1242,Cuoi,133,ta:n.33,phonetic,weave,,,,
6-310-815-1,cuoi1242,Cuoi,121,pal.24 ci:l.243ʔ,phonetic,spin,,,,
6-290-815-1,cuoi1242,Cuoi,629,khrɔ:t.24,phonetic,leather,,,,
6-280-815-1,cuoi1242,Cuoi,580,suk.24,phonetic,fur,,,,
6-250-815-1,cuoi1242,Cuoi,1641,me.31 tam.243ʔ,phonetic,silk,,,,
6-250-815-2,cuoi1242,Cuoi,1641,luo.31,phonetic,silk,,,,
6-240-815-1,cuoi1242,Cuoi,1850,bɔŋ.22,phonetic,cotton,,,,
6-220-815-1,cuoi1242,Cuoi,964,lɛ:n.33,phonetic,wool,,,,
6-210-815-1,cuoi1242,Cuoi,1616,pa:l.24,phonetic,cloth,,,,
6-130-815-1,cuoi1242,Cuoi,881,sə.31 bal.33,phonetic,tailor,,,,
6-120-815-1,cuoi1242,Cuoi,1895,kwən.243ʔ ʔa:w.24,phonetic,"clothing, clothes",,,,
6-110-815-1,cuoi1242,Cuoi,158,mak.31,phonetic,put on (clothes),,,,
5-971-815-1,cuoi1242,Cuoi,1556,lâ:ŋ.31 vâ:ŋ.243ʔ,phonetic,egg yolk,,,,
5-970-815-1,cuoi1242,Cuoi,744,klə:ŋ.24,phonetic,egg,,,,
5-940-815-1,cuoi1242,Cuoi,404,rɨəw.31,phonetic,fermented drink,,,,
5-930-815-1,cuoi1242,Cuoi,1639,bie.33,phonetic,beer,,,,
5-920-815-1,cuoi1242,Cuoi,1524,rɨəw.31 va:ŋ.33,phonetic,wine,,,,
5-900-815-1,cuoi1242,Cuoi,731,do.33 ńo.31,phonetic,"beverage, drink",,,,
5-870-815-1,cuoi1242,Cuoi,93,nɛ:c.31,phonetic,milk (vb),,,,
5-850-815-1,cuoi1242,Cuoi,862,dɨəŋ.24ʔ,phonetic,sugar,,,,
5-860-815-1,cuoi1242,Cuoi,635,da:k.24 ʔu.24,phonetic,milk (noun),,,,
5-840-815-1,cuoi1242,Cuoi,942,mi:c.31 ʔâ:ŋ.33,phonetic,honey,,,,
5-821-815-1,cuoi1242,Cuoi,919,ʔə:t.24 po:t.31,phonetic,chili pepper,,,,
5-820-815-1,cuoi1242,Cuoi,1385,hɛk.31 tiew.33,phonetic,pepper,,,,
5-810-815-1,cuoi1242,Cuoi,1274,bʌ:j.35,phonetic,salt,,,,
5-791-815-1,cuoi1242,Cuoi,323,mə.31,phonetic,"grease, fat",,,,
5-790-815-1,cuoi1242,Cuoi,1484,zəw.24,phonetic,oil,,,,
5-770-815-1,cuoi1242,Cuoi,191,hɛk.31,phonetic,nut,,,,
5-750-815-1,cuoi1242,Cuoi,322,tən.33,phonetic,fig,,,,
5-712-815-1,cuoi1242,Cuoi,1966,klo:k.31,phonetic,bunch,,,,
5-710-815-1,cuoi1242,Cuoi,1507,ple.24ʔ,phonetic,fruit,,,,
5-700-815-1,cuoi1242,Cuoi,593,khwa:j.33 təj.33,phonetic,potato,,,,
5-660-815-1,cuoi1242,Cuoi,832,do.31,phonetic,bean,,,,
5-650-815-1,cuoi1242,Cuoi,924,za:w.33,phonetic,vegetables,,,,
5-640-815-1,cuoi1242,Cuoi,1547,kɛ:ń.24,phonetic,"soup, broth",,,,
5-610-815-1,cuoi1242,Cuoi,634,si:t.31,phonetic,meat,,,,
5-590-815-1,cuoi1242,Cuoi,225,re.24,phonetic,pestle,,,,
5-580-815-1,cuoi1242,Cuoi,224,kɔ:l.24,phonetic,mortar (2),,,,
5-570-815-1,cuoi1242,Cuoi,636,pə:j.243ʔ,phonetic,mill,,,,
5-560-815-1,cuoi1242,Cuoi,1033,saj.33,phonetic,"crush, grind",,,,
5-560-815-2,cuoi1242,Cuoi,1033,ŋien.243ʔ,phonetic,"crush, grind",,,,
5-560-815-3,cuoi1242,Cuoi,1033,cəp.31,phonetic,"crush, grind",,,,
5-560-815-4,cuoi1242,Cuoi,1033,thi.243ʔ da:t.24,phonetic,"crush, grind",,,,
5-550-815-1,cuoi1242,Cuoi,1594,po:t.31,phonetic,"meal, flour",,,,
5-540-815-1,cuoi1242,Cuoi,274,vəl.24,phonetic,knead,,,,
5-530-815-1,cuoi1242,Cuoi,273,po:t.31,phonetic,dough,,,,
5-510-815-1,cuoi1242,Cuoi,1368,pɛ:ń.24 mi.243ʔ,phonetic,bread,,,,
5-490-815-1,cuoi1242,Cuoi,2017,lo:n.31,phonetic,"stir, mix",,,,
5-490-815-2,cuoi1242,Cuoi,2017,pha.24 lo:n.31,phonetic,"stir, mix",,,,
5-480-815-1,cuoi1242,Cuoi,1767,cu:j.24ʔ,phonetic,scrape,,,,
5-470-815-1,cuoi1242,Cuoi,86,sə:ŋ.24,phonetic,"sieve, strain",,,,
5-460-815-1,cuoi1242,Cuoi,275,lo:t.31,phonetic,peel,,,,
5-450-815-1,cuoi1242,Cuoi,1833,ʔan.33 su:l.24,phonetic,supper,,,,
5-430-815-1,cuoi1242,Cuoi,768,ʔan.33 klâ.33,phonetic,lunch,,,,
5-420-815-1,cuoi1242,Cuoi,1322,ʔan.33 (za.31) rə:m.24,phonetic,breakfast,,,,
5-410-815-1,cuoi1242,Cuoi,1526,cə.24ʔ,phonetic,meal (a),,,,
5-391-815-1,cuoi1242,Cuoi,272,ke.24 kɛ:p.31,phonetic,tongs,,,,
5-390-815-1,cuoi1242,Cuoi,1302,cie.243ʔ,phonetic,fork (2),,,,
5-380-815-1,cuoi1242,Cuoi,1352,ta:w.24,phonetic,knife (2),,,,
5-370-815-1,cuoi1242,Cuoi,1378,thie.243ʔ,phonetic,spoon,,,,
5-360-815-1,cuoi1242,Cuoi,271,die.31 dɛ:t.24,phonetic,saucer,,,,
5-350-815-1,cuoi1242,Cuoi,476,cɛ:n.24,phonetic,"cup, drinking vessel",,,,
5-330-815-1,cuoi1242,Cuoi,1530,pa:t.24,phonetic,bowl,,,,
5-340-815-1,cuoi1242,Cuoi,270,pu.33 li:ń.33,phonetic,"pitcher, jug",,,,
5-340-815-2,cuoi1242,Cuoi,270,cu:m.33,phonetic,"pitcher, jug",,,,
5-320-815-1,cuoi1242,Cuoi,480,die.31 dɛ:t.24,phonetic,plate,,,,
5-310-815-1,cuoi1242,Cuoi,481,die.31,phonetic,dish,,,,
5-280-815-1,cuoi1242,Cuoi,31,ca:w.31,phonetic,pan,,,,
5-260-815-1,cuoi1242,Cuoi,1462,puŋ.243ʔ,phonetic,"pot, cooking vessel",,,,
5-270-815-1,cuoi1242,Cuoi,854,ʔəm.24,phonetic,kettle,,,,
5-240-815-1,cuoi1242,Cuoi,183,da:ŋ.24,phonetic,bake,,,,
5-250-815-1,cuoi1242,Cuoi,1143,pe:ŋ.24,phonetic,oven,,,,
5-230-815-1,cuoi1242,Cuoi,2146,da:ŋ.24,phonetic,"roast, fry",,,,
5-230-815-2,cuoi1242,Cuoi,2146,da:ŋ.24,phonetic,"roast, fry",,,,
5-230-815-3,cuoi1242,Cuoi,2146,ra:n.24,phonetic,"roast, fry",,,,
5-220-815-1,cuoi1242,Cuoi,792,pət.31 pu:l.24,phonetic,boil (vb),,,,
5-210-815-1,cuoi1242,Cuoi,1100,dɔ.24,phonetic,cook,,,,
5-190-815-1,cuoi1242,Cuoi,129,ʔɔ:l.24,phonetic,choke,,,,
5-181-815-1,cuoi1242,Cuoi,897,lə:n.24,phonetic,swallow,,,,
5-180-815-1,cuoi1242,Cuoi,321,ńa.24,phonetic,chew,,,,
5-160-815-1,cuoi1242,Cuoi,1421,ʔu.24,phonetic,suck,,,,
5-150-815-1,cuoi1242,Cuoi,848,kha:t.24 da:k.24,phonetic,thirst,,,,
5-141-815-1,cuoi1242,Cuoi,199,na:n.31 tʌ:j.24,phonetic,famine,,,,
5-140-815-1,cuoi1242,Cuoi,1864,ŋɔ.31 du:l.24,phonetic,hunger,,,,
5-130-815-1,cuoi1242,Cuoi,1401,ńo.31,phonetic,drink,,,,
5-125-815-1,cuoi1242,Cuoi,1728,hɔ:j.24ʔ,phonetic,rotten,,,,
5-125-815-2,cuoi1242,Cuoi,1728,ʔɨən.33,phonetic,rotten,,,,
5-125-815-3,cuoi1242,Cuoi,1728,khəm.24,phonetic,rotten,,,,
5-125-815-4,cuoi1242,Cuoi,1728,kâ.24 mu:j.243ʔ,phonetic,rotten,,,,
5-124-815-1,cuoi1242,Cuoi,1958,sɛ:ń.33,phonetic,"green, unripe",,,,
5-123-815-1,cuoi1242,Cuoi,178,ci:n.24,phonetic,ripe,,,,
5-122-815-1,cuoi1242,Cuoi,1959,klo:ŋ.31,phonetic,raw,,,,
5-122-815-2,cuoi1242,Cuoi,1959,ha.31 ca.33 ci:n.24,phonetic,raw,,,,
5-121-815-1,cuoi1242,Cuoi,269,ci:n.24,phonetic,cooked,,,,
5-121-815-2,cuoi1242,Cuoi,269,lɔ:k.31 ci:n.24,phonetic,cooked,,,,
5-120-815-1,cuoi1242,Cuoi,256,kɛ:ń.33,phonetic,food,,,,
5-110-815-1,cuoi1242,Cuoi,1336,ʔan.33,phonetic,eat,,,,
4-990-815-1,cuoi1242,Cuoi,590,plɔ.24ʔ,phonetic,"naked, bare",,,,
4-970-815-1,cuoi1242,Cuoi,1653,tu:l.33,phonetic,blind,,,,
4-980-815-1,cuoi1242,Cuoi,1463,phrʌj.33 rɨəw.31,phonetic,intoxicated,,,,
4-960-815-1,cuoi1242,Cuoi,1666,kəm.33,phonetic,mute,,,,
4-950-815-1,cuoi1242,Cuoi,996,tʌ:j.33,phonetic,deaf,,,,
4-930-815-1,cuoi1242,Cuoi,1125,klɔ:l.33 klo:k.24,phonetic,bald,,,,
4-940-815-1,cuoi1242,Cuoi,320,kwɛ.243ʔ,phonetic,lame,,,,
4-940-815-2,cuoi1242,Cuoi,320,ti.243ʔ za:l.24,phonetic,lame,,,,
4-920-815-1,cuoi1242,Cuoi,1564,ńa:k.24,phonetic,lazy,,,,
4-912-815-1,cuoi1242,Cuoi,168,ŋi.24ʔ,phonetic,rest,,,,
4-910-815-1,cuoi1242,Cuoi,1757,ńɔ:k.31,phonetic,"tired, weary",,,,
4-890-815-1,cuoi1242,Cuoi,655,suok.24,phonetic,poison,,,,
4-880-815-1,cuoi1242,Cuoi,1372,kâ.24ʔ,phonetic,"medicine, drug",,,,
4-870-815-1,cuoi1242,Cuoi,597,ba:k.24 si.31,phonetic,physician,,,,
4-870-815-2,cuoi1242,Cuoi,597,saj.243ʔ kâ.24ʔ,phonetic,physician,,,,
4-860-815-1,cuoi1242,Cuoi,499,cɨə.31 bi:ń.31,phonetic,"cure, heal",,,,
4-858-815-1,cuoi1242,Cuoi,497,pi:t.24,phonetic,scar,,,,
4-857-815-1,cuoi1242,Cuoi,1808,tuŋ.31,phonetic,pus,,,,
4-856-815-1,cuoi1242,Cuoi,793,mu:t.31,phonetic,boil (noun),,,,
4-855-815-1,cuoi1242,Cuoi,1584,phɔŋ.24ʔ,phonetic,blister,,,,
4-854-815-1,cuoi1242,Cuoi,148,kəl.31,phonetic,itch,,,,
4-854-815-2,cuoi1242,Cuoi,148,ŋâ.31,phonetic,itch,,,,
4-853-815-1,cuoi1242,Cuoi,1903,kəl.31,phonetic,swelling,,,,
4-853-815-2,cuoi1242,Cuoi,1903,puŋ.24,phonetic,swelling,,,,
4-852-815-1,cuoi1242,Cuoi,1148,pəm.243ʔ,phonetic,bruise,,,,
4-850-815-1,cuoi1242,Cuoi,1109,pi:t.24,phonetic,"wound, sore",,,,
4-843-815-1,cuoi1242,Cuoi,102,ka:m.24,phonetic,cold (catarrh),,,,
4-842-815-1,cuoi1242,Cuoi,1957,pɛ:m.31,phonetic,goiter,,,,
4-841-815-1,cuoi1242,Cuoi,1534,ʔɛ:l.24,phonetic,fever,,,,
4-840-815-1,cuoi1242,Cuoi,1847,ʔɔ:m.24,phonetic,"sick, sickness",,,,
4-830-815-1,cuoi1242,Cuoi,1364,khwɛ.24,phonetic,"well, health",,,,
4-820-815-1,cuoi1242,Cuoi,1601,ʔiew.24,phonetic,weak,,,,
4-810-815-1,cuoi1242,Cuoi,785,khwɛ.24,phonetic,"strong, mighty, powerful",,,,
4-790-815-1,cuoi1242,Cuoi,1773,ma.24ʔ,phonetic,"grave, tomb",,,,
4-780-815-1,cuoi1242,Cuoi,1719,pu:l.24,phonetic,bury (the dead),,,,
4-770-815-1,cuoi1242,Cuoi,767,sa:k.24,phonetic,corpse,,,,
4-760-815-1,cuoi1242,Cuoi,1417,tɛ:m.24,phonetic,kill,,,,
4-751-815-1,cuoi1242,Cuoi,1904,tɔ:l.31 da:k.24,phonetic,drowned,,,,
4-750-815-1,cuoi1242,Cuoi,1494,ce:t.24,phonetic,"die, dead",,,,
4-740-815-1,cuoi1242,Cuoi,1422,klo:ŋ.31,phonetic,"live, living, life",,,,
4-732-815-1,cuoi1242,Cuoi,1087,dən.24,phonetic,conceive,,,,
4-730-815-1,cuoi1242,Cuoi,1123,kɔ.24 ba:ŋ.33,phonetic,pregnant,,,,
4-720-815-1,cuoi1242,Cuoi,1090,tɛ.243ʔ,phonetic,born (to be),,,,
4-710-815-1,cuoi1242,Cuoi,1152,tɛ.243ʔ,phonetic,beget (of father),,,,
4-690-815-1,cuoi1242,Cuoi,138,ʔəm.24,phonetic,bathe,,,,
4-680-815-1,cuoi1242,Cuoi,52,klaŋ.24,phonetic,shiver,,,,
4-680-815-2,cuoi1242,Cuoi,52,zuŋ.24,phonetic,shiver,,,,
4-670-815-1,cuoi1242,Cuoi,1785,dɛ:w.24,phonetic,have sexual intercourse,,,,
4-660-815-1,cuoi1242,Cuoi,676,ti.33 ʔɛ.24ʔ,phonetic,defecate,,,,
4-650-815-1,cuoi1242,Cuoi,592,te.24,phonetic,urinate,,,,
4-640-815-1,cuoi1242,Cuoi,1159,tɛ:ń.24 səm.24,phonetic,break wind,,,,
4-630-815-1,cuoi1242,Cuoi,1602,sɨk.24 ti:ń.243ʔ,phonetic,wake up,,,,
4-620-815-1,cuoi1242,Cuoi,1920,pɔ.32,phonetic,dream,,,,
4-620-815-2,cuoi1242,Cuoi,1920,pɔ.33 co.31,phonetic,dream,,,,
4-612-815-1,cuoi1242,Cuoi,1983,ŋal.31,phonetic,snore,,,,
4-610-815-1,cuoi1242,Cuoi,1585,taj.24ʔ,phonetic,sleep,,,,
4-591-815-1,cuoi1242,Cuoi,268,cal.243ʔ da:k.24 cʌ.31,phonetic,dribble,,,,
4-590-815-1,cuoi1242,Cuoi,319,lɛ:m.31,phonetic,lick,,,,
4-580-815-1,cuoi1242,Cuoi,1403,kam.31,phonetic,bite,,,,
4-570-815-1,cuoi1242,Cuoi,1278,ba.243ʔ,phonetic,vomit,,,,
4-560-815-1,cuoi1242,Cuoi,1440,da:k.24 cʌ.31,phonetic,spit,,,,
4-550-815-1,cuoi1242,Cuoi,126,sa.33 hu:l.243ʔ,phonetic,perspire,,,,
4-540-815-1,cuoi1242,Cuoi,1621,hət.24 mu:l.31,phonetic,sneeze,,,,
4-530-815-1,cuoi1242,Cuoi,879,hɛ:n.33,phonetic,cough,,,,
4-521-815-1,cuoi1242,Cuoi,162,ʔâk.24 nâk.24,phonetic,hiccough,,,,
4-520-815-1,cuoi1242,Cuoi,1028,ŋa:p.24,phonetic,"yawn, gape",,,,
4-510-815-1,cuoi1242,Cuoi,1407,thə.243ʔ,phonetic,"breathe, breath",,,,
4-492-815-1,cuoi1242,Cuoi,1222,lɔ.31,phonetic,penis,,,,
4-490-815-1,cuoi1242,Cuoi,797,ta:l.24,phonetic,testicle,,,,
4-464-815-1,cuoi1242,Cuoi,834,ple.24 ti:t.31,phonetic,buttocks,,,,
4-463-815-1,cuoi1242,Cuoi,1745,hɔ:ŋ.24,phonetic,hip,,,,
4-463-815-2,cuoi1242,Cuoi,1745,khwa.33 ha:ŋ.24,phonetic,hip,,,,
4-462-815-1,cuoi1242,Cuoi,1681,lɨŋ.33,phonetic,waist,,,,
4-461-815-1,cuoi1242,Cuoi,1991,rɔ:t.31,phonetic,"intestines, guts",,,,
4-460-815-1,cuoi1242,Cuoi,819,luŋ.24,phonetic,stomach,,,,
4-452-815-1,cuoi1242,Cuoi,1744,la.24 lʌ.32,phonetic,spleen,,,,
4-451-815-1,cuoi1242,Cuoi,489,thən.31,phonetic,kidney,,,,
4-450-815-1,cuoi1242,Cuoi,1224,lɔ:m.33,phonetic,liver,,,,
4-441-815-1,cuoi1242,Cuoi,688,phɔ:l.24,phonetic,lung,,,,
4-440-815-1,cuoi1242,Cuoi,1223,ti:m.33,phonetic,heart,,,,
4-430-815-1,cuoi1242,Cuoi,1838,su:n.33 su:n.24,phonetic,navel,,,,
4-420-815-1,cuoi1242,Cuoi,154,ʔu.24,phonetic,udder,,,,
4-412-815-1,cuoi1242,Cuoi,796,təw.33 vəw.33 ʔu.24,phonetic,"nipple, teat",,,,
4-410-815-1,cuoi1242,Cuoi,1402,ʔu.24,phonetic,breast (of woman),,,,
4-400-815-1,cuoi1242,Cuoi,1592,ta:ŋ.42 da:ŋ.32,phonetic,chest,,,,
4-393-815-1,cuoi1242,Cuoi,1201,suk.24 ci:m.33,phonetic,feather,,,,
4-392-815-1,cuoi1242,Cuoi,1257,kwɛ:ń.24,phonetic,wing,,,,
4-380-815-1,cuoi1242,Cuoi,1389,dʌ:j.24 kaŋ.243ʔ,phonetic,toe,,,,
4-374-815-1,cuoi1242,Cuoi,318,zɔ:k.31 kaŋ.243ʔ,phonetic,footprint,,,,
4-372-815-1,cuoi1242,Cuoi,980,də:l.33 ci:ń.243ʔ,phonetic,heel,,,,
4-371-815-1,cuoi1242,Cuoi,803,mat.31 lu.31,phonetic,ankle,,,,
4-370-815-1,cuoi1242,Cuoi,1301,pa:ŋ.24 kaŋ.243ʔ,phonetic,foot,,,,
4-360-815-1,cuoi1242,Cuoi,1371,klo:k.31 kəl.24,phonetic,knee,,,,
4-352-815-1,cuoi1242,Cuoi,498,ple.24 pɔ:m.243ʔ,phonetic,calf of leg,,,,
4-351-815-1,cuoi1242,Cuoi,800,ple.24 pa.24ʔ,phonetic,thigh,,,,
4-350-815-1,cuoi1242,Cuoi,1297,kaŋ.243ʔ,phonetic,leg,,,,
4-345-815-1,cuoi1242,Cuoi,72,sam.33,phonetic,claw,,,,
4-344-815-1,cuoi1242,Cuoi,1258,sam.33,phonetic,fingernail,,,,
4-342-815-1,cuoi1242,Cuoi,1781,dʌ:j.24 be:w.31,phonetic,thumb,,,,
4-340-815-1,cuoi1242,Cuoi,1303,dʌ:j.24 si.24ʔ,phonetic,finger,,,,
4-331-815-1,cuoi1242,Cuoi,1183,lâŋ.243ʔ pa:ŋ.24 si.24ʔ,phonetic,palm of hand,,,,
4-330-815-1,cuoi1242,Cuoi,1277,pa:ŋ.24 si.24ʔ,phonetic,hand,,,,
4-321-815-1,cuoi1242,Cuoi,799,kɔ.243ʔ si.24ʔ,phonetic,wrist,,,,
4-320-815-1,cuoi1242,Cuoi,981,kɛ:ń.24 kɛ:ń.24 si.24ʔ,phonetic,elbow,,,,
4-312-815-1,cuoi1242,Cuoi,1886,kɛk.24 kɛk.24,phonetic,armpit,,,,
4-310-815-1,cuoi1242,Cuoi,1673,si.24ʔ,phonetic,arm,,,,
4-302-815-1,cuoi1242,Cuoi,1994,sɨəŋ.33 pɛ:t.24,phonetic,collarbone,,,,
4-301-815-1,cuoi1242,Cuoi,172,tha:l.35 pa:j.243ʔ,phonetic,shoulderblade,,,,
4-300-815-1,cuoi1242,Cuoi,1482,pa:j.243ʔ,phonetic,shoulder,,,,
4-290-815-1,cuoi1242,Cuoi,1346,hɔ:ŋ.31,phonetic,throat,,,,
4-281-815-1,cuoi1242,Cuoi,1347,tɛ.42 rɔ.243ʔ,phonetic,nape of neck,,,,
4-280-815-1,cuoi1242,Cuoi,1333,kɔ.243ʔ,phonetic,neck,,,,
4-272-815-1,cuoi1242,Cuoi,1049,nɛ:ŋ.24 ha:m.243ʔ,phonetic,molartooth,,,,
4-270-815-1,cuoi1242,Cuoi,1380,nɛŋ.24,phonetic,tooth,,,,
4-270-815-2,cuoi1242,Cuoi,1380,ŋʌ.243ʔ,phonetic,tooth,,,,
4-271-815-1,cuoi1242,Cuoi,139,ŋʌ.243ʔ,phonetic,gums,,,,
4-271-815-2,cuoi1242,Cuoi,139,lə:j.31,phonetic,gums,,,,
4-260-815-1,cuoi1242,Cuoi,1205,la:l.33,phonetic,tongue,,,,
4-250-815-1,cuoi1242,Cuoi,478,pəl.33 bɔ:j.24ʔ,phonetic,lip,,,,
4-241-815-1,cuoi1242,Cuoi,73,bâ.243ʔ,phonetic,beak,,,,
4-240-815-1,cuoi1242,Cuoi,674,mo:m.24,phonetic,mouth,,,,
4-232-815-1,cuoi1242,Cuoi,208,da:k.24 mu:l.31,phonetic,mucus (nasal),,,,
4-231-815-1,cuoi1242,Cuoi,1178,po:ŋ.31 mu:l.31,phonetic,nostril,,,,
4-230-815-1,cuoi1242,Cuoi,1221,mu:l.31,phonetic,nose,,,,
4-222-815-1,cuoi1242,Cuoi,32,ʔɛ.243ʔ tal.35,phonetic,earwax,,,,
4-221-815-1,cuoi1242,Cuoi,18,la.33 sa:j.33,phonetic,earlobe,,,,
4-220-815-1,cuoi1242,Cuoi,1247,sa:j.33,phonetic,ear,,,,
4-215-815-1,cuoi1242,Cuoi,1655,ńap.24 mat.31,phonetic,blink,,,,
4-214-815-1,cuoi1242,Cuoi,1540,suk.24 maj.42 mat.31,phonetic,eyelash,,,,
4-213-815-1,cuoi1242,Cuoi,17,bi:l.24 mat.31,phonetic,eyelid,,,,
4-212-815-1,cuoi1242,Cuoi,1173,suk.35 mat.31,phonetic,eyebrow,,,,
4-210-815-1,cuoi1242,Cuoi,1248,mat.31,phonetic,eye,,,,
4-208-815-1,cuoi1242,Cuoi,1730,ma.24,phonetic,cheek,,,,
4-209-815-1,cuoi1242,Cuoi,1510,ka:ŋ.33 ka:ŋ.24,phonetic,chin,,,,
4-205-815-1,cuoi1242,Cuoi,123,kla:n.35,phonetic,forehead,,,,
4-207-815-1,cuoi1242,Cuoi,798,ha:m.53,phonetic,jaw,,,,
4-204-815-1,cuoi1242,Cuoi,1560,mat.31,phonetic,face,,,,
4-203-815-1,cuoi1242,Cuoi,1583,ʔâk.35,phonetic,brain,,,,
4-201-815-1,cuoi1242,Cuoi,1604,tha:j.24 zɨəŋ.33,phonetic,"side of head, temple",,,,
4-202-815-1,cuoi1242,Cuoi,1605,sɨəŋ.22 klo:k.31,phonetic,skull,,,,
4-200-815-1,cuoi1242,Cuoi,1256,klo:k.31,phonetic,head,,,,
4-191-815-1,cuoi1242,Cuoi,805,sɨəŋ.33 khrɔ:ŋ.24,phonetic,spine,,,,
4-190-815-1,cuoi1242,Cuoi,1291,lɨŋ.33,phonetic,back,,,,
4-180-815-1,cuoi1242,Cuoi,1220,tɔ:j.243ʔ,phonetic,tail,,,,
4-170-815-1,cuoi1242,Cuoi,1393,khri:ń.33,phonetic,horn,,,,
4-162-815-1,cuoi1242,Cuoi,801,sɨəŋ.33 phra:n.33,phonetic,rib,,,,
4-160-815-1,cuoi1242,Cuoi,1394,sɨəŋ.33,phonetic,bone,,,,
4-151-815-1,cuoi1242,Cuoi,525,ma:c.31 maw.35,phonetic,"vein, artery",,,,
4-150-815-1,cuoi1242,Cuoi,946,maw.24,phonetic,blood,,,,
4-146-815-1,cuoi1242,Cuoi,576,pal.24,phonetic,dandruff,,,,
4-145-815-1,cuoi1242,Cuoi,36,suk.24 lɛ:l.24ʔ,phonetic,pubic hair,,,,
4-144-815-1,cuoi1242,Cuoi,189,suk.24,phonetic,body hair,,,,
4-142-815-1,cuoi1242,Cuoi,678,səw.33,phonetic,beard,,,,
4-140-815-1,cuoi1242,Cuoi,1040,suk.24,phonetic,hair (head),,,,
4-130-815-1,cuoi1242,Cuoi,2259,si:t.31,phonetic,flesh,,,,
4-120-815-1,cuoi1242,Cuoi,763,khrɔ:t.24,phonetic,"skin, hide",,,,
4-110-815-1,cuoi1242,Cuoi,1480,me.31 kɨəj.31,phonetic,body,,,,
3-980-815-1,cuoi1242,Cuoi,112,rɔ.243ʔ,phonetic,turtle,,,,
3-980-815-2,cuoi1242,Cuoi,112,pe:t.24,phonetic,turtle,,,,
3-960-815-1,cuoi1242,Cuoi,632,bɔ:l.24 bɔ:l.24,phonetic,lizard,,,,
3-950-815-1,cuoi1242,Cuoi,503,be:k.35,phonetic,frog,,,,
3-950-815-2,cuoi1242,Cuoi,503,kɔ:ŋ.31,phonetic,frog,,,,
3-950-815-3,cuoi1242,Cuoi,503,na:k.31 ra:k.31,phonetic,frog,,,,
3-940-815-1,cuoi1242,Cuoi,1543,ʔɔ:k.24,phonetic,snail,,,,
3-930-815-1,cuoi1242,Cuoi,607,co.31 co.31,phonetic,grasshopper,,,,
3-930-815-2,cuoi1242,Cuoi,607,co.31 co.31 ke:w.33,phonetic,grasshopper,,,,
3-920-815-1,cuoi1242,Cuoi,1791,bə.33 bə.33,phonetic,butterfly,,,,
3-910-815-1,cuoi1242,Cuoi,206,tu:m.24 tɛ.24,phonetic,firefly,,,,
3-850-815-1,cuoi1242,Cuoi,730,si:ń.33,phonetic,snake,,,,
3-840-815-1,cuoi1242,Cuoi,1219,plu:n.33,phonetic,worm,,,,
3-832-815-1,cuoi1242,Cuoi,1509,məl.31 mo:ŋ.33,phonetic,mosquito,,,,
3-831-815-1,cuoi1242,Cuoi,95,tɔ:p.24,phonetic,"sandfly (midge), gnat",,,,
3-830-815-1,cuoi1242,Cuoi,1504,rɔ:j.31 rɔ:j.243ʔ,phonetic,fly,,,,
3-830-815-2,cuoi1242,Cuoi,1504,mu:l.33 mu:l.33,phonetic,fly,,,,
3-823-815-1,cuoi1242,Cuoi,1517,ʔâ:ŋ.24 pu.243ʔ vɛ.31,phonetic,wasp,,,,
3-822-815-1,cuoi1242,Cuoi,88,səw.243ʔ ʔâ:ŋ.24,phonetic,beehive,,,,
3-821-815-1,cuoi1242,Cuoi,1931,khra:p.24,phonetic,beeswax,,,,
3-820-815-1,cuoi1242,Cuoi,665,ʔâ:ŋ.24,phonetic,bee,,,,
3-819-815-1,cuoi1242,Cuoi,1065,laj.24 ńe:ŋ.31,phonetic,spider web,,,,
3-818-815-1,cuoi1242,Cuoi,843,le:ŋ.31 ńe:ŋ.31,phonetic,spider,,,,
3-817-815-1,cuoi1242,Cuoi,587,kɛ:n.31,phonetic,ant,,,,
3-817-815-2,cuoi1242,Cuoi,587,kɛ:n.31 mu:t.24,phonetic,ant,,,,
3-816-815-1,cuoi1242,Cuoi,1575,se.33 sɛ.24,phonetic,cockroach,,,,
3-815-815-1,cuoi1242,Cuoi,1538,pɔ.31 ka:p.31,phonetic,scorpion,,,,
3-814-815-1,cuoi1242,Cuoi,1974,si:t.24,phonetic,centipede,,,,
3-813-815-1,cuoi1242,Cuoi,232,ceɛt.24,phonetic,flea,,,,
3-812-815-1,cuoi1242,Cuoi,267,klə:ŋ.24 ci.24,phonetic,nit (louse egg),,,,
3-811-815-1,cuoi1242,Cuoi,1392,ci.24,phonetic,louse,,,,
3-811-815-2,cuoi1242,Cuoi,1392,phri:ń.24,phonetic,louse,,,,
3-810-815-1,cuoi1242,Cuoi,620,də:j.24,phonetic,insect,,,,
3-770-815-1,cuoi1242,Cuoi,1290,vʌ:j.24,phonetic,elephant,,,,
3-760-815-1,cuoi1242,Cuoi,1350,khi.243ʔ,phonetic,monkey,,,,
3-760-815-2,cuoi1242,Cuoi,1350,zo:k.31,phonetic,monkey,,,,
3-760-815-3,cuoi1242,Cuoi,1350,hə.31 hə.31,phonetic,monkey,,,,
3-750-815-1,cuoi1242,Cuoi,1936,hɨəw.33,phonetic,deer,,,,
3-750-815-2,cuoi1242,Cuoi,1936,de.24ʔ,phonetic,deer,,,,
3-740-815-1,cuoi1242,Cuoi,1312,co:n.243ʔ,phonetic,fox,,,,
3-740-815-2,cuoi1242,Cuoi,1312,co:n.243ʔ,phonetic,fox,,,,
3-730-815-1,cuoi1242,Cuoi,1820,ku.31ʔ,phonetic,bear,,,,
3-710-815-1,cuoi1242,Cuoi,522,cʌ.24 klɔ:l.24,phonetic,wolf,,,,
3-665-815-1,cuoi1242,Cuoi,1013,lɨən.33,phonetic,freshwater eel,,,,
3-663-815-1,cuoi1242,Cuoi,957,ka.24 vʌ:j.33,phonetic,whale,,,,
3-662-815-1,cuoi1242,Cuoi,1479,ka.24 hɛ:w.33,phonetic,"porpoise, dolphin",,,,
3-661-815-1,cuoi1242,Cuoi,1110,ka.24 məp.31,phonetic,shark,,,,
3-655-815-1,cuoi1242,Cuoi,598,bɔ.243ʔ,phonetic,shell,,,,
3-655-815-2,cuoi1242,Cuoi,598,bɔ.243ʔ,phonetic,shell,,,,
3-654-815-1,cuoi1242,Cuoi,1916,ma:ŋ.33,phonetic,gill,,,,
3-653-815-1,cuoi1242,Cuoi,266,pal.24,phonetic,fishscale,,,,
3-652-815-1,cuoi1242,Cuoi,213,pie.33,phonetic,fin (dorsal),,,,
3-650-815-1,cuoi1242,Cuoi,227,ka.24,phonetic,fish,,,,
3-630-815-1,cuoi1242,Cuoi,2139,nɛ.24,phonetic,"mouse, rat",,,,
3-620-815-1,cuoi1242,Cuoi,1208,mɛ:w.243ʔ,phonetic,cat,,,,
3-614-815-1,cuoi1242,Cuoi,1136,thɔ.31,phonetic,rabbit,,,,
3-610-815-1,cuoi1242,Cuoi,2009,cʌ.24,phonetic,dog,,,,
3-594-815-1,cuoi1242,Cuoi,1853,ku.33 ku.33,phonetic,dove,,,,
3-596-815-1,cuoi1242,Cuoi,735,bɔ.33,phonetic,owl,,,,
3-593-815-1,cuoi1242,Cuoi,913,ʔa:k.31 ʔa:k.31,phonetic,crow,,,,
3-592-815-1,cuoi1242,Cuoi,882,vɛ:t.31,phonetic,parrot,,,,
3-591-815-1,cuoi1242,Cuoi,1793,ńɛ:l.33 ńə:p.24,phonetic,bat,,,,
3-586-815-1,cuoi1242,Cuoi,1185,mat.31 kat.24,phonetic,vulture,,,,
3-585-815-1,cuoi1242,Cuoi,307,tu.31 ti.243ʔ,phonetic,hawk,,,,
3-583-815-1,cuoi1242,Cuoi,758,kɔ.243ʔ,phonetic,heron,,,,
3-581-815-1,cuoi1242,Cuoi,937,ci:m.33,phonetic,bird,,,,
3-580-815-1,cuoi1242,Cuoi,539,səw.243ʔ,phonetic,nest,,,,
3-570-815-1,cuoi1242,Cuoi,1360,vi:t.31,phonetic,duck,,,,
3-560-815-1,cuoi1242,Cuoi,1187,ŋɔ:ŋ.243ʔ,phonetic,goose,,,,
3-550-815-1,cuoi1242,Cuoi,1318,ka.33,phonetic,chicken,,,,
3-540-815-1,cuoi1242,Cuoi,1514,ka.33 ma:j.24,phonetic,hen,,,,
3-520-815-1,cuoi1242,Cuoi,1511,ka.33 khrɔ:ŋ.24,phonetic,"cock, rooster",,,,
3-500-815-1,cuoi1242,Cuoi,265,kuo.24ʔ,phonetic,fowl,,,,
3-450-815-1,cuoi1242,Cuoi,1647,ŋɨə.31 kʌ:n.33,phonetic,"foal, colt",,,,
3-440-815-1,cuoi1242,Cuoi,938,ŋɨə.31 me.31,phonetic,mare,,,,
3-420-815-1,cuoi1242,Cuoi,936,ŋɨə.31 la:c.31,phonetic,stallion,,,,
3-410-815-1,cuoi1242,Cuoi,615,ŋɨə.31,phonetic,horse (equine),,,,
3-380-815-1,cuoi1242,Cuoi,1972,te.24 kʌ:n.33,phonetic,kid,,,,
3-370-815-1,cuoi1242,Cuoi,264,te.24 la:c.31,phonetic,he-goat,,,,
3-360-815-1,cuoi1242,Cuoi,1502,te.24,phonetic,goat,,,,
3-350-815-1,cuoi1242,Cuoi,1337,ku:l.33,phonetic,pig,,,,
3-340-815-1,cuoi1242,Cuoi,1351,ku:l.33 (me.31) ke.24,phonetic,sow (2),,,,
3-320-815-1,cuoi1242,Cuoi,1348,ku:l.33 la:c.31,phonetic,boar,,,,
3-320-815-2,cuoi1242,Cuoi,1348,ma:ŋ.24ʔ,phonetic,boar,,,,
3-240-815-1,cuoi1242,Cuoi,1989,pɔ.243ʔ kʌ:n.33,phonetic,calf,,,,
3-230-815-1,cuoi1242,Cuoi,1007,pɔ.243ʔ me.31,phonetic,cow,,,,
3-210-815-1,cuoi1242,Cuoi,1008,khrəw.33 la:c.31,phonetic,bull,,,,
3-210-815-2,cuoi1242,Cuoi,1008,pɔ.243ʔ la:c.31,phonetic,bull,,,,
3-200-815-1,cuoi1242,Cuoi,1153,khrəw.33 pɔ.243ʔ,phonetic,cattle (bovine),,,,
3-190-815-1,cuoi1242,Cuoi,851,khrəm.33,phonetic,"stable, stall",,,,
3-180-815-1,cuoi1242,Cuoi,263,ti.243ʔ kʌ:j.33 khrəw.33,phonetic,herdsman,,,,
3-160-815-1,cuoi1242,Cuoi,649,to:ŋ.243ʔ ka.24ʔ,phonetic,pasture,,,,
3-160-815-2,cuoi1242,Cuoi,649,pa:l.31 ka.24ʔ,phonetic,pasture,,,,
3-150-815-1,cuoi1242,Cuoi,631,kuo.24ʔ,phonetic,livestock,,,,
3-130-815-1,cuoi1242,Cuoi,2262,(me.31) ke.24,phonetic,female (adj),,,,
3-130-815-2,cuoi1242,Cuoi,2262,ma:j.24,phonetic,female (adj),,,,
3-120-815-1,cuoi1242,Cuoi,2261,la:c.31,phonetic,male (adj),,,,
3-120-815-2,cuoi1242,Cuoi,2261,khrɔ:ŋ.24,phonetic,male (adj),,,,
3-110-815-1,cuoi1242,Cuoi,619,kuo.24ʔ,phonetic,animal,,,,
2-960-815-1,cuoi1242,Cuoi,817,mə.24 nəm.24,phonetic,they,,,,
2-950-815-1,cuoi1242,Cuoi,1213,mə.24 mi.243ʔ,phonetic,you (plural),,,,
2-950-815-2,cuoi1242,Cuoi,1213,mə.24 ma:ŋ.31,phonetic,you (plural),,,,
2-942-815-1,cuoi1242,Cuoi,1130,mə.24 ca.33,phonetic,we (exclusive),,,,
2-941-815-1,cuoi1242,Cuoi,1131,mə.24 me:ń.243ʔ,phonetic,we (inclusive),,,,
2-930-815-1,cuoi1242,Cuoi,262,nəm.24,phonetic,he/she/it,,,,
2-930-815-2,cuoi1242,Cuoi,262,ma:ŋ.31 na.24,phonetic,he/she/it,,,,
2-930-815-3,cuoi1242,Cuoi,262,ci.31 na.24,phonetic,he/she/it,,,,
2-920-815-1,cuoi1242,Cuoi,1215,mi.243ʔ,phonetic,you (singular),,,,
2-910-815-1,cuoi1242,Cuoi,1209,həw.33,phonetic,I,,,,
2-820-815-1,cuoi1242,Cuoi,194,ńa.243ʔ,phonetic,family,,,,
2-810-815-1,cuoi1242,Cuoi,1644,hɔ.31 ha:ŋ.243ʔ,phonetic,"relatives, kinsmen",,,,
2-770-815-1,cuoi1242,Cuoi,1981,ko:j.243ʔ zɔ:ŋ.33,phonetic,widower,,,,
2-760-815-1,cuoi1242,Cuoi,1756,ko:j.243ʔ mɔ.31,phonetic,widow,,,,
2-750-815-1,cuoi1242,Cuoi,1149,kʌ:n.33 ko:j.243ʔ,phonetic,orphan,,,,
2-740-815-1,cuoi1242,Cuoi,1058,kʌ:n.33 rieŋ.33,phonetic,stepdaughter,,,,
2-730-815-1,cuoi1242,Cuoi,1059,kʌ:n.33 rieŋ.33,phonetic,stepson,,,,
2-720-815-1,cuoi1242,Cuoi,236,me.31 ʔi.35,phonetic,stepmother,,,,
2-710-815-1,cuoi1242,Cuoi,237,te.31 zɨəŋ.31,phonetic,stepfather,,,,
2-641-815-1,cuoi1242,Cuoi,2264,be.243ʔ,phonetic,daughter-in-law (of a woman),,,,
2-641-815-2,cuoi1242,Cuoi,2264,kaw.24,phonetic,daughter-in-law (of a woman),,,,
2-641-815-3,cuoi1242,Cuoi,2264,ʔɛ:m.33 be.243ʔ,phonetic,daughter-in-law (of a woman),,,,
2-640-815-1,cuoi1242,Cuoi,2265,be.243ʔ,phonetic,daughter-in-law (of a man),,,,
2-631-815-1,cuoi1242,Cuoi,2266,ma:ŋ.31 zu.31,phonetic,son-in-law (of a woman),,,,
2-631-815-2,cuoi1242,Cuoi,2266,ʔɛ:m.33 zu.31,phonetic,son-in-law (of a woman),,,,
2-630-815-1,cuoi1242,Cuoi,2267,kʌ:n.33 zu.31,phonetic,son-in-law (of a man),,,,
2-621-815-1,cuoi1242,Cuoi,2257,me.31 mɔ.31,phonetic,mother-in-law (of a woman),,,,
2-620-815-1,cuoi1242,Cuoi,2256,me.31 zɔ:ŋ.33,phonetic,mother-in-law (of a man),,,,
2-611-815-1,cuoi1242,Cuoi,2254,te.31 mɔ.31,phonetic,father-in-law (of a woman),,,,
2-610-815-1,cuoi1242,Cuoi,2255,te.31 zɔ:ŋ.33,phonetic,father-in-law (of a man),,,,
2-570-815-1,cuoi1242,Cuoi,490,kʌ:n.33 cəw.24,phonetic,descendants,,,,
2-560-815-1,cuoi1242,Cuoi,1669,tɔ.243ʔ tien.33,phonetic,ancestors,,,,
2-550-815-1,cuoi1242,Cuoi,1643,ma:ŋ.31 bɔ.31,phonetic,cousin,,,,
2-550-815-2,cuoi1242,Cuoi,1643,ʔɛ:m.33 hɔ.31,phonetic,cousin,,,,
2-550-815-3,cuoi1242,Cuoi,1643,ci.31 hɔ.31,phonetic,cousin,,,,
2-540-815-1,cuoi1242,Cuoi,1642,cəw.35 ke.24,phonetic,niece,,,,
2-530-815-1,cuoi1242,Cuoi,1063,cəw.35 pla:l.33,phonetic,nephew,,,,
2-522-815-1,cuoi1242,Cuoi,170,pa.35,phonetic,father's sister,,,,
2-522-815-2,cuoi1242,Cuoi,170,ʔâ.33,phonetic,father's sister,,,,
2-521-815-1,cuoi1242,Cuoi,171,pa.35,phonetic,mother's sister,,,,
2-521-815-2,cuoi1242,Cuoi,171,ci.31,phonetic,mother's sister,,,,
2-512-815-1,cuoi1242,Cuoi,1985,pa:k.35,phonetic,father's brother,,,,
2-512-815-2,cuoi1242,Cuoi,1985,pɔ.31,phonetic,father's brother,,,,
2-511-815-1,cuoi1242,Cuoi,1984,pa:k.35,phonetic,mother's brother,,,,
2-511-815-2,cuoi1242,Cuoi,1984,ku.31,phonetic,mother's brother,,,,
2-480-815-1,cuoi1242,Cuoi,1618,cəw.24 pla:l.33,phonetic,grandson,,,,
2-490-815-1,cuoi1242,Cuoi,1619,cəw.35 ke.35,phonetic,granddaughter,,,,
2-471-815-1,cuoi1242,Cuoi,907,mu.31 khra.33,phonetic,old woman,,,,
2-470-815-1,cuoi1242,Cuoi,1496,mu.31,phonetic,grandmother,,,,
2-470-815-2,cuoi1242,Cuoi,1496,mu.31 ńa.243ʔ,phonetic,grandmother,,,,
2-470-815-3,cuoi1242,Cuoi,1496,mu.31 khɛc.24,phonetic,grandmother,,,,
2-461-815-1,cuoi1242,Cuoi,406,ʔɔ:ŋ.33 khra.33,phonetic,old man,,,,
2-460-815-1,cuoi1242,Cuoi,1383,ʔɔ:ŋ.33,phonetic,grandfather,,,,
2-460-815-2,cuoi1242,Cuoi,1383,ʔɔ:ŋ.33 ńa.243ʔ,phonetic,grandfather,,,,
2-460-815-3,cuoi1242,Cuoi,1383,ʔɔ:ŋ.33 khɛc.24,phonetic,grandfather,,,,
2-458-815-1,cuoi1242,Cuoi,1005,kʌ:n.33 dɛ:t.24 khri:ń.33 to:j.33,phonetic,twins,,,,
2-456-815-1,cuoi1242,Cuoi,1640,ma:ŋ.31 rɔ:t.24,phonetic,sibling,,,,
2-456-815-2,cuoi1242,Cuoi,1640,ci.31 rɔ:t.24,phonetic,sibling,,,,
2-455-815-1,cuoi1242,Cuoi,1761,ʔɛ:m.33 ke.24,phonetic,younger sister,,,,
2-454-815-1,cuoi1242,Cuoi,1758,ci.31 ke.24,phonetic,older sister,,,,
2-445-815-1,cuoi1242,Cuoi,1760,ʔɛ:m.33 pla:l.33,phonetic,younger brother,,,,
2-444-815-1,cuoi1242,Cuoi,1759,ma:ŋ.31 pla:l.33,phonetic,older brother,,,,
2-430-815-1,cuoi1242,Cuoi,1801,kʌ:n.33 cəw.24,phonetic,offspring (son or daughter),,,,
2-420-815-1,cuoi1242,Cuoi,1357,kʌ:n.33 ke.24,phonetic,daughter,,,,
2-410-815-1,cuoi1242,Cuoi,1620,kʌ:n.33 pla:l.33,phonetic,son,,,,
2-390-815-1,cuoi1242,Cuoi,426,ru.243ʔ mu.31 kʌ.24 zɔ:ŋ.33,phonetic,married woman,,,,
2-380-815-1,cuoi1242,Cuoi,424,khuŋ.33 ʔɔ:ŋ.54 kʌ.24 mɔ.31,phonetic,married man,,,,
2-370-815-1,cuoi1242,Cuoi,505,te.31 me.31,phonetic,parents,,,,
2-350-815-1,cuoi1242,Cuoi,1217,te.31,phonetic,father,,,,
2-341-815-1,cuoi1242,Cuoi,1134,thɔ:j.33 cak.24,phonetic,divorce,,,,
2-340-815-1,cuoi1242,Cuoi,1259,da:m.24 phru:j.33,phonetic,"marriage, wedding",,,,
2-340-815-2,cuoi1242,Cuoi,1259,le.31 phru:j.33,phonetic,"marriage, wedding",,,,
2-330-815-1,cuoi1242,Cuoi,203,le.31 mɔ.31,phonetic,marry,,,,
2-330-815-2,cuoi1242,Cuoi,203,le.31 zɔ:ŋ.33,phonetic,marry,,,,
2-330-815-3,cuoi1242,Cuoi,203,phru:j.33,phonetic,marry,,,,
2-320-815-1,cuoi1242,Cuoi,1199,mɔ.31,phonetic,wife,,,,
2-310-815-1,cuoi1242,Cuoi,1200,zɔ:ŋ.33,phonetic,husband,,,,
2-280-815-1,cuoi1242,Cuoi,1289,kʌ:n.33 dɛ:t.24,phonetic,"infant, baby",,,,
2-270-815-1,cuoi1242,Cuoi,1304,kʌ:n.33,phonetic,child,,,,
2-261-815-1,cuoi1242,Cuoi,77,tha:ń.33 nien.33 ke.24,phonetic,young woman (adolescent),,,,
2-260-815-1,cuoi1242,Cuoi,1646,kʌ:m.33 dɛ:t.24 ke.24,phonetic,girl,,,,
2-251-815-1,cuoi1242,Cuoi,76,tha:ń.33 nien.33 pla:l.33,phonetic,young man (adolescent),,,,
2-250-815-1,cuoi1242,Cuoi,1366,kʌ:n.33 dɛ:t.24 pla:l.33,phonetic,boy,,,,
2-240-815-1,cuoi1242,Cuoi,1551,ke.24,phonetic,female,,,,
2-230-815-1,cuoi1242,Cuoi,1553,pla:n.33,phonetic,male,,,,
2-220-815-1,cuoi1242,Cuoi,962,ru.33 mu.31,phonetic,woman,,,,
2-210-815-1,cuoi1242,Cuoi,1554,khuŋ.33 ʔo:ŋ.33,phonetic,man (vs. woman),,,,
2-100-815-1,cuoi1242,Cuoi,683,kɨəj.31,phonetic,"person, human being",,,,
1-890-815-1,cuoi1242,Cuoi,1188,tha:n.33 ku:l.31,phonetic,charcoal,,,,
1-880-815-1,cuoi1242,Cuoi,10,ku:l.31,phonetic,firewood,,,,
1-870-815-1,cuoi1242,Cuoi,1133,ziem.33,phonetic,match (noun),,,,
1-861-815-1,cuoi1242,Cuoi,127,sət.24,phonetic,extinguish,,,,
1-860-815-1,cuoi1242,Cuoi,737,tut.24 tɛ:m.24ʔ,phonetic,"light, kindle, ignite",,,,
1-860-815-2,cuoi1242,Cuoi,737,ńu:m.24 ku:l.31,phonetic,"light, kindle, ignite",,,,
1-860-815-3,cuoi1242,Cuoi,737,pɛ:n.24 ku:l.31,phonetic,"light, kindle, ignite",,,,
1-852-815-1,cuoi1242,Cuoi,1428,cal.24,phonetic,burn (vb intrans),,,,
1-851-815-1,cuoi1242,Cuoi,141,tu:t.24,phonetic,burn (vb trans),,,,
1-841-815-1,cuoi1242,Cuoi,67,tha:n.33 dɔ.243ʔ,phonetic,embers,,,,
1-840-815-1,cuoi1242,Cuoi,646,plâ.33,phonetic,ashes,,,,
1-830-815-1,cuoi1242,Cuoi,778,khʌ:j.424,phonetic,smoke (noun),,,,
1-830-815-2,cuoi1242,Cuoi,778,hʌŋ.24,phonetic,smoke (noun),,,,
1-830-815-3,cuoi1242,Cuoi,778,hʌŋ.24 tɛ:m.24ʔ,phonetic,smoke (noun),,,,
1-820-815-1,cuoi1242,Cuoi,889,ŋɔ:n.31 ku:l.31,phonetic,flame (noun),,,,
1-810-815-1,cuoi1242,Cuoi,221,ku:l.31,phonetic,fire,,,,
1-780-815-1,cuoi1242,Cuoi,952,thə:j.24ʔ tiet.24,phonetic,weather,,,,
1-770-815-1,cuoi1242,Cuoi,617,da:k.24 ta.24,phonetic,ice,,,,
1-750-815-1,cuoi1242,Cuoi,658,mâ.24ʔ,phonetic,rain (noun),,,,
1-750-815-2,cuoi1242,Cuoi,658,mâ.24ʔ phu:n.33,phonetic,rain (noun),,,,
1-740-815-1,cuoi1242,Cuoi,249,da:k.24 kə:l.31,phonetic,fog,,,,
1-720-815-1,cuoi1242,Cuoi,960,sʌ.24,phonetic,wind,,,,
1-730-815-1,cuoi1242,Cuoi,1489,məɨ.33,phonetic,cloud,,,,
1-710-815-1,cuoi1242,Cuoi,27,khoŋ.33 khi.334,phonetic,air,,,,
1-640-815-1,cuoi1242,Cuoi,1977,mâk.24,phonetic,dew,,,,
1-630-815-1,cuoi1242,Cuoi,1388,bâŋ.24 zəm.33,phonetic,"shade, shadow",,,,
1-620-815-1,cuoi1242,Cuoi,11,su:n.334,phonetic,darkness,,,,
1-610-815-1,cuoi1242,Cuoi,630,bla:ŋ.24 plə:j.33,phonetic,light (noun),,,,
1-590-815-1,cuoi1242,Cuoi,1733,tʌ:k.24,phonetic,rainbow,,,,
1-580-815-1,cuoi1242,Cuoi,858,pa:w.31,phonetic,storm,,,,
1-560-815-1,cuoi1242,Cuoi,1150,khrəm.33,phonetic,thunder,,,,
1-570-815-1,cuoi1242,Cuoi,2007,tie.33 cə:p.24,phonetic,lightning (as striking),,,,
1-550-815-1,cuoi1242,Cuoi,1654,cə:p.24,phonetic,lightning,,,,
1-540-815-1,cuoi1242,Cuoi,1430,khra:w.33,phonetic,star,,,,
1-530-815-1,cuoi1242,Cuoi,1313,mat.31 plɔ:ŋ.33,phonetic,moon,,,,
1-520-815-1,cuoi1242,Cuoi,1343,mat.31 plə:j.33,phonetic,sun,,,,
1-510-815-1,cuoi1242,Cuoi,1732,plə:j.33,phonetic,sky,,,,
1-450-815-1,cuoi1242,Cuoi,6,dɔŋ.31 tət.35,phonetic,earthquake,,,,
1-440-815-1,cuoi1242,Cuoi,2125,ta:ŋ.243ʔ ta.24,phonetic,"stone, rock",,,,
1-430-815-1,cuoi1242,Cuoi,1803,khraŋ.33,phonetic,wood,,,,
1-420-815-1,cuoi1242,Cuoi,906,kəl.31,phonetic,tree (cf 08.600),,,,
1-410-815-1,cuoi1242,Cuoi,420,phrəw.24,phonetic,"woods, forest",,,,
1-390-815-1,cuoi1242,Cuoi,943,tha:k.24,phonetic,waterfall,,,,
1-380-815-1,cuoi1242,Cuoi,1145,puŋ.31 ro:k.31,phonetic,swamp,,,,
1-370-815-1,cuoi1242,Cuoi,2144,ma:c.31 da:k.24,phonetic,"spring, well",,,,
1-370-815-2,cuoi1242,Cuoi,2144,bâ.24 da:k.24,phonetic,"spring, well",,,,
1-370-815-3,cuoi1242,Cuoi,2144,khɛ.33 ŋəm.24ʔ,phonetic,"spring, well",,,,
1-362-815-1,cuoi1242,Cuoi,1982,da:k.24 si:t.24,phonetic,whirlpool,,,,
1-360-815-1,cuoi1242,Cuoi,666,khrɔŋ.33,phonetic,"river, stream, brook",,,,
1-360-815-2,cuoi1242,Cuoi,666,zɔŋ.31 khrɔŋ.33,phonetic,"river, stream, brook",,,,
1-360-815-3,cuoi1242,Cuoi,666,khɛ.33 da:k.24,phonetic,"river, stream, brook",,,,
1-343-815-1,cuoi1242,Cuoi,1662,mu:l.31 tət.24,phonetic,"headland, point",,,,
1-340-815-1,cuoi1242,Cuoi,663,vi:ń.24ʔ,phonetic,"gulf, bay",,,,
1-330-815-1,cuoi1242,Cuoi,624,ho.24ʔ be:w.31,phonetic,lake,,,,
1-324-815-1,cuoi1242,Cuoi,1768,pɔ:t.31 da:k.24,phonetic,foam,,,,
1-323-815-1,cuoi1242,Cuoi,259,lɨən.31 da:k.24,phonetic,rough (of sea),,,,
1-320-815-1,cuoi1242,Cuoi,1474,bien.24ʔ,phonetic,sea,,,,
1-322-815-1,cuoi1242,Cuoi,258,ʔi:m.33 sʌ.24,phonetic,calm (of sea),,,,
1-310-815-1,cuoi1242,Cuoi,948,da:k.24,phonetic,water,,,,
1-280-815-1,cuoi1242,Cuoi,1155,ke.24 ha:ŋ.33,phonetic,cave,,,,
1-270-815-1,cuoi1242,Cuoi,113,pə.424ʔ khrɔŋ.33,phonetic,shore,,,,
1-260-815-1,cuoi1242,Cuoi,166,tət.24 lien.24ʔ,phonetic,mainland,,,,
1-250-815-1,cuoi1242,Cuoi,622,da:w.24ʔ,phonetic,island,,,,
1-240-815-1,cuoi1242,Cuoi,921,huŋ.424,phonetic,valley,,,,
1-230-815-1,cuoi1242,Cuoi,652,to:ŋ.24ʔ paŋ.33,phonetic,"plain, field",,,,
1-222-815-1,cuoi1242,Cuoi,618,vuk.31,phonetic,"cliff, precipice",,,,
1-220-815-1,cuoi1242,Cuoi,2118,phrəw.24,phonetic,"mountain, hill",,,,
1-220-815-2,cuoi1242,Cuoi,2118,ko:n.33,phonetic,"mountain, hill",,,,
1-214-815-1,cuoi1242,Cuoi,640,pu:n.24ʔ,phonetic,mud,,,,
1-215-815-1,cuoi1242,Cuoi,671,khraj.24,phonetic,sand,,,,
1-213-815-1,cuoi1242,Cuoi,2,pu:l.33,phonetic,dust,,,,
1-212-815-1,cuoi1242,Cuoi,1228,tət.24,phonetic,"earth=ground, soil",,,,
1-100-815-1,cuoi1242,Cuoi,965,the.24 zə:j.24,phonetic,world,,,,
14-330-815-1,cuoi1242,Cuoi,1544,do:j.33 cə.243ʔ,phonetic,sometimes,,,,
14-331-815-1,cuoi1242,Cuoi,703,hʌ.31 pəj.24 lɔ.33 dɨə.31,phonetic,soon,,,,
14-332-815-1,cuoi1242,Cuoi,418,lɔ.33,phonetic,long-time (for a),,,,
14-340-815-1,cuoi1242,Cuoi,1656,hʌ.31 ba:w.33 zə.243ʔ,phonetic,never,,,,
14-350-815-1,cuoi1242,Cuoi,204,laj.31,phonetic,again,,,,
14-350-815-2,cuoi1242,Cuoi,204,dɨə.31,phonetic,again,,,,
14-350-815-3,cuoi1242,Cuoi,204,mʌ.31 lən.33 dɨə.31,phonetic,again,,,,
14-410-815-1,cuoi1242,Cuoi,1225,ŋaj.33,phonetic,day,,,,
14-420-815-1,cuoi1242,Cuoi,1233,te:m.33,phonetic,night,,,,
14-430-815-1,cuoi1242,Cuoi,729,tə.243ʔ mə.33 bla:ŋ.35,phonetic,dawn,,,,
14-440-815-1,cuoi1242,Cuoi,1339,lən.243ʔ rə:m.35,phonetic,morning,,,,
14-451-815-1,cuoi1242,Cuoi,1807,lən.243ʔ ciew.33,phonetic,afternoon,,,,
14-460-815-1,cuoi1242,Cuoi,1629,lən.243ʔ te:m.33,phonetic,evening,,,,
14-470-815-1,cuoi1242,Cuoi,1283,ŋaj.33 ni.33,phonetic,today,,,,
14-480-815-1,cuoi1242,Cuoi,1329,ŋaj.33 baj.33,phonetic,tomorrow,,,,
14-481-815-1,cuoi1242,Cuoi,1179,ziew.243ʔ hɛ.33,phonetic,day-after-tomorrow,,,,
14-490-815-1,cuoi1242,Cuoi,1174,te:m.33 ŋaj.33 hi:p.24,phonetic,yesterday,,,,
14-491-815-1,cuoi1242,Cuoi,1180,(te:m.33) ziew.243ʔ hɛ.33,phonetic,day-before-yesterday,,,,
14-510-815-1,cuoi1242,Cuoi,1353,cə.243ʔ,phonetic,hour,,,,
14-530-815-1,cuoi1242,Cuoi,1323,doŋ.33 ho.243ʔ,phonetic,"clock, timepiece",,,,
14-610-815-1,cuoi1242,Cuoi,1469,tən.243ʔ,phonetic,week,,,,
14-620-815-1,cuoi1242,Cuoi,1699,cu.243ʔ ńət.31,phonetic,Sunday,,,,
14-630-815-1,cuoi1242,Cuoi,1697,thɨ.24 ha:l.33,phonetic,Monday,,,,
14-640-815-1,cuoi1242,Cuoi,1695,thɨ.24 pa.33,phonetic,Tuesday,,,,
14-650-815-1,cuoi1242,Cuoi,1694,thɨ.24 po:n.24,phonetic,Wednesday,,,,
14-660-815-1,cuoi1242,Cuoi,1693,thɨ.24 dam.33,phonetic,Thursday,,,,
14-670-815-1,cuoi1242,Cuoi,1692,thɨ.24 phraw.24,phonetic,Friday,,,,
14-680-815-1,cuoi1242,Cuoi,1700,thɨ.24 paj.24ʔ,phonetic,Saturday,,,,
14-710-815-1,cuoi1242,Cuoi,1370,khra:ŋ.24,phonetic,month,,,,
14-730-815-1,cuoi1242,Cuoi,1226,nəm.24,phonetic,year,,,,
14-740-815-1,cuoi1242,Cuoi,1471,muo.243ʔ klaŋ.33,phonetic,winter,,,,
14-750-815-1,cuoi1242,Cuoi,1537,muo.243ʔ sən.33,phonetic,spring,,,,
14-760-815-1,cuoi1242,Cuoi,1342,muo.243ʔ hɛ.31,phonetic,summer,,,,
14-770-815-1,cuoi1242,Cuoi,1276,muo.243ʔ thu.33,phonetic,autumn,,,,
14-780-815-1,cuoi1242,Cuoi,691,muo.243ʔ,phonetic,season,,,,
15-210-815-1,cuoi1242,Cuoi,1587,kâ.24 mu:j.243ʔ,phonetic,smell (vb intrans),,,,
15-212-815-1,cuoi1242,Cuoi,375,ŋɨəj.31,phonetic,sniff,,,,
15-212-815-2,cuoi1242,Cuoi,375,hi:t.24,phonetic,sniff,,,,
15-212-815-3,cuoi1242,Cuoi,375,hi:t.24 mu:j.243ʔ,phonetic,sniff,,,,
15-220-815-1,cuoi1242,Cuoi,1586,ŋɨəj.31 co.31,phonetic,smell (vb trans),,,,
15-250-815-1,cuoi1242,Cuoi,376,thə:m.33,phonetic,"fragrant, good smelling",,,,
15-260-815-1,cuoi1242,Cuoi,42,thu:l.24,phonetic,"stinking, bad smelling",,,,
15-310-815-1,cuoi1242,Cuoi,21,cət.24,phonetic,taste,,,,
15-350-815-1,cuoi1242,Cuoi,717,ŋɔ:t.31,phonetic,sweet,,,,
15-360-815-1,cuoi1242,Cuoi,1091,ma:ń.31,phonetic,salty,,,,
15-370-815-1,cuoi1242,Cuoi,887,taŋ.24,phonetic,bitter,,,,
15-380-815-1,cuoi1242,Cuoi,1906,cuo.24,phonetic,"acid, sour",,,,
15-390-815-1,cuoi1242,Cuoi,70,hə:j.33 ma:ń.31,phonetic,brackish,,,,
15-410-815-1,cuoi1242,Cuoi,1408,ŋɛ:.33 co.31,phonetic,hear,,,,
15-420-815-1,cuoi1242,Cuoi,1608,ŋɛ.33,phonetic,listen,,,,
15-440-815-1,cuoi1242,Cuoi,1811,tieŋ.24 ʔo:n.243ʔ,phonetic,"sound, noise",,,,
15-450-815-1,cuoi1242,Cuoi,377,va:ŋ.24,phonetic,loud,,,,
15-460-815-1,cuoi1242,Cuoi,1314,mɛ:ń.31 dɛ:t.24 dɛ:t.24,phonetic,"quiet, silence",,,,
15-460-815-2,cuoi1242,Cuoi,1314,dɛ:t.24,phonetic,"quiet, silence",,,,
15-510-815-1,cuoi1242,Cuoi,1409,co.31,phonetic,see,,,,
15-520-815-1,cuoi1242,Cuoi,1819,zɔ:m.243ʔ,phonetic,"look, look at",,,,
15-550-815-1,cuoi1242,Cuoi,1039,cə.33 co.31,phonetic,show,,,,
15-560-815-1,cuoi1242,Cuoi,708,ciew.24 bla:ŋ.24,phonetic,shine,,,,
15-570-815-1,cuoi1242,Cuoi,679,bla:ŋ.24,phonetic,bright,,,,
15-610-815-1,cuoi1242,Cuoi,1613,maw.243ʔ,phonetic,color,,,,
15-620-815-1,cuoi1242,Cuoi,250,bla:t.31,phonetic,light (in color),,,,
15-630-815-1,cuoi1242,Cuoi,706,thəm.33,phonetic,dark (in color),,,,
15-630-815-2,cuoi1242,Cuoi,706,thəm.33,phonetic,dark (in color),,,,
15-640-815-1,cuoi1242,Cuoi,1335,pa:k.31,phonetic,white,,,,
15-650-815-1,cuoi1242,Cuoi,163,zəm.243ʔ,phonetic,black,,,,
15-660-815-1,cuoi1242,Cuoi,156,dɔ.243ʔ,phonetic,red,,,,
15-670-815-1,cuoi1242,Cuoi,837,sɛ:ń.33,phonetic,blue,,,,
15-690-815-1,cuoi1242,Cuoi,1424,va:ŋ.243ʔ,phonetic,yellow,,,,
15-710-815-1,cuoi1242,Cuoi,1892,rə.33,phonetic,touch,,,,
15-712-815-1,cuoi1242,Cuoi,378,vɛ:w.24,phonetic,pinch,,,,
15-720-815-1,cuoi1242,Cuoi,1079,ŋɛ.33 co.31,phonetic,feel,,,,
15-740-815-1,cuoi1242,Cuoi,1884,khâ.24,phonetic,hard,,,,
15-750-815-1,cuoi1242,Cuoi,1856,mɨət.24,phonetic,soft,,,,
15-760-815-1,cuoi1242,Cuoi,1923,lo.33 ńo.33,phonetic,rough,,,,
15-760-815-2,cuoi1242,Cuoi,1923,bə.33 sə.33,phonetic,rough,,,,
15-770-815-1,cuoi1242,Cuoi,1234,klə:n.33,phonetic,smooth,,,,
15-780-815-1,cuoi1242,Cuoi,1396,ləp.31,phonetic,sharp,,,,
15-790-815-1,cuoi1242,Cuoi,379,tu:l.33,phonetic,"blunt, dull",,,,
15-790-815-2,cuoi1242,Cuoi,379,paŋ.243ʔ,phonetic,"blunt, dull",,,,
15-810-815-1,cuoi1242,Cuoi,1210,naŋ.24,phonetic,heavy,,,,
15-820-815-1,cuoi1242,Cuoi,1052,ńɛ:l.24,phonetic,light (in weight),,,,
15-830-815-1,cuoi1242,Cuoi,1726,ʔəm.243ʔ,phonetic,"wet, damp",,,,
15-840-815-1,cuoi1242,Cuoi,1398,khɔo.33,phonetic,dry,,,,
15-840-815-2,cuoi1242,Cuoi,1398,sa:w.24,phonetic,dry,,,,
15-840-815-3,cuoi1242,Cuoi,1398,khɔ.33,phonetic,dry,,,,
15-850-815-1,cuoi1242,Cuoi,1286,duŋ.24,phonetic,hot,,,,
15-851-815-1,cuoi1242,Cuoi,1232,ʔəm.24,phonetic,warm,,,,
15-860-815-1,cuoi1242,Cuoi,1287,klaŋ.33,phonetic,cold,,,,
15-870-815-1,cuoi1242,Cuoi,704,phra:c.31,phonetic,clean,,,,
15-880-815-1,cuoi1242,Cuoi,1230,bən.243ʔ,phonetic,"dirty, soiled",,,,
15-890-815-1,cuoi1242,Cuoi,380,hɛ:w.24,phonetic,wrinkled,,,,
16-110-815-1,cuoi1242,Cuoi,53,ho:n.243ʔ,phonetic,"soul, spirit",,,,
16-150-815-1,cuoi1242,Cuoi,1572,bəj.24 khi.33,phonetic,"surprised, astonished",,,,
16-180-815-1,cuoi1242,Cuoi,720,maj.33,phonetic,"good fortune, luck",,,,
16-180-815-2,cuoi1242,Cuoi,720,sɨəŋ.33 cak.24,phonetic,"good fortune, luck",,,,
16-190-815-1,cuoi1242,Cuoi,56,su:l.31,phonetic,"misfortune, bad luck",,,,
16-230-815-1,cuoi1242,Cuoi,1495,pu:j.33 khrɨəŋ.24,phonetic,"joyful, glad, happy",,,,
16-230-815-2,cuoi1242,Cuoi,1495,pu:j.33 pɛ.243ʔ,phonetic,"joyful, glad, happy",,,,
16-230-815-3,cuoi1242,Cuoi,1495,pu:j.33 mə:ŋ.243ʔ,phonetic,"joyful, glad, happy",,,,
16-250-815-1,cuoi1242,Cuoi,1355,cɔ.243ʔ,phonetic,laugh,,,,
16-251-815-1,cuoi1242,Cuoi,1451,mi:m.243ʔ cɔ.243ʔ,phonetic,smile,,,,
16-260-815-1,cuoi1242,Cuoi,1413,zə:l.243ʔ,phonetic,play,,,,
16-270-815-1,cuoi1242,Cuoi,923,ʔɨŋ.24,phonetic,love,,,,
16-290-815-1,cuoi1242,Cuoi,578,hu:n.33,phonetic,kiss,,,,
16-300-815-1,cuoi1242,Cuoi,928,ʔɔ:m.24,phonetic,embrace,,,,
16-310-815-1,cuoi1242,Cuoi,1783,kə:l.33 təw.33,phonetic,pain,,,,
16-320-815-1,cuoi1242,Cuoi,1668,buon.243ʔ,phonetic,"grief, sorrow, sadness",,,,
16-330-815-1,cuoi1242,Cuoi,1000,lâ.33,phonetic,"anxiety, worry",,,,
16-340-815-1,cuoi1242,Cuoi,1875,sɨəŋ.33 tiek.24,phonetic,"regret, be sorry",,,,
16-340-815-2,cuoi1242,Cuoi,1875,tiek.24 lam.24,phonetic,"regret, be sorry",,,,
16-350-815-1,cuoi1242,Cuoi,1141,lɔ:ŋ.243ʔ sɨəŋ.33,phonetic,pity,,,,
16-370-815-1,cuoi1242,Cuoi,1839,ńa:m.31,phonetic,"cry, weep",,,,
16-380-815-1,cuoi1242,Cuoi,1651,da:k.24 mat.31,phonetic,tear (noun),,,,
16-390-815-1,cuoi1242,Cuoi,716,rən.24,phonetic,groan,,,,
16-410-815-1,cuoi1242,Cuoi,1607,kɛ:t.35,phonetic,hate,,,,
16-420-815-1,cuoi1242,Cuoi,82,kɨk.24 cən.31,phonetic,anger,,,,
16-440-815-1,cuoi1242,Cuoi,40,kɛ:n.33,phonetic,"envy, jealousy",,,,
16-450-815-1,cuoi1242,Cuoi,1776,səw.24 ho.243ʔ,phonetic,shame (noun),,,,
16-480-815-1,cuoi1242,Cuoi,174,tɨ.31 ha:w.243ʔ,phonetic,proud,,,,
16-510-815-1,cuoi1242,Cuoi,1779,ta:m.24,phonetic,dare,,,,
16-520-815-1,cuoi1242,Cuoi,3,ɣa:n.33,phonetic,brave,,,,
16-530-815-1,cuoi1242,Cuoi,781,nə:l.31,phonetic,"fear, fright",,,,
16-540-815-1,cuoi1242,Cuoi,1810,ŋwi.24 hiem.243ʔ,phonetic,danger,,,,
16-620-815-1,cuoi1242,Cuoi,1784,bɨən.24,phonetic,"desire, want",,,,
16-622-815-1,cuoi1242,Cuoi,1750,cɔ:n.31,phonetic,choose,,,,
16-630-815-1,cuoi1242,Cuoi,1092,mɔŋ.24,phonetic,hope,,,,
16-650-815-1,cuoi1242,Cuoi,100,(tuŋ.33 tha:ń.243ʔ) sət.31 sa.243ʔ,phonetic,faithful,,,,
16-670-815-1,cuoi1242,Cuoi,601,ma:ń.31 tɔ:j.24,phonetic,"lie, tell lies",,,,
16-680-815-1,cuoi1242,Cuoi,13,lɨə.243ʔ tɔ:j.24,phonetic,deceit,,,,
16-690-815-1,cuoi1242,Cuoi,1528,tha.243ʔ,phonetic,forgive,,,,
16-710-815-1,cuoi1242,Cuoi,1035,ʔəl.24,phonetic,good,,,,
16-720-815-1,cuoi1242,Cuoi,1292,səw.24,phonetic,bad,,,,
16-730-815-1,cuoi1242,Cuoi,1725,ńam.243ʔ,phonetic,"right, correct",,,,
16-740-815-1,cuoi1242,Cuoi,1390,hʌ.31 ńam.243ʔ,phonetic,wrong,,,,
16-740-815-2,cuoi1242,Cuoi,1390,khraj.33,phonetic,wrong,,,,
16-760-815-1,cuoi1242,Cuoi,134,to:j.31,phonetic,fault,,,,
16-770-815-1,cuoi1242,Cuoi,1293,khwiet.24 diem.243ʔ,phonetic,"mistake, error",,,,
16-780-815-1,cuoi1242,Cuoi,381,ciel.33,phonetic,blame,,,,
16-790-815-1,cuoi1242,Cuoi,1687,khɛ:n.33,phonetic,praise,,,,
16-810-815-1,cuoi1242,Cuoi,1427,ʔiew.33,phonetic,beautiful,,,,
16-820-815-1,cuoi1242,Cuoi,1548,səw.24,phonetic,ugly,,,,
16-830-815-1,cuoi1242,Cuoi,2018,ha:m.33,phonetic,greedy,,,,
16-830-815-2,cuoi1242,Cuoi,2018,ha:m.33 ʔan.243ʔ,phonetic,greedy,,,,
16-840-815-1,cuoi1242,Cuoi,1310,zʌ:j.243ʔ,phonetic,clever,,,,
17-130-815-1,cuoi1242,Cuoi,1415,ŋi.243ʔ,phonetic,think (= reflect),,,,
17-140-815-1,cuoi1242,Cuoi,1513,kâ.24 ʔi.24 kien.24,phonetic,think (= be of the opinion),,,,
17-150-815-1,cuoi1242,Cuoi,1890,ti:n.33,phonetic,believe,,,,
17-160-815-1,cuoi1242,Cuoi,1536,haj.33,phonetic,understand,,,,
17-170-815-1,cuoi1242,Cuoi,1410,haj.33,phonetic,know,,,,
17-171-815-1,cuoi1242,Cuoi,1932,da:n.24,phonetic,guess,,,,
17-172-815-1,cuoi1242,Cuoi,117,pat.24 cɨək.24,phonetic,imitate,,,,
17-180-815-1,cuoi1242,Cuoi,1521,kâ:j.33 ńɨ.33,phonetic,seem,,,,
17-210-815-1,cuoi1242,Cuoi,698,khu:n.33,phonetic,wise,,,,
17-220-815-1,cuoi1242,Cuoi,1518,za:j.31,phonetic,"foolish, stupid",,,,
17-230-815-1,cuoi1242,Cuoi,1899,dien.33,phonetic,"insane, crazy",,,,
17-240-815-1,cuoi1242,Cuoi,504,hɔ:k.31,phonetic,learn,,,,
17-250-815-1,cuoi1242,Cuoi,709,taj.35,phonetic,teach,,,,
17-260-815-1,cuoi1242,Cuoi,753,hɔ:k.31 si:ń.33,phonetic,pupil,,,,
17-270-815-1,cuoi1242,Cuoi,1038,saj.243ʔ za:w.35,phonetic,teacher,,,,
17-280-815-1,cuoi1242,Cuoi,673,klɨəŋ.243ʔ,phonetic,school,,,,
17-310-815-1,cuoi1242,Cuoi,707,ńə.24,phonetic,remember,,,,
17-320-815-1,cuoi1242,Cuoi,1523,blo:ŋ.33,phonetic,forget,,,,
17-340-815-1,cuoi1242,Cuoi,989,rɔ.31 ra:ŋ.33,phonetic,"clear, plain",,,,
17-340-815-2,cuoi1242,Cuoi,989,maw.33 haj.24,phonetic,"clear, plain",,,,
17-350-815-1,cuoi1242,Cuoi,1764,xɔ.24 haj.35,phonetic,obscure,,,,
17-360-815-1,cuoi1242,Cuoi,1121,ki:n.24,phonetic,secret,,,,
17-360-815-2,cuoi1242,Cuoi,1121,zəw.35,phonetic,secret,,,,
17-370-815-1,cuoi1242,Cuoi,509,ńam.243ʔ,phonetic,"sure, certain",,,,
17-370-815-2,cuoi1242,Cuoi,509,sət.31,phonetic,"sure, certain",,,,
17-410-815-1,cuoi1242,Cuoi,1162,ʔi.35,phonetic,"intention, purpose",,,,
17-420-815-1,cuoi1242,Cuoi,860,zɔ.33,phonetic,cause,,,,
17-430-815-1,cuoi1242,Cuoi,1308,ʔi.24 ŋi.31,phonetic,doubt,,,,
17-440-815-1,cuoi1242,Cuoi,1841,hʌ.31 ti:n.33,phonetic,suspect,,,,
17-441-815-1,cuoi1242,Cuoi,1902,pha:n.33 laj.31,phonetic,betray,,,,
17-450-815-1,cuoi1242,Cuoi,643,kən.33,phonetic,"need, necessity",,,,
17-460-815-1,cuoi1242,Cuoi,686,taw.243ʔ,phonetic,easy,,,,
17-470-815-1,cuoi1242,Cuoi,584,khâ.24,phonetic,difficult,,,,
17-470-815-2,cuoi1242,Cuoi,584,khâ.24 ti:ń.24,phonetic,difficult,,,,
17-480-815-1,cuoi1242,Cuoi,1812,sɨ.243ʔ,phonetic,"try, attempt",,,,
17-480-815-2,cuoi1242,Cuoi,1812,ko.24 ɣaŋ.24,phonetic,"try, attempt",,,,
17-490-815-1,cuoi1242,Cuoi,488,ka:c.24,phonetic,"way, manner",,,,
17-510-815-1,cuoi1242,Cuoi,1577,təm.243ʔ,phonetic,and,,,,
17-520-815-1,cuoi1242,Cuoi,1157,ta:j.31,phonetic,because,,,,
17-530-815-1,cuoi1242,Cuoi,1459,ne:w.24,phonetic,if,,,,
17-540-815-1,cuoi1242,Cuoi,1014,haj.33,phonetic,or,,,,
17-550-815-1,cuoi1242,Cuoi,1268,ʔə.243ʔ,phonetic,"yes, affirmative",,,,
17-560-815-1,cuoi1242,Cuoi,1269,ta.23ʔ,phonetic,"no, negative",,,,
17-560-815-2,cuoi1242,Cuoi,1269,hʌ.31,phonetic,"no, negative",,,,
17-610-815-1,cuoi1242,Cuoi,1239,(mən.33) nɔ.24 nɛ.24,phonetic,how?,,,,
17-620-815-1,cuoi1242,Cuoi,822,bəj.24,phonetic,how many?,,,,
17-620-815-2,cuoi1242,Cuoi,822,kə.33 mo.243ʔ,phonetic,how many?,,,,
17-640-815-1,cuoi1242,Cuoi,1236,ci.33,phonetic,what?,,,,
17-650-815-1,cuoi1242,Cuoi,1238,cə.243ʔ mo.243ʔ,phonetic,when?,,,,
17-660-815-1,cuoi1242,Cuoi,1237,pɔ.33,phonetic,where?,,,,
17-670-815-1,cuoi1242,Cuoi,727,mo.243ʔ,phonetic,which?,,,,
17-680-815-1,cuoi1242,Cuoi,1235,ʔe.33,phonetic,who?,,,,
17-690-815-1,cuoi1242,Cuoi,1270,taj.31 ma.31 nɔ.33,phonetic,why?,,,,
18-110-815-1,cuoi1242,Cuoi,1363,tieŋ.24,phonetic,voice,,,,
18-120-815-1,cuoi1242,Cuoi,1261,ha:t.24,phonetic,sing,,,,
18-130-815-1,cuoi1242,Cuoi,715,ta:l.24,phonetic,"shout, cry out",,,,
18-150-815-1,cuoi1242,Cuoi,55,ca:t.24 ha:t.24,phonetic,whisper,,,,
18-160-815-1,cuoi1242,Cuoi,128,mɛń.31 dɛ:t.24,phonetic,mumble,,,,
18-170-815-1,cuoi1242,Cuoi,1025,hu:t.24,phonetic,whistle,,,,
18-180-815-1,cuoi1242,Cuoi,298,hɛ:t.24,phonetic,"shriek, screech",,,,
18-190-815-1,cuoi1242,Cuoi,526,lu.33,phonetic,howl,,,,
18-210-815-1,cuoi1242,Cuoi,1623,mɛń.31,phonetic,"speak, talk",,,,
18-210-815-2,cuoi1242,Cuoi,1623,mɛń.31 cien.31,phonetic,"speak, talk",,,,
18-211-815-1,cuoi1242,Cuoi,1866,mɛń.31 lam.31,phonetic,"stutter, stammer",,,,
18-221-815-1,cuoi1242,Cuoi,1711,ke.243ʔ cien.31,phonetic,tell story,,,,
18-222-815-1,cuoi1242,Cuoi,1115,lə:j.243ʔ pɔ:k.31,phonetic,speech (make a),,,,
18-230-815-1,cuoi1242,Cuoi,48,ʔi:m.33,phonetic,silent (be),,,,
18-230-815-2,cuoi1242,Cuoi,48,ʔə.243ʔ vaŋ.24,phonetic,silent (be),,,,
18-240-815-1,cuoi1242,Cuoi,1307,tieŋ.24,phonetic,language,,,,
18-260-815-1,cuoi1242,Cuoi,1599,tieŋ.24,phonetic,word,,,,
18-280-815-1,cuoi1242,Cuoi,1405,məl.31,phonetic,name,,,,
18-310-815-1,cuoi1242,Cuoi,1309,ha:n.33,phonetic,"ask (question, inquire)",,,,
18-320-815-1,cuoi1242,Cuoi,1275,pla.31 lə:j.243ʔ,phonetic,answer,,,,
18-330-815-1,cuoi1242,Cuoi,2022,sɨŋ.33,phonetic,"admit, confess",,,,
18-340-815-1,cuoi1242,Cuoi,755,hʌ.31 mɛ:n.243ʔ,phonetic,deny,,,,
18-350-815-1,cuoi1242,Cuoi,1828,zɔ.243ʔ,phonetic,"ask, request",,,,
18-360-815-1,cuoi1242,Cuoi,1675,hɛ:n.31,phonetic,promise,,,,
18-360-815-2,cuoi1242,Cuoi,1675,hɨə.24,phonetic,promise,,,,
18-370-815-1,cuoi1242,Cuoi,49,hʌ.31 ńən.31,phonetic,refuse,,,,
18-380-815-1,cuoi1242,Cuoi,83,kəm.24,phonetic,forbid,,,,
18-390-815-1,cuoi1242,Cuoi,299,ra:ŋ.243ʔ,phonetic,"rebuke, scold",,,,
18-410-815-1,cuoi1242,Cuoi,1084,vɔ:k.24,phonetic,call (=summon),,,,
18-420-815-1,cuoi1242,Cuoi,180,ta:c.31 məl.31,phonetic,call (=name),,,,
18-430-815-1,cuoi1242,Cuoi,9,zɔ.243ʔ,phonetic,announce,,,,
18-440-815-1,cuoi1242,Cuoi,1192,mi.243ʔ si.33,phonetic,threaten,,,,
18-450-815-1,cuoi1242,Cuoi,101,khwɛ.33,phonetic,boast,,,,
18-510-815-1,cuoi1242,Cuoi,1672,viet.24,phonetic,write,,,,
18-520-815-1,cuoi1242,Cuoi,724,dɔk.31,phonetic,read,,,,
18-560-815-1,cuoi1242,Cuoi,648,caj.24,phonetic,paper,,,,
18-570-815-1,cuoi1242,Cuoi,794,bu:t.24,phonetic,pen,,,,
18-610-815-1,cuoi1242,Cuoi,963,kwien.243ʔ sa:c.24,phonetic,book,,,,
18-710-815-1,cuoi1242,Cuoi,777,khra:w.24,phonetic,flute,,,,
18-720-815-1,cuoi1242,Cuoi,908,klɔ:ŋ.24,phonetic,drum,,,,
18-730-815-1,cuoi1242,Cuoi,2136,kɛ:n.243ʔ,phonetic,"horn, trumpet",,,,
19-110-815-1,cuoi1242,Cuoi,1300,tət.24 da:k.24,phonetic,country,,,,
19-120-815-1,cuoi1242,Cuoi,89,to.243ʔ kuok.24,phonetic,one's native country,,,,
19-160-815-1,cuoi1242,Cuoi,930,luŋ.24,phonetic,village,,,,
19-170-815-1,cuoi1242,Cuoi,1010,kən.31,phonetic,boundary,,,,
19-210-815-1,cuoi1242,Cuoi,789,ńən.33 zən.33,phonetic,people (populace),,,,
19-240-815-1,cuoi1242,Cuoi,301,klu:m.243ʔ la:ŋ.243ʔ,phonetic,"chief, chieftain",,,,
19-310-815-1,cuoi1242,Cuoi,1846,kaj.33 kli.31,phonetic,"rule, govern",,,,
19-320-815-1,cuoi1242,Cuoi,1508,vuo.33,phonetic,"king, ruler",,,,
19-430-815-1,cuoi1242,Cuoi,255,kɨəj.31 ʔə.243ʔ,phonetic,servant,,,,
19-460-815-1,cuoi1242,Cuoi,1635,ŋɛ.33 lə:j.33,phonetic,obey,,,,
19-470-815-1,cuoi1242,Cuoi,1003,cə.33 fɛ:p.24,phonetic,"let, permit",,,,
19-510-815-1,cuoi1242,Cuoi,1325,pa:n.31,phonetic,"friend, companion",,,,
19-520-815-1,cuoi1242,Cuoi,1358,zak.31,phonetic,enemy,,,,
19-540-815-1,cuoi1242,Cuoi,1332,kɨəj.31 ʔə.243ʔ də.33,phonetic,neighbor,,,,
19-550-815-1,cuoi1242,Cuoi,791,kɨəj.31 la.31,phonetic,stranger,,,,
19-560-815-1,cuoi1242,Cuoi,1782,khɛ:c.24,phonetic,guest,,,,
19-570-815-1,cuoi1242,Cuoi,1545,cu.24ʔ,phonetic,host,,,,
19-580-815-1,cuoi1242,Cuoi,1897,zu:p.24,phonetic,"help, aid",,,,
19-590-815-1,cuoi1242,Cuoi,1550,ka:n.33,phonetic,"hinder, prevent",,,,
19-610-815-1,cuoi1242,Cuoi,1747,tuk.31 le.31,phonetic,custom,,,,
19-620-815-1,cuoi1242,Cuoi,1848,kʌ:j.31 cak.24,phonetic,"strife, quarrel",,,,
19-630-815-1,cuoi1242,Cuoi,2024,ʔam.33 mɨ:w.33,phonetic,"conspiracy, plot",,,,
19-650-815-1,cuoi1242,Cuoi,1831,tʌ:l.24,phonetic,meet,,,,
19-720-815-1,cuoi1242,Cuoi,1610,mən.243ʔ ti.31,phonetic,prostitute,,,,
20-110-815-1,cuoi1242,Cuoi,1423,ta:ń.24,phonetic,fight (vb),,,,
20-130-815-1,cuoi1242,Cuoi,579,ta:ń.24 cak.24,phonetic,"war, battle",,,,
20-140-815-1,cuoi1242,Cuoi,1338,hwa.33 bi:ń.33,phonetic,peace,,,,
20-150-815-1,cuoi1242,Cuoi,1561,bo.31 do:j.31,phonetic,army,,,,
20-170-815-1,cuoi1242,Cuoi,1941,bo.31 do:j.31,phonetic,soldier,,,,
20-240-815-1,cuoi1242,Cuoi,994,na.24,phonetic,bow,,,,
20-250-815-1,cuoi1242,Cuoi,977,la:l.31,phonetic,arrow,,,,
20-270-815-1,cuoi1242,Cuoi,1535,da:w.24,phonetic,sword,,,,
20-280-815-1,cuoi1242,Cuoi,1566,suŋ.24,phonetic,"gun, cannon",,,,
20-410-815-1,cuoi1242,Cuoi,783,thaŋ.24 lə:j.31,phonetic,victory,,,,
20-420-815-1,cuoi1242,Cuoi,782,suo.24ʔ,phonetic,defeat,,,,
20-430-815-1,cuoi1242,Cuoi,722,tɨəl.243ʔ,phonetic,attack,,,,
20-440-815-1,cuoi1242,Cuoi,1330,ba:w.243ʔ ve.31,phonetic,defend,,,,
20-450-815-1,cuoi1242,Cuoi,421,cal.31,phonetic,retreat,,,,
20-460-815-1,cuoi1242,Cuoi,1696,thɔ:j.24,phonetic,surrender,,,,
20-470-815-1,cuoi1242,Cuoi,1072,ti.243ʔ za:m.24,phonetic,"captive, prisoner",,,,
20-490-815-1,cuoi1242,Cuoi,65,ri:ń.243ʔ,phonetic,ambush,,,,
20-520-815-1,cuoi1242,Cuoi,1074,la:l.31 kəw.33,phonetic,fishhook,,,,
20-530-815-1,cuoi1242,Cuoi,19,ca:k.31 kəw.33,phonetic,fishing line,,,,
20-540-815-1,cuoi1242,Cuoi,388,la:j.24,phonetic,fishnet,,,,
20-560-815-1,cuoi1242,Cuoi,2013,plu:n.243ʔ,phonetic,bait,,,,
20-610-815-1,cuoi1242,Cuoi,1435,pi:ń.24,phonetic,hunt,,,,
20-620-815-1,cuoi1242,Cuoi,1172,pi:ń.24,phonetic,shoot,,,,
20-630-815-1,cuoi1242,Cuoi,161,hʌ.31 ta:ŋ.243ʔ,phonetic,miss (target),,,,
20-640-815-1,cuoi1242,Cuoi,1075,ke.24 ŋɔ.31,phonetic,trap (noun),,,,
20-650-815-1,cuoi1242,Cuoi,1170,ŋɔ.31,phonetic,trap (vb),,,,
21-110-815-1,cuoi1242,Cuoi,1062,lət.31,phonetic,law,,,,
21-150-815-1,cuoi1242,Cuoi,1068,tʌ.243ʔ ʔa:n.24,phonetic,court,,,,
21-160-815-1,cuoi1242,Cuoi,1818,sɨ.243ʔ ʔa:n.24,phonetic,judge (vb),,,,
21-170-815-1,cuoi1242,Cuoi,1067,sɛ:t.33 sɨ.24ʔ,phonetic,judgment,,,,
21-180-815-1,cuoi1242,Cuoi,861,thəm.243ʔ pha:n.24,phonetic,judge (noun),,,,
21-210-815-1,cuoi1242,Cuoi,2020,ŋa:j.33ʔ kien.31,phonetic,plaintiff,,,,
21-220-815-1,cuoi1242,Cuoi,1034,bi.31 kien.31,phonetic,defendant,,,,
21-230-815-1,cuoi1242,Cuoi,1144,mən.243ʔ cɨŋ.24,phonetic,witness,,,,
21-240-815-1,cuoi1242,Cuoi,1939,se.243ʔ,phonetic,swear,,,,
21-250-815-1,cuoi1242,Cuoi,1712,lə:j.24ʔ se.243ʔ,phonetic,oath,,,,
21-310-815-1,cuoi1242,Cuoi,1814,pɨək.31 to:j.31,phonetic,accuse,,,,
21-320-815-1,cuoi1242,Cuoi,484,le:ŋ.33 ʔa:n.24,phonetic,condemn,,,,
21-330-815-1,cuoi1242,Cuoi,983,ke:t.24 ʔa:n.24,phonetic,convict (vb),,,,
21-340-815-1,cuoi1242,Cuoi,988,thɔ:j.243ʔ,phonetic,acquit,,,,
21-350-815-1,cuoi1242,Cuoi,1682,kâ.24 to:j.31,phonetic,guilty,,,,
21-360-815-1,cuoi1242,Cuoi,90,vɔ.33 to:j.31,phonetic,innocent,,,,
21-370-815-1,cuoi1242,Cuoi,390,hi:ń.243ʔ pha:t.31,phonetic,"penalty, punishment",,,,
21-380-815-1,cuoi1242,Cuoi,218,tien.243 pha:t.31,phonetic,fine,,,,
21-390-815-1,cuoi1242,Cuoi,1281,ńa.33ʔ tu.243ʔ,phonetic,"prison, jail",,,,
21-430-815-1,cuoi1242,Cuoi,902,ti.31,phonetic,adultery,,,,
21-440-815-1,cuoi1242,Cuoi,953,tɛ.243ʔ,phonetic,rape,,,,
21-460-815-1,cuoi1242,Cuoi,1889,tu:t.33 ńa.243ʔ,phonetic,arson,,,,
21-470-815-1,cuoi1242,Cuoi,1792,tɔ:j.243ʔ,phonetic,perjury,,,,
21-510-815-1,cuoi1242,Cuoi,713,ʔan.33 lo:m.31,phonetic,steal,,,,
21-520-815-1,cuoi1242,Cuoi,1160,kɛ.31ʔ kɨəp.24,phonetic,thief,,,,
22-120-815-1,cuoi1242,Cuoi,1944,thən.243ʔ,phonetic,God,,,,
22-130-815-1,cuoi1242,Cuoi,911,te:n.243ʔ sɨ.243ʔ,phonetic,"temple, church",,,,
22-140-815-1,cuoi1242,Cuoi,853,ba:n.243ʔ kuŋ.24,phonetic,altar,,,,
22-150-815-1,cuoi1242,Cuoi,1103,le.31,phonetic,"sacrifice, offering",,,,
22-160-815-1,cuoi1242,Cuoi,257,sɨ.243ʔ kuŋ.24,phonetic,worship,,,,
22-170-815-1,cuoi1242,Cuoi,24,kəw.33,phonetic,pray,,,,
22-190-815-1,cuoi1242,Cuoi,1702,tha:ń.24,phonetic,"holy, sacred",,,,
22-240-815-1,cuoi1242,Cuoi,8,ba:w.31 cɨəj.243ʔ,phonetic,curse,,,,
22-260-815-1,cuoi1242,Cuoi,303,ʔan.33 khɨəl.33,phonetic,fast (vb),,,,
22-350-815-1,cuoi1242,Cuoi,1973,ma.33 kwi.243ʔ,phonetic,demon (evil spirit),,,,
22-420-815-1,cuoi1242,Cuoi,392,cɨək.24,phonetic,"magic, witchcraft, sorcery",,,,
22-430-815-1,cuoi1242,Cuoi,2137,saj.243ʔ cɨə.31,phonetic,"sorcerer, witch",,,,
22-440-815-1,cuoi1242,Cuoi,2138,tien.24,phonetic,"fairy, elf",,,,
22-450-815-1,cuoi1242,Cuoi,1175,ma.33,phonetic,"ghost, phantom",,,,
22-470-815-1,cuoi1242,Cuoi,107,kwa:j.24,phonetic,"omen, portent",,,,
22-470-815-2,cuoi1242,Cuoi,107,sieŋ,phonetic,"omen, portent",,,,
