ID,Language_ID,Language_name,Parameter_ID,Value,Transcription,Concept,Source,Comment,AlternativeValue,AlternativeTranscription
14-320-407-1,luuu1242,Tai Lü,1852,...cam.1 nam.2,Phonemic,often,,,,
14-310-407-1,luuu1242,Tai Lü,1676,ja:m.2 dai.1 kɔ:.4,Phonemic,always,,,,
14-290-407-1,luuu1242,Tai Lü,790,tok.7 ti:.6,Phonemic,ready,,,,
14-280-407-1,luuu1242,Tai Lü,1928,dɨk.7 sau.2,Phonemic,"cease, stop",,,,
14-270-407-1,luuu1242,Tai Lü,1766,lɛu.4 pe:.5,Phonemic,finish,,,,
14-260-407-1,luuu1242,Tai Lü,743,ja:.5,Phonemic,end (temporal),,,,
14-252-407-1,luuu1242,Tai Lü,1186,tɔ:.5 pai.1,Phonemic,"last, endure",,,,
14-250-407-1,luuu1242,Tai Lü,1806,mə:.6 ho:.1 thi:.2,Phonemic,"begin, beginning",,,,
14-240-407-1,luuu1242,Tai Lü,425,la:n.5 ve:.2 la:.2,Phonemic,"retard, delay",,,,
14-230-407-1,luuu1242,Tai Lü,754,vai.2,Phonemic,"hasten, hurry",,,,
14-220-407-1,luuu1242,Tai Lü,701,cəŋ.4,Phonemic,slow,,,,
14-210-407-1,luuu1242,Tai Lü,1631,vai.2,Phonemic,"swift, fast, quick",,,,
14-190-407-1,luuu1242,Tai Lü,1963,doi.3 hip.8,Phonemic,immediately,,,,
14-180-407-1,luuu1242,Tai Lü,1376,bat.7 deu.5,Phonemic,now,,,,
14-170-407-1,luuu1242,Tai Lü,477,la:.3,Phonemic,late,,,,
14-160-407-1,luuu1242,Tai Lü,672,cau.4,Phonemic,early,,,,
14-150-407-1,luuu1242,Tai Lü,1229,kɛ:.5,Phonemic,old,,,,
14-150-407-3,luuu1242,Tai Lü,1229,thau.3,Phonemic,old,,,,
14-140-407-1,luuu1242,Tai Lü,1207,num.5,Phonemic,young,,,,
14-120-407-1,luuu1242,Tai Lü,1789,ʔa:.2 ju.2,Phonemic,age,,,,
14-130-407-1,luuu1242,Tai Lü,1231,mai.5,Phonemic,new,,,,
14-110-407-1,luuu1242,Tai Lü,892,sa.1 mai.1,Phonemic,time,,,,
13-440-407-1,luuu1242,Tai Lü,417,sa:m.1 thop.7,Phonemic,three times,,,,
13-420-407-1,luuu1242,Tai Lü,1859,thi:.2 sa:m.1,Phonemic,third,,,,
13-380-407-1,luuu1242,Tai Lü,1546,sɔŋ.1 thop.7,Phonemic,two times,,,,
13-370-407-1,luuu1242,Tai Lü,1888,ku:.6,Phonemic,pair,,,,
13-360-407-1,luuu1242,Tai Lü,1384,thi:.2 sɔŋ.1,Phonemic,second,,,,
13-350-407-1,luuu1242,Tai Lü,1529,thi:.2 sut.7,Phonemic,last,,,,
13-340-407-1,luuu1242,Tai Lü,728,thi:.2 nɨŋ.6,Phonemic,first,,,,
13-330-407-1,luuu1242,Tai Lü,1580,to:.1 deu.1,Phonemic,"alone, only",,,,
13-330-407-3,luuu1242,Tai Lü,1580,mi:.2 ka:.6,Phonemic,"alone, only",,,,
13-240-407-1,luuu1242,Tai Lü,816,xɨŋ.6 (nɨŋ.6),Phonemic,half,,,,
13-230-407-1,luuu1242,Tai Lü,779,pun.1 nɨŋ.6,Phonemic,"part, piece",,,,
13-220-407-1,luuu1242,Tai Lü,1624,pəu.5,Phonemic,empty,,,,
13-210-407-1,luuu1242,Tai Lü,1429,tim.1,Phonemic,full,,,,
13-190-407-1,luuu1242,Tai Lü,2023,mu:.5 cum.2,Phonemic,"multitude, crowd",,,,
13-181-407-1,luuu1242,Tai Lü,1241,sɛn.2 phɔŋ.6,Phonemic,some,,,,
13-170-407-1,luuu1242,Tai Lü,1242,nɔi.8,Phonemic,"little (quantity), few",,,,
13-180-407-1,luuu1242,Tai Lü,1881,pɔ:.2,Phonemic,enough,,,,
13-160-407-1,luuu1242,Tai Lü,1992,xɛn.4 la:i.1,Phonemic,more,,,,
13-150-407-1,luuu1242,Tai Lü,1198,la:i.1,Phonemic,"much, many",,,,
13-140-407-1,luuu1242,Tai Lü,98,taŋ.2 pɨk.7,Phonemic,"every, all",,,,
13-107-407-1,luuu1242,Tai Lü,1420,cet.7,Phonemic,count,,,,
13-106-407-1,luuu1242,Tai Lü,1843,pan.2,Phonemic,thousand,,,,
13-105-407-1,luuu1242,Tai Lü,1634,hɔi.4,Phonemic,hundred,,,,
13-104-407-1,luuu1242,Tai Lü,1710,sa:u.2,Phonemic,twenty,,,,
13-103-407-1,luuu1242,Tai Lü,1709,sip.7 ha:.3,Phonemic,fifteen,,,,
13-102-407-1,luuu1242,Tai Lü,1707,sip.7 sɔŋ.1,Phonemic,twelve,,,,
13-101-407-1,luuu1242,Tai Lü,1706,sip.7 ʔet.7,Phonemic,eleven,,,,
13-100-407-1,luuu1242,Tai Lü,1515,sip.7,Phonemic,ten,,,,
13-90-407-1,luuu1242,Tai Lü,1483,kau.3,Phonemic,nine,,,,
13-80-407-1,luuu1242,Tai Lü,1705,pɛt.9,Phonemic,eight,,,,
13-70-407-1,luuu1242,Tai Lü,1704,cet.7,Phonemic,seven,,,,
13-60-407-1,luuu1242,Tai Lü,1703,hok.7,Phonemic,six,,,,
13-50-407-1,luuu1242,Tai Lü,493,ha:.3,Phonemic,five,,,,
13-40-407-1,luuu1242,Tai Lü,1500,si:.5,Phonemic,four,,,,
13-20-407-1,luuu1242,Tai Lü,1498,sɔŋ.1,Phonemic,two,,,,
13-30-407-1,luuu1242,Tai Lü,492,sa:m.1,Phonemic,three,,,,
13-10-407-1,luuu1242,Tai Lü,1493,nɨŋ.6,Phonemic,one,,,,
13-0-407-1,luuu1242,Tai Lü,1294,bau.5 mi:.2,Phonemic,"zero, nothing",,,,
13-0-407-3,luuu1242,Tai Lü,1294,sun.1,Phonemic,"zero, nothing",,,,
12-930-407-1,luuu1242,Tai Lü,1264,pen.5,Phonemic,change,,,,
12-920-407-1,luuu1242,Tai Lü,1558,mən.1,Phonemic,"like, similar",,,,
12-840-407-1,luuu1242,Tai Lü,1048,ma:.1,Phonemic,line,,,,
12-850-407-1,luuu1242,Tai Lü,1667,hu:.2,Phonemic,hole,,,,
12-830-407-1,luuu1242,Tai Lü,1845,ma:k.9 lum.2,Phonemic,"sphere, ball",,,,
12-810-407-1,luuu1242,Tai Lü,1395,mun.2,Phonemic,round,,,,
12-820-407-1,luuu1242,Tai Lü,1467,koŋ.5,Phonemic,circle,,,,
12-780-407-1,luuu1242,Tai Lü,850,lem.6,Phonemic,square,,,,
12-770-407-1,luuu1242,Tai Lü,1367,pai.5,Phonemic,cross,,,,
12-760-407-1,luuu1242,Tai Lü,192,ce:.1,Phonemic,corner,,,,
12-750-407-1,luuu1242,Tai Lü,1071,xɔ:.1,Phonemic,hook,,,,
12-740-407-1,luuu1242,Tai Lü,297,kot.8,Phonemic,crooked,,,,
12-730-407-1,luuu1242,Tai Lü,1404,sɨ:.6,Phonemic,straight,,,,
12-710-407-1,luuu1242,Tai Lü,1633,peŋ.2,Phonemic,flat,,,,
12-680-407-1,luuu1242,Tai Lü,193,tɨn.3,Phonemic,shallow,,,,
12-670-407-1,luuu1242,Tai Lü,1593,lək.8,Phonemic,deep,,,,
12-650-407-1,luuu1242,Tai Lü,2249,ba:ŋ.1,Phonemic,thin (in dimension),,,,
12-630-407-1,luuu1242,Tai Lü,1244,na:.1,Phonemic,thick (in dimension),,,,
12-620-407-1,luuu1242,Tai Lü,1267,cɔm.4,Phonemic,narrow,,,,
12-610-407-1,luuu1242,Tai Lü,1243,kwa:ŋ.3,Phonemic,"wide, broad",,,,
12-590-407-1,luuu1242,Tai Lü,1645,sɛn.3,Phonemic,short,,,,
12-580-407-1,luuu1242,Tai Lü,711,suŋ.1,Phonemic,tall,,,,
12-570-407-1,luuu1242,Tai Lü,1203,ja:u.2,Phonemic,long,,,,
12-560-407-1,luuu1242,Tai Lü,1246,nɔi.4,Phonemic,"small, little",,,,
12-550-407-1,luuu1242,Tai Lü,1202,jai.5,Phonemic,"large, big",,,,
12-550-407-3,luuu1242,Tai Lü,1202,loŋ.1,Phonemic,"large, big",,,,
12-541-407-1,luuu1242,Tai Lü,81,xɨp.8,Phonemic,"span, fathom",,,,
12-540-407-1,luuu1242,Tai Lü,1506,tɛk.8,Phonemic,measure,,,,
12-530-407-1,luuu1242,Tai Lü,479,kət.9 pin.1,Phonemic,grow,,,,
12-480-407-1,luuu1242,Tai Lü,1595,hun.1 tai.3,Phonemic,south,,,,
12-470-407-1,luuu1242,Tai Lü,1598,hun.1 nə:.1,Phonemic,north,,,,
12-460-407-1,luuu1242,Tai Lü,1817,hun.1 van.2 tok.7,Phonemic,west,,,,
12-450-407-1,luuu1242,Tai Lü,1877,hun.1 van.2 ʔɔk.9,Phonemic,east,,,,
12-430-407-1,luuu1242,Tai Lü,1942,kai.3,Phonemic,near (adv),,,,
12-430-407-3,luuu1242,Tai Lü,1942,kai.1,Phonemic,near (adv),,,,
12-420-407-1,luuu1242,Tai Lü,244,pa:i.2 sa:i.4,Phonemic,left (side),,,,
12-410-407-1,luuu1242,Tai Lü,1019,pa:i.2 xwa:.1,Phonemic,right (side),,,,
12-370-407-1,luuu1242,Tai Lü,1093,ka:ŋ.1 xɨŋ.6,Phonemic,"middle, center",,,,
12-360-407-1,luuu1242,Tai Lü,682,fa:i.5,Phonemic,side,,,,
12-360-407-3,luuu1242,Tai Lü,682,pa:i.2,Phonemic,side,,,,
12-353-407-1,luuu1242,Tai Lü,863,xɔp.9 him.2,Phonemic,edge,,,,
12-352-407-1,luuu1242,Tai Lü,372,lɛm.1,Phonemic,pointed,,,,
12-350-407-1,luuu1242,Tai Lü,742,pa:i.1,Phonemic,end,,,,
12-340-407-1,luuu1242,Tai Lü,690,kun.3,Phonemic,bottom,,,,
12-340-407-3,luuu1242,Tai Lü,690,pɨn.4,Phonemic,bottom,,,,
12-320-407-1,luuu1242,Tai Lü,721,tɛm.5,Phonemic,low,,,,
12-330-407-1,luuu1242,Tai Lü,1753,cik.7,Phonemic,top,,,,
12-330-407-3,luuu1242,Tai Lü,1753,cɔm.1,Phonemic,top,,,,
12-310-407-1,luuu1242,Tai Lü,1265,suŋ.1,Phonemic,high,,,,
12-270-407-1,luuu1242,Tai Lü,602,səŋ.5,Phonemic,"hide, conceal",,,,
12-250-407-1,luuu1242,Tai Lü,1046,hap.7 (pa.1 tu:.1),Phonemic,"shut, close",,,,
12-250-407-3,luuu1242,Tai Lü,1046,hap.7 (sop.7),Phonemic,"shut, close",,,,
12-260-407-1,luuu1242,Tai Lü,761,kom.1,Phonemic,cover,,,,
12-240-407-1,luuu1242,Tai Lü,1156,xai.1,Phonemic,open,,,,
12-240-407-3,luuu1242,Tai Lü,1156,pɨt.9 xai.1,Phonemic,open,,,,
12-232-407-1,luuu1242,Tai Lü,1119,xit.9 bɛŋ.5,Phonemic,divide,,,,
12-230-407-1,luuu1242,Tai Lü,1359,bɛŋ.5 kan.1,Phonemic,separate,,,,
12-220-407-1,luuu1242,Tai Lü,1743,tɔ:.1 sɨp.9,Phonemic,"join, unite",,,,
12-213-407-1,luuu1242,Tai Lü,1576,kɔ:.5 kɔŋ.1,Phonemic,pile up,,,,
12-212-407-1,luuu1242,Tai Lü,371,kep.7 dai.3,Phonemic,pick up,,,,
12-210-407-1,luuu1242,Tai Lü,7,ha:.1 hɔm.2,Phonemic,"collect, gather",,,,
12-170-407-1,luuu1242,Tai Lü,838,kət.7 vai.4,Phonemic,"remains, left overs",,,,
12-160-407-1,luuu1242,Tai Lü,987,ju:.5 ... vai.4,Phonemic,"remain, stay",,,,
12-150-407-1,luuu1242,Tai Lü,1442,cɛn.5,Phonemic,stand,,,,
12-140-407-1,luuu1242,Tai Lü,215,ləŋ.4 kəŋ.4,Phonemic,lie down,,,,
12-130-407-1,luuu1242,Tai Lü,1416,naŋ.6,Phonemic,sit,,,,
12-120-407-1,luuu1242,Tai Lü,998,vai.4,Phonemic,put,,,,
12-110-407-1,luuu1242,Tai Lü,723,ti:.6,Phonemic,place,,,,
12-80-407-1,luuu1242,Tai Lü,1591,ju:.5 pa:i.2 nə:.1...,Phonemic,"up, above",,,,
12-70-407-1,luuu1242,Tai Lü,1485,ju:.5 pa:i.2 tai.3,Phonemic,under,,,,
12-60-407-1,luuu1242,Tai Lü,762,ju:.5 pa:i.2 nɔk.8,Phonemic,outside,,,,
12-50-407-1,luuu1242,Tai Lü,1606,ju:.5 pa:i.2 nai.2,Phonemic,"inside, in",,,,
12-41-407-1,luuu1242,Tai Lü,1883,ju:.5 ʔɔn.1,Phonemic,front,,,,
12-40-407-1,luuu1242,Tai Lü,1882,ju:.5 ʔɔn.1 mə:.6,Phonemic,before,,,,
12-30-407-1,luuu1242,Tai Lü,2094,pa:i.2 tai.3,Phonemic,"down, below",,,,
12-20-407-1,luuu1242,Tai Lü,1816,ju:.5 pa:i.2 pa:ŋ.6,Phonemic,beside,,,,
12-11-407-1,luuu1242,Tai Lü,1686,ju:.5 pa:i.2 laŋ.1,Phonemic,behind,,,,
12-10-407-1,luuu1242,Tai Lü,1685,ju:.5 pa:i.2 laŋ.1,Phonemic,after,,,,
11-920-407-1,luuu1242,Tai Lü,1098,caŋ.6,Phonemic,weigh,,,,
11-910-407-1,luuu1242,Tai Lü,884,bɛŋ.5 ja:i.1,Phonemic,share (distribute),,,,
11-890-407-1,luuu1242,Tai Lü,1887,thuk.9,Phonemic,cheap,,,,
11-880-407-1,luuu1242,Tai Lü,1426,pɛŋ.2,Phonemic,"dear (costly, expensive)",,,,
11-870-407-1,luuu1242,Tai Lü,657,ka:.6,Phonemic,price,,,,
11-860-407-1,luuu1242,Tai Lü,752,sɛŋ.5 xo:.2,Phonemic,"store, shop",,,,
11-850-407-1,luuu1242,Tai Lü,633,ka:t.9 li:.2,Phonemic,market (place),,,,
11-840-407-1,luuu1242,Tai Lü,1082,pɔ:.6 ka:.4,Phonemic,merchant,,,,
11-830-407-1,luuu1242,Tai Lü,2135,ka:.4 xa:i.1,Phonemic,"trade, barter",,,,
11-820-407-1,luuu1242,Tai Lü,1571,xa:i.1,Phonemic,sell,,,,
11-810-407-1,luuu1242,Tai Lü,1869,sɨ:.4,Phonemic,buy,,,,
11-790-407-1,luuu1242,Tai Lü,733,ha: ŋin.2,Phonemic,earn,,CHECK,,
11-780-407-1,luuu1242,Tai Lü,1122,ka:.6 hɛŋ.2,Phonemic,wages,,,,
11-770-407-1,luuu1242,Tai Lü,856,ca:ŋ.3,Phonemic,hire,,,,
11-690-407-1,luuu1242,Tai Lü,873,xɔn.5,Phonemic,"tax, tribute",,,,
11-660-407-1,luuu1242,Tai Lü,1081,ka:n.3 ŋɨn.2,Phonemic,"account, reckoning",,,,
11-650-407-1,luuu1242,Tai Lü,718,xe:.5 ka:.6,Phonemic,pay (vb),,,,
11-640-407-1,luuu1242,Tai Lü,1914,ni:.3,Phonemic,debt,,,,
11-630-407-1,luuu1242,Tai Lü,369,pin.1 ni:.3,Phonemic,owe,,,,
11-620-407-1,luuu1242,Tai Lü,1823,jɨm.1 naŋ.3...,Phonemic,borrow,,,,
11-620-407-3,luuu1242,Tai Lü,1823,jɨm.1,Phonemic,borrow,,,,
11-610-407-1,luuu1242,Tai Lü,582,ʔau.1 ...jɨm.1 hɨ.3,Phonemic,lend,,,,
11-540-407-1,luuu1242,Tai Lü,1774,xi:.3 thi:.5,Phonemic,"avaricious, stingy",,,,
11-530-407-1,luuu1242,Tai Lü,1934,kun.2 xɔ:.1 xau.3,Phonemic,beggar,,,,
11-520-407-1,luuu1242,Tai Lü,1674,tok.8 pha:n.1,Phonemic,poor,,,,
11-510-407-1,luuu1242,Tai Lü,712,haŋ.6 mi:.2,Phonemic,rich,,,,
11-440-407-1,luuu1242,Tai Lü,1867,ŋɨn.2 pɛk.8,Phonemic,coin,,,,
11-430-407-1,luuu1242,Tai Lü,1559,ŋɨn.2,Phonemic,money,,,,
11-340-407-1,luuu1242,Tai Lü,1095,pɔi.5,Phonemic,"release, let go",,,,
11-330-407-1,luuu1242,Tai Lü,1660,se:.1 ha:i.1,Phonemic,lose,,,,
11-320-407-1,luuu1242,Tai Lü,719,ha:.1 dai.3,Phonemic,find,,,,
11-310-407-1,luuu1242,Tai Lü,1468,sɔ.2 ha:.1,Phonemic,"seek, look for",,,,
11-280-407-1,luuu1242,Tai Lü,44,het.8 lu:.4,Phonemic,"harm, injure, damage",,,,
11-270-407-1,luuu1242,Tai Lü,681,ma:ŋ.4 lu:.4,Phonemic,destroy,,,,
11-250-407-1,luuu1242,Tai Lü,2008,phot.9 pha:i.1,Phonemic,"save, rescue",,,,
11-240-407-1,luuu1242,Tai Lü,1997,po:.1,Phonemic,"preserve, look after",,,,
11-220-407-1,luuu1242,Tai Lü,85,xɨn.1 pɔk.8,Phonemic,give back,,,,
11-210-407-1,luuu1242,Tai Lü,1447,hɨ.3,Phonemic,give,,,,
11-180-407-1,luuu1242,Tai Lü,738,xɔŋ.1 xo:.2,Phonemic,thing,,,,
11-160-407-1,luuu1242,Tai Lü,694,dai.3,Phonemic,"get, obtain",,,,
11-160-407-3,luuu1242,Tai Lü,694,ʔau.1 dai.3,Phonemic,"get, obtain",,,,
11-150-407-1,luuu1242,Tai Lü,1448,kam.1,Phonemic,hold,,,,
11-140-407-1,luuu1242,Tai Lü,2021,jap.8 dai.3,Phonemic,"seize, grasp",,,,
11-130-407-1,luuu1242,Tai Lü,1749,ʔau.1,Phonemic,take,,,,
11-120-407-1,luuu1242,Tai Lü,684,mi:.2,Phonemic,"own, possess",,,,
11-110-407-1,luuu1242,Tai Lü,773,mi:.2,Phonemic,have,,,,
10-920-407-1,luuu1242,Tai Lü,1922,luŋ.2 hə:.2,Phonemic,land (vb),,,,
10-910-407-1,luuu1242,Tai Lü,610,ta:.6 hə:.2,Phonemic,"harbor, port",,,,
10-890-407-1,luuu1242,Tai Lü,1870,cɔt.9 hə:.2,Phonemic,anchor,,,,
10-870-407-1,luuu1242,Tai Lü,184,ha:u.2 hə:.2,Phonemic,mast,,,,
10-860-407-1,luuu1242,Tai Lü,108,ta:i.4 hə:.2,Phonemic,rudder,,,,
10-852-407-1,luuu1242,Tai Lü,1849,fa:i.2 hə:.2,Phonemic,row (vb),,,,
10-851-407-1,luuu1242,Tai Lü,234,mai.4 fa:i.2 sɛn.3,Phonemic,paddle (noun),,,,
10-850-407-1,luuu1242,Tai Lü,108,mai.4 fa:i.2,Phonemic,oar,,,,
10-840-407-1,luuu1242,Tai Lü,1664,pɛ:.2,Phonemic,raft,,,,
10-831-407-1,luuu1242,Tai Lü,1970,hə:.2 nɔi.4,Phonemic,canoe,,,,
10-831-407-3,luuu1242,Tai Lü,1970,hə:.2 kon.1,Phonemic,canoe,,,,
10-830-407-1,luuu1242,Tai Lü,1844,hə:.2 bai.1,Phonemic,boat,,,,
10-810-407-1,luuu1242,Tai Lü,740,hə:.2 sa.1 pau.2,Phonemic,ship,,,,
10-770-407-1,luuu1242,Tai Lü,1769,kɛn.1 lɔ:.4,Phonemic,axle,,,,
10-760-407-1,luuu1242,Tai Lü,710,lɔ:.4 lot.8,Phonemic,wheel,,,,
10-750-407-1,luuu1242,Tai Lü,122,lɔ:.4,Phonemic,"carriage, wagon, cart",,,,
10-740-407-1,luuu1242,Tai Lü,1011,xo:.1,Phonemic,bridge,,,,
10-720-407-1,luuu1242,Tai Lü,2252,ta:ŋ.2 nɔi.4,Phonemic,path,,,,
10-710-407-1,luuu1242,Tai Lü,667,hun.1 ta:ŋ.2,Phonemic,road,,,,
10-670-407-1,luuu1242,Tai Lü,1452,ju:.4,Phonemic,"push, shove",,,,
10-660-407-1,luuu1242,Tai Lü,367,xi:.5 (ma:.4),Phonemic,ride,,,,
10-650-407-1,luuu1242,Tai Lü,741,xap.7 lot.8,Phonemic,drive,,,,
10-640-407-1,luuu1242,Tai Lü,43,nam.2 ta:ŋ.2,Phonemic,lead (vb),,,,
10-630-407-1,luuu1242,Tai Lü,1127,fa:k.9 pai.1,Phonemic,send,,,,
10-620-407-1,luuu1242,Tai Lü,692,ʔau.1 ma:.2,Phonemic,bring,,,,
10-615-407-1,luuu1242,Tai Lü,415,ka:.2,Phonemic,carry-underarm,,,,
10-613-407-1,luuu1242,Tai Lü,413,bɛk.9,Phonemic,carry-on-shoulder,,,,
10-612-407-1,luuu1242,Tai Lü,412,tiu.3,Phonemic,carry-in-hand,,,,
10-610-407-1,luuu1242,Tai Lü,700,pa:.2,Phonemic,carry (bear),,,,
10-610-407-3,luuu1242,Tai Lü,700,ʔau.1,Phonemic,carry (bear),,,,
10-570-407-1,luuu1242,Tai Lü,749,xau.3 pai.1,Phonemic,enter,,,,
10-560-407-1,luuu1242,Tai Lü,1778,kai.3,Phonemic,approach,,,,
10-550-407-1,luuu1242,Tai Lü,1387,hɔt.8 thɨŋ.1,Phonemic,"reach, arrive",,,,
10-530-407-1,luuu1242,Tai Lü,1047,xap.7 ləi.2,Phonemic,pursue,,,,
10-520-407-1,luuu1242,Tai Lü,1085,cɔm.2 ta:m.1,Phonemic,follow,,,,
10-510-407-1,luuu1242,Tai Lü,956,ni:.1,Phonemic,flee,,,,
10-510-407-3,luuu1242,Tai Lü,956,pa:i.6,Phonemic,flee,,,,
10-491-407-1,luuu1242,Tai Lü,485,ha:i.1,Phonemic,disappear,,,,
10-490-407-1,luuu1242,Tai Lü,1752,pha:k.8 se:.1,Phonemic,"go away, depart",,,,
10-481-407-1,luuu1242,Tai Lü,581,pɔk.8 ma:.2,Phonemic,come back,,,,
10-481-407-3,luuu1242,Tai Lü,581,pit.8 pɔk.8,Phonemic,come back,,,,
10-480-407-1,luuu1242,Tai Lü,1446,ma:.2,Phonemic,come,,,,
10-474-407-1,luuu1242,Tai Lü,1107,ʔɔk.9 pai.1,Phonemic,go out,,,,
10-473-407-1,luuu1242,Tai Lü,2014,luŋ.2 pai.1,Phonemic,go down,,,,
10-472-407-1,luuu1242,Tai Lü,1102,ka:n.2 mə:.2,Phonemic,climb,,,,
10-470-407-1,luuu1242,Tai Lü,695,pai.1,Phonemic,go,,,,
10-470-407-3,luuu1242,Tai Lü,695,mə:.2,Phonemic,go,,,,
10-471-407-1,luuu1242,Tai Lü,705,xɨn.3 mə:.2,Phonemic,go up,,,,
10-460-407-1,luuu1242,Tai Lü,1519,lɛn.6,Phonemic,run,,,,
10-451-407-1,luuu1242,Tai Lü,366,sɛ:.2,Phonemic,limp,,,,
10-450-407-1,luuu1242,Tai Lü,1443,teu.2 ta:ŋ.2,Phonemic,walk,,,,
10-440-407-1,luuu1242,Tai Lü,1879,fɔn.4,Phonemic,dance,,,,
10-431-407-1,luuu1242,Tai Lü,1135,dit.9,Phonemic,kick,,,,
10-430-407-1,luuu1242,Tai Lü,1829,hok.7,Phonemic,"jump, leap",,,,
10-420-407-1,luuu1242,Tai Lü,1324,pha.4 la:t.8,Phonemic,"slide, slip",,,,
10-420-407-3,luuu1242,Tai Lü,1324,lən.6,Phonemic,"slide, slip",,,,
10-413-407-1,luuu1242,Tai Lü,296,xɔ:.1 jɔ:.5,Phonemic,crouch,,,,
10-412-407-1,luuu1242,Tai Lü,66,xop.8 xau.5,Phonemic,kneel,,,,
10-410-407-1,luuu1242,Tai Lü,96,ka:n.2,Phonemic,"creep, crawl",,,,
10-380-407-1,luuu1242,Tai Lü,175,pau.5,Phonemic,blow,,,,
10-370-407-1,luuu1242,Tai Lü,1441,bin.1,Phonemic,fly (vb),,,,
10-352-407-1,luuu1242,Tai Lü,365,sin.1 sai.5,Phonemic,splash,,,,
10-351-407-1,luuu1242,Tai Lü,119,dam.1 nam.4,Phonemic,dive,,,,
10-350-407-1,luuu1242,Tai Lü,1439,lɔi.2 nam.4,Phonemic,swim,,,,
10-340-407-1,luuu1242,Tai Lü,1574,lai.1 nam.4,Phonemic,float,,,,
10-330-407-1,luuu1242,Tai Lü,1088,cum.1,Phonemic,sink,,,,
10-330-407-3,luuu1242,Tai Lü,1088,cɔŋ.5,Phonemic,sink,,,,
10-320-407-1,luuu1242,Tai Lü,2003,lai.1,Phonemic,flow,,,,
10-260-407-1,luuu1242,Tai Lü,1909,non.4 na:n.4,Phonemic,shake,,,,
10-252-407-1,luuu1242,Tai Lü,702,cap.7 jap.8,Phonemic,catch (ball),,,,
10-252-407-3,luuu1242,Tai Lü,702,hap.8,Phonemic,catch (ball),,,,
10-250-407-1,luuu1242,Tai Lü,1456,fɛt.8,Phonemic,throw,,,,
10-240-407-1,luuu1242,Tai Lü,2253,jɔi.4,Phonemic,drip,,,,
10-230-407-1,luuu1242,Tai Lü,1280,tok.7 luŋ.2,Phonemic,fall,,,,
10-220-407-1,luuu1242,Tai Lü,501,jok.8,Phonemic,"raise, lift",,,,
10-210-407-1,luuu1242,Tai Lü,568,luk.8 ma:.2,Phonemic,rise,,,,
10-210-407-3,luuu1242,Tai Lü,568,pok.7 taŋ.3,Phonemic,rise,,,,
10-170-407-1,luuu1242,Tai Lü,430,la:u.4,Phonemic,twist,,,,
10-170-407-3,luuu1242,Tai Lü,430,phat.7,Phonemic,twist,,,,
10-170-407-5,luuu1242,Tai Lü,430,ʔeu.3,Phonemic,twist,,,,
10-160-407-1,luuu1242,Tai Lü,808,tok.7 ha:i.1,Phonemic,drop (vb),,,,
10-150-407-1,luuu1242,Tai Lü,827,ham.2,Phonemic,roll,,,,
10-140-407-1,luuu1242,Tai Lü,1113,hɔ:.5,Phonemic,"wind, wrap",,,,
10-130-407-1,luuu1242,Tai Lü,1445,va:i.5 ho:.1,Phonemic,turn around,,,,
10-110-407-1,luuu1242,Tai Lü,765,xa:i.4,Phonemic,move,,,,
10-110-407-3,luuu1242,Tai Lü,765,ju:.4,Phonemic,move,,,,
10-110-407-5,luuu1242,Tai Lü,765,nɨŋ.1,Phonemic,move,,,,
9-890-407-1,luuu1242,Tai Lü,2001,ta:.2 nam.4 si:.1,Phonemic,paint (vb),,,,
9-840-407-1,luuu1242,Tai Lü,1979,siu.5,Phonemic,chisel,,,,
9-880-407-1,luuu1242,Tai Lü,647,nam.4 si:.1,Phonemic,paint (noun),,,,
9-830-407-1,luuu1242,Tai Lü,1002,xwak.7 hoŋ.8,Phonemic,statue,,CHECK,,
9-820-407-1,luuu1242,Tai Lü,914,ca:ŋ.6 xwak.7,Phonemic,sculptor,,,,
9-810-407-1,luuu1242,Tai Lü,228,xwak.7,Phonemic,carve,,,,
9-791-407-1,luuu1242,Tai Lü,360,vi:.2,Phonemic,fan (vb),,,,
9-791-407-3,luuu1242,Tai Lü,360,pat.8,Phonemic,fan (vb),,,,
9-790-407-1,luuu1242,Tai Lü,1971,vi:.2,Phonemic,fan (noun),,,,
9-780-407-1,luuu1242,Tai Lü,293,thuŋ.1,Phonemic,netbag,,,,
9-770-407-1,luuu1242,Tai Lü,195,sa:t.9,Phonemic,mat,,,,
9-760-407-1,luuu1242,Tai Lü,1539,xɔŋ.3,Phonemic,basket,,,,
9-760-407-3,luuu1242,Tai Lü,1539,sa:.4,Phonemic,basket,,,,
9-750-407-1,luuu1242,Tai Lü,1729,sa:n.1,Phonemic,"weave, plait",,,,
9-750-407-3,luuu1242,Tai Lü,1729,thak.7,Phonemic,"weave, plait",,,,
9-740-407-1,luuu1242,Tai Lü,604,kɛu.3,Phonemic,glass,,,,
9-730-407-1,luuu1242,Tai Lü,1399,din.1,Phonemic,clay,,,,
9-710-407-1,luuu1242,Tai Lü,359,ca:ŋ.6 din.1,Phonemic,potter,,,,
9-680-407-1,luuu1242,Tai Lü,627,cɨn.2,Phonemic,lead (noun),,,,
9-670-407-1,luuu1242,Tai Lü,621,lek.7,Phonemic,iron,,,,
9-660-407-1,luuu1242,Tai Lü,1825,tɔŋ.2,Phonemic,"copper, bronze",,,,
9-650-407-1,luuu1242,Tai Lü,759,ŋɨn.2,Phonemic,silver,,,,
9-640-407-1,luuu1242,Tai Lü,1369,xam.2,Phonemic,gold,,,,
9-630-407-1,luuu1242,Tai Lü,211,lɔ:.5,Phonemic,cast (metals),,,,
9-620-407-1,luuu1242,Tai Lü,1648,siu.5,Phonemic,anvil,,,,
9-610-407-1,luuu1242,Tai Lü,288,lɔm.1 lek.7,Phonemic,forge,,,,
9-600-407-1,luuu1242,Tai Lü,1001,ca:ŋ.6 lek.7,Phonemic,"smith, blacksmith",,,,
9-560-407-1,luuu1242,Tai Lü,1069,nam.4 neu.1,Phonemic,glue,,,,
9-500-407-1,luuu1242,Tai Lü,502,lek.7,Phonemic,nail,,,,
9-490-407-1,luuu1242,Tai Lü,1481,xɔn.4 lek.7,Phonemic,hammer,,,,
9-480-407-1,luuu1242,Tai Lü,1948,lə:.6,Phonemic,saw,,,,
9-461-407-1,luuu1242,Tai Lü,46,xut.1,Phonemic,hollow out,,,,
9-460-407-1,luuu1242,Tai Lü,1501,sa:n.5,Phonemic,bore,,,,
9-460-407-3,luuu1242,Tai Lü,1501,lɔt.8,Phonemic,bore,,,,
9-440-407-1,luuu1242,Tai Lü,1840,pɛŋ.1 (hən.2),Phonemic,build,,,,
9-430-407-1,luuu1242,Tai Lü,1042,ca:ŋ.6 mai.4,Phonemic,carpenter,,,,
9-422-407-1,luuu1242,Tai Lü,1361,xəŋ.6,Phonemic,tool,,,,
9-380-407-1,luuu1242,Tai Lü,245,ju:.2,Phonemic,broom,,,,
9-360-407-1,luuu1242,Tai Lü,1453,soi.6,Phonemic,wash,,,,
9-360-407-3,luuu1242,Tai Lü,1453,sak.8,Phonemic,wash,,,,
9-360-407-5,luuu1242,Tai Lü,1453,sa.1,Phonemic,wash,,,,
9-360-407-7,luuu1242,Tai Lü,1453,la:ŋ.4,Phonemic,wash,,,,
9-360-407-9,luuu1242,Tai Lü,1453,ʔa:p.9,Phonemic,wash,,,,
9-360-407-11,luuu1242,Tai Lü,1453,soi.6 CHECK P.20,Phonemic,wash,,,,
9-360-407-13,luuu1242,Tai Lü,1453,na:.3 check p.20,Phonemic,wash,,,,
9-360-407-15,luuu1242,Tai Lü,1453,phak.7 check p.20,Phonemic,wash,,,,
9-360-407-17,luuu1242,Tai Lü,1453,sak.8 (sə:.3) check p.20,Phonemic,wash,,,,
9-360-407-19,luuu1242,Tai Lü,1453,sa.1 (ho:.1) check p. 20,Phonemic,wash,,,,
9-360-407-21,luuu1242,Tai Lü,1453,la:ŋ.4 (va:n.5) check p. 20,Phonemic,wash,,,,
9-360-407-23,luuu1242,Tai Lü,1453,ʔa:p.9 (nam.4) check p.20,Phonemic,wash,,,,
9-370-407-1,luuu1242,Tai Lü,230,pat.7,Phonemic,sweep,,,,
9-370-407-3,luuu1242,Tai Lü,230,kwa:t.9,Phonemic,sweep,,,,
9-350-407-1,luuu1242,Tai Lü,1487,he:.3 (nam.4,Phonemic,pour,,,,
9-350-407-3,luuu1242,Tai Lü,1487,lau.3),Phonemic,pour,,,,
9-343-407-1,luuu1242,Tai Lü,1414,bip.9,Phonemic,"squeeze, wring",,,,
9-343-407-3,luuu1242,Tai Lü,1414,pan.3,Phonemic,"squeeze, wring",,,,
9-342-407-1,luuu1242,Tai Lü,1913,tek.7,Phonemic,press,,,,
9-342-407-3,luuu1242,Tai Lü,1913,ja:.3,Phonemic,press,,,,
9-341-407-1,luuu1242,Tai Lü,357,hɔi.3,Phonemic,hang up,,,,
9-340-407-1,luuu1242,Tai Lü,38,jet.9,Phonemic,spread out,,,,
9-340-407-3,luuu1242,Tai Lü,38,ʔa:.3,Phonemic,spread out,,,,
9-330-407-1,luuu1242,Tai Lü,1455,na:u.4,Phonemic,pull,,,,
9-330-407-3,luuu1242,Tai Lü,1455,tɨt.8,Phonemic,pull,,,,
9-320-407-1,luuu1242,Tai Lü,214,ŋɛn.4,Phonemic,stretch,,,,
9-310-407-1,luuu1242,Tai Lü,1449,not.8,Phonemic,"rub, wipe",,,,
9-290-407-1,luuu1242,Tai Lü,291,pɔk.9,Phonemic,"flay, skin",,,,
9-280-407-1,luuu1242,Tai Lü,1735,sik.9,Phonemic,tear,,,,
9-270-407-1,luuu1242,Tai Lü,1437,pha:.5,Phonemic,split,,,,
9-261-407-1,luuu1242,Tai Lü,588,put.7,Phonemic,broken,,,,
9-260-407-1,luuu1242,Tai Lü,680,hak.7,Phonemic,break,,,,
9-250-407-1,luuu1242,Tai Lü,677,xwɔn.1,Phonemic,ax,,,,
9-240-407-1,luuu1242,Tai Lü,356,ma.4 sɛm.2,Phonemic,"scissors, shears",,,,
9-230-407-1,luuu1242,Tai Lü,1352,pha:.4,Phonemic,knife,,,,
9-223-407-1,luuu1242,Tai Lü,1434,tɛŋ.2,Phonemic,stab,,,,
9-222-407-1,luuu1242,Tai Lü,155,tɛt.7,Phonemic,"chop, hew",,,,
9-221-407-1,luuu1242,Tai Lü,355,pɔm.3,Phonemic,cut down,,,,
9-221-407-3,luuu1242,Tai Lü,355,fan.2,Phonemic,cut down,,,,
9-220-407-1,luuu1242,Tai Lü,1432,sɔi.2,Phonemic,cut,,,,
9-220-407-3,luuu1242,Tai Lü,1432,pa:t.9,Phonemic,cut,,,,
9-211-407-1,luuu1242,Tai Lü,354,kui.2 ʔut.8,Phonemic,pound with fist,,,,
9-210-407-1,luuu1242,Tai Lü,2133,ti:.1,Phonemic,"strike (hit, beat)",,,,
9-210-407-3,luuu1242,Tai Lü,2133,bup.7,Phonemic,"strike (hit, beat)",,,,
9-210-407-5,luuu1242,Tai Lü,2133,pɔ.4,Phonemic,"strike (hit, beat)",,,,
9-192-407-1,luuu1242,Tai Lü,760,xɔt.9,Phonemic,knot (noun),,,,
9-190-407-1,luuu1242,Tai Lü,1218,cək.8,Phonemic,"rope, cord",,,,
9-180-407-1,luuu1242,Tai Lü,1627,sɔi.3 lek.7,Phonemic,chain,,,,
9-161-407-1,luuu1242,Tai Lü,352,kɛ:.3,Phonemic,untie,,,,
9-160-407-1,luuu1242,Tai Lü,1917,mat.8,Phonemic,"tie, bind",,,,
9-150-407-1,luuu1242,Tai Lü,1470,top.8,Phonemic,fold,,,,
9-140-407-1,luuu1242,Tai Lü,2004,kot.8,Phonemic,bend,,,,
9-120-407-1,luuu1242,Tai Lü,984,het.8 vek.8,Phonemic,work,,,,
9-110-407-1,luuu1242,Tai Lü,2575,het.8,Phonemic,"do, make",,,,
8-980-407-1,luuu1242,Tai Lü,641,het.7,Phonemic,mushroom,,,,
8-970-407-1,luuu1242,Tai Lü,33,pa:n.5,Phonemic,nettle,,,,
8-941-407-1,luuu1242,Tai Lü,146,ʔɔi.3 lam.2,Phonemic,sugar cane,,,,
8-940-407-1,luuu1242,Tai Lü,1927,mai.4 bo.5,Phonemic,bamboo,,,,
8-931-407-1,luuu1242,Tai Lü,864,ma:k.9 pak.8 xam.2,Phonemic,"pumpkin, squash",,,,
8-930-407-1,luuu1242,Tai Lü,411,ma:k.9 tau.3,Phonemic,gourd,,,,
8-920-407-1,luuu1242,Tai Lü,925,man.2 niu.4,Phonemic,"tapioca, manioc, cassava",,,,
8-910-407-1,luuu1242,Tai Lü,159,man.2,Phonemic,sweet potato,,,,
8-850-407-1,luuu1242,Tai Lü,346,kɔ:.1 luŋ.2,Phonemic,banyan,,,,
8-840-407-1,luuu1242,Tai Lü,868,kɔ:.1 koi.3,Phonemic,banana tree,,,,
8-830-407-1,luuu1242,Tai Lü,1126,ma:k.9 cuk.7,Phonemic,citrus fruit,,,,
8-820-407-1,luuu1242,Tai Lü,970,ma:k.9 pa:u.4,Phonemic,coconut,,,,
8-810-407-1,luuu1242,Tai Lü,1181,kɔ:.1 cuk.8,Phonemic,palm tree,,,,
8-760-407-1,luuu1242,Tai Lü,345,nam.4 ja:ŋ.1 mai.4,Phonemic,sap,,,,
8-750-407-1,luuu1242,Tai Lü,1204,naŋ.1 mai.4,Phonemic,bark,,,,
8-740-407-1,luuu1242,Tai Lü,409,xa:.6 mai.4,Phonemic,forked branch,,,,
8-730-407-1,luuu1242,Tai Lü,344,lam.2 mai.4,Phonemic,tree trunk,,,,
8-720-407-1,luuu1242,Tai Lü,241,lak.7,Phonemic,tree stump,,,,
8-720-407-3,luuu1242,Tai Lü,241,tɔ:.1,Phonemic,tree stump,,,,
8-691-407-1,luuu1242,Tai Lü,1124,bau.3 ja:.1,Phonemic,pipe,,,,
8-690-407-1,luuu1242,Tai Lü,1689,dut.9 (ja:.1),Phonemic,smoke (tobacco),,,,
8-690-407-3,luuu1242,Tai Lü,1689,ja:.1 se:.6 lek.8,Phonemic,smoke (tobacco),,,,
8-680-407-1,luuu1242,Tai Lü,974,fə:.1 ja:.1,Phonemic,tobacco,,,,
8-670-407-1,luuu1242,Tai Lü,343,xə:.2 va:i.1,Phonemic,vine,,,,
8-640-407-1,luuu1242,Tai Lü,1740,kɔ:.1 pɛk.9,Phonemic,pine,,,,
8-630-407-1,luuu1242,Tai Lü,1855,kɔ:.1 sa.1 pan.2 ŋa:.2,Phonemic,birch,,,,
8-620-407-1,luuu1242,Tai Lü,1950,kɔ:.1 pɛk.9 van.2,Phonemic,beech,,,,
8-600-407-1,luuu1242,Tai Lü,906,kɔ:.1 mai.4,Phonemic,tree,,,,
8-570-407-1,luuu1242,Tai Lü,239,dɔk.9 mai.4,Phonemic,flower,,,,
8-560-407-1,luuu1242,Tai Lü,628,bai.1 mai.4,Phonemic,leaf,,,,
8-550-407-1,luuu1242,Tai Lü,1531,kiŋ.5 mai.4,Phonemic,branch,,,,
8-540-407-1,luuu1242,Tai Lü,670,ha:k.8,Phonemic,root,,,,
8-540-407-3,luuu1242,Tai Lü,670,kau.4,Phonemic,root,,,,
8-531-407-1,luuu1242,Tai Lü,1486,puk.9 bɛŋ.1,Phonemic,plant (vb),,,,
8-520-407-1,luuu1242,Tai Lü,342,ja:.3 hɛŋ.3,Phonemic,hay,,,,
8-530-407-1,luuu1242,Tai Lü,653,tun.3 mai.4 xa:.2 xau.1,Phonemic,plant (noun),,,,
8-510-407-1,luuu1242,Tai Lü,606,ja:.3,Phonemic,grass,,,,
8-480-407-1,luuu1242,Tai Lü,926,xau.3,Phonemic,rice,,,,
8-470-407-1,luuu1242,Tai Lü,506,xau.3 doŋ.1,Phonemic,"maize, corn",,,,
8-460-407-1,luuu1242,Tai Lü,60,xau.3 xɛu.4,Phonemic,oats,,,,
8-430-407-1,luuu1242,Tai Lü,1077,xau.3 mə:.3,Phonemic,wheat,,,,
8-420-407-1,luuu1242,Tai Lü,605,xɔŋ.1 sa:ŋ.3 hai.6 na:.2,Phonemic,"grain (barley, oats etc)",,,,
8-410-407-1,luuu1242,Tai Lü,611,ta:.1 səu.6,Phonemic,"crop, harvest",,,,
8-350-407-1,luuu1242,Tai Lü,223,xoŋ.5 pɔ:.4 xau.3,Phonemic,threshing-floor,,,,
8-340-407-1,luuu1242,Tai Lü,285,pɔ:.4 xau.3,Phonemic,thresh,,,,
8-330-407-1,luuu1242,Tai Lü,2132,xeu.2,Phonemic,"sickle, scythe",,,,
8-320-407-1,luuu1242,Tai Lü,190,keu.5,Phonemic,"mow, reap",,,,
8-311-407-1,luuu1242,Tai Lü,714,cə:.4 fan.2,Phonemic,seed,,,,
8-310-407-1,luuu1242,Tai Lü,748,puk.9,Phonemic,sow,,,,
8-270-407-1,luuu1242,Tai Lü,338,phə:.1,Phonemic,rake,,,,
8-250-407-1,luuu1242,Tai Lü,284,xɔ:.1,Phonemic,hoe,,,,
8-250-407-3,luuu1242,Tai Lü,284,ca:k.8,Phonemic,hoe,,,,
8-230-407-1,luuu1242,Tai Lü,1176,sem.1,Phonemic,spade,,,,
8-220-407-1,luuu1242,Tai Lü,1418,xut.7,Phonemic,dig,,,,
8-210-407-1,luuu1242,Tai Lü,1921,thai.1,Phonemic,plow,,,,
8-170-407-1,luuu1242,Tai Lü,2002,hɔŋ.6 məŋ.1,Phonemic,ditch,,,,
8-160-407-1,luuu1242,Tai Lü,1690,ho:.4,Phonemic,fence,,,,
8-150-407-1,luuu1242,Tai Lü,1541,het.8 hai.6 dam.1 na:.2,Phonemic,"cultivate, till",,,,
8-130-407-1,luuu1242,Tai Lü,586,son.1 xwɔn.1,Phonemic,garden,,,,
8-120-407-1,luuu1242,Tai Lü,212,na:.2,Phonemic,field (for cultivation),,,,
8-110-407-1,luuu1242,Tai Lü,979,pɔ:.6 na:.2,Phonemic,farmer,,,,
7-640-407-1,luuu1242,Tai Lü,901,din.1 ki:.5 dip.7,Phonemic,adobe,,,,
7-630-407-1,luuu1242,Tai Lü,224,nam.4 pun.1,Phonemic,mortar,,,,
7-620-407-1,luuu1242,Tai Lü,1006,din.1 ki:.5 suk.7,Phonemic,brick,,,,
7-580-407-1,luuu1242,Tai Lü,876,pa.1 tu:.1 xuŋ.1,Phonemic,arch,,,,
7-610-407-1,luuu1242,Tai Lü,877,ca:ŋ.6 hin.1,Phonemic,mason,,,,
7-570-407-1,luuu1242,Tai Lü,1227,pɛn.3,Phonemic,board,,,,
7-560-407-1,luuu1242,Tai Lü,281,ha:u.2,Phonemic,"post, pole",,,,
7-560-407-3,luuu1242,Tai Lü,281,sau.1,Phonemic,"post, pole",,,,
7-550-407-1,luuu1242,Tai Lü,1132,xɨ:.5,Phonemic,beam,,,,
7-550-407-3,luuu1242,Tai Lü,1132,kom.2,Phonemic,beam,,,,
7-540-407-1,luuu1242,Tai Lü,829,kɔn.1,Phonemic,rafter,,,,
7-530-407-1,luuu1242,Tai Lü,280,x.5,Phonemic,ridgepole,,CHECK,,
7-520-407-1,luuu1242,Tai Lü,279,lop.7 cɔk.9,Phonemic,thatch,,,,
7-510-407-1,luuu1242,Tai Lü,769,cɔk.9 hən.2,Phonemic,roof,,,,
7-480-407-1,luuu1242,Tai Lü,205,ha:ŋ.2,Phonemic,trough,,,,
7-470-407-1,luuu1242,Tai Lü,745,hiŋ.3 xa:.5,Phonemic,shelf,,,,
7-460-407-1,luuu1242,Tai Lü,1273,ten.2 pa:.1,Phonemic,candle,,,,
7-450-407-1,luuu1242,Tai Lü,2131,pha:ŋ.1 man.2,Phonemic,"lamp, torch",,,,
7-440-407-1,luuu1242,Tai Lü,1775,co:.3,Phonemic,table,,,,
7-440-407-3,luuu1242,Tai Lü,1775,phən.1,Phonemic,table,,,,
7-430-407-1,luuu1242,Tai Lü,1476,taŋ.5 ʔiŋ.1,Phonemic,chair,,,,
7-422-407-1,luuu1242,Tai Lü,806,pha:.3 bai.1,Phonemic,blanket,,,,
7-421-407-1,luuu1242,Tai Lü,1044,mɔn.1 ho:.1,Phonemic,pillow,,,,
7-420-407-1,luuu1242,Tai Lü,1663,tɛn.6 nɔn.2,Phonemic,bed,,,,
7-370-407-1,luuu1242,Tai Lü,1464,kən.1,Phonemic,ladder,,,,
7-320-407-1,luuu1242,Tai Lü,859,tau.1,Phonemic,stove,,,,
7-270-407-1,luuu1242,Tai Lü,933,fa:.1 saŋ.4,Phonemic,wall,,,,
7-260-407-1,luuu1242,Tai Lü,1632,pɨn.4 pɛn.3,Phonemic,floor,,,,
7-250-407-1,luuu1242,Tai Lü,1375,pɔŋ.5,Phonemic,window,,,,
7-240-407-1,luuu1242,Tai Lü,1472,xɔ:.1 xa.1 cɛ:.1,Phonemic,key,,,,
7-231-407-1,luuu1242,Tai Lü,1012,sɛ:.6 pa.1 tu:.1,Phonemic,"latch, door-bolt",,,,
7-230-407-1,luuu1242,Tai Lü,1596,xɔ:.1 xa.1 cɛ:.1,Phonemic,lock (noun),,,,
7-221-407-1,luuu1242,Tai Lü,80,sau.1 pa.1 tu:.1,Phonemic,"doorpost, jamb",,,,
7-210-407-1,luuu1242,Tai Lü,1450,xɔŋ.4,Phonemic,room,,,,
7-220-407-1,luuu1242,Tai Lü,1567,pa.1 tu:.1,Phonemic,"door, gate",,,,
7-180-407-1,luuu1242,Tai Lü,335,hoŋ.2 sut.9,Phonemic,meeting house,,,,
7-170-407-1,luuu1242,Tai Lü,334,hən.2 fai.2,Phonemic,cookhouse,,,,
7-150-407-1,luuu1242,Tai Lü,736,ka:ŋ.1 xoŋ.5,Phonemic,"yard, court",,,,
7-140-407-1,luuu1242,Tai Lü,1316,pa:ŋ.1 sau.2,Phonemic,tent,,,,
7-131-407-1,luuu1242,Tai Lü,403,theŋ.1,Phonemic,garden-house,,,,
7-130-407-1,luuu1242,Tai Lü,1678,tup.9,Phonemic,hut,,,,
7-120-407-1,luuu1242,Tai Lü,1252,hən.2,Phonemic,house,,,,
7-110-407-1,luuu1242,Tai Lü,363,ju:.5,Phonemic,"dwell, live",,,,
6-960-407-1,luuu1242,Tai Lü,1171,vɛn.6,Phonemic,mirror,,,,
6-950-407-1,luuu1242,Tai Lü,788,nam.4 daŋ.5,Phonemic,soap,,,,
6-930-407-1,luuu1242,Tai Lü,151,pha:.4 xut.9 not.9,Phonemic,razor,,,,
6-921-407-1,luuu1242,Tai Lü,333,fə:.1,Phonemic,braid,,,,
6-920-407-1,luuu1242,Tai Lü,1821,vi:.1 pat.7,Phonemic,brush,,,,
6-910-407-1,luuu1242,Tai Lü,1475,vi:.1 ho:.1,Phonemic,comb,,,,
6-820-407-1,luuu1242,Tai Lü,1021,pha:.3 cet.8,Phonemic,towel,,,,
6-810-407-1,luuu1242,Tai Lü,332,pha:.3 cet.8 mɨ:.2,Phonemic,"handkerchief, rag",,,,
6-790-407-1,luuu1242,Tai Lü,68,sak.7 mək.7,Phonemic,tattoo,,,,
6-770-407-1,luuu1242,Tai Lü,770,ta:ŋ.3 hu:.1,Phonemic,earring,,,,
6-750-407-1,luuu1242,Tai Lü,1961,sɔi.3 xɔ:.2,Phonemic,necklace,,,,
6-740-407-1,luuu1242,Tai Lü,1754,vɛn.1 mɨ:.2,Phonemic,bracelet,,,,
6-730-407-1,luuu1242,Tai Lü,1374,cɔp.9 mɨ:.2,Phonemic,ring (for finger),,,,
6-720-407-1,luuu1242,Tai Lü,1029,kɛu.3 sɛŋ.1,Phonemic,jewel,,,,
6-710-407-1,luuu1242,Tai Lü,917,xəŋ.6 jɔŋ.3,Phonemic,"ornament, adornment",,,,
6-630-407-1,luuu1242,Tai Lü,64,xim.1 xɔ:.1,Phonemic,pin,,,,
6-620-407-1,luuu1242,Tai Lü,757,ma:k.9 tɔm.5,Phonemic,button,,,,
6-610-407-1,luuu1242,Tai Lü,1851,thuŋ.1 kɔ.2 (sə:.3),Phonemic,pocket,,,,
6-590-407-1,luuu1242,Tai Lü,1151,xa:t.9 ho:.1,Phonemic,veil,,,,
6-580-407-1,luuu1242,Tai Lü,867,va:.3 mɨ:.2,Phonemic,glove,,,,
6-570-407-1,luuu1242,Tai Lü,772,sa:i.1 haŋ.4,Phonemic,"belt, girdle",,,,
6-550-407-1,luuu1242,Tai Lü,2130,mok.9 ho:.1,Phonemic,"hat, cap",,,,
6-540-407-1,luuu1242,Tai Lü,875,ca:ŋ.6 xɛp.7,Phonemic,"shoemaker, cobbler",,,,
6-510-407-1,luuu1242,Tai Lü,1381,xɛp.7,Phonemic,shoe,,,,
6-520-407-1,luuu1242,Tai Lü,585,xɛp.7 baŋ.3,Phonemic,boot,,,,
6-490-407-1,luuu1242,Tai Lü,329,va:.3,Phonemic,"stocking, sock",,,,
6-480-407-1,luuu1242,Tai Lü,809,teu.5,Phonemic,trousers,,,,
6-460-407-1,luuu1242,Tai Lü,1600,sin.3,Phonemic,skirt,,,,
6-450-407-1,luuu1242,Tai Lü,2012,xɔ:.2 sə:.3,Phonemic,collar,,,,
6-440-407-1,luuu1242,Tai Lü,1622,sə:.3 sɛt.8,Phonemic,shirt,,,,
6-430-407-1,luuu1242,Tai Lü,603,sə:.3,Phonemic,coat,,,,
6-420-407-1,luuu1242,Tai Lü,474,sin.3 lot.8 sə:.3,Phonemic,woman's dress,,,,
6-390-407-1,luuu1242,Tai Lü,157,nam.4 jɔn.4,Phonemic,dye,,,,
6-380-407-1,luuu1242,Tai Lü,1161,mai.1,Phonemic,thread,,,,
6-360-407-1,luuu1242,Tai Lü,1382,xim.1,Phonemic,needle,,,,
6-370-407-1,luuu1242,Tai Lü,278,ma:t.9,Phonemic,awl,,,,
6-350-407-1,luuu1242,Tai Lü,1457,jep.7,Phonemic,sew,,,,
6-340-407-1,luuu1242,Tai Lü,1787,huk.9,Phonemic,loom,,,,
6-330-407-1,luuu1242,Tai Lü,133,tam.5 huk.9,Phonemic,weave,,,,
6-320-407-1,luuu1242,Tai Lü,277,koŋ.2,Phonemic,spindle,,,,
6-310-407-1,luuu1242,Tai Lü,121,pan.5 fa:i.3,Phonemic,spin,,,,
6-290-407-1,luuu1242,Tai Lü,629,xɛp.7 naŋ.1,Phonemic,leather,,,,
6-280-407-1,luuu1242,Tai Lü,580,sə:.3 xun.1 naŋ.1,Phonemic,fur,,,,
6-270-407-1,luuu1242,Tai Lü,325,ka.1 ti:.2 pa:.5,Phonemic,felt,,,,
6-250-407-1,luuu1242,Tai Lü,1641,hɛ:.2,Phonemic,silk,,,,
6-240-407-1,luuu1242,Tai Lü,1850,fa:i.3,Phonemic,cotton,,,,
6-230-407-1,luuu1242,Tai Lü,916,pa:n.5 pɔ:.1,Phonemic,"linen, flax",,,,
6-210-407-1,luuu1242,Tai Lü,1616,fa:i.3,Phonemic,cloth,,,,
6-210-407-3,luuu1242,Tai Lü,1616,pik.8,Phonemic,cloth,,,,
6-130-407-1,luuu1242,Tai Lü,881,sa.1 la:.5 jep.7 sə:.3,Phonemic,tailor,,,,
6-120-407-1,luuu1242,Tai Lü,1895,sə:.3 pha:.3,Phonemic,"clothing, clothes",,,,
6-110-407-1,luuu1242,Tai Lü,158,nuŋ.6 (sə:.3),Phonemic,put on (clothes),,,,
5-971-407-1,luuu1242,Tai Lü,1556,mɔn.2 xai.5,Phonemic,egg yolk,,,,
5-970-407-1,luuu1242,Tai Lü,744,xai.5,Phonemic,egg,,,,
5-930-407-1,luuu1242,Tai Lü,1639,lau.3 phi:.4 ceu.2,Phonemic,beer,,,,
5-920-407-1,luuu1242,Tai Lü,1524,lau.3 phu:.4 tha:u.6 ciu.2,Phonemic,wine,,,,
5-910-407-1,luuu1242,Tai Lü,941,lau.3 nam.4 phɨŋ.3,Phonemic,mead,,,,
5-890-407-1,luuu1242,Tai Lü,1245,xai.1 ho:.2,Phonemic,butter,,,,
5-870-407-1,luuu1242,Tai Lü,93,bip.9,Phonemic,milk (vb),,,,
5-850-407-1,luuu1242,Tai Lü,862,ʔɔi.3,Phonemic,sugar,,,,
5-860-407-1,luuu1242,Tai Lü,635,nam.4 num.2,Phonemic,milk (noun),,,,
5-840-407-1,luuu1242,Tai Lü,942,nam.4 phɨŋ.3,Phonemic,honey,,,,
5-820-407-1,luuu1242,Tai Lü,1385,ma:k.9 phik.8 nɔi.4,Phonemic,pepper,,,,
5-810-407-1,luuu1242,Tai Lü,1274,kə:.1,Phonemic,salt,,,,
5-791-407-1,luuu1242,Tai Lü,323,nam.4 man.2 xai.1 (ho:.2),Phonemic,"grease, fat",,,,
5-790-407-1,luuu1242,Tai Lü,1484,nam.4 man.2,Phonemic,oil,,,,
5-780-407-1,luuu1242,Tai Lü,1154,ma:k.9 xa:m.1 pɔm.3,Phonemic,olive,,,,
5-760-407-1,luuu1242,Tai Lü,920,ma:k.9 ʔit.9,Phonemic,grape,,,,
5-770-407-1,luuu1242,Tai Lü,191,ma:k.9 kɔ:.5,Phonemic,nut,,,,
5-750-407-1,luuu1242,Tai Lü,322,ma:k.9 də.5,Phonemic,fig,,,,
5-712-407-1,luuu1242,Tai Lü,1966,po.2,Phonemic,bunch,,,,
5-710-407-1,luuu1242,Tai Lü,1507,ma:k.9 sum.3 luk.8 va:n.1,Phonemic,fruit,,,,
5-700-407-1,luuu1242,Tai Lü,593,ho:.1 ja:ŋ.4 ji:.5,Phonemic,potato,,,,
5-700-407-3,luuu1242,Tai Lü,593,man.2,Phonemic,potato,,,,
5-660-407-1,luuu1242,Tai Lü,832,tho:.5 sa:i.1 sə:.3,Phonemic,bean,,,,
5-650-407-1,luuu1242,Tai Lü,924,phak.7,Phonemic,vegetables,,,,
5-640-407-1,luuu1242,Tai Lü,1547,xɛ:.2,Phonemic,"soup, broth",,,,
5-640-407-3,luuu1242,Tai Lü,1547,kɛŋ.1,Phonemic,"soup, broth",,,,
5-630-407-1,luuu1242,Tai Lü,1874,sai.3 lɔŋ.6 phik.8,Phonemic,sausage,,,,
5-610-407-1,luuu1242,Tai Lü,634,cin.4,Phonemic,meat,,,,
5-590-407-1,luuu1242,Tai Lü,225,xok.8,Phonemic,pestle,,,,
5-580-407-1,luuu1242,Tai Lü,224,xok.8,Phonemic,mortar (2),,,,
5-560-407-1,luuu1242,Tai Lü,1033,nit.8,Phonemic,"crush, grind",,,,
5-560-407-3,luuu1242,Tai Lü,1033,but.7,Phonemic,"crush, grind",,,,
5-550-407-1,luuu1242,Tai Lü,1594,xau.3 mɛn.5 phuŋ.1,Phonemic,"meal, flour",,,,
5-540-407-1,luuu1242,Tai Lü,274,not.8 xau.3 mɛn.5,Phonemic,knead,,,,
5-530-407-1,luuu1242,Tai Lü,273,kɔn.3 xau.3 mɛn.5,Phonemic,dough,,,,
5-510-407-1,luuu1242,Tai Lü,1368,xau.3 mɛn.5 pau.6,Phonemic,bread,,,,
5-490-407-1,luuu1242,Tai Lü,2017,xun.2,Phonemic,"stir, mix",,,,
5-480-407-1,luuu1242,Tai Lü,1767,xwɔk.7,Phonemic,scrape,,,,
5-470-407-1,luuu1242,Tai Lü,86,xɨŋ.1,Phonemic,"sieve, strain",,,,
5-470-407-3,luuu1242,Tai Lü,86,tha.1 lɔŋ.1,Phonemic,"sieve, strain",,,,
5-460-407-1,luuu1242,Tai Lü,275,fa:n.1,Phonemic,peel,,,,
5-450-407-1,luuu1242,Tai Lü,1833,xau.3 phau.2,Phonemic,supper,,,,
5-430-407-1,luuu1242,Tai Lü,768,xau.3 lɛŋ.2,Phonemic,lunch,,,,
5-420-407-1,luuu1242,Tai Lü,1322,xau.3 ŋa:i.2,Phonemic,breakfast,,,,
5-410-407-1,luuu1242,Tai Lü,1526,xau.3 (xa:p.8 nɨŋ.6),Phonemic,meal (a),,,,
5-391-407-1,luuu1242,Tai Lü,272,kip.8,Phonemic,tongs,,,,
5-390-407-1,luuu1242,Tai Lü,1302,ca.1,Phonemic,fork (2),,,,
5-380-407-1,luuu1242,Tai Lü,1352,pha:.4,Phonemic,knife (2),,,,
5-380-407-3,luuu1242,Tai Lü,1352,mit.8,Phonemic,knife (2),,,,
5-370-407-1,luuu1242,Tai Lü,1378,cɔn.4,Phonemic,spoon,,,,
5-360-407-1,luuu1242,Tai Lü,271,va:n.5 te:.3,Phonemic,saucer,,,,
5-350-407-1,luuu1242,Tai Lü,476,va:n.5 kɛu.3,Phonemic,"cup, drinking vessel",,,,
5-330-407-1,luuu1242,Tai Lü,1530,va:n.5,Phonemic,bowl,,,,
5-340-407-1,luuu1242,Tai Lü,270,mɔ:.3 la:.4 ŋoŋ.2,Phonemic,"pitcher, jug",,,,
5-320-407-1,luuu1242,Tai Lü,480,pha:n.4,Phonemic,plate,,,,
5-310-407-1,luuu1242,Tai Lü,481,va:n.5 pha:n.4,Phonemic,dish,,,,
5-280-407-1,luuu1242,Tai Lü,31,mɔ:.3 xa:ŋ.1,Phonemic,pan,,,,
5-260-407-1,luuu1242,Tai Lü,1462,mɔ:.3,Phonemic,"pot, cooking vessel",,,,
5-270-407-1,luuu1242,Tai Lü,854,mɔ:.3 la:.4,Phonemic,kettle,,,,
5-240-407-1,luuu1242,Tai Lü,183,ʔɔm.5,Phonemic,bake,,,,
5-240-407-3,luuu1242,Tai Lü,183,ʔɛn.1,Phonemic,bake,,,,
5-240-407-5,luuu1242,Tai Lü,183,piŋ.3,Phonemic,bake,,,,
5-240-407-7,luuu1242,Tai Lü,183,hiŋ.1,Phonemic,bake,,,,
5-230-407-1,luuu1242,Tai Lü,2146,xɔ:.3,Phonemic,"roast, fry",,,,
5-220-407-1,luuu1242,Tai Lü,792,fot.8,Phonemic,boil (vb),,,,
5-210-407-1,luuu1242,Tai Lü,1100,tum.3,Phonemic,cook,,,,
5-210-407-3,luuu1242,Tai Lü,1100,ʔot.9,Phonemic,cook,,,,
5-190-407-1,luuu1242,Tai Lü,129,xam.1,Phonemic,choke,,,,
5-181-407-1,luuu1242,Tai Lü,897,lɨn.2,Phonemic,swallow,,,,
5-180-407-1,luuu1242,Tai Lü,321,keu.4,Phonemic,chew,,,,
5-160-407-1,luuu1242,Tai Lü,1421,dut.9,Phonemic,suck,,,,
5-150-407-1,luuu1242,Tai Lü,848,xai.6 ja:k.9 nam.4,Phonemic,thirst,,,,
5-150-407-3,luuu1242,Tai Lü,848,xɔ:.2 hɛŋ.3,Phonemic,thirst,,,,
5-141-407-1,luuu1242,Tai Lü,199,fa:.4 lɛŋ.4 pi:.1 xem.1,Phonemic,famine,,,,
5-140-407-1,luuu1242,Tai Lü,1864,ja:k.9 xau.3,Phonemic,hunger,,,,
5-130-407-1,luuu1242,Tai Lü,1401,kin.1,Phonemic,drink,,,,
5-125-407-1,luuu1242,Tai Lü,1728,nau.6,Phonemic,rotten,,,,
5-124-407-1,luuu1242,Tai Lü,1958,dip.7 xeu.1,Phonemic,"green, unripe",,,,
5-123-407-1,luuu1242,Tai Lü,178,suk.7 ləŋ.1,Phonemic,ripe,,,,
5-122-407-1,luuu1242,Tai Lü,1959,dip.7,Phonemic,raw,,,,
5-121-407-1,luuu1242,Tai Lü,269,suk.7,Phonemic,cooked,,,,
5-120-407-1,luuu1242,Tai Lü,256,ta:ŋ.2 kin.1,Phonemic,food,,,,
5-110-407-1,luuu1242,Tai Lü,1336,kin.1,Phonemic,eat,,,,
5-110-407-3,luuu1242,Tai Lü,1336,dɔi.3,Phonemic,eat,,,,
4-990-407-1,luuu1242,Tai Lü,590,pəi.1 to:.1,Phonemic,"naked, bare",,,,
4-970-407-1,luuu1242,Tai Lü,1653,ta:.1 bɔt.9,Phonemic,blind,,,,
4-980-407-1,luuu1242,Tai Lü,1463,mau.2 lau.3,Phonemic,intoxicated,,,,
4-960-407-1,luuu1242,Tai Lü,1666,kun.2 bai.3,Phonemic,mute,,,,
4-950-407-1,luuu1242,Tai Lü,996,hu:.1 nok.9,Phonemic,deaf,,,,
4-930-407-1,luuu1242,Tai Lü,1125,ho:.1 la:n.4,Phonemic,bald,,,,
4-940-407-1,luuu1242,Tai Lü,320,xa:.1 sɛ:.2,Phonemic,lame,,,,
4-920-407-1,luuu1242,Tai Lü,1564,xa:n.4,Phonemic,lazy,,,,
4-912-407-1,luuu1242,Tai Lü,168,sau.2 hɛŋ.2,Phonemic,rest,,,,
4-910-407-1,luuu1242,Tai Lü,1757,mɔi.6,Phonemic,"tired, weary",,,,
4-890-407-1,luuu1242,Tai Lü,655,ja:.1 ba:.5,Phonemic,poison,,,,
4-880-407-1,luuu1242,Tai Lü,1372,ja:.1,Phonemic,"medicine, drug",,,,
4-870-407-1,luuu1242,Tai Lü,597,mɔ:.1 ja:.1,Phonemic,physician,,,,
4-860-407-1,luuu1242,Tai Lü,499,xai.3 ha:i.1,Phonemic,"cure, heal",,,,
4-858-407-1,luuu1242,Tai Lü,497,hɔi.2 ba:t.9,Phonemic,scar,,,,
4-858-407-3,luuu1242,Tai Lü,497,hɔi.2,Phonemic,scar,,,,
4-857-407-1,luuu1242,Tai Lü,1808,nɔŋ.1,Phonemic,pus,,,,
4-856-407-1,luuu1242,Tai Lü,793,fi:.1,Phonemic,boil (noun),,,,
4-855-407-1,luuu1242,Tai Lü,1584,pɔŋ.2,Phonemic,blister,,,,
4-854-407-1,luuu1242,Tai Lü,148,kai.6 pɔŋ.2,Phonemic,itch,,,,
4-854-407-3,luuu1242,Tai Lü,148,xum.2,Phonemic,itch,,,,
4-853-407-1,luuu1242,Tai Lü,1903,pɔŋ.2 kai.6,Phonemic,swelling,,,,
4-852-407-1,luuu1242,Tai Lü,1148,pɔŋ.2,Phonemic,bruise,,,,
4-852-407-3,luuu1242,Tai Lü,1148,kai.6,Phonemic,bruise,,,,
4-850-407-1,luuu1242,Tai Lü,1109,dai.3 cep.7,Phonemic,"wound, sore",,,,
4-843-407-1,luuu1242,Tai Lü,102,xai.3 sɛn.5,Phonemic,cold (catarrh),,,,
4-842-407-1,luuu1242,Tai Lü,1957,xɔ:.2 pɨ:.2,Phonemic,goiter,,,,
4-842-407-3,luuu1242,Tai Lü,1957,pin.1 neŋ.1,Phonemic,goiter,,,,
4-841-407-1,luuu1242,Tai Lü,1534,nə:.4 mai.3,Phonemic,fever,,,,
4-840-407-1,luuu1242,Tai Lü,1847,xai.3,Phonemic,"sick, sickness",,,,
4-830-407-1,luuu1242,Tai Lü,1364,nə:.4 to:.1 di:.1,Phonemic,"well, health",,,,
4-820-407-1,luuu1242,Tai Lü,1601,ʔon.3,Phonemic,weak,,,,
4-810-407-1,luuu1242,Tai Lü,785,xɛŋ.1 hɛŋ.2,Phonemic,"strong, mighty, powerful",,,,
4-790-407-1,luuu1242,Tai Lü,1773,pa:.5 hɛu.6,Phonemic,"grave, tomb",,,,
4-780-407-1,luuu1242,Tai Lü,1719,faŋ.1,Phonemic,bury (the dead),,,,
4-770-407-1,luuu1242,Tai Lü,767,xwɔn.1 sa:k.8,Phonemic,corpse,,,,
4-760-407-1,luuu1242,Tai Lü,1417,xa:.3,Phonemic,kill,,,,
4-760-407-3,luuu1242,Tai Lü,1417,hɛm.1,Phonemic,kill,,,,
4-751-407-1,luuu1242,Tai Lü,1904,ta:i.1 nam.4,Phonemic,drowned,,,,
4-750-407-1,luuu1242,Tai Lü,1494,ta:i.1,Phonemic,"die, dead",,,,
4-740-407-1,luuu1242,Tai Lü,1422,pin.1 ju:.5,Phonemic,"live, living, life",,,,
4-732-407-1,luuu1242,Tai Lü,1087,kɨt.8 nai.2 cai.1,Phonemic,conceive,,,,
4-730-407-1,luuu1242,Tai Lü,1123,ma:n.2 luk.8,Phonemic,pregnant,,,,
4-690-407-1,luuu1242,Tai Lü,138,ʔap.9 nam.4,Phonemic,bathe,,,,
4-680-407-1,luuu1242,Tai Lü,52,sɛn.5 sa:i.1,Phonemic,shiver,,,,
4-670-407-1,luuu1242,Tai Lü,1785,su:.3 kan.1,Phonemic,have sexual intercourse,,,,
4-660-407-1,luuu1242,Tai Lü,676,xi:.3,Phonemic,defecate,,,,
4-650-407-1,luuu1242,Tai Lü,592,jeu.6,Phonemic,urinate,,,,
4-640-407-1,luuu1242,Tai Lü,1159,tot.7,Phonemic,break wind,,,,
4-630-407-1,luuu1242,Tai Lü,1602,nɔn.2 tɨn.5,Phonemic,wake up,,,,
4-620-407-1,luuu1242,Tai Lü,1920,fan.1,Phonemic,dream,,,,
4-612-407-1,luuu1242,Tai Lü,1983,nɔn.2 xun.1,Phonemic,snore,,,,
4-610-407-1,luuu1242,Tai Lü,1585,nɔn.2,Phonemic,sleep,,,,
4-591-407-1,luuu1242,Tai Lü,268,nam.4 la:i.2 jɔi.4,Phonemic,dribble,,,,
4-590-407-1,luuu1242,Tai Lü,319,le:.2,Phonemic,lick,,,,
4-580-407-1,luuu1242,Tai Lü,1403,xop.7,Phonemic,bite,,,,
4-580-407-3,luuu1242,Tai Lü,1403,tɔt.9,Phonemic,bite,,,,
4-570-407-1,luuu1242,Tai Lü,1278,ha:k.8,Phonemic,vomit,,,,
4-560-407-1,luuu1242,Tai Lü,1440,nam.4 la:i.2,Phonemic,spit,,,,
4-560-407-3,luuu1242,Tai Lü,1440,xi:.3 tə:.2,Phonemic,spit,,,,
4-550-407-1,luuu1242,Tai Lü,126,hə:.5 ʔɔk.9,Phonemic,perspire,,,,
4-540-407-1,luuu1242,Tai Lü,1621,ca:m.1,Phonemic,sneeze,,,,
4-530-407-1,luuu1242,Tai Lü,879,ʔai.1,Phonemic,cough,,,,
4-521-407-1,luuu1242,Tai Lü,162,ʔə:.4,Phonemic,hiccough,,,,
4-520-407-1,luuu1242,Tai Lü,1028,ha:u.1,Phonemic,"yawn, gape",,,,
4-510-407-1,luuu1242,Tai Lü,1407,thoi.3 cai.1,Phonemic,"breathe, breath",,,,
4-492-407-1,luuu1242,Tai Lü,1222,xwɔi.2,Phonemic,penis,,,,
4-490-407-1,luuu1242,Tai Lü,797,ham.1,Phonemic,testicle,,,,
4-470-407-1,luuu1242,Tai Lü,804,hon.4,Phonemic,womb,,,,
4-464-407-1,luuu1242,Tai Lü,834,kun.3,Phonemic,buttocks,,,,
4-463-407-1,luuu1242,Tai Lü,1745,ton.5 con.6,Phonemic,hip,,,,
4-462-407-1,luuu1242,Tai Lü,1681,ʔɛu.1,Phonemic,waist,,,,
4-461-407-1,luuu1242,Tai Lü,1991,sai.3,Phonemic,"intestines, guts",,,,
4-460-407-1,luuu1242,Tai Lü,819,pum.1,Phonemic,stomach,,,,
4-451-407-1,luuu1242,Tai Lü,489,ma:k.9 kɛu.2,Phonemic,kidney,,,,
4-450-407-1,luuu1242,Tai Lü,1224,tap.7,Phonemic,liver,,,,
4-441-407-1,luuu1242,Tai Lü,688,pɔt.9,Phonemic,lung,,,,
4-440-407-1,luuu1242,Tai Lü,1223,ho:.1 cai.1,Phonemic,heart,,,,
4-430-407-1,luuu1242,Tai Lü,1838,sa:i.1 bɨ:.1,Phonemic,navel,,,,
4-412-407-1,luuu1242,Tai Lü,796,kin.5 num.2,Phonemic,"nipple, teat",,,,
4-410-407-1,luuu1242,Tai Lü,1402,tau.3 num.2,Phonemic,breast (of woman),,,,
4-400-407-1,luuu1242,Tai Lü,1592,na:.3 ʔək.7,Phonemic,chest,,,,
4-393-407-1,luuu1242,Tai Lü,1201,xun.1 nok.8,Phonemic,feather,,,,
4-392-407-1,luuu1242,Tai Lü,1257,pik.9,Phonemic,wing,,,,
4-380-407-1,luuu1242,Tai Lü,1389,niu.4 tin.1,Phonemic,toe,,,,
4-374-407-1,luuu1242,Tai Lü,318,hɔi.2 tin.1,Phonemic,footprint,,,,
4-372-407-1,luuu1242,Tai Lü,980,sun.3 nɔŋ.6,Phonemic,heel,,,,
4-371-407-1,luuu1242,Tai Lü,803,x]:.6 tin.1,Phonemic,ankle,,,,
4-370-407-1,luuu1242,Tai Lü,1301,tin.1,Phonemic,foot,,,,
4-360-407-1,luuu1242,Tai Lü,1371,ho:.1 xau.5,Phonemic,knee,,,,
4-352-407-1,luuu1242,Tai Lü,498,xɛŋ.6,Phonemic,calf of leg,,,,
4-351-407-1,luuu1242,Tai Lü,800,xa:.1 loŋ.1,Phonemic,thigh,,,,
4-350-407-1,luuu1242,Tai Lü,1297,xa:.1,Phonemic,leg,,,,
4-345-407-1,luuu1242,Tai Lü,72,lep.8,Phonemic,claw,,,,
4-344-407-1,luuu1242,Tai Lü,1258,lep.8 mɨ:.2,Phonemic,fingernail,,,,
4-342-407-1,luuu1242,Tai Lü,1781,ho:.1 mɛ:.6 mɨ:.2,Phonemic,thumb,,,,
4-340-407-1,luuu1242,Tai Lü,1303,niu.4 mɨ:.2,Phonemic,finger,,,,
4-331-407-1,luuu1242,Tai Lü,1183,fa:.5 mɨ:.2,Phonemic,palm of hand,,,,
4-330-407-1,luuu1242,Tai Lü,1277,mɨ:.2,Phonemic,hand,,,,
4-321-407-1,luuu1242,Tai Lü,799,xɔ:.6 mɨ:.2,Phonemic,wrist,,,,
4-320-407-1,luuu1242,Tai Lü,981,sɔk.9,Phonemic,elbow,,,,
4-312-407-1,luuu1242,Tai Lü,1886,xɛ:.1 lɛ:.4,Phonemic,armpit,,,,
4-310-407-1,luuu1242,Tai Lü,1673,xɛn.1,Phonemic,arm,,,,
4-300-407-1,luuu1242,Tai Lü,1482,ho:.1 ba:.5,Phonemic,shoulder,,,,
4-290-407-1,luuu1242,Tai Lü,1346,koŋ.1 xɔ:.2,Phonemic,throat,,,,
4-281-407-1,luuu1242,Tai Lü,1347,ŋɔn.6,Phonemic,nape of neck,,,,
4-280-407-1,luuu1242,Tai Lü,1333,xɔ:.2,Phonemic,neck,,,,
4-272-407-1,luuu1242,Tai Lü,1049,xeu.3 kau.4,Phonemic,molartooth,,,,
4-270-407-1,luuu1242,Tai Lü,1380,xeu.3,Phonemic,tooth,,,,
4-271-407-1,luuu1242,Tai Lü,139,ŋa:.2 ca:ŋ.4,Phonemic,gums,,,,
4-271-407-3,luuu1242,Tai Lü,139,hək.4,Phonemic,gums,,,,
4-260-407-1,luuu1242,Tai Lü,1205,lin.4,Phonemic,tongue,,,,
4-250-407-1,luuu1242,Tai Lü,478,fi:.1 sop.7,Phonemic,lip,,,,
4-241-407-1,luuu1242,Tai Lü,73,sop.7 nok.8,Phonemic,beak,,,,
4-240-407-1,luuu1242,Tai Lü,674,sop.7,Phonemic,mouth,,,,
4-240-407-3,luuu1242,Tai Lü,674,pa:k.9,Phonemic,mouth,,,,
4-232-407-1,luuu1242,Tai Lü,208,xi:.3 muk.8,Phonemic,mucus (nasal),,,,
4-231-407-1,luuu1242,Tai Lü,1178,hu:.2 dəŋ.1,Phonemic,nostril,,,,
4-230-407-1,luuu1242,Tai Lü,1221,daŋ.1,Phonemic,nose,,,,
4-222-407-1,luuu1242,Tai Lü,32,xi:.3 hu:.1,Phonemic,earwax,,,,
4-220-407-1,luuu1242,Tai Lü,1247,bin.3 hu:.1,Phonemic,ear,,,,
4-215-407-1,luuu1242,Tai Lü,1655,phɛp.8 ta:.1,Phonemic,blink,,,,
4-215-407-3,luuu1242,Tai Lü,1655,ta:.1 ja:p.9,Phonemic,blink,,,,
4-214-407-1,luuu1242,Tai Lü,1540,xun.1 ta:.1,Phonemic,eyelash,,,,
4-213-407-1,luuu1242,Tai Lü,17,xɔp.9 ta:.1,Phonemic,eyelid,,,,
4-212-407-1,luuu1242,Tai Lü,1173,xun.1 ta:.1,Phonemic,eyebrow,,,,
4-210-407-1,luuu1242,Tai Lü,1248,ta:.1,Phonemic,eye,,,,
4-208-407-1,luuu1242,Tai Lü,1730,mit.9,Phonemic,cheek,,,,
4-209-407-1,luuu1242,Tai Lü,1510,ka:ŋ.2,Phonemic,chin,,,,
4-205-407-1,luuu1242,Tai Lü,123,na:.3 pha:k.9,Phonemic,forehead,,,,
4-207-407-1,luuu1242,Tai Lü,798,kɛm.3,Phonemic,jaw,,,,
4-204-407-1,luuu1242,Tai Lü,1560,na:.3,Phonemic,face,,,,
4-203-407-1,luuu1242,Tai Lü,1583,ʔɛk.9 ho:.1,Phonemic,brain,,,,
4-201-407-1,luuu1242,Tai Lü,1604,vɔp.8 vɛp.8,Phonemic,"side of head, temple",,,,
4-202-407-1,luuu1242,Tai Lü,1605,kɔk.7 ho:.1,Phonemic,skull,,,,
4-200-407-1,luuu1242,Tai Lü,1256,ho:.1,Phonemic,head,,,,
4-191-407-1,luuu1242,Tai Lü,805,sɛn.1 laŋ.1,Phonemic,spine,,,,
4-190-407-1,luuu1242,Tai Lü,1291,laŋ.1,Phonemic,back,,,,
4-180-407-1,luuu1242,Tai Lü,1220,ha:ŋ.1,Phonemic,tail,,,,
4-170-407-1,luuu1242,Tai Lü,1393,xau.1,Phonemic,horn,,,,
4-162-407-1,luuu1242,Tai Lü,801,duk.9 xa:ŋ.3,Phonemic,rib,,,,
4-160-407-1,luuu1242,Tai Lü,1394,duk.9,Phonemic,bone,,,,
4-151-407-1,luuu1242,Tai Lü,525,lət.8 lum.2,Phonemic,"vein, artery",,,,
4-150-407-1,luuu1242,Tai Lü,946,lət.8,Phonemic,blood,,,,
4-146-407-1,luuu1242,Tai Lü,576,xai.2 ho:.1,Phonemic,dandruff,,,,
4-146-407-3,luuu1242,Tai Lü,576,kɛp.9 ho:.1,Phonemic,dandruff,,,,
4-145-407-1,luuu1242,Tai Lü,36,mɔi.1,Phonemic,pubic hair,,,,
4-144-407-1,luuu1242,Tai Lü,189,xun.1 bo:.5,Phonemic,body hair,,,,
4-142-407-1,luuu1242,Tai Lü,678,not.9,Phonemic,beard,,,,
4-140-407-1,luuu1242,Tai Lü,1040,phum.1 ho.1,Phonemic,hair (head),,,,
4-130-407-1,luuu1242,Tai Lü,2259,cin.4,Phonemic,flesh,,,,
4-120-407-1,luuu1242,Tai Lü,763,naŋ.1,Phonemic,"skin, hide",,,,
4-110-407-1,luuu1242,Tai Lü,1480,nə:.4 to:.1,Phonemic,body,,,,
3-980-407-1,luuu1242,Tai Lü,112,tau.5,Phonemic,turtle,,,,
3-970-407-1,luuu1242,Tai Lü,1857,maŋ.2 kɔn.1,Phonemic,"crocodile, alligator",,,,
3-950-407-1,luuu1242,Tai Lü,503,kop.7,Phonemic,frog,,,,
3-950-407-3,luuu1242,Tai Lü,503,xet.9,Phonemic,frog,,,,
3-940-407-1,luuu1242,Tai Lü,1543,hɔi.3,Phonemic,snail,,,,
3-930-407-1,luuu1242,Tai Lü,607,tak.7 tɛn.1,Phonemic,grasshopper,,,,
3-920-407-1,luuu1242,Tai Lü,1791,ka:p.9 bə:.3,Phonemic,butterfly,,,,
3-910-407-1,luuu1242,Tai Lü,206,hiŋ.5 hɔi.3,Phonemic,firefly,,,,
3-850-407-1,luuu1242,Tai Lü,730,ŋu:.2,Phonemic,snake,,,,
3-832-407-1,luuu1242,Tai Lü,1509,juŋ.2,Phonemic,mosquito,,,,
3-830-407-1,luuu1242,Tai Lü,1504,mɛŋ.2 mun.2,Phonemic,fly,,,,
3-823-407-1,luuu1242,Tai Lü,1517,tɛn.1,Phonemic,wasp,,,,
3-823-407-3,luuu1242,Tai Lü,1517,tɔ:.5,Phonemic,wasp,,,,
3-822-407-1,luuu1242,Tai Lü,88,haŋ.2 phɨŋ.3,Phonemic,beehive,,,,
3-821-407-1,luuu1242,Tai Lü,1931,xi:.3 phɨŋ.3,Phonemic,beeswax,,,,
3-820-407-1,luuu1242,Tai Lü,665,mɛ:.6 phɨŋ.3,Phonemic,bee,,,,
3-819-407-1,luuu1242,Tai Lü,1065,jai.2 kuŋ.3 ka:u.1,Phonemic,spider web,,,,
3-818-407-1,luuu1242,Tai Lü,843,kuŋ.3 ka:u.1,Phonemic,spider,,,,
3-817-407-1,luuu1242,Tai Lü,587,mot.8,Phonemic,ant,,,,
3-816-407-1,luuu1242,Tai Lü,1575,mɛŋ.2 sa:p.9,Phonemic,cockroach,,,,
3-815-407-1,luuu1242,Tai Lü,1538,mɛŋ.2 pɔŋ.5,Phonemic,scorpion,,,,
3-814-407-1,luuu1242,Tai Lü,1974,tak.7 xɛp.7,Phonemic,centipede,,,,
3-813-407-1,luuu1242,Tai Lü,232,mat.7,Phonemic,flea,,,,
3-812-407-1,luuu1242,Tai Lü,267,xai.5 hau.1,Phonemic,nit (louse egg),,,,
3-811-407-1,luuu1242,Tai Lü,1392,min.2,Phonemic,louse,,,,
3-811-407-3,luuu1242,Tai Lü,1392,hau.1,Phonemic,louse,,,,
3-810-407-1,luuu1242,Tai Lü,620,buŋ.3 mɛŋ.2,Phonemic,insect,,,,
3-780-407-1,luuu1242,Tai Lü,1871,lɔ:.3 tho:.6,Phonemic,camel,,,,
3-770-407-1,luuu1242,Tai Lü,1290,ca:ŋ.4,Phonemic,elephant,,,,
3-760-407-1,luuu1242,Tai Lü,1350,ʔi.1 vɔk.8,Phonemic,monkey,,,,
3-750-407-1,luuu1242,Tai Lü,1936,kwa:ŋ.1,Phonemic,deer,,,,
3-740-407-1,luuu1242,Tai Lü,1312,ma:.1 ci:.4 cɔk.9,Phonemic,fox,,,,
3-730-407-1,luuu1242,Tai Lü,1820,mi:.1,Phonemic,bear,,,,
3-720-407-1,luuu1242,Tai Lü,1386,siŋ.1,Phonemic,lion,,,,
3-710-407-1,luuu1242,Tai Lü,522,ma:.1 nai.2,Phonemic,wolf,,,,
3-665-407-1,luuu1242,Tai Lü,1013,jen.5,Phonemic,freshwater eel,,,,
3-655-407-1,luuu1242,Tai Lü,598,be:.3,Phonemic,shell,,,,
3-653-407-1,luuu1242,Tai Lü,266,ket.7 pa:.1,Phonemic,fishscale,,,,
3-650-407-1,luuu1242,Tai Lü,227,pa:.1,Phonemic,fish,,,,
3-630-407-1,luuu1242,Tai Lü,2139,nu:.1,Phonemic,"mouse, rat",,,,
3-620-407-1,luuu1242,Tai Lü,1208,mɛu.2,Phonemic,cat,,,,
3-614-407-1,luuu1242,Tai Lü,1136,ka.1 ta:i.5,Phonemic,rabbit,,,,
3-610-407-1,luuu1242,Tai Lü,2009,ma:.1,Phonemic,dog,,,,
3-596-407-1,luuu1242,Tai Lü,735,nok.8 kau.4 mɛu.2,Phonemic,owl,,,,
3-593-407-1,luuu1242,Tai Lü,913,ka:.1,Phonemic,crow,,,,
3-592-407-1,luuu1242,Tai Lü,882,nok.8 lɛ:.2,Phonemic,parrot,,,,
3-591-407-1,luuu1242,Tai Lü,1793,ʔi.1 bɨŋ.5,Phonemic,bat,,,,
3-586-407-1,luuu1242,Tai Lü,1185,mɛ:.6 hɛŋ.4,Phonemic,vulture,,,,
3-585-407-1,luuu1242,Tai Lü,307,huŋ.4,Phonemic,hawk,,,,
3-584-407-1,luuu1242,Tai Lü,1905,lɛu.1,Phonemic,eagle,,,,
3-583-407-1,luuu1242,Tai Lü,758,nok.8 ja:ŋ.2,Phonemic,heron,,,,
3-581-407-1,luuu1242,Tai Lü,937,nok.8,Phonemic,bird,,,,
3-580-407-1,luuu1242,Tai Lü,539,haŋ.2,Phonemic,nest,,,,
3-570-407-1,luuu1242,Tai Lü,1360,pet.7,Phonemic,duck,,,,
3-560-407-1,luuu1242,Tai Lü,1187,ha:n.5,Phonemic,goose,,,,
3-550-407-1,luuu1242,Tai Lü,1318,kai.5,Phonemic,chicken,,,,
3-540-407-1,luuu1242,Tai Lü,1514,kai.5 mɛ:.6,Phonemic,hen,,,,
3-520-407-1,luuu1242,Tai Lü,1511,kai.5 pu:.4,Phonemic,"cock, rooster",,,,
3-470-407-1,luuu1242,Tai Lü,890,lɔ:.3,Phonemic,mule,,,,
3-500-407-1,luuu1242,Tai Lü,265,siŋ.5 xɔŋ.1 leŋ.4,Phonemic,fowl,,,,
3-460-407-1,luuu1242,Tai Lü,1862,la:.2,Phonemic,"ass, donkey",,,,
3-450-407-1,luuu1242,Tai Lü,1647,ma:.4 pu:.4 nɔi.4,Phonemic,"foal, colt",,,,
3-450-407-3,luuu1242,Tai Lü,1647,ma:.4 mɛ:.6 nɔi.4,Phonemic,"foal, colt",,,,
3-440-407-1,luuu1242,Tai Lü,938,ma:.4 mɛ:.6,Phonemic,mare,,,,
3-420-407-1,luuu1242,Tai Lü,936,ma:.4 pu:.4,Phonemic,stallion,,,,
3-410-407-1,luuu1242,Tai Lü,615,ma:.4,Phonemic,horse (equine),,,,
3-380-407-1,luuu1242,Tai Lü,1972,bɛ:.3 nɔi.4,Phonemic,kid,,,,
3-370-407-1,luuu1242,Tai Lü,264,bɛ:.3 pu:.4,Phonemic,he-goat,,,,
3-360-407-1,luuu1242,Tai Lü,1502,bɛ:.3,Phonemic,goat,,,,
3-350-407-1,luuu1242,Tai Lü,1337,mu:.1,Phonemic,pig,,,,
3-340-407-1,luuu1242,Tai Lü,1351,mu:.1 mɛ:.6,Phonemic,sow (2),,,,
3-320-407-1,luuu1242,Tai Lü,1348,mu:.1 pu:.4,Phonemic,boar,,,,
3-290-407-1,luuu1242,Tai Lü,820,mɛ:.6 cen.1,Phonemic,lamb,,,,
3-280-407-1,luuu1242,Tai Lü,1345,bɛ:.3 mɛ:.6,Phonemic,ewe,,,,
3-260-407-1,luuu1242,Tai Lü,1344,bɛ:.3 pu:.4,Phonemic,ram,,,,
3-250-407-1,luuu1242,Tai Lü,1331,bɛ:.3,Phonemic,sheep,,,,
3-240-407-1,luuu1242,Tai Lü,1989,ho:.2 xwa:i.2 nɔi.4,Phonemic,calf,,,,
3-230-407-1,luuu1242,Tai Lü,1007,ho:.2 mɛ:.6,Phonemic,cow,,,,
3-230-407-3,luuu1242,Tai Lü,1007,ho:.2 mɛ:.6 num.2,Phonemic,cow,,,,
3-220-407-1,luuu1242,Tai Lü,1169,ho:.2,Phonemic,ox,,,,
3-210-407-1,luuu1242,Tai Lü,1008,ho:.2 pu:.4,Phonemic,bull,,,,
3-210-407-3,luuu1242,Tai Lü,1008,xwa:i.2 pu:.4,Phonemic,bull,,,,
3-200-407-1,luuu1242,Tai Lü,1153,vo:.2 xwa:i.2,Phonemic,cattle (bovine),,,,
3-190-407-1,luuu1242,Tai Lü,851,xɔk.8 ma:.4,Phonemic,"stable, stall",,,,
3-180-407-1,luuu1242,Tai Lü,263,kun.2 leŋ.4 ho:.2 po.1 xwa:i.2,Phonemic,herdsman,,,,
3-160-407-1,luuu1242,Tai Lü,649,pa:.5 ja:.3,Phonemic,pasture,,,,
3-150-407-1,luuu1242,Tai Lü,631,siŋ.5 xɔŋ.1,Phonemic,livestock,,,,
3-130-407-1,luuu1242,Tai Lü,2262,to:.1 mɛ:.6,Phonemic,female (adj),,,,
3-120-407-1,luuu1242,Tai Lü,2261,to:.1 pu:.4,Phonemic,male (adj),,,,
3-110-407-1,luuu1242,Tai Lü,619,set.7,Phonemic,animal,,,,
2-960-407-1,luuu1242,Tai Lü,817,xau.1 cau.3,Phonemic,they,,,,
2-950-407-1,luuu1242,Tai Lü,1213,su:.1 cau.3,Phonemic,you (plural),,,,
2-942-407-1,luuu1242,Tai Lü,1130,tu:.1 xa:.3,Phonemic,we (exclusive),,,,
2-941-407-1,luuu1242,Tai Lü,1131,hau.2,Phonemic,we (inclusive),,,,
2-940-407-1,luuu1242,Tai Lü,1212,tu:.1 xa:.3,Phonemic,we,,,,
2-940-407-3,luuu1242,Tai Lü,1212,hau.2,Phonemic,we,,,,
2-930-407-1,luuu1242,Tai Lü,262,man.2,Phonemic,he/she/it,,,,
2-930-407-3,luuu1242,Tai Lü,262,xau.1,Phonemic,he/she/it,,,,
2-920-407-1,luuu1242,Tai Lü,1215,to:.1 cau.3,Phonemic,you (singular),,,,
2-920-407-3,luuu1242,Tai Lü,1215,cau.3 man.2,Phonemic,you (singular),,,,
2-910-407-1,luuu1242,Tai Lü,1209,to:.1 xa:.3,Phonemic,I,,,,
2-910-407-3,luuu1242,Tai Lü,1209,to:.1 xɔi.3,Phonemic,I,,,,
2-820-407-1,luuu1242,Tai Lü,194,jau.3 hən.2,Phonemic,family,,,,
2-810-407-1,luuu1242,Tai Lü,1644,pi:.6 nɔŋ.4,Phonemic,"relatives, kinsmen",,,,
2-770-407-1,luuu1242,Tai Lü,1981,pɔ:.6 ma:i.3,Phonemic,widower,,,,
2-760-407-1,luuu1242,Tai Lü,1756,mɛ:.6 ma:i.3,Phonemic,widow,,,,
2-750-407-1,luuu1242,Tai Lü,1149,luk.8 kam.5 pha:.4,Phonemic,orphan,,,,
2-740-407-1,luuu1242,Tai Lü,1058,luk.8 kep.7,Phonemic,stepdaughter,,,,
2-730-407-1,luuu1242,Tai Lü,1059,luk.8 kep.7,Phonemic,stepson,,,,
2-720-407-1,luuu1242,Tai Lü,236,mɛ:.6 na:.4,Phonemic,stepmother,,,,
2-710-407-1,luuu1242,Tai Lü,237,pɔ:.6 na:.4,Phonemic,stepfather,,,,
2-641-407-1,luuu1242,Tai Lü,2264,luk.8 pai.4,Phonemic,daughter-in-law (of a woman),,,,
2-640-407-1,luuu1242,Tai Lü,2265,luk.8 pai.4,Phonemic,daughter-in-law (of a man),,,,
2-631-407-1,luuu1242,Tai Lü,2266,luk.8 xəi.1,Phonemic,son-in-law (of a woman),,,,
2-630-407-1,luuu1242,Tai Lü,2267,luk.8 xəi.1,Phonemic,son-in-law (of a man),,,,
2-621-407-1,luuu1242,Tai Lü,2257,mɛ:.6 pho:.1,Phonemic,mother-in-law (of a woman),,,,
2-620-407-1,luuu1242,Tai Lü,2256,mɛ:.6 me:.2,Phonemic,mother-in-law (of a man),,,,
2-611-407-1,luuu1242,Tai Lü,2254,pɔ:.6 tho:.1,Phonemic,father-in-law (of a woman),,,,
2-610-407-1,luuu1242,Tai Lü,2255,pɔ:.6 ta:.1,Phonemic,father-in-law (of a man),,,,
2-570-407-1,luuu1242,Tai Lü,490,co:.6 luk.8 co:.6 la:n.1,Phonemic,descendants,,,,
2-560-407-1,luuu1242,Tai Lü,1669,co:.6 pu:.5 co:.6 mɔn.5,Phonemic,ancestors,,,,
2-550-407-1,luuu1242,Tai Lü,1643,luk.8 pi:.6 luk.8 nɔŋ.4,Phonemic,cousin,,,,
2-540-407-1,luuu1242,Tai Lü,1642,la:n.1 jiŋ.2,Phonemic,niece,,,,
2-530-407-1,luuu1242,Tai Lü,1063,la:n.1 ca:i.2,Phonemic,nephew,,,,
2-522-407-1,luuu1242,Tai Lü,170,na:.4 pai.4,Phonemic,father's sister,,,,
2-520-407-1,luuu1242,Tai Lü,1272,ʔa:.1 pai.4,Phonemic,aunt,,,,
2-520-407-3,luuu1242,Tai Lü,1272,ʔi.1 na:.4,Phonemic,aunt,,,,
2-520-407-5,luuu1242,Tai Lü,1272,ʔi.1 ʔa:.1,Phonemic,aunt,,,,
2-521-407-1,luuu1242,Tai Lü,171,ʔi.1 na:.4,Phonemic,mother's sister,,,,
2-512-407-1,luuu1242,Tai Lü,1985,"pɔ\.6 loŋ.1""",Phonemic,father's brother,,,,
2-511-407-1,luuu1242,Tai Lü,1984,pɔ:.6 loŋ.1,Phonemic,mother's brother,,,,
2-510-407-1,luuu1242,Tai Lü,1327,ʔa:u.1,Phonemic,uncle,,,,
2-510-407-3,luuu1242,Tai Lü,1327,pɔ:.6 loŋ.1,Phonemic,uncle,,,,
2-510-407-5,luuu1242,Tai Lü,1327,ʔa:i.3 na:.4,Phonemic,uncle,,,,
2-480-407-1,luuu1242,Tai Lü,1618,la:n.1 ca:i.2,Phonemic,grandson,,,,
2-490-407-1,luuu1242,Tai Lü,1619,la:n.1 jiŋ.2,Phonemic,granddaughter,,,,
2-471-407-1,luuu1242,Tai Lü,907,mɛ:.6 thau.3,Phonemic,old woman,,,,
2-470-407-1,luuu1242,Tai Lü,1496,ʔi.1 ja:.6,Phonemic,grandmother,,,,
2-461-407-1,luuu1242,Tai Lü,406,pɔ:.6 thau.3,Phonemic,old man,,,,
2-460-407-1,luuu1242,Tai Lü,1383,ʔi.1 pu:.5,Phonemic,grandfather,,,,
2-458-407-1,luuu1242,Tai Lü,1005,luk.8 fa:.1 fi:.1,Phonemic,twins,,,,
2-456-407-1,luuu1242,Tai Lü,1640,pi:.6 lɛ.2 nɔŋ.4,Phonemic,sibling,,,,
2-455-407-1,luuu1242,Tai Lü,1761,nɔŋ.4 jiŋ.2,Phonemic,younger sister,,,,
2-454-407-1,luuu1242,Tai Lü,1758,pi:.6 jiŋ.2,Phonemic,older sister,,,,
2-450-407-1,luuu1242,Tai Lü,1263,pi:.6 jiŋ.2 lɛ.2 nɔŋ.4 jiŋ.2,Phonemic,sister,,,,
2-445-407-1,luuu1242,Tai Lü,1760,nɔŋ.4 ca:i.2,Phonemic,younger brother,,,,
2-444-407-1,luuu1242,Tai Lü,1759,pi:.6 ca:i.2,Phonemic,older brother,,,,
2-440-407-1,luuu1242,Tai Lü,1262,pi:.6 nɔŋ.4,Phonemic,brother,,,,
2-430-407-1,luuu1242,Tai Lü,1801,luk.8 la:n.1,Phonemic,offspring (son or daughter),,,,
2-420-407-1,luuu1242,Tai Lü,1357,luk.8 jiŋ.2,Phonemic,daughter,,,,
2-410-407-1,luuu1242,Tai Lü,1620,luk.8 ca:i.2,Phonemic,son,,,,
2-390-407-1,luuu1242,Tai Lü,426,mɛ:.6 hən.2,Phonemic,married woman,,,,
2-380-407-1,luuu1242,Tai Lü,424,pɔ:.6 hən.2,Phonemic,married man,,,,
2-370-407-1,luuu1242,Tai Lü,505,pɔ:.6 mɛ:.6,Phonemic,parents,,,,
2-360-407-1,luuu1242,Tai Lü,1216,mɛ:.6,Phonemic,mother,,,,
2-350-407-1,luuu1242,Tai Lü,1217,pɔ:.6,Phonemic,father,,,,
2-341-407-1,luuu1242,Tai Lü,1134,ha:ŋ.4 kan.1,Phonemic,divorce,,,,
2-340-407-1,luuu1242,Tai Lü,1259,kam.1 ven.2,Phonemic,"marriage, wedding",,,,
2-330-407-1,luuu1242,Tai Lü,203,ʔau.1 pho:.1,Phonemic,marry,,,,
2-330-407-3,luuu1242,Tai Lü,203,ʔau.1 me:.2,Phonemic,marry,,,,
2-320-407-1,luuu1242,Tai Lü,1199,me:.2,Phonemic,wife,,,,
2-310-407-1,luuu1242,Tai Lü,1200,pho:.1,Phonemic,husband,,,,
2-280-407-1,luuu1242,Tai Lü,1289,luk.8 ʔɔn.5 dɛŋ.1,Phonemic,"infant, baby",,,,
2-270-407-1,luuu1242,Tai Lü,1304,luk.8 ʔɔn.5,Phonemic,child,,,,
2-261-407-1,luuu1242,Tai Lü,77,sa:u.1 loŋ.1,Phonemic,young woman (adolescent),,,,
2-260-407-1,luuu1242,Tai Lü,1646,sa:u.1,Phonemic,girl,,,,
2-251-407-1,luuu1242,Tai Lü,76,ba:u.5,Phonemic,young man (adolescent),,,,
2-250-407-1,luuu1242,Tai Lü,1366,luk.8 ʔɔn.5 ca:i.2,Phonemic,boy,,,,
2-240-407-1,luuu1242,Tai Lü,1551,jiŋ.2,Phonemic,female,,,,
2-230-407-1,luuu1242,Tai Lü,1553,ca:i.2,Phonemic,male,,,,
2-220-407-1,luuu1242,Tai Lü,962,kun.2 jiŋ.2,Phonemic,woman,,,,
2-210-407-1,luuu1242,Tai Lü,1554,kun.2 ca:i.2,Phonemic,man (vs. woman),,,,
2-100-407-1,luuu1242,Tai Lü,683,kun.2,Phonemic,"person, human being",,,,
1-890-407-1,luuu1242,Tai Lü,1188,tha:n.5,Phonemic,charcoal,,,,
1-880-407-1,luuu1242,Tai Lü,10,lo:.1 fɨn.2,Phonemic,firewood,,,,
1-870-407-1,luuu1242,Tai Lü,1133,kap.7 fai.2,Phonemic,match (noun),,,,
1-861-407-1,luuu1242,Tai Lü,127,vɔt.8 fai.2,Phonemic,extinguish,,,,
1-861-407-3,luuu1242,Tai Lü,127,dap.7 fai.2,Phonemic,extinguish,,,,
1-860-407-1,luuu1242,Tai Lü,737,sum.1 fai.2,Phonemic,"light, kindle, ignite",,,,
1-852-407-1,luuu1242,Tai Lü,1428,fai.2 mai.3,Phonemic,burn (vb intrans),,,,
1-851-407-1,luuu1242,Tai Lü,141,mai.3,Phonemic,burn (vb trans),,,,
1-851-407-3,luuu1242,Tai Lü,141,ci.1,Phonemic,burn (vb trans),,,,
1-841-407-1,luuu1242,Tai Lü,67,tha:n.5 fai.2,Phonemic,embers,,,,
1-840-407-1,luuu1242,Tai Lü,646,tau.6,Phonemic,ashes,,,,
1-830-407-1,luuu1242,Tai Lü,778,xɔn.2 fai.2,Phonemic,smoke (noun),,,,
1-820-407-1,luuu1242,Tai Lü,889,peu.1 fai.2,Phonemic,flame (noun),,,,
1-810-407-1,luuu1242,Tai Lü,221,fai.2,Phonemic,fire,,,,
1-780-407-1,luuu1242,Tai Lü,952,ʔa:.2 ka:t.9,Phonemic,weather,,,,
1-770-407-1,luuu1242,Tai Lü,617,nam.4 da:ŋ.3,Phonemic,ice,,,,
1-760-407-1,luuu1242,Tai Lü,784,sa.1 tha:p.9,Phonemic,snow (noun),,,,
1-750-407-1,luuu1242,Tai Lü,658,fun.1,Phonemic,rain (noun),,,,
1-740-407-1,luuu1242,Tai Lü,249,məi.1,Phonemic,fog,,,,
1-720-407-1,luuu1242,Tai Lü,960,lum.2,Phonemic,wind,,,,
1-730-407-1,luuu1242,Tai Lü,1489,fa:.3,Phonemic,cloud,,,,
1-710-407-1,luuu1242,Tai Lü,27,ʔa:i.1 lum.2,Phonemic,air,,,,
1-640-407-1,luuu1242,Tai Lü,1977,nam.4 məi.1,Phonemic,dew,,,,
1-630-407-1,luuu1242,Tai Lü,1388,bot.7,Phonemic,"shade, shadow",,,,
1-630-407-3,luuu1242,Tai Lü,1388,hum.6,Phonemic,"shade, shadow",,,,
1-630-407-5,luuu1242,Tai Lü,1388,ŋau.2 kɔ:.4,Phonemic,"shade, shadow",,,,
1-620-407-1,luuu1242,Tai Lü,11,mɨt.8,Phonemic,darkness,,,,
1-610-407-1,luuu1242,Tai Lü,630,sa:i.1 dɛt.9,Phonemic,light (noun),,,,
1-590-407-1,luuu1242,Tai Lü,1733,huŋ.2,Phonemic,rainbow,,,,
1-580-407-1,luuu1242,Tai Lü,858,kam.5 fun.1 lum.2 fa:.4,Phonemic,storm,,,,
1-560-407-1,luuu1242,Tai Lü,1150,fa:.4 hɔŋ.4,Phonemic,thunder,,,,
1-570-407-1,luuu1242,Tai Lü,2007,fa:.4 ma.6 lɛp.8,Phonemic,lightning (as striking),,,,
1-550-407-1,luuu1242,Tai Lü,1654,fa:.4 ma.6 lɛp.8,Phonemic,lightning,,,,
1-540-407-1,luuu1242,Tai Lü,1430,da:u.1,Phonemic,star,,,,
1-530-407-1,luuu1242,Tai Lü,1313,dən.1,Phonemic,moon,,,,
1-520-407-1,luuu1242,Tai Lü,1343,ta:.1 van.2,Phonemic,sun,,,,
1-510-407-1,luuu1242,Tai Lü,1732,ka:ŋ.1 ha:u.1,Phonemic,sky,,,,
1-450-407-1,luuu1242,Tai Lü,6,phɛn.5 din.1 vai.1,Phonemic,earthquake,,,,
1-440-407-1,luuu1242,Tai Lü,2125,hin.1 pha:.1,Phonemic,"stone, rock",,,,
1-430-407-1,luuu1242,Tai Lü,1803,mai.4,Phonemic,wood,,,,
1-420-407-1,luuu1242,Tai Lü,906,kɔ:.1 mai.4,Phonemic,tree (cf 08.600),,,,
1-410-407-1,luuu1242,Tai Lü,420,duŋ.1 mai.4,Phonemic,"woods, forest",,,,
1-390-407-1,luuu1242,Tai Lü,943,ta:t.9,Phonemic,waterfall,,,,
1-370-407-1,luuu1242,Tai Lü,2144,nam.6 bɔ:.5,Phonemic,"spring, well",,,,
1-362-407-1,luuu1242,Tai Lü,1982,nam.4 pan.5,Phonemic,whirlpool,,,,
1-360-407-1,luuu1242,Tai Lü,666,nam.4 hɔi.3,Phonemic,"river, stream, brook",,,,
1-354-407-1,luuu1242,Tai Lü,613,fɔŋ.2 suŋ.1,Phonemic,hightide,,,,
1-353-407-1,luuu1242,Tai Lü,1026,fɔŋ.2 tɛm.5,Phonemic,lowtide,,,,
1-352-407-1,luuu1242,Tai Lü,891,fɔŋ.2 lum.2,Phonemic,tide,,,,
1-350-407-1,luuu1242,Tai Lü,978,fɔŋ.2,Phonemic,wave,,,,
1-342-407-1,luuu1242,Tai Lü,660,dɔn.1 sa:i.2,Phonemic,reef,,,,
1-330-407-1,luuu1242,Tai Lü,624,nɔŋ.1 sa.1 la.1,Phonemic,lake,,,,
1-329-407-1,luuu1242,Tai Lü,645,nam.4 mɛ:.6 sa.1 mut.7,Phonemic,ocean,,,,
1-324-407-1,luuu1242,Tai Lü,1768,pok.9,Phonemic,foam,,,,
1-323-407-1,luuu1242,Tai Lü,259,fɔŋ.2 ləŋ.2,Phonemic,rough (of sea),,,,
1-320-407-1,luuu1242,Tai Lü,1474,nam.4 mɛ:.6 sa.1 mut.7,Phonemic,sea,,,,
1-322-407-1,luuu1242,Tai Lü,258,fɔŋ.2 jup.8,Phonemic,calm (of sea),,,,
1-310-407-1,luuu1242,Tai Lü,948,nam.4,Phonemic,water,,,,
1-280-407-1,luuu1242,Tai Lü,1155,tham.3,Phonemic,cave,,,,
1-270-407-1,luuu1242,Tai Lü,113,faŋ.5 nam.4,Phonemic,shore,,,,
1-260-407-1,luuu1242,Tai Lü,166,bok.7,Phonemic,mainland,,,,
1-250-407-1,luuu1242,Tai Lü,622,kɔ.1 dɔn.1,Phonemic,island,,,,
1-240-407-1,luuu1242,Tai Lü,921,hɔi.3,Phonemic,valley,,,,
1-230-407-1,luuu1242,Tai Lü,652,tuŋ.6 peŋ.2,Phonemic,"plain, field",,,,
1-222-407-1,luuu1242,Tai Lü,618,pha:.1 cɛn.2,Phonemic,"cliff, precipice",,,,
1-220-407-1,luuu1242,Tai Lü,2118,dɔi.1,Phonemic,"mountain, hill",,,,
1-220-407-3,luuu1242,Tai Lü,2118,kɔŋ.2,Phonemic,"mountain, hill",,,,
1-214-407-1,luuu1242,Tai Lü,640,lum.5,Phonemic,mud,,,,
1-215-407-1,luuu1242,Tai Lü,671,sa:i.2,Phonemic,sand,,,,
1-213-407-1,luuu1242,Tai Lü,2,fun.5,Phonemic,dust,,,,
1-212-407-1,luuu1242,Tai Lü,1228,lot.8 sa.1 din.1,Phonemic,"earth=ground, soil",,,,
1-210-407-1,luuu1242,Tai Lü,626,phɛn.5 din.1,Phonemic,"earth, land",,,,
1-100-407-1,luuu1242,Tai Lü,965,lok.8,Phonemic,world,,,,
14-330-407-1,luuu1242,Tai Lü,1544,sɛn.2 tə:.6,Phonemic,sometimes,,,,
14-331-407-1,luuu1242,Tai Lü,703,bau.5 na:n.2,Phonemic,soon,,,,
14-332-407-1,luuu1242,Tai Lü,418,hɨŋ.1 na:n.2,Phonemic,long-time (for a),,,,
14-340-407-1,luuu1242,Tai Lü,1656,tɛ:.5 dai.1 kɔ:.4 bau.5,Phonemic,never,,,,
14-350-407-1,luuu1242,Tai Lü,204,ʔik.9 thɛm.1,Phonemic,again,,,,
14-410-407-1,luuu1242,Tai Lü,1225,ka:ŋ.1 van.2,Phonemic,day,,,,
14-420-407-1,luuu1242,Tai Lü,1233,ka:ŋ.1 xɨn.2,Phonemic,night,,,,
14-430-407-1,luuu1242,Tai Lü,729,sa.4 va.4 lɛŋ.2,Phonemic,dawn,,,,
14-440-407-1,luuu1242,Tai Lü,1339,kaŋ.1 nai.1 cau.4,Phonemic,morning,,,,
14-450-407-1,luuu1242,Tai Lü,12,van.2 teŋ.6,Phonemic,"noon, midday",,,,
14-451-407-1,luuu1242,Tai Lü,1807,la:.3 lɛŋ.2,Phonemic,afternoon,,,,
14-451-407-3,luuu1242,Tai Lü,1807,ho:.1 xam.6,Phonemic,afternoon,,,,
14-460-407-1,luuu1242,Tai Lü,1629,kaŋ.1 xɨn.2,Phonemic,evening,,,,
14-470-407-1,luuu1242,Tai Lü,1283,van.2 ni.2,Phonemic,today,,,,
14-480-407-1,luuu1242,Tai Lü,1329,van.2 phuk.8,Phonemic,tomorrow,,,,
14-481-407-1,luuu1242,Tai Lü,1179,van.2 hɨ:.2,Phonemic,day-after-tomorrow,,,,
14-490-407-1,luuu1242,Tai Lü,1174,tɛ:.5 va:.2,Phonemic,yesterday,,,,
14-491-407-1,luuu1242,Tai Lü,1180,tɛ:.5 sɨn.2,Phonemic,day-before-yesterday,,,,
14-510-407-1,luuu1242,Tai Lü,1353,ta:.1 na:.3 li:.5,Phonemic,hour,,,,
14-530-407-1,luuu1242,Tai Lü,1323,na:.3 li:.5 biŋ.1,Phonemic,"clock, timepiece",,,,
14-610-407-1,luuu1242,Tai Lü,1469,ʔa:.2 tit.8,Phonemic,week,,,,
14-620-407-1,luuu1242,Tai Lü,1699,van.2 ʔa:.2 tit.8,Phonemic,Sunday,,,,
14-630-407-1,luuu1242,Tai Lü,1697,van.2 cɛn.1,Phonemic,Monday,,,,
14-640-407-1,luuu1242,Tai Lü,1695,van.2 ka:n.2,Phonemic,Tuesday,,,,
14-650-407-1,luuu1242,Tai Lü,1694,van.2 put.6,Phonemic,Wednesday,,,,
14-660-407-1,luuu1242,Tai Lü,1693,van.2 phat.7,Phonemic,Thursday,,,,
14-670-407-1,luuu1242,Tai Lü,1692,van.2 suk.7,Phonemic,Friday,,,,
14-680-407-1,luuu1242,Tai Lü,1700,van.2 sau.1,Phonemic,Saturday,,,,
14-710-407-1,luuu1242,Tai Lü,1370,dən.1,Phonemic,month,,,,
14-730-407-1,luuu1242,Tai Lü,1226,pi:.1,Phonemic,year,,,,
14-740-407-1,luuu1242,Tai Lü,1471,ja:m.2 na:u.1,Phonemic,winter,,,,
14-750-407-1,luuu1242,Tai Lü,1537,ja:m.2 vɔn.2,Phonemic,spring,,,,
14-760-407-1,luuu1242,Tai Lü,1342,ja:m.2 hɔn.4,Phonemic,summer,,,,
14-770-407-1,luuu1242,Tai Lü,1276,ja:m.2 fun.1,Phonemic,autumn,,,,
14-780-407-1,luuu1242,Tai Lü,691,la.4 du:.2,Phonemic,season,,,,
15-210-407-1,luuu1242,Tai Lü,1587,dum.1 sai.5,Phonemic,smell (vb intrans),,,,
15-212-407-1,luuu1242,Tai Lü,375,dum.1,Phonemic,sniff,,,,
15-212-407-3,luuu1242,Tai Lü,375,sɛu.1,Phonemic,sniff,,,,
15-220-407-1,luuu1242,Tai Lü,1586,sɛu.1,Phonemic,smell (vb trans),,,,
15-250-407-1,luuu1242,Tai Lü,376,hɔm.1,Phonemic,"fragrant, good smelling",,,,
15-260-407-1,luuu1242,Tai Lü,42,min.1,Phonemic,"stinking, bad smelling",,,,
15-260-407-3,luuu1242,Tai Lü,42,ʔa:i.1 min.1,Phonemic,"stinking, bad smelling",,,,
15-310-407-1,luuu1242,Tai Lü,21,kin.5,Phonemic,taste,,,,
15-310-407-3,luuu1242,Tai Lü,21,nam.4 lam.2,Phonemic,taste,,,,
15-350-407-1,luuu1242,Tai Lü,717,va:n.1,Phonemic,sweet,,,,
15-360-407-1,luuu1242,Tai Lü,1091,cim.2,Phonemic,salty,,,,
15-370-407-1,luuu1242,Tai Lü,887,xum.1,Phonemic,bitter,,,,
15-380-407-1,luuu1242,Tai Lü,1906,sum.3,Phonemic,"acid, sour",,,,
15-390-407-1,luuu1242,Tai Lü,70,cim.2,Phonemic,brackish,,,,
15-410-407-1,luuu1242,Tai Lü,1408,dai.3 jin.2,Phonemic,hear,,,,
15-420-407-1,luuu1242,Tai Lü,1608,faŋ.2,Phonemic,listen,,,,
15-440-407-1,luuu1242,Tai Lü,1811,seŋ.1 mɔ:.2,Phonemic,"sound, noise",,,,
15-450-407-1,luuu1242,Tai Lü,377,seŋ.1 daŋ.2,Phonemic,loud,,,,
15-460-407-1,luuu1242,Tai Lü,1314,jin.1 jek.8,Phonemic,"quiet, silence",,,,
15-510-407-1,luuu1242,Tai Lü,1409,han.1,Phonemic,see,,,,
15-520-407-1,luuu1242,Tai Lü,1819,tɔŋ.2,Phonemic,"look, look at",,,,
15-550-407-1,luuu1242,Tai Lü,1039,ʔau.1 hɨ:.3 tɔŋ.2,Phonemic,show,,,,
15-560-407-1,luuu1242,Tai Lü,708,ha:m.6 thɔŋ.5,Phonemic,shine,,,,
15-570-407-1,luuu1242,Tai Lü,679,hə:.6 lɛŋ.2,Phonemic,bright,,,,
15-610-407-1,luuu1242,Tai Lü,1613,phiu.1,Phonemic,color,,,,
15-620-407-1,luuu1242,Tai Lü,250,mɔ:.6,Phonemic,light (in color),,,,
15-630-407-1,luuu1242,Tai Lü,706,dək.7,Phonemic,dark (in color),,,,
15-640-407-1,luuu1242,Tai Lü,1335,xa:u.1,Phonemic,white,,,,
15-650-407-1,luuu1242,Tai Lü,163,kam.5,Phonemic,black,,,,
15-650-407-3,luuu1242,Tai Lü,163,nin.2,Phonemic,black,,,,
15-650-407-5,luuu1242,Tai Lü,163,dam.1,Phonemic,black,,,,
15-660-407-1,luuu1242,Tai Lü,156,dɛŋ.1,Phonemic,red,,,,
15-670-407-1,luuu1242,Tai Lü,837,lən.3,Phonemic,blue,,,,
15-680-407-1,luuu1242,Tai Lü,1425,xeu.1,Phonemic,green,,,,
15-690-407-1,luuu1242,Tai Lü,1424,ləŋ.1,Phonemic,yellow,,,,
15-710-407-1,luuu1242,Tai Lü,1892,lup.8,Phonemic,touch,,,,
15-710-407-3,luuu1242,Tai Lü,1892,kam.2,Phonemic,touch,,,,
15-712-407-1,luuu1242,Tai Lü,378,bip.9,Phonemic,pinch,,,,
15-720-407-1,luuu1242,Tai Lü,1079,kam.2,Phonemic,feel,,,,
15-740-407-1,luuu1242,Tai Lü,1884,xɛŋ.1,Phonemic,hard,,,,
15-740-407-3,luuu1242,Tai Lü,1884,kɛn.5,Phonemic,hard,,,,
15-750-407-1,luuu1242,Tai Lü,1856,ʔon.3,Phonemic,soft,,,,
15-760-407-1,luuu1242,Tai Lü,1923,ca:.2,Phonemic,rough,,,,
15-770-407-1,luuu1242,Tai Lü,1234,ləm.3,Phonemic,smooth,,,,
15-770-407-3,luuu1242,Tai Lü,1234,man.2,Phonemic,smooth,,,,
15-780-407-1,luuu1242,Tai Lü,1396,pha:i.1,Phonemic,sharp,,,,
15-780-407-3,luuu1242,Tai Lü,1396,xum.2,Phonemic,sharp,,,,
15-790-407-1,luuu1242,Tai Lü,379,puk.7,Phonemic,"blunt, dull",,,,
15-810-407-1,luuu1242,Tai Lü,1210,nak.7,Phonemic,heavy,,,,
15-820-407-1,luuu1242,Tai Lü,1052,bau.1,Phonemic,light (in weight),,,,
15-830-407-1,luuu1242,Tai Lü,1726,pe.1,Phonemic,"wet, damp",,,,
15-830-407-3,luuu1242,Tai Lü,1726,pə.1,Phonemic,"wet, damp",,,,
15-840-407-1,luuu1242,Tai Lü,1398,hɛŋ.3,Phonemic,dry,,,,
15-840-407-3,luuu1242,Tai Lü,1398,lɛŋ.4,Phonemic,dry,,,,
15-850-407-1,luuu1242,Tai Lü,1286,hɔn.4,Phonemic,hot,,,,
15-851-407-1,luuu1242,Tai Lü,1232,ʔun.5,Phonemic,warm,,,,
15-860-407-1,luuu1242,Tai Lü,1287,na:u.1,Phonemic,cold,,,,
15-860-407-3,luuu1242,Tai Lü,1287,mot.7 sai.1,Phonemic,cold,,,,
15-880-407-1,luuu1242,Tai Lü,1230,ca.4,Phonemic,"dirty, soiled",,,,
15-890-407-1,luuu1242,Tai Lü,380,heu.5,Phonemic,wrinkled,,,,
16-110-407-1,luuu1242,Tai Lü,53,xan.1 tha.4,Phonemic,"soul, spirit",,,,
16-150-407-1,luuu1242,Tai Lü,1572,pɔ:.2 tok.7 cai.1,Phonemic,"surprised, astonished",,,,
16-150-407-3,luuu1242,Tai Lü,1572,pɔ:.2 ʔa:m.2,Phonemic,"surprised, astonished",,,,
16-180-407-1,luuu1242,Tai Lü,720,ka:m.5 di:.1,Phonemic,"good fortune, luck",,,,
16-190-407-1,luuu1242,Tai Lü,56,ka:m.5 jɔk.7,Phonemic,"misfortune, bad luck",,,,
16-230-407-1,luuu1242,Tai Lü,1495,su:.3 jəm.2,Phonemic,"joyful, glad, happy",,,,
16-250-407-1,luuu1242,Tai Lü,1355,xo:.1,Phonemic,laugh,,,,
16-251-407-1,luuu1242,Tai Lü,1451,na:.3 cum.6,Phonemic,smile,,,,
16-260-407-1,luuu1242,Tai Lü,1413,din.3,Phonemic,play,,,,
16-260-407-3,luuu1242,Tai Lü,1413,ʔɛu.5,Phonemic,play,,,,
16-270-407-1,luuu1242,Tai Lü,923,hak.8,Phonemic,love,,,,
16-270-407-3,luuu1242,Tai Lü,923,mak.8,Phonemic,love,,,,
16-290-407-1,luuu1242,Tai Lü,578,kɨ.1,Phonemic,kiss,,,,
16-300-407-1,luuu1242,Tai Lü,928,kɔt.9,Phonemic,embrace,,,,
16-310-407-1,luuu1242,Tai Lü,1783,cep.7,Phonemic,pain,,,,
16-320-407-1,luuu1242,Tai Lü,1668,mɔŋ.1 cai.1,Phonemic,"grief, sorrow, sadness",,,,
16-330-407-1,luuu1242,Tai Lü,1000,kəŋ.2 cai.1,Phonemic,"anxiety, worry",,,,
16-340-407-1,luuu1242,Tai Lü,1875,mai.6 cai.1,Phonemic,"regret, be sorry",,,,
16-350-407-1,luuu1242,Tai Lü,1141,ʔi.1 du:.1,Phonemic,pity,,,,
16-370-407-1,luuu1242,Tai Lü,1839,hai.3,Phonemic,"cry, weep",,,,
16-380-407-1,luuu1242,Tai Lü,1651,nam.4 ta:.1,Phonemic,tear (noun),,,,
16-390-407-1,luuu1242,Tai Lü,716,xaŋ.2,Phonemic,groan,,,,
16-410-407-1,luuu1242,Tai Lü,1607,caŋ.2,Phonemic,hate,,,,
16-420-407-1,luuu1242,Tai Lü,82,ket.8,Phonemic,anger,,,,
16-440-407-1,luuu1242,Tai Lü,40,soi.3 xwɔi.1,Phonemic,"envy, jealousy",,,,
16-450-407-1,luuu1242,Tai Lü,1776,phət.9 ʔa:i.1,Phonemic,shame (noun),,,,
16-480-407-1,luuu1242,Tai Lü,174,ʔɛu.3,Phonemic,proud,,,,
16-510-407-1,luuu1242,Tai Lü,1779,hat.7,Phonemic,dare,,,,
16-520-407-1,luuu1242,Tai Lü,3,hat.7 ha:n.1,Phonemic,brave,,,,
16-530-407-1,luuu1242,Tai Lü,781,ko:.1,Phonemic,"fear, fright",,,,
16-540-407-1,luuu1242,Tai Lü,1810,xet.7 ca:.2,Phonemic,danger,,,,
16-620-407-1,luuu1242,Tai Lü,1784,xwa:m.2 vaŋ.1,Phonemic,"desire, want",,,,
16-622-407-1,luuu1242,Tai Lü,1750,lək.8,Phonemic,choose,,,,
16-630-407-1,luuu1242,Tai Lü,1092,vaŋ.1 hɨ:.3,Phonemic,hope,,,,
16-650-407-1,luuu1242,Tai Lü,100,sɨ:.6 sai.1,Phonemic,faithful,,,,
16-660-407-1,luuu1242,Tai Lü,1657,ma:n.5 ja:.5,Phonemic,true,,,,
16-670-407-1,luuu1242,Tai Lü,601,va:.6 cu.1,Phonemic,"lie, tell lies",,,,
16-680-407-1,luuu1242,Tai Lü,13,cu.1 la:i.6,Phonemic,deceit,,,,
16-690-407-1,luuu1242,Tai Lü,1528,su.1 ma:.2,Phonemic,forgive,,,,
16-710-407-1,luuu1242,Tai Lü,1035,di:.1,Phonemic,good,,,,
16-720-407-1,luuu1242,Tai Lü,1292,ha:i.4,Phonemic,bad,,,,
16-730-407-1,luuu1242,Tai Lü,1725,mɛn.6,Phonemic,"right, correct",,,,
16-740-407-1,luuu1242,Tai Lü,1390,phit.7,Phonemic,wrong,,,,
16-760-407-1,luuu1242,Tai Lü,134,ti:.6 phit.7 ti:.6 luŋ.1,Phonemic,fault,,,,
16-770-407-1,luuu1242,Tai Lü,1293,ti:.6 phit.7 ti:.6 luŋ.1,Phonemic,"mistake, error",,,,
16-780-407-1,luuu1242,Tai Lü,381,ti.1 da:.5,Phonemic,blame,,,,
16-790-407-1,luuu1242,Tai Lü,1687,jɔŋ.3 jɔ:.2,Phonemic,praise,,,,
16-810-407-1,luuu1242,Tai Lü,1427,nam.1,Phonemic,beautiful,,,,
16-820-407-1,luuu1242,Tai Lü,1548,ha:ŋ.6 ha:i.4,Phonemic,ugly,,,,
16-830-407-1,luuu1242,Tai Lü,2018,tɛn.1 ha:.1,Phonemic,greedy,,,,
16-840-407-1,luuu1242,Tai Lü,1310,lak.7,Phonemic,clever,,,,
17-110-407-1,luuu1242,Tai Lü,1562,ho:.1 cai.1,Phonemic,mind,,,,
17-110-407-3,luuu1242,Tai Lü,1562,xan.1 tha.4,Phonemic,mind,,,,
17-130-407-1,luuu1242,Tai Lü,1415,kɨt.8 cai.1,Phonemic,think (= reflect),,,,
17-140-407-1,luuu1242,Tai Lü,1513,kɨt.8 va:.6,Phonemic,think (= be of the opinion),,,,
17-150-407-1,luuu1242,Tai Lü,1890,cə:.6 cai.1,Phonemic,believe,,,,
17-160-407-1,luuu1242,Tai Lü,1536,xau.3 hu:.4,Phonemic,understand,,,,
17-170-407-1,luuu1242,Tai Lü,1410,hu:.4,Phonemic,know,,,,
17-171-407-1,luuu1242,Tai Lü,1932,tak.8,Phonemic,guess,,,,
17-172-407-1,luuu1242,Tai Lü,117,hen.2 ʔau.1,Phonemic,imitate,,,,
17-180-407-1,luuu1242,Tai Lü,1521,mən.1 daŋ.5,Phonemic,seem,,,,
17-190-407-1,luuu1242,Tai Lü,1609,kam.2 kɨt.8,Phonemic,"idea, notion",,,,
17-210-407-1,luuu1242,Tai Lü,698,lak.7,Phonemic,wise,,,,
17-220-407-1,luuu1242,Tai Lü,1518,bai.3,Phonemic,"foolish, stupid",,,,
17-230-407-1,luuu1242,Tai Lü,1899,mau.2,Phonemic,"insane, crazy",,,,
17-240-407-1,luuu1242,Tai Lü,504,hen.2,Phonemic,learn,,,,
17-242-407-1,luuu1242,Tai Lü,1929,xam.2 tɔŋ.2,Phonemic,study,,,,
17-242-407-3,luuu1242,Tai Lü,1929,ham.6 hen.2,Phonemic,study,,,,
17-250-407-1,luuu1242,Tai Lü,709,sɔn.1 to:.1,Phonemic,teach,,,,
17-260-407-1,luuu1242,Tai Lü,753,luk.8 hen.2,Phonemic,pupil,,,,
17-270-407-1,luuu1242,Tai Lü,1038,xu:.2 sɔn.1,Phonemic,teacher,,,,
17-280-407-1,luuu1242,Tai Lü,673,hoŋ.2 hen.2,Phonemic,school,,,,
17-310-407-1,luuu1242,Tai Lü,707,tɨ:.5 vai.4,Phonemic,remember,,,,
17-320-407-1,luuu1242,Tai Lü,1523,lɨm.2,Phonemic,forget,,,,
17-340-407-1,luuu1242,Tai Lü,989,cɛŋ.3,Phonemic,"clear, plain",,,,
17-350-407-1,luuu1242,Tai Lü,1764,hu:.4 ja:k.8,Phonemic,obscure,,,,
17-360-407-1,luuu1242,Tai Lü,1121,sa.1 ŋat.7,Phonemic,secret,,,,
17-370-407-1,luuu1242,Tai Lü,509,ma:n.5 ti:.4 tha.1,Phonemic,"sure, certain",,,,
17-380-407-1,luuu1242,Tai Lü,1626,kɛ:.3 xai.1,Phonemic,explain,,,,
17-410-407-1,luuu1242,Tai Lü,1162,ta:.1 tɨk.8,Phonemic,"intention, purpose",,,,
17-420-407-1,luuu1242,Tai Lü,860,ho:.1 het.9,Phonemic,cause,,,,
17-430-407-1,luuu1242,Tai Lü,1308,saŋ.1 ka:.1,Phonemic,doubt,,,,
17-440-407-1,luuu1242,Tai Lü,1841,mi:.2 ti:.6 saŋ.1 ka:.1 vai.4,Phonemic,suspect,,,,
17-441-407-1,luuu1242,Tai Lü,1902,pin.3 la:ŋ.5 ta:ŋ.5 cai.1,Phonemic,betray,,,,
17-450-407-1,luuu1242,Tai Lü,643,tɔŋ.3 dai.3,Phonemic,"need, necessity",,,,
17-460-407-1,luuu1242,Tai Lü,686,ŋa:i.6,Phonemic,easy,,,,
17-470-407-1,luuu1242,Tai Lü,584,ja:k.8,Phonemic,difficult,,,,
17-470-407-3,luuu1242,Tai Lü,584,lam.4 ba:k.9,Phonemic,difficult,,,,
17-480-407-1,luuu1242,Tai Lü,1812,lɔ:.6 tɔŋ.2,Phonemic,"try, attempt",,,,
17-490-407-1,luuu1242,Tai Lü,488,vi:.4 sa:.2,Phonemic,"way, manner",,,,
17-510-407-1,luuu1242,Tai Lü,1577,lɛ.2,Phonemic,and,,,,
17-510-407-3,luuu1242,Tai Lü,1577,kap.7 taŋ.2,Phonemic,and,,,,
17-520-407-1,luuu1242,Tai Lü,1157,jɔn.4 pə:.6,Phonemic,because,,,,
17-530-407-1,luuu1242,Tai Lü,1459,se:.1 va:.6,Phonemic,if,,,,
17-540-407-1,luuu1242,Tai Lü,1014,bau.5 kɔ:.4,Phonemic,or,,,,
17-550-407-1,luuu1242,Tai Lü,1268,pin.1,Phonemic,"yes, affirmative",,,,
17-550-407-3,luuu1242,Tai Lü,1268,ca:.6,Phonemic,"yes, affirmative",,,,
17-560-407-1,luuu1242,Tai Lü,1269,bau.5 cai.6,Phonemic,"no, negative",,,,
17-610-407-1,luuu1242,Tai Lü,1239,sɨ:.5 hɨ:.2,Phonemic,how?,,,,
17-620-407-1,luuu1242,Tai Lü,822,xa.4 dai.1,Phonemic,how many?,,,,
17-630-407-1,luuu1242,Tai Lü,531,tau.6 dai.1,Phonemic,how much?,,,,
17-640-407-1,luuu1242,Tai Lü,1236,bau.5 saŋ.1,Phonemic,what?,,,,
17-650-407-1,luuu1242,Tai Lü,1238,ja:m.2 dai.1,Phonemic,when?,,,,
17-660-407-1,luuu1242,Tai Lü,1237,ti:.6 nai.1,Phonemic,where?,,,,
17-670-407-1,luuu1242,Tai Lü,727,to:.1 nai.1,Phonemic,which?,,,,
17-680-407-1,luuu1242,Tai Lü,1235,phai.1,Phonemic,who?,,,,
17-690-407-1,luuu1242,Tai Lü,1270,pin.1 bau.5 saŋ.1,Phonemic,why?,,,,
18-110-407-1,luuu1242,Tai Lü,1363,seŋ.1,Phonemic,voice,,,,
18-120-407-1,luuu1242,Tai Lü,1261,xap.7,Phonemic,sing,,,,
18-130-407-1,luuu1242,Tai Lü,715,hɔŋ.4,Phonemic,"shout, cry out",,,,
18-130-407-3,luuu1242,Tai Lü,715,ʔən.1 hɔŋ.4,Phonemic,"shout, cry out",,,,
18-150-407-1,luuu1242,Tai Lü,55,sɔp.8 sɛp.8,Phonemic,whisper,,,,
18-160-407-1,luuu1242,Tai Lü,128,sɛm.6,Phonemic,mumble,,,,
18-170-407-1,luuu1242,Tai Lü,1025,tiu.1,Phonemic,whistle,,,,
18-170-407-3,luuu1242,Tai Lü,1025,pau.5 ma:k.9 fit.9,Phonemic,whistle,,,,
18-180-407-1,luuu1242,Tai Lü,298,ʔən.1 hɔŋ.4,Phonemic,"shriek, screech",,,,
18-190-407-1,luuu1242,Tai Lü,526,xaŋ.2 sai.5,Phonemic,howl,,,,
18-210-407-1,luuu1242,Tai Lü,1623,pa:k.9,Phonemic,"speak, talk",,,,
18-210-407-3,luuu1242,Tai Lü,1623,ta:n.3,Phonemic,"speak, talk",,,,
18-211-407-1,luuu1242,Tai Lü,1866,pa:k.9 xat.8,Phonemic,"stutter, stammer",,,,
18-220-407-1,luuu1242,Tai Lü,1458,va:.6,Phonemic,say,,,,
18-221-407-1,luuu1242,Tai Lü,1711,ʔup.9 kam.2 mə:.6 kɔn.5,Phonemic,tell story,,,,
18-222-407-1,luuu1242,Tai Lü,1115,je:n.5 kja:ŋ.3,Phonemic,speech (make a),,,,
18-230-407-1,luuu1242,Tai Lü,48,bau.5 pa:k.9 bau.5 daŋ.1,Phonemic,silent (be),,,,
18-240-407-1,luuu1242,Tai Lü,1307,kam.2 pa:k.9,Phonemic,language,,,,
18-260-407-1,luuu1242,Tai Lü,1599,lik.8 to:.1,Phonemic,word,,,,
18-280-407-1,luuu1242,Tai Lü,1405,cɨ:.6,Phonemic,name,,,,
18-310-407-1,luuu1242,Tai Lü,1309,tha:m.1,Phonemic,"ask (question, inquire)",,,,
18-320-407-1,luuu1242,Tai Lü,1275,tɔp.9,Phonemic,answer,,,,
18-330-407-1,luuu1242,Tai Lü,2022,jin.5 cu:.2,Phonemic,"admit, confess",,,,
18-340-407-1,luuu1242,Tai Lü,755,bau.5 jin.5 jɔm.2,Phonemic,deny,,,,
18-350-407-1,luuu1242,Tai Lü,1828,xam.5 xɔ:.1,Phonemic,"ask, request",,,,
18-360-407-1,luuu1242,Tai Lü,1675,ʔa:.2 nu:.4 ja:t.8,Phonemic,promise,,,,
18-370-407-1,luuu1242,Tai Lü,49,bau.5 hap.6 hɔŋ.2,Phonemic,refuse,,,,
18-380-407-1,luuu1242,Tai Lü,83,ha:m.3 kak.7,Phonemic,forbid,,,,
18-390-407-1,luuu1242,Tai Lü,299,ci:.4 da:.5,Phonemic,"rebuke, scold",,,,
18-410-407-1,luuu1242,Tai Lü,1084,hɔŋ.4,Phonemic,call (=summon),,,,
18-420-407-1,luuu1242,Tai Lü,180,cɨ:.6 va:.6,Phonemic,call (=name),,,,
18-430-407-1,luuu1242,Tai Lü,9,pha.1 ka.4 ta.1,Phonemic,announce,,,,
18-440-407-1,luuu1242,Tai Lü,1192,xə:.3 tha:.2,Phonemic,threaten,,,,
18-450-407-1,luuu1242,Tai Lü,101,ʔu:.3 ʔot.9 jɔ:.2 to:.1,Phonemic,boast,,,,
18-510-407-1,luuu1242,Tai Lü,1672,tɛm.3,Phonemic,write,,,,
18-520-407-1,luuu1242,Tai Lü,724,ʔa:n.5,Phonemic,read,,,,
18-560-407-1,luuu1242,Tai Lü,648,ka.1 da:t.9,Phonemic,paper,,,,
18-570-407-1,luuu1242,Tai Lü,794,pi:.3,Phonemic,pen,,,,
18-610-407-1,luuu1242,Tai Lü,963,pɔp.8,Phonemic,book,,,,
18-670-407-1,luuu1242,Tai Lü,1045,kun.2 kot.7 kam.2 pha:.2,Phonemic,poet,,,,
18-710-407-1,luuu1242,Tai Lü,777,pi:.5,Phonemic,flute,,,,
18-720-407-1,luuu1242,Tai Lü,908,kɔŋ.1,Phonemic,drum,,,,
18-730-407-1,luuu1242,Tai Lü,2136,xa.1 ja:.5,Phonemic,"horn, trumpet",,,,
18-740-407-1,luuu1242,Tai Lü,300,seŋ.1 tam.1 kan.1,Phonemic,rattle,,,,
19-110-407-1,luuu1242,Tai Lü,1300,pha.1 tet.8,Phonemic,country,,,,
19-120-407-1,luuu1242,Tai Lü,89,ba:n.3 kət.9 məŋ.2 pin.1,Phonemic,one's native country,,,,
19-150-407-1,luuu1242,Tai Lü,1391,veŋ.2,Phonemic,"city, town",,,,
19-150-407-3,luuu1242,Tai Lü,1391,ceŋ.2,Phonemic,"city, town",,,,
19-160-407-1,luuu1242,Tai Lü,930,ba:n.3,Phonemic,village,,,,
19-170-407-1,luuu1242,Tai Lü,1010,xet.9 dɛn.1,Phonemic,boundary,,,,
19-210-407-1,luuu1242,Tai Lü,789,sen.3 kun.2,Phonemic,people (populace),,,,
19-240-407-1,luuu1242,Tai Lü,301,cau.3 xun.1,Phonemic,"chief, chieftain",,,,
19-250-407-1,luuu1242,Tai Lü,1296,xɔn.4 tau.4,Phonemic,"staff, walking stick",,,,
19-310-407-1,luuu1242,Tai Lü,1846,tha.4 luŋ.2 tɛŋ.5,Phonemic,"rule, govern",,,,
19-320-407-1,luuu1242,Tai Lü,1508,cau.3 xa.4 sɛt.7,Phonemic,"king, ruler",,,,
19-330-407-1,luuu1242,Tai Lü,1306,na:ŋ.2 te:.2 vi:.2,Phonemic,queen,,,,
19-360-407-1,luuu1242,Tai Lü,482,cau.3 na:ŋ.2,Phonemic,"noble, nobleman",,,,
19-370-407-1,luuu1242,Tai Lü,1032,phai.6,Phonemic,"citizen, subject",,,,
19-410-407-1,luuu1242,Tai Lü,383,cau.3 hən.2,Phonemic,master,,,,
19-420-407-1,luuu1242,Tai Lü,812,xa:.3 cai.4,Phonemic,slave,,,,
19-430-407-1,luuu1242,Tai Lü,255,kun.2 cai.4,Phonemic,servant,,,,
19-450-407-1,luuu1242,Tai Lü,1128,ʔa:t.9 ja:.2,Phonemic,"command, order",,,,
19-460-407-1,luuu1242,Tai Lü,1635,nap.8 thɨ:.1,Phonemic,obey,,,,
19-470-407-1,luuu1242,Tai Lü,1003,ʔa:.2 nu:.4 ja:t.8,Phonemic,"let, permit",,,,
19-510-407-1,luuu1242,Tai Lü,1325,sa.1 ha:i.1,Phonemic,"friend, companion",,,,
19-520-407-1,luuu1242,Tai Lü,1358,sɛt.7 tha.1 lu:.1,Phonemic,enemy,,,,
19-540-407-1,luuu1242,Tai Lü,1332,kai.3 kim.5 him.2 cam.1,Phonemic,neighbor,,,,
19-550-407-1,luuu1242,Tai Lü,791,kun.2 bau.5 kwɛn.5 kan.1,Phonemic,stranger,,,,
19-560-407-1,luuu1242,Tai Lü,1782,xɛk.9,Phonemic,guest,,,,
19-570-407-1,luuu1242,Tai Lü,1545,cau.3 hən.2,Phonemic,host,,,,
19-580-407-1,luuu1242,Tai Lü,1897,cɔi.6,Phonemic,"help, aid",,,,
19-590-407-1,luuu1242,Tai Lü,1550,xa:ŋ.3 hɛ:.4,Phonemic,"hinder, prevent",,,,
19-610-407-1,luuu1242,Tai Lü,1747,ja:m.3 lɨt.5,Phonemic,custom,,,,
19-620-407-1,luuu1242,Tai Lü,1848,theŋ.1 kan.1,Phonemic,"strife, quarrel",,,,
19-630-407-1,luuu1242,Tai Lü,2024,lak.8 het.8 lak.8 pɛŋ.1,Phonemic,"conspiracy, plot",,,,
19-650-407-1,luuu1242,Tai Lü,1831,pop.8 sai.5,Phonemic,meet,,,,
19-720-407-1,luuu1242,Tai Lü,1610,mɛ:.6 sa:m.1 pheŋ.2,Phonemic,prostitute,,,,
20-110-407-1,luuu1242,Tai Lü,1423,bup.7 kan.1,Phonemic,fight (vb),,,,
20-130-407-1,luuu1242,Tai Lü,579,sək.7 suŋ.1 xa:m.2,Phonemic,"war, battle",,,,
20-140-407-1,luuu1242,Tai Lü,1338,teŋ.6 nim.1,Phonemic,peace,,,,
20-150-407-1,luuu1242,Tai Lü,1561,tha:.2 ha:n.1,Phonemic,army,,,,
20-170-407-1,luuu1242,Tai Lü,1941,luk.8 sək.7,Phonemic,soldier,,,,
20-210-407-1,luuu1242,Tai Lü,951,xəŋ.6 ʔa:.2 vu:.4 tha.4,Phonemic,"weapons, arms",,,,
20-220-407-1,luuu1242,Tai Lü,1763,xɔn.4,Phonemic,club,,,,
20-230-407-1,luuu1242,Tai Lü,387,kuŋ.1 pot.7,Phonemic,sling,,,,
20-240-407-1,luuu1242,Tai Lü,994,kuŋ.1,Phonemic,bow,,,,
20-250-407-1,luuu1242,Tai Lü,977,pɨn.1,Phonemic,arrow,,,,
20-260-407-1,luuu1242,Tai Lü,945,hɔk.9,Phonemic,spear,,,,
20-270-407-1,luuu1242,Tai Lü,1535,da:p.9,Phonemic,sword,,,,
20-280-407-1,luuu1242,Tai Lü,1566,na:t.8,Phonemic,"gun, cannon",,,,
20-280-407-3,luuu1242,Tai Lü,1566,mɔk.8,Phonemic,"gun, cannon",,,,
20-340-407-1,luuu1242,Tai Lü,1064,pha:.1 la:.2,Phonemic,shield,,,,
20-350-407-1,luuu1242,Tai Lü,1938,tap.6 ʔa:i.5,Phonemic,fortress,,,,
20-360-407-1,luuu1242,Tai Lü,1671,tha:t.8,Phonemic,tower,,,,
20-410-407-1,luuu1242,Tai Lü,783,pɛ:.4,Phonemic,victory,,,,
20-420-407-1,luuu1242,Tai Lü,782,ka:n.4,Phonemic,defeat,,,,
20-430-407-1,luuu1242,Tai Lü,722,xau.3 kum.2,Phonemic,attack,,,,
20-440-407-1,luuu1242,Tai Lü,1330,fa:ŋ.4 hɛn.1,Phonemic,defend,,,,
20-450-407-1,luuu1242,Tai Lü,421,hun.1 thɔi.1,Phonemic,retreat,,,,
20-460-407-1,luuu1242,Tai Lü,1696,nɔm.4 va:i.5,Phonemic,surrender,,,,
20-470-407-1,luuu1242,Tai Lü,1072,xa:.3 sək.7,Phonemic,"captive, prisoner",,,,
20-471-407-1,luuu1242,Tai Lü,1940,tha:.2 ha:n.1,Phonemic,"guard, sentinel",,,,
20-480-407-1,luuu1242,Tai Lü,1022,xo:.2 hop.8 dai.3,Phonemic,"booty, spoils",,,,
20-490-407-1,luuu1242,Tai Lü,65,mɛp.8 tha:.3,Phonemic,ambush,,,,
20-510-407-1,luuu1242,Tai Lü,1858,pha:n.2 pa:.1,Phonemic,fisherman,,,,
20-520-407-1,luuu1242,Tai Lü,1074,xɔ:.1 bet.7,Phonemic,fishhook,,,,
20-530-407-1,luuu1242,Tai Lü,19,sa:i.1 bet.7,Phonemic,fishing line,,,,
20-540-407-1,luuu1242,Tai Lü,388,hɛ:.1 mɔŋ.2,Phonemic,fishnet,,,,
20-550-407-1,luuu1242,Tai Lü,389,sai.2 sim.2,Phonemic,fish trap,,,,
20-560-407-1,luuu1242,Tai Lü,2013,jə:.5 pa:.1,Phonemic,bait,,,,
20-610-407-1,luuu1242,Tai Lü,1435,xap.7 thən.5,Phonemic,hunt,,,,
20-620-407-1,luuu1242,Tai Lü,1172,jɨ:.2,Phonemic,shoot,,,,
20-630-407-1,luuu1242,Tai Lü,161,jɨ:.2 ca:i.4,Phonemic,miss (target),,,,
20-640-407-1,luuu1242,Tai Lü,1075,xum.1 tha:ŋ.1,Phonemic,trap (noun),,,,
20-650-407-1,luuu1242,Tai Lü,1170,sai.5 ha:u.5,Phonemic,trap (vb),,CHECK,,
21-110-407-1,luuu1242,Tai Lü,1062,ʔa:t.9 ja:.2,Phonemic,law,,,,
21-150-407-1,luuu1242,Tai Lü,1068,fa:.4 jɛn.5,Phonemic,court,,,,
21-160-407-1,luuu1242,Tai Lü,1818,tɛt.7 xa:t.9,Phonemic,judge (vb),,,,
21-170-407-1,luuu1242,Tai Lü,1067,xap.7 xeu.3 tɛt.7 pa:n.5,Phonemic,judgment,,,,
21-180-407-1,luuu1242,Tai Lü,861,fa:.4 kwa:n.6,Phonemic,judge (noun),,,,
21-210-407-1,luuu1242,Tai Lü,2020,phu:.3 fɔŋ.4 ka:u.5,Phonemic,plaintiff,,,,
21-220-407-1,luuu1242,Tai Lü,1034,phu:.3 pən.6 ka:u.5,Phonemic,defendant,,,,
21-230-407-1,luuu1242,Tai Lü,1144,phu:.3 sa.1 xi.1,Phonemic,witness,,,,
21-240-407-1,luuu1242,Tai Lü,1939,taŋ.3 pa.1 ti.1 ja:n.2,Phonemic,swear,,,,
21-250-407-1,luuu1242,Tai Lü,1712,ʔa:.2 ma.4 xa:m.5,Phonemic,oath,,,,
21-310-407-1,luuu1242,Tai Lü,1814,fɔŋ.4 ka:u.5,Phonemic,accuse,,,,
21-320-407-1,luuu1242,Tai Lü,484,ti.1 da:.5,Phonemic,condemn,,,,
21-330-407-1,luuu1242,Tai Lü,983,tɛt.7 tot.8 ta:.1,Phonemic,convict (vb),,,,
21-340-407-1,luuu1242,Tai Lü,988,tɛt.7 bau.5 mi:.2 tot.8,Phonemic,acquit,,,,
21-350-407-1,luuu1242,Tai Lü,1682,mi:.2 tot.8,Phonemic,guilty,,,,
21-360-407-1,luuu1242,Tai Lü,90,bau.5 mi:.2 tot.8,Phonemic,innocent,,,,
21-370-407-1,luuu1242,Tai Lü,390,pa:n.5 tot.8,Phonemic,"penalty, punishment",,,,
21-380-407-1,luuu1242,Tai Lü,218,mai.1 ŋɨn.2,Phonemic,fine,,,,
21-390-407-1,luuu1242,Tai Lü,1281,xɔk.8,Phonemic,"prison, jail",,,,
21-420-407-1,luuu1242,Tai Lü,845,phɔŋ.2 xa:.3,Phonemic,murder,,,,
21-430-407-1,luuu1242,Tai Lü,902,lak.8 su:.3 kan.1,Phonemic,adultery,,,,
21-440-407-1,luuu1242,Tai Lü,953,kan.4 su:.3,Phonemic,rape,,,,
21-460-407-1,luuu1242,Tai Lü,1889,ci.1 lau.2 phau.1 mai.3,Phonemic,arson,,,,
21-470-407-1,luuu1242,Tai Lü,1792,sa.1 xi.1 kɛk.7,Phonemic,perjury,,,,
21-510-407-1,luuu1242,Tai Lü,713,lak.8,Phonemic,steal,,,,
21-520-407-1,luuu1242,Tai Lü,1160,lu:.6 ciŋ.2,Phonemic,thief,,,,
22-110-407-1,luuu1242,Tai Lü,661,sa:.1 sa.1 na:.2,Phonemic,religion,,,,
22-130-407-1,luuu1242,Tai Lü,911,hoŋ.2 sut.9,Phonemic,"temple, church",,,,
22-130-407-3,luuu1242,Tai Lü,911,vat.8,Phonemic,"temple, church",,,,
22-140-407-1,luuu1242,Tai Lü,853,ha:ŋ.3 teu.2 va.4 da:.1,Phonemic,altar,,,,
22-150-407-1,luuu1242,Tai Lü,1103,xɔŋ.1 leŋ.4 phi:.1,Phonemic,"sacrifice, offering",,,,
22-160-407-1,luuu1242,Tai Lü,257,thɨ:.1,Phonemic,worship,,,,
22-170-407-1,luuu1242,Tai Lü,24,pha:.2 va.4 na:.2,Phonemic,pray,,,,
22-190-407-1,luuu1242,Tai Lü,1702,vi:.4 set.9,Phonemic,"holy, sacred",,,,
22-220-407-1,luuu1242,Tai Lü,304,sɔn.1 tham.2,Phonemic,preach,,,,
22-230-407-1,luuu1242,Tai Lü,391,hak.8 sa:.1,Phonemic,bless,,,,
22-240-407-1,luuu1242,Tai Lü,8,sa:m.3 pɔi.3,Phonemic,curse,,,,
22-260-407-1,luuu1242,Tai Lü,303,kam.1,Phonemic,fast (vb),,,,
22-310-407-1,luuu1242,Tai Lü,1565,xoŋ.2 sa.1 van.1,Phonemic,heaven,,,,
22-320-407-1,luuu1242,Tai Lü,878,mɔ:.3 ma.4 na:.4 hok.8,Phonemic,hell,,,,
22-350-407-1,luuu1242,Tai Lü,1973,phi:.1 jak.8,Phonemic,demon (evil spirit),,,,
22-370-407-1,luuu1242,Tai Lü,1945,hop.8 mak.8,Phonemic,idol,,,,
22-420-407-1,luuu1242,Tai Lü,392,ja:ŋ.5 lɛ:.2,Phonemic,"magic, witchcraft, sorcery",,,,
22-420-407-3,luuu1242,Tai Lü,392,sa:t.9 sin.1,Phonemic,"magic, witchcraft, sorcery",,,,
22-430-407-1,luuu1242,Tai Lü,2137,pɔ:.6 ti:.6 naŋ.6,Phonemic,"sorcerer, witch",,,,
22-430-407-3,luuu1242,Tai Lü,2137,mɛ:.6 ti:.6 naŋ.6,Phonemic,"sorcerer, witch",,,,
22-440-407-1,luuu1242,Tai Lü,2138,teu.2 va.4 but.7 teu.2 va.4 da:.1,Phonemic,"fairy, elf",,,,
22-450-407-1,luuu1242,Tai Lü,1175,phi:.1 phə:.4 phi:.1 pha:i.2,Phonemic,"ghost, phantom",,,,
22-470-407-1,luuu1242,Tai Lü,107,het.9 na:u.2,Phonemic,"omen, portent",,,,
