ID,Language_ID,Language_name,Parameter_ID,Value,Transcription,Concept,Source,Comment,AlternativeValue,AlternativeTranscription
14-320-285-1,movi1243,Movima,1852,čon̉,Phonemic,often,judy1962,,,
14-310-285-1,movi1243,Movima,1676,hem-piteɬ,Phonemic,always,judy1962,,,
14-290-285-1,movi1243,Movima,790,loi-ʔi,Phonemic,ready,judy1962,,,
14-280-285-1,movi1243,Movima,1928,ah-teʔe,Phonemic,"cease, stop",judy1962,,,
14-270-285-1,movi1243,Movima,1766,ɓa-lomah,Phonemic,finish,judy1962,Various examples of completion: ɓa-ɬaβih 'finish bathing'; ɓa-wahuʔu 'finish weeding garden/field'; ɓa-ɓu 'finish eating'; hoi-ra-ni 'a finished construction'.,,
14-260-285-1,movi1243,Movima,743,ya-lomah,Phonemic,end (temporal),judy1962,,,
14-252-285-1,movi1243,Movima,1186,ɗi-ra,Phonemic,"last, endure",judy1962,,,
14-250-285-1,movi1243,Movima,1806,ɓan̉-win̉,Phonemic,"begin, beginning",judy1962,,,
14-240-285-1,movi1243,Movima,425,aya-na,Phonemic,"retard, delay",judy1962,,,
14-230-285-1,movi1243,Movima,754,ɗin̉-ka-ye,Phonemic,"hasten, hurry",judy1962,,,
14-220-285-1,movi1243,Movima,701,hi-ɓal,Phonemic,slow,judy1962,,,
14-210-285-1,movi1243,Movima,1631,so-rin̉,Phonemic,"swift, fast, quick",judy1962,"ɗin̉-to-kʷi is a 'fast runner'. Also cf. 'hasten, hurry' 14.230.",,
14-190-285-1,movi1243,Movima,1963,yaʔ-ɬe,Phonemic,immediately,judy1962,,,
14-180-285-1,movi1243,Movima,1376,al-ka-βa,Phonemic,now,judy1962,Means 'right now'. Also no-ko-wa 'now or shortly'. Also see 'soon' 14.351.,,
14-170-285-1,movi1243,Movima,477,po-la,Phonemic,late,judy1962,"Also hum-lo 'late, behind time'.",,
14-160-285-1,movi1243,Movima,672,po-ra-ka,Phonemic,early,judy1962,,,
14-150-285-1,movi1243,Movima,1229,ɓi-hau,Phonemic,old,judy1962,,,
14-140-285-1,movi1243,Movima,1207,o-βe-ni,Phonemic,young,judy1962,,,
14-120-285-1,movi1243,Movima,1789,han-ka-tinnonaʔ-kʷi,Phonemic,age,judy1962,,,
14-130-285-1,movi1243,Movima,1231,pola-ra,Phonemic,new,judy1962,,,
13-440-285-1,movi1243,Movima,417,tas-lomah,Phonemic,three times,judy1962,,,
13-420-285-1,movi1243,Movima,1859,tas-ra-ni-nira,Phonemic,third,judy1962,,,
13-380-285-1,movi1243,Movima,1546,oi-lomah,Phonemic,two times,judy1962,,,
13-370-285-1,movi1243,Movima,1888,sotaʔ-to-βah,Phonemic,pair,judy1962,,,
13-360-285-1,movi1243,Movima,1384,oi-ra-ni-nira,Phonemic,second,judy1962,,,
13-350-285-1,movi1243,Movima,1529,yaʔ-ko,Phonemic,last,judy1962,Also ho-kʷan.,,
13-340-285-1,movi1243,Movima,728,nai-či,Phonemic,first,judy1962,,,
13-330-285-1,movi1243,Movima,1580,sokaʔ-te,Phonemic,"alone, only",judy1962,,,
13-240-285-1,movi1243,Movima,816,tam-pin̉,Phonemic,half,judy1962,,,
13-230-285-1,movi1243,Movima,779,ɓei-ka-ra,Phonemic,"part, piece",judy1962,,,
13-220-285-1,movi1243,Movima,1624,hem-me,Phonemic,empty,judy1962,,,
13-210-285-1,movi1243,Movima,1429,ɗol-ra,Phonemic,full,judy1962,,,
13-190-285-1,movi1243,Movima,2023,ka-we,Phonemic,"multitude, crowd",judy1962,,,
13-181-285-1,movi1243,Movima,1241,kaka-ra,Phonemic,some,judy1962,,,
13-170-285-1,movi1243,Movima,1242,ɓei-ra,Phonemic,"little (quantity), few",judy1962,,,
13-180-285-1,movi1243,Movima,1881,mana-ra,Phonemic,enough,judy1962,,,
13-160-285-1,movi1243,Movima,1992,ɗo-čiʔi,Phonemic,more,judy1962,,,
13-150-285-1,movi1243,Movima,1198,kau-ra,Phonemic,"much, many",judy1962,,,
13-140-285-1,movi1243,Movima,98,ɓa-ra,Phonemic,"every, all",judy1962,,,
13-107-285-1,movi1243,Movima,1420,paʔ-na,Phonemic,count,judy1962,,,
13-50-285-1,movi1243,Movima,493,[sinko],Phonemic,five,judy1962,From Span. 'cinco'. Numbers 'five' and above are borrowed from Span.,,
13-40-285-1,movi1243,Movima,1500,oi-ka-ra,Phonemic,four,judy1962,,,
13-20-285-1,movi1243,Movima,1498,oi-ra,Phonemic,two,judy1962,,,
13-30-285-1,movi1243,Movima,492,tas-ra,Phonemic,three,judy1962,,,
13-10-285-1,movi1243,Movima,1493,sotaʔ-ra,Phonemic,one,judy1962,,,
12-930-285-1,movi1243,Movima,1264,ɓon̉-ra,Phonemic,change,judy1962,,,
12-920-285-1,movi1243,Movima,1558,im-kara-ni,Phonemic,"like, similar",judy1962,,,
12-840-285-1,movi1243,Movima,1048,ɗaβul-ɗi,Phonemic,line,judy1962,,,
12-850-285-1,movi1243,Movima,1667,raɬ-čočo,Phonemic,hole,judy1962,siɬ-kʷa is a 'hole in the ground'.,,
12-830-285-1,movi1243,Movima,1845,[pelota],Phonemic,"sphere, ball",judy1962,From Span. 'pelota'.,,
12-810-285-1,movi1243,Movima,1395,ha-pil,Phonemic,round,judy1962,,,
12-820-285-1,movi1243,Movima,1467,ha-pil-na,Phonemic,circle,judy1962,,,
12-770-285-1,movi1243,Movima,1367,toʔ-piɬe,Phonemic,cross,judy1962,"Means, e.g. 'cross to the other side of a river or lake'.",,
12-760-285-1,movi1243,Movima,192,to-čiči,Phonemic,corner,judy1962,,,
12-750-285-1,movi1243,Movima,1071,hah-ɬe,Phonemic,hook,judy1962,,,
12-740-285-1,movi1243,Movima,297,hapa-ɬe,Phonemic,crooked,judy1962,,,
12-730-285-1,movi1243,Movima,1404,čon-lo,Phonemic,straight,judy1962,,,
12-710-285-1,movi1243,Movima,1633,im-kaka-wah-ni,Phonemic,flat,judy1962,,,
12-680-285-1,movi1243,Movima,193,te-si,Phonemic,shallow,judy1962,,,
12-670-285-1,movi1243,Movima,1593,ku-si,Phonemic,deep,judy1962,,,
12-650-285-1,movi1243,Movima,2249,so-roi-ni,Phonemic,thin (in dimension),judy1962,,,
12-630-285-1,movi1243,Movima,1244,ɗu-yuʔu,Phonemic,thick (in dimension),judy1962,,,
12-620-285-1,movi1243,Movima,1267,to-čiʔ-čo,Phonemic,narrow,judy1962,,,
12-610-285-1,movi1243,Movima,1243,pou-čo,Phonemic,"wide, broad",judy1962,,,
12-590-285-1,movi1243,Movima,1645,te-ɗes,Phonemic,short,judy1962,,,
12-580-285-1,movi1243,Movima,711,ku-ɗes,Phonemic,tall,judy1962,,,
12-570-285-1,movi1243,Movima,1203,ku-ra,Phonemic,long,judy1962,,,
12-560-285-1,movi1243,Movima,1246,to-čiʔi,Phonemic,"small, little",judy1962,,,
12-550-285-1,movi1243,Movima,1202,mereʔe,Phonemic,"large, big",judy1962,,,
12-540-285-1,movi1243,Movima,1506,paʔ-na,Phonemic,measure,judy1962,Also means 'weigh' 11.920.,,
12-530-285-1,movi1243,Movima,479,ɓihau-ni,Phonemic,grow,judy1962,,,
12-480-285-1,movi1243,Movima,1595,ku-hui,Phonemic,south,judy1962,,,
12-470-285-1,movi1243,Movima,1598,čoi-muh,Phonemic,north,judy1962,,,
12-430-285-1,movi1243,Movima,1942,su-we,Phonemic,near (adv),judy1962,,,
12-440-285-1,movi1243,Movima,1406,kiʔ-lah,Phonemic,far (adv),judy1962,,,
12-420-285-1,movi1243,Movima,244,ho-li,Phonemic,left (side),judy1962,,,
12-410-285-1,movi1243,Movima,1019,čo-ni,Phonemic,right (side),judy1962,,,
12-370-285-1,movi1243,Movima,1093,tam-pin̉-ni,Phonemic,"middle, center",judy1962,,,
12-360-285-1,movi1243,Movima,682,toma-haʔa,Phonemic,side,judy1962,,,
12-353-285-1,movi1243,Movima,863,tori-ɗi,Phonemic,edge,judy1962,,,
12-352-285-1,movi1243,Movima,372,peʔ-res,Phonemic,pointed,judy1962,,,
12-350-285-1,movi1243,Movima,742,ka-ɗeʔe,Phonemic,end,judy1962,"Also ya-pa-na 'as far as it goes'. See also ya- 'end, limit indicator' in 'bottom' 12.340; 'last' 13.350; and 'end (temporal)' 14. 260.",,
12-340-285-1,movi1243,Movima,690,ya-si-ni-wa,Phonemic,bottom,judy1962,The morpheme ya- means 'end limit indicator'.,,
12-320-285-1,movi1243,Movima,721,yan̉-lo,Phonemic,low,judy1962,"Also means 'down, below' 12.030.",,
12-330-285-1,movi1243,Movima,1753,čuru-ɗuʔu,Phonemic,top,judy1962,,,
12-310-285-1,movi1243,Movima,1265,ku-ɗes,Phonemic,high,judy1962,,,
12-270-285-1,movi1243,Movima,602,kʷala-ra,Phonemic,"hide, conceal",judy1962,,,
12-250-285-1,movi1243,Movima,1046,poʔ-na,Phonemic,"shut, close",judy1962,,,
12-260-285-1,movi1243,Movima,761,ɓoʔwe-na,Phonemic,cover,judy1962,A 'cloud cover' is ro-ka-ɬe.,,
12-240-285-1,movi1243,Movima,1156,kel-na,Phonemic,open,judy1962,,,
12-232-285-1,movi1243,Movima,1119,al-ka-čo-waniɬ-na,Phonemic,divide,judy1962,,,
12-230-285-1,movi1243,Movima,1359,sotah-na,Phonemic,separate,judy1962,,,
12-220-285-1,movi1243,Movima,1743,in̉-na,Phonemic,"join, unite",judy1962,,,
12-213-285-1,movi1243,Movima,1576,sotaʔ-loɓa-na,Phonemic,pile up,judy1962,,,
12-212-285-1,movi1243,Movima,371,wai-na,Phonemic,pick up,judy1962,,,
12-210-285-1,movi1243,Movima,7,kul-na,Phonemic,"collect, gather",judy1962,,,
12-170-285-1,movi1243,Movima,838,pun̉-ra-ni,Phonemic,"remains, left overs",judy1962,,,
12-160-285-1,movi1243,Movima,987,ela-ye,Phonemic,"remain, stay",judy1962,,,
12-150-285-1,movi1243,Movima,1442,en-čeɬ,Phonemic,stand,judy1962,,,
12-140-285-1,movi1243,Movima,215,ɗe-čeɬ,Phonemic,lie down,judy1962,,,
12-130-285-1,movi1243,Movima,1416,as-čeɬ,Phonemic,sit,judy1962,Cf. 'house' 07.120.,,
12-120-285-1,movi1243,Movima,998,ɓan̉-na,Phonemic,put,judy1962,,,
12-110-285-1,movi1243,Movima,723,as-kʷaʔa,Phonemic,place,judy1962,,,
12-80-285-1,movi1243,Movima,1591,[ariwa],Phonemic,"up, above",judy1962,From Span. 'arriba'.,,
12-70-285-1,movi1243,Movima,1485,ɗai-ko,Phonemic,under,judy1962,,,
12-60-285-1,movi1243,Movima,762,ɓan̉-kʷan-ɬe,Phonemic,outside,judy1962,,,
12-50-285-1,movi1243,Movima,1606,čo-ɗowi,Phonemic,"inside, in",judy1962,,,
12-41-285-1,movi1243,Movima,1883,em-ɓura-ɗaʔa,Phonemic,front,judy1962,,,
12-40-285-1,movi1243,Movima,1882,ɓu-raɗa,Phonemic,before,judy1962,,,
12-30-285-1,movi1243,Movima,2094,yan̉-lo,Phonemic,"down, below",judy1962,,,
12-20-285-1,movi1243,Movima,1816,al-pan-ɬe,Phonemic,beside,judy1962,,,
12-11-285-1,movi1243,Movima,1686,mo-sisi,Phonemic,behind,judy1962,,,
12-10-285-1,movi1243,Movima,1685,hai-ɬe,Phonemic,after,judy1962,,,
11-920-285-1,movi1243,Movima,1098,paʔ-na,Phonemic,weigh,judy1962,Also means 'measure' 12.540.,,
11-910-285-1,movi1243,Movima,884,kʷahe-na,Phonemic,share (distribute),judy1962,,,
11-890-285-1,movi1243,Movima,1887,ɓei-rim-eɬ,Phonemic,cheap,judy1962,,,
11-880-285-1,movi1243,Movima,1426,ɗin̉-rim-eɬ,Phonemic,"dear (costly, expensive)",judy1962,,,
11-870-285-1,movi1243,Movima,657,čon-rim-eɬ,Phonemic,price,judy1962,,,
11-860-285-1,movi1243,Movima,752,[tienɗa],Phonemic,"store, shop",judy1962,From Span. 'tienda'.,,
11-850-285-1,movi1243,Movima,633,rim-ɬe-karim-wanas,Phonemic,market (place),judy1962,,,
11-840-285-1,movi1243,Movima,1082,rim-a-ɬe-pa,Phonemic,merchant,judy1962,,,
11-830-285-1,movi1243,Movima,2135,ɓau-ra-na,Phonemic,"trade, barter",judy1962,,,
11-820-285-1,movi1243,Movima,1571,rim-a-ɬe,Phonemic,sell,judy1962,,,
11-810-285-1,movi1243,Movima,1869,rim-eɬ-na,Phonemic,buy,judy1962,,,
11-790-285-1,movi1243,Movima,733,ɓaʔ-kʷi,Phonemic,earn,judy1962,,,
11-780-285-1,movi1243,Movima,1122,ɓau-ra,Phonemic,wages,judy1962,,,
11-770-285-1,movi1243,Movima,856,čina-čo-čaye,Phonemic,hire,judy1962,,,
11-690-285-1,movi1243,Movima,873,[multa],Phonemic,"tax, tribute",judy1962,From Span. 'multa'.,,
11-660-285-1,movi1243,Movima,1081,heyaʔa,Phonemic,"account, reckoning",judy1962,,,
11-650-285-1,movi1243,Movima,718,ɓawa-ra,Phonemic,pay (vb),judy1962,,,
11-640-285-1,movi1243,Movima,1914,ɓawa-ɓawa-ra,Phonemic,debt,judy1962,,,
11-630-285-1,movi1243,Movima,369,ɓawa-ɓawa-ra,Phonemic,owe,judy1962,,,
11-620-285-1,movi1243,Movima,1823,ɓote-poh-na,Phonemic,borrow,judy1962,,,
11-610-285-1,movi1243,Movima,582,ɓo-te,Phonemic,lend,judy1962,,,
11-540-285-1,movi1243,Movima,1774,ui-yei-na,Phonemic,"avaricious, stingy",judy1962,,,
11-520-285-1,movi1243,Movima,1674,kʷah-pa,Phonemic,poor,judy1962,,,
11-510-285-1,movi1243,Movima,712,[riko],Phonemic,rich,judy1962,From Span. 'rico'.,,
11-440-285-1,movi1243,Movima,1867,[real],Phonemic,coin,judy1962,From Span. 'real'.,,
11-430-285-1,movi1243,Movima,1559,[polata],Phonemic,money,judy1962,From Span. 'plata (silver)'.,,
11-340-285-1,movi1243,Movima,1095,nana-ra,Phonemic,"release, let go",judy1962,,,
11-330-285-1,movi1243,Movima,1660,kʷale-na,Phonemic,lose,judy1962,,,
11-320-285-1,movi1243,Movima,719,duma-ye,Phonemic,find,judy1962,,,
11-310-285-1,movi1243,Movima,1468,sal-na,Phonemic,"seek, look for",judy1962,,,
11-280-285-1,movi1243,Movima,44,kea-ra-na,Phonemic,"harm, injure, damage",judy1962,,,
11-270-285-1,movi1243,Movima,681,ɓa-ka-lomah-na,Phonemic,destroy,judy1962,,,
11-250-285-1,movi1243,Movima,2008,toka-yah-na,Phonemic,"save, rescue",judy1962,,,
11-240-285-1,movi1243,Movima,1997,aya-ye-na,Phonemic,"preserve, look after",judy1962,,,
11-220-285-1,movi1243,Movima,85,čonah-na,Phonemic,give back,judy1962,,,
11-210-285-1,movi1243,Movima,1447,kaya-ɬe,Phonemic,give,judy1962,Also el-a-na 'to give a gift'.,,
11-180-285-1,movi1243,Movima,738,ko-wa,Phonemic,thing,judy1962,Refers to a thing in view of the speaker.,,
11-170-285-1,movi1243,Movima,1477,ah-pa-na,Phonemic,"keep, retain",judy1962,,,
11-160-285-1,movi1243,Movima,694,ɓaʔ-kʷi,Phonemic,"get, obtain",judy1962,,,
11-150-285-1,movi1243,Movima,1448,eu-na,Phonemic,hold,judy1962,,,
11-140-285-1,movi1243,Movima,2021,wai-pa,Phonemic,"seize, grasp",judy1962,,,
11-130-285-1,movi1243,Movima,1749,sui-na,Phonemic,take,judy1962,,,
11-120-285-1,movi1243,Movima,684,ninɬ-niɬ-na,Phonemic,"own, possess",judy1962,,,
11-110-285-1,movi1243,Movima,773,ninin-ɬa,Phonemic,have,judy1962,,,
10-920-285-1,movi1243,Movima,1922,ɗita-βe,Phonemic,land (vb),judy1962,,,
10-910-285-1,movi1243,Movima,610,to-kʷikʷi,Phonemic,"harbor, port",judy1962,,,
10-852-285-1,movi1243,Movima,1849,saya-βe,Phonemic,row (vb),judy1962,,,
10-851-285-1,movi1243,Movima,234,sala-ye-ɗo,Phonemic,paddle (noun),judy1962,,,
10-831-285-1,movi1243,Movima,1970,huβe,Phonemic,canoe,judy1962,Also čon-βe-niwa 'travel by canoe'.,,
10-830-285-1,movi1243,Movima,1844,[barko],Phonemic,boat,judy1962,From Span. 'barco',,
10-750-285-1,movi1243,Movima,122,[kareta],Phonemic,"carriage, wagon, cart",judy1962,From Span. 'carreta'.,,
10-720-285-1,movi1243,Movima,2252,to-waneɬ,Phonemic,path,judy1962,,,
10-710-285-1,movi1243,Movima,667,pai-towa,Phonemic,road,judy1962,,,
10-670-285-1,movi1243,Movima,1452,use-ɬe,Phonemic,"push, shove",judy1962,,,
10-660-285-1,movi1243,Movima,367,as-poye-ɬe,Phonemic,ride,judy1962,,,
10-650-285-1,movi1243,Movima,741,tuka-ɬe,Phonemic,drive,judy1962,"Drive from behind, i.e. 'herd', used of children or animals. tuka-boh is 'pilot a canoe'.",,
10-640-285-1,movi1243,Movima,43,onah-ɬe-na,Phonemic,lead (vb),judy1962,,,
10-630-285-1,movi1243,Movima,1127,ho-paye-na,Phonemic,send,judy1962,,,
10-620-285-1,movi1243,Movima,692,hiwa-ɬe-na,Phonemic,bring,judy1962,Also hala 'hand to me'.,,
10-615-285-1,movi1243,Movima,415,ɬi-na,Phonemic,carry-underarm,judy1962,,,
10-614-285-1,movi1243,Movima,414,ha-karim,Phonemic,carry-on-head,judy1962,,,
10-613-285-1,movi1243,Movima,413,hoya-ɬe,Phonemic,carry-on-shoulder,judy1962,,,
10-612-285-1,movi1243,Movima,412,ɬi-na,Phonemic,carry-in-hand,judy1962,,,
10-610-285-1,movi1243,Movima,700,pen̉-na,Phonemic,carry (bear),judy1962,,,
10-570-285-1,movi1243,Movima,749,am-on,Phonemic,enter,judy1962,,,
10-560-285-1,movi1243,Movima,1778,nen-kʷa-niwa,Phonemic,approach,judy1962,Also naɬ-na 'come close to'.,,
10-550-285-1,movi1243,Movima,1387,hoʔ-yah,Phonemic,"reach, arrive",judy1962,,,
10-530-285-1,movi1243,Movima,1047,kʷeya-seɬ-na,Phonemic,pursue,judy1962,,,
10-520-285-1,movi1243,Movima,1085,kʷei-na,Phonemic,follow,judy1962,,,
10-510-285-1,movi1243,Movima,956,hai-wane-ɬe,Phonemic,flee,judy1962,,,
10-491-285-1,movi1243,Movima,485,ɗe-wahaʔa,Phonemic,disappear,judy1962,,,
10-490-285-1,movi1243,Movima,1752,nan-ɗuʔ-wa,Phonemic,"go away, depart",judy1962,,,
10-481-285-1,movi1243,Movima,581,sal-moɬ,Phonemic,come back,judy1962,,,
10-480-285-1,movi1243,Movima,1446,hi-wawa,Phonemic,come,judy1962,,,
10-474-285-1,movi1243,Movima,1107,čiči,Phonemic,go out,judy1962,,,
10-473-285-1,movi1243,Movima,2014,tam̉-ɓa-ɬe,Phonemic,go down,judy1962,,,
10-472-285-1,movi1243,Movima,1102,wele-ɬe,Phonemic,climb,judy1962,,,
10-470-285-1,movi1243,Movima,695,hoi-wa,Phonemic,go,judy1962,,,
10-471-285-1,movi1243,Movima,705,wele-ɬe,Phonemic,go up,judy1962,,,
10-460-285-1,movi1243,Movima,1519,hayi,Phonemic,run,judy1962,,,
10-451-285-1,movi1243,Movima,366,tes-čeɬ,Phonemic,limp,judy1962,,,
10-450-285-1,movi1243,Movima,1443,i-lo-ni,Phonemic,walk,judy1962,,,
10-440-285-1,movi1243,Movima,1879,telo,Phonemic,dance,judy1962,,,
10-431-285-1,movi1243,Movima,1135,ɬeke-ɬe,Phonemic,kick,judy1962,,,
10-430-285-1,movi1243,Movima,1829,ɗes-čeɬ,Phonemic,"jump, leap",judy1962,,,
10-420-285-1,movi1243,Movima,1324,ka-čin̉-ni,Phonemic,"slide, slip",judy1962,,,
10-413-285-1,movi1243,Movima,296,wa-ɗul-pin̉,Phonemic,crouch,judy1962,,,
10-412-285-1,movi1243,Movima,66,en-či-na-mo,Phonemic,kneel,judy1962,,,
10-410-285-1,movi1243,Movima,96,wel-čo,Phonemic,"creep, crawl",judy1962,,,
10-380-285-1,movi1243,Movima,175,ha-βuɬ-na,Phonemic,blow,judy1962,,,
10-370-285-1,movi1243,Movima,1441,ha-βuh-ɓuʔu,Phonemic,fly (vb),judy1962,,,
10-352-285-1,movi1243,Movima,365,rupe-ɬe,Phonemic,splash,judy1962,,,
10-351-285-1,movi1243,Movima,119,lum̉-lum̉,Phonemic,dive,judy1962,,,
10-350-285-1,movi1243,Movima,1439,ko-ma-lo,Phonemic,swim,judy1962,,,
10-340-285-1,movi1243,Movima,1574,pam̉-pam̉,Phonemic,float,judy1962,,,
10-330-285-1,movi1243,Movima,1088,ya-ɓa-kʷa,Phonemic,sink,judy1962,,,
10-320-285-1,movi1243,Movima,2003,sa-βau-tiʔi,Phonemic,flow,judy1962,,,
10-260-285-1,movi1243,Movima,1909,lirih-na,Phonemic,shake,judy1962,,,
10-252-285-1,movi1243,Movima,702,yon̉-na,Phonemic,catch (ball),judy1962,,,
10-250-285-1,movi1243,Movima,1456,haran̉-na,Phonemic,throw,judy1962,,,
10-240-285-1,movi1243,Movima,2253,či-lolo,Phonemic,drip,judy1962,,,
10-230-285-1,movi1243,Movima,1280,tam̉-βos-eɬ,Phonemic,fall,judy1962,,,
10-220-285-1,movi1243,Movima,501,pota-mo,Phonemic,"raise, lift",judy1962,,,
10-210-285-1,movi1243,Movima,568,ɗeʔ-ɬeɬe,Phonemic,rise,judy1962,Also poʔmo 'to rise'. See also ta-ra 04.630 'to awaken and rise'.,,
10-170-285-1,movi1243,Movima,430,yon̉-čeɬ,Phonemic,twist,judy1962,Intransitive. Also ɗa-moi-na 'transitive'.,,
10-160-285-1,movi1243,Movima,808,tata-βos-eɬ-na,Phonemic,drop (vb),judy1962,,,
10-150-285-1,movi1243,Movima,827,pila-čo,Phonemic,roll,judy1962,,,
10-140-285-1,movi1243,Movima,1113,sum̉-na,Phonemic,"wind, wrap",judy1962,,,
10-130-285-1,movi1243,Movima,1445,ɗa-pil-na,Phonemic,turn around,judy1962,Also sa-pil-čo 'turn completely around'; βol-ye 'turn the head'; ha-pil-na 'turn in a circle' 12.820.,,
10-120-285-1,movi1243,Movima,1588,βola-čo,Phonemic,turn over,judy1962,,,
10-110-285-1,movi1243,Movima,765,i-ye-ni,Phonemic,move,judy1962,,,
9-890-285-1,movi1243,Movima,2001,[pintar]-na,Phonemic,paint (vb),judy1962,From Span. 'pintar' + -na 'trans.'.,,
9-880-285-1,movi1243,Movima,647,[pintura],Phonemic,paint (noun),judy1962,From Span. 'pintura'.,,
9-810-285-1,movi1243,Movima,228,ɗase-ɬe,Phonemic,carve,judy1962,,,
9-791-285-1,movi1243,Movima,360,hum̉-čeɬ,Phonemic,fan (vb),judy1962,,,
9-790-285-1,movi1243,Movima,1971,hum̉-wanra-ni,Phonemic,fan (noun),judy1962,,,
9-770-285-1,movi1243,Movima,195,powol,Phonemic,mat,judy1962,,,
9-760-285-1,movi1243,Movima,1539,sam-res-mo,Phonemic,basket,judy1962,,,
9-750-285-1,movi1243,Movima,1729,sama-ɗin-ɬeu,Phonemic,"weave, plait",judy1962,,,
9-730-285-1,movi1243,Movima,1399,ɓuɓun̉-kʷa,Phonemic,clay,judy1962,Also means 'mud' 01.214.,,
9-720-285-1,movi1243,Movima,289,paya-ɓa,Phonemic,mold (clay etc),judy1962,,,
9-710-285-1,movi1243,Movima,359,paya-ɓa-pa,Phonemic,potter,judy1962,,,
9-670-285-1,movi1243,Movima,621,[hiyero],Phonemic,iron,judy1962,From Span. 'hierro'.,,
9-650-285-1,movi1243,Movima,759,[polata],Phonemic,silver,judy1962,From Span. 'plata'.,,
9-640-285-1,movi1243,Movima,1369,[oro],Phonemic,gold,judy1962,From Span. 'oro'.,,
9-500-285-1,movi1243,Movima,502,[kalaβo],Phonemic,nail,judy1962,From Span. 'clavo'.,,
9-490-285-1,movi1243,Movima,1481,[martiyo],Phonemic,hammer,judy1962,From Span. 'martillo'.,,
9-480-285-1,movi1243,Movima,1948,hiɬ-ka-pin̉-na,Phonemic,saw,judy1962,,,
9-460-285-1,movi1243,Movima,1501,raɬa-čo,Phonemic,bore,judy1962,,,
9-440-285-1,movi1243,Movima,1840,en-poh-na,Phonemic,build,judy1962,Lit. 'to put up' or 'cause to stand'. Also roya-tiʔi 'house-building'.,,
9-430-285-1,movi1243,Movima,1042,roya-pa,Phonemic,carpenter,judy1962,Lit. 'house-builder'.,,
9-380-285-1,movi1243,Movima,245,pupu-mo,Phonemic,broom,judy1962,,,
9-360-285-1,movi1243,Movima,1453,loh-na,Phonemic,wash,judy1962,,,
9-370-285-1,movi1243,Movima,230,pula-čo,Phonemic,sweep,judy1962,,,
9-350-285-1,movi1243,Movima,1487,yeɬ-na,Phonemic,pour,judy1962,,,
9-343-285-1,movi1243,Movima,1414,roma-lo,Phonemic,"squeeze, wring",judy1962,,,
9-342-285-1,movi1243,Movima,1913,roma-čo,Phonemic,press,judy1962,,,
9-341-285-1,movi1243,Movima,357,oɬa-ɬe,Phonemic,hang up,judy1962,,,
9-340-285-1,movi1243,Movima,38,pasin̉-na,Phonemic,spread out,judy1962,,,
9-330-285-1,movi1243,Movima,1455,ɬowe-ɬe,Phonemic,pull,judy1962,,,
9-320-285-1,movi1243,Movima,214,ɬowa-pin̉,Phonemic,stretch,judy1962,,,
9-310-285-1,movi1243,Movima,1449,hus-na,Phonemic,"rub, wipe",judy1962,,,
9-290-285-1,movi1243,Movima,291,tos-ɓen̉-na,Phonemic,"flay, skin",judy1962,Cf. 'skin' 04.120.,,
9-280-285-1,movi1243,Movima,1735,peɬa-čo-na,Phonemic,tear,judy1962,,,
9-270-285-1,movi1243,Movima,1437,oi-ka-pin̉,Phonemic,split,judy1962,,,
9-261-285-1,movi1243,Movima,588,ruh-ra,Phonemic,broken,judy1962,,,
9-260-285-1,movi1243,Movima,680,kan̉-ka-čo-na,Phonemic,break,judy1962,,,
9-250-285-1,movi1243,Movima,677,lai-ɬa,Phonemic,ax,judy1962,,,
9-240-285-1,movi1243,Movima,356,[tihera],Phonemic,"scissors, shears",judy1962,From Span. 'tijeras'.,,
9-230-285-1,movi1243,Movima,1352,ka-či-ra,Phonemic,knife,judy1962,,,
9-223-285-1,movi1243,Movima,1434,čaʔ-na,Phonemic,stab,judy1962,,,
9-222-285-1,movi1243,Movima,155,lan̉-na,Phonemic,"chop, hew",judy1962,Also lat-e-ɬe 'chop (intrans.)'.,,
9-221-285-1,movi1243,Movima,355,lata-ɓoh,Phonemic,cut down,judy1962,,,
9-220-285-1,movi1243,Movima,1432,ɗaha-čo-na,Phonemic,cut,judy1962,,,
9-211-285-1,movi1243,Movima,354,han̉-na,Phonemic,pound with fist,judy1962,,,
9-210-285-1,movi1243,Movima,2133,ɓai-na,Phonemic,"strike (hit, beat)",judy1962,,,
9-190-285-1,movi1243,Movima,1218,ɗaβul-čo-ɗi,Phonemic,"rope, cord",judy1962,,,
9-180-285-1,movi1243,Movima,1627,[kaɗena],Phonemic,chain,judy1962,From Span. 'cadena'.,,
9-161-285-1,movi1243,Movima,352,mata-ɬe,Phonemic,untie,judy1962,,,
9-160-285-1,movi1243,Movima,1917,hama-ɬe,Phonemic,"tie, bind",judy1962,,,
9-150-285-1,movi1243,Movima,1470,ya-na-ɓa,Phonemic,fold,judy1962,,,
9-140-285-1,movi1243,Movima,2004,watul-na,Phonemic,bend,judy1962,Used for a person. Also ɗoʔ-si 'stoop'.,,
9-120-285-1,movi1243,Movima,984,tih-ka-rim,Phonemic,work,judy1962,,,
9-110-285-1,movi1243,Movima,2575,hisa-na,Phonemic,"do, make",judy1962,,,
8-980-285-1,movi1243,Movima,641,wolototo,Phonemic,mushroom,judy1962,Cf. 'earlobe' 04.221.,,
8-941-285-1,movi1243,Movima,146,ča-raye,Phonemic,sugar cane,judy1962,,,
8-931-285-1,movi1243,Movima,864,sawam-po,Phonemic,"pumpkin, squash",judy1962,,,
8-930-285-1,movi1243,Movima,411,sawam-po,Phonemic,gourd,judy1962,,,
8-920-285-1,movi1243,Movima,925,čina-ɬa,Phonemic,"tapioca, manioc, cassava",judy1962,,,
8-840-285-1,movi1243,Movima,868,pere,Phonemic,banana tree,judy1962,,,
8-830-285-1,movi1243,Movima,1126,[limo],Phonemic,citrus fruit,judy1962,From Span. 'limón'.,,
8-760-285-1,movi1243,Movima,345,lo-si-kʷa,Phonemic,sap,judy1962,,,
8-750-285-1,movi1243,Movima,1204,to-ɓen̉-kʷa,Phonemic,bark,judy1962,Cf. 'skin' 04.120.,,
8-740-285-1,movi1243,Movima,409,čaʔ-ɬa,Phonemic,forked branch,judy1962,,,
8-730-285-1,movi1243,Movima,344,ɓoɓoh-kʷa,Phonemic,tree trunk,judy1962,,,
8-720-285-1,movi1243,Movima,241,ɗuɗuɬ-kʷa,Phonemic,tree stump,judy1962,Same as 'root' 08.540.,,
8-690-285-1,movi1243,Movima,1689,[sekaru]-na,Phonemic,smoke (tobacco),judy1962,From Span. 'cigarro'.,,
8-680-285-1,movi1243,Movima,974,yoma-ris,Phonemic,tobacco,judy1962,,,
8-600-285-1,movi1243,Movima,906,koʔo,Phonemic,tree,judy1962,,,
8-570-285-1,movi1243,Movima,239,morin-kʷa,Phonemic,flower,judy1962,,,
8-560-285-1,movi1243,Movima,628,loran-kʷa,Phonemic,leaf,judy1962,,,
8-550-285-1,movi1243,Movima,1531,toleh-kʷa,Phonemic,branch,judy1962,,,
8-540-285-1,movi1243,Movima,670,ɗuɗuɬ-kʷa,Phonemic,root,judy1962,Same as 'tree stump' 08.720.,,
8-531-285-1,movi1243,Movima,1486,wul-na,Phonemic,plant (vb),judy1962,,,
8-510-285-1,movi1243,Movima,606,ɗi-mas,Phonemic,grass,judy1962,,,
8-480-285-1,movi1243,Movima,926,[aroso],Phonemic,rice,judy1962,From Span. 'arroz'.,,
8-470-285-1,movi1243,Movima,506,kʷah-taʔa,Phonemic,"maize, corn",judy1962,,,
8-430-285-1,movi1243,Movima,1077,[trigo],Phonemic,wheat,judy1962,From Span. 'trigo'.,,
8-410-285-1,movi1243,Movima,611,ɓaʔ-na,Phonemic,"crop, harvest",judy1962,,,
8-340-285-1,movi1243,Movima,285,haβuɬ-na,Phonemic,thresh,judy1962,,,
8-311-285-1,movi1243,Movima,714,ɗiɗin-kʷa,Phonemic,seed,judy1962,,,
8-310-285-1,movi1243,Movima,748,raka-mo-čo-na,Phonemic,sow,judy1962,"Lit. 'to scatter'. wul-a-ɗi 'plant seed' is the most common. Also ta-mol-na 'to extend'; pasin̉-na 'spread out' 09.340, are used to express 'sowing seed'. Also see 'plant' 08.531.",,
8-240-285-1,movi1243,Movima,1901,čaka-tora-wa,Phonemic,shovel,judy1962,,,
8-220-285-1,movi1243,Movima,1418,woʔ-na,Phonemic,dig,judy1962,,,
8-170-285-1,movi1243,Movima,2002,[sanha],Phonemic,ditch,judy1962,From Span. 'zanja'.,,
8-160-285-1,movi1243,Movima,1690,čaʔ-ɓes,Phonemic,fence,judy1962,,,
8-150-285-1,movi1243,Movima,1541,ɓai-ɬim-tiʔi,Phonemic,"cultivate, till",judy1962,,,
8-130-285-1,movi1243,Movima,586,ɓai-ɬim,Phonemic,garden,judy1962,,,
8-120-285-1,movi1243,Movima,212,ɓai-ɬim,Phonemic,field (for cultivation),judy1962,,,
8-110-285-1,movi1243,Movima,979,ɓai-ɬim-pa,Phonemic,farmer,judy1962,,,
7-640-285-1,movi1243,Movima,901,toto-kʷa,Phonemic,adobe,judy1962,,,
7-570-285-1,movi1243,Movima,1227,[taula],Phonemic,board,judy1962,From Span. 'tabla'.,,
7-560-285-1,movi1243,Movima,281,čaʔ-βos,Phonemic,"post, pole",judy1962,,,
7-520-285-1,movi1243,Movima,279,ɗi-mas,Phonemic,thatch,judy1962,,,
7-510-285-1,movi1243,Movima,769,ko-re,Phonemic,roof,judy1962,,,
7-480-285-1,movi1243,Movima,205,rawe-ta,Phonemic,trough,judy1962,,,
7-460-285-1,movi1243,Movima,1273,βeʔe-pin̉,Phonemic,candle,judy1962,,,
7-450-285-1,movi1243,Movima,2131,[lamparina],Phonemic,"lamp, torch",judy1962,From Span. 'lámpara'.,,
7-440-285-1,movi1243,Movima,1775,[mesa],Phonemic,table,judy1962,From Span. 'mesa'.,,
7-430-285-1,movi1243,Movima,1476,[siya],Phonemic,chair,judy1962,From Span. 'silla'.,,
7-422-285-1,movi1243,Movima,806,ɓoʔ-we-wanra-ni,Phonemic,blanket,judy1962,,,
7-420-285-1,movi1243,Movima,1663,horo-wanas,Phonemic,bed,judy1962,Also tuʔčoɬ-wanɗi 'bed canopy (of mosquito net)'.,,
7-310-285-1,movi1243,Movima,185,βeʔe-wanas,Phonemic,fireplace,judy1962,,,
7-270-285-1,movi1243,Movima,933,ɬaβaɬ-kʷa,Phonemic,wall,judy1962,,,
7-260-285-1,movi1243,Movima,1632,ɬakam̉-ɓa,Phonemic,floor,judy1962,,,
7-250-285-1,movi1243,Movima,1375,[wentana],Phonemic,window,judy1962,From Span. 'ventana'.,,
7-210-285-1,movi1243,Movima,1450,tan̉-čo,Phonemic,room,judy1962,Means 'space'. Also son̉-čo means a separate room.,,
7-220-285-1,movi1243,Movima,1567,ra-ɗa,Phonemic,"door, gate",judy1962,,,
7-180-285-1,movi1243,Movima,335,in̉-loɓa-wanɗi,Phonemic,meeting house,judy1962,,,
7-170-285-1,movi1243,Movima,334,ɗehahal-wanas,Phonemic,cookhouse,judy1962,,,
7-150-285-1,movi1243,Movima,736,lolos,Phonemic,"yard, court",judy1962,,,
7-140-285-1,movi1243,Movima,1316,[tolɗo],Phonemic,tent,judy1962,From Span. 'toldo'.,,
7-120-285-1,movi1243,Movima,1252,as-na,Phonemic,house,judy1962,"Also roya, which can be unoccupied or unpossessed, in contrast to as-na.",,
7-110-285-1,movi1243,Movima,363,as-kʷaʔa,Phonemic,"dwell, live",judy1962,,,
6-960-285-1,movi1243,Movima,1171,[espeho],Phonemic,mirror,judy1962,From Span. 'espejo'.,,
6-950-285-1,movi1243,Movima,788,[hawol],Phonemic,soap,judy1962,Prob. from Span. 'jabón'.,,
6-940-285-1,movi1243,Movima,1926,[pomaɗa],Phonemic,ointment,judy1962,From Span. 'pomada'.,,
6-921-285-1,movi1243,Movima,333,sama-ɗin-ɬeu,Phonemic,braid,judy1962,Also means 'weave' 06.330.,,
6-910-285-1,movi1243,Movima,1475,e-ɬa,Phonemic,comb,judy1962,,,
6-810-285-1,movi1243,Movima,332,ɗoʔwe-wan-oh,Phonemic,"handkerchief, rag",judy1962,,,
6-770-285-1,movi1243,Movima,770,mon̉-loto,Phonemic,earring,judy1962,,,
6-760-285-1,movi1243,Movima,1860,ɗiɗin-kʷa,Phonemic,bead,judy1962,,,
6-750-285-1,movi1243,Movima,1961,nowe-ɗi,Phonemic,necklace,judy1962,,,
6-730-285-1,movi1243,Movima,1374,[sortiha],Phonemic,ring (for finger),judy1962,From Span. 'sortija'.,,
6-710-285-1,movi1243,Movima,917,ti-heʔe,Phonemic,"ornament, adornment",judy1962,,,
6-620-285-1,movi1243,Movima,757,[wotone],Phonemic,button,judy1962,From Span. 'botón'.,,
6-610-285-1,movi1243,Movima,1851,[ɓosiya],Phonemic,pocket,judy1962,From Span. 'bosillo'.,,
6-570-285-1,movi1243,Movima,772,sun̉-ka-pin̉,Phonemic,"belt, girdle",judy1962,,,
6-550-285-1,movi1243,Movima,2130,čoran-kʷan-to,Phonemic,"hat, cap",judy1962,,,
6-510-285-1,movi1243,Movima,1381,[sapato],Phonemic,shoe,judy1962,From Span. 'zapato'.,,
6-480-285-1,movi1243,Movima,809,[karsone],Phonemic,trousers,judy1962,From Span. 'calzón'.,,
6-450-285-1,movi1243,Movima,2012,wo-roʔo,Phonemic,collar,judy1962,,,
6-440-285-1,movi1243,Movima,1622,[kamisa],Phonemic,shirt,judy1962,From Span. 'camisa'.,,
6-420-285-1,movi1243,Movima,474,čon-ʔoh,Phonemic,woman's dress,judy1962,,,
6-390-285-1,movi1243,Movima,157,lowewe,Phonemic,dye,judy1962,,,
6-380-285-1,movi1243,Movima,1161,ɓuh-ɗi,Phonemic,thread,judy1962,,,
6-360-285-1,movi1243,Movima,1382,mo-ɗin-ɬaris,Phonemic,needle,judy1962,,,
6-350-285-1,movi1243,Movima,1457,sita-ʔoh,Phonemic,sew,judy1962,,,
6-330-285-1,movi1243,Movima,133,sama-ɗin-ɬeu,Phonemic,weave,judy1962,,,
6-310-285-1,movi1243,Movima,121,haβun̉-na,Phonemic,spin,judy1962,,,
6-290-285-1,movi1243,Movima,629,ɓeɓen̉-kʷa,Phonemic,leather,judy1962,Cf. 'skin' 04.120.,,
6-280-285-1,movi1243,Movima,580,risa-kʷa,Phonemic,fur,judy1962,,,
6-240-285-1,movi1243,Movima,1850,buhɗin-mori,Phonemic,cotton,judy1962,,,
6-210-285-1,movi1243,Movima,1616,ɗoʔwe-wan-oh,Phonemic,cloth,judy1962,,,
6-120-285-1,movi1243,Movima,1895,ɗoʔwe,Phonemic,"clothing, clothes",judy1962,,,
6-110-285-1,movi1243,Movima,158,ɗoʔwe-čeɬ,Phonemic,put on (clothes),judy1962,,,
5-971-285-1,movi1243,Movima,1556,ti-čo,Phonemic,egg yolk,judy1962,,,
5-970-285-1,movi1243,Movima,744,hoɬ-kʷa,Phonemic,egg,judy1962,,,
5-940-285-1,movi1243,Movima,404,poʔ-so,Phonemic,fermented drink,judy1962,,,
5-920-285-1,movi1243,Movima,1524,[wino],Phonemic,wine,judy1962,From Span. 'vino'.,,
5-900-285-1,movi1243,Movima,731,ya-lo-we,Phonemic,"beverage, drink",judy1962,,,
5-880-285-1,movi1243,Movima,1569,[keso],Phonemic,cheese,judy1962,From Span. 'queso'.,,
5-870-285-1,movi1243,Movima,93,či-na-čo,Phonemic,milk (vb),judy1962,,,
5-850-285-1,movi1243,Movima,862,[asukar],Phonemic,sugar,judy1962,From Span. 'azúcar'.,,
5-860-285-1,movi1243,Movima,635,non-lo,Phonemic,milk (noun),judy1962,,,
5-840-285-1,movi1243,Movima,942,čuiɗin-lo,Phonemic,honey,judy1962,,,
5-821-285-1,movi1243,Movima,919,čihi,Phonemic,chili pepper,judy1962,,,
5-810-285-1,movi1243,Movima,1274,ɗoyon̉,Phonemic,salt,judy1962,,,
5-791-285-1,movi1243,Movima,323,mes-kʷa,Phonemic,"grease, fat",judy1962,,,
5-790-285-1,movi1243,Movima,1484,[aseite],Phonemic,oil,judy1962,From Span. 'aceite'.,,
5-770-285-1,movi1243,Movima,191,čuhan̉-mo,Phonemic,nut,judy1962,"No generic term. Lit, 'motacú (palm)' + -mo 'nut/fruit'. Other varieties: nihnaiwam-mo 'chonta nut'; purun̉-mo 'totaí nut'.",,
5-712-285-1,movi1243,Movima,1966,po-heɬ,Phonemic,bunch,judy1962,,,
5-710-285-1,movi1243,Movima,1507,ɓaɓa-kʷa,Phonemic,fruit,judy1962,,,
5-700-285-1,movi1243,Movima,593,[papa],Phonemic,potato,judy1962,From Span. 'papa'.,,
5-660-285-1,movi1243,Movima,832,ma-ɗo,Phonemic,bean,judy1962,,,
5-640-285-1,movi1243,Movima,1547,pola-kaka-loɬ,Phonemic,"soup, broth",judy1962,,,
5-610-285-1,movi1243,Movima,634,[waka]-toɗa,Phonemic,meat,judy1962,From Span. 'vaca (cow)' + 'meat'.,,
5-590-285-1,movi1243,Movima,225,ɓarin-kʷa,Phonemic,pestle,judy1962,,,
5-580-285-1,movi1243,Movima,224,enɬe-ɗuʔu,Phonemic,mortar (2),judy1962,,,
5-560-285-1,movi1243,Movima,1033,latos-na,Phonemic,"crush, grind",judy1962,,,
5-550-285-1,movi1243,Movima,1594,[arina]-βas,Phonemic,"meal, flour",judy1962,,,
5-540-285-1,movi1243,Movima,274,nika-ɓa,Phonemic,knead,judy1962,,,
5-530-285-1,movi1243,Movima,273,činaɬa-ɓun̉,Phonemic,dough,judy1962,Means 'manioc dough'.,,
5-510-285-1,movi1243,Movima,1368,pam-ɓa,Phonemic,bread,judy1962,Possibly from Span.,,
5-490-285-1,movi1243,Movima,2017,pos-na,Phonemic,"stir, mix",judy1962,Also inˀ-na 'mix (pouring or running together)'; tau-na 'mix (by beating)'.,,
5-480-285-1,movi1243,Movima,1767,ɓoɬ-na,Phonemic,scrape,judy1962,,,
5-470-285-1,movi1243,Movima,86,kona-ɬe,Phonemic,"sieve, strain",judy1962,,,
5-460-285-1,movi1243,Movima,275,tos-na,Phonemic,peel,judy1962,,,
5-440-285-1,movi1243,Movima,1833,lo-kʷa,Phonemic,dinner,judy1962,,,
5-430-285-1,movi1243,Movima,768,čonsi-tiʔi,Phonemic,lunch,judy1962,,,
5-410-285-1,movi1243,Movima,1526,kana,Phonemic,meal (a),judy1962,Also means 'food' 05.120.,,
5-390-285-1,movi1243,Movima,1302,tirin-či,Phonemic,fork (2),judy1962,,,
5-380-285-1,movi1243,Movima,1352,kači-ra,Phonemic,knife (2),judy1962,,,
5-370-285-1,movi1243,Movima,1378,[kučara],Phonemic,spoon,judy1962,From Span. 'cuchara'.,,
5-350-285-1,movi1243,Movima,476,sapaʔ-mo,Phonemic,"cup, drinking vessel",judy1962,,,
5-330-285-1,movi1243,Movima,1530,sapaʔ-mo,Phonemic,bowl,judy1962,,,
5-340-285-1,movi1243,Movima,270,loto-ɓa,Phonemic,"pitcher, jug",judy1962,,,
5-320-285-1,movi1243,Movima,480,ča-ɗo,Phonemic,plate,judy1962,,,
5-310-285-1,movi1243,Movima,481,ča-ɗo,Phonemic,dish,judy1962,,,
5-280-285-1,movi1243,Movima,31,ča-paye,Phonemic,pan,judy1962,,,
5-260-285-1,movi1243,Movima,1462,wutu,Phonemic,"pot, cooking vessel",judy1962,,,
5-240-285-1,movi1243,Movima,183,taya-ko,Phonemic,bake,judy1962,,,
5-250-285-1,movi1243,Movima,1143,[horno],Phonemic,oven,judy1962,From Span. 'horno'.,,
5-230-285-1,movi1243,Movima,2146,is-na,Phonemic,"roast, fry",judy1962,,,
5-220-285-1,movi1243,Movima,792,lo-kokon̉,Phonemic,boil (vb),judy1962,,,
5-210-285-1,movi1243,Movima,1100,ɗehahal,Phonemic,cook,judy1962,,,
5-190-285-1,movi1243,Movima,129,sin̉-čočoɬ-na,Phonemic,choke,judy1962,,,
5-181-285-1,movi1243,Movima,897,koke-ɬe,Phonemic,swallow,judy1962,,,
5-180-285-1,movi1243,Movima,321,ɗon-ka-ɓa-na,Phonemic,chew,judy1962,,,
5-160-285-1,movi1243,Movima,1421,čulum-na,Phonemic,suck,judy1962,,,
5-150-285-1,movi1243,Movima,848,yalowe-sičakʷa,Phonemic,thirst,judy1962,,,
5-141-285-1,movi1243,Movima,199,mau-ʔi-wawa,Phonemic,famine,judy1962,,,
5-140-285-1,movi1243,Movima,1864,mau-ʔi,Phonemic,hunger,judy1962,,,
5-130-285-1,movi1243,Movima,1401,ya-lo-we,Phonemic,drink,judy1962,,,
5-125-285-1,movi1243,Movima,1728,ɗon̉-ra-ni,Phonemic,rotten,judy1962,,,
5-124-285-1,movi1243,Movima,1958,mol-ra,Phonemic,"green, unripe",judy1962,Also βul-ni 'half ripe'.,,
5-123-285-1,movi1243,Movima,178,ɓeu-ni,Phonemic,ripe,judy1962,,,
5-122-285-1,movi1243,Movima,1959,mol-ra,Phonemic,raw,judy1962,,,
5-121-285-1,movi1243,Movima,269,is-ʔi,Phonemic,cooked,judy1962,,,
5-120-285-1,movi1243,Movima,256,kana,Phonemic,food,judy1962,,,
5-110-285-1,movi1243,Movima,1336,kai-kai,Phonemic,eat,judy1962,,,
4-990-285-1,movi1243,Movima,590,banne,Phonemic,"naked, bare",judy1962,,,
4-970-285-1,movi1243,Movima,1653,sin̉-čora,Phonemic,blind,judy1962,"Also lol-čora, lit. 'without eyes' 04.210.",,
4-980-285-1,movi1243,Movima,1463,laya-kʷa,Phonemic,intoxicated,judy1962,,,
4-960-285-1,movi1243,Movima,1666,lol-wani-wansi,Phonemic,mute,judy1962,,,
4-950-285-1,movi1243,Movima,996,sin̉-loto,Phonemic,deaf,judy1962,,,
4-930-285-1,movi1243,Movima,1125,tos-ɓa-kʷa,Phonemic,bald,judy1962,,,
4-940-285-1,movi1243,Movima,320,tes-ka-ɗi-wa,Phonemic,lame,judy1962,,,
4-920-285-1,movi1243,Movima,1564,kʷayi-ma,Phonemic,lazy,judy1962,,,
4-912-285-1,movi1243,Movima,168,ah-teteh,Phonemic,rest,judy1962,,,
4-910-285-1,movi1243,Movima,1757,ɓa-teʔe,Phonemic,"tired, weary",judy1962,Also ya-teteh 'extremely tired'.,,
4-890-285-1,movi1243,Movima,655,[βeneno],Phonemic,poison,judy1962,From Span. 'veneno'.,,
4-880-285-1,movi1243,Movima,1372,lawahes,Phonemic,"medicine, drug",judy1962,,,
4-870-285-1,movi1243,Movima,597,lawahes-čaye-pa,Phonemic,physician,judy1962,,,
4-860-285-1,movi1243,Movima,499,ta-raɬ-poh-na,Phonemic,"cure, heal",judy1962,"ta-raɬ-ni is 'healed, cured'; se-hau-ni is 'better (but not completely cured)'.",,
4-857-285-1,movi1243,Movima,1808,ɗon̉-lowa,Phonemic,pus,judy1962,,,
4-856-285-1,movi1243,Movima,793,sin̉-ʔi,Phonemic,boil (noun),judy1962,,,
4-855-285-1,movi1243,Movima,1584,woslo-ɬe,Phonemic,blister,judy1962,,,
4-854-285-1,movi1243,Movima,148,čukul-ni,Phonemic,itch,judy1962,,,
4-853-285-1,movi1243,Movima,1903,wotos-ni,Phonemic,swelling,judy1962,,,
4-850-285-1,movi1243,Movima,1109,ɗailoβa-wawa,Phonemic,"wound, sore",judy1962,,,
4-841-285-1,movi1243,Movima,1534,romoi,Phonemic,fever,judy1962,,,
4-840-285-1,movi1243,Movima,1847,tera-ni,Phonemic,"sick, sickness",judy1962,,,
4-830-285-1,movi1243,Movima,1364,ya-yuʔu,Phonemic,"well, health",judy1962,,,
4-820-285-1,movi1243,Movima,1601,ɗin̉-teh-ɬeɬe,Phonemic,weak,judy1962,,,
4-810-285-1,movi1243,Movima,785,ɗin̉-teh,Phonemic,"strong, mighty, powerful",judy1962,,,
4-790-285-1,movi1243,Movima,1773,koača,Phonemic,"grave, tomb",judy1962,,,
4-780-285-1,movi1243,Movima,1719,wulako-čaye,Phonemic,bury (the dead),judy1962,,,
4-770-285-1,movi1243,Movima,767,loɓaɓa,Phonemic,corpse,judy1962,,,
4-760-285-1,movi1243,Movima,1417,tikoi-na,Phonemic,kill,judy1962,,,
4-751-285-1,movi1243,Movima,1904,kai-ni-loɬ,Phonemic,drowned,judy1962,,,
4-750-285-1,movi1243,Movima,1494,kai-ni,Phonemic,"die, dead",judy1962,,,
4-740-285-1,movi1243,Movima,1422,i-teʔ-ni,Phonemic,"live, living, life",judy1962,,,
4-732-285-1,movi1243,Movima,1087,ham-ɓaičo,Phonemic,conceive,judy1962,,,
4-730-285-1,movi1243,Movima,1123,himo-ɓa,Phonemic,pregnant,judy1962,,,
4-720-285-1,movi1243,Movima,1090,tami-ɬe,Phonemic,born (to be),judy1962,,,
4-710-285-1,movi1243,Movima,1152,mah-mah-nina,Phonemic,beget (of father),judy1962,,,
4-690-285-1,movi1243,Movima,138,ɬam̉-ɬam̉,Phonemic,bathe,judy1962,,,
4-680-285-1,movi1243,Movima,52,lititi,Phonemic,shiver,judy1962,,,
4-660-285-1,movi1243,Movima,676,momo-kʷa,Phonemic,defecate,judy1962,,,
4-650-285-1,movi1243,Movima,592,čoh-kʷa,Phonemic,urinate,judy1962,,,
4-640-285-1,movi1243,Movima,1159,roson̉-kʷa,Phonemic,break wind,judy1962,,,
4-630-285-1,movi1243,Movima,1602,tama-ye,Phonemic,wake up,judy1962,Also ta-ra 'awaken and arise'.,,
4-620-285-1,movi1243,Movima,1920,ɓeisi-kʷa,Phonemic,dream,judy1962,,,
4-612-285-1,movi1243,Movima,1983,ɬoro-ɗon̉,Phonemic,snore,judy1962,,,
4-610-285-1,movi1243,Movima,1585,horo-kʷa,Phonemic,sleep,judy1962,,,
4-591-285-1,movi1243,Movima,268,či-lo-si,Phonemic,dribble,judy1962,,,
4-590-285-1,movi1243,Movima,319,ɗoi-na,Phonemic,lick,judy1962,,,
4-580-285-1,movi1243,Movima,1403,lam̉-na,Phonemic,bite,judy1962,,,
4-570-285-1,movi1243,Movima,1278,lel-kʷa,Phonemic,vomit,judy1962,,,
4-560-285-1,movi1243,Movima,1440,ɗoton̉-ɬa,Phonemic,spit,judy1962,,,
4-550-285-1,movi1243,Movima,126,tayoka,Phonemic,perspire,judy1962,,,
4-540-285-1,movi1243,Movima,1621,čis-kʷa,Phonemic,sneeze,judy1962,,,
4-530-285-1,movi1243,Movima,879,howo-kʷa,Phonemic,cough,judy1962,,,
4-521-285-1,movi1243,Movima,162,ɬeʔ-kʷa,Phonemic,hiccough,judy1962,,,
4-520-285-1,movi1243,Movima,1028,halai-kʷa,Phonemic,"yawn, gape",judy1962,,,
4-510-285-1,movi1243,Movima,1407,ɬou-ka-teʔe,Phonemic,"breathe, breath",judy1962,,,
4-492-285-1,movi1243,Movima,1222,teya-kʷa,Phonemic,penis,judy1962,,,
4-490-285-1,movi1243,Movima,797,hoɬ-kʷakʷa,Phonemic,testicle,judy1962,,,
4-470-285-1,movi1243,Movima,804,čoɗowi-kʷa,Phonemic,womb,judy1962,,,
4-464-285-1,movi1243,Movima,834,ɗinsi-kʷa,Phonemic,buttocks,judy1962,,,
4-463-285-1,movi1243,Movima,1745,mosi-kʷakʷa,Phonemic,hip,judy1962,,,
4-461-285-1,movi1243,Movima,1991,čirus-kʷa,Phonemic,"intestines, guts",judy1962,,,
4-460-285-1,movi1243,Movima,819,hasɬa-wanra,Phonemic,stomach,judy1962,Also means 'heart' 04.440.,,
4-451-285-1,movi1243,Movima,489,torin-ɗi,Phonemic,kidney,judy1962,,,
4-450-285-1,movi1243,Movima,1224,sonɗo,Phonemic,liver,judy1962,,,
4-441-285-1,movi1243,Movima,688,[pulmone],Phonemic,lung,judy1962,From Span. 'pulmón'.,,
4-440-285-1,movi1243,Movima,1223,hasɬa-wanra,Phonemic,heart,judy1962,Also means 'stomach' 04.460.,,
4-430-285-1,movi1243,Movima,1838,ɗim-mo-kʷa,Phonemic,navel,judy1962,,,
4-410-285-1,movi1243,Movima,1402,čah-kʷa,Phonemic,breast (of woman),judy1962,,,
4-400-285-1,movi1243,Movima,1592,ɓeʔ-ɬaɬa-kʷa,Phonemic,chest,judy1962,,,
4-393-285-1,movi1243,Movima,1201,mumun̉-kʷa,Phonemic,feather,judy1962,,,
4-392-285-1,movi1243,Movima,1257,toβai-kʷa,Phonemic,wing,judy1962,,,
4-380-285-1,movi1243,Movima,1389,ɗim-poh,Phonemic,toe,judy1962,Cf. 'finger' 04.340.,,
4-372-285-1,movi1243,Movima,980,ɓasi-kʷa,Phonemic,heel,judy1962,,,
4-370-285-1,movi1243,Movima,1301,ɓari-kʷa,Phonemic,foot,judy1962,,,
4-360-285-1,movi1243,Movima,1371,ɓamo-kʷa,Phonemic,knee,judy1962,,,
4-351-285-1,movi1243,Movima,800,ɗino-kʷa,Phonemic,thigh,judy1962,,,
4-350-285-1,movi1243,Movima,1297,ɬari-kʷa,Phonemic,leg,judy1962,,,
4-344-285-1,movi1243,Movima,1258,čo-rimpa,Phonemic,fingernail,judy1962,,,
4-340-285-1,movi1243,Movima,1303,ɗimpa,Phonemic,finger,judy1962,,,
4-330-285-1,movi1243,Movima,1277,čopa,Phonemic,hand,judy1962,,,
4-320-285-1,movi1243,Movima,981,ɓaru-kʷa,Phonemic,elbow,judy1962,,,
4-312-285-1,movi1243,Movima,1886,čowi-kʷa,Phonemic,armpit,judy1962,,,
4-310-285-1,movi1243,Movima,1673,ɓosa-kʷa,Phonemic,arm,judy1962,,,
4-300-285-1,movi1243,Movima,1482,ɗolala-kʷa,Phonemic,shoulder,judy1962,,,
4-290-285-1,movi1243,Movima,1346,takaka-kʷa,Phonemic,throat,judy1962,,,
4-280-285-1,movi1243,Movima,1333,woroʔo,Phonemic,neck,judy1962,,,
4-270-285-1,movi1243,Movima,1380,soi-ɬa,Phonemic,tooth,judy1962,,,
4-271-285-1,movi1243,Movima,139,ɓala-kʷa,Phonemic,gums,judy1962,,,
4-260-285-1,movi1243,Movima,1205,ruɬ-kʷa,Phonemic,tongue,judy1962,,,
4-250-285-1,movi1243,Movima,478,ɗosɬa-kʷa,Phonemic,lip,judy1962,,,
4-241-285-1,movi1243,Movima,73,tuʔ-ɬaʔa,Phonemic,beak,judy1962,,,
4-240-285-1,movi1243,Movima,674,kʷana-kʷa,Phonemic,mouth,judy1962,,,
4-232-285-1,movi1243,Movima,208,noro-čičimɬa,Phonemic,mucus (nasal),judy1962,,,
4-230-285-1,movi1243,Movima,1221,ɓači-kʷa,Phonemic,nose,judy1962,,,
4-221-285-1,movi1243,Movima,18,wolo-toto,Phonemic,earlobe,judy1962,,,
4-220-285-1,movi1243,Movima,1247,lon̉-toto,Phonemic,ear,judy1962,,,
4-215-285-1,movi1243,Movima,1655,lilim̉-wa,Phonemic,blink,judy1962,,,
4-214-285-1,movi1243,Movima,1540,lowan-ɗi,Phonemic,eyelash,judy1962,,,
4-213-285-1,movi1243,Movima,17,moɬ-ra-kʷa,Phonemic,eyelid,judy1962,,,
4-212-285-1,movi1243,Movima,1173,ɓaɬ-ra-kʷa,Phonemic,eyebrow,judy1962,,,
4-210-285-1,movi1243,Movima,1248,čo-ra,Phonemic,eye,judy1962,,,
4-208-285-1,movi1243,Movima,1730,poh-ra,Phonemic,cheek,judy1962,,,
4-205-285-1,movi1243,Movima,123,ɓe-ra,Phonemic,forehead,judy1962,,,
4-207-285-1,movi1243,Movima,798,kʷinto-nun,Phonemic,jaw,judy1962,,,
4-204-285-1,movi1243,Movima,1560,mora-kʷa,Phonemic,face,judy1962,,,
4-203-285-1,movi1243,Movima,1583,taβalo-ɓakʷa-ni,Phonemic,brain,judy1962,,,
4-200-285-1,movi1243,Movima,1256,ba-kʷakʷa,Phonemic,head,judy1962,,,
4-191-285-1,movi1243,Movima,805,ɗuɗu-kʷakʷa,Phonemic,spine,judy1962,,,
4-190-285-1,movi1243,Movima,1291,ɗuɗu-kʷa,Phonemic,back,judy1962,,,
4-180-285-1,movi1243,Movima,1220,ɓa-ɬeu-kʷa,Phonemic,tail,judy1962,,,
4-170-285-1,movi1243,Movima,1393,čan-kʷa,Phonemic,horn,judy1962,,,
4-162-285-1,movi1243,Movima,801,ɓeβes-kʷakʷa,Phonemic,rib,judy1962,,,
4-160-285-1,movi1243,Movima,1394,nunʔi,Phonemic,bone,judy1962,,,
4-150-285-1,movi1243,Movima,946,ɗonʔi,Phonemic,blood,judy1962,,,
4-144-285-1,movi1243,Movima,189,risa-kʷa,Phonemic,body hair,judy1962,,,
4-142-285-1,movi1243,Movima,678,čuska-mora,Phonemic,beard,judy1962,,,
4-140-285-1,movi1243,Movima,1040,risa-kʷa,Phonemic,hair (head),judy1962,,,
4-130-285-1,movi1243,Movima,2259,[waka],Phonemic,flesh,judy1962,,,
4-120-285-1,movi1243,Movima,763,to-ɓen̉-kʷakʷa,Phonemic,"skin, hide",judy1962,,,
4-110-285-1,movi1243,Movima,1480,loɓaɓa,Phonemic,body,judy1962,,,
3-980-285-1,movi1243,Movima,112,sono,Phonemic,turtle,judy1962,,,
3-970-285-1,movi1243,Movima,1857,yonali,Phonemic,"crocodile, alligator",judy1962,,,
3-960-285-1,movi1243,Movima,632,sikoʔya,Phonemic,lizard,judy1962,,,
3-950-285-1,movi1243,Movima,503,siɓa,Phonemic,frog,judy1962,,,
3-940-285-1,movi1243,Movima,1543,mehɬa,Phonemic,snail,judy1962,,,
3-920-285-1,movi1243,Movima,1791,ɗelto-βen̉,Phonemic,butterfly,judy1962,,,
3-910-285-1,movi1243,Movima,206,ɗetaɗi,Phonemic,firefly,judy1962,,,
3-850-285-1,movi1243,Movima,730,mimiɗi,Phonemic,snake,judy1962,,,
3-840-285-1,movi1243,Movima,1219,rumʔi,Phonemic,worm,judy1962,,,
3-832-285-1,movi1243,Movima,1509,kawun̉,Phonemic,mosquito,judy1962,,,
3-831-285-1,movi1243,Movima,95,čičin̉ɬa,Phonemic,"sandfly (midge), gnat",judy1962,,,
3-830-285-1,movi1243,Movima,1504,ɗumui,Phonemic,fly,judy1962,,,
3-823-285-1,movi1243,Movima,1517,omaile,Phonemic,wasp,judy1962,,,
3-820-285-1,movi1243,Movima,665,čuiɗi,Phonemic,bee,judy1962,,,
3-818-285-1,movi1243,Movima,843,si-wa,Phonemic,spider,judy1962,,,
3-817-285-1,movi1243,Movima,587,či-heɬ,Phonemic,ant,judy1962,,,
3-816-285-1,movi1243,Movima,1575,moɗon̉,Phonemic,cockroach,judy1962,,,
3-815-285-1,movi1243,Movima,1538,kun̉-sisiwa,Phonemic,scorpion,judy1962,,,
3-814-285-1,movi1243,Movima,1974,čaβoʔɬeɬeu-mo,Phonemic,centipede,judy1962,,,
3-811-285-1,movi1243,Movima,1392,ɗamʔi,Phonemic,louse,judy1962,,,
3-770-285-1,movi1243,Movima,1290,[elepante],Phonemic,elephant,judy1962,From Span. 'elefante'.,,
3-760-285-1,movi1243,Movima,1350,si-ɗoh,Phonemic,monkey,judy1962,This appears to be a generic term. Other varieties are huɗi 'howler m.'; ɗespuh 'night m.'; kačiči 'whistler m.'; patore 'spider m.'.,,
3-750-285-1,movi1243,Movima,1936,ɗauhes,Phonemic,deer,judy1962,Another variety is yeiɓa.,,
3-740-285-1,movi1243,Movima,1312,pako-nanaʔa,Phonemic,fox,judy1962,pako is 'dog' 03.610.,,
3-730-285-1,movi1243,Movima,1820,ɓanama,Phonemic,bear,judy1962,,,
3-720-285-1,movi1243,Movima,1386,ɗonto-kʷa,Phonemic,lion,judy1962,,,
3-665-285-1,movi1243,Movima,1013,ɓurai,Phonemic,freshwater eel,judy1962,,,
3-664-285-1,movi1243,Movima,1910,čaβoʔo,Phonemic,stingray,judy1962,,,
3-662-285-1,movi1243,Movima,1479,pah-ʔi,Phonemic,"porpoise, dolphin",judy1962,,,
3-655-285-1,movi1243,Movima,598,momoɬ-kʷa,Phonemic,shell,judy1962,,,
3-650-285-1,movi1243,Movima,227,ɓi-lau,Phonemic,fish,judy1962,,,
3-630-285-1,movi1243,Movima,2139,noɬ-kʷa,Phonemic,"mouse, rat",judy1962,,,
3-622-285-1,movi1243,Movima,309,pusa-ra,Phonemic,opossum,judy1962,,,
3-620-285-1,movi1243,Movima,1208,miči,Phonemic,cat,judy1962,,,
3-614-285-1,movi1243,Movima,1136,ɓatus,Phonemic,rabbit,judy1962,,,
3-610-285-1,movi1243,Movima,2009,pako,Phonemic,dog,judy1962,,,
3-594-285-1,movi1243,Movima,1853,toloɗo,Phonemic,dove,judy1962,,,
3-596-285-1,movi1243,Movima,735,suwuwunta,Phonemic,owl,judy1962,No generic term for 'owl'. Other varieties are: bayamespa; tukuku; wohnapa.,,
3-593-285-1,movi1243,Movima,913,čača,Phonemic,crow,judy1962,,,
3-592-285-1,movi1243,Movima,882,sariɗi,Phonemic,parrot,judy1962,No generic term for 'parrot'. Other varieties are: sikʷiʔla; čeleka; karaʔa; čawan̉; seyamo; čitan̉; raweʔe; seʔle-seʔle; awaro.,,
3-591-285-1,movi1243,Movima,1793,ɓosin̉,Phonemic,bat,judy1962,'Vampire bat' is woʔ-rai.,,
3-586-285-1,movi1243,Movima,1185,tuspaʔa,Phonemic,vulture,judy1962,,,
3-582-285-1,movi1243,Movima,950,letos,Phonemic,seagull,judy1962,,,
3-583-285-1,movi1243,Movima,758,toɓa,Phonemic,heron,judy1962,,,
3-581-285-1,movi1243,Movima,937,hoʔme,Phonemic,bird,judy1962,,,
3-580-285-1,movi1243,Movima,539,ɓaɓaɬ-kʷa,Phonemic,nest,judy1962,,,
3-570-285-1,movi1243,Movima,1360,kon̉-kore,Phonemic,duck,judy1962,,,
3-550-285-1,movi1243,Movima,1318,hoʔme,Phonemic,chicken,judy1962,,,
3-540-285-1,movi1243,Movima,1514,mata-ware,Phonemic,hen,judy1962,,,
3-520-285-1,movi1243,Movima,1511,toro-ware,Phonemic,"cock, rooster",judy1962,,,
3-470-285-1,movi1243,Movima,890,[mula],Phonemic,mule,judy1962,From Span. 'mula'.,,
3-500-285-1,movi1243,Movima,265,hoʔme,Phonemic,fowl,judy1962,,,
3-460-285-1,movi1243,Movima,1862,[ɓuro],Phonemic,"ass, donkey",judy1962,From Span. 'burro'.,,
3-440-285-1,movi1243,Movima,938,[yewa],Phonemic,mare,judy1962,From Span. 'yegua'.,,
3-420-285-1,movi1243,Movima,936,[portro],Phonemic,stallion,judy1962,From Span. 'potro'.,,
3-410-285-1,movi1243,Movima,615,[kawayo],Phonemic,horse (equine),judy1962,From Span. 'caballo'.,,
3-370-285-1,movi1243,Movima,264,[čiβo],Phonemic,he-goat,judy1962,From Span. 'chivo'.,,
3-360-285-1,movi1243,Movima,1502,[čiβo],Phonemic,goat,judy1962,From Span. 'chivo'.,,
3-350-285-1,movi1243,Movima,1337,koči,Phonemic,pig,judy1962,,,
3-320-285-1,movi1243,Movima,1348,kayoti,Phonemic,boar,judy1962,,,
3-250-285-1,movi1243,Movima,1331,[masa],Phonemic,sheep,judy1962,From Span. 'majada (sheepfold)'.,,
3-230-285-1,movi1243,Movima,1007,[waka],Phonemic,cow,judy1962,From Span. 'vaca'.,,
3-220-285-1,movi1243,Movima,1169,[weye],Phonemic,ox,judy1962,From Span. 'buey'.,,
3-210-285-1,movi1243,Movima,1008,[toro],Phonemic,bull,judy1962,From Span. 'toro'.,,
3-200-285-1,movi1243,Movima,1153,[waka],Phonemic,cattle (bovine),judy1962,From Span. 'vaca'.,,
3-190-285-1,movi1243,Movima,851,[kawayo]-wanɗi,Phonemic,"stable, stall",judy1962,From Span. 'caballo'.,,
3-180-285-1,movi1243,Movima,263,βela-poi-pa,Phonemic,herdsman,judy1962,,,
3-150-285-1,movi1243,Movima,631,nono-wam-poi,Phonemic,livestock,judy1962,,,
3-110-285-1,movi1243,Movima,619,popoi-kʷa,Phonemic,animal,judy1962,,,
2-960-285-1,movi1243,Movima,817,is-ko,Phonemic,they,judy1962,,,
2-950-285-1,movi1243,Movima,1213,i-ɓi,Phonemic,you (plural),judy1962,,,
2-942-285-1,movi1243,Movima,1130,iʔ-ɬi,Phonemic,we (exclusive),judy1962,,,
2-941-285-1,movi1243,Movima,1131,i-ɗe,Phonemic,we (inclusive),judy1962,,,
2-930-285-1,movi1243,Movima,262,us-ko,Phonemic,he/she/it,judy1962,,,
2-930-285-3,movi1243,Movima,262,is-ne,Phonemic,he/she/it,judy1962,,,
2-930-285-5,movi1243,Movima,262,as-ko,Phonemic,he/she/it,judy1962,,,
2-920-285-1,movi1243,Movima,1215,ul-kʷan̉,Phonemic,you (singular),judy1962,,,
2-910-285-1,movi1243,Movima,1209,inɬa,Phonemic,I,judy1962,,,
2-810-285-1,movi1243,Movima,1644,al-kaka-ye,Phonemic,"relatives, kinsmen",judy1962,,,
2-770-285-1,movi1243,Movima,1981,kaini-ɓeɬ,Phonemic,widower,judy1962,,,
2-760-285-1,movi1243,Movima,1756,kaini-ɓeɬ,Phonemic,widow,judy1962,,,
2-750-285-1,movi1243,Movima,1149,ɓata-yah,Phonemic,orphan,judy1962,,,
2-641-285-1,movi1243,Movima,2264,ul-�aɬ,Phonemic,daughter-in-law (of a woman),judy1962,,,
2-640-285-1,movi1243,Movima,2265,ul-čaɬ,Phonemic,daughter-in-law (of a man),judy1962,,,
2-631-285-1,movi1243,Movima,2266,ul-čaɬ,Phonemic,son-in-law (of a woman),judy1962,,,
2-630-285-1,movi1243,Movima,2267,ul-čaɬ,Phonemic,son-in-law (of a man),judy1962,,,
2-621-285-1,movi1243,Movima,2257,ul-čaɬ,Phonemic,mother-in-law (of a woman),judy1962,,,
2-620-285-1,movi1243,Movima,2256,ul-čaɬ,Phonemic,mother-in-law (of a man),judy1962,,,
2-611-285-1,movi1243,Movima,2254,ul-čaɬ,Phonemic,father-in-law (of a woman),judy1962,,,
2-610-285-1,movi1243,Movima,2255,ul-čaɬ,Phonemic,father-in-law (of a man),judy1962,,,
2-570-285-1,movi1243,Movima,490,mah-ni,Phonemic,descendants,judy1962,,,
2-560-285-1,movi1243,Movima,1669,hei-ɬe,Phonemic,ancestors,judy1962,,,
2-540-285-1,movi1243,Movima,1642,yani-kai,Phonemic,niece,judy1962,,,
2-530-285-1,movi1243,Movima,1063,yani-kai,Phonemic,nephew,judy1962,,,
2-522-285-1,movi1243,Movima,170,aiku,Phonemic,father's sister,judy1962,,,
2-520-285-1,movi1243,Movima,1272,aiku,Phonemic,aunt,judy1962,,,
2-521-285-1,movi1243,Movima,171,aiku,Phonemic,mother's sister,judy1962,,,
2-512-285-1,movi1243,Movima,1985,yayaʔa,Phonemic,father's brother,judy1962,,,
2-511-285-1,movi1243,Movima,1984,yayaʔa,Phonemic,mother's brother,judy1962,,,
2-510-285-1,movi1243,Movima,1327,yayaʔa,Phonemic,uncle,judy1962,,,
2-480-285-1,movi1243,Movima,1618,ona-čo,Phonemic,grandson,judy1962,,,
2-490-285-1,movi1243,Movima,1619,ona-čo,Phonemic,granddaughter,judy1962,,,
2-471-285-1,movi1243,Movima,907,ɓitoʔo,Phonemic,old woman,judy1962,,,
2-470-285-1,movi1243,Movima,1496,nonoʔo,Phonemic,grandmother,judy1962,,,
2-461-285-1,movi1243,Movima,406,ɓitoʔo,Phonemic,old man,judy1962,,,
2-460-285-1,movi1243,Movima,1383,nonoʔo,Phonemic,grandfather,judy1962,,,
2-456-285-1,movi1243,Movima,1640,al-len,Phonemic,sibling,judy1962,,,
2-455-285-1,movi1243,Movima,1761,a-na,Phonemic,younger sister,judy1962,,,
2-454-285-1,movi1243,Movima,1758,a-kai,Phonemic,older sister,judy1962,,,
2-450-285-1,movi1243,Movima,1263,al-kʷeya,Phonemic,sister,judy1962,,,
2-445-285-1,movi1243,Movima,1760,a-na,Phonemic,younger brother,judy1962,,,
2-444-285-1,movi1243,Movima,1759,a-kai,Phonemic,older brother,judy1962,,,
2-440-285-1,movi1243,Movima,1262,al-lakʷa,Phonemic,brother,judy1962,,,
2-430-285-1,movi1243,Movima,1801,mah-ni,Phonemic,offspring (son or daughter),judy1962,,,
2-420-285-1,movi1243,Movima,1357,mah-ni,Phonemic,daughter,judy1962,,,
2-410-285-1,movi1243,Movima,1620,mah-ni,Phonemic,son,judy1962,,,
2-390-285-1,movi1243,Movima,426,na-ye-wanne,Phonemic,married woman,judy1962,,,
2-380-285-1,movi1243,Movima,424,na-ye-wanne,Phonemic,married man,judy1962,,,
2-370-285-1,movi1243,Movima,505,ɓihaha-wa,Phonemic,parents,judy1962,,,
2-360-285-1,movi1243,Movima,1216,maʔa,Phonemic,mother,judy1962,,,
2-350-285-1,movi1243,Movima,1217,paʔa,Phonemic,father,judy1962,,,
2-340-285-1,movi1243,Movima,1259,na-ye-wanas,Phonemic,"marriage, wedding",judy1962,,,
2-330-285-1,movi1243,Movima,203,na-ye,Phonemic,marry,judy1962,,,
2-320-285-1,movi1243,Movima,1199,al-wah,Phonemic,wife,judy1962,,,
2-310-285-1,movi1243,Movima,1200,al-wah,Phonemic,husband,judy1962,,,
2-280-285-1,movi1243,Movima,1289,tami-ɓa,Phonemic,"infant, baby",judy1962,,,
2-270-285-1,movi1243,Movima,1304,ɗiči-ye,Phonemic,child,judy1962,,,
2-261-285-1,movi1243,Movima,77,tol-kosya,Phonemic,young woman (adolescent),judy1962,,,
2-260-285-1,movi1243,Movima,1646,ɗiči-ye,Phonemic,girl,judy1962,,,
2-251-285-1,movi1243,Movima,76,oβeni-wankʷa,Phonemic,young man (adolescent),judy1962,,,
2-250-285-1,movi1243,Movima,1366,ɗiči-ye,Phonemic,boy,judy1962,,,
2-220-285-1,movi1243,Movima,962,kʷeya,Phonemic,woman,judy1962,,,
2-210-285-1,movi1243,Movima,1554,iti-la-kʷa,Phonemic,man (vs. woman),judy1962,,,
2-100-285-1,movi1243,Movima,683,huye-ni,Phonemic,"person, human being",judy1962,,,
1-890-285-1,movi1243,Movima,1188,ɗe-la-kʷa,Phonemic,charcoal,judy1962,,,
1-880-285-1,movi1243,Movima,10,koʔo,Phonemic,firewood,judy1962,,,
1-870-285-1,movi1243,Movima,1133,pah-wela,Phonemic,match (noun),judy1962,,,
1-861-285-1,movi1243,Movima,127,ros-na,Phonemic,extinguish,judy1962,,,
1-860-285-1,movi1243,Movima,737,ɓa-ta-les,Phonemic,"light, kindle, ignite",judy1962,,,
1-852-285-1,movi1243,Movima,1428,ta-leles,Phonemic,burn (vb intrans),judy1962,,,
1-851-285-1,movi1243,Movima,141,is-na,Phonemic,burn (vb trans),judy1962,,,
1-841-285-1,movi1243,Movima,67,ɗe-la-kʷa,Phonemic,embers,judy1962,,,
1-840-285-1,movi1243,Movima,646,βeʔe-βus,Phonemic,ashes,judy1962,Cf. 'dust' 01.213.,,
1-830-285-1,movi1243,Movima,778,ɓuh-ru,Phonemic,smoke (noun),judy1962,,,
1-820-285-1,movi1243,Movima,889,βeʔe,Phonemic,flame (noun),judy1962,,,
1-810-285-1,movi1243,Movima,221,βeʔe,Phonemic,fire,judy1962,,,
1-750-285-1,movi1243,Movima,658,luʔluʔu,Phonemic,rain (noun),judy1962,,,
1-740-285-1,movi1243,Movima,249,βu-ɓuh-ni,Phonemic,fog,judy1962,,,
1-720-285-1,movi1243,Movima,960,pou-muh,Phonemic,wind,judy1962,,,
1-730-285-1,movi1243,Movima,1489,ɓe-yas,Phonemic,cloud,judy1962,,,
1-640-285-1,movi1243,Movima,1977,ɓeɬ-lo,Phonemic,dew,judy1962,,,
1-630-285-1,movi1243,Movima,1388,laɓa-yas,Phonemic,"shade, shadow",judy1962,,,
1-620-285-1,movi1243,Movima,11,payaʔ-ni,Phonemic,darkness,judy1962,,,
1-610-285-1,movi1243,Movima,630,hel-ra,Phonemic,light (noun),judy1962,,,
1-590-285-1,movi1243,Movima,1733,koʔo-čaʔa,Phonemic,rainbow,judy1962,,,
1-580-285-1,movi1243,Movima,858,luʔ-waʔa,Phonemic,storm,judy1962,,,
1-560-285-1,movi1243,Movima,1150,wurul-čeɬ,Phonemic,thunder,judy1962,,,
1-570-285-1,movi1243,Movima,2007,tapel-čeɬ,Phonemic,lightning (as striking),judy1962,,,
1-550-285-1,movi1243,Movima,1654,yam-pa,Phonemic,lightning,judy1962,,,
1-540-285-1,movi1243,Movima,1430,ɗiɗin-kʷa,Phonemic,star,judy1962,,,
1-530-285-1,movi1243,Movima,1313,yeh-čo,Phonemic,moon,judy1962,,,
1-520-285-1,movi1243,Movima,1343,tinno,Phonemic,sun,judy1962,,,
1-510-285-1,movi1243,Movima,1732,ɓen̉-ra,Phonemic,sky,judy1962,,,
1-440-285-1,movi1243,Movima,2125,čam-pa,Phonemic,"stone, rock",judy1962,,,
1-430-285-1,movi1243,Movima,1803,koʔo,Phonemic,wood,judy1962,,,
1-420-285-1,movi1243,Movima,906,koʔo,Phonemic,tree (cf 08.600),judy1962,,,
1-410-285-1,movi1243,Movima,420,čaʔ-mo,Phonemic,"woods, forest",judy1962,,,
1-380-285-1,movi1243,Movima,1145,ɓeteɬ-kʷa,Phonemic,swamp,judy1962,,,
1-370-285-1,movi1243,Movima,2144,lu-βe,Phonemic,"spring, well",judy1962,,,
1-360-285-1,movi1243,Movima,666,in̉-wa,Phonemic,"river, stream, brook",judy1962,,,
1-353-285-1,movi1243,Movima,1026,osni-wanas,Phonemic,lowtide,judy1962,Lit. 'time of lowering river level'. Cf. 'summer' 14.760.,,
1-350-285-1,movi1243,Movima,978,papau-ɬa,Phonemic,wave,judy1962,,,
1-340-285-1,movi1243,Movima,663,wala-čo,Phonemic,"gulf, bay",judy1962,,,
1-330-285-1,movi1243,Movima,624,pou-lo,Phonemic,lake,judy1962,,,
1-324-285-1,movi1243,Movima,1768,taβa-kʷa,Phonemic,foam,judy1962,,,
1-322-285-1,movi1243,Movima,258,tah-poh,Phonemic,calm (of sea),judy1962,,,
1-310-285-1,movi1243,Movima,948,tomi,Phonemic,water,judy1962,,,
1-280-285-1,movi1243,Movima,1155,siɬ-kʷa,Phonemic,cave,judy1962,,,
1-270-285-1,movi1243,Movima,113,ɓih-ra,Phonemic,shore,judy1962,,,
1-250-285-1,movi1243,Movima,622,pai-ɬim,Phonemic,island,judy1962,,,
1-230-285-1,movi1243,Movima,652,ɓen̉-ʔi,Phonemic,"plain, field",judy1962,See also 'flat' 12.710.,,
1-222-285-1,movi1243,Movima,618,ɬaβaɬ-kʷa,Phonemic,"cliff, precipice",judy1962,,,
1-220-285-1,movi1243,Movima,2118,ɗuɗuʔ-kʷa,Phonemic,"mountain, hill",judy1962,,,
1-214-285-1,movi1243,Movima,640,ɓuɓun̉-kʷa,Phonemic,mud,judy1962,Also means 'clay' 09.730.,,
1-215-285-1,movi1243,Movima,671,wiʔwis,Phonemic,sand,judy1962,,,
1-213-285-1,movi1243,Movima,2,βus-kʷa,Phonemic,dust,judy1962,Fine dust is βaɓas-kʷa.,,
1-212-285-1,movi1243,Movima,1228,ɬakam̉-ɓa,Phonemic,"earth=ground, soil",judy1962,,,
1-100-285-1,movi1243,Movima,965,[mundo],Phonemic,world,judy1962,From Span. 'mundo'.,,
14-330-285-1,movi1243,Movima,1544,kaka-lomah,Phonemic,sometimes,judy1962,,,
14-331-285-1,movi1243,Movima,703,al-ka-βani,Phonemic,soon,judy1962,,,
14-332-285-1,movi1243,Movima,418,kau-yemes,Phonemic,long-time (for a),judy1962,,,
14-340-285-1,movi1243,Movima,1656,eɬaʔ-lomah-ni,Phonemic,never,judy1962,,,
14-350-285-1,movi1243,Movima,204,rei-ka,Phonemic,again,judy1962,,,
14-410-285-1,movi1243,Movima,1225,he-mes,Phonemic,day,judy1962,,,
14-420-285-1,movi1243,Movima,1233,i-mai-ni,Phonemic,night,judy1962,,,
14-430-285-1,movi1243,Movima,729,čon-mayo,Phonemic,dawn,judy1962,ɬu-βui is 'just before dawn'.,,
14-440-285-1,movi1243,Movima,1339,i-mayo,Phonemic,morning,judy1962,,,
14-450-285-1,movi1243,Movima,12,čon-si,Phonemic,"noon, midday",judy1962,,,
14-451-285-1,movi1243,Movima,1807,wa-lai-lo,Phonemic,afternoon,judy1962,,,
14-460-285-1,movi1243,Movima,1629,wa-lai-lo,Phonemic,evening,judy1962,,,
14-470-285-1,movi1243,Movima,1283,neye-mes,Phonemic,today,judy1962,,,
14-480-285-1,movi1243,Movima,1329,tawaʔ-ni,Phonemic,tomorrow,judy1962,,,
14-481-285-1,movi1243,Movima,1179,oi-yemes-na-wawa,Phonemic,day-after-tomorrow,judy1962,,,
14-490-285-1,movi1243,Movima,1174,laʔ-hemes,Phonemic,yesterday,judy1962,,,
14-510-285-1,movi1243,Movima,1353,[ora],Phonemic,hour,judy1962,From Span. 'hora'.,,
14-530-285-1,movi1243,Movima,1323,[relo],Phonemic,"clock, timepiece",judy1962,From Span. 'reloj'.,,
14-610-285-1,movi1243,Movima,1469,[semana],Phonemic,week,judy1962,From Span. 'semana'.,,
14-620-285-1,movi1243,Movima,1699,[lomiko],Phonemic,Sunday,judy1962,From Span. 'domingo'.,,
14-630-285-1,movi1243,Movima,1697,[lunes],Phonemic,Monday,judy1962,From Span. 'lunes'.,,
14-640-285-1,movi1243,Movima,1695,[maretes],Phonemic,Tuesday,judy1962,From Span. 'martes'.,,
14-650-285-1,movi1243,Movima,1694,[mierkoles],Phonemic,Wednesday,judy1962,From Span. 'miércoles'.,,
14-660-285-1,movi1243,Movima,1693,[weβes],Phonemic,Thursday,judy1962,From Span. 'jueves'.,,
14-670-285-1,movi1243,Movima,1692,[mierenes],Phonemic,Friday,judy1962,From Span. 'viernes'.,,
14-680-285-1,movi1243,Movima,1700,[sawaɗo],Phonemic,Saturday,judy1962,From Span. 'sábado'.,,
14-710-285-1,movi1243,Movima,1370,yeh-čo,Phonemic,month,judy1962,,,
14-730-285-1,movi1243,Movima,1226,tinno-naʔa,Phonemic,year,judy1962,,,
14-740-285-1,movi1243,Movima,1471,tomi-wawa,Phonemic,winter,judy1962,Lit. 'water-time' (from Nov.-Feb.).,,
14-750-285-1,movi1243,Movima,1537,ɓaʔkʷin-wawa,Phonemic,spring,judy1962,Lit. 'harvest-time' (from March-June).,,
14-760-285-1,movi1243,Movima,1342,osni-wawa,Phonemic,summer,judy1962,Lit. 'river-ebb-time' (July-Oct.).,,
15-210-285-1,movi1243,Movima,1587,ho-es-ni,Phonemic,smell (vb intrans),judy1962,,,
15-212-285-1,movi1243,Movima,375,sen-na,Phonemic,sniff,judy1962,,,
15-220-285-1,movi1243,Movima,1586,pa-yes-na,Phonemic,smell (vb trans),judy1962,,,
15-250-285-1,movi1243,Movima,376,hira-nes-ni,Phonemic,"fragrant, good smelling",judy1962,,,
15-260-285-1,movi1243,Movima,42,pusa-ni,Phonemic,"stinking, bad smelling",judy1962,payes-payes is 'strong smell'.,,
15-310-285-1,movi1243,Movima,21,o-wes-na,Phonemic,taste,judy1962,,,
15-350-285-1,movi1243,Movima,717,ta-ɗoi-ni,Phonemic,sweet,judy1962,,,
15-360-285-1,movi1243,Movima,1091,ɬo-maʔ-ni,Phonemic,salty,judy1962,,,
15-370-285-1,movi1243,Movima,887,sese-ni,Phonemic,bitter,judy1962,,,
15-380-285-1,movi1243,Movima,1906,rapis-ni,Phonemic,"acid, sour",judy1962,,,
15-390-285-1,movi1243,Movima,70,ɬom-ɗi-ni,Phonemic,brackish,judy1962,,,
15-410-285-1,movi1243,Movima,1408,pa-loto,Phonemic,hear,judy1962,,,
15-420-285-1,movi1243,Movima,1608,pa-wa-na,Phonemic,listen,judy1962,,,
15-440-285-1,movi1243,Movima,1811,ɗin̉-sineɬ,Phonemic,"sound, noise",judy1962,Lit. 'loud sound'. Also ɓei-sineɬ 'faint sound'; čon-sineɬ 'true sound' or 'the Movima language.',,
15-450-285-1,movi1243,Movima,377,ɗitas-ɬe,Phonemic,loud,judy1962,,,
15-460-285-1,movi1243,Movima,1314,ɗai-lo,Phonemic,"quiet, silence",judy1962,,,
15-510-285-1,movi1243,Movima,1409,ɗe-wah-na,Phonemic,see,judy1962,Means 'see (and understand)'; cf. 'look' 15.520.,,
15-520-285-1,movi1243,Movima,1819,βel-na,Phonemic,"look, look at",judy1962,I. e. 'with interest'. Cf. 'look (but not necessarily with interest)' βay-e-ɬe; and 'see (and understand)' 15.510.,,
15-550-285-1,movi1243,Movima,1039,čusa-pa,Phonemic,show,judy1962,,,
15-560-285-1,movi1243,Movima,708,heʔ-les-ni,Phonemic,shine,judy1962,,,
15-570-285-1,movi1243,Movima,679,heʔ-les,Phonemic,bright,judy1962,,,
15-610-285-1,movi1243,Movima,1613,lowe-kʷi,Phonemic,color,judy1962,,,
15-620-285-1,movi1243,Movima,250,ta-βoh-ni,Phonemic,light (in color),judy1962,,,
15-630-285-1,movi1243,Movima,706,tu-βus-ni,Phonemic,dark (in color),judy1962,,,
15-640-285-1,movi1243,Movima,1335,ta-βoh,Phonemic,white,judy1962,,,
15-650-285-1,movi1243,Movima,163,tun-ni,Phonemic,black,judy1962,,,
15-660-285-1,movi1243,Movima,156,rapal,Phonemic,red,judy1962,,,
15-670-285-1,movi1243,Movima,837,suβu,Phonemic,blue,judy1962,,,
15-680-285-1,movi1243,Movima,1425,noʔna,Phonemic,green,judy1962,,,
15-690-285-1,movi1243,Movima,1424,sere,Phonemic,yellow,judy1962,,,
15-710-285-1,movi1243,Movima,1892,tol-na,Phonemic,touch,judy1962,,,
15-712-285-1,movi1243,Movima,378,ɓin̉-na,Phonemic,pinch,judy1962,,,
15-720-285-1,movi1243,Movima,1079,pa-yes-na,Phonemic,feel,judy1962,,,
15-740-285-1,movi1243,Movima,1884,ɗin̉-ra,Phonemic,hard,judy1962,,,
15-750-285-1,movi1243,Movima,1856,hu-sau-ni,Phonemic,soft,judy1962,,,
15-760-285-1,movi1243,Movima,1923,ča-puh-ni,Phonemic,rough,judy1962,,,
15-770-285-1,movi1243,Movima,1234,ti-ɬoi-ni,Phonemic,smooth,judy1962,,,
15-780-285-1,movi1243,Movima,1396,pe-res-ni,Phonemic,sharp,judy1962,,,
15-790-285-1,movi1243,Movima,379,pe-res-ɬeʔe,Phonemic,"blunt, dull",judy1962,,,
15-810-285-1,movi1243,Movima,1210,ɗinoʔ-ni,Phonemic,heavy,judy1962,,,
15-820-285-1,movi1243,Movima,1052,sa-ɗoi-ni,Phonemic,light (in weight),judy1962,,,
15-830-285-1,movi1243,Movima,1726,luʔ-ɗai-ni,Phonemic,"wet, damp",judy1962,"Also wa-čo-ye, used of a person.",,
15-840-285-1,movi1243,Movima,1398,we-rel-ni,Phonemic,dry,judy1962,,,
15-850-285-1,movi1243,Movima,1286,kʷah-les,Phonemic,hot,judy1962,,,
15-851-285-1,movi1243,Movima,1232,tayo-ka,Phonemic,warm,judy1962,,,
15-860-285-1,movi1243,Movima,1287,hilo-ka,Phonemic,cold,judy1962,,,
15-870-285-1,movi1243,Movima,704,ha-yau,Phonemic,clean,judy1962,,,
15-880-285-1,movi1243,Movima,1230,čo-es-ni,Phonemic,"dirty, soiled",judy1962,,,
15-890-285-1,movi1243,Movima,380,sulu-ni,Phonemic,wrinkled,judy1962,,,
16-110-285-1,movi1243,Movima,53,ɓau-ra-wawa,Phonemic,"soul, spirit",judy1962,,,
16-150-285-1,movi1243,Movima,1572,hol-ɓaičo,Phonemic,"surprised, astonished",judy1962,,,
16-230-285-1,movi1243,Movima,1495,ɓele-ka,Phonemic,"joyful, glad, happy",judy1962,,,
16-250-285-1,movi1243,Movima,1355,ho-si-čeɬ,Phonemic,laugh,judy1962,,,
16-251-285-1,movi1243,Movima,1451,yo-me-čeɬ,Phonemic,smile,judy1962,,,
16-260-285-1,movi1243,Movima,1413,kʷina-naʔa,Phonemic,play,judy1962,,,
16-270-285-1,movi1243,Movima,923,kʷah-es-na,Phonemic,love,judy1962,,,
16-290-285-1,movi1243,Movima,578,pu-run̉-na,Phonemic,kiss,judy1962,,,
16-300-285-1,movi1243,Movima,928,huɬ-na,Phonemic,embrace,judy1962,,,
16-310-285-1,movi1243,Movima,1783,tiβih,Phonemic,pain,judy1962,,,
16-320-285-1,movi1243,Movima,1668,ruh-ka-ɓaičo,Phonemic,"grief, sorrow, sadness",judy1962,,,
16-330-285-1,movi1243,Movima,1000,ruhal-ni-wa,Phonemic,"anxiety, worry",judy1962,,,
16-340-285-1,movi1243,Movima,1875,ɬaβo-ye,Phonemic,"regret, be sorry",judy1962,,,
16-350-285-1,movi1243,Movima,1141,ɬaβo-ye-na,Phonemic,pity,judy1962,,,
16-370-285-1,movi1243,Movima,1839,hiyi,Phonemic,"cry, weep",judy1962,,,
16-380-285-1,movi1243,Movima,1651,hiwan-lo,Phonemic,tear (noun),judy1962,,,
16-410-285-1,movi1243,Movima,1607,ɗona-ye,Phonemic,hate,judy1962,,,
16-420-285-1,movi1243,Movima,82,sutu-ka,Phonemic,anger,judy1962,,,
16-440-285-1,movi1243,Movima,40,kema-ye-ɬe,Phonemic,"envy, jealousy",judy1962,,,
16-450-285-1,movi1243,Movima,1776,čaha-ni-wa,Phonemic,shame (noun),judy1962,,,
16-480-285-1,movi1243,Movima,174,hon̉-ka-toɬ,Phonemic,proud,judy1962,,,
16-510-285-1,movi1243,Movima,1779,mirin̉-čeɬ,Phonemic,dare,judy1962,,,
16-520-285-1,movi1243,Movima,3,o-βe-ni,Phonemic,brave,judy1962,,,
16-530-285-1,movi1243,Movima,781,tino-ka,Phonemic,"fear, fright",judy1962,,,
16-540-285-1,movi1243,Movima,1810,o-mau-ni,Phonemic,danger,judy1962,,,
16-620-285-1,movi1243,Movima,1784,yei-na,Phonemic,"desire, want",judy1962,,,
16-622-285-1,movi1243,Movima,1750,hon̉-na,Phonemic,choose,judy1962,,,
16-630-285-1,movi1243,Movima,1092,ɗis-ɬan̉-wa,Phonemic,hope,judy1962,,,
16-650-285-1,movi1243,Movima,100,hina-ye-wa,Phonemic,faithful,judy1962,,,
16-660-285-1,movi1243,Movima,1657,čon-lomah,Phonemic,true,judy1962,,,
16-670-285-1,movi1243,Movima,601,tiha-si,Phonemic,"lie, tell lies",judy1962,,,
16-680-285-1,movi1243,Movima,13,kil-mo,Phonemic,deceit,judy1962,,,
16-690-285-1,movi1243,Movima,1528,tata-ɓaɬ-kʷa,Phonemic,forgive,judy1962,,,
16-710-285-1,movi1243,Movima,1035,ɗo-koi,Phonemic,good,judy1962,,,
16-720-285-1,movi1243,Movima,1292,um̉-ɓe,Phonemic,bad,judy1962,,,
16-730-285-1,movi1243,Movima,1725,čon-lo,Phonemic,"right, correct",judy1962,,,
16-740-285-1,movi1243,Movima,1390,hayau-ɬeʔe,Phonemic,wrong,judy1962,,,
16-760-285-1,movi1243,Movima,134,kau-ham-pa,Phonemic,fault,judy1962,,,
16-770-285-1,movi1243,Movima,1293,san-ka-pa-ni,Phonemic,"mistake, error",judy1962,,,
16-780-285-1,movi1243,Movima,381,ɗon-ka-ra-na,Phonemic,blame,judy1962,,,
16-790-285-1,movi1243,Movima,1687,ɓele-pa-na,Phonemic,praise,judy1962,,,
16-810-285-1,movi1243,Movima,1427,hiran-ni,Phonemic,beautiful,judy1962,,,
16-820-285-1,movi1243,Movima,1548,čo-es-ni,Phonemic,ugly,judy1962,,,
16-830-285-1,movi1243,Movima,2018,u-yei-ni,Phonemic,greedy,judy1962,,,
16-840-285-1,movi1243,Movima,1310,bis-pa,Phonemic,clever,judy1962,,,
17-110-285-1,movi1243,Movima,1562,pa-kuʔ-wanas,Phonemic,mind,judy1962,,,
17-130-285-1,movi1243,Movima,1415,i-ɓaičo-βaɬ-na,Phonemic,think (= reflect),judy1962,,,
17-140-285-1,movi1243,Movima,1513,pa-ɓaičo,Phonemic,think (= be of the opinion),judy1962,,,
17-150-285-1,movi1243,Movima,1890,wawa-sina-poh-na,Phonemic,believe,judy1962,,,
17-160-285-1,movi1243,Movima,1536,pa-wa-ne-ɬe,Phonemic,understand,judy1962,,,
17-170-285-1,movi1243,Movima,1410,o-na-ra-na,Phonemic,know,judy1962,,,
17-171-285-1,movi1243,Movima,1932,čona-ra,Phonemic,guess,judy1962,,,
17-172-285-1,movi1243,Movima,117,im-pa-na,Phonemic,imitate,judy1962,,,
17-180-285-1,movi1243,Movima,1521,hai-son̉,Phonemic,seem,judy1962,,,
17-190-285-1,movi1243,Movima,1609,pem-ɓaičo,Phonemic,"idea, notion",judy1962,,,
17-210-285-1,movi1243,Movima,698,ɓis-on̉,Phonemic,wise,judy1962,,,
17-220-285-1,movi1243,Movima,1518,[son-so],Phonemic,"foolish, stupid",judy1962,From Span. 'zonzo'.,,
17-230-285-1,movi1243,Movima,1899,sa-ɓaičo,Phonemic,"insane, crazy",judy1962,,,
17-240-285-1,movi1243,Movima,504,βan̉-ka-pa,Phonemic,learn,judy1962,,,
17-242-285-1,movi1243,Movima,1929,ɗim̉-ɓaičo-βaɬna,Phonemic,study,judy1962,,,
17-250-285-1,movi1243,Movima,709,βata-pa,Phonemic,teach,judy1962,,,
17-260-285-1,movi1243,Movima,753,βata-pa-n-čaye,Phonemic,pupil,judy1962,,,
17-270-285-1,movi1243,Movima,1038,βata-pa-n-čaye-pa,Phonemic,teacher,judy1962,,,
17-280-285-1,movi1243,Movima,673,[eskʷela],Phonemic,school,judy1962,From Span. 'escuela'.,,
17-310-285-1,movi1243,Movima,707,to-ɓaičo,Phonemic,remember,judy1962,,,
17-320-285-1,movi1243,Movima,1523,kiʔ-lai-ni,Phonemic,forget,judy1962,,,
17-340-285-1,movi1243,Movima,989,ɗeɗe-ye,Phonemic,"clear, plain",judy1962,Also ilim-ni 'clear (transparent)'; čoi-rei 'surely (plainly understood)'. Also cf. 'sure' 17.370.,,
17-350-285-1,movi1243,Movima,1764,hana-ɓaičo,Phonemic,obscure,judy1962,,,
17-370-285-1,movi1243,Movima,509,hoʔ-loes,Phonemic,"sure, certain",judy1962,"Also cf. 'clear' 17.340, footnote.",,
17-380-285-1,movi1243,Movima,1626,ona-loes-poh-na,Phonemic,explain,judy1962,,,
17-410-285-1,movi1243,Movima,1162,ham-ɓaičo,Phonemic,"intention, purpose",judy1962,,,
17-420-285-1,movi1243,Movima,860,kau-ham-pa,Phonemic,cause,judy1962,,,
17-430-285-1,movi1243,Movima,1308,kʷai-ɓaičo,Phonemic,doubt,judy1962,,,
17-440-285-1,movi1243,Movima,1841,ɗah-ka-wanne,Phonemic,suspect,judy1962,,,
17-441-285-1,movi1243,Movima,1902,pa-ka-ye,Phonemic,betray,judy1962,,,
17-450-285-1,movi1243,Movima,643,huma-ra,Phonemic,"need, necessity",judy1962,,,
17-460-285-1,movi1243,Movima,686,ɓate-has-ra-ɗaʔa,Phonemic,easy,judy1962,,,
17-470-285-1,movi1243,Movima,584,ɓate-has-ra,Phonemic,difficult,judy1962,,,
17-480-285-1,movi1243,Movima,1812,ɗim̉-ɓaičo-na,Phonemic,"try, attempt",judy1962,,,
17-490-285-1,movi1243,Movima,488,ham-pa,Phonemic,"way, manner",judy1962,,,
17-510-285-1,movi1243,Movima,1577,če,Phonemic,and,judy1962,,,
17-520-285-1,movi1243,Movima,1157,ɓo,Phonemic,because,judy1962,,,
17-530-285-1,movi1243,Movima,1459,ɗiʔ,Phonemic,if,judy1962,,,
17-540-285-1,movi1243,Movima,1014,ka-ɓo,Phonemic,or,judy1962,,,
17-550-285-1,movi1243,Movima,1268,čon-lomah,Phonemic,"yes, affirmative",judy1962,"Lit. 'true, that's right'.",,
17-560-285-1,movi1243,Movima,1269,ka-ʔi,Phonemic,"no, negative",judy1962,,,
17-610-285-1,movi1243,Movima,1239,han-win̉,Phonemic,how?,judy1962,"Also means 'way, manner'. Intonation signals question.",,
17-620-285-1,movi1243,Movima,822,han-ka-ra,Phonemic,how many?,judy1962,,,
17-630-285-1,movi1243,Movima,531,han-ka-rimeɬ,Phonemic,how much?,judy1962,,,
17-640-285-1,movi1243,Movima,1236,eɬe-ɬaʔa,Phonemic,what?,judy1962,,,
17-650-285-1,movi1243,Movima,1238,eɬ-lomah,Phonemic,when?,judy1962,,,
17-660-285-1,movi1243,Movima,1237,nay-aʔa,Phonemic,where?,judy1962,,,
17-670-285-1,movi1243,Movima,727,han-raʔa,Phonemic,which?,judy1962,,,
17-680-285-1,movi1243,Movima,1235,han-ne,Phonemic,who?,judy1962,,,
17-690-285-1,movi1243,Movima,1270,kema-ra,Phonemic,why?,judy1962,,,
18-120-285-1,movi1243,Movima,1261,leu-leu,Phonemic,sing,judy1962,,,
18-130-285-1,movi1243,Movima,715,ka-mamai,Phonemic,"shout, cry out",judy1962,,,
18-150-285-1,movi1243,Movima,55,tawaʔ-čeɬ,Phonemic,whisper,judy1962,,,
18-170-285-1,movi1243,Movima,1025,sim̉-ɬa,Phonemic,whistle,judy1962,,,
18-180-285-1,movi1243,Movima,298,wa-ra-ɗai,Phonemic,"shriek, screech",judy1962,,,
18-190-285-1,movi1243,Movima,526,woʔ-le,Phonemic,howl,judy1962,,,
18-210-285-1,movi1243,Movima,1623,i-wani,Phonemic,"speak, talk",judy1962,,,
18-211-285-1,movi1243,Movima,1866,san-ka-wani,Phonemic,"stutter, stammer",judy1962,,,
18-220-285-1,movi1243,Movima,1458,han-kʷa,Phonemic,say,judy1962,,,
18-221-285-1,movi1243,Movima,1711,ah-lomah,Phonemic,tell story,judy1962,,,
18-222-285-1,movi1243,Movima,1115,kem-ka-pan-ye-čeɬ,Phonemic,speech (make a),judy1962,,,
18-230-285-1,movi1243,Movima,48,way-as-ɬe,Phonemic,silent (be),judy1962,Also ɗay-im-ni 'silent (to indicate sadness)'.,,
18-240-285-1,movi1243,Movima,1307,al-wani-wanas,Phonemic,language,judy1962,,,
18-260-285-1,movi1243,Movima,1599,i-wani-wansi,Phonemic,word,judy1962,,,
18-280-285-1,movi1243,Movima,1405,eɬe,Phonemic,name,judy1962,,,
18-310-285-1,movi1243,Movima,1309,ɗaha-wane-ɬe,Phonemic,"ask (question, inquire)",judy1962,,,
18-320-285-1,movi1243,Movima,1275,čai-wane-ɬe,Phonemic,answer,judy1962,,,
18-330-285-1,movi1243,Movima,2022,kem-panas-čeɬ,Phonemic,"admit, confess",judy1962,,,
18-340-285-1,movi1243,Movima,755,ka-ɓaičo,Phonemic,deny,judy1962,,,
18-350-285-1,movi1243,Movima,1828,ɗah-kʷa-na,Phonemic,"ask, request",judy1962,,,
18-360-285-1,movi1243,Movima,1675,ayana-poh-na,Phonemic,promise,judy1962,,,
18-370-285-1,movi1243,Movima,49,kaʔ-poh-na,Phonemic,refuse,judy1962,,,
18-380-285-1,movi1243,Movima,83,uta-ɓe,Phonemic,forbid,judy1962,,,
18-390-285-1,movi1243,Movima,299,hu-na,Phonemic,"rebuke, scold",judy1962,,,
18-410-285-1,movi1243,Movima,1084,haya-moɬ,Phonemic,call (=summon),judy1962,,,
18-420-285-1,movi1243,Movima,180,eɬ-na-pa,Phonemic,call (=name),judy1962,,,
18-430-285-1,movi1243,Movima,9,ɓoko-čaye,Phonemic,announce,judy1962,,,
18-440-285-1,movi1243,Movima,1192,čun̉-čopan-ɬeɬe,Phonemic,threaten,judy1962,,,
18-450-285-1,movi1243,Movima,101,mereʔ-poh-čeɬ,Phonemic,boast,judy1962,,,
18-510-285-1,movi1243,Movima,1672,ɓen-a-ɓen̉,Phonemic,write,judy1962,,,
18-520-285-1,movi1243,Movima,724,lew-a-ɓen̉,Phonemic,read,judy1962,,,
18-560-285-1,movi1243,Movima,648,al-wam-ɓen̉,Phonemic,paper,judy1962,Also means 'book' 18.610.,,
18-570-285-1,movi1243,Movima,794,ɓen-a-ɓen̉-wanra,Phonemic,pen,judy1962,,,
18-610-285-1,movi1243,Movima,963,al-wam-ɓen̉,Phonemic,book,judy1962,Also means 'paper' 18.560.,,
18-710-285-1,movi1243,Movima,777,[polauta],Phonemic,flute,judy1962,From Span. 'flauta'.,,
18-720-285-1,movi1243,Movima,908,pono-tiʔi,Phonemic,drum,judy1962,,,
19-110-285-1,movi1243,Movima,1300,[pais],Phonemic,country,judy1962,From Span. 'país'.,,
19-120-285-1,movi1243,Movima,89,lolos,Phonemic,one's native country,judy1962,,,
19-150-285-1,movi1243,Movima,1391,lolos,Phonemic,"city, town",judy1962,,,
19-160-285-1,movi1243,Movima,930,lolos,Phonemic,village,judy1962,,,
19-170-285-1,movi1243,Movima,1010,ya-pa-naʔa,Phonemic,boundary,judy1962,,,
19-210-285-1,movi1243,Movima,789,hu-ye-ni,Phonemic,people (populace),judy1962,,,
19-230-285-1,movi1243,Movima,302,al-leʔe,Phonemic,"tribe, clan",judy1962,,,
19-240-285-1,movi1243,Movima,301,en-ona,Phonemic,"chief, chieftain",judy1962,,,
19-250-285-1,movi1243,Movima,1296,čaʔ-pa,Phonemic,"staff, walking stick",judy1962,,,
19-310-285-1,movi1243,Movima,1846,en-ona-na,Phonemic,"rule, govern",judy1962,,,
19-410-285-1,movi1243,Movima,383,kau-čin-a-čo,Phonemic,master,judy1962,,,
19-420-285-1,movi1243,Movima,812,čin-čin-čo-ye,Phonemic,slave,judy1962,,,
19-430-285-1,movi1243,Movima,255,čin-čin-čo-ye,Phonemic,servant,judy1962,,,
19-450-285-1,movi1243,Movima,1128,čin-a-čo,Phonemic,"command, order",judy1962,Also čin-a-čo-weɬ-wansi means 'the command word(s)'.,,
19-460-285-1,movi1243,Movima,1635,hai-wa-ne-ɬe,Phonemic,obey,judy1962,,,
19-470-285-1,movi1243,Movima,1003,ten-a-pan-ɬe,Phonemic,"let, permit",judy1962,,,
19-510-285-1,movi1243,Movima,1325,al-ra,Phonemic,"friend, companion",judy1962,,,
19-520-285-1,movi1243,Movima,1358,al-či,Phonemic,enemy,judy1962,,,
19-540-285-1,movi1243,Movima,1332,al-as-wanne,Phonemic,neighbor,judy1962,,,
19-550-285-1,movi1243,Movima,791,hei-ye,Phonemic,stranger,judy1962,Also itanaʔa 'one with foreign sounding speech'.,,
19-560-285-1,movi1243,Movima,1782,yeɬ-wanne,Phonemic,guest,judy1962,,,
19-580-285-1,movi1243,Movima,1897,al-pa-na,Phonemic,"help, aid",judy1962,,,
19-590-285-1,movi1243,Movima,1550,kaʔ-poh-na,Phonemic,"hinder, prevent",judy1962,,,
19-610-285-1,movi1243,Movima,1747,he-yaʔa,Phonemic,custom,judy1962,,,
19-620-285-1,movi1243,Movima,1848,hara-kaka-ye,Phonemic,"strife, quarrel",judy1962,,,
19-650-285-1,movi1243,Movima,1831,kah-a-ɬe,Phonemic,meet,judy1962,Also al-loɓa 'meet with a group'.,,
20-110-285-1,movi1243,Movima,1423,haraɬ,Phonemic,fight (vb),judy1962,,,
20-130-285-1,movi1243,Movima,579,hara-wanas,Phonemic,"war, battle",judy1962,,,
20-140-285-1,movi1243,Movima,1338,hayau-lomah,Phonemic,peace,judy1962,,,
20-170-285-1,movi1243,Movima,1941,[solɗao],Phonemic,soldier,judy1962,From Span. 'soldado'.,,
20-220-285-1,movi1243,Movima,1763,koʔ-pin̉,Phonemic,club,judy1962,,,
20-240-285-1,movi1243,Movima,994,ta-ni-lo,Phonemic,bow,judy1962,,,
20-250-285-1,movi1243,Movima,977,huɬ-pa,Phonemic,arrow,judy1962,,,
20-270-285-1,movi1243,Movima,1535,[espara],Phonemic,sword,judy1962,From Span. 'espada'.,,
20-280-285-1,movi1243,Movima,1566,[eskopeta],Phonemic,"gun, cannon",judy1962,From Span. 'escopeta'.,,
20-360-285-1,movi1243,Movima,1671,[tore],Phonemic,tower,judy1962,From Span. 'torre'.,,
20-410-285-1,movi1243,Movima,783,hula-ra-weɬe,Phonemic,victory,judy1962,,,
20-420-285-1,movi1243,Movima,782,hula-ra-na,Phonemic,defeat,judy1962,,,
20-430-285-1,movi1243,Movima,722,hara-ɬe-na,Phonemic,attack,judy1962,,,
20-440-285-1,movi1243,Movima,1330,ɓore-na,Phonemic,defend,judy1962,,,
20-450-285-1,movi1243,Movima,421,čoi-si,Phonemic,retreat,judy1962,,,
20-460-285-1,movi1243,Movima,1696,ya-ɓaičo,Phonemic,surrender,judy1962,,,
20-471-285-1,movi1243,Movima,1940,ah-pa-na,Phonemic,"guard, sentinel",judy1962,,,
20-510-285-1,movi1243,Movima,1858,ɓilau-pa,Phonemic,fisherman,judy1962,,,
20-520-285-1,movi1243,Movima,1074,hah-ɬa,Phonemic,fishhook,judy1962,,,
20-530-285-1,movi1243,Movima,19,ɗaβul-ɗi,Phonemic,fishing line,judy1962,,,
20-610-285-1,movi1243,Movima,1435,ɓay-eɬ,Phonemic,hunt,judy1962,,,
20-620-285-1,movi1243,Movima,1172,man-na,Phonemic,shoot,judy1962,,,
20-630-285-1,movi1243,Movima,161,hei-wah,Phonemic,miss (target),judy1962,,,
20-640-285-1,movi1243,Movima,1075,[tarampa],Phonemic,trap (noun),judy1962,From Span. 'trampa'.,,
21-110-285-1,movi1243,Movima,1062,kema-lomah-weɬ-wansi,Phonemic,law,judy1962,,,
21-160-285-1,movi1243,Movima,1818,aʔaye-kʷan-čaye,Phonemic,judge (vb),judy1962,,,
21-180-285-1,movi1243,Movima,861,čopa-loes-kʷan-čaye-pa,Phonemic,judge (noun),judy1962,,,
21-230-285-1,movi1243,Movima,1144,ona-lomah-poh-na,Phonemic,witness,judy1962,,,
21-250-285-1,movi1243,Movima,1712,mam-ɓaičo-wanas,Phonemic,oath,judy1962,,,
21-310-285-1,movi1243,Movima,1814,kema-ye-weɬ-na,Phonemic,accuse,judy1962,,,
21-320-285-1,movi1243,Movima,484,koβih-niɬ-na-poh-na,Phonemic,condemn,judy1962,,,
21-330-285-1,movi1243,Movima,983,aʔaye-kʷan-čaye,Phonemic,convict (vb),judy1962,,,
21-340-285-1,movi1243,Movima,988,tata-ɓaɬ-kʷan-ɬe-na,Phonemic,acquit,judy1962,,,
21-350-285-1,movi1243,Movima,1682,koβih-koβih,Phonemic,guilty,judy1962,,,
21-360-285-1,movi1243,Movima,90,ko-kaʔ-βih,Phonemic,innocent,judy1962,,,
21-370-285-1,movi1243,Movima,390,hara-ɗa-kʷan-wanas,Phonemic,"penalty, punishment",judy1962,,,
21-420-285-1,movi1243,Movima,845,tikoi-čaye,Phonemic,murder,judy1962,,,
21-510-285-1,movi1243,Movima,713,tol-kara-na,Phonemic,steal,judy1962,Also ɗoh-a-ɬe 'rob (the general act)'.,,
21-520-285-1,movi1243,Movima,1160,tol-kara-na-pa,Phonemic,thief,judy1962,,,
22-120-285-1,movi1243,Movima,1944,[dios],Phonemic,God,judy1962,From Span. 'Dios'.,,
22-130-285-1,movi1243,Movima,911,[elesiya],Phonemic,"temple, church",judy1962,From Span. 'iglesia'.,,
22-140-285-1,movi1243,Movima,853,[altare],Phonemic,altar,judy1962,From Span. 'altar'.,,
22-150-285-1,movi1243,Movima,1103,el-eɬ-wan-rani,Phonemic,"sacrifice, offering",judy1962,,,
22-160-285-1,movi1243,Movima,257,lew-a-lo,Phonemic,worship,judy1962,,,
22-170-285-1,movi1243,Movima,24,ɗah-kʷan-as-čeɬ,Phonemic,pray,judy1962,,,
22-180-285-1,movi1243,Movima,852,paʔi,Phonemic,priest,judy1962,,,
22-190-285-1,movi1243,Movima,1702,way-es,Phonemic,"holy, sacred",judy1962,,,
22-220-285-1,movi1243,Movima,304,ɗin̉-te-ɬe-na,Phonemic,preach,judy1962,,,
22-230-285-1,movi1243,Movima,391,hayau-lomah-poh-na,Phonemic,bless,judy1962,,,
22-240-285-1,movi1243,Movima,8,um̉-ɓe,Phonemic,curse,judy1962,,,
22-260-285-1,movi1243,Movima,303,[ayuna]-tiʔi,Phonemic,fast (vb),judy1962,From Span. 'ayunar' + tiʔi 'activity'; cf. 22.420 with 22.430.,,
22-310-285-1,movi1243,Movima,1565,ɓen̉-ra,Phonemic,heaven,judy1962,Also means 'sky' 01.510.,,
22-320-285-1,movi1243,Movima,878,čočo-ɬim,Phonemic,hell,judy1962,,,
22-350-285-1,movi1243,Movima,1973,kaini-wawa,Phonemic,demon (evil spirit),judy1962,,,
22-420-285-1,movi1243,Movima,392,ukʷam-pa-tiʔi,Phonemic,"magic, witchcraft, sorcery",judy1962,,,
22-430-285-1,movi1243,Movima,2137,ukʷam-pa,Phonemic,"sorcerer, witch",judy1962,,,
22-450-285-1,movi1243,Movima,1175,en̉-en-ra,Phonemic,"ghost, phantom",judy1962,,,
22-470-285-1,movi1243,Movima,107,pakeɬ-wanra,Phonemic,"omen, portent",judy1962,,,
