ID,Language_ID,Language_name,Parameter_ID,Value,Transcription,Concept,Source,Comment,AlternativeValue,AlternativeTranscription
14-290-835-1,west2394,KNB (a Pearic variety),790,pru:əm,phonetic,ready,,,,
14-280-835-1,west2394,KNB (a Pearic variety),1928,chop,phonetic,"cease, stop",,,,
14-270-835-1,west2394,KNB (a Pearic variety),1766,rô:c,phonetic,finish,,,,
14-260-835-1,west2394,KNB (a Pearic variety),743,câp,phonetic,end (temporal),,,,
14-252-835-1,west2394,KNB (a Pearic variety),1186,thon,phonetic,"last, endure",,,,
14-250-835-1,west2394,KNB (a Pearic variety),1806,cap pâ:m,phonetic,"begin, beginning",,,,
14-240-835-1,west2394,KNB (a Pearic variety),425,thŋaj,phonetic,"retard, delay",,,,
14-230-835-1,west2394,KNB (a Pearic variety),754,pantɨən,phonetic,"hasten, hurry",,,,
14-220-835-1,west2394,KNB (a Pearic variety),701,cʔo:h,phonetic,slow,,,,
14-210-835-1,west2394,KNB (a Pearic variety),1631,lə̂:n,phonetic,"swift, fast, quick",,,,
14-190-835-1,west2394,KNB (a Pearic variety),1963,rnɛh,phonetic,immediately,,,,
14-180-835-1,west2394,KNB (a Pearic variety),1376,wli:ə nih,phonetic,now,,,,
14-170-835-1,west2394,KNB (a Pearic variety),477,thŋaj,phonetic,late,,,,
14-160-835-1,west2394,KNB (a Pearic variety),672,prɨʔ,phonetic,early,,,,
14-150-835-1,west2394,KNB (a Pearic variety),1229,cah,phonetic,old,,,,
14-140-835-1,west2394,KNB (a Pearic variety),1207,klâh kmom,phonetic,young,,,,
14-120-835-1,west2394,KNB (a Pearic variety),1789,ʔjo:h,phonetic,age,,,,
14-130-835-1,west2394,KNB (a Pearic variety),1231,thm̂j,phonetic,new,,,,
14-110-835-1,west2394,KNB (a Pearic variety),892,wli:ə,phonetic,time,,,,
13-440-835-1,west2394,KNB (a Pearic variety),417,b̂j dâ:ŋ,phonetic,three times,,,,
13-380-835-1,west2394,KNB (a Pearic variety),1546,pi: dâ:ŋ,phonetic,two times,,,,
13-370-835-1,west2394,KNB (a Pearic variety),1888,ku:,phonetic,pair,,,,
13-330-835-1,west2394,KNB (a Pearic variety),1580,tmô:j,phonetic,"alone, only",,,,
13-240-835-1,west2394,KNB (a Pearic variety),816,k-lah,phonetic,half,,,,
13-220-835-1,west2394,KNB (a Pearic variety),1624,ttî:,phonetic,empty,,,,
13-210-835-1,west2394,KNB (a Pearic variety),1429,pîń,phonetic,full,,,,
13-190-835-1,west2394,KNB (a Pearic variety),2023,pho:ŋ,phonetic,"multitude, crowd",,,,
13-181-835-1,west2394,KNB (a Pearic variety),1241,khlah,phonetic,some,,,,
13-170-835-1,west2394,KNB (a Pearic variety),1242,tɛc,phonetic,"little (quantity), few",,,,
13-180-835-1,west2394,KNB (a Pearic variety),1881,phɔ:,phonetic,enough,,,,
13-160-835-1,west2394,KNB (a Pearic variety),1992,cr̂:n ciəŋ,phonetic,more,,,,
13-150-835-1,west2394,KNB (a Pearic variety),1198,cr̂:n,phonetic,"much, many",,,,
13-140-835-1,west2394,KNB (a Pearic variety),98,tâŋ ʔâh,phonetic,"every, all",,,,
13-107-835-1,west2394,KNB (a Pearic variety),1420,rɨəp,phonetic,count,,,,
13-106-835-1,west2394,KNB (a Pearic variety),1843,pɨən,phonetic,thousand,,,,
13-105-835-1,west2394,KNB (a Pearic variety),1634,ru:əj,phonetic,hundred,,,,
13-104-835-1,west2394,KNB (a Pearic variety),1710,m-phî:,phonetic,twenty,,,,
13-103-835-1,west2394,KNB (a Pearic variety),1709,pram tnâp,phonetic,fifteen,,,,
13-102-835-1,west2394,KNB (a Pearic variety),1707,pi: tnap,phonetic,twelve,,,,
13-101-835-1,west2394,KNB (a Pearic variety),1706,m-tnâp,phonetic,eleven,,,,
13-100-835-1,west2394,KNB (a Pearic variety),1515,dâp,phonetic,ten,,,,
12-930-835-1,west2394,KNB (a Pearic variety),1264,pdo:r,phonetic,change,,,,
12-920-835-1,west2394,KNB (a Pearic variety),1558,ŝt khni:ə,phonetic,"like, similar",,,,
12-840-835-1,west2394,KNB (a Pearic variety),1048,sen     ( T.),phonetic,line,,,,
12-850-835-1,west2394,KNB (a Pearic variety),1667,pruəŋ (ruəŋ),phonetic,hole,,,,
12-830-835-1,west2394,KNB (a Pearic variety),1845,ko:nbɔ:n,phonetic,"sphere, ball",,,,
12-810-835-1,west2394,KNB (a Pearic variety),1395,krmol,phonetic,round,,,,
12-820-835-1,west2394,KNB (a Pearic variety),1467,woŋklom   ( T.),phonetic,circle,,,,
12-780-835-1,west2394,KNB (a Pearic variety),850,bô:n cru:ŋ,phonetic,square,,,,
12-770-835-1,west2394,KNB (a Pearic variety),1367,ka:-kba:t,phonetic,cross,,,,
12-760-835-1,west2394,KNB (a Pearic variety),192,cruŋ,phonetic,corner,,,,
12-750-835-1,west2394,KNB (a Pearic variety),1071,tkâʔ,phonetic,hook,,,,
12-740-835-1,west2394,KNB (a Pearic variety),297,wî:ʔ,phonetic,crooked,,,,
12-730-835-1,west2394,KNB (a Pearic variety),1404,trâŋ,phonetic,straight,,,,
12-710-835-1,west2394,KNB (a Pearic variety),1633,ri:əp,phonetic,flat,,,,
12-680-835-1,west2394,KNB (a Pearic variety),193,ri:əʔ,phonetic,shallow,,,,
12-670-835-1,west2394,KNB (a Pearic variety),1593,crə̂w,phonetic,deep,,,,
12-650-835-1,west2394,KNB (a Pearic variety),2249,sd̂:ŋ,phonetic,thin (in dimension),,,,
12-630-835-1,west2394,KNB (a Pearic variety),1244,kra:h,phonetic,thick (in dimension),,,,
12-620-835-1,west2394,KNB (a Pearic variety),1267,caŋʔî:t,phonetic,narrow,,,,
12-610-835-1,west2394,KNB (a Pearic variety),1243,tli:əj,phonetic,"wide, broad",,,,
12-590-835-1,west2394,KNB (a Pearic variety),1645,kl̂j,phonetic,short,,,,
12-590-835-2,west2394,KNB (a Pearic variety),1645,ti:əp,phonetic,short,,,,
12-580-835-1,west2394,KNB (a Pearic variety),711,kpuəh,phonetic,tall,,,,
12-570-835-1,west2394,KNB (a Pearic variety),1203,we:ń,phonetic,long,,,,
12-560-835-1,west2394,KNB (a Pearic variety),1246,tu:c,phonetic,"small, little",,,,
12-550-835-1,west2394,KNB (a Pearic variety),1202,thom,phonetic,"large, big",,,,
12-541-835-1,west2394,KNB (a Pearic variety),81,rjiəʔ chŋa:j,phonetic,"span, fathom",,,,
12-530-835-1,west2394,KNB (a Pearic variety),479,thom,phonetic,grow,,,,
12-480-835-1,west2394,KNB (a Pearic variety),1595,ʔî: tbo:ŋ,phonetic,south,,,,
12-470-835-1,west2394,KNB (a Pearic variety),1598,ʔî cə̂:ŋ,phonetic,north,,,,
12-460-835-1,west2394,KNB (a Pearic variety),1817,ʔî: lɛc,phonetic,west,,,,
12-450-835-1,west2394,KNB (a Pearic variety),1877,ʔî: k̂:t,phonetic,east,,,,
12-430-835-1,west2394,KNB (a Pearic variety),1942,bî:t,phonetic,near (adv),,,,
12-430-835-2,west2394,KNB (a Pearic variety),1942,chŋa:j,phonetic,near (adv),,,,
12-420-835-1,west2394,KNB (a Pearic variety),244,chwe:ń,phonetic,left (side),,,,
12-410-835-1,west2394,KNB (a Pearic variety),1019,sdam,phonetic,right (side),,,,
12-370-835-1,west2394,KNB (a Pearic variety),1093,kna:l,phonetic,"middle, center",,,,
12-360-835-1,west2394,KNB (a Pearic variety),682,kha:ŋ kha:ŋ,phonetic,side,,,,
12-352-835-1,west2394,KNB (a Pearic variety),372,srô:c,phonetic,pointed,,,,
12-350-835-1,west2394,KNB (a Pearic variety),742,câp,phonetic,end,,,,
12-340-835-1,west2394,KNB (a Pearic variety),690,krɔ:m,phonetic,bottom,,,,
12-320-835-1,west2394,KNB (a Pearic variety),721,ti:əp,phonetic,low,,,,
12-330-835-1,west2394,KNB (a Pearic variety),1753,ʔî: lə̂: phɔt,phonetic,top,,,,
12-310-835-1,west2394,KNB (a Pearic variety),1265,kpuəh,phonetic,high,,,,
12-270-835-1,west2394,KNB (a Pearic variety),602,liəʔ,phonetic,"hide, conceal",,,,
12-250-835-1,west2394,KNB (a Pearic variety),1046,kb̂t,phonetic,"shut, close",,,,
12-260-835-1,west2394,KNB (a Pearic variety),761,kru:əp,phonetic,cover,,,,
12-240-835-1,west2394,KNB (a Pearic variety),1156,b̂:ʔ,phonetic,open,,,,
12-232-835-1,west2394,KNB (a Pearic variety),1119,cɛ:ʔ,phonetic,divide,,,,
12-230-835-1,west2394,KNB (a Pearic variety),1359,pmɛ:ʔ,phonetic,separate,,,,
12-220-835-1,west2394,KNB (a Pearic variety),1743,psa:r,phonetic,"join, unite",,,,
12-213-835-1,west2394,KNB (a Pearic variety),1576,knu:ər,phonetic,pile up,,,,
12-212-835-1,west2394,KNB (a Pearic variety),371,bɛh,phonetic,pick up,,,,
12-210-835-1,west2394,KNB (a Pearic variety),7,psâm,phonetic,"collect, gather",,,,
12-170-835-1,west2394,KNB (a Pearic variety),838,sâl,phonetic,"remains, left overs",,,,
12-160-835-1,west2394,KNB (a Pearic variety),987,nəw,phonetic,"remain, stay",,,,
12-150-835-1,west2394,KNB (a Pearic variety),1442,chu:ər,phonetic,stand,,,,
12-140-835-1,west2394,KNB (a Pearic variety),215,de:ʔ,phonetic,lie down,,,,
12-130-835-1,west2394,KNB (a Pearic variety),1416,ŋkuj,phonetic,sit,,,,
12-120-835-1,west2394,KNB (a Pearic variety),998,daʔ,phonetic,put,,,,
12-110-835-1,west2394,KNB (a Pearic variety),723,bɔ:n,phonetic,place,,,,
11-920-835-1,west2394,KNB (a Pearic variety),1098,thl̂ŋ,phonetic,weigh,,,,
11-910-835-1,west2394,KNB (a Pearic variety),884,cɛ:ʔ,phonetic,share (distribute),,,,
11-890-835-1,west2394,KNB (a Pearic variety),1887,thɔ:ʔ,phonetic,cheap,,,,
11-880-835-1,west2394,KNB (a Pearic variety),1426,thlaj,phonetic,"dear (costly, expensive)",,,,
11-870-835-1,west2394,KNB (a Pearic variety),657,rkha:     ( T.),phonetic,price,,,,
11-860-835-1,west2394,KNB (a Pearic variety),752,ri:ən,phonetic,"store, shop",,,,
11-850-835-1,west2394,KNB (a Pearic variety),633,tla:t      ( T.),phonetic,market (place),,,,
11-840-835-1,west2394,KNB (a Pearic variety),1082,niəʔ luəʔ rbâh,phonetic,merchant,,,,
11-830-835-1,west2394,KNB (a Pearic variety),2135,luəʔ do:r,phonetic,"trade, barter",,,,
11-820-835-1,west2394,KNB (a Pearic variety),1571,luəʔ,phonetic,sell,,,,
11-810-835-1,west2394,KNB (a Pearic variety),1869,tiń,phonetic,buy,,,,
11-790-835-1,west2394,KNB (a Pearic variety),733,mi:ən ra:j da:j  ( K.+T.),phonetic,earn,,,,
11-780-835-1,west2394,KNB (a Pearic variety),1122,kha: chnô:l,phonetic,wages,,,,
11-770-835-1,west2394,KNB (a Pearic variety),856,cô:l,phonetic,hire,,,,
11-690-835-1,west2394,KNB (a Pearic variety),873,phsi:  ( T.),phonetic,"tax, tribute",,,,
11-660-835-1,west2394,KNB (a Pearic variety),1081,kɨt banci:  (K.+T.),phonetic,"account, reckoning",,,,
11-650-835-1,west2394,KNB (a Pearic variety),718,ca:j,phonetic,pay (vb),,,,
11-640-835-1,west2394,KNB (a Pearic variety),1914,cpiəʔ,phonetic,debt,,,,
11-630-835-1,west2394,KNB (a Pearic variety),369,cpiəʔ kî:,phonetic,owe,,,,
11-620-835-1,west2394,KNB (a Pearic variety),1823,kĉj,phonetic,borrow,,,,
11-620-835-2,west2394,KNB (a Pearic variety),1823,bɔl,phonetic,borrow,,,,
11-610-835-1,west2394,KNB (a Pearic variety),582,ʔɔ:j kĉj,phonetic,lend,,,,
11-540-835-1,west2394,KNB (a Pearic variety),1774,lʔî:t,phonetic,"avaricious, stingy",,,,
11-530-835-1,west2394,KNB (a Pearic variety),1934,somti:ən,phonetic,beggar,,,,
11-520-835-1,west2394,KNB (a Pearic variety),1674,ksât,phonetic,poor,,,,
11-510-835-1,west2394,KNB (a Pearic variety),712,mi:ən,phonetic,rich,,,,
11-440-835-1,west2394,KNB (a Pearic variety),1867,sta:ŋ li:əŋ  ( T.),phonetic,coin,,,,
11-430-835-1,west2394,KNB (a Pearic variety),1559,staŋ   ( T.),phonetic,money,,,,
11-330-835-1,west2394,KNB (a Pearic variety),1660,kho:c,phonetic,lose,,,,
11-320-835-1,west2394,KNB (a Pearic variety),719,ru:ə,phonetic,find,,,,
11-310-835-1,west2394,KNB (a Pearic variety),1468,ru:ə,phonetic,"seek, look for",,,,
11-280-835-1,west2394,KNB (a Pearic variety),44,kho:c,phonetic,"harm, injure, damage",,,,
11-280-835-2,west2394,KNB (a Pearic variety),44,chɨ:,phonetic,"harm, injure, damage",,,,
11-270-835-1,west2394,KNB (a Pearic variety),681,tanli:əj,phonetic,destroy,,,,
11-250-835-1,west2394,KNB (a Pearic variety),2008,cô:j,phonetic,"save, rescue",,,,
11-240-835-1,west2394,KNB (a Pearic variety),1997,mə̂:,phonetic,"preserve, look after",,,,
11-220-835-1,west2394,KNB (a Pearic variety),85,ʔɔ:j wiń,phonetic,give back,,,,
11-210-835-1,west2394,KNB (a Pearic variety),1447,ʔɔ:j,phonetic,give,,,,
11-180-835-1,west2394,KNB (a Pearic variety),738,rbâh,phonetic,thing,,,,
11-160-835-1,west2394,KNB (a Pearic variety),694,ba:n,phonetic,"get, obtain",,,,
11-150-835-1,west2394,KNB (a Pearic variety),1448,kan,phonetic,hold,,,,
11-140-835-1,west2394,KNB (a Pearic variety),2021,kdap,phonetic,"seize, grasp",,,,
11-130-835-1,west2394,KNB (a Pearic variety),1749,ju:ə,phonetic,take,,,,
11-120-835-1,west2394,KNB (a Pearic variety),684,mcah,phonetic,"own, possess",,,,
11-110-835-1,west2394,KNB (a Pearic variety),773,mi:ən,phonetic,have,,,,
10-920-835-1,west2394,KNB (a Pearic variety),1922,l̂:ŋ kô:ʔ,phonetic,land (vb),,,,
10-860-835-1,west2394,KNB (a Pearic variety),108,ktuj tu:ʔ,phonetic,rudder,,,,
10-851-835-1,west2394,KNB (a Pearic variety),234,pi:əj,phonetic,paddle (noun),,,,
10-850-835-1,west2394,KNB (a Pearic variety),108,m-nɨh cɛw tu:ʔ,phonetic,oar,,,,
10-830-835-1,west2394,KNB (a Pearic variety),1844,tu:ʔ,phonetic,boat,,,,
10-780-835-1,west2394,KNB (a Pearic variety),14,nim,phonetic,yoke,,,,
10-770-835-1,west2394,KNB (a Pearic variety),1769,phlə̂w,phonetic,axle,,,,
10-760-835-1,west2394,KNB (a Pearic variety),710,kâŋ,phonetic,wheel,,,,
10-750-835-1,west2394,KNB (a Pearic variety),122,rteh,phonetic,"carriage, wagon, cart",,,,
10-740-835-1,west2394,KNB (a Pearic variety),1011,spi:ən,phonetic,bridge,,,,
10-720-835-1,west2394,KNB (a Pearic variety),2252,phlɔw d̂:r,phonetic,path,,,,
10-710-835-1,west2394,KNB (a Pearic variety),667,phlɔw,phonetic,road,,,,
10-670-835-1,west2394,KNB (a Pearic variety),1452,ruń,phonetic,"push, shove",,,,
10-670-835-2,west2394,KNB (a Pearic variety),1452,cra:n,phonetic,"push, shove",,,,
10-660-835-1,west2394,KNB (a Pearic variety),367,cih,phonetic,ride,,,,
10-650-835-1,west2394,KNB (a Pearic variety),741,bâ:r,phonetic,drive,,,,
10-640-835-1,west2394,KNB (a Pearic variety),43,nɨəm,phonetic,lead (vb),,,,
10-630-835-1,west2394,KNB (a Pearic variety),1127,cu:n,phonetic,send,,,,
10-620-835-1,west2394,KNB (a Pearic variety),692,ju:ə mo:,phonetic,bring,,,,
10-614-835-1,west2394,KNB (a Pearic variety),414,tu:l,phonetic,carry-on-head,,,,
10-613-835-1,west2394,KNB (a Pearic variety),413,li:,phonetic,carry-on-shoulder,,,,
10-612-835-1,west2394,KNB (a Pearic variety),412,kan,phonetic,carry-in-hand,,,,
10-610-835-1,west2394,KNB (a Pearic variety),700,li:,phonetic,carry (bear),,,,
10-570-835-1,west2394,KNB (a Pearic variety),749,co:l,phonetic,enter,,,,
10-560-835-1,west2394,KNB (a Pearic variety),1778,bi:t,phonetic,approach,,,,
10-550-835-1,west2394,KNB (a Pearic variety),1387,mo: dâl,phonetic,"reach, arrive",,,,
10-530-835-1,west2394,KNB (a Pearic variety),1047,dɛń,phonetic,pursue,,,,
10-520-835-1,west2394,KNB (a Pearic variety),1085,ta:m,phonetic,follow,,,,
10-510-835-1,west2394,KNB (a Pearic variety),956,pɨət,phonetic,flee,,,,
10-491-835-1,west2394,KNB (a Pearic variety),485,bat,phonetic,disappear,,,,
10-490-835-1,west2394,KNB (a Pearic variety),1752,d̂:l phlɔw,phonetic,"go away, depart",,,,
10-481-835-1,west2394,KNB (a Pearic variety),581,lâp,phonetic,come back,,,,
10-480-835-1,west2394,KNB (a Pearic variety),1446,mo:,phonetic,come,,,,
10-474-835-1,west2394,KNB (a Pearic variety),1107,ceń təw,phonetic,go out,,,,
10-473-835-1,west2394,KNB (a Pearic variety),2014,cɔh krɔ:m,phonetic,go down,,,,
10-472-835-1,west2394,KNB (a Pearic variety),1102,l̂:ŋ,phonetic,climb,,,,
10-470-835-1,west2394,KNB (a Pearic variety),695,təw,phonetic,go,,,,
10-471-835-1,west2394,KNB (a Pearic variety),705,l̂:ŋ lə̂:,phonetic,go up,,,,
10-460-835-1,west2394,KNB (a Pearic variety),1519,ruət,phonetic,run,,,,
10-451-835-1,west2394,KNB (a Pearic variety),366,phleʔphlaʔ,phonetic,limp,,,,
10-450-835-1,west2394,KNB (a Pearic variety),1443,d̂:r,phonetic,walk,,,,
10-440-835-1,west2394,KNB (a Pearic variety),1879,rɨəm,phonetic,dance,,,,
10-431-835-1,west2394,KNB (a Pearic variety),1135,tɨət,phonetic,kick,,,,
10-430-835-1,west2394,KNB (a Pearic variety),1829,lô:t,phonetic,"jump, leap",,,,
10-420-835-1,west2394,KNB (a Pearic variety),1324,rʔel,phonetic,"slide, slip",,,,
10-413-835-1,west2394,KNB (a Pearic variety),296,kra:p,phonetic,crouch,,,,
10-412-835-1,west2394,KNB (a Pearic variety),66,lu:t ckuəŋ,phonetic,kneel,,,,
10-410-835-1,west2394,KNB (a Pearic variety),96,wi:ər,phonetic,"creep, crawl",,,,
10-380-835-1,west2394,KNB (a Pearic variety),175,phluəm,phonetic,blow,,,,
10-380-835-2,west2394,KNB (a Pearic variety),175,rsat,phonetic,blow,,,,
10-370-835-1,west2394,KNB (a Pearic variety),1441,ĥ:r,phonetic,fly (vb),,,,
10-352-835-1,west2394,KNB (a Pearic variety),365,ŝ:m,phonetic,splash,,,,
10-351-835-1,west2394,KNB (a Pearic variety),119,muc,phonetic,dive,,,,
10-350-835-1,west2394,KNB (a Pearic variety),1439,hɛ:l,phonetic,swim,,,,
10-340-835-1,west2394,KNB (a Pearic variety),1574,nnɛ:t,phonetic,float,,,,
10-330-835-1,west2394,KNB (a Pearic variety),1088,lic,phonetic,sink,,,,
10-320-835-1,west2394,KNB (a Pearic variety),2003,ho:r,phonetic,flow,,,,
10-260-835-1,west2394,KNB (a Pearic variety),1909,ŋrô:n,phonetic,shake,,,,
10-252-835-1,west2394,KNB (a Pearic variety),702,cap,phonetic,catch (ball),,,,
10-250-835-1,west2394,KNB (a Pearic variety),1456,cɔ:l,phonetic,throw,,,,
10-240-835-1,west2394,KNB (a Pearic variety),2253,srâʔ,phonetic,drip,,,,
10-230-835-1,west2394,KNB (a Pearic variety),1280,khli:əʔ,phonetic,fall,,,,
10-220-835-1,west2394,KNB (a Pearic variety),501,lə̂:ʔ,phonetic,"raise, lift",,,,
10-210-835-1,west2394,KNB (a Pearic variety),568,l̂:ŋ,phonetic,rise,,,,
10-170-835-1,west2394,KNB (a Pearic variety),430,tbar,phonetic,twist,,,,
10-170-835-2,west2394,KNB (a Pearic variety),430,mô:l,phonetic,twist,,,,
10-160-835-1,west2394,KNB (a Pearic variety),808,khli:əʔ,phonetic,drop (vb),,,,
10-150-835-1,west2394,KNB (a Pearic variety),827,mu:r,phonetic,roll,,,,
10-140-835-1,west2394,KNB (a Pearic variety),1113,mu:r,phonetic,"wind, wrap",,,,
10-140-835-2,west2394,KNB (a Pearic variety),1113,kâncap,phonetic,"wind, wrap",,,,
10-130-835-1,west2394,KNB (a Pearic variety),1445,wil,phonetic,turn around,,,,
10-120-835-1,west2394,KNB (a Pearic variety),1588,pkap,phonetic,turn over,,,,
10-110-835-1,west2394,KNB (a Pearic variety),765,kanr̂:ʔ,phonetic,move,,,,
9-890-835-1,west2394,KNB (a Pearic variety),2001,li:əp si:  (K+T),phonetic,paint (vb),,,,
9-840-835-1,west2394,KNB (a Pearic variety),1979,dɛ:ʔ dap,phonetic,chisel,,,,
9-880-835-1,west2394,KNB (a Pearic variety),647,si:     ( T.),phonetic,paint (noun),,,,
9-791-835-1,west2394,KNB (a Pearic variety),360,bâʔ,phonetic,fan (vb),,,,
9-790-835-1,west2394,KNB (a Pearic variety),1971,phatlom  ( T.),phonetic,fan (noun),,,,
9-780-835-1,west2394,KNB (a Pearic variety),293,baw,phonetic,netbag,,,,
9-771-835-1,west2394,KNB (a Pearic variety),292,phô:j,phonetic,rug,,,,
9-770-835-1,west2394,KNB (a Pearic variety),195,ktî:l,phonetic,mat,,,,
9-760-835-1,west2394,KNB (a Pearic variety),1539,ci:əl,phonetic,basket,,,,
9-740-835-1,west2394,KNB (a Pearic variety),604,kcâʔ,phonetic,glass,,,,
9-730-835-1,west2394,KNB (a Pearic variety),1399,d̂j ʔ̂t,phonetic,clay,,,,
9-720-835-1,west2394,KNB (a Pearic variety),289,d̂j phɔr,phonetic,mold (clay etc),,,,
9-670-835-1,west2394,KNB (a Pearic variety),621,dɛ:ʔ,phonetic,iron,,,,
9-660-835-1,west2394,KNB (a Pearic variety),1825,kaŋhe:n,phonetic,"copper, bronze",,,,
9-650-835-1,west2394,KNB (a Pearic variety),759,praʔ,phonetic,silver,,,,
9-640-835-1,west2394,KNB (a Pearic variety),1369,mi:əh,phonetic,gold,,,,
9-620-835-1,west2394,KNB (a Pearic variety),1648,tkâl,phonetic,anvil,,,,
9-610-835-1,west2394,KNB (a Pearic variety),288,dâm dɛ:ʔ,phonetic,forge,,,,
9-600-835-1,west2394,KNB (a Pearic variety),1001,ci:əń dâm dɛ:ʔ,phonetic,"smith, blacksmith",,,,
9-560-835-1,west2394,KNB (a Pearic variety),1069,cɨər,phonetic,glue,,,,
9-500-835-1,west2394,KNB (a Pearic variety),502,dɛ:ʔ tpu:,phonetic,nail,,,,
9-490-835-1,west2394,KNB (a Pearic variety),1481,nlu:ŋ,phonetic,hammer,,,,
9-480-835-1,west2394,KNB (a Pearic variety),1948,dɛ:ʔ ʔn̂r,phonetic,saw,,,,
9-461-835-1,west2394,KNB (a Pearic variety),46,ci:ʔ ceń,phonetic,hollow out,,,,
9-460-835-1,west2394,KNB (a Pearic variety),1501,ckî:l,phonetic,bore,,,,
9-440-835-1,west2394,KNB (a Pearic variety),1840,lə̂:ʔ,phonetic,build,,,,
9-430-835-1,west2394,KNB (a Pearic variety),1042,ci:əń chə:,phonetic,carpenter,,,,
9-422-835-1,west2394,KNB (a Pearic variety),1361,krə̂:ŋ daj,phonetic,tool,,,,
9-380-835-1,west2394,KNB (a Pearic variety),245,râmbɔ:h,phonetic,broom,,,,
9-360-835-1,west2394,KNB (a Pearic variety),1453,li:əŋ,phonetic,wash,,,,
9-370-835-1,west2394,KNB (a Pearic variety),230,bɔ:h,phonetic,sweep,,,,
9-350-835-1,west2394,KNB (a Pearic variety),1487,srɔ:c,phonetic,pour,,,,
9-343-835-1,west2394,KNB (a Pearic variety),1414,mô:l,phonetic,"squeeze, wring",,,,
9-343-835-2,west2394,KNB (a Pearic variety),1414,clîc,phonetic,"squeeze, wring",,,,
9-342-835-1,west2394,KNB (a Pearic variety),1913,skât,phonetic,press,,,,
9-341-835-1,west2394,KNB (a Pearic variety),357,pjô:r,phonetic,hang up,,,,
9-340-835-1,west2394,KNB (a Pearic variety),38,kti:ət,phonetic,spread out,,,,
9-330-835-1,west2394,KNB (a Pearic variety),1455,ti:əń,phonetic,pull,,,,
9-330-835-2,west2394,KNB (a Pearic variety),1455,ʔo:h,phonetic,pull,,,,
9-310-835-1,west2394,KNB (a Pearic variety),1449,clîc,phonetic,"rub, wipe",,,,
9-290-835-1,west2394,KNB (a Pearic variety),291,lɨət,phonetic,"flay, skin",,,,
9-280-835-1,west2394,KNB (a Pearic variety),1735,hɛ:ʔ,phonetic,tear,,,,
9-270-835-1,west2394,KNB (a Pearic variety),1437,puh,phonetic,split,,,,
9-261-835-1,west2394,KNB (a Pearic variety),588,baʔ,phonetic,broken,,,,
9-260-835-1,west2394,KNB (a Pearic variety),680,bɛ:ʔ,phonetic,break,,,,
9-250-835-1,west2394,KNB (a Pearic variety),677,baʔthaw,phonetic,ax,,,,
9-251-835-1,west2394,KNB (a Pearic variety),290,ha:l,phonetic,adze,,,,
9-240-835-1,west2394,KNB (a Pearic variety),356,ktraj,phonetic,"scissors, shears",,,,
9-230-835-1,west2394,KNB (a Pearic variety),1352,kmet,phonetic,knife,,,,
9-223-835-1,west2394,KNB (a Pearic variety),1434,caʔ,phonetic,stab,,,,
9-222-835-1,west2394,KNB (a Pearic variety),155,ka:p,phonetic,"chop, hew",,,,
9-220-835-1,west2394,KNB (a Pearic variety),1432,kat,phonetic,cut,,,,
9-220-835-2,west2394,KNB (a Pearic variety),1432,han,phonetic,cut,,,,
9-211-835-1,west2394,KNB (a Pearic variety),354,dâl,phonetic,pound with fist,,,,
9-210-835-1,west2394,KNB (a Pearic variety),2133,ŵj,phonetic,"strike (hit, beat)",,,,
9-210-835-2,west2394,KNB (a Pearic variety),2133,kuəʔ,phonetic,"strike (hit, beat)",,,,
9-192-835-1,west2394,KNB (a Pearic variety),760,pom   ( T.),phonetic,knot (noun),,,,
9-190-835-1,west2394,KNB (a Pearic variety),1218,ksɛ:,phonetic,"rope, cord",,,,
9-180-835-1,west2394,KNB (a Pearic variety),1627,cwaʔ,phonetic,chain,,,,
9-161-835-1,west2394,KNB (a Pearic variety),352,sra:j,phonetic,untie,,,,
9-160-835-1,west2394,KNB (a Pearic variety),1917,câ:ŋ,phonetic,"tie, bind",,,,
9-150-835-1,west2394,KNB (a Pearic variety),1470,bât,phonetic,fold,,,,
9-140-835-1,west2394,KNB (a Pearic variety),2004,wîʔ,phonetic,bend,,,,
9-120-835-1,west2394,KNB (a Pearic variety),984,thə: ka:r,phonetic,work,,,,
9-110-835-1,west2394,KNB (a Pearic variety),2575,thə:,phonetic,"do, make",,,,
8-980-835-1,west2394,KNB (a Pearic variety),641,pŝt,phonetic,mushroom,,,,
8-970-835-1,west2394,KNB (a Pearic variety),33,tamjɛ:  ( T.),phonetic,nettle,,,,
8-941-835-1,west2394,KNB (a Pearic variety),146,mpə̂w,phonetic,sugar cane,,,,
8-940-835-1,west2394,KNB (a Pearic variety),1927,rŝj,phonetic,bamboo,,,,
8-931-835-1,west2394,KNB (a Pearic variety),864,rpəw,phonetic,"pumpkin, squash",,,,
8-931-835-2,west2394,KNB (a Pearic variety),864,caʔ (cucumber),phonetic,"pumpkin, squash",,,,
8-931-835-3,west2394,KNB (a Pearic variety),864,khlô:ʔ,phonetic,"pumpkin, squash",,,,
8-930-835-1,west2394,KNB (a Pearic variety),411,rnô:ŋ,phonetic,gourd,,,,
8-920-835-1,west2394,KNB (a Pearic variety),925,tlo:ŋ ku:ər,phonetic,"tapioca, manioc, cassava",,,,
8-912-835-1,west2394,KNB (a Pearic variety),410,tlo:ŋ chwi:ə,phonetic,yam,,,,
8-850-835-1,west2394,KNB (a Pearic variety),346,crî:,phonetic,banyan,,,,
8-840-835-1,west2394,KNB (a Pearic variety),868,d̂:m ce:ʔ,phonetic,banana tree,,,,
8-830-835-1,west2394,KNB (a Pearic variety),1126,kro:c,phonetic,citrus fruit,,,,
8-820-835-1,west2394,KNB (a Pearic variety),970,do:ŋ,phonetic,coconut,,,,
8-750-835-1,west2394,KNB (a Pearic variety),1204,smâ:ʔ,phonetic,bark,,,,
8-740-835-1,west2394,KNB (a Pearic variety),409,me:ʔ,phonetic,forked branch,,,,
8-730-835-1,west2394,KNB (a Pearic variety),344,me:ʔ,phonetic,tree trunk,,,,
8-720-835-1,west2394,KNB (a Pearic variety),241,kuəl chə:,phonetic,tree stump,,,,
8-691-835-1,west2394,KNB (a Pearic variety),1124,poŋpoj,phonetic,pipe,,,,
8-690-835-1,west2394,KNB (a Pearic variety),1689,cuəʔ,phonetic,smoke (tobacco),,,,
8-690-835-2,west2394,KNB (a Pearic variety),1689,thnam cuəʔ,phonetic,smoke (tobacco),,,,
8-680-835-1,west2394,KNB (a Pearic variety),974,khlîʔ thnam,phonetic,tobacco,,,,
8-640-835-1,west2394,KNB (a Pearic variety),1740,m-nɨəh CHECK,phonetic,pine,,,,
8-570-835-1,west2394,KNB (a Pearic variety),239,pka:,phonetic,flower,,,,
8-560-835-1,west2394,KNB (a Pearic variety),628,sl̂ʔ,phonetic,leaf,,,,
8-550-835-1,west2394,KNB (a Pearic variety),1531,me:ʔ,phonetic,branch,,,,
8-540-835-1,west2394,KNB (a Pearic variety),670,rɨh,phonetic,root,,,,
8-531-835-1,west2394,KNB (a Pearic variety),1486,dam,phonetic,plant (vb),,,,
8-520-835-1,west2394,KNB (a Pearic variety),342,cm̂:ŋ,phonetic,hay,,,,
8-510-835-1,west2394,KNB (a Pearic variety),606,smaw,phonetic,grass,,,,
8-480-835-1,west2394,KNB (a Pearic variety),926,ba:j,phonetic,rice,,,,
8-470-835-1,west2394,KNB (a Pearic variety),506,pô:t,phonetic,"maize, corn",,,,
8-420-835-1,west2394,KNB (a Pearic variety),605,krɨəp srɔw,phonetic,"grain (barley, oats etc)",,,,
8-410-835-1,west2394,KNB (a Pearic variety),611,cro:t,phonetic,"crop, harvest",,,,
8-350-835-1,west2394,KNB (a Pearic variety),223,li:ən,phonetic,threshing-floor,,,,
8-340-835-1,west2394,KNB (a Pearic variety),285,bɔ:ʔ,phonetic,thresh,,,,
8-330-835-1,west2394,KNB (a Pearic variety),2132,knî:w,phonetic,"sickle, scythe",,,,
8-320-835-1,west2394,KNB (a Pearic variety),190,criəh smaw,phonetic,"mow, reap",,,,
8-311-835-1,west2394,KNB (a Pearic variety),714,krɨəp,phonetic,seed,,,,
8-310-835-1,west2394,KNB (a Pearic variety),748,pruəh,phonetic,sow,,,,
8-270-835-1,west2394,KNB (a Pearic variety),338,rnɨəh,phonetic,rake,,,,
8-250-835-1,west2394,KNB (a Pearic variety),284,câ:p,phonetic,hoe,,,,
8-240-835-1,west2394,KNB (a Pearic variety),1901,pu:ə,phonetic,shovel,,,,
8-230-835-1,west2394,KNB (a Pearic variety),1176,cni:ʔ,phonetic,spade,,,,
8-212-835-1,west2394,KNB (a Pearic variety),1794,klu:əŋ ŋkɨəl,phonetic,furrow,,,,
8-220-835-1,west2394,KNB (a Pearic variety),1418,ci:ʔ,phonetic,dig,,,,
8-210-835-1,west2394,KNB (a Pearic variety),1921,ŋkɨəl,phonetic,plow,,,,
8-170-835-1,west2394,KNB (a Pearic variety),2002,pla:j,phonetic,ditch,,,,
8-160-835-1,west2394,KNB (a Pearic variety),1690,rbâ:ŋ,phonetic,fence,,,,
8-150-835-1,west2394,KNB (a Pearic variety),1541,dam,phonetic,"cultivate, till",,,,
8-130-835-1,west2394,KNB (a Pearic variety),586,sô:n,phonetic,garden,,,,
8-120-835-1,west2394,KNB (a Pearic variety),212,wi:əl srɛ:,phonetic,field (for cultivation),,,,
8-110-835-1,west2394,KNB (a Pearic variety),979,niəʔ srɛ:,phonetic,farmer,,,,
7-630-835-1,west2394,KNB (a Pearic variety),224,kmɔ:r sâ,phonetic,mortar,,,,
7-620-835-1,west2394,KNB (a Pearic variety),1006,ʔit  ( T.),phonetic,brick,,,,
7-610-835-1,west2394,KNB (a Pearic variety),877,ci:əń,phonetic,mason,,,,
7-570-835-1,west2394,KNB (a Pearic variety),1227,kda:r,phonetic,board,,,,
7-560-835-1,west2394,KNB (a Pearic variety),281,ca:r,phonetic,"post, pole",,,,
7-560-835-2,west2394,KNB (a Pearic variety),281,rnu:t,phonetic,"post, pole",,,,
7-540-835-1,west2394,KNB (a Pearic variety),829,cə̂:ŋ sɛh,phonetic,rafter,,,,
7-520-835-1,west2394,KNB (a Pearic variety),279,tmo:l ca:ʔ,phonetic,thatch,,,,
7-510-835-1,west2394,KNB (a Pearic variety),769,tmo:l,phonetic,roof,,,,
7-480-835-1,west2394,KNB (a Pearic variety),205,tru:ə,phonetic,trough,,,,
7-470-835-1,west2394,KNB (a Pearic variety),745,cɨən,phonetic,shelf,,,,
7-460-835-1,west2394,KNB (a Pearic variety),1273,tî:n,phonetic,candle,,,,
7-450-835-1,west2394,KNB (a Pearic variety),2131,ĉŋkî:ń,phonetic,"lamp, torch",,,,
7-440-835-1,west2394,KNB (a Pearic variety),1775,toʔ,phonetic,table,,,,
7-430-835-1,west2394,KNB (a Pearic variety),1476,toʔ ŋkuj,phonetic,chair,,,,
7-422-835-1,west2394,KNB (a Pearic variety),806,phô:j,phonetic,blanket,,,,
7-421-835-1,west2394,KNB (a Pearic variety),1044,khn̂:j,phonetic,pillow,,,,
7-420-835-1,west2394,KNB (a Pearic variety),1663,ti:əń,phonetic,bed,,,,
7-370-835-1,west2394,KNB (a Pearic variety),1464,cann̂:r,phonetic,ladder,,,,
7-320-835-1,west2394,KNB (a Pearic variety),859,taw,phonetic,stove,,,,
7-310-835-1,west2394,KNB (a Pearic variety),185,ĉŋkra:n,phonetic,fireplace,,,,
7-270-835-1,west2394,KNB (a Pearic variety),933,kanciəń,phonetic,wall,,,,
7-260-835-1,west2394,KNB (a Pearic variety),1632,kda:r,phonetic,floor,,,,
7-250-835-1,west2394,KNB (a Pearic variety),1375,na: ta:ŋ  ( T.),phonetic,window,,,,
7-240-835-1,west2394,KNB (a Pearic variety),1472,kancɛ:  ( T.),phonetic,key,,,,
7-231-835-1,west2394,KNB (a Pearic variety),1012,klɔ:n   ( T.),phonetic,"latch, door-bolt",,,,
7-210-835-1,west2394,KNB (a Pearic variety),1450,knɔŋ,phonetic,room,,,,
7-220-835-1,west2394,KNB (a Pearic variety),1567,thwi:ər,phonetic,"door, gate",,,,
7-170-835-1,west2394,KNB (a Pearic variety),334,krô:,phonetic,cookhouse,,,,
7-150-835-1,west2394,KNB (a Pearic variety),736,li:ən,phonetic,"yard, court",,,,
7-140-835-1,west2394,KNB (a Pearic variety),1316,ten  ( T.),phonetic,tent,,,,
7-130-835-1,west2394,KNB (a Pearic variety),1678,ktu:əm,phonetic,hut,,,,
7-120-835-1,west2394,KNB (a Pearic variety),1252,pti:əh,phonetic,house,,,,
7-110-835-1,west2394,KNB (a Pearic variety),363,nəw,phonetic,"dwell, live",,,,
6-960-835-1,west2394,KNB (a Pearic variety),1171,kâncâʔ,phonetic,mirror,,,,
6-950-835-1,west2394,KNB (a Pearic variety),788,sbu:,phonetic,soap,,,,
6-940-835-1,west2394,KNB (a Pearic variety),1926,krmô:n,phonetic,ointment,,,,
6-930-835-1,west2394,KNB (a Pearic variety),151,kmet kɔ:r,phonetic,razor,,,,
6-921-835-1,west2394,KNB (a Pearic variety),333,pi:ə  ( T.),phonetic,braid,,,,
6-910-835-1,west2394,KNB (a Pearic variety),1475,kra:h,phonetic,comb,,,,
6-820-835-1,west2394,KNB (a Pearic variety),1021,sbaj cu:t khlô:n,phonetic,towel,,,,
6-810-835-1,west2394,KNB (a Pearic variety),332,ksɛ:ń cu:t muʔ,phonetic,"handkerchief, rag",,,,
6-790-835-1,west2394,KNB (a Pearic variety),68,saʔ,phonetic,tattoo,,,,
6-770-835-1,west2394,KNB (a Pearic variety),770,tkaw,phonetic,earring,,,,
6-750-835-1,west2394,KNB (a Pearic variety),1961,ksɛ: kâ:,phonetic,necklace,,,,
6-740-835-1,west2394,KNB (a Pearic variety),1754,kâ:ŋ daj,phonetic,bracelet,,,,
6-730-835-1,west2394,KNB (a Pearic variety),1374,ncî:n,phonetic,ring (for finger),,,,
6-630-835-1,west2394,KNB (a Pearic variety),64,khem mut (T.),phonetic,pin,,,,
6-620-835-1,west2394,KNB (a Pearic variety),757,le:w,phonetic,button,,,,
6-610-835-1,west2394,KNB (a Pearic variety),1851,thaŋ ʔaw,phonetic,pocket,,,,
6-580-835-1,west2394,KNB (a Pearic variety),867,thâŋ daj,phonetic,glove,,,,
6-570-835-1,west2394,KNB (a Pearic variety),772,sɛ: kwat,phonetic,"belt, girdle",,,,
6-550-835-1,west2394,KNB (a Pearic variety),2130,mô:ʔ,phonetic,"hat, cap",,,,
6-540-835-1,west2394,KNB (a Pearic variety),875,ci:əń thə: cə̂:ŋ tnɨəp,phonetic,"shoemaker, cobbler",,,,
6-510-835-1,west2394,KNB (a Pearic variety),1381,cə̂:ŋ tnɨəp,phonetic,shoe,,,,
6-490-835-1,west2394,KNB (a Pearic variety),329,thâŋ cə̂:ŋ,phonetic,"stocking, sock",,,,
6-480-835-1,west2394,KNB (a Pearic variety),809,khɔ:,phonetic,trousers,,,,
6-460-835-1,west2394,KNB (a Pearic variety),1600,kpro:ŋ,phonetic,skirt,,,,
6-450-835-1,west2394,KNB (a Pearic variety),2012,kâ: ʔaw,phonetic,collar,,,,
6-440-835-1,west2394,KNB (a Pearic variety),1622,ʔaw chɔ:t (T.),phonetic,shirt,,,,
6-390-835-1,west2394,KNB (a Pearic variety),157,cluəʔ,phonetic,dye,,,,
6-380-835-1,west2394,KNB (a Pearic variety),1161,ce:h,phonetic,thread,,,,
6-360-835-1,west2394,KNB (a Pearic variety),1382,ncul,phonetic,needle,,,,
6-370-835-1,west2394,KNB (a Pearic variety),278,swa:n,phonetic,awl,,,,
6-350-835-1,west2394,KNB (a Pearic variety),1457,de:r,phonetic,sew,,,,
6-340-835-1,west2394,KNB (a Pearic variety),1787,thmîń chə:,phonetic,loom,,,,
6-330-835-1,west2394,KNB (a Pearic variety),133,tba:ń,phonetic,weave,,,,
6-320-835-1,west2394,KNB (a Pearic variety),277,krsô:j,phonetic,spindle,,,,
6-310-835-1,west2394,KNB (a Pearic variety),121,rwî:,phonetic,spin,,,,
6-290-835-1,west2394,KNB (a Pearic variety),629,sbɛ:ʔ,phonetic,leather,,,,
6-250-835-1,west2394,KNB (a Pearic variety),1641,so:t,phonetic,silk,,,,
6-240-835-1,west2394,KNB (a Pearic variety),1850,kba:h,phonetic,cotton,,,,
6-210-835-1,west2394,KNB (a Pearic variety),1616,khɔ: ʔaw,phonetic,cloth,,,,
6-130-835-1,west2394,KNB (a Pearic variety),881,ci:əń kat ʔaw,phonetic,tailor,,,,
6-120-835-1,west2394,KNB (a Pearic variety),1895,daʔ khɔ: ʔaw,phonetic,"clothing, clothes",,,,
6-110-835-1,west2394,KNB (a Pearic variety),158,thə: khlô:n,phonetic,put on (clothes),,,,
5-971-835-1,west2394,KNB (a Pearic variety),1556,pu:əŋ k-hâ:m,phonetic,egg yolk,,,,
5-970-835-1,west2394,KNB (a Pearic variety),744,pu:əŋ,phonetic,egg,,,,
5-940-835-1,west2394,KNB (a Pearic variety),404,sra:,phonetic,fermented drink,,,,
5-930-835-1,west2394,KNB (a Pearic variety),1639,bi:ə (T.),phonetic,beer,,,,
5-850-835-1,west2394,KNB (a Pearic variety),862,skâ:r,phonetic,sugar,,,,
5-860-835-1,west2394,KNB (a Pearic variety),635,tɨʔ dah,phonetic,milk (noun),,,,
5-840-835-1,west2394,KNB (a Pearic variety),942,tɨʔ khmum,phonetic,honey,,,,
5-821-835-1,west2394,KNB (a Pearic variety),919,mtîh phoŋ,phonetic,chili pepper,,,,
5-820-835-1,west2394,KNB (a Pearic variety),1385,m-rîc,phonetic,pepper,,,,
5-810-835-1,west2394,KNB (a Pearic variety),1274,mmel,phonetic,salt,,,,
5-791-835-1,west2394,KNB (a Pearic variety),323,khlań,phonetic,"grease, fat",,,,
5-790-835-1,west2394,KNB (a Pearic variety),1484,khlań,phonetic,oil,,,,
5-780-835-1,west2394,KNB (a Pearic variety),1154,mkaʔ,phonetic,olive,,,,
5-760-835-1,west2394,KNB (a Pearic variety),920,ʔŋun (T.),phonetic,grape,,,,
5-770-835-1,west2394,KNB (a Pearic variety),191,snɛ:ʔ,phonetic,nut,,,,
5-750-835-1,west2394,KNB (a Pearic variety),322,d̂:m crî:,phonetic,fig,,,,
5-710-835-1,west2394,KNB (a Pearic variety),1507,phlɛ: chə:,phonetic,fruit,,,,
5-660-835-1,west2394,KNB (a Pearic variety),832,snɛ:ʔ,phonetic,bean,,,,
5-650-835-1,west2394,KNB (a Pearic variety),924,nluəʔ,phonetic,vegetables,,,,
5-640-835-1,west2394,KNB (a Pearic variety),1547,tɨʔ slâ:,phonetic,"soup, broth",,,,
5-630-835-1,west2394,KNB (a Pearic variety),1874,sajkrɔ:ʔ (T.),phonetic,sausage,,,,
5-610-835-1,west2394,KNB (a Pearic variety),634,sac,phonetic,meat,,,,
5-590-835-1,west2394,KNB (a Pearic variety),225,nre:,phonetic,pestle,,,,
5-580-835-1,west2394,KNB (a Pearic variety),224,tbal,phonetic,mortar (2),,,,
5-570-835-1,west2394,KNB (a Pearic variety),636,sken,phonetic,mill,,,,
5-560-835-1,west2394,KNB (a Pearic variety),1033,ńîc,phonetic,"crush, grind",,,,
5-550-835-1,west2394,KNB (a Pearic variety),1594,msaw,phonetic,"meal, flour",,,,
5-540-835-1,west2394,KNB (a Pearic variety),274,chli:,phonetic,knead,,,,
5-490-835-1,west2394,KNB (a Pearic variety),2017,ko:r,phonetic,"stir, mix",,,,
5-480-835-1,west2394,KNB (a Pearic variety),1767,kɔ:h,phonetic,scrape,,,,
5-470-835-1,west2394,KNB (a Pearic variety),86,ktrâ:ŋ,phonetic,"sieve, strain",,,,
5-460-835-1,west2394,KNB (a Pearic variety),275,bâ:ʔ,phonetic,peel,,,,
5-450-835-1,west2394,KNB (a Pearic variety),1833,ba:j lŋi:əc,phonetic,supper,,,,
5-440-835-1,west2394,KNB (a Pearic variety),1833,ba:j lŋi:əc,phonetic,dinner,,,,
5-430-835-1,west2394,KNB (a Pearic variety),768,ba:j thŋaʔ,phonetic,lunch,,,,
5-420-835-1,west2394,KNB (a Pearic variety),1322,ba:j prɨʔ,phonetic,breakfast,,,,
5-391-835-1,west2394,KNB (a Pearic variety),272,tki:p,phonetic,tongs,,,,
5-380-835-1,west2394,KNB (a Pearic variety),1352,kmet,phonetic,knife (2),,,,
5-370-835-1,west2394,KNB (a Pearic variety),1378,châ:n (T.),phonetic,spoon,,,,
5-350-835-1,west2394,KNB (a Pearic variety),476,ca:ʔ,phonetic,"cup, drinking vessel",,,,
5-330-835-1,west2394,KNB (a Pearic variety),1530,ca:n kloʔ,phonetic,bowl,,,,
5-320-835-1,west2394,KNB (a Pearic variety),480,ca:n lɛ:t,phonetic,plate,,,,
5-310-835-1,west2394,KNB (a Pearic variety),481,ca:n,phonetic,dish,,,,
5-280-835-1,west2394,KNB (a Pearic variety),31,ktiəh,phonetic,pan,,,,
5-260-835-1,west2394,KNB (a Pearic variety),1462,chnaŋ,phonetic,"pot, cooking vessel",,,,
5-270-835-1,west2394,KNB (a Pearic variety),854,tkɔ:,phonetic,kettle,,,,
5-230-835-1,west2394,KNB (a Pearic variety),2146,ʔaŋ,phonetic,"roast, fry",,,,
5-230-835-2,west2394,KNB (a Pearic variety),2146,cʔ̂:r,phonetic,"roast, fry",,,,
5-220-835-1,west2394,KNB (a Pearic variety),792,sŋɔ:r,phonetic,boil (vb),,,,
5-210-835-1,west2394,KNB (a Pearic variety),1100,thə: ho:p,phonetic,cook,,,,
5-190-835-1,west2394,KNB (a Pearic variety),129,khluəʔ,phonetic,choke,,,,
5-181-835-1,west2394,KNB (a Pearic variety),897,lî:p,phonetic,swallow,,,,
5-180-835-1,west2394,KNB (a Pearic variety),321,tampi:ə,phonetic,chew,,,,
5-160-835-1,west2394,KNB (a Pearic variety),1421,du:t,phonetic,suck,,,,
5-150-835-1,west2394,KNB (a Pearic variety),848,sre:ʔ,phonetic,thirst,,,,
5-141-835-1,west2394,KNB (a Pearic variety),199,ʔât,phonetic,famine,,,,
5-140-835-1,west2394,KNB (a Pearic variety),1864,lwə̂:j,phonetic,hunger,,,,
5-130-835-1,west2394,KNB (a Pearic variety),1401,pĥʔ,phonetic,drink,,,,
5-125-835-1,west2394,KNB (a Pearic variety),1728,pʔo:m,phonetic,rotten,,,,
5-124-835-1,west2394,KNB (a Pearic variety),1958,kĉj,phonetic,"green, unripe",,,,
5-123-835-1,west2394,KNB (a Pearic variety),178,cʔ̂n,phonetic,ripe,,,,
5-122-835-1,west2394,KNB (a Pearic variety),1959,chaw,phonetic,raw,,,,
5-121-835-1,west2394,KNB (a Pearic variety),269,cʔ̂n,phonetic,cooked,,,,
5-120-835-1,west2394,KNB (a Pearic variety),256,maŋho:p,phonetic,food,,,,
5-110-835-1,west2394,KNB (a Pearic variety),1336,si:,phonetic,eat,,,,
4-990-835-1,west2394,KNB (a Pearic variety),590,sra:t,phonetic,"naked, bare",,,,
4-970-835-1,west2394,KNB (a Pearic variety),1653,phne:ʔ khwaʔ,phonetic,blind,,,,
4-980-835-1,west2394,KNB (a Pearic variety),1463,sŵŋ,phonetic,intoxicated,,,,
4-960-835-1,west2394,KNB (a Pearic variety),1666,kɨ:ʔ,phonetic,mute,,,,
4-950-835-1,west2394,KNB (a Pearic variety),996,tci:ʔ khlâŋ,phonetic,deaf,,,,
4-930-835-1,west2394,KNB (a Pearic variety),1125,tampe:ʔ,phonetic,bald,,,,
4-940-835-1,west2394,KNB (a Pearic variety),320,cə̂:ŋ khwen,phonetic,lame,,,,
4-920-835-1,west2394,KNB (a Pearic variety),1564,krcil,phonetic,lazy,,,,
4-912-835-1,west2394,KNB (a Pearic variety),168,chop,phonetic,rest,,,,
4-910-835-1,west2394,KNB (a Pearic variety),1757,nə̂:j,phonetic,"tired, weary",,,,
4-890-835-1,west2394,KNB (a Pearic variety),655,thnam pampul,phonetic,poison,,,,
4-880-835-1,west2394,KNB (a Pearic variety),1372,thnam,phonetic,"medicine, drug",,,,
4-870-835-1,west2394,KNB (a Pearic variety),597,ma: (T.),phonetic,physician,,,,
4-860-835-1,west2394,KNB (a Pearic variety),499,rsa:,phonetic,"cure, heal",,,,
4-858-835-1,west2394,KNB (a Pearic variety),497,sna:m,phonetic,scar,,,,
4-857-835-1,west2394,KNB (a Pearic variety),1808,ktuh,phonetic,pus,,,,
4-856-835-1,west2394,KNB (a Pearic variety),793,bo:h,phonetic,boil (noun),,,,
4-856-835-2,west2394,KNB (a Pearic variety),793,mun,phonetic,boil (noun),,,,
4-855-835-1,west2394,KNB (a Pearic variety),1584,pu:əŋ,phonetic,blister,,,,
4-854-835-1,west2394,KNB (a Pearic variety),148,ĥ:m,phonetic,itch,,,,
4-854-835-2,west2394,KNB (a Pearic variety),148,rmɨəh,phonetic,itch,,,,
4-852-835-1,west2394,KNB (a Pearic variety),1148,ktɨəm,phonetic,bruise,,,,
4-850-835-1,west2394,KNB (a Pearic variety),1109,tmaw,phonetic,"wound, sore",,,,
4-843-835-1,west2394,KNB (a Pearic variety),102,krun pdahsa:j,phonetic,cold (catarrh),,,,
4-842-835-1,west2394,KNB (a Pearic variety),1957,kâ: pu:əʔ,phonetic,goiter,,,,
4-841-835-1,west2394,KNB (a Pearic variety),1534,krun,phonetic,fever,,,,
4-840-835-1,west2394,KNB (a Pearic variety),1847,man srô:l,phonetic,"sick, sickness",,,,
4-830-835-1,west2394,KNB (a Pearic variety),1364,khlôn ci:ə lʔâ:,phonetic,"well, health",,,,
4-820-835-1,west2394,KNB (a Pearic variety),1601,lʔɛʔ lʔâʔ,phonetic,weak,,,,
4-810-835-1,west2394,KNB (a Pearic variety),785,khɛńrɛ:ń (T.),phonetic,"strong, mighty, powerful",,,,
4-790-835-1,west2394,KNB (a Pearic variety),1773,kô:ʔ khmɔ:c,phonetic,"grave, tomb",,,,
4-780-835-1,west2394,KNB (a Pearic variety),1719,kap,phonetic,bury (the dead),,,,
4-770-835-1,west2394,KNB (a Pearic variety),767,sop  (T.),phonetic,corpse,,,,
4-760-835-1,west2394,KNB (a Pearic variety),1417,slap,phonetic,kill,,,,
4-751-835-1,west2394,KNB (a Pearic variety),1904,luəŋ tɨʔ ŋɨəp,phonetic,drowned,,,,
4-750-835-1,west2394,KNB (a Pearic variety),1494,ŋɨəp,phonetic,"die, dead",,,,
4-740-835-1,west2394,KNB (a Pearic variety),1422,ruəh,phonetic,"live, living, life",,,,
4-732-835-1,west2394,KNB (a Pearic variety),1087,kɨt,phonetic,conceive,,,,
4-730-835-1,west2394,KNB (a Pearic variety),1123,puəh thɔm  (polite),phonetic,pregnant,,,,
4-720-835-1,west2394,KNB (a Pearic variety),1090,k̂:t,phonetic,born (to be),,,,
4-690-835-1,west2394,KNB (a Pearic variety),138,ŋu:t,phonetic,bathe,,,,
4-680-835-1,west2394,KNB (a Pearic variety),52,ńɨər,phonetic,shiver,,,,
4-670-835-1,west2394,KNB (a Pearic variety),1785,coj khni:ə,phonetic,have sexual intercourse,,,,
4-660-835-1,west2394,KNB (a Pearic variety),676,cuh ʔac,phonetic,defecate,,,,
4-650-835-1,west2394,KNB (a Pearic variety),592,nô:m,phonetic,urinate,,,,
4-640-835-1,west2394,KNB (a Pearic variety),1159,ĥ:m puəh,phonetic,break wind,,,,
4-630-835-1,west2394,KNB (a Pearic variety),1602,krɔ:ʔ,phonetic,wake up,,,,
4-620-835-1,west2394,KNB (a Pearic variety),1920,rsâp,phonetic,dream,,,,
4-612-835-1,west2394,KNB (a Pearic variety),1983,smɔʔ,phonetic,snore,,,,
4-610-835-1,west2394,KNB (a Pearic variety),1585,de:ʔ luəʔ,phonetic,sleep,,,,
4-590-835-1,west2394,KNB (a Pearic variety),319,lit,phonetic,lick,,,,
4-580-835-1,west2394,KNB (a Pearic variety),1403,kham,phonetic,bite,,,,
4-570-835-1,west2394,KNB (a Pearic variety),1278,kʔô:t,phonetic,vomit,,,,
4-560-835-1,west2394,KNB (a Pearic variety),1440,tɨʔ mɨət,phonetic,spit,,,,
4-550-835-1,west2394,KNB (a Pearic variety),126,bɛʔ ńə̂:h,phonetic,perspire,,,,
4-540-835-1,west2394,KNB (a Pearic variety),1621,knah,phonetic,sneeze,,,,
4-530-835-1,west2394,KNB (a Pearic variety),879,kʔâ:ʔ,phonetic,cough,,,,
4-521-835-1,west2394,KNB (a Pearic variety),162,tʔ̂:ʔ,phonetic,hiccough,,,,
4-520-835-1,west2394,KNB (a Pearic variety),1028,sna:p,phonetic,"yawn, gape",,,,
4-510-835-1,west2394,KNB (a Pearic variety),1407,dâ:ʔ tâŋĥ:m,phonetic,"breathe, breath",,,,
4-492-835-1,west2394,KNB (a Pearic variety),1222,kdâ:,phonetic,penis,,,,
4-490-835-1,west2394,KNB (a Pearic variety),797,puə:ŋ kdâ:,phonetic,testicle,,,,
4-470-835-1,west2394,KNB (a Pearic variety),804,sbo:n,phonetic,womb,,,,
4-464-835-1,west2394,KNB (a Pearic variety),834,tpô:ʔ,phonetic,buttocks,,,,
4-463-835-1,west2394,KNB (a Pearic variety),1745,tki:əʔ,phonetic,hip,,,,
4-462-835-1,west2394,KNB (a Pearic variety),1681,caŋkɛh,phonetic,waist,,,,
4-461-835-1,west2394,KNB (a Pearic variety),1991,puəh wi:n,phonetic,"intestines, guts",,,,
4-460-835-1,west2394,KNB (a Pearic variety),819,puəh,phonetic,stomach,,,,
4-451-835-1,west2394,KNB (a Pearic variety),489,kli:n,phonetic,kidney,,,,
4-450-835-1,west2394,KNB (a Pearic variety),1224,khl̂:m,phonetic,liver,,,,
4-441-835-1,west2394,KNB (a Pearic variety),688,sô:t,phonetic,lung,,,,
4-440-835-1,west2394,KNB (a Pearic variety),1223,ba:j do:ŋ,phonetic,heart,,,,
4-430-835-1,west2394,KNB (a Pearic variety),1838,pĉt,phonetic,navel,,,,
4-412-835-1,west2394,KNB (a Pearic variety),796,kba:l dâh,phonetic,"nipple, teat",,,,
4-410-835-1,west2394,KNB (a Pearic variety),1402,dâh,phonetic,breast (of woman),,,,
4-400-835-1,west2394,KNB (a Pearic variety),1592,tru:ŋ,phonetic,chest,,,,
4-393-835-1,west2394,KNB (a Pearic variety),1201,mmî:h,phonetic,feather,,,,
4-392-835-1,west2394,KNB (a Pearic variety),1257,sla:p,phonetic,wing,,,,
4-380-835-1,west2394,KNB (a Pearic variety),1389,mri:əm cə̂:ŋ,phonetic,toe,,,,
4-374-835-1,west2394,KNB (a Pearic variety),318,klu:əŋ cə̂:ŋ,phonetic,footprint,,,,
4-372-835-1,west2394,KNB (a Pearic variety),980,ckɔ:j cə̂:ŋ,phonetic,heel,,,,
4-371-835-1,west2394,KNB (a Pearic variety),803,kâ: cə̂:ŋ,phonetic,ankle,,,,
4-370-835-1,west2394,KNB (a Pearic variety),1301,cə̂:ŋ,phonetic,foot,,,,
4-360-835-1,west2394,KNB (a Pearic variety),1371,kba:l ckuəŋ,phonetic,knee,,,,
4-352-835-1,west2394,KNB (a Pearic variety),498,phluət cə̂:ŋ,phonetic,calf of leg,,,,
4-351-835-1,west2394,KNB (a Pearic variety),800,phlôw,phonetic,thigh,,,,
4-350-835-1,west2394,KNB (a Pearic variety),1297,cə̂:ŋ,phonetic,leg,,,,
4-344-835-1,west2394,KNB (a Pearic variety),1258,kcâ:ʔ,phonetic,fingernail,,,,
4-342-835-1,west2394,KNB (a Pearic variety),1781,mi: daj,phonetic,thumb,,,,
4-340-835-1,west2394,KNB (a Pearic variety),1303,mri:əm,phonetic,finger,,,,
4-331-835-1,west2394,KNB (a Pearic variety),1183,ba:t daj,phonetic,palm of hand,,,,
4-330-835-1,west2394,KNB (a Pearic variety),1277,daj,phonetic,hand,,,,
4-321-835-1,west2394,KNB (a Pearic variety),799,kâ: daj,phonetic,wrist,,,,
4-320-835-1,west2394,KNB (a Pearic variety),981,sɔ:ʔ,phonetic,elbow,,,,
4-312-835-1,west2394,KNB (a Pearic variety),1886,kli:ʔ,phonetic,armpit,,,,
4-310-835-1,west2394,KNB (a Pearic variety),1673,daj,phonetic,arm,,,,
4-301-835-1,west2394,KNB (a Pearic variety),172,cʔ̂ŋ clâ:,phonetic,shoulderblade,,,,
4-300-835-1,west2394,KNB (a Pearic variety),1482,sma:,phonetic,shoulder,,,,
4-290-835-1,west2394,KNB (a Pearic variety),1346,mpuəŋ kâ:,phonetic,throat,,,,
4-281-835-1,west2394,KNB (a Pearic variety),1347,kuəl kâ:,phonetic,nape of neck,,,,
4-280-835-1,west2394,KNB (a Pearic variety),1333,kâ:,phonetic,neck,,,,
4-272-835-1,west2394,KNB (a Pearic variety),1049,thmiń tkɨ:əm,phonetic,molartooth,,,,
4-270-835-1,west2394,KNB (a Pearic variety),1380,thmiń,phonetic,tooth,,,,
4-271-835-1,west2394,KNB (a Pearic variety),139,phluʔ,phonetic,gums,,,,
4-271-835-2,west2394,KNB (a Pearic variety),139,klâŋsaŋ,phonetic,gums,,,,
4-260-835-1,west2394,KNB (a Pearic variety),1205,nna:t,phonetic,tongue,,,,
4-250-835-1,west2394,KNB (a Pearic variety),478,pbo:r mɨət,phonetic,lip,,,,
4-241-835-1,west2394,KNB (a Pearic variety),73,mɨət,phonetic,beak,,,,
4-240-835-1,west2394,KNB (a Pearic variety),674,mɨət,phonetic,mouth,,,,
4-232-835-1,west2394,KNB (a Pearic variety),208,smɔ:r,phonetic,mucus (nasal),,,,
4-231-835-1,west2394,KNB (a Pearic variety),1178,pruəŋ cmɔh,phonetic,nostril,,,,
4-230-835-1,west2394,KNB (a Pearic variety),1221,cmɔh,phonetic,nose,,,,
4-222-835-1,west2394,KNB (a Pearic variety),32,ʔac tci:ʔ,phonetic,earwax,,,,
4-220-835-1,west2394,KNB (a Pearic variety),1247,tci:ʔ,phonetic,ear,,,,
4-215-835-1,west2394,KNB (a Pearic variety),1655,pric phne:ʔ,phonetic,blink,,,,
4-214-835-1,west2394,KNB (a Pearic variety),1540,mmi:h phne:ʔ,phonetic,eyelash,,,,
4-212-835-1,west2394,KNB (a Pearic variety),1173,tbâ:ʔ phne:ʔ,phonetic,eyebrow,,,,
4-210-835-1,west2394,KNB (a Pearic variety),1248,phne:ʔ,phonetic,eye,,,,
4-208-835-1,west2394,KNB (a Pearic variety),1730,tpɨəl,phonetic,cheek,,,,
4-209-835-1,west2394,KNB (a Pearic variety),1510,caŋka:,phonetic,chin,,,,
4-205-835-1,west2394,KNB (a Pearic variety),123,ŋĉ:m,phonetic,forehead,,,,
4-207-835-1,west2394,KNB (a Pearic variety),798,tki:əm,phonetic,jaw,,,,
4-204-835-1,west2394,KNB (a Pearic variety),1560,muʔ,phonetic,face,,,,
4-203-835-1,west2394,KNB (a Pearic variety),1583,khô:r,phonetic,brain,,,,
4-201-835-1,west2394,KNB (a Pearic variety),1604,khmap (T.),phonetic,"side of head, temple",,,,
4-202-835-1,west2394,KNB (a Pearic variety),1605,cʔ̂ŋ kba:l,phonetic,skull,,,,
4-200-835-1,west2394,KNB (a Pearic variety),1256,kba:l,phonetic,head,,,,
4-191-835-1,west2394,KNB (a Pearic variety),805,cʔ̂ŋ khnâ:ŋ,phonetic,spine,,,,
4-190-835-1,west2394,KNB (a Pearic variety),1291,khnâ:ŋ,phonetic,back,,,,
4-180-835-1,west2394,KNB (a Pearic variety),1220,ktuj,phonetic,tail,,,,
4-170-835-1,west2394,KNB (a Pearic variety),1393,snɛ:ń,phonetic,horn,,,,
4-162-835-1,west2394,KNB (a Pearic variety),801,cʔ̂ŋ cni:r,phonetic,rib,,,,
4-160-835-1,west2394,KNB (a Pearic variety),1394,cʔ̂ŋ,phonetic,bone,,,,
4-151-835-1,west2394,KNB (a Pearic variety),525,caj,phonetic,"vein, artery",,,,
4-150-835-1,west2394,KNB (a Pearic variety),946,chi:əm,phonetic,blood,,,,
4-146-835-1,west2394,KNB (a Pearic variety),576,raŋke:,phonetic,dandruff,,< T,,
4-145-835-1,west2394,KNB (a Pearic variety),36,mi:h kda   (of man),phonetic,pubic hair,,,,
4-144-835-1,west2394,KNB (a Pearic variety),189,mmi:h,phonetic,body hair,,,,
4-142-835-1,west2394,KNB (a Pearic variety),678,mi:h caŋka:,phonetic,beard,,,,
4-140-835-1,west2394,KNB (a Pearic variety),1040,sâʔ,phonetic,hair (head),,,,
4-130-835-1,west2394,KNB (a Pearic variety),2259,sac,phonetic,flesh,,,,
4-120-835-1,west2394,KNB (a Pearic variety),763,sbɛ:ʔ,phonetic,"skin, hide",,,,
4-110-835-1,west2394,KNB (a Pearic variety),1480,khlô:n,phonetic,body,,,,
3-980-835-1,west2394,KNB (a Pearic variety),112,nn̂:ʔ,phonetic,turtle,,,,
3-970-835-1,west2394,KNB (a Pearic variety),1857,krpə̂:,phonetic,"crocodile, alligator",,,,
3-960-835-1,west2394,KNB (a Pearic variety),632,ciŋcâʔ,phonetic,lizard,,,,
3-950-835-1,west2394,KNB (a Pearic variety),503,ŋkɛ:p,phonetic,frog,,,,
3-940-835-1,west2394,KNB (a Pearic variety),1543,kta:ŋ,phonetic,snail,,,,
3-930-835-1,west2394,KNB (a Pearic variety),607,kno:p,phonetic,grasshopper,,,,
3-920-835-1,west2394,KNB (a Pearic variety),1791,latla:t,phonetic,butterfly,,,,
3-910-835-1,west2394,KNB (a Pearic variety),206,pulpe:ʔ,phonetic,firefly,,,,
3-850-835-1,west2394,KNB (a Pearic variety),730,puəh,phonetic,snake,,,,
3-840-835-1,west2394,KNB (a Pearic variety),1219,taŋkɔw,phonetic,worm,,,,
3-832-835-1,west2394,KNB (a Pearic variety),1509,mu:h,phonetic,mosquito,,,,
3-831-835-1,west2394,KNB (a Pearic variety),95,soc,phonetic,"sandfly (midge), gnat",,,,
3-831-835-2,west2394,KNB (a Pearic variety),95,pmat ckɛ:,phonetic,"sandfly (midge), gnat",,,,
3-830-835-1,west2394,KNB (a Pearic variety),1504,ruj,phonetic,fly,,,,
3-823-835-1,west2394,KNB (a Pearic variety),1517,mal,phonetic,wasp,,,,
3-822-835-1,west2394,KNB (a Pearic variety),88,phlet,phonetic,beehive,,,,
3-821-835-1,west2394,KNB (a Pearic variety),1931,kmô:n,phonetic,beeswax,,,,
3-820-835-1,west2394,KNB (a Pearic variety),665,khmum,phonetic,bee,,,,
3-819-835-1,west2394,KNB (a Pearic variety),1065,smɔʔ piŋ́wa:j,phonetic,spider web,,,,
3-818-835-1,west2394,KNB (a Pearic variety),843,pińwa:j,phonetic,spider,,,,
3-817-835-1,west2394,KNB (a Pearic variety),587,smɔ:e,phonetic,ant,,,,
3-816-835-1,west2394,KNB (a Pearic variety),1575,kla:t,phonetic,cockroach,,,,
3-815-835-1,west2394,KNB (a Pearic variety),1538,ktô:j,phonetic,scorpion,,,,
3-814-835-1,west2394,KNB (a Pearic variety),1974,kʔɛ:p,phonetic,centipede,,,,
3-813-835-1,west2394,KNB (a Pearic variety),232,caj,phonetic,flea,,,,
3-812-835-1,west2394,KNB (a Pearic variety),267,pu:əŋ caj,phonetic,nit (louse egg),,,,
3-811-835-1,west2394,KNB (a Pearic variety),1392,caj,phonetic,louse,,,,
3-810-835-1,west2394,KNB (a Pearic variety),620,mi:,phonetic,insect,,,,
3-770-835-1,west2394,KNB (a Pearic variety),1290,tanr̂j,phonetic,elephant,,,,
3-760-835-1,west2394,KNB (a Pearic variety),1350,swa:,phonetic,monkey,,,,
3-750-835-1,west2394,KNB (a Pearic variety),1936,rmiəń,phonetic,deer,,,,
3-740-835-1,west2394,KNB (a Pearic variety),1312,cińcâ:ʔ,phonetic,fox,,,,
3-730-835-1,west2394,KNB (a Pearic variety),1820,khla: khmum,phonetic,bear,,,,
3-720-835-1,west2394,KNB (a Pearic variety),1386,sińto (T.),phonetic,lion,,,,
3-710-835-1,west2394,KNB (a Pearic variety),522,ckɛ: pri:,phonetic,wolf,,,,
3-665-835-1,west2394,KNB (a Pearic variety),1013,ntuəŋ,phonetic,freshwater eel,,,,
3-664-835-1,west2394,KNB (a Pearic variety),1910,tr̂j kbe:n (T.),phonetic,stingray,,,,
3-663-835-1,west2394,KNB (a Pearic variety),957,tr̂j wa:n (T.),phonetic,whale,,,,
3-662-835-1,west2394,KNB (a Pearic variety),1479,tr̂j lo: ma: (T.),phonetic,"porpoise, dolphin",,,,
3-661-835-1,west2394,KNB (a Pearic variety),1110,tr̂j chla:m (T.),phonetic,shark,,,,
3-655-835-1,west2394,KNB (a Pearic variety),598,kcaw,phonetic,shell,,,,
3-653-835-1,west2394,KNB (a Pearic variety),266,ska: tr̂j,phonetic,fishscale,,,,
3-652-835-1,west2394,KNB (a Pearic variety),213,kɔ:r tr̂j,phonetic,fin (dorsal),,,,
3-650-835-1,west2394,KNB (a Pearic variety),227,tr̂j,phonetic,fish,,,,
3-630-835-1,west2394,KNB (a Pearic variety),2139,kn̂r,phonetic,"mouse, rat",,,,
3-622-835-1,west2394,KNB (a Pearic variety),309,kaprô:c,phonetic,opossum,,,,
3-620-835-1,west2394,KNB (a Pearic variety),1208,mi:w,phonetic,cat,,,,
3-614-835-1,west2394,KNB (a Pearic variety),1136,nsa:j,phonetic,rabbit,,,,
3-610-835-1,west2394,KNB (a Pearic variety),2009,ckɛ:,phonetic,dog,,,,
3-594-835-1,west2394,KNB (a Pearic variety),1853,lluəʔ,phonetic,dove,,,,
3-596-835-1,west2394,KNB (a Pearic variety),735,mim,phonetic,owl,,,,
3-593-835-1,west2394,KNB (a Pearic variety),913,kʔɛ:ʔ,phonetic,crow,,,,
3-592-835-1,west2394,KNB (a Pearic variety),882,ko:n kɛ:w,phonetic,parrot,,,,
3-591-835-1,west2394,KNB (a Pearic variety),1793,pci:w,phonetic,bat,,,,
3-586-835-1,west2394,KNB (a Pearic variety),1185,pma:t,phonetic,vulture,,,,
3-585-835-1,west2394,KNB (a Pearic variety),307,stiəń,phonetic,hawk,,,,
3-583-835-1,west2394,KNB (a Pearic variety),758,kɔʔ,phonetic,heron,,,,
3-580-835-1,west2394,KNB (a Pearic variety),539,smɔ:ʔ,phonetic,nest,,,,
3-570-835-1,west2394,KNB (a Pearic variety),1360,ti:ə,phonetic,duck,,,,
3-560-835-1,west2394,KNB (a Pearic variety),1187,kŋa:n,phonetic,goose,,,,
3-550-835-1,west2394,KNB (a Pearic variety),1318,mɨən,phonetic,chicken,,,,
3-540-835-1,west2394,KNB (a Pearic variety),1514,mi: mɨən,phonetic,hen,,,,
3-520-835-1,west2394,KNB (a Pearic variety),1511,mɨən chmô:l,phonetic,"cock, rooster",,,,
3-450-835-1,west2394,KNB (a Pearic variety),1647,ko:n sɛh,phonetic,"foal, colt",,,,
3-440-835-1,west2394,KNB (a Pearic variety),938,sɛh mi:,phonetic,mare,,,,
3-420-835-1,west2394,KNB (a Pearic variety),936,sɛh chmô:l,phonetic,stallion,,,,
3-410-835-1,west2394,KNB (a Pearic variety),615,sɛh,phonetic,horse (equine),,,,
3-380-835-1,west2394,KNB (a Pearic variety),1972,kme:ń,phonetic,kid,,,,
3-350-835-1,west2394,KNB (a Pearic variety),1337,cru:ʔ,phonetic,pig,,,,
3-340-835-1,west2394,KNB (a Pearic variety),1351,cru:ʔ mi:,phonetic,sow (2),,,,
3-320-835-1,west2394,KNB (a Pearic variety),1348,cru:ʔ pri:,phonetic,boar,,,,
3-240-835-1,west2394,KNB (a Pearic variety),1989,ko:n kô:,phonetic,calf,,,,
3-240-835-2,west2394,KNB (a Pearic variety),1989,ko:n kb̂j,phonetic,calf,,,,
3-230-835-1,west2394,KNB (a Pearic variety),1007,kô: mi:,phonetic,cow,,,,
3-220-835-1,west2394,KNB (a Pearic variety),1169,kô:,phonetic,ox,,,,
3-210-835-1,west2394,KNB (a Pearic variety),1008,kô: ehmo:l,phonetic,bull,,,,
3-200-835-1,west2394,KNB (a Pearic variety),1153,kô: kb̂j,phonetic,cattle (bovine),,,,
3-190-835-1,west2394,KNB (a Pearic variety),851,krɔ:l,phonetic,"stable, stall",,,,
3-160-835-1,west2394,KNB (a Pearic variety),649,wi:əl ŋcem sat,phonetic,pasture,,,,
3-150-835-1,west2394,KNB (a Pearic variety),631,sat ŋcem,phonetic,livestock,,,,
3-130-835-1,west2394,KNB (a Pearic variety),2262,mi:  (animal),phonetic,female (adj),,,,
3-120-835-1,west2394,KNB (a Pearic variety),2261,chmô:l  (animal),phonetic,male (adj),,,,
3-110-835-1,west2394,KNB (a Pearic variety),619,sat,phonetic,animal,,,,
2-960-835-1,west2394,KNB (a Pearic variety),817,pho:ŋ ki:,phonetic,they,,,,
2-950-835-1,west2394,KNB (a Pearic variety),1213,pho:ŋ kɨət,phonetic,you (plural),,,,
2-942-835-1,west2394,KNB (a Pearic variety),1130,pho:ŋ jə̂:ŋ,phonetic,we (exclusive),,,,
2-941-835-1,west2394,KNB (a Pearic variety),1131,jə̂:ŋ,phonetic,we (inclusive),,,,
2-940-835-1,west2394,KNB (a Pearic variety),1212,jə̂:ŋ,phonetic,we,,,,
2-930-835-1,west2394,KNB (a Pearic variety),262,kɨ:,phonetic,he/she/it,,,,
2-920-835-1,west2394,KNB (a Pearic variety),1215,kɨət,phonetic,you (singular),,,,
2-920-835-2,west2394,KNB (a Pearic variety),1215,ʔɛ:ń,phonetic,you (singular),,,,
2-910-835-1,west2394,KNB (a Pearic variety),1209,ńom,phonetic,I,,,,
2-910-835-2,west2394,KNB (a Pearic variety),1209,khma:t,phonetic,I,,,,
2-820-835-1,west2394,KNB (a Pearic variety),194,krɔpkrô:,phonetic,family,,,,
2-810-835-1,west2394,KNB (a Pearic variety),1644,bâ:ŋ pʔo:n,phonetic,"relatives, kinsmen",,,,
2-770-835-1,west2394,KNB (a Pearic variety),1981,mma:j,phonetic,widower,,,,
2-760-835-1,west2394,KNB (a Pearic variety),1756,mma:j,phonetic,widow,,,,
2-750-835-1,west2394,KNB (a Pearic variety),1149,ko:n kampri:ə,phonetic,orphan,,,,
2-740-835-1,west2394,KNB (a Pearic variety),1058,ko:n ŋcem,phonetic,stepdaughter,,,,
2-730-835-1,west2394,KNB (a Pearic variety),1059,ko:n ŋcem,phonetic,stepson,,,,
2-720-835-1,west2394,KNB (a Pearic variety),236,mɛ: ŋcem,phonetic,stepmother,,,,
2-710-835-1,west2394,KNB (a Pearic variety),237,ʔ̂w ŋcem,phonetic,stepfather,,,,
2-641-835-1,west2394,KNB (a Pearic variety),2264,ko:n psa:,phonetic,daughter-in-law (of a woman),,,,
2-640-835-1,west2394,KNB (a Pearic variety),2265,ko:n psa:,phonetic,daughter-in-law (of a man),,,,
2-631-835-1,west2394,KNB (a Pearic variety),2266,ko:n psa:,phonetic,son-in-law (of a woman),,,,
2-630-835-1,west2394,KNB (a Pearic variety),2267,ko:n psa:,phonetic,son-in-law (of a man),,,,
2-621-835-1,west2394,KNB (a Pearic variety),2257,mɛ: kme:ʔ,phonetic,mother-in-law (of a woman),,,,
2-620-835-1,west2394,KNB (a Pearic variety),2256,mɛ: kme:ʔ,phonetic,mother-in-law (of a man),,,,
2-611-835-1,west2394,KNB (a Pearic variety),2254,ʔ̂w kme:ʔ,phonetic,father-in-law (of a woman),,,,
2-610-835-1,west2394,KNB (a Pearic variety),2255,ʔ̂w kme:ʔ,phonetic,father-in-law (of a man),,,,
2-570-835-1,west2394,KNB (a Pearic variety),490,ko:ncaw,phonetic,descendants,,,,
2-560-835-1,west2394,KNB (a Pearic variety),1669,pu:e mo:r,phonetic,ancestors,,,,
2-550-835-1,west2394,KNB (a Pearic variety),1643,bâ:ŋ pʔo:n,phonetic,cousin,,,,
2-540-835-1,west2394,KNB (a Pearic variety),1642,kmô:j sr̂j,phonetic,niece,,,,
2-530-835-1,west2394,KNB (a Pearic variety),1063,kmô:j prɔh,phonetic,nephew,,,,
2-522-835-1,west2394,KNB (a Pearic variety),170,paj  (father's younger sister),phonetic,father's sister,,,,
2-522-835-2,west2394,KNB (a Pearic variety),170,ʔom  (father's elder sister),phonetic,father's sister,,,,
2-520-835-1,west2394,KNB (a Pearic variety),1272,ʔom,phonetic,aunt,,,,
2-521-835-1,west2394,KNB (a Pearic variety),171,paj  (mother's younger sister),phonetic,mother's sister,,,,
2-512-835-1,west2394,KNB (a Pearic variety),1985,pu:  (father's younger brother),phonetic,father's brother,,,,
2-512-835-2,west2394,KNB (a Pearic variety),1985,ʔom  (father's elder brother),phonetic,father's brother,,,,
2-511-835-1,west2394,KNB (a Pearic variety),1984,pu:  (mother's younger brother),phonetic,mother's brother,,,,
2-510-835-1,west2394,KNB (a Pearic variety),1327,ʔom,phonetic,uncle,,,,
2-480-835-1,west2394,KNB (a Pearic variety),1618,caw prɔh,phonetic,grandson,,,,
2-490-835-1,west2394,KNB (a Pearic variety),1619,caw sr̂j,phonetic,granddaughter,,,,
2-471-835-1,west2394,KNB (a Pearic variety),907,ĵj,phonetic,old woman,,,,
2-470-835-1,west2394,KNB (a Pearic variety),1496,ĵj,phonetic,grandmother,,,,
2-461-835-1,west2394,KNB (a Pearic variety),406,ta:,phonetic,old man,,,,
2-460-835-1,west2394,KNB (a Pearic variety),1383,ta:,phonetic,grandfather,,,,
2-458-835-1,west2394,KNB (a Pearic variety),1005,phluəh,phonetic,twins,,,,
2-456-835-1,west2394,KNB (a Pearic variety),1640,bâ:ŋ pʔo:n,phonetic,sibling,,,,
2-455-835-1,west2394,KNB (a Pearic variety),1761,pʔo:n sr̂j,phonetic,younger sister,,,,
2-454-835-1,west2394,KNB (a Pearic variety),1758,bâ:ŋ sr̂j,phonetic,older sister,,,,
2-450-835-1,west2394,KNB (a Pearic variety),1263,bâ:ŋ pʔo:n,phonetic,sister,,,,
2-445-835-1,west2394,KNB (a Pearic variety),1760,pʔo:n prɔh,phonetic,younger brother,,,,
2-444-835-1,west2394,KNB (a Pearic variety),1759,bâ:ŋ prɔh,phonetic,older brother,,,,
2-440-835-1,west2394,KNB (a Pearic variety),1262,bâ:ŋ pʔo:n,phonetic,brother,,,,
2-430-835-1,west2394,KNB (a Pearic variety),1801,ko:n,phonetic,offspring (son or daughter),,,,
2-420-835-1,west2394,KNB (a Pearic variety),1357,ko:n sr̂j,phonetic,daughter,,,,
2-410-835-1,west2394,KNB (a Pearic variety),1620,ko:n prɔh,phonetic,son,,,,
2-370-835-1,west2394,KNB (a Pearic variety),505,mɛ: ʔ̂w,phonetic,parents,,,,
2-350-835-1,west2394,KNB (a Pearic variety),1217,ʔ̂w,phonetic,father,,,,
2-341-835-1,west2394,KNB (a Pearic variety),1134,le:ń,phonetic,divorce,,,,
2-340-835-1,west2394,KNB (a Pearic variety),1259,ka:r sɛ:n,phonetic,"marriage, wedding",,,,
2-330-835-1,west2394,KNB (a Pearic variety),203,sɛ:n,phonetic,marry,,,,
2-320-835-1,west2394,KNB (a Pearic variety),1199,ppûən,phonetic,wife,,,,
2-310-835-1,west2394,KNB (a Pearic variety),1200,pd̂j,phonetic,husband,,,,
2-280-835-1,west2394,KNB (a Pearic variety),1289,ko:n ŋa:,phonetic,"infant, baby",,,,
2-270-835-1,west2394,KNB (a Pearic variety),1304,kme:ŋ́,phonetic,child,,,,
2-261-835-1,west2394,KNB (a Pearic variety),77,kmom,phonetic,young woman (adolescent),,,,
2-260-835-1,west2394,KNB (a Pearic variety),1646,kme:ń sr̂j,phonetic,girl,,,,
2-251-835-1,west2394,KNB (a Pearic variety),76,klâh,phonetic,young man (adolescent),,,,
2-250-835-1,west2394,KNB (a Pearic variety),1366,kme:ń prɔh,phonetic,boy,,,,
2-240-835-1,west2394,KNB (a Pearic variety),1551,m-nɨh sr̂j,phonetic,female,,,,
2-230-835-1,west2394,KNB (a Pearic variety),1553,m-nɨh prɔh,phonetic,male,,,,
2-220-835-1,west2394,KNB (a Pearic variety),962,sr̂j,phonetic,woman,,,,
2-210-835-1,west2394,KNB (a Pearic variety),1554,prɔh,phonetic,man (vs. woman),,,,
2-100-835-1,west2394,KNB (a Pearic variety),683,m-nɨh,phonetic,"person, human being",,,,
1-890-835-1,west2394,KNB (a Pearic variety),1188,khjû:ŋ,phonetic,charcoal,,,,
1-880-835-1,west2394,KNB (a Pearic variety),10,ʔɔh,phonetic,firewood,,,,
1-870-835-1,west2394,KNB (a Pearic variety),1133,ckhet,phonetic,match (noun),,,,
1-861-835-1,west2394,KNB (a Pearic variety),127,lluət,phonetic,extinguish,,,,
1-860-835-1,west2394,KNB (a Pearic variety),737,ʔɔc phlə̂:ŋ,phonetic,"light, kindle, ignite",,,,
1-852-835-1,west2394,KNB (a Pearic variety),1428,chɛh,phonetic,burn (vb intrans),,,,
1-851-835-1,west2394,KNB (a Pearic variety),141,d̂t,phonetic,burn (vb trans),,,,
1-841-835-1,west2394,KNB (a Pearic variety),67,rŋə̂:ʔ phlə̂:ŋ,phonetic,embers,,,,
1-840-835-1,west2394,KNB (a Pearic variety),646,phɛh,phonetic,ashes,,,,
1-830-835-1,west2394,KNB (a Pearic variety),778,psɛ:ń,phonetic,smoke (noun),,,,
1-810-835-1,west2394,KNB (a Pearic variety),221,phlə̂:ŋ,phonetic,fire,,,,
1-770-835-1,west2394,KNB (a Pearic variety),617,namkhɛń( T.),phonetic,ice,,,,
1-750-835-1,west2394,KNB (a Pearic variety),658,phli:ń,phonetic,rain (noun),,,,
1-740-835-1,west2394,KNB (a Pearic variety),249,cɔh ʔap,phonetic,fog,,,,
1-720-835-1,west2394,KNB (a Pearic variety),960,khjâl,phonetic,wind,,,,
1-730-835-1,west2394,KNB (a Pearic variety),1489,ppû:əʔ,phonetic,cloud,,,,
1-640-835-1,west2394,KNB (a Pearic variety),1977,tɨʔ nŝ:m,phonetic,dew,,,,
1-630-835-1,west2394,KNB (a Pearic variety),1388,sm̂:l,phonetic,"shade, shadow",,,,
1-610-835-1,west2394,KNB (a Pearic variety),630,thŋaj,phonetic,light (noun),,,,
1-590-835-1,west2394,KNB (a Pearic variety),1733,ʔɔ:n thnû:,phonetic,rainbow,,,,
1-580-835-1,west2394,KNB (a Pearic variety),858,khjâl phjuh,phonetic,storm,,,,
1-560-835-1,west2394,KNB (a Pearic variety),1150,pkû:ər,phonetic,thunder,,,,
1-570-835-1,west2394,KNB (a Pearic variety),2007,rtiəh bań,phonetic,lightning (as striking),,,,
1-550-835-1,west2394,KNB (a Pearic variety),1654,phne:k ktô:l,phonetic,lightning,,,,
1-540-835-1,west2394,KNB (a Pearic variety),1430,pka:j,phonetic,star,,,,
1-530-835-1,west2394,KNB (a Pearic variety),1313,khɛ:,phonetic,moon,,,,
1-520-835-1,west2394,KNB (a Pearic variety),1343,thŋaj,phonetic,sun,,,,
1-510-835-1,west2394,KNB (a Pearic variety),1732,mi:ʔ,phonetic,sky,,,,
1-440-835-1,west2394,KNB (a Pearic variety),2125,thmâ:,phonetic,"stone, rock",,,,
1-430-835-1,west2394,KNB (a Pearic variety),1803,chə:,phonetic,wood,,,,
1-420-835-1,west2394,KNB (a Pearic variety),906,d̂:m chə:,phonetic,tree (cf 08.600),,,,
1-410-835-1,west2394,KNB (a Pearic variety),420,pri:,phonetic,"woods, forest",,,,
1-390-835-1,west2394,KNB (a Pearic variety),943,namtok   ( T.),phonetic,waterfall,,,,
1-380-835-1,west2394,KNB (a Pearic variety),1145,tpiəń,phonetic,swamp,,,,
1-370-835-1,west2394,KNB (a Pearic variety),2144,tɨʔ phuʔ,phonetic,"spring, well",,,,
1-362-835-1,west2394,KNB (a Pearic variety),1982,tɨʔ wil,phonetic,whirlpool,,,,
1-360-835-1,west2394,KNB (a Pearic variety),666,mi: tɨʔ,phonetic,"river, stream, brook",,,,
1-354-835-1,west2394,KNB (a Pearic variety),613,tɨʔ l̂:ŋ,phonetic,hightide,,,,
1-353-835-1,west2394,KNB (a Pearic variety),1026,tɨʔ cɔh,phonetic,lowtide,,,,
1-352-835-1,west2394,KNB (a Pearic variety),891,tɨʔ cɔh tɨʔ l̂:ŋ,phonetic,tide,,,,
1-324-835-1,west2394,KNB (a Pearic variety),1768,ppuh,phonetic,foam,,,,
1-320-835-1,west2394,KNB (a Pearic variety),1474,tli:        ( T.),phonetic,sea,,,,
1-310-835-1,west2394,KNB (a Pearic variety),948,tɨʔ,phonetic,water,,,,
1-280-835-1,west2394,KNB (a Pearic variety),1155,pruəŋ   phanôm,phonetic,cave,,,,
1-270-835-1,west2394,KNB (a Pearic variety),113,râʔ,phonetic,shore,,,,
1-230-835-1,west2394,KNB (a Pearic variety),652,wi:əl,phonetic,"plain, field",,,,
1-220-835-1,west2394,KNB (a Pearic variety),2118,phnôm,phonetic,"mountain, hill",,,,
1-214-835-1,west2394,KNB (a Pearic variety),640,phɔʔ,phonetic,mud,,,,
1-215-835-1,west2394,KNB (a Pearic variety),671,ksa:c,phonetic,sand,,,,
1-213-835-1,west2394,KNB (a Pearic variety),2,d̂j hoj,phonetic,dust,,,,
1-212-835-1,west2394,KNB (a Pearic variety),1228,d̂j,phonetic,"earth=ground, soil",,,,
1-210-835-1,west2394,KNB (a Pearic variety),626,phɛnd̂j,phonetic,"earth, land",,,,
1-100-835-1,west2394,KNB (a Pearic variety),965,lo:k     ( T.),phonetic,world,,,,
14-330-835-1,west2394,KNB (a Pearic variety),1544,bat na:,phonetic,sometimes,,,,
14-331-835-1,west2394,KNB (a Pearic variety),703,man ju:r te:,phonetic,soon,,,,
14-332-835-1,west2394,KNB (a Pearic variety),418,ju:r,phonetic,long-time (for a),,,,
14-340-835-1,west2394,KNB (a Pearic variety),1656,man kî:j,phonetic,never,,,,
14-350-835-1,west2394,KNB (a Pearic variety),204,tît m-nâ:ŋ,phonetic,again,,,,
14-410-835-1,west2394,KNB (a Pearic variety),1225,thŋâj,phonetic,day,,,,
14-420-835-1,west2394,KNB (a Pearic variety),1233,jôp,phonetic,night,,,,
14-430-835-1,west2394,KNB (a Pearic variety),729,pî: prɨʔ,phonetic,dawn,,,,
14-440-835-1,west2394,KNB (a Pearic variety),1339,ta:n prɨʔ,phonetic,morning,,,,
14-451-835-1,west2394,KNB (a Pearic variety),1807,thŋaj bɛ:,phonetic,afternoon,,,,
14-451-835-2,west2394,KNB (a Pearic variety),1807,tâ:n thŋaj bɛ:,phonetic,afternoon,,,,
14-460-835-1,west2394,KNB (a Pearic variety),1629,tâ:n lŋi:əc,phonetic,evening,,,,
14-470-835-1,west2394,KNB (a Pearic variety),1283,naj nɛh,phonetic,today,,,,
14-480-835-1,west2394,KNB (a Pearic variety),1329,sʔɛ:ʔ,phonetic,tomorrow,,,,
14-481-835-1,west2394,KNB (a Pearic variety),1179,kha:n sʔɛ:ʔ,phonetic,day-after-tomorrow,,,,
14-490-835-1,west2394,KNB (a Pearic variety),1174,pî: mŝl,phonetic,yesterday,,,,
14-491-835-1,west2394,KNB (a Pearic variety),1180,mŝl mô:j,phonetic,day-before-yesterday,,,,
14-510-835-1,west2394,KNB (a Pearic variety),1353,chmo:ŋ  ( T.),phonetic,hour,,,,
14-530-835-1,west2394,KNB (a Pearic variety),1323,na:lka:,phonetic,"clock, timepiece",,,,
14-610-835-1,west2394,KNB (a Pearic variety),1469,ʔtɨt,phonetic,week,,,,
14-620-835-1,west2394,KNB (a Pearic variety),1699,ŋaj ʔtɨt,phonetic,Sunday,,,,
14-630-835-1,west2394,KNB (a Pearic variety),1697,ŋaj can,phonetic,Monday,,,,
14-640-835-1,west2394,KNB (a Pearic variety),1695,ŋaj ŋki:ər,phonetic,Tuesday,,,,
14-650-835-1,west2394,KNB (a Pearic variety),1694,ŋaj put,phonetic,Wednesday,,,,
14-660-835-1,west2394,KNB (a Pearic variety),1693,ŋaj prĥh,phonetic,Thursday,,,,
14-670-835-1,west2394,KNB (a Pearic variety),1692,ŋaj sɔʔ,phonetic,Friday,,,,
14-680-835-1,west2394,KNB (a Pearic variety),1700,ŋaj saw,phonetic,Saturday,,,,
14-710-835-1,west2394,KNB (a Pearic variety),1370,khɛ:,phonetic,month,,,,
14-730-835-1,west2394,KNB (a Pearic variety),1226,chnam,phonetic,year,,,,
14-740-835-1,west2394,KNB (a Pearic variety),1471,khɛ: rŋi:ə,phonetic,winter,,,,
14-760-835-1,west2394,KNB (a Pearic variety),1342,khɛ: kdaw,phonetic,summer,,,,
14-780-835-1,west2394,KNB (a Pearic variety),691,khɛ:,phonetic,season,,,,
15-210-835-1,west2394,KNB (a Pearic variety),1587,kl̂n,phonetic,smell (vb intrans),,,,
15-212-835-1,west2394,KNB (a Pearic variety),375,ĥt kl̂n,phonetic,sniff,,,,
15-220-835-1,west2394,KNB (a Pearic variety),1586,ĥt kl̂n,phonetic,smell (vb trans),,,,
15-250-835-1,west2394,KNB (a Pearic variety),376,kʔo:p,phonetic,"fragrant, good smelling",,,,
15-260-835-1,west2394,KNB (a Pearic variety),42,sʔoj,phonetic,"stinking, bad smelling",,,,
15-310-835-1,west2394,KNB (a Pearic variety),21,ci:ət,phonetic,taste,,,,
15-350-835-1,west2394,KNB (a Pearic variety),717,prʔɛ:m,phonetic,sweet,,,,
15-360-835-1,west2394,KNB (a Pearic variety),1091,praj,phonetic,salty,,,,
15-370-835-1,west2394,KNB (a Pearic variety),887,lwi:ń,phonetic,bitter,,,,
15-380-835-1,west2394,KNB (a Pearic variety),1906,cu:,phonetic,"acid, sour",,,,
15-410-835-1,west2394,KNB (a Pearic variety),1408,lɨ:,phonetic,hear,,,,
15-420-835-1,west2394,KNB (a Pearic variety),1608,sdap,phonetic,listen,,,,
15-440-835-1,west2394,KNB (a Pearic variety),1811,sle:ń,phonetic,"sound, noise",,,,
15-450-835-1,west2394,KNB (a Pearic variety),377,sle:ń khlaŋ,phonetic,loud,,,,
15-460-835-1,west2394,KNB (a Pearic variety),1314,sŋat,phonetic,"quiet, silence",,,,
15-510-835-1,west2394,KNB (a Pearic variety),1409,khə:ń,phonetic,see,,,,
15-520-835-1,west2394,KNB (a Pearic variety),1819,rmil,phonetic,"look, look at",,,,
15-520-835-2,west2394,KNB (a Pearic variety),1819,mə̂:,phonetic,"look, look at",,,,
15-550-835-1,west2394,KNB (a Pearic variety),1039,paŋha:ń,phonetic,show,,,,
15-570-835-1,west2394,KNB (a Pearic variety),679,phlɨ:,phonetic,bright,,,,
15-610-835-1,west2394,KNB (a Pearic variety),1613,si:  ( T.),phonetic,color,,,,
15-640-835-1,west2394,KNB (a Pearic variety),1335,si: sâ:,phonetic,white,,,,
15-650-835-1,west2394,KNB (a Pearic variety),163,si: khmaw,phonetic,black,,,,
15-660-835-1,west2394,KNB (a Pearic variety),156,si: krhâ:m,phonetic,red,,,,
15-680-835-1,west2394,KNB (a Pearic variety),1425,si: khî:w,phonetic,green,,,,
15-690-835-1,west2394,KNB (a Pearic variety),1424,si: lə̂:ŋ,phonetic,yellow,,,,
15-712-835-1,west2394,KNB (a Pearic variety),378,chlic,phonetic,pinch,,,,
15-740-835-1,west2394,KNB (a Pearic variety),1884,rɨŋ,phonetic,hard,,,,
15-750-835-1,west2394,KNB (a Pearic variety),1856,lʔeh lʔoh,phonetic,soft,,,,
15-760-835-1,west2394,KNB (a Pearic variety),1923,rkət,phonetic,rough,,,,
15-770-835-1,west2394,KNB (a Pearic variety),1234,ri:əp,phonetic,smooth,,,,
15-780-835-1,west2394,KNB (a Pearic variety),1396,mut,phonetic,sharp,,,,
15-790-835-1,west2394,KNB (a Pearic variety),379,hel,phonetic,"blunt, dull",,,,
15-810-835-1,west2394,KNB (a Pearic variety),1210,thnuən,phonetic,heavy,,,,
15-820-835-1,west2394,KNB (a Pearic variety),1052,sra:l,phonetic,light (in weight),,,,
15-830-835-1,west2394,KNB (a Pearic variety),1726,ŝ:m,phonetic,"wet, damp",,,,
15-840-835-1,west2394,KNB (a Pearic variety),1398,sŋô:t,phonetic,dry,,,,
15-840-835-2,west2394,KNB (a Pearic variety),1398,riəń,phonetic,dry,,,,
15-850-835-1,west2394,KNB (a Pearic variety),1286,kdaw,phonetic,hot,,,,
15-851-835-1,west2394,KNB (a Pearic variety),1232,ʔun,phonetic,warm,,,,
15-860-835-1,west2394,KNB (a Pearic variety),1287,tciəʔ,phonetic,cold,,,,
15-860-835-2,west2394,KNB (a Pearic variety),1287,rŋi:ə,phonetic,cold,,,,
15-870-835-1,west2394,KNB (a Pearic variety),704,sʔa:t,phonetic,clean,,,,
15-880-835-1,west2394,KNB (a Pearic variety),1230,sok-kprok     ( T.),phonetic,"dirty, soiled",,,,
15-890-835-1,west2394,KNB (a Pearic variety),380,rô:ń,phonetic,wrinkled,,,,
16-110-835-1,west2394,KNB (a Pearic variety),53,plɨŋ,phonetic,"soul, spirit",,,,
16-150-835-1,west2394,KNB (a Pearic variety),1572,plɛ:c ĉt,phonetic,"surprised, astonished",,,,
16-150-835-2,west2394,KNB (a Pearic variety),1572,plɛ:c ĉt,phonetic,"surprised, astonished",,,,
16-230-835-1,west2394,KNB (a Pearic variety),1495,mi:ən khwa:m sɔʔ,phonetic,"joyful, glad, happy",,,,
16-250-835-1,west2394,KNB (a Pearic variety),1355,ŝ:c,phonetic,laugh,,,,
16-251-835-1,west2394,KNB (a Pearic variety),1451,ńɨm,phonetic,smile,,,,
16-260-835-1,west2394,KNB (a Pearic variety),1413,lî:ń,phonetic,play,,,,
16-270-835-1,west2394,KNB (a Pearic variety),923,slań,phonetic,love,,,,
16-290-835-1,west2394,KNB (a Pearic variety),578,tĥ:p,phonetic,kiss,,,,
16-300-835-1,west2394,KNB (a Pearic variety),928,ʔɔ:p,phonetic,embrace,,,,
16-310-835-1,west2394,KNB (a Pearic variety),1783,chɨ:,phonetic,pain,,,,
16-320-835-1,west2394,KNB (a Pearic variety),1668,prô:j ĉt,phonetic,"grief, sorrow, sadness",,,,
16-330-835-1,west2394,KNB (a Pearic variety),1000,prô:j ĉt,phonetic,"anxiety, worry",,,,
16-340-835-1,west2394,KNB (a Pearic variety),1875,kho:c ĉt,phonetic,"regret, be sorry",,,,
16-350-835-1,west2394,KNB (a Pearic variety),1141,snâh,phonetic,pity,,,,
16-370-835-1,west2394,KNB (a Pearic variety),1839,jôm,phonetic,"cry, weep",,,,
16-380-835-1,west2394,KNB (a Pearic variety),1651,tɨʔ phne:ʔ,phonetic,tear (noun),,,,
16-390-835-1,west2394,KNB (a Pearic variety),716,thŋo:r,phonetic,groan,,,,
16-410-835-1,west2394,KNB (a Pearic variety),1607,sʔâp,phonetic,hate,,,,
16-420-835-1,west2394,KNB (a Pearic variety),82,kĥŋ,phonetic,anger,,,,
16-440-835-1,west2394,KNB (a Pearic variety),40,hôŋ,phonetic,"envy, jealousy",,,,
16-510-835-1,west2394,KNB (a Pearic variety),1779,hi:ən,phonetic,dare,,,,
16-520-835-1,west2394,KNB (a Pearic variety),3,hi:ən,phonetic,brave,,,,
16-530-835-1,west2394,KNB (a Pearic variety),781,khla:c,phonetic,"fear, fright",,,,
16-540-835-1,west2394,KNB (a Pearic variety),1810,ʔantra:j  ( T.),phonetic,danger,,,,
16-620-835-1,west2394,KNB (a Pearic variety),1784,caŋ ba:n,phonetic,"desire, want",,,,
16-622-835-1,west2394,KNB (a Pearic variety),1750,rə̂h,phonetic,choose,,,,
16-630-835-1,west2394,KNB (a Pearic variety),1092,bə̂:ŋ,phonetic,hope,,,,
16-650-835-1,west2394,KNB (a Pearic variety),100,trâŋ,phonetic,faithful,,,,
16-660-835-1,west2394,KNB (a Pearic variety),1657,me:n,phonetic,true,,,,
16-670-835-1,west2394,KNB (a Pearic variety),601,k-hâʔ,phonetic,"lie, tell lies",,,,
16-680-835-1,west2394,KNB (a Pearic variety),13,kâŋhâʔ,phonetic,deceit,,,,
16-690-835-1,west2394,KNB (a Pearic variety),1528,lə̂:ʔ tô:h,phonetic,forgive,,,,
16-710-835-1,west2394,KNB (a Pearic variety),1035,ci:ə,phonetic,good,,,,
16-720-835-1,west2394,KNB (a Pearic variety),1292,le:w,phonetic,bad,,,,
16-730-835-1,west2394,KNB (a Pearic variety),1725,trɔw,phonetic,"right, correct",,,,
16-740-835-1,west2394,KNB (a Pearic variety),1390,khɔ:h,phonetic,wrong,,,,
16-780-835-1,west2394,KNB (a Pearic variety),381,pantô:h,phonetic,blame,,,,
16-790-835-1,west2394,KNB (a Pearic variety),1687,pŝ:r,phonetic,praise,,,,
16-810-835-1,west2394,KNB (a Pearic variety),1427,lʔâ:,phonetic,beautiful,,,,
16-820-835-1,west2394,KNB (a Pearic variety),1548,brɔ:,phonetic,ugly,,,,
16-830-835-1,west2394,KNB (a Pearic variety),2018,lmô:p,phonetic,greedy,,,,
16-840-835-1,west2394,KNB (a Pearic variety),1310,chla:t,phonetic,clever,,,,
17-110-835-1,west2394,KNB (a Pearic variety),1562,sonĉt  ( T.),phonetic,mind,,,,
17-140-835-1,west2394,KNB (a Pearic variety),1513,kɨt,phonetic,think (= be of the opinion),,,,
17-150-835-1,west2394,KNB (a Pearic variety),1890,cə̂:,phonetic,believe,,,,
17-170-835-1,west2394,KNB (a Pearic variety),1410,skɨəl,phonetic,know,,,,
17-171-835-1,west2394,KNB (a Pearic variety),1932,daw,phonetic,guess,,,,
17-210-835-1,west2394,KNB (a Pearic variety),698,chla:t,phonetic,wise,,,,
17-220-835-1,west2394,KNB (a Pearic variety),1518,lŋuəŋ,phonetic,"foolish, stupid",,,,
17-230-835-1,west2394,KNB (a Pearic variety),1899,ckô:t,phonetic,"insane, crazy",,,,
17-242-835-1,west2394,KNB (a Pearic variety),1929,rî:n,phonetic,study,,,,
17-250-835-1,west2394,KNB (a Pearic variety),709,sâ:n    ( T.),phonetic,teach,,,,
17-260-835-1,west2394,KNB (a Pearic variety),753,niəʔ rî:n  ( T.),phonetic,pupil,,,,
17-270-835-1,west2394,KNB (a Pearic variety),1038,kru:,phonetic,teacher,,,,
17-280-835-1,west2394,KNB (a Pearic variety),673,rô:ŋ rî:n  ( T.),phonetic,school,,,,
17-310-835-1,west2394,KNB (a Pearic variety),707,cam,phonetic,remember,,,,
17-320-835-1,west2394,KNB (a Pearic variety),1523,phlîc,phonetic,forget,,,,
17-340-835-1,west2394,KNB (a Pearic variety),989,cbah,phonetic,"clear, plain",,,,
17-350-835-1,west2394,KNB (a Pearic variety),1764,man cbah,phonetic,obscure,,,,
17-370-835-1,west2394,KNB (a Pearic variety),509,nɛ: ĉt  ( T.),phonetic,"sure, certain",,,,
17-380-835-1,west2394,KNB (a Pearic variety),1626,nĵj,phonetic,explain,,,,
17-410-835-1,west2394,KNB (a Pearic variety),1162,taŋĉt  ( T.),phonetic,"intention, purpose",,,,
17-430-835-1,west2394,KNB (a Pearic variety),1308,soŋsaj,phonetic,doubt,,,,
17-441-835-1,west2394,KNB (a Pearic variety),1902,kbât,phonetic,betray,,,,
17-460-835-1,west2394,KNB (a Pearic variety),686,ŋi:əj,phonetic,easy,,,,
17-470-835-1,west2394,KNB (a Pearic variety),584,ja:ʔ,phonetic,difficult,,,,
17-480-835-1,west2394,KNB (a Pearic variety),1812,khâm,phonetic,"try, attempt",,,,
17-520-835-1,west2394,KNB (a Pearic variety),1157,jâ:n,phonetic,because,,,,
17-530-835-1,west2394,KNB (a Pearic variety),1459,b̂:,phonetic,if,,,,
17-540-835-1,west2394,KNB (a Pearic variety),1014,rɨ:,phonetic,or,,,,
17-550-835-1,west2394,KNB (a Pearic variety),1268,trɔw ĥ:j,phonetic,"yes, affirmative",,,,
17-560-835-1,west2394,KNB (a Pearic variety),1269,man me:n te:,phonetic,"no, negative",,,,
17-610-835-1,west2394,KNB (a Pearic variety),1239,ja:ŋ na:,phonetic,how?,,,,
17-620-835-1,west2394,KNB (a Pearic variety),822,pan na:,phonetic,how many?,,,,
17-630-835-1,west2394,KNB (a Pearic variety),531,bla:,phonetic,how much?,,,,
17-640-835-1,west2394,KNB (a Pearic variety),1236,sdəj,phonetic,what?,,,,
17-650-835-1,west2394,KNB (a Pearic variety),1238,dâl na:,phonetic,when?,,,,
17-660-835-1,west2394,KNB (a Pearic variety),1237,ʔî: na:,phonetic,where?,,,,
17-670-835-1,west2394,KNB (a Pearic variety),727,ʔna:,phonetic,which?,,,,
17-680-835-1,west2394,KNB (a Pearic variety),1235,rna:,phonetic,who?,,,,
17-690-835-1,west2394,KNB (a Pearic variety),1270,k̂:t ʔoj,phonetic,why?,,,,
18-110-835-1,west2394,KNB (a Pearic variety),1363,sanle:ń,phonetic,voice,,,,
18-120-835-1,west2394,KNB (a Pearic variety),1261,râ:ŋ phle:ń,phonetic,sing,,,,
18-130-835-1,west2394,KNB (a Pearic variety),715,srɛ:ʔ,phonetic,"shout, cry out",,,,
18-150-835-1,west2394,KNB (a Pearic variety),55,krsəp,phonetic,whisper,,,,
18-160-835-1,west2394,KNB (a Pearic variety),128,rʔu:-rʔu:,phonetic,mumble,,,,
18-170-835-1,west2394,KNB (a Pearic variety),1025,hô:c,phonetic,whistle,,,,
18-180-835-1,west2394,KNB (a Pearic variety),298,srɛ:ʔ,phonetic,"shriek, screech",,,,
18-190-835-1,west2394,KNB (a Pearic variety),526,lu:,phonetic,howl,,,,
18-210-835-1,west2394,KNB (a Pearic variety),1623,nĵj,phonetic,"speak, talk",,,,
18-220-835-1,west2394,KNB (a Pearic variety),1458,nĵj,phonetic,say,,,,
18-221-835-1,west2394,KNB (a Pearic variety),1711,nĵj rə̂:ŋ,phonetic,tell story,,,,
18-230-835-1,west2394,KNB (a Pearic variety),48,sŋat,phonetic,silent (be),,,,
18-240-835-1,west2394,KNB (a Pearic variety),1307,psa:,phonetic,language,,,,
18-260-835-1,west2394,KNB (a Pearic variety),1599,pi:əʔ,phonetic,word,,,,
18-280-835-1,west2394,KNB (a Pearic variety),1405,chmuəh,phonetic,name,,,,
18-310-835-1,west2394,KNB (a Pearic variety),1309,tneń,phonetic,"ask (question, inquire)",,,,
18-320-835-1,west2394,KNB (a Pearic variety),1275,tâ:p,phonetic,answer,,,,
18-330-835-1,west2394,KNB (a Pearic variety),2022,jâ:m rap  ( T.),phonetic,"admit, confess",,,,
18-340-835-1,west2394,KNB (a Pearic variety),755,man jâ:- rap ( K.+T.),phonetic,deny,,,,
18-350-835-1,west2394,KNB (a Pearic variety),1828,som,phonetic,"ask, request",,,,
18-360-835-1,west2394,KNB (a Pearic variety),1675,sanja:,phonetic,promise,,,,
18-380-835-1,west2394,KNB (a Pearic variety),83,ha:m,phonetic,forbid,,,,
18-390-835-1,west2394,KNB (a Pearic variety),299,teʔ,phonetic,"rebuke, scold",,,,
18-420-835-1,west2394,KNB (a Pearic variety),180,haw,phonetic,call (=name),,,,
18-430-835-1,west2394,KNB (a Pearic variety),9,pka:t,phonetic,announce,,,,
18-440-835-1,west2394,KNB (a Pearic variety),1192,khu:  ( T.),phonetic,threaten,,,,
18-450-835-1,west2394,KNB (a Pearic variety),101,ʔô:t,phonetic,boast,,,,
18-510-835-1,west2394,KNB (a Pearic variety),1672,ce:r,phonetic,write,,,,
18-520-835-1,west2394,KNB (a Pearic variety),724,ʔa:n,phonetic,read,,,,
18-560-835-1,west2394,KNB (a Pearic variety),648,krda:h,phonetic,paper,,,,
18-570-835-1,west2394,KNB (a Pearic variety),794,pkaj,phonetic,pen,,,,
18-610-835-1,west2394,KNB (a Pearic variety),963,pɨŋ,phonetic,book,,,,
18-710-835-1,west2394,KNB (a Pearic variety),777,khloj,phonetic,flute,,,,
18-720-835-1,west2394,KNB (a Pearic variety),908,sku:ər,phonetic,drum,,,,
18-730-835-1,west2394,KNB (a Pearic variety),2136,trɛ:,phonetic,"horn, trumpet",,,,
19-110-835-1,west2394,KNB (a Pearic variety),1300,ptîh,phonetic,country,,,,
19-120-835-1,west2394,KNB (a Pearic variety),89,srɔʔ,phonetic,one's native country,,,,
19-150-835-1,west2394,KNB (a Pearic variety),1391,mə̂:ŋ    ( T.),phonetic,"city, town",,,,
19-160-835-1,west2394,KNB (a Pearic variety),930,srɔʔ,phonetic,village,,,,
19-170-835-1,west2394,KNB (a Pearic variety),1010,cha:j dɛ:n  ( T.),phonetic,boundary,,,,
19-210-835-1,west2394,KNB (a Pearic variety),789,pcha:-chon  ( T.),phonetic,people (populace),,,,
19-230-835-1,west2394,KNB (a Pearic variety),302,pu:c,phonetic,"tribe, clan",,,,
19-240-835-1,west2394,KNB (a Pearic variety),301,huə:na:  ( T.),phonetic,"chief, chieftain",,,,
19-250-835-1,west2394,KNB (a Pearic variety),1296,chə: crât,phonetic,"staff, walking stick",,,,
19-310-835-1,west2394,KNB (a Pearic variety),1846,pokkhrə:ŋ  ( T.),phonetic,"rule, govern",,,,
19-320-835-1,west2394,KNB (a Pearic variety),1508,sdac,phonetic,"king, ruler",,,,
19-320-835-3,west2394,KNB (a Pearic variety),1508,lô:ʔ sdac,phonetic,"king, ruler",,,,
19-330-835-1,west2394,KNB (a Pearic variety),1306,sdac,phonetic,queen,,,,
19-330-835-3,west2394,KNB (a Pearic variety),1306,lô:ʔ sdac,phonetic,queen,,,,
19-370-835-1,west2394,KNB (a Pearic variety),1032,pcha:-chon  ( T.),phonetic,"citizen, subject",,,,
19-410-835-1,west2394,KNB (a Pearic variety),383,cawni:əj   ( T.),phonetic,master,,,,
19-420-835-1,west2394,KNB (a Pearic variety),812,kanciəh,phonetic,slave,,,,
19-430-835-1,west2394,KNB (a Pearic variety),255,khonchaj   ( T.),phonetic,servant,,,,
19-450-835-1,west2394,KNB (a Pearic variety),1128,saŋ   ( T.),phonetic,"command, order",,,,
19-460-835-1,west2394,KNB (a Pearic variety),1635,sdap,phonetic,obey,,,,
19-470-835-1,west2394,KNB (a Pearic variety),1003,ʔɔ:j,phonetic,"let, permit",,,,
19-510-835-1,west2394,KNB (a Pearic variety),1325,khni:ə,phonetic,"friend, companion",,,,
19-520-835-1,west2394,KNB (a Pearic variety),1358,strɔw,phonetic,enemy,,,,
19-540-835-1,west2394,KNB (a Pearic variety),1332,khni:əkhni:,phonetic,neighbor,,,,
19-560-835-1,west2394,KNB (a Pearic variety),1782,phńî:w,phonetic,guest,,,,
19-570-835-1,west2394,KNB (a Pearic variety),1545,mcah ptiəh,phonetic,host,,,,
19-580-835-1,west2394,KNB (a Pearic variety),1897,cô:j,phonetic,"help, aid",,,,
19-590-835-1,west2394,KNB (a Pearic variety),1550,pɔŋkan   ( T.),phonetic,"hinder, prevent",,,,
19-610-835-1,west2394,KNB (a Pearic variety),1747,pphe:ni:,phonetic,custom,,,,
19-620-835-1,west2394,KNB (a Pearic variety),1848,khluəh khni:ə,phonetic,"strife, quarrel",,,,
19-630-835-1,west2394,KNB (a Pearic variety),2024,phɛ:n,phonetic,"conspiracy, plot",,,,
19-650-835-1,west2394,KNB (a Pearic variety),1831,ptiəh,phonetic,meet,,,,
19-720-835-1,west2394,KNB (a Pearic variety),1610,kli:,phonetic,prostitute,,,,
20-110-835-1,west2394,KNB (a Pearic variety),1423,ŵj khni:ə,phonetic,fight (vb),,,,
20-130-835-1,west2394,KNB (a Pearic variety),579,soŋkhra:m,phonetic,"war, battle",,,,
20-150-835-1,west2394,KNB (a Pearic variety),1561,kɔ:ŋ tɨəp,phonetic,army,,,,
20-170-835-1,west2394,KNB (a Pearic variety),1941,t-ha:n,phonetic,soldier,,,,
20-220-835-1,west2394,KNB (a Pearic variety),1763,tmâ:ŋ,phonetic,club,,,,
20-222-835-1,west2394,KNB (a Pearic variety),386,bthaw,phonetic,battle-ax,,,,
20-230-835-1,west2394,KNB (a Pearic variety),387,cpi:əm,phonetic,sling,,,,
20-240-835-1,west2394,KNB (a Pearic variety),994,sna:,phonetic,bow,,,,
20-250-835-1,west2394,KNB (a Pearic variety),977,thnu:,phonetic,arrow,,,,
20-270-835-1,west2394,KNB (a Pearic variety),1535,da:p  ( T.),phonetic,sword,,,,
20-280-835-1,west2394,KNB (a Pearic variety),1566,kamphlə̂:ŋ,phonetic,"gun, cannon",,,,
20-330-835-1,west2394,KNB (a Pearic variety),1680,mô:ʔ dɛ:ʔ,phonetic,helmet,,,,
20-420-835-1,west2394,KNB (a Pearic variety),782,rop chni:əh,phonetic,defeat,,,,
20-440-835-1,west2394,KNB (a Pearic variety),1330,pɔŋkan  ( T.),phonetic,defend,,,,
20-450-835-1,west2394,KNB (a Pearic variety),421,thâ:j,phonetic,retreat,,,,
20-460-835-1,west2394,KNB (a Pearic variety),1696,jâ:m cań,phonetic,surrender,,,,
20-470-835-1,west2394,KNB (a Pearic variety),1072,niəʔ tô:h,phonetic,"captive, prisoner",,,,
20-471-835-1,west2394,KNB (a Pearic variety),1940,ji:əm,phonetic,"guard, sentinel",,,,
20-480-835-1,west2394,KNB (a Pearic variety),1022,rbâh cɔ:r,phonetic,"booty, spoils",,,,
20-490-835-1,west2394,KNB (a Pearic variety),65,skat ŵj,phonetic,ambush,,,,
20-520-835-1,west2394,KNB (a Pearic variety),1074,phlɛ: santu:c,phonetic,fishhook,,,,
20-530-835-1,west2394,KNB (a Pearic variety),19,ksɛ: santu:c,phonetic,fishing line,,,,
20-540-835-1,west2394,KNB (a Pearic variety),388,snań,phonetic,fishnet,,,,
20-550-835-1,west2394,KNB (a Pearic variety),389,tru:,phonetic,fish trap,,,,
20-620-835-1,west2394,KNB (a Pearic variety),1172,bań,phonetic,shoot,,,,
20-630-835-1,west2394,KNB (a Pearic variety),161,khɔh,phonetic,miss (target),,,,
20-640-835-1,west2394,KNB (a Pearic variety),1075,ntiəʔ,phonetic,trap (noun),,,,
20-650-835-1,west2394,KNB (a Pearic variety),1170,daʔ ntiəʔ,phonetic,trap (vb),,,,
21-110-835-1,west2394,KNB (a Pearic variety),1062,kot ma:j  ( T.),phonetic,law,,,,
21-150-835-1,west2394,KNB (a Pearic variety),1068,sa:n  ( T.),phonetic,court,,,,
21-160-835-1,west2394,KNB (a Pearic variety),1818,tatsin  ( T.),phonetic,judge (vb),,,,
21-180-835-1,west2394,KNB (a Pearic variety),861,sa:n  ( T.),phonetic,judge (noun),,,,
21-210-835-1,west2394,KNB (a Pearic variety),2020,co:t   ( T.),phonetic,plaintiff,,,,
21-220-835-1,west2394,KNB (a Pearic variety),1034,camlə:j  ( T.),phonetic,defendant,,,,
21-230-835-1,west2394,KNB (a Pearic variety),1144,phji:ən,phonetic,witness,,,,
21-240-835-1,west2394,KNB (a Pearic variety),1939,sbât,phonetic,swear,,,,
21-310-835-1,west2394,KNB (a Pearic variety),1814,ru:ə rə̂:ŋ,phonetic,accuse,,,,
21-360-835-1,west2394,KNB (a Pearic variety),90,man deń psa:,phonetic,innocent,,,,
21-380-835-1,west2394,KNB (a Pearic variety),218,kha: prap  ( T.),phonetic,fine,,,,
21-390-835-1,west2394,KNB (a Pearic variety),1281,kuʔ,phonetic,"prison, jail",,,,
21-420-835-1,west2394,KNB (a Pearic variety),845,slap khni:ə,phonetic,murder,,,,
21-430-835-1,west2394,KNB (a Pearic variety),902,k̂:t chu:  (K.+T.),phonetic,adultery,,,,
21-440-835-1,west2394,KNB (a Pearic variety),953,khomkhɨ:n  ( T.),phonetic,rape,,,,
21-470-835-1,west2394,KNB (a Pearic variety),1792,k-hâʔ,phonetic,perjury,,,,
21-510-835-1,west2394,KNB (a Pearic variety),713,lô:c,phonetic,steal,,,,
21-520-835-1,west2394,KNB (a Pearic variety),1160,cɔ:r,phonetic,thief,,,,
22-110-835-1,west2394,KNB (a Pearic variety),661,sa:t-sna:,phonetic,religion,,,,
22-130-835-1,west2394,KNB (a Pearic variety),911,bo:t,phonetic,"temple, church",,,,
22-130-835-2,west2394,KNB (a Pearic variety),911,wɨət,phonetic,"temple, church",,,,
22-150-835-1,west2394,KNB (a Pearic variety),1103,rbâh sɛ:n,phonetic,"sacrifice, offering",,,,
22-160-835-1,west2394,KNB (a Pearic variety),257,bu:-cha:  ( T.),phonetic,worship,,,,
22-170-835-1,west2394,KNB (a Pearic variety),24,so:t mon,phonetic,pray,,,,
22-180-835-1,west2394,KNB (a Pearic variety),852,lô:ʔ,phonetic,priest,,,,
22-190-835-1,west2394,KNB (a Pearic variety),1702,saʔsit  ( T.),phonetic,"holy, sacred",,,,
22-220-835-1,west2394,KNB (a Pearic variety),304,tî:h,phonetic,preach,,,,
22-230-835-1,west2394,KNB (a Pearic variety),391,ʔɔ:j pu:ər,phonetic,bless,,,,
22-240-835-1,west2394,KNB (a Pearic variety),8,daʔ pnahsa:,phonetic,curse,,,,
22-260-835-1,west2394,KNB (a Pearic variety),303,ʔât ba:j,phonetic,fast (vb),,,,
22-310-835-1,west2394,KNB (a Pearic variety),1565,swan  ( T.),phonetic,heaven,,,,
22-320-835-1,west2394,KNB (a Pearic variety),878,n-ruəʔ,phonetic,hell,,,,
22-350-835-1,west2394,KNB (a Pearic variety),1973,khmɔ:c,phonetic,demon (evil spirit),,,,
22-370-835-1,west2394,KNB (a Pearic variety),1945,priəh pput,phonetic,idol,,,,
22-420-835-1,west2394,KNB (a Pearic variety),392,bl̂j,phonetic,"magic, witchcraft, sorcery",,,,
22-440-835-1,west2394,KNB (a Pearic variety),2138,tî:w-wda,phonetic,"fairy, elf",,,,
22-450-835-1,west2394,KNB (a Pearic variety),1175,khmɔ:c,phonetic,"ghost, phantom",,,,
