ID,Language_ID,Language_name,Parameter_ID,Value,Transcription,Concept,Source,Comment,AlternativeValue,AlternativeTranscription
14-290-425-1,qaua1234,Qau Kelao,790,tau.35 ʔo.35,Phonemic,ready,,,,
14-280-425-1,qaua1234,Qau Kelao,1928,caŋ.13,Phonemic,"cease, stop",,,,
14-270-425-1,qaua1234,Qau Kelao,1766,sa.31 ko.31,Phonemic,finish,,,,
14-260-425-1,qaua1234,Qau Kelao,743,sa.31 ko.31,Phonemic,end (temporal),,,,
14-252-425-1,qaua1234,Qau Kelao,1186,taŋ.35 ńa.13,Phonemic,"last, endure",,,,
14-250-425-1,qaua1234,Qau Kelao,1806,mu.42 kuŋ.35,Phonemic,"begin, beginning",,,,
14-240-425-1,qaua1234,Qau Kelao,425,taŋ.33 ko.35,Phonemic,"retard, delay",,,,
14-230-425-1,qaua1234,Qau Kelao,754,pəi.35 kəi.42,Phonemic,"hasten, hurry",,,,
14-230-425-3,qaua1234,Qau Kelao,754,khuai.13 taŋ.42,Phonemic,"hasten, hurry",,,,
14-220-425-1,qaua1234,Qau Kelao,701,ʔa.31 ni.35 me.42,Phonemic,slow,,,,
14-210-425-1,qaua1234,Qau Kelao,1631,khuai.13 taŋ.13,Phonemic,"swift, fast, quick",,,,
14-190-425-1,qaua1234,Qau Kelao,1963,sa.35 səi.42,Phonemic,immediately,,,,
14-180-425-1,qaua1234,Qau Kelao,1376,təi.42 nei.35,Phonemic,now,,,,
14-160-425-1,qaua1234,Qau Kelao,672,kuŋ.35,Phonemic,early,,,,
14-150-425-1,qaua1234,Qau Kelao,1229,co.35 ńa.35,Phonemic,old,,,,
14-140-425-1,qaua1234,Qau Kelao,1207,sI.42 lo.35,Phonemic,young,,,,
14-120-425-1,qaua1234,Qau Kelao,1789,pi.35 mu.31 chai.42,Phonemic,age,,,,
14-130-425-1,qaua1234,Qau Kelao,1231,lu.35 lu.42,Phonemic,new,,,,
13-440-425-1,qaua1234,Qau Kelao,417,tau.35 ti.42,Phonemic,three times,,,,
13-420-425-1,qaua1234,Qau Kelao,1859,to.13 tau.35,Phonemic,third,,,,
13-380-425-1,qaua1234,Qau Kelao,1546,ti.42 sa.35 ti.42,Phonemic,two times,,,,
13-370-425-1,qaua1234,Qau Kelao,1888,sI.42 kaŋ.42,Phonemic,pair,,,,
13-360-425-1,qaua1234,Qau Kelao,1384,to.13 sa.35 ʔəŋ.35,Phonemic,second,,,,
13-350-425-1,qaua1234,Qau Kelao,1529,li.42 piŋ.35,Phonemic,last,,,,
13-340-425-1,qaua1234,Qau Kelao,728,ća.35 sI.42 səŋ.42,Phonemic,first,,,,
13-330-425-1,qaua1234,Qau Kelao,1580,səi.42 luŋ.35,Phonemic,"alone, only",,,,
13-240-425-1,qaua1234,Qau Kelao,816,kaŋ.35 to.42,Phonemic,half,,,,
13-230-425-1,qaua1234,Qau Kelao,779,pəi.42 kəi.35,Phonemic,"part, piece",,,,
13-220-425-1,qaua1234,Qau Kelao,1624,khuŋ.42,Phonemic,empty,,,,
13-210-425-1,qaua1234,Qau Kelao,1429,ti.42,Phonemic,full,,,,
13-170-425-1,qaua1234,Qau Kelao,1242,kəi.35 kəi.35,Phonemic,"little (quantity), few",,,,
13-180-425-1,qaua1234,Qau Kelao,1881,ńa.31 lju.31,Phonemic,enough,,,,
13-160-425-1,qaua1234,Qau Kelao,1992,ʔai.42 la.35 ʔai.42,Phonemic,more,,,,
13-150-425-1,qaua1234,Qau Kelao,1198,ʔai.42,Phonemic,"much, many",,,,
13-140-425-1,qaua1234,Qau Kelao,98,ćhian.31 pu.13,Phonemic,"every, all",,,,
13-107-425-1,qaua1234,Qau Kelao,1420,ti.42,Phonemic,count,,,,
13-106-425-1,qaua1234,Qau Kelao,1843,sI.42 ke.42 pi.35,Phonemic,thousand,,,,
13-105-425-1,qaua1234,Qau Kelao,1634,sI.42 ce.42 laŋ.35,Phonemic,hundred,,,,
13-104-425-1,qaua1234,Qau Kelao,1710,sa.35 pe.42 laŋ.35,Phonemic,twenty,,,,
13-103-425-1,qaua1234,Qau Kelao,1709,sI.42 pe.42 mei.31,Phonemic,fifteen,,,,
13-102-425-1,qaua1234,Qau Kelao,1707,sI.42 pe.42 sa.35,Phonemic,twelve,,,,
13-101-425-1,qaua1234,Qau Kelao,1706,sI.42 pe.42 sI.42,Phonemic,eleven,,,,
13-100-425-1,qaua1234,Qau Kelao,1515,sI.42 pe.42 laŋ.35,Phonemic,ten,,,,
13-90-425-1,qaua1234,Qau Kelao,1483,so.42 laŋ.35,Phonemic,nine,,,,
13-80-425-1,qaua1234,Qau Kelao,1705,zau.31 laŋ.31,Phonemic,eight,,,,
13-70-425-1,qaua1234,Qau Kelao,1704,cau.35 laŋ.31,Phonemic,seven,,,,
13-60-425-1,qaua1234,Qau Kelao,1703,ńaŋ.31 laŋ.31,Phonemic,six,,,,
13-50-425-1,qaua1234,Qau Kelao,493,mei.31 laŋ.31,Phonemic,five,,,,
13-40-425-1,qaua1234,Qau Kelao,1500,pu.35 laŋ.42,Phonemic,four,,,,
13-20-425-1,qaua1234,Qau Kelao,1498,sa.35 laŋ.42,Phonemic,two,,,,
13-30-425-1,qaua1234,Qau Kelao,492,tau.35 laŋ.42,Phonemic,three,,,,
13-10-425-1,qaua1234,Qau Kelao,1493,sI.42 laŋ.42,Phonemic,one,,,,
13-0-425-1,qaua1234,Qau Kelao,1294,to.31 lo.35 laŋ.42,Phonemic,"zero, nothing",,,,
12-930-425-1,qaua1234,Qau Kelao,1264,pjan.42,Phonemic,change,,,,
12-920-425-1,qaua1234,Qau Kelao,1558,ćhiaŋ.42 mu.31 chai.42,Phonemic,"like, similar",,,,
12-850-425-1,qaua1234,Qau Kelao,1667,zau.31 zau.31,Phonemic,hole,,,,
12-810-425-1,qaua1234,Qau Kelao,1395,tei.31 lu.35 laŋ.42,Phonemic,round,,,,
12-780-425-1,qaua1234,Qau Kelao,850,pu.35 lei.42 pi.35 he.42,Phonemic,square,,,,
12-770-425-1,qaua1234,Qau Kelao,1367,ta.13 ki.35 ta.31,Phonemic,cross,,,,
12-760-425-1,qaua1234,Qau Kelao,192,kau.42 kau.35,Phonemic,corner,,,,
12-750-425-1,qaua1234,Qau Kelao,1071,te.31 kua.35 kəu.42,Phonemic,hook,,,,
12-740-425-1,qaua1234,Qau Kelao,297,le.35,Phonemic,crooked,,,,
12-730-425-1,qaua1234,Qau Kelao,1404,ce.35 ćiu.13,Phonemic,straight,,,,
12-710-425-1,qaua1234,Qau Kelao,1633,piŋ.35,Phonemic,flat,,,,
12-680-425-1,qaua1234,Qau Kelao,193,tjaŋ.35 tiu.35,Phonemic,shallow,,,,
12-670-425-1,qaua1234,Qau Kelao,1593,ljaŋ.42,Phonemic,deep,,,,
12-650-425-1,qaua1234,Qau Kelao,2249,tju.31 tju.13,Phonemic,thin (in dimension),,,,
12-630-425-1,qaua1234,Qau Kelao,1244,nuŋ.31 ni.35,Phonemic,thick (in dimension),,,,
12-620-425-1,qaua1234,Qau Kelao,1267,tei.42 tiu.35,Phonemic,narrow,,,,
12-610-425-1,qaua1234,Qau Kelao,1243,ti.13 li.31,Phonemic,"wide, broad",,,,
12-590-425-1,qaua1234,Qau Kelao,1645,ńe.35 ńəu.35,Phonemic,short,,,,
12-580-425-1,qaua1234,Qau Kelao,711,vei.35 cha.35,Phonemic,tall,,,,
12-570-425-1,qaua1234,Qau Kelao,1203,ve.42 ca.35,Phonemic,long,,,,
12-560-425-1,qaua1234,Qau Kelao,1246,tjaŋ.35 tjaŋ.35,Phonemic,"small, little",,,,
12-550-425-1,qaua1234,Qau Kelao,1202,li.35 paŋ.42,Phonemic,"large, big",,,,
12-541-425-1,qaua1234,Qau Kelao,81,sI.35 ha.42,Phonemic,"span, fathom",,,,
12-540-425-1,qaua1234,Qau Kelao,1506,te.13,Phonemic,measure,,,,
12-530-425-1,qaua1234,Qau Kelao,479,pəŋ.42 vu.35 tau.42,Phonemic,grow,,,,
12-460-425-1,qaua1234,Qau Kelao,1817,ji.13 taŋ.42,Phonemic,west,,,,
12-450-425-1,qaua1234,Qau Kelao,1877,ta.42 ji.13 chu.42,Phonemic,east,,,,
12-430-425-1,qaua1234,Qau Kelao,1942,vu.35 lju.35,Phonemic,near (adv),,,,
12-430-425-3,qaua1234,Qau Kelao,1942,lai.31,Phonemic,near (adv),,,,
12-420-425-1,qaua1234,Qau Kelao,244,pi.35 li.42 fəi.42,Phonemic,left (side),,,,
12-410-425-1,qaua1234,Qau Kelao,1019,pi.35 ce.31,Phonemic,right (side),,,,
12-370-425-1,qaua1234,Qau Kelao,1093,taŋ.35 tu.42 lu.42,Phonemic,"middle, center",,,,
12-360-425-1,qaua1234,Qau Kelao,682,ləi.42,Phonemic,side,,,,
12-360-425-3,qaua1234,Qau Kelao,682,sa.35 ləi.42,Phonemic,side,,,,
12-353-425-1,qaua1234,Qau Kelao,863,ta.3 ta.13,Phonemic,edge,,,,
12-352-425-1,qaua1234,Qau Kelao,372,sI.31 ku.35,Phonemic,pointed,,,,
12-350-425-1,qaua1234,Qau Kelao,742,kəi.42 tju.35 tju.35,Phonemic,end,,,,
12-340-425-1,qaua1234,Qau Kelao,690,pha.31 ćiŋ.13,Phonemic,bottom,,,,
12-320-425-1,qaua1234,Qau Kelao,721,kjau.42 kəi.35,Phonemic,low,,,,
12-330-425-1,qaua1234,Qau Kelao,1753,pha.31 to.13,Phonemic,top,,,,
12-310-425-1,qaua1234,Qau Kelao,1265,vəi.35 cha.35,Phonemic,high,,,,
12-270-425-1,qaua1234,Qau Kelao,602,məi.33 caŋ.35,Phonemic,"hide, conceal",,,,
12-250-425-1,qaua1234,Qau Kelao,1046,taŋ.35,Phonemic,"shut, close",,,,
12-250-425-3,qaua1234,Qau Kelao,1046,taŋ.35 pu.13,Phonemic,"shut, close",,,,
12-260-425-1,qaua1234,Qau Kelao,761,məi.35 tuŋ.42,Phonemic,cover,,,,
12-240-425-1,qaua1234,Qau Kelao,1156,məi.13 ho.35,Phonemic,open,,,,
12-232-425-1,qaua1234,Qau Kelao,1119,məi.42 ćo.13 sa.35 m.42,Phonemic,divide,,,,
12-230-425-1,qaua1234,Qau Kelao,1359,məi.35 təi.42,Phonemic,separate,,,,
12-220-425-1,qaua1234,Qau Kelao,1743,məi.35 ta.42,Phonemic,"join, unite",,,,
12-213-425-1,qaua1234,Qau Kelao,1576,məi.42 ćuŋ.13,Phonemic,pile up,,,,
12-212-425-1,qaua1234,Qau Kelao,371,pjəu.35,Phonemic,pick up,,,,
12-210-425-1,qaua1234,Qau Kelao,7,kho.13,Phonemic,"collect, gather",,,,
12-170-425-1,qaua1234,Qau Kelao,838,ći.13,Phonemic,"remains, left overs",,,,
12-160-425-1,qaua1234,Qau Kelao,987,tu.42 ki.35,Phonemic,"remain, stay",,,,
12-150-425-1,qaua1234,Qau Kelao,1442,caŋ.13,Phonemic,stand,,,,
12-140-425-1,qaua1234,Qau Kelao,215,tu.13 ćiŋ.13,Phonemic,lie down,,,,
12-130-425-1,qaua1234,Qau Kelao,1416,co.33,Phonemic,sit,,,,
12-120-425-1,qaua1234,Qau Kelao,998,kho.13,Phonemic,put,,,,
12-110-425-1,qaua1234,Qau Kelao,723,tha.42 mu.31 chai.42,Phonemic,place,,,,
12-70-425-1,qaua1234,Qau Kelao,1485,na.35 mu.31 chai.42 to.31,Phonemic,under,,,,
12-60-425-1,qaua1234,Qau Kelao,762,na.35 mu.31 chai.42 ćiŋ.35,Phonemic,outside,,,,
12-50-425-1,qaua1234,Qau Kelao,1606,na.35 mu.31 chai.42 zau.13,Phonemic,"inside, in",,,,
12-41-425-1,qaua1234,Qau Kelao,1883,na.35 mu.31 chai.42 kuŋ.35,Phonemic,front,,,,
12-40-425-1,qaua1234,Qau Kelao,1882,na.42 te.13 he.35 kuŋ.35,Phonemic,before,,,,
12-30-425-1,qaua1234,Qau Kelao,2094,ləi.31 to.31,Phonemic,"down, below",,,,
12-20-425-1,qaua1234,Qau Kelao,1816,na.42 ti.42 ta.31 mu.31 chai.42,Phonemic,beside,,,,
12-11-425-1,qaua1234,Qau Kelao,1686,na.42 piŋ.13 mu.31 chai.42,Phonemic,behind,,,,
12-10-425-1,qaua1234,Qau Kelao,1685,to.13 ći.31 na.42 ći.31 na.42,Phonemic,after,,,,
11-920-425-1,qaua1234,Qau Kelao,1098,ći.31 (ʒ́i.31),Phonemic,weigh,,,,
11-910-425-1,qaua1234,Qau Kelao,884,pəi.42 na.35 həŋ.35,Phonemic,share (distribute),,,,
11-890-425-1,qaua1234,Qau Kelao,1887,ki.31 paŋ.42,Phonemic,cheap,,,,
11-880-425-1,qaua1234,Qau Kelao,1426,ko.42,Phonemic,"dear (costly, expensive)",,,,
11-870-425-1,qaua1234,Qau Kelao,657,fai.35 ʔa.42 na.42,Phonemic,price,,,,
11-860-425-1,qaua1234,Qau Kelao,752,tha.31 fai.35 pai.35,Phonemic,"store, shop",,,,
11-850-425-1,qaua1234,Qau Kelao,633,ʒ́i.13,Phonemic,market (place),,,,
11-840-425-1,qaua1234,Qau Kelao,1082,so.42 tau.31 səi.35,Phonemic,merchant,,,,
11-830-425-1,qaua1234,Qau Kelao,2135,vai.31 ći.13 (ʒ́i.31),Phonemic,"trade, barter",,,,
11-820-425-1,qaua1234,Qau Kelao,1571,fai.35,Phonemic,sell,,,,
11-810-425-1,qaua1234,Qau Kelao,1869,səi.35,Phonemic,buy,,,,
11-780-425-1,qaua1234,Qau Kelao,1122,vu.13 həŋ.35 piŋ.13,Phonemic,wages,,,,
11-770-425-1,qaua1234,Qau Kelao,856,ljəu.13 ləi.31,Phonemic,hire,,,,
11-690-425-1,qaua1234,Qau Kelao,873,luŋ.35,Phonemic,"tax, tribute",,,,
11-650-425-1,qaua1234,Qau Kelao,718,saŋ.42,Phonemic,pay (vb),,,,
11-640-425-1,qaua1234,Qau Kelao,1914,cha.35 piŋ.13 mu.31,Phonemic,debt,,,,
11-630-425-1,qaua1234,Qau Kelao,369,cha.35 mu.31,Phonemic,owe,,,,
11-620-425-1,qaua1234,Qau Kelao,1823,ca.31,Phonemic,borrow,,,,
11-610-425-1,qaua1234,Qau Kelao,582,ca.31,Phonemic,lend,,,,
11-540-425-1,qaua1234,Qau Kelao,1774,śiau.42 ćhi.13,Phonemic,"avaricious, stingy",,,,
11-530-425-1,qaua1234,Qau Kelao,1934,pu.42 tau.31 ńo.35,Phonemic,beggar,,,,
11-510-425-1,qaua1234,Qau Kelao,712,pəi.13 piŋ.13,Phonemic,rich,,,,
11-440-425-1,qaua1234,Qau Kelao,1867,piŋ.13 ńe.35,Phonemic,coin,,,,
11-430-425-1,qaua1234,Qau Kelao,1559,piŋ.13,Phonemic,money,,,,
11-340-425-1,qaua1234,Qau Kelao,1095,zo.31 vu.13,Phonemic,"release, let go",,,,
11-330-425-1,qaua1234,Qau Kelao,1660,me.35 ɣəu.42,Phonemic,lose,,,,
11-320-425-1,qaua1234,Qau Kelao,719,həŋ.35 pe.42,Phonemic,find,,,,
11-310-425-1,qaua1234,Qau Kelao,1468,həŋ.35,Phonemic,"seek, look for",,,,
11-280-425-1,qaua1234,Qau Kelao,44,tau.42 həi.35,Phonemic,"harm, injure, damage",,,,
11-270-425-1,qaua1234,Qau Kelao,681,tau.33 həu.35,Phonemic,destroy,,,,
11-250-425-1,qaua1234,Qau Kelao,2008,taŋ.35 vaŋ.13,Phonemic,"save, rescue",,,,
11-240-425-1,qaua1234,Qau Kelao,1997,vaŋ.13,Phonemic,"preserve, look after",,,,
11-220-425-1,qaua1234,Qau Kelao,85,saŋ.42,Phonemic,give back,,,,
11-210-425-1,qaua1234,Qau Kelao,1447,ta.35,Phonemic,give,,,,
11-180-425-1,qaua1234,Qau Kelao,738,kraɨŋ.,Phonemic,thing,,A,,
11-160-425-1,qaua1234,Qau Kelao,694,te.42,Phonemic,"get, obtain",,,,
11-150-425-1,qaua1234,Qau Kelao,1448,me.13,Phonemic,hold,,,,
11-140-425-1,qaua1234,Qau Kelao,2021,khjau.13 paŋ.13,Phonemic,"seize, grasp",,,,
11-140-425-3,qaua1234,Qau Kelao,2021,me.13 paŋ.13,Phonemic,"seize, grasp",,,,
11-130-425-1,qaua1234,Qau Kelao,1749,mai.42,Phonemic,take,,,,
11-130-425-3,qaua1234,Qau Kelao,1749,ta.35,Phonemic,take,,,,
11-110-425-1,qaua1234,Qau Kelao,773,pəi.13,Phonemic,have,,,,
10-920-425-1,qaua1234,Qau Kelao,1922,luŋ.42 ta.13,Phonemic,land (vb),,,,
10-890-425-1,qaua1234,Qau Kelao,1870,caŋ.13,Phonemic,anchor,,,,
10-852-425-1,qaua1234,Qau Kelao,1849,to.31 pha.35 cI.42,Phonemic,row (vb),,,,
10-851-425-1,qaua1234,Qau Kelao,234,pi.13 tai.13 to.42,Phonemic,paddle (noun),,,,
10-840-425-1,qaua1234,Qau Kelao,1664,pha.35 cI.42,Phonemic,raft,,,,
10-830-425-1,qaua1234,Qau Kelao,1844,ta.31 to.31 tjaŋ.35 tjaŋ.35,Phonemic,boat,,,,
10-810-425-1,qaua1234,Qau Kelao,740,ta.31 to.31 li.31,Phonemic,ship,,,,
10-780-425-1,qaua1234,Qau Kelao,14,ŋa.13 ńe.31,Phonemic,yoke,,,,
10-750-425-1,qaua1234,Qau Kelao,122,ńe.31 ćhi.42 chI.35,Phonemic,"carriage, wagon, cart",,,,
10-740-425-1,qaua1234,Qau Kelao,1011,chau.35,Phonemic,bridge,,,,
10-720-425-1,qaua1234,Qau Kelao,2252,kau.42 kuŋ.35,Phonemic,path,,,,
10-710-425-1,qaua1234,Qau Kelao,667,kau.42 kuŋ.35,Phonemic,road,,,,
10-670-425-1,qaua1234,Qau Kelao,1452,zau.31,Phonemic,"push, shove",,,,
10-660-425-1,qaua1234,Qau Kelao,367,nau.42 ńo.35,Phonemic,ride,,,,
10-650-425-1,qaua1234,Qau Kelao,741,kho.42 chI.35,Phonemic,drive,,,,
10-640-425-1,qaua1234,Qau Kelao,43,tau.42 kau.42 kuŋ.35,Phonemic,lead (vb),,,,
10-630-425-1,qaua1234,Qau Kelao,1127,tai.42 vu.35,Phonemic,send,,,,
10-620-425-1,qaua1234,Qau Kelao,692,tai.42 mu.35,Phonemic,bring,,,,
10-615-425-1,qaua1234,Qau Kelao,415,me.42,Phonemic,carry-underarm,,,,
10-614-425-1,qaua1234,Qau Kelao,414,tin.42,Phonemic,carry-on-head,,,,
10-612-425-1,qaua1234,Qau Kelao,412,təu.13,Phonemic,carry-in-hand,,,,
10-610-425-1,qaua1234,Qau Kelao,700,ta.35,Phonemic,carry (bear),,,,
10-570-425-1,qaua1234,Qau Kelao,749,vu.42 luŋ.35,Phonemic,enter,,,,
10-560-425-1,qaua1234,Qau Kelao,1778,pi.35 ta.31,Phonemic,approach,,,,
10-550-425-1,qaua1234,Qau Kelao,1387,luŋ.35,Phonemic,"reach, arrive",,,,
10-530-425-1,qaua1234,Qau Kelao,1047,chən.35 ləŋ.31 zau.13,Phonemic,pursue,,,,
10-520-425-1,qaua1234,Qau Kelao,1085,chən.35 ləŋ.31 na.42,Phonemic,follow,,,,
10-510-425-1,qaua1234,Qau Kelao,956,zau.31 kuŋ.35,Phonemic,flee,,,,
10-491-425-1,qaua1234,Qau Kelao,485,ʔa.42 pəi.13 ʔɛ.42,Phonemic,disappear,,,,
10-490-425-1,qaua1234,Qau Kelao,1752,vu.35 məi.35,Phonemic,"go away, depart",,,,
10-481-425-1,qaua1234,Qau Kelao,581,cuan.42 mu.31 piŋ.13,Phonemic,come back,,,,
10-481-425-3,qaua1234,Qau Kelao,581,ləu.42 cuan.42 mu.31 piŋ.13,Phonemic,come back,,,,
10-480-425-1,qaua1234,Qau Kelao,1446,mu.13,Phonemic,come,,,,
10-474-425-1,qaua1234,Qau Kelao,1107,vu.13 ti.13,Phonemic,go out,,,,
10-473-425-1,qaua1234,Qau Kelao,2014,ʔuaŋ.42 to.31 pai.35,Phonemic,go down,,,,
10-472-425-1,qaua1234,Qau Kelao,1102,ʔuaŋ.42 to.31 məi.31,Phonemic,climb,,,,
10-470-425-1,qaua1234,Qau Kelao,695,vu.13,Phonemic,go,,,,
10-471-425-1,qaua1234,Qau Kelao,705,ʔuaŋ.42 pha.35 pai.35,Phonemic,go up,,,,
10-460-425-1,qaua1234,Qau Kelao,1519,zau.13,Phonemic,run,,,,
10-450-425-1,qaua1234,Qau Kelao,1443,pai.35 vu.42 kuŋ.35,Phonemic,walk,,,,
10-440-425-1,qaua1234,Qau Kelao,1879,təu.35 tjuŋ.31,Phonemic,dance,,,,
10-431-425-1,qaua1234,Qau Kelao,1135,tjuŋ.13,Phonemic,kick,,,,
10-430-425-1,qaua1234,Qau Kelao,1829,təu.35,Phonemic,"jump, leap",,,,
10-420-425-1,qaua1234,Qau Kelao,1324,so.33,Phonemic,"slide, slip",,,,
10-413-425-1,qaua1234,Qau Kelao,296,tau.31 kuŋ.35 cau.13,Phonemic,crouch,,,,
10-412-425-1,qaua1234,Qau Kelao,66,tau.31 ni.13,Phonemic,kneel,,,,
10-410-425-1,qaua1234,Qau Kelao,96,məi.31,Phonemic,"creep, crawl",,,,
10-380-425-1,qaua1234,Qau Kelao,175,ha.42,Phonemic,blow,,,,
10-370-425-1,qaua1234,Qau Kelao,1441,pjiŋ.13,Phonemic,fly (vb),,,,
10-352-425-1,qaua1234,Qau Kelao,365,pjəu.35 ŋ.42,Phonemic,splash,,,,
10-351-425-1,qaua1234,Qau Kelao,119,taŋ.13 thi.35,Phonemic,dive,,,,
10-330-425-1,qaua1234,Qau Kelao,1088,taŋ.42 vu.35 ćiŋ.35,Phonemic,sink,,,,
10-320-425-1,qaua1234,Qau Kelao,2003,kje.35,Phonemic,flow,,,,
10-260-425-1,qaua1234,Qau Kelao,1909,ńau.13,Phonemic,shake,,,,
10-252-425-1,qaua1234,Qau Kelao,702,te.31 me.13,Phonemic,catch (ball),,,,
10-252-425-3,qaua1234,Qau Kelao,702,həŋ.42 kuŋ.35,Phonemic,catch (ball),,,,
10-250-425-1,qaua1234,Qau Kelao,1456,me.35,Phonemic,throw,,,,
10-240-425-1,qaua1234,Qau Kelao,2253,tjuŋ.13,Phonemic,drip,,,,
10-230-425-1,qaua1234,Qau Kelao,1280,taŋ.42 vu.35 ćiŋ.13,Phonemic,fall,,,,
10-220-425-1,qaua1234,Qau Kelao,501,caŋ.13 vəi.31 tha.35,Phonemic,"raise, lift",,,,
10-210-425-1,qaua1234,Qau Kelao,568,ći.35 mu.31,Phonemic,rise,,,,
10-170-425-1,qaua1234,Qau Kelao,430,cuan.13,Phonemic,twist,,,,
10-170-425-3,qaua1234,Qau Kelao,430,cuan.13 le.35,Phonemic,twist,,,,
10-170-425-5,qaua1234,Qau Kelao,430,we.35,Phonemic,twist,,,,
10-160-425-1,qaua1234,Qau Kelao,808,ćot.,Phonemic,drop (vb),,A,,
10-150-425-1,qaua1234,Qau Kelao,827,məi.35 ko.35,Phonemic,roll,,,,
10-140-425-1,qaua1234,Qau Kelao,1113,pəi.31,Phonemic,"wind, wrap",,,,
10-130-425-1,qaua1234,Qau Kelao,1445,vəi.13 cuan.31 piŋ.13,Phonemic,turn around,,,,
10-120-425-1,qaua1234,Qau Kelao,1588,jo.33,Phonemic,turn over,,,,
10-110-425-1,qaua1234,Qau Kelao,765,jau.13,Phonemic,move,,,,
9-890-425-1,qaua1234,Qau Kelao,2001,sa.35,Phonemic,paint (vb),,,,
9-890-425-3,qaua1234,Qau Kelao,2001,sa.35 sI.31 caŋ.42,Phonemic,paint (vb),,,,
9-840-425-1,qaua1234,Qau Kelao,1979,ći.31 ka.42 mu.42 tai.42,Phonemic,chisel,,,,
9-880-425-1,qaua1234,Qau Kelao,647,sa.42 sa.35,Phonemic,paint (noun),,,,
9-830-425-1,qaua1234,Qau Kelao,1002,khui.13 ʔji.42,Phonemic,statue,,,,
9-810-425-1,qaua1234,Qau Kelao,228,thəu.42,Phonemic,carve,,,,
9-791-425-1,qaua1234,Qau Kelao,360,ha.42 ve.31,Phonemic,fan (vb),,,,
9-790-425-1,qaua1234,Qau Kelao,1971,po.13 lo.31,Phonemic,fan (noun),,,,
9-780-425-1,qaua1234,Qau Kelao,293,ka.42 mu.31 pjo.42,Phonemic,netbag,,,,
9-771-425-1,qaua1234,Qau Kelao,292,vən.35 tha.31 nau.31,Phonemic,rug,,,,
9-760-425-1,qaua1234,Qau Kelao,1539,təi.31 tjəu.13,Phonemic,basket,,,,
9-750-425-1,qaua1234,Qau Kelao,1729,ke.35,Phonemic,"weave, plait",,,,
9-740-425-1,qaua1234,Qau Kelao,604,pi.31 ćiŋ.35,Phonemic,glass,,,,
9-730-425-1,qaua1234,Qau Kelao,1399,paŋ.35 ʔji.42,Phonemic,clay,,,,
9-670-425-1,qaua1234,Qau Kelao,621,ce.42,Phonemic,iron,,,,
9-660-425-1,qaua1234,Qau Kelao,1825,thuŋ.31,Phonemic,"copper, bronze",,,,
9-650-425-1,qaua1234,Qau Kelao,759,haŋ.35,Phonemic,silver,,,,
9-640-425-1,qaua1234,Qau Kelao,1369,ńe.35,Phonemic,gold,,,,
9-630-425-1,qaua1234,Qau Kelao,211,kau.31 khuŋ.35,Phonemic,cast (metals),,,,
9-600-425-1,qaua1234,Qau Kelao,1001,ka.42 ce.42,Phonemic,"smith, blacksmith",,,,
9-560-425-1,qaua1234,Qau Kelao,1069,ca.35 ŋ.42,Phonemic,glue,,,,
9-490-425-1,qaua1234,Qau Kelao,1481,ka.42,Phonemic,hammer,,,,
9-480-425-1,qaua1234,Qau Kelao,1948,śye.42,Phonemic,saw,,,,
9-461-425-1,qaua1234,Qau Kelao,46,hai.42,Phonemic,hollow out,,,,
9-460-425-1,qaua1234,Qau Kelao,1501,mu.31 ńa.31 tha.35,Phonemic,bore,,,,
9-440-425-1,qaua1234,Qau Kelao,1840,tau.31 ki.35,Phonemic,build,,,,
9-380-425-1,qaua1234,Qau Kelao,245,mo.42 səi.42,Phonemic,broom,,,,
9-360-425-1,qaua1234,Qau Kelao,1453,sai.42,Phonemic,wash,,,,
9-370-425-1,qaua1234,Qau Kelao,230,səi.42,Phonemic,sweep,,,,
9-350-425-1,qaua1234,Qau Kelao,1487,kai.42,Phonemic,pour,,,,
9-343-425-1,qaua1234,Qau Kelao,1414,təi.31,Phonemic,"squeeze, wring",,,,
9-342-425-1,qaua1234,Qau Kelao,1913,nəŋ.42,Phonemic,press,,,,
9-341-425-1,qaua1234,Qau Kelao,357,wa.13,Phonemic,hang up,,,,
9-340-425-1,qaua1234,Qau Kelao,38,zau.31 mu.42 ti.13,Phonemic,spread out,,,,
9-330-425-1,qaua1234,Qau Kelao,1455,cəu.13,Phonemic,pull,,,,
9-320-425-1,qaua1234,Qau Kelao,214,cəu.13 zo.13 ca.35,Phonemic,stretch,,,,
9-310-425-1,qaua1234,Qau Kelao,1449,zu.13,Phonemic,"rub, wipe",,,,
9-290-425-1,qaua1234,Qau Kelao,291,ti.42,Phonemic,"flay, skin",,,,
9-280-425-1,qaua1234,Qau Kelao,1735,ćhi.42,Phonemic,tear,,,,
9-270-425-1,qaua1234,Qau Kelao,1437,pjo.42,Phonemic,split,,,,
9-261-425-1,qaua1234,Qau Kelao,588,pjo.42,Phonemic,broken,,,,
9-260-425-1,qaua1234,Qau Kelao,680,me.31,Phonemic,break,,,,
9-250-425-1,qaua1234,Qau Kelao,677,ka.35,Phonemic,ax,,,,
9-240-425-1,qaua1234,Qau Kelao,356,pu.42 sʔ.31 to.42,Phonemic,"scissors, shears",,,,
9-230-425-1,qaua1234,Qau Kelao,1352,tho.35,Phonemic,knife,,,,
9-223-425-1,qaua1234,Qau Kelao,1434,tha.35,Phonemic,stab,,,,
9-222-425-1,qaua1234,Qau Kelao,155,tśi.42,Phonemic,"chop, hew",,,,
9-221-425-1,qaua1234,Qau Kelao,355,tśi.42,Phonemic,cut down,,,,
9-220-425-1,qaua1234,Qau Kelao,1432,tuŋ.35,Phonemic,cut,,,,
9-220-425-3,qaua1234,Qau Kelao,1432,he.42,Phonemic,cut,,,,
9-211-425-1,qaua1234,Qau Kelao,354,ka.42,Phonemic,pound with fist,,,,
9-210-425-1,qaua1234,Qau Kelao,2133,ka.42,Phonemic,"strike (hit, beat)",,,,
9-190-425-1,qaua1234,Qau Kelao,1218,śi.42,Phonemic,"rope, cord",,,,
9-161-425-1,qaua1234,Qau Kelao,352,kəi.42,Phonemic,untie,,,,
9-160-425-1,qaua1234,Qau Kelao,1917,tu.13,Phonemic,"tie, bind",,,,
9-150-425-1,qaua1234,Qau Kelao,1470,tiŋ.42,Phonemic,fold,,,,
9-140-425-1,qaua1234,Qau Kelao,2004,le.33,Phonemic,bend,,,,
9-120-425-1,qaua1234,Qau Kelao,984,tau.31 ta.31 kuŋ.35,Phonemic,work,,,,
9-110-425-1,qaua1234,Qau Kelao,2575,tau.31,Phonemic,"do, make",,,,
8-980-425-1,qaua1234,Qau Kelao,641,ki.35 cai.31,Phonemic,mushroom,,,,
8-970-425-1,qaua1234,Qau Kelao,33,ho.33 ma.33,Phonemic,nettle,,,,
8-960-425-1,qaua1234,Qau Kelao,348,ća.35,Phonemic,fish poison (root),,,,
8-941-425-1,qaua1234,Qau Kelao,146,pa.42 ćhi.35,Phonemic,sugar cane,,,,
8-940-425-1,qaua1234,Qau Kelao,1927,mo.35 jau.42,Phonemic,bamboo,,,,
8-931-425-1,qaua1234,Qau Kelao,864,fəi.42 ko.42,Phonemic,"pumpkin, squash",,,,
8-930-425-1,qaua1234,Qau Kelao,411,lau.13,Phonemic,gourd,,,,
8-910-425-1,qaua1234,Qau Kelao,159,mu.42 sau.31,Phonemic,sweet potato,,,,
8-810-425-1,qaua1234,Qau Kelao,1181,pi.31 śi.35,Phonemic,palm tree,,,,
8-760-425-1,qaua1234,Qau Kelao,345,ćaŋ.35 ćaŋ.35 mu.42 tai.42,Phonemic,sap,,,,
8-750-425-1,qaua1234,Qau Kelao,1204,ka.31 co.35 mu.42 tai.42,Phonemic,bark,,,,
8-740-425-1,qaua1234,Qau Kelao,409,mu.42 tai.42 fa.42 thui.42,Phonemic,forked branch,,,,
8-720-425-1,qaua1234,Qau Kelao,241,ta.31 ko.35 mu.42 tai.42,Phonemic,tree stump,,,,
8-691-425-1,qaua1234,Qau Kelao,1124,təi.31 ke.35,Phonemic,pipe,,,,
8-690-425-1,qaua1234,Qau Kelao,1689,haŋ.35 ke.35,Phonemic,smoke (tobacco),,,,
8-690-425-3,qaua1234,Qau Kelao,1689,ke.35,Phonemic,smoke (tobacco),,,,
8-680-425-1,qaua1234,Qau Kelao,974,ti.31 ke.35,Phonemic,tobacco,,,,
8-670-425-1,qaua1234,Qau Kelao,343,ce.31,Phonemic,vine,,,,
8-650-425-1,qaua1234,Qau Kelao,1915,su.35 pu.31 tjaŋ.35 tjaŋ.35,Phonemic,fir,,,,
8-640-425-1,qaua1234,Qau Kelao,1740,khauʔ.,Phonemic,pine,,B,,
8-600-425-1,qaua1234,Qau Kelao,906,mu.42 tai.42,Phonemic,tree,,,,
8-570-425-1,qaua1234,Qau Kelao,239,kəu.35 həŋ.42,Phonemic,flower,,,,
8-550-425-1,qaua1234,Qau Kelao,1531,thui.42 thui.42,Phonemic,branch,,,,
8-540-425-1,qaua1234,Qau Kelao,670,śi.33 ji.35,Phonemic,root,,,,
8-520-425-1,qaua1234,Qau Kelao,342,cI.42 təŋ.35 mo.42 so.42 ca.35,Phonemic,hay,,,,
8-510-425-1,qaua1234,Qau Kelao,606,ća.35,Phonemic,grass,,,,
8-480-425-1,qaua1234,Qau Kelao,926,mu.42 sa.42,Phonemic,rice,,,,
8-470-425-1,qaua1234,Qau Kelao,506,ćhi.35,Phonemic,"maize, corn",,,,
8-460-425-1,qaua1234,Qau Kelao,60,ho.35,Phonemic,oats,,,,
8-450-425-1,qaua1234,Qau Kelao,23,so.42 laŋ.42 li.35,Phonemic,rye,,,,
8-430-425-1,qaua1234,Qau Kelao,1077,so.35,Phonemic,wheat,,,,
8-440-425-1,qaua1234,Qau Kelao,932,so.35 kjo.42,Phonemic,barley,,,,
8-420-425-1,qaua1234,Qau Kelao,605,tha.42 laŋ.42 məŋ.42,Phonemic,"grain (barley, oats etc)",,,,
8-410-425-1,qaua1234,Qau Kelao,611,ʔjau.33,Phonemic,"crop, harvest",,,,
8-350-425-1,qaua1234,Qau Kelao,223,tha.42 ka.42 məŋ.42,Phonemic,threshing-floor,,,,
8-340-425-1,qaua1234,Qau Kelao,285,ka.42 məŋ.42,Phonemic,thresh,,,,
8-330-425-1,qaua1234,Qau Kelao,2132,phu.42 lin.31,Phonemic,"sickle, scythe",,,,
8-320-425-1,qaua1234,Qau Kelao,190,he.42,Phonemic,"mow, reap",,,,
8-311-425-1,qaua1234,Qau Kelao,714,chuŋ.42,Phonemic,seed,,,,
8-310-425-1,qaua1234,Qau Kelao,748,thaŋ.35,Phonemic,sow,,,,
8-270-425-1,qaua1234,Qau Kelao,338,ta.31 co.42,Phonemic,rake,,,,
8-250-425-1,qaua1234,Qau Kelao,284,pu.42 te.31,Phonemic,hoe,,,,
8-240-425-1,qaua1234,Qau Kelao,1901,chuan.35,Phonemic,shovel,,,,
8-230-425-1,qaua1234,Qau Kelao,1176,chuan.35,Phonemic,spade,,,,
8-212-425-1,qaua1234,Qau Kelao,1794,fu.35 li.42,Phonemic,furrow,,,,
8-220-425-1,qaua1234,Qau Kelao,1418,hai.42,Phonemic,dig,,,,
8-210-425-1,qaua1234,Qau Kelao,1921,ləi.42,Phonemic,plow,,,,
8-170-425-1,qaua1234,Qau Kelao,2002,ko.35 śi.42,Phonemic,ditch,,,,
8-160-425-1,qaua1234,Qau Kelao,1690,ka.13 ta.13 ji.1,Phonemic,fence,,,,
8-150-425-1,qaua1234,Qau Kelao,1541,tau.31 ta.31 kuŋ.35,Phonemic,"cultivate, till",,,,
8-130-425-1,qaua1234,Qau Kelao,586,lau.13 luŋ.31,Phonemic,garden,,,,
8-120-425-1,qaua1234,Qau Kelao,212,zuŋ.13,Phonemic,field (for cultivation),,,,
8-110-425-1,qaua1234,Qau Kelao,979,so.42 tau.31 ta.31 kuŋ.35,Phonemic,farmer,,,,
7-630-425-1,qaua1234,Qau Kelao,224,sa.35 paŋ.35 ŋ.35,Phonemic,mortar,,,,
7-620-425-1,qaua1234,Qau Kelao,1006,cuan.33,Phonemic,brick,,,,
7-610-425-1,qaua1234,Qau Kelao,877,pu.42 fe.42 ka.42 paŋ.35 ŋ.35,Phonemic,mason,,,,
7-570-425-1,qaua1234,Qau Kelao,1227,pi.42 tai.35,Phonemic,board,,,,
7-560-425-1,qaua1234,Qau Kelao,281,mo.42 tai.42,Phonemic,"post, pole",,,,
7-550-425-1,qaua1234,Qau Kelao,1132,mo.42 ljaŋ.31,Phonemic,beam,,,,
7-530-425-1,qaua1234,Qau Kelao,280,mo.42 ljaŋ.31,Phonemic,ridgepole,,,,
7-520-425-1,qaua1234,Qau Kelao,279,tau.31 taŋ.31 ki.35 to.13,Phonemic,thatch,,,,
7-510-425-1,qaua1234,Qau Kelao,769,tau.31 taŋ.31 ki.35,Phonemic,roof,,,,
7-480-425-1,qaua1234,Qau Kelao,205,thuŋ.33 mau.35,Phonemic,trough,,,,
7-450-425-1,qaua1234,Qau Kelao,2131,təŋ.42 ce.35,Phonemic,"lamp, torch",,,,
7-440-425-1,qaua1234,Qau Kelao,1775,ta.31 co.13 ha 35 məŋ.42,Phonemic,table,,,,
7-430-425-1,qaua1234,Qau Kelao,1476,ta.13 co.13 tu.42,Phonemic,chair,,,,
7-422-425-1,qaua1234,Qau Kelao,806,śo.33 luŋ.35,Phonemic,blanket,,,,
7-421-425-1,qaua1234,Qau Kelao,1044,ŋa.31 kəi.42,Phonemic,pillow,,,,
7-420-425-1,qaua1234,Qau Kelao,1663,tha.42 ŋau.42,Phonemic,bed,,,,
7-370-425-1,qaua1234,Qau Kelao,1464,thi.33 ci.42,Phonemic,ladder,,,,
7-330-425-1,qaua1234,Qau Kelao,1305,pai.35 məŋ.13,Phonemic,chimney,,,,
7-320-425-1,qaua1234,Qau Kelao,859,cu.42 pai.35,Phonemic,stove,,,,
7-270-425-1,qaua1234,Qau Kelao,933,pi.42 to.42,Phonemic,wall,,,,
7-260-425-1,qaua1234,Qau Kelao,1632,tu.42 lu.42,Phonemic,floor,,,,
7-240-425-1,qaua1234,Qau Kelao,1472,jo.42 sI.35,Phonemic,key,,,,
7-231-425-1,qaua1234,Qau Kelao,1012,ʒ́hoŋ.,Phonemic,"latch, door-bolt",,B,,
7-230-425-1,qaua1234,Qau Kelao,1596,chəi.35,Phonemic,lock (noun),,,,
7-230-425-3,qaua1234,Qau Kelao,1596,pəi.42 tu.13,Phonemic,lock (noun),,,,
7-221-425-1,qaua1234,Qau Kelao,80,paŋ.,Phonemic,"doorpost, jamb",,B,,
7-210-425-1,qaua1234,Qau Kelao,1450,ki.35 tuŋ.13,Phonemic,room,,,,
7-220-425-1,qaua1234,Qau Kelao,1567,piŋ.13 li.31,Phonemic,"door, gate",,,,
7-220-425-3,qaua1234,Qau Kelao,1567,piŋ.13,Phonemic,"door, gate",,,,
7-170-425-1,qaua1234,Qau Kelao,334,tha.42 tau.31 məŋ.42,Phonemic,cookhouse,,,,
7-150-425-1,qaua1234,Qau Kelao,736,mo.42 ti.35,Phonemic,"yard, court",,,,
7-130-425-1,qaua1234,Qau Kelao,1678,ki.35 tjaŋ.35 tjaŋ.35,Phonemic,hut,,,,
7-120-425-1,qaua1234,Qau Kelao,1252,ki.35,Phonemic,house,,,,
7-110-425-1,qaua1234,Qau Kelao,363,ca.31 tha.31 nai.13,Phonemic,"dwell, live",,,,
6-960-425-1,qaua1234,Qau Kelao,1171,pi.31 ćiŋ.35,Phonemic,mirror,,,,
6-950-425-1,qaua1234,Qau Kelao,788,so.42 sai.42 zəi.13,Phonemic,soap,,,,
6-940-425-1,qaua1234,Qau Kelao,1926,mo.31 ki.13 məi.35 ʔɛ.42,Phonemic,ointment,,,,
6-930-425-1,qaua1234,Qau Kelao,151,li.42 tho.35 ku.42 kəi.42,Phonemic,razor,,,,
6-921-425-1,qaua1234,Qau Kelao,333,te.35,Phonemic,braid,,,,
6-921-425-3,qaua1234,Qau Kelao,333,te.35 məi.31 kəi.42,Phonemic,braid,,,,
6-920-425-1,qaua1234,Qau Kelao,1821,ca.31 cI.31,Phonemic,brush,,,,
6-910-425-1,qaua1234,Qau Kelao,1475,khjau.35 pəi.31 kəi.42,Phonemic,comb,,,,
6-820-425-1,qaua1234,Qau Kelao,1021,pi.31 kaŋ.42 to.35,Phonemic,towel,,,,
6-810-425-1,qaua1234,Qau Kelao,332,pi.31 kaŋ.42 to.35,Phonemic,"handkerchief, rag",,,,
6-780-425-1,qaua1234,Qau Kelao,330,ce.31 na.42 məi.31 cəi.42,Phonemic,"headband, headdress",,,,
6-750-425-1,qaua1234,Qau Kelao,1961,ńe.35 kau.35 ta.31 ńəu.31,Phonemic,necklace,,,,
6-740-425-1,qaua1234,Qau Kelao,1754,məi.42 fu.35,Phonemic,bracelet,,,,
6-730-425-1,qaua1234,Qau Kelao,1374,ńe.35 kau.35 to.31 məi.31,Phonemic,ring (for finger),,,,
6-630-425-1,qaua1234,Qau Kelao,64,pje.42,Phonemic,pin,,,,
6-620-425-1,qaua1234,Qau Kelao,757,ləu.35,Phonemic,button,,,,
6-610-425-1,qaua1234,Qau Kelao,1851,ho.31 pau.33,Phonemic,pocket,,,,
6-590-425-1,qaua1234,Qau Kelao,1151,ći.31 ke.35 ta.31 ćəu.31,Phonemic,veil,,,,
6-580-425-1,qaua1234,Qau Kelao,867,ləi.42 pəŋ.31,Phonemic,glove,,,,
6-570-425-1,qaua1234,Qau Kelao,772,ći.35 li.31 ca.31 cəi.31 khəu.35,Phonemic,"belt, girdle",,,,
6-550-425-1,qaua1234,Qau Kelao,2130,mau.13,Phonemic,"hat, cap",,,,
6-510-425-1,qaua1234,Qau Kelao,1381,thi.42,Phonemic,shoe,,,,
6-490-425-1,qaua1234,Qau Kelao,329,wa.42 cI.35,Phonemic,"stocking, sock",,,,
6-480-425-1,qaua1234,Qau Kelao,809,cI.31 khəu.35,Phonemic,trousers,,,,
6-460-425-1,qaua1234,Qau Kelao,1600,məi.42 cI.42 jəŋ.35,Phonemic,skirt,,,,
6-450-425-1,qaua1234,Qau Kelao,2012,ta.31 ćəu.31 zəi.13,Phonemic,collar,,,,
6-440-425-1,qaua1234,Qau Kelao,1622,zəi.13 ʔu.42 chəi.35,Phonemic,shirt,,,,
6-430-425-1,qaua1234,Qau Kelao,603,zəi.13 tau.13,Phonemic,coat,,,,
6-420-425-1,qaua1234,Qau Kelao,474,məi.42 cI.42 juŋ.42,Phonemic,woman's dress,,,,
6-380-425-1,qaua1234,Qau Kelao,1161,ńi.13,Phonemic,thread,,,,
6-360-425-1,qaua1234,Qau Kelao,1382,pje.42,Phonemic,needle,,,,
6-340-425-1,qaua1234,Qau Kelao,1787,mo.42 pjo.42,Phonemic,loom,,,,
6-330-425-1,qaua1234,Qau Kelao,133,zəu.31 ći.13,Phonemic,weave,,,,
6-320-425-1,qaua1234,Qau Kelao,277,ći.13 zəu.13,Phonemic,spindle,,,,
6-320-425-3,qaua1234,Qau Kelao,277,ći.13 zəu.13 həŋ.42,Phonemic,spindle,,,,
6-310-425-1,qaua1234,Qau Kelao,121,te.31 vu.13 ći.13,Phonemic,spin,,,,
6-290-425-1,qaua1234,Qau Kelao,629,(thi.42) pu.31 ka.42,Phonemic,leather,,,,
6-280-425-1,qaua1234,Qau Kelao,580,mi.13 pu.31 ka.42,Phonemic,fur,,,,
6-240-425-1,qaua1234,Qau Kelao,1850,həŋ.42,Phonemic,cotton,,,,
6-230-425-1,qaua1234,Qau Kelao,916,ko.42 li.42,Phonemic,"linen, flax",,,,
6-220-425-1,qaua1234,Qau Kelao,964,mi.13,Phonemic,wool,,,,
6-210-425-1,qaua1234,Qau Kelao,1616,həu.35,Phonemic,cloth,,,,
6-130-425-1,qaua1234,Qau Kelao,881,ka.42 zəi.13,Phonemic,tailor,,,,
6-120-425-1,qaua1234,Qau Kelao,1895,zəi.13,Phonemic,"clothing, clothes",,,,
6-110-425-1,qaua1234,Qau Kelao,158,ləi.31 (zəi.13),Phonemic,put on (clothes),,,,
5-971-425-1,qaua1234,Qau Kelao,1556,kai.35 phəi.42,Phonemic,egg yolk,,,,
5-970-425-1,qaua1234,Qau Kelao,744,kai.42,Phonemic,egg,,,,
5-850-425-1,qaua1234,Qau Kelao,862,ma.31 thaŋ.42,Phonemic,sugar,,,,
5-860-425-1,qaua1234,Qau Kelao,635,ćəu.35,Phonemic,milk (noun),,,,
5-840-425-1,qaua1234,Qau Kelao,942,mo.42 ji.31,Phonemic,honey,,,,
5-821-425-1,qaua1234,Qau Kelao,919,ći.13,Phonemic,chili pepper,,,,
5-810-425-1,qaua1234,Qau Kelao,1274,ńəu.31,Phonemic,salt,,,,
5-791-425-1,qaua1234,Qau Kelao,323,ne.31,Phonemic,"grease, fat",,,,
5-790-425-1,qaua1234,Qau Kelao,1484,ne.31,Phonemic,oil,,,,
5-710-425-1,qaua1234,Qau Kelao,1507,taŋ.31 tai.35 mi.42,Phonemic,fruit,,,,
5-660-425-1,qaua1234,Qau Kelao,832,təi.33,Phonemic,bean,,,,
5-650-425-1,qaua1234,Qau Kelao,924,luŋ.31,Phonemic,vegetables,,,,
5-640-425-1,qaua1234,Qau Kelao,1547,ŋ.42,Phonemic,"soup, broth",,,,
5-630-425-1,qaua1234,Qau Kelao,1874,sai.35,Phonemic,sausage,,,,
5-610-425-1,qaua1234,Qau Kelao,634,ńau.35,Phonemic,meat,,,,
5-590-425-1,qaua1234,Qau Kelao,225,khjau.35,Phonemic,pestle,,,,
5-580-425-1,qaua1234,Qau Kelao,224,khjau.35 mi.35,Phonemic,mortar (2),,,,
5-550-425-1,qaua1234,Qau Kelao,1594,pai.35 məŋ.42 mo.42 ći.13,Phonemic,"meal, flour",,,,
5-540-425-1,qaua1234,Qau Kelao,274,ho.42 pai.35 məŋ.42,Phonemic,knead,,,,
5-510-425-1,qaua1234,Qau Kelao,1368,ćo.31 lan.13,Phonemic,bread,,,,
5-490-425-1,qaua1234,Qau Kelao,2017,le.33,Phonemic,"stir, mix",,,,
5-480-425-1,qaua1234,Qau Kelao,1767,śy.42,Phonemic,scrape,,,,
5-470-425-1,qaua1234,Qau Kelao,86,kei.42,Phonemic,"sieve, strain",,,,
5-460-425-1,qaua1234,Qau Kelao,275,śy.42,Phonemic,peel,,,,
5-450-425-1,qaua1234,Qau Kelao,1833,mo.42 kjaŋ.42,Phonemic,supper,,,,
5-440-425-1,qaua1234,Qau Kelao,1833,mo.42 kjaŋ.42,Phonemic,dinner,,,,
5-430-425-1,qaua1234,Qau Kelao,768,ki.42,Phonemic,lunch,,,,
5-420-425-1,qaua1234,Qau Kelao,1322,mo.42 śuŋ.42,Phonemic,breakfast,,,,
5-410-425-1,qaua1234,Qau Kelao,1526,sI.42 se.42 məŋ.42,Phonemic,meal (a),,,,
5-391-425-1,qaua1234,Qau Kelao,272,ho.42 ćian.35,Phonemic,tongs,,,,
5-390-425-1,qaua1234,Qau Kelao,1302,li.42 tho.35,Phonemic,fork (2),,,,
5-380-425-1,qaua1234,Qau Kelao,1352,tho.35,Phonemic,knife (2),,,,
5-370-425-1,qaua1234,Qau Kelao,1378,thjau.31 kən.33,Phonemic,spoon,,,,
5-330-425-1,qaua1234,Qau Kelao,1530,ti.13,Phonemic,bowl,,,,
5-340-425-1,qaua1234,Qau Kelao,270,pjuŋ.42,Phonemic,"pitcher, jug",,,,
5-320-425-1,qaua1234,Qau Kelao,480,phan.35 cI.42,Phonemic,plate,,,,
5-280-425-1,qaua1234,Qau Kelao,31,ka.13 ki.35 mo.31,Phonemic,pan,,,,
5-260-425-1,qaua1234,Qau Kelao,1462,ka.33,Phonemic,"pot, cooking vessel",,,,
5-270-425-1,qaua1234,Qau Kelao,854,pjuŋ.31 cau.35 ŋ.42,Phonemic,kettle,,,,
5-240-425-1,qaua1234,Qau Kelao,183,khau.35,Phonemic,bake,,,,
5-250-425-1,qaua1234,Qau Kelao,1143,cu.31 pai.35,Phonemic,oven,,,,
5-230-425-1,qaua1234,Qau Kelao,2146,ki.35,Phonemic,"roast, fry",,,,
5-220-425-1,qaua1234,Qau Kelao,792,ŋ.42 taŋ.42,Phonemic,boil (vb),,,,
5-210-425-1,qaua1234,Qau Kelao,1100,śau.35,Phonemic,cook,,,,
5-181-425-1,qaua1234,Qau Kelao,897,la.13,Phonemic,swallow,,,,
5-180-425-1,qaua1234,Qau Kelao,321,ńi.35,Phonemic,chew,,,,
5-150-425-1,qaua1234,Qau Kelao,848,ŋi.35 co.42,Phonemic,thirst,,,,
5-141-425-1,qaua1234,Qau Kelao,199,faŋ.42,Phonemic,famine,,,,
5-140-425-1,qaua1234,Qau Kelao,1864,no.42,Phonemic,hunger,,,,
5-130-425-1,qaua1234,Qau Kelao,1401,haŋ.42,Phonemic,drink,,,,
5-125-425-1,qaua1234,Qau Kelao,1728,zuŋ.13 za.13,Phonemic,rotten,,,,
5-124-425-1,qaua1234,Qau Kelao,1958,kjaŋ.42 ki.42,Phonemic,"green, unripe",,,,
5-123-425-1,qaua1234,Qau Kelao,178,hai.42 ɣəu.42,Phonemic,ripe,,,,
5-122-425-1,qaua1234,Qau Kelao,1959,tai.42 ti.13,Phonemic,raw,,,,
5-121-425-1,qaua1234,Qau Kelao,269,hau.42,Phonemic,cooked,,,,
5-120-425-1,qaua1234,Qau Kelao,256,śi.35 mu.42 chai.42,Phonemic,food,,,,
5-110-425-1,qaua1234,Qau Kelao,1336,ha.35,Phonemic,eat,,,,
4-990-425-1,qaua1234,Qau Kelao,590,məi.42 pəi.35 zəi.42 ʔɛ.42,Phonemic,"naked, bare",,,,
4-970-425-1,qaua1234,Qau Kelao,1653,to.35 tuŋ.42,Phonemic,blind,,,,
4-980-425-1,qaua1234,Qau Kelao,1463,kjaŋ.35,Phonemic,intoxicated,,,,
4-960-425-1,qaua1234,Qau Kelao,1666,ha.35 ta.42,Phonemic,mute,,,,
4-950-425-1,qaua1234,Qau Kelao,996,cuŋ.35 ŋe.35,Phonemic,deaf,,,,
4-930-425-1,qaua1234,Qau Kelao,1125,ʔ.42 pei.42 mei.42 ke.42 ʔɛ.42,Phonemic,bald,,,,
4-940-425-1,qaua1234,Qau Kelao,320,to.31 ko35 pi.42,Phonemic,lame,,,,
4-920-425-1,qaua1234,Qau Kelao,1564,ke.42,Phonemic,lazy,,,,
4-912-425-1,qaua1234,Qau Kelao,168,ca.31 həi.35,Phonemic,rest,,,,
4-910-425-1,qaua1234,Qau Kelao,1757,phau.35,Phonemic,"tired, weary",,,,
4-890-425-1,qaua1234,Qau Kelao,655,kja.35 tu.13 həŋ.35,Phonemic,poison,,,,
4-880-425-1,qaua1234,Qau Kelao,1372,kja.35,Phonemic,"medicine, drug",,,,
4-860-425-1,qaua1234,Qau Kelao,499,ʔo.35,Phonemic,"cure, heal",,,,
4-858-425-1,qaua1234,Qau Kelao,497,ma.31 li.13,Phonemic,scar,,,,
4-857-425-1,qaua1234,Qau Kelao,1808,kuan.42,Phonemic,pus,,,,
4-856-425-1,qaua1234,Qau Kelao,793,kəu.42,Phonemic,boil (noun),,,,
4-855-425-1,qaua1234,Qau Kelao,1584,ŋ.42 ʔjaŋ.35,Phonemic,blister,,,,
4-854-425-1,qaua1234,Qau Kelao,148,phe.42 li.35 paŋ.31,Phonemic,itch,,,,
4-854-425-3,qaua1234,Qau Kelao,148,thaŋ.13,Phonemic,itch,,,,
4-853-425-1,qaua1234,Qau Kelao,1903,phe.42 li.35 paŋ.31,Phonemic,swelling,,,,
4-852-425-1,qaua1234,Qau Kelao,1148,phe.42,Phonemic,bruise,,,,
4-850-425-1,qaua1234,Qau Kelao,1109,he.13 zai.13,Phonemic,"wound, sore",,,,
4-843-425-1,qaua1234,Qau Kelao,102,tau.31 mo.42 ćiŋ.35,Phonemic,cold (catarrh),,,,
4-842-425-1,qaua1234,Qau Kelao,1957,ta.31 ńiu.31 li.35 paŋ.31,Phonemic,goiter,,,,
4-841-425-1,qaua1234,Qau Kelao,1534,li.35 cau.35 ku.42,Phonemic,fever,,,,
4-840-425-1,qaua1234,Qau Kelao,1847,zai.13,Phonemic,"sick, sickness",,,,
4-830-425-1,qaua1234,Qau Kelao,1364,to.35 tən.13,Phonemic,"well, health",,,,
4-820-425-1,qaua1234,Qau Kelao,1601,ʔa.42 pei.35 ce.31 ʔɛ.42,Phonemic,weak,,,,
4-810-425-1,qaua1234,Qau Kelao,785,pei.13 ce.31,Phonemic,"strong, mighty, powerful",,,,
4-790-425-1,qaua1234,Qau Kelao,1773,ta.31 ljuŋ.31,Phonemic,"grave, tomb",,,,
4-780-425-1,qaua1234,Qau Kelao,1719,ŋe.31,Phonemic,bury (the dead),,,,
4-770-425-1,qaua1234,Qau Kelao,767,so.42 pəŋ.35,Phonemic,corpse,,,,
4-760-425-1,qaua1234,Qau Kelao,1417,zən.31,Phonemic,kill,,,,
4-751-425-1,qaua1234,Qau Kelao,1904,ŋan.33 pəŋ.35,Phonemic,drowned,,,,
4-750-425-1,qaua1234,Qau Kelao,1494,pəŋ.35,Phonemic,"die, dead",,,,
4-740-425-1,qaua1234,Qau Kelao,1422,pu.35,Phonemic,"live, living, life",,,,
4-732-425-1,qaua1234,Qau Kelao,1087,pei.42 li.42,Phonemic,conceive,,,,
4-730-425-1,qaua1234,Qau Kelao,1123,tai.42 li.42,Phonemic,pregnant,,,,
4-720-425-1,qaua1234,Qau Kelao,1090,pəŋ.13,Phonemic,born (to be),,,,
4-710-425-1,qaua1234,Qau Kelao,1152,so.42 co.35 pəŋ.42 so.42 tjaŋ.35 tjaŋ.35,Phonemic,beget (of father),,,,
4-690-425-1,qaua1234,Qau Kelao,138,vu.42 pu.31 ce.35,Phonemic,bathe,,,,
4-680-425-1,qaua1234,Qau Kelao,52,ńau.13 ćiŋ.35,Phonemic,shiver,,,,
4-670-425-1,qaua1234,Qau Kelao,1785,ka.42 ćiu.35,Phonemic,have sexual intercourse,,,,
4-660-425-1,qaua1234,Qau Kelao,676,ńi.42 ko.42,Phonemic,defecate,,,,
4-650-425-1,qaua1234,Qau Kelao,592,cau.31,Phonemic,urinate,,,,
4-640-425-1,qaua1234,Qau Kelao,1159,ni.13 ta.31 cəi.42,Phonemic,break wind,,,,
4-630-425-1,qaua1234,Qau Kelao,1602,pja.35 ŋ.35,Phonemic,wake up,,,,
4-620-425-1,qaua1234,Qau Kelao,1920,ŋau.42 pe.35,Phonemic,dream,,,,
4-612-425-1,qaua1234,Qau Kelao,1983,zəu.13 taŋ.31 ka.35,Phonemic,snore,,,,
4-610-425-1,qaua1234,Qau Kelao,1585,ŋau.42 ku.42,Phonemic,sleep,,,,
4-591-425-1,qaua1234,Qau Kelao,268,ćiu.13 ŋ.42 cau.42,Phonemic,dribble,,,,
4-590-425-1,qaua1234,Qau Kelao,319,la.13,Phonemic,lick,,,,
4-580-425-1,qaua1234,Qau Kelao,1403,to.42,Phonemic,bite,,,,
4-570-425-1,qaua1234,Qau Kelao,1278,ki.42,Phonemic,vomit,,,,
4-560-425-1,qaua1234,Qau Kelao,1440,ŋ.42 cau.42,Phonemic,spit,,,,
4-550-425-1,qaua1234,Qau Kelao,126,chu.42 fən.42,Phonemic,perspire,,,,
4-540-425-1,qaua1234,Qau Kelao,1621,zu.13,Phonemic,sneeze,,,,
4-530-425-1,qaua1234,Qau Kelao,879,zu.13,Phonemic,cough,,,,
4-520-425-1,qaua1234,Qau Kelao,1028,həi.35 tən.13,Phonemic,"yawn, gape",,,,
4-510-425-1,qaua1234,Qau Kelao,1407,zo.31 həi.35,Phonemic,"breathe, breath",,,,
4-492-425-1,qaua1234,Qau Kelao,1222,tha.42 ni.42 cau.42,Phonemic,penis,,,,
4-490-425-1,qaua1234,Qau Kelao,797,tha.42 cau.35,Phonemic,testicle,,,,
4-470-425-1,qaua1234,Qau Kelao,804,tha.42 cau.35,Phonemic,womb,,,,
4-464-425-1,qaua1234,Qau Kelao,834,ko.35 ko.42,Phonemic,buttocks,,,,
4-463-425-1,qaua1234,Qau Kelao,1745,ko.35 ko.42,Phonemic,hip,,,,
4-462-425-1,qaua1234,Qau Kelao,1681,kjau.42,Phonemic,waist,,,,
4-461-425-1,qaua1234,Qau Kelao,1991,sai.35,Phonemic,"intestines, guts",,,,
4-460-425-1,qaua1234,Qau Kelao,819,phəu.42,Phonemic,stomach,,,,
4-452-425-1,qaua1234,Qau Kelao,1744,phi.31,Phonemic,spleen,,,,
4-450-425-1,qaua1234,Qau Kelao,1224,pa.42 pu.35,Phonemic,liver,,,,
4-441-425-1,qaua1234,Qau Kelao,688,phəu.42,Phonemic,lung,,,,
4-440-425-1,qaua1234,Qau Kelao,1223,pa.42 pu.35,Phonemic,heart,,,,
4-430-425-1,qaua1234,Qau Kelao,1838,ka.42 luŋ.35,Phonemic,navel,,,,
4-420-425-1,qaua1234,Qau Kelao,154,ćiu.35,Phonemic,udder,,,,
4-412-425-1,qaua1234,Qau Kelao,796,pu.13 ćəu.35,Phonemic,"nipple, teat",,,,
4-410-425-1,qaua1234,Qau Kelao,1402,ćiu.35,Phonemic,breast (of woman),,,,
4-400-425-1,qaua1234,Qau Kelao,1592,ŋau.31 lu.42,Phonemic,chest,,,,
4-393-425-1,qaua1234,Qau Kelao,1201,mi.13,Phonemic,feather,,,,
4-392-425-1,qaua1234,Qau Kelao,1257,vei.31,Phonemic,wing,,,,
4-380-425-1,qaua1234,Qau Kelao,1389,kəi.42 mu.42 kjau.42,Phonemic,toe,,,,
4-374-425-1,qaua1234,Qau Kelao,318,ki.35 kjau.42,Phonemic,footprint,,,,
4-372-425-1,qaua1234,Qau Kelao,980,la.42 suŋ.35 kjau.42,Phonemic,heel,,,,
4-371-425-1,qaua1234,Qau Kelao,803,mo.42 kjau.42,Phonemic,ankle,,,,
4-370-425-1,qaua1234,Qau Kelao,1301,pu.31 ko.35,Phonemic,foot,,,,
4-360-425-1,qaua1234,Qau Kelao,1371,tuŋ.31 kuŋ.35,Phonemic,knee,,,,
4-352-425-1,qaua1234,Qau Kelao,498,pu.31 ko.35 tjaŋ.35 tjaŋ.35,Phonemic,calf of leg,,,,
4-351-425-1,qaua1234,Qau Kelao,800,pu.31 ko.35 li.31,Phonemic,thigh,,,,
4-350-425-1,qaua1234,Qau Kelao,1297,pu.31 ko.35,Phonemic,leg,,,,
4-345-425-1,qaua1234,Qau Kelao,72,mo.42 kjau.35,Phonemic,claw,,,,
4-344-425-1,qaua1234,Qau Kelao,1258,mo.42 ke.42,Phonemic,fingernail,,,,
4-342-425-1,qaua1234,Qau Kelao,1781,mo.42 mei.42 li.31,Phonemic,thumb,,,,
4-340-425-1,qaua1234,Qau Kelao,1303,mo.42 məi.42,Phonemic,finger,,,,
4-331-425-1,qaua1234,Qau Kelao,1183,pu.42 məi.35,Phonemic,palm of hand,,,,
4-330-425-1,qaua1234,Qau Kelao,1277,pei.42 məi.42,Phonemic,hand,,,,
4-321-425-1,qaua1234,Qau Kelao,799,pei.42 məi.42 le.35,Phonemic,wrist,,,,
4-312-425-1,qaua1234,Qau Kelao,1886,ćin.33 co.35,Phonemic,armpit,,,,
4-310-425-1,qaua1234,Qau Kelao,1673,pu.31 ńi.35,Phonemic,arm,,,,
4-301-425-1,qaua1234,Qau Kelao,172,ta.31 taŋ.13 ki.42 pu.35,Phonemic,shoulderblade,,,,
4-300-425-1,qaua1234,Qau Kelao,1482,ki.42 pu.35,Phonemic,shoulder,,,,
4-290-425-1,qaua1234,Qau Kelao,1346,co.31 sI.31 kəi.35,Phonemic,throat,,,,
4-281-425-1,qaua1234,Qau Kelao,1347,ta.13 ćəu.31 piŋ.35,Phonemic,nape of neck,,,,
4-280-425-1,qaua1234,Qau Kelao,1333,ta.13 ćəu.31,Phonemic,neck,,,,
4-272-425-1,qaua1234,Qau Kelao,1049,mo.42 pe.42 ńi.35,Phonemic,molartooth,,,,
4-270-425-1,qaua1234,Qau Kelao,1380,mo.42 pe.42,Phonemic,tooth,,,,
4-271-425-1,qaua1234,Qau Kelao,139,mo.42 pe.42 ləi.42 ćiŋ.35,Phonemic,gums,,,,
4-260-425-1,qaua1234,Qau Kelao,1205,pi.13 mo.42,Phonemic,tongue,,,,
4-250-425-1,qaua1234,Qau Kelao,478,pu.13 ta.13,Phonemic,lip,,,,
4-241-425-1,qaua1234,Qau Kelao,73,pu.13 mo.42 naŋ.42,Phonemic,beak,,,,
4-240-425-1,qaua1234,Qau Kelao,674,pu.13,Phonemic,mouth,,,,
4-232-425-1,qaua1234,Qau Kelao,208,ko.42 ńe.42,Phonemic,mucus (nasal),,,,
4-231-425-1,qaua1234,Qau Kelao,1178,za.31 ljuŋ.31 ńe.13,Phonemic,nostril,,,,
4-230-425-1,qaua1234,Qau Kelao,1221,ljuŋ.31 ńe.13,Phonemic,nose,,,,
4-222-425-1,qaua1234,Qau Kelao,32,ko.42 co.35,Phonemic,earwax,,,,
4-221-425-1,qaua1234,Qau Kelao,18,co.35,Phonemic,earlobe,,,,
4-220-425-1,qaua1234,Qau Kelao,1247,co.35,Phonemic,ear,,,,
4-215-425-1,qaua1234,Qau Kelao,1655,ca.42 ta.31 to.35,Phonemic,blink,,,,
4-215-425-3,qaua1234,Qau Kelao,1655,ta.31 to.35 ca.42,Phonemic,blink,,,,
4-214-425-1,qaua1234,Qau Kelao,1540,mi.13 ta.31 to.35,Phonemic,eyelash,,,,
4-213-425-1,qaua1234,Qau Kelao,17,mi.31 ta.31 to.35,Phonemic,eyelid,,,,
4-212-425-1,qaua1234,Qau Kelao,1173,mi.31 ta.31 to.35,Phonemic,eyebrow,,,,
4-210-425-1,qaua1234,Qau Kelao,1248,ta.13 to.35,Phonemic,eye,,,,
4-208-425-1,qaua1234,Qau Kelao,1730,pu.13 ta.13,Phonemic,cheek,,,,
4-209-425-1,qaua1234,Qau Kelao,1510,mi.42 ći.42,Phonemic,chin,,,,
4-205-425-1,qaua1234,Qau Kelao,123,pu.42 taŋ.35,Phonemic,forehead,,,,
4-207-425-1,qaua1234,Qau Kelao,798,pe.13,Phonemic,jaw,,,,
4-204-425-1,qaua1234,Qau Kelao,1560,pe.13,Phonemic,face,,,,
4-203-425-1,qaua1234,Qau Kelao,1583,kəi.35,Phonemic,brain,,,,
4-201-425-1,qaua1234,Qau Kelao,1604,kau.42 taŋ.35,Phonemic,"side of head, temple",,,,
4-202-425-1,qaua1234,Qau Kelao,1605,pəi.42 kəi.35,Phonemic,skull,,,,
4-200-425-1,qaua1234,Qau Kelao,1256,pəi.42 kəi.35,Phonemic,head,,,,
4-191-425-1,qaua1234,Qau Kelao,805,ka.42 lai.35,Phonemic,spine,,,,
4-190-425-1,qaua1234,Qau Kelao,1291,ka.42 lai.35,Phonemic,back,,,,
4-180-425-1,qaua1234,Qau Kelao,1220,ko.35 səi.42,Phonemic,tail,,,,
4-170-425-1,qaua1234,Qau Kelao,1393,kau.35 (ńe.31),Phonemic,horn,,,,
4-162-425-1,qaua1234,Qau Kelao,801,ka.42 ki.35,Phonemic,rib,,,,
4-160-425-1,qaua1234,Qau Kelao,1394,ta.31 taŋ.13,Phonemic,bone,,,,
4-151-425-1,qaua1234,Qau Kelao,525,pja.42 cI.31 ve.31,Phonemic,"vein, artery",,,,
4-150-425-1,qaua1234,Qau Kelao,946,pja.42,Phonemic,blood,,,,
4-145-425-1,qaua1234,Qau Kelao,36,mi.13 ka.42 cau.35,Phonemic,pubic hair,,,,
4-144-425-1,qaua1234,Qau Kelao,189,mi.13 fəŋ.42,Phonemic,body hair,,,,
4-142-425-1,qaua1234,Qau Kelao,678,mi.13 ći.42,Phonemic,beard,,,,
4-140-425-1,qaua1234,Qau Kelao,1040,mai.42 kəi.42,Phonemic,hair (head),,,,
4-130-425-1,qaua1234,Qau Kelao,2259,niau.35,Phonemic,flesh,,,,
4-120-425-1,qaua1234,Qau Kelao,763,pu.35 ka.42,Phonemic,"skin, hide",,,,
4-110-425-1,qaua1234,Qau Kelao,1480,pu.35,Phonemic,body,,,,
3-950-425-1,qaua1234,Qau Kelao,503,ći.35 ći.42 (li.31 paŋ.13,Phonemic,frog,,,,
3-950-425-3,qaua1234,Qau Kelao,503,tjaŋ.35 tjaŋ.35),Phonemic,frog,,,,
3-940-425-1,qaua1234,Qau Kelao,1543,lo.31 sI.35,Phonemic,snail,,,,
3-930-425-1,qaua1234,Qau Kelao,607,cI.31 ve.13 ka.42 to.35,Phonemic,grasshopper,,,,
3-910-425-1,qaua1234,Qau Kelao,206,njaŋ.13 ho.42 chuŋ.31,Phonemic,firefly,,,,
3-850-425-1,qaua1234,Qau Kelao,730,mo.42 ŋo.42,Phonemic,snake,,,,
3-832-425-1,qaua1234,Qau Kelao,1509,cI.31 ve.13,Phonemic,mosquito,,,,
3-830-425-1,qaua1234,Qau Kelao,1504,cI.31 ve.13,Phonemic,fly,,,,
3-823-425-1,qaua1234,Qau Kelao,1517,mo.42 huŋ.35 lau.31,Phonemic,wasp,,,,
3-823-425-3,qaua1234,Qau Kelao,1517,ma.42 jia.35 śi.35,Phonemic,wasp,,,,
3-822-425-1,qaua1234,Qau Kelao,88,ca.35 mo.42 ji.31,Phonemic,beehive,,,,
3-821-425-1,qaua1234,Qau Kelao,1931,ma.42 thaŋ.42 ji.31,Phonemic,beeswax,,,,
3-820-425-1,qaua1234,Qau Kelao,665,mo.42 ji.31,Phonemic,bee,,,,
3-819-425-1,qaua1234,Qau Kelao,1065,ca.42 ke.35 ći.31 ći.13,Phonemic,spider web,,,,
3-818-425-1,qaua1234,Qau Kelao,843,ke.35 ći.31 ći.13,Phonemic,spider,,,,
3-817-425-1,qaua1234,Qau Kelao,587,cI.31 təŋ.35,Phonemic,ant,,,,
3-816-425-1,qaua1234,Qau Kelao,1575,cau.42 ma.42,Phonemic,cockroach,,,,
3-815-425-1,qaua1234,Qau Kelao,1538,mu.42 cI.31 tha.35,Phonemic,scorpion,,,,
3-814-425-1,qaua1234,Qau Kelao,1974,cI.31 luŋ.35,Phonemic,centipede,,,,
3-813-425-1,qaua1234,Qau Kelao,232,cI.42 me.42,Phonemic,flea,,,,
3-812-425-1,qaua1234,Qau Kelao,267,ke.35 ce.31,Phonemic,nit (louse egg),,,,
3-811-425-1,qaua1234,Qau Kelao,1392,mo.42 ce.31,Phonemic,louse,,,,
3-811-425-3,qaua1234,Qau Kelao,1392,mo.42 ce.31 pəi.42 kəi.42,Phonemic,louse,,,,
3-810-425-1,qaua1234,Qau Kelao,620,cI.31 khi.35,Phonemic,insect,,,,
3-780-425-1,qaua1234,Qau Kelao,1871,lo.31 tho.31,Phonemic,camel,,,,
3-770-425-1,qaua1234,Qau Kelao,1290,ta.13 śaŋ.1,Phonemic,elephant,,,,
3-760-425-1,qaua1234,Qau Kelao,1350,mo.42 to.42,Phonemic,monkey,,,,
3-740-425-1,qaua1234,Qau Kelao,1312,chai.35 kəu.42,Phonemic,fox,,,,
3-730-425-1,qaua1234,Qau Kelao,1820,śuŋ.31,Phonemic,bear,,,,
3-720-425-1,qaua1234,Qau Kelao,1386,sI.33 cI.42,Phonemic,lion,,,,
3-710-425-1,qaua1234,Qau Kelao,522,pau.42 cI.35,Phonemic,wolf,,,,
3-665-425-1,qaua1234,Qau Kelao,1013,huaŋ.31 saŋ.13,Phonemic,freshwater eel,,,,
3-655-425-1,qaua1234,Qau Kelao,598,ka.42 lai.35,Phonemic,shell,,,,
3-653-425-1,qaua1234,Qau Kelao,266,mo.42 pjo.42 pu.42 ka.42,Phonemic,fishscale,,,,
3-652-425-1,qaua1234,Qau Kelao,213,vei.42 mo.42 pjo.42,Phonemic,fin (dorsal),,,,
3-650-425-1,qaua1234,Qau Kelao,227,mo.42 pjo.42,Phonemic,fish,,,,
3-630-425-1,qaua1234,Qau Kelao,2139,mo.42 lo.42,Phonemic,"mouse, rat",,,,
3-620-425-1,qaua1234,Qau Kelao,1208,pi.35 miu.42,Phonemic,cat,,,,
3-614-425-1,qaua1234,Qau Kelao,1136,mo.42 co.35 zai.13,Phonemic,rabbit,,,,
3-610-425-1,qaua1234,Qau Kelao,2009,hən.35 (həŋ.35),Phonemic,dog,,,,
3-594-425-1,qaua1234,Qau Kelao,1853,mo.42 cI.42 kau.35,Phonemic,dove,,,,
3-593-425-1,qaua1234,Qau Kelao,913,mo.42 ca.42,Phonemic,crow,,,,
3-592-425-1,qaua1234,Qau Kelao,882,le.,Phonemic,parrot,,A,,
3-591-425-1,qaua1234,Qau Kelao,1793,blak.,Phonemic,bat,,B,,
3-586-425-1,qaua1234,Qau Kelao,1185,mu.31 li.42 kai.35,Phonemic,vulture,,,,
3-585-425-1,qaua1234,Qau Kelao,307,mo.42 li.13,Phonemic,hawk,,,,
3-581-425-1,qaua1234,Qau Kelao,937,mo.42 naŋ.42,Phonemic,bird,,,,
3-580-425-1,qaua1234,Qau Kelao,539,ca.35,Phonemic,nest,,,,
3-570-425-1,qaua1234,Qau Kelao,1360,mo.42 ŋa.42,Phonemic,duck,,,,
3-560-425-1,qaua1234,Qau Kelao,1187,mo.42 ŋa.42,Phonemic,goose,,,,
3-550-425-1,qaua1234,Qau Kelao,1318,kai.35,Phonemic,chicken,,,,
3-540-425-1,qaua1234,Qau Kelao,1514,mo.42 kai.42,Phonemic,hen,,,,
3-520-425-1,qaua1234,Qau Kelao,1511,pu.42 kai.42,Phonemic,"cock, rooster",,,,
3-450-425-1,qaua1234,Qau Kelao,1647,ńo.35 tjaŋ.35 tjaŋ.35,Phonemic,"foal, colt",,,,
3-450-425-3,qaua1234,Qau Kelao,1647,li.42 ljuŋ.42 ńo.35,Phonemic,"foal, colt",,,,
3-440-425-1,qaua1234,Qau Kelao,938,mo.42 ńo.35,Phonemic,mare,,,,
3-420-425-1,qaua1234,Qau Kelao,936,pu.42 ńo.35,Phonemic,stallion,,,,
3-410-425-1,qaua1234,Qau Kelao,615,ńo.35,Phonemic,horse (equine),,,,
3-380-425-1,qaua1234,Qau Kelao,1972,caŋ.31 tjaŋ.35 tjaŋ.35,Phonemic,kid,,,,
3-370-425-1,qaua1234,Qau Kelao,264,pu.31 caŋ.13,Phonemic,he-goat,,,,
3-360-425-1,qaua1234,Qau Kelao,1502,caŋ.31,Phonemic,goat,,,,
3-350-425-1,qaua1234,Qau Kelao,1337,mau.35,Phonemic,pig,,,,
3-340-425-1,qaua1234,Qau Kelao,1351,mo.42 mau.42,Phonemic,sow (2),,,,
3-320-425-1,qaua1234,Qau Kelao,1348,pu.42 mau.42,Phonemic,boar,,,,
3-290-425-1,qaua1234,Qau Kelao,820,caŋ.31 laŋ.35 li.35,Phonemic,lamb,,,,
3-280-425-1,qaua1234,Qau Kelao,1345,mo.42 caŋ.13,Phonemic,ewe,,,,
3-260-425-1,qaua1234,Qau Kelao,1344,pu.31 caŋ.13,Phonemic,ram,,,,
3-250-425-1,qaua1234,Qau Kelao,1331,caŋ.31,Phonemic,sheep,,,,
3-240-425-1,qaua1234,Qau Kelao,1989,ńe.31 tjaŋ.35 tjaŋ.35,Phonemic,calf,,,,
3-230-425-1,qaua1234,Qau Kelao,1007,mo.42 ńe.42,Phonemic,cow,,,,
3-220-425-1,qaua1234,Qau Kelao,1169,ńe.42 ho.35,Phonemic,ox,,,,
3-210-425-1,qaua1234,Qau Kelao,1008,pu.42 ńe.42,Phonemic,bull,,,,
3-190-425-1,qaua1234,Qau Kelao,851,fu.13 ńo.35,Phonemic,"stable, stall",,,,
3-180-425-1,qaua1234,Qau Kelao,263,so.42 pja.42 ńe.31,Phonemic,herdsman,,,,
3-160-425-1,qaua1234,Qau Kelao,649,phiŋ.35 cI.42 kja.35,Phonemic,pasture,,,,
3-130-425-1,qaua1234,Qau Kelao,2262,mo.42,Phonemic,female (adj),,,,
3-120-425-1,qaua1234,Qau Kelao,2261,pu.42,Phonemic,male (adj),,,,
3-110-425-1,qaua1234,Qau Kelao,619,məi.31 zo.13,Phonemic,animal,,,,
2-960-425-1,qaua1234,Qau Kelao,817,ce.35,Phonemic,they,,,,
2-950-425-1,qaua1234,Qau Kelao,1213,cau.35,Phonemic,you (plural),,,,
2-942-425-1,qaua1234,Qau Kelao,1130,tau.35,Phonemic,we (exclusive),,,,
2-941-425-1,qaua1234,Qau Kelao,1131,tau.35,Phonemic,we (inclusive),,,,
2-940-425-1,qaua1234,Qau Kelao,1212,tau.35,Phonemic,we,,,,
2-930-425-1,qaua1234,Qau Kelao,262,həŋ.42,Phonemic,he/she/it,,,,
2-920-425-1,qaua1234,Qau Kelao,1215,mu.31,Phonemic,you (singular),,,,
2-910-425-1,qaua1234,Qau Kelao,1209,ʔi.42,Phonemic,I,,,,
2-820-425-1,qaua1234,Qau Kelao,194,ki.35,Phonemic,family,,,,
2-810-425-1,qaua1234,Qau Kelao,1644,ha.42 lau.42,Phonemic,"relatives, kinsmen",,,,
2-760-425-1,qaua1234,Qau Kelao,1756,pu.35 hi.42,Phonemic,widow,,,,
2-750-425-1,qaua1234,Qau Kelao,1149,li.42 pu.35,Phonemic,orphan,,,,
2-740-425-1,qaua1234,Qau Kelao,1058,li.42 məi.35 me.42,Phonemic,stepdaughter,,,,
2-730-425-1,qaua1234,Qau Kelao,1059,li.42 me.42,Phonemic,stepson,,,,
2-720-425-1,qaua1234,Qau Kelao,236,ma.13 ləŋ.31,Phonemic,stepmother,,,,
2-710-425-1,qaua1234,Qau Kelao,237,pa.31 ləŋ.31,Phonemic,stepfather,,,,
2-641-425-1,qaua1234,Qau Kelao,2264,mo.42 lai.31,Phonemic,daughter-in-law (of a woman),,,,
2-640-425-1,qaua1234,Qau Kelao,2265,mo.42 lai.31,Phonemic,daughter-in-law (of a man),,,,
2-631-425-1,qaua1234,Qau Kelao,2266,pu.31 cau.13,Phonemic,son-in-law (of a woman),,,,
2-630-425-1,qaua1234,Qau Kelao,2267,pu.31 cau.13,Phonemic,son-in-law (of a man),,,,
2-621-425-1,qaua1234,Qau Kelao,2257,ta.13,Phonemic,mother-in-law (of a woman),,,,
2-620-425-1,qaua1234,Qau Kelao,2256,ta.13 kjaŋ.42,Phonemic,mother-in-law (of a man),,,,
2-611-425-1,qaua1234,Qau Kelao,2254,pu.13,Phonemic,father-in-law (of a woman),,,,
2-610-425-1,qaua1234,Qau Kelao,2255,pa.13 kjaŋ.42,Phonemic,father-in-law (of a man),,,,
2-570-425-1,qaua1234,Qau Kelao,490,pu.31 ləŋ.35,Phonemic,descendants,,,,
2-560-425-1,qaua1234,Qau Kelao,1669,pu.31 co.35 ńa.35,Phonemic,ancestors,,,,
2-550-425-1,qaua1234,Qau Kelao,1643,ćəu.13 pjau.42,Phonemic,cousin,,,,
2-550-425-3,qaua1234,Qau Kelao,1643,pjau.42 ŋ.42 pai.42,Phonemic,cousin,,,,
2-540-425-1,qaua1234,Qau Kelao,1642,li.42 məi.35 ka.42,Phonemic,niece,,,,
2-530-425-1,qaua1234,Qau Kelao,1063,li.42 ka.42,Phonemic,nephew,,,,
2-522-425-1,qaua1234,Qau Kelao,170,ćəu.35 ma.42,Phonemic,father's sister,,,,
2-520-425-1,qaua1234,Qau Kelao,1272,li.31 ma.42,Phonemic,aunt,,,,
2-520-425-3,qaua1234,Qau Kelao,1272,pu.31 ńaŋ.31,Phonemic,aunt,,,,
2-521-425-1,qaua1234,Qau Kelao,171,ke.42 co.35 ma.42,Phonemic,mother's sister,,,,
2-512-425-1,qaua1234,Qau Kelao,1985,li.31 pa.13,Phonemic,father's brother,,,,
2-510-425-1,qaua1234,Qau Kelao,1327,tei.13,Phonemic,uncle,,,,
2-510-425-3,qaua1234,Qau Kelao,1327,li.31 pa.13,Phonemic,uncle,,,,
2-480-425-1,qaua1234,Qau Kelao,1618,li.42 kja.35,Phonemic,grandson,,,,
2-490-425-1,qaua1234,Qau Kelao,1619,li.42 kja.35,Phonemic,granddaughter,,,,
2-471-425-1,qaua1234,Qau Kelao,907,ta.13 co.35 ńa.35,Phonemic,old woman,,,,
2-470-425-1,qaua1234,Qau Kelao,1496,ta.13 ńa.35,Phonemic,grandmother,,,,
2-461-425-1,qaua1234,Qau Kelao,406,pu.42 co.35 ńa.35,Phonemic,old man,,,,
2-460-425-1,qaua1234,Qau Kelao,1383,pu.42 ńa.13,Phonemic,grandfather,,,,
2-458-425-1,qaua1234,Qau Kelao,1005,li.42 kaŋ.42,Phonemic,twins,,,,
2-456-425-1,qaua1234,Qau Kelao,1640,ŋ.42 pai.42,Phonemic,sibling,,,,
2-455-425-1,qaua1234,Qau Kelao,1761,ʔaŋ.42,Phonemic,younger sister,,,,
2-454-425-1,qaua1234,Qau Kelao,1758,pai.35 pai.35,Phonemic,older sister,,,,
2-450-425-1,qaua1234,Qau Kelao,1263,pai.35 ʔaŋ.42,Phonemic,sister,,,,
2-445-425-1,qaua1234,Qau Kelao,1760,ćəu.13 tjaŋ.35 tjaŋ.35,Phonemic,younger brother,,,,
2-444-425-1,qaua1234,Qau Kelao,1759,ta.35,Phonemic,older brother,,,,
2-440-425-1,qaua1234,Qau Kelao,1262,ćəu.13,Phonemic,brother,,,,
2-430-425-1,qaua1234,Qau Kelao,1801,li.42,Phonemic,offspring (son or daughter),,,,
2-420-425-1,qaua1234,Qau Kelao,1357,li.42 məi.35,Phonemic,daughter,,,,
2-410-425-1,qaua1234,Qau Kelao,1620,li.42,Phonemic,son,,,,
2-390-425-1,qaua1234,Qau Kelao,426,ta.13 sa.13,Phonemic,married woman,,,,
2-380-425-1,qaua1234,Qau Kelao,424,pu.31 sa.35,Phonemic,married man,,,,
2-370-425-1,qaua1234,Qau Kelao,505,pa.13 ma.13,Phonemic,parents,,,,
2-360-425-1,qaua1234,Qau Kelao,1216,ma.13,Phonemic,mother,,,,
2-350-425-1,qaua1234,Qau Kelao,1217,pa.13,Phonemic,father,,,,
2-341-425-1,qaua1234,Qau Kelao,1134,li.31 hun.35,Phonemic,divorce,,,,
2-330-425-1,qaua1234,Qau Kelao,203,phəi.42 tjau.35,Phonemic,marry,,,,
2-320-425-1,qaua1234,Qau Kelao,1199,mo.42 məi.35,Phonemic,wife,,,,
2-310-425-1,qaua1234,Qau Kelao,1200,pu.35,Phonemic,husband,,,,
2-280-425-1,qaua1234,Qau Kelao,1289,li.42 tu.35 ʔjəu.35,Phonemic,"infant, baby",,,,
2-270-425-1,qaua1234,Qau Kelao,1304,li.42 tjaŋ.35 tjaŋ.35,Phonemic,child,,,,
2-261-425-1,qaua1234,Qau Kelao,77,li.42 məi.35 li.31,Phonemic,young woman (adolescent),,,,
2-260-425-1,qaua1234,Qau Kelao,1646,li.42 məi.35,Phonemic,girl,,,,
2-251-425-1,qaua1234,Qau Kelao,76,li.31 lo.35,Phonemic,young man (adolescent),,,,
2-250-425-1,qaua1234,Qau Kelao,1366,li.31 pu.13,Phonemic,boy,,,,
2-240-425-1,qaua1234,Qau Kelao,1551,ta.13 sa.35,Phonemic,female,,,,
2-230-425-1,qaua1234,Qau Kelao,1553,pu.31 sa.35,Phonemic,male,,,,
2-220-425-1,qaua1234,Qau Kelao,962,ta.13 sa.35,Phonemic,woman,,,,
2-210-425-1,qaua1234,Qau Kelao,1554,pu.31 sa.35,Phonemic,man (vs. woman),,,,
2-100-425-1,qaua1234,Qau Kelao,683,həŋ.35,Phonemic,"person, human being",,,,
1-890-425-1,qaua1234,Qau Kelao,1188,ka.35 tha.42,Phonemic,charcoal,,,,
1-880-425-1,qaua1234,Qau Kelao,10,ma.42 ʔaŋ.42,Phonemic,firewood,,,,
1-870-425-1,qaua1234,Qau Kelao,1133,ho.42 chai.31,Phonemic,match (noun),,,,
1-861-425-1,qaua1234,Qau Kelao,127,ńəŋ.31 pai.35,Phonemic,extinguish,,,,
1-860-425-1,qaua1234,Qau Kelao,737,cu.31 pai.35,Phonemic,"light, kindle, ignite",,,,
1-860-425-3,qaua1234,Qau Kelao,737,mo.31 pai.35,Phonemic,"light, kindle, ignite",,,,
1-852-425-1,qaua1234,Qau Kelao,1428,ha.35 li.31,Phonemic,burn (vb intrans),,,,
1-851-425-1,qaua1234,Qau Kelao,141,cu.31,Phonemic,burn (vb trans),,,,
1-841-425-1,qaua1234,Qau Kelao,67,ta.31 tau.13 pai.35,Phonemic,embers,,,,
1-840-425-1,qaua1234,Qau Kelao,646,pa.42 tau.42,Phonemic,ashes,,,,
1-830-425-1,qaua1234,Qau Kelao,778,pai.35 məŋ.13,Phonemic,smoke (noun),,,,
1-820-425-1,qaua1234,Qau Kelao,889,pai.35 məŋ.13,Phonemic,flame (noun),,,,
1-810-425-1,qaua1234,Qau Kelao,221,pai.35,Phonemic,fire,,,,
1-780-425-1,qaua1234,Qau Kelao,952,fe.35,Phonemic,weather,,,,
1-770-425-1,qaua1234,Qau Kelao,617,nai.31,Phonemic,ice,,,,
1-760-425-1,qaua1234,Qau Kelao,784,nai.31,Phonemic,snow (noun),,,,
1-750-425-1,qaua1234,Qau Kelao,658,məŋ.31,Phonemic,rain (noun),,,,
1-740-425-1,qaua1234,Qau Kelao,249,ŋa.42,Phonemic,fog,,,,
1-720-425-1,qaua1234,Qau Kelao,960,ve.31,Phonemic,wind,,,,
1-730-425-1,qaua1234,Qau Kelao,1489,tu.42 lu.42 pu.35,Phonemic,cloud,,,,
1-640-425-1,qaua1234,Qau Kelao,1977,ŋ.42 ŋau.35,Phonemic,dew,,,,
1-630-425-1,qaua1234,Qau Kelao,1388,ŋa.31 ljaŋ.31,Phonemic,"shade, shadow",,,,
1-630-425-3,qaua1234,Qau Kelao,1388,ʔji.42,Phonemic,"shade, shadow",,,,
1-630-425-5,qaua1234,Qau Kelao,1388,ta.42 ŋa.31 ljaŋ.31,Phonemic,"shade, shadow",,,,
1-620-425-1,qaua1234,Qau Kelao,11,laŋ.42 li.35,Phonemic,darkness,,,,
1-610-425-1,qaua1234,Qau Kelao,630,jy.13 səu.42,Phonemic,light (noun),,,,
1-590-425-1,qaua1234,Qau Kelao,1733,śi.35 pja.42,Phonemic,rainbow,,,,
1-580-425-1,qaua1234,Qau Kelao,858,ve.31 li.31,Phonemic,storm,,,,
1-560-425-1,qaua1234,Qau Kelao,1150,mo.35 zo.35,Phonemic,thunder,,,,
1-570-425-1,qaua1234,Qau Kelao,2007,ńi.42 li.42,Phonemic,lightning (as striking),,,,
1-540-425-1,qaua1234,Qau Kelao,1430,ca.35,Phonemic,star,,,,
1-530-425-1,qaua1234,Qau Kelao,1313,ta.31,Phonemic,moon,,,,
1-520-425-1,qaua1234,Qau Kelao,1343,jy.13,Phonemic,sun,,,,
1-510-425-1,qaua1234,Qau Kelao,1732,to.13 ji.31,Phonemic,sky,,,,
1-450-425-1,qaua1234,Qau Kelao,6,paŋ.35 ʔe.42 taŋ.42 ńi.35,Phonemic,earthquake,,,,
1-440-425-1,qaua1234,Qau Kelao,2125,paŋ.35 ŋ.35,Phonemic,"stone, rock",,,,
1-430-425-1,qaua1234,Qau Kelao,1803,mu.42 tai.42,Phonemic,wood,,,,
1-420-425-1,qaua1234,Qau Kelao,906,mu.42 tai.42,Phonemic,tree (cf 08.600),,,,
1-410-425-1,qaua1234,Qau Kelao,420,ki.35 tuŋ.31,Phonemic,"woods, forest",,,,
1-370-425-1,qaua1234,Qau Kelao,2144,zəu.35 pəu.42,Phonemic,"spring, well",,,,
1-362-425-1,qaua1234,Qau Kelao,1982,zau.31 zau.31,Phonemic,whirlpool,,,,
1-360-425-1,qaua1234,Qau Kelao,666,ŋ.42 ke.35,Phonemic,"river, stream, brook",,,,
1-360-425-3,qaua1234,Qau Kelao,666,ko.35 śi.42,Phonemic,"river, stream, brook",,,,
1-329-425-1,qaua1234,Qau Kelao,645,ŋ.42 li.31,Phonemic,ocean,,,,
1-324-425-1,qaua1234,Qau Kelao,1768,phau.13 phau.13,Phonemic,foam,,,,
1-320-425-1,qaua1234,Qau Kelao,1474,mo.42 ŋ.42,Phonemic,sea,,,,
1-322-425-1,qaua1234,Qau Kelao,258,ŋ.42 piŋ.35,Phonemic,calm (of sea),,,,
1-310-425-1,qaua1234,Qau Kelao,948,ŋ.42,Phonemic,water,,,,
1-280-425-1,qaua1234,Qau Kelao,1155,cau.31 ŋ.42,Phonemic,cave,,,,
1-270-425-1,qaua1234,Qau Kelao,113,ta.13 ŋ.31,Phonemic,shore,,,,
1-240-425-1,qaua1234,Qau Kelao,921,cu.42 ma.31 kjau.42,Phonemic,valley,,,,
1-230-425-1,qaua1234,Qau Kelao,652,pin.35 cI.31 lau.13,Phonemic,"plain, field",,,,
1-222-425-1,qaua1234,Qau Kelao,618,bi.31 zau.31,Phonemic,"cliff, precipice",,,,
1-220-425-1,qaua1234,Qau Kelao,2118,cau.31,Phonemic,"mountain, hill",,,,
1-214-425-1,qaua1234,Qau Kelao,640,paŋ.42 ʔji.42 zuŋ.13,Phonemic,mud,,,,
1-215-425-1,qaua1234,Qau Kelao,671,paŋ.13,Phonemic,sand,,,,
1-213-425-1,qaua1234,Qau Kelao,2,pa.42 tau.42,Phonemic,dust,,,,
1-212-425-1,qaua1234,Qau Kelao,1228,to.13 ji.31,Phonemic,"earth=ground, soil",,,,
1-210-425-1,qaua1234,Qau Kelao,626,tu.42 lu.42,Phonemic,"earth, land",,,,
14-331-425-1,qaua1234,Qau Kelao,703,pəi.13 sI.35 həu.42,Phonemic,soon,,,,
14-332-425-1,qaua1234,Qau Kelao,418,na.35 kuŋ.35 ći.31 pəi.13,Phonemic,long-time (for a),,,,
14-410-425-1,qaua1234,Qau Kelao,1225,pu.42 fe.35,Phonemic,day,,,,
14-420-425-1,qaua1234,Qau Kelao,1233,fəi.35 tu.31,Phonemic,night,,,,
14-440-425-1,qaua1234,Qau Kelao,1339,ni.42 śuŋ.42,Phonemic,morning,,,,
14-450-425-1,qaua1234,Qau Kelao,12,ći.31 ki.42,Phonemic,"noon, midday",,,,
14-451-425-1,qaua1234,Qau Kelao,1807,pi.35 kjaŋ.42,Phonemic,afternoon,,,,
14-451-425-3,qaua1234,Qau Kelao,1807,ma.42 kjaŋ.31 tu.31,Phonemic,afternoon,,,,
14-460-425-1,qaua1234,Qau Kelao,1629,fəi.35 tu.31,Phonemic,evening,,,,
14-470-425-1,qaua1234,Qau Kelao,1283,ha.35 nai.42,Phonemic,today,,,,
14-480-425-1,qaua1234,Qau Kelao,1329,su.42 nu.35,Phonemic,tomorrow,,,,
14-481-425-1,qaua1234,Qau Kelao,1179,sa.35 nai.35,Phonemic,day-after-tomorrow,,,,
14-490-425-1,qaua1234,Qau Kelao,1174,te.13 he.35,Phonemic,yesterday,,,,
14-491-425-1,qaua1234,Qau Kelao,1180,te.31 pe.35 he.35,Phonemic,day-before-yesterday,,,,
14-510-425-1,qaua1234,Qau Kelao,1353,sI.42 laŋ.42 mu.42 ći.31,Phonemic,hour,,,,
14-630-425-1,qaua1234,Qau Kelao,1697,śin.33 ći.33 sI.42 fe.35,Phonemic,Monday,,,,
14-640-425-1,qaua1234,Qau Kelao,1695,śin.33 ći.33 sa.42 fe.35,Phonemic,Tuesday,,,,
14-650-425-1,qaua1234,Qau Kelao,1694,śin.33 ći.33 tau.42 fe.35,Phonemic,Wednesday,,,,
14-660-425-1,qaua1234,Qau Kelao,1693,śin.33 ći.33 pu.42 fe.35,Phonemic,Thursday,,,,
14-670-425-1,qaua1234,Qau Kelao,1692,śin.33 ći.33 məi.31,Phonemic,Friday,,,,
14-680-425-1,qaua1234,Qau Kelao,1700,śin.33 ći.33 ńaŋ.31,Phonemic,Saturday,,,,
14-710-425-1,qaua1234,Qau Kelao,1370,sI.42 ta.35,Phonemic,month,,,,
14-730-425-1,qaua1234,Qau Kelao,1226,sI.42 pi.31,Phonemic,year,,,,
14-740-425-1,qaua1234,Qau Kelao,1471,khəu.35 ćiŋ.13,Phonemic,winter,,,,
14-750-425-1,qaua1234,Qau Kelao,1537,khəu.35 cau.35,Phonemic,spring,,,,
14-780-425-1,qaua1234,Qau Kelao,691,fe.35 ći.31 ći.42,Phonemic,season,,,,
15-210-425-1,qaua1234,Qau Kelao,1587,mau.31,Phonemic,smell (vb intrans),,,,
15-212-425-1,qaua1234,Qau Kelao,375,mau.42,Phonemic,sniff,,,,
15-220-425-1,qaua1234,Qau Kelao,1586,mau.42,Phonemic,smell (vb trans),,,,
15-250-425-1,qaua1234,Qau Kelao,376,mau.42 haŋ.35,Phonemic,"fragrant, good smelling",,,,
15-260-425-1,qaua1234,Qau Kelao,42,mau.42,Phonemic,"stinking, bad smelling",,,,
15-310-425-1,qaua1234,Qau Kelao,21,mau.42 mu.31 chai.42,Phonemic,taste,,,,
15-350-425-1,qaua1234,Qau Kelao,717,təŋ.35,Phonemic,sweet,,,,
15-360-425-1,qaua1234,Qau Kelao,1091,sI.42 kəi.35,Phonemic,salty,,,,
15-370-425-1,qaua1234,Qau Kelao,887,kaŋ.35 cI.35,Phonemic,bitter,,,,
15-380-425-1,qaua1234,Qau Kelao,1906,pja.35 hi.42,Phonemic,"acid, sour",,,,
15-390-425-1,qaua1234,Qau Kelao,70,ʔo.42 ha.35 ʔɛ.13,Phonemic,brackish,,,,
15-410-425-1,qaua1234,Qau Kelao,1408,caŋ.13,Phonemic,hear,,,,
15-420-425-1,qaua1234,Qau Kelao,1608,ńi.42,Phonemic,listen,,,,
15-440-425-1,qaua1234,Qau Kelao,1811,tau.31 ho.35,Phonemic,"sound, noise",,,,
15-450-425-1,qaua1234,Qau Kelao,377,tau.31 ho.35 li.42 paŋ.31,Phonemic,loud,,,,
15-460-425-1,qaua1234,Qau Kelao,1314,ʔo.35 pje.42,Phonemic,"quiet, silence",,,,
15-510-425-1,qaua1234,Qau Kelao,1409,ko.35,Phonemic,see,,,,
15-520-425-1,qaua1234,Qau Kelao,1819,vaŋ.13,Phonemic,"look, look at",,,,
15-550-425-1,qaua1234,Qau Kelao,1039,tai.35 ʔəŋ.31 vaŋ.13,Phonemic,show,,,,
15-560-425-1,qaua1234,Qau Kelao,708,səu.42,Phonemic,shine,,,,
15-570-425-1,qaua1234,Qau Kelao,679,ko.35 pe.33,Phonemic,bright,,,,
15-610-425-1,qaua1234,Qau Kelao,1613,so.42 ʔuŋ.35,Phonemic,color,,,,
15-620-425-1,qaua1234,Qau Kelao,250,jan.31 se.31 pju.31 pju.31,Phonemic,light (in color),,,,
15-630-425-1,qaua1234,Qau Kelao,706,ljaŋ.42,Phonemic,dark (in color),,,,
15-640-425-1,qaua1234,Qau Kelao,1335,ʔu.42 chəi.35,Phonemic,white,,,,
15-650-425-1,qaua1234,Qau Kelao,163,laŋ.42 li.35,Phonemic,black,,,,
15-660-425-1,qaua1234,Qau Kelao,156,pja.42 śi.35,Phonemic,red,,,,
15-670-425-1,qaua1234,Qau Kelao,837,su.42 luŋ.42,Phonemic,blue,,,,
15-680-425-1,qaua1234,Qau Kelao,1425,kjaŋ.42 ki.42,Phonemic,green,,,,
15-690-425-1,qaua1234,Qau Kelao,1424,phəi.42 ći.3,Phonemic,yellow,,,,
15-710-425-1,qaua1234,Qau Kelao,1892,la.31 han.35,Phonemic,touch,,,,
15-712-425-1,qaua1234,Qau Kelao,378,sau.35,Phonemic,pinch,,,,
15-720-425-1,qaua1234,Qau Kelao,1079,la.31,Phonemic,feel,,,,
15-740-425-1,qaua1234,Qau Kelao,1884,ko.42 khi.42,Phonemic,hard,,,,
15-750-425-1,qaua1234,Qau Kelao,1856,pi.42 ne.35,Phonemic,soft,,,,
15-760-425-1,qaua1234,Qau Kelao,1923,chu.33 cha.33,Phonemic,rough,,,,
15-770-425-1,qaua1234,Qau Kelao,1234,chi.35 pje.42,Phonemic,smooth,,,,
15-780-425-1,qaua1234,Qau Kelao,1396,pi.35,Phonemic,sharp,,,,
15-790-425-1,qaua1234,Qau Kelao,379,pi.35 ʔɛ.42,Phonemic,"blunt, dull",,,,
15-810-425-1,qaua1234,Qau Kelao,1210,səi.42 taŋ.31,Phonemic,heavy,,,,
15-820-425-1,qaua1234,Qau Kelao,1052,su.35 śəu.35,Phonemic,light (in weight),,,,
15-830-425-1,qaua1234,Qau Kelao,1726,śi.42 pjau.35,Phonemic,"wet, damp",,,,
15-840-425-1,qaua1234,Qau Kelao,1398,so.42 ca.35,Phonemic,dry,,,,
15-840-425-3,qaua1234,Qau Kelao,1398,mu.35 so.42 ca.35,Phonemic,dry,,,,
15-850-425-1,qaua1234,Qau Kelao,1286,cau.35,Phonemic,hot,,,,
15-851-425-1,qaua1234,Qau Kelao,1232,njaŋ.31 kuai.13,Phonemic,warm,,,,
15-860-425-1,qaua1234,Qau Kelao,1287,ćiŋ.35,Phonemic,cold,,,,
15-870-425-1,qaua1234,Qau Kelao,704,ʔjuŋ.35,Phonemic,clean,,,,
15-890-425-1,qaua1234,Qau Kelao,380,lo.42,Phonemic,wrinkled,,,,
16-110-425-1,qaua1234,Qau Kelao,53,ŋəi.42,Phonemic,"soul, spirit",,,,
16-180-425-1,qaua1234,Qau Kelao,720,jin.13 ćhi.13 ʔo.35,Phonemic,"good fortune, luck",,,,
16-190-425-1,qaua1234,Qau Kelao,56,jin.13 ćhi.13 ʔo.35 ʔɛ.42,Phonemic,"misfortune, bad luck",,,,
16-230-425-1,qaua1234,Qau Kelao,1495,khəi.35,Phonemic,"joyful, glad, happy",,,,
16-250-425-1,qaua1234,Qau Kelao,1355,səu.35,Phonemic,laugh,,,,
16-251-425-1,qaua1234,Qau Kelao,1451,min.42 səu.35,Phonemic,smile,,,,
16-260-425-1,qaua1234,Qau Kelao,1413,tjuŋ.31,Phonemic,play,,,,
16-270-425-1,qaua1234,Qau Kelao,923,cau.13,Phonemic,love,,,,
16-290-425-1,qaua1234,Qau Kelao,578,maŋ.42,Phonemic,kiss,,,,
16-300-425-1,qaua1234,Qau Kelao,928,me.42,Phonemic,embrace,,,,
16-310-425-1,qaua1234,Qau Kelao,1783,pjuŋ.35,Phonemic,pain,,,,
16-320-425-1,qaua1234,Qau Kelao,1668,saŋ.35 śin.33,Phonemic,"grief, sorrow, sadness",,,,
16-330-425-1,qaua1234,Qau Kelao,1000,tan.33 śin.33,Phonemic,"anxiety, worry",,,,
16-340-425-1,qaua1234,Qau Kelao,1875,hui.42,Phonemic,"regret, be sorry",,,,
16-350-425-1,qaua1234,Qau Kelao,1141,cau.35 ńe.42,Phonemic,pity,,,,
16-370-425-1,qaua1234,Qau Kelao,1839,ńe.42,Phonemic,"cry, weep",,,,
16-380-425-1,qaua1234,Qau Kelao,1651,ŋ.42 cau.35,Phonemic,tear (noun),,,,
16-390-425-1,qaua1234,Qau Kelao,716,te.35 ʔe.42,Phonemic,groan,,,,
16-410-425-1,qaua1234,Qau Kelao,1607,ko.35 pe.42 ʔɛ.42,Phonemic,hate,,,,
16-450-425-1,qaua1234,Qau Kelao,1776,ki.35,Phonemic,shame (noun),,,,
16-480-425-1,qaua1234,Qau Kelao,174,kau.35 ńe.42 vəi.13 cha.35,Phonemic,proud,,,,
16-510-425-1,qaua1234,Qau Kelao,1779,kan.35,Phonemic,dare,,,,
16-520-425-1,qaua1234,Qau Kelao,3,mu.42 vai.13,Phonemic,brave,,,,
16-530-425-1,qaua1234,Qau Kelao,781,ljo.13,Phonemic,"fear, fright",,,,
16-540-425-1,qaua1234,Qau Kelao,1810,wəi.31 śian.42,Phonemic,danger,,,,
16-622-425-1,qaua1234,Qau Kelao,1750,che.42,Phonemic,choose,,,,
16-660-425-1,qaua1234,Qau Kelao,1657,məi.31 ŋo.42,Phonemic,true,,,,
16-670-425-1,qaua1234,Qau Kelao,601,pai.35 vi.42,Phonemic,"lie, tell lies",,,,
16-680-425-1,qaua1234,Qau Kelao,13,tɛh.,Phonemic,deceit,,A,,
16-690-425-1,qaua1234,Qau Kelao,1528,vɛʔ.,Phonemic,forgive,,A,,
16-710-425-1,qaua1234,Qau Kelao,1035,ʔo.35,Phonemic,good,,,,
16-720-425-1,qaua1234,Qau Kelao,1292,həi.35,Phonemic,bad,,,,
16-730-425-1,qaua1234,Qau Kelao,1725,məi.31 ŋo.42,Phonemic,"right, correct",,,,
16-740-425-1,qaua1234,Qau Kelao,1390,pja.35,Phonemic,wrong,,,,
16-760-425-1,qaua1234,Qau Kelao,134,pəi.42 pja.35 pja.35,Phonemic,fault,,,,
16-770-425-1,qaua1234,Qau Kelao,1293,pja.35 mo.4 ńa.42,Phonemic,"mistake, error",,,,
16-780-425-1,qaua1234,Qau Kelao,381,kuai.13 həŋ.35 sI.31 pəi.13,Phonemic,blame,,,,
16-790-425-1,qaua1234,Qau Kelao,1687,mo.42 həŋ.42 ʔo.35,Phonemic,praise,,,,
16-810-425-1,qaua1234,Qau Kelao,1427,phjau.42 ljaŋ.42,Phonemic,beautiful,,,,
16-820-425-1,qaua1234,Qau Kelao,1548,mjau.42 məi.35,Phonemic,ugly,,,,
16-830-425-1,qaua1234,Qau Kelao,2018,lu.42 li.13,Phonemic,greedy,,,,
16-840-425-1,qaua1234,Qau Kelao,1310,kəi.35,Phonemic,clever,,,,
17-110-425-1,qaua1234,Qau Kelao,1562,lu.35 lu.42,Phonemic,mind,,,,
17-130-425-1,qaua1234,Qau Kelao,1415,śiaŋ.42,Phonemic,think (= reflect),,,,
17-150-425-1,qaua1234,Qau Kelao,1890,caŋ.13,Phonemic,believe,,,,
17-160-425-1,qaua1234,Qau Kelao,1536,kjau.42,Phonemic,understand,,,,
17-170-425-1,qaua1234,Qau Kelao,1410,kjau.42,Phonemic,know,,,,
17-172-425-1,qaua1234,Qau Kelao,117,ʔa.35 kei.35 ćau.42,Phonemic,imitate,,,,
17-180-425-1,qaua1234,Qau Kelao,1521,ti.35 pa.31,Phonemic,seem,,,,
17-210-425-1,qaua1234,Qau Kelao,698,məu.35 səu.42 ni.42 ʔo.35,Phonemic,wise,,,,
17-220-425-1,qaua1234,Qau Kelao,1518,ha.35 ta.42,Phonemic,"foolish, stupid",,,,
17-230-425-1,qaua1234,Qau Kelao,1899,phəŋ.35,Phonemic,"insane, crazy",,,,
17-240-425-1,qaua1234,Qau Kelao,504,na.42 śo.42,Phonemic,learn,,,,
17-250-425-1,qaua1234,Qau Kelao,709,suŋ.35 sI.31 to.35,Phonemic,teach,,,,
17-260-425-1,qaua1234,Qau Kelao,753,su.31 ti.13 to.35,Phonemic,pupil,,,,
17-270-425-1,qaua1234,Qau Kelao,1038,pu.42 fe.42,Phonemic,teacher,,,,
17-280-425-1,qaua1234,Qau Kelao,673,ta.31 ti.31 to.35,Phonemic,school,,,,
17-310-425-1,qaua1234,Qau Kelao,707,ći.13 ʔo.42,Phonemic,remember,,,,
17-320-425-1,qaua1234,Qau Kelao,1523,ńi.13 pe.13 ʔɛ.42,Phonemic,forget,,,,
17-340-425-1,qaua1234,Qau Kelao,989,ćau.31,Phonemic,"clear, plain",,,,
17-350-425-1,qaua1234,Qau Kelao,1764,la.31 təi.42 ći.42,Phonemic,obscure,,,,
17-360-425-1,qaua1234,Qau Kelao,1121,mai.42 ŋa.35 ćau.42 ʔɛ.42,Phonemic,secret,,,,
17-380-425-1,qaua1234,Qau Kelao,1626,no.35 mu.31 caŋ.13,Phonemic,explain,,,,
17-410-425-1,qaua1234,Qau Kelao,1162,no.42 mu.31 chai.42,Phonemic,"intention, purpose",,,,
17-430-425-1,qaua1234,Qau Kelao,1308,huai.31 ńi.31,Phonemic,doubt,,,,
17-440-425-1,qaua1234,Qau Kelao,1841,huai.31 ńi.31,Phonemic,suspect,,,,
17-450-425-1,qaua1234,Qau Kelao,643,ma.42 mai.42,Phonemic,"need, necessity",,,,
17-460-425-1,qaua1234,Qau Kelao,686,juŋ.31 ji.13,Phonemic,easy,,,,
17-470-425-1,qaua1234,Qau Kelao,584,sI.42 pe.42,Phonemic,difficult,,,,
17-470-425-3,qaua1234,Qau Kelao,584,cau.35 ne.42,Phonemic,difficult,,,,
17-480-425-1,qaua1234,Qau Kelao,1812,sI.13,Phonemic,"try, attempt",,,,
17-490-425-1,qaua1234,Qau Kelao,488,ta.35 mu.31 chau.42 mu.35 tau.31,Phonemic,"way, manner",,,,
17-510-425-1,qaua1234,Qau Kelao,1577,chu.35,Phonemic,and,,,,
17-550-425-1,qaua1234,Qau Kelao,1268,məi.31 ŋo.42,Phonemic,"yes, affirmative",,,,
17-550-425-3,qaua1234,Qau Kelao,1268,pəi.13,Phonemic,"yes, affirmative",,,,
17-560-425-1,qaua1234,Qau Kelao,1269,pəi.35 ʔɛ.42,Phonemic,"no, negative",,,,
17-560-425-3,qaua1234,Qau Kelao,1269,məi.31 ŋo.35 ʔɛ.42,Phonemic,"no, negative",,,,
17-610-425-1,qaua1234,Qau Kelao,1239,śi.35 mu.31 chai.42 ta.35 na.42,Phonemic,how?,,,,
17-620-425-1,qaua1234,Qau Kelao,822,sa.35 ʔai.42,Phonemic,how many?,,,,
17-630-425-1,qaua1234,Qau Kelao,531,sa.35 ʔai.42,Phonemic,how much?,,,,
17-640-425-1,qaua1234,Qau Kelao,1236,śi.35 mu.31 chai.42,Phonemic,what?,,,,
17-650-425-1,qaua1234,Qau Kelao,1238,na.35 ći.31 na.42,Phonemic,when?,,,,
17-660-425-1,qaua1234,Qau Kelao,1237,tha.31 na.13,Phonemic,where?,,,,
17-670-425-1,qaua1234,Qau Kelao,727,na.42,Phonemic,which?,,,,
17-680-425-1,qaua1234,Qau Kelao,1235,həŋ.35 na.42,Phonemic,who?,,,,
17-690-425-1,qaua1234,Qau Kelao,1270,tau.31 śi.35 mu.31 chai.42,Phonemic,why?,,,,
18-110-425-1,qaua1234,Qau Kelao,1363,zu.13,Phonemic,voice,,,,
18-120-425-1,qaua1234,Qau Kelao,1261,tau.31,Phonemic,sing,,,,
18-130-425-1,qaua1234,Qau Kelao,715,ɣəi.42,Phonemic,"shout, cry out",,,,
18-150-425-1,qaua1234,Qau Kelao,55,laŋ.42 laŋ.35 no.42,Phonemic,whisper,,,,
18-160-425-1,qaua1234,Qau Kelao,128,laŋ.42 laŋ.35 no.42 pai.42 pəi.13 həŋ.42 na.35 ńi.35 ʔɛ.42,Phonemic,mumble,,,,
18-170-425-1,qaua1234,Qau Kelao,1025,ha.42 śi.35 śi.35,Phonemic,whistle,,,,
18-180-425-1,qaua1234,Qau Kelao,298,taŋ.42 ći.31 naŋ.35 sI.42 ku.35,Phonemic,"shriek, screech",,,,
18-190-425-1,qaua1234,Qau Kelao,526,kəi.42,Phonemic,howl,,,,
18-210-425-1,qaua1234,Qau Kelao,1623,no.42,Phonemic,"speak, talk",,,,
18-211-425-1,qaua1234,Qau Kelao,1866,kle.,Phonemic,"stutter, stammer",,B,,
18-220-425-1,qaua1234,Qau Kelao,1458,no.42,Phonemic,say,,,,
18-221-425-1,qaua1234,Qau Kelao,1711,pai.35 pəi.42,Phonemic,tell story,,,,
18-222-425-1,qaua1234,Qau Kelao,1115,no.42 ʔo.35 ta.42 ćhi.35 caŋ.31,Phonemic,speech (make a),,,,
18-230-425-1,qaua1234,Qau Kelao,48,muŋ.42 ka.35 ce.31,Phonemic,silent (be),,,,
18-240-425-1,qaua1234,Qau Kelao,1307,ći.31 śi.35 mu.31 cai.42,Phonemic,language,,,,
18-260-425-1,qaua1234,Qau Kelao,1599,sI.42 to.35,Phonemic,word,,,,
18-280-425-1,qaua1234,Qau Kelao,1405,ŋ́e.31,Phonemic,name,,,,
18-310-425-1,qaua1234,Qau Kelao,1309,sai.42 mu.31 chai.42,Phonemic,"ask (question, inquire)",,,,
18-320-425-1,qaua1234,Qau Kelao,1275,no.35 mu.31 chai.42,Phonemic,answer,,,,
18-330-425-1,qaua1234,Qau Kelao,2022,ʔi.42 no.35 mu.31,Phonemic,"admit, confess",,,,
18-340-425-1,qaua1234,Qau Kelao,755,ća.35 ʔɛ.42,Phonemic,deny,,,,
18-350-425-1,qaua1234,Qau Kelao,1828,ćhui.35 mu.31,Phonemic,"ask, request",,,,
18-360-425-1,qaua1234,Qau Kelao,1675,taŋ.35 ći.31,Phonemic,promise,,,,
18-370-425-1,qaua1234,Qau Kelao,49,ʔi.42 caŋ.42 mu.31 ʔɛ.42,Phonemic,refuse,,,,
18-380-425-1,qaua1234,Qau Kelao,83,ʔi.42 mai.35 mu.31 ca.35 ʔɛ.42,Phonemic,forbid,,,,
18-390-425-1,qaua1234,Qau Kelao,299,pəi.42 mi.42 mai.35 mu.31,Phonemic,"rebuke, scold",,,,
18-410-425-1,qaua1234,Qau Kelao,1084,no.35 mu.31 mu.35 ki.35 nai.35,Phonemic,call (=summon),,,,
18-420-425-1,qaua1234,Qau Kelao,180,kəi.35 tau.31 mu.31 chai.42,Phonemic,call (=name),,,,
18-430-425-1,qaua1234,Qau Kelao,9,no.42 ʔo.35 ta.42 ćhi.35,Phonemic,announce,,,,
18-440-425-1,qaua1234,Qau Kelao,1192,śi.42 həŋ.42,Phonemic,threaten,,,,
18-510-425-1,qaua1234,Qau Kelao,1672,cau.35,Phonemic,write,,,,
18-520-425-1,qaua1234,Qau Kelao,724,ti.33,Phonemic,read,,,,
18-560-425-1,qaua1234,Qau Kelao,648,sI.42 to.35,Phonemic,paper,,,,
18-570-425-1,qaua1234,Qau Kelao,794,pi.13 mi.31,Phonemic,pen,,,,
18-610-425-1,qaua1234,Qau Kelao,963,sI.42 to.35,Phonemic,book,,,,
18-710-425-1,qaua1234,Qau Kelao,777,ta.31 tu.31 ha.42,Phonemic,flute,,,,
18-720-425-1,qaua1234,Qau Kelao,908,ta.31 luŋ.31,Phonemic,drum,,,,
18-730-425-1,qaua1234,Qau Kelao,2136,mo.42 pjo.35,Phonemic,"horn, trumpet",,,,
18-740-425-1,qaua1234,Qau Kelao,300,ka.13 ʔa.42 tau.31 ho.35,Phonemic,rattle,,,,
19-110-425-1,qaua1234,Qau Kelao,1300,ʔa.35 vəi.31,Phonemic,country,,,,
19-120-425-1,qaua1234,Qau Kelao,89,ʔa.35 vəi.13 ʔi.13 tau.35 zau.31 luŋ.31,Phonemic,one's native country,,,,
19-120-425-3,qaua1234,Qau Kelao,89,zau.31 ći.13,Phonemic,one's native country,,,,
19-160-425-1,qaua1234,Qau Kelao,930,zau.31 luŋ.13,Phonemic,village,,,,
19-170-425-1,qaua1234,Qau Kelao,1010,che.35 ce.13 na.42,Phonemic,boundary,,,,
19-210-425-1,qaua1234,Qau Kelao,789,həŋ.35 ʔai.42,Phonemic,people (populace),,,,
19-240-425-1,qaua1234,Qau Kelao,301,həŋ.35 tau.35 mu.42 ńa.42,Phonemic,"chief, chieftain",,,,
19-250-425-1,qaua1234,Qau Kelao,1296,mo.42 tai.42 tau.31 tjau.13,Phonemic,"staff, walking stick",,,,
19-320-425-1,qaua1234,Qau Kelao,1508,pu.42 vəi.31 lau.31,Phonemic,"king, ruler",,,,
19-330-425-1,qaua1234,Qau Kelao,1306,zau.31 ki.35 pu.42 vəi.31 lau.31,Phonemic,queen,,,,
19-370-425-1,qaua1234,Qau Kelao,1032,həu.35 tu.31 vəi.31 lau.31,Phonemic,"citizen, subject",,,,
19-410-425-1,qaua1234,Qau Kelao,383,kuŋ.33 ki.35,Phonemic,master,,,,
19-420-425-1,qaua1234,Qau Kelao,812,so.42 tau.31 ta.31 kuŋ.35,Phonemic,slave,,,,
19-430-425-1,qaua1234,Qau Kelao,255,səu.42 paŋ.42 həŋ.35,Phonemic,servant,,,,
19-440-425-1,qaua1234,Qau Kelao,384,so.42 ca.31 həi.35,Phonemic,freeman,,,,
19-450-425-1,qaua1234,Qau Kelao,1128,no.35 mu.31 tau.31 mu.31 chai.42 mu.31 tau.31 mu.31 chai.42,Phonemic,"command, order",,,,
19-460-425-1,qaua1234,Qau Kelao,1635,ma.13 caŋ.13 no.42,Phonemic,obey,,,,
19-510-425-1,qaua1234,Qau Kelao,1325,phuŋ.35 jəu.42,Phonemic,"friend, companion",,,,
19-520-425-1,qaua1234,Qau Kelao,1358,chI.31 to.42 te.13,Phonemic,enemy,,,,
19-540-425-1,qaua1234,Qau Kelao,1332,zau.31 luŋ.13,Phonemic,neighbor,,,,
19-550-425-1,qaua1234,Qau Kelao,791,həŋ.35 te.13,Phonemic,stranger,,,,
19-560-425-1,qaua1234,Qau Kelao,1782,həŋ.35 khi.42,Phonemic,guest,,,,
19-570-425-1,qaua1234,Qau Kelao,1545,kuŋ.33 ki.35,Phonemic,host,,,,
19-580-425-1,qaua1234,Qau Kelao,1897,so.42 paŋ.42 həŋ.35,Phonemic,"help, aid",,,,
19-590-425-1,qaua1234,Qau Kelao,1550,me.31 mu.31 ka.13 ha.35,Phonemic,"hinder, prevent",,,,
19-610-425-1,qaua1234,Qau Kelao,1747,khəi.35 tau.31 mu.31 chai.42,Phonemic,custom,,,,
19-620-425-1,qaua1234,Qau Kelao,1848,khe.31 śe.42,Phonemic,"strife, quarrel",,,,
19-650-425-1,qaua1234,Qau Kelao,1831,hui.42,Phonemic,meet,,,,
20-110-425-1,qaua1234,Qau Kelao,1423,ka.42,Phonemic,fight (vb),,,,
20-130-425-1,qaua1234,Qau Kelao,579,ka.42 he.35,Phonemic,"war, battle",,,,
20-140-425-1,qaua1234,Qau Kelao,1338,ho.42 he.42,Phonemic,peace,,,,
20-150-425-1,qaua1234,Qau Kelao,1561,sI.42 kau.35,Phonemic,army,,,,
20-170-425-1,qaua1234,Qau Kelao,1941,sI.42 kau.35,Phonemic,soldier,,,,
20-210-425-1,qaua1234,Qau Kelao,951,sI.42 pai.35,Phonemic,"weapons, arms",,,,
20-220-425-1,qaua1234,Qau Kelao,1763,mu.42 tai.42,Phonemic,club,,,,
20-270-425-1,qaua1234,Qau Kelao,1535,li.42 tho.35,Phonemic,sword,,,,
20-280-425-1,qaua1234,Qau Kelao,1566,sI.42 pai.35,Phonemic,"gun, cannon",,,,
20-350-425-1,qaua1234,Qau Kelao,1938,tjau.35 pau.42,Phonemic,fortress,,,,
20-360-425-1,qaua1234,Qau Kelao,1671,tha.31,Phonemic,tower,,,,
20-410-425-1,qaua1234,Qau Kelao,783,pe.42 cuan.35 piŋ.35,Phonemic,victory,,,,
20-420-425-1,qaua1234,Qau Kelao,782,sI.42 ka.42 pe.35 ʔɛ.42,Phonemic,defeat,,,,
20-430-425-1,qaua1234,Qau Kelao,722,vu.13 ka.13 so.42 pu.42 te.13,Phonemic,attack,,,,
20-440-425-1,qaua1234,Qau Kelao,1330,pu.13 pja.33,Phonemic,defend,,,,
20-450-425-1,qaua1234,Qau Kelao,421,cuan.42 piŋ.13,Phonemic,retreat,,,,
20-460-425-1,qaua1234,Qau Kelao,1696,lo.13,Phonemic,surrender,,,,
20-470-425-1,qaua1234,Qau Kelao,1072,pəi.42 me.13 ɣa.42,Phonemic,"captive, prisoner",,,,
20-480-425-1,qaua1234,Qau Kelao,1022,ka.42 he.42 te.42 ke.35 pai.35,Phonemic,"booty, spoils",,,,
20-490-425-1,qaua1234,Qau Kelao,65,caŋ.35 ʔo.42,Phonemic,ambush,,,,
20-510-425-1,qaua1234,Qau Kelao,1858,so.42 ka.42 mo.42 pjo.42 həŋ.35,Phonemic,fisherman,,,,
20-520-425-1,qaua1234,Qau Kelao,1074,pe.42 tjau.42 mo.42 pjo.42,Phonemic,fishhook,,,,
20-530-425-1,qaua1234,Qau Kelao,19,ce.31 tjau.42 mo.42 pjo.42,Phonemic,fishing line,,,,
20-540-425-1,qaua1234,Qau Kelao,388,waŋ.42 ka.42 mo.42 pjo.42,Phonemic,fishnet,,,,
20-610-425-1,qaua1234,Qau Kelao,1435,tu.42 nən.31 cau.31,Phonemic,hunt,,,,
20-620-425-1,qaua1234,Qau Kelao,1172,ka.42. sI.42 pai.35,Phonemic,shoot,,,,
20-630-425-1,qaua1234,Qau Kelao,161,ka.42 le.42,Phonemic,miss (target),,,,
21-110-425-1,qaua1234,Qau Kelao,1062,fa.31 li.31,Phonemic,law,,,,
21-150-425-1,qaua1234,Qau Kelao,1068,tha.42 le.31 həŋ.35,Phonemic,court,,,,
21-160-425-1,qaua1234,Qau Kelao,1818,no.42 mi.42 ləi.35,Phonemic,judge (vb),,,,
21-170-425-1,qaua1234,Qau Kelao,1067,sa.42 mi.42 ləi.35,Phonemic,judgment,,,,
21-180-425-1,qaua1234,Qau Kelao,861,so.42 tau.31 vəi.13,Phonemic,judge (noun),,,,
21-350-425-1,qaua1234,Qau Kelao,1682,pəi.42 kja.35,Phonemic,guilty,,,,
21-360-425-1,qaua1234,Qau Kelao,90,ha.31 pəi.42 kja.35 ʔɛ.42,Phonemic,innocent,,,,
21-370-425-1,qaua1234,Qau Kelao,390,fa.42 ʔəŋ.42,Phonemic,"penalty, punishment",,,,
21-380-425-1,qaua1234,Qau Kelao,218,fa.31 piŋ.13,Phonemic,fine,,,,
21-390-425-1,qaua1234,Qau Kelao,1281,naŋ.31 ki.35 ko.35,Phonemic,"prison, jail",,,,
21-420-425-1,qaua1234,Qau Kelao,845,zən.31 kəi.42,Phonemic,murder,,,,
21-430-425-1,qaua1234,Qau Kelao,902,nən.31 ŋəi.31,Phonemic,adultery,,,,
21-440-425-1,qaua1234,Qau Kelao,953,ći.31 ŋəi.31,Phonemic,rape,,,,
21-460-425-1,qaua1234,Qau Kelao,1889,co.31 pai.35,Phonemic,arson,,,,
21-470-425-1,qaua1234,Qau Kelao,1792,ći.31 məi.31 ŋo.42 ʔɛ.42,Phonemic,perjury,,,,
21-510-425-1,qaua1234,Qau Kelao,713,pu.42 te.13,Phonemic,steal,,,,
21-520-425-1,qaua1234,Qau Kelao,1160,so.42 pe.42 həŋ.35,Phonemic,thief,,,,
22-110-425-1,qaua1234,Qau Kelao,661,so.42 tau.31 me.31,Phonemic,religion,,,,
22-130-425-1,qaua1234,Qau Kelao,911,tha.42 tau.31 me.31,Phonemic,"temple, church",,,,
22-150-425-1,qaua1234,Qau Kelao,1103,pai.35,Phonemic,"sacrifice, offering",,,,
22-160-425-1,qaua1234,Qau Kelao,257,ćiu.35 mi.42,Phonemic,worship,,,,
22-170-425-1,qaua1234,Qau Kelao,24,tau.31 mi.13,Phonemic,pray,,,,
22-230-425-1,qaua1234,Qau Kelao,391,vəi.13 həŋ.35 na.42 tau.31 mi.13,Phonemic,bless,,,,
22-240-425-1,qaua1234,Qau Kelao,8,ʔji.42 sa.35 mu.31 tu.35,Phonemic,curse,,,,
22-240-425-3,qaua1234,Qau Kelao,8,ći.42,Phonemic,curse,,,,
22-350-425-1,qaua1234,Qau Kelao,1973,me.31,Phonemic,demon (evil spirit),,,,
22-430-425-1,qaua1234,Qau Kelao,2137,ćiu.35 li.42 hai.35,Phonemic,"sorcerer, witch",,,,
22-440-425-1,qaua1234,Qau Kelao,2138,pu.42 tau.31 me.31,Phonemic,"fairy, elf",,,,
22-450-425-1,qaua1234,Qau Kelao,1175,me.31,Phonemic,"ghost, phantom",,,,
22-470-425-1,qaua1234,Qau Kelao,107,jin.13 ćhi.13 ʔo.35 ʔɛ.42,Phonemic,"omen, portent",,,,
