ID,Language_ID,Language_name,Parameter_ID,Value,Transcription,Concept,Source,Comment,AlternativeValue,AlternativeTranscription
14-320-826-1,mali1278,Malieng,1852,haj.44,phonetic,often,,,,
14-310-826-1,mali1278,Malieng,1676,bɨə:.434 mo:.33,phonetic,always,,,,
14-310-826-2,mali1278,Malieng,1676,bu:o:j.434 mo:.22,phonetic,always,,,,
14-280-826-1,mali1278,Malieng,1928,a:ŋɨ̯a:h.14,phonetic,"cease, stop",,,,
14-270-826-1,mali1278,Malieng,1766,sɔŋ#.33,phonetic,finish,,,,
14-260-826-1,mali1278,Malieng,743,ku:o:j.41ʔ,phonetic,end (temporal),,,,
14-260-826-2,mali1278,Malieng,743,he:t.14,phonetic,end (temporal),,,,
14-252-826-1,mali1278,Malieng,1186,ti:e:p.14 tuk#.41,phonetic,"last, endure",,,,
14-250-826-1,mali1278,Malieng,1806,bat.13 dəw.33,phonetic,"begin, beginning",,,,
14-240-826-1,mali1278,Malieng,425,mi:̯e:.44 tə:ṭa:j.14,phonetic,"retard, delay",,,,
14-240-826-2,mali1278,Malieng,425,mɨə:n.41ʔ,phonetic,"retard, delay",,,,
14-230-826-1,mali1278,Malieng,754,a:pək.33,phonetic,"hasten, hurry",,,,
14-220-826-1,mali1278,Malieng,701,ke:m.22,phonetic,slow,,,,
14-210-826-1,mali1278,Malieng,1631,lań.43,phonetic,"swift, fast, quick",,,,
14-190-826-1,mali1278,Malieng,1963,ŋaj.33 kw.33 nj.33,phonetic,immediately,,,,
14-180-826-1,mali1278,Malieng,1376,bu:o:j.434 nj.33,phonetic,now,,,,
14-170-826-1,mali1278,Malieng,477,klɨə:.44,phonetic,late,,,,
14-160-826-1,mali1278,Malieng,672,khə:m.14,phonetic,early,,,,
14-150-826-1,mali1278,Malieng,1229,kə:ɣa:.33,phonetic,old,,,,
14-140-826-1,mali1278,Malieng,1207,nnɛ.33,phonetic,young,,,,
14-120-826-1,mali1278,Malieng,1789,tu:o:j.434,phonetic,age,,,,
14-130-826-1,mali1278,Malieng,1231,bə:j.41ʔ,phonetic,new,,,,
14-110-826-1,mali1278,Malieng,892,zə:ɨ̯.33,phonetic,time,,,,
13-440-826-1,mali1278,Malieng,417,pa:.43 lən.33,phonetic,three times,,,,
13-420-826-1,mali1278,Malieng,1859,thɨ.14 pa:.43,phonetic,third,,,,
13-380-826-1,mali1278,Malieng,1546,ha:'ɨ̯.33 lən.33,phonetic,two times,,,,
13-370-826-1,mali1278,Malieng,1888,do:j.33,phonetic,pair,,,,
13-360-826-1,mali1278,Malieng,1384,thɨ.14 ha:'w.33,phonetic,second,,,,
13-350-826-1,mali1278,Malieng,1529,ka:səw.41ʔ,phonetic,last,,,,
13-340-826-1,mali1278,Malieng,728,dəw.33 ti:cn.44,phonetic,first,,,,
13-330-826-1,mali1278,Malieng,1580,kɔ:.35 mu:ɦc.44 ŋa:j.55,phonetic,"alone, only",,,,
13-330-826-2,mali1278,Malieng,1580,kɔ:.14 mu:ɦc.44,phonetic,"alone, only",,,,
13-240-826-1,mali1278,Malieng,816,pa:də:.41ʔ,phonetic,half,,,,
13-230-826-1,mali1278,Malieng,779,phən.44,phonetic,"part, piece",,,,
13-220-826-1,mali1278,Malieng,1624,to:ŋ.44 pho:ŋ.434,phonetic,empty,,,,
13-220-826-2,mali1278,Malieng,1624,kw.33 kho:'ŋ.44,phonetic,empty,,,,
13-210-826-1,mali1278,Malieng,1429,mlam.43,phonetic,full,,,,
13-190-826-1,mali1278,Malieng,2023,do:ŋ.44 mə:li::e:ŋ.33,phonetic,"multitude, crowd",,,,
13-181-826-1,mali1278,Malieng,1241,mo:t.51ʔ i:t.14,phonetic,some,,,,
13-181-826-2,mali1278,Malieng,1241,mo:t.41 tj.51ʔ,phonetic,some,,,,
13-181-826-3,mali1278,Malieng,1241,mo:t.53 so:.13,phonetic,some,,,,
13-170-826-1,mali1278,Malieng,1242,ku:ʔi:t.14,phonetic,"little (quantity), few",,,,
13-180-826-1,mali1278,Malieng,1881,təw.434,phonetic,enough,,,,
13-160-826-1,mali1278,Malieng,1992,ńi:w.33 hə:n.33,phonetic,more,,,,
13-160-826-2,mali1278,Malieng,1992,the:m.22,phonetic,more,,,,
13-150-826-1,mali1278,Malieng,1198,ńi:w.33,phonetic,"much, many",,,,
13-140-826-1,mali1278,Malieng,98,bən.224,phonetic,"every, all",,,,
13-107-826-1,mali1278,Malieng,1420,de:m.14,phonetic,count,,,,
13-106-826-1,mali1278,Malieng,1843,mo:t.33 ŋi:n.33,phonetic,thousand,,,,
13-105-826-1,mali1278,Malieng,1634,mo:t.33 klam.13,phonetic,hundred,,,,
13-104-826-1,mali1278,Malieng,1710,ha:j.33 cuk#.41,phonetic,twenty,,,,
13-103-826-1,mali1278,Malieng,1709,mɨə:j.33 lam.33,phonetic,fifteen,,,,
13-102-826-1,mali1278,Malieng,1707,mɨə:j.33 na:j.33,phonetic,twelve,,,,
13-101-826-1,mali1278,Malieng,1706,mɨə:j.33 mo:t.44,phonetic,eleven,,,,
13-100-826-1,mali1278,Malieng,1515,mɨə:j.33,phonetic,ten,,,,
12-930-826-1,mali1278,Malieng,1264,thaj.33 do:j.434,phonetic,change,,,,
12-920-826-1,mali1278,Malieng,1558,ka:co:'ŋ.14,phonetic,"like, similar",,,,
12-840-826-1,mali1278,Malieng,1048,tɨ̯a:ŋ.22,phonetic,line,,,,
12-850-826-1,mali1278,Malieng,1667,po:'ŋ.51ʔ,phonetic,hole,,,,
12-810-826-1,mali1278,Malieng,1395,klɔ:n.44,phonetic,round,,,,
12-820-826-1,mali1278,Malieng,1467,klɔ:n.33,phonetic,circle,,,,
12-780-826-1,mali1278,Malieng,850,ṭu:o:ŋ.44,phonetic,square,,,,
12-770-826-1,mali1278,Malieng,1367,pə:ŋa:ŋ.33,phonetic,cross,,,,
12-760-826-1,mali1278,Malieng,192,məm.33,phonetic,corner,,,,
12-750-826-1,mali1278,Malieng,1071,bɔ:'k.33,phonetic,hook,,,,
12-740-826-1,mali1278,Malieng,297,kəŋ#.33 kɔŋ#.22,phonetic,crooked,,,,
12-740-826-2,mali1278,Malieng,297,ʔu:̯an.33,phonetic,crooked,,,,
12-730-826-1,mali1278,Malieng,1404,thaŋ.434,phonetic,straight,,,,
12-710-826-1,mali1278,Malieng,1633,bɛp.53 bɛp.42,phonetic,flat,,,,
12-680-826-1,mali1278,Malieng,193,ka:n.51ʔ,phonetic,shallow,,,,
12-670-826-1,mali1278,Malieng,1593,cə:ɣw.33,phonetic,deep,,,,
12-650-826-1,mali1278,Malieng,2249,nsaŋ.44,phonetic,thin (in dimension),,,,
12-630-826-1,mali1278,Malieng,1244,kə:taj.33,phonetic,thick (in dimension),,,,
12-620-826-1,mali1278,Malieng,1267,hɛp.51,phonetic,narrow,,,,
12-610-826-1,mali1278,Malieng,1243,ɣo:'ŋ.51ʔ,phonetic,"wide, broad",,,,
12-590-826-1,mali1278,Malieng,1645,dju:ɨ̯.51ʔ,phonetic,short,,,,
12-580-826-1,mali1278,Malieng,711,djo:n.22,phonetic,tall,,,,
12-570-826-1,mali1278,Malieng,1203,za:ɨ̯.33,phonetic,long,,,,
12-560-826-1,mali1278,Malieng,1246,dɛdɛ.51ʔ,phonetic,"small, little",,,,
12-550-826-1,mali1278,Malieng,1202,kj.51ʔ,phonetic,"large, big",,,,
12-541-826-1,mali1278,Malieng,81,pla:ɨ̯.434,phonetic,"span, fathom",,,,
12-541-826-2,mali1278,Malieng,81,za:ɨ̯.33 / ja:ɨ̯.33,phonetic,"span, fathom",,,,
12-540-826-1,mali1278,Malieng,1506,tɔ:.33,phonetic,measure,,,,
12-540-826-2,mali1278,Malieng,1506,dɔŋ.33,phonetic,measure,,,,
12-540-826-3,mali1278,Malieng,1506,pɨ'k.33,phonetic,measure,,,,
12-530-826-1,mali1278,Malieng,479,mɔ:k.51 / mɔ:Ok.51,phonetic,grow,,,,
12-530-826-2,mali1278,Malieng,479,kj.51ʔ,phonetic,grow,,,,
12-480-826-1,mali1278,Malieng,1595,na:m.43,phonetic,south,,,,
12-470-826-1,mali1278,Malieng,1598,bak.14,phonetic,north,,,,
12-460-826-1,mali1278,Malieng,1817,təj.33,phonetic,west,,,,
12-450-826-1,mali1278,Malieng,1877,doŋ#.33,phonetic,east,,,,
12-430-826-1,mali1278,Malieng,1942,ńuk#.14,phonetic,near (adv),,,,
12-430-826-2,mali1278,Malieng,1942,tə:ŋa:j.13,phonetic,near (adv),,,,
12-420-826-1,mali1278,Malieng,244,pe:n.33 ci:e:w.33,phonetic,left (side),,,,
12-410-826-1,mali1278,Malieng,1019,pe:n.33 təm.22,phonetic,right (side),,,,
12-370-826-1,mali1278,Malieng,1093,u:kən.22,phonetic,"middle, center",,,,
12-360-826-1,mali1278,Malieng,682,the:m.33,phonetic,side,,,,
12-360-826-2,mali1278,Malieng,682,bi:e:.22,phonetic,side,,,,
12-353-826-1,mali1278,Malieng,863,bi:ŋ.33,phonetic,edge,,,,
12-352-826-1,mali1278,Malieng,372,ka:bec.14,phonetic,pointed,,,,
12-350-826-1,mali1278,Malieng,742,pɔŋ.14 / mpɔŋ.14 / kə:sə:w.51ʔ,phonetic,end,,,,
12-340-826-1,mali1278,Malieng,690,mpɔŋ.14,phonetic,bottom,,,,
12-340-826-2,mali1278,Malieng,690,tu:n.14,phonetic,bottom,,,,
12-320-826-1,mali1278,Malieng,721,dju:ɨ̯.41ʔ,phonetic,low,,,,
12-330-826-1,mali1278,Malieng,1753,ku:lok#.14,phonetic,top,,,,
12-330-826-2,mali1278,Malieng,1753,kə:no:m#.33,phonetic,top,,,,
12-310-826-1,mali1278,Malieng,1265,djo:n.33,phonetic,high,,,,
12-270-826-1,mali1278,Malieng,602,cɛ.33,phonetic,"hide, conceal",,,,
12-250-826-1,mali1278,Malieng,1046,ka:dan.24,phonetic,"shut, close",,,,
12-260-826-1,mali1278,Malieng,761,si:p.14,phonetic,cover,,,,
12-240-826-1,mali1278,Malieng,1156,bə:.323,phonetic,open,,,,
12-232-826-1,mali1278,Malieng,1119,pi:n.44,phonetic,divide,,,,
12-230-826-1,mali1278,Malieng,1359,zi:ɛ.13,phonetic,separate,,,,
12-230-826-2,mali1278,Malieng,1359,pi:n.33,phonetic,separate,,,,
12-220-826-1,mali1278,Malieng,1743,do:n.14,phonetic,"join, unite",,,,
12-220-826-2,mali1278,Malieng,1743,cap.14,phonetic,"join, unite",,,,
12-220-826-3,mali1278,Malieng,1743,khɛp.14,phonetic,"join, unite",,,,
12-213-826-1,mali1278,Malieng,1576,co:ŋ.44,phonetic,pile up,,,,
12-212-826-1,mali1278,Malieng,371,tac.33,phonetic,pick up,,,,
12-212-826-2,mali1278,Malieng,371,pec.14,phonetic,pick up,,,,
12-210-826-1,mali1278,Malieng,7,tə:kɔ:p.33,phonetic,"collect, gather",,,,
12-210-826-2,mali1278,Malieng,7,mu:̯e:c.43,phonetic,"collect, gather",,,,
12-170-826-1,mali1278,Malieng,838,do:.33 sɨə:.33,phonetic,"remains, left overs",,,,
12-160-826-1,mali1278,Malieng,987,kɔ:.14 la:j.41ʔ,phonetic,"remain, stay",,,,
12-160-826-2,mali1278,Malieng,987,ʔə:ɨ.33 la:j.41ʔ,phonetic,"remain, stay",,,,
12-150-826-1,mali1278,Malieng,1442,tɨŋ.14,phonetic,stand,,,,
12-140-826-1,mali1278,Malieng,215,lam.33 / ləm.33,phonetic,lie down,,,,
12-130-826-1,mali1278,Malieng,1416,ta:du:h.14,phonetic,sit,,,,
12-120-826-1,mali1278,Malieng,998,ta:bu:n.44,phonetic,put,,,,
12-120-826-2,mali1278,Malieng,998,tə:k.33,phonetic,put,,,,
12-110-826-1,mali1278,Malieng,723,bo:k.33,phonetic,place,,,,
11-920-826-1,mali1278,Malieng,1098,kən.33,phonetic,weigh,,,,
11-910-826-1,mali1278,Malieng,884,cre:.33,phonetic,share (distribute),,,,
11-890-826-1,mali1278,Malieng,1887,ɣɛ.434,phonetic,cheap,,,,
11-880-826-1,mali1278,Malieng,1426,dat.14,phonetic,"dear (costly, expensive)",,,,
11-870-826-1,mali1278,Malieng,657,pla:j.14,phonetic,price,,,,
11-860-826-1,mali1278,Malieng,752,kɨə:.434 ha:ŋ.33,phonetic,"store, shop",,,,
11-850-826-1,mali1278,Malieng,633,cə:.51,phonetic,market (place),,,,
11-840-826-1,mali1278,Malieng,1082,mə:li:e:ŋ.22 pu:o:n.22,phonetic,merchant,,,,
11-830-826-1,mali1278,Malieng,2135,to:n.434,phonetic,"trade, barter",,,,
11-830-826-2,mali1278,Malieng,2135,pu:o:n.33 pa:n.51ʔ,phonetic,"trade, barter",,,,
11-820-826-1,mali1278,Malieng,1571,pa:n.41,phonetic,sell,,,,
11-810-826-1,mali1278,Malieng,1869,mu:c.33,phonetic,buy,,,,
11-790-826-1,mali1278,Malieng,733,a:ti:̆k#.13,phonetic,earn,,,,
11-780-826-1,mali1278,Malieng,1122,pla:j.33 ko:ŋ.33,phonetic,wages,,,,
11-770-826-1,mali1278,Malieng,856,su:̯e:.33,phonetic,hire,,,,
11-690-826-1,mali1278,Malieng,873,thu:̯e:.14,phonetic,"tax, tribute",,,,
11-660-826-1,mali1278,Malieng,1081,ti:ń.14,phonetic,"account, reckoning",,,,
11-650-826-1,mali1278,Malieng,718,pla:j.44,phonetic,pay (vb),,,,
11-640-826-1,mali1278,Malieng,1914,tɨ.33,phonetic,debt,,,,
11-630-826-1,mali1278,Malieng,369,tɨ.22,phonetic,owe,,,,
11-620-826-1,mali1278,Malieng,1823,ṭa:j.33,phonetic,borrow,,,,
11-620-826-2,mali1278,Malieng,1823,mə:a:ń31ʔ,phonetic,borrow,,,,
11-610-826-1,mali1278,Malieng,582,cə:n.44 mə:a:'ń.31ʔ,phonetic,lend,,,,
11-540-826-1,mali1278,Malieng,1774,ha:m.33 la:m.33,phonetic,"avaricious, stingy",,,,
11-540-826-2,mali1278,Malieng,1774,hɨ.33 ku:̯a:.41ʔ,phonetic,"avaricious, stingy",,,,
11-530-826-1,mali1278,Malieng,1934,mɦe:.33 su:̯e:.33 ʔan.33,phonetic,beggar,,,,
11-520-826-1,mali1278,Malieng,1674,ŋɛw.33,phonetic,poor,,,,
11-510-826-1,mali1278,Malieng,712,kə:ca:w.33,phonetic,rich,,,,
11-440-826-1,mali1278,Malieng,1867,tUŋ#.22,phonetic,coin,,,,
11-430-826-1,mali1278,Malieng,1559,thi:e:n.33,phonetic,money,,,,
11-330-826-1,mali1278,Malieng,1660,mi:̯c.33 bat.14,phonetic,lose,,,,
11-320-826-1,mali1278,Malieng,719,a:ti:̆k.51 ṭok.14,phonetic,find,,,,
11-310-826-1,mali1278,Malieng,1468,a:ti:̆k.51,phonetic,"seek, look for",,,,
11-280-826-1,mali1278,Malieng,44,mi:̯e:.22 hɨ.22,phonetic,"harm, injure, damage",,,,
11-280-826-2,mali1278,Malieng,44,mi:̯e:.22 hɨ.22,phonetic,"harm, injure, damage",,,,
11-270-826-1,mali1278,Malieng,681,pha:.41ʔ,phonetic,destroy,,,,
11-250-826-1,mali1278,Malieng,2008,kɨw.41ʔ,phonetic,"save, rescue",,,,
11-240-826-1,mali1278,Malieng,1997,ka:cə:ɨ̯.41ʔ,phonetic,"preserve, look after",,,,
11-240-826-2,mali1278,Malieng,1997,a:li:ŋ.14,phonetic,"preserve, look after",,,,
11-220-826-1,mali1278,Malieng,85,pla:j.33,phonetic,give back,,,,
11-210-826-1,mali1278,Malieng,1447,cə:.33,phonetic,give,,,,
11-180-826-1,mali1278,Malieng,738,do:.22,phonetic,thing,,,,
11-160-826-1,mali1278,Malieng,694,tɨ.22,phonetic,"get, obtain",,,,
11-160-826-2,mali1278,Malieng,694,ńən.51ʔ,phonetic,"get, obtain",,,,
11-150-826-1,mali1278,Malieng,1448,kəm.33,phonetic,hold,,,,
11-140-826-1,mali1278,Malieng,2021,ka:ɣu:m.33,phonetic,"seize, grasp",,,,
11-140-826-2,mali1278,Malieng,2021,nəm.51ʔ,phonetic,"seize, grasp",,,,
11-130-826-1,mali1278,Malieng,1749,lj.41ʔ,phonetic,take,,,,
11-120-826-1,mali1278,Malieng,684,kɔ:.23,phonetic,"own, possess",,,,
11-110-826-1,mali1278,Malieng,773,kɔ:.23,phonetic,have,,,,
10-920-826-1,mali1278,Malieng,1922,u:bə:.323,phonetic,land (vb),,,,
10-910-826-1,mali1278,Malieng,610,ka:pe:n.14,phonetic,"harbor, port",,,,
10-890-826-1,mali1278,Malieng,1870,kɛw.33 nɛw.44,phonetic,anchor,,,,
10-850-826-1,mali1278,Malieng,108,ku:ṭa:h.13 cɛw.33,phonetic,oar,,,,
10-831-826-1,mali1278,Malieng,1970,do:'k.22,phonetic,canoe,,,,
10-830-826-1,mali1278,Malieng,1844,do:'k.33,phonetic,boat,,,,
10-810-826-1,mali1278,Malieng,740,taw.33,phonetic,ship,,,,
10-780-826-1,mali1278,Malieng,14,ʔɛ̯c.33,phonetic,yoke,,,,
10-760-826-1,mali1278,Malieng,710,bań.51ʔ sɛ.33,phonetic,wheel,,,,
10-750-826-1,mali1278,Malieng,122,sɛ.22,phonetic,"carriage, wagon, cart",,,,
10-740-826-1,mali1278,Malieng,1011,kɔw.33,phonetic,bridge,,,,
10-720-826-1,mali1278,Malieng,2252,tɨa:ŋ.33 mu:̯o:ń.33,phonetic,path,,,,
10-710-826-1,mali1278,Malieng,667,tɨ̯a:ŋ.33 ʔə:c.22,phonetic,road,,,,
10-670-826-1,mali1278,Malieng,1452,so:.33,phonetic,"push, shove",,,,
10-660-826-1,mali1278,Malieng,367,ku:̯ə:l.14 / kə:j.41ʔ,phonetic,ride,,,,
10-650-826-1,mali1278,Malieng,741,la:i:'.41ʔ sɛ.44,phonetic,drive,,,,
10-640-826-1,mali1278,Malieng,43,ʔɨn.33,phonetic,lead (vb),,,,
10-630-826-1,mali1278,Malieng,1127,pa:kə:ɦ.434,phonetic,send,,,,
10-620-826-1,mali1278,Malieng,692,tə:kɔ:'ŋ.33,phonetic,bring,,,,
10-615-826-1,mali1278,Malieng,415,pə:ŋ.33,phonetic,carry-underarm,,,,
10-614-826-1,mali1278,Malieng,414,to:n.434,phonetic,carry-on-head,,,,
10-614-826-2,mali1278,Malieng,414,do:j.53ʔ,phonetic,carry-on-head,,,,
10-613-826-1,mali1278,Malieng,413,ṭa:k.33,phonetic,carry-on-shoulder,,,,
10-612-826-1,mali1278,Malieng,412,kəm.33,phonetic,carry-in-hand,,,,
10-610-826-1,mali1278,Malieng,700,pj.14ʔ,phonetic,carry (bear),,,,
10-570-826-1,mali1278,Malieng,749,lu:o:n.33,phonetic,enter,,,,
10-560-826-1,mali1278,Malieng,1778,te:ŋ.14 ńu:k.53,phonetic,approach,,,,
10-550-826-1,mali1278,Malieng,1387,te:ŋ.14,phonetic,"reach, arrive",,,,
10-530-826-1,mali1278,Malieng,1047,kə:ṭɨ̯a:ŋ.51ʔ,phonetic,pursue,,,,
10-520-826-1,mali1278,Malieng,1085,ʔə:c.33 ṭɨ̯a:ŋ.51ʔ,phonetic,follow,,,,
10-510-826-1,mali1278,Malieng,956,ʔə:c.33 klo:n.13,phonetic,flee,,,,
10-491-826-1,mali1278,Malieng,485,bət.13,phonetic,disappear,,,,
10-491-826-2,mali1278,Malieng,485,ʔə:c.33 bət.14,phonetic,disappear,,,,
10-490-826-1,mali1278,Malieng,1752,lw.33 ʔə:c.33,phonetic,"go away, depart",,,,
10-481-826-1,mali1278,Malieng,581,ṭj.33,phonetic,come back,,,,
10-481-826-2,mali1278,Malieng,581,lu:j.33 la:j.41ʔ,phonetic,come back,,,,
10-480-826-1,mali1278,Malieng,1446,te:ŋ.14,phonetic,come,,,,
10-474-826-1,mali1278,Malieng,1107,lw.14 / lw.33,phonetic,go out,,,,
10-473-826-1,mali1278,Malieng,2014,cɨh.33,phonetic,go down,,,,
10-472-826-1,mali1278,Malieng,1102,a:da:ɨ̯.51ʔ / a:da:ə:.31ʔ,phonetic,climb,,,,
10-470-826-1,mali1278,Malieng,695,ʔə:c.44,phonetic,go,,,,
10-471-826-1,mali1278,Malieng,705,ʔə:c.33 ple:ŋ.33,phonetic,go up,,,,
10-460-826-1,mali1278,Malieng,1519,a:ŋəj.14,phonetic,run,,,,
10-451-826-1,mali1278,Malieng,366,lak.33 lak.33,phonetic,limp,,,,
10-451-826-2,mali1278,Malieng,366,lɔk#.14 lɔk#.14#,phonetic,limp,,,,
10-450-826-1,mali1278,Malieng,1443,ʔə:c.33 tIk.33,phonetic,walk,,,,
10-440-826-1,mali1278,Malieng,1879,mu:o:.51ʔ,phonetic,dance,,,,
10-431-826-1,mali1278,Malieng,1135,da:.41ʔ,phonetic,kick,,,,
10-430-826-1,mali1278,Malieng,1829,so:'c.33 / sə:#'c.33,phonetic,"jump, leap",,,,
10-420-826-1,mali1278,Malieng,1324,klə:t.51,phonetic,"slide, slip",,,,
10-413-826-1,mali1278,Malieng,296,ŋo:k#.14,phonetic,crouch,,,,
10-413-826-2,mali1278,Malieng,296,tɨŋ.13 ɣo:ŋ.33 ɣo:ŋ.14,phonetic,crouch,,,,
10-412-826-1,mali1278,Malieng,66,ku:̯əɦ.33,phonetic,kneel,,,,
10-410-826-1,mali1278,Malieng,96,bɔ:.33 / bo:'.33,phonetic,"creep, crawl",,,,
10-410-826-2,mali1278,Malieng,96,lu:o:n.33,phonetic,"creep, crawl",,,,
10-380-826-1,mali1278,Malieng,175,u:tu:n.51ʔ,phonetic,blow,,,,
10-370-826-1,mali1278,Malieng,1441,pə:ɨ̯.22,phonetic,fly (vb),,,,
10-360-826-1,mali1278,Malieng,787,ʔə:c.43 do:'k.44,phonetic,sail (vb),,,,
10-352-826-1,mali1278,Malieng,365,pə:sɛ.33ʔ,phonetic,splash,,,,
10-351-826-1,mali1278,Malieng,119,lən.24ʔ,phonetic,dive,,,,
10-350-826-1,mali1278,Malieng,1439,ŋu:ə:c.545,phonetic,swim,,,,
10-340-826-1,mali1278,Malieng,1574,do:n.434,phonetic,float,,,,
10-330-826-1,mali1278,Malieng,1088,ti:m.51ʔ,phonetic,sink,,,,
10-320-826-1,mali1278,Malieng,2003,can.51ʔ,phonetic,flow,,,,
10-260-826-1,mali1278,Malieng,1909,u:lak.33,phonetic,shake,,,,
10-260-826-2,mali1278,Malieng,1909,zu:zu:h.34,phonetic,shake,,,,
10-252-826-1,mali1278,Malieng,702,nəm.14,phonetic,catch (ball),,,,
10-250-826-1,mali1278,Malieng,1456,a:cɨ̆p.34,phonetic,throw,,,,
10-240-826-1,mali1278,Malieng,2253,ta:djɔ:h.343,phonetic,drip,,,,
10-230-826-1,mali1278,Malieng,1280,ɣə:c.44,phonetic,fall,,,,
10-230-826-2,mali1278,Malieng,1280,ɣu:j.51ʔ,phonetic,fall,,,,
10-220-826-1,mali1278,Malieng,501,a:jo:k.33 ple:ŋ.43,phonetic,"raise, lift",,,,
10-220-826-2,mali1278,Malieng,501,djo:k.43,phonetic,"raise, lift",,,,
10-210-826-1,mali1278,Malieng,568,ple:ŋ.33,phonetic,rise,,,,
10-210-826-2,mali1278,Malieng,568,le:ŋ.33,phonetic,rise,,,,
10-170-826-1,mali1278,Malieng,430,ṭan.41ʔ,phonetic,twist,,,,
10-170-826-2,mali1278,Malieng,430,bIn.52ʔ,phonetic,twist,,,,
10-160-826-1,mali1278,Malieng,808,ɣə:c.33,phonetic,drop (vb),,,,
10-160-826-2,mali1278,Malieng,808,ta:dj]h.33 (#33),phonetic,drop (vb),,,,
10-150-826-1,mali1278,Malieng,827,lan.33,phonetic,roll,,,,
10-140-826-1,mali1278,Malieng,1113,pə:lan.14,phonetic,"wind, wrap",,,,
10-140-826-2,mali1278,Malieng,1113,dɔm.44.22,phonetic,"wind, wrap",,,,
10-140-826-3,mali1278,Malieng,1113,ṭən.51ʔ,phonetic,"wind, wrap",,,,
10-130-826-1,mali1278,Malieng,1445,su:̯ɛɨ.51ʔ,phonetic,turn around,,,,
10-120-826-1,mali1278,Malieng,1588,lət.52,phonetic,turn over,,,,
10-110-826-1,mali1278,Malieng,765,kə:ɨ̯h.25,phonetic,move,,,,
9-890-826-1,mali1278,Malieng,2001,cu:j.33,phonetic,paint (vb),,,,
9-890-826-2,mali1278,Malieng,2001,ṭɛ.51ʔ,phonetic,paint (vb),,,,
9-840-826-1,mali1278,Malieng,1979,kə:nuk#.33,phonetic,chisel,,,,
9-880-826-1,mali1278,Malieng,647,ɛə:n.33,phonetic,paint (noun),,,,
9-810-826-1,mali1278,Malieng,228,tɛw.52ʔ,phonetic,carve,,,,
9-791-826-1,mali1278,Malieng,360,pɨh.43,phonetic,fan (vb),,,,
9-790-826-1,mali1278,Malieng,1971,pə:ɣɨk.23,phonetic,fan (noun),,,,
9-780-826-1,mali1278,Malieng,293,bj.33,phonetic,netbag,,,,
9-770-826-1,mali1278,Malieng,195,ńcaɨ.52ʔ,phonetic,mat,,,,
9-750-826-1,mali1278,Malieng,1729,ta:'ń.43,phonetic,"weave, plait",,,,
9-740-826-1,mali1278,Malieng,604,kə: / ka:cok.35,phonetic,glass,,,,
9-730-826-1,mali1278,Malieng,1399,a:tak.23 tɛn.43,phonetic,clay,,,,
9-690-826-1,mali1278,Malieng,358,thi:e:k.33,phonetic,"tin, tinplate",,,,
9-680-826-1,mali1278,Malieng,627,cj.33 / ce:I.33,phonetic,lead (noun),,,,
9-670-826-1,mali1278,Malieng,621,thɛp.43,phonetic,iron,,,,
9-660-826-1,mali1278,Malieng,1825,tUŋ#.33,phonetic,"copper, bronze",,,,
9-650-826-1,mali1278,Malieng,759,pa:k.22,phonetic,silver,,,,
9-640-826-1,mali1278,Malieng,1369,ṭa:ŋ.22,phonetic,gold,,,,
9-630-826-1,mali1278,Malieng,211,to:h.13,phonetic,cast (metals),,,,
9-630-826-2,mali1278,Malieng,211,to:h.13 khu:o:n.23,phonetic,cast (metals),,,,
9-620-826-1,mali1278,Malieng,1648,dɛ.33,phonetic,anvil,,,,
9-610-826-1,mali1278,Malieng,288,cɨ̆p.13,phonetic,forge,,,,
9-600-826-1,mali1278,Malieng,1001,khə:.31ʔ ɣɛn.22,phonetic,"smith, blacksmith",,,,
9-560-826-1,mali1278,Malieng,1069,kɛ.53ʔ kɛw.22,phonetic,glue,,,,
9-500-826-1,mali1278,Malieng,502,kɛ.53ʔ di:ń.33,phonetic,nail,,,,
9-490-826-1,mali1278,Malieng,1481,kɛ.53ʔ bu:o:.51ʔ,phonetic,hammer,,,,
9-480-826-1,mali1278,Malieng,1948,kɛ.51ʔ kɨə:.33,phonetic,saw,,,,
9-461-826-1,mali1278,Malieng,46,tuk#.51,phonetic,hollow out,,,,
9-461-826-2,mali1278,Malieng,46,tŬk#.51 po:ŋ.52ʔ,phonetic,hollow out,,,,
9-460-826-1,mali1278,Malieng,1501,khu:̯a:n.33,phonetic,bore,,,,
9-440-826-1,mali1278,Malieng,1840,pa:tɨŋ.14,phonetic,build,,,,
9-430-826-1,mali1278,Malieng,1042,thə:.51ʔ mo:k#.51,phonetic,carpenter,,,,
9-422-826-1,mali1278,Malieng,1361,do:.33,phonetic,tool,,,,
9-360-826-1,mali1278,Malieng,1453,ɣɨ̯a:w.43,phonetic,wash,,,,
9-370-826-1,mali1278,Malieng,230,su:o:k.44 / ka:cu:h.13,phonetic,sweep,,,,
9-350-826-1,mali1278,Malieng,1487,tə:ɣɔ:ŋ.14,phonetic,pour,,,,
9-350-826-2,mali1278,Malieng,1487,to:h.13,phonetic,pour,,,,
9-350-826-4,mali1278,Malieng,1487,pə:ɣa:c.214,phonetic,pour,,,,
9-343-826-1,mali1278,Malieng,1414,ṭe:ń.14,phonetic,"squeeze, wring",,,,
9-342-826-1,mali1278,Malieng,1913,nan.51ʔ,phonetic,press,,,,
9-342-826-2,mali1278,Malieng,1913,ńĬn.14,phonetic,press,,,,
9-341-826-1,mali1278,Malieng,357,ta:lɛw.33,phonetic,hang up,,,,
9-340-826-1,mali1278,Malieng,38,pɨsa:.h.14,phonetic,spread out,,,,
9-340-826-2,mali1278,Malieng,38,pə:zi:̯a:t.13,phonetic,spread out,,,,
9-330-826-1,mali1278,Malieng,1455,tɨ̯a:j.51ʔ / tə:a:u:ü.51ʔ,phonetic,pull,,,,
9-330-826-2,mali1278,Malieng,1455,tɨ̯a:j.51ʔ,phonetic,pull,,,,
9-320-826-1,mali1278,Malieng,214,tɨ̯a:j.51ʔ za:ɨ.33,phonetic,stretch,,,,
9-320-826-2,mali1278,Malieng,214,ka:daŋ.33,phonetic,stretch,,,,
9-320-826-3,mali1278,Malieng,214,a:ze:ɨ̯.14,phonetic,stretch,,,,
9-310-826-1,mali1278,Malieng,1449,mi:̯e:.44.22 kɔ:.51ʔ,phonetic,"rub, wipe",,,,
9-310-826-2,mali1278,Malieng,1449,pə:sɔ:i:̯h.14,phonetic,"rub, wipe",,,,
9-310-826-3,mali1278,Malieng,1449,ṭe:ń.14,phonetic,"rub, wipe",,,,
9-290-826-1,mali1278,Malieng,291,ka:la:k.33,phonetic,"flay, skin",,,,
9-290-826-2,mali1278,Malieng,291,cɔ:'c.14,phonetic,"flay, skin",,,,
9-280-826-1,mali1278,Malieng,1735,dji:̯e:.323,phonetic,tear,,,,
9-280-826-2,mali1278,Malieng,1735,ka:ti:̆c.14,phonetic,tear,,,,
9-270-826-1,mali1278,Malieng,1437,pɨ̯a:h.23,phonetic,split,,,,
9-261-826-1,mali1278,Malieng,588,pɛ.323 Uɛh.13,phonetic,broken,,,,
9-260-826-1,mali1278,Malieng,680,pɛ.323,phonetic,break,,,,
9-260-826-2,mali1278,Malieng,680,Uɛh.13,phonetic,break,,,,
9-260-826-3,mali1278,Malieng,680,ka:pɨ̯a:h.14,phonetic,break,,,,
9-260-826-4,mali1278,Malieng,680,kə:tĬc.13,phonetic,break,,,,
9-260-826-5,mali1278,Malieng,680,ɣɛc.33,phonetic,break,,,,
9-250-826-1,mali1278,Malieng,677,ŋɣi:w.43,phonetic,ax,,,,
9-240-826-1,mali1278,Malieng,356,kɛw.24,phonetic,"scissors, shears",,,,
9-230-826-1,mali1278,Malieng,1352,kə:ta:w.33,phonetic,knife,,,,
9-223-826-1,mali1278,Malieng,1434,cət.24,phonetic,stab,,,,
9-221-826-1,mali1278,Malieng,355,pam.51ʔ,phonetic,cut down,,,,
9-221-826-2,mali1278,Malieng,355,ka:c.33,phonetic,cut down,,,,
9-220-826-1,mali1278,Malieng,1432,a:si:̯ɛw.51ʔ,phonetic,cut,,,,
9-211-826-1,mali1278,Malieng,354,ku:cuk#.24,phonetic,pound with fist,,,,
9-210-826-1,mali1278,Malieng,2133,pɔ:.24 (h),phonetic,"strike (hit, beat)",,,,
9-192-826-1,mali1278,Malieng,760,ko:'n.24,phonetic,knot (noun),,,,
9-190-826-1,mali1278,Malieng,1218,ka:sj.33,phonetic,"rope, cord",,,,
9-180-826-1,mali1278,Malieng,1627,ka:sj.33 sec.24,phonetic,chain,,,,
9-180-826-2,mali1278,Malieng,1627,ka:lɔ:j.51ʔ,phonetic,chain,,,,
9-161-826-1,mali1278,Malieng,352,ko:j.434,phonetic,untie,,,,
9-160-826-1,mali1278,Malieng,1917,djak.33,phonetic,"tie, bind",,,,
9-160-826-2,mali1278,Malieng,1917,ku:lɔ:j.51ʔ / ku:lɔ:j.51ʔ,phonetic,"tie, bind",,,,
9-150-826-1,mali1278,Malieng,1470,se:p.33,phonetic,fold,,,,
9-140-826-1,mali1278,Malieng,2004,pɛ.434(323),phonetic,bend,,,,
9-120-826-1,mali1278,Malieng,984,kham.33 ko:'ŋ.33,phonetic,work,,,,
9-110-826-1,mali1278,Malieng,2575,mi:̯e:.44,phonetic,"do, make",,,,
9-110-826-2,mali1278,Malieng,2575,kham.33,phonetic,"do, make",,,,
8-980-826-1,mali1278,Malieng,641,kɨ̯a:.44,phonetic,mushroom,,,,
8-970-826-1,mali1278,Malieng,33,pə:te:ń.25,phonetic,nettle,,,,
8-960-826-1,mali1278,Malieng,348,la:t.51,phonetic,fish poison (root),,,,
8-941-826-1,mali1278,Malieng,146,zɨ̯a:m.33,phonetic,sugar cane,,,,
8-940-826-1,mali1278,Malieng,1927,phɛw.33,phonetic,bamboo,,,,
8-940-826-2,mali1278,Malieng,1927,ma:j.33,phonetic,bamboo,,,,
8-940-826-3,mali1278,Malieng,1927,mə:ʔo:.44,phonetic,bamboo,,,,
8-940-826-4,mali1278,Malieng,1927,kə:ta:ŋ.33,phonetic,bamboo,,,,
8-931-826-1,mali1278,Malieng,864,ʔŬp.14 nop.14,phonetic,"pumpkin, squash",,,,
8-930-826-1,mali1278,Malieng,411,bw.33 ʔɛw.33,phonetic,gourd,,,,
8-920-826-1,mali1278,Malieng,925,ntaw.33,phonetic,"tapioca, manioc, cassava",,,,
8-912-826-1,mali1278,Malieng,410,kw.434 tɨ.22,phonetic,yam,,,,
8-910-826-1,mali1278,Malieng,159,ku:la:ŋ.22,phonetic,sweet potato,,,,
8-850-826-1,mali1278,Malieng,346,kəj.33 kə:la:.33,phonetic,banyan,,,,
8-840-826-1,mali1278,Malieng,868,kə:i:̯ ka:dɔ:.51ʔ,phonetic,banana tree,,,,
8-820-826-1,mali1278,Malieng,970,kəj.44 zɨə:.22,phonetic,coconut,,,,
8-810-826-1,mali1278,Malieng,1181,kəj.44 ku:n.51ʔ,phonetic,palm tree,,,,
8-760-826-1,mali1278,Malieng,345,bɛt.15 kəj.44,phonetic,sap,,,,
8-750-826-1,mali1278,Malieng,1204,kə:pɔ:'k.33 kəj.44,phonetic,bark,,,,
8-740-826-1,mali1278,Malieng,409,ka:sj.44 kəj.33,phonetic,forked branch,,,,
8-730-826-1,mali1278,Malieng,344,dŬk#.24 kəj.43,phonetic,tree trunk,,,,
8-720-826-1,mali1278,Malieng,241,dŬk#.24 kəj.43,phonetic,tree stump,,,,
8-691-826-1,mali1278,Malieng,1124,kɔ:'k.51,phonetic,pipe,,,,
8-690-826-1,mali1278,Malieng,1689,nu:t.22 su:o:k.33,phonetic,smoke (tobacco),,,,
8-690-826-2,mali1278,Malieng,1689,su:o:k.35 ɣɔ:j.51ʔ,phonetic,smoke (tobacco),,,,
8-680-826-1,mali1278,Malieng,974,kəj.44 su:o:k.33 sɛ,phonetic,tobacco,,,,
8-680-826-3,mali1278,Malieng,974,ń.33,phonetic,tobacco,,,,
8-670-826-1,mali1278,Malieng,343,kəj.33 nzɨ̯a:w.43,phonetic,vine,,,,
8-640-826-1,mali1278,Malieng,1740,ka:za:w.33,phonetic,pine,,,,
8-620-826-1,mali1278,Malieng,1950,kəj.33 ti:e:.51ʔ,phonetic,beech,,,,
8-600-826-1,mali1278,Malieng,906,kəj.33,phonetic,tree,,,,
8-570-826-1,mali1278,Malieng,239,pɨ̯a:ɨ̯.33 / pə:a:ɨ̯.44,phonetic,flower,,,,
8-560-826-1,mali1278,Malieng,628,u:la:.51ʔ,phonetic,leaf,,,,
8-550-826-1,mali1278,Malieng,1531,tə:kɛ'ń.51ʔ,phonetic,branch,,,,
8-540-826-1,mali1278,Malieng,670,ɣi:̯e:h.14 / ɣi:ə:h.24,phonetic,root,,,,
8-531-826-1,mali1278,Malieng,1486,mlo:ŋ.33 / ma:lo:ŋ.33,phonetic,plant (vb),,,,
8-520-826-1,mali1278,Malieng,342,kɔ:.434 ɣu:̯ə:h.35,phonetic,hay,,,,
8-530-826-1,mali1278,Malieng,653,kə:'j.44 kɔ:.434,phonetic,plant (noun),,,,
8-510-826-1,mali1278,Malieng,606,kɔ:.434,phonetic,grass,,,,
8-480-826-1,mali1278,Malieng,926,ca:w.51ʔ,phonetic,rice,,,,
8-470-826-1,mali1278,Malieng,506,sa:lj.44,phonetic,"maize, corn",,,,
8-420-826-1,mali1278,Malieng,605,ʔɔk#.14,phonetic,"grain (barley, oats etc)",,,,
8-410-826-1,mali1278,Malieng,611,kac.44,phonetic,"crop, harvest",,,,
8-340-826-1,mali1278,Malieng,285,pɔ:.14,phonetic,thresh,,,,
8-330-826-1,mali1278,Malieng,2132,li:e:m.33,phonetic,"sickle, scythe",,,,
8-320-826-1,mali1278,Malieng,190,kac.44,phonetic,"mow, reap",,,,
8-311-826-1,mali1278,Malieng,714,lɔ:.51ʔ kə:co:ŋ.14ʔ / ha:t.52,phonetic,seed,,,,
8-310-826-1,mali1278,Malieng,748,pəi:̯h.14,phonetic,sow,,,,
8-270-826-1,mali1278,Malieng,338,ka:w.33,phonetic,rake,,,,
8-260-826-1,mali1278,Malieng,337,si:e:.52ʔ,phonetic,fork,,,,
8-250-826-1,mali1278,Malieng,284,ku:o:k.33,phonetic,hoe,,,,
8-240-826-1,mali1278,Malieng,1901,ṭe:n.33,phonetic,shovel,,,,
8-230-826-1,mali1278,Malieng,1176,kə:ɨo:ŋ.33,phonetic,spade,,,,
8-212-826-1,mali1278,Malieng,1794,kan.33 tɨŋ.33 ləm.33 pe:.51ʔ,phonetic,furrow,,,,
8-220-826-1,mali1278,Malieng,1418,pɨ'k.22,phonetic,dig,,,,
8-210-826-1,mali1278,Malieng,1921,kan/33,phonetic,plow,,,,
8-170-826-1,mali1278,Malieng,2002,ha:w.22,phonetic,ditch,,,,
8-160-826-1,mali1278,Malieng,1690,ha:ŋ.22 ɣa:w.33,phonetic,fence,,,,
8-150-826-1,mali1278,Malieng,1541,mlo:ŋ.33,phonetic,"cultivate, till",,,,
8-130-826-1,mali1278,Malieng,586,ta:kɨə:n.33,phonetic,garden,,,,
8-120-826-1,mali1278,Malieng,212,ɣɔ:'ŋ.51,phonetic,field (for cultivation),,,,
8-110-826-1,mali1278,Malieng,979,no:ŋ#.33 zən.33,phonetic,farmer,,,,
7-640-826-1,mali1278,Malieng,901,ɣa:c.51,phonetic,adobe,,,,
7-630-826-1,mali1278,Malieng,224,lo:n.51ʔ,phonetic,mortar,,,,
7-630-826-2,mali1278,Malieng,224,sj.33 maŋ.44,phonetic,mortar,,,,
7-580-826-1,mali1278,Malieng,876,li:e:p.35 pə:ɣa:.33,phonetic,arch,,,,
7-610-826-1,mali1278,Malieng,877,sə.51ʔ səɦ.33,phonetic,mason,,,,
7-570-826-1,mali1278,Malieng,1227,ku:pɨ̯a:n.51ʔ,phonetic,board,,,,
7-560-826-1,mali1278,Malieng,281,zaŋ.33,phonetic,"post, pole",,,,
7-560-826-2,mali1278,Malieng,281,kɔ:k#.41,phonetic,"post, pole",,,,
7-560-826-3,mali1278,Malieng,281,ko:t#.51 ka:nɔ:.51ʔ,phonetic,"post, pole",,,,
7-560-826-4,mali1278,Malieng,281,ko:t.51 ka:do:n.33,phonetic,"post, pole",,,,
7-550-826-1,mali1278,Malieng,1132,ṭuŋ.14,phonetic,beam,,,,
7-540-826-1,mali1278,Malieng,829,ɣɨ.33,phonetic,rafter,,,,
7-530-826-1,mali1278,Malieng,280,ko:t.51ɣ kə:do:n.33,phonetic,ridgepole,,,,
7-520-826-1,mali1278,Malieng,279,ma:j.434 ka:nɔ:.51ʔ,phonetic,thatch,,,,
7-510-826-1,mali1278,Malieng,769,ma:j.434 ka:nɔ:.51ʔ,phonetic,roof,,,,
7-470-826-1,mali1278,Malieng,745,ku:kɨ̯a:n.44 / ku:cɨ̯a:n.33,phonetic,shelf,,,,
7-460-826-1,mali1278,Malieng,1273,kə:ɣa:p.51,phonetic,candle,,,,
7-450-826-1,mali1278,Malieng,2131,dɛn.33,phonetic,"lamp, torch",,,,
7-440-826-1,mali1278,Malieng,1775,ba:n.33,phonetic,table,,,,
7-430-826-1,mali1278,Malieng,1476,ɣe:.51ʔ,phonetic,chair,,,,
7-422-826-1,mali1278,Malieng,806,khəm.33,phonetic,blanket,,,,
7-421-826-1,mali1278,Malieng,1044,khəm.33 ke:.44 ka:l'ok#.24,phonetic,pillow,,,,
7-420-826-1,mali1278,Malieng,1663,ka:cɨŋ.33,phonetic,bed,,,,
7-370-826-1,mali1278,Malieng,1464,tha:ŋ.33,phonetic,ladder,,,,
7-330-826-1,mali1278,Malieng,1305,ʔo:ŋ.434 ku:hɔ:j.51ʔ,phonetic,chimney,,,,
7-320-826-1,mali1278,Malieng,859,pɨ'k.33 pu:ŋ.434 lɔ:.24,phonetic,stove,,,,
7-310-826-1,mali1278,Malieng,185,tə:ko:l.22 ku:#h.14,phonetic,fireplace,,,,
7-270-826-1,mali1278,Malieng,933,the:m.33,phonetic,wall,,,,
7-270-826-2,mali1278,Malieng,933,a:təŋ.14#,phonetic,wall,,,,
7-260-826-1,mali1278,Malieng,1632,ɣɨm.33,phonetic,floor,,,,
7-250-826-1,mali1278,Malieng,1375,kɨə:.434 bo:.51ʔ,phonetic,window,,,,
7-240-826-1,mali1278,Malieng,1472,ci:e:.33,phonetic,key,,,,
7-231-826-1,mali1278,Malieng,1012,co:t.33 ka:n.33,phonetic,"latch, door-bolt",,,,
7-230-826-1,mali1278,Malieng,1596,ʔo:.434 khu:̯a:.51ʔ / khu:̯a:.14,phonetic,lock (noun),,,,
7-221-826-1,mali1278,Malieng,80,kɛ.51ʔ kɨə:.434,phonetic,"doorpost, jamb",,,,
7-210-826-1,mali1278,Malieng,1450,phu:o:ŋ.33,phonetic,room,,,,
7-220-826-1,mali1278,Malieng,1567,kɨə:.434,phonetic,"door, gate",,,,
7-220-826-2,mali1278,Malieng,1567,koŋ#.434,phonetic,"door, gate",,,,
7-170-826-1,mali1278,Malieng,334,ka:nɔ:.51ʔ puŋ#.33,phonetic,cookhouse,,,,
7-150-826-1,mali1278,Malieng,736,tə: / ta:kɨə:n.33,phonetic,"yard, court",,,,
7-130-826-1,mali1278,Malieng,1678,ca:ɦ'.51ʔ,phonetic,hut,,,,
7-120-826-1,mali1278,Malieng,1252,ka:nɔ:.51ʔ,phonetic,house,,,,
7-110-826-1,mali1278,Malieng,363,kloŋ#.14,phonetic,"dwell, live",,,,
6-960-826-1,mali1278,Malieng,1171,ku:cok#.14,phonetic,mirror,,,,
6-950-826-1,mali1278,Malieng,788,sa:.121 phɔŋ#.22,phonetic,soap,,,,
6-940-826-1,mali1278,Malieng,1926,ka:za:.14,phonetic,ointment,,,,
6-930-826-1,mali1278,Malieng,151,kə:ta:w.33 ka:w.51ʔ,phonetic,razor,,,,
6-921-826-1,mali1278,Malieng,333,ta:i:ń.33,phonetic,braid,,,,
6-920-826-1,mali1278,Malieng,1821,bɔ:t.24,phonetic,brush,,,,
6-910-826-1,mali1278,Malieng,1475,ki:ci:k.33,phonetic,comb,,,,
6-820-826-1,mali1278,Malieng,1021,khan.33 law.33,phonetic,towel,,,,
6-810-826-1,mali1278,Malieng,332,kə:cɛ.51ʔ,phonetic,"handkerchief, rag",,,,
6-790-826-1,mali1278,Malieng,68,ca:m.22,phonetic,tattoo,,,,
6-780-826-1,mali1278,Malieng,330,ka:lɦ u:̯k.23,phonetic,"headband, headdress",,,,
6-770-826-1,mali1278,Malieng,770,ka:lam / ka:ləm.33,phonetic,earring,,,,
6-760-826-1,mali1278,Malieng,1860,ka:li:ŋ.33,phonetic,bead,,,,
6-750-826-1,mali1278,Malieng,1961,pa:khi:̆ń.44,phonetic,necklace,,,,
6-740-826-1,mali1278,Malieng,1754,ta:pan.33,phonetic,bracelet,,,,
6-730-826-1,mali1278,Malieng,1374,ʔcɛn.44,phonetic,ring (for finger),,,,
6-620-826-1,mali1278,Malieng,757,kŬk.24 / kuk.22,phonetic,button,,,,
6-610-826-1,mali1278,Malieng,1851,baw.43,phonetic,pocket,,,,
6-570-826-1,mali1278,Malieng,772,ni:t.51,phonetic,"belt, girdle",,,,
6-550-826-1,mali1278,Malieng,2130,ma:w.51ʔ,phonetic,"hat, cap",,,,
6-510-826-1,mali1278,Malieng,1381,zəj.33,phonetic,shoe,,,,
6-490-826-1,mali1278,Malieng,329,tət.13,phonetic,"stocking, sock",,,,
6-480-826-1,mali1278,Malieng,809,ku:̯ən.33,phonetic,trousers,,,,
6-460-826-1,mali1278,Malieng,1600,ʔu:ɦ'.51ʔ,phonetic,skirt,,,,
6-450-826-1,mali1278,Malieng,2012,ko:.434 ʔa:w.14,phonetic,collar,,,,
6-440-826-1,mali1278,Malieng,1622,ʔa:w.13 / ʔa:w.33,phonetic,shirt,,,,
6-380-826-1,mali1278,Malieng,1161,cIn.51ʔ,phonetic,thread,,,,
6-360-826-1,mali1278,Malieng,1382,ki:m.33,phonetic,needle,,,,
6-370-826-1,mali1278,Malieng,278,kə:nɔŋ.#̀~ / kə:na:ʌ:ŋ#.33,phonetic,awl,,,,
6-350-826-1,mali1278,Malieng,1457,ka:bi:t.43 / ka:bi:t.14,phonetic,sew,,,,
6-330-826-1,mali1278,Malieng,133,tam.51ʔ,phonetic,weave,,,,
6-330-826-2,mali1278,Malieng,133,ta:'ń.33,phonetic,weave,,,,
6-310-826-1,mali1278,Malieng,121,ba:ɨ̯.33 cIn.51ʔ,phonetic,spin,,,,
6-240-826-1,mali1278,Malieng,1850,bo:'ŋ.43,phonetic,cotton,,,,
6-220-826-1,mali1278,Malieng,964,lɛn.43,phonetic,wool,,,,
6-210-826-1,mali1278,Malieng,1616,ka:pa:l.434ʔ / ka:pa:ɨ.434ʔ,phonetic,cloth,,,,
6-130-826-1,mali1278,Malieng,881,khə.51ʔ ka:bi:t.14,phonetic,tailor,,,,
6-120-826-1,mali1278,Malieng,1895,ku:̯ən.33 ʔa:w.14,phonetic,"clothing, clothes",,,,
6-110-826-1,mali1278,Malieng,158,mək.24,phonetic,put on (clothes),,,,
5-971-826-1,mali1278,Malieng,1556,lɔ:n.51ʔ tɔ:.434,phonetic,egg yolk,,,,
5-970-826-1,mali1278,Malieng,744,tlw.34 / tlu:ɨ̯.33,phonetic,egg,,,,
5-940-826-1,mali1278,Malieng,404,kɨ̆n.51ʔ,phonetic,fermented drink,,,,
5-930-826-1,mali1278,Malieng,1639,bi:e:.33,phonetic,beer,,,,
5-870-826-1,mali1278,Malieng,93,pat.14,phonetic,milk (vb),,,,
5-850-826-1,mali1278,Malieng,862,dɨə:ŋ.33,phonetic,sugar,,,,
5-860-826-1,mali1278,Malieng,635,da:k.33 pə:nw.22ʔ / pə:nw.14,phonetic,milk (noun),,,,
5-840-826-1,mali1278,Malieng,942,ləŋ.24ʔ lə:ʌŋ.15ʔ,phonetic,honey,,,,
5-821-826-1,mali1278,Malieng,919,tew.43 bo:t.51,phonetic,chili pepper,,,,
5-820-826-1,mali1278,Malieng,1385,ti:e:w.44,phonetic,pepper,,,,
5-810-826-1,mali1278,Malieng,1274,bɔ:j.51ʔ,phonetic,salt,,,,
5-791-826-1,mali1278,Malieng,323,mə:.51ʔ,phonetic,"grease, fat",,,,
5-790-826-1,mali1278,Malieng,1484,təw.33,phonetic,oil,,,,
5-760-826-1,mali1278,Malieng,920,ńɨ.22,phonetic,grape,,,,
5-770-826-1,mali1278,Malieng,191,ka:dja:ŋ.14,phonetic,nut,,,,
5-750-826-1,mali1278,Malieng,322,ka:ṭa:k.33,phonetic,fig,,,,
5-712-826-1,mali1278,Malieng,1966,kə:nu:o:ŋ.51ʔ,phonetic,bunch,,,,
5-710-826-1,mali1278,Malieng,1507,ple:.51ʔ,phonetic,fruit,,,,
5-700-826-1,mali1278,Malieng,593,sɔ:.43 təɦ'.43,phonetic,potato,,,,
5-660-826-1,mali1278,Malieng,832,do:.51ʔ,phonetic,bean,,,,
5-650-826-1,mali1278,Malieng,924,ɣa:w.44,phonetic,vegetables,,,,
5-640-826-1,mali1278,Malieng,1547,kɛ'ŋ.43,phonetic,"soup, broth",,,,
5-630-826-1,mali1278,Malieng,1874,pə:la:p.14,phonetic,sausage,,,,
5-610-826-1,mali1278,Malieng,634,si:t.24,phonetic,meat,,,,
5-590-826-1,mali1278,Malieng,225,ɣe:.42,phonetic,pestle,,,,
5-580-826-1,mali1278,Malieng,224,tu:ko:n.33,phonetic,mortar (2),,,,
5-570-826-1,mali1278,Malieng,636,a:pɨh.114,phonetic,mill,,,,
5-560-826-1,mali1278,Malieng,1033,suɦ.33,phonetic,"crush, grind",,,,
5-560-826-2,mali1278,Malieng,1033,ca:.22,phonetic,"crush, grind",,,,
5-550-826-1,mali1278,Malieng,1594,bo:t.51,phonetic,"meal, flour",,,,
5-510-826-1,mali1278,Malieng,1368,pɛŋ.13 mtəw.33 / təw.33,phonetic,bread,,,,
5-490-826-1,mali1278,Malieng,2017,lo:n.51ʔ,phonetic,"stir, mix",,,,
5-480-826-1,mali1278,Malieng,1767,ku:̯nw.23,phonetic,scrape,,,,
5-470-826-1,mali1278,Malieng,86,kɛ.41ʔ cən.33,phonetic,"sieve, strain",,,,
5-470-826-2,mali1278,Malieng,86,cən.33,phonetic,"sieve, strain",,,,
5-460-826-1,mali1278,Malieng,275,do:t.33 ka:ɣo:t.33,phonetic,peel,,,,
5-450-826-1,mali1278,Malieng,1833,bu:o:j.51ʔ pə:ɣi:ə:ŋ.44,phonetic,supper,,,,
5-440-826-1,mali1278,Malieng,1833,bu:o:j.51ʔ pə:ɣi:ə:ŋ.44,phonetic,dinner,,,,
5-430-826-1,mali1278,Malieng,768,bu:o:j.52ʔ ka:lɨə:.44,phonetic,lunch,,,,
5-420-826-1,mali1278,Malieng,1322,bu:o:j.41ʔ ta:ɣə:k.13,phonetic,breakfast,,,,
5-410-826-1,mali1278,Malieng,1526,bu:o:j.51ʔ,phonetic,meal (a),,,,
5-391-826-1,mali1278,Malieng,272,tu:o:.31ʔ be:p.33,phonetic,tongs,,,,
5-390-826-1,mali1278,Malieng,1302,tu:o:.51ʔ,phonetic,fork (2),,,,
5-380-826-1,mali1278,Malieng,1352,kə:ta:w.33,phonetic,knife (2),,,,
5-370-826-1,mali1278,Malieng,1378,thi:ə:.33,phonetic,spoon,,,,
5-360-826-1,mali1278,Malieng,271,ti:e:.51ʔ,phonetic,saucer,,,,
5-350-826-1,mali1278,Malieng,476,cɛn.14,phonetic,"cup, drinking vessel",,,,
5-330-826-1,mali1278,Malieng,1530,tu:o:j.14ʔ,phonetic,bowl,,,,
5-340-826-1,mali1278,Malieng,270,cəm.33,phonetic,"pitcher, jug",,,,
5-320-826-1,mali1278,Malieng,480,ti:e:.51ʔ dɛdɛ.51ʔ,phonetic,plate,,,,
5-310-826-1,mali1278,Malieng,481,ti:e:.51ʔ,phonetic,dish,,,,
5-280-826-1,mali1278,Malieng,31,ca:w.434ʔ,phonetic,pan,,,,
5-260-826-1,mali1278,Malieng,1462,ŋi:e:h.14,phonetic,"pot, cooking vessel",,,,
5-270-826-1,mali1278,Malieng,854,ʔəm.14,phonetic,kettle,,,,
5-240-826-1,mali1278,Malieng,183,da:ŋ.14,phonetic,bake,,,,
5-250-826-1,mali1278,Malieng,1143,kuh.14,phonetic,oven,,,,
5-230-826-1,mali1278,Malieng,2146,da:ŋ.14,phonetic,"roast, fry",,,,
5-230-826-2,mali1278,Malieng,2146,u:ɣa:ŋ.14,phonetic,"roast, fry",,,,
5-220-826-1,mali1278,Malieng,792,ta:ńu:ɨ̯.33ʔ,phonetic,boil (vb),,,,
5-210-826-1,mali1278,Malieng,1100,tək.33,phonetic,cook,,,,
5-190-826-1,mali1278,Malieng,129,ŋɛt.52,phonetic,choke,,,,
5-181-826-1,mali1278,Malieng,897,dɔ:'c.33,phonetic,swallow,,,,
5-180-826-1,mali1278,Malieng,321,ńa:j.44,phonetic,chew,,,,
5-160-826-1,mali1278,Malieng,1421,pw.23ʔ,phonetic,suck,,,,
5-150-826-1,mali1278,Malieng,848,kha:t.44 da:k.44,phonetic,thirst,,,,
5-140-826-1,mali1278,Malieng,1864,tu:o:j.51ʔ,phonetic,hunger,,,,
5-130-826-1,mali1278,Malieng,1401,cu:ŋ#.13 / .434,phonetic,drink,,,,
5-124-826-1,mali1278,Malieng,1958,sɛ'ń.33,phonetic,"green, unripe",,,,
5-123-826-1,mali1278,Malieng,178,ci:n.25ʔ,phonetic,ripe,,,,
5-122-826-1,mali1278,Malieng,1959,kloŋ#.14,phonetic,raw,,,,
5-121-826-1,mali1278,Malieng,269,ci:n.25ʔ,phonetic,cooked,,,,
5-120-826-1,mali1278,Malieng,256,kɛ'ŋ.33,phonetic,food,,,,
5-110-826-1,mali1278,Malieng,1336,ʔan.43,phonetic,eat,,,,
4-990-826-1,mali1278,Malieng,590,ko:j.51ʔ kho:ŋ.43 kho:'ŋ.33,phonetic,"naked, bare",,,,
4-970-826-1,mali1278,Malieng,1653,məw.33,phonetic,blind,,,,
4-980-826-1,mali1278,Malieng,1463,pə:ɣəj.14,phonetic,intoxicated,,,,
4-960-826-1,mali1278,Malieng,1666,kəm.33,phonetic,mute,,,,
4-950-826-1,mali1278,Malieng,996,tuŋ#.33,phonetic,deaf,,,,
4-930-826-1,mali1278,Malieng,1125,lɔ:.33 ku:lok.22,phonetic,bald,,,,
4-940-826-1,mali1278,Malieng,320,ku:̯ɛ.33,phonetic,lame,,,,
4-920-826-1,mali1278,Malieng,1564,kə:ɣəŋ.33,phonetic,lazy,,,,
4-912-826-1,mali1278,Malieng,168,a:ŋɨ̯a:.51ʔ,phonetic,rest,,,,
4-910-826-1,mali1278,Malieng,1757,mɔ:j.̄́ʔ,phonetic,"tired, weary",,,,
4-890-826-1,mali1278,Malieng,655,bɛt.24 pi:̆h.13,phonetic,poison,,,,
4-880-826-1,mali1278,Malieng,1372,ka:za:.23,phonetic,"medicine, drug",,,,
4-870-826-1,mali1278,Malieng,597,ba:k.35 sj.51ʔ,phonetic,physician,,,,
4-860-826-1,mali1278,Malieng,499,cɨə:.51ʔ be:ń.51ʔ,phonetic,"cure, heal",,,,
4-858-826-1,mali1278,Malieng,497,ti:̯a:h.24,phonetic,scar,,,,
4-857-826-1,mali1278,Malieng,1808,plɨŋ.33,phonetic,pus,,,,
4-856-826-1,mali1278,Malieng,793,mu:t.51 ku:tɛŋ.51ʔ,phonetic,boil (noun),,,,
4-855-826-1,mali1278,Malieng,1584,ka:puŋ#.14,phonetic,blister,,,,
4-854-826-1,mali1278,Malieng,148,ŋɨ̯a:.51ʔ,phonetic,itch,,,,
4-853-826-1,mali1278,Malieng,1903,kə:ɨ̯h.14,phonetic,swelling,,,,
4-852-826-1,mali1278,Malieng,1148,thəm.44,phonetic,bruise,,,,
4-850-826-1,mali1278,Malieng,1109,lɨ̆p.24,phonetic,"wound, sore",,,,
4-843-826-1,mali1278,Malieng,102,ku:m.51ʔ,phonetic,cold (catarrh),,,,
4-842-826-1,mali1278,Malieng,1957,kə:dɔ::k.33,phonetic,goiter,,,,
4-841-826-1,mali1278,Malieng,1534,kə:na::e:.33,phonetic,fever,,,,
4-840-826-1,mali1278,Malieng,1847,ka:ɣu:ŋ#.43,phonetic,"sick, sickness",,,,
4-830-826-1,mali1278,Malieng,1364,ba:w.51ʔ,phonetic,"well, health",,,,
4-820-826-1,mali1278,Malieng,1601,hɛn.33,phonetic,weak,,,,
4-810-826-1,mali1278,Malieng,785,ba:w.51ʔ,phonetic,"strong, mighty, powerful",,,,
4-790-826-1,mali1278,Malieng,1773,mo:.33,phonetic,"grave, tomb",,,,
4-780-826-1,mali1278,Malieng,1719,ka:tɨ̆p.434,phonetic,bury (the dead),,,,
4-770-826-1,mali1278,Malieng,767,sa:k.33,phonetic,corpse,,,,
4-760-826-1,mali1278,Malieng,1417,kace:t.24,phonetic,kill,,,,
4-751-826-1,mali1278,Malieng,1904,ki:ce:t.14 lo:i:̯h.14,phonetic,drowned,,,,
4-750-826-1,mali1278,Malieng,1494,ki:ce:t.14,phonetic,"die, dead",,,,
4-740-826-1,mali1278,Malieng,1422,kloŋ#.14,phonetic,"live, living, life",,,,
4-732-826-1,mali1278,Malieng,1087,ka:zo:.51ʔ,phonetic,conceive,,,,
4-730-826-1,mali1278,Malieng,1123,puŋ#.22,phonetic,pregnant,,,,
4-710-826-1,mali1278,Malieng,1152,tɛ.51ʔ,phonetic,beget (of father),,,,
4-690-826-1,mali1278,Malieng,138,ʔu:m.13ʔ / ʔo:m.13ʔ,phonetic,bathe,,,,
4-680-826-1,mali1278,Malieng,52,ɣo:ŋ̆.22 ɣo:ŋ#.33,phonetic,shiver,,,,
4-670-826-1,mali1278,Malieng,1785,tw.13ʔ,phonetic,have sexual intercourse,,,,
4-660-826-1,mali1278,Malieng,676,kĬc.24,phonetic,defecate,,,,
4-650-826-1,mali1278,Malieng,592,te:.51ʔ,phonetic,urinate,,,,
4-640-826-1,mali1278,Malieng,1159,pa: / pə:sət.14,phonetic,break wind,,,,
4-630-826-1,mali1278,Malieng,1602,lam.33 tɨ.33 nzək.33,phonetic,wake up,,,,
4-620-826-1,mali1278,Malieng,1920,ta:po:h.434,phonetic,dream,,,,
4-612-826-1,mali1278,Malieng,1983,a:ŋa:ɨ̯.51ʔ,phonetic,snore,,,,
4-610-826-1,mali1278,Malieng,1585,lam.22 / ləm.22,phonetic,sleep,,,,
4-591-826-1,mali1278,Malieng,268,can.51ʔ da:k.33 za:.51ʔ / zʌ:.51ʔ,phonetic,dribble,,,,
4-590-826-1,mali1278,Malieng,319,a:li:̯a:ŋ.13ʔ / a:lɨ̯a:ŋ.13ʔ,phonetic,lick,,,,
4-580-826-1,mali1278,Malieng,1403,ka:t.43,phonetic,bite,,,,
4-570-826-1,mali1278,Malieng,1278,ba:.51ʔ,phonetic,vomit,,,,
4-560-826-1,mali1278,Malieng,1440,ku:pu:h.14,phonetic,spit,,,,
4-550-826-1,mali1278,Malieng,126,lu:h.33 ka:hət.14,phonetic,perspire,,,,
4-540-826-1,mali1278,Malieng,1621,cə:ɨ̯.44 muh.23,phonetic,sneeze,,,,
4-530-826-1,mali1278,Malieng,879,hɛn.33,phonetic,cough,,,,
4-521-826-1,mali1278,Malieng,162,mnak.23,phonetic,hiccough,,,,
4-520-826-1,mali1278,Malieng,1028,a:ŋa:p.23,phonetic,"yawn, gape",,,,
4-510-826-1,mali1278,Malieng,1407,thə:.434,phonetic,"breathe, breath",,,,
4-492-826-1,mali1278,Malieng,1222,lu:he:.33,phonetic,penis,,,,
4-490-826-1,mali1278,Malieng,797,ta:loŋ.33,phonetic,testicle,,,,
4-470-826-1,mali1278,Malieng,804,kə:za:u:̯h.434 / kə:za:w.13h,phonetic,womb,,,,
4-464-826-1,mali1278,Malieng,834,tə: / ta:pɔm.22,phonetic,buttocks,,,,
4-463-826-1,mali1278,Malieng,1745,ho:'ŋ.33,phonetic,hip,,,,
4-463-826-2,mali1278,Malieng,1745,ka:ha:ŋ.14,phonetic,hip,,,,
4-462-826-1,mali1278,Malieng,1681,naŋ.33 nɛh.14,phonetic,waist,,,,
4-461-826-1,mali1278,Malieng,1991,ɣu:̯əc.33 /. 14,phonetic,"intestines, guts",,,,
4-460-826-1,mali1278,Malieng,819,ku:dɨ̆n.33 / ku:dɨ̯̆n.33,phonetic,stomach,,,,
4-452-826-1,mali1278,Malieng,1744,la:.43,phonetic,spleen,,,,
4-451-826-1,mali1278,Malieng,489,mlʌm.44 / mlam.44,phonetic,kidney,,,,
4-450-826-1,mali1278,Malieng,1224,lɔ:m.33,phonetic,liver,,,,
4-441-826-1,mali1278,Malieng,688,so:ɨ̯h.434,phonetic,lung,,,,
4-440-826-1,mali1278,Malieng,1223,tɔŋo:.33 / ta:ʌŋo:.33,phonetic,heart,,,,
4-430-826-1,mali1278,Malieng,1838,ku:du:h.24,phonetic,navel,,,,
4-420-826-1,mali1278,Malieng,154,pə:nw.51ʔ,phonetic,udder,,,,
4-412-826-1,mali1278,Malieng,796,pu:ɣɔ:j.434ʔ,phonetic,"nipple, teat",,,,
4-410-826-1,mali1278,Malieng,1402,pə:nw.51ʔ,phonetic,breast (of woman),,,,
4-400-826-1,mali1278,Malieng,1592,ka: / kə:cə:'h.23,phonetic,chest,,,,
4-393-826-1,mali1278,Malieng,1201,u:sok.23 ʔo:.51ʔ,phonetic,feather,,,,
4-392-826-1,mali1278,Malieng,1257,kɛŋ.434 ʔo:.51ʔ / ʔo:.33ʔ,phonetic,wing,,,,
4-380-826-1,mali1278,Malieng,1389,ku:dɔ:j.51ʔ ci:̆ŋ.33,phonetic,toe,,,,
4-374-826-1,mali1278,Malieng,318,se:'k.33,phonetic,footprint,,,,
4-372-826-1,mali1278,Malieng,980,ka:lu:i:̯c.33.23 ci:̆ŋ.33,phonetic,heel,,,,
4-371-826-1,mali1278,Malieng,803,mət.15 / mʌt.434 kw.51ʔ,phonetic,ankle,,,,
4-370-826-1,mali1278,Malieng,1301,ka:da:ŋ.15 ci:̆ŋ.33,phonetic,foot,,,,
4-360-826-1,mali1278,Malieng,1371,tu: ku:n.51ʔ,phonetic,knee,,,,
4-352-826-1,mali1278,Malieng,498,ploŋ.13 / plo̯ŋ.24,phonetic,calf of leg,,,,
4-351-826-1,mali1278,Malieng,800,ta:pe:n.33,phonetic,thigh,,,,
4-350-826-1,mali1278,Malieng,1297,kə:cO.33 / kə:co:̯.~~,phonetic,leg,,,,
4-345-826-1,mali1278,Malieng,72,ka:sam.23,phonetic,claw,,,,
4-344-826-1,mali1278,Malieng,1258,ka:sam.23,phonetic,fingernail,,,,
4-342-826-1,mali1278,Malieng,1781,ku:mj.434ʔ,phonetic,thumb,,,,
4-340-826-1,mali1278,Malieng,1303,ku:dɔ:j.51ʔ,phonetic,finger,,,,
4-331-826-1,mali1278,Malieng,1183,ka:da:ŋ.13 səi:̯h.14,phonetic,palm of hand,,,,
4-330-826-1,mali1278,Malieng,1277,ka:da:ŋ.23,phonetic,hand,,,,
4-321-826-1,mali1278,Malieng,799,ko:.434 səi:̯h.14,phonetic,wrist,,,,
4-320-826-1,mali1278,Malieng,981,ku:nak.51,phonetic,elbow,,,,
4-312-826-1,mali1278,Malieng,1886,tu:kɛk.33,phonetic,armpit,,,,
4-310-826-1,mali1278,Malieng,1673,sə:̯i:̯h.24 / sɔi:̯h.24,phonetic,arm,,,,
4-302-826-1,mali1278,Malieng,1994,sa:ŋ.35 cə:la:p.434,phonetic,collarbone,,,,
4-301-826-1,mali1278,Malieng,172,cə:la:p.434,phonetic,shoulderblade,,,,
4-300-826-1,mali1278,Malieng,1482,ca:la:ŋ.44,phonetic,shoulder,,,,
4-290-826-1,mali1278,Malieng,1346,ka:ɣu:o:ŋ.24ʔ,phonetic,throat,,,,
4-281-826-1,mali1278,Malieng,1347,ku:o:k.33,phonetic,nape of neck,,,,
4-280-826-1,mali1278,Malieng,1333,ko:.434,phonetic,neck,,,,
4-272-826-1,mali1278,Malieng,1049,ka:saŋ.33 ʔa:m.33,phonetic,molartooth,,,,
4-270-826-1,mali1278,Malieng,1380,ka:saŋ.33,phonetic,tooth,,,,
4-271-826-1,mali1278,Malieng,139,plə:a:.434 / plɨ̯a:.33,phonetic,gums,,,,
4-271-826-2,mali1278,Malieng,139,lə:j.51,phonetic,gums,,,,
4-260-826-1,mali1278,Malieng,1205,lɨ̯a: ɨ̯.51ʔ / lɨ̯ʌ:ɨ̯.51ʔ,phonetic,tongue,,,,
4-250-826-1,mali1278,Malieng,478,ta:bo:j.33ʔ,phonetic,lip,,,,
4-241-826-1,mali1278,Malieng,73,mɔ:.51ʔ ʔo:.33ʔ,phonetic,beak,,,,
4-240-826-1,mali1278,Malieng,674,po:ŋ.434 ka:ŋ.51ʔ,phonetic,mouth,,,,
4-232-826-1,mali1278,Malieng,208,da:k.42 muh.14,phonetic,mucus (nasal),,,,
4-231-826-1,mali1278,Malieng,1178,po:ŋ.33 muh.24,phonetic,nostril,,,,
4-230-826-1,mali1278,Malieng,1221,mŬh.24,phonetic,nose,,,,
4-222-826-1,mali1278,Malieng,32,kIc.24 ti:e:k.14,phonetic,earwax,,,,
4-221-826-1,mali1278,Malieng,18,ku:ṭi:e:ŋ.33 sa:j.33,phonetic,earlobe,,,,
4-220-826-1,mali1278,Malieng,1247,sa:j.33,phonetic,ear,,,,
4-215-826-1,mali1278,Malieng,1655,ńap.24,phonetic,blink,,,,
4-214-826-1,mali1278,Malieng,1540,ku:pj.23 mət.13,phonetic,eyelash,,,,
4-213-826-1,mali1278,Malieng,17,ɣo:t.44 mət.23,phonetic,eyelid,,,,
4-212-826-1,mali1278,Malieng,1173,ku:pj.133 mət.15,phonetic,eyebrow,,,,
4-210-826-1,mali1278,Malieng,1248,mət.213 / mʌt.13,phonetic,eye,,,,
4-208-826-1,mali1278,Malieng,1730,po:p.33,phonetic,cheek,,,,
4-209-826-1,mali1278,Malieng,1510,kom.43 ha:m.33,phonetic,chin,,,,
4-205-826-1,mali1278,Malieng,123,ka:li:̯a:k.13,phonetic,forehead,,,,
4-207-826-1,mali1278,Malieng,798,kam.434 ha:m.33,phonetic,jaw,,,,
4-204-826-1,mali1278,Malieng,1560,mət.13 / mʌt.14,phonetic,face,,,,
4-203-826-1,mali1278,Malieng,1583,ʔɔ:ŋ.24 ku:lok.23,phonetic,brain,,,,
4-201-826-1,mali1278,Malieng,1604,ku:ma:ŋ.33,phonetic,"side of head, temple",,,,
4-202-826-1,mali1278,Malieng,1605,sa:ŋ.44 ku:lok.14 / tu:ŋɔ:.33,phonetic,skull,,,,
4-200-826-1,mali1278,Malieng,1256,ku:lok.14,phonetic,head,,,,
4-191-826-1,mali1278,Malieng,805,sa:ŋ.33 ku:ɣi:̆ŋ.24ʔ,phonetic,spine,,,,
4-190-826-1,mali1278,Malieng,1291,ku:ɣɔŋ.23ʔ,phonetic,back,,,,
4-180-826-1,mali1278,Malieng,1220,tu:o:j.33,phonetic,tail,,,,
4-170-826-1,mali1278,Malieng,1393,ta:kɔ:i:̯h.14,phonetic,horn,,,,
4-162-826-1,mali1278,Malieng,801,sa:ŋ.33 cɨɣa:ń.33,phonetic,rib,,,,
4-160-826-1,mali1278,Malieng,1394,sa:ŋ.55,phonetic,bone,,,,
4-151-826-1,mali1278,Malieng,525,ka:ńɨ.434h,phonetic,"vein, artery",,,,
4-150-826-1,mali1278,Malieng,946,a:sa:m.51ʔ,phonetic,blood,,,,
4-146-826-1,mali1278,Malieng,576,mi::k.33,phonetic,dandruff,,,,
4-145-826-1,mali1278,Malieng,36,u:sŎk.43 ku:cɛ.52ʔ,phonetic,pubic hair,,,,
4-144-826-1,mali1278,Malieng,189,u:sok.33 / Ŏ,phonetic,body hair,,,,
4-142-826-1,mali1278,Malieng,678,ta:muń.43,phonetic,beard,,,,
4-140-826-1,mali1278,Malieng,1040,kə:j.52ʔ,phonetic,hair (head),,,,
4-130-826-1,mali1278,Malieng,2259,si:t.14,phonetic,flesh,,,,
4-120-826-1,mali1278,Malieng,763,ku:ɣo:t.24,phonetic,"skin, hide",,,,
3-980-826-1,mali1278,Malieng,112,ɣu:a:.434 / ɣu:o:.33,phonetic,turtle,,,,
3-970-826-1,mali1278,Malieng,1857,ca:khɛ.51ʔ,phonetic,"crocodile, alligator",,,,
3-960-826-1,mali1278,Malieng,632,ta:lu:o:.33,phonetic,lizard,,,,
3-950-826-1,mali1278,Malieng,503,ku:o:t.33,phonetic,frog,,,,
3-940-826-1,mali1278,Malieng,1543,pə:cəu:̯h.434,phonetic,snail,,,,
3-930-826-1,mali1278,Malieng,607,cw.14,phonetic,grasshopper,,,,
3-930-826-2,mali1278,Malieng,607,a:ku:u:j.434,phonetic,grasshopper,,,,
3-920-826-1,mali1278,Malieng,1791,pɨə:ŋ.33 pɨ̯a:ŋ.14ʔ,phonetic,butterfly,,,,
3-910-826-1,mali1278,Malieng,206,ntɛ̆h.14,phonetic,firefly,,,,
3-850-826-1,mali1278,Malieng,730,a:zaɨ̯.52ʔ,phonetic,snake,,,,
3-840-826-1,mali1278,Malieng,1219,plu:n.33,phonetic,worm,,,,
3-832-826-1,mali1278,Malieng,1509,tɛŋ.22 ʔɛŋ.33,phonetic,mosquito,,,,
3-831-826-1,mali1278,Malieng,95,tuc.33,phonetic,"sandfly (midge), gnat",,,,
3-830-826-1,mali1278,Malieng,1504,mlaŋ.33,phonetic,fly,,,,
3-823-826-1,mali1278,Malieng,1517,ko:.33 ṭɛ.52ʔ,phonetic,wasp,,,,
3-822-826-1,mali1278,Malieng,88,pə:tɔ:.33 ku:m.52ʔ,phonetic,beehive,,,,
3-821-826-1,mali1278,Malieng,1931,kə:ɣa:p.34 / .434,phonetic,beeswax,,,,
3-820-826-1,mali1278,Malieng,665,pa:tɔ:.43,phonetic,bee,,,,
3-819-826-1,mali1278,Malieng,1065,ka:pa:ŋ.33 kUŋ.13ʔ,phonetic,spider web,,,,
3-818-826-1,mali1278,Malieng,843,kUŋ.14ʔ,phonetic,spider,,,,
3-817-826-1,mali1278,Malieng,587,kə:ńʌ:ɨ̯.51ʔ,phonetic,ant,,,,
3-817-826-2,mali1278,Malieng,587,kə:ńʌ:ɨ̯.51ʔ ŋə:ʌ:.51ʔ,phonetic,ant,,,,
3-816-826-1,mali1278,Malieng,1575,nthɛ.51ʔ,phonetic,cockroach,,,,
3-815-826-1,mali1278,Malieng,1538,nɔ:.33 kɛp.51,phonetic,scorpion,,,,
3-814-826-1,mali1278,Malieng,1974,kə:si:p.33,phonetic,centipede,,,,
3-813-826-1,mali1278,Malieng,232,sə:ma:.43,phonetic,flea,,,,
3-812-826-1,mali1278,Malieng,267,tlu:ɨ̯.51ʔ,phonetic,nit (louse egg),,,,
3-811-826-1,mali1278,Malieng,1392,cəj.51ʔ,phonetic,louse,,,,
3-811-826-2,mali1278,Malieng,1392,mə:ɣe:ń.51ʔ / mə:ɣe:ń.434,phonetic,louse,,,,
3-810-826-1,mali1278,Malieng,620,ku:pj.33,phonetic,insect,,,,
3-770-826-1,mali1278,Malieng,1290,ʔu:ŋ.33 kj.35ʔ,phonetic,elephant,,,,
3-760-826-1,mali1278,Malieng,1350,khəh.51ʔ,phonetic,monkey,,,,
3-740-826-1,mali1278,Malieng,1312,ka:ɣa:w.51ʔ ka:.33,phonetic,fox,,,,
3-730-826-1,mali1278,Malieng,1820,ta:kU.51ʔ,phonetic,bear,,,,
3-710-826-1,mali1278,Malieng,522,cɔ:.44 klɔ:ɨ.51ʔ / klʌ:ɨ.51ʔ,phonetic,wolf,,,,
3-665-826-1,mali1278,Malieng,1013,lj.24 lɨə:ń.33,phonetic,freshwater eel,,,,
3-655-826-1,mali1278,Malieng,598,zi:m.22 zi:m.33 ɣu:ə:.33,phonetic,shell,,,,
3-654-826-1,mali1278,Malieng,1916,ka:də:p.24,phonetic,gill,,,,
3-653-826-1,mali1278,Malieng,266,ka:pa:ɨ̯.41ʔ,phonetic,fishscale,,,,
3-652-826-1,mali1278,Malieng,213,mpə:̯a:c.33 / mpɨ̯a:c.33,phonetic,fin (dorsal),,,,
3-650-826-1,mali1278,Malieng,227,u:ka:.24,phonetic,fish,,,,
3-630-826-1,mali1278,Malieng,2139,ku: nuh.51ʔ,phonetic,"mouse, rat",,,,
3-620-826-1,mali1278,Malieng,1208,mɛw.33,phonetic,cat,,,,
3-614-826-1,mali1278,Malieng,1136,thɔ:.434,phonetic,rabbit,,,,
3-610-826-1,mali1278,Malieng,2009,cɔ:.33ʔ,phonetic,dog,,,,
3-594-826-1,mali1278,Malieng,1853,kukəwh.434,phonetic,dove,,,,
3-596-826-1,mali1278,Malieng,735,kw.33 mɛw.33,phonetic,owl,,,,
3-593-826-1,mali1278,Malieng,913,ʔa:k.33 ʔa:k.33,phonetic,crow,,,,
3-592-826-1,mali1278,Malieng,882,vɛ:t.41,phonetic,parrot,,,,
3-591-826-1,mali1278,Malieng,1793,tazɨ:h.24,phonetic,bat,,,,
3-585-826-1,mali1278,Malieng,307,kala:ŋ.13,phonetic,hawk,,,,
3-583-826-1,mali1278,Malieng,758,kɔ.33 kɔ.33,phonetic,heron,,,,
3-581-826-1,mali1278,Malieng,937,ʔo.14ʔ,phonetic,bird,,,,
3-580-826-1,mali1278,Malieng,539,səw.51ʔ ʔo.14ʔ,phonetic,nest,,,,
3-570-826-1,mali1278,Malieng,1360,vi:t.14,phonetic,duck,,,,
3-550-826-1,mali1278,Malieng,1318,uka.22 dɛdɛ.51ʔ,phonetic,chicken,,,,
3-540-826-1,mali1278,Malieng,1514,uka.44 ma:j.42ʔ,phonetic,hen,,,,
3-520-826-1,mali1278,Malieng,1511,ka.33 ko.33,phonetic,"cock, rooster",,,,
3-520-826-3,mali1278,Malieng,1511,uka.33 ko.33,phonetic,"cock, rooster",,,,
3-450-826-1,mali1278,Malieng,1647,ŋɨə.52ʔ dɛdɛ.51ʔ,phonetic,"foal, colt",,,,
3-440-826-1,mali1278,Malieng,938,ŋɨə.51ʔ mi.52ʔ,phonetic,mare,,,,
3-420-826-1,mali1278,Malieng,936,ŋɨə.41ʔ pɨ.41ʔ,phonetic,stallion,,,,
3-410-826-1,mali1278,Malieng,615,ŋɨə.41ʔ,phonetic,horse (equine),,,,
3-380-826-1,mali1278,Malieng,1972,ze.33 dɛdɛ.41ʔ,phonetic,kid,,,,
3-370-826-1,mali1278,Malieng,264,ze.33 pɨ.51ʔ,phonetic,he-goat,,,,
3-360-826-1,mali1278,Malieng,1502,ze.33,phonetic,goat,,,,
3-350-826-1,mali1278,Malieng,1337,si:t.14 dɛdɛ.41ʔ,phonetic,pig,,,,
3-340-826-1,mali1278,Malieng,1351,si:t.14 mi.41ʔ,phonetic,sow (2),,,,
3-320-826-1,mali1278,Malieng,1348,si:t.14 pɨ.41ʔ,phonetic,boar,,,,
3-320-826-2,mali1278,Malieng,1348,si:t.24 məɣəw.41,phonetic,boar,,,,
3-240-826-1,mali1278,Malieng,1989,mɛ.33,phonetic,calf,,,,
3-230-826-1,mali1278,Malieng,1007,pɔ.33 mi.51ʔ,phonetic,cow,,,,
3-210-826-1,mali1278,Malieng,1008,cləw.33 pɨ.51ʔ,phonetic,bull,,,,
3-200-826-1,mali1278,Malieng,1153,cləw.44,phonetic,cattle (bovine),,,,
3-190-826-1,mali1278,Malieng,851,kuo.51ʔ,phonetic,"stable, stall",,,,
3-180-826-1,mali1278,Malieng,263,malieŋ.33 ciem.33,phonetic,herdsman,,,,
3-160-826-1,mali1278,Malieng,649,dɨəŋ.44 kɔ.41ʔ,phonetic,pasture,,,,
3-130-826-1,mali1278,Malieng,2262,ma:j.13ʔ,phonetic,female (adj),,,,
3-120-826-1,mali1278,Malieng,2261,pɨ.51ʔ,phonetic,male (adj),,,,
3-120-826-2,mali1278,Malieng,2261,ko.33,phonetic,male (adj),,,,
2-940-826-1,mali1278,Malieng,1212,mə:jh.35 ho.44,phonetic,we,,,,
2-920-826-1,mali1278,Malieng,1215,mə:jh.15,phonetic,you (singular),,,,
2-910-826-1,mali1278,Malieng,1209,ho.33,phonetic,I,,,,
2-820-826-1,mali1278,Malieng,194,kanɔ.33ʔ,phonetic,family,,,,
2-810-826-1,mali1278,Malieng,1644,hɔ.51ʔ ha:ŋ.33,phonetic,"relatives, kinsmen",,,,
2-770-826-1,mali1278,Malieng,1981,mi.41ʔ kazaw.14ʔ,phonetic,widower,,,,
2-760-826-1,mali1278,Malieng,1756,pəw.33h kazaw.14ʔ,phonetic,widow,,,,
2-750-826-1,mali1278,Malieng,1149,kadɛ.51ʔ məku:j.43,phonetic,orphan,,,,
2-740-826-1,mali1278,Malieng,1058,kadɛ.51ʔ,phonetic,stepdaughter,,,,
2-730-826-1,mali1278,Malieng,1059,kadɛ.51ʔ,phonetic,stepson,,,,
2-720-826-1,mali1278,Malieng,236,mɨ.51ʔ,phonetic,stepmother,,,,
2-710-826-1,mali1278,Malieng,237,puo.41ʔ,phonetic,stepfather,,,,
2-641-826-1,mali1278,Malieng,2264,lako:ń.34,phonetic,daughter-in-law (of a woman),,,,
2-641-826-2,mali1278,Malieng,2264,səw.51ʔ,phonetic,daughter-in-law (of a woman),,,,
2-641-826-3,mali1278,Malieng,2264,mɨ.51ʔ,phonetic,daughter-in-law (of a woman),,,,
2-640-826-1,mali1278,Malieng,2265,lako:ń.34,phonetic,daughter-in-law (of a man),,,,
2-631-826-1,mali1278,Malieng,2266,lako:ń.434,phonetic,son-in-law (of a woman),,,,
2-630-826-1,mali1278,Malieng,2267,lako:ń.33,phonetic,son-in-law (of a man),,,,
2-621-826-1,mali1278,Malieng,2257,zɛ:w.52ʔ,phonetic,mother-in-law (of a woman),,,,
2-620-826-1,mali1278,Malieng,2256,za.33,phonetic,mother-in-law (of a man),,,,
2-611-826-1,mali1278,Malieng,2254,pəw.33h zɛ:w.51ʔ,phonetic,father-in-law (of a woman),,,,
2-610-826-1,mali1278,Malieng,2255,pəwh.14,phonetic,father-in-law (of a man),,,,
2-560-826-1,mali1278,Malieng,1669,ko.52ʔ ka:n.33,phonetic,ancestors,,,,
2-550-826-1,mali1278,Malieng,1643,məaŋ.51ʔ,phonetic,cousin,,,,
2-550-826-2,mali1278,Malieng,1643,mɨ.51ʔ,phonetic,cousin,,,,
2-540-826-1,mali1278,Malieng,1642,cu.51ʔ mba.33,phonetic,niece,,,,
2-530-826-1,mali1278,Malieng,1063,cu.53ʔ ŋʔo:ŋ.33,phonetic,nephew,,,,
2-522-826-1,mali1278,Malieng,170,muo.41ʔ,phonetic,father's sister,,,,
2-522-826-2,mali1278,Malieng,170,ʔɔ.33,phonetic,father's sister,,,,
2-521-826-1,mali1278,Malieng,171,muo.41ʔ,phonetic,mother's sister,,,,
2-521-826-2,mali1278,Malieng,171,muo.41ʔ,phonetic,mother's sister,,,,
2-521-826-3,mali1278,Malieng,171,mɨ.41ʔ,phonetic,mother's sister,,,,
2-512-826-1,mali1278,Malieng,1985,pəwh.24,phonetic,father's brother,,,,
2-512-826-2,mali1278,Malieng,1985,puo.51ʔ,phonetic,father's brother,,,,
2-511-826-1,mali1278,Malieng,1984,ta:h.434,phonetic,mother's brother,,,,
2-511-826-2,mali1278,Malieng,1984,kɨu.41ʔ,phonetic,mother's brother,,,,
2-480-826-1,mali1278,Malieng,1618,cə:w.41ʔ ŋʔo:ŋ.44,phonetic,grandson,,,,
2-490-826-1,mali1278,Malieng,1619,cu.41ʔ mba.33,phonetic,granddaughter,,,,
2-471-826-1,mali1278,Malieng,907,za.33 kəɣh.33,phonetic,old woman,,,,
2-470-826-1,mali1278,Malieng,1496,za.24,phonetic,grandmother,,,,
2-470-826-2,mali1278,Malieng,1496,za.24,phonetic,grandmother,,,,
2-470-826-3,mali1278,Malieng,1496,zɛ:w.42ʔ,phonetic,grandmother,,,,
2-461-826-1,mali1278,Malieng,406,pəwh.24 kəɣa.33,phonetic,old man,,,,
2-460-826-1,mali1278,Malieng,1383,pəwh.34,phonetic,grandfather,,,,
2-460-826-2,mali1278,Malieng,1383,pəwh.14,phonetic,grandfather,,,,
2-460-826-3,mali1278,Malieng,1383,pəwh.434 zɛ:w.51ʔ,phonetic,grandfather,,,,
2-456-826-1,mali1278,Malieng,1640,məɣuəc.33,phonetic,sibling,,,,
2-454-826-1,mali1278,Malieng,1758,ceɨ.51ʔ,phonetic,older sister,,,,
2-445-826-1,mali1278,Malieng,1760,ceɨ.51ʔ ŋʔo:ŋ.33,phonetic,younger brother,,,,
2-444-826-1,mali1278,Malieng,1759,mɨaŋ.51ʔ,phonetic,older brother,,,,
2-430-826-1,mali1278,Malieng,1801,kadɛ.51ʔ cu.42ʔ,phonetic,offspring (son or daughter),,,,
2-420-826-1,mali1278,Malieng,1357,kadɛ.41ʔ mba.33,phonetic,daughter,,,,
2-410-826-1,mali1278,Malieng,1620,kadɛ.51ʔ ŋʔo:ŋ.44,phonetic,son,,,,
2-380-826-1,mali1278,Malieng,424,kɔ.51ʔ mba.33,phonetic,married man,,,,
2-370-826-1,mali1278,Malieng,505,pɨ.51ʔ mi.51ʔ,phonetic,parents,,,,
2-350-826-1,mali1278,Malieng,1217,pɨ.51ʔ,phonetic,father,,,,
2-341-826-1,mali1278,Malieng,1134,vət.24 cak.33,phonetic,divorce,,,,
2-340-826-1,mali1278,Malieng,1259,ha:ń.33 kɨən.51ʔ,phonetic,"marriage, wedding",,,,
2-340-826-2,mali1278,Malieng,1259,le:.51ʔ kɨə:n.51ʔ,phonetic,"marriage, wedding",,,,
2-330-826-1,mali1278,Malieng,203,li.33 ʔɨmba.33,phonetic,marry,,,,
2-330-826-2,mali1278,Malieng,203,li.33 ŋʔo:ŋ.33,phonetic,marry,,,,
2-330-826-3,mali1278,Malieng,203,kɨən.51ʔ,phonetic,marry,,,,
2-320-826-1,mali1278,Malieng,1199,uke.51ʔ,phonetic,wife,,,,
2-310-826-1,mali1278,Malieng,1200,uku:ń.51ʔ,phonetic,husband,,,,
2-280-826-1,mali1278,Malieng,1289,dɛ:m.33 dɛdɛ.41ʔ,phonetic,"infant, baby",,,,
2-270-826-1,mali1278,Malieng,1304,kadɛ.41ʔ,phonetic,child,,,,
2-261-826-1,mali1278,Malieng,77,puma:j.42ʔ,phonetic,young woman (adolescent),,,,
2-260-826-1,mali1278,Malieng,1646,dɛ:m.33 mba.33,phonetic,girl,,,,
2-240-826-1,mali1278,Malieng,1551,kadɛ.41ʔ mba.33 / puma:j.33ʔ,phonetic,female,,,,
2-230-826-1,mali1278,Malieng,1553,kadɛ.51ʔ ŋʔo:ŋ.33,phonetic,male,,,,
2-220-826-1,mali1278,Malieng,962,mba.42,phonetic,woman,,,,
2-210-826-1,mali1278,Malieng,1554,ʔo:ŋ.33,phonetic,man (vs. woman),,,,
2-210-826-3,mali1278,Malieng,1554,ŋʔo:ŋ.33,phonetic,man (vs. woman),,,,
2-100-826-1,mali1278,Malieng,683,məlieŋ.44,phonetic,"person, human being",,,,
1-890-826-1,mali1278,Malieng,1188,kacaŋ.44 kuh.33,phonetic,charcoal,,,,
1-880-826-1,mali1278,Malieng,10,kuh.33,phonetic,firewood,,,,
1-870-826-1,mali1278,Malieng,1133,kuɛ.43 kənaɨh.434,phonetic,match (noun),,,,
1-861-826-1,mali1278,Malieng,127,məsɛt.24,phonetic,extinguish,,,,
1-860-826-1,mali1278,Malieng,737,cam.51ʔ,phonetic,"light, kindle, ignite",,,,
1-860-826-2,mali1278,Malieng,737,do:w.51ʔ kuh.24,phonetic,"light, kindle, ignite",,,,
1-860-826-3,mali1278,Malieng,737,tu:c.44 caɨ.41ʔ,phonetic,"light, kindle, ignite",,,,
1-852-826-1,mali1278,Malieng,1428,kəcaɨ̯.51ʔ / kaca:ɨ.51ʔ,phonetic,burn (vb intrans),,,,
1-851-826-1,mali1278,Malieng,141,tu:c.33,phonetic,burn (vb trans),,,,
1-841-826-1,mali1278,Malieng,67,kacaŋ.33 he:n.22,phonetic,embers,,,,
1-840-826-1,mali1278,Malieng,646,tapɛ.24 tɛ:n. 44,phonetic,ashes,,,,
1-830-826-1,mali1278,Malieng,778,kuhɔ:j.41ʔ,phonetic,smoke (noun),,,,
1-830-826-2,mali1278,Malieng,778,məhɔ:t.33,phonetic,smoke (noun),,,,
1-820-826-1,mali1278,Malieng,889,kɔ:ń.41ʔ ku:h.14,phonetic,flame (noun),,,,
1-810-826-1,mali1278,Malieng,221,ku:h.24,phonetic,fire,,,,
1-780-826-1,mali1278,Malieng,952,ɣəm.42ʔ cɨ:ŋ.33,phonetic,weather,,,,
1-770-826-1,mali1278,Malieng,617,da:k.43 tata.24ʔ,phonetic,ice,,,,
1-750-826-1,mali1278,Malieng,658,cɨ:ŋ.42,phonetic,rain (noun),,,,
1-750-826-2,mali1278,Malieng,658,ci:n.33 phu:j.34 phu:j.24,phonetic,rain (noun),,,,
1-740-826-1,mali1278,Malieng,249,da:k.33 məw.33,phonetic,fog,,,,
1-720-826-1,mali1278,Malieng,960,kazɔ.34,phonetic,wind,,,,
1-730-826-1,mali1278,Malieng,1489,mən.41,phonetic,cloud,,,,
1-640-826-1,mali1278,Malieng,1977,məw.33,phonetic,dew,,,,
1-630-826-1,mali1278,Malieng,1388,zɔm.33,phonetic,"shade, shadow",,,,
1-620-826-1,mali1278,Malieng,11,ʔə:n.31ʔ,phonetic,darkness,,,,
1-620-826-2,mali1278,Malieng,11,tɛ:n.33,phonetic,darkness,,,,
1-610-826-1,mali1278,Malieng,630,kəɣa:ŋ.33,phonetic,light (noun),,,,
1-590-826-1,mali1278,Malieng,1733,ßu:ŋ.33,phonetic,rainbow,,,,
1-580-826-1,mali1278,Malieng,858,kazɔ.13 ńe.41ʔ,phonetic,storm,,,,
1-560-826-1,mali1278,Malieng,1150,kəɣɨ:m.41ʔ,phonetic,thunder,,,,
1-560-826-2,mali1278,Malieng,1150,kəɣɨ:m.41ʔ tań.24,phonetic,thunder,,,,
1-560-826-3,mali1278,Malieng,1150,sɛ:t.13,phonetic,thunder,,,,
1-550-826-1,mali1278,Malieng,1654,cə:p.24,phonetic,lightning,,,,
1-540-826-1,mali1278,Malieng,1430,kumi:ń.33,phonetic,star,,,,
1-530-826-1,mali1278,Malieng,1313,pəlɨʌŋ.32,phonetic,moon,,,,
1-520-826-1,mali1278,Malieng,1343,mʌt.24 ko:n.33,phonetic,sun,,,,
1-510-826-1,mali1278,Malieng,1732,kəla:ŋ.33,phonetic,sky,,,,
1-440-826-1,mali1278,Malieng,2125,kuk.14 kəj.33 ki:.41ʔ,phonetic,"stone, rock",,,,
1-430-826-1,mali1278,Malieng,1803,kəj.33,phonetic,wood,,,,
1-410-826-1,mali1278,Malieng,420,məɣəw.42ʔ,phonetic,"woods, forest",,,,
1-390-826-1,mali1278,Malieng,943,cə:ɨ.41ʔ,phonetic,waterfall,,,,
1-380-826-1,mali1278,Malieng,1145,pa:w.33,phonetic,swamp,,,,
1-370-826-1,mali1278,Malieng,2144,kɔń.41ʔ zu:ŋ.14,phonetic,"spring, well",,,,
1-362-826-1,mali1278,Malieng,1982,da:k.33 wən.41ʔ,phonetic,whirlpool,,,,
1-360-826-1,mali1278,Malieng,666,hɔ::ŋ.45ʔ,phonetic,"river, stream, brook",,,,
1-360-826-2,mali1278,Malieng,666,hɔŋ.41 da:k.33,phonetic,"river, stream, brook",,,,
1-330-826-1,mali1278,Malieng,624,pa:w.33,phonetic,lake,,,,
1-324-826-1,mali1278,Malieng,1768,kupu:h.33 da:k.33,phonetic,foam,,,,
1-320-826-1,mali1278,Malieng,1474,bi:en.33,phonetic,sea,,,,
1-310-826-1,mali1278,Malieng,948,da:k.33,phonetic,water,,,,
1-280-826-1,mali1278,Malieng,1155,ha:ŋ.33,phonetic,cave,,,,
1-280-826-2,mali1278,Malieng,1155,po:ŋ.42ʔ atak.24,phonetic,cave,,,,
1-270-826-1,mali1278,Malieng,113,bə:.31ʔ zu:ŋ.24,phonetic,shore,,,,
1-240-826-1,mali1278,Malieng,921,kuhoŋ.33 ʒu.13ʔ,phonetic,valley,,,,
1-230-826-1,mali1278,Malieng,652,do:ŋ.33,phonetic,"plain, field",,,,
1-222-826-1,mali1278,Malieng,618,kloŋʔ.33,phonetic,"cliff, precipice",,,,
1-222-826-2,mali1278,Malieng,618,capu.33,phonetic,"cliff, precipice",,,,
1-220-826-1,mali1278,Malieng,2118,ŋkɔ:ŋ.33,phonetic,"mountain, hill",,,,
1-220-826-2,mali1278,Malieng,2118,ŋkɔ:ŋ.33 ʒu:ʔ.13,phonetic,"mountain, hill",,,,
1-214-826-1,mali1278,Malieng,640,kupec.33,phonetic,mud,,,,
1-215-826-1,mali1278,Malieng,671,kaɣɨʌŋ.33 adɛ:ʔ.42,phonetic,sand,,,,
1-213-826-1,mali1278,Malieng,2,pu:n.33 pu:n.42ʔ,phonetic,dust,,,,
1-212-826-1,mali1278,Malieng,1228,mʌt.13 atak.13,phonetic,"earth=ground, soil",,,,
1-210-826-1,mali1278,Malieng,626,atak.13,phonetic,"earth, land",,,,
14-330-826-1,mali1278,Malieng,1544,zaɨ̯h.14,phonetic,sometimes,,,,
14-331-826-1,mali1278,Malieng,703,de:.33 zaɨ̯h.14 də:.41ʔ,phonetic,soon,,,,
14-332-826-1,mali1278,Malieng,418,zaɨ̯h.14,phonetic,long-time (for a),,,,
14-340-826-1,mali1278,Malieng,1656,de:.44 ba:w.33 zə:.22,phonetic,never,,,,
14-350-826-1,mali1278,Malieng,204,la:j.41ʔ,phonetic,again,,,,
14-350-826-2,mali1278,Malieng,204,bɛn.44,phonetic,again,,,,
14-350-826-3,mali1278,Malieng,204,mu:i:̯c.33 bu:o:j.434 bɛn.44,phonetic,again,,,,
14-410-826-1,mali1278,Malieng,1225,ŋaj.33,phonetic,day,,,,
14-420-826-1,mali1278,Malieng,1233,tu:ŋo:'p.44,phonetic,night,,,,
14-430-826-1,mali1278,Malieng,729,ńuk#.14 pu:o:.44 ku:o:h.14,phonetic,dawn,,,,
14-440-826-1,mali1278,Malieng,1339,bu:o:j.434 tə:ɣə:k.33,phonetic,morning,,,,
14-451-826-1,mali1278,Malieng,1807,bu:o:j.434 pə:ɣi:e:ŋ.33,phonetic,afternoon,,,,
14-460-826-1,mali1278,Malieng,1629,bu:o:j.434 tu:ŋu:'p.33,phonetic,evening,,,,
14-470-826-1,mali1278,Malieng,1283,ku:o:.33 nəj.55,phonetic,today,,,,
14-480-826-1,mali1278,Malieng,1329,ku:o:.33 ɣə:k.33,phonetic,tomorrow,,,,
14-481-826-1,mali1278,Malieng,1179,ku:o:.33 mu:i:̯c.33,phonetic,day-after-tomorrow,,,,
14-490-826-1,mali1278,Malieng,1174,ku:o:.33 nde:h.14,phonetic,yesterday,,,,
14-491-826-1,mali1278,Malieng,1180,ku:o:.33 ɣɨ.22 ɣɨ.33,phonetic,day-before-yesterday,,,,
14-510-826-1,mali1278,Malieng,1353,zə:.33,phonetic,hour,,,,
14-530-826-1,mali1278,Malieng,1323,do:ŋ.33 ho:.33,phonetic,"clock, timepiece",,,,
14-710-826-1,mali1278,Malieng,1370,tha:ŋ.41ʔ,phonetic,month,,,,
14-730-826-1,mali1278,Malieng,1226,dam.14,phonetic,year,,,,
14-740-826-1,mali1278,Malieng,1471,mu:o:.33 kə:na:'c.33,phonetic,winter,,,,
14-750-826-1,mali1278,Malieng,1537,mu:o:.44 tu:t.33,phonetic,spring,,,,
14-760-826-1,mali1278,Malieng,1342,mu:o:.33 kə:ɣa:ŋ.33,phonetic,summer,,,,
14-770-826-1,mali1278,Malieng,1276,???,phonetic,autumn,,,,
14-780-826-1,mali1278,Malieng,691,mu:o:.33,phonetic,season,,,,
15-210-826-1,mali1278,Malieng,1587,mɨ̯.33,phonetic,smell (vb intrans),,,,
15-212-826-1,mali1278,Malieng,375,ŋɨt.43 ŋɨt.33,phonetic,sniff,,,,
15-212-826-2,mali1278,Malieng,375,ta:hi:t.22,phonetic,sniff,,,,
15-220-826-1,mali1278,Malieng,1586,ŋi:t.44 mu:j.44,phonetic,smell (vb trans),,,,
15-250-826-1,mali1278,Malieng,376,nthu:m#.14,phonetic,"fragrant, good smelling",,,,
15-260-826-1,mali1278,Malieng,42,mu:j.33 cu:h.33,phonetic,"stinking, bad smelling",,,,
15-350-826-1,mali1278,Malieng,717,mba:t.43,phonetic,sweet,,,,
15-360-826-1,mali1278,Malieng,1091,man.51ʔ,phonetic,salty,,,,
15-370-826-1,mali1278,Malieng,887,taŋ.51ʔ,phonetic,bitter,,,,
15-380-826-1,mali1278,Malieng,1906,cu:̯ʌ:.51ʔ / cu:̯#ə:.41ʔ,phonetic,"acid, sour",,,,
15-390-826-1,mali1278,Malieng,70,hə:j.44 man.41ʔ,phonetic,brackish,,,,
15-410-826-1,mali1278,Malieng,1408,ŋi:t.14 ṭok#.14 / ṭɔk#.14,phonetic,hear,,,,
15-420-826-1,mali1278,Malieng,1608,ŋi:t.14,phonetic,listen,,,,
15-440-826-1,mali1278,Malieng,1811,si:e:ŋ.41ʔ,phonetic,"sound, noise",,,,
15-450-826-1,mali1278,Malieng,377,pe:.51ʔ,phonetic,loud,,,,
15-460-826-1,mali1278,Malieng,1314,dɛdɛ.51ʔ,phonetic,"quiet, silence",,,,
15-510-826-1,mali1278,Malieng,1409,ṭok#.35 / ṭɔk#.24,phonetic,see,,,,
15-520-826-1,mali1278,Malieng,1819,a:li:ŋ.14ʔ,phonetic,"look, look at",,,,
15-550-826-1,mali1278,Malieng,1039,pi:n.33 ṭ̯̆k.14,phonetic,show,,,,
15-560-826-1,mali1278,Malieng,708,ci:e:w.41ʔ ṭa:ŋ.51ʔ,phonetic,shine,,,,
15-570-826-1,mali1278,Malieng,679,ṭa:ŋ.41ʔ zɔ:t.41,phonetic,bright,,,,
15-610-826-1,mali1278,Malieng,1613,məw.44,phonetic,color,,,,
15-620-826-1,mali1278,Malieng,250,ba:k.43,phonetic,light (in color),,,,
15-650-826-1,mali1278,Malieng,163,tɛn.22,phonetic,black,,,,
15-660-826-1,mali1278,Malieng,156,tɔ:.434,phonetic,red,,,,
15-670-826-1,mali1278,Malieng,837,sɛŋ.44,phonetic,blue,,,,
15-680-826-1,mali1278,Malieng,1425,sɛŋ.44 lə:.33,phonetic,green,,,,
15-690-826-1,mali1278,Malieng,1424,ṭa:ŋ.33,phonetic,yellow,,,,
15-710-826-1,mali1278,Malieng,1892,ɣə:.43 ɣə:.33,phonetic,touch,,,,
15-710-826-2,mali1278,Malieng,1892,ńəm.23,phonetic,touch,,,,
15-712-826-1,mali1278,Malieng,378,bɛw.51ʔ,phonetic,pinch,,,,
15-720-826-1,mali1278,Malieng,1079,ŋi:t.14,phonetic,feel,,,,
15-740-826-1,mali1278,Malieng,1884,khɔ:.41ʔ,phonetic,hard,,,,
15-750-826-1,mali1278,Malieng,1856,klə:n.33,phonetic,soft,,,,
15-760-826-1,mali1278,Malieng,1923,djo:n.43 djw.41ʔ,phonetic,rough,,,,
15-770-826-1,mali1278,Malieng,1234,ka:ńan.44,phonetic,smooth,,,,
15-780-826-1,mali1278,Malieng,1396,lɨ̆p.14,phonetic,sharp,,,,
15-790-826-1,mali1278,Malieng,379,mU:ń.33,phonetic,"blunt, dull",,,,
15-790-826-2,mali1278,Malieng,379,ka:lɨ̯.22,phonetic,"blunt, dull",,,,
15-810-826-1,mali1278,Malieng,1210,naŋ.41ʔ,phonetic,heavy,,,,
15-820-826-1,mali1278,Malieng,1052,ŋɛn.51ʔ,phonetic,light (in weight),,,,
15-830-826-1,mali1278,Malieng,1726,ʔəm.434,phonetic,"wet, damp",,,,
15-840-826-1,mali1278,Malieng,1398,djaŋ.41ʔ,phonetic,dry,,,,
15-850-826-1,mali1278,Malieng,1286,mla:'w.41ʔ,phonetic,hot,,,,
15-851-826-1,mali1278,Malieng,1232,tĬń.33 / teń.22,phonetic,warm,,,,
15-860-826-1,mali1278,Malieng,1287,a:laŋ.33,phonetic,cold,,,,
15-870-826-1,mali1278,Malieng,704,pə:ɣɛc.51,phonetic,clean,,,,
15-880-826-1,mali1278,Malieng,1230,ńə:p.23,phonetic,"dirty, soiled",,,,
15-890-826-1,mali1278,Malieng,380,ka:ńan.33,phonetic,wrinkled,,,,
16-110-826-1,mali1278,Malieng,53,ho:n.23,phonetic,"soul, spirit",,,,
16-150-826-1,mali1278,Malieng,1572,ɣə:.33 ɣə:.33 / ṭɔk#.14 la:.41ʔ,phonetic,"surprised, astonished",,,,
16-180-826-1,mali1278,Malieng,720,ca:m.41ʔ maj.43,phonetic,"good fortune, luck",,,,
16-180-826-2,mali1278,Malieng,720,ha:ń.41ʔ phŬk.14,phonetic,"good fortune, luck",,,,
16-190-826-1,mali1278,Malieng,56,mə:suh.33,phonetic,"misfortune, bad luck",,,,
16-230-826-1,mali1278,Malieng,1495,khuŋ#.44 khɨə:ŋ.14,phonetic,"joyful, glad, happy",,,,
16-230-826-2,mali1278,Malieng,1495,tə:pɨ̯.44,phonetic,"joyful, glad, happy",,,,
16-250-826-1,mali1278,Malieng,1355,ha:ń.41ʔ,phonetic,laugh,,,,
16-251-826-1,mali1278,Malieng,1451,pə:ɨm.23,phonetic,smile,,,,
16-260-826-1,mali1278,Malieng,1413,tI'k.43,phonetic,play,,,,
16-270-826-1,mali1278,Malieng,923,bu:o:n.41ʔ,phonetic,love,,,,
16-290-826-1,mali1278,Malieng,578,hu:ń.33,phonetic,kiss,,,,
16-300-826-1,mali1278,Malieng,928,ʔo:m.43 ʔo:m.33,phonetic,embrace,,,,
16-310-826-1,mali1278,Malieng,1783,kɨtəɨ̯.33,phonetic,pain,,,,
16-320-826-1,mali1278,Malieng,1668,bu:o:n.44,phonetic,"grief, sorrow, sadness",,,,
16-330-826-1,mali1278,Malieng,1000,lɔ:.44,phonetic,"anxiety, worry",,,,
16-340-826-1,mali1278,Malieng,1875,thɨə:ŋ.33,phonetic,"regret, be sorry",,,,
16-370-826-1,mali1278,Malieng,1839,zɨ̯a:m.42ʔ,phonetic,"cry, weep",,,,
16-380-826-1,mali1278,Malieng,1651,da:k.32 mət.14,phonetic,tear (noun),,,,
16-390-826-1,mali1278,Malieng,716,ɣe:ŋ.44 / ɣIŋ.33,phonetic,groan,,,,
16-410-826-1,mali1278,Malieng,1607,ta:kɛt.14,phonetic,hate,,,,
16-420-826-1,mali1278,Malieng,82,kə:nə:ɨ̯.44,phonetic,anger,,,,
16-440-826-1,mali1278,Malieng,40,ku:mə:ń.44,phonetic,"envy, jealousy",,,,
16-450-826-1,mali1278,Malieng,1776,phəj.14h ku:̯a:.41ʔ,phonetic,shame (noun),,,,
16-480-826-1,mali1278,Malieng,174,ta:pu:i:̯h.22,phonetic,proud,,,,
16-510-826-1,mali1278,Malieng,1779,kə:ta:m.24,phonetic,dare,,,,
16-520-826-1,mali1278,Malieng,3,tə:ɣɨ̯a:m.343,phonetic,brave,,,,
16-530-826-1,mali1278,Malieng,781,mlɨ.23,phonetic,"fear, fright",,,,
16-620-826-1,mali1278,Malieng,1784,bu:o:n.14,phonetic,"desire, want",,,,
16-622-826-1,mali1278,Malieng,1750,cɔ:n.52ʔ,phonetic,choose,,,,
16-630-826-1,mali1278,Malieng,1092,ku:o:ŋ.44,phonetic,hope,,,,
16-650-826-1,mali1278,Malieng,100,tuŋ.33 tha:ń.22,phonetic,faithful,,,,
16-660-826-1,mali1278,Malieng,1657,duŋ#.33ʔ,phonetic,true,,,,
16-660-826-2,mali1278,Malieng,1657,tɔn.33,phonetic,true,,,,
16-670-826-1,mali1278,Malieng,601,la:p.14,phonetic,"lie, tell lies",,,,
16-690-826-1,mali1278,Malieng,1528,tha:.33 thɨ.15,phonetic,forgive,,,,
16-710-826-1,mali1278,Malieng,1035,tho:t.14,phonetic,good,,,,
16-720-826-1,mali1278,Malieng,1292,phə:j.25h,phonetic,bad,,,,
16-730-826-1,mali1278,Malieng,1725,duŋ#.44ʔ,phonetic,"right, correct",,,,
16-740-826-1,mali1278,Malieng,1390,kha:j.44,phonetic,wrong,,,,
16-760-826-1,mali1278,Malieng,134,lo:j.51ʔ,phonetic,fault,,,,
16-760-826-2,mali1278,Malieng,134,tho:j.52ʔ,phonetic,fault,,,,
16-780-826-1,mali1278,Malieng,381,ce:.33,phonetic,blame,,,,
16-780-826-2,mali1278,Malieng,381,cɛk.33,phonetic,blame,,,,
16-790-826-1,mali1278,Malieng,1687,khɛn.33,phonetic,praise,,,,
16-810-826-1,mali1278,Malieng,1427,khɛw.41ʔ,phonetic,beautiful,,,,
16-820-826-1,mali1278,Malieng,1548,phə:j.14h ku:̯a:.31ʔ,phonetic,ugly,,,,
16-830-826-1,mali1278,Malieng,2018,ha:m.33,phonetic,greedy,,,,
16-840-826-1,mali1278,Malieng,1310,thŎŋ#.33 mi:̆ń.22,phonetic,clever,,,,
17-130-826-1,mali1278,Malieng,1415,a:ŋɨa:.323,phonetic,think (= reflect),,,,
17-140-826-1,mali1278,Malieng,1513,ʔj.14 ki:e:n.41ʔ,phonetic,think (= be of the opinion),,,,
17-140-826-2,mali1278,Malieng,1513,ńən.41ʔ sɛt.14,phonetic,think (= be of the opinion),,,,
17-150-826-1,mali1278,Malieng,1890,ti:n.33,phonetic,believe,,,,
17-160-826-1,mali1278,Malieng,1536,həj.14,phonetic,understand,,,,
17-170-826-1,mali1278,Malieng,1410,həj.14,phonetic,know,,,,
17-171-826-1,mali1278,Malieng,1932,du:̯a:n.51ʔ,phonetic,guess,,,,
17-172-826-1,mali1278,Malieng,117,nəm.24 kə:ɣɨ.43,phonetic,imitate,,,,
17-180-826-1,mali1278,Malieng,1521,a:li:̆ń.14,phonetic,seem,,,,
17-180-826-2,mali1278,Malieng,1521,mi:̯e:.33 / mi:̯e:.33 ńɨ.44,phonetic,seem,,,,
17-210-826-1,mali1278,Malieng,698,khu:n.33,phonetic,wise,,,,
17-220-826-1,mali1278,Malieng,1518,ŋw.14ʔ,phonetic,"foolish, stupid",,,,
17-230-826-1,mali1278,Malieng,1899,tu:i:I̯.33,phonetic,"insane, crazy",,,,
17-240-826-1,mali1278,Malieng,504,hɔ:'k.43,phonetic,learn,,,,
17-250-826-1,mali1278,Malieng,709,zah'.51,phonetic,teach,,,,
17-260-826-1,mali1278,Malieng,753,hɔ:'k.22 si:̆ń.33,phonetic,pupil,,,,
17-270-826-1,mali1278,Malieng,1038,thəj.33 za:w.14,phonetic,teacher,,,,
17-280-826-1,mali1278,Malieng,673,tɨə:ŋ.33 nɔ:'k.33,phonetic,school,,,,
17-310-826-1,mali1278,Malieng,707,ńə:.14,phonetic,remember,,,,
17-320-826-1,mali1278,Malieng,1523,Itc.14,phonetic,forget,,,,
17-340-826-1,mali1278,Malieng,989,ɣɔ.41ʔ,phonetic,"clear, plain",,,,
17-350-826-1,mali1278,Malieng,1764,tɛn-thɨ̯,phonetic,obscure,,,,
17-350-826-2,mali1278,Malieng,1764,kə:ləm.12 mət.13,phonetic,obscure,,,,
17-360-826-1,mali1278,Malieng,1121,ki:'n.15,phonetic,secret,,,,
17-360-826-2,mali1278,Malieng,1121,lu:m.41ʔ,phonetic,secret,,,,
17-370-826-1,mali1278,Malieng,509,cak.24 (can.14),phonetic,"sure, certain",,,,
17-380-826-1,mali1278,Malieng,1626,baj.22,phonetic,explain,,,,
17-420-826-1,mali1278,Malieng,860,lj.23 zɔ:.33,phonetic,cause,,,,
17-430-826-1,mali1278,Malieng,1308,cɨə:.33 cak.14,phonetic,doubt,,,,
17-430-826-2,mali1278,Malieng,1308,ŋj.33,phonetic,doubt,,,,
17-441-826-1,mali1278,Malieng,1902,ńəw.44,phonetic,betray,,,,
17-450-826-1,mali1278,Malieng,643,kən.44,phonetic,"need, necessity",,,,
17-450-826-2,mali1278,Malieng,643,pha:j.434,phonetic,"need, necessity",,,,
17-460-826-1,mali1278,Malieng,686,khu:̯ɛ.434,phonetic,easy,,,,
17-470-826-1,mali1278,Malieng,584,khɔ:.14ʔ,phonetic,difficult,,,,
17-470-826-2,mali1278,Malieng,584,khɔ:.14ʔ ti:ń.14,phonetic,difficult,,,,
17-480-826-1,mali1278,Malieng,1812,thɨ.434,phonetic,"try, attempt",,,,
17-490-826-1,mali1278,Malieng,488,kac.14,phonetic,"way, manner",,,,
17-510-826-1,mali1278,Malieng,1577,kj.33,phonetic,and,,,,
17-530-826-1,mali1278,Malieng,1459,ne:w.33ʔ,phonetic,if,,,,
17-540-826-1,mali1278,Malieng,1014,hu:̯ak.51,phonetic,or,,,,
17-550-826-1,mali1278,Malieng,1268,ʔɨ.22,phonetic,"yes, affirmative",,,,
17-560-826-1,mali1278,Malieng,1269,tata.34ʔ,phonetic,"no, negative",,,,
17-560-826-2,mali1278,Malieng,1269,de:.33,phonetic,"no, negative",,,,
17-610-826-1,mali1278,Malieng,1239,mi:̯e:.33 mɨə:.44,phonetic,how?,,,,
17-620-826-1,mali1278,Malieng,822,bən.24,phonetic,how many?,,,,
17-630-826-1,mali1278,Malieng,531,bən.24,phonetic,how much?,,,,
17-640-826-1,mali1278,Malieng,1236,kɛ.41ʔ ntj.44,phonetic,what?,,,,
17-650-826-1,mali1278,Malieng,1238,bu:o:j.434 mɔ:.22,phonetic,when?,,,,
17-650-826-2,mali1278,Malieng,1238,ku:o:.33 mɔ:.33,phonetic,when?,,,,
17-660-826-1,mali1278,Malieng,1237,ʔw.33 mɔ:.33,phonetic,where?,,,,
17-670-826-1,mali1278,Malieng,727,kw.33 mɔ:.33,phonetic,which?,,,,
17-680-826-1,mali1278,Malieng,1235,u:ṭe:h.44,phonetic,who?,,,,
17-690-826-1,mali1278,Malieng,1270,mi:̯e:.33 mɨə:.44,phonetic,why?,,,,
18-110-826-1,mali1278,Malieng,1363,si:e:ŋ.41ʔ o:ŋ.51ʔ,phonetic,voice,,,,
18-120-826-1,mali1278,Malieng,1261,ha:t.14 / pə:ʔɛw.14ʔ,phonetic,sing,,,,
18-130-826-1,mali1278,Malieng,715,ho:ŋ.44,phonetic,"shout, cry out",,,,
18-150-826-1,mali1278,Malieng,55,ta:ha:t.33,phonetic,whisper,,,,
18-160-826-1,mali1278,Malieng,128,ʔi:n dɛdɛ.51ʔ,phonetic,mumble,,,,
18-170-826-1,mali1278,Malieng,1025,hɔ:c.33,phonetic,whistle,,,,
18-180-826-1,mali1278,Malieng,298,hɛ'ɨ̯.44,phonetic,"shriek, screech",,,,
18-190-826-1,mali1278,Malieng,526,ho:ŋ.14,phonetic,howl,,,,
18-210-826-1,mali1278,Malieng,1623,ʔi:'n.22 ʔw.22 cu:̯u:n.41ʔ,phonetic,"speak, talk",,,,
18-220-826-1,mali1278,Malieng,1458,ʔi:n.33,phonetic,say,,,,
18-221-826-1,mali1278,Malieng,1711,(ʔi:n).33 ʔw.33 cɨ̯i:e:n.51ʔ,phonetic,tell story,,,,
18-222-826-1,mali1278,Malieng,1115,lə:j.33 ʔi:n.33,phonetic,speech (make a),,,,
18-230-826-1,mali1278,Malieng,48,ʔi:m.33 lan.41ʔ,phonetic,silent (be),,,,
18-240-826-1,mali1278,Malieng,1307,si:e:ŋ.41ʔ,phonetic,language,,,,
18-260-826-1,mali1278,Malieng,1599,si:e:ŋ.41ʔ,phonetic,word,,,,
18-280-826-1,mali1278,Malieng,1405,te:n.33,phonetic,name,,,,
18-310-826-1,mali1278,Malieng,1309,ha:'ń.434,phonetic,"ask (question, inquire)",,,,
18-320-826-1,mali1278,Malieng,1275,pla:j.33 lə:j.33,phonetic,answer,,,,
18-330-826-1,mali1278,Malieng,2022,ńən.41ʔ,phonetic,"admit, confess",,,,
18-340-826-1,mali1278,Malieng,755,la:p.14,phonetic,deny,,,,
18-350-826-1,mali1278,Malieng,1828,a:kɨ̯a:m.33,phonetic,"ask, request",,,,
18-360-826-1,mali1278,Malieng,1675,hɨə:.33ʔ,phonetic,promise,,,,
18-360-826-2,mali1278,Malieng,1675,hɛn.52,phonetic,promise,,,,
18-410-826-1,mali1278,Malieng,1084,ke:w.33,phonetic,call (=summon),,,,
18-420-826-1,mali1278,Malieng,180,dat.51 te:n.33,phonetic,call (=name),,,,
18-430-826-1,mali1278,Malieng,9,ze:n.33,phonetic,announce,,,,
18-440-826-1,mali1278,Malieng,1192,na:t.51 zu:̯a:.41ʔ,phonetic,threaten,,,,
18-450-826-1,mali1278,Malieng,101,khu:̯ɛ.44 khu:̯a:.44,phonetic,boast,,,,
18-510-826-1,mali1278,Malieng,1672,ṭi:e:t.14,phonetic,write,,,,
18-520-826-1,mali1278,Malieng,724,dɔk#.31,phonetic,read,,,,
18-560-826-1,mali1278,Malieng,648,kə:cəj.14,phonetic,paper,,,,
18-570-826-1,mali1278,Malieng,794,bu:t.14,phonetic,pen,,,,
18-610-826-1,mali1278,Malieng,963,ku:̯i:e:n.434 kə:cəj.14,phonetic,book,,,,
18-710-826-1,mali1278,Malieng,777,ʔo:ŋ.434 pəj.14 / pəj.33,phonetic,flute,,,,
18-720-826-1,mali1278,Malieng,908,klo:ŋ.51ʔ,phonetic,drum,,,,
18-730-826-1,mali1278,Malieng,2136,khɛn.33,phonetic,"horn, trumpet",,,,
18-740-826-1,mali1278,Malieng,300,kɔ:.33 kɔ:.323,phonetic,rattle,,,,
19-110-826-1,mali1278,Malieng,1300,ŋɨə:k.14,phonetic,country,,,,
19-120-826-1,mali1278,Malieng,89,to:.434 ku:o:k.14,phonetic,one's native country,,,,
19-150-826-1,mali1278,Malieng,1391,tha:ń.44 pho:.14ʔ,phonetic,"city, town",,,,
19-160-826-1,mali1278,Malieng,930,sɔ::m#.14,phonetic,village,,,,
19-170-826-1,mali1278,Malieng,1010,tɨ̯a:ŋ.33 kən.33,phonetic,boundary,,,,
19-170-826-2,mali1278,Malieng,1010,tɨ̯a:ŋ.33 pɔŋ.14,phonetic,boundary,,,,
19-170-826-3,mali1278,Malieng,1010,tɨ̯a:ŋ.33 ku:o:j.14 ku:ŋ#.33,phonetic,boundary,,,,
19-210-826-1,mali1278,Malieng,789,ńən.33 zən.43,phonetic,people (populace),,,,
19-240-826-1,mali1278,Malieng,301,pɨ.22 co:.14ʔ ŋɣəw.51ʔ,phonetic,"chief, chieftain",,,,
19-370-826-1,mali1278,Malieng,1032,ńən.33 zən.44,phonetic,"citizen, subject",,,,
19-410-826-1,mali1278,Malieng,383,səj.44 ka:.434,phonetic,master,,,,
19-430-826-1,mali1278,Malieng,255,mə:li:e:ŋ.33 mi:̯e:.33 su:̯e:.33,phonetic,servant,,,,
19-460-826-1,mali1278,Malieng,1635,ŋi:t.14 la:c.44,phonetic,obey,,,,
19-470-826-1,mali1278,Malieng,1003,cə:.44,phonetic,"let, permit",,,,
19-510-826-1,mali1278,Malieng,1325,ba:n.41ʔ,phonetic,"friend, companion",,,,
19-520-826-1,mali1278,Malieng,1358,kɨcək.14,phonetic,enemy,,,,
19-540-826-1,mali1278,Malieng,1332,la:ŋ.22 cɔ:m#.14,phonetic,neighbor,,,,
19-550-826-1,mali1278,Malieng,791,mə:li:e:ŋ.33 la:.51,phonetic,stranger,,,,
19-560-826-1,mali1278,Malieng,1782,mə:li:e:ŋ.33 khɛc.14,phonetic,guest,,,,
19-570-826-1,mali1278,Malieng,1545,pɨ.33 co:.43 kə:nɔ:.51ʔ,phonetic,host,,,,
19-580-826-1,mali1278,Malieng,1897,zɨ̆p.33,phonetic,"help, aid",,,,
19-590-826-1,mali1278,Malieng,1550,ŋan.33,phonetic,"hinder, prevent",,,,
19-610-826-1,mali1278,Malieng,1747,phɛp.14 tak.14,phonetic,custom,,,,
19-620-826-1,mali1278,Malieng,1848,ku:ŋ.33 ka:j.41ʔ,phonetic,"strife, quarrel",,,,
19-720-826-1,mali1278,Malieng,1610,pə:ma:j.13 nam.22 la:ŋ.33,phonetic,prostitute,,,,
20-110-826-1,mali1278,Malieng,1423,pɔ:.24h cak.34,phonetic,fight (vb),,,,
20-140-826-1,mali1278,Malieng,1338,di:ɨ.33 hu:̯a:.42,phonetic,peace,,,,
20-150-826-1,mali1278,Malieng,1561,ho:.41 do:j.42ʔ,phonetic,army,,,,
20-170-826-1,mali1278,Malieng,1941,bo:.42 do:j.42ʔ,phonetic,soldier,,,,
20-220-826-1,mali1278,Malieng,1763,zu:j.33 ku:j.44,phonetic,club,,,,
20-230-826-1,mali1278,Malieng,387,na:.42ʔ,phonetic,sling,,,,
20-250-826-1,mali1278,Malieng,977,tə:ɣa:h.434,phonetic,arrow,,,,
20-260-826-1,mali1278,Malieng,945,si:e:.42ʔ,phonetic,spear,,,,
20-270-826-1,mali1278,Malieng,1535,tə:kɨə:m.33,phonetic,sword,,,,
20-280-826-1,mali1278,Malieng,1566,khoŋ#.51ʔ,phonetic,"gun, cannon",,,,
20-330-826-1,mali1278,Malieng,1680,ma:w.434ʔ / ma:w.41ʔ klac.14,phonetic,helmet,,,,
20-410-826-1,mali1278,Malieng,783,thaŋ.14 lə:j.31ʔ,phonetic,victory,,,,
20-420-826-1,mali1278,Malieng,782,su:o:.434,phonetic,defeat,,,,
20-440-826-1,mali1278,Malieng,1330,ka:cə:ɨ̯.41ʔ,phonetic,defend,,,,
20-450-826-1,mali1278,Malieng,421,lu:i:̯h.14,phonetic,retreat,,,,
20-460-826-1,mali1278,Malieng,1696,də:w.33 ha:ŋ.33,phonetic,surrender,,,,
20-470-826-1,mali1278,Malieng,1072,pə:cak.44 təw.44,phonetic,"captive, prisoner",,,,
20-480-826-1,mali1278,Malieng,1022,lj.43 tɨ.33,phonetic,"booty, spoils",,,,
20-490-826-1,mali1278,Malieng,65,cən.41ʔ,phonetic,ambush,,,,
20-510-826-1,mali1278,Malieng,1858,mə:li:e:ŋ.33 nəm.41ʔ a:ka:.41ʔ,phonetic,fisherman,,,,
20-520-826-1,mali1278,Malieng,1074,ɨ̯a:ɨ̯.33 plɛ.42ʔ,phonetic,fishhook,,,,
20-530-826-1,mali1278,Malieng,19,kə:sj.33,phonetic,fishing line,,,,
20-540-826-1,mali1278,Malieng,388,la:j.41ʔ,phonetic,fishnet,,,,
20-540-826-2,mali1278,Malieng,388,cɨ̯a:n.33 (cha:i:),phonetic,fishnet,,,,
20-550-826-1,mali1278,Malieng,389,tə:ɣu:o:k.44,phonetic,fish trap,,,,
20-560-826-1,mali1278,Malieng,2013,plu:n.33,phonetic,bait,,,,
20-610-826-1,mali1278,Malieng,1435,ʔə:c.33 ma:n.42ʔ,phonetic,hunt,,,,
20-620-826-1,mali1278,Malieng,1172,pe:ń.14ʔ,phonetic,shoot,,,,
20-630-826-1,mali1278,Malieng,161,phec.14,phonetic,miss (target),,,,
20-640-826-1,mali1278,Malieng,1075,vɔ:'ŋ.33,phonetic,trap (noun),,,,
20-650-826-1,mali1278,Malieng,1170,tə:m.33 vɔ:.ŋŋ.33 / tɔ:.42ʔ vɔ:.ŋ.42,phonetic,trap (vb),,,,
21-110-826-1,mali1278,Malieng,1062,pha:p.15 lu:̯ət.42,phonetic,law,,,,
21-150-826-1,mali1278,Malieng,1068,tu:̯a:.33 ʔa:n.14ʔ,phonetic,court,,,,
21-310-826-1,mali1278,Malieng,1814,bu:o:k.51 tho:j.41ʔ,phonetic,accuse,,,,
21-340-826-1,mali1278,Malieng,988,tha:.33 tho:j.41ʔ,phonetic,acquit,,,,
21-350-826-1,mali1278,Malieng,1682,mi:̯e:.33 tho:j.41ʔ,phonetic,guilty,,,,
21-360-826-1,mali1278,Malieng,90,de:.33 kɔ:.14 tho:j.42ʔ,phonetic,innocent,,,,
21-370-826-1,mali1278,Malieng,390,pha:t.52,phonetic,"penalty, punishment",,,,
21-390-826-1,mali1278,Malieng,1281,ka:nɔ:.51ʔ təw.33,phonetic,"prison, jail",,,,
21-420-826-1,mali1278,Malieng,845,kɛ.434 kə:ci:t.14 mə:li:e:ŋ.33 (43),phonetic,murder,,,,
21-430-826-1,mali1278,Malieng,902,ləm.43 lɨn.14,phonetic,adultery,,,,
21-440-826-1,mali1278,Malieng,953,me:p.224 li:e:w.33 / mi:̯e:.33 li:e:w.33,phonetic,rape,,,,
21-460-826-1,mali1278,Malieng,1889,tu:i:̯c.44 ka:nɔ:.52ʔ,phonetic,arson,,,,
21-470-826-1,mali1278,Malieng,1792,ʔi:n.44 la:p.13 / ṭok#.14 la:p.14,phonetic,perjury,,,,
21-510-826-1,mali1278,Malieng,713,mo:'c.44 pɨ.44 cak.14 u:ba:w.44,phonetic,steal,,,,
21-510-826-2,mali1278,Malieng,713,ʔan lu:i:m.51ʔ,phonetic,steal,,,,
21-520-826-1,mali1278,Malieng,1160,mə:li:e:ŋ.33 kɨə:ɣ.14,phonetic,thief,,,,
21-520-826-2,mali1278,Malieng,1160,ʔan.33 kɨə:p.14,phonetic,thief,,,,
22-120-826-1,mali1278,Malieng,1944,ʔo:ŋ.43 kə:ɣɨm.41ʔ,phonetic,God,,,,
22-140-826-1,mali1278,Malieng,853,          0,phonetic,altar,,,,
22-160-826-1,mali1278,Malieng,257,pə:ɣə:.14,phonetic,worship,,,,
22-240-826-1,mali1278,Malieng,8,ma:zw.14,phonetic,curse,,,,
22-260-826-1,mali1278,Malieng,303,ki:n.33,phonetic,fast (vb),,,,
22-430-826-1,mali1278,Malieng,2137,səj.33 pə:ɣə:.14,phonetic,"sorcerer, witch",,,,
22-450-826-1,mali1278,Malieng,1175,ka:mu:'c.22,phonetic,"ghost, phantom",,,,
22-470-826-1,mali1278,Malieng,107,he:m.33 phəi:̯h.14,phonetic,"omen, portent",,,,
