ID,Language_ID,Language_name,Parameter_ID,Value,Transcription,Concept,Source,Comment,AlternativeValue,AlternativeTranscription
14-320-184-1,goth1244,Gothic,1852,ufta,StandardOrth,often,lehmann1986,,,
14-310-184-1,goth1244,Gothic,1676,sinteino,StandardOrth,always,lehmann1986,,,
14-290-184-1,goth1244,Gothic,790,manwus,StandardOrth,ready,lehmann1986,,,
14-280-184-1,goth1244,Gothic,1928,gaandjan,StandardOrth,"cease, stop",lehmann1986,,,
14-280-184-3,goth1244,Gothic,1928,sweiban,StandardOrth,"cease, stop",lehmann1986,,,
14-270-184-1,goth1244,Gothic,1766,ustiuhan,StandardOrth,finish,lehmann1986,,,
14-270-184-3,goth1244,Gothic,1766,usfulljan,StandardOrth,finish,lehmann1986,,,
14-260-184-1,goth1244,Gothic,743,andeis,StandardOrth,end (temporal),lehmann1986,,,
14-250-184-1,goth1244,Gothic,1806,duginnan,StandardOrth,"begin, beginning",lehmann1986,,,
14-250-184-3,goth1244,Gothic,1806,anastodjan,StandardOrth,"begin, beginning",lehmann1986,,,
14-250-184-5,goth1244,Gothic,1806,dustodjan,StandardOrth,"begin, beginning",lehmann1986,,,
14-250-184-7,goth1244,Gothic,1806,anastodeins,StandardOrth,"begin, beginning",lehmann1986,,,
14-250-184-9,goth1244,Gothic,1806,frumisti,StandardOrth,"begin, beginning",lehmann1986,,,
14-240-184-1,goth1244,Gothic,425,latjan,StandardOrth,"retard, delay",lehmann1986,,,
14-240-184-3,goth1244,Gothic,425,sainjan,StandardOrth,"retard, delay",lehmann1986,,,
14-230-184-1,goth1244,Gothic,754,sniumjan,StandardOrth,"hasten, hurry",lehmann1986,,,
14-230-184-3,goth1244,Gothic,754,sniwan,StandardOrth,"hasten, hurry",lehmann1986,,,
14-220-184-1,goth1244,Gothic,701,lats,StandardOrth,slow,lehmann1986,"Means 'idle, lazy'.",,
14-210-184-1,goth1244,Gothic,1631,sprauto,StandardOrth,"swift, fast, quick",lehmann1986,Adverbial form.,,
14-190-184-1,goth1244,Gothic,1963,sprauto,StandardOrth,immediately,lehmann1986,,,
14-190-184-3,goth1244,Gothic,1963,suns,StandardOrth,immediately,lehmann1986,,,
14-180-184-1,goth1244,Gothic,1376,nu,StandardOrth,now,lehmann1986,,,
14-170-184-1,goth1244,Gothic,477,seiþus,StandardOrth,late,lehmann1986,,,
14-160-184-1,goth1244,Gothic,672,air,StandardOrth,early,lehmann1986,Adverbial form.,,
14-150-184-1,goth1244,Gothic,1229,fairneis,StandardOrth,old,lehmann1986,,,
14-150-184-3,goth1244,Gothic,1229,alþeis,StandardOrth,old,lehmann1986,,,
14-150-184-5,goth1244,Gothic,1229,sineigs,StandardOrth,old,lehmann1986,,,
14-140-184-1,goth1244,Gothic,1207,juggs,StandardOrth,young,lehmann1986,,,
14-120-184-1,goth1244,Gothic,1789,alds,StandardOrth,age,lehmann1986,,,
14-130-184-1,goth1244,Gothic,1231,niujis,StandardOrth,new,lehmann1986,,,
14-110-184-1,goth1244,Gothic,892,mel,StandardOrth,time,lehmann1986,"First form means 'hour'; second form 'while, hour'. Also 'occasion' þeihs.",,
14-110-184-3,goth1244,Gothic,892,hweila,StandardOrth,time,lehmann1986,"First form means 'hour'; second form 'while, hour'. Also 'occasion' þeihs.",,
13-440-184-1,goth1244,Gothic,417,þrija sinþos,StandardOrth,three times,lehmann1986,Not attested; cf. 13.380.,,
13-420-184-1,goth1244,Gothic,1859,þridja,StandardOrth,third,lehmann1986,,,
13-380-184-1,goth1244,Gothic,1546,twai sinþos,StandardOrth,two times,lehmann1986,Lit. 'two times'.,,
13-370-184-1,goth1244,Gothic,1888,juk,StandardOrth,pair,lehmann1986,,,
13-370-184-3,goth1244,Gothic,1888,gajuk,StandardOrth,pair,lehmann1986,,,
13-360-184-1,goth1244,Gothic,1384,anþar,StandardOrth,second,lehmann1986,,,
13-350-184-1,goth1244,Gothic,1529,aftumists,StandardOrth,last,lehmann1986,,,
13-350-184-3,goth1244,Gothic,1529,spedists,StandardOrth,last,lehmann1986,,,
13-340-184-1,goth1244,Gothic,728,frumist,StandardOrth,first,lehmann1986,,,
13-340-184-3,goth1244,Gothic,728,fruma,StandardOrth,first,lehmann1986,,,
13-330-184-1,goth1244,Gothic,1580,ains,StandardOrth,"alone, only",lehmann1986,,,
13-330-184-3,goth1244,Gothic,1580,ainaha,StandardOrth,"alone, only",lehmann1986,,,
13-330-184-5,goth1244,Gothic,1580,þatainei,StandardOrth,"alone, only",lehmann1986,,,
13-240-184-1,goth1244,Gothic,816,halbs,StandardOrth,half,lehmann1986,,,
13-230-184-1,goth1244,Gothic,779,dails,StandardOrth,"part, piece",lehmann1986,,,
13-220-184-1,goth1244,Gothic,1624,laus,StandardOrth,empty,lehmann1986,,,
13-210-184-1,goth1244,Gothic,1429,fulls,StandardOrth,full,lehmann1986,,,
13-190-184-1,goth1244,Gothic,2023,managei,StandardOrth,"multitude, crowd",lehmann1986,,,
13-181-184-1,goth1244,Gothic,1241,waiht,StandardOrth,some,lehmann1986,,,
13-170-184-1,goth1244,Gothic,1242,leitil,StandardOrth,"little (quantity), few",lehmann1986,,,
13-170-184-3,goth1244,Gothic,1242,fawai,StandardOrth,"little (quantity), few",lehmann1986,,,
13-180-184-1,goth1244,Gothic,1881,ganohs,StandardOrth,enough,lehmann1986,,,
13-160-184-1,goth1244,Gothic,1992,managiza,StandardOrth,more,lehmann1986,The last form is an adverb.,,
13-160-184-3,goth1244,Gothic,1992,maizo,StandardOrth,more,lehmann1986,The last form is an adverb.,,
13-160-184-5,goth1244,Gothic,1992,mais,StandardOrth,more,lehmann1986,The last form is an adverb.,,
13-150-184-1,goth1244,Gothic,1198,manags,StandardOrth,"much, many",lehmann1986,,,
13-150-184-3,goth1244,Gothic,1198,mikils,StandardOrth,"much, many",lehmann1986,,,
13-150-184-5,goth1244,Gothic,1198,filu,StandardOrth,"much, many",lehmann1986,,,
13-140-184-1,goth1244,Gothic,98,hwazuh,StandardOrth,"every, all",lehmann1986,,,
13-140-184-3,goth1244,Gothic,98,allai,StandardOrth,"every, all",lehmann1986,,,
13-107-184-1,goth1244,Gothic,1420,garaþjan,StandardOrth,count,lehmann1986,,,
13-106-184-1,goth1244,Gothic,1843,þusundi,StandardOrth,thousand,lehmann1986,,,
13-105-184-1,goth1244,Gothic,1634,hunda,StandardOrth,hundred,lehmann1986,,,
13-104-184-1,goth1244,Gothic,1710,twai tiguns,StandardOrth,twenty,lehmann1986,,,
13-103-184-1,goth1244,Gothic,1709,fimf taihun,StandardOrth,fifteen,lehmann1986,,,
13-102-184-1,goth1244,Gothic,1707,twalif,StandardOrth,twelve,lehmann1986,,,
13-101-184-1,goth1244,Gothic,1706,ainlif,StandardOrth,eleven,lehmann1986,,,
13-100-184-1,goth1244,Gothic,1515,taihun,StandardOrth,ten,lehmann1986,,,
13-90-184-1,goth1244,Gothic,1483,niun,StandardOrth,nine,lehmann1986,,,
13-80-184-1,goth1244,Gothic,1705,ahtau,StandardOrth,eight,lehmann1986,,,
13-70-184-1,goth1244,Gothic,1704,sibun,StandardOrth,seven,lehmann1986,,,
13-60-184-1,goth1244,Gothic,1703,saihs,StandardOrth,six,lehmann1986,,,
13-50-184-1,goth1244,Gothic,493,fimf,StandardOrth,five,lehmann1986,,,
13-40-184-1,goth1244,Gothic,1500,fidwor,StandardOrth,four,lehmann1986,,,
13-20-184-1,goth1244,Gothic,1498,twai,StandardOrth,two,lehmann1986,,,
13-30-184-1,goth1244,Gothic,492,þrija,StandardOrth,three,lehmann1986,,,
13-10-184-1,goth1244,Gothic,1493,ains,StandardOrth,one,lehmann1986,,,
12-930-184-1,goth1244,Gothic,1264,maidjan,StandardOrth,change,lehmann1986,The latter means 'transform'.,,
12-930-184-3,goth1244,Gothic,1264,inmaidjan,StandardOrth,change,lehmann1986,The latter means 'transform'.,,
12-920-184-1,goth1244,Gothic,1558,ibna,StandardOrth,"like, similar",lehmann1986,,,
12-920-184-3,goth1244,Gothic,1558,galeiks,StandardOrth,"like, similar",lehmann1986,,,
12-850-184-1,goth1244,Gothic,1667,usluk,StandardOrth,hole,lehmann1986,The former means 'opening'; the latter refers to the eye of a needle.,,
12-850-184-3,goth1244,Gothic,1667,þairko,StandardOrth,hole,lehmann1986,The former means 'opening'; the latter refers to the eye of a needle.,,
12-770-184-1,goth1244,Gothic,1367,galga,StandardOrth,cross,lehmann1986,,,
12-760-184-1,goth1244,Gothic,192,waihsta,StandardOrth,corner,lehmann1986,,,
12-740-184-1,goth1244,Gothic,297,wraiqs,StandardOrth,crooked,lehmann1986,,,
12-730-184-1,goth1244,Gothic,1404,raihts,StandardOrth,straight,lehmann1986,,,
12-710-184-1,goth1244,Gothic,1633,ibns,StandardOrth,flat,lehmann1986,,,
12-670-184-1,goth1244,Gothic,1593,diups,StandardOrth,deep,lehmann1986,,,
12-620-184-1,goth1244,Gothic,1267,aggwus,StandardOrth,narrow,lehmann1986,,,
12-610-184-1,goth1244,Gothic,1243,braiþs,StandardOrth,"wide, broad",lehmann1986,,,
12-570-184-1,goth1244,Gothic,1203,laggs,StandardOrth,long,lehmann1986,,,
12-560-184-1,goth1244,Gothic,1246,leitils,StandardOrth,"small, little",lehmann1986,,,
12-560-184-3,goth1244,Gothic,1246,smals,StandardOrth,"small, little",lehmann1986,,,
12-550-184-1,goth1244,Gothic,1202,mikils,StandardOrth,"large, big",lehmann1986,,,
12-540-184-1,goth1244,Gothic,1506,mitan,StandardOrth,measure,lehmann1986,,,
12-530-184-1,goth1244,Gothic,479,wahsjan,StandardOrth,grow,lehmann1986,,,
12-460-184-1,goth1244,Gothic,1817,saggqs,StandardOrth,west,lehmann1986,,,
12-450-184-1,goth1244,Gothic,1877,austr,StandardOrth,east,lehmann1986,,,
12-430-184-1,goth1244,Gothic,1942,nehw,StandardOrth,near (adv),lehmann1986,,,
12-430-184-3,goth1244,Gothic,1942,nehwa,StandardOrth,near (adv),lehmann1986,,,
12-440-184-1,goth1244,Gothic,1406,fairra,StandardOrth,far (adv),lehmann1986,,,
12-420-184-1,goth1244,Gothic,244,hleiduma,StandardOrth,left (side),lehmann1986,,,
12-410-184-1,goth1244,Gothic,1019,taihswa,StandardOrth,right (side),lehmann1986,,,
12-370-184-1,goth1244,Gothic,1093,midjis,StandardOrth,"middle, center",lehmann1986,,,
12-360-184-1,goth1244,Gothic,682,fera,StandardOrth,side,lehmann1986,,,
12-353-184-1,goth1244,Gothic,863,skauta,StandardOrth,edge,lehmann1986,"Means 'hem, edge'.",,
12-350-184-1,goth1244,Gothic,742,andeis,StandardOrth,end,lehmann1986,,,
12-310-184-1,goth1244,Gothic,1265,hauhs,StandardOrth,high,lehmann1986,,,
12-270-184-1,goth1244,Gothic,602,filhan,StandardOrth,"hide, conceal",lehmann1986,,,
12-250-184-1,goth1244,Gothic,1046,galukan,StandardOrth,"shut, close",lehmann1986,,,
12-260-184-1,goth1244,Gothic,761,huljan,StandardOrth,cover,lehmann1986,,,
12-240-184-1,goth1244,Gothic,1156,uslukan,StandardOrth,open,lehmann1986,,,
12-232-184-1,goth1244,Gothic,1119,dailjan,StandardOrth,divide,lehmann1986,,,
12-230-184-1,goth1244,Gothic,1359,skaidan,StandardOrth,separate,lehmann1986,,,
12-220-184-1,goth1244,Gothic,1743,gawidan,StandardOrth,"join, unite",lehmann1986,,,
12-210-184-1,goth1244,Gothic,7,lisan,StandardOrth,"collect, gather",lehmann1986,,,
12-170-184-1,goth1244,Gothic,838,laiba,StandardOrth,"remains, left overs",lehmann1986,,,
12-160-184-1,goth1244,Gothic,987,beidan,StandardOrth,"remain, stay",lehmann1986,,,
12-160-184-3,goth1244,Gothic,987,wisan,StandardOrth,"remain, stay",lehmann1986,,,
12-160-184-5,goth1244,Gothic,987,saljan,StandardOrth,"remain, stay",lehmann1986,,,
12-150-184-1,goth1244,Gothic,1442,standan,StandardOrth,stand,lehmann1986,,,
12-140-184-1,goth1244,Gothic,215,ligan,StandardOrth,lie down,lehmann1986,,,
12-130-184-1,goth1244,Gothic,1416,sitan,StandardOrth,sit,lehmann1986,,,
12-120-184-1,goth1244,Gothic,998,satjan,StandardOrth,put,lehmann1986,,,
12-120-184-3,goth1244,Gothic,998,lagjan,StandardOrth,put,lehmann1986,,,
12-110-184-1,goth1244,Gothic,723,staþs,StandardOrth,place,lehmann1986,,,
12-80-184-1,goth1244,Gothic,1591,ana,StandardOrth,"up, above",lehmann1986,,,
12-70-184-1,goth1244,Gothic,1485,undar,StandardOrth,under,lehmann1986,,,
12-70-184-3,goth1244,Gothic,1485,undaro,StandardOrth,under,lehmann1986,,,
12-60-184-1,goth1244,Gothic,762,uta,StandardOrth,outside,lehmann1986,,,
12-50-184-1,goth1244,Gothic,1606,in,StandardOrth,"inside, in",lehmann1986,,,
12-50-184-3,goth1244,Gothic,1606,inna,StandardOrth,"inside, in",lehmann1986,,,
12-40-184-1,goth1244,Gothic,1882,faur,StandardOrth,before,lehmann1986,,,
12-40-184-3,goth1244,Gothic,1882,faura,StandardOrth,before,lehmann1986,,,
12-30-184-1,goth1244,Gothic,2094,dalaþa,StandardOrth,"down, below",lehmann1986,,,
12-30-184-3,goth1244,Gothic,2094,undaro,StandardOrth,"down, below",lehmann1986,,,
12-11-184-1,goth1244,Gothic,1686,afar,StandardOrth,behind,lehmann1986,,,
12-11-184-3,goth1244,Gothic,1686,hindana,StandardOrth,behind,lehmann1986,,,
12-11-184-5,goth1244,Gothic,1686,hindar,StandardOrth,behind,lehmann1986,,,
12-10-184-1,goth1244,Gothic,1685,afar,StandardOrth,after,lehmann1986,Latter means 'afterward'.,,
12-10-184-3,goth1244,Gothic,1685,biþe,StandardOrth,after,lehmann1986,Latter means 'afterward'.,,
11-910-184-1,goth1244,Gothic,884,dailjan,StandardOrth,share (distribute),lehmann1986,,,
11-910-184-3,goth1244,Gothic,884,disdailjan,StandardOrth,share (distribute),lehmann1986,,,
11-910-184-5,goth1244,Gothic,884,fradailjan,StandardOrth,share (distribute),lehmann1986,,,
11-880-184-1,goth1244,Gothic,1426,galaufs,StandardOrth,"dear (costly, expensive)",lehmann1986,,,
11-870-184-1,goth1244,Gothic,657,wairþ,StandardOrth,price,lehmann1986,,,
11-870-184-3,goth1244,Gothic,657,andawairþi,StandardOrth,price,lehmann1986,,,
11-850-184-1,goth1244,Gothic,633,maþl,StandardOrth,market (place),lehmann1986,,,
11-830-184-1,goth1244,Gothic,2135,kaupon,StandardOrth,"trade, barter",lehmann1986,,,
11-820-184-1,goth1244,Gothic,1571,frabugjan,StandardOrth,sell,lehmann1986,,,
11-810-184-1,goth1244,Gothic,1869,bugjan,StandardOrth,buy,lehmann1986,,,
11-780-184-1,goth1244,Gothic,1122,mizdo,StandardOrth,wages,lehmann1986,,,
11-780-184-3,goth1244,Gothic,1122,laun,StandardOrth,wages,lehmann1986,,,
11-690-184-1,goth1244,Gothic,873,gild,StandardOrth,"tax, tribute",lehmann1986,gabaur also means 'contribution'.,,
11-690-184-3,goth1244,Gothic,873,gilstr,StandardOrth,"tax, tribute",lehmann1986,gabaur also means 'contribution'.,,
11-690-184-5,goth1244,Gothic,873,gabaur,StandardOrth,"tax, tribute",lehmann1986,gabaur also means 'contribution'.,,
11-660-184-1,goth1244,Gothic,1081,raþjo,StandardOrth,"account, reckoning",lehmann1986,,,
11-650-184-1,goth1244,Gothic,718,-gildan,StandardOrth,pay (vb),lehmann1986,,,
11-640-184-1,goth1244,Gothic,1914,dulgs,StandardOrth,debt,lehmann1986,,,
11-630-184-1,goth1244,Gothic,369,skulan,StandardOrth,owe,lehmann1986,,,
11-620-184-1,goth1244,Gothic,1823,leihwan sis,StandardOrth,borrow,lehmann1986,,,
11-610-184-1,goth1244,Gothic,582,leihwan,StandardOrth,lend,lehmann1986,,,
11-540-184-1,goth1244,Gothic,1774,faihufriks,StandardOrth,"avaricious, stingy",lehmann1986,,,
11-540-184-3,goth1244,Gothic,1774,faihugairns,StandardOrth,"avaricious, stingy",lehmann1986,,,
11-530-184-1,goth1244,Gothic,1934,bidagwa,StandardOrth,beggar,lehmann1986,,,
11-520-184-1,goth1244,Gothic,1674,unleds,StandardOrth,poor,lehmann1986,,,
11-510-184-1,goth1244,Gothic,712,gabigs,StandardOrth,rich,lehmann1986,,,
11-440-184-1,goth1244,Gothic,1867,skatts,StandardOrth,coin,lehmann1986,,,
11-430-184-1,goth1244,Gothic,1559,skatts,StandardOrth,money,lehmann1986,,,
11-430-184-3,goth1244,Gothic,1559,faihu,StandardOrth,money,lehmann1986,,,
11-340-184-1,goth1244,Gothic,1095,fraletan,StandardOrth,"release, let go",lehmann1986,,,
11-340-184-3,goth1244,Gothic,1095,lausjan,StandardOrth,"release, let go",lehmann1986,,,
11-330-184-1,goth1244,Gothic,1660,fraliusan,StandardOrth,lose,lehmann1986,,,
11-320-184-1,goth1244,Gothic,719,bigitan,StandardOrth,find,lehmann1986,,,
11-310-184-1,goth1244,Gothic,1468,sokjan,StandardOrth,"seek, look for",lehmann1986,,,
11-280-184-1,goth1244,Gothic,44,gaskaþjan,StandardOrth,"harm, injure, damage",lehmann1986,,,
11-280-184-3,goth1244,Gothic,44,gasleiþjan,StandardOrth,"harm, injure, damage",lehmann1986,,,
11-270-184-1,goth1244,Gothic,681,fraqistjan,StandardOrth,destroy,lehmann1986,,,
11-250-184-1,goth1244,Gothic,2008,nasjan,StandardOrth,"save, rescue",lehmann1986,,,
11-240-184-1,goth1244,Gothic,1997,bairgan,StandardOrth,"preserve, look after",lehmann1986,,,
11-240-184-3,goth1244,Gothic,1997,gafastan,StandardOrth,"preserve, look after",lehmann1986,,,
11-220-184-1,goth1244,Gothic,85,at-giban,StandardOrth,give back,lehmann1986,,,
11-210-184-1,goth1244,Gothic,1447,giban,StandardOrth,give,lehmann1986,,,
11-180-184-1,goth1244,Gothic,738,waihts,StandardOrth,thing,lehmann1986,,,
11-170-184-1,goth1244,Gothic,1477,fastan,StandardOrth,"keep, retain",lehmann1986,,,
11-160-184-1,goth1244,Gothic,694,gastaldan,StandardOrth,"get, obtain",lehmann1986,Means 'gain'.,,
11-150-184-1,goth1244,Gothic,1448,haban,StandardOrth,hold,lehmann1986,,,
11-140-184-1,goth1244,Gothic,2021,fahan,StandardOrth,"seize, grasp",lehmann1986,,,
11-140-184-3,goth1244,Gothic,2021,greipan,StandardOrth,"seize, grasp",lehmann1986,,,
11-130-184-1,goth1244,Gothic,1749,niman,StandardOrth,take,lehmann1986,,,
11-120-184-1,goth1244,Gothic,684,gastaldan,StandardOrth,"own, possess",lehmann1986,,,
11-120-184-3,goth1244,Gothic,684,aigan,StandardOrth,"own, possess",lehmann1986,,,
11-110-184-1,goth1244,Gothic,773,haban,StandardOrth,have,lehmann1986,,,
11-110-184-3,goth1244,Gothic,773,aigan,StandardOrth,have,lehmann1986,,,
10-830-184-1,goth1244,Gothic,1844,skip,StandardOrth,boat,lehmann1986,,,
10-810-184-1,goth1244,Gothic,740,skip,StandardOrth,ship,lehmann1986,,,
10-780-184-1,goth1244,Gothic,14,yukuzi,StandardOrth,yoke,lehmann1986,,,
10-720-184-1,goth1244,Gothic,2252,staiga,StandardOrth,path,lehmann1986,,,
10-710-184-1,goth1244,Gothic,667,wigs,StandardOrth,road,lehmann1986,,,
10-670-184-1,goth1244,Gothic,1452,afskiuban,StandardOrth,"push, shove",lehmann1986,,,
10-650-184-1,goth1244,Gothic,741,dreiban,StandardOrth,drive,lehmann1986,,,
10-650-184-3,goth1244,Gothic,741,draibjan,StandardOrth,drive,lehmann1986,,,
10-640-184-1,goth1244,Gothic,43,tiuhan,StandardOrth,lead (vb),lehmann1986,,,
10-630-184-1,goth1244,Gothic,1127,sandjan,StandardOrth,send,lehmann1986,,,
10-620-184-1,goth1244,Gothic,692,briggan,StandardOrth,bring,lehmann1986,,,
10-610-184-1,goth1244,Gothic,700,bairan,StandardOrth,carry (bear),lehmann1986,,,
10-570-184-1,goth1244,Gothic,749,galeiþan,StandardOrth,enter,lehmann1986,,,
10-570-184-3,goth1244,Gothic,749,inngangan,StandardOrth,enter,lehmann1986,,,
10-570-184-5,goth1244,Gothic,749,innatgaggan,StandardOrth,enter,lehmann1986,,,
10-560-184-1,goth1244,Gothic,1778,nehwa qiman,StandardOrth,approach,lehmann1986,Means 'come near'.,,
10-550-184-1,goth1244,Gothic,1387,anaqiman,StandardOrth,"reach, arrive",lehmann1986,,,
10-530-184-1,goth1244,Gothic,1047,wrikan,StandardOrth,pursue,lehmann1986,,,
10-520-184-1,goth1244,Gothic,1085,laistjan,StandardOrth,follow,lehmann1986,,,
10-510-184-1,goth1244,Gothic,956,þliuhan,StandardOrth,flee,lehmann1986,,,
10-490-184-1,goth1244,Gothic,1752,afleiþan,StandardOrth,"go away, depart",lehmann1986,,,
10-490-184-3,goth1244,Gothic,1752,usgaggan,StandardOrth,"go away, depart",lehmann1986,,,
10-481-184-1,goth1244,Gothic,581,atwandjan (sik),StandardOrth,come back,lehmann1986,,,
10-480-184-1,goth1244,Gothic,1446,qiman,StandardOrth,come,lehmann1986,,,
10-474-184-1,goth1244,Gothic,1107,utgaggan,StandardOrth,go out,lehmann1986,,,
10-473-184-1,goth1244,Gothic,2014,atsteigan,StandardOrth,go down,lehmann1986,,,
10-472-184-1,goth1244,Gothic,1102,steigan,StandardOrth,climb,lehmann1986,,,
10-470-184-1,goth1244,Gothic,695,gaggan,StandardOrth,go,lehmann1986,,,
10-470-184-3,goth1244,Gothic,695,-leiþan,StandardOrth,go,lehmann1986,,,
10-471-184-1,goth1244,Gothic,705,ufarsteigan,StandardOrth,go up,lehmann1986,,,
10-471-184-3,goth1244,Gothic,705,ussteigan,StandardOrth,go up,lehmann1986,,,
10-460-184-1,goth1244,Gothic,1519,rinnan,StandardOrth,run,lehmann1986,,,
10-460-184-3,goth1244,Gothic,1519,þragjan,StandardOrth,run,lehmann1986,,,
10-450-184-1,goth1244,Gothic,1443,gaggan,StandardOrth,walk,lehmann1986,,,
10-440-184-1,goth1244,Gothic,1879,plinsjan,StandardOrth,dance,lehmann1986,,,
10-430-184-1,goth1244,Gothic,1829,-hlaupan,StandardOrth,"jump, leap",lehmann1986,,,
10-420-184-1,goth1244,Gothic,1324,sliupan,StandardOrth,"slide, slip",lehmann1986,Means 'slip into'.,,
10-412-184-1,goth1244,Gothic,66,knussjan,StandardOrth,kneel,lehmann1986,,,
10-380-184-1,goth1244,Gothic,175,waian,StandardOrth,blow,lehmann1986,,,
10-380-184-3,goth1244,Gothic,175,-blesan,StandardOrth,blow,lehmann1986,,,
10-360-184-1,goth1244,Gothic,787,farjan,StandardOrth,sail (vb),lehmann1986,,,
10-330-184-1,goth1244,Gothic,1088,sigqan,StandardOrth,sink,lehmann1986,Respectively: intransitive; transitive.,,
10-330-184-3,goth1244,Gothic,1088,sagqan,StandardOrth,sink,lehmann1986,Respectively: intransitive; transitive.,,
10-320-184-1,goth1244,Gothic,2003,rinnan,StandardOrth,flow,lehmann1986,,,
10-260-184-1,goth1244,Gothic,1909,gawigan,StandardOrth,shake,lehmann1986,,,
10-260-184-3,goth1244,Gothic,1909,afhrisjan,StandardOrth,shake,lehmann1986,,,
10-250-184-1,goth1244,Gothic,1456,wairpan,StandardOrth,throw,lehmann1986,,,
10-230-184-1,goth1244,Gothic,1280,driusan,StandardOrth,fall,lehmann1986,,,
10-220-184-1,goth1244,Gothic,501,hafjan,StandardOrth,"raise, lift",lehmann1986,,,
10-210-184-1,goth1244,Gothic,568,wreisan,StandardOrth,rise,lehmann1986,,,
10-210-184-3,goth1244,Gothic,568,usstandan,StandardOrth,rise,lehmann1986,,,
10-170-184-1,goth1244,Gothic,430,inwandjan,StandardOrth,twist,lehmann1986,,,
10-160-184-1,goth1244,Gothic,808,afdrausjan,StandardOrth,drop (vb),lehmann1986,Means 'throw down'.,,
10-150-184-1,goth1244,Gothic,827,-walwjan,StandardOrth,roll,lehmann1986,,,
10-150-184-3,goth1244,Gothic,827,waltan,StandardOrth,roll,lehmann1986,,,
10-140-184-1,goth1244,Gothic,1113,-windan,StandardOrth,"wind, wrap",lehmann1986,,,
10-120-184-1,goth1244,Gothic,1588,wandjan,StandardOrth,turn over,lehmann1986,Means 'turn'.,,
10-110-184-1,goth1244,Gothic,765,wagjan,StandardOrth,move,lehmann1986,"Respectively: 'shake'; 'shake, wag'.",,
10-110-184-3,goth1244,Gothic,765,wiþon,StandardOrth,move,lehmann1986,"Respectively: 'shake'; 'shake, wag'.",,
9-830-184-1,goth1244,Gothic,1002,manleika,StandardOrth,statue,lehmann1986,Means 'image'.,,
9-760-184-1,goth1244,Gothic,1539,tainjo,StandardOrth,basket,lehmann1986,,,
9-760-184-3,goth1244,Gothic,1539,snorjo,StandardOrth,basket,lehmann1986,,,
9-750-184-1,goth1244,Gothic,1729,uswindan,StandardOrth,"weave, plait",lehmann1986,,,
9-730-184-1,goth1244,Gothic,1399,þaho,StandardOrth,clay,lehmann1986,,,
9-720-184-1,goth1244,Gothic,289,digan,StandardOrth,mold (clay etc),lehmann1986,,,
9-710-184-1,goth1244,Gothic,359,kasja,StandardOrth,potter,lehmann1986,,,
9-670-184-1,goth1244,Gothic,621,eisarn,StandardOrth,iron,lehmann1986,,,
9-660-184-1,goth1244,Gothic,1825,aiz,StandardOrth,"copper, bronze",lehmann1986,,,
9-650-184-1,goth1244,Gothic,759,silubr,StandardOrth,silver,lehmann1986,,,
9-640-184-1,goth1244,Gothic,1369,gulþ,StandardOrth,gold,lehmann1986,,,
9-600-184-1,goth1244,Gothic,1001,aizasmiþa,StandardOrth,"smith, blacksmith",lehmann1986,,,
9-440-184-1,goth1244,Gothic,1840,timrjan,StandardOrth,build,lehmann1986,,,
9-430-184-1,goth1244,Gothic,1042,timrja,StandardOrth,carpenter,lehmann1986,,,
9-360-184-1,goth1244,Gothic,1453,þwahan,StandardOrth,wash,lehmann1986,,,
9-370-184-1,goth1244,Gothic,230,usbaugjan,StandardOrth,sweep,lehmann1986,,,
9-350-184-1,goth1244,Gothic,1487,giutan,StandardOrth,pour,lehmann1986,,,
9-342-184-1,goth1244,Gothic,1913,þreihan,StandardOrth,press,lehmann1986,,,
9-340-184-1,goth1244,Gothic,38,straujan,StandardOrth,spread out,lehmann1986,,,
9-330-184-1,goth1244,Gothic,1455,atþinsan,StandardOrth,pull,lehmann1986,,,
9-320-184-1,goth1244,Gothic,214,ufþanjan,StandardOrth,stretch,lehmann1986,,,
9-310-184-1,goth1244,Gothic,1449,bnauan,StandardOrth,"rub, wipe",lehmann1986,,,
9-280-184-1,goth1244,Gothic,1735,tahjan,StandardOrth,tear,lehmann1986,,,
9-280-184-3,goth1244,Gothic,1735,distairan,StandardOrth,tear,lehmann1986,,,
9-261-184-1,goth1244,Gothic,588,gabrukans,StandardOrth,broken,lehmann1986,,,
9-260-184-1,goth1244,Gothic,680,brikan,StandardOrth,break,lehmann1986,,,
9-250-184-1,goth1244,Gothic,677,aqizi,StandardOrth,ax,lehmann1986,,,
9-221-184-1,goth1244,Gothic,355,afmaitan,StandardOrth,cut down,lehmann1986,,,
9-221-184-3,goth1244,Gothic,355,usmaitan,StandardOrth,cut down,lehmann1986,,,
9-220-184-1,goth1244,Gothic,1432,maitan,StandardOrth,cut,lehmann1986,,,
9-220-184-3,goth1244,Gothic,1432,sneiþan,StandardOrth,cut,lehmann1986,,,
9-210-184-1,goth1244,Gothic,2133,slahan,StandardOrth,"strike (hit, beat)",lehmann1986,,,
9-210-184-3,goth1244,Gothic,2133,stautan,StandardOrth,"strike (hit, beat)",lehmann1986,,,
9-210-184-5,goth1244,Gothic,2133,bliggwan,StandardOrth,"strike (hit, beat)",lehmann1986,,,
9-180-184-1,goth1244,Gothic,1627,naudibandi,StandardOrth,chain,lehmann1986,,,
9-180-184-3,goth1244,Gothic,1627,eisarnabandi,StandardOrth,chain,lehmann1986,,,
9-160-184-1,goth1244,Gothic,1917,bindan,StandardOrth,"tie, bind",lehmann1986,,,
9-150-184-1,goth1244,Gothic,1470,falþan,StandardOrth,fold,lehmann1986,,,
9-140-184-1,goth1244,Gothic,2004,biugan,StandardOrth,bend,lehmann1986,,,
9-120-184-1,goth1244,Gothic,984,arbaidjan,StandardOrth,work,lehmann1986,,,
9-110-184-1,goth1244,Gothic,2575,taujan,StandardOrth,"do, make",lehmann1986,,,
9-110-184-3,goth1244,Gothic,2575,waurkjan,StandardOrth,"do, make",lehmann1986,,,
8-810-184-1,goth1244,Gothic,1181,peika bagms,StandardOrth,palm tree,lehmann1986,,,
8-670-184-1,goth1244,Gothic,343,weina triu,StandardOrth,vine,lehmann1986,,,
8-600-184-1,goth1244,Gothic,906,bagms,StandardOrth,tree,lehmann1986,,,
8-600-184-3,goth1244,Gothic,906,triu,StandardOrth,tree,lehmann1986,,,
8-570-184-1,goth1244,Gothic,239,bloma,StandardOrth,flower,lehmann1986,,,
8-560-184-1,goth1244,Gothic,628,laufs,StandardOrth,leaf,lehmann1986,,,
8-550-184-1,goth1244,Gothic,1531,asts,StandardOrth,branch,lehmann1986,,,
8-540-184-1,goth1244,Gothic,670,waurts,StandardOrth,root,lehmann1986,,,
8-520-184-1,goth1244,Gothic,342,hawi,StandardOrth,hay,lehmann1986,,,
8-510-184-1,goth1244,Gothic,606,hawi,StandardOrth,grass,lehmann1986,,,
8-430-184-1,goth1244,Gothic,1077,hwaiteis,StandardOrth,wheat,lehmann1986,,,
8-440-184-1,goth1244,Gothic,932,bairizeins,StandardOrth,barley,lehmann1986,Adjective form.,,
8-420-184-1,goth1244,Gothic,605,kaurn,StandardOrth,"grain (barley, oats etc)",lehmann1986,,,
8-410-184-1,goth1244,Gothic,611,akran,StandardOrth,"crop, harvest",lehmann1986,,,
8-410-184-3,goth1244,Gothic,611,asans,StandardOrth,"crop, harvest",lehmann1986,,,
8-350-184-1,goth1244,Gothic,223,gaþrask,StandardOrth,threshing-floor,lehmann1986,,,
8-340-184-1,goth1244,Gothic,285,þriskan,StandardOrth,thresh,lehmann1986,,,
8-330-184-1,goth1244,Gothic,2132,gilþa,StandardOrth,"sickle, scythe",lehmann1986,,,
8-320-184-1,goth1244,Gothic,190,sneiþan,StandardOrth,"mow, reap",lehmann1986,,,
8-311-184-1,goth1244,Gothic,714,fraiw,StandardOrth,seed,lehmann1986,,,
8-310-184-1,goth1244,Gothic,748,saian,StandardOrth,sow,lehmann1986,,,
8-240-184-1,goth1244,Gothic,1901,-skauro,StandardOrth,shovel,lehmann1986,Refers to 'winnowing shovel'.,,
8-240-184-3,goth1244,Gothic,1901,(winþi-)skauro,StandardOrth,shovel,lehmann1986,Refers to 'winnowing shovel'.,,
8-220-184-1,goth1244,Gothic,1418,graban,StandardOrth,dig,lehmann1986,,,
8-210-184-1,goth1244,Gothic,1921,arjan,StandardOrth,plow,lehmann1986,,,
8-170-184-1,goth1244,Gothic,2002,graba,StandardOrth,ditch,lehmann1986,Means 'rampart'.,,
8-160-184-1,goth1244,Gothic,1690,faþa,StandardOrth,fence,lehmann1986,"Means 'hedge, dividing wall'.",,
8-130-184-1,goth1244,Gothic,586,aurtigards,StandardOrth,garden,lehmann1986,,,
8-120-184-1,goth1244,Gothic,212,akrs,StandardOrth,field (for cultivation),lehmann1986,,,
8-110-184-1,goth1244,Gothic,979,airþos waurstwa,StandardOrth,farmer,lehmann1986,Lit. 'soil worker'.,,
7-620-184-1,goth1244,Gothic,1006,skalja,StandardOrth,brick,lehmann1986,Means 'tile'.,,
7-570-184-1,goth1244,Gothic,1227,-baurd,StandardOrth,board,lehmann1986,,,
7-550-184-1,goth1244,Gothic,1132,ans,StandardOrth,beam,lehmann1986,,,
7-510-184-1,goth1244,Gothic,769,hrot,StandardOrth,roof,lehmann1986,,,
7-450-184-1,goth1244,Gothic,2131,lukarn,StandardOrth,"lamp, torch",lehmann1986,,,
7-440-184-1,goth1244,Gothic,1775,biuþs,StandardOrth,table,lehmann1986,,,
7-440-184-3,goth1244,Gothic,1775,mes,StandardOrth,table,lehmann1986,,,
7-430-184-1,goth1244,Gothic,1476,sitls,StandardOrth,chair,lehmann1986,stols refers to a 'throne'.,,
7-430-184-3,goth1244,Gothic,1476,stols,StandardOrth,chair,lehmann1986,stols refers to a 'throne'.,,
7-420-184-1,goth1244,Gothic,1663,ligrs,StandardOrth,bed,lehmann1986,,,
7-420-184-3,goth1244,Gothic,1663,badi,StandardOrth,bed,lehmann1986,,,
7-270-184-1,goth1244,Gothic,933,-waddjus,StandardOrth,wall,lehmann1986,Second member of compound.,,
7-250-184-1,goth1244,Gothic,1375,auga-dauro,StandardOrth,window,lehmann1986,,,
7-220-184-1,goth1244,Gothic,1567,daur,StandardOrth,"door, gate",lehmann1986,,,
7-220-184-3,goth1244,Gothic,1567,haurds,StandardOrth,"door, gate",lehmann1986,,,
7-150-184-1,goth1244,Gothic,736,rohsns,StandardOrth,"yard, court",lehmann1986,,,
7-150-184-3,goth1244,Gothic,736,gards,StandardOrth,"yard, court",lehmann1986,,,
7-140-184-1,goth1244,Gothic,1316,hleiþra,StandardOrth,tent,lehmann1986,,,
7-140-184-3,goth1244,Gothic,1316,hlija,StandardOrth,tent,lehmann1986,,,
7-120-184-1,goth1244,Gothic,1252,gards,StandardOrth,house,lehmann1986,,,
7-120-184-3,goth1244,Gothic,1252,razn,StandardOrth,house,lehmann1986,,,
7-110-184-1,goth1244,Gothic,363,bauan,StandardOrth,"dwell, live",lehmann1986,,,
6-960-184-1,goth1244,Gothic,1171,skuggwa,StandardOrth,mirror,lehmann1986,,,
6-940-184-1,goth1244,Gothic,1926,salbons,StandardOrth,ointment,lehmann1986,,,
6-921-184-1,goth1244,Gothic,333,flahto,StandardOrth,braid,lehmann1986,,,
6-730-184-1,goth1244,Gothic,1374,figgragulþ,StandardOrth,ring (for finger),lehmann1986,,,
6-570-184-1,goth1244,Gothic,772,gairda,StandardOrth,"belt, girdle",lehmann1986,,,
6-510-184-1,goth1244,Gothic,1381,skohs,StandardOrth,shoe,lehmann1986,,,
6-430-184-1,goth1244,Gothic,603,paida,StandardOrth,coat,lehmann1986,,,
6-410-184-1,goth1244,Gothic,326,wasti,StandardOrth,cloak,lehmann1986,"First form means 'garment, raiment'; latter forms mean 'cloak'. Also see 'clothing' 06.120.",,
6-410-184-3,goth1244,Gothic,326,hakuls,StandardOrth,cloak,lehmann1986,"First form means 'garment, raiment'; latter forms mean 'cloak'. Also see 'clothing' 06.120.",,
6-410-184-5,goth1244,Gothic,326,snage,StandardOrth,cloak,lehmann1986,"First form means 'garment, raiment'; latter forms mean 'cloak'. Also see 'clothing' 06.120.",,
6-360-184-1,goth1244,Gothic,1382,neþla,StandardOrth,needle,lehmann1986,,,
6-350-184-1,goth1244,Gothic,1457,siujan,StandardOrth,sew,lehmann1986,,,
6-310-184-1,goth1244,Gothic,121,spinnan,StandardOrth,spin,lehmann1986,,,
6-290-184-1,goth1244,Gothic,629,filleins,StandardOrth,leather,lehmann1986,Adjective form.,,
6-230-184-1,goth1244,Gothic,916,lein,StandardOrth,"linen, flax",lehmann1986,,,
6-220-184-1,goth1244,Gothic,964,wulla,StandardOrth,wool,lehmann1986,,,
6-210-184-1,goth1244,Gothic,1616,fana,StandardOrth,cloth,lehmann1986,,,
6-120-184-1,goth1244,Gothic,1895,wasjos,StandardOrth,"clothing, clothes",lehmann1986,,,
6-120-184-3,goth1244,Gothic,1895,gafeteins,StandardOrth,"clothing, clothes",lehmann1986,,,
6-120-184-5,goth1244,Gothic,1895,gawaseins,StandardOrth,"clothing, clothes",lehmann1986,,,
6-120-184-7,goth1244,Gothic,1895,gaskadweins,StandardOrth,"clothing, clothes",lehmann1986,,,
6-110-184-1,goth1244,Gothic,158,wasjan,StandardOrth,put on (clothes),lehmann1986,,,
5-970-184-1,goth1244,Gothic,744,ada,StandardOrth,egg,lehmann1986,Crimean Gothic.,,
5-920-184-1,goth1244,Gothic,1524,wein,StandardOrth,wine,lehmann1986,,,
5-910-184-1,goth1244,Gothic,941,midus,StandardOrth,mead,lehmann1986,Inferred from a Greek transcription.,,
5-860-184-1,goth1244,Gothic,635,miluks,StandardOrth,milk (noun),lehmann1986,,,
5-840-184-1,goth1244,Gothic,942,miliþ,StandardOrth,honey,lehmann1986,,,
5-810-184-1,goth1244,Gothic,1274,salt,StandardOrth,salt,lehmann1986,,,
5-790-184-1,goth1244,Gothic,1484,alew,StandardOrth,oil,lehmann1986,,,
5-780-184-1,goth1244,Gothic,1154,alewabagms,StandardOrth,olive,lehmann1986,Means 'olive tree'.,,
5-760-184-1,goth1244,Gothic,920,weinabasi,StandardOrth,grape,lehmann1986,,,
5-750-184-1,goth1244,Gothic,322,smakka,StandardOrth,fig,lehmann1986,,,
5-650-184-1,goth1244,Gothic,924,gras,StandardOrth,vegetables,lehmann1986,,,
5-610-184-1,goth1244,Gothic,634,mimz,StandardOrth,meat,lehmann1986,,,
5-570-184-1,goth1244,Gothic,636,asilu-qairnus,StandardOrth,mill,lehmann1986,,,
5-560-184-1,goth1244,Gothic,1033,malan,StandardOrth,"crush, grind",lehmann1986,,,
5-540-184-1,goth1244,Gothic,274,digan,StandardOrth,knead,lehmann1986,,,
5-540-184-3,goth1244,Gothic,274,gadigan,StandardOrth,knead,lehmann1986,,,
5-530-184-1,goth1244,Gothic,273,daigs,StandardOrth,dough,lehmann1986,,,
5-510-184-1,goth1244,Gothic,1368,hlaifs,StandardOrth,bread,lehmann1986,,,
5-490-184-1,goth1244,Gothic,2017,blandan,StandardOrth,"stir, mix",lehmann1986,,,
5-450-184-1,goth1244,Gothic,1833,nahta-mats,StandardOrth,supper,lehmann1986,Means 'evening meal'.,,
5-440-184-1,goth1244,Gothic,1833,undaurni-mats,StandardOrth,dinner,lehmann1986,Means 'midday meal'.,,
5-430-184-1,goth1244,Gothic,768,undaurni-mats,StandardOrth,lunch,lehmann1986,Means 'midday meal'.,,
5-410-184-1,goth1244,Gothic,1526,mats,StandardOrth,meal (a),lehmann1986,Latter form means 'feast'.,,
5-410-184-3,goth1244,Gothic,1526,dauhts,StandardOrth,meal (a),lehmann1986,Latter form means 'feast'.,,
5-350-184-1,goth1244,Gothic,476,stikls,StandardOrth,"cup, drinking vessel",lehmann1986,Means 'beaker'.,,
5-320-184-1,goth1244,Gothic,480,mes,StandardOrth,plate,lehmann1986,Refers to 'platter'.,,
5-310-184-1,goth1244,Gothic,481,mes,StandardOrth,dish,lehmann1986,,,
5-260-184-1,goth1244,Gothic,1462,aurkeis,StandardOrth,"pot, cooking vessel",lehmann1986,,,
5-260-184-3,goth1244,Gothic,1462,kas,StandardOrth,"pot, cooking vessel",lehmann1986,,,
5-270-184-1,goth1244,Gothic,854,katils,StandardOrth,kettle,lehmann1986,,,
5-250-184-1,goth1244,Gothic,1143,auhns,StandardOrth,oven,lehmann1986,,,
5-190-184-1,goth1244,Gothic,129,afhwapjan,StandardOrth,choke,lehmann1986,Respectively: transitive; intransitive.,,
5-190-184-3,goth1244,Gothic,129,afhwapnan,StandardOrth,choke,lehmann1986,Respectively: transitive; intransitive.,,
5-181-184-1,goth1244,Gothic,897,fraslindan,StandardOrth,swallow,lehmann1986,"Mean 'swallow up, devour'.",,
5-150-184-1,goth1244,Gothic,848,þaurstei,StandardOrth,thirst,lehmann1986,,,
5-141-184-1,goth1244,Gothic,199,huhrus,StandardOrth,famine,lehmann1986,,,
5-140-184-1,goth1244,Gothic,1864,huhrus,StandardOrth,hunger,lehmann1986,,,
5-140-184-3,goth1244,Gothic,1864,gredus,StandardOrth,hunger,lehmann1986,,,
5-130-184-1,goth1244,Gothic,1401,drigkan,StandardOrth,drink,lehmann1986,,,
5-125-184-1,goth1244,Gothic,1728,fuls,StandardOrth,rotten,lehmann1986,,,
5-120-184-1,goth1244,Gothic,256,mats,StandardOrth,food,lehmann1986,,,
5-120-184-3,goth1244,Gothic,256,fodeins,StandardOrth,food,lehmann1986,,,
5-110-184-1,goth1244,Gothic,1336,itan,StandardOrth,eat,lehmann1986,,,
5-110-184-3,goth1244,Gothic,1336,matjan,StandardOrth,eat,lehmann1986,,,
4-990-184-1,goth1244,Gothic,590,naqaþs,StandardOrth,"naked, bare",lehmann1986,,,
4-970-184-1,goth1244,Gothic,1653,blinds,StandardOrth,blind,lehmann1986,,,
4-980-184-1,goth1244,Gothic,1463,drugkans,StandardOrth,intoxicated,lehmann1986,wein-drugkja is 'drunkard'.,,
4-960-184-1,goth1244,Gothic,1666,dumbs,StandardOrth,mute,lehmann1986,,,
4-960-184-3,goth1244,Gothic,1666,bauþs,StandardOrth,mute,lehmann1986,,,
4-950-184-1,goth1244,Gothic,996,bauþs,StandardOrth,deaf,lehmann1986,,,
4-940-184-1,goth1244,Gothic,320,halts,StandardOrth,lame,lehmann1986,,,
4-920-184-1,goth1244,Gothic,1564,lats,StandardOrth,lazy,lehmann1986,,,
4-912-184-1,goth1244,Gothic,168,gahweilan sik,StandardOrth,rest,lehmann1986,,,
4-910-184-1,goth1244,Gothic,1757,afmauiþs,StandardOrth,"tired, weary",lehmann1986,,,
4-890-184-1,goth1244,Gothic,655,lubja-leis,StandardOrth,poison,lehmann1986,"Means 'knowing drugs, poison'.",,
4-870-184-1,goth1244,Gothic,597,lekeis,StandardOrth,physician,lehmann1986,,,
4-860-184-1,goth1244,Gothic,499,hailjan,StandardOrth,"cure, heal",lehmann1986,,,
4-860-184-3,goth1244,Gothic,499,lekinon,StandardOrth,"cure, heal",lehmann1986,,,
4-850-184-1,goth1244,Gothic,1109,banja,StandardOrth,"wound, sore",lehmann1986,,,
4-841-184-1,goth1244,Gothic,1534,brinno,StandardOrth,fever,lehmann1986,,,
4-841-184-3,goth1244,Gothic,1534,heito,StandardOrth,fever,lehmann1986,,,
4-840-184-1,goth1244,Gothic,1847,siuks,StandardOrth,"sick, sickness",lehmann1986,,,
4-840-184-3,goth1244,Gothic,1847,siukei,StandardOrth,"sick, sickness",lehmann1986,,,
4-840-184-5,goth1244,Gothic,1847,sauhts,StandardOrth,"sick, sickness",lehmann1986,,,
4-830-184-1,goth1244,Gothic,1364,hails,StandardOrth,"well, health",lehmann1986,,,
4-820-184-1,goth1244,Gothic,1601,lasiws,StandardOrth,weak,lehmann1986,,,
4-810-184-1,goth1244,Gothic,785,swinþs,StandardOrth,"strong, mighty, powerful",lehmann1986,,,
4-810-184-3,goth1244,Gothic,785,mahteigs,StandardOrth,"strong, mighty, powerful",lehmann1986,,,
4-810-184-5,goth1244,Gothic,785,abrs,StandardOrth,"strong, mighty, powerful",lehmann1986,,,
4-790-184-1,goth1244,Gothic,1773,hlaiw,StandardOrth,"grave, tomb",lehmann1986,,,
4-780-184-1,goth1244,Gothic,1719,gafilhan,StandardOrth,bury (the dead),lehmann1986,,,
4-780-184-3,goth1244,Gothic,1719,usfilhan,StandardOrth,bury (the dead),lehmann1986,,,
4-780-184-5,goth1244,Gothic,1719,ganawistron,StandardOrth,bury (the dead),lehmann1986,,,
4-770-184-1,goth1244,Gothic,767,leik,StandardOrth,corpse,lehmann1986,,,
4-770-184-3,goth1244,Gothic,767,naus,StandardOrth,corpse,lehmann1986,,,
4-760-184-1,goth1244,Gothic,1417,afdauþjan,StandardOrth,kill,lehmann1986,Also usqiman 'destroy'.,,
4-760-184-3,goth1244,Gothic,1417,gadauþjan,StandardOrth,kill,lehmann1986,Also usqiman 'destroy'.,,
4-760-184-5,goth1244,Gothic,1417,afslahan,StandardOrth,kill,lehmann1986,Also usqiman 'destroy'.,,
4-750-184-1,goth1244,Gothic,1494,(ga)swiltan,StandardOrth,"die, dead",lehmann1986,,,
4-750-184-3,goth1244,Gothic,1494,gadauþnan,StandardOrth,"die, dead",lehmann1986,,,
4-750-184-5,goth1244,Gothic,1494,dauþs,StandardOrth,"die, dead",lehmann1986,,,
4-740-184-1,goth1244,Gothic,1422,liban,StandardOrth,"live, living, life",lehmann1986,,,
4-740-184-3,goth1244,Gothic,1422,qius,StandardOrth,"live, living, life",lehmann1986,,,
4-740-184-5,goth1244,Gothic,1422,libains,StandardOrth,"live, living, life",lehmann1986,,,
4-730-184-1,goth1244,Gothic,1123,inkilþo,StandardOrth,pregnant,lehmann1986,,,
4-730-184-3,goth1244,Gothic,1123,qiþuhafto,StandardOrth,pregnant,lehmann1986,,,
4-630-184-1,goth1244,Gothic,1602,uswakjan,StandardOrth,wake up,lehmann1986,First form is transitive; second form is 'keep awake'. 'Be awake' is wakan.,,
4-630-184-3,goth1244,Gothic,1602,gawaknan,StandardOrth,wake up,lehmann1986,First form is transitive; second form is 'keep awake'. 'Be awake' is wakan.,,
4-610-184-1,goth1244,Gothic,1585,slepan,StandardOrth,sleep,lehmann1986,,,
4-590-184-1,goth1244,Gothic,319,(bi-)laigon,StandardOrth,lick,lehmann1986,,,
4-580-184-1,goth1244,Gothic,1403,beitan,StandardOrth,bite,lehmann1986,,,
4-560-184-1,goth1244,Gothic,1440,speiwan,StandardOrth,spit,lehmann1986,,,
4-510-184-1,goth1244,Gothic,1407,anan,StandardOrth,"breathe, breath",lehmann1986,,,
4-470-184-1,goth1244,Gothic,804,wamba,StandardOrth,womb,lehmann1986,,,
4-470-184-3,goth1244,Gothic,804,qiþus,StandardOrth,womb,lehmann1986,,,
4-470-184-5,goth1244,Gothic,804,kilþei,StandardOrth,womb,lehmann1986,,,
4-463-184-1,goth1244,Gothic,1745,hups,StandardOrth,hip,lehmann1986,,,
4-461-184-1,goth1244,Gothic,1991,hairþra,StandardOrth,"intestines, guts",lehmann1986,Plural form.,,
4-460-184-1,goth1244,Gothic,819,wamba,StandardOrth,stomach,lehmann1986,"Respectively: 'belly, womb'; 'stomach, womb'",,
4-460-184-3,goth1244,Gothic,819,qiþus,StandardOrth,stomach,lehmann1986,"Respectively: 'belly, womb'; 'stomach, womb'",,
4-440-184-1,goth1244,Gothic,1223,hairto,StandardOrth,heart,lehmann1986,,,
4-410-184-1,goth1244,Gothic,1402,brusts,StandardOrth,breast (of woman),lehmann1986,,,
4-400-184-1,goth1244,Gothic,1592,brusts,StandardOrth,chest,lehmann1986,,,
4-370-184-1,goth1244,Gothic,1301,fotus,StandardOrth,foot,lehmann1986,,,
4-360-184-1,goth1244,Gothic,1371,kniu,StandardOrth,knee,lehmann1986,,,
4-340-184-1,goth1244,Gothic,1303,figgrs,StandardOrth,finger,lehmann1986,,,
4-330-184-1,goth1244,Gothic,1277,handus,StandardOrth,hand,lehmann1986,,,
4-310-184-1,goth1244,Gothic,1673,arms,StandardOrth,arm,lehmann1986,,,
4-300-184-1,goth1244,Gothic,1482,ams,StandardOrth,shoulder,lehmann1986,,,
4-300-184-3,goth1244,Gothic,1482,amsa,StandardOrth,shoulder,lehmann1986,,,
4-280-184-1,goth1244,Gothic,1333,hals,StandardOrth,neck,lehmann1986,,,
4-270-184-1,goth1244,Gothic,1380,tunþus,StandardOrth,tooth,lehmann1986,,,
4-260-184-1,goth1244,Gothic,1205,tuggo,StandardOrth,tongue,lehmann1986,,,
4-250-184-1,goth1244,Gothic,478,wairilo,StandardOrth,lip,lehmann1986,,,
4-240-184-1,goth1244,Gothic,674,munþs,StandardOrth,mouth,lehmann1986,,,
4-220-184-1,goth1244,Gothic,1247,auso,StandardOrth,ear,lehmann1986,,,
4-210-184-1,goth1244,Gothic,1248,augo,StandardOrth,eye,lehmann1986,,,
4-208-184-1,goth1244,Gothic,1730,kinnus,StandardOrth,cheek,lehmann1986,,,
4-204-184-1,goth1244,Gothic,1560,andwairþi,StandardOrth,face,lehmann1986,First form refers to 'person'; wlits 'appearance'.,,
4-204-184-3,goth1244,Gothic,1560,wlits,StandardOrth,face,lehmann1986,First form refers to 'person'; wlits 'appearance'.,,
4-204-184-5,goth1244,Gothic,1560,andawleizn,StandardOrth,face,lehmann1986,First form refers to 'person'; wlits 'appearance'.,,
4-204-184-7,goth1244,Gothic,1560,ludja,StandardOrth,face,lehmann1986,First form refers to 'person'; wlits 'appearance'.,,
4-202-184-1,goth1244,Gothic,1605,hwairnei,StandardOrth,skull,lehmann1986,,,
4-200-184-1,goth1244,Gothic,1256,haubiþ,StandardOrth,head,lehmann1986,,,
4-170-184-1,goth1244,Gothic,1393,haurn,StandardOrth,horn,lehmann1986,,,
4-150-184-1,goth1244,Gothic,946,bloþ,StandardOrth,blood,lehmann1986,,,
4-140-184-1,goth1244,Gothic,1040,tagl,StandardOrth,hair (head),lehmann1986,,,
4-140-184-3,goth1244,Gothic,1040,skuft,StandardOrth,hair (head),lehmann1986,,,
4-130-184-1,goth1244,Gothic,2259,mimz,StandardOrth,flesh,lehmann1986,Respectively: 'meat; flesh',,
4-130-184-3,goth1244,Gothic,2259,mammo,StandardOrth,flesh,lehmann1986,Respectively: 'meat; flesh',,
4-120-184-1,goth1244,Gothic,763,-fill,StandardOrth,"skin, hide",lehmann1986,,,
4-110-184-1,goth1244,Gothic,1480,leik,StandardOrth,body,lehmann1986,,,
3-930-184-1,goth1244,Gothic,607,þramstei,StandardOrth,grasshopper,lehmann1986,,,
3-850-184-1,goth1244,Gothic,730,waurms,StandardOrth,snake,lehmann1986,The latter means 'viper'.,,
3-850-184-3,goth1244,Gothic,730,nadrs,StandardOrth,snake,lehmann1986,The latter means 'viper'.,,
3-840-184-1,goth1244,Gothic,1219,maþa,StandardOrth,worm,lehmann1986,,,
3-815-184-1,goth1244,Gothic,1538,skaurpjo,StandardOrth,scorpion,lehmann1986,,,
3-780-184-1,goth1244,Gothic,1871,ulbandus,StandardOrth,camel,lehmann1986,,,
3-740-184-1,goth1244,Gothic,1312,fauho,StandardOrth,fox,lehmann1986,,,
3-710-184-1,goth1244,Gothic,522,wulfs,StandardOrth,wolf,lehmann1986,,,
3-650-184-1,goth1244,Gothic,227,fisks,StandardOrth,fish,lehmann1986,,,
3-630-184-1,goth1244,Gothic,2139,mus,StandardOrth,"mouse, rat",lehmann1986,,,
3-610-184-1,goth1244,Gothic,2009,hunds,StandardOrth,dog,lehmann1986,,,
3-594-184-1,goth1244,Gothic,1853,ahaks,StandardOrth,dove,lehmann1986,,,
3-594-184-3,goth1244,Gothic,1853,dubo,StandardOrth,dove,lehmann1986,,,
3-594-184-5,goth1244,Gothic,1853,hraiwadubo,StandardOrth,dove,lehmann1986,,,
3-584-184-1,goth1244,Gothic,1905,ara,StandardOrth,eagle,lehmann1986,,,
3-581-184-1,goth1244,Gothic,937,fugls,StandardOrth,bird,lehmann1986,,,
3-520-184-1,goth1244,Gothic,1511,hana,StandardOrth,"cock, rooster",lehmann1986,,,
3-500-184-1,goth1244,Gothic,265,fugls,StandardOrth,fowl,lehmann1986,,,
3-460-184-1,goth1244,Gothic,1862,asilus,StandardOrth,"ass, donkey",lehmann1986,,,
3-450-184-1,goth1244,Gothic,1647,fula,StandardOrth,"foal, colt",lehmann1986,,,
3-360-184-1,goth1244,Gothic,1502,gaits,StandardOrth,goat,lehmann1986,,,
3-320-184-1,goth1244,Gothic,1348,swein,StandardOrth,boar,lehmann1986,Means 'swine'.,,
3-290-184-1,goth1244,Gothic,820,lamb,StandardOrth,lamb,lehmann1986,,,
3-290-184-3,goth1244,Gothic,820,wiþrus,StandardOrth,lamb,lehmann1986,,,
3-250-184-1,goth1244,Gothic,1331,lamb,StandardOrth,sheep,lehmann1986,,,
3-240-184-1,goth1244,Gothic,1989,stiur,StandardOrth,calf,lehmann1986,Respectively: 'steer; young cow',,
3-240-184-3,goth1244,Gothic,1989,kalbo,StandardOrth,calf,lehmann1986,Respectively: 'steer; young cow',,
3-220-184-1,goth1244,Gothic,1169,auhsus,StandardOrth,ox,lehmann1986,,,
3-190-184-1,goth1244,Gothic,851,awistr,StandardOrth,"stable, stall",lehmann1986,Means 'sheepfold'.,,
3-180-184-1,goth1244,Gothic,263,hairdeis,StandardOrth,herdsman,lehmann1986,,,
3-160-184-1,goth1244,Gothic,649,winja,StandardOrth,pasture,lehmann1986,,,
3-110-184-1,goth1244,Gothic,619,dius,StandardOrth,animal,lehmann1986,,,
2-960-184-1,goth1244,Gothic,817,eis,StandardOrth,they,lehmann1986,,,
2-950-184-1,goth1244,Gothic,1213,jus,StandardOrth,you (plural),lehmann1986,,,
2-940-184-1,goth1244,Gothic,1212,weis,StandardOrth,we,lehmann1986,,,
2-930-184-1,goth1244,Gothic,262,is/si/it,StandardOrth,he/she/it,lehmann1986,,,
2-930-184-3,goth1244,Gothic,262,izei,StandardOrth,he/she/it,lehmann1986,,,
2-920-184-1,goth1244,Gothic,1215,þu,StandardOrth,you (singular),lehmann1986,,,
2-910-184-1,goth1244,Gothic,1209,ik,StandardOrth,I,lehmann1986,,,
2-820-184-1,goth1244,Gothic,194,gards,StandardOrth,family,lehmann1986,,,
2-810-184-1,goth1244,Gothic,1644,niþjis,StandardOrth,"relatives, kinsmen",lehmann1986,,,
2-760-184-1,goth1244,Gothic,1756,widuwo,StandardOrth,widow,lehmann1986,,,
2-750-184-1,goth1244,Gothic,1149,widuwairna,StandardOrth,orphan,lehmann1986,,,
2-641-184-1,goth1244,Gothic,2264,bruþs,StandardOrth,daughter-in-law (of a woman),lehmann1986,,,
2-640-184-1,goth1244,Gothic,2265,bruþs,StandardOrth,daughter-in-law (of a man),lehmann1986,,,
2-631-184-1,goth1244,Gothic,2266,megs,StandardOrth,son-in-law (of a woman),lehmann1986,,,
2-630-184-1,goth1244,Gothic,2267,megs,StandardOrth,son-in-law (of a man),lehmann1986,,,
2-621-184-1,goth1244,Gothic,2257,swaihro,StandardOrth,mother-in-law (of a woman),lehmann1986,,,
2-620-184-1,goth1244,Gothic,2256,swaihro,StandardOrth,mother-in-law (of a man),lehmann1986,,,
2-611-184-1,goth1244,Gothic,2254,swaihra,StandardOrth,father-in-law (of a woman),lehmann1986,,,
2-610-184-1,goth1244,Gothic,2255,swaihra,StandardOrth,father-in-law (of a man),lehmann1986,,,
2-560-184-1,goth1244,Gothic,1669,gadreina,StandardOrth,ancestors,lehmann1986,,,
2-550-184-1,goth1244,Gothic,1643,gadiliggs,StandardOrth,cousin,lehmann1986,,,
2-480-184-1,goth1244,Gothic,1618,barne barna,StandardOrth,grandson,lehmann1986,Lit. 'child of children'.,,
2-490-184-1,goth1244,Gothic,1619,barne barna,StandardOrth,granddaughter,lehmann1986,Lit. 'child of children'.,,
2-470-184-1,goth1244,Gothic,1496,awo,StandardOrth,grandmother,lehmann1986,,,
2-450-184-1,goth1244,Gothic,1263,swistar,StandardOrth,sister,lehmann1986,,,
2-440-184-1,goth1244,Gothic,1262,broþar,StandardOrth,brother,lehmann1986,,,
2-430-184-1,goth1244,Gothic,1801,frasts,StandardOrth,offspring (son or daughter),lehmann1986,,,
2-420-184-1,goth1244,Gothic,1357,dauhtar,StandardOrth,daughter,lehmann1986,,,
2-410-184-1,goth1244,Gothic,1620,sunus,StandardOrth,son,lehmann1986,,,
2-370-184-1,goth1244,Gothic,505,berusjos,StandardOrth,parents,lehmann1986,,,
2-370-184-3,goth1244,Gothic,505,fadrein,StandardOrth,parents,lehmann1986,,,
2-360-184-1,goth1244,Gothic,1216,aiþei,StandardOrth,mother,lehmann1986,,,
2-350-184-1,goth1244,Gothic,1217,atta,StandardOrth,father,lehmann1986,,,
2-350-184-3,goth1244,Gothic,1217,fadar,StandardOrth,father,lehmann1986,,,
2-341-184-1,goth1244,Gothic,1134,gaskaidnan,StandardOrth,divorce,lehmann1986,Verbal form.,,
2-340-184-1,goth1244,Gothic,1259,liuga,StandardOrth,"marriage, wedding",lehmann1986,,,
2-330-184-1,goth1244,Gothic,203,liugan,StandardOrth,marry,lehmann1986,,,
2-320-184-1,goth1244,Gothic,1199,qens,StandardOrth,wife,lehmann1986,,,
2-310-184-1,goth1244,Gothic,1200,aba,StandardOrth,husband,lehmann1986,,,
2-280-184-1,goth1244,Gothic,1289,barn,StandardOrth,"infant, baby",lehmann1986,,,
2-270-184-1,goth1244,Gothic,1304,barn,StandardOrth,child,lehmann1986,,,
2-260-184-1,goth1244,Gothic,1646,mawi,StandardOrth,girl,lehmann1986,,,
2-250-184-1,goth1244,Gothic,1366,magus,StandardOrth,boy,lehmann1986,,,
2-240-184-1,goth1244,Gothic,1551,qineins,StandardOrth,female,lehmann1986,,,
2-240-184-3,goth1244,Gothic,1551,qina-kinds,StandardOrth,female,lehmann1986,,,
2-230-184-1,goth1244,Gothic,1553,gumeins,StandardOrth,male,lehmann1986,,,
2-230-184-3,goth1244,Gothic,1553,gumakunds,StandardOrth,male,lehmann1986,,,
2-220-184-1,goth1244,Gothic,962,qino,StandardOrth,woman,lehmann1986,,,
2-210-184-1,goth1244,Gothic,1554,wair,StandardOrth,man (vs. woman),lehmann1986,,,
2-210-184-3,goth1244,Gothic,1554,aba,StandardOrth,man (vs. woman),lehmann1986,,,
2-100-184-1,goth1244,Gothic,683,manna,StandardOrth,"person, human being",lehmann1986,See 'face' 04.204.,,
1-861-184-1,goth1244,Gothic,127,afhwapjan,StandardOrth,extinguish,lehmann1986,,,
1-860-184-1,goth1244,Gothic,737,tandjan,StandardOrth,"light, kindle, ignite",lehmann1986,,,
1-852-184-1,goth1244,Gothic,1428,brinnan,StandardOrth,burn (vb intrans),lehmann1986,,,
1-851-184-1,goth1244,Gothic,141,brannjan,StandardOrth,burn (vb trans),lehmann1986,,,
1-840-184-1,goth1244,Gothic,646,azgo,StandardOrth,ashes,lehmann1986,,,
1-810-184-1,goth1244,Gothic,221,fon,StandardOrth,fire,lehmann1986,,,
1-770-184-1,goth1244,Gothic,617,iiz,StandardOrth,ice,lehmann1986,Name of the rune for < i >.,,
1-760-184-1,goth1244,Gothic,784,snaiws,StandardOrth,snow (noun),lehmann1986,,,
1-750-184-1,goth1244,Gothic,658,rign,StandardOrth,rain (noun),lehmann1986,,,
1-720-184-1,goth1244,Gothic,960,winds,StandardOrth,wind,lehmann1986,,,
1-730-184-1,goth1244,Gothic,1489,milhma,StandardOrth,cloud,lehmann1986,,,
1-710-184-1,goth1244,Gothic,27,luftus,StandardOrth,air,lehmann1986,,,
1-630-184-1,goth1244,Gothic,1388,skadus,StandardOrth,"shade, shadow",lehmann1986,,,
1-620-184-1,goth1244,Gothic,11,riqis,StandardOrth,darkness,lehmann1986,,,
1-610-184-1,goth1244,Gothic,630,liuhaþ,StandardOrth,light (noun),lehmann1986,,,
1-580-184-1,goth1244,Gothic,858,wegs,StandardOrth,storm,lehmann1986,,,
1-560-184-1,goth1244,Gothic,1150,þeihwo,StandardOrth,thunder,lehmann1986,,,
1-550-184-1,goth1244,Gothic,1654,lauhmuni,StandardOrth,lightning,lehmann1986,,,
1-540-184-1,goth1244,Gothic,1430,stairno,StandardOrth,star,lehmann1986,,,
1-530-184-1,goth1244,Gothic,1313,mena,StandardOrth,moon,lehmann1986,,,
1-520-184-1,goth1244,Gothic,1343,sauil,StandardOrth,sun,lehmann1986,,,
1-520-184-3,goth1244,Gothic,1343,sunno,StandardOrth,sun,lehmann1986,,,
1-510-184-1,goth1244,Gothic,1732,himins,StandardOrth,sky,lehmann1986,,,
1-450-184-1,goth1244,Gothic,6,reiro,StandardOrth,earthquake,lehmann1986,,,
1-440-184-1,goth1244,Gothic,2125,stains,StandardOrth,"stone, rock",lehmann1986,,,
1-440-184-3,goth1244,Gothic,2125,hallus,StandardOrth,"stone, rock",lehmann1986,,,
1-430-184-1,goth1244,Gothic,1803,triu,StandardOrth,wood,lehmann1986,,,
1-420-184-1,goth1244,Gothic,906,bagms,StandardOrth,tree (cf 08.600),lehmann1986,,,
1-370-184-1,goth1244,Gothic,2144,brunna,StandardOrth,"spring, well",lehmann1986,,,
1-360-184-1,goth1244,Gothic,666,ahwa,StandardOrth,"river, stream, brook",lehmann1986,Also rinno 'torrent'.,,
1-360-184-3,goth1244,Gothic,666,flodus,StandardOrth,"river, stream, brook",lehmann1986,Also rinno 'torrent'.,,
1-350-184-1,goth1244,Gothic,978,wegos,StandardOrth,wave,lehmann1986,Plural form.,,
1-330-184-1,goth1244,Gothic,624,saiws,StandardOrth,lake,lehmann1986,,,
1-330-184-3,goth1244,Gothic,624,mari-saiws,StandardOrth,lake,lehmann1986,,,
1-324-184-1,goth1244,Gothic,1768,hwaþo,StandardOrth,foam,lehmann1986,,,
1-320-184-1,goth1244,Gothic,1474,marei,StandardOrth,sea,lehmann1986,,,
1-322-184-1,goth1244,Gothic,258,wis,StandardOrth,calm (of sea),lehmann1986,,,
1-310-184-1,goth1244,Gothic,948,wato,StandardOrth,water,lehmann1986,,,
1-280-184-1,goth1244,Gothic,1155,hulundi,StandardOrth,cave,lehmann1986,,,
1-270-184-1,goth1244,Gothic,113,staþa,StandardOrth,shore,lehmann1986,,,
1-240-184-1,goth1244,Gothic,921,dals,StandardOrth,valley,lehmann1986,,,
1-230-184-1,goth1244,Gothic,652,haiþi,StandardOrth,"plain, field",lehmann1986,,,
1-222-184-1,goth1244,Gothic,618,driuso,StandardOrth,"cliff, precipice",lehmann1986,,,
1-220-184-1,goth1244,Gothic,2118,fairguni,StandardOrth,"mountain, hill",lehmann1986,,,
1-220-184-3,goth1244,Gothic,2118,hlain,StandardOrth,"mountain, hill",lehmann1986,,,
1-214-184-1,goth1244,Gothic,640,fani,StandardOrth,mud,lehmann1986,,,
1-215-184-1,goth1244,Gothic,671,malma,StandardOrth,sand,lehmann1986,,,
1-213-184-1,goth1244,Gothic,2,stubjus,StandardOrth,dust,lehmann1986,,,
1-212-184-1,goth1244,Gothic,1228,mulda,StandardOrth,"earth=ground, soil",lehmann1986,,,
1-210-184-1,goth1244,Gothic,626,airþa,StandardOrth,"earth, land",lehmann1986,,,
1-210-184-3,goth1244,Gothic,626,land,StandardOrth,"earth, land",lehmann1986,,,
1-100-184-1,goth1244,Gothic,965,fairhwus,StandardOrth,world,lehmann1986,,,
1-100-184-3,goth1244,Gothic,965,midjungards,StandardOrth,world,lehmann1986,,,
1-100-184-5,goth1244,Gothic,965,manaseþs,StandardOrth,world,lehmann1986,,,
14-330-184-1,goth1244,Gothic,1544,hwan,StandardOrth,sometimes,lehmann1986,,,
14-331-184-1,goth1244,Gothic,703,sprauto,StandardOrth,soon,lehmann1986,,,
14-331-184-3,goth1244,Gothic,703,suns,StandardOrth,soon,lehmann1986,,,
14-340-184-1,goth1244,Gothic,1656,ni hwanjan,StandardOrth,never,lehmann1986,,,
14-340-184-3,goth1244,Gothic,1656,ni aiw,StandardOrth,never,lehmann1986,,,
14-350-184-1,goth1244,Gothic,204,aftra,StandardOrth,again,lehmann1986,,,
14-410-184-1,goth1244,Gothic,1225,dags,StandardOrth,day,lehmann1986,,,
14-420-184-1,goth1244,Gothic,1233,nahts,StandardOrth,night,lehmann1986,,,
14-440-184-1,goth1244,Gothic,1339,maurgins,StandardOrth,morning,lehmann1986,,,
14-460-184-1,goth1244,Gothic,1629,andanahti,StandardOrth,evening,lehmann1986,,,
14-470-184-1,goth1244,Gothic,1283,himma daga,StandardOrth,today,lehmann1986,Lit. 'this day'.,,
14-480-184-1,goth1244,Gothic,1329,du maurgina,StandardOrth,tomorrow,lehmann1986,Latter form is 'next day'.,,
14-480-184-3,goth1244,Gothic,1329,gistra dagis,StandardOrth,tomorrow,lehmann1986,Latter form is 'next day'.,,
14-510-184-1,goth1244,Gothic,1353,hweila,StandardOrth,hour,lehmann1986,,,
14-610-184-1,goth1244,Gothic,1469,sabbato,StandardOrth,week,lehmann1986,,,
14-620-184-1,goth1244,Gothic,1699,afarsabbate dags,StandardOrth,Sunday,lehmann1986,,,
14-670-184-1,goth1244,Gothic,1692,paraskaiwe,StandardOrth,Friday,lehmann1986,Respectively: 'preparation'; 'beginning of sabbath'.,,
14-670-184-3,goth1244,Gothic,1692,fruma sabbato,StandardOrth,Friday,lehmann1986,Respectively: 'preparation'; 'beginning of sabbath'.,,
14-680-184-1,goth1244,Gothic,1700,sabbato dags,StandardOrth,Saturday,lehmann1986,,,
14-710-184-1,goth1244,Gothic,1370,menoþs,StandardOrth,month,lehmann1986,,,
14-730-184-1,goth1244,Gothic,1226,jer,StandardOrth,year,lehmann1986,jer 'a single year',,
14-730-184-3,goth1244,Gothic,1226,aþn,StandardOrth,year,lehmann1986,jer 'a single year',,
14-730-184-5,goth1244,Gothic,1226,ataþni,StandardOrth,year,lehmann1986,jer 'a single year',,
14-740-184-1,goth1244,Gothic,1471,wintrus,StandardOrth,winter,lehmann1986,,,
14-760-184-1,goth1244,Gothic,1342,asans,StandardOrth,summer,lehmann1986,,,
15-260-184-1,goth1244,Gothic,42,fuls,StandardOrth,"stinking, bad smelling",lehmann1986,,,
15-310-184-1,goth1244,Gothic,21,kausjan,StandardOrth,taste,lehmann1986,,,
15-360-184-1,goth1244,Gothic,1091,salt,StandardOrth,salty,lehmann1986,Noun form.,,
15-370-184-1,goth1244,Gothic,887,baitrs,StandardOrth,bitter,lehmann1986,,,
15-410-184-1,goth1244,Gothic,1408,hausjan,StandardOrth,hear,lehmann1986,,,
15-440-184-1,goth1244,Gothic,1811,auhjodus,StandardOrth,"sound, noise",lehmann1986,,,
15-460-184-1,goth1244,Gothic,1314,þahains,StandardOrth,"quiet, silence",lehmann1986,,,
15-510-184-1,goth1244,Gothic,1409,saihwan,StandardOrth,see,lehmann1986,,,
15-520-184-1,goth1244,Gothic,1819,wlaiton,StandardOrth,"look, look at",lehmann1986,Means 'look around'.,,
15-550-184-1,goth1244,Gothic,1039,augjan,StandardOrth,show,lehmann1986,,,
15-560-184-1,goth1244,Gothic,708,skeinan,StandardOrth,shine,lehmann1986,liuhtjan 'give light'; glitnumjan 'gleam'.,,
15-560-184-3,goth1244,Gothic,708,liuhtjan,StandardOrth,shine,lehmann1986,liuhtjan 'give light'; glitnumjan 'gleam'.,,
15-560-184-5,goth1244,Gothic,708,glitmunjan,StandardOrth,shine,lehmann1986,liuhtjan 'give light'; glitnumjan 'gleam'.,,
15-570-184-1,goth1244,Gothic,679,bairhts,StandardOrth,bright,lehmann1986,,,
15-640-184-1,goth1244,Gothic,1335,hweits,StandardOrth,white,lehmann1986,,,
15-650-184-1,goth1244,Gothic,163,swarts,StandardOrth,black,lehmann1986,,,
15-660-184-1,goth1244,Gothic,156,rauþs,StandardOrth,red,lehmann1986,,,
15-710-184-1,goth1244,Gothic,1892,tekan,StandardOrth,touch,lehmann1986,,,
15-740-184-1,goth1244,Gothic,1884,hardus,StandardOrth,hard,lehmann1986,,,
15-750-184-1,goth1244,Gothic,1856,hnasqus,StandardOrth,soft,lehmann1986,,,
15-760-184-1,goth1244,Gothic,1923,usdrusts,StandardOrth,rough,lehmann1986,Means 'rough road'.,,
15-770-184-1,goth1244,Gothic,1234,slaihts,StandardOrth,smooth,lehmann1986,,,
15-780-184-1,goth1244,Gothic,1396,hwass,StandardOrth,sharp,lehmann1986,"Inferred from hwassaba, (adverb).",,
15-810-184-1,goth1244,Gothic,1210,kaurus,StandardOrth,heavy,lehmann1986,,,
15-820-184-1,goth1244,Gothic,1052,leihts,StandardOrth,light (in weight),lehmann1986,,,
15-830-184-1,goth1244,Gothic,1726,qramms,StandardOrth,"wet, damp",lehmann1986,Inferred from qrammiþa 'moisture'.,,
15-840-184-1,goth1244,Gothic,1398,þaursus,StandardOrth,dry,lehmann1986,,,
15-850-184-1,goth1244,Gothic,1286,warms,StandardOrth,hot,lehmann1986,"Inferred from warmjan, (verb).",,
15-851-184-1,goth1244,Gothic,1232,warms,StandardOrth,warm,lehmann1986,"Inferred from warmjan, (verb).",,
15-860-184-1,goth1244,Gothic,1287,kalds,StandardOrth,cold,lehmann1986,,,
15-870-184-1,goth1244,Gothic,704,hrains,StandardOrth,clean,lehmann1986,,,
15-880-184-1,goth1244,Gothic,1230,unhrains,StandardOrth,"dirty, soiled",lehmann1986,,,
16-110-184-1,goth1244,Gothic,53,saiwala,StandardOrth,"soul, spirit",lehmann1986,Latter form is 'mind'.,,
16-110-184-3,goth1244,Gothic,53,ahma,StandardOrth,"soul, spirit",lehmann1986,Latter form is 'mind'.,,
16-150-184-1,goth1244,Gothic,1572,sildaleik,StandardOrth,"surprised, astonished",lehmann1986,Noun form.,,
16-230-184-1,goth1244,Gothic,1495,hlas,StandardOrth,"joyful, glad, happy",lehmann1986,Respectively: 'cheerful'; 'happy'.,,
16-230-184-3,goth1244,Gothic,1495,audags,StandardOrth,"joyful, glad, happy",lehmann1986,Respectively: 'cheerful'; 'happy'.,,
16-250-184-1,goth1244,Gothic,1355,hlahjan,StandardOrth,laugh,lehmann1986,,,
16-270-184-1,goth1244,Gothic,923,frijaþwa,StandardOrth,love,lehmann1986,Resepctively: noun; verb.,,
16-270-184-3,goth1244,Gothic,923,frijon,StandardOrth,love,lehmann1986,Resepctively: noun; verb.,,
16-290-184-1,goth1244,Gothic,578,kukjan,StandardOrth,kiss,lehmann1986,,,
16-300-184-1,goth1244,Gothic,928,gaþlaihan,StandardOrth,embrace,lehmann1986,Also means 'comfort'.,,
16-310-184-1,goth1244,Gothic,1783,sair,StandardOrth,pain,lehmann1986,"Second form means 'suffering'; last form, 'torture'.",,
16-310-184-3,goth1244,Gothic,1783,winno,StandardOrth,pain,lehmann1986,"Second form means 'suffering'; last form, 'torture'.",,
16-310-184-5,goth1244,Gothic,1783,balweins,StandardOrth,pain,lehmann1986,"Second form means 'suffering'; last form, 'torture'.",,
16-320-184-1,goth1244,Gothic,1668,saurga,StandardOrth,"grief, sorrow, sadness",lehmann1986,,,
16-320-184-3,goth1244,Gothic,1668,gaurei,StandardOrth,"grief, sorrow, sadness",lehmann1986,,,
16-320-184-5,goth1244,Gothic,1668,gauriþa,StandardOrth,"grief, sorrow, sadness",lehmann1986,,,
16-330-184-1,goth1244,Gothic,1000,saurga,StandardOrth,"anxiety, worry",lehmann1986,,,
16-340-184-1,goth1244,Gothic,1875,idreigon (sik),StandardOrth,"regret, be sorry",lehmann1986,,,
16-350-184-1,goth1244,Gothic,1141,armaio,StandardOrth,pity,lehmann1986,"armaio means 'mercy, alms'; armahairtei, 'mercy'.",,
16-350-184-3,goth1244,Gothic,1141,armahairtei,StandardOrth,pity,lehmann1986,"armaio means 'mercy, alms'; armahairtei, 'mercy'.",,
16-370-184-1,goth1244,Gothic,1839,gretan,StandardOrth,"cry, weep",lehmann1986,,,
16-380-184-1,goth1244,Gothic,1651,tagr,StandardOrth,tear (noun),lehmann1986,,,
16-390-184-1,goth1244,Gothic,716,swogatjan,StandardOrth,groan,lehmann1986,,,
16-410-184-1,goth1244,Gothic,1607,fijaþwa,StandardOrth,hate,lehmann1986,Latter two forms are verbs.,,
16-410-184-3,goth1244,Gothic,1607,fijan,StandardOrth,hate,lehmann1986,Latter two forms are verbs.,,
16-410-184-5,goth1244,Gothic,1607,hatan,StandardOrth,hate,lehmann1986,Latter two forms are verbs.,,
16-420-184-1,goth1244,Gothic,82,þwairhei,StandardOrth,anger,lehmann1986,"Respectively: 'anger, passion'; 'anger'; 'hatred'.",,
16-420-184-3,goth1244,Gothic,82,moþs,StandardOrth,anger,lehmann1986,"Respectively: 'anger, passion'; 'anger'; 'hatred'.",,
16-420-184-5,goth1244,Gothic,82,hatis,StandardOrth,anger,lehmann1986,"Respectively: 'anger, passion'; 'anger'; 'hatred'.",,
16-440-184-1,goth1244,Gothic,40,neiþ,StandardOrth,"envy, jealousy",lehmann1986,Latter form also means 'zeal'.,,
16-440-184-3,goth1244,Gothic,40,aljan,StandardOrth,"envy, jealousy",lehmann1986,Latter form also means 'zeal'.,,
16-450-184-1,goth1244,Gothic,1776,aiwiski,StandardOrth,shame (noun),lehmann1986,Latter form has meaning of 'modesty'.,,
16-450-184-3,goth1244,Gothic,1776,skanda,StandardOrth,shame (noun),lehmann1986,Latter form has meaning of 'modesty'.,,
16-450-184-5,goth1244,Gothic,1776,gariudei,StandardOrth,shame (noun),lehmann1986,Latter form has meaning of 'modesty'.,,
16-480-184-1,goth1244,Gothic,174,hauhhairts,StandardOrth,proud,lehmann1986,First two forms have meaning of 'arrogant'.,,
16-480-184-3,goth1244,Gothic,174,hauhþuhts,StandardOrth,proud,lehmann1986,First two forms have meaning of 'arrogant'.,,
16-480-184-5,goth1244,Gothic,174,mikilþuhts,StandardOrth,proud,lehmann1986,First two forms have meaning of 'arrogant'.,,
16-510-184-1,goth1244,Gothic,1779,gadaursan,StandardOrth,dare,lehmann1986,,,
16-520-184-1,goth1244,Gothic,3,balþs,StandardOrth,brave,lehmann1986,"Inferred from balþaba, (adverb).",,
16-530-184-1,goth1244,Gothic,781,agis,StandardOrth,"fear, fright",lehmann1986,Respectively: 'terror'; 'fear'.,,
16-530-184-3,goth1244,Gothic,781,faurhtei,StandardOrth,"fear, fright",lehmann1986,Respectively: 'terror'; 'fear'.,,
16-540-184-1,goth1244,Gothic,1810,bireikei,StandardOrth,danger,lehmann1986,,,
16-540-184-3,goth1244,Gothic,1810,sleiþi,StandardOrth,danger,lehmann1986,,,
16-620-184-1,goth1244,Gothic,1784,gairnjan,StandardOrth,"desire, want",lehmann1986,,,
16-622-184-1,goth1244,Gothic,1750,kiusan,StandardOrth,choose,lehmann1986,kiusan means 'test'; waljan 'select'.,,
16-622-184-3,goth1244,Gothic,1750,waljan,StandardOrth,choose,lehmann1986,kiusan means 'test'; waljan 'select'.,,
16-630-184-1,goth1244,Gothic,1092,wens,StandardOrth,hope,lehmann1986,,,
16-650-184-1,goth1244,Gothic,100,triggws,StandardOrth,faithful,lehmann1986,,,
16-660-184-1,goth1244,Gothic,1657,sunja,StandardOrth,true,lehmann1986,,,
16-670-184-1,goth1244,Gothic,601,liugan,StandardOrth,"lie, tell lies",lehmann1986,,,
16-680-184-1,goth1244,Gothic,13,(af)marzeins,StandardOrth,deceit,lehmann1986,Resepctively: 'deception'; 'treachery'; 'cunning'.,,
16-680-184-3,goth1244,Gothic,13,liutei,StandardOrth,deceit,lehmann1986,Resepctively: 'deception'; 'treachery'; 'cunning'.,,
16-680-184-5,goth1244,Gothic,13,lists,StandardOrth,deceit,lehmann1986,Resepctively: 'deception'; 'treachery'; 'cunning'.,,
16-690-184-1,goth1244,Gothic,1528,afletan,StandardOrth,forgive,lehmann1986,,,
16-690-184-3,goth1244,Gothic,1528,fragiban,StandardOrth,forgive,lehmann1986,,,
16-710-184-1,goth1244,Gothic,1035,gods,StandardOrth,good,lehmann1986,"Second form means 'just; blessed'; last form, 'kind, useful'.",,
16-710-184-3,goth1244,Gothic,1035,þiuþeigs,StandardOrth,good,lehmann1986,"Second form means 'just; blessed'; last form, 'kind, useful'.",,
16-710-184-5,goth1244,Gothic,1035,sels,StandardOrth,good,lehmann1986,"Second form means 'just; blessed'; last form, 'kind, useful'.",,
16-720-184-1,goth1244,Gothic,1292,ubils,StandardOrth,bad,lehmann1986,,,
16-730-184-1,goth1244,Gothic,1725,raihts,StandardOrth,"right, correct",lehmann1986,Last form means 'right' in moral sense.,,
16-730-184-3,goth1244,Gothic,1725,garaihts,StandardOrth,"right, correct",lehmann1986,Last form means 'right' in moral sense.,,
16-740-184-1,goth1244,Gothic,1390,inwinds,StandardOrth,wrong,lehmann1986,"Respectively: 'unjust, perverse'; 'unjust'; 'unlawful'.",,
16-740-184-3,goth1244,Gothic,1390,untriggws,StandardOrth,wrong,lehmann1986,"Respectively: 'unjust, perverse'; 'unjust'; 'unlawful'.",,
16-740-184-5,goth1244,Gothic,1390,unsibjis,StandardOrth,wrong,lehmann1986,"Respectively: 'unjust, perverse'; 'unjust'; 'unlawful'.",,
16-760-184-1,goth1244,Gothic,134,fairina,StandardOrth,fault,lehmann1986,,,
16-770-184-1,goth1244,Gothic,1293,airziþa,StandardOrth,"mistake, error",lehmann1986,,,
16-770-184-3,goth1244,Gothic,1293,airzei,StandardOrth,"mistake, error",lehmann1986,,,
16-780-184-1,goth1244,Gothic,381,fairina,StandardOrth,blame,lehmann1986,,,
16-790-184-1,goth1244,Gothic,1687,hazeins,StandardOrth,praise,lehmann1986,,,
16-810-184-1,goth1244,Gothic,1427,skauns,StandardOrth,beautiful,lehmann1986,,,
16-830-184-1,goth1244,Gothic,2018,friks,StandardOrth,greedy,lehmann1986,,,
16-840-184-1,goth1244,Gothic,1310,handugs,StandardOrth,clever,lehmann1986,Respectively: 'wise; intelligent'.,,
16-840-184-3,goth1244,Gothic,1310,froþs,StandardOrth,clever,lehmann1986,Respectively: 'wise; intelligent'.,,
17-110-184-1,goth1244,Gothic,1562,aha,StandardOrth,mind,lehmann1986,,,
17-110-184-3,goth1244,Gothic,1562,fraþi,StandardOrth,mind,lehmann1986,,,
17-110-184-5,goth1244,Gothic,1562,hugi,StandardOrth,mind,lehmann1986,,,
17-130-184-1,goth1244,Gothic,1415,hugjan,StandardOrth,think (= reflect),lehmann1986,,,
17-130-184-3,goth1244,Gothic,1415,fraþjan,StandardOrth,think (= reflect),lehmann1986,,,
17-140-184-1,goth1244,Gothic,1513,hugjan,StandardOrth,think (= be of the opinion),lehmann1986,munanmeans 'intend'.,,
17-140-184-3,goth1244,Gothic,1513,munan,StandardOrth,think (= be of the opinion),lehmann1986,munanmeans 'intend'.,,
17-140-184-5,goth1244,Gothic,1513,ahjan,StandardOrth,think (= be of the opinion),lehmann1986,munanmeans 'intend'.,,
17-150-184-1,goth1244,Gothic,1890,galaubjan,StandardOrth,believe,lehmann1986,,,
17-160-184-1,goth1244,Gothic,1536,fraþjan,StandardOrth,understand,lehmann1986,,,
17-170-184-1,goth1244,Gothic,1410,witan,StandardOrth,know,lehmann1986,,,
17-170-184-3,goth1244,Gothic,1410,kunnan,StandardOrth,know,lehmann1986,,,
17-172-184-1,goth1244,Gothic,117,miþgaleikon,StandardOrth,imitate,lehmann1986,,,
17-180-184-1,goth1244,Gothic,1521,þugkjan,StandardOrth,seem,lehmann1986,,,
17-210-184-1,goth1244,Gothic,698,snutrs,StandardOrth,wise,lehmann1986,Second form means 'intelligent'.,,
17-210-184-3,goth1244,Gothic,698,froþs,StandardOrth,wise,lehmann1986,Second form means 'intelligent'.,,
17-210-184-5,goth1244,Gothic,698,handugs,StandardOrth,wise,lehmann1986,Second form means 'intelligent'.,,
17-220-184-1,goth1244,Gothic,1518,unfroþs,StandardOrth,"foolish, stupid",lehmann1986,,,
17-220-184-3,goth1244,Gothic,1518,dwals,StandardOrth,"foolish, stupid",lehmann1986,,,
17-230-184-1,goth1244,Gothic,1899,woþs,StandardOrth,"insane, crazy",lehmann1986,,,
17-240-184-1,goth1244,Gothic,504,laisjan sik,StandardOrth,learn,lehmann1986,"First form is lit, 'teach oneself'.",,
17-240-184-3,goth1244,Gothic,504,ganiman,StandardOrth,learn,lehmann1986,"First form is lit, 'teach oneself'.",,
17-250-184-1,goth1244,Gothic,709,laisjan,StandardOrth,teach,lehmann1986,,,
17-260-184-1,goth1244,Gothic,753,siponeis,StandardOrth,pupil,lehmann1986,,,
17-270-184-1,goth1244,Gothic,1038,laisareis,StandardOrth,teacher,lehmann1986,,,
17-310-184-1,goth1244,Gothic,707,gamunan,StandardOrth,remember,lehmann1986,,,
17-310-184-3,goth1244,Gothic,707,andþagkjan sik,StandardOrth,remember,lehmann1986,,,
17-320-184-1,goth1244,Gothic,1523,ufarmunnon,StandardOrth,forget,lehmann1986,,,
17-340-184-1,goth1244,Gothic,989,skeirs,StandardOrth,"clear, plain",lehmann1986,"Respectively: 'clear'; 'bright, manifest'; 'obvious'.",,
17-340-184-3,goth1244,Gothic,989,bairhts,StandardOrth,"clear, plain",lehmann1986,"Respectively: 'clear'; 'bright, manifest'; 'obvious'.",,
17-340-184-5,goth1244,Gothic,989,swikunþs,StandardOrth,"clear, plain",lehmann1986,"Respectively: 'clear'; 'bright, manifest'; 'obvious'.",,
17-360-184-1,goth1244,Gothic,1121,fulgins,StandardOrth,secret,lehmann1986,,,
17-370-184-1,goth1244,Gothic,509,-wiss,StandardOrth,"sure, certain",lehmann1986,"Inferred from un-wiss, 'uncertain'.",,
17-380-184-1,goth1244,Gothic,1626,gaskeirjan,StandardOrth,explain,lehmann1986,,,
17-410-184-1,goth1244,Gothic,1162,muns,StandardOrth,"intention, purpose",lehmann1986,,,
17-420-184-1,goth1244,Gothic,860,fairina,StandardOrth,cause,lehmann1986,,,
17-430-184-1,goth1244,Gothic,1308,tweifl,StandardOrth,doubt,lehmann1986,,,
17-440-184-1,goth1244,Gothic,1841,frawrohjan,StandardOrth,suspect,lehmann1986,,,
17-441-184-1,goth1244,Gothic,1902,lewjan,StandardOrth,betray,lehmann1986,,,
17-441-184-3,goth1244,Gothic,1902,fralewjan,StandardOrth,betray,lehmann1986,,,
17-450-184-1,goth1244,Gothic,643,þaurfts,StandardOrth,"need, necessity",lehmann1986,,,
17-450-184-3,goth1244,Gothic,643,nauþs,StandardOrth,"need, necessity",lehmann1986,,,
17-460-184-1,goth1244,Gothic,686,azetizo,StandardOrth,easy,lehmann1986,A comparative form.,,
17-470-184-1,goth1244,Gothic,584,aglus,StandardOrth,difficult,lehmann1986,,,
17-480-184-1,goth1244,Gothic,1812,kiusan,StandardOrth,"try, attempt",lehmann1986,First form is 'test'; second form is 'experience'; final form is 'seek'.,,
17-480-184-3,goth1244,Gothic,1812,kausjan,StandardOrth,"try, attempt",lehmann1986,First form is 'test'; second form is 'experience'; final form is 'seek'.,,
17-480-184-5,goth1244,Gothic,1812,fraisan,StandardOrth,"try, attempt",lehmann1986,First form is 'test'; second form is 'experience'; final form is 'seek'.,,
17-480-184-7,goth1244,Gothic,1812,sokjan,StandardOrth,"try, attempt",lehmann1986,First form is 'test'; second form is 'experience'; final form is 'seek'.,,
17-490-184-1,goth1244,Gothic,488,haidus,StandardOrth,"way, manner",lehmann1986,,,
17-510-184-1,goth1244,Gothic,1577,-uh,StandardOrth,and,lehmann1986,iþ also means 'but'; and þande also means 'since'.,,
17-510-184-3,goth1244,Gothic,1577,ei,StandardOrth,and,lehmann1986,iþ also means 'but'; and þande also means 'since'.,,
17-510-184-5,goth1244,Gothic,1577,jah,StandardOrth,and,lehmann1986,iþ also means 'but'; and þande also means 'since'.,,
17-510-184-7,goth1244,Gothic,1577,iþ,StandardOrth,and,lehmann1986,iþ also means 'but'; and þande also means 'since'.,,
17-510-184-9,goth1244,Gothic,1577,þanuh,StandardOrth,and,lehmann1986,iþ also means 'but'; and þande also means 'since'.,,
17-510-184-11,goth1244,Gothic,1577,þande,StandardOrth,and,lehmann1986,iþ also means 'but'; and þande also means 'since'.,,
17-510-184-13,goth1244,Gothic,1577,unte,StandardOrth,and,lehmann1986,iþ also means 'but'; and þande also means 'since'.,,
17-520-184-1,goth1244,Gothic,1157,duþe ei,StandardOrth,because,lehmann1986,,,
17-530-184-1,goth1244,Gothic,1459,jabai,StandardOrth,if,lehmann1986,,,
17-530-184-3,goth1244,Gothic,1459,þande,StandardOrth,if,lehmann1986,,,
17-530-184-5,goth1244,Gothic,1459,iþ,StandardOrth,if,lehmann1986,,,
17-540-184-1,goth1244,Gothic,1014,aiþþau,StandardOrth,or,lehmann1986,,,
17-540-184-3,goth1244,Gothic,1014,þau(h),StandardOrth,or,lehmann1986,,,
17-550-184-1,goth1244,Gothic,1268,ja,StandardOrth,"yes, affirmative",lehmann1986,,,
17-550-184-3,goth1244,Gothic,1268,jai,StandardOrth,"yes, affirmative",lehmann1986,,,
17-560-184-1,goth1244,Gothic,1269,ni,StandardOrth,"no, negative",lehmann1986,,,
17-610-184-1,goth1244,Gothic,1239,hwaiwa,StandardOrth,how?,lehmann1986,,,
17-620-184-1,goth1244,Gothic,822,hwaiwa,StandardOrth,how many?,lehmann1986,,,
17-630-184-1,goth1244,Gothic,531,hwaiwa,StandardOrth,how much?,lehmann1986,,,
17-640-184-1,goth1244,Gothic,1236,hwat,StandardOrth,what?,lehmann1986,,,
17-650-184-1,goth1244,Gothic,1238,hwan,StandardOrth,when?,lehmann1986,,,
17-660-184-1,goth1244,Gothic,1237,hwar,StandardOrth,where?,lehmann1986,,,
17-670-184-1,goth1244,Gothic,727,hwaþar,StandardOrth,which?,lehmann1986,,,
17-680-184-1,goth1244,Gothic,1235,hwas,StandardOrth,who?,lehmann1986,,,
17-690-184-1,goth1244,Gothic,1270,duhwe,StandardOrth,why?,lehmann1986,,,
18-110-184-1,goth1244,Gothic,1363,stibna,StandardOrth,voice,lehmann1986,,,
18-120-184-1,goth1244,Gothic,1261,siggwan,StandardOrth,sing,lehmann1986,,,
18-130-184-1,goth1244,Gothic,715,hropjan,StandardOrth,"shout, cry out",lehmann1986,,,
18-130-184-3,goth1244,Gothic,715,wopjan,StandardOrth,"shout, cry out",lehmann1986,,,
18-180-184-1,goth1244,Gothic,298,ufhropjan,StandardOrth,"shriek, screech",lehmann1986,,,
18-210-184-1,goth1244,Gothic,1623,rodjan,StandardOrth,"speak, talk",lehmann1986,,,
18-210-184-3,goth1244,Gothic,1623,maþljan,StandardOrth,"speak, talk",lehmann1986,,,
18-220-184-1,goth1244,Gothic,1458,qiþan,StandardOrth,say,lehmann1986,,,
18-230-184-1,goth1244,Gothic,48,þahan,StandardOrth,silent (be),lehmann1986,,,
18-230-184-3,goth1244,Gothic,48,slawan,StandardOrth,silent (be),lehmann1986,,,
18-240-184-1,goth1244,Gothic,1307,razda,StandardOrth,language,lehmann1986,,,
18-260-184-1,goth1244,Gothic,1599,waurd,StandardOrth,word,lehmann1986,,,
18-280-184-1,goth1244,Gothic,1405,namo,StandardOrth,name,lehmann1986,,,
18-310-184-1,goth1244,Gothic,1309,fraihnan,StandardOrth,"ask (question, inquire)",lehmann1986,,,
18-320-184-1,goth1244,Gothic,1275,andhafjan,StandardOrth,answer,lehmann1986,,,
18-320-184-3,goth1244,Gothic,1275,usbairan,StandardOrth,answer,lehmann1986,,,
18-330-184-1,goth1244,Gothic,2022,andhaitan,StandardOrth,"admit, confess",lehmann1986,,,
18-340-184-1,goth1244,Gothic,755,laugnjan,StandardOrth,deny,lehmann1986,,,
18-340-184-3,goth1244,Gothic,755,afaikan,StandardOrth,deny,lehmann1986,,,
18-350-184-1,goth1244,Gothic,1828,bidjan,StandardOrth,"ask, request",lehmann1986,,,
18-360-184-1,goth1244,Gothic,1675,gahaitan,StandardOrth,promise,lehmann1986,,,
18-380-184-1,goth1244,Gothic,83,faurbiudan,StandardOrth,forbid,lehmann1986,,,
18-390-184-1,goth1244,Gothic,299,sakan,StandardOrth,"rebuke, scold",lehmann1986,,,
18-390-184-3,goth1244,Gothic,299,gasakan,StandardOrth,"rebuke, scold",lehmann1986,,,
18-390-184-5,goth1244,Gothic,299,andbeitan,StandardOrth,"rebuke, scold",lehmann1986,,,
18-390-184-7,goth1244,Gothic,299,anahaitan,StandardOrth,"rebuke, scold",lehmann1986,,,
18-410-184-1,goth1244,Gothic,1084,haitan,StandardOrth,call (=summon),lehmann1986,,,
18-420-184-1,goth1244,Gothic,180,namnjan,StandardOrth,call (=name),lehmann1986,,,
18-420-184-3,goth1244,Gothic,180,haitan,StandardOrth,call (=name),lehmann1986,,,
18-430-184-1,goth1244,Gothic,9,gateikan,StandardOrth,announce,lehmann1986,"First form is 'announce, tell'; second form, 'proclaim'.",,
18-430-184-3,goth1244,Gothic,9,merjan,StandardOrth,announce,lehmann1986,"First form is 'announce, tell'; second form, 'proclaim'.",,
18-430-184-5,goth1244,Gothic,9,spillon,StandardOrth,announce,lehmann1986,"First form is 'announce, tell'; second form, 'proclaim'.",,
18-440-184-1,goth1244,Gothic,1192,hwotjan,StandardOrth,threaten,lehmann1986,,,
18-450-184-1,goth1244,Gothic,101,hwopan,StandardOrth,boast,lehmann1986,,,
18-510-184-1,goth1244,Gothic,1672,meljan,StandardOrth,write,lehmann1986,'Writing tablet' is spilda.,,
18-520-184-1,goth1244,Gothic,724,ussiggwan,StandardOrth,read,lehmann1986,,,
18-520-184-3,goth1244,Gothic,724,anakunnan,StandardOrth,read,lehmann1986,,,
18-610-184-1,goth1244,Gothic,963,bokos,StandardOrth,book,lehmann1986,Plural of boka 'letter'.,,
18-730-184-1,goth1244,Gothic,2136,haurn,StandardOrth,"horn, trumpet",lehmann1986,,,
19-110-184-1,goth1244,Gothic,1300,land,StandardOrth,country,lehmann1986,,,
19-120-184-1,goth1244,Gothic,89,gabaurþs,StandardOrth,one's native country,lehmann1986,,,
19-120-184-3,goth1244,Gothic,89,land,StandardOrth,one's native country,lehmann1986,,,
19-150-184-1,goth1244,Gothic,1391,baurgs,StandardOrth,"city, town",lehmann1986,,,
19-160-184-1,goth1244,Gothic,930,haims,StandardOrth,village,lehmann1986,,,
19-160-184-3,goth1244,Gothic,930,weihs,StandardOrth,village,lehmann1986,,,
19-170-184-1,goth1244,Gothic,1010,marka,StandardOrth,boundary,lehmann1986,,,
19-210-184-1,goth1244,Gothic,789,managei,StandardOrth,people (populace),lehmann1986,Latter form is 'a people'.,,
19-210-184-3,goth1244,Gothic,789,þiuda,StandardOrth,people (populace),lehmann1986,Latter form is 'a people'.,,
19-230-184-1,goth1244,Gothic,302,kuni,StandardOrth,"tribe, clan",lehmann1986,,,
19-250-184-1,goth1244,Gothic,1296,hrugga,StandardOrth,"staff, walking stick",lehmann1986,,,
19-250-184-3,goth1244,Gothic,1296,walus,StandardOrth,"staff, walking stick",lehmann1986,,,
19-310-184-1,goth1244,Gothic,1846,reikinon,StandardOrth,"rule, govern",lehmann1986,,,
19-320-184-1,goth1244,Gothic,1508,þiudans,StandardOrth,"king, ruler",lehmann1986,,,
19-360-184-1,goth1244,Gothic,482,manna godakunds,StandardOrth,"noble, nobleman",lehmann1986,Lit. 'a man of good family'.,,
19-370-184-1,goth1244,Gothic,1032,baurgja,StandardOrth,"citizen, subject",lehmann1986,,,
19-410-184-1,goth1244,Gothic,383,frauja,StandardOrth,master,lehmann1986,,,
19-420-184-1,goth1244,Gothic,812,skalks,StandardOrth,slave,lehmann1986,,,
19-420-184-3,goth1244,Gothic,812,þius,StandardOrth,slave,lehmann1986,,,
19-430-184-1,goth1244,Gothic,255,andbahts,StandardOrth,servant,lehmann1986,,,
19-450-184-1,goth1244,Gothic,1128,haitan,StandardOrth,"command, order",lehmann1986,,,
19-450-184-3,goth1244,Gothic,1128,anabiudan,StandardOrth,"command, order",lehmann1986,,,
19-460-184-1,goth1244,Gothic,1635,ufhausjan,StandardOrth,obey,lehmann1986,,,
19-470-184-1,goth1244,Gothic,1003,letan,StandardOrth,"let, permit",lehmann1986,,,
19-470-184-3,goth1244,Gothic,1003,uslaubjan,StandardOrth,"let, permit",lehmann1986,,,
19-510-184-1,goth1244,Gothic,1325,frijonds,StandardOrth,"friend, companion",lehmann1986,,,
19-520-184-1,goth1244,Gothic,1358,fijands,StandardOrth,enemy,lehmann1986,,,
19-540-184-1,goth1244,Gothic,1332,garazna,StandardOrth,neighbor,lehmann1986,,,
19-550-184-1,goth1244,Gothic,791,gasts,StandardOrth,stranger,lehmann1986,,,
19-570-184-1,goth1244,Gothic,1545,wairdus,StandardOrth,host,lehmann1986,,,
19-580-184-1,goth1244,Gothic,1897,hilpan,StandardOrth,"help, aid",lehmann1986,,,
19-590-184-1,goth1244,Gothic,1550,warjan,StandardOrth,"hinder, prevent",lehmann1986,,,
19-590-184-3,goth1244,Gothic,1550,analatjan,StandardOrth,"hinder, prevent",lehmann1986,,,
19-590-184-5,goth1244,Gothic,1550,galatjan,StandardOrth,"hinder, prevent",lehmann1986,,,
19-610-184-1,goth1244,Gothic,1747,sidus,StandardOrth,custom,lehmann1986,,,
19-610-184-3,goth1244,Gothic,1747,biuhti,StandardOrth,custom,lehmann1986,,,
19-620-184-1,goth1244,Gothic,1848,haifsts,StandardOrth,"strife, quarrel",lehmann1986,,,
19-620-184-3,goth1244,Gothic,1848,sakjo,StandardOrth,"strife, quarrel",lehmann1986,,,
19-620-184-5,goth1244,Gothic,1848,þwairhei,StandardOrth,"strife, quarrel",lehmann1986,,,
19-650-184-1,goth1244,Gothic,1831,gamotjan,StandardOrth,meet,lehmann1986,,,
19-720-184-1,goth1244,Gothic,1610,kalkjo,StandardOrth,prostitute,lehmann1986,,,
20-110-184-1,goth1244,Gothic,1423,weihan,StandardOrth,fight (vb),lehmann1986,,,
20-130-184-1,goth1244,Gothic,579,waihjo,StandardOrth,"war, battle",lehmann1986,Latter form is dative singular.,,
20-130-184-3,goth1244,Gothic,579,wigana,StandardOrth,"war, battle",lehmann1986,Latter form is dative singular.,,
20-140-184-1,goth1244,Gothic,1338,gawairþi,StandardOrth,peace,lehmann1986,,,
20-150-184-1,goth1244,Gothic,1561,harjis,StandardOrth,army,lehmann1986,,,
20-170-184-1,goth1244,Gothic,1941,gadrauhts,StandardOrth,soldier,lehmann1986,,,
20-210-184-1,goth1244,Gothic,951,wepna,StandardOrth,"weapons, arms",lehmann1986,,,
20-220-184-1,goth1244,Gothic,1763,triu,StandardOrth,club,lehmann1986,Plural form.,,
20-250-184-1,goth1244,Gothic,977,arhwazna,StandardOrth,arrow,lehmann1986,,,
20-270-184-1,goth1244,Gothic,1535,hairus,StandardOrth,sword,lehmann1986,,,
20-270-184-3,goth1244,Gothic,1535,meki,StandardOrth,sword,lehmann1986,,,
20-310-184-1,goth1244,Gothic,1061,sarwa,StandardOrth,armor (defensive),lehmann1986,,,
20-330-184-1,goth1244,Gothic,1680,hilms,StandardOrth,helmet,lehmann1986,,,
20-340-184-1,goth1244,Gothic,1064,skildus,StandardOrth,shield,lehmann1986,,,
20-360-184-1,goth1244,Gothic,1671,kelikn,StandardOrth,tower,lehmann1986,,,
20-410-184-1,goth1244,Gothic,783,sigis,StandardOrth,victory,lehmann1986,,,
20-450-184-1,goth1244,Gothic,421,þlauhs,StandardOrth,retreat,lehmann1986,Means 'flight'.,,
20-460-184-1,goth1244,Gothic,1696,atgiban,StandardOrth,surrender,lehmann1986,,,
20-470-184-1,goth1244,Gothic,1072,frahunþans,StandardOrth,"captive, prisoner",lehmann1986,,,
20-510-184-1,goth1244,Gothic,1858,fiskja,StandardOrth,fisherman,lehmann1986,,,
20-510-184-3,goth1244,Gothic,1858,nuta,StandardOrth,fisherman,lehmann1986,,,
20-540-184-1,goth1244,Gothic,388,nati,StandardOrth,fishnet,lehmann1986,,,
20-540-184-3,goth1244,Gothic,388,snorjo,StandardOrth,fishnet,lehmann1986,,,
21-110-184-1,goth1244,Gothic,1062,witoþ,StandardOrth,law,lehmann1986,,,
21-160-184-1,goth1244,Gothic,1818,stojan,StandardOrth,judge (vb),lehmann1986,,,
21-160-184-3,goth1244,Gothic,1818,domjan,StandardOrth,judge (vb),lehmann1986,,,
21-170-184-1,goth1244,Gothic,1067,staua,StandardOrth,judgment,lehmann1986,,,
21-170-184-3,goth1244,Gothic,1067,doms,StandardOrth,judgment,lehmann1986,,,
21-180-184-1,goth1244,Gothic,861,staua,StandardOrth,judge (noun),lehmann1986,,,
21-230-184-1,goth1244,Gothic,1144,weitwoþs,StandardOrth,witness,lehmann1986,,,
21-240-184-1,goth1244,Gothic,1939,swaran,StandardOrth,swear,lehmann1986,,,
21-250-184-1,goth1244,Gothic,1712,aiþs,StandardOrth,oath,lehmann1986,,,
21-310-184-1,goth1244,Gothic,1814,wrohjan,StandardOrth,accuse,lehmann1986,,,
21-320-184-1,goth1244,Gothic,484,afdomjan,StandardOrth,condemn,lehmann1986,,,
21-320-184-3,goth1244,Gothic,484,gawargjan,StandardOrth,condemn,lehmann1986,,,
21-330-184-1,goth1244,Gothic,983,gasakan,StandardOrth,convict (vb),lehmann1986,,,
21-340-184-1,goth1244,Gothic,988,fraletan,StandardOrth,acquit,lehmann1986,,,
21-350-184-1,goth1244,Gothic,1682,skula,StandardOrth,guilty,lehmann1986,,,
21-360-184-1,goth1244,Gothic,90,swikns,StandardOrth,innocent,lehmann1986,,,
21-370-184-1,goth1244,Gothic,390,balweins,StandardOrth,"penalty, punishment",lehmann1986,,,
21-390-184-1,goth1244,Gothic,1281,karkara,StandardOrth,"prison, jail",lehmann1986,,,
21-420-184-1,goth1244,Gothic,845,maurþr,StandardOrth,murder,lehmann1986,,,
21-430-184-1,goth1244,Gothic,902,kalkinassus,StandardOrth,adultery,lehmann1986,,,
21-430-184-3,goth1244,Gothic,902,horinassus,StandardOrth,adultery,lehmann1986,,,
21-470-184-1,goth1244,Gothic,1792,galiuga-weitwodiþa,StandardOrth,perjury,lehmann1986,Inferred from galiuga-weitwoþs 'perjurer.',,
21-510-184-1,goth1244,Gothic,713,hlifan,StandardOrth,steal,lehmann1986,,,
21-510-184-3,goth1244,Gothic,713,stilan,StandardOrth,steal,lehmann1986,,,
21-510-184-5,goth1244,Gothic,713,biniman,StandardOrth,steal,lehmann1986,,,
21-520-184-1,goth1244,Gothic,1160,hliftus,StandardOrth,thief,lehmann1986,,,
22-120-184-1,goth1244,Gothic,1944,guþ,StandardOrth,God,lehmann1986,,,
22-130-184-1,goth1244,Gothic,911,alhs,StandardOrth,"temple, church",lehmann1986,,,
22-130-184-3,goth1244,Gothic,911,gudhus,StandardOrth,"temple, church",lehmann1986,,,
22-140-184-1,goth1244,Gothic,853,hunslastaþs,StandardOrth,altar,lehmann1986,,,
22-150-184-1,goth1244,Gothic,1103,hunsl,StandardOrth,"sacrifice, offering",lehmann1986,,,
22-150-184-3,goth1244,Gothic,1103,sauþs,StandardOrth,"sacrifice, offering",lehmann1986,,,
22-160-184-1,goth1244,Gothic,257,inweitan,StandardOrth,worship,lehmann1986,,,
22-160-184-3,goth1244,Gothic,257,blotan,StandardOrth,worship,lehmann1986,,,
22-170-184-1,goth1244,Gothic,24,bidjan,StandardOrth,pray,lehmann1986,,,
22-180-184-1,goth1244,Gothic,852,gutja,StandardOrth,priest,lehmann1986,,,
22-190-184-1,goth1244,Gothic,1702,weihs,StandardOrth,"holy, sacred",lehmann1986,,,
22-190-184-3,goth1244,Gothic,1702,hailags,StandardOrth,"holy, sacred",lehmann1986,,,
22-220-184-1,goth1244,Gothic,304,merjan,StandardOrth,preach,lehmann1986,,,
22-230-184-1,goth1244,Gothic,391,þiuþjan,StandardOrth,bless,lehmann1986,,,
22-240-184-1,goth1244,Gothic,8,fraqiþan,StandardOrth,curse,lehmann1986,,,
22-240-184-3,goth1244,Gothic,8,unþiuþjan,StandardOrth,curse,lehmann1986,,,
22-260-184-1,goth1244,Gothic,303,fastan,StandardOrth,fast (vb),lehmann1986,,,
22-310-184-1,goth1244,Gothic,1565,himins,StandardOrth,heaven,lehmann1986,,,
22-320-184-1,goth1244,Gothic,878,halja,StandardOrth,hell,lehmann1986,,,
22-320-184-3,goth1244,Gothic,878,gaiainno,StandardOrth,hell,lehmann1986,,,
22-350-184-1,goth1244,Gothic,1973,unhulþo,StandardOrth,demon (evil spirit),lehmann1986,,,
22-350-184-3,goth1244,Gothic,1973,skohsl,StandardOrth,demon (evil spirit),lehmann1986,,,
22-420-184-1,goth1244,Gothic,392,lubjaleisei,StandardOrth,"magic, witchcraft, sorcery",lehmann1986,,,
22-430-184-1,goth1244,Gothic,2137,lubjaleis,StandardOrth,"sorcerer, witch",lehmann1986,,,
22-470-184-1,goth1244,Gothic,107,taikns,StandardOrth,"omen, portent",lehmann1986,,,
