ID,Language_ID,Language_name,Parameter_ID,Value,Transcription,Concept,Source,Comment,AlternativeValue,AlternativeTranscription
14-320-424-1,gree1278,Sanchong Kelao,1852,ćin.33 saŋ.35,Phonemic,often,,,,
14-310-424-1,gree1278,Sanchong Kelao,1676,ćin.42 tau.42,Phonemic,always,,,,
14-290-424-1,gree1278,Sanchong Kelao,790,(səu.33 sI.31) ʔie.42,Phonemic,ready,,,,
14-280-424-1,gree1278,Sanchong Kelao,1928,thin.31,Phonemic,"cease, stop",,,,
14-270-424-1,gree1278,Sanchong Kelao,1766,ma.31 ʔaŋ.42 mo.42,Phonemic,finish,,,,
14-260-424-1,gree1278,Sanchong Kelao,743,sa.31 ko.31,Phonemic,end (temporal),,,,
14-250-424-1,gree1278,Sanchong Kelao,1806,ko.31 pa.42 khuai.42,Phonemic,"begin, beginning",,,,
14-240-424-1,gree1278,Sanchong Kelao,425,taŋ.33 ko.31,Phonemic,"retard, delay",,,,
14-230-424-1,gree1278,Sanchong Kelao,754,khe.13 hui.35,Phonemic,"hasten, hurry",,,,
14-220-424-1,gree1278,Sanchong Kelao,701,phi.31,Phonemic,slow,,,,
14-210-424-1,gree1278,Sanchong Kelao,1631,hui.35,Phonemic,"swift, fast, quick",,,,
14-180-424-1,gree1278,Sanchong Kelao,1376,saŋ.55 naŋ.42,Phonemic,now,,,,
14-170-424-1,gree1278,Sanchong Kelao,477,lin.31,Phonemic,late,,,,
14-160-424-1,gree1278,Sanchong Kelao,672,khuai.42,Phonemic,early,,,,
14-150-424-1,gree1278,Sanchong Kelao,1229,ʔjəu.35,Phonemic,old,,,,
14-140-424-1,gree1278,Sanchong Kelao,1207,ŋkuai.31 lai.31 ntja.35,Phonemic,young,,,,
14-120-424-1,gree1278,Sanchong Kelao,1789,ŋkuai.31 lai.31,Phonemic,age,,,,
14-130-424-1,gree1278,Sanchong Kelao,1231,pa.42  łjo.35,Phonemic,new,,,,
13-370-424-1,gree1278,Sanchong Kelao,1888,zuai.31,Phonemic,pair,,,,
13-350-424-1,gree1278,Sanchong Kelao,1529,pa.42 lji.31,Phonemic,last,,,,
13-330-424-1,gree1278,Sanchong Kelao,1580,sI.55 hən.42,Phonemic,"alone, only",,,,
13-240-424-1,gree1278,Sanchong Kelao,816,mpa.42,Phonemic,half,,,,
13-220-424-1,gree1278,Sanchong Kelao,1624,ma.31 ʔaŋ.42,Phonemic,empty,,,,
13-210-424-1,gree1278,Sanchong Kelao,1429,tai.13,Phonemic,full,,,,
13-190-424-1,gree1278,Sanchong Kelao,2023,həŋ.35 ʔai.42,Phonemic,"multitude, crowd",,,,
13-181-424-1,gree1278,Sanchong Kelao,1241,sI.55 ŋkui.42,Phonemic,some,,,,
13-170-424-1,gree1278,Sanchong Kelao,1242,ntja.42,Phonemic,"little (quantity), few",,,,
13-180-424-1,gree1278,Sanchong Kelao,1881,ʔaŋ.42,Phonemic,enough,,,,
13-160-424-1,gree1278,Sanchong Kelao,1992,ca.31 sI.31 ʔe.13,Phonemic,more,,,,
13-150-424-1,gree1278,Sanchong Kelao,1198,ʔe.13,Phonemic,"much, many",,,,
13-140-424-1,gree1278,Sanchong Kelao,98,ʒi.31 ha.13,Phonemic,"every, all",,,,
13-107-424-1,gree1278,Sanchong Kelao,1420,ləu.31,Phonemic,count,,,,
13-106-424-1,gree1278,Sanchong Kelao,1843,sI.55 ŋen.31,Phonemic,thousand,,,,
13-105-424-1,gree1278,Sanchong Kelao,1634,sI.55 hai.42,Phonemic,hundred,,,,
13-104-424-1,gree1278,Sanchong Kelao,1710,səu.42 hue.13 ma.42,Phonemic,twenty,,,,
13-103-424-1,gree1278,Sanchong Kelao,1709,mau.31 ma.42 śe.13,Phonemic,fifteen,,,,
13-102-424-1,gree1278,Sanchong Kelao,1707,səu.42 ma.42 śe.13,Phonemic,twelve,,,,
13-101-424-1,gree1278,Sanchong Kelao,1706,sI.35 ma.42 śe.13,Phonemic,eleven,,,,
13-100-424-1,gree1278,Sanchong Kelao,1515,hye.13,Phonemic,ten,,,,
13-90-424-1,gree1278,Sanchong Kelao,1483,sau.31,Phonemic,nine,,,,
13-80-424-1,gree1278,Sanchong Kelao,1705,ɣe.31,Phonemic,eight,,,,
13-70-424-1,gree1278,Sanchong Kelao,1704,te.42,Phonemic,seven,,,,
13-60-424-1,gree1278,Sanchong Kelao,1703,mjaŋ.~́,Phonemic,six,,,,
13-50-424-1,gree1278,Sanchong Kelao,493,mau.31,Phonemic,five,,,,
13-40-424-1,gree1278,Sanchong Kelao,1500,pau.42,Phonemic,four,,,,
13-20-424-1,gree1278,Sanchong Kelao,1498,səu.42,Phonemic,two,,,,
13-30-424-1,gree1278,Sanchong Kelao,492,tji.42,Phonemic,three,,,,
13-10-424-1,gree1278,Sanchong Kelao,1493,sI.55,Phonemic,one,,,,
13-0-424-1,gree1278,Sanchong Kelao,1294,ma.31 ʔaŋ.42,Phonemic,"zero, nothing",,,,
12-930-424-1,gree1278,Sanchong Kelao,1264,thjai.42,Phonemic,change,,,,
12-920-424-1,gree1278,Sanchong Kelao,1558,ŋka.31,Phonemic,"like, similar",,,,
12-840-424-1,gree1278,Sanchong Kelao,1048,ʒ́i.13 (ći.13),Phonemic,line,,,,
12-850-424-1,gree1278,Sanchong Kelao,1667,pa.42 puŋ.31,Phonemic,hole,,,,
12-810-424-1,gree1278,Sanchong Kelao,1395,yan.31,Phonemic,round,,,,
12-780-424-1,gree1278,Sanchong Kelao,850,ʔa.42 sI.13 faŋ.42,Phonemic,square,,,,
12-770-424-1,gree1278,Sanchong Kelao,1367,ʔa.42 ćau.42 cha.42,Phonemic,cross,,,,
12-760-424-1,gree1278,Sanchong Kelao,192,ve.31 ćhe.42,Phonemic,corner,,,,
12-750-424-1,gree1278,Sanchong Kelao,1071,ʔa.42 kəu.42 kəu.42,Phonemic,hook,,,,
12-740-424-1,gree1278,Sanchong Kelao,297,ŋkau.42,Phonemic,crooked,,,,
12-730-424-1,gree1278,Sanchong Kelao,1404,nco.31,Phonemic,straight,,,,
12-710-424-1,gree1278,Sanchong Kelao,1633,nto.42,Phonemic,flat,,,,
12-680-424-1,gree1278,Sanchong Kelao,193,lən.42,Phonemic,shallow,,,,
12-670-424-1,gree1278,Sanchong Kelao,1593,lja.13,Phonemic,deep,,,,
12-650-424-1,gree1278,Sanchong Kelao,2249,ʔau.42,Phonemic,thin (in dimension),,,,
12-630-424-1,gree1278,Sanchong Kelao,1244,ləu.31,Phonemic,thick (in dimension),,,,
12-620-424-1,gree1278,Sanchong Kelao,1267,cI.13,Phonemic,narrow,,,,
12-610-424-1,gree1278,Sanchong Kelao,1243,khuan.42,Phonemic,"wide, broad",,,,
12-590-424-1,gree1278,Sanchong Kelao,1645,ńhaŋ.35,Phonemic,short,,,,
12-580-424-1,gree1278,Sanchong Kelao,711,ɣua.31,Phonemic,tall,,,,
12-570-424-1,gree1278,Sanchong Kelao,1203,ɣe.42,Phonemic,long,,,,
12-560-424-1,gree1278,Sanchong Kelao,1246,ntja.42,Phonemic,"small, little",,,,
12-550-424-1,gree1278,Sanchong Kelao,1202,łjuŋ.42,Phonemic,"large, big",,,,
12-541-424-1,gree1278,Sanchong Kelao,81,hi.31,Phonemic,"span, fathom",,,,
12-540-424-1,gree1278,Sanchong Kelao,1506,mpai.31,Phonemic,measure,,,,
12-530-424-1,gree1278,Sanchong Kelao,479,tu.35,Phonemic,grow,,,,
12-430-424-1,gree1278,Sanchong Kelao,1942,ʔaŋ.42 ljəu.42,Phonemic,near (adv),,,,
12-430-424-3,gree1278,Sanchong Kelao,1942,ʔaŋ.42 lje.31,Phonemic,near (adv),,,,
12-420-424-1,gree1278,Sanchong Kelao,244,pa.42 mha.42,Phonemic,left (side),,,,
12-410-424-1,gree1278,Sanchong Kelao,1019,pa.42 ŋkəu.13 (ŋəu.13),Phonemic,right (side),,,,
12-370-424-1,gree1278,Sanchong Kelao,1093,lau.42 təu.13,Phonemic,"middle, center",,,,
12-360-424-1,gree1278,Sanchong Kelao,682,ɣai.13,Phonemic,side,,,,
12-353-424-1,gree1278,Sanchong Kelao,863,ʔa.42 ɣo.13,Phonemic,edge,,,,
12-352-424-1,gree1278,Sanchong Kelao,372,hau.42,Phonemic,pointed,,,,
12-350-424-1,gree1278,Sanchong Kelao,742,ha.13 tin.42 tin.42,Phonemic,end,,,,
12-340-424-1,gree1278,Sanchong Kelao,690,śəu.35,Phonemic,bottom,,,,
12-320-424-1,gree1278,Sanchong Kelao,721,śəu.35,Phonemic,low,,,,
12-330-424-1,gree1278,Sanchong Kelao,1753,lau.42 ha.13,Phonemic,top,,,,
12-310-424-1,gree1278,Sanchong Kelao,1265,ɣua.42,Phonemic,high,,,,
12-270-424-1,gree1278,Sanchong Kelao,602,ʔe.35 ćhi.42,Phonemic,"hide, conceal",,,,
12-250-424-1,gree1278,Sanchong Kelao,1046,thjaŋ.42 (ŋhau.42),Phonemic,"shut, close",,,,
12-250-424-3,gree1278,Sanchong Kelao,1046,pi.13 (pa.42 mpai.13),Phonemic,"shut, close",,,,
12-260-424-1,gree1278,Sanchong Kelao,761,thjaŋ.42,Phonemic,cover,,,,
12-240-424-1,gree1278,Sanchong Kelao,1156,ha.42,Phonemic,open,,,,
12-232-424-1,gree1278,Sanchong Kelao,1119,sau.42,Phonemic,divide,,,,
12-230-424-1,gree1278,Sanchong Kelao,1359,sau.42 maŋ.42,Phonemic,separate,,,,
12-220-424-1,gree1278,Sanchong Kelao,1743,təu.13 ʒe.31 kaŋ.13,Phonemic,"join, unite",,,,
12-213-424-1,gree1278,Sanchong Kelao,1576,cai.42,Phonemic,pile up,,,,
12-212-424-1,gree1278,Sanchong Kelao,371,mpai.31 ćhi.42,Phonemic,pick up,,,,
12-210-424-1,gree1278,Sanchong Kelao,7,ʔe.35 ćhi.42,Phonemic,"collect, gather",,,,
12-170-424-1,gree1278,Sanchong Kelao,838,zai.31,Phonemic,"remains, left overs",,,,
12-160-424-1,gree1278,Sanchong Kelao,987,ko.13,Phonemic,"remain, stay",,,,
12-160-424-3,gree1278,Sanchong Kelao,987,ʔaŋ.42,Phonemic,"remain, stay",,,,
12-150-424-1,gree1278,Sanchong Kelao,1442,zau.31,Phonemic,stand,,,,
12-140-424-1,gree1278,Sanchong Kelao,215,ŋe.13,Phonemic,lie down,,,,
12-130-424-1,gree1278,Sanchong Kelao,1416,śuai.13,Phonemic,sit,,,,
12-120-424-1,gree1278,Sanchong Kelao,998,ɣa.31,Phonemic,put,,,,
12-110-424-1,gree1278,Sanchong Kelao,723,pa.42 ljuŋ.42,Phonemic,place,,,,
12-80-424-1,gree1278,Sanchong Kelao,1591,ko.13 pe.42 ʔe.42,Phonemic,"up, above",,,,
12-70-424-1,gree1278,Sanchong Kelao,1485,ko.13 pa.42 ləu.31,Phonemic,under,,,,
12-60-424-1,gree1278,Sanchong Kelao,762,ko.13 lo.42 pja.42,Phonemic,outside,,,,
12-50-424-1,gree1278,Sanchong Kelao,1606,ko.13 ʔa.42 ŋkuai.42,Phonemic,"inside, in",,,,
12-41-424-1,gree1278,Sanchong Kelao,1883,ko.13 pa.42 khuai.42,Phonemic,front,,,,
12-30-424-1,gree1278,Sanchong Kelao,2094,pa.42 ləu.31,Phonemic,"down, below",,,,
12-20-424-1,gree1278,Sanchong Kelao,1816,ʒe.31 tau.42,Phonemic,beside,,,,
12-11-424-1,gree1278,Sanchong Kelao,1686,pa.42 lin.31,Phonemic,behind,,,,
12-10-424-1,gree1278,Sanchong Kelao,1685,pa.42 lin.31,Phonemic,after,,,,
11-920-424-1,gree1278,Sanchong Kelao,1098,ŋkaŋ.13,Phonemic,weigh,,,,
11-910-424-1,gree1278,Sanchong Kelao,884,sau.42,Phonemic,share (distribute),,,,
11-890-424-1,gree1278,Sanchong Kelao,1887,nto.42 haŋ.42,Phonemic,cheap,,,,
11-880-424-1,gree1278,Sanchong Kelao,1426,ljəu.42,Phonemic,"dear (costly, expensive)",,,,
11-860-424-1,gree1278,Sanchong Kelao,752,ʔa.42 saŋ.33 tjan.13,Phonemic,"store, shop",,,,
11-850-424-1,gree1278,Sanchong Kelao,633,ći.31 sI.13,Phonemic,market (place),,,,
11-840-424-1,gree1278,Sanchong Kelao,1082,le.31 ʒe.35 śy.13,Phonemic,merchant,,,,
11-830-424-1,gree1278,Sanchong Kelao,2135,chən.35 hue.35,Phonemic,"trade, barter",,,,
11-820-424-1,gree1278,Sanchong Kelao,1571,hue.42,Phonemic,sell,,,,
11-810-424-1,gree1278,Sanchong Kelao,1869,chən.42,Phonemic,buy,,,,
11-790-424-1,gree1278,Sanchong Kelao,733,me.13 ko.13 zai.31,Phonemic,earn,,,,
11-780-424-1,gree1278,Sanchong Kelao,1122,ko.13 zai.13,Phonemic,wages,,,,
11-770-424-1,gree1278,Sanchong Kelao,856,ku.13,Phonemic,hire,,,,
11-690-424-1,gree1278,Sanchong Kelao,873,ne.13,Phonemic,"tax, tribute",,,,
11-650-424-1,gree1278,Sanchong Kelao,718,chI.35 ko.13 zai.31,Phonemic,pay (vb),,,,
11-640-424-1,gree1278,Sanchong Kelao,1914,cha.35 ko.13 zai.31,Phonemic,debt,,,,
11-630-424-1,gree1278,Sanchong Kelao,369,cha.42,Phonemic,owe,,,,
11-620-424-1,gree1278,Sanchong Kelao,1823,ncai.31 thuŋ.13 luŋ.31,Phonemic,borrow,,,,
11-620-424-3,gree1278,Sanchong Kelao,1823,ncai.31 ljŋ.31 lji.35,Phonemic,borrow,,,,
11-610-424-1,gree1278,Sanchong Kelao,582,ncai.31 thjuŋ.13 ʒəu.42,Phonemic,lend,,,,
11-540-424-1,gree1278,Sanchong Kelao,1774,ʔa.42 ʔai.42 haŋ.42,Phonemic,"avaricious, stingy",,,,
11-530-424-1,gree1278,Sanchong Kelao,1934,pu.55 njau.42,Phonemic,beggar,,,,
11-520-424-1,gree1278,Sanchong Kelao,1674,səu.42,Phonemic,poor,,,,
11-510-424-1,gree1278,Sanchong Kelao,712,ʔa.42 ŋo.13 zai.31,Phonemic,rich,,,,
11-440-424-1,gree1278,Sanchong Kelao,1867,ʔa.42 hau.31 cI.42,Phonemic,coin,,,,
11-430-424-1,gree1278,Sanchong Kelao,1559,ŋo.13 zai.31,Phonemic,money,,,,
11-340-424-1,gree1278,Sanchong Kelao,1095,ɣa.31 ni.35 ʒəu.42,Phonemic,"release, let go",,,,
11-330-424-1,gree1278,Sanchong Kelao,1660,ma.31 me.13 tjo.42,Phonemic,lose,,,,
11-320-424-1,gree1278,Sanchong Kelao,719,me.13 paŋ.13,Phonemic,find,,,,
11-310-424-1,gree1278,Sanchong Kelao,1468,me.13 (pa.42 łja.13),Phonemic,"seek, look for",,,,
11-280-424-1,gree1278,Sanchong Kelao,44,kho.35 łai.13,Phonemic,"harm, injure, damage",,,,
11-270-424-1,gree1278,Sanchong Kelao,681,kho.35,Phonemic,destroy,,,,
11-250-424-1,gree1278,Sanchong Kelao,2008,ćiəu.13,Phonemic,"save, rescue",,,,
11-240-424-1,gree1278,Sanchong Kelao,1997,cau.13 kuan.42,Phonemic,"preserve, look after",,,,
11-220-424-1,gree1278,Sanchong Kelao,85,cha.13,Phonemic,give back,,,,
11-210-424-1,gree1278,Sanchong Kelao,1447,ni.35,Phonemic,give,,,,
11-180-424-1,gree1278,Sanchong Kelao,738,sI.55 naŋ.42,Phonemic,thing,,,,
11-160-424-1,gree1278,Sanchong Kelao,694,paŋ.13,Phonemic,"get, obtain",,,,
11-150-424-1,gree1278,Sanchong Kelao,1448,ɣe.42,Phonemic,hold,,,,
11-140-424-1,gree1278,Sanchong Kelao,2021,ńaŋ.13 ćhi.42,Phonemic,"seize, grasp",,,,
11-130-424-1,gree1278,Sanchong Kelao,1749,mje.42,Phonemic,take,,,,
11-130-424-3,gree1278,Sanchong Kelao,1749,chi.35,Phonemic,take,,,,
11-110-424-1,gree1278,Sanchong Kelao,773,ʔa.42,Phonemic,have,,,,
10-831-424-1,gree1278,Sanchong Kelao,1970,pha.35 cI.42,Phonemic,canoe,,,,
10-780-424-1,gree1278,Sanchong Kelao,14,ʔa.42 va.13 lei.31,Phonemic,yoke,,,,
10-750-424-1,gree1278,Sanchong Kelao,122,che.35,Phonemic,"carriage, wagon, cart",,,,
10-740-424-1,gree1278,Sanchong Kelao,1011,ma.42 tji.42,Phonemic,bridge,,,,
10-720-424-1,gree1278,Sanchong Kelao,2252,to.35 hən.42 tja.42,Phonemic,path,,,,
10-710-424-1,gree1278,Sanchong Kelao,667,to.35 hən.42,Phonemic,road,,,,
10-710-424-3,gree1278,Sanchong Kelao,667,to.35 hən.42 łjuŋ.42,Phonemic,road,,,,
10-670-424-1,gree1278,Sanchong Kelao,1452,chəu.42,Phonemic,"push, shove",,,,
10-660-424-1,gree1278,Sanchong Kelao,367,nhe.35 (ńəu.42),Phonemic,ride,,,,
10-640-424-1,gree1278,Sanchong Kelao,43,hui.42 hən.42,Phonemic,lead (vb),,,,
10-630-424-1,gree1278,Sanchong Kelao,1127,chI.35 ʒu.42,Phonemic,send,,,,
10-620-424-1,gree1278,Sanchong Kelao,692,hui.42 luŋ.31,Phonemic,bring,,,,
10-615-424-1,gree1278,Sanchong Kelao,415,ća.13,Phonemic,carry-underarm,,,,
10-614-424-1,gree1278,Sanchong Kelao,414,to.35 kho.13 ʔlau.13 ha.13,Phonemic,carry-on-head,,,,
10-613-424-1,gree1278,Sanchong Kelao,413,mpai.13,Phonemic,carry-on-shoulder,,,,
10-612-424-1,gree1278,Sanchong Kelao,412,thai.31,Phonemic,carry-in-hand,,,,
10-610-424-1,gree1278,Sanchong Kelao,700,chI.35,Phonemic,carry (bear),,,,
10-570-424-1,gree1278,Sanchong Kelao,749,thjuŋ.13,Phonemic,enter,,,,
10-560-424-1,gree1278,Sanchong Kelao,1778,ʒe.31 kaŋ.13,Phonemic,approach,,,,
10-550-424-1,gree1278,Sanchong Kelao,1387,tau.42 thjo.35,Phonemic,"reach, arrive",,,,
10-530-424-1,gree1278,Sanchong Kelao,1047,khe.13 hui.31,Phonemic,pursue,,,,
10-520-424-1,gree1278,Sanchong Kelao,1085,ʒe.31 tau.42,Phonemic,follow,,,,
10-491-424-1,gree1278,Sanchong Kelao,485,ma.31 qha.42,Phonemic,disappear,,,,
10-481-424-1,gree1278,Sanchong Kelao,581,tau.13 ncən.31 (dzen.31),Phonemic,come back,,,,
10-480-424-1,gree1278,Sanchong Kelao,1446,luŋ.31,Phonemic,come,,,,
10-474-424-1,gree1278,Sanchong Kelao,1107,ntjau.13 ʒəu.42,Phonemic,go out,,,,
10-473-424-1,gree1278,Sanchong Kelao,2014,pa.42 lƛu.31 hye.35,Phonemic,go down,,,,
10-472-424-1,gree1278,Sanchong Kelao,1102,pe.42 ʔe.42 ʔʒi.42,Phonemic,climb,,,,
10-470-424-1,gree1278,Sanchong Kelao,695,ʒəu.42,Phonemic,go,,,,
10-471-424-1,gree1278,Sanchong Kelao,705,pe.42 ʔe.42 hye.42,Phonemic,go up,,,,
10-460-424-1,gree1278,Sanchong Kelao,1519,suai.42,Phonemic,run,,,,
10-450-424-1,gree1278,Sanchong Kelao,1443,hye.31 hən.42,Phonemic,walk,,,,
10-431-424-1,gree1278,Sanchong Kelao,1135,nji.31,Phonemic,kick,,,,
10-430-424-1,gree1278,Sanchong Kelao,1829,zo.13,Phonemic,"jump, leap",,,,
10-420-424-1,gree1278,Sanchong Kelao,1324,ljau.31,Phonemic,"slide, slip",,,,
10-413-424-1,gree1278,Sanchong Kelao,296,khu.31 ći.42,Phonemic,crouch,,,,
10-412-424-1,gree1278,Sanchong Kelao,66,pji.35 khuŋ.35,Phonemic,kneel,,,,
10-410-424-1,gree1278,Sanchong Kelao,96,ʔʒi.42,Phonemic,"creep, crawl",,,,
10-380-424-1,gree1278,Sanchong Kelao,175,ho.13,Phonemic,blow,,,,
10-370-424-1,gree1278,Sanchong Kelao,1441,śy.13,Phonemic,fly (vb),,,,
10-352-424-1,gree1278,Sanchong Kelao,365,ha.35 ʔuŋ.35,Phonemic,splash,,,,
10-351-424-1,gree1278,Sanchong Kelao,119,łjaŋ.35 to.42 lo.42 ʔuŋ.35 (ŋ.35),Phonemic,dive,,,,
10-340-424-1,gree1278,Sanchong Kelao,1574,pjau.35 ćhi.42,Phonemic,float,,,,
10-330-424-1,gree1278,Sanchong Kelao,1088,tjo.13,Phonemic,sink,,,,
10-320-424-1,gree1278,Sanchong Kelao,2003,ʒe.13,Phonemic,flow,,,,
10-260-424-1,gree1278,Sanchong Kelao,1909,ʒau.31,Phonemic,shake,,,,
10-252-424-1,gree1278,Sanchong Kelao,702,khui.35,Phonemic,catch (ball),,,,
10-250-424-1,gree1278,Sanchong Kelao,1456,ɣua.42 (wa.42),Phonemic,throw,,,,
10-240-424-1,gree1278,Sanchong Kelao,2253,ʒe.13 (ʔuŋ.35),Phonemic,drip,,,,
10-230-424-1,gree1278,Sanchong Kelao,1280,tjo.13,Phonemic,fall,,,,
10-220-424-1,gree1278,Sanchong Kelao,501,thai.31,Phonemic,"raise, lift",,,,
10-210-424-1,gree1278,Sanchong Kelao,568,ntjau.13,Phonemic,rise,,,,
10-170-424-1,gree1278,Sanchong Kelao,430,ʔue.42,Phonemic,twist,,,,
10-160-424-1,gree1278,Sanchong Kelao,808,tjo.13,Phonemic,drop (vb),,,,
10-150-424-1,gree1278,Sanchong Kelao,827,ljaŋ.42,Phonemic,roll,,,,
10-140-424-1,gree1278,Sanchong Kelao,1113,pje.13,Phonemic,"wind, wrap",,,,
10-130-424-1,gree1278,Sanchong Kelao,1445,ljan.42,Phonemic,turn around,,,,
10-120-424-1,gree1278,Sanchong Kelao,1588,ljai.42,Phonemic,turn over,,,,
10-110-424-1,gree1278,Sanchong Kelao,765,ńəu.13,Phonemic,move,,,,
9-890-424-1,gree1278,Sanchong Kelao,2001,ʔʒi.13,Phonemic,paint (vb),,,,
9-840-424-1,gree1278,Sanchong Kelao,1979,ʔa.42 zən.13,Phonemic,chisel,,,,
9-880-424-1,gree1278,Sanchong Kelao,647,ʔuŋ.31 ɣi.31,Phonemic,paint (noun),,,,
9-810-424-1,gree1278,Sanchong Kelao,228,ɣaŋ.42,Phonemic,carve,,,,
9-791-424-1,gree1278,Sanchong Kelao,360,śy.35 (ɣuaŋ.31),Phonemic,fan (vb),,,,
9-790-424-1,gree1278,Sanchong Kelao,1971,kho.35 vei.31,Phonemic,fan (noun),,,,
9-770-424-1,gree1278,Sanchong Kelao,195,pa.42 səu.35 ntjai.42 (djai.42),Phonemic,mat,,,,
9-760-424-1,gree1278,Sanchong Kelao,1539,ʔa.42 chI.35,Phonemic,basket,,,,
9-750-424-1,gree1278,Sanchong Kelao,1729,sən.42,Phonemic,"weave, plait",,,,
9-740-424-1,gree1278,Sanchong Kelao,604,po.35 lji.31,Phonemic,glass,,,,
9-730-424-1,gree1278,Sanchong Kelao,1399,to.35 ne.31,Phonemic,clay,,,,
9-670-424-1,gree1278,Sanchong Kelao,621,hei.35,Phonemic,iron,,,,
9-660-424-1,gree1278,Sanchong Kelao,1825,łje.42,Phonemic,"copper, bronze",,,,
9-650-424-1,gree1278,Sanchong Kelao,759,khuŋ.35 ŋuaŋ.31,Phonemic,silver,,,,
9-640-424-1,gree1278,Sanchong Kelao,1369,huŋ.42 (khuŋ.35 ŋuaŋ.31 huŋ.42),Phonemic,gold,,,,
9-620-424-1,gree1278,Sanchong Kelao,1648,ʔa.42 cən.35 tən.42,Phonemic,anvil,,,,
9-610-424-1,gree1278,Sanchong Kelao,288,ha.35 hei.35,Phonemic,forge,,,,
9-600-424-1,gree1278,Sanchong Kelao,1001,pu.35 kho.35 hai.35,Phonemic,"smith, blacksmith",,,,
9-500-424-1,gree1278,Sanchong Kelao,502,ʔa.42 tin.35 cI.42,Phonemic,nail,,,,
9-490-424-1,gree1278,Sanchong Kelao,1481,kho.35,Phonemic,hammer,,,,
9-480-424-1,gree1278,Sanchong Kelao,1948,ɣaŋ.42,Phonemic,saw,,,,
9-461-424-1,gree1278,Sanchong Kelao,46,he.35,Phonemic,hollow out,,,,
9-460-424-1,gree1278,Sanchong Kelao,1501,kho.35 tuŋ.35,Phonemic,bore,,,,
9-440-424-1,gree1278,Sanchong Kelao,1840,zau.13 he.35,Phonemic,build,,,,
9-430-424-1,gree1278,Sanchong Kelao,1042,pu.35 he.13 śi.42,Phonemic,carpenter,,,,
9-422-424-1,gree1278,Sanchong Kelao,1361,pa.42 łja.13,Phonemic,tool,,,,
9-380-424-1,gree1278,Sanchong Kelao,245,kho.35 sən.35,Phonemic,broom,,,,
9-360-424-1,gree1278,Sanchong Kelao,1453,vau.13,Phonemic,wash,,,,
9-370-424-1,gree1278,Sanchong Kelao,230,sua.13,Phonemic,sweep,,,,
9-350-424-1,gree1278,Sanchong Kelao,1487,ha.35 (ʔuŋ.42,Phonemic,pour,,,,
9-350-424-3,gree1278,Sanchong Kelao,1487,pe.42),Phonemic,pour,,,,
9-343-424-1,gree1278,Sanchong Kelao,1414,ljaŋ.42,Phonemic,"squeeze, wring",,,,
9-342-424-1,gree1278,Sanchong Kelao,1913,lən.42,Phonemic,press,,,,
9-341-424-1,gree1278,Sanchong Kelao,357,khəu.42,Phonemic,hang up,,,,
9-340-424-1,gree1278,Sanchong Kelao,38,ća.31 ʔa.42 so.13 / ća.13 pa.42 mpai.13,Phonemic,spread out,,,,
9-330-424-1,gree1278,Sanchong Kelao,1455,śin.35,Phonemic,pull,,,,
9-330-424-3,gree1278,Sanchong Kelao,1455,zaŋ.13,Phonemic,pull,,,,
9-320-424-1,gree1278,Sanchong Kelao,214,zaŋ.13 ɣe.42,Phonemic,stretch,,,,
9-310-424-1,gree1278,Sanchong Kelao,1449,la.13,Phonemic,"rub, wipe",,,,
9-290-424-1,gree1278,Sanchong Kelao,291,tji.13,Phonemic,"flay, skin",,,,
9-280-424-1,gree1278,Sanchong Kelao,1735,śe.13,Phonemic,tear,,,,
9-270-424-1,gree1278,Sanchong Kelao,1437,mjəu.13,Phonemic,split,,,,
9-261-424-1,gree1278,Sanchong Kelao,588,łai.13,Phonemic,broken,,,,
9-260-424-1,gree1278,Sanchong Kelao,680,təu.35 khən.13,Phonemic,break,,,,
9-250-424-1,gree1278,Sanchong Kelao,677,ʔa.42 la.42 hai.42,Phonemic,ax,,,,
9-251-424-1,gree1278,Sanchong Kelao,290,ʔa.42 pən.42 chui.31,Phonemic,adze,,,,
9-240-424-1,gree1278,Sanchong Kelao,356,ʔa.42 cən.35,Phonemic,"scissors, shears",,,,
9-230-424-1,gree1278,Sanchong Kelao,1352,ʔa.42 tjaŋ.13,Phonemic,knife,,,,
9-223-424-1,gree1278,Sanchong Kelao,1434,ma.42 ńi.42,Phonemic,stab,,,,
9-222-424-1,gree1278,Sanchong Kelao,155,tji.35 khən.13,Phonemic,"chop, hew",,,,
9-221-424-1,gree1278,Sanchong Kelao,355,tji.35 mpe.13,Phonemic,cut down,,,,
9-220-424-1,gree1278,Sanchong Kelao,1432,huai.42,Phonemic,cut,,,,
9-220-424-3,gree1278,Sanchong Kelao,1432,ɣaŋ.42,Phonemic,cut,,,,
9-211-424-1,gree1278,Sanchong Kelao,354,kho.35,Phonemic,pound with fist,,,,
9-210-424-1,gree1278,Sanchong Kelao,2133,kho.35,Phonemic,"strike (hit, beat)",,,,
9-192-424-1,gree1278,Sanchong Kelao,760,laŋ.31 khuŋ.35,Phonemic,knot (noun),,,,
9-190-424-1,gree1278,Sanchong Kelao,1218,ʔa.42 la.31,Phonemic,"rope, cord",,,,
9-180-424-1,gree1278,Sanchong Kelao,1627,ʔa.42 la.31 hei.35,Phonemic,chain,,,,
9-161-424-1,gree1278,Sanchong Kelao,352,ɣa.31,Phonemic,untie,,,,
9-160-424-1,gree1278,Sanchong Kelao,1917,nai.31,Phonemic,"tie, bind",,,,
9-150-424-1,gree1278,Sanchong Kelao,1470,ćy.35,Phonemic,fold,,,,
9-140-424-1,gree1278,Sanchong Kelao,2004,ŋkau.35,Phonemic,bend,,,,
9-120-424-1,gree1278,Sanchong Kelao,984,le.31 he.42 khuŋ.42,Phonemic,work,,,,
9-110-424-1,gree1278,Sanchong Kelao,2575,le.31,Phonemic,"do, make",,,,
8-980-424-1,gree1278,Sanchong Kelao,641,la.42 khəu.42,Phonemic,mushroom,,,,
8-970-424-1,gree1278,Sanchong Kelao,33,ʔa.42 ljo.31 hei.35,Phonemic,nettle,,,,
8-960-424-1,gree1278,Sanchong Kelao,348,no.13,Phonemic,fish poison (root),,,,
8-941-424-1,gree1278,Sanchong Kelao,146,ʔa.42 ce.13 kan.42,Phonemic,sugar cane,,,,
8-940-424-1,gree1278,Sanchong Kelao,1927,ma.42 ɣuaŋ.13,Phonemic,bamboo,,,,
8-931-424-1,gree1278,Sanchong Kelao,864,hua.13,Phonemic,"pumpkin, squash",,,,
8-930-424-1,gree1278,Sanchong Kelao,411,lei.35 ce.42 ʔa.35,Phonemic,gourd,,,,
8-910-424-1,gree1278,Sanchong Kelao,159,ljuŋ.31 mpu.31,Phonemic,sweet potato,,,,
8-760-424-1,gree1278,Sanchong Kelao,345,ʔuŋ.42 ma.42 śi.42,Phonemic,sap,,,,
8-750-424-1,gree1278,Sanchong Kelao,1204,pa.42 ho.13 śi.42,Phonemic,bark,,,,
8-740-424-1,gree1278,Sanchong Kelao,409,sau.42 khe.42,Phonemic,forked branch,,,,
8-730-424-1,gree1278,Sanchong Kelao,344,ma.42 śi.42,Phonemic,tree trunk,,,,
8-720-424-1,gree1278,Sanchong Kelao,241,ʔa.42 cuaŋ.42 cuaŋ.42 śi.42,Phonemic,tree stump,,,,
8-691-424-1,gree1278,Sanchong Kelao,1124,mi.31 haŋ.42,Phonemic,pipe,,,,
8-690-424-1,gree1278,Sanchong Kelao,1689,tje.35 (haŋ.42),Phonemic,smoke (tobacco),,,,
8-690-424-3,gree1278,Sanchong Kelao,1689,ʔa.42 cI.42 jan.35,Phonemic,smoke (tobacco),,,,
8-680-424-1,gree1278,Sanchong Kelao,974,haŋ.42,Phonemic,tobacco,,,,
8-670-424-1,gree1278,Sanchong Kelao,343,zI.31,Phonemic,vine,,,,
8-640-424-1,gree1278,Sanchong Kelao,1740,suŋ.35 su.13,Phonemic,pine,,,,
8-620-424-1,gree1278,Sanchong Kelao,1950,ma.42 śi.42 ʔau.13,Phonemic,beech,,,,
8-600-424-1,gree1278,Sanchong Kelao,906,ma.42 śi.42,Phonemic,tree,,,,
8-570-424-1,gree1278,Sanchong Kelao,239,ŋkəu.35 (ŋəu.35),Phonemic,flower,,,,
8-560-424-1,gree1278,Sanchong Kelao,628,le.31 ńi.42,Phonemic,leaf,,,,
8-550-424-1,gree1278,Sanchong Kelao,1531,ʔa.42 khe.42 śi.42,Phonemic,branch,,,,
8-540-424-1,gree1278,Sanchong Kelao,670,ʔa.42 cha.42 śi.42,Phonemic,root,,,,
8-531-424-1,gree1278,Sanchong Kelao,1486,tjaŋ.35,Phonemic,plant (vb),,,,
8-520-424-1,gree1278,Sanchong Kelao,342,khaŋ.42 həu.13,Phonemic,hay,,,,
8-510-424-1,gree1278,Sanchong Kelao,606,ʔlo.35,Phonemic,grass,,,,
8-480-424-1,gree1278,Sanchong Kelao,926,mpo.35 ʔau.13,Phonemic,rice,,,,
8-470-424-1,gree1278,Sanchong Kelao,506,nco.13 mo.42,Phonemic,"maize, corn",,,,
8-460-424-1,gree1278,Sanchong Kelao,60,khəu.42,Phonemic,oats,,,,
8-450-424-1,gree1278,Sanchong Kelao,23,ma.13 ʔa.35 ljaŋ.31,Phonemic,rye,,,,
8-430-424-1,gree1278,Sanchong Kelao,1077,ma.42 nja.42 (ntja.42),Phonemic,wheat,,,,
8-440-424-1,gree1278,Sanchong Kelao,932,ma.13 łuŋ.13,Phonemic,barley,,,,
8-350-424-1,gree1278,Sanchong Kelao,223,khuŋ.35 ŋho.42,Phonemic,threshing-floor,,,,
8-340-424-1,gree1278,Sanchong Kelao,285,kho.35 laŋ.31 sau.31,Phonemic,thresh,,,,
8-330-424-1,gree1278,Sanchong Kelao,2132,ʔa.42 ŋuai.31,Phonemic,"sickle, scythe",,,,
8-320-424-1,gree1278,Sanchong Kelao,190,ɣaŋ.42,Phonemic,"mow, reap",,,,
8-311-424-1,gree1278,Sanchong Kelao,714,śy.42,Phonemic,seed,,,,
8-310-424-1,gree1278,Sanchong Kelao,748,thəu.35 / tja.13,Phonemic,sow,,,,
8-270-424-1,gree1278,Sanchong Kelao,338,ʔa.42 ća.13,Phonemic,rake,,,,
8-260-424-1,gree1278,Sanchong Kelao,337,ʔa.42 ʒaŋ.31 cha.42,Phonemic,fork,,,,
8-250-424-1,gree1278,Sanchong Kelao,284,ʔa.42 hua.42 /ɣji.42,Phonemic,hoe,,,,
8-240-424-1,gree1278,Sanchong Kelao,1901,chuan.42,Phonemic,shovel,,,,
8-212-424-1,gree1278,Sanchong Kelao,1794,kho.35 ʔa.42 lji.31 kəu.42,Phonemic,furrow,,,,
8-220-424-1,gree1278,Sanchong Kelao,1418,he.35,Phonemic,dig,,,,
8-210-424-1,gree1278,Sanchong Kelao,1921,lji.42,Phonemic,plow,,,,
8-170-424-1,gree1278,Sanchong Kelao,2002,ʔa.42 chuŋ.42 ʔuŋ.35,Phonemic,ditch,,,,
8-160-424-1,gree1278,Sanchong Kelao,1690,ʔje.13 pa.42 vai.31,Phonemic,fence,,,,
8-150-424-1,gree1278,Sanchong Kelao,1541,tjaŋ.35,Phonemic,"cultivate, till",,,,
8-130-424-1,gree1278,Sanchong Kelao,586,pa.42 ljuŋ.42 (tjaŋ.42) ljaŋ.31,Phonemic,garden,,,,
8-120-424-1,gree1278,Sanchong Kelao,212,pa.42 mpaŋ.42,Phonemic,field (for cultivation),,,,
8-110-424-1,gree1278,Sanchong Kelao,979,ʔle.31 he.42 khuŋ.42 ɣəu.42,Phonemic,farmer,,,,
7-620-424-1,gree1278,Sanchong Kelao,1006,cuan.35,Phonemic,brick,,,,
7-610-424-1,gree1278,Sanchong Kelao,877,pu.55 ho.13 ɣo.31,Phonemic,mason,,,,
7-570-424-1,gree1278,Sanchong Kelao,1227,ʔa.42 ŋkui.13 (ŋui.13) śi.42,Phonemic,board,,,,
7-560-424-1,gree1278,Sanchong Kelao,281,pa.42 mpai.13 he.35,Phonemic,"post, pole",,,,
7-550-424-1,gree1278,Sanchong Kelao,1132,ma.42 ljaŋ.31,Phonemic,beam,,,,
7-540-424-1,gree1278,Sanchong Kelao,829,ʔa.42 chuan.31 phi.31,Phonemic,rafter,,,,
7-530-424-1,gree1278,Sanchong Kelao,280,ma.42 ljaŋ.31,Phonemic,ridgepole,,,,
7-520-424-1,gree1278,Sanchong Kelao,279,(chI.35 khaŋ.42) mi.13 ha.13 he.42,Phonemic,thatch,,,,
7-510-424-1,gree1278,Sanchong Kelao,769,ha.13 he.42,Phonemic,roof,,,,
7-480-424-1,gree1278,Sanchong Kelao,205,ʔa.42 lo.31,Phonemic,trough,,,,
7-460-424-1,gree1278,Sanchong Kelao,1273,ma.42 lĳ.31 təu.42,Phonemic,candle,,,,
7-450-424-1,gree1278,Sanchong Kelao,2131,ʔa.42 tən.42,Phonemic,"lamp, torch",,,,
7-440-424-1,gree1278,Sanchong Kelao,1775,ʔa.42 sI.13 faŋ.33 co.31,Phonemic,table,,,,
7-430-424-1,gree1278,Sanchong Kelao,1476,ʔa.42 ʒi.42 cI.42,Phonemic,chair,,,,
7-422-424-1,gree1278,Sanchong Kelao,806,ʔa.42 than.42 cI.42,Phonemic,blanket,,,,
7-421-424-1,gree1278,Sanchong Kelao,1044,ʔa.42 la.42 ńi.31,Phonemic,pillow,,,,
7-420-424-1,gree1278,Sanchong Kelao,1663,pa.42 hai.42,Phonemic,bed,,,,
7-370-424-1,gree1278,Sanchong Kelao,1464,ma.42 lje.13 ha.42,Phonemic,ladder,,,,
7-320-424-1,gree1278,Sanchong Kelao,859,ʔa.42 ʔly.35 ljau.13,Phonemic,stove,,,,
7-270-424-1,gree1278,Sanchong Kelao,933,pa.42 ncai.31 (dzai.31),Phonemic,wall,,,,
7-260-424-1,gree1278,Sanchong Kelao,1632,lau.42 ʒin.42,Phonemic,floor,,,,
7-250-424-1,gree1278,Sanchong Kelao,1375,ʔa.42 chuaŋ.35 cI.42,Phonemic,window,,,,
7-240-424-1,gree1278,Sanchong Kelao,1472,ʔa.42 jo.31 sI.31,Phonemic,key,,,,
7-231-424-1,gree1278,Sanchong Kelao,1012,ti.35 ŋho.42,Phonemic,"latch, door-bolt",,,,
7-230-424-1,gree1278,Sanchong Kelao,1596,ʔa.42 so.42,Phonemic,lock (noun),,,,
7-221-424-1,gree1278,Sanchong Kelao,80,mən.31 faŋ.35,Phonemic,"doorpost, jamb",,,,
7-210-424-1,gree1278,Sanchong Kelao,1450,lo.42 he.42,Phonemic,room,,,,
7-220-424-1,gree1278,Sanchong Kelao,1567,pa.42 ŋhau.42 /ŋho.42,Phonemic,"door, gate",,,,
7-130-424-1,gree1278,Sanchong Kelao,1678,lei.35 he.42 tja.42,Phonemic,hut,,,,
7-120-424-1,gree1278,Sanchong Kelao,1252,pa.42 he.42,Phonemic,house,,,,
7-110-424-1,gree1278,Sanchong Kelao,363,ʔaŋ.42,Phonemic,"dwell, live",,,,
6-960-424-1,gree1278,Sanchong Kelao,1171,ʔa.42 ćin.13 cI.42,Phonemic,mirror,,,,
6-930-424-1,gree1278,Sanchong Kelao,151,lei.35 tjaŋ.13 ha.13,Phonemic,razor,,,,
6-921-424-1,gree1278,Sanchong Kelao,333,ŋkue.31,Phonemic,braid,,,,
6-921-424-3,gree1278,Sanchong Kelao,333,ʔa.42,Phonemic,braid,,,,
6-921-424-5,gree1278,Sanchong Kelao,333,ʔjuŋ.35 saŋ.42,Phonemic,braid,,,,
6-920-424-1,gree1278,Sanchong Kelao,1821,sua.13,Phonemic,brush,,,,
6-910-424-1,gree1278,Sanchong Kelao,1475,ʔa.42 sən.42,Phonemic,comb,,,,
6-820-424-1,gree1278,Sanchong Kelao,1021,ʔa.42 phin.42 lju.13,Phonemic,towel,,,,
6-750-424-1,gree1278,Sanchong Kelao,1961,ʔua.42 ʒau.31,Phonemic,necklace,,,,
6-740-424-1,gree1278,Sanchong Kelao,1754,ʔua.35 ŋkuŋ.31,Phonemic,bracelet,,,,
6-620-424-1,gree1278,Sanchong Kelao,757,ʔa.42 ńəu.42 cI.42,Phonemic,button,,,,
6-590-424-1,gree1278,Sanchong Kelao,1151,pa.42 ńi.42,Phonemic,veil,,,,
6-570-424-1,gree1278,Sanchong Kelao,772,ʔa.42 haŋ.42,Phonemic,"belt, girdle",,,,
6-550-424-1,gree1278,Sanchong Kelao,2130,pa.42 mau.13,Phonemic,"hat, cap",,,,
6-540-424-1,gree1278,Sanchong Kelao,875,pu.55 he.13 ɣəu.31,Phonemic,"shoemaker, cobbler",,,,
6-510-424-1,gree1278,Sanchong Kelao,1381,pa.42 ɣəu.31,Phonemic,shoe,,,,
6-490-424-1,gree1278,Sanchong Kelao,329,ʔa.42 wa.31 cI.42,Phonemic,"stocking, sock",,,,
6-480-424-1,gree1278,Sanchong Kelao,809,pa.42 ńćəu.31 łje.35,Phonemic,trousers,,,,
6-460-424-1,gree1278,Sanchong Kelao,1600,pa.42 ʔʒin.35,Phonemic,skirt,,,,
6-450-424-1,gree1278,Sanchong Kelao,2012,pa.42 jau.31 ńćəu.31,Phonemic,collar,,,,
6-390-424-1,gree1278,Sanchong Kelao,157,jin.31,Phonemic,dye,,,,
6-380-424-1,gree1278,Sanchong Kelao,1161,ʔa.42 sa.42,Phonemic,thread,,,,
6-360-424-1,gree1278,Sanchong Kelao,1382,ljin.13,Phonemic,needle,,,,
6-350-424-1,gree1278,Sanchong Kelao,1457,hua.35 ńćəu.31,Phonemic,sew,,,,
6-340-424-1,gree1278,Sanchong Kelao,1787,ʔa.42 so.42 lo.42,Phonemic,loom,,,,
6-330-424-1,gree1278,Sanchong Kelao,133,tji.13 sau.42,Phonemic,weave,,,,
6-320-424-1,gree1278,Sanchong Kelao,277,huai.42,Phonemic,spindle,,,,
6-310-424-1,gree1278,Sanchong Kelao,121,huai.42 ljai.13,Phonemic,spin,,,,
6-290-424-1,gree1278,Sanchong Kelao,629,pa.42 ɣəu.31 ho.13,Phonemic,leather,,,,
6-280-424-1,gree1278,Sanchong Kelao,580,pa.42 ńćəu.31 łuŋ.31,Phonemic,fur,,,,
6-270-424-1,gree1278,Sanchong Kelao,325,ʔa.42 ʒuŋ.13 ʒaŋ.31,Phonemic,felt,,,,
6-240-424-1,gree1278,Sanchong Kelao,1850,ŋkəu.42,Phonemic,cotton,,,,
6-220-424-1,gree1278,Sanchong Kelao,964,ʔa.42 jun.13 khai.13,Phonemic,wool,,,,
6-210-424-1,gree1278,Sanchong Kelao,1616,sau.42,Phonemic,cloth,,,,
6-120-424-1,gree1278,Sanchong Kelao,1895,pa.42. ńćəu.31,Phonemic,"clothing, clothes",,,,
6-110-424-1,gree1278,Sanchong Kelao,158,pu.35,Phonemic,put on (clothes),,,,
5-970-424-1,gree1278,Sanchong Kelao,744,śaŋ.42 khe.42 (qhe.42),Phonemic,egg,,,,
5-870-424-1,gree1278,Sanchong Kelao,93,ɣie.42,Phonemic,milk (vb),,,,
5-850-424-1,gree1278,Sanchong Kelao,862,ntaŋ.31 (daŋ.31),Phonemic,sugar,,,,
5-860-424-1,gree1278,Sanchong Kelao,635,ʔuŋ.35 (ŋ.35) cI.35,Phonemic,milk (noun),,,,
5-840-424-1,gree1278,Sanchong Kelao,942,ʔuŋ.35 ŋhai.31 (ʔŋai.31),Phonemic,honey,,,,
5-821-424-1,gree1278,Sanchong Kelao,919,laŋ.31 zəu.13,Phonemic,chili pepper,,,,
5-820-424-1,gree1278,Sanchong Kelao,1385,ʔa.42 fu.31 ćau.35,Phonemic,pepper,,,,
5-810-424-1,gree1278,Sanchong Kelao,1274,ńćau.31,Phonemic,salt,,,,
5-791-424-1,gree1278,Sanchong Kelao,323,lei.31,Phonemic,"grease, fat",,,,
5-790-424-1,gree1278,Sanchong Kelao,1484,lei.31,Phonemic,oil,,,,
5-760-424-1,gree1278,Sanchong Kelao,920,mi.42 həu.35,Phonemic,grape,,,,
5-770-424-1,gree1278,Sanchong Kelao,191,la.42 śe.13,Phonemic,nut,,,,
5-712-424-1,gree1278,Sanchong Kelao,1966,y.13,Phonemic,bunch,,,,
5-700-424-1,gree1278,Sanchong Kelao,593,la.42 ʔlui.35,Phonemic,potato,,,,
5-660-424-1,gree1278,Sanchong Kelao,832,po.42 śi.35,Phonemic,bean,,,,
5-650-424-1,gree1278,Sanchong Kelao,924,to.35 ljuŋ.31 (sai.42),Phonemic,vegetables,,,,
5-640-424-1,gree1278,Sanchong Kelao,1547,ʔo.35 lei.31,Phonemic,"soup, broth",,,,
5-630-424-1,gree1278,Sanchong Kelao,1874,ʔa.42 se.35,Phonemic,sausage,,,,
5-610-424-1,gree1278,Sanchong Kelao,634,ʔo.35,Phonemic,meat,,,,
5-590-424-1,gree1278,Sanchong Kelao,225,ʔa.42 he.35,Phonemic,pestle,,,,
5-580-424-1,gree1278,Sanchong Kelao,224,ʔa.42 he.35 khau.35,Phonemic,mortar (2),,,,
5-570-424-1,gree1278,Sanchong Kelao,636,ʔa.42 njan.42 cI.42,Phonemic,mill,,,,
5-560-424-1,gree1278,Sanchong Kelao,1033,te.13,Phonemic,"crush, grind",,,,
5-550-424-1,gree1278,Sanchong Kelao,1594,mhje.35,Phonemic,"meal, flour",,,,
5-540-424-1,gree1278,Sanchong Kelao,274,chaŋ.42 huŋ.35 mo.42,Phonemic,knead,,,,
5-490-424-1,gree1278,Sanchong Kelao,2017,sI.55 pje.13,Phonemic,"stir, mix",,,,
5-480-424-1,gree1278,Sanchong Kelao,1767,jau.13 (ʒau.13),Phonemic,scrape,,,,
5-470-424-1,gree1278,Sanchong Kelao,86,ńi.31,Phonemic,"sieve, strain",,,,
5-460-424-1,gree1278,Sanchong Kelao,275,hau.35,Phonemic,peel,,,,
5-450-424-1,gree1278,Sanchong Kelao,1833,(khi.42) ɣie.31,Phonemic,supper,,,,
5-430-424-1,gree1278,Sanchong Kelao,768,(khi.42) taŋ.35 haŋ.42,Phonemic,lunch,,,,
5-420-424-1,gree1278,Sanchong Kelao,1322,sa.13 ńi.31 mo.42,Phonemic,breakfast,,,,
5-410-424-1,gree1278,Sanchong Kelao,1526,mo.42 (sI.55 ńy.42 mo.42),Phonemic,meal (a),,,,
5-391-424-1,gree1278,Sanchong Kelao,272,ʔa.42 ća.31 ćhan.31,Phonemic,tongs,,,,
5-380-424-1,gree1278,Sanchong Kelao,1352,ʔa.42 ntjaŋ.13,Phonemic,knife (2),,,,
5-370-424-1,gree1278,Sanchong Kelao,1378,thaŋ.35 sI.31,Phonemic,spoon,,,,
5-350-424-1,gree1278,Sanchong Kelao,476,ʔa.42 ŋkuai.42,Phonemic,"cup, drinking vessel",,,,
5-330-424-1,gree1278,Sanchong Kelao,1530,ʔa.42 nti.13,Phonemic,bowl,,,,
5-340-424-1,gree1278,Sanchong Kelao,270,ʔa.42 ce.42,Phonemic,"pitcher, jug",,,,
5-320-424-1,gree1278,Sanchong Kelao,480,ʔa.42 phan.31 cI.42,Phonemic,plate,,,,
5-280-424-1,gree1278,Sanchong Kelao,31,ʔa.42 hei.35 ha.42,Phonemic,pan,,,,
5-280-424-3,gree1278,Sanchong Kelao,31,ʔuŋ.35 ljuŋ.31,Phonemic,pan,,,,
5-260-424-1,gree1278,Sanchong Kelao,1462,ʔa.42 hei.35 hei.35,Phonemic,"pot, cooking vessel",,,,
5-270-424-1,gree1278,Sanchong Kelao,854,ʔa.42 khai.35 fu.31,Phonemic,kettle,,,,
5-240-424-1,gree1278,Sanchong Kelao,183,hau.35,Phonemic,bake,,,,
5-250-424-1,gree1278,Sanchong Kelao,1143,ʔa.42 ʔly.35 ljau.13,Phonemic,oven,,,,
5-230-424-1,gree1278,Sanchong Kelao,2146,ha.42,Phonemic,"roast, fry",,,,
5-220-424-1,gree1278,Sanchong Kelao,792,ʔaŋ.35 tjaŋ.13,Phonemic,boil (vb),,,,
5-210-424-1,gree1278,Sanchong Kelao,1100,tjaŋ.13,Phonemic,cook,,,,
5-190-424-1,gree1278,Sanchong Kelao,129,k n.42,Phonemic,choke,,,,
5-181-424-1,gree1278,Sanchong Kelao,897,ly.31,Phonemic,swallow,,,,
5-180-424-1,gree1278,Sanchong Kelao,321,ńa.13,Phonemic,chew,,,,
5-160-424-1,gree1278,Sanchong Kelao,1421,ɣuŋ.42,Phonemic,suck,,,,
5-150-424-1,gree1278,Sanchong Kelao,848,həu.13,Phonemic,thirst,,,,
5-140-424-1,gree1278,Sanchong Kelao,1864,ŋkuai.31,Phonemic,hunger,,,,
5-130-424-1,gree1278,Sanchong Kelao,1401,ɣuŋ.42,Phonemic,drink,,,,
5-125-424-1,gree1278,Sanchong Kelao,1728,ɣuŋ.13,Phonemic,rotten,,,,
5-124-424-1,gree1278,Sanchong Kelao,1958,sai.42,Phonemic,"green, unripe",,,,
5-123-424-1,gree1278,Sanchong Kelao,178,ŋhe.13,Phonemic,ripe,,,,
5-122-424-1,gree1278,Sanchong Kelao,1959,le.13,Phonemic,raw,,,,
5-121-424-1,gree1278,Sanchong Kelao,269,ŋhe.13,Phonemic,cooked,,,,
5-110-424-1,gree1278,Sanchong Kelao,1336,khi.35,Phonemic,eat,,,,
4-990-424-1,gree1278,Sanchong Kelao,590,tja.35 ʔljo.35 ʔljo.35,Phonemic,"naked, bare",,,,
4-970-424-1,gree1278,Sanchong Kelao,1653,tjau.35,Phonemic,blind,,,,
4-980-424-1,gree1278,Sanchong Kelao,1463,łjaŋ.42,Phonemic,intoxicated,,,,
4-960-424-1,gree1278,Sanchong Kelao,1666,ja.42 pa.35,Phonemic,mute,,,,
4-950-424-1,gree1278,Sanchong Kelao,996,ńi.42,Phonemic,deaf,,,,
4-930-424-1,gree1278,Sanchong Kelao,1125,lja.13,Phonemic,bald,,,,
4-940-424-1,gree1278,Sanchong Kelao,320,lja.13,Phonemic,lame,,,,
4-920-424-1,gree1278,Sanchong Kelao,1564,njau.42,Phonemic,lazy,,,,
4-912-424-1,gree1278,Sanchong Kelao,168,ja.31 ʔa.31 sa.42,Phonemic,rest,,,,
4-910-424-1,gree1278,Sanchong Kelao,1757,ti.55,Phonemic,"tired, weary",,,,
4-890-424-1,gree1278,Sanchong Kelao,655,tu.31 khən.42,Phonemic,poison,,,,
4-880-424-1,gree1278,Sanchong Kelao,1372,khən.42,Phonemic,"medicine, drug",,,,
4-870-424-1,gree1278,Sanchong Kelao,597,pu.35 ʒi.33 sən.33,Phonemic,physician,,,,
4-860-424-1,gree1278,Sanchong Kelao,499,ʒi.42 ʔie.42,Phonemic,"cure, heal",,,,
4-856-424-1,gree1278,Sanchong Kelao,793,po.35,Phonemic,boil (noun),,,,
4-854-424-1,gree1278,Sanchong Kelao,148,qhuŋ.35,Phonemic,itch,,,,
4-854-424-3,gree1278,Sanchong Kelao,148,lo.13,Phonemic,itch,,,,
4-853-424-1,gree1278,Sanchong Kelao,1903,qhuŋ.35,Phonemic,swelling,,,,
4-852-424-1,gree1278,Sanchong Kelao,1148,qhuŋ.35,Phonemic,bruise,,,,
4-850-424-1,gree1278,Sanchong Kelao,1109,saŋ.42,Phonemic,"wound, sore",,,,
4-843-424-1,gree1278,Sanchong Kelao,102,kho.35 ntjo.42,Phonemic,cold (catarrh),,,,
4-841-424-1,gree1278,Sanchong Kelao,1534,pei.35,Phonemic,fever,,,,
4-840-424-1,gree1278,Sanchong Kelao,1847,tjo.35 ɣie.42,Phonemic,"sick, sickness",,,,
4-830-424-1,gree1278,Sanchong Kelao,1364,sI.55 səu.42 ʔɛ.42 ʔie.42,Phonemic,"well, health",,,,
4-820-424-1,gree1278,Sanchong Kelao,1601,ma.31 ʔaŋ.35 ʔa.35 lau.13,Phonemic,weak,,,,
4-810-424-1,gree1278,Sanchong Kelao,785,thai.13 Huŋ.13,Phonemic,"strong, mighty, powerful",,,,
4-790-424-1,gree1278,Sanchong Kelao,1773,pa.42 ʔa.42 tjuŋ.35,Phonemic,"grave, tomb",,,,
4-780-424-1,gree1278,Sanchong Kelao,1719,tjaŋ.35,Phonemic,bury (the dead),,,,
4-770-424-1,gree1278,Sanchong Kelao,767,cəu.42 səu.42 so.42 ʔo.35,Phonemic,corpse,,,,
4-760-424-1,gree1278,Sanchong Kelao,1417,ʒin.31,Phonemic,kill,,,,
4-751-424-1,gree1278,Sanchong Kelao,1904,tjo.13 ʔuŋ.35 ŋkun.31,Phonemic,drowned,,,,
4-750-424-1,gree1278,Sanchong Kelao,1494,ŋun.31,Phonemic,"die, dead",,,,
4-740-424-1,gree1278,Sanchong Kelao,1422,mpai.42,Phonemic,"live, living, life",,,,
4-730-424-1,gree1278,Sanchong Kelao,1123,ŋkuai.31 naŋ.42 ʔɛ.42 ʔaŋ.42 pe.42 ɣuŋ.42,Phonemic,pregnant,,,,
4-720-424-1,gree1278,Sanchong Kelao,1090,ntjan.13 si.13,Phonemic,born (to be),,,,
4-710-424-1,gree1278,Sanchong Kelao,1152,tjo.35 to.35 łje.35,Phonemic,beget (of father),,,,
4-690-424-1,gree1278,Sanchong Kelao,138,vau.13 so.42 ʔo.35,Phonemic,bathe,,,,
4-680-424-1,gree1278,Sanchong Kelao,52,zo.13,Phonemic,shiver,,,,
4-670-424-1,gree1278,Sanchong Kelao,1785,tha.42 śe.35,Phonemic,have sexual intercourse,,,,
4-660-424-1,gree1278,Sanchong Kelao,676,ɣa.31 kha.35,Phonemic,defecate,,,,
4-650-424-1,gree1278,Sanchong Kelao,592,ɣa.31 tje.13,Phonemic,urinate,,,,
4-640-424-1,gree1278,Sanchong Kelao,1159,ɣa.31 tje.13,Phonemic,break wind,,,,
4-630-424-1,gree1278,Sanchong Kelao,1602,ŋe.13 ʔie.42,Phonemic,wake up,,,,
4-620-424-1,gree1278,Sanchong Kelao,1920,le.31 huaŋ.42,Phonemic,dream,,,,
4-610-424-1,gree1278,Sanchong Kelao,1585,ŋe.13 hau.13,Phonemic,sleep,,,,
4-591-424-1,gree1278,Sanchong Kelao,268,qha.35 həu.42 ʒe.13 /ʒe.13 qha.35 həu.42,Phonemic,dribble,,,,
4-590-424-1,gree1278,Sanchong Kelao,319,ʔla.13,Phonemic,lick,,,,
4-580-424-1,gree1278,Sanchong Kelao,1403,śa.13,Phonemic,bite,,,,
4-570-424-1,gree1278,Sanchong Kelao,1278,śi.13,Phonemic,vomit,,,,
4-560-424-1,gree1278,Sanchong Kelao,1440,qha.35 həu.42,Phonemic,spit,,,,
4-550-424-1,gree1278,Sanchong Kelao,126,ntjau.13 ljaŋ.13,Phonemic,perspire,,,,
4-540-424-1,gree1278,Sanchong Kelao,1621,chai.13,Phonemic,sneeze,,,,
4-530-424-1,gree1278,Sanchong Kelao,879,hei.13,Phonemic,cough,,,,
4-510-424-1,gree1278,Sanchong Kelao,1407,zaŋ.13 hi.35,Phonemic,"breathe, breath",,,,
4-492-424-1,gree1278,Sanchong Kelao,1222,ʔa.42 ku.31 ku.35,Phonemic,penis,,,,
4-490-424-1,gree1278,Sanchong Kelao,797,laŋ.31 śaŋ.42,Phonemic,testicle,,,,
4-464-424-1,gree1278,Sanchong Kelao,834,ʔa.42 pu.31 ćy.35,Phonemic,buttocks,,,,
4-463-424-1,gree1278,Sanchong Kelao,1745,ʔa.42 pu.31 ćy.35,Phonemic,hip,,,,
4-462-424-1,gree1278,Sanchong Kelao,1681,pa.42 łje.35,Phonemic,waist,,,,
4-461-424-1,gree1278,Sanchong Kelao,1991,ʔa.42 se.35,Phonemic,"intestines, guts",,,,
4-460-424-1,gree1278,Sanchong Kelao,819,pa.42 łjuŋ.42,Phonemic,stomach,,,,
4-451-424-1,gree1278,Sanchong Kelao,489,ʔa.42 jau.42 cI.42,Phonemic,kidney,,,,
4-450-424-1,gree1278,Sanchong Kelao,1224,pa.42 łjo.35,Phonemic,liver,,,,
4-441-424-1,gree1278,Sanchong Kelao,688,pa.42 hau.35,Phonemic,lung,,,,
4-440-424-1,gree1278,Sanchong Kelao,1223,pa.42 łjo.35,Phonemic,heart,,,,
4-430-424-1,gree1278,Sanchong Kelao,1838,lei.35 lau.31,Phonemic,navel,,,,
4-412-424-1,gree1278,Sanchong Kelao,796,pa.42 cI.35,Phonemic,"nipple, teat",,,,
4-400-424-1,gree1278,Sanchong Kelao,1592,pa.42 łjo.35,Phonemic,chest,,,,
4-393-424-1,gree1278,Sanchong Kelao,1201,ʔa.42 jun.13 həu.35,Phonemic,feather,,,,
4-392-424-1,gree1278,Sanchong Kelao,1257,pa.42 həu.35,Phonemic,wing,,,,
4-380-424-1,gree1278,Sanchong Kelao,1389,ma.42 qhe.13,Phonemic,toe,,,,
4-374-424-1,gree1278,Sanchong Kelao,318,chI.35 qhe.13,Phonemic,footprint,,,,
4-372-424-1,gree1278,Sanchong Kelao,980,pa.42 qhe.13 lin.31,Phonemic,heel,,,,
4-370-424-1,gree1278,Sanchong Kelao,1301,pa.42 qhe.13,Phonemic,foot,,,,
4-360-424-1,gree1278,Sanchong Kelao,1371,ʔa.42 ntaŋ.31 khuŋ.35,Phonemic,knee,,,,
4-352-424-1,gree1278,Sanchong Kelao,498,pa.42 qhe.13,Phonemic,calf of leg,,,,
4-351-424-1,gree1278,Sanchong Kelao,800,pa.42 həu.42,Phonemic,thigh,,,,
4-350-424-1,gree1278,Sanchong Kelao,1297,pa.42 həu.42,Phonemic,leg,,,,
4-345-424-1,gree1278,Sanchong Kelao,72,pa.42 qhe.13,Phonemic,claw,,,,
4-344-424-1,gree1278,Sanchong Kelao,1258,ma.42 ʔle.13,Phonemic,fingernail,,,,
4-342-424-1,gree1278,Sanchong Kelao,1781,ma.42 vu.31 łjuŋ.42,Phonemic,thumb,,,,
4-340-424-1,gree1278,Sanchong Kelao,1303,ma.42 vu.31,Phonemic,finger,,,,
4-331-424-1,gree1278,Sanchong Kelao,1183,khuŋ.35 śin.35 vu.31,Phonemic,palm of hand,,,,
4-330-424-1,gree1278,Sanchong Kelao,1277,mpo.42 mpo.42,Phonemic,hand,,,,
4-321-424-1,gree1278,Sanchong Kelao,799,ʔa.42 ʒau.31. ŋkau.42,Phonemic,wrist,,,,
4-320-424-1,gree1278,Sanchong Kelao,981,qhəu.35 ćhe.42,Phonemic,elbow,,,,
4-312-424-1,gree1278,Sanchong Kelao,1886,jin.42 śa.35,Phonemic,armpit,,,,
4-310-424-1,gree1278,Sanchong Kelao,1673,ʔa.42 ʒau.31 vu.13,Phonemic,arm,,,,
4-301-424-1,gree1278,Sanchong Kelao,172,ʔa.35 ʔa.42 mpaŋ.13 ʒau.31,Phonemic,shoulderblade,,,,
4-300-424-1,gree1278,Sanchong Kelao,1482,ʔa.42 ʔa.42 ŋkuŋ.42,Phonemic,shoulder,,,,
4-290-424-1,gree1278,Sanchong Kelao,1346,ma.42 ʔa.42 huŋ.42,Phonemic,throat,,,,
4-281-424-1,gree1278,Sanchong Kelao,1347,huaŋ.42 qha.13,Phonemic,nape of neck,,,,
4-280-424-1,gree1278,Sanchong Kelao,1333,ʔa.35 ʔa.42 ʒau.31,Phonemic,neck,,,,
4-272-424-1,gree1278,Sanchong Kelao,1049,ma.42 huaŋ.42 ʔa.42 cuo.13 ja.31,Phonemic,molartooth,,,,
4-270-424-1,gree1278,Sanchong Kelao,1380,ma.42 ʔa.42 huaŋ.42,Phonemic,tooth,,,,
4-260-424-1,gree1278,Sanchong Kelao,1205,ma.42 ʔa.42 mji.31,Phonemic,tongue,,,,
4-250-424-1,gree1278,Sanchong Kelao,478,ma.42 lo.13 pa.42 mpai.13,Phonemic,lip,,,,
4-241-424-1,gree1278,Sanchong Kelao,73,ma.42 lo.13 mpai.13 hau.42,Phonemic,beak,,,,
4-240-424-1,gree1278,Sanchong Kelao,674,pa.42 mpai.13,Phonemic,mouth,,,,
4-232-424-1,gree1278,Sanchong Kelao,208,qha.35 ŋua.13,Phonemic,mucus (nasal),,,,
4-230-424-1,gree1278,Sanchong Kelao,1221,pa.42 ʔa.42 ŋua.13,Phonemic,nose,,,,
4-222-424-1,gree1278,Sanchong Kelao,32,qha.35 ʔa.35 ʒəu.31,Phonemic,earwax,,,,
4-221-424-1,gree1278,Sanchong Kelao,18,pa.42 ʔa.42 ʒəu.31,Phonemic,earlobe,,,,
4-220-424-1,gree1278,Sanchong Kelao,1247,pa.42 ʔa.42 ʒəu.31,Phonemic,ear,,,,
4-215-424-1,gree1278,Sanchong Kelao,1655,ʔla.13 pa.42 śəu.42,Phonemic,blink,,,,
4-215-424-3,gree1278,Sanchong Kelao,1655,pa.42 śəu.42 ʔla.13,Phonemic,blink,,,,
4-214-424-1,gree1278,Sanchong Kelao,1540,ʔa.42 jun.13 śəu.42,Phonemic,eyelash,,,,
4-213-424-1,gree1278,Sanchong Kelao,17,pa.42 ho.13 śəu.42,Phonemic,eyelid,,,,
4-212-424-1,gree1278,Sanchong Kelao,1173,ʔa.42 jun.13 ćəu.42,Phonemic,eyebrow,,,,
4-210-424-1,gree1278,Sanchong Kelao,1248,śəu.42,Phonemic,eye,,,,
4-208-424-1,gree1278,Sanchong Kelao,1730,pa.42 ljəu.13 la.13,Phonemic,cheek,,,,
4-209-424-1,gree1278,Sanchong Kelao,1510,pa.42 ʔa.42 qhe.35,Phonemic,chin,,,,
4-205-424-1,gree1278,Sanchong Kelao,123,pa.42 taŋ.31,Phonemic,forehead,,,,
4-207-424-1,gree1278,Sanchong Kelao,798,pa.42 ʔa.42 ljəu.13,Phonemic,jaw,,,,
4-204-424-1,gree1278,Sanchong Kelao,1560,pa.35 ljəu.35,Phonemic,face,,,,
4-203-424-1,gree1278,Sanchong Kelao,1583,pa.42 ʔau.13 sai.13,Phonemic,brain,,,,
4-201-424-1,gree1278,Sanchong Kelao,1604,pa.42 ntaŋ.31,Phonemic,"side of head, temple",,,,
4-202-424-1,gree1278,Sanchong Kelao,1605,pa.42 ko.42 ha.13,Phonemic,skull,,,,
4-200-424-1,gree1278,Sanchong Kelao,1256,mpa.42 ha.13,Phonemic,head,,,,
4-191-424-1,gree1278,Sanchong Kelao,805,ʔa.42 la.13 lja.31 khuŋ.31,Phonemic,spine,,,,
4-190-424-1,gree1278,Sanchong Kelao,1291,ʔa.42 khuŋ.35,Phonemic,back,,,,
4-180-424-1,gree1278,Sanchong Kelao,1220,ʔa.42 ćhe.13,Phonemic,tail,,,,
4-170-424-1,gree1278,Sanchong Kelao,1393,pa.42 so.42,Phonemic,horn,,,,
4-162-424-1,gree1278,Sanchong Kelao,801,ma.42 ɣa.42 / ʔa.42 la.13 ʔuŋ.35,Phonemic,rib,,,,
4-160-424-1,gree1278,Sanchong Kelao,1394,ʔa.42 la.13,Phonemic,bone,,,,
4-150-424-1,gree1278,Sanchong Kelao,946,mpai.13,Phonemic,blood,,,,
4-146-424-1,gree1278,Sanchong Kelao,576,pa.42 ho.13 ha.13,Phonemic,dandruff,,,,
4-145-424-1,gree1278,Sanchong Kelao,36,ʔa.42 jun.13 ʔlo.42,Phonemic,pubic hair,,,,
4-142-424-1,gree1278,Sanchong Kelao,678,ʔa.42 jun.13 ćhin.13,Phonemic,beard,,,,
4-140-424-1,gree1278,Sanchong Kelao,1040,ʔa.42 saŋ.42,Phonemic,hair (head),,,,
4-130-424-1,gree1278,Sanchong Kelao,2259,ʔo.35,Phonemic,flesh,,,,
4-120-424-1,gree1278,Sanchong Kelao,763,pa.42 ho.13,Phonemic,"skin, hide",,,,
4-110-424-1,gree1278,Sanchong Kelao,1480,so.42 ʔo.35,Phonemic,body,,,,
3-950-424-1,gree1278,Sanchong Kelao,503,ma.42 ʔa.42 cha.42,Phonemic,frog,,,,
3-940-424-1,gree1278,Sanchong Kelao,1543,la.42 huai.42,Phonemic,snail,,,,
3-930-424-1,gree1278,Sanchong Kelao,607,lei.35 ɣuaŋ.31 tja.42,Phonemic,grasshopper,,,,
3-910-424-1,gree1278,Sanchong Kelao,206,lei.35 təu.35 zau.13,Phonemic,firefly,,,,
3-850-424-1,gree1278,Sanchong Kelao,730,ma.42 ʔa.42 ŋkəu.31,Phonemic,snake,,,,
3-832-424-1,gree1278,Sanchong Kelao,1509,ma.42 je.13 wen.31,Phonemic,mosquito,,,,
3-830-424-1,gree1278,Sanchong Kelao,1504,ma.42 ʔa.42 ɣuaŋ.31,Phonemic,fly,,,,
3-822-424-1,gree1278,Sanchong Kelao,88,ʔa.42 to.35 Hun.42,Phonemic,beehive,,,,
3-821-424-1,gree1278,Sanchong Kelao,1931,ʔa.42 huaŋ.31 la.31,Phonemic,beeswax,,,,
3-820-424-1,gree1278,Sanchong Kelao,665,ma.42 ɣai.31,Phonemic,bee,,,,
3-819-424-1,gree1278,Sanchong Kelao,1065,ʔa.42 to.35 za.31,Phonemic,spider web,,,,
3-818-424-1,gree1278,Sanchong Kelao,843,ma.42 za.31,Phonemic,spider,,,,
3-817-424-1,gree1278,Sanchong Kelao,587,ma.42 mje.13 ʔle.35,Phonemic,ant,,,,
3-814-424-1,gree1278,Sanchong Kelao,1974,ʔa.42 lui.31 kuŋ.35 chuŋ.31,Phonemic,centipede,,,,
3-813-424-1,gree1278,Sanchong Kelao,232,ma.42 mpa.13,Phonemic,flea,,,,
3-812-424-1,gree1278,Sanchong Kelao,267,laŋ.31 śaŋ.35 ma.42 tji.31,Phonemic,nit (louse egg),,,,
3-811-424-1,gree1278,Sanchong Kelao,1392,ma.42 ʔa.42 tji.31,Phonemic,louse,,,,
3-811-424-3,gree1278,Sanchong Kelao,1392,ma.42 ʔa.42 śai.42,Phonemic,louse,,,,
3-810-424-1,gree1278,Sanchong Kelao,620,ma.42 qa.42,Phonemic,insect,,,,
3-760-424-1,gree1278,Sanchong Kelao,1350,ma.42 tja.35 / pu.55 tja.35,Phonemic,monkey,,,,
3-710-424-1,gree1278,Sanchong Kelao,522,ʔa.42 ʔuŋ.42 ʔo.13,Phonemic,wolf,,,,
3-665-424-1,gree1278,Sanchong Kelao,1013,ʔa.42 huaŋ.31 san.13,Phonemic,freshwater eel,,,,
3-654-424-1,gree1278,Sanchong Kelao,1916,ma.42 ʔa.42 ljəu.31 ʒəu.31,Phonemic,gill,,,,
3-652-424-1,gree1278,Sanchong Kelao,213,ma.42 ʔa.42 ljau.31 ŋkuŋ.42,Phonemic,fin (dorsal),,,,
3-650-424-1,gree1278,Sanchong Kelao,227,ma.42 ʔa.42 ljau.31,Phonemic,fish,,,,
3-630-424-1,gree1278,Sanchong Kelao,2139,ma.42 łja.35,Phonemic,"mouse, rat",,,,
3-620-424-1,gree1278,Sanchong Kelao,1208,lei.35 chuai.42,Phonemic,cat,,,,
3-614-424-1,gree1278,Sanchong Kelao,1136,thu.13 ə.35,Phonemic,rabbit,,,,
3-610-424-1,gree1278,Sanchong Kelao,2009,ʔuŋ.42 (ʔa.42 ʔuŋ.42 / ŋ.42),Phonemic,dog,,,,
3-594-424-1,gree1278,Sanchong Kelao,1853,ʔa.42 pan.31 ćəu.33,Phonemic,dove,,,,
3-596-424-1,gree1278,Sanchong Kelao,735,ma.42 hu.42 hu.42,Phonemic,owl,,,,
3-593-424-1,gree1278,Sanchong Kelao,913,ma.42 ʔʒi.13,Phonemic,crow,,,,
3-591-424-1,gree1278,Sanchong Kelao,1793,lei.35 təu.35 wa.31,Phonemic,bat,,,,
3-585-424-1,gree1278,Sanchong Kelao,307,ma.42 lja.42,Phonemic,hawk,,,,
3-581-424-1,gree1278,Sanchong Kelao,937,ma.42 lo.13,Phonemic,bird,,,,
3-580-424-1,gree1278,Sanchong Kelao,539,ʔa.42 to.35,Phonemic,nest,,,,
3-570-424-1,gree1278,Sanchong Kelao,1360,ma.35 ʔja.13,Phonemic,duck,,,,
3-560-424-1,gree1278,Sanchong Kelao,1187,ʔa.42 ŋu.42,Phonemic,goose,,,,
3-550-424-1,gree1278,Sanchong Kelao,1318,qhe.42,Phonemic,chicken,,,,
3-540-424-1,gree1278,Sanchong Kelao,1514,ma.42 qhe.42,Phonemic,hen,,,,
3-520-424-1,gree1278,Sanchong Kelao,1511,pu.55 qhe.42,Phonemic,"cock, rooster",,,,
3-470-424-1,gree1278,Sanchong Kelao,890,lo.31 cI.42,Phonemic,mule,,,,
3-450-424-1,gree1278,Sanchong Kelao,1647,pu.35 ńəu.42 tja.42,Phonemic,"foal, colt",,,,
3-450-424-3,gree1278,Sanchong Kelao,1647,lei.35 ńće.31 ńəu.42,Phonemic,"foal, colt",,,,
3-440-424-1,gree1278,Sanchong Kelao,938,ma.42 ńəu.42,Phonemic,mare,,,,
3-420-424-1,gree1278,Sanchong Kelao,936,pu.35 ńəu.42,Phonemic,stallion,,,,
3-410-424-1,gree1278,Sanchong Kelao,615,ńəu.42,Phonemic,horse (equine),,,,
3-380-424-1,gree1278,Sanchong Kelao,1972,li.35 u.42 tja.42,Phonemic,kid,,,,
3-370-424-1,gree1278,Sanchong Kelao,264,pu.35 y.42,Phonemic,he-goat,,,,
3-360-424-1,gree1278,Sanchong Kelao,1502,ʔa.42 y.42,Phonemic,goat,,,,
3-350-424-1,gree1278,Sanchong Kelao,1337,ʔa.35 me.35 /mpe.42,Phonemic,pig,,,,
3-340-424-1,gree1278,Sanchong Kelao,1351,ma.42 mpe.42,Phonemic,sow (2),,,,
3-320-424-1,gree1278,Sanchong Kelao,1348,pu.35 mpe.35,Phonemic,boar,,,,
3-290-424-1,gree1278,Sanchong Kelao,820,ʔa.42 ʒaŋ.31,Phonemic,lamb,,,,
3-280-424-1,gree1278,Sanchong Kelao,1345,ma.42 ʒaŋ.31,Phonemic,ewe,,,,
3-260-424-1,gree1278,Sanchong Kelao,1344,pu.35 ʒaŋ.31,Phonemic,ram,,,,
3-250-424-1,gree1278,Sanchong Kelao,1331,ʔa.42 ʒaŋ.31,Phonemic,sheep,,,,
3-240-424-1,gree1278,Sanchong Kelao,1989,lei.35 lei.31 tja.42,Phonemic,calf,,,,
3-230-424-1,gree1278,Sanchong Kelao,1007,ma.42 lei.31,Phonemic,cow,,,,
3-220-424-1,gree1278,Sanchong Kelao,1169,ʔa.35 lei.31,Phonemic,ox,,,,
3-210-424-1,gree1278,Sanchong Kelao,1008,pu.55 lei.31,Phonemic,bull,,,,
3-190-424-1,gree1278,Sanchong Kelao,851,pa.42 łjaŋ.42 ńəu.42,Phonemic,"stable, stall",,,,
3-180-424-1,gree1278,Sanchong Kelao,263,ɣa.31 ʔa.42 lei.42,Phonemic,herdsman,,,,
3-160-424-1,gree1278,Sanchong Kelao,649,ɣa.31 ʔa.42 lei.31 kua.33 nti.13 (di.13) to.33,Phonemic,pasture,,,,
3-130-424-1,gree1278,Sanchong Kelao,2262,ma.42,Phonemic,female (adj),,,,
3-120-424-1,gree1278,Sanchong Kelao,2261,pu.35,Phonemic,male (adj),,,,
2-960-424-1,gree1278,Sanchong Kelao,817,ʔa.42 hje.42,Phonemic,they,,,,
2-950-424-1,gree1278,Sanchong Kelao,1213,ʔa.42 m.31,Phonemic,you (plural),,,,
2-940-424-1,gree1278,Sanchong Kelao,1212,ʔa.42 ʔi.35,Phonemic,we,,,,
2-930-424-1,gree1278,Sanchong Kelao,262,hən.35,Phonemic,he/she/it,,,,
2-920-424-1,gree1278,Sanchong Kelao,1215,mu.31,Phonemic,you (singular),,,,
2-910-424-1,gree1278,Sanchong Kelao,1209,ʔie.35,Phonemic,I,,,,
2-820-424-1,gree1278,Sanchong Kelao,194,lau.42 he.42,Phonemic,family,,,,
2-810-424-1,gree1278,Sanchong Kelao,1644,qhei.13 nja.13,Phonemic,"relatives, kinsmen",,,,
2-770-424-1,gree1278,Sanchong Kelao,1981,pu.55 səu.42,Phonemic,widower,,,,
2-760-424-1,gree1278,Sanchong Kelao,1756,ma.42 səu.42,Phonemic,widow,,,,
2-750-424-1,gree1278,Sanchong Kelao,1149,lei.35 kua.42 cai.42,Phonemic,orphan,,,,
2-740-424-1,gree1278,Sanchong Kelao,1058,ta.13 lei.35 wa.42,Phonemic,stepdaughter,,,,
2-730-424-1,gree1278,Sanchong Kelao,1059,ta.13 lei.35 ho.35,Phonemic,stepson,,,,
2-720-424-1,gree1278,Sanchong Kelao,236,ʔa.42 nje.42 lin.31,Phonemic,stepmother,,,,
2-710-424-1,gree1278,Sanchong Kelao,237,wa.13 lin.31,Phonemic,stepfather,,,,
2-641-424-1,gree1278,Sanchong Kelao,2264,ma.42 lje.31,Phonemic,daughter-in-law (of a woman),,,,
2-640-424-1,gree1278,Sanchong Kelao,2265,ma.42 je.31,Phonemic,daughter-in-law (of a man),,,,
2-631-424-1,gree1278,Sanchong Kelao,2266,pu.55 jɛ.42 (je.42),Phonemic,son-in-law (of a woman),,,,
2-630-424-1,gree1278,Sanchong Kelao,2267,pu.55 jɛ.42,Phonemic,son-in-law (of a man),,,,
2-621-424-1,gree1278,Sanchong Kelao,2257,ʔa.42 ne.42,Phonemic,mother-in-law (of a woman),,,,
2-620-424-1,gree1278,Sanchong Kelao,2256,ʔa.42 che.35,Phonemic,mother-in-law (of a man),,,,
2-611-424-1,gree1278,Sanchong Kelao,2254,ʔa.42 pa.42,Phonemic,father-in-law (of a woman),,,,
2-610-424-1,gree1278,Sanchong Kelao,2255,pja.35 pja.42,Phonemic,father-in-law (of a man),,,,
2-560-424-1,gree1278,Sanchong Kelao,1669,pu.35 tjəu.35,Phonemic,ancestors,,,,
2-550-424-1,gree1278,Sanchong Kelao,1643,pu.35 zo.13 la.42 ʒo.13,Phonemic,cousin,,,,
2-550-424-3,gree1278,Sanchong Kelao,1643,njuŋ.31 la.42 ʒo.13,Phonemic,cousin,,,,
2-540-424-1,gree1278,Sanchong Kelao,1642,lei.35 wa.42 ntjau.42,Phonemic,niece,,,,
2-530-424-1,gree1278,Sanchong Kelao,1063,lei.35 ntjau.42,Phonemic,nephew,,,,
2-522-424-1,gree1278,Sanchong Kelao,170,mei.31 ńəu.55 łuŋ.55,Phonemic,father's sister,,,,
2-522-424-3,gree1278,Sanchong Kelao,170,mo.13 łuŋ.42,Phonemic,father's sister,,,,
2-520-424-1,gree1278,Sanchong Kelao,1272,ʔa.42 ti.31,Phonemic,aunt,,,,
2-521-424-1,gree1278,Sanchong Kelao,171,ʔa.42 njuŋ.31,Phonemic,mother's sister,,,,
2-512-424-1,gree1278,Sanchong Kelao,1985,wa.13 ʔʒəu.35,Phonemic,father's brother,,,,
2-511-424-1,gree1278,Sanchong Kelao,1984,mo.13 łjuŋ.42,Phonemic,mother's brother,,,,
2-510-424-1,gree1278,Sanchong Kelao,1327,ʔa.42 tje.42 wa.13 ʔʒəu.35,Phonemic,uncle,,,,
2-510-424-3,gree1278,Sanchong Kelao,1327,pu.35 mo.13,Phonemic,uncle,,,,
2-480-424-1,gree1278,Sanchong Kelao,1618,lei.35 ʔla.42,Phonemic,grandson,,,,
2-490-424-1,gree1278,Sanchong Kelao,1619,lei.35 ʔla.42 wa.42,Phonemic,granddaughter,,,,
2-471-424-1,gree1278,Sanchong Kelao,907,ʔa.42 ja.42,Phonemic,old woman,,,,
2-470-424-1,gree1278,Sanchong Kelao,1496,ʔa.42 ja.42,Phonemic,grandmother,,,,
2-461-424-1,gree1278,Sanchong Kelao,406,ʔa.42 tja.35,Phonemic,old man,,,,
2-460-424-1,gree1278,Sanchong Kelao,1383,ʔa.42 tja.35,Phonemic,grandfather,,,,
2-458-424-1,gree1278,Sanchong Kelao,1005,səu.42 lji.13,Phonemic,twins,,,,
2-456-424-1,gree1278,Sanchong Kelao,1640,pu.35 tje.42 pu.35 zo.13,Phonemic,sibling,,,,
2-456-424-3,gree1278,Sanchong Kelao,1640,ma.42 njuŋ.35 ma.42 ʔjin.35,Phonemic,sibling,,,,
2-455-424-1,gree1278,Sanchong Kelao,1761,ma.42 ʔin.35,Phonemic,younger sister,,,,
2-454-424-1,gree1278,Sanchong Kelao,1758,ʔa.42 njuŋ.31,Phonemic,older sister,,,,
2-450-424-1,gree1278,Sanchong Kelao,1263,ʔa.42 njuŋ.31 ma.35 ʔjin.35,Phonemic,sister,,,,
2-445-424-1,gree1278,Sanchong Kelao,1760,pu.35 zo.13,Phonemic,younger brother,,,,
2-444-424-1,gree1278,Sanchong Kelao,1759,ʔa.42 tje.31,Phonemic,older brother,,,,
2-440-424-1,gree1278,Sanchong Kelao,1262,pu.35 tjo.42 pu.35 zo.13,Phonemic,brother,,,,
2-430-424-1,gree1278,Sanchong Kelao,1801,to.35 łje.35,Phonemic,offspring (son or daughter),,,,
2-420-424-1,gree1278,Sanchong Kelao,1357,lei.35 wa.42,Phonemic,daughter,,,,
2-410-424-1,gree1278,Sanchong Kelao,1620,lei.35 ho.35,Phonemic,son,,,,
2-390-424-1,gree1278,Sanchong Kelao,426,ma.42 wa.42,Phonemic,married woman,,,,
2-380-424-1,gree1278,Sanchong Kelao,424,pu.35 ho.55,Phonemic,married man,,,,
2-370-424-1,gree1278,Sanchong Kelao,505,ʔa.42 pa.42 ʔa.42 ne.42,Phonemic,parents,,,,
2-360-424-1,gree1278,Sanchong Kelao,1216,ʔa.42 ne.42,Phonemic,mother,,,,
2-350-424-1,gree1278,Sanchong Kelao,1217,ʔa.42 pa.42,Phonemic,father,,,,
2-341-424-1,gree1278,Sanchong Kelao,1134,sI.55 hən.42so.42 cho.35 ɣai.13,Phonemic,divorce,,,,
2-340-424-1,gree1278,Sanchong Kelao,1259,hi.13 khən.13,Phonemic,"marriage, wedding",,,,
2-330-424-1,gree1278,Sanchong Kelao,203,hi.13 khən.13,Phonemic,marry,,,,
2-320-424-1,gree1278,Sanchong Kelao,1199,ma.42 wa.42,Phonemic,wife,,,,
2-310-424-1,gree1278,Sanchong Kelao,1200,pu.55 ho.55,Phonemic,husband,,,,
2-280-424-1,gree1278,Sanchong Kelao,1289,to.35 tja.42,Phonemic,"infant, baby",,,,
2-270-424-1,gree1278,Sanchong Kelao,1304,to.35 łje.35,Phonemic,child,,,,
2-261-424-1,gree1278,Sanchong Kelao,77,lei.35 wa.42 łjuŋ.42,Phonemic,young woman (adolescent),,,,
2-260-424-1,gree1278,Sanchong Kelao,1646,lei.35 wa.42,Phonemic,girl,,,,
2-251-424-1,gree1278,Sanchong Kelao,76,lei.35 ho.55,Phonemic,young man (adolescent),,,,
2-250-424-1,gree1278,Sanchong Kelao,1366,lei.35 ho.35,Phonemic,boy,,,,
2-240-424-1,gree1278,Sanchong Kelao,1551,ma.42 wa.42,Phonemic,female,,,,
2-230-424-1,gree1278,Sanchong Kelao,1553,pu.35 ho.55,Phonemic,male,,,,
2-220-424-1,gree1278,Sanchong Kelao,962,ma.42 wa.42,Phonemic,woman,,,,
2-210-424-1,gree1278,Sanchong Kelao,1554,po.35 ho.35,Phonemic,man (vs. woman),,,,
2-100-424-1,gree1278,Sanchong Kelao,683,ɣəu.42,Phonemic,"person, human being",,,,
1-890-424-1,gree1278,Sanchong Kelao,1188,tja.13,Phonemic,charcoal,,,,
1-880-424-1,gree1278,Sanchong Kelao,10,ʔa.42 ʔo.13,Phonemic,firewood,,,,
1-861-424-1,gree1278,Sanchong Kelao,127,kho.35 hye.42,Phonemic,extinguish,,,,
1-860-424-1,gree1278,Sanchong Kelao,737,pei.35 hey.42,Phonemic,"light, kindle, ignite",,,,
1-860-424-3,gree1278,Sanchong Kelao,737,tjual.13 hye.42,Phonemic,"light, kindle, ignite",,,,
1-852-424-1,gree1278,Sanchong Kelao,1428,pei.35,Phonemic,burn (vb intrans),,,,
1-851-424-1,gree1278,Sanchong Kelao,141,pei.35 (he.42  ),Phonemic,burn (vb trans),,,,
1-841-424-1,gree1278,Sanchong Kelao,67,khəu.35 hye.42,Phonemic,embers,,,,
1-840-424-1,gree1278,Sanchong Kelao,646,to.35 te.13,Phonemic,ashes,,,,
1-830-424-1,gree1278,Sanchong Kelao,778,haŋ.42 hye.42,Phonemic,smoke (noun),,,,
1-820-424-1,gree1278,Sanchong Kelao,889,lei.35 hey.42,Phonemic,flame (noun),,,,
1-810-424-1,gree1278,Sanchong Kelao,221,hye.42,Phonemic,fire,,,,
1-780-424-1,gree1278,Sanchong Kelao,952,pa.42 wei.31,Phonemic,weather,,,,
1-770-424-1,gree1278,Sanchong Kelao,617,ŋaŋ.31 lai.31 haŋ.~̄,Phonemic,ice,,,,
1-760-424-1,gree1278,Sanchong Kelao,784,le.42 ʔau.13,Phonemic,snow (noun),,,,
1-750-424-1,gree1278,Sanchong Kelao,658,min.31,Phonemic,rain (noun),,,,
1-740-424-1,gree1278,Sanchong Kelao,249,ɣau.13 lja.42,Phonemic,fog,,,,
1-720-424-1,gree1278,Sanchong Kelao,960,ɣuaŋ.31,Phonemic,wind,,,,
1-730-424-1,gree1278,Sanchong Kelao,1489,fu.35,Phonemic,cloud,,,,
1-640-424-1,gree1278,Sanchong Kelao,1977,ŋ.35 He.35,Phonemic,dew,,,,
1-630-424-1,gree1278,Sanchong Kelao,1388,lei.35 ʔa.35,Phonemic,"shade, shadow",,,,
1-620-424-1,gree1278,Sanchong Kelao,11,ma.31 qha.42 śən.42,Phonemic,darkness,,,,
1-610-424-1,gree1278,Sanchong Kelao,630,ntjau.13 ʔla.42,Phonemic,light (noun),,,,
1-580-424-1,gree1278,Sanchong Kelao,858,ɣaŋ.13 min.31 łjuŋ.35,Phonemic,storm,,,,
1-560-424-1,gree1278,Sanchong Kelao,1150,wei.31,Phonemic,thunder,,,,
1-570-424-1,gree1278,Sanchong Kelao,2007,lei.35 wei.31 cho.13,Phonemic,lightning (as striking),,,,
1-550-424-1,gree1278,Sanchong Kelao,1654,wei.31 cho.13,Phonemic,lightning,,,,
1-540-424-1,gree1278,Sanchong Kelao,1430,lei.35 lau.31,Phonemic,star,,,,
1-530-424-1,gree1278,Sanchong Kelao,1313,ma.42 le.31 ʔau.13,Phonemic,moon,,,,
1-520-424-1,gree1278,Sanchong Kelao,1343,ma.42 wa.42,Phonemic,sun,,,,
1-510-424-1,gree1278,Sanchong Kelao,1732,ha.13 wei.31,Phonemic,sky,,,,
1-440-424-1,gree1278,Sanchong Kelao,2125,ʔləu.35 ɣo.13,Phonemic,"stone, rock",,,,
1-430-424-1,gree1278,Sanchong Kelao,1803,ʔa.42 śi.42,Phonemic,wood,,,,
1-420-424-1,gree1278,Sanchong Kelao,906,ma.42 śi.42,Phonemic,tree (cf 08.600),,,,
1-410-424-1,gree1278,Sanchong Kelao,420,ʔa.35 ntjuŋ.31 śi.33,Phonemic,"woods, forest",,,,
1-390-424-1,gree1278,Sanchong Kelao,943,ŋ.35 suai.42 so.35 ʒe.31,Phonemic,waterfall,,,,
1-370-424-1,gree1278,Sanchong Kelao,2144,ʔa.35 mpo.13,Phonemic,"spring, well",,,,
1-362-424-1,gree1278,Sanchong Kelao,1982,tin.35 ŋkuaŋ.13,Phonemic,whirlpool,,,,
1-360-424-1,gree1278,Sanchong Kelao,666,ʔa.42 cuŋ.42 ŋ.35,Phonemic,"river, stream, brook",,,,
1-324-424-1,gree1278,Sanchong Kelao,1768,laŋ.31 ŋ.35,Phonemic,foam,,,,
1-310-424-1,gree1278,Sanchong Kelao,948,ŋ.35,Phonemic,water,,,,
1-280-424-1,gree1278,Sanchong Kelao,1155,ʔa.35 mpuŋ.31,Phonemic,cave,,,,
1-270-424-1,gree1278,Sanchong Kelao,113,ma.42 ho.13 ŋ.35 (ʔuŋ.35),Phonemic,shore,,,,
1-230-424-1,gree1278,Sanchong Kelao,652,lau.42 ɣau.13,Phonemic,"plain, field",,,,
1-222-424-1,gree1278,Sanchong Kelao,618,fa.13 la.42,Phonemic,"cliff, precipice",,,,
1-220-424-1,gree1278,Sanchong Kelao,2118,ha.42 pa.35 ze.31,Phonemic,"mountain, hill",,,,
1-214-424-1,gree1278,Sanchong Kelao,640,ne.31 ɣuŋ.13,Phonemic,mud,,,,
1-213-424-1,gree1278,Sanchong Kelao,2,te.13,Phonemic,dust,,,,
1-212-424-1,gree1278,Sanchong Kelao,1228,ljuŋ.42,Phonemic,"earth=ground, soil",,,,
1-210-424-1,gree1278,Sanchong Kelao,626,lau.42 jin.42,Phonemic,"earth, land",,,,
1-100-424-1,gree1278,Sanchong Kelao,965,hei.42 vei.31,Phonemic,world,,,,
1-100-424-3,gree1278,Sanchong Kelao,965,lau.42 jin.42,Phonemic,world,,,,
14-330-424-1,gree1278,Sanchong Kelao,1544,ʔaŋ.42 sI.55 ncai.31,Phonemic,sometimes,,,,
14-331-424-1,gree1278,Sanchong Kelao,703,ma.42 ʔaŋ.55 ʔe.13 tja.35 ncai.31,Phonemic,soon,,,,
14-332-424-1,gree1278,Sanchong Kelao,418,thai.13 ɣie.35,Phonemic,long-time (for a),,,,
14-340-424-1,gree1278,Sanchong Kelao,1656,chuŋ.31 lai.31 ma.31,Phonemic,never,,,,
14-350-424-1,gree1278,Sanchong Kelao,204,cai.13 sI.42 pəi.42,Phonemic,again,,,,
14-410-424-1,gree1278,Sanchong Kelao,1225,haŋ.42 ntjuŋ.31,Phonemic,day,,,,
14-420-424-1,gree1278,Sanchong Kelao,1233,vei.31 ntjuŋ.31,Phonemic,night,,,,
14-430-424-1,gree1278,Sanchong Kelao,729,haŋ.42 tjo.13,Phonemic,dawn,,,,
14-440-424-1,gree1278,Sanchong Kelao,1339,ńəu.31 ntjuŋ.31,Phonemic,morning,,,,
14-450-424-1,gree1278,Sanchong Kelao,12,sa.13 ńi.31,Phonemic,"noon, midday",,,,
14-451-424-1,gree1278,Sanchong Kelao,1807,taŋ.35 haŋ.42,Phonemic,afternoon,,,,
14-451-424-3,gree1278,Sanchong Kelao,1807,me.42 lin.31,Phonemic,afternoon,,,,
14-460-424-1,gree1278,Sanchong Kelao,1629,vei.31 ntjuŋ.31,Phonemic,evening,,,,
14-470-424-1,gree1278,Sanchong Kelao,1283,haŋ.42 naŋ.42,Phonemic,today,,,,
14-480-424-1,gree1278,Sanchong Kelao,1329,han.42 ʔa.35 lin.31,Phonemic,tomorrow,,,,
14-481-424-1,gree1278,Sanchong Kelao,1179,ŋui.31 vei.31,Phonemic,day-after-tomorrow,,,,
14-490-424-1,gree1278,Sanchong Kelao,1174,thi.35 hi.42,Phonemic,yesterday,,,,
14-491-424-1,gree1278,Sanchong Kelao,1180,səu.42 la.42,Phonemic,day-before-yesterday,,,,
14-510-424-1,gree1278,Sanchong Kelao,1353,ncai.31,Phonemic,hour,,,,
14-530-424-1,gree1278,Sanchong Kelao,1323,cuŋ.42,Phonemic,"clock, timepiece",,,,
14-710-424-1,gree1278,Sanchong Kelao,1370,lai.31,Phonemic,month,,,,
14-730-424-1,gree1278,Sanchong Kelao,1226,ŋkuai.31,Phonemic,year,,,,
14-740-424-1,gree1278,Sanchong Kelao,1471,ma.42 lei.31 lei.31,Phonemic,winter,,,,
14-750-424-1,gree1278,Sanchong Kelao,1537,ma.42 pau.42 lai.31,Phonemic,spring,,,,
14-760-424-1,gree1278,Sanchong Kelao,1342,ma.42 mjaŋ.31 lai.31,Phonemic,summer,,,,
14-770-424-1,gree1278,Sanchong Kelao,1276,ma.42 mjaŋ.31 lai.31,Phonemic,autumn,,,,
15-210-424-1,gree1278,Sanchong Kelao,1587,me.31 ɣe.35 cI.13,Phonemic,smell (vb intrans),,,,
15-220-424-1,gree1278,Sanchong Kelao,1586,me.13 cI.13,Phonemic,smell (vb trans),,,,
15-250-424-1,gree1278,Sanchong Kelao,376,ŋhaŋ.33,Phonemic,"fragrant, good smelling",,,,
15-260-424-1,gree1278,Sanchong Kelao,42,me.13 cI.13,Phonemic,"stinking, bad smelling",,,,
15-350-424-1,gree1278,Sanchong Kelao,717,ńe.35,Phonemic,sweet,,,,
15-360-424-1,gree1278,Sanchong Kelao,1091,laŋ.13,Phonemic,salty,,,,
15-370-424-1,gree1278,Sanchong Kelao,887,haŋ.42,Phonemic,bitter,,,,
15-380-424-1,gree1278,Sanchong Kelao,1906,mja.42,Phonemic,"acid, sour",,,,
15-390-424-1,gree1278,Sanchong Kelao,70,wei.13 tau.13 ma.31 ʔie.35,Phonemic,brackish,,,,
15-410-424-1,gree1278,Sanchong Kelao,1408,ńhi.42,Phonemic,hear,,,,
15-420-424-1,gree1278,Sanchong Kelao,1608,ńhi.42,Phonemic,listen,,,,
15-450-424-1,gree1278,Sanchong Kelao,377,ʔa.42 ɣuŋ.42 łjuŋ.42,Phonemic,loud,,,,
15-510-424-1,gree1278,Sanchong Kelao,1409,qha.42,Phonemic,see,,,,
15-520-424-1,gree1278,Sanchong Kelao,1819,ɣən.31,Phonemic,"look, look at",,,,
15-550-424-1,gree1278,Sanchong Kelao,1039,chI.35 ɣən.31,Phonemic,show,,,,
15-560-424-1,gree1278,Sanchong Kelao,708,cau.13,Phonemic,shine,,,,
15-570-424-1,gree1278,Sanchong Kelao,679,ʔu.42,Phonemic,bright,,,,
15-620-424-1,gree1278,Sanchong Kelao,250,thai.13 tjai.13 haŋ.42,Phonemic,light (in color),,,,
15-630-424-1,gree1278,Sanchong Kelao,706,lja.13,Phonemic,dark (in color),,,,
15-640-424-1,gree1278,Sanchong Kelao,1335,ʔau.13,Phonemic,white,,,,
15-650-424-1,gree1278,Sanchong Kelao,163,ljaŋ.31,Phonemic,black,,,,
15-660-424-1,gree1278,Sanchong Kelao,156,le.13,Phonemic,red,,,,
15-670-424-1,gree1278,Sanchong Kelao,837,ləu.31,Phonemic,blue,,,,
15-680-424-1,gree1278,Sanchong Kelao,1425,sai.42,Phonemic,green,,,,
15-690-424-1,gree1278,Sanchong Kelao,1424,wa.42,Phonemic,yellow,,,,
15-710-424-1,gree1278,Sanchong Kelao,1892,phuŋ.13,Phonemic,touch,,,,
15-712-424-1,gree1278,Sanchong Kelao,378,ɣe.42,Phonemic,pinch,,,,
15-720-424-1,gree1278,Sanchong Kelao,1079,thjəu.35,Phonemic,feel,,,,
15-740-424-1,gree1278,Sanchong Kelao,1884,ljəu.42,Phonemic,hard,,,,
15-750-424-1,gree1278,Sanchong Kelao,1856,zuan.42,Phonemic,soft,,,,
15-760-424-1,gree1278,Sanchong Kelao,1923,chu .35 chau.13,Phonemic,rough,,,,
15-770-424-1,gree1278,Sanchong Kelao,1234,ʔlui.35,Phonemic,smooth,,,,
15-780-424-1,gree1278,Sanchong Kelao,1396,khi.42,Phonemic,sharp,,,,
15-790-424-1,gree1278,Sanchong Kelao,379,ma.31 khi.42,Phonemic,"blunt, dull",,,,
15-810-424-1,gree1278,Sanchong Kelao,1210,hi.42 haŋ.42,Phonemic,heavy,,,,
15-820-424-1,gree1278,Sanchong Kelao,1052,həu.35,Phonemic,light (in weight),,,,
15-830-424-1,gree1278,Sanchong Kelao,1726,ńha.35,Phonemic,"wet, damp",,,,
15-840-424-1,gree1278,Sanchong Kelao,1398,həu.13,Phonemic,dry,,,,
15-840-424-3,gree1278,Sanchong Kelao,1398,ʔla.35,Phonemic,dry,,,,
15-850-424-1,gree1278,Sanchong Kelao,1286,łuŋ.35,Phonemic,hot,,,,
15-851-424-1,gree1278,Sanchong Kelao,1232,tau.13 lei.31 ma.31 lei.31,Phonemic,warm,,,,
15-860-424-1,gree1278,Sanchong Kelao,1287,se.13,Phonemic,cold,,,,
15-870-424-1,gree1278,Sanchong Kelao,704,me.35 he.13,Phonemic,clean,,,,
15-880-424-1,gree1278,Sanchong Kelao,1230,ńa.13,Phonemic,"dirty, soiled",,,,
15-890-424-1,gree1278,Sanchong Kelao,380,ńhuai.42,Phonemic,wrinkled,,,,
16-110-424-1,gree1278,Sanchong Kelao,53,lei.35 ŋau.31,Phonemic,"soul, spirit",,,,
16-180-424-1,gree1278,Sanchong Kelao,720,jin.13 ćhi.13 ʔie.42,Phonemic,"good fortune, luck",,,,
16-190-424-1,gree1278,Sanchong Kelao,56,jin.13 ćhi.13 ma.31 ʔie.42,Phonemic,"misfortune, bad luck",,,,
16-230-424-1,gree1278,Sanchong Kelao,1495,kau.35 śin.13,Phonemic,"joyful, glad, happy",,,,
16-250-424-1,gree1278,Sanchong Kelao,1355,sau.42,Phonemic,laugh,,,,
16-251-424-1,gree1278,Sanchong Kelao,1451,ʒi.31 sau.42 ʒi.31 sau.42,Phonemic,smile,,,,
16-260-424-1,gree1278,Sanchong Kelao,1413,le.31 ɣau.31,Phonemic,play,,,,
16-270-424-1,gree1278,Sanchong Kelao,923,ntuai.31,Phonemic,love,,,,
16-290-424-1,gree1278,Sanchong Kelao,578,ləu.31 pa.41 mpai.13,Phonemic,kiss,,,,
16-300-424-1,gree1278,Sanchong Kelao,928,ta.13 kaŋ.13,Phonemic,embrace,,,,
16-310-424-1,gree1278,Sanchong Kelao,1783,ɣa.42,Phonemic,pain,,,,
16-320-424-1,gree1278,Sanchong Kelao,1668,saŋ.35 śi.33,Phonemic,"grief, sorrow, sadness",,,,
16-330-424-1,gree1278,Sanchong Kelao,1000,co.31 ći.31,Phonemic,"anxiety, worry",,,,
16-350-424-1,gree1278,Sanchong Kelao,1141,kho.42 ljan.31,Phonemic,pity,,,,
16-370-424-1,gree1278,Sanchong Kelao,1839,ńe.13,Phonemic,"cry, weep",,,,
16-380-424-1,gree1278,Sanchong Kelao,1651,ʔuŋ.35 zəu.42,Phonemic,tear (noun),,,,
16-390-424-1,gree1278,Sanchong Kelao,716,ʔʒin.13,Phonemic,groan,,,,
16-410-424-1,gree1278,Sanchong Kelao,1607,so.35,Phonemic,hate,,,,
16-420-424-1,gree1278,Sanchong Kelao,82,ćhi.13,Phonemic,anger,,,,
16-450-424-1,gree1278,Sanchong Kelao,1776,ma.31 ʔla.35 ʔlai.42,Phonemic,shame (noun),,,,
16-480-424-1,gree1278,Sanchong Kelao,174,tjau.35 ŋau.13,Phonemic,proud,,,,
16-510-424-1,gree1278,Sanchong Kelao,1779,kaŋ.35,Phonemic,dare,,,,
16-520-424-1,gree1278,Sanchong Kelao,3,khe.13 hui.35,Phonemic,brave,,,,
16-530-424-1,gree1278,Sanchong Kelao,781,ljəu.31 haŋ.42,Phonemic,"fear, fright",,,,
16-540-424-1,gree1278,Sanchong Kelao,1810,wei.31 śan.42,Phonemic,danger,,,,
16-620-424-1,gree1278,Sanchong Kelao,1784,juan.13,Phonemic,"desire, want",,,,
16-622-424-1,gree1278,Sanchong Kelao,1750,lja.13,Phonemic,choose,,,,
16-630-424-1,gree1278,Sanchong Kelao,1092,śi.35 waŋ.13,Phonemic,hope,,,,
16-660-424-1,gree1278,Sanchong Kelao,1657,ŋəu.13,Phonemic,true,,,,
16-670-424-1,gree1278,Sanchong Kelao,601,ʒuai.13 ja.31,Phonemic,"lie, tell lies",,,,
16-680-424-1,gree1278,Sanchong Kelao,13,ćhi.35 phjan.13,Phonemic,deceit,,,,
16-690-424-1,gree1278,Sanchong Kelao,1528,juan.31 ljaŋ.13,Phonemic,forgive,,,,
16-710-424-1,gree1278,Sanchong Kelao,1035,ʔie.35,Phonemic,good,,,,
16-720-424-1,gree1278,Sanchong Kelao,1292,ńćy.13,Phonemic,bad,,,,
16-730-424-1,gree1278,Sanchong Kelao,1725,cən.13 ćho.31,Phonemic,"right, correct",,,,
16-740-424-1,gree1278,Sanchong Kelao,1390,ja.31,Phonemic,wrong,,,,
16-760-424-1,gree1278,Sanchong Kelao,134,ja.31,Phonemic,fault,,,,
16-780-424-1,gree1278,Sanchong Kelao,381,kuai.13,Phonemic,blame,,,,
16-810-424-1,gree1278,Sanchong Kelao,1427,tjo.35 ʔi.342,Phonemic,beautiful,,,,
16-820-424-1,gree1278,Sanchong Kelao,1548,ńćy.13,Phonemic,ugly,,,,
16-830-424-1,gree1278,Sanchong Kelao,2018,than.13 śin.33,Phonemic,greedy,,,,
16-840-424-1,gree1278,Sanchong Kelao,1310,ćhuŋ.33 min.31,Phonemic,clever,,,,
17-110-424-1,gree1278,Sanchong Kelao,1562,lau.42 ćin.35,Phonemic,mind,,,,
17-130-424-1,gree1278,Sanchong Kelao,1415,ntjuai.31,Phonemic,think (= reflect),,,,
17-140-424-1,gree1278,Sanchong Kelao,1513,ɣən.13,Phonemic,think (= be of the opinion),,,,
17-150-424-1,gree1278,Sanchong Kelao,1890,śaŋ.35 śin.13,Phonemic,believe,,,,
17-160-424-1,gree1278,Sanchong Kelao,1536,ʔla.35,Phonemic,understand,,,,
17-170-424-1,gree1278,Sanchong Kelao,1410,ʔla.35,Phonemic,know,,,,
17-171-424-1,gree1278,Sanchong Kelao,1932,chai.42,Phonemic,guess,,,,
17-172-424-1,gree1278,Sanchong Kelao,117,ŋka.31,Phonemic,imitate,,,,
17-180-424-1,gree1278,Sanchong Kelao,1521,ɣen.13 ɣai.42,Phonemic,seem,,,,
17-220-424-1,gree1278,Sanchong Kelao,1518,mpe.42 haŋ.42,Phonemic,"foolish, stupid",,,,
17-230-424-1,gree1278,Sanchong Kelao,1899,ɣo.31,Phonemic,"insane, crazy",,,,
17-240-424-1,gree1278,Sanchong Kelao,504,ʔla.31,Phonemic,learn,,,,
17-250-424-1,gree1278,Sanchong Kelao,709,thje.35 səu.42,Phonemic,teach,,,,
17-260-424-1,gree1278,Sanchong Kelao,753,lei.35 śo.31 sən.35,Phonemic,pupil,,,,
17-270-424-1,gree1278,Sanchong Kelao,1038,pu.55 thje.35 səu.42,Phonemic,teacher,,,,
17-310-424-1,gree1278,Sanchong Kelao,707,ʔləu.35 tau.42,Phonemic,remember,,,,
17-320-424-1,gree1278,Sanchong Kelao,1523,ntja.13 ʔa.42 maŋ.42,Phonemic,forget,,,,
17-340-424-1,gree1278,Sanchong Kelao,989,ʔla.35 za.13,Phonemic,"clear, plain",,,,
17-350-424-1,gree1278,Sanchong Kelao,1764,ma.31 ʔla.35 za.13,Phonemic,obscure,,,,
17-370-424-1,gree1278,Sanchong Kelao,509,khən.42 tin.13,Phonemic,"sure, certain",,,,
17-380-424-1,gree1278,Sanchong Kelao,1626,kai.42 sI.31,Phonemic,explain,,,,
17-410-424-1,gree1278,Sanchong Kelao,1162,mu.31 ti.31,Phonemic,"intention, purpose",,,,
17-420-424-1,gree1278,Sanchong Kelao,860,ʔa.42 yan.31 jin.35,Phonemic,cause,,,,
17-430-424-1,gree1278,Sanchong Kelao,1308,huai.31 ni.31,Phonemic,doubt,,,,
17-440-424-1,gree1278,Sanchong Kelao,1841,huai.31 ni.31,Phonemic,suspect,,,,
17-450-424-1,gree1278,Sanchong Kelao,643,mje.42,Phonemic,"need, necessity",,,,
17-470-424-1,gree1278,Sanchong Kelao,584,lan.31,Phonemic,difficult,,,,
17-470-424-3,gree1278,Sanchong Kelao,584,khun.13 nan.31,Phonemic,difficult,,,,
17-480-424-1,gree1278,Sanchong Kelao,1812,sI.13 sa.42,Phonemic,"try, attempt",,,,
17-510-424-1,gree1278,Sanchong Kelao,1577,chan.42,Phonemic,and,,,,
17-550-424-1,gree1278,Sanchong Kelao,1268,tui.13,Phonemic,"yes, affirmative",,,,
17-560-424-1,gree1278,Sanchong Kelao,1269,ma.31 ʔʒəu.42,Phonemic,"no, negative",,,,
17-610-424-1,gree1278,Sanchong Kelao,1239,zu.31 ho.31,Phonemic,how?,,,,
17-620-424-1,gree1278,Sanchong Kelao,822,ʔaŋ.35 ʔe.13 ntja.42,Phonemic,how many?,,,,
17-630-424-1,gree1278,Sanchong Kelao,531,ʔaŋ.35 ʔe.13 ntja.42,Phonemic,how much?,,,,
17-640-424-1,gree1278,Sanchong Kelao,1236,ʔʒəu.35 he.42,Phonemic,what?,,,,
17-650-424-1,gree1278,Sanchong Kelao,1238,ʔʒəu.35 ncai.31 he.42,Phonemic,when?,,,,
17-660-424-1,gree1278,Sanchong Kelao,1237,ʔa.31 he.31,Phonemic,where?,,,,
17-670-424-1,gree1278,Sanchong Kelao,727,hən.31 naŋ.42,Phonemic,which?,,,,
17-680-424-1,gree1278,Sanchong Kelao,1235,hən.31 naŋ.42,Phonemic,who?,,,,
17-690-424-1,gree1278,Sanchong Kelao,1270,za.13 sI.55 hje.42,Phonemic,why?,,,,
18-110-424-1,gree1278,Sanchong Kelao,1363,ɣuŋ.42,Phonemic,voice,,,,
18-120-424-1,gree1278,Sanchong Kelao,1261,le.31,Phonemic,sing,,,,
18-130-424-1,gree1278,Sanchong Kelao,715,hji.13,Phonemic,"shout, cry out",,,,
18-150-424-1,gree1278,Sanchong Kelao,55,njaŋ.35 njaŋ.35 zuai.13,Phonemic,whisper,,,,
18-170-424-1,gree1278,Sanchong Kelao,1025,ho.13 hji.42,Phonemic,whistle,,,,
18-180-424-1,gree1278,Sanchong Kelao,298,ʔa.42 ɣuŋ.42 hau.42,Phonemic,"shriek, screech",,,,
18-190-424-1,gree1278,Sanchong Kelao,526,cai.13,Phonemic,howl,,,,
18-210-424-1,gree1278,Sanchong Kelao,1623,ʒuai.13 ntji.31,Phonemic,"speak, talk",,,,
18-211-424-1,gree1278,Sanchong Kelao,1866,će.31 pa.35,Phonemic,"stutter, stammer",,,,
18-220-424-1,gree1278,Sanchong Kelao,1458,ʒuai.13,Phonemic,say,,,,
18-230-424-1,gree1278,Sanchong Kelao,48,ma.31 ʒuai.13 ntji.31,Phonemic,silent (be),,,,
18-240-424-1,gree1278,Sanchong Kelao,1307,ntji.31,Phonemic,language,,,,
18-260-424-1,gree1278,Sanchong Kelao,1599,səu.42,Phonemic,word,,,,
18-280-424-1,gree1278,Sanchong Kelao,1405,lei.35 ne.31,Phonemic,name,,,,
18-310-424-1,gree1278,Sanchong Kelao,1309,za.13,Phonemic,"ask (question, inquire)",,,,
18-320-424-1,gree1278,Sanchong Kelao,1275,ʔi.35,Phonemic,answer,,,,
18-350-424-1,gree1278,Sanchong Kelao,1828,ćhiu.31 ćhi.13,Phonemic,"ask, request",,,,
18-360-424-1,gree1278,Sanchong Kelao,1675,ʔi.35,Phonemic,promise,,,,
18-410-424-1,gree1278,Sanchong Kelao,1084,hji.13,Phonemic,call (=summon),,,,
18-440-424-1,gree1278,Sanchong Kelao,1192,lau.42,Phonemic,threaten,,,,
18-510-424-1,gree1278,Sanchong Kelao,1672,ɣe.31,Phonemic,write,,,,
18-520-424-1,gree1278,Sanchong Kelao,724,ćo.42,Phonemic,read,,,,
18-560-424-1,gree1278,Sanchong Kelao,648,thje.35,Phonemic,paper,,,,
18-570-424-1,gree1278,Sanchong Kelao,794,ma.42 he.35 səu.42,Phonemic,pen,,,,
18-610-424-1,gree1278,Sanchong Kelao,963,pin.35 səu.42,Phonemic,book,,,,
18-720-424-1,gree1278,Sanchong Kelao,908,laŋ.31 luŋ.31,Phonemic,drum,,,,
18-730-424-1,gree1278,Sanchong Kelao,2136,ʔa.42 la.42 śo.35,Phonemic,"horn, trumpet",,,,
19-150-424-1,gree1278,Sanchong Kelao,1391,lau.42 ljuŋ.13,Phonemic,"city, town",,,,
19-160-424-1,gree1278,Sanchong Kelao,930,lau.42 wa.31,Phonemic,village,,,,
19-240-424-1,gree1278,Sanchong Kelao,301,ha.13,Phonemic,"chief, chieftain",,,,
19-250-424-1,gree1278,Sanchong Kelao,1296,ma.42 će.13,Phonemic,"staff, walking stick",,,,
19-410-424-1,gree1278,Sanchong Kelao,383,pu.55 ɣue.13 he.42,Phonemic,master,,,,
19-510-424-1,gree1278,Sanchong Kelao,1325,phuŋ.31 jəu.42,Phonemic,"friend, companion",,,,
19-540-424-1,gree1278,Sanchong Kelao,1332,qhai.315 vu.42 ʔa.35 kai.35,Phonemic,neighbor,,,,
19-560-424-1,gree1278,Sanchong Kelao,1782,khəŋ.13,Phonemic,guest,,,,
19-570-424-1,gree1278,Sanchong Kelao,1545,pu.55 ɣue.13 he.42,Phonemic,host,,,,
19-580-424-1,gree1278,Sanchong Kelao,1897,ći.42 zI.31,Phonemic,"help, aid",,,,
19-620-424-1,gree1278,Sanchong Kelao,1848,cai.13 kaŋ.13,Phonemic,"strife, quarrel",,,,
19-650-424-1,gree1278,Sanchong Kelao,1831,qha.42,Phonemic,meet,,,,
20-110-424-1,gree1278,Sanchong Kelao,1423,kho.35 kaŋ.13,Phonemic,fight (vb),,,,
20-170-424-1,gree1278,Sanchong Kelao,1941,khən.42,Phonemic,soldier,,,,
20-220-424-1,gree1278,Sanchong Kelao,1763,ʔa.42 paŋ.31 paŋ.31,Phonemic,club,,,,
20-280-424-1,gree1278,Sanchong Kelao,1566,ʔa.42 ho.13 hye.42,Phonemic,"gun, cannon",,,,
20-360-424-1,gree1278,Sanchong Kelao,1671,tha.31,Phonemic,tower,,,,
20-450-424-1,gree1278,Sanchong Kelao,421,tau.23 ncən.31,Phonemic,retreat,,,,
20-490-424-1,gree1278,Sanchong Kelao,65,ńće.13 ćhi.42,Phonemic,ambush,,,,
20-520-424-1,gree1278,Sanchong Kelao,1074,ʔa.42 kəu.42 kəu.42,Phonemic,fishhook,,,,
20-530-424-1,gree1278,Sanchong Kelao,19,ʔa.42 sa.42,Phonemic,fishing line,,,,
20-540-424-1,gree1278,Sanchong Kelao,388,ʔa.42 za.13,Phonemic,fishnet,,,,
20-610-424-1,gree1278,Sanchong Kelao,1435,ćy.13 ntjuŋ.13,Phonemic,hunt,,,,
20-630-424-1,gree1278,Sanchong Kelao,161,kho.35 ʔai.35,Phonemic,miss (target),,,,
21-160-424-1,gree1278,Sanchong Kelao,1818,phan.13,Phonemic,judge (vb),,,,
21-310-424-1,gree1278,Sanchong Kelao,1814,njo.13,Phonemic,accuse,,,,
21-350-424-1,gree1278,Sanchong Kelao,1682,ʔaŋ.42 łjaŋ.42,Phonemic,guilty,,,,
21-360-424-1,gree1278,Sanchong Kelao,90,ma.31 ʔaŋ.42 łjaŋ.42,Phonemic,innocent,,,,
21-370-424-1,gree1278,Sanchong Kelao,390,chən.42 fa.31,Phonemic,"penalty, punishment",,,,
21-380-424-1,gree1278,Sanchong Kelao,218,fa.315 ŋu.13 zai.31,Phonemic,fine,,,,
21-390-424-1,gree1278,Sanchong Kelao,1281,lau.31 faŋ.31,Phonemic,"prison, jail",,,,
21-460-424-1,gree1278,Sanchong Kelao,1889,ʔa.31 hye.42,Phonemic,arson,,,,
21-510-424-1,gree1278,Sanchong Kelao,713,ljuŋ.42,Phonemic,steal,,,,
21-520-424-1,gree1278,Sanchong Kelao,1160,ncI.42,Phonemic,thief,,,,
22-110-424-1,gree1278,Sanchong Kelao,661,pu.35 hui.42,Phonemic,religion,,,,
22-150-424-1,gree1278,Sanchong Kelao,1103,hue.13,Phonemic,"sacrifice, offering",,,,
22-160-424-1,gree1278,Sanchong Kelao,257,pji.35 khuŋ.35,Phonemic,worship,,,,
22-230-424-1,gree1278,Sanchong Kelao,391,le.31 ɣue.13,Phonemic,bless,,,,
22-240-424-1,gree1278,Sanchong Kelao,8,səu.13,Phonemic,curse,,,,
22-350-424-1,gree1278,Sanchong Kelao,1973,mha.42,Phonemic,demon (evil spirit),,,,
22-420-424-1,gree1278,Sanchong Kelao,392,mi.13 cI.35,Phonemic,"magic, witchcraft, sorcery",,,,
22-430-424-1,gree1278,Sanchong Kelao,2137,pu.35 hue.42,Phonemic,"sorcerer, witch",,,,
22-450-424-1,gree1278,Sanchong Kelao,1175,mha.42 ji.42 / mh.42 ŋau.31,Phonemic,"ghost, phantom",,,,
