ID,Language_ID,Language_name,Parameter_ID,Value,Transcription,Concept,Source,Comment,AlternativeValue,AlternativeTranscription
14-320-423-1,lang1316,Ecun Buyang,1852,kɨ.55 kɨ.55,Phonemic,often,,,,
14-280-423-1,lang1316,Ecun Buyang,1928,δaŋ.11,Phonemic,"cease, stop",,,,
14-270-423-1,lang1316,Ecun Buyang,1766,na.32,Phonemic,finish,,,,
14-250-423-1,lang1316,Ecun Buyang,1806,kha:i.33 sI.55,Phonemic,"begin, beginning",,,,
14-240-423-1,lang1316,Ecun Buyang,425,ta:n.33 kɔ.31,Phonemic,"retard, delay",,,,
14-230-423-1,lang1316,Ecun Buyang,754,ka:n.55 cin.55,Phonemic,"hasten, hurry",,,,
14-220-423-1,lang1316,Ecun Buyang,701,lum.55,Phonemic,slow,,,,
14-210-423-1,lang1316,Ecun Buyang,1631,pian.11,Phonemic,"swift, fast, quick",,,,
14-190-423-1,lang1316,Ecun Buyang,1963,ma.55 śa:ŋ.24,Phonemic,immediately,,,,
14-180-423-1,lang1316,Ecun Buyang,1376,ca:n.55 śin.33,Phonemic,now,,,,
14-170-423-1,lang1316,Ecun Buyang,477,ha.55 ve.24,Phonemic,late,,,,
14-170-423-3,lang1316,Ecun Buyang,477,nɨ:ŋ.11 ʔdaŋ.32,Phonemic,late,,,,
14-160-423-1,lang1316,Ecun Buyang,672,ma.0 lam.11,Phonemic,early,,,,
14-150-423-1,lang1316,Ecun Buyang,1229,ie.55,Phonemic,old,,,,
14-140-423-1,lang1316,Ecun Buyang,1207,tuə.0 ma.31,Phonemic,young,,,,
14-120-423-1,lang1316,Ecun Buyang,1789,ʔda:n.24 δiɛŋ.33,Phonemic,age,,,,
14-130-423-1,lang1316,Ecun Buyang,1231,ma:n.33,Phonemic,new,,,,
13-440-423-1,lang1316,Ecun Buyang,417,tu.24 tɔp.55,Phonemic,three times,,,,
13-420-423-1,lang1316,Ecun Buyang,1859,ta:i.31 tu.24,Phonemic,third,,,,
13-380-423-1,lang1316,Ecun Buyang,1546,ϑa.24 tɔp.55,Phonemic,two times,,,,
13-370-423-1,lang1316,Ecun Buyang,1888,toi.55,Phonemic,pair,,,,
13-360-423-1,lang1316,Ecun Buyang,1384,ta:i.31 ŋi.31,Phonemic,second,,,,
13-350-423-1,lang1316,Ecun Buyang,1529,cui.24 ʔdaŋ.32,Phonemic,last,,,,
13-340-423-1,lang1316,Ecun Buyang,728,ta:i.31 it.55,Phonemic,first,,,,
13-330-423-1,lang1316,Ecun Buyang,1580,va:i.33 tok.31,Phonemic,"alone, only",,,,
13-240-423-1,lang1316,Ecun Buyang,816,(pi.31) kɔŋ.32,Phonemic,half,,,,
13-230-423-1,lang1316,Ecun Buyang,779,paŋ.11,Phonemic,"part, piece",,,,
13-220-423-1,lang1316,Ecun Buyang,1624,δia:u.32,Phonemic,empty,,,,
13-210-423-1,lang1316,Ecun Buyang,1429,a.33 tjɛk.55,Phonemic,full,,,,
13-190-423-1,lang1316,Ecun Buyang,2023,śɔm.55 ma.0 iŋ.24,Phonemic,"multitude, crowd",,,,
13-181-423-1,lang1316,Ecun Buyang,1241,pi.31 śit.55,Phonemic,some,,,,
13-170-423-1,lang1316,Ecun Buyang,1242,it.55,Phonemic,"little (quantity), few",,,,
13-180-423-1,lang1316,Ecun Buyang,1881,to.33,Phonemic,enough,,,,
13-150-423-1,lang1316,Ecun Buyang,1198,ho.32,Phonemic,"much, many",,,,
13-140-423-1,lang1316,Ecun Buyang,98,taŋ.31 le.24,Phonemic,"every, all",,,,
13-107-423-1,lang1316,Ecun Buyang,1420,a:n.24,Phonemic,count,,,,
13-106-423-1,lang1316,Ecun Buyang,1843,śien.24,Phonemic,thousand,,,,
13-105-423-1,lang1316,Ecun Buyang,1634,va:ŋ.33,Phonemic,hundred,,,,
13-104-423-1,lang1316,Ecun Buyang,1710,ϑa.24 put.55,Phonemic,twenty,,,,
13-103-423-1,lang1316,Ecun Buyang,1709,put.55 ma.33,Phonemic,fifteen,,,,
13-102-423-1,lang1316,Ecun Buyang,1707,put.55 ϑa.24,Phonemic,twelve,,,,
13-101-423-1,lang1316,Ecun Buyang,1706,put.55 pi.31,Phonemic,eleven,,,,
13-100-423-1,lang1316,Ecun Buyang,1515,put.55,Phonemic,ten,,,,
13-90-423-1,lang1316,Ecun Buyang,1483,va.55,Phonemic,nine,,,,
13-80-423-1,lang1316,Ecun Buyang,1705,ma.0 δu.33,Phonemic,eight,,,,
13-70-423-1,lang1316,Ecun Buyang,1704,tu.33,Phonemic,seven,,,,
13-60-423-1,lang1316,Ecun Buyang,1703,nam.24,Phonemic,six,,,,
13-50-423-1,lang1316,Ecun Buyang,493,ma.33,Phonemic,five,,,,
13-40-423-1,lang1316,Ecun Buyang,1500,pa.24,Phonemic,four,,,,
13-20-423-1,lang1316,Ecun Buyang,1498,ϑa.24,Phonemic,two,,,,
13-30-423-1,lang1316,Ecun Buyang,492,tu.24,Phonemic,three,,,,
13-10-423-1,lang1316,Ecun Buyang,1493,pi.31,Phonemic,one,,,,
13-0-423-1,lang1316,Ecun Buyang,1294,an.24 na:i.31,Phonemic,"zero, nothing",,,,
12-930-423-1,lang1316,Ecun Buyang,1264,pjan.24,Phonemic,change,,,,
12-920-423-1,lang1316,Ecun Buyang,1558,lum.11,Phonemic,"like, similar",,,,
12-840-423-1,lang1316,Ecun Buyang,1048,ϑien.55,Phonemic,line,,,,
12-850-423-1,lang1316,Ecun Buyang,1667,e.0 ʔbɔŋ.55,Phonemic,hole,,,,
12-830-423-1,lang1316,Ecun Buyang,1845,chiu.31,Phonemic,"sphere, ball",,,,
12-810-423-1,lang1316,Ecun Buyang,1395,hɛ.55 mun.11,Phonemic,round,,,,
12-780-423-1,lang1316,Ecun Buyang,850,pa.24 pu:ŋ.32,Phonemic,square,,,,
12-770-423-1,lang1316,Ecun Buyang,1367,ka:p.55 la:n.33,Phonemic,cross,,,,
12-760-423-1,lang1316,Ecun Buyang,192,e.0 ńaŋ.11,Phonemic,corner,,,,
12-750-423-1,lang1316,Ecun Buyang,1071,iu.32,Phonemic,hook,,,,
12-740-423-1,lang1316,Ecun Buyang,297,ta.0 kau.32,Phonemic,crooked,,,,
12-730-423-1,lang1316,Ecun Buyang,1404,ϑot.31,Phonemic,straight,,,,
12-710-423-1,lang1316,Ecun Buyang,1633,taŋ.31,Phonemic,flat,,,,
12-680-423-1,lang1316,Ecun Buyang,193,tjen.31,Phonemic,shallow,,,,
12-670-423-1,lang1316,Ecun Buyang,1593,a.0 lak.55,Phonemic,deep,,,,
12-650-423-1,lang1316,Ecun Buyang,2249,ta.0 vɛ.11,Phonemic,thin (in dimension),,,,
12-630-423-1,lang1316,Ecun Buyang,1244,ta.0 na.33,Phonemic,thick (in dimension),,,,
12-620-423-1,lang1316,Ecun Buyang,1267,kɛp.31,Phonemic,narrow,,,,
12-610-423-1,lang1316,Ecun Buyang,1243,ua:ŋ.24,Phonemic,"wide, broad",,,,
12-590-423-1,lang1316,Ecun Buyang,1645,ʔdi.11,Phonemic,short,,,,
12-580-423-1,lang1316,Ecun Buyang,711,va:ŋ.33,Phonemic,tall,,,,
12-570-423-1,lang1316,Ecun Buyang,1203,li.32,Phonemic,long,,,,
12-560-423-1,lang1316,Ecun Buyang,1246,it.55,Phonemic,"small, little",,,,
12-550-423-1,lang1316,Ecun Buyang,1202,man.55,Phonemic,"large, big",,,,
12-541-423-1,lang1316,Ecun Buyang,81,ka:p.55,Phonemic,"span, fathom",,,,
12-540-423-1,lang1316,Ecun Buyang,1506,ta:k.31,Phonemic,measure,,,,
12-530-423-1,lang1316,Ecun Buyang,479,man.55,Phonemic,grow,,,,
12-530-423-3,lang1316,Ecun Buyang,479,ma.32,Phonemic,grow,,,,
12-480-423-1,lang1316,Ecun Buyang,1595,na:n.31,Phonemic,south,,,,
12-470-423-1,lang1316,Ecun Buyang,1598,pə.31,Phonemic,north,,,,
12-460-423-1,lang1316,Ecun Buyang,1817,śi.33,Phonemic,west,,,,
12-450-423-1,lang1316,Ecun Buyang,1877,tuŋ.33,Phonemic,east,,,,
12-430-423-1,lang1316,Ecun Buyang,1942,ϑuə.32,Phonemic,near (adv),,,,
12-430-423-3,lang1316,Ecun Buyang,1942,a.0 li.33,Phonemic,near (adv),,,,
12-420-423-1,lang1316,Ecun Buyang,244,ʔba:ŋ.31 pjak.55,Phonemic,left (side),,,,
12-410-423-1,lang1316,Ecun Buyang,1019,ʔba:ŋ.31 ma.0 δi.31,Phonemic,right (side),,,,
12-370-423-1,lang1316,Ecun Buyang,1093,tam.31 ti.24,Phonemic,"middle, center",,,,
12-360-423-1,lang1316,Ecun Buyang,682,ʔba:ŋ.11,Phonemic,side,,,,
12-353-423-1,lang1316,Ecun Buyang,863,e.0 hen.11,Phonemic,edge,,,,
12-352-423-1,lang1316,Ecun Buyang,372,e.0 cit.55,Phonemic,pointed,,,,
12-350-423-1,lang1316,Ecun Buyang,742,e.0 tai.32,Phonemic,end,,,,
12-340-423-1,lang1316,Ecun Buyang,690,ʔba.11 ha:p.55,Phonemic,bottom,,,,
12-320-423-1,lang1316,Ecun Buyang,721,ta.11,Phonemic,low,,,,
12-330-423-1,lang1316,Ecun Buyang,1753,e.0 nɛŋ.33,Phonemic,top,,,,
12-310-423-1,lang1316,Ecun Buyang,1265,va:ŋ.33,Phonemic,high,,,,
12-270-423-1,lang1316,Ecun Buyang,602,cem.24,Phonemic,"hide, conceal",,,,
12-250-423-1,lang1316,Ecun Buyang,1046,tam.24,Phonemic,"shut, close",,,,
12-260-423-1,lang1316,Ecun Buyang,761,pok.55,Phonemic,cover,,,,
12-260-423-3,lang1316,Ecun Buyang,761,kup.31,Phonemic,cover,,,,
12-240-423-1,lang1316,Ecun Buyang,1156,ha:i.24,Phonemic,open,,,,
12-230-423-1,lang1316,Ecun Buyang,1359,pon.32 ha:i.24,Phonemic,separate,,,,
12-220-423-1,lang1316,Ecun Buyang,1743,δa:ŋ.31 la:n.33,Phonemic,"join, unite",,,,
12-213-423-1,lang1316,Ecun Buyang,1576,tap.31,Phonemic,pile up,,,,
12-212-423-1,lang1316,Ecun Buyang,371,ʔdim.33,Phonemic,pick up,,,,
12-210-423-1,lang1316,Ecun Buyang,7,śɔm.31 la:n.33,Phonemic,"collect, gather",,,,
12-170-423-1,lang1316,Ecun Buyang,838,śin.55 ha.11,Phonemic,"remains, left overs",,,,
12-160-423-1,lang1316,Ecun Buyang,987,an.24,Phonemic,"remain, stay",,,,
12-150-423-1,lang1316,Ecun Buyang,1442,ʒin.55,Phonemic,stand,,,,
12-140-423-1,lang1316,Ecun Buyang,215,u.55 luŋ.11,Phonemic,lie down,,,,
12-130-423-1,lang1316,Ecun Buyang,1416,tu.32,Phonemic,sit,,,,
12-120-423-1,lang1316,Ecun Buyang,998,mi.33 ŋan.11,Phonemic,put,,,,
12-110-423-1,lang1316,Ecun Buyang,723,ta.31 fɨ:ŋ.24,Phonemic,place,,,,
12-80-423-1,lang1316,Ecun Buyang,1591,pa:ŋ.11 lu.33,Phonemic,"up, above",,,,
12-70-423-1,lang1316,Ecun Buyang,1485,ʔba.11 ha:p.55,Phonemic,under,,,,
12-60-423-1,lang1316,Ecun Buyang,762,pa:ŋ.11 δie.11,Phonemic,outside,,,,
12-50-423-1,lang1316,Ecun Buyang,1606,pa.0 lɔŋ.11,Phonemic,"inside, in",,,,
12-41-423-1,lang1316,Ecun Buyang,1883,ta.0 hɔn.24,Phonemic,front,,,,
12-40-423-1,lang1316,Ecun Buyang,1882,ta.0 hɔn.24,Phonemic,before,,,,
12-30-423-1,lang1316,Ecun Buyang,2094,ʔba.0 ha:p.55,Phonemic,"down, below",,,,
12-20-423-1,lang1316,Ecun Buyang,1816,va:ŋ.31 hɛn.11,Phonemic,beside,,,,
12-11-423-1,lang1316,Ecun Buyang,1686,pa.0 ʔda:ŋ.31,Phonemic,behind,,,,
12-10-423-1,lang1316,Ecun Buyang,1685,pɨ:ŋ.11 ʔdaŋ.32,Phonemic,after,,,,
11-920-423-1,lang1316,Ecun Buyang,1098,śaŋ.33,Phonemic,weigh,,,,
11-910-423-1,lang1316,Ecun Buyang,884,pon.31 la:n.33,Phonemic,share (distribute),,,,
11-890-423-1,lang1316,Ecun Buyang,1887,śen.31,Phonemic,cheap,,,,
11-880-423-1,lang1316,Ecun Buyang,1426,pja:ŋ.11,Phonemic,"dear (costly, expensive)",,,,
11-870-423-1,lang1316,Ecun Buyang,657,ca.55 śen.11,Phonemic,price,,,,
11-850-423-1,lang1316,Ecun Buyang,633,lɔŋ.11 hɨ.32,Phonemic,market (place),,,,
11-840-423-1,lang1316,Ecun Buyang,1082,pu.11 pa:n.31 śɨ.33,Phonemic,merchant,,,,
11-830-423-1,lang1316,Ecun Buyang,2135,pa:n.31 śɨ.33,Phonemic,"trade, barter",,,,
11-820-423-1,lang1316,Ecun Buyang,1571,pa:n.31,Phonemic,sell,,,,
11-810-423-1,lang1316,Ecun Buyang,1869,śɨ.33,Phonemic,buy,,,,
11-790-423-1,lang1316,Ecun Buyang,733,δa.24,Phonemic,earn,,,,
11-780-423-1,lang1316,Ecun Buyang,1122,śen.11 a.0 δia:ŋ.33,Phonemic,wages,,,,
11-770-423-1,lang1316,Ecun Buyang,856,ko.55 ʒuŋ.31,Phonemic,hire,,,,
11-690-423-1,lang1316,Ecun Buyang,873,śui.24,Phonemic,"tax, tribute",,,,
11-660-423-1,lang1316,Ecun Buyang,1081,śa:n.55 ca:ŋ.24,Phonemic,"account, reckoning",,,,
11-650-423-1,lang1316,Ecun Buyang,718,ha:i.24 śen.11,Phonemic,pay (vb),,,,
11-630-423-1,lang1316,Ecun Buyang,369,ʒa:ŋ.24 la:k.33 pu.11,Phonemic,owe,,,,
11-620-423-1,lang1316,Ecun Buyang,1823,śe.55,Phonemic,borrow,,,,
11-610-423-1,lang1316,Ecun Buyang,582,śe.55 va.11 δie.31,Phonemic,lend,,,,
11-540-423-1,lang1316,Ecun Buyang,1774,a.0 tim.31,Phonemic,"avaricious, stingy",,,,
11-540-423-3,lang1316,Ecun Buyang,1774,a.0 tiŋ.33,Phonemic,"avaricious, stingy",,,,
11-530-423-1,lang1316,Ecun Buyang,1934,pu.33 te.11,Phonemic,beggar,,,,
11-520-423-1,lang1316,Ecun Buyang,1674,ta.0 δiaŋ.11,Phonemic,poor,,,,
11-510-423-1,lang1316,Ecun Buyang,712,an.24 śen.11,Phonemic,rich,,,,
11-510-423-3,lang1316,Ecun Buyang,712,po.11 an.24,Phonemic,rich,,,,
11-440-423-1,lang1316,Ecun Buyang,1867,śen.11 lu:i.33,Phonemic,coin,,,,
11-430-423-1,lang1316,Ecun Buyang,1559,śen.11,Phonemic,money,,,,
11-340-423-1,lang1316,Ecun Buyang,1095,śu:ŋ.55 va.11,Phonemic,"release, let go",,,,
11-330-423-1,lang1316,Ecun Buyang,1660,hut.55,Phonemic,lose,,,,
11-320-423-1,lang1316,Ecun Buyang,719,δa.24 laŋ.24,Phonemic,find,,,,
11-310-423-1,lang1316,Ecun Buyang,1468,δa.24,Phonemic,"seek, look for",,,,
11-280-423-1,lang1316,Ecun Buyang,44,tuk.31 va:i.31,Phonemic,"harm, injure, damage",,,,
11-270-423-1,lang1316,Ecun Buyang,681,ʔdu.11 va:i.31,Phonemic,destroy,,,,
11-250-423-1,lang1316,Ecun Buyang,2008,cau.53,Phonemic,"save, rescue",,,,
11-220-423-1,lang1316,Ecun Buyang,85,poi.31,Phonemic,give back,,,,
11-210-423-1,lang1316,Ecun Buyang,1447,na:k.31,Phonemic,give,,,,
11-180-423-1,lang1316,Ecun Buyang,738,toŋ.31 ʒeŋ.31,Phonemic,thing,,,,
11-160-423-1,lang1316,Ecun Buyang,694,tuə.53,Phonemic,"get, obtain",,,,
11-150-423-1,lang1316,Ecun Buyang,1448,vɔk.55,Phonemic,hold,,,,
11-140-423-1,lang1316,Ecun Buyang,2021,kap.55,Phonemic,"seize, grasp",,,,
11-130-423-1,lang1316,Ecun Buyang,1749,mi.33,Phonemic,take,,,,
11-110-423-1,lang1316,Ecun Buyang,773,an.24,Phonemic,have,,,,
10-852-423-1,lang1316,Ecun Buyang,1849,ha:i.24 ʔda.24,Phonemic,row (vb),,,,
10-831-423-1,lang1316,Ecun Buyang,1970,ϑa.33,Phonemic,canoe,,,,
10-810-423-1,lang1316,Ecun Buyang,740,ʔda.24,Phonemic,ship,,,,
10-780-423-1,lang1316,Ecun Buyang,14,ʒak.55,Phonemic,yoke,,,,
10-750-423-1,lang1316,Ecun Buyang,122,chə.33,Phonemic,"carriage, wagon, cart",,,,
10-740-423-1,lang1316,Ecun Buyang,1011,ceu.32,Phonemic,bridge,,,,
10-720-423-1,lang1316,Ecun Buyang,2252,hun.24 it.55,Phonemic,path,,,,
10-710-423-1,lang1316,Ecun Buyang,667,loŋ.11 hun.24,Phonemic,road,,,,
10-710-423-3,lang1316,Ecun Buyang,667,hun.24 man.55,Phonemic,road,,,,
10-670-423-1,lang1316,Ecun Buyang,1452,śui.24,Phonemic,"push, shove",,,,
10-660-423-1,lang1316,Ecun Buyang,367,naŋ.32,Phonemic,ride,,,,
10-650-423-1,lang1316,Ecun Buyang,741,ha:i.24 chə.33,Phonemic,drive,,,,
10-640-423-1,lang1316,Ecun Buyang,43,ta:i.55 hun.24,Phonemic,lead (vb),,,,
10-620-423-1,lang1316,Ecun Buyang,692,ta:i.55 ʔdɔŋ.24,Phonemic,bring,,,,
10-615-423-1,lang1316,Ecun Buyang,415,kɛp.31,Phonemic,carry-underarm,,,,
10-614-423-1,lang1316,Ecun Buyang,414,tiŋ.32,Phonemic,carry-on-head,,,,
10-613-423-1,lang1316,Ecun Buyang,413,pja:t.31,Phonemic,carry-on-shoulder,,,,
10-612-423-1,lang1316,Ecun Buyang,412,ϑiu.24,Phonemic,carry-in-hand,,,,
10-612-423-3,lang1316,Ecun Buyang,412,δiu.24,Phonemic,carry-in-hand,,,,
10-610-423-1,lang1316,Ecun Buyang,700,ʒaŋ.24,Phonemic,carry (bear),,,,
10-570-423-1,lang1316,Ecun Buyang,749,hau.24 lɔŋ.31,Phonemic,enter,,,,
10-560-423-1,lang1316,Ecun Buyang,1778,hau.24 hɛn.11,Phonemic,approach,,,,
10-550-423-1,lang1316,Ecun Buyang,1387,ta:u.31 taŋ.31,Phonemic,"reach, arrive",,,,
10-530-423-1,lang1316,Ecun Buyang,1047,nam.11 la:n.33,Phonemic,pursue,,,,
10-520-423-1,lang1316,Ecun Buyang,1085,nɨ:ŋ.24 la:n.33,Phonemic,follow,,,,
10-510-423-1,lang1316,Ecun Buyang,956,ʔba:n.24 ʔdit.55,Phonemic,flee,,,,
10-481-423-1,lang1316,Ecun Buyang,581,ta:u.53 ʔdɔŋ.24,Phonemic,come back,,,,
10-481-423-3,lang1316,Ecun Buyang,581,lie.31,Phonemic,come back,,,,
10-480-423-1,lang1316,Ecun Buyang,1446,ʔdɔŋ.24,Phonemic,come,,,,
10-474-423-1,lang1316,Ecun Buyang,1107,ok.55,Phonemic,go out,,,,
10-473-423-1,lang1316,Ecun Buyang,2014,vi.33 tuə.0 luŋ.11,Phonemic,go down,,,,
10-470-423-1,lang1316,Ecun Buyang,695,va.11,Phonemic,go,,,,
10-471-423-1,lang1316,Ecun Buyang,705,vi.33 tuə.0 hɨn.33,Phonemic,go up,,,,
10-460-423-1,lang1316,Ecun Buyang,1519,ʔdit.55,Phonemic,run,,,,
10-460-423-3,lang1316,Ecun Buyang,1519,ma.0 ʔdip.55,Phonemic,run,,,,
10-450-423-1,lang1316,Ecun Buyang,1443,vi.33,Phonemic,walk,,,,
10-440-423-1,lang1316,Ecun Buyang,1879,ʔdu.24,Phonemic,dance,,,,
10-431-423-1,lang1316,Ecun Buyang,1135,ta.0 hut.55,Phonemic,kick,,,,
10-430-423-1,lang1316,Ecun Buyang,1829,ʔdit.55,Phonemic,"jump, leap",,,,
10-430-423-3,lang1316,Ecun Buyang,1829,cu:ŋ.31 luŋ.11,Phonemic,"jump, leap",,,,
10-420-423-1,lang1316,Ecun Buyang,1324,δu:n.33 luŋ.11,Phonemic,"slide, slip",,,,
10-413-423-1,lang1316,Ecun Buyang,296,ʒɛŋ.24 ʒɛ.55,Phonemic,crouch,,,,
10-412-423-1,lang1316,Ecun Buyang,66,ku:i.31,Phonemic,kneel,,,,
10-410-423-1,lang1316,Ecun Buyang,96,pa:n.55,Phonemic,"creep, crawl",,,,
10-410-423-3,lang1316,Ecun Buyang,96,ka:n.33,Phonemic,"creep, crawl",,,,
10-380-423-1,lang1316,Ecun Buyang,175,hip.55,Phonemic,blow,,,,
10-370-423-1,lang1316,Ecun Buyang,1441,pi.55,Phonemic,fly (vb),,,,
10-352-423-1,lang1316,Ecun Buyang,365,va:t.53,Phonemic,splash,,,,
10-352-423-3,lang1316,Ecun Buyang,365,ta:u.31,Phonemic,splash,,,,
10-351-423-1,lang1316,Ecun Buyang,119,ʔdam.24 ɔŋ.32,Phonemic,dive,,,,
10-350-423-1,lang1316,Ecun Buyang,1439,a:p.55 ɔŋ.32,Phonemic,swim,,,,
10-330-423-1,lang1316,Ecun Buyang,1088,śam.33,Phonemic,sink,,,,
10-320-423-1,lang1316,Ecun Buyang,2003,ta.0 lu:i.33,Phonemic,flow,,,,
10-260-423-1,lang1316,Ecun Buyang,1909,ʒau.55,Phonemic,shake,,,,
10-260-423-3,lang1316,Ecun Buyang,1909,ʒa:k.55,Phonemic,shake,,,,
10-260-423-5,lang1316,Ecun Buyang,1909,ŋa:u.11,Phonemic,shake,,,,
10-252-423-1,lang1316,Ecun Buyang,702,δu:p.31,Phonemic,catch (ball),,,,
10-250-423-1,lang1316,Ecun Buyang,1456,vit.55,Phonemic,throw,,,,
10-240-423-1,lang1316,Ecun Buyang,2253,ʒa:k.31 ʒu:t.31,Phonemic,drip,,,,
10-230-423-1,lang1316,Ecun Buyang,1280,tuk.55,Phonemic,fall,,,,
10-230-423-3,lang1316,Ecun Buyang,1280,hut.55,Phonemic,fall,,,,
10-220-423-1,lang1316,Ecun Buyang,501,ma.24 va:ŋ.33,Phonemic,"raise, lift",,,,
10-210-423-1,lang1316,Ecun Buyang,568,niŋ.31 hɨn.24,Phonemic,rise,,,,
10-170-423-1,lang1316,Ecun Buyang,430,pan.24,Phonemic,twist,,,,
10-160-423-1,lang1316,Ecun Buyang,808,tuk.55,Phonemic,drop (vb),,,,
10-160-423-3,lang1316,Ecun Buyang,808,hut.55,Phonemic,drop (vb),,,,
10-150-423-1,lang1316,Ecun Buyang,827,pat.55,Phonemic,roll,,,,
10-150-423-3,lang1316,Ecun Buyang,827,pan.33,Phonemic,roll,,,,
10-140-423-1,lang1316,Ecun Buyang,1113,ʒum.55,Phonemic,"wind, wrap",,,,
10-130-423-1,lang1316,Ecun Buyang,1445,yɛ.24,Phonemic,turn around,,,,
10-120-423-1,lang1316,Ecun Buyang,1588,pan.24,Phonemic,turn over,,,,
10-110-423-1,lang1316,Ecun Buyang,765,śa:k.55,Phonemic,move,,,,
9-890-423-1,lang1316,Ecun Buyang,2001,luŋ.11 śɛt.55,Phonemic,paint (vb),,,,
9-890-423-3,lang1316,Ecun Buyang,2001,hɨn.24 śɛt.55,Phonemic,paint (vb),,,,
9-840-423-1,lang1316,Ecun Buyang,1979,fa.31 ϑiu.24,Phonemic,chisel,,,,
9-880-423-1,lang1316,Ecun Buyang,647,śɛt.55,Phonemic,paint (noun),,,,
9-810-423-1,lang1316,Ecun Buyang,228,ϑiu.24,Phonemic,carve,,,,
9-791-423-1,lang1316,Ecun Buyang,360,va:t.31,Phonemic,fan (vb),,,,
9-790-423-1,lang1316,Ecun Buyang,1971,vi.33,Phonemic,fan (noun),,,,
9-780-423-1,lang1316,Ecun Buyang,293,toŋ.11,Phonemic,netbag,,,,
9-770-423-1,lang1316,Ecun Buyang,195,ʔban.33 ʔbin.32,Phonemic,mat,,,,
9-770-423-3,lang1316,Ecun Buyang,195,ʔban.33 ʔban.24,Phonemic,mat,,,,
9-760-423-1,lang1316,Ecun Buyang,1539,śon.31,Phonemic,basket,,,,
9-760-423-3,lang1316,Ecun Buyang,1539,tam.31,Phonemic,basket,,,,
9-760-423-5,lang1316,Ecun Buyang,1539,δia:ŋ.11,Phonemic,basket,,,,
9-750-423-1,lang1316,Ecun Buyang,1729,pe.24,Phonemic,"weave, plait",,,,
9-750-423-3,lang1316,Ecun Buyang,1729,a:n.24,Phonemic,"weave, plait",,,,
9-740-423-1,lang1316,Ecun Buyang,604,ciŋ.55,Phonemic,glass,,,,
9-730-423-1,lang1316,Ecun Buyang,1399,ɔt.55,Phonemic,clay,,,,
9-690-423-1,lang1316,Ecun Buyang,358,li:k.55,Phonemic,"tin, tinplate",,,,
9-670-423-1,lang1316,Ecun Buyang,621,ik.55,Phonemic,iron,,,,
9-660-423-1,lang1316,Ecun Buyang,1825,lu:ŋ.11,Phonemic,"copper, bronze",,,,
9-650-423-1,lang1316,Ecun Buyang,759,ŋan.33,Phonemic,silver,,,,
9-640-423-1,lang1316,Ecun Buyang,1369,cim.24,Phonemic,gold,,,,
9-610-423-1,lang1316,Ecun Buyang,288,lian.31 ik.55,Phonemic,forge,,,,
9-600-423-1,lang1316,Ecun Buyang,1001,pu.55 śa:ŋ.33 ik.55,Phonemic,"smith, blacksmith",,,,
9-500-423-1,lang1316,Ecun Buyang,502,tja:ŋ.32,Phonemic,nail,,,,
9-490-423-1,lang1316,Ecun Buyang,1481,chui.31,Phonemic,hammer,,,,
9-480-423-1,lang1316,Ecun Buyang,1948,pa.33 kɨ.53,Phonemic,saw,,,,
9-461-423-1,lang1316,Ecun Buyang,46,ʔba:k.55,Phonemic,hollow out,,,,
9-460-423-1,lang1316,Ecun Buyang,1501,ʔbɔŋ.55 δɔk.11,Phonemic,bore,,,,
9-440-423-1,lang1316,Ecun Buyang,1840,ʔdu.11,Phonemic,build,,,,
9-430-423-1,lang1316,Ecun Buyang,1042,pu.55 śa:ŋ.33 hɔt.53,Phonemic,carpenter,,,,
9-422-423-1,lang1316,Ecun Buyang,1361,toŋ.31 ʒeŋ.31,Phonemic,tool,,,,
9-380-423-1,lang1316,Ecun Buyang,245,fɔt.55 ha:ŋ.24,Phonemic,broom,,,,
9-360-423-1,lang1316,Ecun Buyang,1453,fai.53,Phonemic,wash,,,,
9-360-423-3,lang1316,Ecun Buyang,1453,δa:u.11,Phonemic,wash,,,,
9-360-423-5,lang1316,Ecun Buyang,1453,hup.55,Phonemic,wash,,,,
9-370-423-1,lang1316,Ecun Buyang,230,ua:t.55,Phonemic,sweep,,,,
9-350-423-1,lang1316,Ecun Buyang,1487,ʔdiŋ.53,Phonemic,pour,,,,
9-343-423-1,lang1316,Ecun Buyang,1414,cen.24,Phonemic,"squeeze, wring",,,,
9-343-423-3,lang1316,Ecun Buyang,1414,keu.32,Phonemic,"squeeze, wring",,,,
9-342-423-1,lang1316,Ecun Buyang,1913,ńen.31,Phonemic,press,,,,
9-341-423-1,lang1316,Ecun Buyang,357,ha:p.55,Phonemic,hang up,,,,
9-340-423-1,lang1316,Ecun Buyang,38,ha.55,Phonemic,spread out,,,,
9-330-423-1,lang1316,Ecun Buyang,1455,neŋ.31,Phonemic,pull,,,,
9-320-423-1,lang1316,Ecun Buyang,214,nɛŋ.31 ńet.31,Phonemic,stretch,,,,
9-310-423-1,lang1316,Ecun Buyang,1449,no.33 nɛn.33,Phonemic,"rub, wipe",,,,
9-290-423-1,lang1316,Ecun Buyang,291,pɔk.55,Phonemic,"flay, skin",,,,
9-280-423-1,lang1316,Ecun Buyang,1735,ʒwa:k.55,Phonemic,tear,,,,
9-270-423-1,lang1316,Ecun Buyang,1437,a.55,Phonemic,split,,,,
9-270-423-3,lang1316,Ecun Buyang,1437,ʔdi.55,Phonemic,split,,,,
9-261-423-1,lang1316,Ecun Buyang,588,va:i.31,Phonemic,broken,,,,
9-260-423-1,lang1316,Ecun Buyang,680,a.0 lieu.31,Phonemic,break,,,,
9-250-423-1,lang1316,Ecun Buyang,677,pa.0 ta.0 a:n.24,Phonemic,ax,,,,
9-251-423-1,lang1316,Ecun Buyang,290,pa.0 pən.33,Phonemic,adze,,,,
9-240-423-1,lang1316,Ecun Buyang,356,pa.0 ta:u.11,Phonemic,"scissors, shears",,,,
9-230-423-1,lang1316,Ecun Buyang,1352,ma.0 δa.11,Phonemic,knife,,,,
9-223-423-1,lang1316,Ecun Buyang,1434,ʔbɔŋ.53,Phonemic,stab,,,,
9-221-423-1,lang1316,Ecun Buyang,355,tat.55 un.53,Phonemic,cut down,,,,
9-220-423-1,lang1316,Ecun Buyang,1432,δɔn.55,Phonemic,cut,,,,
9-220-423-3,lang1316,Ecun Buyang,1432,he.33,Phonemic,cut,,,,
9-210-423-1,lang1316,Ecun Buyang,2133,tuk.55,Phonemic,"strike (hit, beat)",,,,
9-210-423-3,lang1316,Ecun Buyang,2133,ϑau.33,Phonemic,"strike (hit, beat)",,,,
9-192-423-1,lang1316,Ecun Buyang,760,he.0 ta.24,Phonemic,knot (noun),,,,
9-190-423-1,lang1316,Ecun Buyang,1218,ha:ŋ.24 śa:k.31,Phonemic,"rope, cord",,,,
9-180-423-1,lang1316,Ecun Buyang,1627,ha:ŋ.24 fa:k.55,Phonemic,chain,,,,
9-161-423-1,lang1316,Ecun Buyang,352,ha.53,Phonemic,untie,,,,
9-160-423-1,lang1316,Ecun Buyang,1917,pat.55,Phonemic,"tie, bind",,,,
9-150-423-1,lang1316,Ecun Buyang,1470,ta:p.31 la:n.33,Phonemic,fold,,,,
9-140-423-1,lang1316,Ecun Buyang,2004,koŋ.33 kak.11,Phonemic,bend,,,,
9-120-423-1,lang1316,Ecun Buyang,984,ʔdu.24 kɔŋ.24,Phonemic,work,,,,
9-110-423-1,lang1316,Ecun Buyang,2575,ʔdu.24,Phonemic,"do, make",,,,
8-980-423-1,lang1316,Ecun Buyang,641,a.24 δa:ŋ.33,Phonemic,mushroom,,,,
8-970-423-1,lang1316,Ecun Buyang,33,ma:k.55 śɔŋ.31,Phonemic,nettle,,,,
8-941-423-1,lang1316,Ecun Buyang,146,ɛt.55,Phonemic,sugar cane,,,,
8-940-423-1,lang1316,Ecun Buyang,1927,hɔt.53 pɔŋ.33,Phonemic,bamboo,,,,
8-931-423-1,lang1316,Ecun Buyang,864,kwa.24 ŋa:n.11,Phonemic,"pumpkin, squash",,,,
8-930-423-1,lang1316,Ecun Buyang,411,ʔbu.24,Phonemic,gourd,,,,
8-920-423-1,lang1316,Ecun Buyang,925,man.33 δieu.33,Phonemic,"tapioca, manioc, cassava",,,,
8-910-423-1,lang1316,Ecun Buyang,159,man.33 ʔbuŋ.32,Phonemic,sweet potato,,,,
8-850-423-1,lang1316,Ecun Buyang,346,hɔt.31 δuŋ.33,Phonemic,banyan,,,,
8-850-423-3,lang1316,Ecun Buyang,346,h]t.31 ti.33,Phonemic,banyan,,,,
8-840-423-1,lang1316,Ecun Buyang,868,mi.11 tuk.55 ai.33,Phonemic,banana tree,,,,
8-830-423-1,lang1316,Ecun Buyang,1126,ma:k.55 toŋ.31,Phonemic,citrus fruit,,,,
8-830-423-3,lang1316,Ecun Buyang,1126,ma:k.55 li.11,Phonemic,citrus fruit,,,,
8-810-423-1,lang1316,Ecun Buyang,1181,hɔt.53 δa:ŋ.33 o.24,Phonemic,palm tree,,,,
8-760-423-1,lang1316,Ecun Buyang,345,ci.24 hɔt.53,Phonemic,sap,,,,
8-750-423-1,lang1316,Ecun Buyang,1204,ʔvuŋ.24 hɔt.53,Phonemic,bark,,,,
8-720-423-1,lang1316,Ecun Buyang,241,e.0 ʔdu.55 tui.24,Phonemic,tree stump,,,,
8-691-423-1,lang1316,Ecun Buyang,1124,e.0 mum.31 meu.11,Phonemic,pipe,,,,
8-690-423-1,lang1316,Ecun Buyang,1689,ka:n.24 (at.55),Phonemic,smoke (tobacco),,,,
8-690-423-3,lang1316,Ecun Buyang,1689,at.55 ŋa.11,Phonemic,smoke (tobacco),,,,
8-680-423-1,lang1316,Ecun Buyang,974,at.55 ta:p.31,Phonemic,tobacco,,,,
8-670-423-1,lang1316,Ecun Buyang,343,e.0 u.33,Phonemic,vine,,,,
8-640-423-1,lang1316,Ecun Buyang,1740,hɔt.53 śoŋ.33,Phonemic,pine,,,,
8-610-423-1,lang1316,Ecun Buyang,644,hɔt.53 δa:ŋ.33 tok.55,Phonemic,oak,,,,
8-600-423-1,lang1316,Ecun Buyang,906,hɔt.53,Phonemic,tree,,,,
8-570-423-1,lang1316,Ecun Buyang,239,va.24,Phonemic,flower,,,,
8-560-423-1,lang1316,Ecun Buyang,628,ʔdia:ŋ.24,Phonemic,leaf,,,,
8-550-423-1,lang1316,Ecun Buyang,1531,ŋa.33 hɔt.53,Phonemic,branch,,,,
8-540-423-1,lang1316,Ecun Buyang,670,e.0 ϑa:ŋ.24,Phonemic,root,,,,
8-531-423-1,lang1316,Ecun Buyang,1486,tam.32,Phonemic,plant (vb),,,,
8-520-423-1,lang1316,Ecun Buyang,342,pa:ŋ.33 δo.11,Phonemic,hay,,,,
8-510-423-1,lang1316,Ecun Buyang,606,a.0 ńa.33,Phonemic,grass,,,,
8-480-423-1,lang1316,Ecun Buyang,926,ha:ŋ.24 ɔk.55,Phonemic,rice,,,,
8-470-423-1,lang1316,Ecun Buyang,506,ha:ŋ.24 up.55,Phonemic,"maize, corn",,,,
8-460-423-1,lang1316,Ecun Buyang,60,ha:ŋ.24 ʔbɛk.31 ʔbuŋ.32,Phonemic,oats,,,,
8-430-423-1,lang1316,Ecun Buyang,1077,ha:ŋ 24 mian.31,Phonemic,wheat,,,,
8-420-423-1,lang1316,Ecun Buyang,605,ha:ŋ.24 pa:i.24 kɔk.55,Phonemic,"grain (barley, oats etc)",,,,
8-340-423-1,lang1316,Ecun Buyang,285,hit.55 pa:i.24,Phonemic,thresh,,,,
8-330-423-1,lang1316,Ecun Buyang,2132,pa.33 hin.33,Phonemic,"sickle, scythe",,,,
8-320-423-1,lang1316,Ecun Buyang,190,on.32,Phonemic,"mow, reap",,,,
8-311-423-1,lang1316,Ecun Buyang,714,ϑe.24,Phonemic,seed,,,,
8-311-423-3,lang1316,Ecun Buyang,714,ϑe.24 ha:ŋ.24,Phonemic,seed,,,,
8-310-423-1,lang1316,Ecun Buyang,748,fa:n.55 ϑe.24,Phonemic,sow,,,,
8-270-423-1,lang1316,Ecun Buyang,338,ϑa:u.53,Phonemic,rake,,,,
8-250-423-1,lang1316,Ecun Buyang,284,pa.0 ʔba:i.31,Phonemic,hoe,,,,
8-250-423-3,lang1316,Ecun Buyang,284,ʔba:k.55,Phonemic,hoe,,,,
8-240-423-1,lang1316,Ecun Buyang,1901,chwa:n.55,Phonemic,shovel,,,,
8-230-423-1,lang1316,Ecun Buyang,1176,pa.0 cha:n.55,Phonemic,spade,,,,
8-220-423-1,lang1316,Ecun Buyang,1418,ʔba:k.55,Phonemic,dig,,,,
8-210-423-1,lang1316,Ecun Buyang,1921,śu:i.24,Phonemic,plow,,,,
8-170-423-1,lang1316,Ecun Buyang,2002,ɔŋ.32 δo.11,Phonemic,ditch,,,,
8-160-423-1,lang1316,Ecun Buyang,1690,δia:ŋ.33 ϑɔn.31,Phonemic,fence,,,,
8-150-423-1,lang1316,Ecun Buyang,1541,śu:i.24 na.33,Phonemic,"cultivate, till",,,,
8-130-423-1,lang1316,Ecun Buyang,586,ϑɔm.32,Phonemic,garden,,,,
8-120-423-1,lang1316,Ecun Buyang,212,na.33,Phonemic,field (for cultivation),,,,
8-110-423-1,lang1316,Ecun Buyang,979,nuŋ.31 min.31,Phonemic,farmer,,,,
7-620-423-1,lang1316,Ecun Buyang,1006,cik.55,Phonemic,brick,,,,
7-610-423-1,lang1316,Ecun Buyang,877,va:i.33 śa:ŋ.33 ma.0 δa.33,Phonemic,mason,,,,
7-570-423-1,lang1316,Ecun Buyang,1227,pen.24,Phonemic,board,,,,
7-540-423-1,lang1316,Ecun Buyang,829,lam.33 ka:k.0  śe.31,Phonemic,rafter,,,,
7-530-423-1,lang1316,Ecun Buyang,280,lam.33 lu:n.31,Phonemic,ridgepole,,,,
7-510-423-1,lang1316,Ecun Buyang,769,nɛŋ.33 lu:k.55,Phonemic,roof,,,,
7-480-423-1,lang1316,Ecun Buyang,205,δuə.24,Phonemic,trough,,,,
7-460-423-1,lang1316,Ecun Buyang,1273,la:p.31 śuk.55,Phonemic,candle,,,,
7-450-423-1,lang1316,Ecun Buyang,2131,taŋ.24 muə.33,Phonemic,"lamp, torch",,,,
7-440-423-1,lang1316,Ecun Buyang,1775,śɔŋ.31,Phonemic,table,,,,
7-430-423-1,lang1316,Ecun Buyang,1476,taŋ.24 ta.0 niaŋ.11,Phonemic,chair,,,,
7-422-423-1,lang1316,Ecun Buyang,806,pan.33 śen.24,Phonemic,blanket,,,,
7-421-423-1,lang1316,Ecun Buyang,1044,ta.0 ńe.33,Phonemic,pillow,,,,
7-420-423-1,lang1316,Ecun Buyang,1663,ta:p.31,Phonemic,bed,,,,
7-370-423-1,lang1316,Ecun Buyang,1464,haŋ.24,Phonemic,ladder,,,,
7-330-423-1,lang1316,Ecun Buyang,1305,ʒiɛn.33 chuŋ.33,Phonemic,chimney,,,,
7-270-423-1,lang1316,Ecun Buyang,933,poŋ.31 śi:ŋ.31,Phonemic,wall,,,,
7-260-423-1,lang1316,Ecun Buyang,1632,luə.33 ɔt.55,Phonemic,floor,,,,
7-250-423-1,lang1316,Ecun Buyang,1375,cua:ŋ.33,Phonemic,window,,,,
7-240-423-1,lang1316,Ecun Buyang,1472,śe.24 ϑua.31,Phonemic,key,,,,
7-231-423-1,lang1316,Ecun Buyang,1012,cen.31 tuə.33,Phonemic,"latch, door-bolt",,,,
7-230-423-1,lang1316,Ecun Buyang,1596,ϑwa.31,Phonemic,lock (noun),,,,
7-221-423-1,lang1316,Ecun Buyang,80,ma.0 tu.11 tok.33,Phonemic,"doorpost, jamb",,,,
7-210-423-1,lang1316,Ecun Buyang,1450,ha:p.55 tuə.33 ta:ŋ.24,Phonemic,room,,,,
7-220-423-1,lang1316,Ecun Buyang,1567,ma.0 tuə.33,Phonemic,"door, gate",,,,
7-220-423-3,lang1316,Ecun Buyang,1567,ma.0 tuə.33 man.55,Phonemic,"door, gate",,,,
7-170-423-1,lang1316,Ecun Buyang,334,ta.31 ʔduə.11 ha:ŋ.24,Phonemic,cookhouse,,,,
7-131-423-1,lang1316,Ecun Buyang,403,tuə.33 la:ŋ.31,Phonemic,garden-house,,,,
7-130-423-1,lang1316,Ecun Buyang,1678,lu:k.55 it.55,Phonemic,hut,,,,
7-120-423-1,lang1316,Ecun Buyang,1252,lu:k.55,Phonemic,house,,,,
7-110-423-1,lang1316,Ecun Buyang,363,a.0 an.24,Phonemic,"dwell, live",,,,
6-960-423-1,lang1316,Ecun Buyang,1171,ci:ŋ.55,Phonemic,mirror,,,,
6-950-423-1,lang1316,Ecun Buyang,788,fai.31 ca:u.24,Phonemic,soap,,,,
6-930-423-1,lang1316,Ecun Buyang,151,pa.33 toi.55,Phonemic,razor,,,,
6-921-423-1,lang1316,Ecun Buyang,333,a:n.24,Phonemic,braid,,,,
6-921-423-3,lang1316,Ecun Buyang,333,a.0 ϑam.24,Phonemic,braid,,,,
6-910-423-1,lang1316,Ecun Buyang,1475,ϑe.24,Phonemic,comb,,,,
6-820-423-1,lang1316,Ecun Buyang,1021,kan.24,Phonemic,towel,,,,
6-820-423-3,lang1316,Ecun Buyang,1021,pa.24(33) śe.33,Phonemic,towel,,,,
6-780-423-1,lang1316,Ecun Buyang,330,a.0 śe.33,Phonemic,"headband, headdress",,,,
6-780-423-3,lang1316,Ecun Buyang,330,pok.55,Phonemic,"headband, headdress",,,,
6-770-423-1,lang1316,Ecun Buyang,770,va:n.11 δa.33,Phonemic,earring,,,,
6-750-423-1,lang1316,Ecun Buyang,1961,ci.55,Phonemic,necklace,,,,
6-740-423-1,lang1316,Ecun Buyang,1754,cia:u.55,Phonemic,bracelet,,,,
6-730-423-1,lang1316,Ecun Buyang,1374,ϑu:t.55 ńak.55,Phonemic,ring (for finger),,,,
6-620-423-1,lang1316,Ecun Buyang,757,e.0 ti.55,Phonemic,button,,,,
6-610-423-1,lang1316,Ecun Buyang,1851,tai.33 kon.31,Phonemic,pocket,,,,
6-590-423-1,lang1316,Ecun Buyang,1151,ʔdia:ŋ.24 pok.31,Phonemic,veil,,,,
6-580-423-1,lang1316,Ecun Buyang,867,śau.55 tha:u.24,Phonemic,glove,,,,
6-570-423-1,lang1316,Ecun Buyang,772,śa:k.31 kon.31,Phonemic,"belt, girdle",,,,
6-550-423-1,lang1316,Ecun Buyang,2130,ma:u.31,Phonemic,"hat, cap",,,,
6-510-423-1,lang1316,Ecun Buyang,1381,ha:i.31,Phonemic,shoe,,,,
6-490-423-1,lang1316,Ecun Buyang,329,ma:t.31,Phonemic,"stocking, sock",,,,
6-480-423-1,lang1316,Ecun Buyang,809,kon.31,Phonemic,trousers,,,,
6-460-423-1,lang1316,Ecun Buyang,1600,ʔdi.55 luŋ.31,Phonemic,skirt,,,,
6-450-423-1,lang1316,Ecun Buyang,2012,ʒo.55 o.31(33),Phonemic,collar,,,,
6-430-423-1,lang1316,Ecun Buyang,603,ʔdi.55 o.31(33),Phonemic,coat,,,,
6-390-423-1,lang1316,Ecun Buyang,157,hun.53 indica,Phonemic,dye,,,,
6-380-423-1,lang1316,Ecun Buyang,1161,mai.31,Phonemic,thread,,,,
6-360-423-1,lang1316,Ecun Buyang,1382,pa.0 ŋa:t.55,Phonemic,needle,,,,
6-370-423-1,lang1316,Ecun Buyang,278,pa.0 ŋui.11,Phonemic,awl,,,,
6-350-423-1,lang1316,Ecun Buyang,1457,ʔdak.55,Phonemic,sew,,,,
6-330-423-1,lang1316,Ecun Buyang,133,taŋ.11 ta:k.31,Phonemic,weave,,,,
6-320-423-1,lang1316,Ecun Buyang,277,kɔn.33 fa:i.24,Phonemic,spindle,,,,
6-310-423-1,lang1316,Ecun Buyang,121,ʒɔt.55 fa:i.24,Phonemic,spin,,,,
6-250-423-1,lang1316,Ecun Buyang,1641,ha:ŋ.24 śu.11,Phonemic,silk,,,,
6-240-423-1,lang1316,Ecun Buyang,1850,fa:i.24,Phonemic,cotton,,,,
6-220-423-1,lang1316,Ecun Buyang,964,mui.31,Phonemic,wool,,,,
6-210-423-1,lang1316,Ecun Buyang,1616,pa:ŋ.24,Phonemic,cloth,,,,
6-130-423-1,lang1316,Ecun Buyang,881,ʔdu.31 ʔdak.55,Phonemic,tailor,,,,
6-120-423-1,lang1316,Ecun Buyang,1895,o.31 le.11,Phonemic,"clothing, clothes",,,,
6-110-423-1,lang1316,Ecun Buyang,158,le.11,Phonemic,put on (clothes),,,,
5-971-423-1,lang1316,Ecun Buyang,1556,a.0 tam.24 ŋa:n.11,Phonemic,egg yolk,,,,
5-970-423-1,lang1316,Ecun Buyang,744,a.0 tam.24,Phonemic,egg,,,,
5-870-423-1,lang1316,Ecun Buyang,93,cen.24,Phonemic,milk (vb),,,,
5-850-423-1,lang1316,Ecun Buyang,862,tɨ:ŋ.31,Phonemic,sugar,,,,
5-860-423-1,lang1316,Ecun Buyang,635,em.55,Phonemic,milk (noun),,,,
5-860-423-3,lang1316,Ecun Buyang,635,ɔŋ.32 em.55,Phonemic,milk (noun),,,,
5-840-423-1,lang1316,Ecun Buyang,942,tɨ:ŋ.31 δe.33,Phonemic,honey,,,,
5-810-423-1,lang1316,Ecun Buyang,1274,ńo.33,Phonemic,salt,,,,
5-791-423-1,lang1316,Ecun Buyang,323,la:u.33,Phonemic,"grease, fat",,,,
5-790-423-1,lang1316,Ecun Buyang,1484,ju.11,Phonemic,oil,,,,
5-760-423-1,lang1316,Ecun Buyang,920,ma:k.53 ma.0 δa:k.55,Phonemic,grape,,,,
5-770-423-1,lang1316,Ecun Buyang,191,ma:k.53 δa:ŋ.33,Phonemic,nut,,,,
5-712-423-1,lang1316,Ecun Buyang,1966,δum.55,Phonemic,bunch,,,,
5-710-423-1,lang1316,Ecun Buyang,1507,ma:k.53,Phonemic,fruit,,,,
5-700-423-1,lang1316,Ecun Buyang,593,man.33,Phonemic,potato,,,,
5-700-423-3,lang1316,Ecun Buyang,593,man.33 lu:n.11,Phonemic,potato,,,,
5-660-423-1,lang1316,Ecun Buyang,832,ϑa:p.55,Phonemic,bean,,,,
5-650-423-1,lang1316,Ecun Buyang,924,up.55 δa:t.31,Phonemic,vegetables,,,,
5-640-423-1,lang1316,Ecun Buyang,1547,ɔŋ.32 uə.32,Phonemic,"soup, broth",,,,
5-630-423-1,lang1316,Ecun Buyang,1874,a.0 ʒen.33,Phonemic,sausage,,,,
5-610-423-1,lang1316,Ecun Buyang,634,uə.32,Phonemic,meat,,,,
5-590-423-1,lang1316,Ecun Buyang,225,to.24 ʒu:ŋ.24,Phonemic,pestle,,,,
5-580-423-1,lang1316,Ecun Buyang,224,to.24 ńap.55,Phonemic,mortar (2),,,,
5-560-423-1,lang1316,Ecun Buyang,1033,na:p.31,Phonemic,"crush, grind",,,,
5-550-423-1,lang1316,Ecun Buyang,1594,pon.31 main.31,Phonemic,"meal, flour",,,,
5-540-423-1,lang1316,Ecun Buyang,274,cja:u.33 pon.31 mian.31,Phonemic,knead,,,,
5-490-423-1,lang1316,Ecun Buyang,2017,cja:u.33 la:n.33,Phonemic,"stir, mix",,,,
5-480-423-1,lang1316,Ecun Buyang,1767,ha:t.55,Phonemic,scrape,,,,
5-470-423-1,lang1316,Ecun Buyang,86,δaŋ.1,Phonemic,"sieve, strain",,,,
5-470-423-3,lang1316,Ecun Buyang,86,δen.31,Phonemic,"sieve, strain",,,,
5-460-423-1,lang1316,Ecun Buyang,275,pat.55,Phonemic,peel,,,,
5-450-423-1,lang1316,Ecun Buyang,1833,ka:n.24 ve.24,Phonemic,supper,,,,
5-430-423-1,lang1316,Ecun Buyang,768,ka:n.24 na.24,Phonemic,lunch,,,,
5-420-423-1,lang1316,Ecun Buyang,1322,na.24 ma.0 lam.11,Phonemic,breakfast,,,,
5-410-423-1,lang1316,Ecun Buyang,1526,cet.55,Phonemic,meal (a),,,,
5-391-423-1,lang1316,Ecun Buyang,272,cim.31 pau.24,Phonemic,tongs,,,,
5-390-423-1,lang1316,Ecun Buyang,1302,cha.33,Phonemic,fork (2),,,,
5-380-423-1,lang1316,Ecun Buyang,1352,ma.0 δa.31,Phonemic,knife (2),,,,
5-370-423-1,lang1316,Ecun Buyang,1378,ϑi:k.31,Phonemic,spoon,,,,
5-360-423-1,lang1316,Ecun Buyang,271,tɛŋ.55,Phonemic,saucer,,,,
5-350-423-1,lang1316,Ecun Buyang,476,śa:n.53,Phonemic,"cup, drinking vessel",,,,
5-330-423-1,lang1316,Ecun Buyang,1530,puə.24,Phonemic,bowl,,,,
5-340-423-1,lang1316,Ecun Buyang,270,hu.31,Phonemic,"pitcher, jug",,,,
5-320-423-1,lang1316,Ecun Buyang,480,pa:n.11,Phonemic,plate,,,,
5-280-423-1,lang1316,Ecun Buyang,31,ϑa:u.53 up.55,Phonemic,pan,,,,
5-260-423-1,lang1316,Ecun Buyang,1462,mo.31,Phonemic,"pot, cooking vessel",,,,
5-260-423-3,lang1316,Ecun Buyang,1462,ϑa:u.53,Phonemic,"pot, cooking vessel",,,,
5-270-423-1,lang1316,Ecun Buyang,854,ʔbu.33 hɔŋ.31 tɔt.55,Phonemic,kettle,,,,
5-240-423-1,lang1316,Ecun Buyang,183,pa:ŋ.31,Phonemic,bake,,,,
5-250-423-1,lang1316,Ecun Buyang,1143,hɔ.55 lu.31,Phonemic,oven,,,,
5-230-423-1,lang1316,Ecun Buyang,2146,śa:u.32,Phonemic,"roast, fry",,,,
5-220-423-1,lang1316,Ecun Buyang,792,te.24 ɔŋ.32,Phonemic,boil (vb),,,,
5-210-423-1,lang1316,Ecun Buyang,1100,a.0 te.24,Phonemic,cook,,,,
5-190-423-1,lang1316,Ecun Buyang,129,ka.11 ʒuə.33,Phonemic,choke,,,,
5-181-423-1,lang1316,Ecun Buyang,897,a.0 lɔn.33,Phonemic,swallow,,,,
5-180-423-1,lang1316,Ecun Buyang,321,a.0 ńa:ŋ.11,Phonemic,chew,,,,
5-160-423-1,lang1316,Ecun Buyang,1421,ʒɔt.55,Phonemic,suck,,,,
5-150-423-1,lang1316,Ecun Buyang,848,ha.53,Phonemic,thirst,,,,
5-140-423-1,lang1316,Ecun Buyang,1864,ma.0 hɔt.55,Phonemic,hunger,,,,
5-130-423-1,lang1316,Ecun Buyang,1401,ʒɔt.55,Phonemic,drink,,,,
5-125-423-1,lang1316,Ecun Buyang,1728,δoŋ.31 na.11,Phonemic,rotten,,,,
5-123-423-1,lang1316,Ecun Buyang,178,e.0 mu.53,Phonemic,ripe,,,,
5-122-423-1,lang1316,Ecun Buyang,1959,e.0 ʔdip.55,Phonemic,raw,,,,
5-121-423-1,lang1316,Ecun Buyang,269,e.0 mu.53,Phonemic,cooked,,,,
5-120-423-1,lang1316,Ecun Buyang,256,ka:n.24 ti.33 tɔŋ.31 ʒi:ŋ.31,Phonemic,food,,,,
5-110-423-1,lang1316,Ecun Buyang,1336,ka:n.24,Phonemic,eat,,,,
4-990-423-1,lang1316,Ecun Buyang,590,kɔŋ.33 kaŋ.33,Phonemic,"naked, bare",,,,
4-970-423-1,lang1316,Ecun Buyang,1653,ʔbon.55,Phonemic,blind,,,,
4-980-423-1,lang1316,Ecun Buyang,1463,me.33,Phonemic,intoxicated,,,,
4-960-423-1,lang1316,Ecun Buyang,1666,ŋɔm.11,Phonemic,mute,,,,
4-950-423-1,lang1316,Ecun Buyang,996,ta.0 ŋan.11,Phonemic,deaf,,,,
4-930-423-1,lang1316,Ecun Buyang,1125,a.0 δu.11 ʔdo.55,Phonemic,bald,,,,
4-940-423-1,lang1316,Ecun Buyang,320,a.11 ia:ŋ.32,Phonemic,lame,,,,
4-920-423-1,lang1316,Ecun Buyang,1564,a.0 δɔŋ.31,Phonemic,lazy,,,,
4-912-423-1,lang1316,Ecun Buyang,168,ʒa:ŋ.11 le.31,Phonemic,rest,,,,
4-910-423-1,lang1316,Ecun Buyang,1757,a.0 nai.55,Phonemic,"tired, weary",,,,
4-890-423-1,lang1316,Ecun Buyang,655,tu.31 ʒɔ.31,Phonemic,poison,,,,
4-880-423-1,lang1316,Ecun Buyang,1372,a.0 luə.33,Phonemic,"medicine, drug",,,,
4-870-423-1,lang1316,Ecun Buyang,597,ʒi.33 śəŋ.33,Phonemic,physician,,,,
4-860-423-1,lang1316,Ecun Buyang,499,luə.33 ʒiə.24,Phonemic,"cure, heal",,,,
4-857-423-1,lang1316,Ecun Buyang,1808,śuŋ.11 mu.53,Phonemic,pus,,,,
4-856-423-1,lang1316,Ecun Buyang,793,a:ŋ.24,Phonemic,boil (noun),,,,
4-854-423-1,lang1316,Ecun Buyang,148,a.0 ʔduk.55,Phonemic,itch,,,,
4-853-423-1,lang1316,Ecun Buyang,1903,ma.0 kat.55,Phonemic,swelling,,,,
4-852-423-1,lang1316,Ecun Buyang,1148,ma.0 kat.55,Phonemic,bruise,,,,
4-852-423-3,lang1316,Ecun Buyang,1148,a.0 ʔdi.11 ha:t.31,Phonemic,bruise,,,,
4-843-423-1,lang1316,Ecun Buyang,102,fa:t.55 nap.55,Phonemic,cold (catarrh),,,,
4-842-423-1,lang1316,Ecun Buyang,1957,ʒuə.24(33) ɛk.24,Phonemic,goiter,,,,
4-841-423-1,lang1316,Ecun Buyang,1534,uə.31 tɔt.55,Phonemic,fever,,,,
4-840-423-1,lang1316,Ecun Buyang,1847,piŋ.31,Phonemic,"sick, sickness",,,,
4-820-423-1,lang1316,Ecun Buyang,1601,u:n.31,Phonemic,weak,,,,
4-810-423-1,lang1316,Ecun Buyang,785,an.11 δia:ŋ.33,Phonemic,"strong, mighty, powerful",,,,
4-790-423-1,lang1316,Ecun Buyang,1773,mo.31 ta.0 ma:ŋ.33,Phonemic,"grave, tomb",,,,
4-780-423-1,lang1316,Ecun Buyang,1719,pok.55,Phonemic,bury (the dead),,,,
4-760-423-1,lang1316,Ecun Buyang,1417,pja:ŋ.32,Phonemic,kill,,,,
4-751-423-1,lang1316,Ecun Buyang,1904,tuk.55 ɔŋ.32 la:m.33,Phonemic,drowned,,,,
4-750-423-1,lang1316,Ecun Buyang,1494,la:m.33,Phonemic,"die, dead",,,,
4-740-423-1,lang1316,Ecun Buyang,1422,ha.11 ni.24,Phonemic,"live, living, life",,,,
4-732-423-1,lang1316,Ecun Buyang,1087,pa.24 la:k.31,Phonemic,conceive,,,,
4-730-423-1,lang1316,Ecun Buyang,1123,pa.24 la:k.31,Phonemic,pregnant,,,,
4-720-423-1,lang1316,Ecun Buyang,1090,ϑeŋ.24,Phonemic,born (to be),,,,
4-720-423-3,lang1316,Ecun Buyang,1090,an.24,Phonemic,born (to be),,,,
4-710-423-1,lang1316,Ecun Buyang,1152,u:m.24,Phonemic,beget (of father),,,,
4-690-423-1,lang1316,Ecun Buyang,138,a:p.55 ɔŋ.32,Phonemic,bathe,,,,
4-680-423-1,lang1316,Ecun Buyang,52,va:i.33 ϑen.55,Phonemic,shiver,,,,
4-670-423-1,lang1316,Ecun Buyang,1785,ha.11 la:n.33,Phonemic,have sexual intercourse,,,,
4-660-423-1,lang1316,Ecun Buyang,676,paŋ.55 ʔbi:t.55,Phonemic,defecate,,,,
4-650-423-1,lang1316,Ecun Buyang,592,a.0 tin.11,Phonemic,urinate,,,,
4-640-423-1,lang1316,Ecun Buyang,1159,a.0 tut.55,Phonemic,break wind,,,,
4-630-423-1,lang1316,Ecun Buyang,1602,śin.31 ʔdɔŋ.24,Phonemic,wake up,,,,
4-620-423-1,lang1316,Ecun Buyang,1920,pan.11 ka:n.33,Phonemic,dream,,,,
4-612-423-1,lang1316,Ecun Buyang,1983,u.55 kjan.32,Phonemic,snore,,,,
4-610-423-1,lang1316,Ecun Buyang,1585,u.55,Phonemic,sleep,,,,
4-591-423-1,lang1316,Ecun Buyang,268,a.0 tu.31 ϑaɨ.33,Phonemic,dribble,,,,
4-590-423-1,lang1316,Ecun Buyang,319,lɛm.11,Phonemic,lick,,,,
4-580-423-1,lang1316,Ecun Buyang,1403,a.0 δam.11,Phonemic,bite,,,,
4-570-423-1,lang1316,Ecun Buyang,1278,ɔk.55,Phonemic,vomit,,,,
4-560-423-1,lang1316,Ecun Buyang,1440,a.0 tu.31,Phonemic,spit,,,,
4-560-423-3,lang1316,Ecun Buyang,1440,a.0 tu.31 tɨŋ.53,Phonemic,spit,,,,
4-550-423-1,lang1316,Ecun Buyang,126,ɔn.55 śon.31,Phonemic,perspire,,,,
4-540-423-1,lang1316,Ecun Buyang,1621,a.0 ʒai.55,Phonemic,sneeze,,,,
4-530-423-1,lang1316,Ecun Buyang,879,a.0 ʒək.55,Phonemic,cough,,,,
4-521-423-1,lang1316,Ecun Buyang,162,cə.33 ək.31,Phonemic,hiccough,,,,
4-520-423-1,lang1316,Ecun Buyang,1028,a.0 ʒai.55,Phonemic,"yawn, gape",,,,
4-510-423-1,lang1316,Ecun Buyang,1407,ɛn.55 he.24,Phonemic,"breathe, breath",,,,
4-492-423-1,lang1316,Ecun Buyang,1222,li:t.55,Phonemic,penis,,,,
4-490-423-1,lang1316,Ecun Buyang,797,ma.0 tia:ŋ.11,Phonemic,testicle,,,,
4-464-423-1,lang1316,Ecun Buyang,834,ma.0 lun.31,Phonemic,buttocks,,,,
4-462-423-1,lang1316,Ecun Buyang,1681,vu:ŋ.55,Phonemic,waist,,,,
4-461-423-1,lang1316,Ecun Buyang,1991,ʒen.33,Phonemic,"intestines, guts",,,,
4-460-423-1,lang1316,Ecun Buyang,819,taɨ.24,Phonemic,stomach,,,,
4-452-423-1,lang1316,Ecun Buyang,1744,ma:m.11,Phonemic,spleen,,,,
4-451-423-1,lang1316,Ecun Buyang,489,mak.55 ʒa:u.33,Phonemic,kidney,,,,
4-450-423-1,lang1316,Ecun Buyang,1224,tap.55,Phonemic,liver,,,,
4-441-423-1,lang1316,Ecun Buyang,688,put.55,Phonemic,lung,,,,
4-440-423-1,lang1316,Ecun Buyang,1223,ϑam.24,Phonemic,heart,,,,
4-430-423-1,lang1316,Ecun Buyang,1838,ʔduə.24,Phonemic,navel,,,,
4-412-423-1,lang1316,Ecun Buyang,796,ŋɔŋ.24 em.5,Phonemic,"nipple, teat",,,,
4-410-423-1,lang1316,Ecun Buyang,1402,e.0 em.55,Phonemic,breast (of woman),,,,
4-400-423-1,lang1316,Ecun Buyang,1592,a.0 tak.55,Phonemic,chest,,,,
4-393-423-1,lang1316,Ecun Buyang,1201,mui.31 ma.0 δe.11,Phonemic,feather,,,,
4-392-423-1,lang1316,Ecun Buyang,1257,ta.0 δia:ŋ.33,Phonemic,wing,,,,
4-380-423-1,lang1316,Ecun Buyang,1389,la:k.31 a.11,Phonemic,toe,,,,
4-374-423-1,lang1316,Ecun Buyang,318,hat.55 ʒuŋ.24,Phonemic,footprint,,,,
4-372-423-1,lang1316,Ecun Buyang,980,ta.0 li:u.11,Phonemic,heel,,,,
4-371-423-1,lang1316,Ecun Buyang,803,ʒuŋ.55(24) a.24 pau.24,Phonemic,ankle,,,,
4-370-423-1,lang1316,Ecun Buyang,1301,ka.0 ʒuŋ.24,Phonemic,foot,,,,
4-360-423-1,lang1316,Ecun Buyang,1371,ma:k.55 la.0 hu.31,Phonemic,knee,,,,
4-352-423-1,lang1316,Ecun Buyang,498,ʔbɔŋ.33 a.11 śian.24,Phonemic,calf of leg,,,,
4-351-423-1,lang1316,Ecun Buyang,800,ʔbɔŋ.33 a.11 man.55,Phonemic,thigh,,,,
4-350-423-1,lang1316,Ecun Buyang,1297,ʔbɔŋ.33 a.11,Phonemic,leg,,,,
4-345-423-1,lang1316,Ecun Buyang,72,e.33 ńa:p.55,Phonemic,claw,,,,
4-344-423-1,lang1316,Ecun Buyang,1258,lip.33 ńak.55,Phonemic,fingernail,,,,
4-342-423-1,lang1316,Ecun Buyang,1781,li.0 mi.11 ńak.55,Phonemic,thumb,,,,
4-340-423-1,lang1316,Ecun Buyang,1303,la:k.31 ńak.55,Phonemic,finger,,,,
4-330-423-1,lang1316,Ecun Buyang,1277,ńak.55,Phonemic,hand,,,,
4-321-423-1,lang1316,Ecun Buyang,799,ho.33 ńak.55,Phonemic,wrist,,,,
4-320-423-1,lang1316,Ecun Buyang,981,śop.31,Phonemic,elbow,,,,
4-312-423-1,lang1316,Ecun Buyang,1886,ha:p.55 ta.0 lie.33,Phonemic,armpit,,,,
4-310-423-1,lang1316,Ecun Buyang,1673,ʔbaŋ.55 niaŋ.11,Phonemic,arm,,,,
4-301-423-1,lang1316,Ecun Buyang,172,a.0 la.11 ʔba.55,Phonemic,shoulderblade,,,,
4-300-423-1,lang1316,Ecun Buyang,1482,a.0 ʔba.55,Phonemic,shoulder,,,,
4-290-423-1,lang1316,Ecun Buyang,1346,a.0 lɔŋ.11,Phonemic,throat,,,,
4-281-423-1,lang1316,Ecun Buyang,1347,a.0 ʔdon.31,Phonemic,nape of neck,,,,
4-280-423-1,lang1316,Ecun Buyang,1333,ʒuə.33,Phonemic,neck,,,,
4-272-423-1,lang1316,Ecun Buyang,1049,ϑɔŋ.24 mi.11,Phonemic,molartooth,,,,
4-270-423-1,lang1316,Ecun Buyang,1380,ϑɔŋ.24,Phonemic,tooth,,,,
4-260-423-1,lang1316,Ecun Buyang,1205,ɛ.31 me.33,Phonemic,tongue,,,,
4-250-423-1,lang1316,Ecun Buyang,478,ʔbuŋ24 ŋɔŋ.24,Phonemic,lip,,,,
4-241-423-1,lang1316,Ecun Buyang,73,ŋɔŋ.24 ma.0 δe.11,Phonemic,beak,,,,
4-240-423-1,lang1316,Ecun Buyang,674,ŋɔŋ.24,Phonemic,mouth,,,,
4-232-423-1,lang1316,Ecun Buyang,208,a.24 ńi.24,Phonemic,mucus (nasal),,,,
4-231-423-1,lang1316,Ecun Buyang,1178,ʔbɔŋ.55 tiŋ.32,Phonemic,nostril,,,,
4-230-423-1,lang1316,Ecun Buyang,1221,tiŋ.32,Phonemic,nose,,,,
4-222-423-1,lang1316,Ecun Buyang,32,ʒak.55  δa.33,Phonemic,earwax,,,,
4-220-423-1,lang1316,Ecun Buyang,1247,ʔba:i.55 ta.0 δa.33,Phonemic,ear,,,,
4-215-423-1,lang1316,Ecun Buyang,1655,ʒap.55 ma.0 ta.24,Phonemic,blink,,,,
4-214-423-1,lang1316,Ecun Buyang,1540,mu:m.11 ma.0 ta.24,Phonemic,eyelash,,,,
4-212-423-1,lang1316,Ecun Buyang,1173,mui.31 ma.0 ta.24,Phonemic,eyebrow,,,,
4-210-423-1,lang1316,Ecun Buyang,1248,ma.0 ta.24,Phonemic,eye,,,,
4-209-423-1,lang1316,Ecun Buyang,1510,hap.55 a:ŋ.33,Phonemic,chin,,,,
4-205-423-1,lang1316,Ecun Buyang,123,a.55 tian.32,Phonemic,forehead,,,,
4-204-423-1,lang1316,Ecun Buyang,1560,pa:ŋ.55 śe.33,Phonemic,face,,,,
4-203-423-1,lang1316,Ecun Buyang,1583,uk.55,Phonemic,brain,,,,
4-201-423-1,lang1316,Ecun Buyang,1604,a.24 ku:ŋ.31 ta.24,Phonemic,"side of head, temple",,,,
4-200-423-1,lang1316,Ecun Buyang,1256,δu.11,Phonemic,head,,,,
4-190-423-1,lang1316,Ecun Buyang,1291,pa.0 ʔdaŋ.33,Phonemic,back,,,,
4-180-423-1,lang1316,Ecun Buyang,1220,śut.55,Phonemic,tail,,,,
4-170-423-1,lang1316,Ecun Buyang,1393,u.24 (ϑiŋ.24),Phonemic,horn,,,,
4-162-423-1,lang1316,Ecun Buyang,801,a.0 la.11 ɛp.55,Phonemic,rib,,,,
4-160-423-1,lang1316,Ecun Buyang,1394,a.0 la.11,Phonemic,bone,,,,
4-151-423-1,lang1316,Ecun Buyang,525,ϑa:i.24 ha.33,Phonemic,"vein, artery",,,,
4-150-423-1,lang1316,Ecun Buyang,946,ha.33,Phonemic,blood,,,,
4-146-423-1,lang1316,Ecun Buyang,576,ʒie.24 δu.11,Phonemic,dandruff,,,,
4-144-423-1,lang1316,Ecun Buyang,189,mui.31 mu:m.33(11),Phonemic,body hair,,,,
4-142-423-1,lang1316,Ecun Buyang,678,mu:m.11,Phonemic,beard,,,,
4-140-423-1,lang1316,Ecun Buyang,1040,a.0 ϑam.24,Phonemic,hair (head),,,,
4-130-423-1,lang1316,Ecun Buyang,2259,uə.32,Phonemic,flesh,,,,
4-120-423-1,lang1316,Ecun Buyang,763,he.0 ʔbuŋ.24,Phonemic,"skin, hide",,,,
4-110-423-1,lang1316,Ecun Buyang,1480,he.0 va:i.33,Phonemic,body,,,,
3-980-423-1,lang1316,Ecun Buyang,112,li.0 fɨə.24,Phonemic,turtle,,,,
3-970-423-1,lang1316,Ecun Buyang,1857,li.0 ŋɨ:k.31,Phonemic,"crocodile, alligator",,,,
3-950-423-1,lang1316,Ecun Buyang,503,li.0 kɔp.55,Phonemic,frog,,,,
3-950-423-3,lang1316,Ecun Buyang,503,li.0 ʒa:n.24,Phonemic,frog,,,,
3-940-423-1,lang1316,Ecun Buyang,1543,li.0 ʔbi:t.55,Phonemic,snail,,,,
3-930-423-1,lang1316,Ecun Buyang,607,li.0 ma.0 tak.55,Phonemic,grasshopper,,,,
3-930-423-3,lang1316,Ecun Buyang,607,tak.55 ma.0 ŋa.11,Phonemic,grasshopper,,,,
3-920-423-1,lang1316,Ecun Buyang,1791,li.0 ʔbum.55 ʔba.31,Phonemic,butterfly,,,,
3-910-423-1,lang1316,Ecun Buyang,206,li.0 pi.33 lie.11,Phonemic,firefly,,,,
3-850-423-1,lang1316,Ecun Buyang,730,li.0 ŋa.33,Phonemic,snake,,,,
3-840-423-1,lang1316,Ecun Buyang,1219,li.0 ŋa:i.24,Phonemic,worm,,,,
3-832-423-1,lang1316,Ecun Buyang,1509,li.0 ʒa:ŋ.33,Phonemic,mosquito,,,,
3-830-423-1,lang1316,Ecun Buyang,1504,li.0 vɨ:n.33,Phonemic,fly,,,,
3-823-423-1,lang1316,Ecun Buyang,1517,ma.0 tjan.33,Phonemic,wasp,,,,
3-823-423-3,lang1316,Ecun Buyang,1517,ma.0 tjan.33 ŋa:n.11,Phonemic,wasp,,,,
3-822-423-1,lang1316,Ecun Buyang,88,taŋ.33 a.0 δe.33,Phonemic,beehive,,,,
3-820-423-1,lang1316,Ecun Buyang,665,a.0 δe.33,Phonemic,bee,,,,
3-819-423-1,lang1316,Ecun Buyang,1065,taŋ.33 koŋ.33 ka:k.31,Phonemic,spider web,,,,
3-818-423-1,lang1316,Ecun Buyang,843,koŋ.33 ka:k.31,Phonemic,spider,,,,
3-817-423-1,lang1316,Ecun Buyang,587,li.0 mut.31,Phonemic,ant,,,,
3-816-423-1,lang1316,Ecun Buyang,1575,li.0 ϑa:p.55,Phonemic,cockroach,,,,
3-814-423-1,lang1316,Ecun Buyang,1974,li.0 ϑip.55,Phonemic,centipede,,,,
3-813-423-1,lang1316,Ecun Buyang,232,li.0 mat.55,Phonemic,flea,,,,
3-812-423-1,lang1316,Ecun Buyang,267,tam.24 ma.0 ten.33,Phonemic,nit (louse egg),,,,
3-811-423-1,lang1316,Ecun Buyang,1392,ma.0 ten.33,Phonemic,louse,,,,
3-810-423-1,lang1316,Ecun Buyang,620,ma.0 lik.31,Phonemic,insect,,,,
3-770-423-1,lang1316,Ecun Buyang,1290,li.0 śa:ŋ.32,Phonemic,elephant,,,,
3-760-423-1,lang1316,Ecun Buyang,1350,ma.0 lu.33,Phonemic,monkey,,,,
3-730-423-1,lang1316,Ecun Buyang,1820,li.0 mɨ:i.24,Phonemic,bear,,,,
3-665-423-1,lang1316,Ecun Buyang,1013,pja.24 ŋa.33,Phonemic,freshwater eel,,,,
3-654-423-1,lang1316,Ecun Buyang,1916,ŋɨk.55 pja.24,Phonemic,gill,,,,
3-653-423-1,lang1316,Ecun Buyang,266,cap.55 pja.24,Phonemic,fishscale,,,,
3-652-423-1,lang1316,Ecun Buyang,213,δiaŋ.33 pja.24,Phonemic,fin (dorsal),,,,
3-650-423-1,lang1316,Ecun Buyang,227,pja.24,Phonemic,fish,,,,
3-630-423-1,lang1316,Ecun Buyang,2139,li.0 ϑi.24,Phonemic,"mouse, rat",,,,
3-620-423-1,lang1316,Ecun Buyang,1208,li.0 mi:u.33,Phonemic,cat,,,,
3-614-423-1,lang1316,Ecun Buyang,1136,li.0 ńok.55 to.11,Phonemic,rabbit,,,,
3-610-423-1,lang1316,Ecun Buyang,2009,li.0 oi.33,Phonemic,dog,,,,
3-594-423-1,lang1316,Ecun Buyang,1853,pa:n 33 ciu.33,Phonemic,dove,,,,
3-596-423-1,lang1316,Ecun Buyang,735,ma.0 δe.11 mi:u.33,Phonemic,owl,,,,
3-593-423-1,lang1316,Ecun Buyang,913,li.31 a.24,Phonemic,crow,,,,
3-591-423-1,lang1316,Ecun Buyang,1793,li.31 vɛu.33,Phonemic,bat,,,,
3-585-423-1,lang1316,Ecun Buyang,307,a.0 la:ŋ.11,Phonemic,hawk,,,,
3-581-423-1,lang1316,Ecun Buyang,937,ma.0 δe.11,Phonemic,bird,,,,
3-580-423-1,lang1316,Ecun Buyang,539,e.0 taŋ.33,Phonemic,nest,,,,
3-570-423-1,lang1316,Ecun Buyang,1360,a:p.55,Phonemic,duck,,,,
3-560-423-1,lang1316,Ecun Buyang,1187,ŋa:n.31,Phonemic,goose,,,,
3-550-423-1,lang1316,Ecun Buyang,1318,ai.24,Phonemic,chicken,,,,
3-540-423-1,lang1316,Ecun Buyang,1514,ai.24 mi.11,Phonemic,hen,,,,
3-520-423-1,lang1316,Ecun Buyang,1511,ai.24 po.11,Phonemic,"cock, rooster",,,,
3-470-423-1,lang1316,Ecun Buyang,890,lwi.31(33) lɔ.33,Phonemic,mule,,,,
3-460-423-1,lang1316,Ecun Buyang,1862,lwi.33,Phonemic,"ass, donkey",,,,
3-440-423-1,lang1316,Ecun Buyang,938,ma.0 ŋa.11 mi.11,Phonemic,mare,,,,
3-420-423-1,lang1316,Ecun Buyang,936,ma.0 ŋa.11 po.11,Phonemic,stallion,,,,
3-410-423-1,lang1316,Ecun Buyang,615,ma.0 ŋa.11,Phonemic,horse (equine),,,,
3-350-423-1,lang1316,Ecun Buyang,1337,mu.24,Phonemic,pig,,,,
3-340-423-1,lang1316,Ecun Buyang,1351,mu.24 mi.11,Phonemic,sow (2),,,,
3-320-423-1,lang1316,Ecun Buyang,1348,ma.0 liu.33,Phonemic,boar,,,,
3-320-423-3,lang1316,Ecun Buyang,1348,mu.24 po.11,Phonemic,boar,,,,
3-280-423-1,lang1316,Ecun Buyang,1345,ʔbep.55 mi.11,Phonemic,ewe,,,,
3-260-423-1,lang1316,Ecun Buyang,1344,ʔbep.55 po.11,Phonemic,ram,,,,
3-250-423-1,lang1316,Ecun Buyang,1331,a.0 Ibep.55,Phonemic,sheep,,,,
3-240-423-1,lang1316,Ecun Buyang,1989,ϑiŋ.24 it.55,Phonemic,calf,,,,
3-230-423-1,lang1316,Ecun Buyang,1007,ϑiŋ.24 mi.11,Phonemic,cow,,,,
3-220-423-1,lang1316,Ecun Buyang,1169,ϑiŋ.24 ŋa:.11,Phonemic,ox,,,,
3-210-423-1,lang1316,Ecun Buyang,1008,ϑiŋ.24 po.11,Phonemic,bull,,,,
3-200-423-1,lang1316,Ecun Buyang,1153,a.0 li.31,Phonemic,cattle (bovine),,,,
3-190-423-1,lang1316,Ecun Buyang,851,śa:p.55 ma.0 ŋa.11,Phonemic,"stable, stall",,,,
3-180-423-1,lang1316,Ecun Buyang,263,śu:ŋ.55 ϑiŋ.24 ti.33 ma.0 iŋ.24,Phonemic,herdsman,,,,
3-130-423-1,lang1316,Ecun Buyang,2262,li.31 mi.11,Phonemic,female (adj),,,,
3-120-423-1,lang1316,Ecun Buyang,2261,li.31 po.11,Phonemic,male (adj),,,,
3-110-423-1,lang1316,Ecun Buyang,619,a.0 li.31,Phonemic,animal,,,,
2-960-423-1,lang1316,Ecun Buyang,817,śom.55 ke.24,Phonemic,they,,,,
2-950-423-1,lang1316,Ecun Buyang,1213,śom.55 ma.33,Phonemic,you (plural),,,,
2-941-423-1,lang1316,Ecun Buyang,1131,śom.55 ϑa.24,Phonemic,we (inclusive),,,,
2-940-423-1,lang1316,Ecun Buyang,1212,śom.55 ku.24,Phonemic,we,,,,
2-930-423-1,lang1316,Ecun Buyang,262,ke.24,Phonemic,he/she/it,,,,
2-920-423-1,lang1316,Ecun Buyang,1215,ma.33,Phonemic,you (singular),,,,
2-910-423-1,lang1316,Ecun Buyang,1209,ku.24,Phonemic,I,,,,
2-820-423-1,lang1316,Ecun Buyang,194,lɔŋ.11 lok.55,Phonemic,family,,,,
2-810-423-1,lang1316,Ecun Buyang,1644,pi.24 un.33,Phonemic,"relatives, kinsmen",,,,
2-770-423-1,lang1316,Ecun Buyang,1981,pa.55 δɛŋ.32,Phonemic,widower,,,,
2-760-423-1,lang1316,Ecun Buyang,1756,mi.11 δɛŋ.32,Phonemic,widow,,,,
2-750-423-1,lang1316,Ecun Buyang,1149,la:k.31 ʔbaŋ.32,Phonemic,orphan,,,,
2-740-423-1,lang1316,Ecun Buyang,1058,la:k.31 u:m.24,Phonemic,stepdaughter,,,,
2-730-423-1,lang1316,Ecun Buyang,1059,la:k.31 u:m.24,Phonemic,stepson,,,,
2-720-423-1,lang1316,Ecun Buyang,236,mi.11 ʔda:ŋ.31,Phonemic,stepmother,,,,
2-710-423-1,lang1316,Ecun Buyang,237,pa.55 ʔda:ŋ.31,Phonemic,stepfather,,,,
2-640-423-1,lang1316,Ecun Buyang,2265,va:i.33 ma.0 liu.33,Phonemic,daughter-in-law (of a man),,,,
2-630-423-1,lang1316,Ecun Buyang,2267,va:i.33 hɨ:i.24,Phonemic,son-in-law (of a man),,,,
2-621-423-1,lang1316,Ecun Buyang,2257,ʒa.11,Phonemic,mother-in-law (of a woman),,,,
2-620-423-1,lang1316,Ecun Buyang,2256,mi.11,Phonemic,mother-in-law (of a man),,,,
2-620-423-3,lang1316,Ecun Buyang,2256,ʒa.11 ta:i.11,Phonemic,mother-in-law (of a man),,,,
2-611-423-1,lang1316,Ecun Buyang,2254,pu.55,Phonemic,father-in-law (of a woman),,,,
2-610-423-1,lang1316,Ecun Buyang,2255,pa.55,Phonemic,father-in-law (of a man),,,,
2-610-423-3,lang1316,Ecun Buyang,2255,pu.55 ta.31,Phonemic,father-in-law (of a man),,,,
2-570-423-1,lang1316,Ecun Buyang,490,ʔboŋ.24 ʔdaŋ.31,Phonemic,descendants,,,,
2-560-423-1,lang1316,Ecun Buyang,1669,mən.31 ʔdu.53,Phonemic,ancestors,,,,
2-550-423-1,lang1316,Ecun Buyang,1643,śam.24 la:u.33 pjeu.33,Phonemic,cousin,,,,
2-540-423-1,lang1316,Ecun Buyang,1642,a:n.24 la:k.31,Phonemic,niece,,,,
2-530-423-1,lang1316,Ecun Buyang,1063,a:n.24 la:k.31,Phonemic,nephew,,,,
2-522-423-1,lang1316,Ecun Buyang,170,mi.11 muə.31,Phonemic,father's sister,,,,
2-522-423-3,lang1316,Ecun Buyang,170,mi.11 na.11,Phonemic,father's sister,,,,
2-520-423-1,lang1316,Ecun Buyang,1272,mI.11 ni:u.33,Phonemic,aunt,,,,
2-520-423-3,lang1316,Ecun Buyang,1272,ta:I.11 luŋ.11,Phonemic,aunt,,,,
2-520-423-5,lang1316,Ecun Buyang,1272,kuə.11,Phonemic,aunt,,,,
2-521-423-1,lang1316,Ecun Buyang,171,ta:I.11 luŋ.11,Phonemic,mother's sister,,,,
2-512-423-1,lang1316,Ecun Buyang,1985,pa.55 iə.53,Phonemic,father's brother,,,,
2-511-423-1,lang1316,Ecun Buyang,1984,pu.55 ta.31 luŋ.31,Phonemic,mother's brother,,,,
2-510-423-1,lang1316,Ecun Buyang,1327,pa.55 i.33,Phonemic,uncle,,,,
2-510-423-3,lang1316,Ecun Buyang,1327,pa.55 iə.53,Phonemic,uncle,,,,
2-510-423-5,lang1316,Ecun Buyang,1327,pa.55 a.11,Phonemic,uncle,,,,
2-480-423-1,lang1316,Ecun Buyang,1618,a:n.24 la:k.31,Phonemic,grandson,,,,
2-490-423-1,lang1316,Ecun Buyang,1619,a:n.24 la:k.31,Phonemic,granddaughter,,,,
2-471-423-1,lang1316,Ecun Buyang,907,ʒa.24 iə.53,Phonemic,old woman,,,,
2-470-423-1,lang1316,Ecun Buyang,1496,ʒa.24 iə.53,Phonemic,grandmother,,,,
2-461-423-1,lang1316,Ecun Buyang,406,pu.55 iə.53,Phonemic,old man,,,,
2-460-423-1,lang1316,Ecun Buyang,1383,kɔŋ.55 iə.53,Phonemic,grandfather,,,,
2-458-423-1,lang1316,Ecun Buyang,1005,la:k.31 ve.24,Phonemic,twins,,,,
2-456-423-1,lang1316,Ecun Buyang,1640,śɔm.55 pi.24 un.31,Phonemic,sibling,,,,
2-455-423-1,lang1316,Ecun Buyang,1761,va:i.33 un.31,Phonemic,younger sister,,,,
2-454-423-1,lang1316,Ecun Buyang,1758,va:i.33 ce.33,Phonemic,older sister,,,,
2-450-423-1,lang1316,Ecun Buyang,1263,pi.24 un.31,Phonemic,sister,,,,
2-445-423-1,lang1316,Ecun Buyang,1760,va:i.33 ʒuə.31,Phonemic,younger brother,,,,
2-444-423-1,lang1316,Ecun Buyang,1759,kɔ.33 kɔ.33,Phonemic,older brother,,,,
2-440-423-1,lang1316,Ecun Buyang,1262,pi.24 ʒuə.31,Phonemic,brother,,,,
2-430-423-1,lang1316,Ecun Buyang,1801,ʔba:ŋ.31 la:k.31,Phonemic,offspring (son or daughter),,,,
2-430-423-3,lang1316,Ecun Buyang,1801,bɔŋ.55 ʔda:ŋ.31,Phonemic,offspring (son or daughter),,,,
2-420-423-1,lang1316,Ecun Buyang,1357,la:ŋ.31 iŋ.31,Phonemic,daughter,,,,
2-410-423-1,lang1316,Ecun Buyang,1620,la:k 31,Phonemic,son,,,,
2-370-423-1,lang1316,Ecun Buyang,505,pa.55 paŋ.11 mi.11,Phonemic,parents,,,,
2-360-423-1,lang1316,Ecun Buyang,1216,mi.11,Phonemic,mother,,,,
2-350-423-1,lang1316,Ecun Buyang,1217,pa.53,Phonemic,father,,,,
2-341-423-1,lang1316,Ecun Buyang,1134,li.11 hun.33,Phonemic,divorce,,,,
2-330-423-1,lang1316,Ecun Buyang,203,δu:p.55 ma.0 liu.33,Phonemic,marry,,,,
2-320-423-1,lang1316,Ecun Buyang,1199,la:k.53 iŋ.33,Phonemic,wife,,,,
2-310-423-1,lang1316,Ecun Buyang,1200,la:k.53 ϑe.24,Phonemic,husband,,,,
2-280-423-1,lang1316,Ecun Buyang,1289,oi.55 num.31,Phonemic,"infant, baby",,,,
2-270-423-1,lang1316,Ecun Buyang,1304,la:k.53 oi.55,Phonemic,child,,,,
2-261-423-1,lang1316,Ecun Buyang,77,la:k.53 ϑo.24 man.53,Phonemic,young woman (adolescent),,,,
2-260-423-1,lang1316,Ecun Buyang,1646,oi.55 ϑo.24,Phonemic,girl,,,,
2-251-423-1,lang1316,Ecun Buyang,76,oi.55 ha:u.53,Phonemic,young man (adolescent),,,,
2-250-423-1,lang1316,Ecun Buyang,1366,oi.55 ϑe.24,Phonemic,boy,,,,
2-240-423-1,lang1316,Ecun Buyang,1551,la:k.53 iŋ.33,Phonemic,female,,,,
2-230-423-1,lang1316,Ecun Buyang,1553,la:k.53 ϑe.24,Phonemic,male,,,,
2-220-423-1,lang1316,Ecun Buyang,962,la:k.53 iŋ.33,Phonemic,woman,,,,
2-210-423-1,lang1316,Ecun Buyang,1554,la:k.53 ϑe.24,Phonemic,man (vs. woman),,,,
2-100-423-1,lang1316,Ecun Buyang,683,ma.0 iŋ.24,Phonemic,"person, human being",,,,
1-890-423-1,lang1316,Ecun Buyang,1188,tha:n.11,Phonemic,charcoal,,,,
1-880-423-1,lang1316,Ecun Buyang,10,śui.24,Phonemic,firewood,,,,
1-870-423-1,lang1316,Ecun Buyang,1133,hɔ.55 cha:i.31,Phonemic,match (noun),,,,
1-861-423-1,lang1316,Ecun Buyang,127,ʔdap.55 pi.24,Phonemic,extinguish,,,,
1-860-423-1,lang1316,Ecun Buyang,737,śa.53 pi.24,Phonemic,"light, kindle, ignite",,,,
1-860-423-3,lang1316,Ecun Buyang,737,muə.33 pi.24,Phonemic,"light, kindle, ignite",,,,
1-852-423-1,lang1316,Ecun Buyang,1428,tɨ.32,Phonemic,burn (vb intrans),,,,
1-851-423-1,lang1316,Ecun Buyang,141,śa.53,Phonemic,burn (vb trans),,,,
1-851-423-3,lang1316,Ecun Buyang,141,śum.31,Phonemic,burn (vb trans),,,,
1-840-423-1,lang1316,Ecun Buyang,646,ma.0 tu.53,Phonemic,ashes,,,,
1-830-423-1,lang1316,Ecun Buyang,778,at.55,Phonemic,smoke (noun),,,,
1-810-423-1,lang1316,Ecun Buyang,221,pi.24,Phonemic,fire,,,,
1-770-423-1,lang1316,Ecun Buyang,617,a.0 me.33,Phonemic,ice,,,,
1-760-423-1,lang1316,Ecun Buyang,784,a.0 me.33,Phonemic,snow (noun),,,,
1-750-423-1,lang1316,Ecun Buyang,658,ʒu:t.33,Phonemic,rain (noun),,,,
1-740-423-1,lang1316,Ecun Buyang,249,la.0 mok.31,Phonemic,fog,,,,
1-720-423-1,lang1316,Ecun Buyang,960,e.0 vən.33,Phonemic,wind,,,,
1-730-423-1,lang1316,Ecun Buyang,1489,la.0 mok.31,Phonemic,cloud,,,,
1-710-423-1,lang1316,Ecun Buyang,27,e.0 vəŋ.33,Phonemic,air,,,,
1-640-423-1,lang1316,Ecun Buyang,1977,ɔŋ.32 ta:i.33,Phonemic,dew,,,,
1-630-423-1,lang1316,Ecun Buyang,1388,δam.31,Phonemic,"shade, shadow",,,,
1-630-423-3,lang1316,Ecun Buyang,1388,e.0 ŋau.33,Phonemic,"shade, shadow",,,,
1-620-423-1,lang1316,Ecun Buyang,11,ʔba:ŋ.31 ŋa:ŋ.11,Phonemic,darkness,,,,
1-610-423-1,lang1316,Ecun Buyang,630,ʔbun.24 tɔt.55,Phonemic,light (noun),,,,
1-610-423-3,lang1316,Ecun Buyang,630,a:ŋ.32,Phonemic,light (noun),,,,
1-590-423-1,lang1316,Ecun Buyang,1733,lɔŋ.11 ua.33,Phonemic,rainbow,,,,
1-580-423-1,lang1316,Ecun Buyang,858,ʒu:t.31 man.55,Phonemic,storm,,,,
1-560-423-1,lang1316,Ecun Buyang,1150,pu.55 pja.33,Phonemic,thunder,,,,
1-550-423-1,lang1316,Ecun Buyang,1654,lɨ:n.33 pja.31(33),Phonemic,lightning,,,,
1-540-423-1,lang1316,Ecun Buyang,1430,la.0 lɔŋ.33,Phonemic,star,,,,
1-530-423-1,lang1316,Ecun Buyang,1313,a:ŋ.33 ti:n.11,Phonemic,moon,,,,
1-520-423-1,lang1316,Ecun Buyang,1343,tu.0 vən.24,Phonemic,sun,,,,
1-510-423-1,lang1316,Ecun Buyang,1732,ʔbun.24,Phonemic,sky,,,,
1-440-423-1,lang1316,Ecun Buyang,2125,ma.0 δa.33,Phonemic,"stone, rock",,,,
1-430-423-1,lang1316,Ecun Buyang,1803,hɔt.31,Phonemic,wood,,,,
1-420-423-1,lang1316,Ecun Buyang,906,hɔt.31,Phonemic,tree (cf 08.600),,,,
1-410-423-1,lang1316,Ecun Buyang,420,po.32 hɔt.31,Phonemic,"woods, forest",,,,
1-370-423-1,lang1316,Ecun Buyang,2144,ɔŋ.32 ʔbɔk.55,Phonemic,"spring, well",,,,
1-370-423-3,lang1316,Ecun Buyang,2144,śiŋ.33,Phonemic,"spring, well",,,,
1-360-423-1,lang1316,Ecun Buyang,666,ɔŋ.32 a.55,Phonemic,"river, stream, brook",,,,
1-360-423-3,lang1316,Ecun Buyang,666,qa.0 δo.31 ɔŋ.32 δo.31,Phonemic,"river, stream, brook",,,,
1-350-423-1,lang1316,Ecun Buyang,978,ɔŋ.32 foŋ.33,Phonemic,wave,,,,
1-343-423-1,lang1316,Ecun Buyang,1662,tu.31 ɔŋ.32,Phonemic,"headland, point",,,,
1-330-423-1,lang1316,Ecun Buyang,624,tam.33,Phonemic,lake,,,,
1-329-423-1,lang1316,Ecun Buyang,645,ha:i.33,Phonemic,ocean,,,,
1-324-423-1,lang1316,Ecun Buyang,1768,fut.55 fa:u.33,Phonemic,foam,,,,
1-320-423-1,lang1316,Ecun Buyang,1474,ha:i.33,Phonemic,sea,,,,
1-310-423-1,lang1316,Ecun Buyang,948,ɔŋ.32,Phonemic,water,,,,
1-280-423-1,lang1316,Ecun Buyang,1155,ϑam.33,Phonemic,cave,,,,
1-280-423-3,lang1316,Ecun Buyang,1155,δaŋ.33,Phonemic,cave,,,,
1-270-423-1,lang1316,Ecun Buyang,113,te.11 ɔŋ.32,Phonemic,shore,,,,
1-240-423-1,lang1316,Ecun Buyang,921,ʔbuŋ.55 δo.11,Phonemic,valley,,,,
1-230-423-1,lang1316,Ecun Buyang,652,lɔŋ.11 toŋ.33,Phonemic,"plain, field",,,,
1-222-423-1,lang1316,Ecun Buyang,618,nɔk.55 a.55,Phonemic,"cliff, precipice",,,,
1-222-423-3,lang1316,Ecun Buyang,618,po.32 a.55,Phonemic,"cliff, precipice",,,,
1-220-423-1,lang1316,Ecun Buyang,2118,po.32,Phonemic,"mountain, hill",,,,
1-214-423-1,lang1316,Ecun Buyang,640,ɔt.55 hɔ.33,Phonemic,mud,,,,
1-215-423-1,lang1316,Ecun Buyang,671,ɔt.55 śa.33,Phonemic,sand,,,,
1-213-423-1,lang1316,Ecun Buyang,2,muk.55 mɔn.33,Phonemic,dust,,,,
1-213-423-3,lang1316,Ecun Buyang,2,ɔt.55 mun.33,Phonemic,dust,,,,
1-213-423-5,lang1316,Ecun Buyang,2,ɔt.55 a:i.24,Phonemic,dust,,,,
1-212-423-1,lang1316,Ecun Buyang,1228,ɔt.55,Phonemic,"earth=ground, soil",,,,
1-210-423-1,lang1316,Ecun Buyang,626,ɔt.55,Phonemic,"earth, land",,,,
1-100-423-1,lang1316,Ecun Buyang,965,hap.55 ʔbun.24,Phonemic,world,,,,
14-330-423-1,lang1316,Ecun Buyang,1544,paŋ.11 kɨ.55,Phonemic,sometimes,,,,
14-332-423-1,lang1316,Ecun Buyang,418,ʔdɨə.2,Phonemic,long-time (for a),,,,
14-350-423-1,lang1316,Ecun Buyang,204,ʔdɔŋ.31 ma:n.33,Phonemic,again,,,,
14-410-423-1,lang1316,Ecun Buyang,1225,ha:p.55 vən.24,Phonemic,day,,,,
14-420-423-1,lang1316,Ecun Buyang,1233,ha:p.55 ve.24,Phonemic,night,,,,
14-430-423-1,lang1316,Ecun Buyang,729,ma.0 lam.11,Phonemic,dawn,,,,
14-440-423-1,lang1316,Ecun Buyang,1339,pin.11 na.24,Phonemic,morning,,,,
14-450-423-1,lang1316,Ecun Buyang,12,pin.11 vən.24,Phonemic,"noon, midday",,,,
14-451-423-1,lang1316,Ecun Buyang,1807,na.24 ʒa.24,Phonemic,afternoon,,,,
14-460-423-1,lang1316,Ecun Buyang,1629,ha.55 ve.24,Phonemic,evening,,,,
14-470-423-1,lang1316,Ecun Buyang,1283,vən.24 ni.33,Phonemic,today,,,,
14-480-423-1,lang1316,Ecun Buyang,1329,vən.24 tim.11,Phonemic,tomorrow,,,,
14-481-423-1,lang1316,Ecun Buyang,1179,vən.24 ta.11,Phonemic,day-after-tomorrow,,,,
14-490-423-1,lang1316,Ecun Buyang,1174,vəŋ.24 ne.33,Phonemic,yesterday,,,,
14-491-423-1,lang1316,Ecun Buyang,1180,vən.24 ɛn.31,Phonemic,day-before-yesterday,,,,
14-510-423-1,lang1316,Ecun Buyang,1353,tjem.32,Phonemic,hour,,,,
14-610-423-1,lang1316,Ecun Buyang,1469,śin.33 chi.33,Phonemic,week,,,,
14-620-423-1,lang1316,Ecun Buyang,1699,vən.24 hɨ.33,Phonemic,Sunday,,,,
14-630-423-1,lang1316,Ecun Buyang,1697,śin.33 chi.33 ʒi.31,Phonemic,Monday,,,,
14-640-423-1,lang1316,Ecun Buyang,1695,śin.33 chi.33 a.24,Phonemic,Tuesday,,,,
14-650-423-1,lang1316,Ecun Buyang,1694,śin.33 chi.33 śa:n.33,Phonemic,Wednesday,,,,
14-660-423-1,lang1316,Ecun Buyang,1693,śin.33 chi.33 śI.24,Phonemic,Thursday,,,,
14-670-423-1,lang1316,Ecun Buyang,1692,śin.33 chi.33 u.53,Phonemic,Friday,,,,
14-680-423-1,lang1316,Ecun Buyang,1700,śin.33 chi.33 lu.31,Phonemic,Saturday,,,,
14-710-423-1,lang1316,Ecun Buyang,1370,ʔda:n.24,Phonemic,month,,,,
14-730-423-1,lang1316,Ecun Buyang,1226,ma.0 δia:ŋ.33,Phonemic,year,,,,
14-740-423-1,lang1316,Ecun Buyang,1471,he.11 ʔbɔt.55,Phonemic,winter,,,,
14-760-423-1,lang1316,Ecun Buyang,1342,he.11 tɔt.55,Phonemic,summer,,,,
15-210-423-1,lang1316,Ecun Buyang,1587,he.24,Phonemic,smell (vb intrans),,,,
15-212-423-1,lang1316,Ecun Buyang,375,hɔm.32,Phonemic,sniff,,,,
15-220-423-1,lang1316,Ecun Buyang,1586,hɔm.32,Phonemic,smell (vb trans),,,,
15-250-423-1,lang1316,Ecun Buyang,376,hɔm.32,Phonemic,"fragrant, good smelling",,,,
15-260-423-1,lang1316,Ecun Buyang,42,he.4,Phonemic,"stinking, bad smelling",,,,
15-310-423-1,lang1316,Ecun Buyang,21,wai.24 ta:u.24,Phonemic,taste,,,,
15-350-423-1,lang1316,Ecun Buyang,717,a.0 ʒɛn.31,Phonemic,sweet,,,,
15-360-423-1,lang1316,Ecun Buyang,1091,cem.11,Phonemic,salty,,,,
15-370-423-1,lang1316,Ecun Buyang,887,am.24,Phonemic,bitter,,,,
15-380-423-1,lang1316,Ecun Buyang,1906,ʔda:t.55,Phonemic,"acid, sour",,,,
15-410-423-1,lang1316,Ecun Buyang,1408,in.24,Phonemic,hear,,,,
15-420-423-1,lang1316,Ecun Buyang,1608,ta.0 ŋu:i.33,Phonemic,listen,,,,
15-440-423-1,lang1316,Ecun Buyang,1811,in.24 ʔdaŋ.24,Phonemic,"sound, noise",,,,
15-450-423-1,lang1316,Ecun Buyang,377,hiŋ.24 man.55,Phonemic,loud,,,,
15-460-423-1,lang1316,Ecun Buyang,1314,mɨə.11,Phonemic,"quiet, silence",,,,
15-510-423-1,lang1316,Ecun Buyang,1409,ŋɨ.53 la:ŋ.24,Phonemic,see,,,,
15-520-423-1,lang1316,Ecun Buyang,1819,ŋɨ.53,Phonemic,"look, look at",,,,
15-550-423-1,lang1316,Ecun Buyang,1039,fa:n.24 ʔdɔŋ.24,Phonemic,show,,,,
15-560-423-1,lang1316,Ecun Buyang,708,śiu.53,Phonemic,shine,,,,
15-570-423-1,lang1316,Ecun Buyang,679,ʔba:ŋ.31 a:ŋ.31,Phonemic,bright,,,,
15-620-423-1,lang1316,Ecun Buyang,250,e.0 ken.31,Phonemic,light (in color),,,,
15-620-423-3,lang1316,Ecun Buyang,250,e.0 tiɛn.31,Phonemic,light (in color),,,,
15-630-423-1,lang1316,Ecun Buyang,706,a.0 lak.55,Phonemic,dark (in color),,,,
15-640-423-1,lang1316,Ecun Buyang,1335,ɔk.55,Phonemic,white,,,,
15-650-423-1,lang1316,Ecun Buyang,163,ʔdam.24,Phonemic,black,,,,
15-660-423-1,lang1316,Ecun Buyang,156,lu:n.11,Phonemic,red,,,,
15-670-423-1,lang1316,Ecun Buyang,837,cɛp.31,Phonemic,blue,,,,
15-680-423-1,lang1316,Ecun Buyang,1425,lɔk.55,Phonemic,green,,,,
15-690-423-1,lang1316,Ecun Buyang,1424,ŋa:n.11,Phonemic,yellow,,,,
15-710-423-1,lang1316,Ecun Buyang,1892,puŋ.11,Phonemic,touch,,,,
15-712-423-1,lang1316,Ecun Buyang,378,pin.11,Phonemic,pinch,,,,
15-720-423-1,lang1316,Ecun Buyang,1079,pɛk.31,Phonemic,feel,,,,
15-740-423-1,lang1316,Ecun Buyang,1884,a.0 la.11,Phonemic,hard,,,,
15-750-423-1,lang1316,Ecun Buyang,1856,u:n.32,Phonemic,soft,,,,
15-760-423-1,lang1316,Ecun Buyang,1923,śo.24 ńok.55,Phonemic,rough,,,,
15-770-423-1,lang1316,Ecun Buyang,1234,hɛt.31,Phonemic,smooth,,,,
15-780-423-1,lang1316,Ecun Buyang,1396,xia:n.24,Phonemic,sharp,,,,
15-790-423-1,lang1316,Ecun Buyang,379,mun.24,Phonemic,"blunt, dull",,,,
15-810-423-1,lang1316,Ecun Buyang,1210,han.24,Phonemic,heavy,,,,
15-820-423-1,lang1316,Ecun Buyang,1052,śin.32,Phonemic,light (in weight),,,,
15-830-423-1,lang1316,Ecun Buyang,1726,δak.55,Phonemic,"wet, damp",,,,
15-840-423-1,lang1316,Ecun Buyang,1398,ha.53,Phonemic,dry,,,,
15-840-423-3,lang1316,Ecun Buyang,1398,ʔbun.24 ha.53,Phonemic,dry,,,,
15-850-423-1,lang1316,Ecun Buyang,1286,a.0 tɔt.55,Phonemic,hot,,,,
15-851-423-1,lang1316,Ecun Buyang,1232,u:n.53,Phonemic,warm,,,,
15-860-423-1,lang1316,Ecun Buyang,1287,a.0 ʔbɔt.55,Phonemic,cold,,,,
15-870-423-1,lang1316,Ecun Buyang,704,ϑaɨ.32,Phonemic,clean,,,,
15-880-423-1,lang1316,Ecun Buyang,1230,ma.0 am.24,Phonemic,"dirty, soiled",,,,
15-890-423-1,lang1316,Ecun Buyang,380,δut.55 δu.32,Phonemic,wrinkled,,,,
16-110-423-1,lang1316,Ecun Buyang,53,hun.24,Phonemic,"soul, spirit",,,,
16-150-423-1,lang1316,Ecun Buyang,1572,a.0 δu:n.53,Phonemic,"surprised, astonished",,,,
16-230-423-1,lang1316,Ecun Buyang,1495,hɛŋ.11,Phonemic,"joyful, glad, happy",,,,
16-230-423-3,lang1316,Ecun Buyang,1495,ku:i.31,Phonemic,"joyful, glad, happy",,,,
16-250-423-1,lang1316,Ecun Buyang,1355,a.0 ϑuə.24,Phonemic,laugh,,,,
16-251-423-1,lang1316,Ecun Buyang,1451,a.0 ϑuə.24 ńu:m.32 ńu:m.32,Phonemic,smile,,,,
16-260-423-1,lang1316,Ecun Buyang,1413,ljeu.31,Phonemic,play,,,,
16-270-423-1,lang1316,Ecun Buyang,923,ma:i.24,Phonemic,love,,,,
16-290-423-1,lang1316,Ecun Buyang,578,śup.55,Phonemic,kiss,,,,
16-300-423-1,lang1316,Ecun Buyang,928,vu:k.55 la:n.33,Phonemic,embrace,,,,
16-310-423-1,lang1316,Ecun Buyang,1783,a.0 δi.11,Phonemic,pain,,,,
16-320-423-1,lang1316,Ecun Buyang,1668,ka:n.24 hi.53,Phonemic,"grief, sorrow, sadness",,,,
16-350-423-1,lang1316,Ecun Buyang,1141,ha.55 aŋ.24,Phonemic,pity,,,,
16-370-423-1,lang1316,Ecun Buyang,1839,ńet.55,Phonemic,"cry, weep",,,,
16-380-423-1,lang1316,Ecun Buyang,1651,ɔŋ.31 e.0 ta.4,Phonemic,tear (noun),,,,
16-390-423-1,lang1316,Ecun Buyang,716,a.33 δɔŋ.33,Phonemic,groan,,,,
16-410-423-1,lang1316,Ecun Buyang,1607,ŋau.11,Phonemic,hate,,,,
16-440-423-1,lang1316,Ecun Buyang,40,a.0 lɔ.11 han.11,Phonemic,"envy, jealousy",,,,
16-450-423-1,lang1316,Ecun Buyang,1776,ʒak.55 fa.33,Phonemic,shame (noun),,,,
16-480-423-1,lang1316,Ecun Buyang,174,cia:u.33 a:u.24,Phonemic,proud,,,,
16-510-423-1,lang1316,Ecun Buyang,1779,ka:n.11,Phonemic,dare,,,,
16-520-423-1,lang1316,Ecun Buyang,3,ta:m.31 man.55,Phonemic,brave,,,,
16-530-423-1,lang1316,Ecun Buyang,781,ma.0 la.33,Phonemic,"fear, fright",,,,
16-540-423-1,lang1316,Ecun Buyang,1810,wai.11 śian.55,Phonemic,danger,,,,
16-622-423-1,lang1316,Ecun Buyang,1750,le.31,Phonemic,choose,,,,
16-630-423-1,lang1316,Ecun Buyang,1092,śi.31 va:ŋ.24,Phonemic,hope,,,,
16-660-423-1,lang1316,Ecun Buyang,1657,cin.24,Phonemic,true,,,,
16-670-423-1,lang1316,Ecun Buyang,601,ʔde.24 ʒɨa.31,Phonemic,"lie, tell lies",,,,
16-670-423-3,lang1316,Ecun Buyang,601,kɔn.31 ʒɨa.31,Phonemic,"lie, tell lies",,,,
16-680-423-1,lang1316,Ecun Buyang,13,ʔde.24 ʒɨa.31,Phonemic,deceit,,,,
16-690-423-1,lang1316,Ecun Buyang,1528,ʒa:ŋ.11,Phonemic,forgive,,,,
16-710-423-1,lang1316,Ecun Buyang,1035,ŋa.55,Phonemic,good,,,,
16-720-423-1,lang1316,Ecun Buyang,1292,va:i.31,Phonemic,bad,,,,
16-730-423-1,lang1316,Ecun Buyang,1725,peŋ.31,Phonemic,"right, correct",,,,
16-740-423-1,lang1316,Ecun Buyang,1390,lɔk.55,Phonemic,wrong,,,,
16-760-423-1,lang1316,Ecun Buyang,134,lɔk.55,Phonemic,fault,,,,
16-770-423-1,lang1316,Ecun Buyang,1293,lɔk.55,Phonemic,"mistake, error",,,,
16-780-423-1,lang1316,Ecun Buyang,381,kwa:i.53,Phonemic,blame,,,,
16-790-423-1,lang1316,Ecun Buyang,1687,pa:u.24,Phonemic,praise,,,,
16-810-423-1,lang1316,Ecun Buyang,1427,ʒu:m.31 ŋa.55,Phonemic,beautiful,,,,
16-820-423-1,lang1316,Ecun Buyang,1548,ʒu:m.31 ʒa:k.55,Phonemic,ugly,,,,
16-830-423-1,lang1316,Ecun Buyang,2018,tha:n.33,Phonemic,greedy,,,,
16-840-423-1,lang1316,Ecun Buyang,1310,kwa:i.32,Phonemic,clever,,,,
17-110-423-1,lang1316,Ecun Buyang,1562,e.0 uk.55,Phonemic,mind,,,,
17-130-423-1,lang1316,Ecun Buyang,1415,nɨ.31,Phonemic,think (= reflect),,,,
17-150-423-1,lang1316,Ecun Buyang,1890,śin.55,Phonemic,believe,,,,
17-160-423-1,lang1316,Ecun Buyang,1536,ʔde.55,Phonemic,understand,,,,
17-170-423-1,lang1316,Ecun Buyang,1410,ʔde.55,Phonemic,know,,,,
17-171-423-1,lang1316,Ecun Buyang,1932,ϑi:ŋ.55,Phonemic,guess,,,,
17-172-423-1,lang1316,Ecun Buyang,117,ʔdi.24 la:n.33,Phonemic,imitate,,,,
17-180-423-1,lang1316,Ecun Buyang,1521,ʔdu.24 lum.31,Phonemic,seem,,,,
17-190-423-1,lang1316,Ecun Buyang,1609,cu.33 ʒi.31,Phonemic,"idea, notion",,,,
17-220-423-1,lang1316,Ecun Buyang,1518,ʔbeŋ.24 ŋaɨ.31,Phonemic,"foolish, stupid",,,,
17-230-423-1,lang1316,Ecun Buyang,1899,e.0 pa:k.31,Phonemic,"insane, crazy",,,,
17-240-423-1,lang1316,Ecun Buyang,504,śɔ.11,Phonemic,learn,,,,
17-242-423-1,lang1316,Ecun Buyang,1929,śɔ.11 śi.11,Phonemic,study,,,,
17-250-423-1,lang1316,Ecun Buyang,709,ϑɔn.24,Phonemic,teach,,,,
17-250-423-3,lang1316,Ecun Buyang,709,ϑɔn.24 δi.33,Phonemic,teach,,,,
17-260-423-1,lang1316,Ecun Buyang,753,śɔ.11 śən.33,Phonemic,pupil,,,,
17-270-423-1,lang1316,Ecun Buyang,1038,la:u.55 ϑI.33,Phonemic,teacher,,,,
17-280-423-1,lang1316,Ecun Buyang,673,śɔ.11 śa:u.24,Phonemic,school,,,,
17-310-423-1,lang1316,Ecun Buyang,707,nɛn.32,Phonemic,remember,,,,
17-320-423-1,lang1316,Ecun Buyang,1523,ʔdap.55,Phonemic,forget,,,,
17-340-423-1,lang1316,Ecun Buyang,989,ϑaɨ.31,Phonemic,"clear, plain",,,,
17-350-423-1,lang1316,Ecun Buyang,1764,na:n.31 ʔde.55,Phonemic,obscure,,,,
17-360-423-1,lang1316,Ecun Buyang,1121,mi.11 mi.11,Phonemic,secret,,,,
17-370-423-1,lang1316,Ecun Buyang,509,khən.55 tin.24,Phonemic,"sure, certain",,,,
17-430-423-1,lang1316,Ecun Buyang,1308,hwa:i.11 ʒi.11,Phonemic,doubt,,,,
17-440-423-1,lang1316,Ecun Buyang,1841,hwa:i.11 ʒi.11,Phonemic,suspect,,,,
17-460-423-1,lang1316,Ecun Buyang,686,ŋa:i.33,Phonemic,easy,,,,
17-470-423-1,lang1316,Ecun Buyang,584,na:n.31,Phonemic,difficult,,,,
17-470-423-3,lang1316,Ecun Buyang,584,khun.24 na:n.11(31),Phonemic,difficult,,,,
17-480-423-1,lang1316,Ecun Buyang,1812,śim.33,Phonemic,"try, attempt",,,,
17-510-423-1,lang1316,Ecun Buyang,1577,taŋ.11,Phonemic,and,,,,
17-520-423-1,lang1316,Ecun Buyang,1157,ʒin.33 vei.24,Phonemic,because,,,,
17-530-423-1,lang1316,Ecun Buyang,1459,ʒu.31 kɔ.55,Phonemic,if,,,,
17-540-423-1,lang1316,Ecun Buyang,1014,nau.31,Phonemic,or,,,,
17-550-423-1,lang1316,Ecun Buyang,1268,śɨ.31,Phonemic,"yes, affirmative",,,,
17-550-423-3,lang1316,Ecun Buyang,1268,peŋ.31,Phonemic,"yes, affirmative",,,,
17-560-423-1,lang1316,Ecun Buyang,1269,śɨ.31 na:i.31,Phonemic,"no, negative",,,,
17-610-423-1,lang1316,Ecun Buyang,1239,nɔ.55 ʔdu.24,Phonemic,how?,,,,
17-620-423-1,lang1316,Ecun Buyang,822,kɔ.33 nɔ.11(55),Phonemic,how many?,,,,
17-630-423-1,lang1316,Ecun Buyang,531,kɔ.33 nɔ.11(55),Phonemic,how much?,,,,
17-640-423-1,lang1316,Ecun Buyang,1236,mɛ.33 nɛ.24,Phonemic,what?,,,,
17-650-423-1,lang1316,Ecun Buyang,1238,ca:n.55 na.33 ve.24,Phonemic,when?,,,,
17-660-423-1,lang1316,Ecun Buyang,1237,kan.55 nɛ.33 ke.24,Phonemic,where?,,,,
17-670-423-1,lang1316,Ecun Buyang,727,va:i.33 nɔ.33 ke.24,Phonemic,which?,,,,
17-680-423-1,lang1316,Ecun Buyang,1235,va:i.33 nɔ.33,Phonemic,who?,,,,
17-690-423-1,lang1316,Ecun Buyang,1270,vai.11 ma.0 nɛ.24,Phonemic,why?,,,,
18-110-423-1,lang1316,Ecun Buyang,1363,hiŋ.24,Phonemic,voice,,,,
18-120-423-1,lang1316,Ecun Buyang,1261,cha:ŋ.24,Phonemic,sing,,,,
18-130-423-1,lang1316,Ecun Buyang,715,hjeu.31,Phonemic,"shout, cry out",,,,
18-150-423-1,lang1316,Ecun Buyang,55,tiŋ.31 ta.0 δa.33,Phonemic,whisper,,,,
18-150-423-3,lang1316,Ecun Buyang,55,śɛn.55 śɛn.55 ʔde.24,Phonemic,whisper,,,,
18-170-423-1,lang1316,Ecun Buyang,1025,ʔdu.24 śeu.24,Phonemic,whistle,,,,
18-190-423-1,lang1316,Ecun Buyang,526,hat.55 ma.31,Phonemic,howl,,,,
18-210-423-1,lang1316,Ecun Buyang,1623,kɔ.32,Phonemic,"speak, talk",,,,
18-210-423-3,lang1316,Ecun Buyang,1623,na:ŋ.31 ŋɔŋ.24,Phonemic,"speak, talk",,,,
18-211-423-1,lang1316,Ecun Buyang,1866,kɔn.33 ʔba.32,Phonemic,"stutter, stammer",,,,
18-220-423-1,lang1316,Ecun Buyang,1458,kɔn.32,Phonemic,say,,,,
18-221-423-1,lang1316,Ecun Buyang,1711,lim.53 ku.24 ϑɨ.24,Phonemic,tell story,,,,
18-230-423-1,lang1316,Ecun Buyang,48,ʔbat.55 śɨ.24,Phonemic,silent (be),,,,
18-240-423-1,lang1316,Ecun Buyang,1307,ʔdam.24 ʔde.24,Phonemic,language,,,,
18-260-423-1,lang1316,Ecun Buyang,1599,śi.31 ve.33,Phonemic,word,,,,
18-260-423-3,lang1316,Ecun Buyang,1599,ta.0 δi.33,Phonemic,word,,,,
18-280-423-1,lang1316,Ecun Buyang,1405,miŋ.33,Phonemic,name,,,,
18-310-423-1,lang1316,Ecun Buyang,1309,śa:m.32,Phonemic,"ask (question, inquire)",,,,
18-320-423-1,lang1316,Ecun Buyang,1275,tu.11 fu.11,Phonemic,answer,,,,
18-330-423-1,lang1316,Ecun Buyang,2022,chən.11 ʒən.24,Phonemic,"admit, confess",,,,
18-340-423-1,lang1316,Ecun Buyang,755,tin.33 na:i.31,Phonemic,deny,,,,
18-350-423-1,lang1316,Ecun Buyang,1828,śiŋ.32,Phonemic,"ask, request",,,,
18-360-423-1,lang1316,Ecun Buyang,1675,ta.55 ʒin.55,Phonemic,promise,,,,
18-380-423-1,lang1316,Ecun Buyang,83,na:k.53 ʔdu.24 na:i.31,Phonemic,forbid,,,,
18-390-423-1,lang1316,Ecun Buyang,299,la:i.31,Phonemic,"rebuke, scold",,,,
18-410-423-1,lang1316,Ecun Buyang,1084,hjeu.31,Phonemic,call (=summon),,,,
18-420-423-1,lang1316,Ecun Buyang,180,ʔde.24 ʔdu.24,Phonemic,call (=name),,,,
18-440-423-1,lang1316,Ecun Buyang,1192,vai.33 śɛ.31,Phonemic,threaten,,,,
18-510-423-1,lang1316,Ecun Buyang,1672,δa:i.11,Phonemic,write,,,,
18-520-423-1,lang1316,Ecun Buyang,724,ta:m.11,Phonemic,read,,,,
18-560-423-1,lang1316,Ecun Buyang,648,ϑa.33,Phonemic,paper,,,,
18-570-423-1,lang1316,Ecun Buyang,794,pit.55,Phonemic,pen,,,,
18-610-423-1,lang1316,Ecun Buyang,963,ta.0 δi.33,Phonemic,book,,,,
18-710-423-1,lang1316,Ecun Buyang,777,ma.0 luə.11,Phonemic,flute,,,,
18-720-423-1,lang1316,Ecun Buyang,908,lɔŋ.33,Phonemic,drum,,,,
18-730-423-1,lang1316,Ecun Buyang,2136,ha:u.55,Phonemic,"horn, trumpet",,,,
19-110-423-1,lang1316,Ecun Buyang,1300,kɔ.11 cia.33,Phonemic,country,,,,
19-120-423-1,lang1316,Ecun Buyang,89,ta.31 fɨ:y.24 ϑa.24,Phonemic,one's native country,,,,
19-120-423-3,lang1316,Ecun Buyang,89,lɔŋ.11 can.11,Phonemic,one's native country,,,,
19-160-423-1,lang1316,Ecun Buyang,930,ha.24 ʔdɔn.55,Phonemic,village,,,,
19-170-423-1,lang1316,Ecun Buyang,1010,ka:i.24 śian.24,Phonemic,boundary,,,,
19-230-423-1,lang1316,Ecun Buyang,302,puə.0 cɔk.31,Phonemic,"tribe, clan",,,,
19-240-423-1,lang1316,Ecun Buyang,301,pu.55 tuə.31,Phonemic,"chief, chieftain",,,,
19-250-423-1,lang1316,Ecun Buyang,1296,lam.33 śuŋ.31,Phonemic,"staff, walking stick",,,,
19-320-423-1,lang1316,Ecun Buyang,1508,pu.55 vɔŋ.11,Phonemic,"king, ruler",,,,
19-410-423-1,lang1316,Ecun Buyang,383,pu.0 lu:k.55,Phonemic,master,,,,
19-420-423-1,lang1316,Ecun Buyang,812,puɔ.0 hoi.55,Phonemic,slave,,,,
19-430-423-1,lang1316,Ecun Buyang,255,puə.0 hoi.55,Phonemic,servant,,,,
19-460-423-1,lang1316,Ecun Buyang,1635,ta.0 ŋu:i.33,Phonemic,obey,,,,
19-510-423-1,lang1316,Ecun Buyang,1325,vai.24 ci.55,Phonemic,"friend, companion",,,,
19-540-423-1,lang1316,Ecun Buyang,1332,lu:k.55 hɛn.11,Phonemic,neighbor,,,,
19-550-423-1,lang1316,Ecun Buyang,791,ta.24 ś.33 ma:n.33,Phonemic,stranger,,,,
19-560-423-1,lang1316,Ecun Buyang,1782,pu.0 hjɛk.55,Phonemic,guest,,,,
19-570-423-1,lang1316,Ecun Buyang,1545,pu.0 lu:k.55,Phonemic,host,,,,
19-580-423-1,lang1316,Ecun Buyang,1897,pa:ŋ.24,Phonemic,"help, aid",,,,
19-590-423-1,lang1316,Ecun Buyang,1550,ta:ŋ.32,Phonemic,"hinder, prevent",,,,
19-610-423-1,lang1316,Ecun Buyang,1747,ʔdu.24 ʔdiə.24,Phonemic,custom,,,,
19-620-423-1,lang1316,Ecun Buyang,1848,ńen.55 la:n.33,Phonemic,"strife, quarrel",,,,
19-650-423-1,lang1316,Ecun Buyang,1831,la:ŋ.24 ma.0 śe.33,Phonemic,meet,,,,
20-110-423-1,lang1316,Ecun Buyang,1423,tup.55 la:n.33,Phonemic,fight (vb),,,,
20-150-423-1,lang1316,Ecun Buyang,1561,pu.24 tui.24,Phonemic,army,,,,
20-170-423-1,lang1316,Ecun Buyang,1941,ma.0 iŋ.24 piŋ.24,Phonemic,soldier,,,,
20-220-423-1,lang1316,Ecun Buyang,1763,hɔt.31 ton.11,Phonemic,club,,,,
20-222-423-1,lang1316,Ecun Buyang,386,pa.33 a:n.24,Phonemic,battle-ax,,,,
20-230-423-1,lang1316,Ecun Buyang,387,ta:n.24 kuŋ.33,Phonemic,sling,,,,
20-240-423-1,lang1316,Ecun Buyang,994,koŋ.32,Phonemic,bow,,,,
20-250-423-1,lang1316,Ecun Buyang,977,nuk.55,Phonemic,arrow,,,,
20-280-423-1,lang1316,Ecun Buyang,1566,śuŋ.55,Phonemic,"gun, cannon",,,,
20-410-423-1,lang1316,Ecun Buyang,783,to.55 hiŋ.33,Phonemic,victory,,,,
20-420-423-1,lang1316,Ecun Buyang,782,sI.11 pa:i.24,Phonemic,defeat,,,,
20-430-423-1,lang1316,Ecun Buyang,722,kuŋ.33,Phonemic,attack,,,,
20-440-423-1,lang1316,Ecun Buyang,1330,he.24,Phonemic,defend,,,,
20-450-423-1,lang1316,Ecun Buyang,421,ϑut.55 ta:u.31,Phonemic,retreat,,,,
20-460-423-1,lang1316,Ecun Buyang,1696,thau.11 śia:ŋ.11,Phonemic,surrender,,,,
20-490-423-1,lang1316,Ecun Buyang,65,ma:i.11 fu.11,Phonemic,ambush,,,,
20-510-423-1,lang1316,Ecun Buyang,1858,puə.0 na:k.31 pja.24,Phonemic,fisherman,,,,
20-520-423-1,lang1316,Ecun Buyang,1074,iu.31 pja.24,Phonemic,fishhook,,,,
20-530-423-1,lang1316,Ecun Buyang,19,śa:k.31 ϑet.55,Phonemic,fishing line,,,,
20-540-423-1,lang1316,Ecun Buyang,388,va:ŋ.31 pja.24,Phonemic,fishnet,,,,
20-610-423-1,lang1316,Ecun Buyang,1435,ʔdu.24 ϑau.53,Phonemic,hunt,,,,
20-630-423-1,lang1316,Ecun Buyang,161,pjat.55,Phonemic,miss (target),,,,
20-640-423-1,lang1316,Ecun Buyang,1075,ha:i.24 ʔbuŋ.55,Phonemic,trap (noun),,,,
21-310-423-1,lang1316,Ecun Buyang,1814,ka:u.55,Phonemic,accuse,,,,
21-330-423-1,lang1316,Ecun Buyang,983,pu.11 lɔk.55,Phonemic,convict (vb),,,,
21-380-423-1,lang1316,Ecun Buyang,218,fa.11 khu:n.53,Phonemic,fine,,,,
21-390-423-1,lang1316,Ecun Buyang,1281,lɔŋ.11 la:u.33,Phonemic,"prison, jail",,,,
21-420-423-1,lang1316,Ecun Buyang,845,pja:ŋ.53,Phonemic,murder,,,,
21-460-423-1,lang1316,Ecun Buyang,1889,tut.55,Phonemic,arson,,,,
21-510-423-1,lang1316,Ecun Buyang,713,lu:m.31,Phonemic,steal,,,,
21-520-423-1,lang1316,Ecun Buyang,1160,ciŋ.11,Phonemic,thief,,,,
22-140-423-1,lang1316,Ecun Buyang,853,ϑo.33 ta:m.24,Phonemic,altar,,,,
22-160-423-1,lang1316,Ecun Buyang,257,pa:i.55,Phonemic,worship,,,,
22-240-423-1,lang1316,Ecun Buyang,8,miɛŋ.24 la:n.33,Phonemic,curse,,,,
22-430-423-1,lang1316,Ecun Buyang,2137,pu.55 mut.55,Phonemic,"sorcerer, witch",,,,
22-440-423-1,lang1316,Ecun Buyang,2138,pa:t.55 ϑi:n.24,Phonemic,"fairy, elf",,,,
22-450-423-1,lang1316,Ecun Buyang,1175,ta.0 ma:ŋ.33,Phonemic,"ghost, phantom",,,,
