ID,Language_ID,Language_name,Parameter_ID,Value,Transcription,Concept,Source,Comment,AlternativeValue,AlternativeTranscription
14-320-836-1,suri1265,Surin Khmer,1852,pcam ( T.),phonetic,often,,,,
14-310-836-1,suri1265,Surin Khmer,1676,pcam  ( T.),phonetic,always,,,,
14-290-836-1,suri1265,Surin Khmer,790,pru:əm,phonetic,ready,,,,
14-280-836-1,suri1265,Surin Khmer,1928,chop,phonetic,"cease, stop",,,,
14-270-836-1,suri1265,Surin Khmer,1766,rô:c,phonetic,finish,,,,
14-260-836-1,suri1265,Surin Khmer,743,câp,phonetic,end (temporal),,,,
14-252-836-1,suri1265,Surin Khmer,1186,thon,phonetic,"last, endure",,,,
14-250-836-1,suri1265,Surin Khmer,1806,rə:m   ( T.),phonetic,"begin, beginning",,,,
14-240-836-1,suri1265,Surin Khmer,425,ju:r,phonetic,"retard, delay",,,,
14-230-836-1,suri1265,Surin Khmer,754,ptɨən,phonetic,"hasten, hurry",,,,
14-220-836-1,suri1265,Surin Khmer,701,ju:r,phonetic,slow,,,,
14-210-836-1,suri1265,Surin Khmer,1631,lə̂:n,phonetic,"swift, fast, quick",,,,
14-180-836-1,suri1265,Surin Khmer,1376,rnɛh (to do) now,phonetic,now,,,,
14-160-836-1,suri1265,Surin Khmer,672,prɨʔ,phonetic,early,,,,
14-150-836-1,suri1265,Surin Khmer,1229,cah,phonetic,old,,,,
14-140-836-1,suri1265,Surin Khmer,1207,kanlâh kmom,phonetic,young,,,,
14-120-836-1,suri1265,Surin Khmer,1789,ʔjo:h,phonetic,age,,,,
14-130-836-1,suri1265,Surin Khmer,1231,thmɛj,phonetic,new,,,,
14-110-836-1,suri1265,Surin Khmer,892,wli:ə,phonetic,time,,,,
13-440-836-1,suri1265,Surin Khmer,417,bɛj dâ:ŋ,phonetic,three times,,,,
13-380-836-1,suri1265,Surin Khmer,1546,pi: dâ:ŋ,phonetic,two times,,,,
13-370-836-1,suri1265,Surin Khmer,1888,ku:,phonetic,pair,,,,
13-240-836-1,suri1265,Surin Khmer,816,kanlah,phonetic,half,,,,
13-220-836-1,suri1265,Surin Khmer,1624,ttî:,phonetic,empty,,,,
13-210-836-1,suri1265,Surin Khmer,1429,pîń,phonetic,full,,,,
13-190-836-1,suri1265,Surin Khmer,2023,pho:ŋ,phonetic,"multitude, crowd",,,,
13-181-836-1,suri1265,Surin Khmer,1241,khlah,phonetic,some,,,,
13-170-836-1,suri1265,Surin Khmer,1242,tɛc,phonetic,"little (quantity), few",,,,
13-180-836-1,suri1265,Surin Khmer,1881,phɔ:,phonetic,enough,,,,
13-160-836-1,suri1265,Surin Khmer,1992,cr̂:n ciəŋ,phonetic,more,,,,
13-150-836-1,suri1265,Surin Khmer,1198,cr̂:n,phonetic,"much, many",,,,
13-140-836-1,suri1265,Surin Khmer,98,tâŋ ʔâh,phonetic,"every, all",,,,
13-107-836-1,suri1265,Surin Khmer,1420,rɨəp,phonetic,count,,,,
13-106-836-1,suri1265,Surin Khmer,1843,pɨən,phonetic,thousand,,,,
13-105-836-1,suri1265,Surin Khmer,1634,ru:əj,phonetic,hundred,,,,
13-104-836-1,suri1265,Surin Khmer,1710,ma: phî:,phonetic,twenty,,,,
13-101-836-1,suri1265,Surin Khmer,1706,ma: tnâp,phonetic,eleven,,,,
13-100-836-1,suri1265,Surin Khmer,1515,dâp,phonetic,ten,,,,
12-930-836-1,suri1265,Surin Khmer,1264,pdo:r,phonetic,change,,,,
12-920-836-1,suri1265,Surin Khmer,1558,ŝt khni:ə,phonetic,"like, similar",,,,
12-840-836-1,suri1265,Surin Khmer,1048,pantɨət,phonetic,line,,,,
12-850-836-1,suri1265,Surin Khmer,1667,pruəŋ (ruəŋ),phonetic,hole,,,,
12-810-836-1,suri1265,Surin Khmer,1395,kmol,phonetic,round,,,,
12-820-836-1,suri1265,Surin Khmer,1467,woŋklom   ( T.),phonetic,circle,,,,
12-780-836-1,suri1265,Surin Khmer,850,bô:n cru:ŋ,phonetic,square,,,,
12-760-836-1,suri1265,Surin Khmer,192,cruŋ,phonetic,corner,,,,
12-750-836-1,suri1265,Surin Khmer,1071,tkâw,phonetic,hook,,,,
12-740-836-1,suri1265,Surin Khmer,297,wî:ʔ,phonetic,crooked,,,,
12-730-836-1,suri1265,Surin Khmer,1404,trâŋ,phonetic,straight,,,,
12-710-836-1,suri1265,Surin Khmer,1633,ri:əp,phonetic,flat,,,,
12-680-836-1,suri1265,Surin Khmer,193,ri:əʔ,phonetic,shallow,,,,
12-670-836-1,suri1265,Surin Khmer,1593,crə̂w,phonetic,deep,,,,
12-650-836-1,suri1265,Surin Khmer,2249,sd̂:ŋ,phonetic,thin (in dimension),,,,
12-630-836-1,suri1265,Surin Khmer,1244,kra:h,phonetic,thick (in dimension),,,,
12-620-836-1,suri1265,Surin Khmer,1267,caŋʔî:t (cʔî:t),phonetic,narrow,,,,
12-610-836-1,suri1265,Surin Khmer,1243,tli:əj,phonetic,"wide, broad",,,,
12-590-836-1,suri1265,Surin Khmer,1645,klɛj,phonetic,short,,,,
12-590-836-2,suri1265,Surin Khmer,1645,ti:əp,phonetic,short,,,,
12-580-836-1,suri1265,Surin Khmer,711,kpuəh,phonetic,tall,,,,
12-570-836-1,suri1265,Surin Khmer,1203,we:ń,phonetic,long,,,,
12-560-836-1,suri1265,Surin Khmer,1246,tu:c,phonetic,"small, little",,,,
12-550-836-1,suri1265,Surin Khmer,1202,thom,phonetic,"large, big",,,,
12-530-836-1,suri1265,Surin Khmer,479,thom,phonetic,grow,,,,
12-480-836-1,suri1265,Surin Khmer,1595,ʔî: tbo:ŋ,phonetic,south,,,,
12-470-836-1,suri1265,Surin Khmer,1598,ʔî cə̂:ŋ,phonetic,north,,,,
12-460-836-1,suri1265,Surin Khmer,1817,ʔî: lɛc,phonetic,west,,,,
12-450-836-1,suri1265,Surin Khmer,1877,ʔî: k̂:t,phonetic,east,,,,
12-430-836-1,suri1265,Surin Khmer,1942,bî:t,phonetic,near (adv),,,,
12-430-836-2,suri1265,Surin Khmer,1942,chŋa:j,phonetic,near (adv),,,,
12-420-836-1,suri1265,Surin Khmer,244,chwe:ń,phonetic,left (side),,,,
12-410-836-1,suri1265,Surin Khmer,1019,sdam,phonetic,right (side),,,,
12-370-836-1,suri1265,Surin Khmer,1093,kna:l,phonetic,"middle, center",,,,
12-360-836-1,suri1265,Surin Khmer,682,kha:ŋ,phonetic,side,,,,
12-352-836-1,suri1265,Surin Khmer,372,srô:c,phonetic,pointed,,,,
12-350-836-1,suri1265,Surin Khmer,742,câp,phonetic,end,,,,
12-340-836-1,suri1265,Surin Khmer,690,krɔ:m,phonetic,bottom,,,,
12-320-836-1,suri1265,Surin Khmer,721,ti:əp,phonetic,low,,,,
12-310-836-1,suri1265,Surin Khmer,1265,kpuəh,phonetic,high,,,,
12-270-836-1,suri1265,Surin Khmer,602,liəʔ,phonetic,"hide, conceal",,,,
12-250-836-1,suri1265,Surin Khmer,1046,kb̂t,phonetic,"shut, close",,,,
12-240-836-1,suri1265,Surin Khmer,1156,b̂:ʔ,phonetic,open,,,,
12-232-836-1,suri1265,Surin Khmer,1119,cɛ:ʔ,phonetic,divide,,,,
12-230-836-1,suri1265,Surin Khmer,1359,pmɛ:ʔ,phonetic,separate,,,,
12-220-836-1,suri1265,Surin Khmer,1743,psa:r,phonetic,"join, unite",,,,
12-213-836-1,suri1265,Surin Khmer,1576,kâ:ŋ,phonetic,pile up,,,,
12-212-836-1,suri1265,Surin Khmer,371,bɛh,phonetic,pick up,,,,
12-210-836-1,suri1265,Surin Khmer,7,psâm,phonetic,"collect, gather",,,,
12-170-836-1,suri1265,Surin Khmer,838,sâl,phonetic,"remains, left overs",,,,
12-160-836-1,suri1265,Surin Khmer,987,nəw,phonetic,"remain, stay",,,,
12-150-836-1,suri1265,Surin Khmer,1442,chu:ər,phonetic,stand,,,,
12-140-836-1,suri1265,Surin Khmer,215,de:ʔ,phonetic,lie down,,,,
12-130-836-1,suri1265,Surin Khmer,1416,ŋkuj,phonetic,sit,,,,
12-120-836-1,suri1265,Surin Khmer,998,daʔ,phonetic,put,,,,
12-110-836-1,suri1265,Surin Khmer,723,bâ:n,phonetic,place,,,,
11-920-836-1,suri1265,Surin Khmer,1098,thl̂ŋ,phonetic,weigh,,,,
11-910-836-1,suri1265,Surin Khmer,884,cɛ:ʔ ca:j,phonetic,share (distribute),,,,
11-890-836-1,suri1265,Surin Khmer,1887,thɔ:ʔ,phonetic,cheap,,,,
11-880-836-1,suri1265,Surin Khmer,1426,thlaj,phonetic,"dear (costly, expensive)",,,,
11-870-836-1,suri1265,Surin Khmer,657,ra:kha:     ( T.),phonetic,price,,,,
11-860-836-1,suri1265,Surin Khmer,752,ri:ən,phonetic,"store, shop",,,,
11-850-836-1,suri1265,Surin Khmer,633,tla:t      ( T.),phonetic,market (place),,,,
11-820-836-1,suri1265,Surin Khmer,1571,luəʔ,phonetic,sell,,,,
11-810-836-1,suri1265,Surin Khmer,1869,tiń,phonetic,buy,,,,
11-780-836-1,suri1265,Surin Khmer,1122,kha: chnô:l,phonetic,wages,,,,
11-770-836-1,suri1265,Surin Khmer,856,cô:l,phonetic,hire,,,,
11-650-836-1,suri1265,Surin Khmer,718,ca:j,phonetic,pay (vb),,,,
11-640-836-1,suri1265,Surin Khmer,1914,campiə (cpiəʔ),phonetic,debt,,,,
11-630-836-1,suri1265,Surin Khmer,369,cwəp praʔ,phonetic,owe,,,,
11-620-836-1,suri1265,Surin Khmer,1823,kcɛj,phonetic,borrow,,,,
11-620-836-2,suri1265,Surin Khmer,1823,bɔl,phonetic,borrow,,,,
11-610-836-1,suri1265,Surin Khmer,582,ʔɔ:j kcɛj,phonetic,lend,,,,
11-540-836-1,suri1265,Surin Khmer,1774,kantrɨh,phonetic,"avaricious, stingy",,,,
11-530-836-1,suri1265,Surin Khmer,1934,niəʔ somti:ən,phonetic,beggar,,,,
11-520-836-1,suri1265,Surin Khmer,1674,ksât,phonetic,poor,,,,
11-510-836-1,suri1265,Surin Khmer,712,mi:ən,phonetic,rich,,,,
11-440-836-1,suri1265,Surin Khmer,1867,praʔ rî:l,phonetic,coin,,,,
11-430-836-1,suri1265,Surin Khmer,1559,praʔ,phonetic,money,,,,
11-330-836-1,suri1265,Surin Khmer,1660,kho:c,phonetic,lose,,,,
11-320-836-1,suri1265,Surin Khmer,719,ru:ə,phonetic,find,,,,
11-310-836-1,suri1265,Surin Khmer,1468,ru:ə,phonetic,"seek, look for",,,,
11-250-836-1,suri1265,Surin Khmer,2008,cô:j,phonetic,"save, rescue",,,,
11-240-836-1,suri1265,Surin Khmer,1997,mə̂:,phonetic,"preserve, look after",,,,
11-210-836-1,suri1265,Surin Khmer,1447,ʔɔ:j,phonetic,give,,,,
11-180-836-1,suri1265,Surin Khmer,738,rbâh,phonetic,thing,,,,
11-160-836-1,suri1265,Surin Khmer,694,ba:n,phonetic,"get, obtain",,,,
11-150-836-1,suri1265,Surin Khmer,1448,kan,phonetic,hold,,,,
11-140-836-1,suri1265,Surin Khmer,2021,kdap,phonetic,"seize, grasp",,,,
11-130-836-1,suri1265,Surin Khmer,1749,ju:ə,phonetic,take,,,,
11-110-836-1,suri1265,Surin Khmer,773,mi:ən,phonetic,have,,,,
10-830-836-1,suri1265,Surin Khmer,1844,tu:ʔ,phonetic,boat,,,,
10-810-836-1,suri1265,Surin Khmer,740,kpal,phonetic,ship,,,,
10-780-836-1,suri1265,Surin Khmer,14,nim,phonetic,yoke,,,,
10-760-836-1,suri1265,Surin Khmer,710,kâŋ,phonetic,wheel,,,,
10-750-836-1,suri1265,Surin Khmer,122,rteh,phonetic,"carriage, wagon, cart",,,,
10-740-836-1,suri1265,Surin Khmer,1011,spi:ən,phonetic,bridge,,,,
10-720-836-1,suri1265,Surin Khmer,2252,phl̂w  (a path),phonetic,path,,,,
10-710-836-1,suri1265,Surin Khmer,667,phl̂w,phonetic,road,,,,
10-670-836-1,suri1265,Surin Khmer,1452,ruń,phonetic,"push, shove",,,,
10-670-836-2,suri1265,Surin Khmer,1452,cra:n,phonetic,"push, shove",,,,
10-660-836-1,suri1265,Surin Khmer,367,cih,phonetic,ride,,,,
10-650-836-1,suri1265,Surin Khmer,741,bâ:r,phonetic,drive,,,,
10-640-836-1,suri1265,Surin Khmer,43,nɨəm,phonetic,lead (vb),,,,
10-630-836-1,suri1265,Surin Khmer,1127,pancu:n,phonetic,send,,,,
10-630-836-3,suri1265,Surin Khmer,1127,ncu:n,phonetic,send,,,,
10-620-836-1,suri1265,Surin Khmer,692,ju:ə mo:,phonetic,bring,,,,
10-615-836-1,suri1265,Surin Khmer,415,kdî:t,phonetic,carry-underarm,,,,
10-614-836-1,suri1265,Surin Khmer,414,tu:l,phonetic,carry-on-head,,,,
10-613-836-1,suri1265,Surin Khmer,413,li:,phonetic,carry-on-shoulder,,,,
10-612-836-1,suri1265,Surin Khmer,412,kan,phonetic,carry-in-hand,,,,
10-610-836-1,suri1265,Surin Khmer,700,li:,phonetic,carry (bear),,,,
10-570-836-1,suri1265,Surin Khmer,749,co:l,phonetic,enter,,,,
10-550-836-1,suri1265,Surin Khmer,1387,mo: dâl,phonetic,"reach, arrive",,,,
10-530-836-1,suri1265,Surin Khmer,1047,dɛń,phonetic,pursue,,,,
10-520-836-1,suri1265,Surin Khmer,1085,ta:m,phonetic,follow,,,,
10-510-836-1,suri1265,Surin Khmer,956,pɨət,phonetic,flee,,,,
10-491-836-1,suri1265,Surin Khmer,485,bat,phonetic,disappear,,,,
10-490-836-1,suri1265,Surin Khmer,1752,cɛń d̂:r phl̂w,phonetic,"go away, depart",,,,
10-481-836-1,suri1265,Surin Khmer,581,lâp,phonetic,come back,,,,
10-480-836-1,suri1265,Surin Khmer,1446,mo:,phonetic,come,,,,
10-474-836-1,suri1265,Surin Khmer,1107,cɛń təw,phonetic,go out,,,,
10-473-836-1,suri1265,Surin Khmer,2014,cɔh krɔ:m,phonetic,go down,,,,
10-472-836-1,suri1265,Surin Khmer,1102,l̂:ŋ,phonetic,climb,,,,
10-470-836-1,suri1265,Surin Khmer,695,təw,phonetic,go,,,,
10-460-836-1,suri1265,Surin Khmer,1519,ruət,phonetic,run,,,,
10-451-836-1,suri1265,Surin Khmer,366,khńâʔ-khńâʔ,phonetic,limp,,,,
10-450-836-1,suri1265,Surin Khmer,1443,d̂:r,phonetic,walk,,,,
10-440-836-1,suri1265,Surin Khmer,1879,rɨəm,phonetic,dance,,,,
10-431-836-1,suri1265,Surin Khmer,1135,tɨət,phonetic,kick,,,,
10-430-836-1,suri1265,Surin Khmer,1829,lô:t,phonetic,"jump, leap",,,,
10-420-836-1,suri1265,Surin Khmer,1324,rʔel,phonetic,"slide, slip",,,,
10-413-836-1,suri1265,Surin Khmer,296,kra:p,phonetic,crouch,,,,
10-412-836-1,suri1265,Surin Khmer,66,lu:t ckuəŋ,phonetic,kneel,,,,
10-410-836-1,suri1265,Surin Khmer,96,wi:ər,phonetic,"creep, crawl",,,,
10-380-836-1,suri1265,Surin Khmer,175,phluəm,phonetic,blow,,,,
10-380-836-2,suri1265,Surin Khmer,175,rsat,phonetic,blow,,,,
10-370-836-1,suri1265,Surin Khmer,1441,ĥ:r,phonetic,fly (vb),,,,
10-352-836-1,suri1265,Surin Khmer,365,ŝ:m  tɨʔ,phonetic,splash,,,,
10-351-836-1,suri1265,Surin Khmer,119,muc tɨʔ,phonetic,dive,,,,
10-350-836-1,suri1265,Surin Khmer,1439,hɛ:l,phonetic,swim,,,,
10-340-836-1,suri1265,Surin Khmer,1574,nɛ:t,phonetic,float,,,,
10-330-836-1,suri1265,Surin Khmer,1088,lic,phonetic,sink,,,,
10-260-836-1,suri1265,Surin Khmer,1909,ŋrô:n,phonetic,shake,,,,
10-252-836-1,suri1265,Surin Khmer,702,cap,phonetic,catch (ball),,,,
10-250-836-1,suri1265,Surin Khmer,1456,cɔ:l,phonetic,throw,,,,
10-240-836-1,suri1265,Surin Khmer,2253,srâʔ,phonetic,drip,,,,
10-230-836-1,suri1265,Surin Khmer,1280,thliəʔ,phonetic,fall,,,,
10-220-836-1,suri1265,Surin Khmer,501,lə̂:ʔ,phonetic,"raise, lift",,,,
10-210-836-1,suri1265,Surin Khmer,568,l̂:ŋ,phonetic,rise,,,,
10-170-836-1,suri1265,Surin Khmer,430,tbar,phonetic,twist,,,,
10-170-836-2,suri1265,Surin Khmer,430,mô:l,phonetic,twist,,,,
10-160-836-1,suri1265,Surin Khmer,808,thliəʔ,phonetic,drop (vb),,,,
10-150-836-1,suri1265,Surin Khmer,827,mu:r,phonetic,roll,,,,
10-140-836-1,suri1265,Surin Khmer,1113,mu:r,phonetic,"wind, wrap",,,,
10-140-836-2,suri1265,Surin Khmer,1113,wîc,phonetic,"wind, wrap",,,,
10-130-836-1,suri1265,Surin Khmer,1445,wil,phonetic,turn around,,,,
10-120-836-1,suri1265,Surin Khmer,1588,pkap,phonetic,turn over,,,,
9-890-836-1,suri1265,Surin Khmer,2001,li:əp si:  (K+T),phonetic,paint (vb),,,,
9-840-836-1,suri1265,Surin Khmer,1979,dɛ:ʔ dap,phonetic,chisel,,,,
9-880-836-1,suri1265,Surin Khmer,647,si:     ( T.),phonetic,paint (noun),,,,
9-810-836-1,suri1265,Surin Khmer,228,sraʔ,phonetic,carve,,,,
9-791-836-1,suri1265,Surin Khmer,360,bâʔ,phonetic,fan (vb),,,,
9-780-836-1,suri1265,Surin Khmer,293,baw,phonetic,netbag,,,,
9-771-836-1,suri1265,Surin Khmer,292,phô:j,phonetic,rug,,,,
9-770-836-1,suri1265,Surin Khmer,195,kantî:l (ktîl),phonetic,mat,,,,
9-760-836-1,suri1265,Surin Khmer,1539,ci:əl,phonetic,basket,,,,
9-740-836-1,suri1265,Surin Khmer,604,kcâʔ,phonetic,glass,,,,
9-730-836-1,suri1265,Surin Khmer,1399,dɛj ʔ̂t,phonetic,clay,,,,
9-720-836-1,suri1265,Surin Khmer,289,dɛj phɔr,phonetic,mold (clay etc),,,,
9-680-836-1,suri1265,Surin Khmer,627,sna:r,phonetic,lead (noun),,,,
9-670-836-1,suri1265,Surin Khmer,621,dɛ:ʔ,phonetic,iron,,,,
9-660-836-1,suri1265,Surin Khmer,1825,spɨən  (copper or brass),phonetic,"copper, bronze",,,,
9-650-836-1,suri1265,Surin Khmer,759,praʔ,phonetic,silver,,,,
9-640-836-1,suri1265,Surin Khmer,1369,mi:əh,phonetic,gold,,,,
9-600-836-1,suri1265,Surin Khmer,1001,ci:əń dɛ:ʔ,phonetic,"smith, blacksmith",,,,
9-500-836-1,suri1265,Surin Khmer,502,tpu:,phonetic,nail,,,,
9-490-836-1,suri1265,Surin Khmer,1481,nlu:ŋ,phonetic,hammer,,,,
9-480-836-1,suri1265,Surin Khmer,1948,dɛ:ʔ ʔar,phonetic,saw,,,,
9-461-836-1,suri1265,Surin Khmer,46,ci:ʔ cɛń,phonetic,hollow out,,,,
9-460-836-1,suri1265,Surin Khmer,1501,ruʔ,phonetic,bore,,,,
9-440-836-1,suri1265,Surin Khmer,1840,lə̂:ʔ,phonetic,build,,,,
9-430-836-1,suri1265,Surin Khmer,1042,ci:əŋ chə:,phonetic,carpenter,,,,
9-422-836-1,suri1265,Surin Khmer,1361,krə̂:ŋ mə̂:,phonetic,tool,,,,
9-380-836-1,suri1265,Surin Khmer,245,rambɔ:h,phonetic,broom,,,,
9-360-836-1,suri1265,Surin Khmer,1453,li:əŋ,phonetic,wash,,,,
9-370-836-1,suri1265,Surin Khmer,230,bɔ:h,phonetic,sweep,,,,
9-350-836-1,suri1265,Surin Khmer,1487,cɨət,phonetic,pour,,,,
9-343-836-1,suri1265,Surin Khmer,1414,mô:l,phonetic,"squeeze, wring",,,,
9-343-836-2,suri1265,Surin Khmer,1414,canlîc (clîc),phonetic,"squeeze, wring",,,,
9-342-836-1,suri1265,Surin Khmer,1913,skât (saŋkat),phonetic,press,,,,
9-341-836-1,suri1265,Surin Khmer,357,pjô:r,phonetic,hang up,,,,
9-340-836-1,suri1265,Surin Khmer,38,kca:j,phonetic,spread out,,,,
9-330-836-1,suri1265,Surin Khmer,1455,ti:əń,phonetic,pull,,,,
9-330-836-2,suri1265,Surin Khmer,1455,ʔo:h,phonetic,pull,,,,
9-320-836-1,suri1265,Surin Khmer,214,jɨ:t   ( T.),phonetic,stretch,,,,
9-310-836-1,suri1265,Surin Khmer,1449,cbac,phonetic,"rub, wipe",,,,
9-290-836-1,suri1265,Surin Khmer,291,lɨət,phonetic,"flay, skin",,,,
9-280-836-1,suri1265,Surin Khmer,1735,hɛ:ʔ,phonetic,tear,,,,
9-270-836-1,suri1265,Surin Khmer,1437,puh,phonetic,split,,,,
9-261-836-1,suri1265,Surin Khmer,588,baʔ,phonetic,broken,,,,
9-260-836-1,suri1265,Surin Khmer,680,bɛ:ʔ,phonetic,break,,,,
9-250-836-1,suri1265,Surin Khmer,677,pthaw,phonetic,ax,,,,
9-251-836-1,suri1265,Surin Khmer,290,ha:l,phonetic,adze,,,,
9-240-836-1,suri1265,Surin Khmer,356,ktraj (kantraj),phonetic,"scissors, shears",,,,
9-230-836-1,suri1265,Surin Khmer,1352,kmet,phonetic,knife,,,,
9-223-836-1,suri1265,Surin Khmer,1434,caʔ,phonetic,stab,,,,
9-222-836-1,suri1265,Surin Khmer,155,ka:p,phonetic,"chop, hew",,,,
9-220-836-1,suri1265,Surin Khmer,1432,kat,phonetic,cut,,,,
9-220-836-2,suri1265,Surin Khmer,1432,han,phonetic,cut,,,,
9-211-836-1,suri1265,Surin Khmer,354,tâp,phonetic,pound with fist,,,,
9-210-836-1,suri1265,Surin Khmer,2133,wɛj,phonetic,"strike (hit, beat)",,,,
9-210-836-2,suri1265,Surin Khmer,2133,kuəʔ,phonetic,"strike (hit, beat)",,,,
9-192-836-1,suri1265,Surin Khmer,760,cnâ:ŋ,phonetic,knot (noun),,,,
9-190-836-1,suri1265,Surin Khmer,1218,ksɛ:,phonetic,"rope, cord",,,,
9-180-836-1,suri1265,Surin Khmer,1627,caŋwaʔ (cwaʔ),phonetic,chain,,,,
9-161-836-1,suri1265,Surin Khmer,352,sra:j,phonetic,untie,,,,
9-160-836-1,suri1265,Surin Khmer,1917,câ:ŋ,phonetic,"tie, bind",,,,
9-150-836-1,suri1265,Surin Khmer,1470,bât,phonetic,fold,,,,
9-140-836-1,suri1265,Surin Khmer,2004,wîʔ,phonetic,bend,,,,
9-120-836-1,suri1265,Surin Khmer,984,thə: ka:r,phonetic,work,,,,
9-110-836-1,suri1265,Surin Khmer,2575,thə:,phonetic,"do, make",,,,
8-980-836-1,suri1265,Surin Khmer,641,pŝt,phonetic,mushroom,,,,
8-970-836-1,suri1265,Surin Khmer,33,kńɛj,phonetic,nettle,,,,
8-941-836-1,suri1265,Surin Khmer,146,mpə̂w,phonetic,sugar cane,,,,
8-940-836-1,suri1265,Surin Khmer,1927,rsɛj,phonetic,bamboo,,,,
8-931-836-1,suri1265,Surin Khmer,864,rpə̂w  (pumkin),phonetic,"pumpkin, squash",,,,
8-931-836-2,suri1265,Surin Khmer,864,caʔ,phonetic,"pumpkin, squash",,,,
8-931-836-3,suri1265,Surin Khmer,864,mnɛ:p,phonetic,"pumpkin, squash",,,,
8-930-836-1,suri1265,Surin Khmer,411,rnô:ŋ,phonetic,gourd,,,,
8-840-836-1,suri1265,Surin Khmer,868,d̂:m ce:ʔ,phonetic,banana tree,,,,
8-830-836-1,suri1265,Surin Khmer,1126,kro:c,phonetic,citrus fruit,,,,
8-820-836-1,suri1265,Surin Khmer,970,do:ŋ,phonetic,coconut,,,,
8-750-836-1,suri1265,Surin Khmer,1204,smâ:ʔ,phonetic,bark,,,,
8-740-836-1,suri1265,Surin Khmer,409,me:ʔ,phonetic,forked branch,,,,
8-730-836-1,suri1265,Surin Khmer,344,me:ʔ,phonetic,tree trunk,,,,
8-720-836-1,suri1265,Surin Khmer,241,kuəl chə:,phonetic,tree stump,,,,
8-691-836-1,suri1265,Surin Khmer,1124,klɔ:ŋ  cuəʔ  ( T.),phonetic,pipe,,,,
8-690-836-1,suri1265,Surin Khmer,1689,cuəʔ,phonetic,smoke (tobacco),,,,
8-690-836-2,suri1265,Surin Khmer,1689,thnam cuəʔ,phonetic,smoke (tobacco),,,,
8-640-836-1,suri1265,Surin Khmer,1740,mnɨəh CHECK,phonetic,pine,,,,
8-570-836-1,suri1265,Surin Khmer,239,pka:,phonetic,flower,,,,
8-560-836-1,suri1265,Surin Khmer,628,sl̂ʔ,phonetic,leaf,,,,
8-550-836-1,suri1265,Surin Khmer,1531,me:ʔ,phonetic,branch,,,,
8-540-836-1,suri1265,Surin Khmer,670,rɨh,phonetic,root,,,,
8-531-836-1,suri1265,Surin Khmer,1486,dam,phonetic,plant (vb),,,,
8-520-836-1,suri1265,Surin Khmer,342,cm̂:ŋ,phonetic,hay,,,,
8-510-836-1,suri1265,Surin Khmer,606,smaw,phonetic,grass,,,,
8-480-836-1,suri1265,Surin Khmer,926,ba:j,phonetic,rice,,,,
8-470-836-1,suri1265,Surin Khmer,506,pô:t,phonetic,"maize, corn",,,,
8-420-836-1,suri1265,Surin Khmer,605,krɨəp sr̂w,phonetic,"grain (barley, oats etc)",,,,
8-410-836-1,suri1265,Surin Khmer,611,cro:t,phonetic,"crop, harvest",,,,
8-350-836-1,suri1265,Surin Khmer,223,li:ən,phonetic,threshing-floor,,,,
8-340-836-1,suri1265,Surin Khmer,285,bɔ:ʔ,phonetic,thresh,,,,
8-330-836-1,suri1265,Surin Khmer,2132,knî:w,phonetic,"sickle, scythe",,,,
8-320-836-1,suri1265,Surin Khmer,190,canriəh smaw,phonetic,"mow, reap",,,,
8-311-836-1,suri1265,Surin Khmer,714,krɨəp,phonetic,seed,,,,
8-310-836-1,suri1265,Surin Khmer,748,pruəh,phonetic,sow,,,,
8-270-836-1,suri1265,Surin Khmer,338,rnɨəh,phonetic,rake,,,,
8-250-836-1,suri1265,Surin Khmer,284,câ:p,phonetic,hoe,,,,
8-230-836-1,suri1265,Surin Khmer,1176,cni:ʔ,phonetic,spade,,,,
8-212-836-1,suri1265,Surin Khmer,1794,klu:əŋ ŋkɨəl,phonetic,furrow,,,,
8-220-836-1,suri1265,Surin Khmer,1418,ci:ʔ,phonetic,dig,,,,
8-210-836-1,suri1265,Surin Khmer,1921,ŋkɨəl,phonetic,plow,,,,
8-160-836-1,suri1265,Surin Khmer,1690,rbâ:ŋ,phonetic,fence,,,,
8-150-836-1,suri1265,Surin Khmer,1541,dam,phonetic,"cultivate, till",,,,
8-130-836-1,suri1265,Surin Khmer,586,sô:n,phonetic,garden,,,,
8-120-836-1,suri1265,Surin Khmer,212,wi:əl srɛ:,phonetic,field (for cultivation),,,,
8-110-836-1,suri1265,Surin Khmer,979,niəʔ srɛ:,phonetic,farmer,,,,
7-620-836-1,suri1265,Surin Khmer,1006,ʔ̂t,phonetic,brick,,,,
7-570-836-1,suri1265,Surin Khmer,1227,kda:r,phonetic,board,,,,
7-560-836-1,suri1265,Surin Khmer,281,ca:r,phonetic,"post, pole",,,,
7-550-836-1,suri1265,Surin Khmer,1132,thnɨm,phonetic,beam,,,,
7-510-836-1,suri1265,Surin Khmer,769,tmo:l,phonetic,roof,,,,
7-460-836-1,suri1265,Surin Khmer,1273,tî:n,phonetic,candle,,,,
7-450-836-1,suri1265,Surin Khmer,2131,caŋkî:ń (ckî:ń),phonetic,"lamp, torch",,,,
7-440-836-1,suri1265,Surin Khmer,1775,toʔ,phonetic,table,,,,
7-422-836-1,suri1265,Surin Khmer,806,phô:j,phonetic,blanket,,,,
7-421-836-1,suri1265,Surin Khmer,1044,khn̂:j,phonetic,pillow,,,,
7-420-836-1,suri1265,Surin Khmer,1663,ti:əń,phonetic,bed,,,,
7-370-836-1,suri1265,Surin Khmer,1464,cn̂:r,phonetic,ladder,,,,
7-320-836-1,suri1265,Surin Khmer,859,taw,phonetic,stove,,,,
7-270-836-1,suri1265,Surin Khmer,933,ŋciəŋ,phonetic,wall,,,,
7-260-836-1,suri1265,Surin Khmer,1632,kda:r,phonetic,floor,,,,
7-250-836-1,suri1265,Surin Khmer,1375,na: ta:ŋ  ( T.),phonetic,window,,,,
7-240-836-1,suri1265,Surin Khmer,1472,sɔ:,phonetic,key,,,,
7-231-836-1,suri1265,Surin Khmer,1012,kanlah,phonetic,"latch, door-bolt",,,,
7-210-836-1,suri1265,Surin Khmer,1450,knɔŋ,phonetic,room,,,,
7-220-836-1,suri1265,Surin Khmer,1567,thwi:ər,phonetic,"door, gate",,,,
7-170-836-1,suri1265,Surin Khmer,334,krô:  (kitchen),phonetic,cookhouse,,,,
7-150-836-1,suri1265,Surin Khmer,736,li:ən,phonetic,"yard, court",,,,
7-130-836-1,suri1265,Surin Khmer,1678,ktu:əm,phonetic,hut,,,,
7-120-836-1,suri1265,Surin Khmer,1252,ptiəh,phonetic,house,,,,
7-110-836-1,suri1265,Surin Khmer,363,nəw,phonetic,"dwell, live",,,,
6-960-836-1,suri1265,Surin Khmer,1171,kcâʔ,phonetic,mirror,,,,
6-950-836-1,suri1265,Surin Khmer,788,sbu:,phonetic,soap,,,,
6-940-836-1,suri1265,Surin Khmer,1926,kmô:n,phonetic,ointment,,,,
6-930-836-1,suri1265,Surin Khmer,151,kmet kɔ:r,phonetic,razor,,,,
6-920-836-1,suri1265,Surin Khmer,1821,prɛ:ń,phonetic,brush,,,,
6-910-836-1,suri1265,Surin Khmer,1475,kra:h,phonetic,comb,,,,
6-810-836-1,suri1265,Surin Khmer,332,kansɛ:ń (ksɛ:ń),phonetic,"handkerchief, rag",,,,
6-750-836-1,suri1265,Surin Khmer,1961,ksɛ: kâ:,phonetic,necklace,,,,
6-740-836-1,suri1265,Surin Khmer,1754,kâ:ŋ,phonetic,bracelet,,,,
6-730-836-1,suri1265,Surin Khmer,1374,ncî:n,phonetic,ring (for finger),,,,
6-620-836-1,suri1265,Surin Khmer,757,le:w,phonetic,button,,,,
6-610-836-1,suri1265,Surin Khmer,1851,thaŋ ʔaw,phonetic,pocket,,,,
6-580-836-1,suri1265,Surin Khmer,867,thâŋ daj,phonetic,glove,,,,
6-570-836-1,suri1265,Surin Khmer,772,ksɛ: kwat,phonetic,"belt, girdle",,,,
6-550-836-1,suri1265,Surin Khmer,2130,mô:ʔ,phonetic,"hat, cap",,,,
6-540-836-1,suri1265,Surin Khmer,875,ci:əń kɨ:əʔ,phonetic,"shoemaker, cobbler",,,,
6-510-836-1,suri1265,Surin Khmer,1381,tnɨəp cə̂:ŋ (sbɛ:ʔ cə̂:ŋ),phonetic,shoe,,,,
6-490-836-1,suri1265,Surin Khmer,329,thuŋ kɨ:əʔ,phonetic,"stocking, sock",,,,
6-480-836-1,suri1265,Surin Khmer,809,khɔ:,phonetic,trousers,,,,
6-460-836-1,suri1265,Surin Khmer,1600,kapro:ŋ (kpro:ŋ),phonetic,skirt,,,,
6-450-836-1,suri1265,Surin Khmer,2012,kâ: ʔa:w,phonetic,collar,,,,
6-440-836-1,suri1265,Surin Khmer,1622,ʔa:w chɔ:t (T.),phonetic,shirt,,,,
6-390-836-1,suri1265,Surin Khmer,157,cluəʔ,phonetic,dye,,,,
6-380-836-1,suri1265,Surin Khmer,1161,ce:h,phonetic,thread,,,,
6-360-836-1,suri1265,Surin Khmer,1382,ncul,phonetic,needle,,,,
6-370-836-1,suri1265,Surin Khmer,278,swa:n,phonetic,awl,,,,
6-350-836-1,suri1265,Surin Khmer,1457,de:r,phonetic,sew,,,,
6-340-836-1,suri1265,Surin Khmer,1787,thmeń chə:,phonetic,loom,,,,
6-330-836-1,suri1265,Surin Khmer,133,tba:ń,phonetic,weave,,,,
6-320-836-1,suri1265,Surin Khmer,277,ksô:j,phonetic,spindle,,,,
6-310-836-1,suri1265,Surin Khmer,121,rwî:,phonetic,spin,,,,
6-290-836-1,suri1265,Surin Khmer,629,sbɛ:ʔ,phonetic,leather,,,,
6-250-836-1,suri1265,Surin Khmer,1641,so:t,phonetic,silk,,,,
6-240-836-1,suri1265,Surin Khmer,1850,kba:h,phonetic,cotton,,,,
6-210-836-1,suri1265,Surin Khmer,1616,khɔ: ʔa:w,phonetic,cloth,,,,
6-110-836-1,suri1265,Surin Khmer,158,rî:p khlô:n,phonetic,put on (clothes),,,,
5-971-836-1,suri1265,Surin Khmer,1556,pu:əŋ k-hâ:m,phonetic,egg yolk,,,,
5-970-836-1,suri1265,Surin Khmer,744,pu:əŋ,phonetic,egg,,,,
5-940-836-1,suri1265,Surin Khmer,404,sra:,phonetic,fermented drink,,,,
5-850-836-1,suri1265,Surin Khmer,862,skâ:r,phonetic,sugar,,,,
5-860-836-1,suri1265,Surin Khmer,635,tɨʔ dah,phonetic,milk (noun),,,,
5-840-836-1,suri1265,Surin Khmer,942,tɨʔ khmum,phonetic,honey,,,,
5-821-836-1,suri1265,Surin Khmer,919,mtîh bɔʔ,phonetic,chili pepper,,,,
5-820-836-1,suri1265,Surin Khmer,1385,mrîc,phonetic,pepper,,,,
5-810-836-1,suri1265,Surin Khmer,1274,mmel,phonetic,salt,,,,
5-791-836-1,suri1265,Surin Khmer,323,khlań,phonetic,"grease, fat",,,,
5-790-836-1,suri1265,Surin Khmer,1484,khlań,phonetic,oil,,,,
5-710-836-1,suri1265,Surin Khmer,1507,phlɛ: chə:,phonetic,fruit,,,,
5-660-836-1,suri1265,Surin Khmer,832,snɛ:ʔ,phonetic,bean,,,,
5-650-836-1,suri1265,Surin Khmer,924,manluəj,phonetic,vegetables,,,,
5-640-836-1,suri1265,Surin Khmer,1547,tɨʔ sanlâ:,phonetic,"soup, broth",,,,
5-610-836-1,suri1265,Surin Khmer,634,sac,phonetic,meat,,,,
5-590-836-1,suri1265,Surin Khmer,225,ʔanre: (ʔre:),phonetic,pestle,,,,
5-580-836-1,suri1265,Surin Khmer,224,tbal,phonetic,mortar (2),,,,
5-570-836-1,suri1265,Surin Khmer,636,ken,phonetic,mill,,,,
5-560-836-1,suri1265,Surin Khmer,1033,ńîc,phonetic,"crush, grind",,,,
5-550-836-1,suri1265,Surin Khmer,1594,msaw,phonetic,"meal, flour",,,,
5-540-836-1,suri1265,Surin Khmer,274,cbac,phonetic,knead,,,,
5-490-836-1,suri1265,Surin Khmer,2017,ko:r,phonetic,"stir, mix",,,,
5-480-836-1,suri1265,Surin Khmer,1767,kɔ:h,phonetic,scrape,,,,
5-470-836-1,suri1265,Surin Khmer,86,kancrɛ:ń(kcrɛ:ń),phonetic,"sieve, strain",,,,
5-460-836-1,suri1265,Surin Khmer,275,bâ:ʔ,phonetic,peel,,,,
5-390-836-1,suri1265,Surin Khmer,1302,sa:m (T.),phonetic,fork (2),,,,
5-380-836-1,suri1265,Surin Khmer,1352,kmet,phonetic,knife (2),,,,
5-370-836-1,suri1265,Surin Khmer,1378,châ:n (T.),phonetic,spoon,,,,
5-350-836-1,suri1265,Surin Khmer,476,ca:ʔ,phonetic,"cup, drinking vessel",,,,
5-330-836-1,suri1265,Surin Khmer,1530,ca:n crə̂ɨ,phonetic,bowl,,,,
5-320-836-1,suri1265,Surin Khmer,480,ca:n plɛ:t,phonetic,plate,,,,
5-310-836-1,suri1265,Surin Khmer,481,ca:n,phonetic,dish,,,,
5-280-836-1,suri1265,Surin Khmer,31,kti:əh,phonetic,pan,,,,
5-260-836-1,suri1265,Surin Khmer,1462,chnaŋ,phonetic,"pot, cooking vessel",,,,
5-270-836-1,suri1265,Surin Khmer,854,tkɔ:,phonetic,kettle,,,,
5-230-836-1,suri1265,Surin Khmer,2146,ʔaŋ,phonetic,"roast, fry",,,,
5-230-836-2,suri1265,Surin Khmer,2146,cʔ̂:r,phonetic,"roast, fry",,,,
5-220-836-1,suri1265,Surin Khmer,792,sŋɔ:r,phonetic,boil (vb),,,,
5-210-836-1,suri1265,Surin Khmer,1100,thə: mho:p,phonetic,cook,,,,
5-190-836-1,suri1265,Surin Khmer,129,chluəʔ,phonetic,choke,,,,
5-181-836-1,suri1265,Surin Khmer,897,lî:p,phonetic,swallow,,,,
5-180-836-1,suri1265,Surin Khmer,321,tampi:ə,phonetic,chew,,,,
5-160-836-1,suri1265,Surin Khmer,1421,ncôp,phonetic,suck,,,,
5-150-836-1,suri1265,Surin Khmer,848,sre:ʔ,phonetic,thirst,,,,
5-141-836-1,suri1265,Surin Khmer,199,ʔât ja:ʔ,phonetic,famine,,,,
5-140-836-1,suri1265,Surin Khmer,1864,khli:ən,phonetic,hunger,,,,
5-130-836-1,suri1265,Surin Khmer,1401,pĥʔ,phonetic,drink,,,,
5-125-836-1,suri1265,Surin Khmer,1728,pʔo:m,phonetic,rotten,,,,
5-124-836-1,suri1265,Surin Khmer,1958,kcɛj,phonetic,"green, unripe",,,,
5-123-836-1,suri1265,Surin Khmer,178,cʔ̂n,phonetic,ripe,,,,
5-122-836-1,suri1265,Surin Khmer,1959,chaw,phonetic,raw,,,,
5-121-836-1,suri1265,Surin Khmer,269,cʔ̂n,phonetic,cooked,,,,
5-120-836-1,suri1265,Surin Khmer,256,mho:p,phonetic,food,,,,
5-110-836-1,suri1265,Surin Khmer,1336,si:,phonetic,eat,,,,
4-990-836-1,suri1265,Surin Khmer,590,sra:t,phonetic,"naked, bare",,,,
4-970-836-1,suri1265,Surin Khmer,1653,phne:ʔ khwaʔ,phonetic,blind,,,,
4-980-836-1,suri1265,Surin Khmer,1463,sŵŋ,phonetic,intoxicated,,,,
4-960-836-1,suri1265,Surin Khmer,1666,kɨ:ʔ,phonetic,mute,,,,
4-950-836-1,suri1265,Surin Khmer,996,tcî:ʔ thlâŋ,phonetic,deaf,,,,
4-930-836-1,suri1265,Surin Khmer,1125,tampe:ʔ,phonetic,bald,,,,
4-940-836-1,suri1265,Surin Khmer,320,khwen,phonetic,lame,,,,
4-920-836-1,suri1265,Surin Khmer,1564,kcil,phonetic,lazy,,,,
4-912-836-1,suri1265,Surin Khmer,168,chop,phonetic,rest,,,,
4-910-836-1,suri1265,Surin Khmer,1757,nə̂:j,phonetic,"tired, weary",,,,
4-880-836-1,suri1265,Surin Khmer,1372,thnam,phonetic,"medicine, drug",,,,
4-870-836-1,suri1265,Surin Khmer,597,ma: (T.),phonetic,physician,,,,
4-860-836-1,suri1265,Surin Khmer,499,rsa:,phonetic,"cure, heal",,,,
4-858-836-1,suri1265,Surin Khmer,497,sna:m,phonetic,scar,,,,
4-857-836-1,suri1265,Surin Khmer,1808,ktuh,phonetic,pus,,,,
4-856-836-1,suri1265,Surin Khmer,793,bo:h,phonetic,boil (noun),,,,
4-856-836-2,suri1265,Surin Khmer,793,mun,phonetic,boil (noun),,,,
4-854-836-1,suri1265,Surin Khmer,148,ĥ:m,phonetic,itch,,,,
4-854-836-2,suri1265,Surin Khmer,148,rmɨəh,phonetic,itch,,,,
4-852-836-1,suri1265,Surin Khmer,1148,ktɨəm,phonetic,bruise,,,,
4-850-836-1,suri1265,Surin Khmer,1109,tmaw,phonetic,"wound, sore",,,,
4-843-836-1,suri1265,Surin Khmer,102,krun pda:hsa:j,phonetic,cold (catarrh),,,,
4-842-836-1,suri1265,Surin Khmer,1957,kâ: pu:əʔ,phonetic,goiter,,,,
4-841-836-1,suri1265,Surin Khmer,1534,krun,phonetic,fever,,,,
4-840-836-1,suri1265,Surin Khmer,1847,k̂:t cŋɨ:,phonetic,"sick, sickness",,,,
4-830-836-1,suri1265,Surin Khmer,1364,srô:l ci:ə,phonetic,"well, health",,,,
4-810-836-1,suri1265,Surin Khmer,785,pkɛ:,phonetic,"strong, mighty, powerful",,,,
4-790-836-1,suri1265,Surin Khmer,1773,mluŋ  (manluŋ),phonetic,"grave, tomb",,,,
4-780-836-1,suri1265,Surin Khmer,1719,kap,phonetic,bury (the dead),,,,
4-770-836-1,suri1265,Surin Khmer,767,sop  (T.),phonetic,corpse,,,,
4-760-836-1,suri1265,Surin Khmer,1417,sanlap,phonetic,kill,,,,
4-751-836-1,suri1265,Surin Khmer,1904,luəŋ tɨʔ ŋɨəp,phonetic,drowned,,,,
4-750-836-1,suri1265,Surin Khmer,1494,ŋɨəp,phonetic,"die, dead",,,,
4-740-836-1,suri1265,Surin Khmer,1422,nəɨ ruəh,phonetic,"live, living, life",,,,
4-732-836-1,suri1265,Surin Khmer,1087,kɨt,phonetic,conceive,,,,
4-730-836-1,suri1265,Surin Khmer,1123,thmuən puəh  (polite),phonetic,pregnant,,,,
4-720-836-1,suri1265,Surin Khmer,1090,k̂:t,phonetic,born (to be),,,,
4-690-836-1,suri1265,Surin Khmer,138,ŋu:t,phonetic,bathe,,,,
4-680-836-1,suri1265,Surin Khmer,52,ńɨər,phonetic,shiver,,,,
4-670-836-1,suri1265,Surin Khmer,1785,coj,phonetic,have sexual intercourse,,,,
4-660-836-1,suri1265,Surin Khmer,676,cuh ʔac,phonetic,defecate,,,,
4-650-836-1,suri1265,Surin Khmer,592,nô:m,phonetic,urinate,,,,
4-640-836-1,suri1265,Surin Khmer,1159,ĥ:m puəh,phonetic,break wind,,,,
4-630-836-1,suri1265,Surin Khmer,1602,krɔ:ʔ,phonetic,wake up,,,,
4-612-836-1,suri1265,Surin Khmer,1983,smɔʔ,phonetic,snore,,,,
4-610-836-1,suri1265,Surin Khmer,1585,de:ʔ luəʔ,phonetic,sleep,,,,
4-590-836-1,suri1265,Surin Khmer,319,lit,phonetic,lick,,,,
4-580-836-1,suri1265,Surin Khmer,1403,kham,phonetic,bite,,,,
4-570-836-1,suri1265,Surin Khmer,1278,kʔô:t,phonetic,vomit,,,,
4-560-836-1,suri1265,Surin Khmer,1440,tɨʔ mɨət,phonetic,spit,,,,
4-540-836-1,suri1265,Surin Khmer,1621,knah,phonetic,sneeze,,,,
4-530-836-1,suri1265,Surin Khmer,879,kʔâ:ʔ,phonetic,cough,,,,
4-521-836-1,suri1265,Surin Khmer,162,tʔ̂ʔ,phonetic,hiccough,,,,
4-520-836-1,suri1265,Surin Khmer,1028,sna:p,phonetic,"yawn, gape",,,,
4-510-836-1,suri1265,Surin Khmer,1407,t-ĥ:m,phonetic,"breathe, breath",,,,
4-492-836-1,suri1265,Surin Khmer,1222,kdâ:,phonetic,penis,,,,
4-490-836-1,suri1265,Surin Khmer,797,pu:əŋ kdâ:,phonetic,testicle,,,,
4-470-836-1,suri1265,Surin Khmer,804,sbo:r,phonetic,womb,,,,
4-464-836-1,suri1265,Surin Khmer,834,tpô:ʔ,phonetic,buttocks,,,,
4-463-836-1,suri1265,Surin Khmer,1745,tki:əʔ,phonetic,hip,,,,
4-462-836-1,suri1265,Surin Khmer,1681,caŋkɛh   (ckɛh),phonetic,waist,,,,
4-461-836-1,suri1265,Surin Khmer,1991,puəh wi:n,phonetic,"intestines, guts",,,,
4-460-836-1,suri1265,Surin Khmer,819,puəh,phonetic,stomach,,,,
4-450-836-1,suri1265,Surin Khmer,1224,thl̂:m,phonetic,liver,,,,
4-441-836-1,suri1265,Surin Khmer,688,sô:t,phonetic,lung,,,,
4-440-836-1,suri1265,Surin Khmer,1223,bɛh do:ŋ,phonetic,heart,,,,
4-430-836-1,suri1265,Surin Khmer,1838,pĉt,phonetic,navel,,,,
4-412-836-1,suri1265,Surin Khmer,796,cɔŋ dâh,phonetic,"nipple, teat",,,,
4-410-836-1,suri1265,Surin Khmer,1402,dâh,phonetic,breast (of woman),,,,
4-400-836-1,suri1265,Surin Khmer,1592,d̂:m  tru:ŋ,phonetic,chest,,,,
4-393-836-1,suri1265,Surin Khmer,1201,mmi:h,phonetic,feather,,,,
4-392-836-1,suri1265,Surin Khmer,1257,sla:p,phonetic,wing,,,,
4-380-836-1,suri1265,Surin Khmer,1389,mri:əm cə̂:ŋ,phonetic,toe,,,,
4-374-836-1,suri1265,Surin Khmer,318,kanlu:əŋ cə̂:ŋ,phonetic,footprint,,,,
4-371-836-1,suri1265,Surin Khmer,803,kâ: cə̂:ŋ,phonetic,ankle,,,,
4-370-836-1,suri1265,Surin Khmer,1301,cə̂:ŋ,phonetic,foot,,,,
4-360-836-1,suri1265,Surin Khmer,1371,kba:l caŋkuəŋ  (ckuəŋ),phonetic,knee,,,,
4-352-836-1,suri1265,Surin Khmer,498,phluət cə̂:ŋ,phonetic,calf of leg,,,,
4-351-836-1,suri1265,Surin Khmer,800,phlə̂w,phonetic,thigh,,,,
4-350-836-1,suri1265,Surin Khmer,1297,cə̂:ŋ,phonetic,leg,,,,
4-344-836-1,suri1265,Surin Khmer,1258,kcâ:ʔ,phonetic,fingernail,,,,
4-342-836-1,suri1265,Surin Khmer,1781,mi: daj,phonetic,thumb,,,,
4-340-836-1,suri1265,Surin Khmer,1303,mri:əm,phonetic,finger,,,,
4-331-836-1,suri1265,Surin Khmer,1183,ba:t daj,phonetic,palm of hand,,,,
4-330-836-1,suri1265,Surin Khmer,1277,daj,phonetic,hand,,,,
4-321-836-1,suri1265,Surin Khmer,799,kâ: daj,phonetic,wrist,,,,
4-320-836-1,suri1265,Surin Khmer,981,kɛ:ń daj,phonetic,elbow,,,,
4-312-836-1,suri1265,Surin Khmer,1886,kli:ʔ,phonetic,armpit,,,,
4-310-836-1,suri1265,Surin Khmer,1673,daj,phonetic,arm,,,,
4-301-836-1,suri1265,Surin Khmer,172,sla:p psî:w,phonetic,shoulderblade,,,,
4-300-836-1,suri1265,Surin Khmer,1482,sma:,phonetic,shoulder,,,,
4-290-836-1,suri1265,Surin Khmer,1346,mpuəŋ kâ:,phonetic,throat,,,,
4-280-836-1,suri1265,Surin Khmer,1333,kâ:,phonetic,neck,,,,
4-270-836-1,suri1265,Surin Khmer,1380,thmeń,phonetic,tooth,,,,
4-271-836-1,suri1265,Surin Khmer,139,phluʔ,phonetic,gums,,,,
4-260-836-1,suri1265,Surin Khmer,1205,na:t,phonetic,tongue,,,,
4-250-836-1,suri1265,Surin Khmer,478,pbo:r mɨət,phonetic,lip,,,,
4-240-836-1,suri1265,Surin Khmer,674,mɨət,phonetic,mouth,,,,
4-232-836-1,suri1265,Surin Khmer,208,smɔ:r,phonetic,mucus (nasal),,,,
4-230-836-1,suri1265,Surin Khmer,1221,cmɔh,phonetic,nose,,,,
4-222-836-1,suri1265,Surin Khmer,32,ʔac tci:ʔ,phonetic,earwax,,,,
4-221-836-1,suri1265,Surin Khmer,18,sl̂ʔ tci:ʔ,phonetic,earlobe,,,,
4-220-836-1,suri1265,Surin Khmer,1247,tci:ʔ,phonetic,ear,,,,
4-215-836-1,suri1265,Surin Khmer,1655,pric phne:ʔ,phonetic,blink,,,,
4-215-836-2,suri1265,Surin Khmer,1655,pric,phonetic,blink,,,,
4-212-836-1,suri1265,Surin Khmer,1173,tbâ:ʔ phne:ʔ,phonetic,eyebrow,,,,
4-210-836-1,suri1265,Surin Khmer,1248,phne:ʔ,phonetic,eye,,,,
4-208-836-1,suri1265,Surin Khmer,1730,tpɨəl,phonetic,cheek,,,,
4-209-836-1,suri1265,Surin Khmer,1510,caŋka: (cka:),phonetic,chin,,,,
4-205-836-1,suri1265,Surin Khmer,123,kanĉ:m,phonetic,forehead,,,,
4-205-836-3,suri1265,Surin Khmer,123,kĉ:m,phonetic,forehead,,,,
4-207-836-1,suri1265,Surin Khmer,798,tki:əm,phonetic,jaw,,,,
4-204-836-1,suri1265,Surin Khmer,1560,muʔ,phonetic,face,,,,
4-203-836-1,suri1265,Surin Khmer,1583,khô:r,phonetic,brain,,,,
4-200-836-1,suri1265,Surin Khmer,1256,kba:l,phonetic,head,,,,
4-191-836-1,suri1265,Surin Khmer,805,cʔ̂ŋ khnâ:ŋ,phonetic,spine,,,,
4-190-836-1,suri1265,Surin Khmer,1291,khnâ:ŋ,phonetic,back,,,,
4-180-836-1,suri1265,Surin Khmer,1220,kantuj,phonetic,tail,,,,
4-170-836-1,suri1265,Surin Khmer,1393,snɛ:ń,phonetic,horn,,,,
4-162-836-1,suri1265,Surin Khmer,801,cʔ̂ŋ cni:r,phonetic,rib,,,,
4-160-836-1,suri1265,Surin Khmer,1394,cʔ̂ŋ,phonetic,bone,,,,
4-150-836-1,suri1265,Surin Khmer,946,chi:əm,phonetic,blood,,,,
4-145-836-1,suri1265,Surin Khmer,36,mmi:h,phonetic,pubic hair,,,,
4-144-836-1,suri1265,Surin Khmer,189,mmi:h,phonetic,body hair,,,,
4-142-836-1,suri1265,Surin Khmer,678,ʔɔ:m-ki:əŋ,phonetic,beard,,,,
4-140-836-1,suri1265,Surin Khmer,1040,sâʔ,phonetic,hair (head),,,,
4-130-836-1,suri1265,Surin Khmer,2259,sac,phonetic,flesh,,,,
4-120-836-1,suri1265,Surin Khmer,763,sbɛ:ʔ,phonetic,"skin, hide",,,,
4-110-836-1,suri1265,Surin Khmer,1480,khlô:n,phonetic,body,,,,
3-980-836-1,suri1265,Surin Khmer,112,n̂:ʔ,phonetic,turtle,,,,
3-970-836-1,suri1265,Surin Khmer,1857,kpə̂:,phonetic,"crocodile, alligator",,,,
3-960-836-1,suri1265,Surin Khmer,632,kancâʔ,phonetic,lizard,,,,
3-950-836-1,suri1265,Surin Khmer,503,ŋkɛ:p,phonetic,frog,,,,
3-940-836-1,suri1265,Surin Khmer,1543,khjâ:ŋ,phonetic,snail,,,,
3-930-836-1,suri1265,Surin Khmer,607,kno:p,phonetic,grasshopper,,,,
3-920-836-1,suri1265,Surin Khmer,1791,pińpla:t,phonetic,butterfly,,,,
3-910-836-1,suri1265,Surin Khmer,206,pɨlpe:ʔ,phonetic,firefly,,,,
3-850-836-1,suri1265,Surin Khmer,730,puəh,phonetic,snake,,,,
3-840-836-1,suri1265,Surin Khmer,1219,tkâw,phonetic,worm,,,,
3-832-836-1,suri1265,Surin Khmer,1509,mu:h,phonetic,mosquito,,,,
3-831-836-1,suri1265,Surin Khmer,95,soc,phonetic,"sandfly (midge), gnat",,,,
3-831-836-2,suri1265,Surin Khmer,95,caj skɛ:,phonetic,"sandfly (midge), gnat",,,,
3-830-836-1,suri1265,Surin Khmer,1504,ruj,phonetic,fly,,,,
3-823-836-1,suri1265,Surin Khmer,1517,mmal,phonetic,wasp,,,,
3-822-836-1,suri1265,Surin Khmer,88,phlet,phonetic,beehive,,,,
3-821-836-1,suri1265,Surin Khmer,1931,kmô:n,phonetic,beeswax,,,,
3-820-836-1,suri1265,Surin Khmer,665,khmum,phonetic,bee,,,,
3-818-836-1,suri1265,Surin Khmer,843,pińwa:j,phonetic,spider,,,,
3-817-836-1,suri1265,Surin Khmer,587,smɔ:e,phonetic,ant,,,,
3-816-836-1,suri1265,Surin Khmer,1575,kanla:t,phonetic,cockroach,,,,
3-815-836-1,suri1265,Surin Khmer,1538,ktô:j,phonetic,scorpion,,,,
3-814-836-1,suri1265,Surin Khmer,1974,kʔɛ:p,phonetic,centipede,,,,
3-812-836-1,suri1265,Surin Khmer,267,pu:əŋ caj,phonetic,nit (louse egg),,,,
3-811-836-1,suri1265,Surin Khmer,1392,caj,phonetic,louse,,,,
3-770-836-1,suri1265,Surin Khmer,1290,tamrɛj,phonetic,elephant,,,,
3-760-836-1,suri1265,Surin Khmer,1350,swa:,phonetic,monkey,,,,
3-750-836-1,suri1265,Surin Khmer,1936,rmiəŋ,phonetic,deer,,,,
3-720-836-1,suri1265,Surin Khmer,1386,khla: khmum,phonetic,lion,,,,
3-665-836-1,suri1265,Surin Khmer,1013,ntuəŋ,phonetic,freshwater eel,,,,
3-661-836-1,suri1265,Surin Khmer,1110,chla:m (T.),phonetic,shark,,,,
3-655-836-1,suri1265,Surin Khmer,598,khjâ:ŋ,phonetic,shell,,,,
3-653-836-1,suri1265,Surin Khmer,266,ska:,phonetic,fishscale,,,,
3-650-836-1,suri1265,Surin Khmer,227,trɛj,phonetic,fish,,,,
3-630-836-1,suri1265,Surin Khmer,2139,kn̂r,phonetic,"mouse, rat",,,,
3-620-836-1,suri1265,Surin Khmer,1208,mi:w,phonetic,cat,,,,
3-614-836-1,suri1265,Surin Khmer,1136,nsa:j,phonetic,rabbit,,,,
3-610-836-1,suri1265,Surin Khmer,2009,ckɛ:,phonetic,dog,,,,
3-594-836-1,suri1265,Surin Khmer,1853,llu:ɔʔ,phonetic,dove,,,,
3-596-836-1,suri1265,Surin Khmer,735,mmi:m,phonetic,owl,,,,
3-593-836-1,suri1265,Surin Khmer,913,kʔɛ:ʔ,phonetic,crow,,,,
3-592-836-1,suri1265,Surin Khmer,882,ce:ʔ,phonetic,parrot,,,,
3-591-836-1,suri1265,Surin Khmer,1793,pci:w,phonetic,bat,,,,
3-586-836-1,suri1265,Surin Khmer,1185,tma:t,phonetic,vulture,,,,
3-585-836-1,suri1265,Surin Khmer,307,stiəń,phonetic,hawk,,,,
3-583-836-1,suri1265,Surin Khmer,758,ksa:,phonetic,heron,,,,
3-580-836-1,suri1265,Surin Khmer,539,smɔ:ʔ,phonetic,nest,,,,
3-570-836-1,suri1265,Surin Khmer,1360,ti:ə,phonetic,duck,,,,
3-560-836-1,suri1265,Surin Khmer,1187,kŋa:n,phonetic,goose,,,,
3-550-836-1,suri1265,Surin Khmer,1318,mɨən,phonetic,chicken,,,,
3-520-836-1,suri1265,Surin Khmer,1511,mɨən chmô:l,phonetic,"cock, rooster",,,,
3-450-836-1,suri1265,Surin Khmer,1647,ko:n sɛh,phonetic,"foal, colt",,,,
3-440-836-1,suri1265,Surin Khmer,938,sɛh mi:,phonetic,mare,,,,
3-420-836-1,suri1265,Surin Khmer,936,sɛh chmo:l,phonetic,stallion,,,,
3-410-836-1,suri1265,Surin Khmer,615,sɛh,phonetic,horse (equine),,,,
3-380-836-1,suri1265,Surin Khmer,1972,kme:ń,phonetic,kid,,,,
3-350-836-1,suri1265,Surin Khmer,1337,cru:ʔ,phonetic,pig,,,,
3-340-836-1,suri1265,Surin Khmer,1351,cru:ʔ mi:,phonetic,sow (2),,,,
3-320-836-1,suri1265,Surin Khmer,1348,cru:ʔ pri: chmo:l,phonetic,boar,,,,
3-240-836-1,suri1265,Surin Khmer,1989,ko:n kô,phonetic,calf,,,,
3-240-836-2,suri1265,Surin Khmer,1989,ko:n kbɛj,phonetic,calf,,,,
3-230-836-1,suri1265,Surin Khmer,1007,kô: mi:,phonetic,cow,,,,
3-220-836-1,suri1265,Surin Khmer,1169,kô:,phonetic,ox,,,,
3-210-836-1,suri1265,Surin Khmer,1008,kô: ehmo:l,phonetic,bull,,,,
3-200-836-1,suri1265,Surin Khmer,1153,ko: kbɛj,phonetic,cattle (bovine),,,,
3-190-836-1,suri1265,Surin Khmer,851,krɔ:l,phonetic,"stable, stall",,,,
3-130-836-1,suri1265,Surin Khmer,2262,mi:  (animal),phonetic,female (adj),,,,
3-120-836-1,suri1265,Surin Khmer,2261,chmo:l   (animal),phonetic,male (adj),,,,
3-110-836-1,suri1265,Surin Khmer,619,sat,phonetic,animal,,,,
2-960-836-1,suri1265,Surin Khmer,817,pho:ŋ ki:,phonetic,they,,,,
2-950-836-1,suri1265,Surin Khmer,1213,pho:ŋ kɨət,phonetic,you (plural),,,,
2-942-836-1,suri1265,Surin Khmer,1130,pho:ŋ jə̂:ŋ,phonetic,we (exclusive),,,,
2-941-836-1,suri1265,Surin Khmer,1131,jə̂:ŋ,phonetic,we (inclusive),,,,
2-940-836-1,suri1265,Surin Khmer,1212,jə̂:ŋ,phonetic,we,,,,
2-930-836-1,suri1265,Surin Khmer,262,kɨ:,phonetic,he/she/it,,,,
2-920-836-1,suri1265,Surin Khmer,1215,kɨət,phonetic,you (singular),,,,
2-920-836-2,suri1265,Surin Khmer,1215,ʔɛ:ń,phonetic,you (singular),,,,
2-910-836-1,suri1265,Surin Khmer,1209,ʔań,phonetic,I,,,,
2-910-836-2,suri1265,Surin Khmer,1209,ńom,phonetic,I,,,,
2-810-836-1,suri1265,Surin Khmer,1644,bâ:ŋ pʔo:n,phonetic,"relatives, kinsmen",,,,
2-770-836-1,suri1265,Surin Khmer,1981,prɔh mma:j,phonetic,widower,,,,
2-760-836-1,suri1265,Surin Khmer,1756,srɛj mma:j,phonetic,widow,,,,
2-750-836-1,suri1265,Surin Khmer,1149,ko:n kampri:ə,phonetic,orphan,,,,
2-740-836-1,suri1265,Surin Khmer,1058,ko:n ncem,phonetic,stepdaughter,,,,
2-730-836-1,suri1265,Surin Khmer,1059,ko:n ncem,phonetic,stepson,,,,
2-720-836-1,suri1265,Surin Khmer,236,mɛ: ncem,phonetic,stepmother,,,,
2-710-836-1,suri1265,Surin Khmer,237,ʔ̂m ncem,phonetic,stepfather,,,,
2-641-836-1,suri1265,Surin Khmer,2264,ko:n psa:,phonetic,daughter-in-law (of a woman),,,,
2-640-836-1,suri1265,Surin Khmer,2265,ko:n psa:,phonetic,daughter-in-law (of a man),,,,
2-631-836-1,suri1265,Surin Khmer,2266,ko:n psa:,phonetic,son-in-law (of a woman),,,,
2-630-836-1,suri1265,Surin Khmer,2267,ko:n psa:,phonetic,son-in-law (of a man),,,,
2-621-836-1,suri1265,Surin Khmer,2257,mɛ: kme:ʔ,phonetic,mother-in-law (of a woman),,,,
2-620-836-1,suri1265,Surin Khmer,2256,mɛ: kme:ʔ,phonetic,mother-in-law (of a man),,,,
2-611-836-1,suri1265,Surin Khmer,2254,ʔ̂w kme:ʔ,phonetic,father-in-law (of a woman),,,,
2-610-836-1,suri1265,Surin Khmer,2255,ʔ̂w kme:ʔ,phonetic,father-in-law (of a man),,,,
2-560-836-1,suri1265,Surin Khmer,1669,pu:e,phonetic,ancestors,,,,
2-550-836-1,suri1265,Surin Khmer,1643,ko:n bâ:ŋ ko:n pʔo:n,phonetic,cousin,,,,
2-540-836-1,suri1265,Surin Khmer,1642,kmô:j srɛj,phonetic,niece,,,,
2-530-836-1,suri1265,Surin Khmer,1063,kmô:j prɔh,phonetic,nephew,,,,
2-522-836-1,suri1265,Surin Khmer,170,mi:ń (father's younger sister),phonetic,father's sister,,,,
2-522-836-2,suri1265,Surin Khmer,170,ʔom  (father's elder sister),phonetic,father's sister,,,,
2-520-836-1,suri1265,Surin Khmer,1272,ʔom,phonetic,aunt,,,,
2-521-836-1,suri1265,Surin Khmer,171,paj  (mother's younger sister),phonetic,mother's sister,,,,
2-512-836-1,suri1265,Surin Khmer,1985,pu:  (father's younger brother),phonetic,father's brother,,,,
2-512-836-2,suri1265,Surin Khmer,1985,ʔom  (father's elder brother),phonetic,father's brother,,,,
2-511-836-1,suri1265,Surin Khmer,1984,pu:  (mother's younger brother),phonetic,mother's brother,,,,
2-510-836-1,suri1265,Surin Khmer,1327,ʔom,phonetic,uncle,,,,
2-480-836-1,suri1265,Surin Khmer,1618,caw prɔh,phonetic,grandson,,,,
2-490-836-1,suri1265,Surin Khmer,1619,caw srɛj,phonetic,granddaughter,,,,
2-471-836-1,suri1265,Surin Khmer,907,jɛj,phonetic,old woman,,,,
2-470-836-1,suri1265,Surin Khmer,1496,jɛj,phonetic,grandmother,,,,
2-461-836-1,suri1265,Surin Khmer,406,ta:,phonetic,old man,,,,
2-460-836-1,suri1265,Surin Khmer,1383,ta:,phonetic,grandfather,,,,
2-458-836-1,suri1265,Surin Khmer,1005,phluəh,phonetic,twins,,,,
2-456-836-1,suri1265,Surin Khmer,1640,bâ:ŋ pjo:n,phonetic,sibling,,,,
2-455-836-1,suri1265,Surin Khmer,1761,pʔo:n srɛj,phonetic,younger sister,,,,
2-454-836-1,suri1265,Surin Khmer,1758,bâ:ŋ srɛj,phonetic,older sister,,,,
2-450-836-1,suri1265,Surin Khmer,1263,bâ:ŋ pʔo:n,phonetic,sister,,,,
2-445-836-1,suri1265,Surin Khmer,1760,pʔo:n prɔh,phonetic,younger brother,,,,
2-444-836-1,suri1265,Surin Khmer,1759,bâ:ŋ prɔh,phonetic,older brother,,,,
2-440-836-1,suri1265,Surin Khmer,1262,bâ:ŋ pʔo:n,phonetic,brother,,,,
2-420-836-1,suri1265,Surin Khmer,1357,ko:n srɛj,phonetic,daughter,,,,
2-410-836-1,suri1265,Surin Khmer,1620,ko:n prɔh,phonetic,son,,,,
2-350-836-1,suri1265,Surin Khmer,1217,ʔ̂w,phonetic,father,,,,
2-341-836-1,suri1265,Surin Khmer,1134,le:ń,phonetic,divorce,,,,
2-340-836-1,suri1265,Surin Khmer,1259,ka:r,phonetic,"marriage, wedding",,,,
2-330-836-1,suri1265,Surin Khmer,203,sɛ:n,phonetic,marry,,,,
2-320-836-1,suri1265,Surin Khmer,1199,ppuən,phonetic,wife,,,,
2-310-836-1,suri1265,Surin Khmer,1200,pdɛj,phonetic,husband,,,,
2-280-836-1,suri1265,Surin Khmer,1289,ko:n kcɛj,phonetic,"infant, baby",,,,
2-270-836-1,suri1265,Surin Khmer,1304,kme:ń,phonetic,child,,,,
2-261-836-1,suri1265,Surin Khmer,77,kmom,phonetic,young woman (adolescent),,,,
2-260-836-1,suri1265,Surin Khmer,1646,kme:ń srɛj,phonetic,girl,,,,
2-251-836-1,suri1265,Surin Khmer,76,kanlâh,phonetic,young man (adolescent),,,,
2-250-836-1,suri1265,Surin Khmer,1366,kme:ń prɔh,phonetic,boy,,,,
2-240-836-1,suri1265,Surin Khmer,1551,srɛʔ,phonetic,female,,,,
2-230-836-1,suri1265,Surin Khmer,1553,prɔh,phonetic,male,,,,
2-220-836-1,suri1265,Surin Khmer,962,srɛj,phonetic,woman,,,,
2-210-836-1,suri1265,Surin Khmer,1554,prɔh,phonetic,man (vs. woman),,,,
2-100-836-1,suri1265,Surin Khmer,683,mnɨh,phonetic,"person, human being",,,,
1-890-836-1,suri1265,Surin Khmer,1188,khju:ŋ,phonetic,charcoal,,,,
1-880-836-1,suri1265,Surin Khmer,10,ʔɔh,phonetic,firewood,,,,
1-870-836-1,suri1265,Surin Khmer,1133,ckhet,phonetic,match (noun),,,,
1-861-836-1,suri1265,Surin Khmer,127,lluət,phonetic,extinguish,,,,
1-860-836-1,suri1265,Surin Khmer,737,ʔɔc (phlə̂:ŋ),phonetic,"light, kindle, ignite",,,,
1-852-836-1,suri1265,Surin Khmer,1428,chɛh,phonetic,burn (vb intrans),,,,
1-851-836-1,suri1265,Surin Khmer,141,d̂t,phonetic,burn (vb trans),,,,
1-841-836-1,suri1265,Surin Khmer,67,rnə̂:ʔ phlə̂:ŋ,phonetic,embers,,,,
1-840-836-1,suri1265,Surin Khmer,646,phɛh,phonetic,ashes,,,,
1-830-836-1,suri1265,Surin Khmer,778,psɛ:ń,phonetic,smoke (noun),,,,
1-820-836-1,suri1265,Surin Khmer,889,na:t phlə̂:ŋ,phonetic,flame (noun),,,,
1-810-836-1,suri1265,Surin Khmer,221,phlə̂:ŋ,phonetic,fire,,,,
1-750-836-1,suri1265,Surin Khmer,658,phli:ń,phonetic,rain (noun),,,,
1-720-836-1,suri1265,Surin Khmer,960,khjâl,phonetic,wind,,,,
1-640-836-1,suri1265,Surin Khmer,1977,tɨʔ nŝ:m,phonetic,dew,,,,
1-630-836-1,suri1265,Surin Khmer,1388,sm̂:l,phonetic,"shade, shadow",,,,
1-610-836-1,suri1265,Surin Khmer,630,thŋaj,phonetic,light (noun),,,,
1-590-836-1,suri1265,Surin Khmer,1733,ʔ̂n thnu:,phonetic,rainbow,,,,
1-560-836-1,suri1265,Surin Khmer,1150,pku:ər,phonetic,thunder,,,,
1-570-836-1,suri1265,Surin Khmer,2007,rantiəh bań,phonetic,lightning (as striking),,,,
1-550-836-1,suri1265,Surin Khmer,1654,phne:ʔ kantô:l,phonetic,lightning,,,,
1-540-836-1,suri1265,Surin Khmer,1430,pka:j,phonetic,star,,,,
1-530-836-1,suri1265,Surin Khmer,1313,khɛ:,phonetic,moon,,,,
1-520-836-1,suri1265,Surin Khmer,1343,thŋaj,phonetic,sun,,,,
1-510-836-1,suri1265,Surin Khmer,1732,mi:ʔ,phonetic,sky,,,,
1-440-836-1,suri1265,Surin Khmer,2125,thmâ:,phonetic,"stone, rock",,,,
1-430-836-1,suri1265,Surin Khmer,1803,chə:,phonetic,wood,,,,
1-420-836-1,suri1265,Surin Khmer,906,d̂:m chə:,phonetic,tree (cf 08.600),,,,
1-410-836-1,suri1265,Surin Khmer,420,pri:,phonetic,"woods, forest",,,,
1-380-836-1,suri1265,Surin Khmer,1145,tpɨəŋ,phonetic,swamp,,,,
1-324-836-1,suri1265,Surin Khmer,1768,ppuh,phonetic,foam,,,,
1-320-836-1,suri1265,Surin Khmer,1474,tanli:      ( T.),phonetic,sea,,,,
1-310-836-1,suri1265,Surin Khmer,948,tɨʔ,phonetic,water,,,,
1-280-836-1,suri1265,Surin Khmer,1155,ru:ŋ,phonetic,cave,,,,
1-270-836-1,suri1265,Surin Khmer,113,craŋ,phonetic,shore,,,,
1-230-836-1,suri1265,Surin Khmer,652,wi:əl,phonetic,"plain, field",,,,
1-220-836-1,suri1265,Surin Khmer,2118,phnôm,phonetic,"mountain, hill",,,,
1-214-836-1,suri1265,Surin Khmer,640,phɔʔ,phonetic,mud,,,,
1-215-836-1,suri1265,Surin Khmer,671,ksac (ksa:c),phonetic,sand,,,,
1-213-836-1,suri1265,Surin Khmer,2,dɛj hoj,phonetic,dust,,,,
1-212-836-1,suri1265,Surin Khmer,1228,dɛj,phonetic,"earth=ground, soil",,,,
1-100-836-1,suri1265,Surin Khmer,965,lo:ʔ     ( T.),phonetic,world,,,,
14-330-836-1,suri1265,Surin Khmer,1544,cuən na:,phonetic,sometimes,,,,
14-331-836-1,suri1265,Surin Khmer,703,pchap,phonetic,soon,,,,
14-332-836-1,suri1265,Surin Khmer,418,ju:r,phonetic,long-time (for a),,,,
14-350-836-1,suri1265,Surin Khmer,204,tît mnâ:ŋ,phonetic,again,,,,
14-410-836-1,suri1265,Surin Khmer,1225,thŋâj,phonetic,day,,,,
14-420-836-1,suri1265,Surin Khmer,1233,jôp,phonetic,night,,,,
14-430-836-1,suri1265,Surin Khmer,729,prə:n-prə:n,phonetic,dawn,,,,
14-440-836-1,suri1265,Surin Khmer,1339,ta:n prɨʔ,phonetic,morning,,,,
14-451-836-1,suri1265,Surin Khmer,1807,thŋaj bɛ:,phonetic,afternoon,,,,
14-451-836-2,suri1265,Surin Khmer,1807,tâ:n thŋaj bɛ:,phonetic,afternoon,,,,
14-460-836-1,suri1265,Surin Khmer,1629,tâ:n lŋi:əc,phonetic,evening,,,,
14-470-836-1,suri1265,Surin Khmer,1283,naj nɛh,phonetic,today,,,,
14-480-836-1,suri1265,Surin Khmer,1329,sʔɛ:ʔ,phonetic,tomorrow,,,,
14-481-836-1,suri1265,Surin Khmer,1179,kha:n sʔɛ:ʔ,phonetic,day-after-tomorrow,,,,
14-490-836-1,suri1265,Surin Khmer,1174,mŝl,phonetic,yesterday,,,,
14-491-836-1,suri1265,Surin Khmer,1180,mŝl-mŋaj,phonetic,day-before-yesterday,,,,
14-620-836-1,suri1265,Surin Khmer,1699,ŋaj ʔtɨt,phonetic,Sunday,,,,
14-630-836-1,suri1265,Surin Khmer,1697,ŋaj can,phonetic,Monday,,,,
14-640-836-1,suri1265,Surin Khmer,1695,ŋaj ŋki:ər,phonetic,Tuesday,,,,
14-650-836-1,suri1265,Surin Khmer,1694,ŋaj put,phonetic,Wednesday,,,,
14-660-836-1,suri1265,Surin Khmer,1693,ŋaj pĥh,phonetic,Thursday,,,,
14-670-836-1,suri1265,Surin Khmer,1692,ŋaj sɔʔ,phonetic,Friday,,,,
14-680-836-1,suri1265,Surin Khmer,1700,ŋaj saw,phonetic,Saturday,,,,
14-710-836-1,suri1265,Surin Khmer,1370,khɛ:,phonetic,month,,,,
14-730-836-1,suri1265,Surin Khmer,1226,chnam,phonetic,year,,,,
14-740-836-1,suri1265,Surin Khmer,1471,khɛ: rŋi:ə,phonetic,winter,,,,
14-760-836-1,suri1265,Surin Khmer,1342,khɛ: kdaw,phonetic,summer,,,,
14-780-836-1,suri1265,Surin Khmer,691,rd̂u,phonetic,season,,,,
15-212-836-1,suri1265,Surin Khmer,375,ĥt kl̂n,phonetic,sniff,,,,
15-220-836-1,suri1265,Surin Khmer,1586,ĥt kl̂n,phonetic,smell (vb trans),,,,
15-250-836-1,suri1265,Surin Khmer,376,kʔo:p,phonetic,"fragrant, good smelling",,,,
15-260-836-1,suri1265,Surin Khmer,42,sʔoj,phonetic,"stinking, bad smelling",,,,
15-310-836-1,suri1265,Surin Khmer,21,ci:ət,phonetic,taste,,,,
15-350-836-1,suri1265,Surin Khmer,717,pʔɛ:m,phonetic,sweet,,,,
15-360-836-1,suri1265,Surin Khmer,1091,praj,phonetic,salty,,,,
15-370-836-1,suri1265,Surin Khmer,887,lwi:ń,phonetic,bitter,,,,
15-380-836-1,suri1265,Surin Khmer,1906,cu:,phonetic,"acid, sour",,,,
15-410-836-1,suri1265,Surin Khmer,1408,lɨ:,phonetic,hear,,,,
15-420-836-1,suri1265,Surin Khmer,1608,sdap,phonetic,listen,,,,
15-440-836-1,suri1265,Surin Khmer,1811,sanle:ń,phonetic,"sound, noise",,,,
15-450-836-1,suri1265,Surin Khmer,377,sanle:ń khlaŋ,phonetic,loud,,,,
15-460-836-1,suri1265,Surin Khmer,1314,sŋat,phonetic,"quiet, silence",,,,
15-510-836-1,suri1265,Surin Khmer,1409,khə:ń,phonetic,see,,,,
15-520-836-1,suri1265,Surin Khmer,1819,rmil,phonetic,"look, look at",,,,
15-520-836-2,suri1265,Surin Khmer,1819,mə̂:,phonetic,"look, look at",,,,
15-550-836-1,suri1265,Surin Khmer,1039,p-ha:ń,phonetic,show,,,,
15-570-836-1,suri1265,Surin Khmer,679,phlɨ:,phonetic,bright,,,,
15-610-836-1,suri1265,Surin Khmer,1613,si:  ( T.),phonetic,color,,,,
15-620-836-1,suri1265,Surin Khmer,250,ca:ŋ  ( T.),phonetic,light (in color),,,,
15-640-836-1,suri1265,Surin Khmer,1335,si: sâ:,phonetic,white,,,,
15-650-836-1,suri1265,Surin Khmer,163,si: khmaw,phonetic,black,,,,
15-660-836-1,suri1265,Surin Khmer,156,si: khâ:m,phonetic,red,,,,
15-670-836-1,suri1265,Surin Khmer,837,si: na:m-ŋən  ( T.),phonetic,blue,,,,
15-680-836-1,suri1265,Surin Khmer,1425,si: khî:w,phonetic,green,,,,
15-690-836-1,suri1265,Surin Khmer,1424,si: lə̂:ŋ,phonetic,yellow,,,,
15-712-836-1,suri1265,Surin Khmer,378,chlic (canlic),phonetic,pinch,,,,
15-712-836-2,suri1265,Surin Khmer,378,tkî:p,phonetic,pinch,,,,
15-740-836-1,suri1265,Surin Khmer,1884,rɨŋ,phonetic,hard,,,,
15-750-836-1,suri1265,Surin Khmer,1856,tuən,phonetic,soft,,,,
15-760-836-1,suri1265,Surin Khmer,1923,kkrɨh,phonetic,rough,,,,
15-770-836-1,suri1265,Surin Khmer,1234,ri:əp,phonetic,smooth,,,,
15-780-836-1,suri1265,Surin Khmer,1396,mut,phonetic,sharp,,,,
15-790-836-1,suri1265,Surin Khmer,379,ril,phonetic,"blunt, dull",,,,
15-810-836-1,suri1265,Surin Khmer,1210,thmuən,phonetic,heavy,,,,
15-820-836-1,suri1265,Surin Khmer,1052,sra:l,phonetic,light (in weight),,,,
15-830-836-1,suri1265,Surin Khmer,1726,ŝ:m,phonetic,"wet, damp",,,,
15-840-836-1,suri1265,Surin Khmer,1398,sŋô:t,phonetic,dry,,,,
15-850-836-1,suri1265,Surin Khmer,1286,kdaw,phonetic,hot,,,,
15-860-836-1,suri1265,Surin Khmer,1287,tciəʔ,phonetic,cold,,,,
15-860-836-2,suri1265,Surin Khmer,1287,rŋi:ə,phonetic,cold,,,,
15-870-836-1,suri1265,Surin Khmer,704,sʔa:t,phonetic,clean,,,,
15-880-836-1,suri1265,Surin Khmer,1230,soʔ-kproʔ,phonetic,"dirty, soiled",,,,
15-890-836-1,suri1265,Surin Khmer,380,rô:ń,phonetic,wrinkled,,,,
16-110-836-1,suri1265,Surin Khmer,53,plɨŋ,phonetic,"soul, spirit",,,,
16-150-836-1,suri1265,Surin Khmer,1572,chŋâl,phonetic,"surprised, astonished",,,,
16-150-836-2,suri1265,Surin Khmer,1572,chŋâl,phonetic,"surprised, astonished",,,,
16-180-836-1,suri1265,Surin Khmer,720,cho:ʔ ci:ə,phonetic,"good fortune, luck",,,,
16-190-836-1,suri1265,Surin Khmer,56,cho:ʔ man ci:ə,phonetic,"misfortune, bad luck",,,,
16-230-836-1,suri1265,Surin Khmer,1495,mi:ən khwa:m sɔʔ,phonetic,"joyful, glad, happy",,,,
16-250-836-1,suri1265,Surin Khmer,1355,ŝ:c,phonetic,laugh,,,,
16-251-836-1,suri1265,Surin Khmer,1451,ńńɨm,phonetic,smile,,,,
16-260-836-1,suri1265,Surin Khmer,1413,lî:ń,phonetic,play,,,,
16-270-836-1,suri1265,Surin Khmer,923,slań,phonetic,love,,,,
16-290-836-1,suri1265,Surin Khmer,578,tĥ:p,phonetic,kiss,,,,
16-300-836-1,suri1265,Surin Khmer,928,ʔɔ:p,phonetic,embrace,,,,
16-310-836-1,suri1265,Surin Khmer,1783,chɨ:,phonetic,pain,,,,
16-320-836-1,suri1265,Surin Khmer,1668,kho:c ĉt,phonetic,"grief, sorrow, sadness",,,,
16-330-836-1,suri1265,Surin Khmer,1000,prô:j ĉt,phonetic,"anxiety, worry",,,,
16-340-836-1,suri1265,Surin Khmer,1875,kho:c ĉt,phonetic,"regret, be sorry",,,,
16-350-836-1,suri1265,Surin Khmer,1141,snâh,phonetic,pity,,,,
16-370-836-1,suri1265,Surin Khmer,1839,jôm,phonetic,"cry, weep",,,,
16-380-836-1,suri1265,Surin Khmer,1651,tɨʔ phne:ʔ,phonetic,tear (noun),,,,
16-390-836-1,suri1265,Surin Khmer,716,thŋo:r,phonetic,groan,,,,
16-410-836-1,suri1265,Surin Khmer,1607,sʔâp,phonetic,hate,,,,
16-420-836-1,suri1265,Surin Khmer,82,kĥŋ,phonetic,anger,,,,
16-480-836-1,suri1265,Surin Khmer,174,phu:mĉt ( T.),phonetic,proud,,,,
16-510-836-1,suri1265,Surin Khmer,1779,hi:ən,phonetic,dare,,,,
16-520-836-1,suri1265,Surin Khmer,3,hi:ən,phonetic,brave,,,,
16-530-836-1,suri1265,Surin Khmer,781,khla:c,phonetic,"fear, fright",,,,
16-620-836-1,suri1265,Surin Khmer,1784,caŋ ba:n,phonetic,"desire, want",,,,
16-622-836-1,suri1265,Surin Khmer,1750,rə̂h,phonetic,choose,,,,
16-650-836-1,suri1265,Surin Khmer,100,trâŋ,phonetic,faithful,,,,
16-660-836-1,suri1265,Surin Khmer,1657,me:n,phonetic,true,,,,
16-670-836-1,suri1265,Surin Khmer,601,kaŋhâʔ (k-hâʔ),phonetic,"lie, tell lies",,,,
16-680-836-1,suri1265,Surin Khmer,13,kâŋhâʔ (k-hâʔ),phonetic,deceit,,,,
16-710-836-1,suri1265,Surin Khmer,1035,ci:ə,phonetic,good,,,,
16-720-836-1,suri1265,Surin Khmer,1292,le:w,phonetic,bad,,,,
16-730-836-1,suri1265,Surin Khmer,1725,tr̂w,phonetic,"right, correct",,,,
16-740-836-1,suri1265,Surin Khmer,1390,khɔh,phonetic,wrong,,,,
16-780-836-1,suri1265,Surin Khmer,381,ptô:h,phonetic,blame,,,,
16-780-836-2,suri1265,Surin Khmer,381,tha:,phonetic,blame,,,,
16-790-836-1,suri1265,Surin Khmer,1687,pŝ:r,phonetic,praise,,,,
16-810-836-1,suri1265,Surin Khmer,1427,lʔâ:,phonetic,beautiful,,,,
16-820-836-1,suri1265,Surin Khmer,1548,brɔ:,phonetic,ugly,,,,
16-830-836-1,suri1265,Surin Khmer,2018,lmô:p,phonetic,greedy,,,,
16-840-836-1,suri1265,Surin Khmer,1310,chla:t,phonetic,clever,,,,
17-110-836-1,suri1265,Surin Khmer,1562,ju:ə ĉt daʔ,phonetic,mind,,,,
17-140-836-1,suri1265,Surin Khmer,1513,kɨt,phonetic,think (= be of the opinion),,,,
17-150-836-1,suri1265,Surin Khmer,1890,cə̂:,phonetic,believe,,,,
17-160-836-1,suri1265,Surin Khmer,1536,khaw caj  ( T.),phonetic,understand,,,,
17-170-836-1,suri1265,Surin Khmer,1410,skɨəl,phonetic,know,,,,
17-171-836-1,suri1265,Surin Khmer,1932,panrɔ:h,phonetic,guess,,,,
17-190-836-1,suri1265,Surin Khmer,1609,knɨt,phonetic,"idea, notion",,,,
17-210-836-1,suri1265,Surin Khmer,698,chla:t,phonetic,wise,,,,
17-220-836-1,suri1265,Surin Khmer,1518,lŋuəŋ,phonetic,"foolish, stupid",,,,
17-230-836-1,suri1265,Surin Khmer,1899,ckô:t,phonetic,"insane, crazy",,,,
17-240-836-1,suri1265,Surin Khmer,504,rî:n,phonetic,learn,,,,
17-242-836-1,suri1265,Surin Khmer,1929,rî:n,phonetic,study,,,,
17-250-836-1,suri1265,Surin Khmer,709,sɔ:n    ( T.),phonetic,teach,,,,
17-260-836-1,suri1265,Surin Khmer,753,niəʔ rî:n  ( T.),phonetic,pupil,,,,
17-270-836-1,suri1265,Surin Khmer,1038,kru:,phonetic,teacher,,,,
17-280-836-1,suri1265,Surin Khmer,673,rô:ŋ rî:n  ( T.),phonetic,school,,,,
17-310-836-1,suri1265,Surin Khmer,707,cam,phonetic,remember,,,,
17-320-836-1,suri1265,Surin Khmer,1523,phlîc,phonetic,forget,,,,
17-340-836-1,suri1265,Surin Khmer,989,cbah,phonetic,"clear, plain",,,,
17-410-836-1,suri1265,Surin Khmer,1162,taŋĉt  ( T.),phonetic,"intention, purpose",,,,
17-420-836-1,suri1265,Surin Khmer,860,hɛ:t,phonetic,cause,,,,
17-430-836-1,suri1265,Surin Khmer,1308,soŋsaj,phonetic,doubt,,,,
17-440-836-1,suri1265,Surin Khmer,1841,jiəʔ,phonetic,suspect,,,,
17-441-836-1,suri1265,Surin Khmer,1902,kbât,phonetic,betray,,,,
17-460-836-1,suri1265,Surin Khmer,686,ŋi:əj,phonetic,easy,,,,
17-470-836-1,suri1265,Surin Khmer,584,ja:ʔ,phonetic,difficult,,,,
17-480-836-1,suri1265,Surin Khmer,1812,khâm,phonetic,"try, attempt",,,,
17-520-836-1,suri1265,Surin Khmer,1157,ńâ:n,phonetic,because,,,,
17-530-836-1,suri1265,Surin Khmer,1459,b̂:,phonetic,if,,,,
17-540-836-1,suri1265,Surin Khmer,1014,rɨ:,phonetic,or,,,,
17-560-836-1,suri1265,Surin Khmer,1269,man,phonetic,"no, negative",,,,
17-610-836-1,suri1265,Surin Khmer,1239,ja:ŋ na:,phonetic,how?,,,,
17-620-836-1,suri1265,Surin Khmer,822,pan na:,phonetic,how many?,,,,
17-630-836-1,suri1265,Surin Khmer,531,bla:,phonetic,how much?,,,,
17-640-836-1,suri1265,Surin Khmer,1236,sdej,phonetic,what?,,,,
17-650-836-1,suri1265,Surin Khmer,1238,dâl la:,phonetic,when?,,,,
17-660-836-1,suri1265,Surin Khmer,1237,ʔî: na:,phonetic,where?,,,,
17-670-836-1,suri1265,Surin Khmer,727,ʔna:,phonetic,which?,,,,
17-680-836-1,suri1265,Surin Khmer,1235,rna:,phonetic,who?,,,,
18-110-836-1,suri1265,Surin Khmer,1363,sanle:ń,phonetic,voice,,,,
18-120-836-1,suri1265,Surin Khmer,1261,râ:ŋ,phonetic,sing,,,,
18-130-836-1,suri1265,Surin Khmer,715,srɛ:ʔ,phonetic,"shout, cry out",,,,
18-150-836-1,suri1265,Surin Khmer,55,kŝp,phonetic,whisper,,,,
18-160-836-1,suri1265,Surin Khmer,128,rʔu: rʔu:,phonetic,mumble,,,,
18-170-836-1,suri1265,Surin Khmer,1025,hô:c,phonetic,whistle,,,,
18-180-836-1,suri1265,Surin Khmer,298,srɛ:ʔ,phonetic,"shriek, screech",,,,
18-190-836-1,suri1265,Surin Khmer,526,lu:,phonetic,howl,,,,
18-210-836-1,suri1265,Surin Khmer,1623,ńjɛj,phonetic,"speak, talk",,,,
18-220-836-1,suri1265,Surin Khmer,1458,ńjɛj,phonetic,say,,,,
18-230-836-1,suri1265,Surin Khmer,48,sŋat,phonetic,silent (be),,,,
18-240-836-1,suri1265,Surin Khmer,1307,psa: phsa:,phonetic,language,,,,
18-260-836-1,suri1265,Surin Khmer,1599,pi:əʔ,phonetic,word,,,,
18-280-836-1,suri1265,Surin Khmer,1405,chmo:h,phonetic,name,,,,
18-310-836-1,suri1265,Surin Khmer,1309,tneń,phonetic,"ask (question, inquire)",,,,
18-320-836-1,suri1265,Surin Khmer,1275,tâ:p,phonetic,answer,,,,
18-330-836-1,suri1265,Surin Khmer,2022,jâ:m rap  ( T.),phonetic,"admit, confess",,,,
18-340-836-1,suri1265,Surin Khmer,755,man jâ: rap,phonetic,deny,,,,
18-350-836-1,suri1265,Surin Khmer,1828,som,phonetic,"ask, request",,,,
18-360-836-1,suri1265,Surin Khmer,1675,sanja:,phonetic,promise,,,,
18-380-836-1,suri1265,Surin Khmer,83,ha:m,phonetic,forbid,,,,
18-390-836-1,suri1265,Surin Khmer,299,cî:,phonetic,"rebuke, scold",,,,
18-420-836-1,suri1265,Surin Khmer,180,haw,phonetic,call (=name),,,,
18-440-836-1,suri1265,Surin Khmer,1192,khu:  ( T.),phonetic,threaten,,,,
18-450-836-1,suri1265,Surin Khmer,101,ʔô:t,phonetic,boast,,,,
18-510-836-1,suri1265,Surin Khmer,1672,ce:r,phonetic,write,,,,
18-520-836-1,suri1265,Surin Khmer,724,ʔa:n,phonetic,read,,,,
18-560-836-1,suri1265,Surin Khmer,648,kda:h,phonetic,paper,,,,
18-570-836-1,suri1265,Surin Khmer,794,pkaj,phonetic,pen,,,,
18-610-836-1,suri1265,Surin Khmer,963,naŋsɨ:,phonetic,book,,,,
18-710-836-1,suri1265,Surin Khmer,777,khloj,phonetic,flute,,,,
18-720-836-1,suri1265,Surin Khmer,908,sku:ər,phonetic,drum,,,,
18-730-836-1,suri1265,Surin Khmer,2136,trɛ:,phonetic,"horn, trumpet",,,,
18-740-836-1,suri1265,Surin Khmer,300,ri:əh,phonetic,rattle,,,,
19-110-836-1,suri1265,Surin Khmer,1300,ptî:h,phonetic,country,,,,
19-120-836-1,suri1265,Surin Khmer,89,srɔʔ,phonetic,one's native country,,,,
19-150-836-1,suri1265,Surin Khmer,1391,mə̂:ŋ    ( T.),phonetic,"city, town",,,,
19-160-836-1,suri1265,Surin Khmer,930,srɔʔ,phonetic,village,,,,
19-170-836-1,suri1265,Surin Khmer,1010,khe:t tâ: dɛ:n,phonetic,boundary,,,,
19-210-836-1,suri1265,Surin Khmer,789,ri:əc sdâ:r,phonetic,people (populace),,,,
19-230-836-1,suri1265,Surin Khmer,302,pu:c,phonetic,"tribe, clan",,,,
19-250-836-1,suri1265,Surin Khmer,1296,chə: crât,phonetic,"staff, walking stick",,,,
19-320-836-1,suri1265,Surin Khmer,1508,sdac,phonetic,"king, ruler",,,,
19-320-836-3,suri1265,Surin Khmer,1508,lô:ʔ sdac,phonetic,"king, ruler",,,,
19-330-836-1,suri1265,Surin Khmer,1306,ppuən lô:ʔ sdac,phonetic,queen,,,,
19-370-836-1,suri1265,Surin Khmer,1032,ri:əc sda:r,phonetic,"citizen, subject",,,,
19-410-836-1,suri1265,Surin Khmer,383,ni:əj,phonetic,master,,,,
19-420-836-1,suri1265,Surin Khmer,812,kanciəh (kciəh),phonetic,slave,,,,
19-430-836-1,suri1265,Surin Khmer,255,ba:w,phonetic,servant,,,,
19-450-836-1,suri1265,Surin Khmer,1128,saŋ   ( T.),phonetic,"command, order",,,,
19-460-836-1,suri1265,Surin Khmer,1635,sdap,phonetic,obey,,,,
19-510-836-1,suri1265,Surin Khmer,1325,khni:ə,phonetic,"friend, companion",,,,
19-520-836-1,suri1265,Surin Khmer,1358,strɔw,phonetic,enemy,,,,
19-560-836-1,suri1265,Surin Khmer,1782,phńî:w,phonetic,guest,,,,
19-580-836-1,suri1265,Surin Khmer,1897,cô:j,phonetic,"help, aid",,,,
19-610-836-1,suri1265,Surin Khmer,1747,rbop (rbɔ:p),phonetic,custom,,,,
19-620-836-1,suri1265,Surin Khmer,1848,chluəh,phonetic,"strife, quarrel",,,,
19-650-836-1,suri1265,Surin Khmer,1831,ptiəh,phonetic,meet,,,,
19-720-836-1,suri1265,Surin Khmer,1610,kli:,phonetic,prostitute,,,,
20-110-836-1,suri1265,Surin Khmer,1423,cbaŋ,phonetic,fight (vb),,,,
20-130-836-1,suri1265,Surin Khmer,579,rop,phonetic,"war, battle",,,,
20-150-836-1,suri1265,Surin Khmer,1561,tɨəp,phonetic,army,,,,
20-170-836-1,suri1265,Surin Khmer,1941,t-ha:n,phonetic,soldier,,,,
20-220-836-1,suri1265,Surin Khmer,1763,tmâ:ŋ,phonetic,club,,,,
20-222-836-1,suri1265,Surin Khmer,386,pthaw,phonetic,battle-ax,,,,
20-230-836-1,suri1265,Surin Khmer,387,campi:əm jɨ:t (cpi:əm jɨ:t),phonetic,sling,,,,
20-240-836-1,suri1265,Surin Khmer,994,sna:,phonetic,bow,,,,
20-250-836-1,suri1265,Surin Khmer,977,thnu:,phonetic,arrow,,,,
20-270-836-1,suri1265,Surin Khmer,1535,da:p  ( T.),phonetic,sword,,,,
20-280-836-1,suri1265,Surin Khmer,1566,kamphlə̂:ŋ,phonetic,"gun, cannon",,,,
20-340-836-1,suri1265,Surin Khmer,1064,kbaŋ,phonetic,shield,,,,
20-410-836-1,suri1265,Surin Khmer,783,chniəh  (to win),phonetic,victory,,,,
20-420-836-1,suri1265,Surin Khmer,782,chni:əh,phonetic,defeat,,,,
20-450-836-1,suri1265,Surin Khmer,421,thâ:j,phonetic,retreat,,,,
20-460-836-1,suri1265,Surin Khmer,1696,jâ:m cań,phonetic,surrender,,,,
20-471-836-1,suri1265,Surin Khmer,1940,ji:əm,phonetic,"guard, sentinel",,,,
20-540-836-1,suri1265,Surin Khmer,388,snań,phonetic,fishnet,,,,
20-550-836-1,suri1265,Surin Khmer,389,tru:,phonetic,fish trap,,,,
20-560-836-1,suri1265,Surin Khmer,2013,nui (for fishing),phonetic,bait,,,,
20-620-836-1,suri1265,Surin Khmer,1172,bań,phonetic,shoot,,,,
20-640-836-1,suri1265,Surin Khmer,1075,ntiəʔ,phonetic,trap (noun),,,,
20-650-836-1,suri1265,Surin Khmer,1170,daʔ ntiəʔ,phonetic,trap (vb),,,,
21-110-836-1,suri1265,Surin Khmer,1062,kot ma:j  ( T.),phonetic,law,,,,
21-160-836-1,suri1265,Surin Khmer,1818,canri:əh,phonetic,judge (vb),,,,
21-220-836-1,suri1265,Surin Khmer,1034,camlə:j  ( T.),phonetic,defendant,,,,
21-240-836-1,suri1265,Surin Khmer,1939,sbât,phonetic,swear,,,,
21-360-836-1,suri1265,Surin Khmer,90,man deń psa:,phonetic,innocent,,,,
21-370-836-1,suri1265,Surin Khmer,390,tô:h,phonetic,"penalty, punishment",,,,
21-390-836-1,suri1265,Surin Khmer,1281,kuʔ,phonetic,"prison, jail",,,,
21-440-836-1,suri1265,Surin Khmer,953,l̂:ŋ srɛj,phonetic,rape,,,,
21-510-836-1,suri1265,Surin Khmer,713,lô:c,phonetic,steal,,,,
21-520-836-1,suri1265,Surin Khmer,1160,cɔ:r,phonetic,thief,,,,
22-110-836-1,suri1265,Surin Khmer,661,sa:t-sna:,phonetic,religion,,,,
22-130-836-1,suri1265,Surin Khmer,911,bo:t,phonetic,"temple, church",,,,
22-130-836-2,suri1265,Surin Khmer,911,wɨət,phonetic,"temple, church",,,,
22-170-836-1,suri1265,Surin Khmer,24,so:t muən,phonetic,pray,,,,
22-180-836-1,suri1265,Surin Khmer,852,lô:ʔ,phonetic,priest,,,,
22-220-836-1,suri1265,Surin Khmer,304,tî:h,phonetic,preach,,,,
22-230-836-1,suri1265,Surin Khmer,391,ʔɔ:j pu:ər,phonetic,bless,,,,
22-240-836-1,suri1265,Surin Khmer,8,daʔ pna:hsa:,phonetic,curse,,,,
22-260-836-1,suri1265,Surin Khmer,303,ʔât ba:j ʔât tɨʔ,phonetic,fast (vb),,,,
22-310-836-1,suri1265,Surin Khmer,1565,swan  ( T.),phonetic,heaven,,,,
22-350-836-1,suri1265,Surin Khmer,1973,khmɔ:c,phonetic,demon (evil spirit),,,,
22-350-836-2,suri1265,Surin Khmer,1973,pri:əj,phonetic,demon (evil spirit),,,,
22-420-836-1,suri1265,Surin Khmer,392,blɛj,phonetic,"magic, witchcraft, sorcery",,,,
22-430-836-1,suri1265,Surin Khmer,2137,ʔa: ca:r,phonetic,"sorcerer, witch",,,,
22-440-836-1,suri1265,Surin Khmer,2138,tî:wda (an angel,phonetic,"fairy, elf",,,,
22-440-836-3,suri1265,Surin Khmer,2138,heavenly spirit),phonetic,"fairy, elf",,,,
22-450-836-1,suri1265,Surin Khmer,1175,khmɔ:c,phonetic,"ghost, phantom",,,,
22-470-836-1,suri1265,Surin Khmer,107,la:ŋ,phonetic,"omen, portent",,,,
