ID,Language_ID,Language_name,Parameter_ID,Value,Transcription,Concept,Source,Comment,AlternativeValue,AlternativeTranscription
14-320-807-1,nucl1290,Wa,1852,səʒ́hɨŋ.A,phonetic,often,,,,
14-310-807-1,nucl1290,Wa,1676,səʒ́hɨŋ.A,phonetic,always,,,,
14-280-807-1,nucl1290,Wa,1928,nauʔ.B,phonetic,"cease, stop",,,,
14-270-807-1,nucl1290,Wa,1766,hɔik.A,phonetic,finish,,,,
14-260-807-1,nucl1290,Wa,743,ghɔik.A,phonetic,end (temporal),,,,
14-252-807-1,nucl1290,Wa,1186,sədiat.A,phonetic,"last, endure",,,,
14-250-807-1,nucl1290,Wa,1806,ʒ́aɨh.A,phonetic,"begin, beginning",,,,
14-240-807-1,nucl1290,Wa,425,gla.B,phonetic,"retard, delay",,,,
14-230-807-1,nucl1290,Wa,754,niat.B,phonetic,"hasten, hurry",,,,
14-220-807-1,nucl1290,Wa,701,kɔi.B,phonetic,slow,,,,
14-210-807-1,nucl1290,Wa,1631,phai.A,phonetic,"swift, fast, quick",,,,
14-190-807-1,nucl1290,Wa,1963,dum.A mɔʔ.A dum.A ʔan.A,phonetic,immediately,,,,
14-180-807-1,nucl1290,Wa,1376,jam.B ʔim.A,phonetic,now,,,,
14-170-807-1,nucl1290,Wa,477,lha.A,phonetic,late,,,,
14-160-807-1,nucl1290,Wa,672,ćau.B,phonetic,early,,,,
14-150-807-1,nucl1290,Wa,1229,kuat.B,phonetic,old,,,,
14-140-807-1,nucl1290,Wa,1207,ʔɔn.A ʒ́u.B,phonetic,young,,,,
14-120-807-1,nucl1290,Wa,1789,num.B koi.A,phonetic,age,,,,
14-130-807-1,nucl1290,Wa,1231,khrauʔ.A,phonetic,new,,,,
14-110-807-1,nucl1290,Wa,892,ʒ́u.B,phonetic,time,,,,
13-440-807-1,nucl1290,Wa,417,loi.A son.A,phonetic,three times,,,,
13-420-807-1,nucl1290,Wa,1859,ti.A loi.A,phonetic,third,,,,
13-380-807-1,nucl1290,Wa,1546,ra.A son.A,phonetic,two times,,,,
13-370-807-1,nucl1290,Wa,1888,tui.A,phonetic,pair,,,,
13-370-807-2,nucl1290,Wa,1888,ku.B,phonetic,pair,,,,
13-360-807-1,nucl1290,Wa,1384,ti.A ra.A,phonetic,second,,,,
13-350-807-1,nucl1290,Wa,1529,ghɔik.A,phonetic,last,,,,
13-340-807-1,nucl1290,Wa,728,ti.A tiʔ.B,phonetic,first,,,,
13-330-807-1,nucl1290,Wa,1580,ŋɛ.B,phonetic,"alone, only",,,,
13-330-807-2,nucl1290,Wa,1580,noŋ.A,phonetic,"alone, only",,,,
13-240-807-1,nucl1290,Wa,816,tiʔ.B plak.A,phonetic,half,,,,
13-230-807-1,nucl1290,Wa,779,tiʔ.B blah.A,phonetic,"part, piece",,,,
13-220-807-1,nucl1290,Wa,1624,ji.A,phonetic,empty,,,,
13-210-807-1,nucl1290,Wa,1429,nauk.B,phonetic,full,,,,
13-190-807-1,nucl1290,Wa,2023,phaŋ.A,phonetic,"multitude, crowd",,,,
13-181-807-1,nucl1290,Wa,1241,blah.A,phonetic,some,,,,
13-170-807-1,nucl1290,Wa,1242,ʔiak.A,phonetic,"little (quantity), few",,,,
13-180-807-1,nucl1290,Wa,1881,kup.B,phonetic,enough,,,,
13-160-807-1,nucl1290,Wa,1992,nɛ.B nɛ.B,phonetic,more,,,,
13-150-807-1,nucl1290,Wa,1198,nɛ.B,phonetic,"much, many",,,,
13-140-807-1,nucl1290,Wa,98,khɔm.A ʔuik.A,phonetic,"every, all",,,,
13-107-807-1,nucl1290,Wa,1420,səmin.B,phonetic,count,,,,
13-106-807-1,nucl1290,Wa,1843,rheŋ.A,phonetic,thousand,,,,
13-105-807-1,nucl1290,Wa,1634,jɛh.B,phonetic,hundred,,,,
13-104-807-1,nucl1290,Wa,1710,tiʔ.B ŋa.A,phonetic,twenty,,,,
13-103-807-1,nucl1290,Wa,1709,kau.A phuan.A,phonetic,fifteen,,,,
13-102-807-1,nucl1290,Wa,1707,kau.A ra.A,phonetic,twelve,,,,
13-101-807-1,nucl1290,Wa,1706,kau.A tiʔ.B,phonetic,eleven,,,,
13-100-807-1,nucl1290,Wa,1515,kau.A,phonetic,ten,,,,
12-930-807-1,nucl1290,Wa,1264,tɛh.B,phonetic,change,,,,
12-920-807-1,nucl1290,Wa,1558,ʔɔm.A,phonetic,"like, similar",,,,
12-840-807-1,nucl1290,Wa,1048,rhɔi.A,phonetic,line,,,,
12-850-807-1,nucl1290,Wa,1667,daɨʔ.A,phonetic,hole,,,,
12-830-807-1,nucl1290,Wa,1845,lɔŋ.A le.A,phonetic,"sphere, ball",,,,
12-810-807-1,nucl1290,Wa,1395,lɔm.A le.A,phonetic,round,,,,
12-820-807-1,nucl1290,Wa,1467,koŋ.A,phonetic,circle,,,,
12-780-807-1,nucl1290,Wa,850,si.A pak.A,phonetic,square,,,,
12-770-807-1,nucl1290,Wa,1367,kaŋ.A kai.A,phonetic,cross,,,,
12-760-807-1,nucl1290,Wa,192,dauk.B,phonetic,corner,,,,
12-750-807-1,nucl1290,Wa,1071,gok.A,phonetic,hook,,,,
12-740-807-1,nucl1290,Wa,297,kɔk.A,phonetic,crooked,,,,
12-730-807-1,nucl1290,Wa,1404,raɨh.B,phonetic,straight,,,,
12-710-807-1,nucl1290,Wa,1633,səbeŋ.B,phonetic,flat,,,,
12-680-807-1,nucl1290,Wa,193,thɔ.A,phonetic,shallow,,,,
12-670-807-1,nucl1290,Wa,1593,raɨʔ.A,phonetic,deep,,,,
12-650-807-1,nucl1290,Wa,2249,rhi.A,phonetic,thin (in dimension),,,,
12-630-807-1,nucl1290,Wa,1244,pu.B,phonetic,thick (in dimension),,,,
12-620-807-1,nucl1290,Wa,1267,kɔp.A,phonetic,narrow,,,,
12-610-807-1,nucl1290,Wa,1243,vɛh.B,phonetic,"wide, broad",,,,
12-590-807-1,nucl1290,Wa,1645,dɔt.B,phonetic,short,,,,
12-590-807-2,nucl1290,Wa,1645,ŋɔiŋ.A,phonetic,short,,,,
12-580-807-1,nucl1290,Wa,711,lhauŋ.A,phonetic,tall,,,,
12-570-807-1,nucl1290,Wa,1203,laŋ.A,phonetic,long,,,,
12-560-807-1,nucl1290,Wa,1246,ʔiak.A,phonetic,"small, little",,,,
12-550-807-1,nucl1290,Wa,1202,tiŋ.B,phonetic,"large, big",,,,
12-541-807-1,nucl1290,Wa,81,tɔp.B,phonetic,"span, fathom",,,,
12-541-807-2,nucl1290,Wa,81,dɛʔ.B,phonetic,"span, fathom",,,,
12-541-807-3,nucl1290,Wa,81,gauŋ.B,phonetic,"span, fathom",,,,
12-540-807-1,nucl1290,Wa,1506,tiak.B,phonetic,measure,,,,
12-530-807-1,nucl1290,Wa,479,kuah.B,phonetic,grow,,,,
12-480-807-1,nucl1290,Wa,1595,plak.A seh.A,phonetic,south,,,,
12-470-807-1,nucl1290,Wa,1598,plak.A lauŋ.B,phonetic,north,,,,
12-460-807-1,nucl1290,Wa,1817,plak.A laik.B səŋaiʔ.B,phonetic,west,,,,
12-450-807-1,nucl1290,Wa,1877,plak.A lih.B səŋaiʔ.B,phonetic,east,,,,
12-430-807-1,nucl1290,Wa,1942,deʔ.B,phonetic,near (adv),,,,
12-430-807-2,nucl1290,Wa,1942,səŋai.B,phonetic,near (adv),,,,
12-420-807-1,nucl1290,Wa,244,plak.A guɛʔ.A,phonetic,left (side),,,,
12-410-807-1,nucl1290,Wa,1019,plak.A dɔm.A,phonetic,right (side),,,,
12-370-807-1,nucl1290,Wa,1093,grəŋ.B,phonetic,"middle, center",,,,
12-360-807-1,nucl1290,Wa,682,plak.A,phonetic,side,,,,
12-353-807-1,nucl1290,Wa,863,prauk.A,phonetic,edge,,,,
12-352-807-1,nucl1290,Wa,372,ćhɔik.A,phonetic,pointed,,,,
12-350-807-1,nucl1290,Wa,742,rau.B,phonetic,end,,,,
12-340-807-1,nucl1290,Wa,690,kre.A,phonetic,bottom,,,,
12-320-807-1,nucl1290,Wa,721,tiam.B,phonetic,low,,,,
12-330-807-1,nucl1290,Wa,1753,ńɔik.B,phonetic,top,,,,
12-310-807-1,nucl1290,Wa,1265,lhauŋ.A,phonetic,high,,,,
12-270-807-1,nucl1290,Wa,602,prɛʔ.A,phonetic,"hide, conceal",,,,
12-270-807-2,nucl1290,Wa,602,moʔ.A,phonetic,"hide, conceal",,,,
12-250-807-1,nucl1290,Wa,1046,ńɨp.B,phonetic,"shut, close",,,,
12-250-807-2,nucl1290,Wa,1046,mɔp.A,phonetic,"shut, close",,,,
12-250-807-4,nucl1290,Wa,1046,mip.A,phonetic,"shut, close",,,,
12-260-807-1,nucl1290,Wa,761,top.B,phonetic,cover,,,,
12-260-807-3,nucl1290,Wa,761,tɛp.B,phonetic,cover,,,,
12-240-807-1,nucl1290,Wa,1156,pauh.A,phonetic,open,,,,
12-232-807-1,nucl1290,Wa,1119,guah.B,phonetic,divide,,,,
12-230-807-1,nucl1290,Wa,1359,guah.B,phonetic,separate,,,,
12-220-807-1,nucl1290,Wa,1743,toi.A,phonetic,"join, unite",,,,
12-213-807-1,nucl1290,Wa,1576,ruʔ.B,phonetic,pile up,,,,
12-212-807-1,nucl1290,Wa,371,sut.A,phonetic,pick up,,,,
12-210-807-1,nucl1290,Wa,7,khrɔm.A,phonetic,"collect, gather",,,,
12-170-807-1,nucl1290,Wa,838,dək.A,phonetic,"remains, left overs",,,,
12-160-807-1,nucl1290,Wa,987,ʔot.A,phonetic,"remain, stay",,,,
12-150-807-1,nucl1290,Wa,1442,ćuŋ.B,phonetic,stand,,,,
12-140-807-1,nucl1290,Wa,215,nɔi.A,phonetic,lie down,,,,
12-130-807-1,nucl1290,Wa,1416,ŋɔm.B,phonetic,sit,,,,
12-120-807-1,nucl1290,Wa,998,dəh.B,phonetic,put,,,,
12-110-807-1,nucl1290,Wa,723,dɨ.B,phonetic,place,,,,
11-920-807-1,nucl1290,Wa,1098,ćiaŋ.B,phonetic,weigh,,,,
11-910-807-1,nucl1290,Wa,884,rɔi.B,phonetic,share (distribute),,,,
11-890-807-1,nucl1290,Wa,1887,jɛ.B,phonetic,cheap,,,,
11-880-807-1,nucl1290,Wa,1426,ŋuah.B,phonetic,"dear (costly, expensive)",,,,
11-870-807-1,nucl1290,Wa,657,ŋuah.B,phonetic,price,,,,
11-860-807-1,nucl1290,Wa,752,ńɛʔ.B ćoih.B kraɨŋ.B,phonetic,"store, shop",,,,
11-850-807-1,nucl1290,Wa,633,laih.A,phonetic,market (place),,,,
11-840-807-1,nucl1290,Wa,1082,pui.B juh.B lai.B,phonetic,merchant,,,,
11-830-807-1,nucl1290,Wa,2135,juh.B lai.B,phonetic,"trade, barter",,,,
11-820-807-1,nucl1290,Wa,1571,ćoih.B,phonetic,sell,,,,
11-810-807-1,nucl1290,Wa,1869,liak.B,phonetic,buy,,,,
11-790-807-1,nucl1290,Wa,733,sɔk.B (maɨ.B),phonetic,earn,,,,
11-780-807-1,nucl1290,Wa,1122,riaŋ.B,phonetic,wages,,,,
11-770-807-1,nucl1290,Wa,856,sɔk.B pui.B ćaŋ.A,phonetic,hire,,,,
11-690-807-1,nucl1290,Wa,873,gha.A,phonetic,"tax, tribute",,,,
11-660-807-1,nucl1290,Wa,1081,ćaŋ.B,phonetic,"account, reckoning",,,,
11-650-807-1,nucl1290,Wa,718,tɔʔ.A (maɨ.B),phonetic,pay (vb),,,,
11-640-807-1,nucl1290,Wa,1914,ćək.A,phonetic,debt,,,,
11-630-807-1,nucl1290,Wa,369,ćək.A,phonetic,owe,,,,
11-620-807-1,nucl1290,Wa,1823,jauk.B,phonetic,borrow,,,,
11-620-807-2,nucl1290,Wa,1823,vai.B,phonetic,borrow,,,,
11-610-807-1,nucl1290,Wa,582,tɔʔ.A pui.B vai.A,phonetic,lend,,,,
11-540-807-1,nucl1290,Wa,1774,səbian.B,phonetic,"avaricious, stingy",,,,
11-530-807-1,nucl1290,Wa,1934,pui.B ćaɨŋ.B,phonetic,beggar,,,,
11-520-807-1,nucl1290,Wa,1674,hot.A,phonetic,poor,,,,
11-510-807-1,nucl1290,Wa,712,mi.B,phonetic,rich,,,,
11-440-807-1,nucl1290,Wa,1867,maɨ.B luah.A,phonetic,coin,,,,
11-430-807-1,nucl1290,Wa,1559,maɨ.A,phonetic,money,,,,
11-330-807-1,nucl1290,Wa,1660,grai.A,phonetic,lose,,,,
11-320-807-1,nucl1290,Wa,719,jauʔ.B,phonetic,find,,,,
11-310-807-1,nucl1290,Wa,1468,sɔk.B,phonetic,"seek, look for",,,,
11-280-807-1,nucl1290,Wa,44,laɨʔ.B,phonetic,"harm, injure, damage",,,,
11-270-807-1,nucl1290,Wa,681,plaɨʔ.A,phonetic,destroy,,,,
11-250-807-1,nucl1290,Wa,2008,tauh.A,phonetic,"save, rescue",,,,
11-240-807-1,nucl1290,Wa,1997,gaik.B,phonetic,"preserve, look after",,,,
11-220-807-1,nucl1290,Wa,85,dɨih.B tɔʔ.A,phonetic,give back,,,,
11-210-807-1,nucl1290,Wa,1447,tɔʔ.A,phonetic,give,,,,
11-180-807-1,nucl1290,Wa,738,kraɨŋ.B,phonetic,thing,,,,
11-160-807-1,nucl1290,Wa,694,pon.B,phonetic,"get, obtain",,,,
11-150-807-1,nucl1290,Wa,1448,ʒ́hɔp.A,phonetic,hold,,,,
11-140-807-1,nucl1290,Wa,2021,gɛʔ.A,phonetic,"seize, grasp",,,,
11-130-807-1,nucl1290,Wa,1749,tɨi.B,phonetic,take,,,,
11-120-807-1,nucl1290,Wa,684,ćɛ.B,phonetic,"own, possess",,,,
11-120-807-2,nucl1290,Wa,684,ćaʔ.A,phonetic,"own, possess",,,,
11-110-807-1,nucl1290,Wa,773,koi.A,phonetic,have,,,,
10-920-807-1,nucl1290,Wa,1922,hauk.A,phonetic,land (vb),,,,
10-910-807-1,nucl1290,Wa,610,dɨ.B tum.A rə.B,phonetic,"harbor, port",,,,
10-890-807-1,nucl1290,Wa,1870,tum.A,phonetic,anchor,,,,
10-880-807-1,nucl1290,Wa,786,blɔŋ.B hu.A rə.B,phonetic,sail (noun),,,,
10-860-807-1,nucl1290,Wa,108,khauʔ.A phat.A rə.B,phonetic,rudder,,,,
10-851-807-1,nucl1290,Wa,234,khauʔ.A vai.A rə.A,phonetic,paddle (noun),,,,
10-850-807-1,nucl1290,Wa,108,khauʔ.A vai.A rə.A,phonetic,oar,,,,
10-831-807-1,nucl1290,Wa,1970,rə.B dɔŋ.A lik.B,phonetic,canoe,,,,
10-830-807-1,nucl1290,Wa,1844,rə.B ʔiak.A,phonetic,boat,,,,
10-810-807-1,nucl1290,Wa,740,rə.B tiŋ.B,phonetic,ship,,,,
10-780-807-1,nucl1290,Wa,14,ʔiak.A,phonetic,yoke,,,,
10-770-807-1,nucl1290,Wa,1769,kroŋ.A,phonetic,axle,,,,
10-760-807-1,nucl1290,Wa,710,liŋ.A,phonetic,wheel,,,,
10-750-807-1,nucl1290,Wa,122,ćhə.A,phonetic,"carriage, wagon, cart",,,,
10-740-807-1,nucl1290,Wa,1011,səbaɨk.A,phonetic,bridge,,,,
10-720-807-1,nucl1290,Wa,2252,kraʔ.A ʔiak.A,phonetic,path,,,,
10-710-807-1,nucl1290,Wa,667,kraʔ.A,phonetic,road,,,,
10-670-807-1,nucl1290,Wa,1452,ńhot.A,phonetic,"push, shove",,,,
10-660-807-1,nucl1290,Wa,367,bruk.B,phonetic,ride,,,,
10-650-807-1,nucl1290,Wa,741,phat.A,phonetic,drive,,,,
10-640-807-1,nucl1290,Wa,43,vɛʔ.B hu.A,phonetic,lead (vb),,,,
10-630-807-1,nucl1290,Wa,1127,səbauʔ.A,phonetic,send,,,,
10-620-807-1,nucl1290,Wa,692,vɛʔ.B hoik.A,phonetic,bring,,,,
10-615-807-1,nucl1290,Wa,415,kiap.A,phonetic,carry-underarm,,,,
10-614-807-1,nucl1290,Wa,414,pɨih.B,phonetic,carry-on-head,,,,
10-613-807-1,nucl1290,Wa,413,klɔm.A,phonetic,carry-on-shoulder,,,,
10-612-807-1,nucl1290,Wa,412,giaŋ.A,phonetic,carry-in-hand,,,,
10-610-807-1,nucl1290,Wa,700,vɛʔ.B,phonetic,carry (bear),,,,
10-570-807-1,nucl1290,Wa,749,laik.B,phonetic,enter,,,,
10-560-807-1,nucl1290,Wa,1778,krɨʔ.A,phonetic,approach,,,,
10-550-807-1,nucl1290,Wa,1387,hoik.A,phonetic,"reach, arrive",,,,
10-530-807-1,nucl1290,Wa,1047,phɨt.A,phonetic,pursue,,,,
10-520-807-1,nucl1290,Wa,1085,hɔt.A,phonetic,follow,,,,
10-510-807-1,nucl1290,Wa,956,to.A,phonetic,flee,,,,
10-491-807-1,nucl1290,Wa,485,grai.A,phonetic,disappear,,,,
10-490-807-1,nucl1290,Wa,1752,lih.B khaiŋ.A,phonetic,"go away, depart",,,,
10-481-807-1,nucl1290,Wa,581,ʔiŋ.A,phonetic,come back,,,,
10-481-807-2,nucl1290,Wa,581,dɨih.B,phonetic,come back,,,,
10-480-807-1,nucl1290,Wa,1446,hoik.A,phonetic,come,,,,
10-474-807-1,nucl1290,Wa,1107,lih.B,phonetic,go out,,,,
10-473-807-1,nucl1290,Wa,2014,lih.B,phonetic,go down,,,,
10-472-807-1,nucl1290,Wa,1102,hauk.A,phonetic,climb,,,,
10-470-807-1,nucl1290,Wa,695,hu.A,phonetic,go,,,,
10-471-807-1,nucl1290,Wa,705,hauk.A,phonetic,go up,,,,
10-460-807-1,nucl1290,Wa,1519,to.A,phonetic,run,,,,
10-451-807-1,nucl1290,Wa,366,hu.A ćaŋ.A kri.B,phonetic,limp,,,,
10-450-807-1,nucl1290,Wa,1443,hu.A kraʔ.A,phonetic,walk,,,,
10-440-807-1,nucl1290,Wa,1879,ghrauh.A,phonetic,dance,,,,
10-431-807-1,nucl1290,Wa,1135,tiat.B,phonetic,kick,,,,
10-430-807-1,nucl1290,Wa,1829,ʒ́au.A,phonetic,"jump, leap",,,,
10-430-807-2,nucl1290,Wa,1829,ćaŋ.B ćɔt.B,phonetic,"jump, leap",,,,
10-420-807-1,nucl1290,Wa,1324,ćaŋ.A ćhia.A,phonetic,"slide, slip",,,,
10-420-807-2,nucl1290,Wa,1324,ćaŋ.B klat.B,phonetic,"slide, slip",,,,
10-413-807-1,nucl1290,Wa,296,ŋɔm.B ńak.A ńo.A,phonetic,crouch,,,,
10-412-807-1,nucl1290,Wa,66,gruʔ.A,phonetic,kneel,,,,
10-410-807-1,nucl1290,Wa,96,mo.B,phonetic,"creep, crawl",,,,
10-380-807-1,nucl1290,Wa,175,phlu.A,phonetic,blow,,,,
10-370-807-1,nucl1290,Wa,1441,pu.A,phonetic,fly (vb),,,,
10-360-807-1,nucl1290,Wa,787,vai.A rə.B,phonetic,sail (vb),,,,
10-352-807-1,nucl1290,Wa,365,thɛt.A rɔm.A,phonetic,splash,,,,
10-351-807-1,nucl1290,Wa,119,ʔɨt.A tiʔ.A grɨm.A rɔm.A,phonetic,dive,,,,
10-350-807-1,nucl1290,Wa,1439,loi.B,phonetic,swim,,,,
10-340-807-1,nucl1290,Wa,1574,səbloi.A,phonetic,float,,,,
10-330-807-1,nucl1290,Wa,1088,ćom.B,phonetic,sink,,,,
10-320-807-1,nucl1290,Wa,2003,ʔiŋ.B,phonetic,flow,,,,
10-320-807-2,nucl1290,Wa,2003,la.B,phonetic,flow,,,,
10-260-807-1,nucl1290,Wa,1909,juŋ.A jaŋ.A,phonetic,shake,,,,
10-252-807-1,nucl1290,Wa,702,ʒ́hɔp.A,phonetic,catch (ball),,,,
10-252-807-2,nucl1290,Wa,702,rɛp.B,phonetic,catch (ball),,,,
10-250-807-1,nucl1290,Wa,1456,vut.B,phonetic,throw,,,,
10-250-807-2,nucl1290,Wa,1456,khuaŋ.A,phonetic,throw,,,,
10-240-807-1,nucl1290,Wa,2253,ʒ́aɨh.A,phonetic,drip,,,,
10-230-807-1,nucl1290,Wa,1280,raɨ.B,phonetic,fall,,,,
10-220-807-1,nucl1290,Wa,501,jauk.B,phonetic,"raise, lift",,,,
10-210-807-1,nucl1290,Wa,568,hauk.A,phonetic,rise,,,,
10-170-807-1,nucl1290,Wa,430,duiŋ.A,phonetic,twist,,,,
10-170-807-2,nucl1290,Wa,430,səjiat.B,phonetic,twist,,,,
10-150-807-1,nucl1290,Wa,827,pua.A,phonetic,roll,,,,
10-140-807-1,nucl1290,Wa,1113,kɛ.B,phonetic,"wind, wrap",,,,
10-130-807-1,nucl1290,Wa,1445,dɨih.B ghaiʔ.A,phonetic,turn around,,,,
10-120-807-1,nucl1290,Wa,1588,pu.A plak.A,phonetic,turn over,,,,
10-110-807-1,nucl1290,Wa,765,duʔ.B,phonetic,move,,,,
9-890-807-1,nucl1290,Wa,2001,kraiʔ.A,phonetic,paint (vb),,,,
9-840-807-1,nucl1290,Wa,1979,ʒ́haik.A,phonetic,chisel,,,,
9-880-807-1,nucl1290,Wa,647,graiʔ.B,phonetic,paint (noun),,,,
9-830-807-1,nucl1290,Wa,1002,riaŋ.B ghlauk.B,phonetic,statue,,,,
9-820-807-1,nucl1290,Wa,914,ćau.A tiam.A ćau.A ghlauk.A,phonetic,sculptor,,,,
9-810-807-1,nucl1290,Wa,228,ghlauk.A,phonetic,carve,,,,
9-791-807-1,nucl1290,Wa,360,jip.B,phonetic,fan (vb),,,,
9-790-807-1,nucl1290,Wa,1971,pa.B jip.B bhaɨŋ.A,phonetic,fan (noun),,,,
9-780-807-1,nucl1290,Wa,293,baɨ.A rup.B,phonetic,netbag,,,,
9-771-807-1,nucl1290,Wa,292,dɛh.B,phonetic,rug,,,,
9-770-807-1,nucl1290,Wa,195,ʒ́hat.A,phonetic,mat,,,,
9-760-807-1,nucl1290,Wa,1539,phlɛʔ.A,phonetic,basket,,,,
9-760-807-2,nucl1290,Wa,1539,khrɔŋ.A,phonetic,basket,,,,
9-750-807-1,nucl1290,Wa,1729,taiŋ.A,phonetic,"weave, plait",,,,
9-740-807-1,nucl1290,Wa,604,səliak.B,phonetic,glass,,,,
9-730-807-1,nucl1290,Wa,1399,tɛʔ.B,phonetic,clay,,,,
9-720-807-1,nucl1290,Wa,289,juh.B pəŋ.A,phonetic,mold (clay etc),,,,
9-710-807-1,nucl1290,Wa,359,ćau.A juh.B ŋɔi.B,phonetic,potter,,,,
9-690-807-1,nucl1290,Wa,358,hek.A,phonetic,"tin, tinplate",,,,
9-680-807-1,nucl1290,Wa,627,səvun.B,phonetic,lead (noun),,,,
9-670-807-1,nucl1290,Wa,621,rhiam.A,phonetic,iron,,,,
9-660-807-1,nucl1290,Wa,1825,tɔŋ.B,phonetic,"copper, bronze",,,,
9-650-807-1,nucl1290,Wa,759,maɨ.B,phonetic,silver,,,,
9-640-807-1,nucl1290,Wa,1369,khri.A,phonetic,gold,,,,
9-630-807-1,nucl1290,Wa,211,lhɔ.A,phonetic,cast (metals),,,,
9-620-807-1,nucl1290,Wa,1648,dum.B,phonetic,anvil,,,,
9-610-807-1,nucl1290,Wa,288,kha.A rhiam.A,phonetic,forge,,,,
9-600-807-1,nucl1290,Wa,1001,ćaŋ.B lhek.B,phonetic,"smith, blacksmith",,,,
9-560-807-1,nucl1290,Wa,1069,bit.B,phonetic,glue,,,,
9-500-807-1,nucl1290,Wa,502,ʒ́im.A,phonetic,nail,,,,
9-490-807-1,nucl1290,Wa,1481,tɔk.A,phonetic,hammer,,,,
9-490-807-2,nucl1290,Wa,1481,gɔn.A tɔk.A,phonetic,hammer,,,,
9-480-807-1,nucl1290,Wa,1948,si.A,phonetic,saw,,,,
9-480-807-2,nucl1290,Wa,1948,ʒ́hui.A,phonetic,saw,,,,
9-461-807-1,nucl1290,Wa,46,kauŋ.A,phonetic,hollow out,,,,
9-460-807-1,nucl1290,Wa,1501,suat.A,phonetic,bore,,,,
9-440-807-1,nucl1290,Wa,1840,sum.A (ńɛʔ.B),phonetic,build,,,,
9-430-807-1,nucl1290,Wa,1042,ćaŋ.B mai.B,phonetic,carpenter,,,,
9-422-807-1,nucl1290,Wa,1361,kraɨŋ.B siau.B,phonetic,tool,,,,
9-380-807-1,nucl1290,Wa,245,bih.A,phonetic,broom,,,,
9-360-807-1,nucl1290,Wa,1453,sədaɨʔ.A,phonetic,wash,,,,
9-360-807-2,nucl1290,Wa,1453,khoik.A,phonetic,wash,,,,
9-370-807-1,nucl1290,Wa,230,pih.A,phonetic,sweep,,,,
9-350-807-1,nucl1290,Wa,1487,praɨk.A,phonetic,pour,,,,
9-343-807-1,nucl1290,Wa,1414,biat.A,phonetic,"squeeze, wring",,,,
9-343-807-2,nucl1290,Wa,1414,səjiat.A,phonetic,"squeeze, wring",,,,
9-342-807-1,nucl1290,Wa,1913,jɨn.B,phonetic,press,,,,
9-341-807-1,nucl1290,Wa,357,vhak.A,phonetic,hang up,,,,
9-340-807-1,nucl1290,Wa,38,plak.A,phonetic,spread out,,,,
9-330-807-1,nucl1290,Wa,1455,tuk.A,phonetic,pull,,,,
9-330-807-2,nucl1290,Wa,1455,tok.A,phonetic,pull,,,,
9-320-807-1,nucl1290,Wa,214,toik.A,phonetic,stretch,,,,
9-310-807-1,nucl1290,Wa,1449,khat.A,phonetic,"rub, wipe",,,,
9-290-807-1,nucl1290,Wa,291,paih.A,phonetic,"flay, skin",,,,
9-290-807-2,nucl1290,Wa,291,lɛh.B,phonetic,"flay, skin",,,,
9-280-807-1,nucl1290,Wa,1735,riah.B,phonetic,tear,,,,
9-270-807-1,nucl1290,Wa,1437,luk.B,phonetic,split,,,,
9-261-807-1,nucl1290,Wa,588,maʔ.A,phonetic,broken,,,,
9-260-807-1,nucl1290,Wa,680,viah.A,phonetic,break,,,,
9-250-807-1,nucl1290,Wa,677,moi.A,phonetic,ax,,,,
9-251-807-1,nucl1290,Wa,290,moi.A thah.A,phonetic,adze,,,,
9-240-807-1,nucl1290,Wa,356,gip.A koŋ.B,phonetic,"scissors, shears",,,,
9-230-807-1,nucl1290,Wa,1352,vaik.B,phonetic,knife,,,,
9-223-807-1,nucl1290,Wa,1434,suat.A,phonetic,stab,,,,
9-222-807-1,nucl1290,Wa,155,gu.B,phonetic,"chop, hew",,,,
9-221-807-1,nucl1290,Wa,355,kit.B,phonetic,cut down,,,,
9-220-807-1,nucl1290,Wa,1432,sit.A,phonetic,cut,,,,
9-220-807-2,nucl1290,Wa,1432,pat.A,phonetic,cut,,,,
9-211-807-1,nucl1290,Wa,354,tup.B,phonetic,pound with fist,,,,
9-210-807-1,nucl1290,Wa,2133,tɔk.A,phonetic,"strike (hit, beat)",,,,
9-210-807-2,nucl1290,Wa,2133,taɨh.A,phonetic,"strike (hit, beat)",,,,
9-210-807-3,nucl1290,Wa,2133,puiŋ.A,phonetic,"strike (hit, beat)",,,,
9-192-807-1,nucl1290,Wa,760,bhok.A,phonetic,knot (noun),,,,
9-190-807-1,nucl1290,Wa,1218,mauʔ.A,phonetic,"rope, cord",,,,
9-180-807-1,nucl1290,Wa,1627,ćeŋ.B,phonetic,chain,,,,
9-161-807-1,nucl1290,Wa,352,kah.A,phonetic,untie,,,,
9-160-807-1,nucl1290,Wa,1917,phjɔk.A,phonetic,"tie, bind",,,,
9-150-807-1,nucl1290,Wa,1470,niak.A,phonetic,fold,,,,
9-140-807-1,nucl1290,Wa,2004,gɔk.A,phonetic,bend,,,,
9-120-807-1,nucl1290,Wa,984,juh.B kaiŋ.B,phonetic,work,,,,
9-110-807-1,nucl1290,Wa,2575,juh.B,phonetic,"do, make",,,,
8-980-807-1,nucl1290,Wa,641,tih.A,phonetic,mushroom,,,,
8-970-807-1,nucl1290,Wa,33,kat.A hɨik.A,phonetic,nettle,,,,
8-960-807-1,nucl1290,Wa,348,plaɨʔ.A kaʔ.A kah.A sədaʔ.A ʔɔp.A,phonetic,fish poison (root),,,,
8-941-807-1,nucl1290,Wa,146,meʔ.B,phonetic,sugar cane,,,,
8-940-807-1,nucl1290,Wa,1927,ʔoʔ.A,phonetic,bamboo,,,,
8-931-807-1,nucl1290,Wa,864,bi.A num.B,phonetic,"pumpkin, squash",,,,
8-930-807-1,nucl1290,Wa,411,səŋian.B,phonetic,gourd,,,,
8-920-807-1,nucl1290,Wa,925,hon.A khauʔ.A,phonetic,"tapioca, manioc, cassava",,,,
8-912-807-1,nucl1290,Wa,410,hon.A,phonetic,yam,,,,
8-910-807-1,nucl1290,Wa,159,hon.A ʔɔi.A,phonetic,sweet potato,,,,
8-850-807-1,nucl1290,Wa,346,khauʔ.A ruŋ.B,phonetic,banyan,,,,
8-840-807-1,nucl1290,Wa,868,paŋ.A muah.B,phonetic,banana tree,,,,
8-830-807-1,nucl1290,Wa,1126,mak.A ćɔk.A,phonetic,citrus fruit,,,,
8-820-807-1,nucl1290,Wa,970,mak.A ʔun.A,phonetic,coconut,,,,
8-810-807-1,nucl1290,Wa,1181,khauʔ.A səkhrɔi.A,phonetic,palm tree,,,,
8-760-807-1,nucl1290,Wa,345,pɨih.B,phonetic,sap,,,,
8-750-807-1,nucl1290,Wa,1204,lhoʔ.A khauʔ.A,phonetic,bark,,,,
8-740-807-1,nucl1290,Wa,409,kak.A khauʔ.A,phonetic,forked branch,,,,
8-730-807-1,nucl1290,Wa,344,gɔŋ.A,phonetic,tree trunk,,,,
8-720-807-1,nucl1290,Wa,241,num.A khauʔ.A,phonetic,tree stump,,,,
8-691-807-1,nucl1290,Wa,1124,lɔk.A sup.B,phonetic,pipe,,,,
8-690-807-1,nucl1290,Wa,1689,jɔt.A (sup.B),phonetic,smoke (tobacco),,,,
8-690-807-2,nucl1290,Wa,1689,sup.B səlit.B,phonetic,smoke (tobacco),,,,
8-680-807-1,nucl1290,Wa,974,sup.B,phonetic,tobacco,,,,
8-670-807-1,nucl1290,Wa,343,nhu.A,phonetic,vine,,,,
8-660-807-1,nucl1290,Wa,968,pliʔ.A khauʔ.A krɔp.A,phonetic,acorn,,,,
8-650-807-1,nucl1290,Wa,1915,khauʔ.A giʔ.B kat.A,phonetic,fir,,,,
8-640-807-1,nucl1290,Wa,1740,khauʔ.A giʔ.B,phonetic,pine,,,,
8-620-807-1,nucl1290,Wa,1950,khauʔ.A piak.A van.A,phonetic,beech,,,,
8-610-807-1,nucl1290,Wa,644,khauʔ.A krɔp.A,phonetic,oak,,,,
8-600-807-1,nucl1290,Wa,906,khauʔ.A,phonetic,tree,,,,
8-570-807-1,nucl1290,Wa,239,tai.B,phonetic,flower,,,,
8-560-807-1,nucl1290,Wa,628,lhaʔ.A,phonetic,leaf,,,,
8-550-807-1,nucl1290,Wa,1531,kak.A khauʔ.A,phonetic,branch,,,,
8-540-807-1,nucl1290,Wa,670,riah.B,phonetic,root,,,,
8-531-807-1,nucl1290,Wa,1486,sum.A,phonetic,plant (vb),,,,
8-520-807-1,nucl1290,Wa,342,breʔ.B,phonetic,hay,,,,
8-530-807-1,nucl1290,Wa,653,khauʔ.A ʔoʔ.A rip.B rɛm.B,phonetic,plant (noun),,,,
8-510-807-1,nucl1290,Wa,606,rip.B,phonetic,grass,,,,
8-480-807-1,nucl1290,Wa,926,ʔɨp.A,phonetic,rice,,,,
8-470-807-1,nucl1290,Wa,506,səvɔŋ.B,phonetic,"maize, corn",,,,
8-460-807-1,nucl1290,Wa,60,ka.A muŋ.B,phonetic,oats,,,,
8-450-807-1,nucl1290,Wa,23,ŋhoʔ.A ćaʔ.A luŋ.B,phonetic,rye,,,,
8-430-807-1,nucl1290,Wa,1077,ŋhoʔ.A ćaʔ.A,phonetic,wheat,,,,
8-440-807-1,nucl1290,Wa,932,ŋhoʔ.A ćaʔ.A tiŋ.B,phonetic,barley,,,,
8-420-807-1,nucl1290,Wa,605,to.A ma.A,phonetic,"grain (barley, oats etc)",,,,
8-410-807-1,nucl1290,Wa,611,to.A ma.A pon.B,phonetic,"crop, harvest",,,,
8-350-807-1,nucl1290,Wa,223,glaɨh.B,phonetic,threshing-floor,,,,
8-340-807-1,nucl1290,Wa,285,paɨh.B ŋhoʔ.A,phonetic,thresh,,,,
8-330-807-1,nucl1290,Wa,2132,səvɔk.B,phonetic,"sickle, scythe",,,,
8-320-807-1,nucl1290,Wa,190,vɔk.B,phonetic,"mow, reap",,,,
8-311-807-1,nucl1290,Wa,714,səmɛ.B,phonetic,seed,,,,
8-310-807-1,nucl1290,Wa,748,saɨ.A səmɛ.B,phonetic,sow,,,,
8-270-807-1,nucl1290,Wa,338,phə.A,phonetic,rake,,,,
8-260-807-1,nucl1290,Wa,337,khauʔ.A ʒ́hauk.A breʔ.B,phonetic,fork,,,,
8-250-807-1,nucl1290,Wa,284,khɔ.A,phonetic,hoe,,,,
8-250-807-2,nucl1290,Wa,284,ćiak.B,phonetic,hoe,,,,
8-240-807-1,nucl1290,Wa,1901,ćhauk.A,phonetic,shovel,,,,
8-230-807-1,nucl1290,Wa,1176,ʒ́hauk.A,phonetic,spade,,,,
8-212-807-1,nucl1290,Wa,1794,rhɔi.A thai.A,phonetic,furrow,,,,
8-220-807-1,nucl1290,Wa,1418,pauk.B,phonetic,dig,,,,
8-210-807-1,nucl1290,Wa,1921,thai.A,phonetic,plow,,,,
8-170-807-1,nucl1290,Wa,2002,rɔŋ.B,phonetic,ditch,,,,
8-160-807-1,nucl1290,Wa,1690,ŋhauŋ.A,phonetic,fence,,,,
8-150-807-1,nucl1290,Wa,1541,hu.A ma.A gha.A kaiŋ.B,phonetic,"cultivate, till",,,,
8-130-807-1,nucl1290,Wa,586,səbɨm.B,phonetic,garden,,,,
8-120-807-1,nucl1290,Wa,212,kaɨŋ.A,phonetic,field (for cultivation),,,,
8-110-807-1,nucl1290,Wa,979,pui.B juh.B kaiŋ.B ma.A,phonetic,farmer,,,,
7-640-807-1,nucl1290,Wa,901,tɛʔ.A luk.B lin.B,phonetic,adobe,,,,
7-630-807-1,nucl1290,Wa,224,glauʔ.B mhaik.A thun.A,phonetic,mortar,,,,
7-620-807-1,nucl1290,Wa,1006,ćuaŋ.B,phonetic,brick,,,,
7-580-807-1,nucl1290,Wa,876,səvɛʔ.B gɔk.A,phonetic,arch,,,,
7-610-807-1,nucl1290,Wa,877,ćau.A saik.A səmauʔ.B,phonetic,mason,,,,
7-570-807-1,nucl1290,Wa,1227,phia.A,phonetic,board,,,,
7-560-807-1,nucl1290,Wa,281,roŋ.A,phonetic,"post, pole",,,,
7-550-807-1,nucl1290,Wa,1132,praŋ.A,phonetic,beam,,,,
7-540-807-1,nucl1290,Wa,829,səʔoʔ.A,phonetic,rafter,,,,
7-530-807-1,nucl1290,Wa,280,nuk.A,phonetic,ridgepole,,,,
7-520-807-1,nucl1290,Wa,279,saɨ.A ploŋ.A,phonetic,thatch,,,,
7-510-807-1,nucl1290,Wa,769,piaŋ.B braɨʔ.B,phonetic,roof,,,,
7-480-807-1,nucl1290,Wa,205,dɔŋ.A,phonetic,trough,,,,
7-470-807-1,nucl1290,Wa,745,khreŋ.A,phonetic,shelf,,,,
7-460-807-1,nucl1290,Wa,1273,ten.A,phonetic,candle,,,,
7-450-807-1,nucl1290,Wa,2131,di.A,phonetic,"lamp, torch",,,,
7-440-807-1,nucl1290,Wa,1775,phɨn.A,phonetic,table,,,,
7-430-807-1,nucl1290,Wa,1476,khauʔ.A ŋɔm.B,phonetic,chair,,,,
7-430-807-2,nucl1290,Wa,1476,taŋ.A kak.B,phonetic,chair,,,,
7-422-807-1,nucl1290,Wa,806,pruʔ.B,phonetic,blanket,,,,
7-421-807-1,nucl1290,Wa,1044,mhɔn.A guaŋ.B,phonetic,pillow,,,,
7-420-807-1,nucl1290,Wa,1663,ku.A,phonetic,bed,,,,
7-370-807-1,nucl1290,Wa,1464,bɔŋ.A,phonetic,ladder,,,,
7-330-807-1,nucl1290,Wa,1305,doh.A lih.B tauʔ.A ŋu.B,phonetic,chimney,,,,
7-320-807-1,nucl1290,Wa,859,ru.A tau.A ʔiak.A,phonetic,stove,,,,
7-310-807-1,nucl1290,Wa,185,ru.B tau.A ʔot.A kah.A diŋ.A,phonetic,fireplace,,,,
7-270-807-1,nucl1290,Wa,933,diŋ.A,phonetic,wall,,,,
7-260-807-1,nucl1290,Wa,1632,piaŋ.B tɛʔ.A,phonetic,floor,,,,
7-250-807-1,nucl1290,Wa,1375,daɨʔ.A doh.A diŋ.A,phonetic,window,,,,
7-240-807-1,nucl1290,Wa,1472,kak.A sɔ.B,phonetic,key,,,,
7-240-807-2,nucl1290,Wa,1472,ʒ́iak.A sɔ.B,phonetic,key,,,,
7-231-807-1,nucl1290,Wa,1012,ʒ́hoŋ.A səvɛʔ.B,phonetic,"latch, door-bolt",,,,
7-230-807-1,nucl1290,Wa,1596,sɔ.B,phonetic,lock (noun),,,,
7-221-807-1,nucl1290,Wa,80,paŋ.A səvɛʔ.B,phonetic,"doorpost, jamb",,,,
7-210-807-1,nucl1290,Wa,1450,lɔk.A,phonetic,room,,,,
7-220-807-1,nucl1290,Wa,1567,səvɛʔ.B,phonetic,"door, gate",,,,
7-180-807-1,nucl1290,Wa,335,ńɛʔ.B ćɔŋ.A,phonetic,meeting house,,,,
7-170-807-1,nucl1290,Wa,334,ńɛʔ.B juh.B prɛʔ.B,phonetic,cookhouse,,,,
7-160-807-1,nucl1290,Wa,408,ńɛʔ.B grɔm.B səmeʔ.B,phonetic,men's house,,,,
7-150-807-1,nucl1290,Wa,736,brɔk.A ńɛʔ.B,phonetic,"yard, court",,,,
7-140-807-1,nucl1290,Wa,1316,nɛʔ.B goʔ.A man.A,phonetic,tent,,,,
7-131-807-1,nucl1290,Wa,403,ńɛʔ.B goʔ.A sədiaŋ.B,phonetic,garden-house,,,,
7-130-807-1,nucl1290,Wa,1678,ńɛʔ.B baŋ.A,phonetic,hut,,,,
7-120-807-1,nucl1290,Wa,1252,ńɛʔ.B,phonetic,house,,,,
7-110-807-1,nucl1290,Wa,363,ʔot.A,phonetic,"dwell, live",,,,
6-960-807-1,nucl1290,Wa,1171,nam.B toŋ.B bɔn.A,phonetic,mirror,,,,
6-950-807-1,nucl1290,Wa,788,sədah.A sədaɨʔ.A,phonetic,soap,,,,
6-940-807-1,nucl1290,Wa,1926,bɨ.B kraiʔ.A,phonetic,ointment,,,,
6-930-807-1,nucl1290,Wa,151,gɔn.A khlau.A,phonetic,razor,,,,
6-921-807-1,nucl1290,Wa,333,duiŋ.A,phonetic,braid,,,,
6-921-807-2,nucl1290,Wa,333,haɨk.A duiŋ.A,phonetic,braid,,,,
6-920-807-1,nucl1290,Wa,1821,su.A si.A,phonetic,brush,,,,
6-920-807-2,nucl1290,Wa,1821,khauʔ.A su.A si.A,phonetic,brush,,,,
6-910-807-1,nucl1290,Wa,1475,səgah.A,phonetic,comb,,,,
6-820-807-1,nucl1290,Wa,1021,man.A khoik.A,phonetic,towel,,,,
6-810-807-1,nucl1290,Wa,332,man.A pa.B ćiat.B,phonetic,"handkerchief, rag",,,,
6-790-807-1,nucl1290,Wa,68,ćun.A mɔk.B,phonetic,tattoo,,,,
6-780-807-1,nucl1290,Wa,330,mauʔ.A hɔm.A,phonetic,"headband, headdress",,,,
6-770-807-1,nucl1290,Wa,770,krim.B,phonetic,earring,,,,
6-760-807-1,nucl1290,Wa,1860,plɔi.B,phonetic,bead,,,,
6-750-807-1,nucl1290,Wa,1961,sɔi.A,phonetic,necklace,,,,
6-740-807-1,nucl1290,Wa,1754,ble.B,phonetic,bracelet,,,,
6-730-807-1,nucl1290,Wa,1374,ʒ́hɨp.A gian.A,phonetic,ring (for finger),,,,
6-720-807-1,nucl1290,Wa,1029,siaŋ.A,phonetic,jewel,,,,
6-710-807-1,nucl1290,Wa,917,kraɨŋ.B juh.B graŋ.B,phonetic,"ornament, adornment",,,,
6-630-807-1,nucl1290,Wa,64,ńeʔ.B khaŋ.A,phonetic,pin,,,,
6-620-807-1,nucl1290,Wa,757,pliʔ.A səbeʔ.B,phonetic,button,,,,
6-610-807-1,nucl1290,Wa,1851,haɨ.A,phonetic,pocket,,,,
6-590-807-1,nucl1290,Wa,1151,lɔk.A kaiŋ.A,phonetic,veil,,,,
6-580-807-1,nucl1290,Wa,867,thau.A taiʔ.A,phonetic,glove,,,,
6-570-807-1,nucl1290,Wa,772,mauʔ.A poŋ.A,phonetic,"belt, girdle",,,,
6-570-807-2,nucl1290,Wa,772,man.A nhɔt.A ńɔi.B,phonetic,"belt, girdle",,,,
6-550-807-1,nucl1290,Wa,2130,mhok.A,phonetic,"hat, cap",,,,
6-540-807-1,nucl1290,Wa,875,ćau.A ćaiŋ.B kiap.A,phonetic,"shoemaker, cobbler",,,,
6-510-807-1,nucl1290,Wa,1381,kiap.A,phonetic,shoe,,,,
6-520-807-1,nucl1290,Wa,585,kiap.A thuŋ.A,phonetic,boot,,,,
6-490-807-1,nucl1290,Wa,329,va.B,phonetic,"stocking, sock",,,,
6-480-807-1,nucl1290,Wa,809,khlaʔ.A,phonetic,trousers,,,,
6-460-807-1,nucl1290,Wa,1600,dai.A,phonetic,skirt,,,,
6-450-807-1,nucl1290,Wa,2012,ŋɔk.B səbeʔ.B,phonetic,collar,,,,
6-440-807-1,nucl1290,Wa,1622,səbeʔ.B plak.A daɨʔ.A,phonetic,shirt,,,,
6-430-807-1,nucl1290,Wa,603,səbeʔ.B,phonetic,coat,,,,
6-420-807-1,nucl1290,Wa,474,kraɨŋ.B dah.A ʔih.A bun.A,phonetic,woman's dress,,,,
6-390-807-1,nucl1290,Wa,157,rɔn.B,phonetic,dye,,,,
6-410-807-1,nucl1290,Wa,326,səbeʔ.B ćah.A,phonetic,cloak,,,,
6-380-807-1,nucl1290,Wa,1161,kɨi.A,phonetic,thread,,,,
6-360-807-1,nucl1290,Wa,1382,ńeʔ.B,phonetic,needle,,,,
6-370-807-1,nucl1290,Wa,278,ʒ́ih.A,phonetic,awl,,,,
6-350-807-1,nucl1290,Wa,1457,ćaiŋ.B,phonetic,sew,,,,
6-340-807-1,nucl1290,Wa,1787,kraɨŋ.B taiŋ.A,phonetic,loom,,,,
6-340-807-2,nucl1290,Wa,1787,khauʔ.A vɛʔ.B briŋ.B,phonetic,loom,,,,
6-330-807-1,nucl1290,Wa,133,taiŋ.A,phonetic,weave,,,,
6-320-807-1,nucl1290,Wa,277,liŋ.A,phonetic,spindle,,,,
6-320-807-2,nucl1290,Wa,277,koŋ.B,phonetic,spindle,,,,
6-310-807-1,nucl1290,Wa,121,kliŋ.A,phonetic,spin,,,,
6-290-807-1,nucl1290,Wa,629,hak.A,phonetic,leather,,,,
6-280-807-1,nucl1290,Wa,580,hak.A khɔm.A haɨk.A,phonetic,fur,,,,
6-270-807-1,nucl1290,Wa,325,haɨk.A kɨi.A,phonetic,felt,,,,
6-250-807-1,nucl1290,Wa,1641,luat.A,phonetic,silk,,,,
6-240-807-1,nucl1290,Wa,1850,tai.B,phonetic,cotton,,,,
6-230-807-1,nucl1290,Wa,916,kɨi.A sum.A,phonetic,"linen, flax",,,,
6-230-807-2,nucl1290,Wa,916,gan.A,phonetic,"linen, flax",,,,
6-220-807-1,nucl1290,Wa,964,(man.A) haɨk.A jɨŋ.A,phonetic,wool,,,,
6-210-807-1,nucl1290,Wa,1616,man.A,phonetic,cloth,,,,
6-130-807-1,nucl1290,Wa,881,ćau.A ćaiŋ.B,phonetic,tailor,,,,
6-120-807-1,nucl1290,Wa,1895,kraɨŋ.B ćɨp.A,phonetic,"clothing, clothes",,,,
6-110-807-1,nucl1290,Wa,158,ćɨp.A,phonetic,put on (clothes),,,,
5-971-807-1,nucl1290,Wa,1556,klɔt.A,phonetic,egg yolk,,,,
5-970-807-1,nucl1290,Wa,744,tɔm.A,phonetic,egg,,,,
5-940-807-1,nucl1290,Wa,404,rɔm.A plai.A,phonetic,fermented drink,,,,
5-930-807-1,nucl1290,Wa,1639,plai.A num.B hɔʔ.A,phonetic,beer,,,,
5-920-807-1,nucl1290,Wa,1524,plai.A rauh.A,phonetic,wine,,,,
5-900-807-1,nucl1290,Wa,731,ćə.B rɔm.A ńaɨʔ.B,phonetic,"beverage, drink",,,,
5-890-807-1,nucl1290,Wa,1245,bɨ.B rɔm.A tɨih.A mɔi.B,phonetic,butter,,,,
5-880-807-1,nucl1290,Wa,1569,ghlauk.A rɔm.A tɨih.A,phonetic,cheese,,,,
5-870-807-1,nucl1290,Wa,93,biat.A,phonetic,milk (vb),,,,
5-850-807-1,nucl1290,Wa,862,ńɔm.B ʔɔi.A,phonetic,sugar,,,,
5-860-807-1,nucl1290,Wa,635,rɔm.A tɨih.A,phonetic,milk (noun),,,,
5-840-807-1,nucl1290,Wa,942,rɔm.A hia.A,phonetic,honey,,,,
5-821-807-1,nucl1290,Wa,919,səgiap.B,phonetic,chili pepper,,,,
5-820-807-1,nucl1290,Wa,1385,səgiap.B lau.B,phonetic,pepper,,,,
5-810-807-1,nucl1290,Wa,1274,kih.B,phonetic,salt,,,,
5-791-807-1,nucl1290,Wa,323,bɨ.B,phonetic,"grease, fat",,,,
5-790-807-1,nucl1290,Wa,1484,loih.A,phonetic,oil,,,,
5-780-807-1,nucl1290,Wa,1154,pliʔ.A səme.B,phonetic,olive,,,,
5-760-807-1,nucl1290,Wa,920,pliʔ.A siat.A,phonetic,grape,,,,
5-770-807-1,nucl1290,Wa,191,kɔm.A,phonetic,nut,,,,
5-750-807-1,nucl1290,Wa,322,ruih.A,phonetic,fig,,,,
5-712-807-1,nucl1290,Wa,1966,rə.B,phonetic,bunch,,,,
5-710-807-1,nucl1290,Wa,1507,pliʔ.A,phonetic,fruit,,,,
5-700-807-1,nucl1290,Wa,593,hon.A ʔɔi.A,phonetic,potato,,,,
5-660-807-1,nucl1290,Wa,832,ćɨm.B,phonetic,bean,,,,
5-660-807-2,nucl1290,Wa,832,tə.B tə.B,phonetic,bean,,,,
5-660-807-3,nucl1290,Wa,832,taɨʔ.A kuaŋ.A,phonetic,bean,,,,
5-660-807-4,nucl1290,Wa,832,ʔian.A,phonetic,bean,,,,
5-650-807-1,nucl1290,Wa,924,taɨʔ.A,phonetic,vegetables,,,,
5-640-807-1,nucl1290,Wa,1547,rhɨp.A,phonetic,"soup, broth",,,,
5-630-807-1,nucl1290,Wa,1874,kraɨŋ.B vaik.B,phonetic,sausage,,,,
5-610-807-1,nucl1290,Wa,634,neʔ.B,phonetic,meat,,,,
5-590-807-1,nucl1290,Wa,225,po.A dik.B,phonetic,pestle,,,,
5-590-807-2,nucl1290,Wa,225,griʔ.B,phonetic,pestle,,,,
5-580-807-1,nucl1290,Wa,224,po.A,phonetic,mortar (2),,,,
5-580-807-2,nucl1290,Wa,224,ʒ́hɔk.A po.A,phonetic,mortar (2),,,,
5-570-807-1,nucl1290,Wa,636,səmauʔ.B krit.B,phonetic,mill,,,,
5-560-807-1,nucl1290,Wa,1033,krit.B,phonetic,"crush, grind",,,,
5-550-807-1,nucl1290,Wa,1594,mɔk.B mian.A,phonetic,"meal, flour",,,,
5-540-807-1,nucl1290,Wa,274,mhi.A,phonetic,knead,,,,
5-530-807-1,nucl1290,Wa,273,lon.A mian.A,phonetic,dough,,,,
5-510-807-1,nucl1290,Wa,1368,blaɨh.B ŋhoʔ.A ćaʔ.A,phonetic,bread,,,,
5-490-807-1,nucl1290,Wa,2017,ku.B kuaʔ.B,phonetic,"stir, mix",,,,
5-480-807-1,nucl1290,Wa,1767,kɔt.A,phonetic,scrape,,,,
5-470-807-1,nucl1290,Wa,86,ghrɨŋ.A,phonetic,"sieve, strain",,,,
5-470-807-2,nucl1290,Wa,86,ghrəh.A,phonetic,"sieve, strain",,,,
5-460-807-1,nucl1290,Wa,275,kiah.B,phonetic,peel,,,,
5-450-807-1,nucl1290,Wa,1833,prɛʔ.B bo.B,phonetic,supper,,,,
5-440-807-1,nucl1290,Wa,1833,sɔm.A,phonetic,dinner,,,,
5-430-807-1,nucl1290,Wa,768,prɛʔ.B ŋaiʔ.B,phonetic,lunch,,,,
5-420-807-1,nucl1290,Wa,1322,prɛʔ.B ŋɔp.B,phonetic,breakfast,,,,
5-410-807-1,nucl1290,Wa,1526,prɛʔ.B,phonetic,meal (a),,,,
5-391-807-1,nucl1290,Wa,272,səgiap.A,phonetic,tongs,,,,
5-390-807-1,nucl1290,Wa,1302,ćɔn.A ćhauk.A,phonetic,fork (2),,,,
5-380-807-1,nucl1290,Wa,1352,gɔn.A,phonetic,knife (2),,,,
5-370-807-1,nucl1290,Wa,1378,ćɔn.A,phonetic,spoon,,,,
5-360-807-1,nucl1290,Wa,271,kɔn.A phan.A,phonetic,saucer,,,,
5-350-807-1,nucl1290,Wa,476,ćuŋ.A,phonetic,"cup, drinking vessel",,,,
5-350-807-2,nucl1290,Wa,476,kɔk.A,phonetic,"cup, drinking vessel",,,,
5-330-807-1,nucl1290,Wa,1530,kloŋ.A,phonetic,bowl,,,,
5-330-807-2,nucl1290,Wa,1530,tɔk.B,phonetic,bowl,,,,
5-340-807-1,nucl1290,Wa,270,kɔŋ.A rɔm.A,phonetic,"pitcher, jug",,,,
5-320-807-1,nucl1290,Wa,480,phan.A,phonetic,plate,,,,
5-310-807-1,nucl1290,Wa,481,phan.A thɛh.A,phonetic,dish,,,,
5-280-807-1,nucl1290,Wa,31,ʔɔ.A siaŋ.A,phonetic,pan,,,,
5-260-807-1,nucl1290,Wa,1462,ʔɔ.A,phonetic,"pot, cooking vessel",,,,
5-270-807-1,nucl1290,Wa,854,toŋ.B fu.B,phonetic,kettle,,,,
5-240-807-1,nucl1290,Wa,183,piŋ.A,phonetic,bake,,,,
5-250-807-1,nucl1290,Wa,1143,ru.B tau.A,phonetic,oven,,,,
5-250-807-2,nucl1290,Wa,1143,piaʔ.A,phonetic,oven,,,,
5-230-807-1,nucl1290,Wa,2146,diak.B,phonetic,"roast, fry",,,,
5-220-807-1,nucl1290,Wa,792,plok.A,phonetic,boil (vb),,,,
5-210-807-1,nucl1290,Wa,1100,kuih.A,phonetic,cook,,,,
5-190-807-1,nucl1290,Wa,129,nɨk.A,phonetic,choke,,,,
5-181-807-1,nucl1290,Wa,897,blɨt.A,phonetic,swallow,,,,
5-180-807-1,nucl1290,Wa,321,sai.B,phonetic,chew,,,,
5-160-807-1,nucl1290,Wa,1421,pəʔ.B,phonetic,suck,,,,
5-160-807-2,nucl1290,Wa,1421,dɔt.A,phonetic,suck,,,,
5-150-807-1,nucl1290,Wa,848,saŋ.A ńaɨʔ.B nɛ.B rɔm.A,phonetic,thirst,,,,
5-141-807-1,nucl1290,Wa,199,səbhɔm.A,phonetic,famine,,,,
5-140-807-1,nucl1290,Wa,1864,ćai.A rhɔm.A,phonetic,hunger,,,,
5-130-807-1,nucl1290,Wa,1401,ńaɨʔ.B,phonetic,drink,,,,
5-125-807-1,nucl1290,Wa,1728,səʔum.A,phonetic,rotten,,,,
5-124-807-1,nucl1290,Wa,1958,ʔaŋ.A ńaŋ.B kaɨʔ.A,phonetic,"green, unripe",,,,
5-124-807-2,nucl1290,Wa,1958,ʔaŋ.B ńaŋ.B tɨm.B,phonetic,"green, unripe",,,,
5-123-807-1,nucl1290,Wa,178,kaɨʔ.A,phonetic,ripe,,,,
5-123-807-2,nucl1290,Wa,178,tɨm.B,phonetic,ripe,,,,
5-122-807-1,nucl1290,Wa,1959,ʔim.A,phonetic,raw,,,,
5-121-807-1,nucl1290,Wa,269,sin.A,phonetic,cooked,,,,
5-120-807-1,nucl1290,Wa,256,prɛʔ.B,phonetic,food,,,,
5-110-807-1,nucl1290,Wa,1336,ʔih.A,phonetic,eat,,,,
4-990-807-1,nucl1290,Wa,590,cəkauŋ.A,phonetic,"naked, bare",,,,
4-970-807-1,nucl1290,Wa,1653,duk.B,phonetic,blind,,,,
4-980-807-1,nucl1290,Wa,1463,joik.A,phonetic,intoxicated,,,,
4-960-807-1,nucl1290,Wa,1666,ʔɔ.A,phonetic,mute,,,,
4-950-807-1,nucl1290,Wa,996,lhɨt.A,phonetic,deaf,,,,
4-930-807-1,nucl1290,Wa,1125,pak.A kaiŋ.A,phonetic,bald,,,,
4-940-807-1,nucl1290,Wa,320,ćhɔh.A,phonetic,lame,,,,
4-920-807-1,nucl1290,Wa,1564,nɛh.B,phonetic,lazy,,,,
4-912-807-1,nucl1290,Wa,168,laɨʔ.A,phonetic,rest,,,,
4-910-807-1,nucl1290,Wa,1757,taɨk.B,phonetic,"tired, weary",,,,
4-890-807-1,nucl1290,Wa,655,sədah.A ʔɔp.A,phonetic,poison,,,,
4-880-807-1,nucl1290,Wa,1372,sədah.A,phonetic,"medicine, drug",,,,
4-870-807-1,nucl1290,Wa,597,ćau.A sədah.A,phonetic,physician,,,,
4-860-807-1,nucl1290,Wa,499,pai.A,phonetic,"cure, heal",,,,
4-860-807-2,nucl1290,Wa,499,mɔi.A,phonetic,"cure, heal",,,,
4-858-807-1,nucl1290,Wa,497,pliak.B,phonetic,scar,,,,
4-857-807-1,nucl1290,Wa,1808,lɨm.B,phonetic,pus,,,,
4-856-807-1,nucl1290,Wa,793,muat.B,phonetic,boil (noun),,,,
4-855-807-1,nucl1290,Wa,1584,ploh.A,phonetic,blister,,,,
4-854-807-1,nucl1290,Wa,148,ʔuah.A,phonetic,itch,,,,
4-854-807-2,nucl1290,Wa,148,ŋɛʔ.B,phonetic,itch,,,,
4-853-807-1,nucl1290,Wa,1903,ʔuah.A,phonetic,swelling,,,,
4-852-807-1,nucl1290,Wa,1148,ŋut.A,phonetic,bruise,,,,
4-850-807-1,nucl1290,Wa,1109,mat.A,phonetic,"wound, sore",,,,
4-843-807-1,nucl1290,Wa,102,saɨʔ.A hoik.A,phonetic,cold (catarrh),,,,
4-842-807-1,nucl1290,Wa,1957,roh.A,phonetic,goiter,,,,
4-841-807-1,nucl1290,Wa,1534,ʔauh.A,phonetic,fever,,,,
4-840-807-1,nucl1290,Wa,1847,saɨʔ.A,phonetic,"sick, sickness",,,,
4-830-807-1,nucl1290,Wa,1364,braʔ.A,phonetic,"well, health",,,,
4-820-807-1,nucl1290,Wa,1601,bəh.A,phonetic,weak,,,,
4-810-807-1,nucl1290,Wa,785,braʔ.A,phonetic,"strong, mighty, powerful",,,,
4-790-807-1,nucl1290,Wa,1773,səmɨik.B,phonetic,"grave, tomb",,,,
4-780-807-1,nucl1290,Wa,1719,səbaɨŋ.A,phonetic,bury (the dead),,,,
4-770-807-1,nucl1290,Wa,767,riaŋ.B jum.B,phonetic,corpse,,,,
4-760-807-1,nucl1290,Wa,1417,paɨh.B,phonetic,kill,,,,
4-751-807-1,nucl1290,Wa,1904,jum.B daɨʔ.A rɔm.A,phonetic,drowned,,,,
4-750-807-1,nucl1290,Wa,1494,jum.B,phonetic,"die, dead",,,,
4-740-807-1,nucl1290,Wa,1422,klɔt.B,phonetic,"live, living, life",,,,
4-732-807-1,nucl1290,Wa,1087,ŋhe.A,phonetic,conceive,,,,
4-730-807-1,nucl1290,Wa,1123,ŋhe.A,phonetic,pregnant,,,,
4-720-807-1,nucl1290,Wa,1090,keh.B,phonetic,born (to be),,,,
4-720-807-2,nucl1290,Wa,1090,jha.B,phonetic,born (to be),,,,
4-710-807-1,nucl1290,Wa,1152,prɛʔ.A,phonetic,beget (of father),,,,
4-690-807-1,nucl1290,Wa,138,hɨm.A,phonetic,bathe,,,,
4-680-807-1,nucl1290,Wa,52,səjɨŋ.A,phonetic,shiver,,,,
4-670-807-1,nucl1290,Wa,1785,ʔɛʔ.A,phonetic,have sexual intercourse,,,,
4-670-807-2,nucl1290,Wa,1785,khaʔ.A,phonetic,have sexual intercourse,,,,
4-660-807-1,nucl1290,Wa,676,ʔaiŋ.A,phonetic,defecate,,,,
4-650-807-1,nucl1290,Wa,592,nɨm.B,phonetic,urinate,,,,
4-640-807-1,nucl1290,Wa,1159,phum.A,phonetic,break wind,,,,
4-630-807-1,nucl1290,Wa,1602,haiŋ.A,phonetic,wake up,,,,
4-620-807-1,nucl1290,Wa,1920,cəmauʔ.B,phonetic,dream,,,,
4-612-807-1,nucl1290,Wa,1983,du.B,phonetic,snore,,,,
4-610-807-1,nucl1290,Wa,1585,ʔit.A,phonetic,sleep,,,,
4-591-807-1,nucl1290,Wa,268,ćɔ.B rɔm.A mia.A,phonetic,dribble,,,,
4-590-807-1,nucl1290,Wa,319,lɛt.B,phonetic,lick,,,,
4-580-807-1,nucl1290,Wa,1403,kiat.B,phonetic,bite,,,,
4-570-807-1,nucl1290,Wa,1278,hau.A,phonetic,vomit,,,,
4-560-807-1,nucl1290,Wa,1440,rɔm.A mia.A,phonetic,spit,,,,
4-550-807-1,nucl1290,Wa,126,lih.B rɔm.A laɨh.A,phonetic,perspire,,,,
4-540-807-1,nucl1290,Wa,1621,miah.A,phonetic,sneeze,,,,
4-530-807-1,nucl1290,Wa,879,mauk.A,phonetic,cough,,,,
4-521-807-1,nucl1290,Wa,162,krəʔ.B,phonetic,hiccough,,,,
4-520-807-1,nucl1290,Wa,1028,ŋhap.A,phonetic,"yawn, gape",,,,
4-510-807-1,nucl1290,Wa,1407,bhɔm.A,phonetic,"breathe, breath",,,,
4-492-807-1,nucl1290,Wa,1222,kliʔ.A,phonetic,penis,,,,
4-490-807-1,nucl1290,Wa,797,kla.A,phonetic,testicle,,,,
4-470-807-1,nucl1290,Wa,804,ńɛʔ.B gɔn.A,phonetic,womb,,,,
4-464-807-1,nucl1290,Wa,834,ńɛʔ.B kre.A,phonetic,buttocks,,,,
4-463-807-1,nucl1290,Wa,1745,ńɛʔ.B kre.A,phonetic,hip,,,,
4-462-807-1,nucl1290,Wa,1681,ńɔi.B,phonetic,waist,,,,
4-461-807-1,nucl1290,Wa,1991,kraɨŋ.B vaik.B,phonetic,"intestines, guts",,,,
4-460-807-1,nucl1290,Wa,819,tu.B,phonetic,stomach,,,,
4-452-807-1,nucl1290,Wa,1744,mam.B,phonetic,spleen,,,,
4-451-807-1,nucl1290,Wa,489,sok.A laʔ.A,phonetic,kidney,,,,
4-450-807-1,nucl1290,Wa,1224,tɔm.A,phonetic,liver,,,,
4-441-807-1,nucl1290,Wa,688,nhau.A,phonetic,lung,,,,
4-440-807-1,nucl1290,Wa,1223,rhɔm.A,phonetic,heart,,,,
4-430-807-1,nucl1290,Wa,1838,sədaiŋ.B,phonetic,navel,,,,
4-420-807-1,nucl1290,Wa,154,tɨih.A,phonetic,udder,,,,
4-412-807-1,nucl1290,Wa,796,tɨih.A,phonetic,"nipple, teat",,,,
4-410-807-1,nucl1290,Wa,1402,gun.A tɨih.A,phonetic,breast (of woman),,,,
4-400-807-1,nucl1290,Wa,1592,nauk.A,phonetic,chest,,,,
4-393-807-1,nucl1290,Wa,1201,haɨk.0 sim.A,phonetic,feather,,,,
4-392-807-1,nucl1290,Wa,1257,pruik.A,phonetic,wing,,,,
4-380-807-1,nucl1290,Wa,1389,gian.A ćauŋ.B,phonetic,toe,,,,
4-374-807-1,nucl1290,Wa,318,khaiʔ.A ćauŋ.B,phonetic,footprint,,,,
4-372-807-1,nucl1290,Wa,980,loik.A,phonetic,heel,,,,
4-371-807-1,nucl1290,Wa,803,ŋai.A liak.B,phonetic,ankle,,,,
4-370-807-1,nucl1290,Wa,1301,ćauŋ.B,phonetic,foot,,,,
4-360-807-1,nucl1290,Wa,1371,ŋai.A ŋɔŋ.B,phonetic,knee,,,,
4-352-807-1,nucl1290,Wa,498,pliʔ.A ćauŋ.B,phonetic,calf of leg,,,,
4-351-807-1,nucl1290,Wa,800,ba.A,phonetic,thigh,,,,
4-350-807-1,nucl1290,Wa,1297,plɔŋ.A ćauŋ.B,phonetic,leg,,,,
4-345-807-1,nucl1290,Wa,72,ŋhim.A,phonetic,claw,,,,
4-344-807-1,nucl1290,Wa,1258,ŋhim.A,phonetic,fingernail,,,,
4-342-807-1,nucl1290,Wa,1781,gian.A tiŋ.B,phonetic,thumb,,,,
4-340-807-1,nucl1290,Wa,1303,gian.A,phonetic,finger,,,,
4-331-807-1,nucl1290,Wa,1183,plah.A taiʔ.A,phonetic,palm of hand,,,,
4-330-807-1,nucl1290,Wa,1277,taiʔ.A,phonetic,hand,,,,
4-321-807-1,nucl1290,Wa,799,ʒ́hoŋ.A taiʔ.A,phonetic,wrist,,,,
4-320-807-1,nucl1290,Wa,981,ʒ́oih.A,phonetic,elbow,,,,
4-312-807-1,nucl1290,Wa,1886,grɨm.A klaik.A,phonetic,armpit,,,,
4-310-807-1,nucl1290,Wa,1673,plɔŋ.A taiʔ.A,phonetic,arm,,,,
4-302-807-1,nucl1290,Wa,1994,səʔaŋ.A riaŋ.B,phonetic,collarbone,,,,
4-301-807-1,nucl1290,Wa,172,səʔaŋ.A khlap.A,phonetic,shoulderblade,,,,
4-300-807-1,nucl1290,Wa,1482,klip.A,phonetic,shoulder,,,,
4-290-807-1,nucl1290,Wa,1346,ghok.A,phonetic,throat,,,,
4-281-807-1,nucl1290,Wa,1347,glɔŋ.B ŋɔk.B,phonetic,nape of neck,,,,
4-280-807-1,nucl1290,Wa,1333,ŋɔk.B,phonetic,neck,,,,
4-272-807-1,nucl1290,Wa,1049,rhaŋ.A sɔm.A,phonetic,molartooth,,,,
4-270-807-1,nucl1290,Wa,1380,rhaŋ.A,phonetic,tooth,,,,
4-271-807-1,nucl1290,Wa,139,ŋa.B,phonetic,gums,,,,
4-271-807-2,nucl1290,Wa,139,ŋi.B,phonetic,gums,,,,
4-260-807-1,nucl1290,Wa,1205,dak.A,phonetic,tongue,,,,
4-250-807-1,nucl1290,Wa,478,səjap.A ʒ́hɨih.A,phonetic,lip,,,,
4-241-807-1,nucl1290,Wa,73,gauh.B,phonetic,beak,,,,
4-240-807-1,nucl1290,Wa,674,ʒ́hɨih.A,phonetic,mouth,,,,
4-232-807-1,nucl1290,Wa,208,mɨih.B,phonetic,mucus (nasal),,,,
4-231-807-1,nucl1290,Wa,1178,daɨʔ.A mɨih.B,phonetic,nostril,,,,
4-230-807-1,nucl1290,Wa,1221,mɨih.B,phonetic,nose,,,,
4-222-807-1,nucl1290,Wa,32,ʔaiŋ.A jhauk.A,phonetic,earwax,,,,
4-221-807-1,nucl1290,Wa,18,dua.A jhauk.A,phonetic,earlobe,,,,
4-220-807-1,nucl1290,Wa,1247,jhauk.A,phonetic,ear,,,,
4-215-807-1,nucl1290,Wa,1655,khiap.A ŋai.A,phonetic,blink,,,,
4-214-807-1,nucl1290,Wa,1540,haɨk.A ŋai.A,phonetic,eyelash,,,,
4-213-807-1,nucl1290,Wa,17,səjiap.A ŋai.A,phonetic,eyelid,,,,
4-212-807-1,nucl1290,Wa,1173,haɨk.A ŋai.A lik.B,phonetic,eyebrow,,,,
4-210-807-1,nucl1290,Wa,1248,ŋai.A,phonetic,eye,,,,
4-208-807-1,nucl1290,Wa,1730,bauh.B,phonetic,cheek,,,,
4-209-807-1,nucl1290,Wa,1510,glə.A,phonetic,chin,,,,
4-205-807-1,nucl1290,Wa,123,kaiŋ.A re.A,phonetic,forehead,,,,
4-207-807-1,nucl1290,Wa,798,kap.A,phonetic,jaw,,,,
4-204-807-1,nucl1290,Wa,1560,ŋai.A,phonetic,face,,,,
4-203-807-1,nucl1290,Wa,1583,doŋ.A,phonetic,brain,,,,
4-201-807-1,nucl1290,Wa,1604,dɛp.B doŋ.A tɔŋ.A koik.A,phonetic,"side of head, temple",,,,
4-202-807-1,nucl1290,Wa,1605,səgrɔk.A kaiŋ.A,phonetic,skull,,,,
4-200-807-1,nucl1290,Wa,1256,kaiŋ.A,phonetic,head,,,,
4-191-807-1,nucl1290,Wa,805,səʔaŋ.A krɔŋ.A,phonetic,spine,,,,
4-190-807-1,nucl1290,Wa,1291,piaŋ.B blɔk.B,phonetic,back,,,,
4-180-807-1,nucl1290,Wa,1220,sədaʔ.A,phonetic,tail,,,,
4-170-807-1,nucl1290,Wa,1393,ruŋ.A,phonetic,horn,,,,
4-162-807-1,nucl1290,Wa,801,səʔaŋ.B prauk.A,phonetic,rib,,,,
4-160-807-1,nucl1290,Wa,1394,səʔaŋ.B,phonetic,bone,,,,
4-151-807-1,nucl1290,Wa,525,səniak.B nham.A,phonetic,"vein, artery",,,,
4-150-807-1,nucl1290,Wa,946,nham.A,phonetic,blood,,,,
4-146-807-1,nucl1290,Wa,576,səbriak.A kaiŋ.A,phonetic,dandruff,,,,
4-145-807-1,nucl1290,Wa,36,haɨk.A kliʔ.A haɨk.A ćeʔ.A,phonetic,pubic hair,,,,
4-144-807-1,nucl1290,Wa,189,haɨk.A hɔ.A,phonetic,body hair,,,,
4-142-807-1,nucl1290,Wa,678,haɨk.A ʒ́hɨih.A,phonetic,beard,,,,
4-140-807-1,nucl1290,Wa,1040,haɨk.A kaiŋ.A,phonetic,hair (head),,,,
4-130-807-1,nucl1290,Wa,2259,neʔ.B,phonetic,flesh,,,,
4-120-807-1,nucl1290,Wa,763,hak.A,phonetic,"skin, hide",,,,
4-110-807-1,nucl1290,Wa,1480,kaɨʔ.A,phonetic,body,,,,
3-980-807-1,nucl1290,Wa,112,rɨih.B,phonetic,turtle,,,,
3-970-807-1,nucl1290,Wa,1857,kaʔ.A ŋək.B,phonetic,"crocodile, alligator",,,,
3-960-807-1,nucl1290,Wa,632,goi.A,phonetic,lizard,,,,
3-950-807-1,nucl1290,Wa,503,khiat.A,phonetic,frog,,,,
3-950-807-2,nucl1290,Wa,503,səbɔn.A,phonetic,frog,,,,
3-940-807-1,nucl1290,Wa,1543,hɔi.A,phonetic,snail,,,,
3-930-807-1,nucl1290,Wa,607,sədo.B,phonetic,grasshopper,,,,
3-920-807-1,nucl1290,Wa,1791,puŋ.B piaŋ.B,phonetic,butterfly,,,,
3-910-807-1,nucl1290,Wa,206,taŋ.A toh.A,phonetic,firefly,,,,
3-850-807-1,nucl1290,Wa,730,səʔuiŋ.A,phonetic,snake,,,,
3-840-807-1,nucl1290,Wa,1219,viak.B,phonetic,worm,,,,
3-832-807-1,nucl1290,Wa,1509,braŋ.A,phonetic,mosquito,,,,
3-831-807-1,nucl1290,Wa,95,maiŋ.B,phonetic,"sandfly (midge), gnat",,,,
3-830-807-1,nucl1290,Wa,1504,rɔi.B,phonetic,fly,,,,
3-823-807-1,nucl1290,Wa,1517,su.A saiʔ.A,phonetic,wasp,,,,
3-822-807-1,nucl1290,Wa,88,ńɛʔ.B hia.A,phonetic,beehive,,,,
3-821-807-1,nucl1290,Wa,1931,ńo.B,phonetic,beeswax,,,,
3-820-807-1,nucl1290,Wa,665,hia.A,phonetic,bee,,,,
3-819-807-1,nucl1290,Wa,1065,ńɛʔ.B grɨih.B,phonetic,spider web,,,,
3-818-807-1,nucl1290,Wa,843,grɨih.B,phonetic,spider,,,,
3-817-807-1,nucl1290,Wa,587,mɨik.A,phonetic,ant,,,,
3-816-807-1,nucl1290,Wa,1575,lu.A lɛʔ.A diŋ.A,phonetic,cockroach,,,,
3-815-807-1,nucl1290,Wa,1538,tam.A tim.A,phonetic,scorpion,,,,
3-814-807-1,nucl1290,Wa,1974,mauŋ.B səŋaiʔ.B,phonetic,centipede,,,,
3-813-807-1,nucl1290,Wa,232,diap.A,phonetic,flea,,,,
3-812-807-1,nucl1290,Wa,267,tɔm.A siʔ.A tɔm.A bruiŋ.B,phonetic,nit (louse egg),,,,
3-811-807-1,nucl1290,Wa,1392,bruiŋ.B,phonetic,louse,,,,
3-811-807-2,nucl1290,Wa,1392,siʔ.A,phonetic,louse,,,,
3-810-807-1,nucl1290,Wa,620,kaŋ.B,phonetic,insect,,,,
3-810-807-2,nucl1290,Wa,620,viak.B,phonetic,insect,,,,
3-780-807-1,nucl1290,Wa,1871,ka.A la.B ʔuk.A,phonetic,camel,,,,
3-770-807-1,nucl1290,Wa,1290,saŋ.A,phonetic,elephant,,,,
3-760-807-1,nucl1290,Wa,1350,rau.B khauʔ.A,phonetic,monkey,,,,
3-750-807-1,nucl1290,Wa,1936,ćak.A,phonetic,deer,,,,
3-740-807-1,nucl1290,Wa,1312,soʔ.A praiʔ.B,phonetic,fox,,,,
3-730-807-1,nucl1290,Wa,1820,krih.A,phonetic,bear,,,,
3-720-807-1,nucl1290,Wa,1386,səvai.B saŋ.A si.A,phonetic,lion,,,,
3-710-807-1,nucl1290,Wa,522,soʔ.A la.B,phonetic,wolf,,,,
3-665-807-1,nucl1290,Wa,1013,pa.A jen.A,phonetic,freshwater eel,,,,
3-663-807-1,nucl1290,Wa,957,kaʔ.A ćiŋ.B jiʔ.A,phonetic,whale,,,,
3-662-807-1,nucl1290,Wa,1479,ćə.B kaʔ.A ʔɔm.A lik.B,phonetic,"porpoise, dolphin",,,,
3-661-807-1,nucl1290,Wa,1110,kaʔ.A sa.A jiʔ.A,phonetic,shark,,,,
3-655-807-1,nucl1290,Wa,598,bluʔ.B,phonetic,shell,,,,
3-654-807-1,nucl1290,Wa,1916,dɛp.B nhau.A kaʔ.A,phonetic,gill,,,,
3-653-807-1,nucl1290,Wa,266,səbriak.A kaʔ.A,phonetic,fishscale,,,,
3-652-807-1,nucl1290,Wa,213,pruik.A kaʔ.A,phonetic,fin (dorsal),,,,
3-652-807-2,nucl1290,Wa,213,səgu.B kaʔ.A,phonetic,fin (dorsal),,,,
3-650-807-1,nucl1290,Wa,227,kaʔ.A,phonetic,fish,,,,
3-630-807-1,nucl1290,Wa,2139,kiaŋ.B,phonetic,"mouse, rat",,,,
3-622-807-1,nucl1290,Wa,309,ćə.B kiaŋ.B koi.A haɨ.A vɛʔ.B kɔn.A,phonetic,opossum,,,,
3-620-807-1,nucl1290,Wa,1208,miau.A,phonetic,cat,,,,
3-614-807-1,nucl1290,Wa,1136,kaŋ.B kɔi.B,phonetic,rabbit,,,,
3-610-807-1,nucl1290,Wa,2009,soʔ.A,phonetic,dog,,,,
3-594-807-1,nucl1290,Wa,1853,səgaɨʔ.A,phonetic,dove,,,,
3-596-807-1,nucl1290,Wa,735,plaŋ.A plɔh.A,phonetic,owl,,,,
3-593-807-1,nucl1290,Wa,913,lak.A,phonetic,crow,,,,
3-592-807-1,nucl1290,Wa,882,le.B,phonetic,parrot,,,,
3-591-807-1,nucl1290,Wa,1793,blak.A,phonetic,bat,,,,
3-586-807-1,nucl1290,Wa,1185,klaŋ.A krih.A,phonetic,vulture,,,,
3-585-807-1,nucl1290,Wa,307,klaŋ.A,phonetic,hawk,,,,
3-584-807-1,nucl1290,Wa,1905,klaŋ.A ćɛ.B,phonetic,eagle,,,,
3-582-807-1,nucl1290,Wa,950,sim.A hai.A ʔo.A,phonetic,seagull,,,,
3-583-807-1,nucl1290,Wa,758,lok.B jaŋ.A,phonetic,heron,,,,
3-581-807-1,nucl1290,Wa,937,sim.A,phonetic,bird,,,,
3-580-807-1,nucl1290,Wa,539,mhɨm.A,phonetic,nest,,,,
3-570-807-1,nucl1290,Wa,1360,pet.A,phonetic,duck,,,,
3-560-807-1,nucl1290,Wa,1187,han.A,phonetic,goose,,,,
3-550-807-1,nucl1290,Wa,1318,kɔn.A ʔia.A,phonetic,chicken,,,,
3-540-807-1,nucl1290,Wa,1514,ʔia.A mɛʔ.B,phonetic,hen,,,,
3-520-807-1,nucl1290,Wa,1511,ʔia.A səmeʔ.B,phonetic,"cock, rooster",,,,
3-470-807-1,nucl1290,Wa,890,lɔ.B,phonetic,mule,,,,
3-500-807-1,nucl1290,Wa,265,ʔia.A sim.A,phonetic,fowl,,,,
3-460-807-1,nucl1290,Wa,1862,la.B,phonetic,"ass, donkey",,,,
3-450-807-1,nucl1290,Wa,1647,kɔn.A bruŋ.B mhaiŋ.A,phonetic,"foal, colt",,,,
3-450-807-2,nucl1290,Wa,1647,kɔn.A bruŋ.B siaŋ.A,phonetic,"foal, colt",,,,
3-440-807-1,nucl1290,Wa,938,bruŋ.B mɛʔ.B,phonetic,mare,,,,
3-420-807-1,nucl1290,Wa,936,bruŋ.B mhaiŋ.A,phonetic,stallion,,,,
3-410-807-1,nucl1290,Wa,615,bruŋ.B,phonetic,horse (equine),,,,
3-380-807-1,nucl1290,Wa,1972,kɔn.A peʔ.B,phonetic,kid,,,,
3-370-807-1,nucl1290,Wa,264,peʔ.B mhaiŋ.A,phonetic,he-goat,,,,
3-360-807-1,nucl1290,Wa,1502,peʔ.B,phonetic,goat,,,,
3-350-807-1,nucl1290,Wa,1337,lik.B,phonetic,pig,,,,
3-340-807-1,nucl1290,Wa,1351,lik.B mɛʔ.B,phonetic,sow (2),,,,
3-320-807-1,nucl1290,Wa,1348,lik.B ŋha.A,phonetic,boar,,,,
3-290-807-1,nucl1290,Wa,820,juŋ.A,phonetic,lamb,,,,
3-280-807-1,nucl1290,Wa,1345,peʔ.B mɛʔ.B,phonetic,ewe,,,,
3-260-807-1,nucl1290,Wa,1344,peʔ.B mhaiŋ.A,phonetic,ram,,,,
3-250-807-1,nucl1290,Wa,1331,peʔ.B,phonetic,sheep,,,,
3-240-807-1,nucl1290,Wa,1989,kɔn.A bɛʔ.A,phonetic,calf,,,,
3-230-807-1,nucl1290,Wa,1007,mɔi.B mɛʔ.B,phonetic,cow,,,,
3-220-807-1,nucl1290,Wa,1169,mɔi.B,phonetic,ox,,,,
3-210-807-1,nucl1290,Wa,1008,mɔi.B mhaiŋ.A,phonetic,bull,,,,
3-200-807-1,nucl1290,Wa,1153,khɔŋ.A,phonetic,cattle (bovine),,,,
3-190-807-1,nucl1290,Wa,851,kɔk.B,phonetic,"stable, stall",,,,
3-180-807-1,nucl1290,Wa,263,ćau.A liaŋ.B,phonetic,herdsman,,,,
3-160-807-1,nucl1290,Wa,649,tiak.B rip.B,phonetic,pasture,,,,
3-150-807-1,nucl1290,Wa,631,khɔŋ.A brɛ.B,phonetic,livestock,,,,
3-130-807-1,nucl1290,Wa,2262,mɛʔ.B,phonetic,female (adj),,,,
3-120-807-1,nucl1290,Wa,2261,mhaiŋ.A,phonetic,male (adj),,,,
3-110-807-1,nucl1290,Wa,619,to.A tiak.B,phonetic,animal,,,,
2-960-807-1,nucl1290,Wa,817,kiʔ.A,phonetic,they,,,,
2-950-807-1,nucl1290,Wa,1213,peʔ.A,phonetic,you (plural),,,,
2-942-807-1,nucl1290,Wa,1130,jiʔ.A,phonetic,we (exclusive),,,,
2-941-807-1,nucl1290,Wa,1131,ʔeʔ.A,phonetic,we (inclusive),,,,
2-940-807-1,nucl1290,Wa,1212,jiʔ.A,phonetic,we,,,,
2-930-807-1,nucl1290,Wa,262,nɔh.A,phonetic,he/she/it,,,,
2-920-807-1,nucl1290,Wa,1215,maiʔ.A,phonetic,you (singular),,,,
2-910-807-1,nucl1290,Wa,1209,ʔəʔ.A,phonetic,I,,,,
2-820-807-1,nucl1290,Wa,194,ńɛʔ.B,phonetic,family,,,,
2-810-807-1,nucl1290,Wa,1644,pauʔ.B ńɛʔ.B,phonetic,"relatives, kinsmen",,,,
2-770-807-1,nucl1290,Wa,1981,kun.A mai.B,phonetic,widower,,,,
2-760-807-1,nucl1290,Wa,1756,mɛʔ.B mai.B,phonetic,widow,,,,
2-750-807-1,nucl1290,Wa,1149,kɔn.A doi.A,phonetic,orphan,,,,
2-740-807-1,nucl1290,Wa,1058,kɔn.A bun.A prɛʔ.B,phonetic,stepdaughter,,,,
2-730-807-1,nucl1290,Wa,1059,kɔn.A prɛʔ.A,phonetic,stepson,,,,
2-720-807-1,nucl1290,Wa,236,mɛʔ.B sɨp.B,phonetic,stepmother,,,,
2-710-807-1,nucl1290,Wa,237,kɨiŋ.A sɨp.B,phonetic,stepfather,,,,
2-641-807-1,nucl1290,Wa,2264,mun.B,phonetic,daughter-in-law (of a woman),,,,
2-640-807-1,nucl1290,Wa,2265,mun.B,phonetic,daughter-in-law (of a man),,,,
2-631-807-1,nucl1290,Wa,2266,khəi.A,phonetic,son-in-law (of a woman),,,,
2-630-807-1,nucl1290,Wa,2267,khəi.A,phonetic,son-in-law (of a man),,,,
2-621-807-1,nucl1290,Wa,2257,mɛʔ.B,phonetic,mother-in-law (of a woman),,,,
2-620-807-1,nucl1290,Wa,2256,mɛʔ.B,phonetic,mother-in-law (of a man),,,,
2-611-807-1,nucl1290,Wa,2254,pauʔ.A,phonetic,father-in-law (of a woman),,,,
2-610-807-1,nucl1290,Wa,2255,pauʔ.A,phonetic,father-in-law (of a man),,,,
2-570-807-1,nucl1290,Wa,490,doih.B dai.B,phonetic,descendants,,,,
2-560-807-1,nucl1290,Wa,1669,taʔ.A du.B,phonetic,ancestors,,,,
2-550-807-1,nucl1290,Wa,1643,pauʔ.B ʔaik.A taŋ.A,phonetic,cousin,,,,
2-540-807-1,nucl1290,Wa,1642,kɔn.A bun.A puʔ.B ʔaik.A,phonetic,niece,,,,
2-530-807-1,nucl1290,Wa,1063,kɔn.A puʔ.B ʔaik.A,phonetic,nephew,,,,
2-522-807-1,nucl1290,Wa,170,mɛʔ.B,phonetic,father's sister,,,,
2-520-807-1,nucl1290,Wa,1272,mɛʔ.B,phonetic,aunt,,,,
2-521-807-1,nucl1290,Wa,171,mɛʔ.B,phonetic,mother's sister,,,,
2-512-807-1,nucl1290,Wa,1985,kɨiŋ.A tiŋ.B,phonetic,father's brother,,,,
2-511-807-1,nucl1290,Wa,1984,pauʔ.A,phonetic,mother's brother,,,,
2-510-807-1,nucl1290,Wa,1327,kɨiŋ.A,phonetic,uncle,,,,
2-480-807-1,nucl1290,Wa,1618,kɔn.A saɨʔ.A,phonetic,grandson,,,,
2-490-807-1,nucl1290,Wa,1619,kɔn.A saɨʔ.A plak.A kɔn.A bun.A,phonetic,granddaughter,,,,
2-471-807-1,nucl1290,Wa,907,jɛʔ.B kuat.B,phonetic,old woman,,,,
2-470-807-1,nucl1290,Wa,1496,jɛʔ.B,phonetic,grandmother,,,,
2-461-807-1,nucl1290,Wa,406,taʔ.A kuat.B,phonetic,old man,,,,
2-460-807-1,nucl1290,Wa,1383,taʔ.A,phonetic,grandfather,,,,
2-458-807-1,nucl1290,Wa,1005,kɔn.A brɔm.A,phonetic,twins,,,,
2-456-807-1,nucl1290,Wa,1640,prɛ.A nan.A,phonetic,sibling,,,,
2-455-807-1,nucl1290,Wa,1761,puʔ.B bun.A,phonetic,younger sister,,,,
2-454-807-1,nucl1290,Wa,1758,pauʔ.B ke.A bun.A,phonetic,older sister,,,,
2-450-807-1,nucl1290,Wa,1263,nan.A,phonetic,sister,,,,
2-445-807-1,nucl1290,Wa,1760,puʔ.B səmeʔ.B,phonetic,younger brother,,,,
2-444-807-1,nucl1290,Wa,1759,pauʔ.B ke.A səmeʔ.B,phonetic,older brother,,,,
2-440-807-1,nucl1290,Wa,1262,prɛ.A,phonetic,brother,,,,
2-430-807-1,nucl1290,Wa,1801,kɔn.A praiʔ.B,phonetic,offspring (son or daughter),,,,
2-420-807-1,nucl1290,Wa,1357,kɔn.A bun.B,phonetic,daughter,,,,
2-410-807-1,nucl1290,Wa,1620,kɔn.A səmeʔ.B,phonetic,son,,,,
2-390-807-1,nucl1290,Wa,426,bun.A koi.A meʔ.B,phonetic,married woman,,,,
2-380-807-1,nucl1290,Wa,424,pui.B kun.A,phonetic,married man,,,,
2-370-807-1,nucl1290,Wa,505,mɛʔ.B kɨiŋ.A,phonetic,parents,,,,
2-350-807-1,nucl1290,Wa,1217,kɨiŋ.A,phonetic,father,,,,
2-341-807-1,nucl1290,Wa,1134,tik.A pauʔ.B tiʔ.A,phonetic,divorce,,,,
2-340-807-1,nucl1290,Wa,1259,grɔŋ.A koi.A meʔ.B koi.A moiŋ.B,phonetic,"marriage, wedding",,,,
2-330-807-1,nucl1290,Wa,203,juh.B kah.A pauʔ.B,phonetic,marry,,,,
2-320-807-1,nucl1290,Wa,1199,moiŋ.B,phonetic,wife,,,,
2-310-807-1,nucl1290,Wa,1200,meʔ.B,phonetic,husband,,,,
2-280-807-1,nucl1290,Wa,1289,kɔn.A ŋɛ.A,phonetic,"infant, baby",,,,
2-270-807-1,nucl1290,Wa,1304,kɔn.A ńɔm.B,phonetic,child,,,,
2-261-807-1,nucl1290,Wa,77,bun.A krih.A,phonetic,young woman (adolescent),,,,
2-260-807-1,nucl1290,Wa,1646,kɔn.A bun.A,phonetic,girl,,,,
2-251-807-1,nucl1290,Wa,76,səŋɔ.B,phonetic,young man (adolescent),,,,
2-250-807-1,nucl1290,Wa,1366,kɔn.A səmeʔ.B,phonetic,boy,,,,
2-240-807-1,nucl1290,Wa,1551,bun.A,phonetic,female,,,,
2-230-807-1,nucl1290,Wa,1553,səmeʔ.B,phonetic,male,,,,
2-220-807-1,nucl1290,Wa,962,bun.A,phonetic,woman,,,,
2-210-807-1,nucl1290,Wa,1554,səmeʔ.B,phonetic,man (vs. woman),,,,
2-100-807-1,nucl1290,Wa,683,pui.B,phonetic,"person, human being",,,,
1-890-807-1,nucl1290,Wa,1188,suah.A,phonetic,charcoal,,,,
1-880-807-1,nucl1290,Wa,10,khiʔ.A,phonetic,firewood,,,,
1-870-807-1,nucl1290,Wa,1133,pai.A giʔ.B,phonetic,match (noun),,,,
1-861-807-1,nucl1290,Wa,127,prɨt.A ŋu.B,phonetic,extinguish,,,,
1-860-807-1,nucl1290,Wa,737,pru.A ŋu.B,phonetic,"light, kindle, ignite",,,,
1-852-807-1,nucl1290,Wa,1428,glɨiŋ.B,phonetic,burn (vb intrans),,,,
1-851-807-1,nucl1290,Wa,141,kɨik.B,phonetic,burn (vb trans),,,,
1-841-807-1,nucl1290,Wa,67,ńauʔ.B ńia.B,phonetic,embers,,,,
1-840-807-1,nucl1290,Wa,646,ńau.B ŋu.B,phonetic,ashes,,,,
1-830-807-1,nucl1290,Wa,778,tauʔ.A ŋu.B,phonetic,smoke (noun),,,,
1-820-807-1,nucl1290,Wa,889,rup.A ŋu.B,phonetic,flame (noun),,,,
1-810-807-1,nucl1290,Wa,221,ŋu.B,phonetic,fire,,,,
1-780-807-1,nucl1290,Wa,952,praiʔ.B,phonetic,weather,,,,
1-770-807-1,nucl1290,Wa,617,kaiŋ.A sədap.A,phonetic,ice,,,,
1-760-807-1,nucl1290,Wa,784,rha.A,phonetic,snow (noun),,,,
1-750-807-1,nucl1290,Wa,658,lhɛʔ.A,phonetic,rain (noun),,,,
1-740-807-1,nucl1290,Wa,249,səmɔk.B,phonetic,fog,,,,
1-720-807-1,nucl1290,Wa,960,bhaɨŋ.A,phonetic,wind,,,,
1-730-807-1,nucl1290,Wa,1489,pai.A ʔɔm.A,phonetic,cloud,,,,
1-710-807-1,nucl1290,Wa,27,bhɔm.A,phonetic,air,,,,
1-640-807-1,nucl1290,Wa,1977,rɔm.A ćɛʔ.B,phonetic,dew,,,,
1-630-807-1,nucl1290,Wa,1388,vɨi.B,phonetic,"shade, shadow",,,,
1-620-807-1,nucl1290,Wa,11,vhaik.A,phonetic,darkness,,,,
1-610-807-1,nucl1290,Wa,630,koik.A,phonetic,light (noun),,,,
1-590-807-1,nucl1290,Wa,1733,səjɔŋ.B,phonetic,rainbow,,,,
1-580-807-1,nucl1290,Wa,858,lhɛʔ.A lih.B mai.A bhaɨŋ.A tiŋ.B,phonetic,storm,,,,
1-560-807-1,nucl1290,Wa,1150,saih.A,phonetic,thunder,,,,
1-570-807-1,nucl1290,Wa,2007,khiap.A ćɔ.B,phonetic,lightning (as striking),,,,
1-550-807-1,nucl1290,Wa,1654,khiap.A ćɔ.B,phonetic,lightning,,,,
1-540-807-1,nucl1290,Wa,1430,sim.A ʔuiŋ.A,phonetic,star,,,,
1-530-807-1,nucl1290,Wa,1313,khiʔ.A,phonetic,moon,,,,
1-520-807-1,nucl1290,Wa,1343,səŋaiʔ.B,phonetic,sun,,,,
1-510-807-1,nucl1290,Wa,1732,rau.B ma.A,phonetic,sky,,,,
1-450-807-1,nucl1290,Wa,6,kla.A rɨm.B,phonetic,earthquake,,,,
1-440-807-1,nucl1290,Wa,2125,səmauʔ.B,phonetic,"stone, rock",,,,
1-430-807-1,nucl1290,Wa,1803,khauʔ.A siau.B,phonetic,wood,,,,
1-420-807-1,nucl1290,Wa,906,khauʔ.A,phonetic,tree (cf 08.600),,,,
1-410-807-1,nucl1290,Wa,420,tiak.B khauʔ.A,phonetic,"woods, forest",,,,
1-390-807-1,nucl1290,Wa,943,rɔm.A puah.B rɔm.A tat.A,phonetic,waterfall,,,,
1-380-807-1,nucl1290,Wa,1145,daɨʔ.A biŋ.B,phonetic,swamp,,,,
1-370-807-1,nucl1290,Wa,2144,rɔm.A kət.A,phonetic,"spring, well",,,,
1-370-807-2,nucl1290,Wa,2144,rɔm.A mɔ.A,phonetic,"spring, well",,,,
1-362-807-1,nucl1290,Wa,1982,dɨ.B pai.A liŋ.B rɔm.A,phonetic,whirlpool,,,,
1-360-807-1,nucl1290,Wa,666,klɔŋ.A tiŋ.B,phonetic,"river, stream, brook",,,,
1-360-807-2,nucl1290,Wa,666,klɔŋ.A ʔiak.A,phonetic,"river, stream, brook",,,,
1-343-807-1,nucl1290,Wa,1662,tauh.B rɔm.A,phonetic,"headland, point",,,,
1-341-807-1,nucl1290,Wa,623,nhɔŋ.A koi.A rɔm.A lhauʔ.A,phonetic,lagoon,,,,
1-340-807-1,nucl1290,Wa,663,hai.A ʔuaŋ.A,phonetic,"gulf, bay",,,,
1-330-807-1,nucl1290,Wa,624,nhɔŋ.A,phonetic,lake,,,,
1-329-807-1,nucl1290,Wa,645,rɔm.A səgrit.A səgra.A,phonetic,ocean,,,,
1-324-807-1,nucl1290,Wa,1768,bai.B,phonetic,foam,,,,
1-323-807-1,nucl1290,Wa,259,pu.A pak.A rɔm.A,phonetic,rough (of sea),,,,
1-320-807-1,nucl1290,Wa,1474,rɔm.A səgrit.A səgra.A,phonetic,sea,,,,
1-322-807-1,nucl1290,Wa,258,ŋim.B,phonetic,calm (of sea),,,,
1-310-807-1,nucl1290,Wa,948,rɔm.A,phonetic,water,,,,
1-280-807-1,nucl1290,Wa,1155,daɨʔ.A tham.A,phonetic,cave,,,,
1-270-807-1,nucl1290,Wa,113,prauk.A rɔm.A,phonetic,shore,,,,
1-260-807-1,nucl1290,Wa,166,kah.A rauk.B,phonetic,mainland,,,,
1-250-807-1,nucl1290,Wa,622,kun.A,phonetic,island,,,,
1-240-807-1,nucl1290,Wa,921,daɨʔ.A ŋɔt.B,phonetic,valley,,,,
1-230-807-1,nucl1290,Wa,652,toŋ.B,phonetic,"plain, field",,,,
1-222-807-1,nucl1290,Wa,618,kah.A rɛh.B,phonetic,"cliff, precipice",,,,
1-220-807-1,nucl1290,Wa,2118,gɔŋ.B,phonetic,"mountain, hill",,,,
1-214-807-1,nucl1290,Wa,640,glauʔ.B,phonetic,mud,,,,
1-215-807-1,nucl1290,Wa,671,mhaik.A,phonetic,sand,,,,
1-213-807-1,nucl1290,Wa,2,mɔk.B tɛʔ.A,phonetic,dust,,,,
1-212-807-1,nucl1290,Wa,1228,tɛʔ.A,phonetic,"earth=ground, soil",,,,
1-210-807-1,nucl1290,Wa,626,hak.A tɛʔ.A,phonetic,"earth, land",,,,
1-100-807-1,nucl1290,Wa,965,piaŋ.B hak.A tɛʔ.A,phonetic,world,,,,
14-330-807-1,nucl1290,Wa,1544,bɔk.B tiʔ.B blah.A,phonetic,sometimes,,,,
14-331-807-1,nucl1290,Wa,703,tiʔ.B vut.B khaiʔ.A,phonetic,soon,,,,
14-332-807-1,nucl1290,Wa,418,rhɨŋ.A,phonetic,long-time (for a),,,,
14-340-807-1,nucl1290,Wa,1656,ʔaŋ.A saʔ.A,phonetic,never,,,,
14-350-807-1,nucl1290,Wa,204,bauʔ.B,phonetic,again,,,,
14-410-807-1,nucl1290,Wa,1225,pon.B ŋaiʔ.B,phonetic,day,,,,
14-420-807-1,nucl1290,Wa,1233,pon.B sɔm.A,phonetic,night,,,,
14-430-807-1,nucl1290,Wa,729,ʒ́ih.A riaŋ.B praiʔ.B,phonetic,dawn,,,,
14-440-807-1,nucl1290,Wa,1339,pon.B ŋɔp.B,phonetic,morning,,,,
14-451-807-1,nucl1290,Wa,1807,plak.A bo.B,phonetic,afternoon,,,,
14-451-807-2,nucl1290,Wa,1807,plak.A bo.B,phonetic,afternoon,,,,
14-460-807-1,nucl1290,Wa,1629,pon.B bo.B,phonetic,evening,,,,
14-470-807-1,nucl1290,Wa,1283,ʔin.A səŋaiʔ.B,phonetic,today,,,,
14-480-807-1,nucl1290,Wa,1329,pon.B saʔ.A,phonetic,tomorrow,,,,
14-481-807-1,nucl1290,Wa,1179,səgauʔ.A,phonetic,day-after-tomorrow,,,,
14-490-807-1,nucl1290,Wa,1174,kɔʔ.A,phonetic,yesterday,,,,
14-491-807-1,nucl1290,Wa,1180,ʔan.A ŋaiʔ.B nhauʔ.A,phonetic,day-before-yesterday,,,,
14-510-807-1,nucl1290,Wa,1353,ŋai.A na.B ri.B,phonetic,hour,,,,
14-530-807-1,nucl1290,Wa,1323,na.B ri.B,phonetic,"clock, timepiece",,,,
14-610-807-1,nucl1290,Wa,1469,vaŋ.A sin.A,phonetic,week,,,,
14-620-807-1,nucl1290,Wa,1699,ŋaiʔ.B tuah.B,phonetic,Sunday,,,,
14-630-807-1,nucl1290,Wa,1697,ŋaiʔ.B tiʔ.B,phonetic,Monday,,,,
14-640-807-1,nucl1290,Wa,1695,ŋaiʔ.B ra.A,phonetic,Tuesday,,,,
14-650-807-1,nucl1290,Wa,1694,ŋaiʔ.B loi.A,phonetic,Wednesday,,,,
14-660-807-1,nucl1290,Wa,1693,ŋaiʔ.B pon.A,phonetic,Thursday,,,,
14-670-807-1,nucl1290,Wa,1692,ŋaiʔ.B phuan.A,phonetic,Friday,,,,
14-680-807-1,nucl1290,Wa,1700,ŋaiʔ.B liah.B,phonetic,Saturday,,,,
14-710-807-1,nucl1290,Wa,1370,khiʔ.A,phonetic,month,,,,
14-730-807-1,nucl1290,Wa,1226,num.B,phonetic,year,,,,
14-740-807-1,nucl1290,Wa,1471,mai.A ruŋ.B,phonetic,winter,,,,
14-750-807-1,nucl1290,Wa,1537,mai.A van.A,phonetic,spring,,,,
14-760-807-1,nucl1290,Wa,1342,mai.A raɨʔ.B,phonetic,summer,,,,
14-770-807-1,nucl1290,Wa,1276,mai.A vɔk.B mai.A tɨi.B,phonetic,autumn,,,,
14-780-807-1,nucl1290,Wa,691,bɔk.B jam.B,phonetic,season,,,,
15-210-807-1,nucl1290,Wa,1587,ćuʔ.B,phonetic,smell (vb intrans),,,,
15-212-807-1,nucl1290,Wa,375,mhoŋ.A,phonetic,sniff,,,,
15-220-807-1,nucl1290,Wa,1586,ŋhɨt.A,phonetic,smell (vb trans),,,,
15-250-807-1,nucl1290,Wa,376,bhɔŋ.A,phonetic,"fragrant, good smelling",,,,
15-260-807-1,nucl1290,Wa,42,səʔoi.A,phonetic,"stinking, bad smelling",,,,
15-310-807-1,nucl1290,Wa,21,ʒ́hɔm.A ʔih.B,phonetic,taste,,,,
15-350-807-1,nucl1290,Wa,717,tɛ.A,phonetic,sweet,,,,
15-360-807-1,nucl1290,Wa,1091,soŋ.A kih.B,phonetic,salty,,,,
15-370-807-1,nucl1290,Wa,887,soŋ.A,phonetic,bitter,,,,
15-380-807-1,nucl1290,Wa,1906,nɛʔ.B,phonetic,"acid, sour",,,,
15-390-807-1,nucl1290,Wa,70,luʔ.A kih.B,phonetic,brackish,,,,
15-410-807-1,nucl1290,Wa,1408,mhoŋ.A,phonetic,hear,,,,
15-420-807-1,nucl1290,Wa,1608,ŋhiat.A,phonetic,listen,,,,
15-440-807-1,nucl1290,Wa,1811,luah.A,phonetic,"sound, noise",,,,
15-450-807-1,nucl1290,Wa,377,tiŋ.B loʔ.A,phonetic,loud,,,,
15-460-807-1,nucl1290,Wa,1314,jian.A,phonetic,"quiet, silence",,,,
15-510-807-1,nucl1290,Wa,1409,jauʔ.B,phonetic,see,,,,
15-520-807-1,nucl1290,Wa,1819,gaik.B,phonetic,"look, look at",,,,
15-520-807-2,nucl1290,Wa,1819,ʒ́hak.A,phonetic,"look, look at",,,,
15-550-807-1,nucl1290,Wa,1039,ʒ́hi.A pui.B jauʔ.B,phonetic,show,,,,
15-560-807-1,nucl1290,Wa,708,tɔŋ.A,phonetic,shine,,,,
15-570-807-1,nucl1290,Wa,679,riaŋ.B,phonetic,bright,,,,
15-610-807-1,nucl1290,Wa,1613,jiŋ.A səʔ.A,phonetic,color,,,,
15-620-807-1,nucl1290,Wa,250,riaŋ.B,phonetic,light (in color),,,,
15-630-807-1,nucl1290,Wa,706,ʔut.A,phonetic,dark (in color),,,,
15-640-807-1,nucl1290,Wa,1335,paiŋ.B,phonetic,white,,,,
15-650-807-1,nucl1290,Wa,163,luŋ.B,phonetic,black,,,,
15-660-807-1,nucl1290,Wa,156,rauh.A,phonetic,red,,,,
15-670-807-1,nucl1290,Wa,837,luŋ.B klai.B,phonetic,blue,,,,
15-680-807-1,nucl1290,Wa,1425,klai.B,phonetic,green,,,,
15-690-807-1,nucl1290,Wa,1424,səgraiŋ.A,phonetic,yellow,,,,
15-710-807-1,nucl1290,Wa,1892,pɛt.B,phonetic,touch,,,,
15-712-807-1,nucl1290,Wa,378,ćaik.A,phonetic,pinch,,,,
15-720-807-1,nucl1290,Wa,1079,pu.A pi.B,phonetic,feel,,,,
15-740-807-1,nucl1290,Wa,1884,kian.A,phonetic,hard,,,,
15-750-807-1,nucl1290,Wa,1856,ʔɔn.A,phonetic,soft,,,,
15-760-807-1,nucl1290,Wa,1923,rɛʔ.B,phonetic,rough,,,,
15-770-807-1,nucl1290,Wa,1234,ńu.A,phonetic,smooth,,,,
15-780-807-1,nucl1290,Wa,1396,lɔm.B,phonetic,sharp,,,,
15-790-807-1,nucl1290,Wa,379,klu.B,phonetic,"blunt, dull",,,,
15-810-807-1,nucl1290,Wa,1210,kian.B,phonetic,heavy,,,,
15-820-807-1,nucl1290,Wa,1052,khioŋ.A,phonetic,light (in weight),,,,
15-830-807-1,nucl1290,Wa,1726,ćaɨʔ.B,phonetic,"wet, damp",,,,
15-840-807-1,nucl1290,Wa,1398,kroh.A,phonetic,dry,,,,
15-840-807-2,nucl1290,Wa,1398,kroh.A,phonetic,dry,,,,
15-850-807-1,nucl1290,Wa,1286,ʔauh.A,phonetic,hot,,,,
15-851-807-1,nucl1290,Wa,1232,ʔu.A,phonetic,warm,,,,
15-860-807-1,nucl1290,Wa,1287,kuat.A,phonetic,cold,,,,
15-870-807-1,nucl1290,Wa,704,səŋaʔ.A,phonetic,clean,,,,
15-880-807-1,nucl1290,Wa,1230,khrɨiŋ.A,phonetic,"dirty, soiled",,,,
15-890-807-1,nucl1290,Wa,380,rak.A rɨn.A,phonetic,wrinkled,,,,
16-110-807-1,nucl1290,Wa,53,khuan.A,phonetic,"soul, spirit",,,,
16-150-807-1,nucl1290,Wa,1572,dauʔ.A,phonetic,"surprised, astonished",,,,
16-150-807-2,nucl1290,Wa,1572,səjauh.A,phonetic,"surprised, astonished",,,,
16-180-807-1,nucl1290,Wa,720,koi.A son.A,phonetic,"good fortune, luck",,,,
16-190-807-1,nucl1290,Wa,56,brah.A,phonetic,"misfortune, bad luck",,,,
16-230-807-1,nucl1290,Wa,1495,səgaɨʔ.B,phonetic,"joyful, glad, happy",,,,
16-250-807-1,nucl1290,Wa,1355,ŋiah.B,phonetic,laugh,,,,
16-251-807-1,nucl1290,Wa,1451,ŋiah.B rɔi.B,phonetic,smile,,,,
16-260-807-1,nucl1290,Wa,1413,klɛh.A,phonetic,play,,,,
16-270-807-1,nucl1290,Wa,923,muih.A,phonetic,love,,,,
16-290-807-1,nucl1290,Wa,578,ŋhɨt.A,phonetic,kiss,,,,
16-300-807-1,nucl1290,Wa,928,kɔm.B,phonetic,embrace,,,,
16-310-807-1,nucl1290,Wa,1783,saɨʔ.A,phonetic,pain,,,,
16-320-807-1,nucl1290,Wa,1668,saik.A rhɔm.A,phonetic,"grief, sorrow, sadness",,,,
16-330-807-1,nucl1290,Wa,1000,khi.A,phonetic,"anxiety, worry",,,,
16-340-807-1,nucl1290,Wa,1875,klih.A rhɔm.A,phonetic,"regret, be sorry",,,,
16-350-807-1,nucl1290,Wa,1141,ćauʔ.B rhɔm.A,phonetic,pity,,,,
16-370-807-1,nucl1290,Wa,1839,jiam.B,phonetic,"cry, weep",,,,
16-380-807-1,nucl1290,Wa,1651,rɔm.A ŋai.A,phonetic,tear (noun),,,,
16-390-807-1,nucl1290,Wa,716,ŋia.B,phonetic,groan,,,,
16-410-807-1,nucl1290,Wa,1607,koiŋ.B,phonetic,hate,,,,
16-420-807-1,nucl1290,Wa,82,mɨt.A rhɔm.A,phonetic,anger,,,,
16-440-807-1,nucl1290,Wa,40,khɔi.A,phonetic,"envy, jealousy",,,,
16-450-807-1,nucl1290,Wa,1776,kaik.B,phonetic,shame (noun),,,,
16-480-807-1,nucl1290,Wa,174,tiŋ.B loʔ.A vau.B səgah.B,phonetic,proud,,,,
16-510-807-1,nucl1290,Wa,1779,pon.B kət.B pon.B juh.B,phonetic,dare,,,,
16-520-807-1,nucl1290,Wa,3,vau.B,phonetic,brave,,,,
16-530-807-1,nucl1290,Wa,781,lhat.A,phonetic,"fear, fright",,,,
16-540-807-1,nucl1290,Wa,1810,blɔŋ.B lhat.A,phonetic,danger,,,,
16-620-807-1,nucl1290,Wa,1784,mɛ.B,phonetic,"desire, want",,,,
16-620-807-2,nucl1290,Wa,1784,saŋ.A,phonetic,"desire, want",,,,
16-622-807-1,nucl1290,Wa,1750,laɨk.B,phonetic,choose,,,,
16-630-807-1,nucl1290,Wa,1092,səmɛ.B,phonetic,hope,,,,
16-650-807-1,nucl1290,Wa,100,raɨh.B sɨ.A sɨ.A,phonetic,faithful,,,,
16-660-807-1,nucl1290,Wa,1657,mɔh.B,phonetic,true,,,,
16-670-807-1,nucl1290,Wa,601,pɛ.B,phonetic,"lie, tell lies",,,,
16-680-807-1,nucl1290,Wa,13,tɛh.B,phonetic,deceit,,,,
16-690-807-1,nucl1290,Wa,1528,vɛʔ.B hrɔm.A laŋ.A,phonetic,forgive,,,,
16-710-807-1,nucl1290,Wa,1035,mhɔm.A,phonetic,good,,,,
16-720-807-1,nucl1290,Wa,1292,ćauʔ.B,phonetic,bad,,,,
16-720-807-2,nucl1290,Wa,1292,laɨʔ.B,phonetic,bad,,,,
16-730-807-1,nucl1290,Wa,1725,khɔ.A,phonetic,"right, correct",,,,
16-740-807-1,nucl1290,Wa,1390,lut.B,phonetic,wrong,,,,
16-760-807-1,nucl1290,Wa,134,kraʔ.A lut.B,phonetic,fault,,,,
16-770-807-1,nucl1290,Wa,1293,lut.B phit.A,phonetic,"mistake, error",,,,
16-780-807-1,nucl1290,Wa,381,sɔk.B glɨih.B,phonetic,blame,,,,
16-790-807-1,nucl1290,Wa,1687,jɔ.B,phonetic,praise,,,,
16-810-807-1,nucl1290,Wa,1427,mhɔm.A graŋ.B,phonetic,beautiful,,,,
16-820-807-1,nucl1290,Wa,1548,brai.A maɨŋ.B,phonetic,ugly,,,,
16-830-807-1,nucl1290,Wa,2018,rhɔm.A saŋ.A ʔih.A ku.B ćə.B,phonetic,greedy,,,,
16-840-807-1,nucl1290,Wa,1310,lhak.A,phonetic,clever,,,,
17-110-807-1,nucl1290,Wa,1562,doŋ.A,phonetic,mind,,,,
17-110-807-2,nucl1290,Wa,1562,rhɔm.A,phonetic,mind,,,,
17-130-807-1,nucl1290,Wa,1415,kət.B,phonetic,think (= reflect),,,,
17-140-807-1,nucl1290,Wa,1513,će.B,phonetic,think (= be of the opinion),,,,
17-150-807-1,nucl1290,Wa,1890,ji.A,phonetic,believe,,,,
17-160-807-1,nucl1290,Wa,1536,tɔŋ.B rhɔm.A pauʔ.B tiʔ.A,phonetic,understand,,,,
17-170-807-1,nucl1290,Wa,1410,tɔŋ.B,phonetic,know,,,,
17-171-807-1,nucl1290,Wa,1932,kət.B,phonetic,guess,,,,
17-172-807-1,nucl1290,Wa,117,hɔt.A juh.B,phonetic,imitate,,,,
17-180-807-1,nucl1290,Wa,1521,ʔɔm.A mɔh.B,phonetic,seem,,,,
17-190-807-1,nucl1290,Wa,1609,kraʔ.A kət.B,phonetic,"idea, notion",,,,
17-210-807-1,nucl1290,Wa,698,lhak.A lhiau.A,phonetic,wise,,,,
17-220-807-1,nucl1290,Wa,1518,phɨm.A,phonetic,"foolish, stupid",,,,
17-230-807-1,nucl1290,Wa,1899,vɔ.B,phonetic,"insane, crazy",,,,
17-230-807-2,nucl1290,Wa,1899,jhot.B,phonetic,"insane, crazy",,,,
17-240-807-1,nucl1290,Wa,504,gaɨ.B tiʔ.A,phonetic,learn,,,,
17-242-807-1,nucl1290,Wa,1929,gaɨ.B tiʔ.A kah.A,phonetic,study,,,,
17-250-807-1,nucl1290,Wa,709,gaɨ.B lai.B,phonetic,teach,,,,
17-260-807-1,nucl1290,Wa,753,ńɔm.B ʔah.A lai.B,phonetic,pupil,,,,
17-270-807-1,nucl1290,Wa,1038,ćau.A gaɨ.B lai.B,phonetic,teacher,,,,
17-280-807-1,nucl1290,Wa,673,ńɛʔ.B ʔah.A lai.B,phonetic,school,,,,
17-310-807-1,nucl1290,Wa,707,prɛʔ.A rhɔm.A,phonetic,remember,,,,
17-320-807-1,nucl1290,Wa,1523,pi.B,phonetic,forget,,,,
17-340-807-1,nucl1290,Wa,989,sədɔŋ.A,phonetic,"clear, plain",,,,
17-350-807-1,nucl1290,Wa,1764,səviʔ.A,phonetic,obscure,,,,
17-360-807-1,nucl1290,Wa,1121,kaiŋ.B glip.A kaiŋ.B moʔ.A,phonetic,secret,,,,
17-370-807-1,nucl1290,Wa,509,mɔh.B te.B te.B,phonetic,"sure, certain",,,,
17-380-807-1,nucl1290,Wa,1626,krai.B sədɔŋ.A,phonetic,explain,,,,
17-410-807-1,nucl1290,Wa,1162,kraʔ.A saŋ.A pon.B,phonetic,"intention, purpose",,,,
17-420-807-1,nucl1290,Wa,860,ʒ́au.B,phonetic,cause,,,,
17-430-807-1,nucl1290,Wa,1308,kət.B mɔh.B,phonetic,doubt,,,,
17-440-807-1,nucl1290,Wa,1841,kraʔ.A ʔaŋ.A tɔŋ.B,phonetic,suspect,,,,
17-441-807-1,nucl1290,Wa,1902,fɨn.A,phonetic,betray,,,,
17-450-807-1,nucl1290,Wa,643,saŋ.A siau.B,phonetic,"need, necessity",,,,
17-460-807-1,nucl1290,Wa,686,jɛ.B,phonetic,easy,,,,
17-470-807-1,nucl1290,Wa,584,nu.B,phonetic,difficult,,,,
17-480-807-1,nucl1290,Wa,1812,ćhə.A,phonetic,"try, attempt",,,,
17-490-807-1,nucl1290,Wa,488,blɔŋ.B,phonetic,"way, manner",,,,
17-510-807-1,nucl1290,Wa,1577,mai.A,phonetic,and,,,,
17-520-807-1,nucl1290,Wa,1157,ʒ́au.B,phonetic,because,,,,
17-520-807-2,nucl1290,Wa,1157,khɨ.A,phonetic,because,,,,
17-530-807-1,nucl1290,Wa,1459,sin.A,phonetic,if,,,,
17-540-807-1,nucl1290,Wa,1014,sin.A ʔaŋ.A mɔh.B nan.A,phonetic,or,,,,
17-550-807-1,nucl1290,Wa,1268,mɔh.B,phonetic,"yes, affirmative",,,,
17-560-807-1,nucl1290,Wa,1269,ʔaŋ.A,phonetic,"no, negative",,,,
17-560-807-2,nucl1290,Wa,1269,ʔaŋ.A mɔh.B,phonetic,"no, negative",,,,
17-610-807-1,nucl1290,Wa,1239,juh.B kah.A mɔʔ.A,phonetic,how?,,,,
17-620-807-1,nucl1290,Wa,822,mɛʔ.B diŋ.B,phonetic,how many?,,,,
17-630-807-1,nucl1290,Wa,531,mɛʔ.B diŋ.B,phonetic,how much?,,,,
17-640-807-1,nucl1290,Wa,1236,pa.A tiʔ.A,phonetic,what?,,,,
17-650-807-1,nucl1290,Wa,1238,lai.A mɔʔ.A,phonetic,when?,,,,
17-660-807-1,nucl1290,Wa,1237,dɨ.B mɔʔ.A,phonetic,where?,,,,
17-670-807-1,nucl1290,Wa,727,mɔʔ.A,phonetic,which?,,,,
17-680-807-1,nucl1290,Wa,1235,mɔʔ.A,phonetic,who?,,,,
17-690-807-1,nucl1290,Wa,1270,juh.B pa.A tiʔ.A,phonetic,why?,,,,
18-110-807-1,nucl1290,Wa,1363,loʔ.A,phonetic,voice,,,,
18-120-807-1,nucl1290,Wa,1261,ŋɨi.A,phonetic,sing,,,,
18-130-807-1,nucl1290,Wa,715,jo.B,phonetic,"shout, cry out",,,,
18-130-807-2,nucl1290,Wa,715,kok.A,phonetic,"shout, cry out",,,,
18-150-807-1,nucl1290,Wa,55,su.A siap.A,phonetic,whisper,,,,
18-160-807-1,nucl1290,Wa,128,ću.A ćaik.A loʔ.A,phonetic,mumble,,,,
18-170-807-1,nucl1290,Wa,1025,ʒ́huaik.A,phonetic,whistle,,,,
18-180-807-1,nucl1290,Wa,298,riak.B,phonetic,"shriek, screech",,,,
18-190-807-1,nucl1290,Wa,526,grauʔ.B,phonetic,howl,,,,
18-210-807-1,nucl1290,Wa,1623,səgah.A,phonetic,"speak, talk",,,,
18-211-807-1,nucl1290,Wa,1866,kle.A,phonetic,"stutter, stammer",,,,
18-220-807-1,nucl1290,Wa,1458,krai.B,phonetic,say,,,,
18-221-807-1,nucl1290,Wa,1711,lau.B bɨn.B,phonetic,tell story,,,,
18-222-807-1,nucl1290,Wa,1115,krai.B loʔ.A,phonetic,speech (make a),,,,
18-230-807-1,nucl1290,Wa,48,vɔt.B,phonetic,silent (be),,,,
18-240-807-1,nucl1290,Wa,1307,loʔ.A,phonetic,language,,,,
18-260-807-1,nucl1290,Wa,1599,ŋai.A lai.B,phonetic,word,,,,
18-260-807-2,nucl1290,Wa,1599,gum.B loʔ.A,phonetic,word,,,,
18-280-807-1,nucl1290,Wa,1405,kaɨʔ.A,phonetic,name,,,,
18-310-807-1,nucl1290,Wa,1309,ćhɔk.A,phonetic,"ask (question, inquire)",,,,
18-320-807-1,nucl1290,Wa,1275,pɔk.A,phonetic,answer,,,,
18-330-807-1,nucl1290,Wa,2022,ću.B,phonetic,"admit, confess",,,,
18-340-807-1,nucl1290,Wa,755,thiaŋ.A,phonetic,deny,,,,
18-350-807-1,nucl1290,Wa,1828,mhaiŋ.A,phonetic,"ask, request",,,,
18-360-807-1,nucl1290,Wa,1675,ću.B loʔ.A,phonetic,promise,,,,
18-370-807-1,nucl1290,Wa,49,sətɛ.B,phonetic,refuse,,,,
18-380-807-1,nucl1290,Wa,83,pluat.A,phonetic,forbid,,,,
18-390-807-1,nucl1290,Wa,299,ne.B,phonetic,"rebuke, scold",,,,
18-390-807-2,nucl1290,Wa,299,ʔah.A,phonetic,"rebuke, scold",,,,
18-410-807-1,nucl1290,Wa,1084,kok.A,phonetic,call (=summon),,,,
18-420-807-1,nucl1290,Wa,180,mhaiŋ.A mɔh.B,phonetic,call (=name),,,,
18-430-807-1,nucl1290,Wa,9,nih.A kah.A pak.A vhak.A kah.A graih.A,phonetic,announce,,,,
18-440-807-1,nucl1290,Wa,1192,ghlat.A,phonetic,threaten,,,,
18-450-807-1,nucl1290,Wa,101,taŋ.A jɔ.B ćau.A tiʔ.A,phonetic,boast,,,,
18-510-807-1,nucl1290,Wa,1672,pɔt.B,phonetic,write,,,,
18-520-807-1,nucl1290,Wa,724,phat.A,phonetic,read,,,,
18-560-807-1,nucl1290,Wa,648,će.A,phonetic,paper,,,,
18-570-807-1,nucl1290,Wa,794,piʔ.A,phonetic,pen,,,,
18-610-807-1,nucl1290,Wa,963,phuk.A lai.B,phonetic,book,,,,
18-670-807-1,nucl1290,Wa,1045,pui.B ćiʔ.B pɔt.B ŋɨi.A lai.B rhaʔ.A,phonetic,poet,,,,
18-710-807-1,nucl1290,Wa,777,ʔak.A leh.B,phonetic,flute,,,,
18-720-807-1,nucl1290,Wa,908,kədɨŋ.B,phonetic,drum,,,,
18-730-807-1,nucl1290,Wa,2136,tɨt.A,phonetic,"horn, trumpet",,,,
18-740-807-1,nucl1290,Wa,300,juh.B luah.A,phonetic,rattle,,,,
19-110-807-1,nucl1290,Wa,1300,kɔʔ.A ćia.A,phonetic,country,,,,
19-110-807-2,nucl1290,Wa,1300,hak.A tɛʔ.A,phonetic,country,,,,
19-120-807-1,nucl1290,Wa,89,məŋ.B taʔ.A məŋ.B jɛʔ.B,phonetic,one's native country,,,,
19-150-807-1,nucl1290,Wa,1391,veŋ.B,phonetic,"city, town",,,,
19-150-807-2,nucl1290,Wa,1391,će.B,phonetic,"city, town",,,,
19-160-807-1,nucl1290,Wa,930,jauŋ.A,phonetic,village,,,,
19-170-807-1,nucl1290,Wa,1010,mɨ.A hak.A tɛʔ.A,phonetic,boundary,,,,
19-210-807-1,nucl1290,Wa,789,kɔn.A pui.B,phonetic,people (populace),,,,
19-230-807-1,nucl1290,Wa,302,ru.A,phonetic,"tribe, clan",,,,
19-230-807-2,nucl1290,Wa,302,kian.B,phonetic,"tribe, clan",,,,
19-240-807-1,nucl1290,Wa,301,kuat.B,phonetic,"chief, chieftain",,,,
19-250-807-1,nucl1290,Wa,1296,khauʔ.A giʔ.B,phonetic,"staff, walking stick",,,,
19-310-807-1,nucl1290,Wa,1846,kuaŋ.B,phonetic,"rule, govern",,,,
19-320-807-1,nucl1290,Wa,1508,vɔŋ.B,phonetic,"king, ruler",,,,
19-330-807-1,nucl1290,Wa,1306,moiŋ.B vɔŋ.B,phonetic,queen,,,,
19-360-807-1,nucl1290,Wa,482,səmiaŋ.B,phonetic,"noble, nobleman",,,,
19-370-807-1,nucl1290,Wa,1032,kɔn.A rai.B,phonetic,"citizen, subject",,,,
19-410-807-1,nucl1290,Wa,383,ćau.A,phonetic,master,,,,
19-410-807-2,nucl1290,Wa,383,ćau.A ńɛʔ.B,phonetic,master,,,,
19-420-807-1,nucl1290,Wa,812,soʔ.A lɛʔ.B,phonetic,slave,,,,
19-430-807-1,nucl1290,Wa,255,ćau.A ćaɨ.B,phonetic,servant,,,,
19-440-807-1,nucl1290,Wa,384,pui.B taŋ.A koi.B ńɛʔ.B ma.A,phonetic,freeman,,,,
19-450-807-1,nucl1290,Wa,1128,loʔ.A səmiaŋ.B,phonetic,"command, order",,,,
19-460-807-1,nucl1290,Wa,1635,hɔt.A,phonetic,obey,,,,
19-470-807-1,nucl1290,Wa,1003,ću.A,phonetic,"let, permit",,,,
19-470-807-2,nucl1290,Wa,1003,kɛh.A,phonetic,"let, permit",,,,
19-510-807-1,nucl1290,Wa,1325,pauʔ.B grɔm.B,phonetic,"friend, companion",,,,
19-510-807-2,nucl1290,Wa,1325,pauʔ.B,phonetic,"friend, companion",,,,
19-520-807-1,nucl1290,Wa,1358,pui.B koiŋ.B ʔeʔ.A,phonetic,enemy,,,,
19-540-807-1,nucl1290,Wa,1332,pauʔ.B plɔk.B,phonetic,neighbor,,,,
19-550-807-1,nucl1290,Wa,791,pui.B prɔ.A,phonetic,stranger,,,,
19-560-807-1,nucl1290,Wa,1782,ńo.B,phonetic,guest,,,,
19-570-807-1,nucl1290,Wa,1545,ćau.A ńɛʔ.B,phonetic,host,,,,
19-570-807-2,nucl1290,Wa,1545,ćau.A num.A,phonetic,host,,,,
19-580-807-1,nucl1290,Wa,1897,gɔ.B,phonetic,"help, aid",,,,
19-580-807-2,nucl1290,Wa,1897,tɨm.A,phonetic,"help, aid",,,,
19-590-807-1,nucl1290,Wa,1550,tɛ.B,phonetic,"hinder, prevent",,,,
19-590-807-2,nucl1290,Wa,1550,kɛh.A,phonetic,"hinder, prevent",,,,
19-610-807-1,nucl1290,Wa,1747,bɨn.B,phonetic,custom,,,,
19-620-807-1,nucl1290,Wa,1848,səmah.A,phonetic,"strife, quarrel",,,,
19-620-807-2,nucl1290,Wa,1848,thuŋ.A thiaŋ.A,phonetic,"strife, quarrel",,,,
19-630-807-1,nucl1290,Wa,2024,kraʔ.A ćau.A ńhaɨ.A,phonetic,"conspiracy, plot",,,,
19-650-807-1,nucl1290,Wa,1831,sədaɨh.A,phonetic,meet,,,,
19-720-807-1,nucl1290,Wa,1610,bun.A ćoih.A daɨʔ.A kre.A,phonetic,prostitute,,,,
20-110-807-1,nucl1290,Wa,1423,səʒ́iɛ.B,phonetic,fight (vb),,,,
20-130-807-1,nucl1290,Wa,579,naiŋ.B,phonetic,"war, battle",,,,
20-140-807-1,nucl1290,Wa,1338,sədu.B mhɔm.A ʔot.A,phonetic,peace,,,,
20-150-807-1,nucl1290,Wa,1561,ćup.B lɛn.A,phonetic,army,,,,
20-170-807-1,nucl1290,Wa,1941,lɛn.A,phonetic,soldier,,,,
20-210-807-1,nucl1290,Wa,951,kraɨŋ.B naiŋ.B,phonetic,"weapons, arms",,,,
20-220-807-1,nucl1290,Wa,1763,khauʔ.A lia.B,phonetic,club,,,,
20-222-807-1,nucl1290,Wa,386,moi.A naiŋ.B,phonetic,battle-ax,,,,
20-230-807-1,nucl1290,Wa,387,ʔak.A thiat.A,phonetic,sling,,,,
20-240-807-1,nucl1290,Wa,994,ʔak.A,phonetic,bow,,,,
20-250-807-1,nucl1290,Wa,977,te.B,phonetic,arrow,,,,
20-260-807-1,nucl1290,Wa,945,pliah.B,phonetic,spear,,,,
20-270-807-1,nucl1290,Wa,1535,vaik.B,phonetic,sword,,,,
20-280-807-1,nucl1290,Wa,1566,nat.B,phonetic,"gun, cannon",,,,
20-280-807-2,nucl1290,Wa,1566,mɔk.B,phonetic,"gun, cannon",,,,
20-330-807-1,nucl1290,Wa,1680,mhok.A naiŋ.B,phonetic,helmet,,,,
20-340-807-1,nucl1290,Wa,1064,pa.B tɛ.B pliah.B,phonetic,shield,,,,
20-350-807-1,nucl1290,Wa,1938,tap.B,phonetic,fortress,,,,
20-360-807-1,nucl1290,Wa,1671,kɔŋ.B mu.B,phonetic,tower,,,,
20-410-807-1,nucl1290,Wa,783,peʔ.B,phonetic,victory,,,,
20-420-807-1,nucl1290,Wa,782,goih.B,phonetic,defeat,,,,
20-430-807-1,nucl1290,Wa,722,hauk.A puiŋ.A,phonetic,attack,,,,
20-440-807-1,nucl1290,Wa,1330,paɨ.B,phonetic,defend,,,,
20-450-807-1,nucl1290,Wa,421,bhat.A,phonetic,retreat,,,,
20-460-807-1,nucl1290,Wa,1696,ghrup.A,phonetic,surrender,,,,
20-460-807-2,nucl1290,Wa,1696,ću.B tiʔ.A se.A,phonetic,surrender,,,,
20-470-807-1,nucl1290,Wa,1072,pon.B pauʔ.B tiʔ.A,phonetic,"captive, prisoner",,,,
20-471-807-1,nucl1290,Wa,1940,lɛn.A paɨ.B lɛn.A ʒ́iaŋ.B,phonetic,"guard, sentinel",,,,
20-480-807-1,nucl1290,Wa,1022,kraɨŋ.B pon.B daɨʔ.A naiŋ.B,phonetic,"booty, spoils",,,,
20-490-807-1,nucl1290,Wa,65,moʔ.A tiʔ.A ʔot.A,phonetic,ambush,,,,
20-510-807-1,nucl1290,Wa,1858,pui.B rup.B kaʔ.A,phonetic,fisherman,,,,
20-520-807-1,nucl1290,Wa,1074,met.A kaʔ.A,phonetic,fishhook,,,,
20-530-807-1,nucl1290,Wa,19,mauʔ.A met.A kaʔ.A,phonetic,fishing line,,,,
20-540-807-1,nucl1290,Wa,388,rup.B,phonetic,fishnet,,,,
20-550-807-1,nucl1290,Wa,389,khraŋ.A,phonetic,fish trap,,,,
20-560-807-1,nucl1290,Wa,2013,pa.A ńɔ.B kaʔ.A ʔih.A met.A,phonetic,bait,,,,
20-610-807-1,nucl1290,Wa,1435,ʒ́ɔ.B,phonetic,hunt,,,,
20-620-807-1,nucl1290,Wa,1172,puiŋ.A,phonetic,shoot,,,,
20-630-807-1,nucl1290,Wa,161,ćhat.A,phonetic,miss (target),,,,
20-640-807-1,nucl1290,Wa,1075,daɨʔ.A ʔɔ.B,phonetic,trap (noun),,,,
20-650-807-1,nucl1290,Wa,1170,juh.B daɨʔ.A ʔɔ.B,phonetic,trap (vb),,,,
21-110-807-1,nucl1290,Wa,1062,bɨn.B prɨŋ.B sɨ.A,phonetic,law,,,,
21-150-807-1,nucl1290,Wa,1068,dɨ.B prɔŋ.B sɨ.A,phonetic,court,,,,
21-160-807-1,nucl1290,Wa,1818,prɔŋ.B (sɨ.A),phonetic,judge (vb),,,,
21-170-807-1,nucl1290,Wa,1067,prɔŋ.B,phonetic,judgment,,,,
21-180-807-1,nucl1290,Wa,861,taʔ.A prɔŋ.B sɨ.A,phonetic,judge (noun),,,,
21-210-807-1,nucl1290,Wa,2020,ćau.A kau.B,phonetic,plaintiff,,,,
21-220-807-1,nucl1290,Wa,1034,pa.A kɛh.B pui.B kau.B tiʔ.A,phonetic,defendant,,,,
21-230-807-1,nucl1290,Wa,1144,pui.B sədɔŋ.A grɔŋ.A sɨ.A,phonetic,witness,,,,
21-240-807-1,nucl1290,Wa,1939,tɛʔ.B,phonetic,swear,,,,
21-250-807-1,nucl1290,Wa,1712,krai.B loʔ.A ruk.B,phonetic,oath,,,,
21-310-807-1,nucl1290,Wa,1814,kau.B,phonetic,accuse,,,,
21-320-807-1,nucl1290,Wa,484,ʔah.A,phonetic,condemn,,,,
21-320-807-2,nucl1290,Wa,484,ne.B,phonetic,condemn,,,,
21-330-807-1,nucl1290,Wa,983,krai.B grɔŋ.A phit.A,phonetic,convict (vb),,,,
21-340-807-1,nucl1290,Wa,988,krai.B ʔaŋ.A koi.A kraʔ.A lut.B phit.A,phonetic,acquit,,,,
21-350-807-1,nucl1290,Wa,1682,lut.B phit.A,phonetic,guilty,,,,
21-360-807-1,nucl1290,Wa,90,ʔaŋ.A lut.B ʔaŋ.A phit.B,phonetic,innocent,,,,
21-370-807-1,nucl1290,Wa,390,faʔ.B,phonetic,"penalty, punishment",,,,
21-380-807-1,nucl1290,Wa,218,se.A,phonetic,fine,,,,
21-390-807-1,nucl1290,Wa,1281,kɔk.B,phonetic,"prison, jail",,,,
21-420-807-1,nucl1290,Wa,845,kət.B tiʔ.A plaɨʔ.A pui.B,phonetic,murder,,,,
21-430-807-1,nucl1290,Wa,902,phit.A mai.A pauʔ.B tiʔ.A,phonetic,adultery,,,,
21-440-807-1,nucl1290,Wa,953,gɛʔ.A tiʔ.A phit.A,phonetic,rape,,,,
21-460-807-1,nucl1290,Wa,1889,plɔi.A ŋu.B,phonetic,arson,,,,
21-470-807-1,nucl1290,Wa,1792,krai.B loʔ.A ʔaŋ.A mɔh.B,phonetic,perjury,,,,
21-510-807-1,nucl1290,Wa,713,brɛʔ.B lak.A,phonetic,steal,,,,
21-520-807-1,nucl1290,Wa,1160,ćon.A,phonetic,thief,,,,
22-110-807-1,nucl1290,Wa,661,bɨn.B li.B,phonetic,religion,,,,
22-120-807-1,nucl1290,Wa,1944,səjɛʔ.B,phonetic,God,,,,
22-130-807-1,nucl1290,Wa,911,ńɛʔ.B ćɔŋ.A,phonetic,"temple, church",,,,
22-140-807-1,nucl1290,Wa,853,ńɛʔ.B moik.B,phonetic,altar,,,,
22-150-807-1,nucl1290,Wa,1103,pa.A sɔm.A siaŋ.A pa.A liaŋ.B moik.B,phonetic,"sacrifice, offering",,,,
22-160-807-1,nucl1290,Wa,257,krup.B,phonetic,worship,,,,
22-170-807-1,nucl1290,Wa,24,pih.B,phonetic,pray,,,,
22-170-807-2,nucl1290,Wa,24,rɔk.B buan.A,phonetic,pray,,,,
22-180-807-1,nucl1290,Wa,852,sa.A la.B,phonetic,priest,,,,
22-190-807-1,nucl1290,Wa,1702,pa.A lauh.B lɛ.B tɛ.A lhoŋ.A,phonetic,"holy, sacred",,,,
22-220-807-1,nucl1290,Wa,304,krai.B bɨn.B,phonetic,preach,,,,
22-230-807-1,nucl1290,Wa,391,kɛh.B səjɛʔ.B ʔot.A piaŋ.B ʔeʔ.A,phonetic,bless,,,,
22-240-807-1,nucl1290,Wa,8,ʒ́haʔ.A,phonetic,curse,,,,
22-260-807-1,nucl1290,Wa,303,tuah.B,phonetic,fast (vb),,,,
22-310-807-1,nucl1290,Wa,1565,məŋ.B səjɛʔ.B,phonetic,heaven,,,,
22-320-807-1,nucl1290,Wa,878,ŋu.B na.B rok.B,phonetic,hell,,,,
22-350-807-1,nucl1290,Wa,1973,phi.A ćauʔ.B,phonetic,demon (evil spirit),,,,
22-370-807-1,nucl1290,Wa,1945,riaŋ.B krup.B pui.B,phonetic,idol,,,,
22-420-807-1,nucl1290,Wa,392,lap.B,phonetic,"magic, witchcraft, sorcery",,,,
22-430-807-1,nucl1290,Wa,2137,pui.B ćiʔ.B lap.B,phonetic,"sorcerer, witch",,,,
22-430-807-2,nucl1290,Wa,2137,ʒ́hai.A,phonetic,"sorcerer, witch",,,,
22-440-807-1,nucl1290,Wa,2138,ćau.A khauʔ.A ćau.A ʔoʔ.A,phonetic,"fairy, elf",,,,
22-450-807-1,nucl1290,Wa,1175,phi.A,phonetic,"ghost, phantom",,,,
22-450-807-2,nucl1290,Wa,1175,khuan.A,phonetic,"ghost, phantom",,,,
22-450-807-3,nucl1290,Wa,1175,miaŋ.B,phonetic,"ghost, phantom",,,,
22-470-807-1,nucl1290,Wa,107,ŋha.A,phonetic,"omen, portent",,,,
22-470-807-3,nucl1290,Wa,107,ŋha.A ćauʔ.B,phonetic,"omen, portent",,,,
