ID,Language_ID,Language_name,Parameter_ID,Value,Transcription,Concept,Source,Comment,AlternativeValue,AlternativeTranscription
14-320-834-1,chon1284,Chong,1852,bɔ:j.A,phonetic,often,,< T,,
14-310-834-1,chon1284,Chong,1676,pəcam.A,phonetic,always,,< T,,
14-290-834-1,chon1284,Chong,790,phro:m.C,phonetic,ready,,< T,,
14-280-834-1,chon1284,Chong,1928,jut.A,phonetic,"cease, stop",,< T,,
14-270-834-1,chon1284,Chong,1766,thɔ:.C hə:j.A,phonetic,finish,,,,
14-260-834-1,chon1284,Chong,743,cɔp.A,phonetic,end (temporal),,< T,,
14-252-834-1,chon1284,Chong,1186,ʔɔt.A thon.A,phonetic,"last, endure",,< T,,
14-250-834-1,chon1284,Chong,1806,rə:m.C thɔ:.C the:w.A,phonetic,"begin, beginning",,< T +,,
14-240-834-1,chon1284,Chong,425,ŋiʔ.A jə:ŋ.C,phonetic,"retard, delay",,,,
14-230-834-1,chon1284,Chong,754,hɛ:k.A R?,phonetic,"hasten, hurry",,,,
14-220-834-1,chon1284,Chong,701,khəj.B V?,phonetic,slow,,,,
14-210-834-1,chon1284,Chong,1631,rew.C,phonetic,"swift, fast, quick",,< T,,
14-190-834-1,chon1284,Chong,1963,moj.C khian.C ʔan.A,phonetic,immediately,,,,
14-180-834-1,chon1284,Chong,1376,we:.C la:.C ʔan.A,phonetic,now,,< T +,,
14-170-834-1,chon1284,Chong,477,jə:ŋ.C,phonetic,late,,,,
14-160-834-1,chon1284,Chong,672,pha:ŋ.C,phonetic,early,,,,
14-150-834-1,chon1284,Chong,1229,chɨt.A,phonetic,old,,,,
14-140-834-1,chon1284,Chong,1207,kəmlɔh.A kəlɛ:ŋ.C,phonetic,young,,,,
14-120-834-1,chon1284,Chong,1789,ʔa:juʔ.A,phonetic,age,,< T,,
14-130-834-1,chon1284,Chong,1231,phla:.C,phonetic,new,,,,
14-110-834-1,chon1284,Chong,892,we:.C la:.C,phonetic,time,,< T,,
13-440-834-1,chon1284,Chong,417,phe:w.B dɔ:ŋ.A,phonetic,three times,,< KMR,,
13-420-834-1,chon1284,Chong,1859,ʔan.A dap.A thi:.C phe:w.B,phonetic,third,,< T +,,
13-380-834-1,chon1284,Chong,1546,pha:j.D dɔ:ŋ.A +KMR,phonetic,two times,,,,
13-370-834-1,chon1284,Chong,1888,khu:.C,phonetic,pair,,< T,,
13-360-834-1,chon1284,Chong,1384,ʔan.A dap.A pha:j.D,phonetic,second,,< T +,,
13-350-834-1,chon1284,Chong,1529,kəpho:j.C,phonetic,last,,,,
13-340-834-1,chon1284,Chong,728,ʔan.A dap.A rɛ:k.A,phonetic,first,,< T,,
13-330-834-1,chon1284,Chong,1580,mo:j.C,phonetic,"alone, only",,,,
13-240-834-1,chon1284,Chong,816,khrɨŋ.A,phonetic,half,,< T,,
13-230-834-1,chon1284,Chong,779,kəni:k.A,phonetic,"part, piece",,,,
13-220-834-1,chon1284,Chong,1624,wa:ŋ.A,phonetic,empty,,< T,,
13-210-834-1,chon1284,Chong,1429,tɛm.A,phonetic,full,,< T,,
13-190-834-1,chon1284,Chong,2023,mu:.A,phonetic,"multitude, crowd",,< T,,
13-181-834-1,chon1284,Chong,1241,ʔi:n.A nec.B,phonetic,some,,,,
13-170-834-1,chon1284,Chong,1242,ʔu:c.A R?,phonetic,"little (quantity), few",,,,
13-180-834-1,chon1284,Chong,1881,phoʔ.C hə:j.A,phonetic,enough,,< T +,,
13-160-834-1,chon1284,Chong,1992,lɔ:.A kwa:.A + T,phonetic,more,,,,
13-150-834-1,chon1284,Chong,1198,lɔ:.A,phonetic,"much, many",,,,
13-140-834-1,chon1284,Chong,98,thaŋ.C mat.A,phonetic,"every, all",,< T,,
13-140-834-2,chon1284,Chong,98,thuk.C thuk.C,phonetic,"every, all",,< T,,
13-107-834-1,chon1284,Chong,1420,nap.C,phonetic,count,,< T,,
13-106-834-1,chon1284,Chong,1843,moj.D phən.C,phonetic,thousand,,< T,,
13-105-834-1,chon1284,Chong,1634,moj.D rɔ:j.C,phonetic,hundred,,< T,,
13-104-834-1,chon1284,Chong,1710,pha:j.D se:.A,phonetic,twenty,,,,
13-103-834-1,chon1284,Chong,1709,ra:j.C tham.A,phonetic,fifteen,,,,
13-102-834-1,chon1284,Chong,1707,ra:j.C pha:j.A,phonetic,twelve,,,,
13-101-834-1,chon1284,Chong,1706,ra:j.C mo:j.C,phonetic,eleven,,,,
13-100-834-1,chon1284,Chong,1515,ra:j.C,phonetic,ten,,,,
12-930-834-1,chon1284,Chong,1264,plian.A,phonetic,change,,< T,,
12-920-834-1,chon1284,Chong,1558,jaŋ.C sa:.A R?,phonetic,"like, similar",,,,
12-840-834-1,chon1284,Chong,1048,sen.C,phonetic,line,,< T,,
12-850-834-1,chon1284,Chong,1667,kəphɔ:k.C,phonetic,hole,,,,
12-810-834-1,chon1284,Chong,1395,klɔm.A,phonetic,round,,< T,,
12-820-834-1,chon1284,Chong,1467,woŋ.A klɔm.A,phonetic,circle,,< T,,
12-780-834-1,chon1284,Chong,850,pho:n.B liam.A,phonetic,square,,< T +,,
12-770-834-1,chon1284,Chong,1367,ka:raba:t.A,phonetic,cross,,< T,,
12-760-834-1,chon1284,Chong,192,mum.A,phonetic,corner,,< T,,
12-750-834-1,chon1284,Chong,1071,kəphok.A,phonetic,hook,,,,
12-740-834-1,chon1284,Chong,297,kɛ:w.B,phonetic,crooked,,,,
12-730-834-1,chon1284,Chong,1404,krɔŋ.A,phonetic,straight,,< T,,
12-710-834-1,chon1284,Chong,1633,səmə:.A,phonetic,flat,,,,
12-680-834-1,chon1284,Chong,193,kə:t.B,phonetic,shallow,,,,
12-670-834-1,chon1284,Chong,1593,lɨŋ.D,phonetic,deep,,,,
12-650-834-1,chon1284,Chong,2249,kətɨŋ.B,phonetic,thin (in dimension),,,,
12-630-834-1,chon1284,Chong,1244,krat.A,phonetic,thick (in dimension),,,,
12-620-834-1,chon1284,Chong,1267,khɛ:p.B,phonetic,narrow,,< T,,
12-610-834-1,chon1284,Chong,1243,kwa:ŋ.A,phonetic,"wide, broad",,< T,,
12-590-834-1,chon1284,Chong,1645,ke:n.B,phonetic,short,,,,
12-590-834-2,chon1284,Chong,1645,kə:t.B not tall,phonetic,short,,,,
12-580-834-1,chon1284,Chong,711,jə:ŋ.C,phonetic,tall,,,,
12-570-834-1,chon1284,Chong,1203,koŋ.B,phonetic,long,,,,
12-560-834-1,chon1284,Chong,1246,kic.A,phonetic,"small, little",,,,
12-550-834-1,chon1284,Chong,1202,tak.A,phonetic,"large, big",,,,
12-541-834-1,chon1284,Chong,81,moj.C tha:k.A,phonetic,"span, fathom",,,,
12-540-834-1,chon1284,Chong,1506,khɔ:ŋ.A wet.D,phonetic,measure,,,,
12-530-834-1,chon1284,Chong,479,tak.A,phonetic,grow,,,,
12-530-834-2,chon1284,Chong,479,mɔʔ.A di:A,phonetic,grow,,,,
12-480-834-1,chon1284,Chong,1595,thit.C ta:.A,phonetic,south,,,,
12-470-834-1,chon1284,Chong,1598,thit.C dɨŋ.A,phonetic,north,,,,
12-460-834-1,chon1284,Chong,1817,ŋiʔ.A phlam.A R?,phonetic,west,,,,
12-450-834-1,chon1284,Chong,1877,ŋiʔ.A thok.C,phonetic,east,,,,
12-430-834-1,chon1284,Chong,1942,ka:t.B,phonetic,near (adv),,,,
12-430-834-2,chon1284,Chong,1942,ŋa:j.D,phonetic,near (adv),,,,
12-420-834-1,chon1284,Chong,244,tɛ:ŋ.A,phonetic,left (side),,,,
12-410-834-1,chon1284,Chong,1019,te:w.A,phonetic,right (side),,,,
12-370-834-1,chon1284,Chong,1093,kəda:j.A,phonetic,"middle, center",,,,
12-360-834-1,chon1284,Chong,682,kha:ŋ.A kha:ŋ.A,phonetic,side,,< T,,
12-353-834-1,chon1284,Chong,863,kənap.C,phonetic,edge,,,,
12-352-834-1,chon1284,Chong,372,luj.C V?,phonetic,pointed,,,,
12-350-834-1,chon1284,Chong,742,cɔp.A,phonetic,end,,< T,,
12-340-834-1,chon1284,Chong,690,pəta:.A,phonetic,bottom,,,,
12-320-834-1,chon1284,Chong,721,kə:t.B,phonetic,low,,,,
12-330-834-1,chon1284,Chong,1753,jə:ŋ.C sut.A,phonetic,top,,< T +,,
12-310-834-1,chon1284,Chong,1265,jə:ŋ.C,phonetic,high,,,,
12-270-834-1,chon1284,Chong,602,ro:k.C V?,phonetic,"hide, conceal",,,,
12-250-834-1,chon1284,Chong,1046,pit.A,phonetic,"shut, close",,< T,,
12-260-834-1,chon1284,Chong,761,cuk.A ŋu:j.A,phonetic,cover,,,,
12-240-834-1,chon1284,Chong,1156,pə:k.A,phonetic,open,,< T,,
12-232-834-1,chon1284,Chong,1119,bɛ:ŋ.A sa:.A,phonetic,divide,,< T,,
12-230-834-1,chon1284,Chong,1359,jɛ:k.C ʔɔ:k.A ca:k.A sa:.A,phonetic,separate,,< T +,,
12-220-834-1,chon1284,Chong,1743,tɔ:.A,phonetic,"join, unite",,< T,,
12-213-834-1,chon1284,Chong,1576,kɔ:ŋ.A ruam.C sa:.A,phonetic,pile up,,,,
12-212-834-1,chon1284,Chong,371,lɔ:p.C,phonetic,pick up,,,,
12-210-834-1,chon1284,Chong,7,lɔ:p.C  ca ʔɔ:ń.A,phonetic,"collect, gather",,,,
12-170-834-1,chon1284,Chong,838,khɔ:ŋ.A lɨa.A,phonetic,"remains, left overs",,< T,,
12-160-834-1,chon1284,Chong,987,kɨj.A,phonetic,"remain, stay",,,,
12-150-834-1,chon1284,Chong,1442,tha:w.A,phonetic,stand,,,,
12-140-834-1,chon1284,Chong,215,phic.C,phonetic,lie down,,,,
12-130-834-1,chon1284,Chong,1416,kɨj.A,phonetic,sit,,,,
12-120-834-1,chon1284,Chong,998,wa:ŋ.C,phonetic,put,,< T,,
11-920-834-1,chon1284,Chong,1098,chaŋ.A,phonetic,weigh,,< T,,
11-910-834-1,chon1284,Chong,884,cɛ:k.C,phonetic,share (distribute),,< T,,
11-890-834-1,chon1284,Chong,1887,thu:k.A,phonetic,cheap,,< T,,
11-880-834-1,chon1284,Chong,1426,phɛ:ŋ.C,phonetic,"dear (costly, expensive)",,< T,,
11-870-834-1,chon1284,Chong,657,ra:.C kha:C,phonetic,price,,< T,,
11-860-834-1,chon1284,Chong,752,ra:n.C tɔ:k.A,phonetic,"store, shop",,< T,,
11-850-834-1,chon1284,Chong,633,təla:t.A,phonetic,market (place),,< T,,
11-840-834-1,chon1284,Chong,1082,chɔ:ŋ.D tɔ:k.A khɔ:ŋ.A,phonetic,merchant,,,,
11-830-834-1,chon1284,Chong,2135,wet.C khɔ:ŋ.A tɔ:k.A,phonetic,"trade, barter",,,,
11-820-834-1,chon1284,Chong,1571,tɔ:k.A,phonetic,sell,,,,
11-810-834-1,chon1284,Chong,1869,thiw.C V?,phonetic,buy,,,,
11-790-834-1,chon1284,Chong,733,ʔi:n.A kəmlaj.A,phonetic,earn,,,,
11-780-834-1,chon1284,Chong,1122,prak.A ka:ŋ.A,phonetic,wages,,,,
11-770-834-1,chon1284,Chong,856,ca:ŋ.A,phonetic,hire,,< T,,
11-660-834-1,chon1284,Chong,1081,khit.C ban.A chi:.C,phonetic,"account, reckoning",,< T,,
11-650-834-1,chon1284,Chong,718,ca:j.A,phonetic,pay (vb),,< T,,
11-640-834-1,chon1284,Chong,1914,ni:.C,phonetic,debt,,< T,,
11-630-834-1,chon1284,Chong,369,pɛn.A ni:.C dak.A,phonetic,owe,,< T,,
11-620-834-1,chon1284,Chong,1823,lu:m.C jɨ:m.A,phonetic,borrow,,< + T,,
11-620-834-2,chon1284,Chong,1823,ku:.C,phonetic,borrow,,< + T,,
11-610-834-1,chon1284,Chong,582,ʔɨt.A jɨ:m.A,phonetic,lend,,< T +,,
11-540-834-1,chon1284,Chong,1774,khi:.C niaw.A,phonetic,"avaricious, stingy",,< T,,
11-530-834-1,chon1284,Chong,1934,lu:m.C tha:n.C,phonetic,beggar,,< T,,
11-520-834-1,chon1284,Chong,1674,cɔn.A,phonetic,poor,,< T,,
11-510-834-1,chon1284,Chong,712,luaj.A,phonetic,rich,,< T,,
11-440-834-1,chon1284,Chong,1867,prak.A rian.A,phonetic,coin,,< T,,
11-430-834-1,chon1284,Chong,1559,prak.A,phonetic,money,,,,
11-330-834-1,chon1284,Chong,1660,ca:k.A,phonetic,lose,,,,
11-320-834-1,chon1284,Chong,719,wət.C,phonetic,find,,,,
11-310-834-1,chon1284,Chong,1468,khon.C,phonetic,"seek, look for",,< T,,
11-280-834-1,chon1284,Chong,44,bɔŋ.A,phonetic,"harm, injure, damage",,,,
11-280-834-2,chon1284,Chong,44,do:n.A khət.C,phonetic,"harm, injure, damage",,,,
11-270-834-1,chon1284,Chong,681,tham.A la:j.A,phonetic,destroy,,< T,,
11-250-834-1,chon1284,Chong,2008,chuaj.A lɨa.A,phonetic,"save, rescue",,< T,,
11-240-834-1,chon1284,Chong,1997,ləj.C thaŋ.C,phonetic,"preserve, look after",,,,
11-220-834-1,chon1284,Chong,85,khɨ:n.A,phonetic,give back,,< T,,
11-210-834-1,chon1284,Chong,1447,ʔɨt.A,phonetic,give,,,,
11-180-834-1,chon1284,Chong,738,khɔ:ŋ.A,phonetic,thing,,< T,,
11-160-834-1,chon1284,Chong,694,ʔi:n.A rap.C,phonetic,"get, obtain",,< T,,
11-150-834-1,chon1284,Chong,1448,khɨŋ.A R?,phonetic,hold,,,,
11-140-834-1,chon1284,Chong,2021,kam.A,phonetic,"seize, grasp",,< T,,
11-130-834-1,chon1284,Chong,1749,ʔo:c.A,phonetic,take,,,,
11-130-834-2,chon1284,Chong,1749,rap.C,phonetic,take,,,,
11-120-834-1,chon1284,Chong,684,na:j.C,phonetic,"own, possess",,,,
11-110-834-1,chon1284,Chong,773,ʔi:n.A,phonetic,have,,,,
10-920-834-1,chon1284,Chong,1922,pa:k.A kho:k.C,phonetic,land (vb),,,,
10-910-834-1,chon1284,Chong,610,phoŋ.C thok.C,phonetic,"harbor, port",,,,
10-860-834-1,chon1284,Chong,108,phat.A thok.C,phonetic,rudder,,,,
10-851-834-1,chon1284,Chong,234,ʔu:t.A pha:j.C,phonetic,paddle (noun),,< T +,,
10-850-834-1,chon1284,Chong,108,chɔ:ŋ.D pha:j.C thok.C,phonetic,oar,,,,
10-830-834-1,chon1284,Chong,1844,thok.A R?,phonetic,boat,,,,
10-780-834-1,chon1284,Chong,14,kəni:m.C,phonetic,yoke,,,,
10-770-834-1,chon1284,Chong,1769,phlaw.A,phonetic,axle,,< T,,
10-760-834-1,chon1284,Chong,710,kɔŋ.A,phonetic,wheel,,,,
10-750-834-1,chon1284,Chong,122,tu:.A saj.A khɔ:ŋ.A,phonetic,"carriage, wagon, cart",,< T,,
10-740-834-1,chon1284,Chong,1011,kəpha:n,phonetic,bridge,,< T,,
10-720-834-1,chon1284,Chong,2252,kha:ŋ.A khla:.A,phonetic,path,,,,
10-710-834-1,chon1284,Chong,667,khla:.A khənɔn.A +T,phonetic,road,,,,
10-670-834-1,chon1284,Chong,1452,phlak.A,phonetic,"push, shove",,< T,,
10-660-834-1,chon1284,Chong,367,thɨ:t.C,phonetic,ride,,,,
10-650-834-1,chon1284,Chong,741,bɔ:j.A,phonetic,drive,,< KMR,,
10-640-834-1,chon1284,Chong,43,nam.C,phonetic,lead (vb),,< T,,
10-630-834-1,chon1284,Chong,1127,ju:.C,phonetic,send,,,,
10-620-834-1,chon1284,Chong,692,ʔo:c.A cɛ:n.B,phonetic,bring,,,,
10-615-834-1,chon1284,Chong,415,ni:p.A,phonetic,carry-underarm,,< T,,
10-614-834-1,chon1284,Chong,414,tho:j.C,phonetic,carry-on-head,,,,
10-613-834-1,chon1284,Chong,413,kɔ:k.A dɨŋ.A kəmlɛ:ŋ.C,phonetic,carry-on-shoulder,,,,
10-612-834-1,chon1284,Chong,412,khɨŋ.A,phonetic,carry-in-hand,,,,
10-610-834-1,chon1284,Chong,700,kɔ:k.A,phonetic,carry (bear),,,,
10-570-834-1,chon1284,Chong,749,thi:ŋ.C,phonetic,enter,,,,
10-560-834-1,chon1284,Chong,1778,ka:t.B thɨŋ.A,phonetic,approach,,< T +,,
10-550-834-1,chon1284,Chong,1387,cɛ:n.B thɨŋ.A,phonetic,"reach, arrive",,< T,,
10-530-834-1,chon1284,Chong,1047,thɔ:j.A ta:m.A,phonetic,pursue,,< T,,
10-520-834-1,chon1284,Chong,1085,ta:m.A,phonetic,follow,,< T,,
10-510-834-1,chon1284,Chong,956,thu:.C,phonetic,flee,,,,
10-491-834-1,chon1284,Chong,485,hi:t.A,phonetic,disappear,,,,
10-490-834-1,chon1284,Chong,1752,ʔɔ:k.A ce:w.A,phonetic,"go away, depart",,,,
10-481-834-1,chon1284,Chong,581,klap.A,phonetic,come back,,< T,,
10-480-834-1,chon1284,Chong,1446,cɛ:n.B,phonetic,come,,,,
10-474-834-1,chon1284,Chong,1107,ʔɔ:k.A ce:w.A,phonetic,go out,,< T +,,
10-473-834-1,chon1284,Chong,2014,cuh.A,phonetic,go down,,,,
10-472-834-1,chon1284,Chong,1102,pa:k.A,phonetic,climb,,,,
10-470-834-1,chon1284,Chong,695,ce:w.A,phonetic,go,,,,
10-471-834-1,chon1284,Chong,705,pa:k.A dɨŋ.A,phonetic,go up,,,,
10-460-834-1,chon1284,Chong,1519,co:k.A,phonetic,run,,,,
10-451-834-1,chon1284,Chong,366,khəjɔ:k.A,phonetic,limp,,< T,,
10-450-834-1,chon1284,Chong,1443,ce:w.A,phonetic,walk,,,,
10-440-834-1,chon1284,Chong,1879,sɔ:ŋ.A,phonetic,dance,,,,
10-431-834-1,chon1284,Chong,1135,teʔ.A,phonetic,kick,,< T,,
10-430-834-1,chon1284,Chong,1829,hac.A,phonetic,"jump, leap",,,,
10-420-834-1,chon1284,Chong,1324,kəkle:t.B,phonetic,"slide, slip",,,,
10-413-834-1,chon1284,Chong,296,mɔ:p.A,phonetic,crouch,,< T,,
10-412-834-1,chon1284,Chong,66,khuk.C kha:w.A,phonetic,kneel,,< T,,
10-410-834-1,chon1284,Chong,96,kwa:t.A,phonetic,"creep, crawl",,,,
10-380-834-1,chon1284,Chong,175,hu:j.A,phonetic,blow,,,,
10-370-834-1,chon1284,Chong,1441,hɨj.A,phonetic,fly (vb),,,,
10-360-834-1,chon1284,Chong,787,bɔ:j.A thok.A,phonetic,sail (vb),,,,
10-352-834-1,chon1284,Chong,365,pɛ:k.B tha:k.C,phonetic,splash,,< T,,
10-351-834-1,chon1284,Chong,119,mu:c.C tha:k.C,phonetic,dive,,,,
10-350-834-1,chon1284,Chong,1439,lə:j.A tha:k.C V?,phonetic,swim,,,,
10-340-834-1,chon1284,Chong,1574,lɔ:j.C,phonetic,float,,< T,,
10-330-834-1,chon1284,Chong,1088,cɔm.A,phonetic,sink,,< T,,
10-320-834-1,chon1284,Chong,2003,cɔ:j.B,phonetic,flow,,,,
10-260-834-1,chon1284,Chong,1909,kəwe:k.C V?,phonetic,shake,,,,
10-252-834-1,chon1284,Chong,702,chap.A,phonetic,catch (ball),,< T,,
10-250-834-1,chon1284,Chong,1456,fiaŋ.A,phonetic,throw,,< T,,
10-240-834-1,chon1284,Chong,2253,kəsɔk.B,phonetic,drip,,,,
10-230-834-1,chon1284,Chong,1280,kəlak.D,phonetic,fall,,,,
10-220-834-1,chon1284,Chong,501,jok.C,phonetic,"raise, lift",,< T,,
10-210-834-1,chon1284,Chong,568,phut.A,phonetic,rise,,,,
10-170-834-1,chon1284,Chong,430,pan.A,phonetic,twist,,< T,,
10-170-834-2,chon1284,Chong,430,bit.A,phonetic,twist,,< T,,
10-160-834-1,chon1284,Chong,808,kəlak.D,phonetic,drop (vb),,,,
10-150-834-1,chon1284,Chong,827,khəmɔ:j.A,phonetic,roll,,,,
10-140-834-1,chon1284,Chong,1113,pɔk.A,phonetic,"wind, wrap",,,,
10-130-834-1,chon1284,Chong,1445,wian.C,phonetic,turn around,,,,
10-120-834-1,chon1284,Chong,1588,kəkup.A,phonetic,turn over,,,,
10-110-834-1,chon1284,Chong,765,lɨan.C,phonetic,move,,< T,,
9-890-834-1,chon1284,Chong,2001,la:p.C si:.A R?,phonetic,paint (vb),,,,
9-840-834-1,chon1284,Chong,1979,kəmla:k.C,phonetic,chisel,,,,
9-880-834-1,chon1284,Chong,647,si:.A,phonetic,paint (noun),,< T,,
9-810-834-1,chon1284,Chong,228,səlak.A,phonetic,carve,,< T,,
9-791-834-1,chon1284,Chong,360,phət.C,phonetic,fan (vb),,< T,,
9-790-834-1,chon1284,Chong,1971,phat.A lom.A,phonetic,fan (noun),,< T,,
9-780-834-1,chon1284,Chong,293,kəsɔ:p.A,phonetic,netbag,,< T,,
9-771-834-1,chon1284,Chong,292,wok.C phuajkrat.A,phonetic,rug,,,,
9-770-834-1,chon1284,Chong,195,di:w.A,phonetic,mat,,,,
9-760-834-1,chon1284,Chong,1539,kəkru:k.C,phonetic,basket,,,,
9-750-834-1,chon1284,Chong,1729,thak.A se:.A,phonetic,"weave, plait",,< T,,
9-740-834-1,chon1284,Chong,604,kəcɔk.A,phonetic,glass,,< T,,
9-730-834-1,chon1284,Chong,1399,theʔ.A niaw.A,phonetic,clay,,< T,,
9-720-834-1,chon1284,Chong,289,theʔ.A ruan.A,phonetic,mold (clay etc),,< T,,
9-710-834-1,chon1284,Chong,359,theʔ.A pɔ:t.A,phonetic,potter,,,,
9-690-834-1,chon1284,Chong,358,di:.A buk.A,phonetic,"tin, tinplate",,< T,,
9-680-834-1,chon1284,Chong,627,kəkua.A,phonetic,lead (noun),,< T,,
9-670-834-1,chon1284,Chong,621,kəhɔ:ŋ.A,phonetic,iron,,,,
9-660-834-1,chon1284,Chong,1825,thɔ:ŋ lɨaŋ.A,phonetic,"copper, bronze",,< T,,
9-660-834-2,chon1284,Chong,1825,thɔ:ŋ.C dɛ:ŋ.A,phonetic,"copper, bronze",,< T,,
9-650-834-1,chon1284,Chong,759,prak.A,phonetic,silver,,,,
9-640-834-1,chon1284,Chong,1369,thɔ:ŋ.C kham.C,phonetic,gold,,< T,,
9-630-834-1,chon1284,Chong,211,kəhɔ:ŋ.A lɔ:.A,phonetic,cast (metals),,< T,,
9-610-834-1,chon1284,Chong,288,wa:j.C kəhɔ:ŋ.A,phonetic,forge,,,,
9-600-834-1,chon1284,Chong,1001,cha:ŋ.C wa:j.C kəhɔ:ŋ.A,phonetic,"smith, blacksmith",,< T +,,
9-560-834-1,chon1284,Chong,1069,ka:w.A,phonetic,glue,,< T,,
9-500-834-1,chon1284,Chong,502,lak.A kəpu:.A,phonetic,nail,,< T,,
9-490-834-1,chon1284,Chong,1481,khɔ:n.B,phonetic,hammer,,< T,,
9-480-834-1,chon1284,Chong,1948,lɨaj.C,phonetic,saw,,< T,,
9-461-834-1,chon1284,Chong,46,khut.A,phonetic,hollow out,,< T,,
9-460-834-1,chon1284,Chong,1501,kɛʔ.A,phonetic,bore,,,,
9-440-834-1,chon1284,Chong,1840,jok.C,phonetic,build,,< T,,
9-430-834-1,chon1284,Chong,1042,cha:ŋ.C ʔu:t.A,phonetic,carpenter,,< T +,,
9-422-834-1,chon1284,Chong,1361,khlɨaŋ mɨ:,phonetic,tool,,< T,,
9-380-834-1,chon1284,Chong,245,ʔu:t.A kra:t.A,phonetic,broom,,,,
9-360-834-1,chon1284,Chong,1453,ra:p.C,phonetic,wash,,,,
9-370-834-1,chon1284,Chong,230,phi:t.A,phonetic,sweep,,,,
9-350-834-1,chon1284,Chong,1487,khi:t.D,phonetic,pour,,,,
9-343-834-1,chon1284,Chong,1414,bi:p.A bit.A,phonetic,"squeeze, wring",,< T,,
9-342-834-1,chon1284,Chong,1913,kɔt.A,phonetic,press,,< T,,
9-341-834-1,chon1284,Chong,357,kəjo:j.A,phonetic,hang up,,,,
9-340-834-1,chon1284,Chong,38,kəca:j.A,phonetic,spread out,,< T,,
9-330-834-1,chon1284,Chong,1455,chut.A,phonetic,pull,,,,
9-330-834-2,chon1284,Chong,1455,kəhɔ:t.A,phonetic,pull,,,,
9-320-834-1,chon1284,Chong,214,khɨŋ.A,phonetic,stretch,,< T,,
9-310-834-1,chon1284,Chong,1449,thu:.A,phonetic,"rub, wipe",,< T,,
9-290-834-1,chon1284,Chong,291,lɔ:k.C khəloʔ.A,phonetic,"flay, skin",,< T +,,
9-280-834-1,chon1284,Chong,1735,chi:k.A,phonetic,tear,,< T,,
9-270-834-1,chon1284,Chong,1437,phla:k.C,phonetic,split,,,,
9-261-834-1,chon1284,Chong,588,kac.A,phonetic,broken,,,,
9-260-834-1,chon1284,Chong,680,pac.A,phonetic,break,,,,
9-250-834-1,chon1284,Chong,677,kwan.A thaw.C,phonetic,ax,,< T,,
9-251-834-1,chon1284,Chong,290,chih.A,phonetic,adze,,,,
9-240-834-1,chon1284,Chong,356,kəkraj.A,phonetic,"scissors, shears",,< T,,
9-230-834-1,chon1284,Chong,1352,ca:t.B,phonetic,knife,,,,
9-223-834-1,chon1284,Chong,1434,chɔ:k.A,phonetic,stab,,,,
9-222-834-1,chon1284,Chong,155,phla:k.C,phonetic,"chop, hew",,,,
9-221-834-1,chon1284,Chong,355,lut.C V?,phonetic,cut down,,,,
9-220-834-1,chon1284,Chong,1432,kric.A R?,phonetic,cut,,,,
9-211-834-1,chon1284,Chong,354,chok.C,phonetic,pound with fist,,< T,,
9-210-834-1,chon1284,Chong,2133,thup.C,phonetic,"strike (hit, beat)",,< T,,
9-192-834-1,chon1284,Chong,760,pom.A,phonetic,knot (noun),,< T,,
9-190-834-1,chon1284,Chong,1218,se:A,phonetic,"rope, cord",,,,
9-190-834-2,chon1284,Chong,1218,kəpɔh.A,phonetic,"rope, cord",,,,
9-180-834-1,chon1284,Chong,1627,so:.C,phonetic,chain,,< T,,
9-161-834-1,chon1284,Chong,352,la:k.C,phonetic,untie,,,,
9-160-834-1,chon1284,Chong,1917,khɔ:t.A,phonetic,"tie, bind",,,,
9-150-834-1,chon1284,Chong,1470,phap.C,phonetic,fold,,< T,,
9-140-834-1,chon1284,Chong,2004,kɛ:w.B,phonetic,bend,,,,
9-120-834-1,chon1284,Chong,984,thɔ:.C ka:n.A +T,phonetic,work,,,,
9-110-834-1,chon1284,Chong,2575,thɔ:.C,phonetic,"do, make",,,,
8-980-834-1,chon1284,Chong,641,si:t.A,phonetic,mushroom,,,,
8-970-834-1,chon1284,Chong,33,ne:m.B məmuj.C,phonetic,nettle,,,,
8-941-834-1,chon1284,Chong,146,kəphu:.C,phonetic,sugar cane,,,,
8-940-834-1,chon1284,Chong,1927,ʔu:t.A kəkha:p.C,phonetic,bamboo,,,,
8-931-834-1,chon1284,Chong,864,kəphaw.C,phonetic,"pumpkin, squash",,,,
8-931-834-2,chon1284,Chong,864,rɔ:j.D,phonetic,"pumpkin, squash",,,,
8-931-834-3,chon1284,Chong,864,khi:n.B,phonetic,"pumpkin, squash",,,,
8-930-834-1,chon1284,Chong,411,dɔŋ.A,phonetic,gourd,,< T,,
8-920-834-1,chon1284,Chong,925,tuŋ.A mantalaŋ.A,phonetic,"tapioca, manioc, cassava",,< T,,
8-912-834-1,chon1284,Chong,410,tuŋ.A the:t.C,phonetic,yam,,< T,,
8-850-834-1,chon1284,Chong,346,ne:m.B chi:.C,phonetic,banyan,,,,
8-840-834-1,chon1284,Chong,868,ne:m.B lɔ:ŋ.A,phonetic,banana tree,,,,
8-830-834-1,chon1284,Chong,1126,choʔ.C choʔ.C khrɔ:c.B,phonetic,citrus fruit,,,,
8-820-834-1,chon1284,Chong,970,du:ŋ.A,phonetic,coconut,,,,
8-810-834-1,chon1284,Chong,1181,ne:m.B pa:m.A,phonetic,palm tree,,< T,,
8-750-834-1,chon1284,Chong,1204,kəkɔʔ.A ʔu:t.A,phonetic,bark,,,,
8-740-834-1,chon1284,Chong,409,kla:ŋ.A kic.A kic.A,phonetic,forked branch,,,,
8-730-834-1,chon1284,Chong,344,kla:ŋ.A,phonetic,tree trunk,,,,
8-720-834-1,chon1284,Chong,241,kho:n.A ʔu:t.A,phonetic,tree stump,,,,
8-691-834-1,chon1284,Chong,1124,klɔ:ŋ.A su:p.A ja:.A,phonetic,pipe,,< T +,,
8-690-834-1,chon1284,Chong,1689,su:p.A ja:.A,phonetic,smoke (tobacco),,< T,,
8-690-834-2,chon1284,Chong,1689,ja:.A su:p.A,phonetic,smoke (tobacco),,< T,,
8-680-834-1,chon1284,Chong,974,laʔ.A ja:.A,phonetic,tobacco,,< T,,
8-670-834-1,chon1284,Chong,343,ne:m.B ʔəŋun.A,phonetic,vine,,< T,,
8-650-834-1,chon1284,Chong,1915,ne:m.B son.A,phonetic,fir,,< T,,
8-620-834-1,chon1284,Chong,1950,ne:ʔm.B kəwa:.C,phonetic,beech,,,,
8-600-834-1,chon1284,Chong,906,ne:m.B ʔu:t.A,phonetic,tree,,,,
8-570-834-1,chon1284,Chong,239,pa:ŋ.A ʔu:t.A,phonetic,flower,,,,
8-560-834-1,chon1284,Chong,628,laʔ.A ʔu:t.A,phonetic,leaf,,,,
8-550-834-1,chon1284,Chong,1531,kla:ŋ.A I?,phonetic,branch,,,,
8-540-834-1,chon1284,Chong,670,re:t.C,phonetic,root,,,,
8-531-834-1,chon1284,Chong,1486,cho:j.A,phonetic,plant (vb),,,,
8-520-834-1,chon1284,Chong,342,kənɨŋ.D,phonetic,hay,,,,
8-510-834-1,chon1284,Chong,606,kətu:A,phonetic,grass,,,,
8-480-834-1,chon1284,Chong,926,plɔŋ.A,phonetic,rice,,,,
8-470-834-1,chon1284,Chong,506,kəpho:t.C,phonetic,"maize, corn",,< T,,
8-430-834-1,chon1284,Chong,1077,səli:.A,phonetic,wheat,,< T,,
8-420-834-1,chon1284,Chong,605,chak.A ha:j.A,phonetic,"grain (barley, oats etc)",,,,
8-410-834-1,chon1284,Chong,611,cu:c.C ha:j.A,phonetic,"crop, harvest",,,,
8-350-834-1,chon1284,Chong,223,la:n.C pɔ:t.A ha:j.A,phonetic,threshing-floor,,< T,,
8-340-834-1,chon1284,Chong,285,pɔ:t.A ha:j.A,phonetic,thresh,,,,
8-330-834-1,chon1284,Chong,2132,kəne:w.A R?,phonetic,"sickle, scythe",,,,
8-320-834-1,chon1284,Chong,190,ru:c.C kətu:.A,phonetic,"mow, reap",,,,
8-311-834-1,chon1284,Chong,714,chak.A,phonetic,seed,,,,
8-310-834-1,chon1284,Chong,748,phrɨh.C,phonetic,sow,,,,
8-270-834-1,chon1284,Chong,338,kənət.A,phonetic,rake,,,,
8-250-834-1,chon1284,Chong,284,khəwa:k.A,phonetic,hoe,,,,
8-240-834-1,chon1284,Chong,1901,phlua.C,phonetic,shovel,,< T,,
8-230-834-1,chon1284,Chong,1176,siam.A,phonetic,spade,,< T,,
8-212-834-1,chon1284,Chong,1794,lɔ:ŋ.A theʔ.A,phonetic,furrow,,< T,,
8-220-834-1,chon1284,Chong,1418,khut.A,phonetic,dig,,< T,,
8-210-834-1,chon1284,Chong,1921,duaj.A,phonetic,plow,,,,
8-170-834-1,chon1284,Chong,2002,lɔ:ŋ.A,phonetic,ditch,,< T,,
8-160-834-1,chon1284,Chong,1690,kəbɔ:ŋ.A,phonetic,fence,,,,
8-150-834-1,chon1284,Chong,1541,ha:j.A məha:A,phonetic,"cultivate, till",,,,
8-130-834-1,chon1284,Chong,586,suan.A,phonetic,garden,,< T,,
8-120-834-1,chon1284,Chong,212,wa:j.C sɛ:.A,phonetic,field (for cultivation),,,,
8-110-834-1,chon1284,Chong,979,thɔ:.C sɛ:.A,phonetic,farmer,,,,
7-620-834-1,chon1284,Chong,1006,ʔit.A,phonetic,brick,,< T,,
7-610-834-1,chon1284,Chong,877,cha:ŋ.A jok.C tɔŋ.A,phonetic,mason,,< T +,,
7-570-834-1,chon1284,Chong,1227,kəda:j.A,phonetic,board,,< KMR,,
7-560-834-1,chon1284,Chong,281,kənɔ:k.B,phonetic,"post, pole",,,,
7-560-834-2,chon1284,Chong,281,chaŋ.C,phonetic,"post, pole",,,,
7-550-834-1,chon1284,Chong,1132,khɨ:.A,phonetic,beam,,< T,,
7-540-834-1,chon1284,Chong,829,can.C thən.C,phonetic,rafter,,< T,,
7-530-834-1,chon1284,Chong,280,ʔok.A ka:j.A,phonetic,ridgepole,,< T,,
7-520-834-1,chon1284,Chong,279,kəbu:j.A ləkam.A,phonetic,thatch,,,,
7-510-834-1,chon1284,Chong,769,kəbu:j.A,phonetic,roof,,,,
7-480-834-1,chon1284,Chong,205,ra:ŋ.A tha:k.C,phonetic,trough,,< T,,
7-470-834-1,chon1284,Chong,745,ʔat.A thəcan.A,phonetic,shelf,,,,
7-460-834-1,chon1284,Chong,1273,thian.A,phonetic,candle,,< T,,
7-450-834-1,chon1284,Chong,2131,kəkiaŋ.A,phonetic,"lamp, torch",,< T,,
7-440-834-1,chon1284,Chong,1775,toʔ.A,phonetic,table,,< T,,
7-430-834-1,chon1284,Chong,1476,kəʔi:.C,phonetic,chair,,< T,,
7-422-834-1,chon1284,Chong,806,wok.C khluk.A I?,phonetic,blanket,,,,
7-421-834-1,chon1284,Chong,1044,mɔ:n.A,phonetic,pillow,,< T,,
7-420-834-1,chon1284,Chong,1663,tiaŋ.A phic.C,phonetic,bed,,< T,,
7-370-834-1,chon1284,Chong,1464,kəsɔŋ.B,phonetic,ladder,,,,
7-370-834-3,chon1284,Chong,1464,phak.A kəsɔ:ŋ.B V?,phonetic,ladder,,,,
7-310-834-1,chon1284,Chong,185,phoh.A na:t.A R?R?,phonetic,fireplace,,,,
7-270-834-1,chon1284,Chong,933,kənɨp.B,phonetic,wall,,,,
7-260-834-1,chon1284,Chong,1632,phɨ:n.A,phonetic,floor,,< T,,
7-250-834-1,chon1284,Chong,1375,na:.C ta:ŋ.C,phonetic,window,,< T,,
7-240-834-1,chon1284,Chong,1472,kan.A cɛ:.A,phonetic,key,,< T,,
7-231-834-1,chon1284,Chong,1012,klɔ:n.A,phonetic,"latch, door-bolt",,< T,,
7-221-834-1,chon1284,Chong,80,chaŋ.C,phonetic,"doorpost, jamb",,,,
7-210-834-1,chon1284,Chong,1450,lətɔŋ.A,phonetic,room,,,,
7-220-834-1,chon1284,Chong,1567,pak.A katu:.A,phonetic,"door, gate",,< T,,
7-170-834-1,chon1284,Chong,334,lo:ŋ.C khlua.C,phonetic,cookhouse,,< T,,
7-160-834-1,chon1284,Chong,408,tɔŋ.A,phonetic,men's house,,,,
7-130-834-1,chon1284,Chong,1678,kəke:p.A,phonetic,hut,,,,
7-120-834-1,chon1284,Chong,1252,tɔŋ.A,phonetic,house,,,,
6-960-834-1,chon1284,Chong,1171,kəcɔk.A,phonetic,mirror,,< T,,
6-950-834-1,chon1284,Chong,788,səbu:.A,phonetic,soap,,< T,,
6-940-834-1,chon1284,Chong,1926,phlo:m.B,phonetic,ointment,,,,
6-930-834-1,chon1284,Chong,151,ca:t.B ko:j.A,phonetic,razor,,,,
6-921-834-1,chon1284,Chong,333,thak.A,phonetic,braid,,< T,,
6-920-834-1,chon1284,Chong,1821,prɛ:ŋ.A,phonetic,brush,,< T,,
6-910-834-1,chon1284,Chong,1475,khəne:t.B,phonetic,comb,,,,
6-820-834-1,chon1284,Chong,1021,wok.C chi:t.C tua.A,phonetic,towel,,,,
6-810-834-1,chon1284,Chong,332,wok.C chi:t.C ŋa:j.C,phonetic,"handkerchief, rag",,,,
6-790-834-1,chon1284,Chong,68,phlɛ:.A sak.A,phonetic,tattoo,,,,
6-770-834-1,chon1284,Chong,770,tɔm.A hu:.A,phonetic,earring,,< T,,
6-760-834-1,chon1284,Chong,1860,kənaŋ.D V?,phonetic,bead,,,,
6-750-834-1,chon1284,Chong,1961,sa:j.A sɔ:j.A,phonetic,necklace,,< T,,
6-740-834-1,chon1284,Chong,1754,kɛ:ŋ.A V?,phonetic,bracelet,,,,
6-730-834-1,chon1284,Chong,1374,cɛ:ŋ.A,phonetic,ring (for finger),,,,
6-720-834-1,chon1284,Chong,1029,phlo:j.C,phonetic,jewel,,< T,,
6-630-834-1,chon1284,Chong,64,khem.A klat.A,phonetic,pin,,< T,,
6-620-834-1,chon1284,Chong,757,chak.A kədum.A,phonetic,button,,< T,,
6-610-834-1,chon1284,Chong,1851,paw.A ʔaw.A,phonetic,pocket,,< T,,
6-570-834-1,chon1284,Chong,772,khem.A khat.A,phonetic,"belt, girdle",,< T,,
6-550-834-1,chon1284,Chong,2130,muak.A,phonetic,"hat, cap",,< T,,
6-510-834-1,chon1284,Chong,1381,kɨak.A,phonetic,shoe,,< T,,
6-480-834-1,chon1284,Chong,809,kuŋ.A kiŋ.A,phonetic,trousers,,< T,,
6-450-834-1,chon1284,Chong,2012,kɔ:k.A ʔaw.A,phonetic,collar,,,,
6-440-834-1,chon1284,Chong,1622,ʔaw.A chə:t.B,phonetic,shirt,,< T,,
6-430-834-1,chon1284,Chong,603,ʔaw.A chən.C ka:j.B,phonetic,coat,,,,
6-420-834-1,chon1284,Chong,474,ʔaw.A camkhɨn.A,phonetic,woman's dress,,,,
6-411-834-1,chon1284,Chong,327,wok.C cup.A kəno:p.A,phonetic,poncho,,,,
6-390-834-1,chon1284,Chong,157,jɔ:m.C si:.A,phonetic,dye,,< T,,
6-410-834-1,chon1284,Chong,326,ʔaw.A khlum.A,phonetic,cloak,,< T,,
6-380-834-1,chon1284,Chong,1161,kəpɔh.A,phonetic,thread,,,,
6-360-834-1,chon1284,Chong,1382,kəma:.C,phonetic,needle,,,,
6-370-834-1,chon1284,Chong,278,səwa:n.A,phonetic,awl,,< T,,
6-350-834-1,chon1284,Chong,1457,ti:w.A wok.C V?,phonetic,sew,,,,
6-340-834-1,chon1284,Chong,1787,hu:k.A tha:ń.A wok.C,phonetic,loom,,,,
6-330-834-1,chon1284,Chong,133,tha:ń.A,phonetic,weave,,,,
6-320-834-1,chon1284,Chong,277,kəsuaj.A,phonetic,spindle,,< T,,
6-310-834-1,chon1284,Chong,121,səwiŋ.A,phonetic,spin,,,,
6-290-834-1,chon1284,Chong,629,khəloʔ.A,phonetic,leather,,,,
6-270-834-1,chon1284,Chong,325,sak.A kəra:t.A,phonetic,felt,,,,
6-240-834-1,chon1284,Chong,1850,kəpa:t.B,phonetic,cotton,,,,
6-220-834-1,chon1284,Chong,964,suk.A kɛʔ.A,phonetic,wool,,,,
6-210-834-1,chon1284,Chong,1616,wok.C ʔaw.A,phonetic,cloth,,,,
6-130-834-1,chon1284,Chong,881,cha:ŋ.C tat.A ʔaw.A,phonetic,tailor,,,,
6-120-834-1,chon1284,Chong,1895,saj.A ʔaw.A,phonetic,"clothing, clothes",,,,
6-110-834-1,chon1284,Chong,158,tɛ:ŋ.A tua.A,phonetic,put on (clothes),,< T,,
5-971-834-1,chon1284,Chong,1556,tuŋ.A ŋəj.C,phonetic,egg yolk,,,,
5-970-834-1,chon1284,Chong,744,tuŋ.A,phonetic,egg,,,,
5-940-834-1,chon1284,Chong,404,khra:ń.C,phonetic,fermented drink,,,,
5-870-834-1,chon1284,Chong,93,bi:p.A thuh.A,phonetic,milk (vb),,,,
5-850-834-1,chon1284,Chong,862,nom.C ta:n.A,phonetic,sugar,,< T,,
5-860-834-1,chon1284,Chong,635,tha:k.C thuh.A,phonetic,milk (noun),,,,
5-840-834-1,chon1284,Chong,942,tha:k.C məŋa:m.C,phonetic,honey,,,,
5-821-834-1,chon1284,Chong,919,kəthe:t.C phɔŋ.A,phonetic,chili pepper,,,,
5-820-834-1,chon1284,Chong,1385,kəmric.C,phonetic,pepper,,,,
5-810-834-1,chon1284,Chong,1274,luk.A kəmo:j.A,phonetic,salt,,,,
5-791-834-1,chon1284,Chong,323,pɨt.A,phonetic,"grease, fat",,,,
5-790-834-1,chon1284,Chong,1484,pri:ŋ.A V?,phonetic,oil,,,,
5-780-834-1,chon1284,Chong,1154,ne:m.B khaj.B,phonetic,olive,,,,
5-770-834-1,chon1284,Chong,191,kəta:k.C ʔisoŋ.A,phonetic,nut,,,,
5-750-834-1,chon1284,Chong,322,ne:m.B chi:.C,phonetic,fig,,,,
5-712-834-1,chon1284,Chong,1966,kla:ŋ.A,phonetic,bunch,,,,
5-710-834-1,chon1284,Chong,1507,phli:.A,phonetic,fruit,,,,
5-660-834-1,chon1284,Chong,832,kəta:k.C R?,phonetic,bean,,,,
5-650-834-1,chon1284,Chong,924,ləchiw.C V?,phonetic,vegetables,,,,
5-640-834-1,chon1284,Chong,1547,tha:k.A chiw.C +veget.,phonetic,"soup, broth",,,,
5-610-834-1,chon1284,Chong,634,chu:c.C,phonetic,meat,,,,
5-590-834-1,chon1284,Chong,225,kəhi:.A,phonetic,pestle,,,,
5-580-834-1,chon1284,Chong,224,kəkho:.A T?,phonetic,mortar (2),,,,
5-570-834-1,chon1284,Chong,636,mo:.C,phonetic,mill,,< T,,
5-560-834-1,chon1284,Chong,1033,bɔt.A,phonetic,"crush, grind",,< T,,
5-550-834-1,chon1284,Chong,1594,sɨk.A,phonetic,"meal, flour",,,,
5-540-834-1,chon1284,Chong,274,khlaw.B,phonetic,knead,,,,
5-540-834-2,chon1284,Chong,274,pan.A,phonetic,knead,,,,
5-530-834-1,chon1284,Chong,273,sɨk.A kəle:ŋ.A mɔn.C tha:k.C,phonetic,dough,,,,
5-510-834-1,chon1284,Chong,1368,nom.C paŋ.A,phonetic,bread,,< T,,
5-490-834-1,chon1284,Chong,2017,ku:j.A,phonetic,"stir, mix",,,,
5-480-834-1,chon1284,Chong,1767,khu:t.A,phonetic,scrape,,< T,,
5-470-834-1,chon1284,Chong,86,kəlo:.C,phonetic,"sieve, strain",,,,
5-460-834-1,chon1284,Chong,275,pha:t.C,phonetic,peel,,,,
5-450-834-1,chon1284,Chong,1833,plɔŋ.A pe:w.B,phonetic,supper,,,,
5-440-834-1,chon1284,Chong,1833,plɔŋ.A pe:w.B,phonetic,dinner,,,,
5-430-834-1,chon1284,Chong,768,plɔŋ.A ŋiʔ.A,phonetic,lunch,,,,
5-420-834-1,chon1284,Chong,1322,plɔŋ.A pha:ŋ.C,phonetic,breakfast,,,,
5-391-834-1,chon1284,Chong,272,khi:m.A,phonetic,tongs,,< T,,
5-380-834-1,chon1284,Chong,1352,ca:t.B,phonetic,knife (2),,,,
5-370-834-1,chon1284,Chong,1378,cho:n.A,phonetic,spoon,,< T,,
5-360-834-1,chon1284,Chong,271,thuaj.A,phonetic,saucer,,< T,,
5-350-834-1,chon1284,Chong,476,kɛ:w.C,phonetic,"cup, drinking vessel",,< T,,
5-330-834-1,chon1284,Chong,1530,cha:m.C,phonetic,bowl,,< T,,
5-330-834-2,chon1284,Chong,1530,kətha:ŋ.A,phonetic,bowl,,< T,,
5-320-834-1,chon1284,Chong,480,ca:n.A kətəh.A,phonetic,plate,,,,
5-310-834-1,chon1284,Chong,481,ca:n.A,phonetic,dish,,< T,,
5-280-834-1,chon1284,Chong,31,kəthah.A,phonetic,pan,,< T,,
5-260-834-1,chon1284,Chong,1462,kɛh.A,phonetic,"pot, cooking vessel",,,,
5-270-834-1,chon1284,Chong,854,ka:.A tɔm.A tha:k.C,phonetic,kettle,,,,
5-230-834-1,chon1284,Chong,2146,chaŋ.C,phonetic,"roast, fry",,,,
5-230-834-2,chon1284,Chong,2146,tho:t.C,phonetic,"roast, fry",,,,
5-220-834-1,chon1284,Chong,792,tɔm.A,phonetic,boil (vb),,< T,,
5-210-834-1,chon1284,Chong,1100,thɨm.A chiw.C,phonetic,cook,,,,
5-190-834-1,chon1284,Chong,129,kəlɨk.A,phonetic,choke,,,,
5-181-834-1,chon1284,Chong,897,kəla:k.D R?,phonetic,swallow,,,,
5-180-834-1,chon1284,Chong,321,ke:t.A,phonetic,chew,,,,
5-160-834-1,chon1284,Chong,1421,du:t.A,phonetic,suck,,< T,,
5-160-834-2,chon1284,Chong,1421,cip.A,phonetic,suck,,< T,,
5-150-834-1,chon1284,Chong,848,ha:j.A tha:k.C,phonetic,thirst,,< T,,
5-141-834-1,chon1284,Chong,199,hiw.A cat.A,phonetic,famine,,,,
5-141-834-2,chon1284,Chong,199,ʔɔt.A,phonetic,famine,,,,
5-140-834-1,chon1284,Chong,1864,hiw.A,phonetic,hunger,,< T,,
5-130-834-1,chon1284,Chong,1401,tha:j.B,phonetic,drink,,,,
5-125-834-1,chon1284,Chong,1728,puk.A,phonetic,rotten,,,,
5-124-834-1,chon1284,Chong,1958,we:t.C,phonetic,"green, unripe",,,,
5-123-834-1,chon1284,Chong,178,pi:ŋ.A,phonetic,ripe,,,,
5-122-834-1,chon1284,Chong,1959,we:ŋ.A VR?,phonetic,raw,,,,
5-121-834-1,chon1284,Chong,269,chi:n.B,phonetic,cooked,,,,
5-110-834-1,chon1284,Chong,1336,cha:.A,phonetic,eat,,,,
4-990-834-1,chon1284,Chong,590,khoj.B wok.C,phonetic,"naked, bare",,,,
4-970-834-1,chon1284,Chong,1653,mət.C khlo:.A,phonetic,blind,,,,
4-980-834-1,chon1284,Chong,1463,phuj.C V?,phonetic,intoxicated,,,,
4-960-834-1,chon1284,Chong,1666,chɨm.C baj.A,phonetic,mute,,< T,,
4-950-834-1,chon1284,Chong,996,kəla:ŋ.C klak.A,phonetic,deaf,,,,
4-930-834-1,chon1284,Chong,1125,to:t.A la:n.C,phonetic,bald,,< T,,
4-940-834-1,chon1284,Chong,320,cho:p.C bɔŋ.A,phonetic,lame,,,,
4-920-834-1,chon1284,Chong,1564,khi:.C kiat.A,phonetic,lazy,,< T,,
4-912-834-1,chon1284,Chong,168,jut.A bɔ:p.A,phonetic,rest,,< T +,,
4-910-834-1,chon1284,Chong,1757,bɔ:p.A,phonetic,"tired, weary",,,,
4-890-834-1,chon1284,Chong,655,nam.A phic.C +T,phonetic,poison,,,,
4-880-834-1,chon1284,Chong,1372,khənam.A,phonetic,"medicine, drug",,,,
4-870-834-1,chon1284,Chong,597,mɔ:.A,phonetic,physician,,< T,,
4-860-834-1,chon1284,Chong,499,rak.C sa:.A,phonetic,"cure, heal",,< T,,
4-858-834-1,chon1284,Chong,497,phlɛ:.A pɛn.A,phonetic,scar,,< T,,
4-857-834-1,chon1284,Chong,1808,thɨŋ.A R?,phonetic,pus,,,,
4-856-834-1,chon1284,Chong,793,kəsu:c.C,phonetic,boil (noun),,,,
4-856-834-2,chon1284,Chong,793,kəmlaŋ.C,phonetic,boil (noun),,,,
4-855-834-1,chon1284,Chong,1584,miʔ.C,phonetic,blister,,,,
4-854-834-1,chon1284,Chong,148,phuj.A,phonetic,itch,,,,
4-854-834-2,chon1284,Chong,148,kha:p.B,phonetic,itch,,,,
4-853-834-1,chon1284,Chong,1903,phuj.A,phonetic,swelling,,,,
4-852-834-1,chon1284,Chong,1148,cham.D,phonetic,bruise,,< T,,
4-850-834-1,chon1284,Chong,1109,ka:t.A,phonetic,"wound, sore",,,,
4-843-834-1,chon1284,Chong,102,sup.A muk.C V?,phonetic,cold (catarrh),,,,
4-842-834-1,chon1284,Chong,1957,kɔ:k.A phɔ:k.C V?,phonetic,goiter,,,,
4-841-834-1,chon1284,Chong,1534,cap.A khət.C,phonetic,fever,,,,
4-840-834-1,chon1284,Chong,1847,khət.C,phonetic,"sick, sickness",,,,
4-830-834-1,chon1284,Chong,1364,ra:ŋ.C ka:j.A di:.A,phonetic,"well, health",,,,
4-810-834-1,chon1284,Chong,785,khɛŋ.C lɛ:ŋ.C,phonetic,"strong, mighty, powerful",,< T,,
4-790-834-1,chon1284,Chong,1773,kəmluŋ.C mu:c.B,phonetic,"grave, tomb",,,,
4-780-834-1,chon1284,Chong,1719,tɨp.A,phonetic,bury (the dead),,,,
4-770-834-1,chon1284,Chong,767,sɔp.A,phonetic,corpse,,< T,,
4-760-834-1,chon1284,Chong,1417,məho:c.A,phonetic,kill,,,,
4-751-834-1,chon1284,Chong,1904,cɔm.A tha:k.C ho:c.A,phonetic,drowned,,,,
4-750-834-1,chon1284,Chong,1494,ho:c.A,phonetic,"die, dead",,,,
4-740-834-1,chon1284,Chong,1422,chi:.A wit.C,phonetic,"live, living, life",,< T,,
4-732-834-1,chon1284,Chong,1087,khit.C,phonetic,conceive,,< T,,
4-730-834-1,chon1284,Chong,1123,puŋ.A,phonetic,pregnant,,,,
4-720-834-1,chon1284,Chong,1090,kə:t.A,phonetic,born (to be),,< T,,
4-710-834-1,chon1284,Chong,1152,thɔ:.C ʔɨt.A kə:t.A,phonetic,beget (of father),,,,
4-690-834-1,chon1284,Chong,138,hu:m.A tha:k.C,phonetic,bathe,,,,
4-680-834-1,chon1284,Chong,52,san.A,phonetic,shiver,,< T,,
4-670-834-1,chon1284,Chong,1785,jo:.C,phonetic,have sexual intercourse,,,,
4-660-834-1,chon1284,Chong,676,ʔic.A,phonetic,defecate,,,,
4-650-834-1,chon1284,Chong,592,khlu:m.B,phonetic,urinate,,,,
4-640-834-1,chon1284,Chong,1159,pho:t.C khuŋ.C,phonetic,break wind,,,,
4-630-834-1,chon1284,Chong,1602,kɨt.A dɨŋ.A,phonetic,wake up,,,,
4-620-834-1,chon1284,Chong,1920,phoʔ.A,phonetic,dream,,,,
4-612-834-1,chon1284,Chong,1983,tɨk.A məhɔ:k.A,phonetic,snore,,,,
4-610-834-1,chon1284,Chong,1585,phic.C lak.C,phonetic,sleep,,,,
4-590-834-1,chon1284,Chong,319,klɛ:p.A,phonetic,lick,,,,
4-580-834-1,chon1284,Chong,1403,tap.A,phonetic,bite,,,,
4-570-834-1,chon1284,Chong,1278,co:c.A,phonetic,vomit,,,,
4-560-834-1,chon1284,Chong,1440,tha:k.C cho:c.B,phonetic,spit,,,,
4-550-834-1,chon1284,Chong,126,khəmɨk.B ʔɔ:k.A,phonetic,perspire,,,,
4-540-834-1,chon1284,Chong,1621,kəthat.B,phonetic,sneeze,,,,
4-530-834-1,chon1284,Chong,879,khəmɔk.B R?,phonetic,cough,,,,
4-521-834-1,chon1284,Chong,162,cak.A ʔɨk.A,phonetic,hiccough,,< T,,
4-520-834-1,chon1284,Chong,1028,kha:p.C,phonetic,"yawn, gape",,,,
4-510-834-1,chon1284,Chong,1407,mət.C məhe:m.A,phonetic,"breathe, breath",,,,
4-492-834-1,chon1284,Chong,1222,lic.C,phonetic,penis,,,,
4-490-834-1,chon1284,Chong,797,tuŋ.A khla:w.A,phonetic,testicle,,,,
4-470-834-1,chon1284,Chong,804,səbu:n.A,phonetic,womb,,,,
4-464-834-1,chon1284,Chong,834,kəchu:j.B,phonetic,buttocks,,,,
4-463-834-1,chon1284,Chong,1745,phe:t.B,phonetic,hip,,,,
4-462-834-1,chon1284,Chong,1681,kəkih.A,phonetic,waist,,< KMR,,
4-461-834-1,chon1284,Chong,1991,ʔic.A phuŋ.C,phonetic,"intestines, guts",,,,
4-460-834-1,chon1284,Chong,819,khuŋ.C,phonetic,stomach,,,,
4-451-834-1,chon1284,Chong,489,taj.A,phonetic,kidney,,< T,,
4-450-834-1,chon1284,Chong,1224,lo:m.C,phonetic,liver,,,,
4-441-834-1,chon1284,Chong,688,pɔ:t.A,phonetic,lung,,< T,,
4-440-834-1,chon1284,Chong,1223,hua.A caj.A,phonetic,heart,,< T,,
4-430-834-1,chon1284,Chong,1838,kəlo:n.B,phonetic,navel,,,,
4-412-834-1,chon1284,Chong,796,kəno:t.B thuh.A,phonetic,"nipple, teat",,,,
4-410-834-1,chon1284,Chong,1402,thuh.A,phonetic,breast (of woman),,,,
4-400-834-1,chon1284,Chong,1592,thaŋ.C krɨk.A,phonetic,chest,,,,
4-393-834-1,chon1284,Chong,1201,kəsuk.A,phonetic,feather,,,,
4-392-834-1,chon1284,Chong,1257,khəla:p.A,phonetic,wing,,,,
4-380-834-1,chon1284,Chong,1389,ńa:m.B cho:p.C tak.A,phonetic,toe,,,,
4-374-834-1,chon1284,Chong,318,kəpɔ:t.A,phonetic,footprint,,,,
4-372-834-1,chon1284,Chong,980,thə:j.C V?,phonetic,heel,,,,
4-371-834-1,chon1284,Chong,803,kɔ:k.A kəcho:p.C,phonetic,ankle,,,,
4-370-834-1,chon1284,Chong,1301,kəcho:p.C,phonetic,foot,,,,
4-360-834-1,chon1284,Chong,1371,to:t.A kəno:j.C,phonetic,knee,,,,
4-352-834-1,chon1284,Chong,498,kəthən.C,phonetic,calf of leg,,,,
4-351-834-1,chon1284,Chong,800,phlu:.C pho:t.B,phonetic,thigh,,,,
4-350-834-1,chon1284,Chong,1297,phlu:.C,phonetic,leg,,,,
4-344-834-1,chon1284,Chong,1258,kəthat.A,phonetic,fingernail,,,,
4-342-834-1,chon1284,Chong,1781,ti:.A tak.A,phonetic,thumb,,,,
4-340-834-1,chon1284,Chong,1303,ńa:m.B ti:.A,phonetic,finger,,,,
4-331-834-1,chon1284,Chong,1183,pa:j.B ti:.A,phonetic,palm of hand,,,,
4-330-834-1,chon1284,Chong,1277,ti:.A,phonetic,hand,,,,
4-321-834-1,chon1284,Chong,799,kɔ:k.A ti:.A,phonetic,wrist,,,,
4-320-834-1,chon1284,Chong,981,kəkɛ:ŋ.A,phonetic,elbow,,,,
4-312-834-1,chon1284,Chong,1886,mən.C ka:k.A R?,phonetic,armpit,,,,
4-310-834-1,chon1284,Chong,1673,khɛ:n.A,phonetic,arm,,< T,,
4-302-834-1,chon1284,Chong,1994,klɔ:ŋ.A hajpla:ra:.A,phonetic,collarbone,,< T,,
4-301-834-1,chon1284,Chong,172,kəmlɔ:k.A,phonetic,shoulderblade,,,,
4-300-834-1,chon1284,Chong,1482,kəmlɛ:ŋ.C,phonetic,shoulder,,,,
4-290-834-1,chon1284,Chong,1346,lam.A kɔ:k.A,phonetic,throat,,< T +,,
4-281-834-1,chon1284,Chong,1347,pəmo:n.C kɔ:k.A,phonetic,nape of neck,,,,
4-280-834-1,chon1284,Chong,1333,kɔ:k.A,phonetic,neck,,,,
4-272-834-1,chon1284,Chong,1049,kho:j.A kra:m.A,phonetic,molartooth,,< T,,
4-270-834-1,chon1284,Chong,1380,kho:j.A,phonetic,tooth,,,,
4-271-834-1,chon1284,Chong,139,phlɔ:k.C,phonetic,gums,,,,
4-271-834-2,chon1284,Chong,139,ŋɨak.C,phonetic,gums,,,,
4-260-834-1,chon1284,Chong,1205,kəta:k.B,phonetic,tongue,,,,
4-250-834-1,chon1284,Chong,478,khəja:t.C,phonetic,lip,,,,
4-241-834-1,chon1284,Chong,73,ka:.A lɛ:k.A,phonetic,beak,,,,
4-240-834-1,chon1284,Chong,674,kəka:.A,phonetic,mouth,,,,
4-232-834-1,chon1284,Chong,208,chi:p.B R?,phonetic,mucus (nasal),,,,
4-231-834-1,chon1284,Chong,1178,phɔ:k.C kətu:t.A,phonetic,nostril,,,,
4-230-834-1,chon1284,Chong,1221,kətu:t.A,phonetic,nose,,,,
4-222-834-1,chon1284,Chong,32,ʔic.A kəla:ŋ.C,phonetic,earwax,,,,
4-221-834-1,chon1284,Chong,18,tiŋ.A kɔla:ŋ.C,phonetic,earlobe,,< T +,,
4-220-834-1,chon1284,Chong,1247,kəla:ŋ.C,phonetic,ear,,,,
4-215-834-1,chon1284,Chong,1655,phric.C mət.C,phonetic,blink,,,,
4-215-834-2,chon1284,Chong,1655,khleʔ.A mət.C,phonetic,blink,,,,
4-214-834-1,chon1284,Chong,1540,suk.A mət.C,phonetic,eyelash,,,,
4-213-834-1,chon1284,Chong,17,khəloʔ.A mət.C,phonetic,eyelid,,,,
4-212-834-1,chon1284,Chong,1173,kəcə:m.C R?,phonetic,eyebrow,,,,
4-210-834-1,chon1284,Chong,1248,mət.C,phonetic,eye,,,,
4-208-834-1,chon1284,Chong,1730,mɛ:m.C,phonetic,cheek,,,,
4-209-834-1,chon1284,Chong,1510,kəmə:ŋ.B,phonetic,chin,,,,
4-205-834-1,chon1284,Chong,123,na:C pha:k.A,phonetic,forehead,,< T,,
4-207-834-1,chon1284,Chong,798,kəmɛ:ŋ.B,phonetic,jaw,,,,
4-204-834-1,chon1284,Chong,1560,ŋa:j.C,phonetic,face,,,,
4-203-834-1,chon1284,Chong,1583,khəmɔ:ŋ.A to:t.A,phonetic,brain,,,,
4-201-834-1,chon1284,Chong,1604,kəmap.A,phonetic,"side of head, temple",,< T,,
4-202-834-1,chon1284,Chong,1605,kəlo:k.C to:t.A,phonetic,skull,,< T,,
4-200-834-1,chon1284,Chong,1256,to:t.A,phonetic,head,,,,
4-191-834-1,chon1284,Chong,805,klɔ:ŋ.A koŋ.C lo:ŋ.C,phonetic,spine,,,,
4-190-834-1,chon1284,Chong,1291,koŋ.A lo:ŋ.A R?,phonetic,back,,,,
4-180-834-1,chon1284,Chong,1220,phat.A,phonetic,tail,,,,
4-170-834-1,chon1284,Chong,1393,so:c.C,phonetic,horn,,,,
4-162-834-1,chon1284,Chong,801,klɔ:ŋ.A ta:t.A,phonetic,rib,,,,
4-160-834-1,chon1284,Chong,1394,klɔ:ŋ.A,phonetic,bone,,,,
4-151-834-1,chon1284,Chong,525,sen.C məha:m.A,phonetic,"vein, artery",,< T +,,
4-150-834-1,chon1284,Chong,946,məha:m.A,phonetic,blood,,,,
4-146-834-1,chon1284,Chong,576,raŋ.A khɛ:.A,phonetic,dandruff,,< T,,
4-145-834-1,chon1284,Chong,36,suk.A to:n.A,phonetic,pubic hair,,,,
4-144-834-1,chon1284,Chong,189,kəsuk.A,phonetic,body hair,,,,
4-142-834-1,chon1284,Chong,678,suk.A mɛ:ŋ.A,phonetic,beard,,,,
4-140-834-1,chon1284,Chong,1040,kəsuk.A,phonetic,hair (head),,,,
4-130-834-1,chon1284,Chong,2259,chu:c.C,phonetic,flesh,,,,
4-120-834-1,chon1284,Chong,763,khəloʔ.A,phonetic,"skin, hide",,,,
4-110-834-1,chon1284,Chong,1480,chɨm.C hɛ:ŋ.A,phonetic,body,,,,
3-980-834-1,chon1284,Chong,112,kəja:ŋ.A,phonetic,turtle,,,,
3-970-834-1,chon1284,Chong,1857,kəkhɔ:.C,phonetic,"crocodile, alligator",,,,
3-960-834-1,chon1284,Chong,632,ciŋ.A cɔk.A,phonetic,lizard,,< T,,
3-950-834-1,chon1284,Chong,503,ku:p.A R?,phonetic,frog,,,,
3-940-834-1,chon1284,Chong,1543,khlɔʔ.A tha:k.C,phonetic,snail,,,,
3-930-834-1,chon1284,Chong,607,kəthiw.A,phonetic,grasshopper,,,,
3-920-834-1,chon1284,Chong,1791,caŋ.A khriw.C M?,phonetic,butterfly,,,,
3-910-834-1,chon1284,Chong,206,phlo:t.C R?,phonetic,firefly,,,,
3-850-834-1,chon1284,Chong,730,si:.A,phonetic,snake,,,,
3-840-834-1,chon1284,Chong,1219,kəkɔʔ.A,phonetic,worm,,,,
3-832-834-1,chon1284,Chong,1509,kho:t.B,phonetic,mosquito,,,,
3-831-834-1,chon1284,Chong,95,suc.A,phonetic,"sandfly (midge), gnat",,,,
3-831-834-2,chon1284,Chong,95,lak.A theʔ.A,phonetic,"sandfly (midge), gnat",,,,
3-830-834-1,chon1284,Chong,1504,roj.D V?,phonetic,fly,,,,
3-823-834-1,chon1284,Chong,1517,ʔɔ:ŋ.A R?,phonetic,wasp,,,,
3-822-834-1,chon1284,Chong,88,buk.A məŋa:m.C,phonetic,beehive,,,,
3-821-834-1,chon1284,Chong,1931,phlo:m.B,phonetic,beeswax,,,,
3-820-834-1,chon1284,Chong,665,məŋa:m.C,phonetic,bee,,,,
3-819-834-1,chon1284,Chong,1065,buk.A biŋ.A ba:ŋ.A,phonetic,spider web,,,,
3-818-834-1,chon1284,Chong,843,biŋ.A ba:ŋ.A,phonetic,spider,,,,
3-817-834-1,chon1284,Chong,587,su:t.B,phonetic,ant,,,,
3-816-834-1,chon1284,Chong,1575,khe:t.C,phonetic,cockroach,,,,
3-815-834-1,chon1284,Chong,1538,kəja:.A TR?,phonetic,scorpion,,,,
3-814-834-1,chon1284,Chong,1974,ro:ŋ.C,phonetic,centipede,,,,
3-813-834-1,chon1284,Chong,232,mat.A chɔ:.A,phonetic,flea,,< T,,
3-812-834-1,chon1284,Chong,267,tuŋ.A chi:.A,phonetic,nit (louse egg),,,,
3-811-834-1,chon1284,Chong,1392,chi:.A,phonetic,louse,,,,
3-811-834-2,chon1284,Chong,1392,lo:n.A,phonetic,louse,,,,
3-770-834-1,chon1284,Chong,1290,kəna:j.A,phonetic,elephant,,,,
3-760-834-1,chon1284,Chong,1350,wa:.A,phonetic,monkey,,,,
3-750-834-1,chon1284,Chong,1936,ce:t.B,phonetic,deer,,,,
3-740-834-1,chon1284,Chong,1312,chɔ:.A ciŋ.A cɔ:k.A,phonetic,fox,,,,
3-730-834-1,chon1284,Chong,1820,kəwa:j.C su:t.B,phonetic,bear,,,,
3-710-834-1,chon1284,Chong,522,chɔ:.A phri:.C,phonetic,wolf,,,,
3-665-834-1,chon1284,Chong,1013,kəmlɔ:ŋ.A,phonetic,freshwater eel,,,,
3-661-834-1,chon1284,Chong,1110,me:w.D chəla:m.A,phonetic,shark,,< T,,
3-655-834-1,chon1284,Chong,598,khlɔʔ.A,phonetic,shell,,,,
3-654-834-1,chon1284,Chong,1916,ŋɨak me:w.D,phonetic,gill,,< T,,
3-653-834-1,chon1284,Chong,266,kəklɛʔ.A me:w.D,phonetic,fishscale,,,,
3-652-834-1,chon1284,Chong,213,kəla:p.A koŋ.C lo:ŋ.C,phonetic,fin (dorsal),,,,
3-650-834-1,chon1284,Chong,227,me:w.D,phonetic,fish,,,,
3-630-834-1,chon1284,Chong,2139,khɔ:n.B,phonetic,"mouse, rat",,,,
3-622-834-1,chon1284,Chong,309,kətɛ.A,phonetic,opossum,,< T,,
3-620-834-1,chon1284,Chong,1208,mɛ:w.A,phonetic,cat,,< T,,
3-614-834-1,chon1284,Chong,1136,kəthoŋ.C,phonetic,rabbit,,,,
3-610-834-1,chon1284,Chong,2009,chɔ:.A,phonetic,dog,,,,
3-594-834-1,chon1284,Chong,1853,chi:m.D kəkɨj.A,phonetic,dove,,,,
3-596-834-1,chon1284,Chong,735,chi:m.D ku:k.A,phonetic,owl,,< T,,
3-593-834-1,chon1284,Chong,913,kəna:k.B,phonetic,crow,,,,
3-592-834-1,chon1284,Chong,882,chi:m.D ʔe:t.A,phonetic,parrot,,,,
3-591-834-1,chon1284,Chong,1793,se:n.A,phonetic,bat,,,,
3-585-834-1,chon1284,Chong,307,khla:ŋ.B kəlɔ:.A,phonetic,hawk,,,,
3-581-834-1,chon1284,Chong,937,chi:m.C R?,phonetic,bird,,,,
3-580-834-1,chon1284,Chong,539,buk.A,phonetic,nest,,,,
3-570-834-1,chon1284,Chong,1360,kəta:.A,phonetic,duck,,,,
3-560-834-1,chon1284,Chong,1187,ha:n.A,phonetic,goose,,< T,,
3-550-834-1,chon1284,Chong,1318,lɛ:k.A,phonetic,chicken,,,,
3-540-834-1,chon1284,Chong,1514,mɛ:.C  lɛ:k.A,phonetic,hen,,,,
3-520-834-1,chon1284,Chong,1511,lɛ:k.A kəlɔ:ŋ.C,phonetic,"cock, rooster",,,,
3-450-834-1,chon1284,Chong,1647,khe:n.A ma:.C,phonetic,"foal, colt",,,,
3-440-834-1,chon1284,Chong,938,ma:.C khɨn.A,phonetic,mare,,,,
3-420-834-1,chon1284,Chong,936,ma:.C kəlɔ:ŋ.C,phonetic,stallion,,,,
3-410-834-1,chon1284,Chong,615,ma:.C,phonetic,horse (equine),,< T,,
3-380-834-1,chon1284,Chong,1972,khe:n.A phɛʔ.C,phonetic,kid,,,,
3-370-834-1,chon1284,Chong,264,phɛʔ.C kəlɔ:ŋ.C,phonetic,he-goat,,,,
3-360-834-1,chon1284,Chong,1502,phɛʔ.C,phonetic,goat,,< T,,
3-350-834-1,chon1284,Chong,1337,chok.A,phonetic,pig,,,,
3-340-834-1,chon1284,Chong,1351,chok.A khɨn.A,phonetic,sow (2),,,,
3-320-834-1,chon1284,Chong,1348,chok.A phri:.C kəlɔ:ŋ.C,phonetic,boar,,,,
3-290-834-1,chon1284,Chong,820,khe:n.A kɛʔ.A,phonetic,lamb,,,,
3-280-834-1,chon1284,Chong,1345,kɛʔ.A khɨn.A,phonetic,ewe,,,,
3-260-834-1,chon1284,Chong,1344,kɛʔ.A kəlɔ:ŋ.C,phonetic,ram,,,,
3-250-834-1,chon1284,Chong,1331,kɛʔ.A,phonetic,sheep,,< T,,
3-240-834-1,chon1284,Chong,1989,khe:n.A ŋua.C,phonetic,calf,,,,
3-240-834-2,chon1284,Chong,1989,khe:n.A kəpa:w.A,phonetic,calf,,,,
3-230-834-1,chon1284,Chong,1007,ŋua.C khɨn.A,phonetic,cow,,,,
3-220-834-1,chon1284,Chong,1169,ŋua.C,phonetic,ox,,< T,,
3-210-834-1,chon1284,Chong,1008,ŋua.C kəlɔ:ŋ.C,phonetic,bull,,,,
3-200-834-1,chon1284,Chong,1153,ŋua.C kəpa:w.A,phonetic,cattle (bovine),,< T+,,
3-190-834-1,chon1284,Chong,851,khɔ:k.C,phonetic,"stable, stall",,< T,,
3-180-834-1,chon1284,Chong,263,chɨm.C liaŋ.C kəpa:w.A,phonetic,herdsman,,,,
3-160-834-1,chon1284,Chong,649,wa:j.C liaŋ.C kəpa:w.A,phonetic,pasture,,,,
3-150-834-1,chon1284,Chong,631,ka:n.A ləj.C thaŋ.C sat.A,phonetic,livestock,,,,
3-130-834-1,chon1284,Chong,2262,camkhɨn.A,phonetic,female (adj),,,,
3-120-834-1,chon1284,Chong,2261,camlɔ:ŋ.C,phonetic,male (adj),,,,
3-110-834-1,chon1284,Chong,619,sat.A,phonetic,animal,,< T,,
2-960-834-1,chon1284,Chong,817,mu:.A dak.A,phonetic,they,,,,
2-950-834-1,chon1284,Chong,1213,mu:.A kɛ:.A,phonetic,you (plural),,,,
2-942-834-1,chon1284,Chong,1130,mu:.A hɛ:ŋ.A,phonetic,we (exclusive),,,,
2-941-834-1,chon1284,Chong,1131,hɛ:ŋ.A,phonetic,we (inclusive),,,,
2-940-834-1,chon1284,Chong,1212,hɛ:ŋ.A,phonetic,we,,,,
2-930-834-1,chon1284,Chong,262,dak.A,phonetic,he/she/it,,,,
2-930-834-2,chon1284,Chong,262,phəj.C,phonetic,he/she/it,,,,
2-920-834-1,chon1284,Chong,1215,kɛ:.A,phonetic,you (singular),,,,
2-920-834-2,chon1284,Chong,1215,phu:.C V?,phonetic,you (singular),,,,
2-910-834-1,chon1284,Chong,1209,chan.A,phonetic,I,,< T,,
2-910-834-2,chon1284,Chong,1209,ʔiń.A,phonetic,I,,< T,,
2-820-834-1,chon1284,Chong,194,khlo:p.C khlua.A,phonetic,family,,< T,,
2-810-834-1,chon1284,Chong,1644,mu:.A bo:t.A lɨŋ.A,phonetic,"relatives, kinsmen",,,,
2-770-834-1,chon1284,Chong,1981,khəma:j.A camlɔ:ŋ.C,phonetic,widower,,,,
2-760-834-1,chon1284,Chong,1756,khəma:j.A camkhɨn.A,phonetic,widow,,,,
2-750-834-1,chon1284,Chong,1149,khe:n.A kəma:ŋ.C,phonetic,orphan,,,,
2-740-834-1,chon1284,Chong,1058,khe:n.A liaŋ.C camkhɨn.A,phonetic,stepdaughter,,,,
2-730-834-1,chon1284,Chong,1059,khe:n.A liaŋ.C camlɔ:ŋ.C,phonetic,stepson,,,,
2-720-834-1,chon1284,Chong,236,me:.C liaŋ.C,phonetic,stepmother,,,,
2-710-834-1,chon1284,Chong,237,ʔu:ń.A liaŋ.C,phonetic,stepfather,,< T,,
2-641-834-1,chon1284,Chong,2264,khe:n.A pəsa:.A camkhɨn.A,phonetic,daughter-in-law (of a woman),,,,
2-640-834-1,chon1284,Chong,2265,khe:n.A pəsa:.A camkhɨn.A,phonetic,daughter-in-law (of a man),,,,
2-631-834-1,chon1284,Chong,2266,khe:n.A pəsa:.A camlɔ:ŋ.C,phonetic,son-in-law (of a woman),,,,
2-630-834-1,chon1284,Chong,2267,khe:n.A pəsa:.A camlɔ:ŋ.C,phonetic,son-in-law (of a man),,,,
2-621-834-1,chon1284,Chong,2257,me:.C ja:mɔ:k.A,phonetic,mother-in-law (of a woman),,,,
2-620-834-1,chon1284,Chong,2256,me:.C ja:mɔ:k.A,phonetic,mother-in-law (of a man),,,,
2-611-834-1,chon1284,Chong,2254,ʔu:ń.A ja:mɔ:k.A,phonetic,father-in-law (of a woman),,,,
2-610-834-1,chon1284,Chong,2255,ʔu:ń.A ja:mɔ:k.A,phonetic,father-in-law (of a man),,,,
2-570-834-1,chon1284,Chong,490,cɨ:p.A ma:mmaku:n.A,phonetic,descendants,,< T,,
2-560-834-1,chon1284,Chong,1669,pu:.C ja:.C ta:.A ja:j.C,phonetic,ancestors,,,,
2-550-834-1,chon1284,Chong,1643,bo:t.A lɨŋ.A,phonetic,cousin,,,,
2-540-834-1,chon1284,Chong,1642,chu:.A kəlɛ:ŋ.C,phonetic,niece,,,,
2-530-834-1,chon1284,Chong,1063,chu:.A kəmlɔh.A,phonetic,nephew,,,,
2-522-834-1,chon1284,Chong,170,ʔa:.A,phonetic,father's sister,,< T,,
2-522-834-2,chon1284,Chong,170,thɔm.A,phonetic,father's sister,,< T,,
2-520-834-1,chon1284,Chong,1272,thɔm.A,phonetic,aunt,,,,
2-521-834-1,chon1284,Chong,171,khəmla: camkhɨn.A,phonetic,mother's sister,,,,
2-512-834-1,chon1284,Chong,1985,ʔa:.A,phonetic,father's brother,,< T,,
2-512-834-2,chon1284,Chong,1985,thɔm.A,phonetic,father's brother,,< T,,
2-511-834-1,chon1284,Chong,1984,khəmla:.A camlɔ:ŋ.C,phonetic,mother's brother,,,,
2-510-834-1,chon1284,Chong,1327,thɔm.A,phonetic,uncle,,,,
2-480-834-1,chon1284,Chong,1618,co:.A camlɔ:ŋ.C,phonetic,grandson,,,,
2-490-834-1,chon1284,Chong,1619,co:.A kəlɛ:ŋ.C,phonetic,granddaughter,,,,
2-471-834-1,chon1284,Chong,907,camkhɨn.A chɨt.A,phonetic,old woman,,,,
2-470-834-1,chon1284,Chong,1496,ja:.C,phonetic,grandmother,,< T,,
2-470-834-2,chon1284,Chong,1496,ja:j.C,phonetic,grandmother,,< T,,
2-461-834-1,chon1284,Chong,406,chɔ:ŋ.D chɨt.A,phonetic,old man,,,,
2-460-834-1,chon1284,Chong,1383,pu:.C,phonetic,grandfather,,< T,,
2-460-834-2,chon1284,Chong,1383,ta:.A,phonetic,grandfather,,< T,,
2-458-834-1,chon1284,Chong,1005,khe:n.A phroh.C,phonetic,twins,,,,
2-456-834-1,chon1284,Chong,1640,bo:t.A lɨŋ.A,phonetic,sibling,,,,
2-455-834-1,chon1284,Chong,1761,bo:t.A kəlɛ:ŋ.C,phonetic,younger sister,,,,
2-454-834-1,chon1284,Chong,1758,lɨŋ.A kəlɛ:ŋ.C,phonetic,older sister,,,,
2-450-834-1,chon1284,Chong,1263,bo:t.A kəlɛ:ŋ.C,phonetic,sister,,,,
2-445-834-1,chon1284,Chong,1760,bo:t.A kəmlɔh.A,phonetic,younger brother,,,,
2-444-834-1,chon1284,Chong,1759,lɨŋ.A kəmlɔh.A,phonetic,older brother,,,,
2-440-834-1,chon1284,Chong,1262,bo:t.A kəmlɔh.A,phonetic,brother,,,,
2-420-834-1,chon1284,Chong,1357,khe:n kəlɛ:ŋ.C,phonetic,daughter,,,,
2-410-834-1,chon1284,Chong,1620,khe:n.A kəmlɔh.A,phonetic,son,,,,
2-390-834-1,chon1284,Chong,426,ʔi:n.A kəlɔ:ŋ.C hə:j.A,phonetic,married woman,,,,
2-380-834-1,chon1284,Chong,424,ʔi:n.A kəkhɨn.A hə:j.A,phonetic,married man,,,,
2-370-834-1,chon1284,Chong,505,me:.C ʔu:ń.A,phonetic,parents,,,,
2-360-834-1,chon1284,Chong,1216,mɛʔ.A,phonetic,mother,,,,
2-350-834-1,chon1284,Chong,1217,ʔu:ń.A,phonetic,father,,,,
2-350-834-2,chon1284,Chong,1217,ʔɔʔ.A,phonetic,father,,,,
2-340-834-1,chon1284,Chong,1259,pru:k.C sa:.A,phonetic,"marriage, wedding",,,,
2-330-834-1,chon1284,Chong,203,pru:k.C,phonetic,marry,,,,
2-320-834-1,chon1284,Chong,1199,kəkhɨn.A,phonetic,wife,,,,
2-310-834-1,chon1284,Chong,1200,kəlɔ:ŋ.C,phonetic,husband,,,,
2-280-834-1,chon1284,Chong,1289,khe:n.A ŋɛ:t.C,phonetic,"infant, baby",,,,
2-270-834-1,chon1284,Chong,1304,khəne:w.B,phonetic,child,,,,
2-261-834-1,chon1284,Chong,77,ne:w.B lɛ:ŋ.C,phonetic,young woman (adolescent),,,,
2-260-834-1,chon1284,Chong,1646,ne:w.B camkhɨn.A,phonetic,girl,,,,
2-251-834-1,chon1284,Chong,76,ne:w.B kəmlɔh.A,phonetic,young man (adolescent),,,,
2-250-834-1,chon1284,Chong,1366,ne:w.B camlɔ:ŋ.C,phonetic,boy,,,,
2-240-834-1,chon1284,Chong,1551,phe:t.C camkhɨn.A,phonetic,female,,,,
2-230-834-1,chon1284,Chong,1553,phe:t.C camlɔ:ŋ.C,phonetic,male,,,,
2-220-834-1,chon1284,Chong,962,camkhɨn.A,phonetic,woman,,,,
2-210-834-1,chon1284,Chong,1554,camlɔ:ŋ.C,phonetic,man (vs. woman),,,,
2-100-834-1,chon1284,Chong,683,kəchɨm.C,phonetic,"person, human being",,,,
1-890-834-1,chon1284,Chong,1188,khəńah.A,phonetic,charcoal,,,,
1-880-834-1,chon1284,Chong,10,ʔu:t.A phle:w.C,phonetic,firewood,,,,
1-870-834-1,chon1284,Chong,1133,ʔu:t.A khi:t.C,phonetic,match (noun),,< T,,
1-861-834-1,chon1284,Chong,127,phlic.A phle:w.C,phonetic,extinguish,,,,
1-860-834-1,chon1284,Chong,737,tu:t.A phle:w.C,phonetic,"light, kindle, ignite",,,,
1-852-834-1,chon1284,Chong,1428,phle:w.C tit.A,phonetic,burn (vb intrans),,,,
1-851-834-1,chon1284,Chong,141,pɔ:t.A V?>,phonetic,burn (vb trans),,,,
1-841-834-1,chon1284,Chong,67,kəŋəj.B phle:w.C,phonetic,embers,,,,
1-840-834-1,chon1284,Chong,646,phoh.C,phonetic,ashes,,,,
1-830-834-1,chon1284,Chong,778,khəmah.A,phonetic,smoke (noun),,,,
1-820-834-1,chon1284,Chong,889,pa:ŋ.A phle:w.C flower+,phonetic,flame (noun),,,,
1-810-834-1,chon1284,Chong,221,phle:w.C,phonetic,fire,,,,
1-780-834-1,chon1284,Chong,952,ʔa:ka:t.A,phonetic,weather,,< T,,
1-770-834-1,chon1284,Chong,617,tha:k.C nam.C khɛŋ.A,phonetic,ice,,< T,,
1-750-834-1,chon1284,Chong,658,kəmaʔ.C,phonetic,rain (noun),,,,
1-740-834-1,chon1284,Chong,249,mɔk.A,phonetic,fog,,< T,,
1-720-834-1,chon1284,Chong,960,khəja:j.B,phonetic,wind,,,,
1-730-834-1,chon1284,Chong,1489,ʔic.A me:k.C,phonetic,cloud,,< T,,
1-710-834-1,chon1284,Chong,27,ʔa:ka:t.A,phonetic,air,,< T,,
1-640-834-1,chon1284,Chong,1977,kəmla:p.C,phonetic,dew,,,,
1-630-834-1,chon1284,Chong,1388,kəkhuj.C,phonetic,"shade, shadow",,,,
1-620-834-1,chon1284,Chong,11,khəŋe:t.B,phonetic,darkness,,,,
1-610-834-1,chon1284,Chong,630,mət.C thəŋiʔ.A,phonetic,light (noun),,,,
1-590-834-1,chon1284,Chong,1733,phak.C kəsɔ:ŋ.B wa:.A cha:.A thak:.C,phonetic,rainbow,,,,
1-580-834-1,chon1284,Chong,858,khəjuh.A,phonetic,storm,,,,
1-560-834-1,chon1284,Chong,1150,kəkɨj.A lən.C,phonetic,thunder,,,,
1-570-834-1,chon1284,Chong,2007,kəthɛh.A cak.A,phonetic,lightning (as striking),,,,
1-550-834-1,chon1284,Chong,1654,la:c.C,phonetic,lightning,,,,
1-540-834-1,chon1284,Chong,1430,sum.A,phonetic,star,,,,
1-530-834-1,chon1284,Chong,1313,ka:ŋ.A,phonetic,moon,,,,
1-520-834-1,chon1284,Chong,1343,mət.C thəŋiʔ.A,phonetic,sun,,,,
1-510-834-1,chon1284,Chong,1732,phlɨŋ.A,phonetic,sky,,,,
1-450-834-1,chon1284,Chong,6,phɛn.A din.A waj.A,phonetic,earthquake,,< T,,
1-440-834-1,chon1284,Chong,2125,khəmoʔ.A,phonetic,"stone, rock",,,,
1-430-834-1,chon1284,Chong,1803,ʔu:t.A,phonetic,wood,,,,
1-420-834-1,chon1284,Chong,906,ne:m.B ʔu:t.A,phonetic,tree (cf 08.600),,,,
1-410-834-1,chon1284,Chong,420,phri:.C,phonetic,"woods, forest",,,,
1-390-834-1,chon1284,Chong,943,tha:k.C kɔlak.D,phonetic,waterfall,,,,
1-380-834-1,chon1284,Chong,1145,kəphaŋ.C R?,phonetic,swamp,,,,
1-370-834-1,chon1284,Chong,2144,tha:k.C chɨp.C,phonetic,"spring, well",,,,
1-362-834-1,chon1284,Chong,1982,tha:k.C wuj.A,phonetic,whirlpool,,,,
1-360-834-1,chon1284,Chong,666,kəthe:ŋ.B,phonetic,"river, stream, brook",,,,
1-354-834-1,chon1284,Chong,613,tha:k.C khɨn.C,phonetic,hightide,,< T,,
1-353-834-1,chon1284,Chong,1026,tha:k.C loŋ.C,phonetic,lowtide,,< T,,
1-352-834-1,chon1284,Chong,891,sa:j.A tha:k.C,phonetic,tide,,,,
1-343-834-1,chon1284,Chong,1662,luj.A,phonetic,"headland, point",,,,
1-342-834-1,chon1284,Chong,660,khəle:t.A tha:k.C,phonetic,reef,,,,
1-341-834-1,chon1284,Chong,623,labɨŋ.A,phonetic,lagoon,,< T,,
1-340-834-1,chon1284,Chong,663,waŋ.C,phonetic,"gulf, bay",,,,
1-330-834-1,chon1284,Chong,624,thale:.A sa:p.A,phonetic,lake,,< T,,
1-329-834-1,chon1284,Chong,645,mahasamut.A,phonetic,ocean,,< T,,
1-324-834-1,chon1284,Chong,1768,fɔ:ŋ.A tha:k.C,phonetic,foam,,< T,,
1-323-834-1,chon1284,Chong,259,ʔi:n.A khlɨ:n.A,phonetic,rough (of sea),,< T,,
1-320-834-1,chon1284,Chong,1474,thale:.A,phonetic,sea,,< T,,
1-322-834-1,chon1284,Chong,258,khlɨ:n.A jut.A,phonetic,calm (of sea),,< T.,,
1-310-834-1,chon1284,Chong,948,tha:k.C,phonetic,water,,,,
1-280-834-1,chon1284,Chong,1155,tham.C,phonetic,cave,,< T,,
1-270-834-1,chon1284,Chong,113,co:ŋ.C,phonetic,shore,,,,
1-260-834-1,chon1284,Chong,166,phɛn.A din.A,phonetic,mainland,,< T,,
1-250-834-1,chon1284,Chong,622,kɔʔ.A,phonetic,island,,< T,,
1-240-834-1,chon1284,Chong,921,sɔ:k.C nɔ:ŋ.C,phonetic,valley,,,,
1-230-834-1,chon1284,Chong,652,wa:j.C,phonetic,"plain, field",,,,
1-222-834-1,chon1284,Chong,618,na:.C pha:.A nɔ:ŋ.C,phonetic,"cliff, precipice",,< T,,
1-220-834-1,chon1284,Chong,2118,nɔ:ŋ.C,phonetic,"mountain, hill",,,,
1-214-834-1,chon1284,Chong,640,plɔ:k.B,phonetic,mud,,,,
1-215-834-1,chon1284,Chong,671,kəla:ŋ.D,phonetic,sand,,,,
1-213-834-1,chon1284,Chong,2,phɔŋ.A,phonetic,dust,,,,
1-212-834-1,chon1284,Chong,1228,theʔ.A,phonetic,"earth=ground, soil",,,,
1-210-834-1,chon1284,Chong,626,phɛn.A din.A,phonetic,"earth, land",,< T,,
1-100-834-1,chon1284,Chong,965,lo:k.A,phonetic,world,,< T,,
14-330-834-1,chon1284,Chong,1544,ba:ŋ.A dɔ:ŋ.A,phonetic,sometimes,,< T +,,
14-331-834-1,chon1284,Chong,703,wic.A ʔi.A khəj.B ʔiʔ.A,phonetic,soon,,,,
14-332-834-1,chon1284,Chong,418,we:.C la:.C khəj.B T+,phonetic,long-time (for a),,,,
14-340-834-1,chon1284,Chong,1656,ʔi.A khə:j.C ʔiʔ.A,phonetic,never,,,,
14-350-834-1,chon1284,Chong,204,wic.A muj.C dɔ:ŋ.A,phonetic,again,,,,
14-410-834-1,chon1284,Chong,1225,khəŋiʔ.A,phonetic,day,,,,
14-420-834-1,chon1284,Chong,1233,khrɛ:ŋ.B,phonetic,night,,,,
14-430-834-1,chon1284,Chong,729,pha:ŋ.C pha:ŋ.C,phonetic,dawn,,,,
14-440-834-1,chon1284,Chong,1339,tɔ:n.A pha:ŋ.C,phonetic,morning,,< T +,,
14-451-834-1,chon1284,Chong,1807,tɔ:n.A ba:j.A,phonetic,afternoon,,< T,,
14-460-834-1,chon1284,Chong,1629,tɔ:n.A pe:w.B,phonetic,evening,,,,
14-470-834-1,chon1284,Chong,1283,wən.C ʔan.A,phonetic,today,,,,
14-480-834-1,chon1284,Chong,1329,wən.D R?,phonetic,tomorrow,,,,
14-481-834-1,chon1284,Chong,1179,mu:j.A VR?,phonetic,day-after-tomorrow,,,,
14-490-834-1,chon1284,Chong,1174,prəʔo:.A,phonetic,yesterday,,,,
14-491-834-1,chon1284,Chong,1180,tɔ:j.B prəʔo:.A,phonetic,day-before-yesterday,,,,
14-510-834-1,chon1284,Chong,1353,chua.C mo:ŋ.A,phonetic,hour,,< T,,
14-530-834-1,chon1284,Chong,1323,nalika:.A,phonetic,"clock, timepiece",,< T,,
14-610-834-1,chon1284,Chong,1469,sap.A pəda:.A,phonetic,week,,< T,,
14-620-834-1,chon1284,Chong,1699,wən.C ʔəthit.C,phonetic,Sunday,,< T,,
14-630-834-1,chon1284,Chong,1697,wən.C can.A,phonetic,Monday,,< T,,
14-640-834-1,chon1284,Chong,1695,wən.C ʔəkha:n.C,phonetic,Tuesday,,< T,,
14-650-834-1,chon1284,Chong,1694,wən.C phut.C,phonetic,Wednesday,,< T,,
14-660-834-1,chon1284,Chong,1693,wən.C phəhat.A,phonetic,Thursday,,< T,,
14-670-834-1,chon1284,Chong,1692,wən.C suk.A,phonetic,Friday,,< T,,
14-680-834-1,chon1284,Chong,1700,wən.C saw.C,phonetic,Saturday,,< T,,
14-710-834-1,chon1284,Chong,1370,ka:ŋ.A,phonetic,month,,,,
14-730-834-1,chon1284,Chong,1226,nɨm.C,phonetic,year,,,,
14-740-834-1,chon1284,Chong,1471,du:.A sac.B,phonetic,winter,,,,
14-760-834-1,chon1284,Chong,1342,du:.A thuʔ.A,phonetic,summer,,,,
15-210-834-1,chon1284,Chong,1587,sɔŋ.A klin.A,phonetic,smell (vb intrans),,< T,,
15-212-834-1,chon1284,Chong,375,hɨt.A,phonetic,sniff,,,,
15-220-834-1,chon1284,Chong,1586,thuj.A,phonetic,smell (vb trans),,,,
15-250-834-1,chon1284,Chong,376,khə:m.B,phonetic,"fragrant, good smelling",,,,
15-260-834-1,chon1284,Chong,42,puk.A,phonetic,"stinking, bad smelling",,,,
15-310-834-1,chon1284,Chong,21,rot.C cha:t.C,phonetic,taste,,< T,,
15-350-834-1,chon1284,Chong,717,ŋa:m.D,phonetic,sweet,,,,
15-360-834-1,chon1284,Chong,1091,kəmlo:k.B,phonetic,salty,,,,
15-370-834-1,chon1284,Chong,887,ŋət.B R?,phonetic,bitter,,,,
15-380-834-1,chon1284,Chong,1906,choʔ.C V?,phonetic,"acid, sour",,,,
15-390-834-1,chon1284,Chong,70,klɔ:j.A,phonetic,brackish,,< T,,
15-410-834-1,chon1284,Chong,1408,saŋ.A,phonetic,hear,,,,
15-420-834-1,chon1284,Chong,1608,kəŋɛ:.A,phonetic,listen,,,,
15-440-834-1,chon1284,Chong,1811,siaŋ.A,phonetic,"sound, noise",,< T,,
15-450-834-1,chon1284,Chong,377,siaŋ.A sɛ:w.B,phonetic,loud,,,,
15-460-834-1,chon1284,Chong,1314,phle:w.C phle:w.B,phonetic,"quiet, silence",,,,
15-510-834-1,chon1284,Chong,1409,thaŋ.C,phonetic,see,,,,
15-520-834-1,chon1284,Chong,1819,mɔ:ŋ.C rəj.C,phonetic,"look, look at",,,,
15-520-834-2,chon1284,Chong,1819,mɔ:ŋ.C rəj.C,phonetic,"look, look at",,,,
15-550-834-1,chon1284,Chong,1039,ce:w.A le:ŋ.C V?,phonetic,show,,,,
15-560-834-1,chon1284,Chong,708,chɔ:k.C mət.C,phonetic,shine,,,,
15-570-834-1,chon1284,Chong,679,sa:p.B,phonetic,bright,,,,
15-610-834-1,chon1284,Chong,1613,si:.A,phonetic,color,,< T,,
15-620-834-1,chon1284,Chong,250,si:.A lu:c.B,phonetic,light (in color),,,,
15-630-834-1,chon1284,Chong,706,si:.A khem.C,phonetic,dark (in color),,< T,,
15-640-834-1,chon1284,Chong,1335,si:.A phro:ŋ.A R?,phonetic,white,,,,
15-650-834-1,chon1284,Chong,163,si:.A caŋ.B,phonetic,black,,,,
15-660-834-1,chon1284,Chong,156,si:.A ŋəj.C,phonetic,red,,,,
15-670-834-1,chon1284,Chong,837,si:.A nam.C ŋə:n.A,phonetic,blue,,< T,,
15-680-834-1,chon1284,Chong,1425,si:.A khiaw.A,phonetic,green,,< T,,
15-690-834-1,chon1284,Chong,1424,si:.A lɨaŋ.A,phonetic,yellow,,< T,,
15-710-834-1,chon1284,Chong,1892,chap.A,phonetic,touch,,,,
15-712-834-1,chon1284,Chong,378,bi:p.A,phonetic,pinch,,< T,,
15-720-834-1,chon1284,Chong,1079,khah.A,phonetic,feel,,,,
15-740-834-1,chon1284,Chong,1884,khaŋ.C,phonetic,hard,,,,
15-750-834-1,chon1284,Chong,1856,lu:c.B,phonetic,soft,,,,
15-760-834-1,chon1284,Chong,1923,ja:p.A,phonetic,rough,,< T,,
15-770-834-1,chon1284,Chong,1234,səmə:.A,phonetic,smooth,,< T,,
15-780-834-1,chon1284,Chong,1396,khəj.B,phonetic,sharp,,,,
15-790-834-1,chon1284,Chong,379,pa:n.B,phonetic,"blunt, dull",,,,
15-810-834-1,chon1284,Chong,1210,ŋaj.A,phonetic,heavy,,,,
15-820-834-1,chon1284,Chong,1052,baw.A,phonetic,light (in weight),,< T,,
15-830-834-1,chon1284,Chong,1726,pɛ:k.B,phonetic,"wet, damp",,< T,,
15-840-834-1,chon1284,Chong,1398,phah.C,phonetic,dry,,,,
15-840-834-2,chon1284,Chong,1398,raŋ.C cat.A,phonetic,dry,,,,
15-850-834-1,chon1284,Chong,1286,thuʔ.A,phonetic,hot,,,,
15-851-834-1,chon1284,Chong,1232,ʔun.A,phonetic,warm,,< T,,
15-860-834-1,chon1284,Chong,1287,sac.B,phonetic,cold,,,,
15-860-834-2,chon1284,Chong,1287,kəchak.C feel cold,phonetic,cold,,,,
15-870-834-1,chon1284,Chong,704,səʔa:t.A di:.A,phonetic,clean,,< T,,
15-880-834-1,chon1284,Chong,1230,sok.C kəprok.A,phonetic,"dirty, soiled",,< T,,
15-890-834-1,chon1284,Chong,380,ńu:c.C,phonetic,wrinkled,,,,
16-110-834-1,chon1284,Chong,53,cut.A kəpho:t.C,phonetic,"soul, spirit",,,,
16-150-834-1,chon1284,Chong,1572,ʔeʔ.A naj.A caj.A,phonetic,"surprised, astonished",,,,
16-180-834-1,chon1284,Chong,720,cho:k.C di:.A,phonetic,"good fortune, luck",,< T,,
16-190-834-1,chon1284,Chong,56,cho:k.C ʔidi:.A ʔiʔ.A,phonetic,"misfortune, bad luck",,,,
16-230-834-1,chon1284,Chong,1495,ʔi:n.A fa:m.A suk.A,phonetic,"joyful, glad, happy",,,,
16-250-834-1,chon1284,Chong,1355,phɛ:k.C,phonetic,laugh,,,,
16-251-834-1,chon1284,Chong,1451,jim.A,phonetic,smile,,< T,,
16-260-834-1,chon1284,Chong,1413,le:ŋ.C,phonetic,play,,< KMR,,
16-270-834-1,chon1284,Chong,923,rak.C,phonetic,love,,< T,,
16-290-834-1,chon1284,Chong,578,chɨ:j.C,phonetic,kiss,,,,
16-300-834-1,chon1284,Chong,928,rɔ:p.A,phonetic,embrace,,,,
16-310-834-1,chon1284,Chong,1783,khət.C,phonetic,pain,,,,
16-320-834-1,chon1284,Chong,1668,so:k.A saw.C,phonetic,"grief, sorrow, sadness",,< T,,
16-330-834-1,chon1284,Chong,1000,kaŋ.A won.A,phonetic,"anxiety, worry",,< T,,
16-340-834-1,chon1284,Chong,1875,sia.A caj.A,phonetic,"regret, be sorry",,< T,,
16-350-834-1,chon1284,Chong,1141,mɨt.B,phonetic,pity,,,,
16-370-834-1,chon1284,Chong,1839,ja:m.C,phonetic,"cry, weep",,,,
16-380-834-1,chon1284,Chong,1651,tha:k.C mət.C,phonetic,tear (noun),,,,
16-390-834-1,chon1284,Chong,716,khram.C khruan.A,phonetic,groan,,,,
16-410-834-1,chon1284,Chong,1607,kliat.A,phonetic,hate,,< T,,
16-420-834-1,chon1284,Chong,82,phe:m.B,phonetic,anger,,,,
16-440-834-1,chon1284,Chong,40,huaŋ.A,phonetic,"envy, jealousy",,< T,,
16-450-834-1,chon1284,Chong,1776,khleʔ.A,phonetic,shame (noun),,,,
16-480-834-1,chon1284,Chong,174,di:.A caj.A,phonetic,proud,,< T,,
16-510-834-1,chon1284,Chong,1779,kla:.C,phonetic,dare,,< T,,
16-520-834-1,chon1284,Chong,3,kla:.C ha:n.A,phonetic,brave,,< T,,
16-530-834-1,chon1284,Chong,781,tɔ:ŋ.B,phonetic,"fear, fright",,,,
16-540-834-1,chon1284,Chong,1810,ʔan.A ta ra:j.A,phonetic,danger,,< T,,
16-620-834-1,chon1284,Chong,1784,tɔ:ŋ.C ka:n.A,phonetic,"desire, want",,< T,,
16-622-834-1,chon1284,Chong,1750,lɨak.C,phonetic,choose,,< T,,
16-630-834-1,chon1284,Chong,1092,fa:m.A waŋ.A,phonetic,hope,,< T,,
16-650-834-1,chon1284,Chong,100,si:.C sat.A,phonetic,faithful,,< T,,
16-660-834-1,chon1284,Chong,1657,de:w.A I?,phonetic,true,,,,
16-670-834-1,chon1284,Chong,601,pɔt.A,phonetic,"lie, tell lies",,< T,,
16-680-834-1,chon1284,Chong,13,lo:.C luaŋ.A,phonetic,deceit,,< +T,,
16-690-834-1,chon1284,Chong,1528,jok.C tho:t.C,phonetic,forgive,,< T,,
16-710-834-1,chon1284,Chong,1035,di:.A,phonetic,good,,< T,,
16-720-834-1,chon1284,Chong,1292,le:w.A,phonetic,bad,,< T,,
16-730-834-1,chon1284,Chong,1725,do:n.A,phonetic,"right, correct",,,,
16-730-834-3,chon1284,Chong,1725,tho:n.A R?,phonetic,"right, correct",,,,
16-740-834-1,chon1284,Chong,1390,ʔi do:n.A ʔiʔ.A,phonetic,wrong,,,,
16-760-834-1,chon1284,Chong,134,phit.A phla:t.C,phonetic,fault,,< T,,
16-770-834-1,chon1284,Chong,1293,thɔ:.C phit.A phla:t.C,phonetic,"mistake, error",,< T,,
16-780-834-1,chon1284,Chong,381,tih.A,phonetic,blame,,< T,,
16-790-834-1,chon1284,Chong,1687,jok.C ʔɨt.A phəj.C,phonetic,praise,,,,
16-810-834-1,chon1284,Chong,1427,mɔʔ.A,phonetic,beautiful,,,,
16-820-834-1,chon1284,Chong,1548,na:.C kliat.A,phonetic,ugly,,< T,,
16-830-834-1,chon1284,Chong,2018,təklaʔ.A,phonetic,greedy,,< T,,
16-840-834-1,chon1284,Chong,1310,chəla:t.A,phonetic,clever,,< T,,
17-110-834-1,chon1284,Chong,1562,saj.A caj.A,phonetic,mind,,< T,,
17-130-834-1,chon1284,Chong,1415,krɨk.A krɔ:ŋ.A,phonetic,think (= reflect),,< T,,
17-140-834-1,chon1284,Chong,1513,khit.C,phonetic,think (= be of the opinion),,< T,,
17-150-834-1,chon1284,Chong,1890,chɨa.C,phonetic,believe,,< T,,
17-160-834-1,chon1284,Chong,1536,khaw.C caj.A,phonetic,understand,,< T,,
17-170-834-1,chon1284,Chong,1410,khah.A,phonetic,know,,,,
17-172-834-1,chon1284,Chong,117,ʔo:c.A ja:ŋ.A,phonetic,imitate,,,,
17-180-834-1,chon1284,Chong,1521,rəj.C mɨan.A,phonetic,seem,,< T,,
17-190-834-1,chon1284,Chong,1609,khit.C,phonetic,"idea, notion",,< T,,
17-210-834-1,chon1284,Chong,698,chəla:t.A,phonetic,wise,,< T,,
17-220-834-1,chon1284,Chong,1518,ŋo:.C,phonetic,"foolish, stupid",,< T,,
17-230-834-1,chon1284,Chong,1899,ba:.C,phonetic,"insane, crazy",,< T,,
17-240-834-1,chon1284,Chong,504,rian.C ʔɨt.A khah.A,phonetic,learn,,< T,,
17-242-834-1,chon1284,Chong,1929,rian.C,phonetic,study,,< T,,
17-250-834-1,chon1284,Chong,709,kəto:.A,phonetic,teach,,,,
17-260-834-1,chon1284,Chong,753,ne:w.B rian.C,phonetic,pupil,,< T,,
17-270-834-1,chon1284,Chong,1038,khru:.C,phonetic,teacher,,< T,,
17-280-834-1,chon1284,Chong,673,roŋ.C rian.C,phonetic,school,,< T,,
17-310-834-1,chon1284,Chong,707,cam.A,phonetic,remember,,< T,,
17-320-834-1,chon1284,Chong,1523,wi:ŋ.A,phonetic,forget,,,,
17-340-834-1,chon1284,Chong,989,chət.C,phonetic,"clear, plain",,< T,,
17-350-834-1,chon1284,Chong,1764,ʔi chət.C ʔiʔ.A,phonetic,obscure,,,,
17-360-834-1,chon1284,Chong,1121,fa:m.A lap.C,phonetic,secret,,< T,,
17-370-834-1,chon1284,Chong,509,nɛ:.C caj.A,phonetic,"sure, certain",,< T,,
17-410-834-1,chon1284,Chong,1162,ce:t.A tana:.A,phonetic,"intention, purpose",,< T,,
17-420-834-1,chon1284,Chong,860,sa:.A he:t.C,phonetic,cause,,< T,,
17-430-834-1,chon1284,Chong,1308,sɔŋ.A saj.A,phonetic,doubt,,< T,,
17-441-834-1,chon1284,Chong,1902,thɔ:.A la jot.A,phonetic,betray,,< T,,
17-450-834-1,chon1284,Chong,643,wa:ŋ.B ʔi:n.A,phonetic,"need, necessity",,,,
17-460-834-1,chon1284,Chong,686,ŋa:j.C,phonetic,easy,,< T,,
17-470-834-1,chon1284,Chong,584,ja:k.C,phonetic,difficult,,< T,,
17-480-834-1,chon1284,Chong,1812,phaja: ja:m.A,phonetic,"try, attempt",,< T,,
17-490-834-1,chon1284,Chong,488,tha:.C tha:ŋ.C,phonetic,"way, manner",,< T,,
17-510-834-1,chon1284,Chong,1577,mɔ:ŋ.C,phonetic,and,,,,
17-520-834-1,chon1284,Chong,1157,phrɔʔ.C,phonetic,because,,< T,,
17-530-834-1,chon1284,Chong,1459,tha:.C,phonetic,if,,< T,,
17-540-834-1,chon1284,Chong,1014,rɨʔ.A,phonetic,or,,< T,,
17-550-834-1,chon1284,Chong,1268,chəj.C,phonetic,"yes, affirmative",,< T,,
17-560-834-1,chon1284,Chong,1269,ʔi.A chəj.C ʔiʔ.A T?,phonetic,"no, negative",,,,
17-610-834-1,chon1284,Chong,1239,jaŋ.C ʔih.A + T,phonetic,how?,,,,
17-620-834-1,chon1284,Chong,822,moj.C ʔih.A,phonetic,how many?,,,,
17-630-834-1,chon1284,Chong,531,moj.C ʔih.A,phonetic,how much?,,,,
17-640-834-1,chon1284,Chong,1236,kəpiʔ.A,phonetic,what?,,,,
17-650-834-1,chon1284,Chong,1238,nəʔih.A,phonetic,when?,,,,
17-660-834-1,chon1284,Chong,1237,pənih.A,phonetic,where?,,,,
17-670-834-1,chon1284,Chong,727,tuanih.A,phonetic,which?,,,,
17-680-834-1,chon1284,Chong,1235,ʔimih.A,phonetic,who?,,,,
17-690-834-1,chon1284,Chong,1270,tho:.C ʔih.A,phonetic,why?,,,,
18-110-834-1,chon1284,Chong,1363,saŋ.A siaŋ.A,phonetic,voice,,< T,,
18-120-834-1,chon1284,Chong,1261,rɨʔ.A phle:ŋ.C +T,phonetic,sing,,,,
18-130-834-1,chon1284,Chong,715,ku:.A,phonetic,"shout, cry out",,,,
18-130-834-2,chon1284,Chong,715,təko:n.A,phonetic,"shout, cry out",,,,
18-150-834-1,chon1284,Chong,55,sip.A kəsiaw.A,phonetic,whisper,,< T +,,
18-160-834-1,chon1284,Chong,128,khu:j.A ləŋum.A R?,phonetic,mumble,,,,
18-170-834-1,chon1284,Chong,1025,huac.A,phonetic,whistle,,,,
18-180-834-1,chon1284,Chong,298,khla:.C,phonetic,"shriek, screech",,,,
18-190-834-1,chon1284,Chong,526,lu:.A,phonetic,howl,,< KMR,,
18-210-834-1,chon1284,Chong,1623,phu:t.C khu:j.A sa:.A,phonetic,"speak, talk",,< T,,
18-211-834-1,chon1284,Chong,1866,phu:t.C tit.A ʔaŋ.A T+,phonetic,"stutter, stammer",,,,
18-220-834-1,chon1284,Chong,1458,phu:t.C,phonetic,say,,< T,,
18-221-834-1,chon1284,Chong,1711,law.C rɨaŋ.C,phonetic,tell story,,< T,,
18-230-834-1,chon1284,Chong,48,phle:w.B,phonetic,silent (be),,,,
18-240-834-1,chon1284,Chong,1307,pha:.C sa:.A,phonetic,language,,< T,,
18-260-834-1,chon1284,Chong,1599,kəniʔ.C,phonetic,word,,,,
18-280-834-1,chon1284,Chong,1405,chɨ:.C,phonetic,name,,< T,,
18-310-834-1,chon1284,Chong,1309,tha:m.A,phonetic,"ask (question, inquire)",,< T,,
18-320-834-1,chon1284,Chong,1275,kəńa:j.C,phonetic,answer,,,,
18-330-834-1,chon1284,Chong,2022,jɔ:m.C rap.C,phonetic,"admit, confess",,< T,,
18-340-834-1,chon1284,Chong,755,jɔ:m.C rap.C ʔĳɔh.A  T+,phonetic,deny,,,,
18-350-834-1,chon1284,Chong,1828,lu:m.C,phonetic,"ask, request",,,,
18-360-834-1,chon1284,Chong,1675,san.A ja:A,phonetic,promise,,< T,,
18-380-834-1,chon1284,Chong,83,ha:m.A,phonetic,forbid,,< T,,
18-390-834-1,chon1284,Chong,299,tih.A tian.A,phonetic,"rebuke, scold",,< T,,
18-410-834-1,chon1284,Chong,1084,plap.A,phonetic,call (=summon),,,,
18-420-834-1,chon1284,Chong,180,khe:w.A,phonetic,call (=name),,,,
18-430-834-1,chon1284,Chong,9,pəka:t.A,phonetic,announce,,< T,,
18-440-834-1,chon1284,Chong,1192,khu:.A,phonetic,threaten,,< T,,
18-450-834-1,chon1284,Chong,101,ʔuat.A,phonetic,boast,,< T,,
18-510-834-1,chon1284,Chong,1672,khian.A,phonetic,write,,< T,,
18-520-834-1,chon1284,Chong,724,ʔa:n.A,phonetic,read,,< T,,
18-560-834-1,chon1284,Chong,648,kəda:t.A,phonetic,paper,,< T,,
18-570-834-1,chon1284,Chong,794,pa:k.A ka:.A,phonetic,pen,,< T,,
18-610-834-1,chon1284,Chong,963,naŋ.C sɨ:.A,phonetic,book,,< T,,
18-710-834-1,chon1284,Chong,777,khluj.A,phonetic,flute,,< T,,
18-720-834-1,chon1284,Chong,908,kəpho:n.C,phonetic,drum,,,,
18-730-834-1,chon1284,Chong,2136,klɛ:.A,phonetic,"horn, trumpet",,< T,,
18-740-834-1,chon1284,Chong,300,rua.A,phonetic,rattle,,< T,,
19-120-834-1,chon1284,Chong,89,suk.A kə:t.A,phonetic,one's native country,,,,
19-150-834-1,chon1284,Chong,1391,mɨaŋ.C,phonetic,"city, town",,< T,,
19-160-834-1,chon1284,Chong,930,suk.A hɛ:ŋ.A,phonetic,village,,,,
19-170-834-1,chon1284,Chong,1010,khe:t.C dɛ:n.A,phonetic,boundary,,< T,,
19-210-834-1,chon1284,Chong,789,chɔ:ŋ.D suk.A,phonetic,people (populace),,,,
19-230-834-1,chon1284,Chong,302,law.A kɔ:.A nɔ:.A nɛ:w.A,phonetic,"tribe, clan",,,,
19-240-834-1,chon1284,Chong,301,chɔ:ŋ.D nam.D,phonetic,"chief, chieftain",,,,
19-250-834-1,chon1284,Chong,1296,kərɨt.A,phonetic,"staff, walking stick",,,,
19-310-834-1,chon1284,Chong,1846,rəj.C thaŋ.C,phonetic,"rule, govern",,,,
19-320-834-1,chon1284,Chong,1508,ca:w.C fa:.A,phonetic,"king, ruler",,< T,,
19-330-834-1,chon1284,Chong,1306,ca:w.C fa:.A,phonetic,queen,,< T,,
19-360-834-1,chon1284,Chong,482,khun.A na:ŋ.A,phonetic,"noble, nobleman",,< T,,
19-370-834-1,chon1284,Chong,1032,chɔ:ŋ.D suk.A,phonetic,"citizen, subject",,,,
19-430-834-1,chon1284,Chong,255,phəjɔ:m.A,phonetic,servant,,,,
19-440-834-1,chon1284,Chong,384,chɔ:ŋ.D phise:t.A,phonetic,freeman,,< T,,
19-450-834-1,chon1284,Chong,1128,kədam.A,phonetic,"command, order",,,,
19-460-834-1,chon1284,Chong,1635,chɨa.C dak.A,phonetic,obey,,,,
19-470-834-1,chon1284,Chong,1003,ʔɨt.A dak.A,phonetic,"let, permit",,,,
19-510-834-1,chon1284,Chong,1325,phɨan.C,phonetic,"friend, companion",,< T,,
19-520-834-1,chon1284,Chong,1358,phaja:ma:n.A,phonetic,enemy,,,,
19-540-834-1,chon1284,Chong,1332,chɔ:ŋ.D suk.A,phonetic,neighbor,,,,
19-550-834-1,chon1284,Chong,791,chɔ:ŋ.D plɛ:k.B ŋa:j.C,phonetic,stranger,,,,
19-560-834-1,chon1284,Chong,1782,kəme:.A,phonetic,guest,,,,
19-570-834-1,chon1284,Chong,1545,na:j.C tɔŋ.A,phonetic,host,,,,
19-580-834-1,chon1284,Chong,1897,chuaj.C lɨa.A sa:.A,phonetic,"help, aid",,< T,,
19-590-834-1,chon1284,Chong,1550,kak.A ʔɔ:ń.A,phonetic,"hinder, prevent",,< T,,
19-610-834-1,chon1284,Chong,1747,pəphe:ni:.A,phonetic,custom,,< T,,
19-620-834-1,chon1284,Chong,1848,wi:.A wa:t.A sa:.A,phonetic,"strife, quarrel",,< T,,
19-630-834-1,chon1284,Chong,2024,wa:ŋ.A phɛ:n.A,phonetic,"conspiracy, plot",,< T,,
19-650-834-1,chon1284,Chong,1831,cəʔ.A sa:.A,phonetic,meet,,,,
20-110-834-1,chon1284,Chong,1423,rop.C sa:.A,phonetic,fight (vb),,< T,,
20-130-834-1,chon1284,Chong,579,soŋ.A khra:m.A,phonetic,"war, battle",,< T,,
20-140-834-1,chon1284,Chong,1338,kɨj.A jaŋ.C səŋɔp.A,phonetic,peace,,< T,,
20-150-834-1,chon1284,Chong,1561,kɔ:ŋ.A thap.C,phonetic,army,,< T,,
20-170-834-1,chon1284,Chong,1941,thəha:n.A,phonetic,soldier,,< T,,
20-220-834-1,chon1284,Chong,1763,ʔu:t.A kəkhu:c.C,phonetic,club,,,,
20-222-834-1,chon1284,Chong,386,kəta:n.A,phonetic,battle-ax,,,,
20-240-834-1,chon1284,Chong,994,khəna:j.A,phonetic,bow,,,,
20-260-834-1,chon1284,Chong,945,hɔ:k.A,phonetic,spear,,< T,,
20-270-834-1,chon1284,Chong,1535,ca:t.B da:w.A,phonetic,sword,,< T,,
20-280-834-1,chon1284,Chong,1566,kəphlə:ŋ.A,phonetic,"gun, cannon",,< KMR,,
20-410-834-1,chon1284,Chong,783,khənah.A hɛ:ŋ.A,phonetic,victory,,< T,,
20-420-834-1,chon1284,Chong,782,khənah.A dak.A,phonetic,defeat,,,,
20-430-834-1,chon1284,Chong,722,buk.A cɛ:n.B,phonetic,attack,,,,
20-440-834-1,chon1284,Chong,1330,kak.A ʔo:c.A ʔɔ:ń.A,phonetic,defend,,,,
20-450-834-1,chon1284,Chong,421,thɔ:j.A laŋ.A klap.A,phonetic,retreat,,< T +,,
20-460-834-1,chon1284,Chong,1696,jɔ:m.C phɛ:.C,phonetic,surrender,,< T,,
20-470-834-1,chon1284,Chong,1072,ʔo:c.A cəkhɨŋ.A ʔɔ:ń.A,phonetic,"captive, prisoner",,,,
20-471-834-1,chon1284,Chong,1940,kɨj.A ja:m.C +T,phonetic,"guard, sentinel",,,,
20-480-834-1,chon1284,Chong,1022,khɔ:ŋ.A chɔ:ŋ.D co:j.A,phonetic,"booty, spoils",,,,
20-490-834-1,chon1284,Chong,65,dak.A məho:c.A hɛ:ŋ.A,phonetic,ambush,,< T +,,
20-510-834-1,chon1284,Chong,1858,chɔ:ŋ.D wət.C me:w.D,phonetic,fisherman,,,,
20-530-834-1,chon1284,Chong,19,se:.A phi:ŋ.A,phonetic,fishing line,,,,
20-540-834-1,chon1284,Chong,388,khənɛń.A,phonetic,fishnet,,,,
20-560-834-1,chon1284,Chong,2013,khɔ:ŋ.A lɔ:.C,phonetic,bait,,,,
20-610-834-1,chon1284,Chong,1435,cak.A,phonetic,hunt,,,,
20-620-834-1,chon1284,Chong,1172,cak.A,phonetic,shoot,,,,
20-630-834-1,chon1284,Chong,161,cak.A phit.A,phonetic,miss (target),,,,
20-640-834-1,chon1284,Chong,1075,kəkhup.C,phonetic,trap (noun),,,,
20-650-834-1,chon1284,Chong,1170,thɔ:.C khup.C,phonetic,trap (vb),,,,
21-160-834-1,chon1284,Chong,1818,tat.A sin.A,phonetic,judge (vb),,< T,,
21-170-834-1,chon1284,Chong,1067,ka:n.A tat.A sin.A,phonetic,judgment,,< T,,
21-210-834-1,chon1284,Chong,2020,chɔ:ŋ.D ʔi:n.A thuk.C,phonetic,plaintiff,,,,
21-220-834-1,chon1284,Chong,1034,klaw ha:.A hɛ:ŋ.A,phonetic,defendant,,,,
21-230-834-1,chon1284,Chong,1144,phəja:n.A,phonetic,witness,,< T,,
21-240-834-1,chon1284,Chong,1939,sa:.A ba:n.A,phonetic,swear,,< T,,
21-310-834-1,chon1284,Chong,1814,saj.A ra:j.A hɛ:ŋ.A,phonetic,accuse,,,,
21-320-834-1,chon1284,Chong,484,dak.A chən.C hɛ:ŋ.A,phonetic,condemn,,,,
21-330-834-1,chon1284,Chong,983,tat.A sin.A lok.A tua.A hɛ:ŋ.A phit.A,phonetic,convict (vb),,< T +,,
21-340-834-1,chon1284,Chong,988,ʔɨt.A phon.C tho:t.A,phonetic,acquit,,,,
21-360-834-1,chon1284,Chong,90,khah.A pəsa:.A ʔiʔ.A,phonetic,innocent,,,,
21-370-834-1,chon1284,Chong,390,ka:n.A loŋ.C tho:t.C,phonetic,"penalty, punishment",,< T,,
21-380-834-1,chon1284,Chong,218,kha:.C prap.A,phonetic,fine,,< T,,
21-390-834-1,chon1284,Chong,1281,khuk.C,phonetic,"prison, jail",,< T,,
21-420-834-1,chon1284,Chong,845,məho:c.A,phonetic,murder,,,,
21-430-834-1,chon1284,Chong,902,səha:j.A,phonetic,adultery,,,,
21-440-834-1,chon1284,Chong,953,khom.A khɨ:n.A,phonetic,rape,,< T,,
21-460-834-1,chon1284,Chong,1889,lu:c.C cut.A phle:w.C,phonetic,arson,,,,
21-470-834-1,chon1284,Chong,1792,ʔɨt.A ka:n.A pɔt.A,phonetic,perjury,,,,
21-510-834-1,chon1284,Chong,713,lu:c.C,phonetic,steal,,,,
21-520-834-1,chon1284,Chong,1160,chɔ:ŋ.D lu:c.C,phonetic,thief,,,,
22-110-834-1,chon1284,Chong,661,sa:t.A sana:.A,phonetic,religion,,< T,,
22-120-834-1,chon1284,Chong,1944,phraʔ.C ca:w.A,phonetic,God,,< T,,
22-130-834-1,chon1284,Chong,911,bo:t.A,phonetic,"temple, church",,< T,,
22-130-834-2,chon1284,Chong,911,wət.C,phonetic,"temple, church",,< T,,
22-140-834-1,chon1284,Chong,853,thi:.C bu:cha:.C,phonetic,altar,,< T,,
22-150-834-1,chon1284,Chong,1103,khɨaŋ.C su:c.A,phonetic,"sacrifice, offering",,< T +,,
22-160-834-1,chon1284,Chong,257,khɨaŋ.A bu:cha:.C,phonetic,worship,,< T,,
22-170-834-1,chon1284,Chong,24,suat.C mon.C,phonetic,pray,,< T,,
22-180-834-1,chon1284,Chong,852,phraʔ.A sɔŋ.A,phonetic,priest,,< T,,
22-190-834-1,chon1284,Chong,1702,sak.A sit.A di:.A,phonetic,"holy, sacred",,< T,,
22-220-834-1,chon1284,Chong,304,the:t.C,phonetic,preach,,< T,,
22-230-834-1,chon1284,Chong,391,ʔɨt.A si:n.A ʔɨt.A phɔ:n.C,phonetic,bless,,,,
22-240-834-1,chon1284,Chong,8,po:j.A,phonetic,curse,,,,
22-260-834-1,chon1284,Chong,303,ʔɔt.A ja:k.A  T+,phonetic,fast (vb),,,,
22-310-834-1,chon1284,Chong,1565,səwan.A,phonetic,heaven,,< T,,
22-320-834-1,chon1284,Chong,878,nəlok.C,phonetic,hell,,< T,,
22-350-834-1,chon1284,Chong,1973,di:.A sa:t.A,phonetic,demon (evil spirit),,< T,,
22-350-834-2,chon1284,Chong,1973,khəmu:c.B,phonetic,demon (evil spirit),,< T,,
22-420-834-1,chon1284,Chong,392,khətha:.A,phonetic,"magic, witchcraft, sorcery",,< T,,
22-430-834-1,chon1284,Chong,2137,mɔ:.A thɔ:j.A khəmu:c.B,phonetic,"sorcerer, witch",,,,
22-440-834-1,chon1284,Chong,2138,na:ŋ.A ʔu:t.A tə khi:w.C,phonetic,"fairy, elf",,,,
22-450-834-1,chon1284,Chong,1175,khəmu:c.B,phonetic,"ghost, phantom",,,,
22-470-834-1,chon1284,Chong,107,kit.C khəj.C hə:j.A,phonetic,"omen, portent",,,,
