ID,Language_ID,Language_name,Parameter_ID,Value,Transcription,Concept,Source,Comment,AlternativeValue,AlternativeTranscription
14-320-146-1,mans1258,Mansi,1852,sawsʸos,Phonemic,often,,,,
14-320-146-3,mans1258,Mansi,1852,watixal,Phonemic,often,,,,
14-310-146-1,mans1258,Mansi,1676,akwpʸisɨɣ,Phonemic,always,,,,
14-310-146-3,mans1258,Mansi,1676,kasɨŋ por̃at,Phonemic,always,,,,
14-310-146-5,mans1258,Mansi,1676,akwaɣ,Phonemic,always,,,,
14-290-146-1,mans1258,Mansi,790,astum,Phonemic,ready,,,,
14-290-146-3,mans1258,Mansi,790,astlum,Phonemic,ready,,,,
14-290-146-5,mans1258,Mansi,790,sʸapʸitɨm,Phonemic,ready,,,,
14-280-146-1,mans1258,Mansi,1928,xot poytaŋkwʸe,Phonemic,"cease, stop",,,,
14-270-146-1,mans1258,Mansi,1766,astuŋkwʸe,Phonemic,finish,,,,
14-270-146-3,mans1258,Mansi,1766,astlaŋkwʸe,Phonemic,finish,,,,
14-260-146-1,mans1258,Mansi,743,yuwowɨl,Phonemic,end (temporal),,,,
14-252-146-1,mans1258,Mansi,1186,xosa oluŋkwʸe,Phonemic,"last, endure",,,,
14-250-146-1,mans1258,Mansi,1806,owaltaŋkwʸe,Phonemic,"begin, beginning",,,,
14-250-146-3,mans1258,Mansi,1806,owal,Phonemic,"begin, beginning",,,,
14-240-146-1,mans1258,Mansi,425,r̃osʸluŋkwʸe,Phonemic,"retard, delay",,,,
14-230-146-1,mans1258,Mansi,754,molʸamlaŋkwʸe,Phonemic,"hasten, hurry",,,,
14-220-146-1,mans1258,Mansi,701,lasʸal,Phonemic,slow,,,,
14-210-146-1,mans1258,Mansi,1631,pʸelpɨsʸ ~ kar̃kam,Phonemic,"swift, fast, quick",,,,
14-190-146-1,mans1258,Mansi,1963,akwtɨsʸos,Phonemic,immediately,,,,
14-190-146-3,mans1258,Mansi,1963,tar̃a molʸax,Phonemic,immediately,,,,
14-180-146-1,mans1258,Mansi,1376,anʸ ~ usʸtɨ,Phonemic,now,,,,
14-170-146-1,mans1258,Mansi,477,yotɨl,Phonemic,late,,,,
14-160-146-1,mans1258,Mansi,672,alpɨl,Phonemic,early,,,,
14-160-146-3,mans1258,Mansi,672,sar̃t,Phonemic,early,,,,
14-150-146-1,mans1258,Mansi,1229,matum,Phonemic,old,,,,
14-150-146-3,mans1258,Mansi,1229,pʸes,Phonemic,old,,,,
14-140-146-1,mans1258,Mansi,1207,manʸlat,Phonemic,young,,,,
14-140-146-3,mans1258,Mansi,1207,manʸ,Phonemic,young,,,,
14-120-146-1,mans1258,Mansi,1789,not,Phonemic,age,,,,
14-120-146-3,mans1258,Mansi,1789,yanɨt,Phonemic,age,,,,
14-130-146-1,mans1258,Mansi,1231,yilʸpʸi,Phonemic,new,,,,
14-110-146-1,mans1258,Mansi,892,por̃a,Phonemic,time,,,,
13-440-146-1,mans1258,Mansi,417,xur̃um pʸis,Phonemic,three times,,,,
13-420-146-1,mans1258,Mansi,1859,xurmʸit,Phonemic,third,,,,
13-380-146-1,mans1258,Mansi,1546,kʸitpʸis ~ kʸitsʸos,Phonemic,two times,,,,
13-370-146-1,mans1258,Mansi,1888,kʸitɨɣ,Phonemic,pair,,,,
13-360-146-1,mans1258,Mansi,1384,kʸitɨt,Phonemic,second,,,,
13-350-146-1,mans1258,Mansi,1529,yuyi-owɨl,Phonemic,last,,,,
13-340-146-1,mans1258,Mansi,728,owɨl ~ sar̃tne mʸinne,Phonemic,first,,,,
13-330-146-1,mans1258,Mansi,1580,akw,Phonemic,"alone, only",,,,
13-330-146-3,mans1258,Mansi,1580,tup akw,Phonemic,"alone, only",,,,
13-330-146-5,mans1258,Mansi,1580,tup,Phonemic,"alone, only",,,,
13-240-146-1,mans1258,Mansi,816,pal ~ sup ~ lompt,Phonemic,half,,,,
13-230-146-1,mans1258,Mansi,779,pal ~ sup ~ lompt,Phonemic,"part, piece",,,,
13-220-146-1,mans1258,Mansi,1624,tatɨl,Phonemic,empty,,,,
13-210-146-1,mans1258,Mansi,1429,taɣlɨŋ,Phonemic,full,,,,
13-190-146-1,mans1258,Mansi,2023,sawʸit,Phonemic,"multitude, crowd",,,,
13-181-146-1,mans1258,Mansi,1241,mosʸsʸa ~ matkʸem ~ towa,Phonemic,some,,,,
13-170-146-1,mans1258,Mansi,1242,mosʸ ~ mosʸsʸa,Phonemic,"little (quantity), few",,,,
13-180-146-1,mans1258,Mansi,1881,towlɨ,Phonemic,enough,,,,
13-160-146-1,mans1258,Mansi,1992,sawnuw,Phonemic,more,,,,
13-150-146-1,mans1258,Mansi,1198,saw,Phonemic,"much, many",,,,
13-140-146-1,mans1258,Mansi,98,kasɨŋ,Phonemic,"every, all",,,,
13-140-146-3,mans1258,Mansi,98,pussɨn,Phonemic,"every, all",,,,
13-107-146-1,mans1258,Mansi,1420,pussɨn lowinʸtaŋkwʸe,Phonemic,count,,,,
13-106-146-1,mans1258,Mansi,1843,sotɨr̃,Phonemic,thousand,,,,
13-105-146-1,mans1258,Mansi,1634,yinɨɣsat,Phonemic,hundred,,,,
13-104-146-1,mans1258,Mansi,1710,xus,Phonemic,twenty,,,,
13-103-146-1,mans1258,Mansi,1709,atxuyplow,Phonemic,fifteen,,,,
13-102-146-1,mans1258,Mansi,1707,kʸitxuyplow,Phonemic,twelve,,,,
13-101-146-1,mans1258,Mansi,1706,akwxuyplow,Phonemic,eleven,,,,
13-100-146-1,mans1258,Mansi,1515,low,Phonemic,ten,,,,
13-90-146-1,mans1258,Mansi,1483,ontolow,Phonemic,nine,,,,
13-80-146-1,mans1258,Mansi,1705,nʸololow,Phonemic,eight,,,,
13-70-146-1,mans1258,Mansi,1704,sat,Phonemic,seven,,,,
13-60-146-1,mans1258,Mansi,1703,xot,Phonemic,six,,,,
13-50-146-1,mans1258,Mansi,493,at,Phonemic,five,,,,
13-40-146-1,mans1258,Mansi,1500,nʸila,Phonemic,four,,,,
13-20-146-1,mans1258,Mansi,1498,kʸit ~ kʸitɨɣ,Phonemic,two,,,,
13-30-146-1,mans1258,Mansi,492,xur̃um,Phonemic,three,,,,
13-10-146-1,mans1258,Mansi,1493,akw ~ akwa,Phonemic,one,,,,
13-0-146-1,mans1258,Mansi,1294,wonʸsʸal ~ nematar̃,Phonemic,"zero, nothing",,,,
12-930-146-1,mans1258,Mansi,1264,pentuŋkwʸe,Phonemic,change,,,,
12-920-146-1,mans1258,Mansi,1558,tamlʸe xur̃ipa,Phonemic,"like, similar",,,,
12-840-146-1,mans1258,Mansi,1048,sʸur̃tmʸil,Phonemic,line,,,,
12-850-146-1,mans1258,Mansi,1667,as,Phonemic,hole,,,,
12-830-146-1,mans1258,Mansi,1845,yeŋta xur̃ɨɣ,Phonemic,"sphere, ball",,,,
12-810-146-1,mans1258,Mansi,1395,yeŋta,Phonemic,round,,,,
12-820-146-1,mans1258,Mansi,1467,yeŋta lak,Phonemic,circle,,,,
12-780-146-1,mans1258,Mansi,850,nʸilasampattap,Phonemic,square,,,,
12-770-146-1,mans1258,Mansi,1367,pʸer̃na ,Phonemic,cross,,,,
12-760-146-1,mans1258,Mansi,192,sampatta,Phonemic,corner,,,,
12-750-146-1,mans1258,Mansi,1071,waŋkr̃ʸep,Phonemic,hook,,,,
12-740-146-1,mans1258,Mansi,297,sowi,Phonemic,crooked,,,,
12-730-146-1,mans1258,Mansi,1404,soxta,Phonemic,straight,,,,
12-710-146-1,mans1258,Mansi,1633,pant,Phonemic,flat,,,,
12-680-146-1,mans1258,Mansi,193,tosam,Phonemic,shallow,,,,
12-670-146-1,mans1258,Mansi,1593,mʸil,Phonemic,deep,,,,
12-650-146-1,mans1258,Mansi,2249,osʸsʸa,Phonemic,thin (in dimension),,,,
12-630-146-1,mans1258,Mansi,1244,osɨŋ,Phonemic,thick (in dimension),,,,
12-620-146-1,mans1258,Mansi,1267,osʸsʸa,Phonemic,narrow,,,,
12-620-146-3,mans1258,Mansi,1267,mar̃um,Phonemic,narrow,,,,
12-610-146-1,mans1258,Mansi,1243,paxwaŋ ~ losʸit,Phonemic,"wide, broad",,,,
12-590-146-1,mans1258,Mansi,1645,watʸi,Phonemic,short,,,,
12-580-146-1,mans1258,Mansi,711,kar̃sʸ ~ lʸulʸiŋ,Phonemic,tall,,,,
12-570-146-1,mans1258,Mansi,1203,xosa,Phonemic,long,,,,
12-560-146-1,mans1258,Mansi,1246,manʸ,Phonemic,"small, little",,,,
12-550-146-1,mans1258,Mansi,1202,yanɨɣ,Phonemic,"large, big",,,,
12-540-146-1,mans1258,Mansi,1506,ar̃talaŋkwʸe,Phonemic,measure,,,,
12-540-146-3,mans1258,Mansi,1506,mʸer̃ʸitaŋkwʸe,Phonemic,measure,,,,
12-530-146-1,mans1258,Mansi,479,yanɨɣmaŋkwʸe,Phonemic,grow,,,,
12-530-146-3,mans1258,Mansi,479,teluŋkwʸe,Phonemic,grow,,,,
12-480-146-1,mans1258,Mansi,1595,mor̃tɨ ma,Phonemic,south,,,,
12-470-146-1,mans1258,Mansi,1598,luyma,Phonemic,north,,,,
12-460-146-1,mans1258,Mansi,1817,nʸor̃ pal,Phonemic,west,,,,
12-460-146-3,mans1258,Mansi,1817,xotal untne yer̃,Phonemic,west,,,,
12-450-146-1,mans1258,Mansi,1877,xotal neɣlane pal,Phonemic,east,,,,
12-430-146-1,mans1258,Mansi,1942,lʸapat,Phonemic,near (adv),,,,
12-440-146-1,mans1258,Mansi,1406,xosat ~ eln,Phonemic,far (adv),,,,
12-420-146-1,mans1258,Mansi,244,wor̃ti-pal,Phonemic,left (side),,,,
12-410-146-1,mans1258,Mansi,1019,yomas-pal ~ xonɨ-pal,Phonemic,right (side),,,,
12-370-146-1,mans1258,Mansi,1093,kotʸilʸ,Phonemic,"middle, center",,,,
12-360-146-1,mans1258,Mansi,682,pal,Phonemic,side,,,,
12-360-146-3,mans1258,Mansi,682,yer̃,Phonemic,side,,,,
12-360-146-5,mans1258,Mansi,682,poxa,Phonemic,side,,,,
12-353-146-1,mans1258,Mansi,863,talʸix,Phonemic,edge,,,,
12-353-146-3,mans1258,Mansi,863,yer̃,Phonemic,edge,,,,
12-353-146-5,mans1258,Mansi,863,wata,Phonemic,edge,,,,
12-352-146-1,mans1258,Mansi,372,pelp,Phonemic,pointed,,,,
12-352-146-3,mans1258,Mansi,372,talʸxaŋ,Phonemic,pointed,,,,
12-350-146-1,mans1258,Mansi,742,owɨl,Phonemic,end,,,,
12-350-146-3,mans1258,Mansi,742,yuwowɨl,Phonemic,end,,,,
12-340-146-1,mans1258,Mansi,690,patta,Phonemic,bottom,,,,
12-320-146-1,mans1258,Mansi,721,talkwa,Phonemic,low,,,,
12-330-146-1,mans1258,Mansi,1753,numʸi-pal,Phonemic,top,,,,
12-330-146-3,mans1258,Mansi,1753,talʸix,Phonemic,top,,,,
12-310-146-1,mans1258,Mansi,1265,kar̃sʸ ~ lʸulʸiŋ,Phonemic,high,,,,
12-270-146-1,mans1258,Mansi,602,tuytuŋkwʸe,Phonemic,"hide, conceal",,,,
12-270-146-3,mans1258,Mansi,602,tuytɨɣlaŋkwʸe,Phonemic,"hide, conceal",,,,
12-250-146-1,mans1258,Mansi,1046,lap-pantuŋkwʸe,Phonemic,"shut, close",,,,
12-250-146-3,mans1258,Mansi,1046,lap-towr̃taŋkwʸe,Phonemic,"shut, close",,,,
12-260-146-1,mans1258,Mansi,761,lepuŋkwʸe,Phonemic,cover,,,,
12-240-146-1,mans1258,Mansi,1156,punsuŋkwʸe,Phonemic,open,,,,
12-232-146-1,mans1258,Mansi,1119,lakkwa-ur̃tuŋkwʸe,Phonemic,divide,,,,
12-230-146-1,mans1258,Mansi,1359,kʸittɨɣ ur̃tuŋkwʸe,Phonemic,separate,,,,
12-220-146-1,mans1258,Mansi,1743,akwan oltuŋkwʸe,Phonemic,"join, unite",,,,
12-212-146-1,mans1258,Mansi,371,nox almaŋkwʸe,Phonemic,pick up,,,,
12-210-146-1,mans1258,Mansi,7,atuŋkwʸe,Phonemic,"collect, gather",,,,
12-210-146-3,mans1258,Mansi,7,watuŋkwʸe,Phonemic,"collect, gather",,,,
12-170-146-1,mans1258,Mansi,838,xulʸtɨm utɨt,Phonemic,"remains, left overs",,,,
12-160-146-1,mans1258,Mansi,987,xulʸtuŋkwʸe,Phonemic,"remain, stay",,,,
12-150-146-1,mans1258,Mansi,1442,lʸulʸuŋkwʸe,Phonemic,stand,,,,
12-140-146-1,mans1258,Mansi,215,xuyuŋkwʸe,Phonemic,lie down,,,,
12-130-146-1,mans1258,Mansi,1416,unluŋkwʸe,Phonemic,sit,,,,
12-120-146-1,mans1258,Mansi,998,punuŋkwʸe,Phonemic,put,,,,
12-120-146-3,mans1258,Mansi,998,tusʸtalaŋkwʸe,Phonemic,put,,,,
12-110-146-1,mans1258,Mansi,723,ma ~ kan,Phonemic,place,,,,
12-80-146-1,mans1258,Mansi,1591,numɨn,Phonemic,"up, above",,,,
12-70-146-1,mans1258,Mansi,1485,yolɨn,Phonemic,under,,,,
12-60-146-1,mans1258,Mansi,762,konɨ-palt,Phonemic,outside,,,,
12-50-146-1,mans1258,Mansi,1606,kʸiwɨr̃t,Phonemic,"inside, in",,,,
12-41-146-1,mans1258,Mansi,1883,kol elɨpal,Phonemic,front,,,,
12-40-146-1,mans1258,Mansi,1882,sar̃t,Phonemic,before,,,,
12-40-146-3,mans1258,Mansi,1882,sar̃tnuw,Phonemic,before,,,,
12-40-146-5,mans1258,Mansi,1882,pʸes por̃at,Phonemic,before,,,,
12-30-146-1,mans1258,Mansi,2094,yoln,Phonemic,"down, below",,,,
12-30-146-3,mans1258,Mansi,2094,yolalʸ,Phonemic,"down, below",,,,
12-20-146-1,mans1258,Mansi,1816,poxat,Phonemic,beside,,,,
12-11-146-1,mans1258,Mansi,1686,yuyil ~ yuyi-palt,Phonemic,behind,,,,
12-10-146-1,mans1258,Mansi,1685,yotɨl ~ tuwɨl,Phonemic,after,,,,
12-10-146-3,mans1258,Mansi,1685,yuyi ~ palt,Phonemic,after,,,,
11-920-146-1,mans1258,Mansi,1098,weskalaŋkwʸe,Phonemic,weigh,,,,
11-910-146-1,mans1258,Mansi,884,ur̃tuŋkwʸe,Phonemic,share (distribute),,,,
11-890-146-1,mans1258,Mansi,1887,tɨntal,Phonemic,cheap,,,,
11-880-146-1,mans1258,Mansi,1426,tɨnaŋ,Phonemic,"dear (costly, expensive)",,,,
11-870-146-1,mans1258,Mansi,657,tɨn,Phonemic,price,,,,
11-860-146-1,mans1258,Mansi,752,lapka,Phonemic,"store, shop",,,,
11-850-146-1,mans1258,Mansi,633,tɨnalaxtan kan,Phonemic,market (place),,,,
11-840-146-1,mans1258,Mansi,1082,wata xum ~ tɨnalaxtan xum,Phonemic,merchant,,,,
11-830-146-1,mans1258,Mansi,2135,tɨnalaxtaŋkwʸe,Phonemic,"trade, barter",,,,
11-820-146-1,mans1258,Mansi,1571,tɨnalaŋkwʸe,Phonemic,sell,,,,
11-810-146-1,mans1258,Mansi,1869,yowtuŋkwʸe,Phonemic,buy,,,,
11-790-146-1,mans1258,Mansi,733,oln seluŋkwʸe,Phonemic,earn,,,,
11-780-146-1,mans1258,Mansi,1122,mʸeta tɨn,Phonemic,wages,,,,
11-770-146-1,mans1258,Mansi,856,mʸetalaŋkwʸe,Phonemic,hire,,,,
11-660-146-1,mans1258,Mansi,1081,lowinʸtupsa,Phonemic,"account, reckoning",,,,
11-650-146-1,mans1258,Mansi,718,oytuŋkwʸe,Phonemic,pay (vb),,,,
11-640-146-1,mans1258,Mansi,1914,ar̃nta ~ saymil,Phonemic,debt,,,,
11-630-146-1,mans1258,Mansi,369,saymʸilaniɣ oluŋkwʸe,Phonemic,owe,,,,
11-630-146-3,mans1258,Mansi,369,ar̃ntaŋiɣ oluŋkwʸe,Phonemic,owe,,,,
11-620-146-1,mans1258,Mansi,1823,ar̃ntaɣ wʸiŋkwʸe,Phonemic,borrow,,,,
11-620-146-3,mans1258,Mansi,1823,saymʸilaɣ woylaŋkwʸe,Phonemic,borrow,,,,
11-610-146-1,mans1258,Mansi,582,saymʸilaɣ mʸiŋkwʸe,Phonemic,lend,,,,
11-610-146-3,mans1258,Mansi,582,ar̃ntaɣ mʸiŋkwʸe,Phonemic,lend,,,,
11-540-146-1,mans1258,Mansi,1774,sʸakar̃,Phonemic,"avaricious, stingy",,,,
11-530-146-1,mans1258,Mansi,1934,nusa,Phonemic,beggar,,,,
11-520-146-1,mans1258,Mansi,1674,nusa,Phonemic,poor,,,,
11-520-146-3,mans1258,Mansi,1674,kunʸar̃,Phonemic,poor,,,,
11-520-146-5,mans1258,Mansi,1674,sottal,Phonemic,poor,,,,
11-510-146-1,mans1258,Mansi,712,sʸoliŋ,Phonemic,rich,,,,
11-440-146-1,mans1258,Mansi,1867,manʸoln ~ ker̃oln,Phonemic,coin,,,,
11-430-146-1,mans1258,Mansi,1559,oln,Phonemic,money,,,,
11-340-146-1,mans1258,Mansi,1095,tar̃ataŋkwʸe,Phonemic,"release, let go",,,,
11-330-146-1,mans1258,Mansi,1660,ustalaŋkwʸe,Phonemic,lose,,,,
11-330-146-3,mans1258,Mansi,1660,ustaŋkwʸe,Phonemic,lose,,,,
11-320-146-1,mans1258,Mansi,719,xontɨɣlaŋkwʸe,Phonemic,find,,,,
11-320-146-3,mans1258,Mansi,719,xontaŋkwʸe,Phonemic,find,,,,
11-310-146-1,mans1258,Mansi,1468,kʸinsuŋkwʸe,Phonemic,"seek, look for",,,,
11-280-146-1,mans1258,Mansi,44,r̃et war̃uŋkwʸe,Phonemic,"harm, injure, damage",,,,
11-270-146-1,mans1258,Mansi,681,raw sakwatuŋkwʸe,Phonemic,destroy,,,,
11-270-146-3,mans1258,Mansi,681,wonʸsʸalɨɣ war̃uŋkwʸe,Phonemic,destroy,,,,
11-250-146-1,mans1258,Mansi,2008,lɨlite neɣilttaluŋkwʸe,Phonemic,"save, rescue",,,,
11-240-146-1,mans1258,Mansi,1997,ur̃ɣalaŋkwʸe,Phonemic,"preserve, look after",,,,
11-220-146-1,mans1258,Mansi,85,yuwlʸe mʸiŋkwʸe,Phonemic,give back,,,,
11-220-146-3,mans1258,Mansi,85,yuwlʸe maylaluŋkwʸe,Phonemic,give back,,,,
11-210-146-1,mans1258,Mansi,1447,mʸiŋkwʸe,Phonemic,give,,,,
11-210-146-3,mans1258,Mansi,1447,mayɣilaluŋkwʸe,Phonemic,give,,,,
11-180-146-1,mans1258,Mansi,738,ut,Phonemic,thing,,,,
11-180-146-3,mans1258,Mansi,738,por̃mas,Phonemic,thing,,,,
11-170-146-1,mans1258,Mansi,1477,onʸsʸuŋkwʸe,Phonemic,"keep, retain",,,,
11-170-146-3,mans1258,Mansi,1477,puwuŋkwʸe,Phonemic,"keep, retain",,,,
11-160-146-1,mans1258,Mansi,694,katnpattuŋkwʸe,Phonemic,"get, obtain",,,,
11-160-146-3,mans1258,Mansi,694,aluŋkwʸe,Phonemic,"get, obtain",,,,
11-150-146-1,mans1258,Mansi,1448,onʸsʸuŋkwʸe,Phonemic,hold,,,,
11-150-146-3,mans1258,Mansi,1448,puwuŋkwʸe,Phonemic,hold,,,,
11-140-146-1,mans1258,Mansi,2021,puwumtaŋkwʸe,Phonemic,"seize, grasp",,,,
11-140-146-3,mans1258,Mansi,2021,konsɨɣtantuŋkwʸe,Phonemic,"seize, grasp",,,,
11-130-146-1,mans1258,Mansi,1749,wʸiŋkwʸe,Phonemic,take,,,,
11-130-146-3,mans1258,Mansi,1749,woylaluŋkwʸe,Phonemic,take,,,,
11-120-146-1,mans1258,Mansi,684,onʸsʸuŋkwʸe,Phonemic,"own, possess",,,,
11-110-146-1,mans1258,Mansi,773,onʸsʸuŋkwʸe,Phonemic,have,,,,
10-920-146-1,mans1258,Mansi,1922,paɣ kwaluŋkwʸe,Phonemic,land (vb),,,,
10-920-146-3,mans1258,Mansi,1922,paɣ puxtɨɣlalɨŋkwʸe,Phonemic,land (vb),,,,
10-890-146-1,mans1258,Mansi,1870,yakar̃,Phonemic,anchor,,,,
10-880-146-1,mans1258,Mansi,786,par̃s,Phonemic,sail (noun),,,,
10-870-146-1,mans1258,Mansi,184,par̃s aŋkwal ~ nayiŋ xap sayt,Phonemic,mast,,,,
10-860-146-1,mans1258,Mansi,108,possum,Phonemic,rudder,,,,
10-852-146-1,mans1258,Mansi,1849,towuŋkwʸe,Phonemic,row (vb),,,,
10-851-146-1,mans1258,Mansi,234,sanstup,Phonemic,paddle (noun),,,,
10-850-146-1,mans1258,Mansi,108,tup,Phonemic,oar,,,,
10-840-146-1,mans1258,Mansi,1664,por̃,Phonemic,raft,,,,
10-831-146-1,mans1258,Mansi,1970,xap,Phonemic,canoe,,,,
10-830-146-1,mans1258,Mansi,1844,xap,Phonemic,boat,,,,
10-810-146-1,mans1258,Mansi,740,nayiŋxap ~ ulʸaŋ xap,Phonemic,ship,,,,
10-760-146-1,mans1258,Mansi,710,lak,Phonemic,wheel,,,,
10-740-146-1,mans1258,Mansi,1011,unsax,Phonemic,bridge,,,,
10-720-146-1,mans1258,Mansi,2252,lʸoŋxyas,Phonemic,path,,,,
10-710-146-1,mans1258,Mansi,667,lʸoŋx,Phonemic,road,,,,
10-670-146-1,mans1258,Mansi,1452,tuyuŋkwʸe,Phonemic,"push, shove",,,,
10-670-146-3,mans1258,Mansi,1452,puwtuŋkwʸe,Phonemic,"push, shove",,,,
10-660-146-1,mans1258,Mansi,367,mʸinuŋkwʸe,Phonemic,ride,,,,
10-660-146-3,mans1258,Mansi,367,yalaŋkwʸe,Phonemic,ride,,,,
10-650-146-1,mans1258,Mansi,741,posuŋkwʸe,Phonemic,drive,,,,
10-640-146-1,mans1258,Mansi,43,wanltaŋkwʸe,Phonemic,lead (vb),,,,
10-640-146-3,mans1258,Mansi,43,totɨɣlaluŋkwʸe,Phonemic,lead (vb),,,,
10-630-146-1,mans1258,Mansi,1127,ketuŋkwʸe,Phonemic,send,,,,
10-630-146-3,mans1258,Mansi,1127,ketɨɣlaluŋkwʸe,Phonemic,send,,,,
10-620-146-1,mans1258,Mansi,692,totuŋkwʸe,Phonemic,bring,,,,
10-615-146-1,mans1258,Mansi,415,xanɨlpattat totɨɣlaŋkwʸe,Phonemic,carry-underarm,,,,
10-614-146-1,mans1258,Mansi,414,puŋk tar̃mɨl totɨɣlaŋkwʸe,Phonemic,carry-on-head,,,,
10-613-146-1,mans1258,Mansi,413,waŋn tar̃mɨl totɨɣlaŋkwʸe,Phonemic,carry-on-shoulder,,,,
10-612-146-1,mans1258,Mansi,412,kat kʸiwɨr̃t totɨɣlaŋkwʸe,Phonemic,carry-in-hand,,,,
10-610-146-1,mans1258,Mansi,700,totuŋkwʸe,Phonemic,carry (bear),,,,
10-610-146-3,mans1258,Mansi,700,alantaŋkwʸe,Phonemic,carry (bear),,,,
10-570-146-1,mans1258,Mansi,749,sʸaltuŋkwʸe,Phonemic,enter,,,,
10-560-146-1,mans1258,Mansi,1778,watimaŋkwʸe,Phonemic,approach,,,,
10-550-146-1,mans1258,Mansi,1387,yoxtuŋkwʸe,Phonemic,"reach, arrive",,,,
10-530-146-1,mans1258,Mansi,1047,posuŋkwʸe,Phonemic,pursue,,,,
10-530-146-3,mans1258,Mansi,1047,nʸawluŋkwʸe,Phonemic,pursue,,,,
10-520-146-1,mans1258,Mansi,1085,ur̃ɣalaŋkwʸe,Phonemic,follow,,,,
10-520-146-3,mans1258,Mansi,1085,nʸawluŋkwʸe,Phonemic,follow,,,,
10-510-146-1,mans1258,Mansi,956,xaytuŋkwʸe,Phonemic,flee,,,,
10-491-146-1,mans1258,Mansi,485,ustalaxtuŋkwʸe,Phonemic,disappear,,,,
10-490-146-1,mans1258,Mansi,1752,kon kwaluŋkwʸe,Phonemic,"go away, depart",,,,
10-481-146-1,mans1258,Mansi,581,yuwle minuŋkwʸe,Phonemic,come back,,,,
10-481-146-3,mans1258,Mansi,581,yuwle yoxtuŋkwʸe,Phonemic,come back,,,,
10-480-146-1,mans1258,Mansi,1446,yoxtuŋkwʸe,Phonemic,come,,,,
10-480-146-3,mans1258,Mansi,1446,yoxtalaŋkwʸe,Phonemic,come,,,,
10-474-146-1,mans1258,Mansi,1107,kon kwalsuŋkwʸe,Phonemic,go out,,,,
10-474-146-3,mans1258,Mansi,1107,kon kwaluŋkwʸe,Phonemic,go out,,,,
10-473-146-1,mans1258,Mansi,2014,yola waɣluŋkwʸe,Phonemic,go down,,,,
10-472-146-1,mans1258,Mansi,1102,xaŋxuŋkwʸe,Phonemic,climb,,,,
10-472-146-3,mans1258,Mansi,1102,xaŋxsuŋkwʸe,Phonemic,climb,,,,
10-470-146-1,mans1258,Mansi,695,yiŋkwʸe,Phonemic,go,,,,
10-470-146-3,mans1258,Mansi,695,minuŋkwʸe,Phonemic,go,,,,
10-470-146-5,mans1258,Mansi,695,yalasaŋkwʸe,Phonemic,go,,,,
10-471-146-1,mans1258,Mansi,705,nox xaŋxɨɣlaluŋkwʸe,Phonemic,go up,,,,
10-471-146-3,mans1258,Mansi,705,nox xaŋxuŋkwʸe,Phonemic,go up,,,,
10-460-146-1,mans1258,Mansi,1519,xaytuŋkwʸe,Phonemic,run,,,,
10-460-146-3,mans1258,Mansi,1519,xaytɨɣtaŋkwʸe,Phonemic,run,,,,
10-451-146-1,mans1258,Mansi,366,noxuŋkwʸe,Phonemic,limp,,,,
10-450-146-1,mans1258,Mansi,1443,yiŋkwʸe,Phonemic,walk,,,,
10-450-146-3,mans1258,Mansi,1443,minuŋkwʸe,Phonemic,walk,,,,
10-450-146-5,mans1258,Mansi,1443,yalasaŋkwʸe,Phonemic,walk,,,,
10-440-146-1,mans1258,Mansi,1879,yikuŋkwʸe,Phonemic,dance,,,,
10-431-146-1,mans1258,Mansi,1135,saŋxwatuŋkwʸe,Phonemic,kick,,,,
10-430-146-1,mans1258,Mansi,1829,por̃ɨɣmaŋkwʸe,Phonemic,"jump, leap",,,,
10-413-146-1,mans1258,Mansi,296,yola xutɨɣlaŋkwʸe,Phonemic,crouch,,,,
10-412-146-1,mans1258,Mansi,66,sans talʸixta lʸulʸuŋkwʸe,Phonemic,kneel,,,,
10-410-146-1,mans1258,Mansi,96,waŋksaŋkwʸe,Phonemic,"creep, crawl",,,,
10-410-146-3,mans1258,Mansi,96,nʸor̃saŋkwʸe,Phonemic,"creep, crawl",,,,
10-380-146-1,mans1258,Mansi,175,wotuŋkwʸe,Phonemic,blow,,,,
10-380-146-3,mans1258,Mansi,175,puwluŋkwʸe,Phonemic,blow,,,,
10-370-146-1,mans1258,Mansi,1441,tɨlamlaŋkwʸe,Phonemic,fly (vb),,,,
10-360-146-1,mans1258,Mansi,787,usuŋkwʸe,Phonemic,sail (vb),,,,
10-360-146-3,mans1258,Mansi,787,usɨɣlaŋkwʸe,Phonemic,sail (vb),,,,
10-352-146-1,mans1258,Mansi,365,r̃awtxatuŋkwʸe,Phonemic,splash,,,,
10-351-146-1,mans1258,Mansi,119,mur̃muŋkwʸe,Phonemic,dive,,,,
10-351-146-3,mans1258,Mansi,119,witn waɣluŋkwʸe,Phonemic,dive,,,,
10-350-146-1,mans1258,Mansi,1439,uyɣalaŋkwʸe,Phonemic,swim,,,,
10-340-146-1,mans1258,Mansi,1574,uyɣalaŋkwʸe,Phonemic,float,,,,
10-330-146-1,mans1258,Mansi,1088,witn patuŋkwʸe,Phonemic,sink,,,,
10-320-146-1,mans1258,Mansi,2003,owuŋkwʸe,Phonemic,flow,,,,
10-260-146-1,mans1258,Mansi,1909,tor̃ɣaltaŋkwʸe,Phonemic,shake,,,,
10-260-146-3,mans1258,Mansi,1909,par̃ɣaŋkwʸe,Phonemic,shake,,,,
10-252-146-1,mans1258,Mansi,702,puwuŋkwʸe,Phonemic,catch (ball),,,,
10-250-146-1,mans1258,Mansi,1456,wosʸkasaŋkwʸe,Phonemic,throw,,,,
10-240-146-1,mans1258,Mansi,2253,pasɣuŋkwʸe,Phonemic,drip,,,,
10-240-146-3,mans1258,Mansi,2253,owuŋkwʸe,Phonemic,drip,,,,
10-230-146-1,mans1258,Mansi,1280,yol patuŋkwʸe,Phonemic,fall,,,,
10-220-146-1,mans1258,Mansi,501,nox almaŋkwʸe,Phonemic,"raise, lift",,,,
10-210-146-1,mans1258,Mansi,568,nox-lʸulʸuŋkwʸe,Phonemic,rise,,,,
10-210-146-3,mans1258,Mansi,568,nox-kwaluŋkwʸe,Phonemic,rise,,,,
10-170-146-1,mans1258,Mansi,430,yoxtaŋkwʸe,Phonemic,twist,,,,
10-160-146-1,mans1258,Mansi,808,yol pattaŋkwʸe,Phonemic,drop (vb),,,,
10-150-146-1,mans1258,Mansi,827,lar̃ɣaltaŋkwʸe,Phonemic,roll,,,,
10-140-146-1,mans1258,Mansi,1113,pʸer̃ʸiɣtaŋkwʸe,Phonemic,"wind, wrap",,,,
10-140-146-3,mans1258,Mansi,1113,manʸiɣtaŋkwʸe,Phonemic,"wind, wrap",,,,
10-130-146-1,mans1258,Mansi,1445,yoŋxɨɣlaluŋkwʸe,Phonemic,turn around,,Respectively: intransitive; transitive,,
10-130-146-3,mans1258,Mansi,1445,pʸer̃ʸiɣtaŋkwʸe,Phonemic,turn around,,Respectively: intransitive; transitive,,
10-120-146-1,mans1258,Mansi,1588,mot nupɨl yoŋxɨɣtɨɣlaluŋkwʸe,Phonemic,turn over,,,,
10-110-146-1,mans1258,Mansi,765,lakwtuŋkwʸe,Phonemic,move,,,,
9-890-146-1,mans1258,Mansi,2001,kellaŋkwʸe,Phonemic,paint (vb),,,,
9-890-146-3,mans1258,Mansi,2001,olʸpɨl sar̃tuŋkwʸe,Phonemic,paint (vb),,,,
9-840-146-1,mans1258,Mansi,1979,tolat,Phonemic,chisel,,,,
9-880-146-1,mans1258,Mansi,647,olʸp,Phonemic,paint (noun),,,,
9-820-146-1,mans1258,Mansi,914,posʸɣane xum,Phonemic,sculptor,,,,
9-810-146-1,mans1258,Mansi,228,posʸɣuŋkwʸe,Phonemic,carve,,,,
9-791-146-1,mans1258,Mansi,360,wotuŋkwʸe,Phonemic,fan (vb),,,,
9-791-146-3,mans1258,Mansi,360,wotlaliɣlaŋkwʸe,Phonemic,fan (vb),,,,
9-780-146-1,mans1258,Mansi,293,xulp,Phonemic,netbag,,,,
9-770-146-1,mans1258,Mansi,195,lapʸi,Phonemic,mat,,,,
9-760-146-1,mans1258,Mansi,1539,xunt,Phonemic,basket,,,,
9-760-146-3,mans1258,Mansi,1539,xasap,Phonemic,basket,,,,
9-750-146-1,mans1258,Mansi,1729,saɣuŋkwʸe,Phonemic,"weave, plait",,,,
9-740-146-1,mans1258,Mansi,604,kumɨska,Phonemic,glass,,,,
9-730-146-1,mans1258,Mansi,1399,r̃akta,Phonemic,clay,,,,
9-720-146-1,mans1258,Mansi,289,posʸɣuŋkwʸe,Phonemic,mold (clay etc),,,,
9-710-146-1,mans1258,Mansi,359,put-anɨ war̃ne xotpa,Phonemic,potter,,,,
9-690-146-1,mans1258,Mansi,358,anax,Phonemic,"tin, tinplate",,,,
9-690-146-3,mans1258,Mansi,358,wowta kʸer̃,Phonemic,"tin, tinplate",,,,
9-680-146-1,mans1258,Mansi,627,axwtas,Phonemic,lead (noun),,,,
9-670-146-1,mans1258,Mansi,621,kʸer̃,Phonemic,iron,,,,
9-660-146-1,mans1258,Mansi,1825,ar̃ɣin,Phonemic,"copper, bronze",,,,
9-650-146-1,mans1258,Mansi,759,sʸalɨɣ oln,Phonemic,silver,,,,
9-640-146-1,mans1258,Mansi,1369,sor̃ni,Phonemic,gold,,,,
9-630-146-1,mans1258,Mansi,211,kʸer̃ sosuŋkwʸe,Phonemic,cast (metals),,,,
9-620-146-1,mans1258,Mansi,1648,kʸer̃ r̃atne poŋxʸi,Phonemic,anvil,,,,
9-610-146-1,mans1258,Mansi,288,kʸer̃ r̃atuŋkwʸe,Phonemic,forge,,,,
9-600-146-1,mans1258,Mansi,1001,kʸer̃ r̃atne xotpa,Phonemic,"smith, blacksmith",,,,
9-560-146-1,mans1258,Mansi,1069,elʸum,Phonemic,glue,,,,
9-500-146-1,mans1258,Mansi,502,kʸer̃solʸ,Phonemic,nail,,,,
9-490-146-1,mans1258,Mansi,1481,yanɨɣ kʸer̃sʸak,Phonemic,hammer,,,,
9-480-146-1,mans1258,Mansi,1948,yiw sar̃tne kʸer̃,Phonemic,saw,,,,
9-461-146-1,mans1258,Mansi,46,tar̃a puwtuŋkwʸe,Phonemic,hollow out,,,,
9-460-146-1,mans1258,Mansi,1501,pasɣuŋkwʸe,Phonemic,bore,,,,
9-440-146-1,mans1258,Mansi,1840,unttuŋkwʸe,Phonemic,build,,,,
9-430-146-1,mans1258,Mansi,1042,kol unttan xotpa,Phonemic,carpenter,,,,
9-422-146-1,mans1258,Mansi,1361,por̃mas,Phonemic,tool,,,,
9-380-146-1,mans1258,Mansi,245,xossup,Phonemic,broom,,,,
9-380-146-3,mans1258,Mansi,245,kur̃asʸ,Phonemic,broom,,,,
9-360-146-1,mans1258,Mansi,1453,lowtuŋkwʸe,Phonemic,wash,,,,
9-360-146-3,mans1258,Mansi,1453,seɣuŋkwʸe,Phonemic,wash,,,,
9-370-146-1,mans1258,Mansi,230,xosɣuŋkwʸe,Phonemic,sweep,,,,
9-350-146-1,mans1258,Mansi,1487,sosuŋkwʸe,Phonemic,pour,,,,
9-350-146-3,mans1258,Mansi,1487,nʸor̃ɨɣtaŋkwʸe,Phonemic,pour,,,,
9-343-146-1,mans1258,Mansi,1414,akwan pasʸir̃talɨɣlaŋkwʸe,Phonemic,"squeeze, wring",,,,
9-342-146-1,mans1258,Mansi,1913,taŋar̃taŋkwʸe,Phonemic,press,,,,
9-342-146-3,mans1258,Mansi,1913,pasʸir̃taŋkwʸe,Phonemic,press,,,,
9-341-146-1,mans1258,Mansi,357,taɣataŋkwʸe,Phonemic,hang up,,,,
9-341-146-3,mans1258,Mansi,357,taɣtalaŋkwʸe,Phonemic,hang up,,,,
9-340-146-1,mans1258,Mansi,38,lepuŋkwʸe,Phonemic,spread out,,,,
9-340-146-3,mans1258,Mansi,38,par̃ŋaltaŋkwʸe,Phonemic,spread out,,,,
9-340-146-5,mans1258,Mansi,38,lakkwa nor̃tantaŋkwʸe,Phonemic,spread out,,,,
9-330-146-1,mans1258,Mansi,1455,xar̃tuŋkwʸe,Phonemic,pull,,,,
9-320-146-1,mans1258,Mansi,214,lakkwa xar̃tuŋkwʸe,Phonemic,stretch,,,,
9-310-146-1,mans1258,Mansi,1449,sar̃tlaŋkwʸe,Phonemic,"rub, wipe",,,,
9-290-146-1,mans1258,Mansi,291,xot nuyɣalaŋkwʸe,Phonemic,"flay, skin",,,,
9-280-146-1,mans1258,Mansi,1735,manɨɣtaŋkwʸe,Phonemic,tear,,,,
9-280-146-3,mans1258,Mansi,1735,manɣasʸlaŋkwʸe,Phonemic,tear,,,,
9-270-146-1,mans1258,Mansi,1437,puwtuŋkwʸe,Phonemic,split,,,,
9-270-146-3,mans1258,Mansi,1437,saɣr̃uŋkwʸe,Phonemic,split,,,,
9-270-146-5,mans1258,Mansi,1437,xaluŋkwʸe,Phonemic,split,,,,
9-261-146-1,mans1258,Mansi,588,sakwalup,Phonemic,broken,,,,
9-260-146-1,mans1258,Mansi,680,sakwataŋkwʸe,Phonemic,break,,,,
9-250-146-1,mans1258,Mansi,677,saɣr̃ap,Phonemic,ax,,,,
9-240-146-1,mans1258,Mansi,356,kitelmʸip kasay,Phonemic,"scissors, shears",,,,
9-230-146-1,mans1258,Mansi,1352,kasay,Phonemic,knife,,,,
9-223-146-1,mans1258,Mansi,1434,tar̃a tusʸtaŋkwʸe,Phonemic,stab,,,,
9-223-146-3,mans1258,Mansi,1434,tar̃a puwtuŋkwʸe,Phonemic,stab,,,,
9-222-146-1,mans1258,Mansi,155,saɣr̃uŋkwʸe,Phonemic,"chop, hew",,,,
9-221-146-1,mans1258,Mansi,355,xot yaktuŋkwʸe,Phonemic,cut down,,,,
9-220-146-1,mans1258,Mansi,1432,yaktuŋkwʸe,Phonemic,cut,,,,
9-220-146-3,mans1258,Mansi,1432,saɣr̃uŋkwʸe,Phonemic,cut,,,,
9-211-146-1,mans1258,Mansi,354,sʸaxnɨl yunɨɣtaŋkwʸe,Phonemic,pound with fist,,,,
9-210-146-1,mans1258,Mansi,2133,yunɨɣtaŋkwʸe,Phonemic,"strike (hit, beat)",,,,
9-210-146-3,mans1258,Mansi,2133,r̃atuŋkwʸe,Phonemic,"strike (hit, beat)",,,,
9-192-146-1,mans1258,Mansi,760,moxlɨl,Phonemic,knot (noun),,,,
9-190-146-1,mans1258,Mansi,1218,kwalɨɣ,Phonemic,"rope, cord",,,,
9-180-146-1,mans1258,Mansi,1627,ker̃kwalɨɣ,Phonemic,chain,,,,
9-161-146-1,mans1258,Mansi,352,losɨtaŋkwʸe,Phonemic,untie,,,,
9-160-146-1,mans1258,Mansi,1917,akwan neɣuŋkwʸe,Phonemic,"tie, bind",,,,
9-150-146-1,mans1258,Mansi,1470,akw kann pʸintlantaŋkwʸe,Phonemic,fold,,,,
9-140-146-1,mans1258,Mansi,2004,xutaltaŋkwʸe,Phonemic,bend,,,,
9-120-146-1,mans1258,Mansi,984,r̃upitaŋkwʸe,Phonemic,work,,,,
9-110-146-1,mans1258,Mansi,2575,war̃uŋkwʸe,Phonemic,"do, make",,,,
8-980-146-1,mans1258,Mansi,641,laxɨs,Phonemic,mushroom,,,,
8-970-146-1,mans1258,Mansi,33,xusxatne ponal,Phonemic,nettle,,,,
8-760-146-1,mans1258,Mansi,345,atɨŋ wʸit,Phonemic,sap,,,,
8-750-146-1,mans1258,Mansi,1204,yiw kʸer̃,Phonemic,bark,,,,
8-740-146-1,mans1258,Mansi,409,towaŋ taɣ,Phonemic,forked branch,,,,
8-730-146-1,mans1258,Mansi,344,yiw taɣatetal,Phonemic,tree trunk,,,,
8-720-146-1,mans1258,Mansi,241,yiw aŋkwal,Phonemic,tree stump,,,,
8-691-146-1,mans1258,Mansi,1124,tur̃pka,Phonemic,pipe,,,,
8-691-146-3,mans1258,Mansi,1124,yiw xoxsa,Phonemic,pipe,,,,
8-690-146-1,mans1258,Mansi,1689,sar̃ xar̃tuŋkwʸe,Phonemic,smoke (tobacco),,,,
8-690-146-3,mans1258,Mansi,1689,xoxsa xar̃tuŋkwʸe,Phonemic,smoke (tobacco),,,,
8-680-146-1,mans1258,Mansi,974,sar̃,Phonemic,tobacco,,,,
8-650-146-1,mans1258,Mansi,1915,xowt,Phonemic,fir,,,,
8-640-146-1,mans1258,Mansi,1740,tar̃ɨɣ,Phonemic,pine,,,,
8-630-146-1,mans1258,Mansi,1855,xalʸ,Phonemic,birch,,,,
8-600-146-1,mans1258,Mansi,906,yiw,Phonemic,tree,,,,
8-570-146-1,mans1258,Mansi,239,xor̃amɨŋ lupta,Phonemic,flower,,,,
8-560-146-1,mans1258,Mansi,628,lupta,Phonemic,leaf,,,,
8-550-146-1,mans1258,Mansi,1531,tow ~ taɣ,Phonemic,branch,,,,
8-540-146-1,mans1258,Mansi,670,tar̃,Phonemic,root,,,,
8-531-146-1,mans1258,Mansi,1486,unttaŋkwʸe,Phonemic,plant (vb),,,,
8-520-146-1,mans1258,Mansi,342,saɣr̃ʸim pum,Phonemic,hay,,,,
8-530-146-1,mans1258,Mansi,653,pum,Phonemic,plant (noun),,,,
8-510-146-1,mans1258,Mansi,606,pum,Phonemic,grass,,,,
8-510-146-3,mans1258,Mansi,606,wansɨ,Phonemic,grass,,,,
8-460-146-1,mans1258,Mansi,60,luw kolas,Phonemic,oats,,,,
8-450-146-1,mans1258,Mansi,23,nos nʸanʸ kolas,Phonemic,rye,,,,
8-430-146-1,mans1258,Mansi,1077,woykan kolas,Phonemic,wheat,,,,
8-420-146-1,mans1258,Mansi,605,kolas,Phonemic,"grain (barley, oats etc)",,,,
8-410-146-1,mans1258,Mansi,611,kolas pum saɣr̃ane por̃a,Phonemic,"crop, harvest",,,,
8-350-146-1,mans1258,Mansi,223,kum,Phonemic,threshing-floor,,,,
8-340-146-1,mans1258,Mansi,285,kolas r̃aw tawr̃ʸiyaŋkwʸe,Phonemic,thresh,,,,
8-330-146-1,mans1258,Mansi,2132,pum saɣr̃ane ker̃,Phonemic,"sickle, scythe",,,,
8-320-146-1,mans1258,Mansi,190,saɣr̃uŋkwʸe,Phonemic,"mow, reap",,,,
8-311-146-1,mans1258,Mansi,714,sam,Phonemic,seed,,,,
8-310-146-1,mans1258,Mansi,748,kolas sam man unttuŋkwʸe,Phonemic,sow,,,,
8-270-146-1,mans1258,Mansi,338,pum kosne yiw,Phonemic,rake,,,,
8-260-146-1,mans1258,Mansi,337,wula,Phonemic,fork,,,,
8-240-146-1,mans1258,Mansi,1901,mant,Phonemic,shovel,,,,
8-230-146-1,mans1258,Mansi,1176,mant,Phonemic,spade,,,,
8-230-146-3,mans1258,Mansi,1176,mantsar̃,Phonemic,spade,,,,
8-212-146-1,mans1258,Mansi,1794,xulɨ,Phonemic,furrow,,,,
8-220-146-1,mans1258,Mansi,1418,xʸiluŋkwʸe,Phonemic,dig,,,,
8-210-146-1,mans1258,Mansi,1921,ma sakwatuŋkwʸe,Phonemic,plow,,,,
8-210-146-3,mans1258,Mansi,1921,ma sakwatane por̃mas,Phonemic,plow,,,,
8-170-146-1,mans1258,Mansi,2002,xulɨ,Phonemic,ditch,,,,
8-160-146-1,mans1258,Mansi,1690,okr̃ot war̃uŋkwʸe,Phonemic,fence,,,,
8-150-146-1,mans1258,Mansi,1541,ma sakwatuŋkwʸe,Phonemic,"cultivate, till",,,,
8-130-146-1,mans1258,Mansi,586,okr̃ot,Phonemic,garden,,,,
8-130-146-3,mans1258,Mansi,586,tepkan,Phonemic,garden,,,,
8-120-146-1,mans1258,Mansi,212,tepkan,Phonemic,field (for cultivation),,,,
8-110-146-1,mans1258,Mansi,979,ma palt r̃upitane xotpa,Phonemic,farmer,,,,
7-620-146-1,mans1258,Mansi,1006,kʸir̃pasʸ,Phonemic,brick,,,,
7-610-146-1,mans1258,Mansi,877,axwtas kol unttan xotpa,Phonemic,mason,,,,
7-570-146-1,mans1258,Mansi,1227,par̃t,Phonemic,board,,,,
7-560-146-1,mans1258,Mansi,281,aŋkwal,Phonemic,"post, pole",,,,
7-560-146-3,mans1258,Mansi,281,sɨr̃,Phonemic,"post, pole",,,,
7-550-146-1,mans1258,Mansi,1132,nor̃,Phonemic,beam,,,,
7-550-146-3,mans1258,Mansi,1132,kolnor̃,Phonemic,beam,,,,
7-520-146-1,mans1258,Mansi,279,pum kolala,Phonemic,thatch,,,,
7-510-146-1,mans1258,Mansi,769,kolala,Phonemic,roof,,,,
7-480-146-1,mans1258,Mansi,205,xur̃a,Phonemic,trough,,,,
7-470-146-1,mans1258,Mansi,745,nor̃ma,Phonemic,shelf,,,,
7-460-146-1,mans1258,Mansi,1273,iswʸesʸa,Phonemic,candle,,,,
7-450-146-1,mans1258,Mansi,2131,lampa,Phonemic,"lamp, torch",,,,
7-440-146-1,mans1258,Mansi,1775,pasan,Phonemic,table,,,,
7-430-146-1,mans1258,Mansi,1476,ulas,Phonemic,chair,,,,
7-422-146-1,mans1258,Mansi,806,lepta,Phonemic,blanket,,,,
7-421-146-1,mans1258,Mansi,1044,ossum,Phonemic,pillow,,,,
7-420-146-1,mans1258,Mansi,1663,xuyne kan,Phonemic,bed,,,,
7-370-146-1,mans1258,Mansi,1464,xaŋxɨltap,Phonemic,ladder,,,,
7-330-146-1,mans1258,Mansi,1305,tur̃pa,Phonemic,chimney,,,,
7-320-146-1,mans1258,Mansi,859,kur̃,Phonemic,stove,,,,
7-310-146-1,mans1258,Mansi,185,kur̃,Phonemic,fireplace,,,,
7-270-146-1,mans1258,Mansi,933,kol yer̃,Phonemic,wall,,,,
7-260-146-1,mans1258,Mansi,1632,kolkan,Phonemic,floor,,,,
7-250-146-1,mans1258,Mansi,1375,išnʸi,Phonemic,window,,,,
7-240-146-1,mans1258,Mansi,1472,tuman nʸelm,Phonemic,key,,,,
7-231-146-1,mans1258,Mansi,1012,awʸi kat,Phonemic,"latch, door-bolt",,,,
7-230-146-1,mans1258,Mansi,1596,tuman,Phonemic,lock (noun),,,,
7-221-146-1,mans1258,Mansi,80,awʸi xusap,Phonemic,"doorpost, jamb",,,,
7-210-146-1,mans1258,Mansi,1450,kolnak,Phonemic,room,,,,
7-220-146-1,mans1258,Mansi,1567,awʸi,Phonemic,"door, gate",,,,
7-220-146-3,mans1258,Mansi,1567,okr̃at awʸi,Phonemic,"door, gate",,,,
7-180-146-1,mans1258,Mansi,335,yalpɨŋ kol,Phonemic,meeting house,,,,
7-150-146-1,mans1258,Mansi,736,kar̃ta kʸiwɨr̃,Phonemic,"yard, court",,,,
7-140-146-1,mans1258,Mansi,1316,par̃sʸent kol,Phonemic,tent,,,,
7-131-146-1,mans1258,Mansi,403,kol,Phonemic,garden-house,,,,
7-130-146-1,mans1258,Mansi,1678,kol,Phonemic,hut,,,,
7-120-146-1,mans1258,Mansi,1252,kol,Phonemic,house,,,,
7-110-146-1,mans1258,Mansi,363,oluŋkwʸe,Phonemic,"dwell, live",,,,
6-960-146-1,mans1258,Mansi,1171,wilʸt susne kʸer̃,Phonemic,mirror,,,,
6-950-146-1,mans1258,Mansi,788,moytak,Phonemic,soap,,,,
6-940-146-1,mans1258,Mansi,1926,ter̃pʸi,Phonemic,ointment,,,,
6-921-146-1,mans1258,Mansi,333,saɣuŋkwʸe,Phonemic,braid,,,,
6-921-146-3,mans1258,Mansi,333,saɣuɣlaluŋkwʸe,Phonemic,braid,,,,
6-910-146-1,mans1258,Mansi,1475,konsup,Phonemic,comb,,,,
6-820-146-1,mans1258,Mansi,1021,wʸilt seɣnut,Phonemic,towel,,,,
6-810-146-1,mans1258,Mansi,332,polx posne sow,Phonemic,"handkerchief, rag",,,,
6-810-146-3,mans1258,Mansi,332,sowlomt,Phonemic,"handkerchief, rag",,,,
6-810-146-5,mans1258,Mansi,332,r̃akasʸi,Phonemic,"handkerchief, rag",,,,
6-770-146-1,mans1258,Mansi,770,palʸ sʸimsʸak,Phonemic,earring,,,,
6-760-146-1,mans1258,Mansi,1860,sakw,Phonemic,bead,,,,
6-750-146-1,mans1258,Mansi,1961,tur̃lops,Phonemic,necklace,,,,
6-740-146-1,mans1258,Mansi,1754,katsor̃ xor̃am,Phonemic,bracelet,,,,
6-720-146-1,mans1258,Mansi,1029,tɨnaŋ axwtas,Phonemic,jewel,,,,
6-710-146-1,mans1258,Mansi,917,xor̃am,Phonemic,"ornament, adornment",,,,
6-630-146-1,mans1258,Mansi,64,r̃usʸ yuntup,Phonemic,pin,,,,
6-620-146-1,mans1258,Mansi,757,kʸeŋan ~ poxlap,Phonemic,button,,,,
6-610-146-1,mans1258,Mansi,1851,sʸep,Phonemic,pocket,,,,
6-580-146-1,mans1258,Mansi,867,tulʸowlaŋ passa,Phonemic,glove,,,,
6-570-146-1,mans1258,Mansi,772,entap,Phonemic,"belt, girdle",,,,
6-550-146-1,mans1258,Mansi,2130,kʸent,Phonemic,"hat, cap",,,,
6-540-146-1,mans1258,Mansi,875,sopʸek man pošmʸek yuntne xum,Phonemic,"shoemaker, cobbler",,,,
6-510-146-1,mans1258,Mansi,1381,sopʸek,Phonemic,shoe,,,,
6-510-146-3,mans1258,Mansi,1381,pošmʸek,Phonemic,shoe,,,,
6-520-146-1,mans1258,Mansi,585,sopʸek,Phonemic,boot,,,,
6-490-146-1,mans1258,Mansi,329,way,Phonemic,"stocking, sock",,,,
6-480-146-1,mans1258,Mansi,809,kasʸ,Phonemic,trousers,,,,
6-460-146-1,mans1258,Mansi,1600,yoli sup oxsa,Phonemic,skirt,,,,
6-450-146-1,mans1258,Mansi,2012,sɨpluw tor̃ ~ tulɨx ~ r̃ak,Phonemic,collar,,,,
6-440-146-1,mans1258,Mansi,1622,xum sup,Phonemic,shirt,,,,
6-430-146-1,mans1258,Mansi,603,watʸi saxʸi,Phonemic,coat,,,,
6-430-146-3,mans1258,Mansi,603,xoptan,Phonemic,coat,,,,
6-420-146-1,mans1258,Mansi,474,ne sup,Phonemic,woman's dress,,,,
6-390-146-1,mans1258,Mansi,157,kellaŋkwʸe,Phonemic,dye,,,,
6-410-146-1,mans1258,Mansi,326,r̃akw masnut,Phonemic,cloak,,,,
6-380-146-1,mans1258,Mansi,1161,setap,Phonemic,thread,,,,
6-380-146-3,mans1258,Mansi,1161,tan,Phonemic,thread,,,,
6-360-146-1,mans1258,Mansi,1382,yuntup,Phonemic,needle,,,,
6-370-146-1,mans1258,Mansi,278,katpasɨɣlap,Phonemic,awl,,,,
6-350-146-1,mans1258,Mansi,1457,yuntuŋkwʸe,Phonemic,sew,,,,
6-330-146-1,mans1258,Mansi,133,tor̃ war̃uŋkwʸe,Phonemic,weave,,,,
6-320-146-1,mans1258,Mansi,277,eŋta,Phonemic,spindle,,,,
6-310-146-1,mans1258,Mansi,121,yeŋtuŋkwʸe,Phonemic,spin,,,,
6-310-146-3,mans1258,Mansi,121,setap saɣuŋkwʸe,Phonemic,spin,,,,
6-290-146-1,mans1258,Mansi,629,sow,Phonemic,leather,,,,
6-280-146-1,mans1258,Mansi,580,uy punaŋ sow,Phonemic,fur,,,,
6-270-146-1,mans1258,Mansi,325,katanka,Phonemic,felt,,,,
6-250-146-1,mans1258,Mansi,1641,yar̃mak,Phonemic,silk,,,,
6-240-146-1,mans1258,Mansi,1850,tor̃,Phonemic,cotton,,,,
6-230-146-1,mans1258,Mansi,916,tor̃,Phonemic,"linen, flax",,,,
6-220-146-1,mans1258,Mansi,964,tor̃,Phonemic,wool,,,,
6-210-146-1,mans1258,Mansi,1616,tor̃,Phonemic,cloth,,,,
6-210-146-3,mans1258,Mansi,1616,nuy,Phonemic,cloth,,,,
6-130-146-1,mans1258,Mansi,881,masnut yuntne xotpa,Phonemic,tailor,,,,
6-120-146-1,mans1258,Mansi,1895,masnut,Phonemic,"clothing, clothes",,,,
6-110-146-1,mans1258,Mansi,158,masxataŋkwʸe,Phonemic,put on (clothes),,,,
5-970-146-1,mans1258,Mansi,744,muŋʸi,Phonemic,egg,,,,
5-940-146-1,mans1258,Mansi,404,pʸiwa,Phonemic,fermented drink,,,,
5-930-146-1,mans1258,Mansi,1639,pʸiwa,Phonemic,beer,,,,
5-920-146-1,mans1258,Mansi,1524,wuna,Phonemic,wine,,,,
5-910-146-1,mans1258,Mansi,941,maɣɨŋ aynut,Phonemic,mead,,,,
5-900-146-1,mans1258,Mansi,731,aynut,Phonemic,"beverage, drink",,,,
5-890-146-1,mans1258,Mansi,1245,miswoy,Phonemic,butter,,,,
5-880-146-1,mans1258,Mansi,1569,war̃ok,Phonemic,cheese,,,,
5-870-146-1,mans1258,Mansi,93,posuŋkwʸe,Phonemic,milk (vb),,,,
5-850-146-1,mans1258,Mansi,862,sakkar̃,Phonemic,sugar,,,,
5-860-146-1,mans1258,Mansi,635,sʸakwit,Phonemic,milk (noun),,,,
5-840-146-1,mans1258,Mansi,942,maɣ,Phonemic,honey,,,,
5-821-146-1,mans1258,Mansi,919,kur̃mʸek,Phonemic,chili pepper,,,,
5-820-146-1,mans1258,Mansi,1385,kur̃mʸek,Phonemic,pepper,,,,
5-810-146-1,mans1258,Mansi,1274,solwal,Phonemic,salt,,,,
5-791-146-1,mans1258,Mansi,323,woy,Phonemic,"grease, fat",,,,
5-790-146-1,mans1258,Mansi,1484,sʸalɨɣ woy,Phonemic,oil,,,,
5-770-146-1,mans1258,Mansi,191,pakwsam,Phonemic,nut,,,,
5-712-146-1,mans1258,Mansi,1966,kar̃ek,Phonemic,bunch,,,,
5-712-146-3,mans1258,Mansi,1966,lak,Phonemic,bunch,,,,
5-712-146-5,mans1258,Mansi,1966,pʸɨlmor̃ʸi,Phonemic,bunch,,,,
5-700-146-1,mans1258,Mansi,593,kar̃topka,Phonemic,potato,,,,
5-650-146-1,mans1258,Mansi,924,sur̃nʸi,Phonemic,vegetables,,,,
5-640-146-1,mans1258,Mansi,1547,kolas,Phonemic,"soup, broth",,,,
5-640-146-3,mans1258,Mansi,1547,ismʸit,Phonemic,"soup, broth",,,,
5-610-146-1,mans1258,Mansi,634,nʸowlʸ,Phonemic,meat,,,,
5-590-146-1,mans1258,Mansi,225,axwtas nal,Phonemic,pestle,,,,
5-580-146-1,mans1258,Mansi,224,axwtas kiwɨr̃,Phonemic,mortar (2),,,,
5-560-146-1,mans1258,Mansi,1033,r̃aw sakwatuŋkwʸe,Phonemic,"crush, grind",,,,
5-550-146-1,mans1258,Mansi,1594,kolas,Phonemic,"meal, flour",,,,
5-550-146-3,mans1258,Mansi,1594,kur̃pa,Phonemic,"meal, flour",,,,
5-540-146-1,mans1258,Mansi,274,nʸanʸ r̃awtuŋkwʸe,Phonemic,knead,,,,
5-530-146-1,mans1258,Mansi,273,nʸanʸ šum,Phonemic,dough,,,,
5-510-146-1,mans1258,Mansi,1368,nʸanʸ,Phonemic,bread,,,,
5-490-146-1,mans1258,Mansi,2017,r̃awtuŋkwʸe,Phonemic,"stir, mix",,,,
5-480-146-1,mans1258,Mansi,1767,osxuŋkwʸe,Phonemic,scrape,,,,
5-470-146-1,mans1258,Mansi,86,sɨstamtaŋkwʸe,Phonemic,"sieve, strain",,,,
5-460-146-1,mans1258,Mansi,275,nʸilʸuŋkwʸe,Phonemic,peel,,,,
5-460-146-3,mans1258,Mansi,275,nuyuŋkwʸe,Phonemic,peel,,,,
5-450-146-1,mans1258,Mansi,1833,etʸi palaɣ tenut,Phonemic,supper,,,,
5-440-146-1,mans1258,Mansi,1833,xotal tenut,Phonemic,dinner,,,,
5-430-146-1,mans1258,Mansi,768,xotal kotʸilʸ tenut,Phonemic,lunch,,,,
5-420-146-1,mans1258,Mansi,1322,sʸay,Phonemic,breakfast,,,,
5-420-146-3,mans1258,Mansi,1322,alpɨl tenut,Phonemic,breakfast,,,,
5-410-146-1,mans1258,Mansi,1526,tenut,Phonemic,meal (a),,,,
5-391-146-1,mans1258,Mansi,272,ker̃kat,Phonemic,tongs,,,,
5-390-146-1,mans1258,Mansi,1302,wulka,Phonemic,fork (2),,,,
5-380-146-1,mans1258,Mansi,1352,kasay,Phonemic,knife (2),,,,
5-370-146-1,mans1258,Mansi,1378,nʸalɨ,Phonemic,spoon,,,,
5-360-146-1,mans1258,Mansi,271,konɨ sʸay anɨ,Phonemic,saucer,,,,
5-350-146-1,mans1258,Mansi,476,anɨ,Phonemic,"cup, drinking vessel",,,,
5-330-146-1,mans1258,Mansi,1530,anɨ,Phonemic,bowl,,,,
5-340-146-1,mans1258,Mansi,270,sulɨput,Phonemic,"pitcher, jug",,,,
5-340-146-3,mans1258,Mansi,270,kur̃ɨska,Phonemic,"pitcher, jug",,,,
5-320-146-1,mans1258,Mansi,480,anɨ,Phonemic,plate,,,,
5-310-146-1,mans1258,Mansi,481,anɨ,Phonemic,dish,,,,
5-280-146-1,mans1258,Mansi,31,pant axwtas anɨ,Phonemic,pan,,,,
5-260-146-1,mans1258,Mansi,1462,kʸiwɨr̃,Phonemic,"pot, cooking vessel",,,,
5-260-146-3,mans1258,Mansi,1462,put,Phonemic,"pot, cooking vessel",,,,
5-270-146-1,mans1258,Mansi,854,axwtas put,Phonemic,kettle,,,,
5-240-146-1,mans1258,Mansi,183,nʸanʸ war̃uŋkwʸe,Phonemic,bake,,,,
5-250-146-1,mans1258,Mansi,1143,kur̃,Phonemic,oven,,,,
5-230-146-1,mans1258,Mansi,2146,sar̃ʸitaŋkwʸe,Phonemic,"roast, fry",,,,
5-220-146-1,mans1258,Mansi,792,paytuŋkwʸe,Phonemic,boil (vb),,,,
5-210-146-1,mans1258,Mansi,1100,put war̃uŋkwʸe,Phonemic,cook,,,,
5-190-146-1,mans1258,Mansi,129,lɨlɨte yar̃tuŋkwʸe,Phonemic,choke,,,,
5-181-146-1,mans1258,Mansi,897,kʸiwɨr̃n pattaŋkwʸe,Phonemic,swallow,,,,
5-180-146-1,mans1258,Mansi,321,towtuŋkwʸe,Phonemic,chew,,,,
5-160-146-1,mans1258,Mansi,1421,sɨpɣuŋkwʸe,Phonemic,suck,,,,
5-160-146-3,mans1258,Mansi,1421,nʸar̃tuŋkwʸe,Phonemic,suck,,,,
5-150-146-1,mans1258,Mansi,848,tur̃ xoxtan,Phonemic,thirst,,,,
5-150-146-3,mans1258,Mansi,848,nʸelum tosne,Phonemic,thirst,,,,
5-141-146-1,mans1258,Mansi,199,tetal,Phonemic,famine,,,,
5-140-146-1,mans1258,Mansi,1864,tetal,Phonemic,hunger,,,,
5-130-146-1,mans1258,Mansi,1401,ayuŋkwʸe,Phonemic,drink,,,,
5-125-146-1,mans1258,Mansi,1728,saym,Phonemic,rotten,,,,
5-124-146-1,mans1258,Mansi,1958,nʸar̃,Phonemic,"green, unripe",,,,
5-123-146-1,mans1258,Mansi,178,ponsum,Phonemic,ripe,,,,
5-123-146-3,mans1258,Mansi,178,poxʸiyim,Phonemic,ripe,,,,
5-122-146-1,mans1258,Mansi,1959,nʸar̃,Phonemic,raw,,,,
5-121-146-1,mans1258,Mansi,269,paytɨm,Phonemic,cooked,,,,
5-121-146-3,mans1258,Mansi,269,astum,Phonemic,cooked,,,,
5-120-146-1,mans1258,Mansi,256,tenut,Phonemic,food,,,,
5-120-146-3,mans1258,Mansi,256,tep,Phonemic,food,,,,
5-110-146-1,mans1258,Mansi,1336,teŋkwʸe,Phonemic,eat,,,,
4-990-146-1,mans1258,Mansi,590,nʸar̃lomt,Phonemic,"naked, bare",,,,
4-970-146-1,mans1258,Mansi,1653,sampʸilʸtal,Phonemic,blind,,,,
4-980-146-1,mans1258,Mansi,1463,ayum,Phonemic,intoxicated,,,,
4-980-146-3,mans1258,Mansi,1463,kusʸ,Phonemic,intoxicated,,,,
4-960-146-1,mans1258,Mansi,1666,nʸelmtal,Phonemic,mute,,,,
4-950-146-1,mans1258,Mansi,996,palʸtal,Phonemic,deaf,,,,
4-930-146-1,mans1258,Mansi,1125,nʸar̃puŋkpattap,Phonemic,bald,,,,
4-940-146-1,mans1258,Mansi,320,noxne,Phonemic,lame,,,,
4-920-146-1,mans1258,Mansi,1564,sawɨŋ,Phonemic,lazy,,,,
4-912-146-1,mans1258,Mansi,168,usʸlax,Phonemic,rest,,,,
4-912-146-3,mans1258,Mansi,168,usʸlaxtaŋkwʸe,Phonemic,rest,,,,
4-910-146-1,mans1258,Mansi,1757,waɣtal patɨm,Phonemic,"tired, weary",,,,
4-890-146-1,mans1258,Mansi,655,xolne ter̃pʸi,Phonemic,poison,,,,
4-880-146-1,mans1258,Mansi,1372,por̃tun,Phonemic,"medicine, drug",,,,
4-870-146-1,mans1258,Mansi,597,pusmaltan xotpa,Phonemic,physician,,,,
4-860-146-1,mans1258,Mansi,499,pulmaltaŋkwʸe,Phonemic,"cure, heal",,,,
4-858-146-1,mans1258,Mansi,497,nʸulmʸi yor̃,Phonemic,scar,,,,
4-857-146-1,mans1258,Mansi,1808,say,Phonemic,pus,,,,
4-856-146-1,mans1258,Mansi,793,say war̃um palɨɣnʸulmʸi,Phonemic,boil (noun),,,,
4-855-146-1,mans1258,Mansi,1584,wʸit xur̃ɨɣ nʸulmʸi,Phonemic,blister,,,,
4-854-146-1,mans1258,Mansi,148,losʸɣʸil-kalʸɣʸil,Phonemic,itch,,,,
4-853-146-1,mans1258,Mansi,1903,puwlaspʸi,Phonemic,swelling,,,,
4-852-146-1,mans1258,Mansi,1148,semlɨɣ yunɨɣtaxtamma,Phonemic,bruise,,,,
4-850-146-1,mans1258,Mansi,1109,nʸulmʸi,Phonemic,"wound, sore",,,,
4-843-146-1,mans1258,Mansi,102,polʸlaxtan aɣm,Phonemic,cold (catarrh),,,,
4-842-146-1,mans1258,Mansi,1957,manʸ kolt oluŋkwʸe,Phonemic,goiter,,,,
4-842-146-3,mans1258,Mansi,1957,uks,Phonemic,goiter,,,,
4-841-146-1,mans1258,Mansi,1534,aɣm r̃ʸeɣ,Phonemic,fever,,,,
4-840-146-1,mans1258,Mansi,1847,aɣmaŋ xotpa,Phonemic,"sick, sickness",,,,
4-840-146-3,mans1258,Mansi,1847,aɣm,Phonemic,"sick, sickness",,,,
4-830-146-1,mans1258,Mansi,1364,pustaɣɨl olne,Phonemic,"well, health",,Respectively: adjective; noun.,,
4-830-146-3,mans1258,Mansi,1364,pustaɣɨl olne sʸir̃,Phonemic,"well, health",,Respectively: adjective; noun.,,
4-820-146-1,mans1258,Mansi,1601,waɣtal,Phonemic,weak,,,,
4-810-146-1,mans1258,Mansi,785,yor̃,Phonemic,"strong, mighty, powerful",,,,
4-790-146-1,mans1258,Mansi,1773,kol,Phonemic,"grave, tomb",,,,
4-780-146-1,mans1258,Mansi,1719,man yola-sʸopʸitaŋkwʸe,Phonemic,bury (the dead),,,,
4-770-146-1,mans1258,Mansi,767,xola,Phonemic,corpse,,,,
4-760-146-1,mans1258,Mansi,1417,alɨŋkwʸe,Phonemic,kill,,,,
4-760-146-3,mans1258,Mansi,1417,aliɣlaluŋkwʸe,Phonemic,kill,,,,
4-751-146-1,mans1258,Mansi,1904,wʸitn sʸaltɨm,Phonemic,drowned,,,,
4-751-146-3,mans1258,Mansi,1904,wʸitn uytuptɨm,Phonemic,drowned,,,,
4-750-146-1,mans1258,Mansi,1494,xoluŋkwʸe,Phonemic,"die, dead",,,,
4-750-146-3,mans1258,Mansi,1494,sor̃umn patuŋkwʸe,Phonemic,"die, dead",,,,
4-750-146-5,mans1258,Mansi,1494,xolum,Phonemic,"die, dead",,,,
4-750-146-7,mans1258,Mansi,1494,sor̃umn patum,Phonemic,"die, dead",,,,
4-740-146-1,mans1258,Mansi,1422,oluŋkwʸe,Phonemic,"live, living, life",,a) Verb b) adjective c) noun.,,
4-740-146-3,mans1258,Mansi,1422,lɨlɨŋ,Phonemic,"live, living, life",,a) Verb b) adjective c) noun.,,
4-740-146-5,mans1258,Mansi,1422,olupsa,Phonemic,"live, living, life",,a) Verb b) adjective c) noun.,,
4-732-146-1,mans1258,Mansi,1087,poytɨmʸiɣ yemtuŋkwʸe,Phonemic,conceive,,,,
4-732-146-3,mans1258,Mansi,1087,pukʸiŋiɣ yemtuŋkwʸe,Phonemic,conceive,,,,
4-730-146-1,mans1258,Mansi,1123,poitɨm ~ pukʸiŋ,Phonemic,pregnant,,,,
4-720-146-1,mans1258,Mansi,1090,samn patuŋkwʸe,Phonemic,born (to be),,,,
4-710-146-1,mans1258,Mansi,1152,nʸawr̃am onʸsʸuŋkwʸe,Phonemic,beget (of father),,,,
4-690-146-1,mans1258,Mansi,138,lowtxatuŋkwʸe,Phonemic,bathe,,,,
4-690-146-3,mans1258,Mansi,138,puɣluŋkwʸe,Phonemic,bathe,,,,
4-680-146-1,mans1258,Mansi,52,tor̃ɣuŋkwʸe,Phonemic,shiver,,,,
4-670-146-1,mans1258,Mansi,1785,utxatuŋkwʸe,Phonemic,have sexual intercourse,,,,
4-660-146-1,mans1258,Mansi,676,posʸ,Phonemic,defecate,,,,
4-650-146-1,mans1258,Mansi,592,kʸisʸuŋkwʸe,Phonemic,urinate,,,,
4-640-146-1,mans1258,Mansi,1159,ponɣuŋkwʸe,Phonemic,break wind,,,,
4-630-146-1,mans1258,Mansi,1602,saykataxtuŋkwʸe,Phonemic,wake up,,,,
4-630-146-3,mans1258,Mansi,1602,nox-saykalaxtuŋkwʸe,Phonemic,wake up,,,,
4-620-146-1,mans1258,Mansi,1920,ulmayaŋkwʸe,Phonemic,dream,,,,
4-612-146-1,mans1258,Mansi,1983,tor̃wʸinʸtaŋkwʸe,Phonemic,snore,,,,
4-610-146-1,mans1258,Mansi,1585,xuyuŋkwʸe,Phonemic,sleep,,,,
4-591-146-1,mans1258,Mansi,268,sʸur̃ɣuŋkwʸe,Phonemic,dribble,,,,
4-590-146-1,mans1258,Mansi,319,nʸolantaŋkwʸe,Phonemic,lick,,,,
4-580-146-1,mans1258,Mansi,1403,pur̃uŋkwʸe,Phonemic,bite,,,,
4-570-146-1,mans1258,Mansi,1278,oxuŋkwʸe,Phonemic,vomit,,,,
4-560-146-1,mans1258,Mansi,1440,polx,Phonemic,spit,,,,
4-560-146-3,mans1258,Mansi,1440,salʸxuŋkwʸe,Phonemic,spit,,,,
4-550-146-1,mans1258,Mansi,126,mulʸmʸiɣtaŋkwʸe,Phonemic,perspire,,,,
4-540-146-1,mans1258,Mansi,1621,nʸaxtuŋkwʸe,Phonemic,sneeze,,,,
4-530-146-1,mans1258,Mansi,879,kakwuŋkwʸe,Phonemic,cough,,,,
4-520-146-1,mans1258,Mansi,1028,usʸinʸtaŋkwʸe,Phonemic,"yawn, gape",,,,
4-520-146-3,mans1258,Mansi,1028,usʸinʸtan,Phonemic,"yawn, gape",,,,
4-510-146-1,mans1258,Mansi,1407,lɨltuŋkwʸe,Phonemic,"breathe, breath",,,,
4-510-146-3,mans1258,Mansi,1407,lɨltne war̃malʸ,Phonemic,"breathe, breath",,,,
4-492-146-1,mans1258,Mansi,1222,kʸisʸ,Phonemic,penis,,,,
4-490-146-1,mans1258,Mansi,797,kʸisʸ,Phonemic,testicle,,,,
4-464-146-1,mans1258,Mansi,834,puy,Phonemic,buttocks,,,,
4-463-146-1,mans1258,Mansi,1745,pʸesʸ poxa,Phonemic,hip,,,,
4-462-146-1,mans1258,Mansi,1681,por̃x,Phonemic,waist,,,,
4-461-146-1,mans1258,Mansi,1991,kʸiwr̃ɨt,Phonemic,"intestines, guts",,,,
4-460-146-1,mans1258,Mansi,819,wosewxur̃ɨɣ,Phonemic,stomach,,,,
4-451-146-1,mans1258,Mansi,489,saŋkwaxwtas,Phonemic,kidney,,,,
4-450-146-1,mans1258,Mansi,1224,mayt,Phonemic,liver,,,,
4-441-146-1,mans1258,Mansi,688,xopsɨ,Phonemic,lung,,,,
4-440-146-1,mans1258,Mansi,1223,sɨm,Phonemic,heart,,,,
4-430-146-1,mans1258,Mansi,1838,pup,Phonemic,navel,,,,
4-420-146-1,mans1258,Mansi,154,mʸis sʸakw xur̃ɨɣ,Phonemic,udder,,,,
4-412-146-1,mans1258,Mansi,796,sʸak,Phonemic,"nipple, teat",,,,
4-410-146-1,mans1258,Mansi,1402,sʸak,Phonemic,breast (of woman),,,,
4-400-146-1,mans1258,Mansi,1592,maɣil,Phonemic,chest,,,,
4-393-146-1,mans1258,Mansi,1201,pun,Phonemic,feather,,,,
4-392-146-1,mans1258,Mansi,1257,towl,Phonemic,wing,,,,
4-380-146-1,mans1258,Mansi,1389,laɣl tulʸowɨl,Phonemic,toe,,,,
4-374-146-1,mans1258,Mansi,318,laɣɨlpatta pos,Phonemic,footprint,,,,
4-372-146-1,mans1258,Mansi,980,yunɣa,Phonemic,heel,,,,
4-370-146-1,mans1258,Mansi,1301,laɣɨlpatta,Phonemic,foot,,,,
4-360-146-1,mans1258,Mansi,1371,sanspuŋk,Phonemic,knee,,,,
4-352-146-1,mans1258,Mansi,498,xaŋr̃atan nʸowlʸit,Phonemic,calf of leg,,,,
4-351-146-1,mans1258,Mansi,800,pʸesʸ,Phonemic,thigh,,,,
4-350-146-1,mans1258,Mansi,1297,laɣɨlsor̃,Phonemic,leg,,,,
4-345-146-1,mans1258,Mansi,72,kons,Phonemic,claw,,,,
4-344-146-1,mans1258,Mansi,1258,laɣl konskʸer̃,Phonemic,fingernail,,,,
4-342-146-1,mans1258,Mansi,1781,laɣl yanɨɣ tulʸowɨl,Phonemic,thumb,,,,
4-340-146-1,mans1258,Mansi,1303,tulʸowɨl,Phonemic,finger,,,,
4-331-146-1,mans1258,Mansi,1183,katpatta,Phonemic,palm of hand,,,,
4-330-146-1,mans1258,Mansi,1277,kat,Phonemic,hand,,,,
4-321-146-1,mans1258,Mansi,799,katsor̃,Phonemic,wrist,,,,
4-320-146-1,mans1258,Mansi,981,konɨlowɨl,Phonemic,elbow,,,,
4-312-146-1,mans1258,Mansi,1886,xanɨlpatta,Phonemic,armpit,,,,
4-312-146-3,mans1258,Mansi,1886,putʸi,Phonemic,armpit,,,,
4-310-146-1,mans1258,Mansi,1673,kat,Phonemic,arm,,,,
4-302-146-1,mans1258,Mansi,1994,waŋnluwnur̃,Phonemic,collarbone,,,,
4-301-146-1,mans1258,Mansi,172,poŋkal,Phonemic,shoulderblade,,,,
4-301-146-3,mans1258,Mansi,172,nʸaxsap,Phonemic,shoulderblade,,,,
4-300-146-1,mans1258,Mansi,1482,waŋn,Phonemic,shoulder,,,,
4-290-146-1,mans1258,Mansi,1346,tur̃,Phonemic,throat,,,,
4-281-146-1,mans1258,Mansi,1347,sʸopr̃ʸi,Phonemic,nape of neck,,,,
4-280-146-1,mans1258,Mansi,1333,sɨpluw,Phonemic,neck,,,,
4-272-146-1,mans1258,Mansi,1049,ulsʸpuŋk,Phonemic,molartooth,,,,
4-272-146-3,mans1258,Mansi,1049,towtnepuŋk,Phonemic,molartooth,,,,
4-272-146-5,mans1258,Mansi,1049,paytpuŋk,Phonemic,molartooth,,,,
4-270-146-1,mans1258,Mansi,1380,puŋk,Phonemic,tooth,,,,
4-271-146-1,mans1258,Mansi,139,puŋknʸowlʸit,Phonemic,gums,,,,
4-260-146-1,mans1258,Mansi,1205,nʸelum,Phonemic,tongue,,,,
4-250-146-1,mans1258,Mansi,478,pʸitʸmʸi,Phonemic,lip,,,,
4-241-146-1,mans1258,Mansi,73,towlɨŋ uy nʸol,Phonemic,beak,,,,
4-240-146-1,mans1258,Mansi,674,sup,Phonemic,mouth,,,,
4-232-146-1,mans1258,Mansi,208,polx,Phonemic,mucus (nasal),,,,
4-231-146-1,mans1258,Mansi,1178,nʸolssamas,Phonemic,nostril,,,,
4-230-146-1,mans1258,Mansi,1221,nʸol,Phonemic,nose,,,,
4-222-146-1,mans1258,Mansi,32,palʸ oŋx,Phonemic,earwax,,,,
4-220-146-1,mans1258,Mansi,1247,palʸ,Phonemic,ear,,,,
4-215-146-1,mans1258,Mansi,1655,r̃apasʸ,Phonemic,blink,,,,
4-215-146-3,mans1258,Mansi,1655,r̃apsʸuŋkwʸe,Phonemic,blink,,,,
4-214-146-1,mans1258,Mansi,1540,sampun,Phonemic,eyelash,,,,
4-213-146-1,mans1258,Mansi,17,samyer̃,Phonemic,eyelid,,,,
4-212-146-1,mans1258,Mansi,1173,sam xulʸm punɨt,Phonemic,eyebrow,,,,
4-210-146-1,mans1258,Mansi,1248,sam,Phonemic,eye,,,,
4-208-146-1,mans1258,Mansi,1730,payt,Phonemic,cheek,,,,
4-209-146-1,mans1258,Mansi,1510,eŋɨn,Phonemic,chin,,,,
4-205-146-1,mans1258,Mansi,123,wʸilʸtyat,Phonemic,forehead,,,,
4-207-146-1,mans1258,Mansi,798,ulsʸ,Phonemic,jaw,,,,
4-204-146-1,mans1258,Mansi,1560,wʸilʸt,Phonemic,face,,,,
4-203-146-1,mans1258,Mansi,1583,walm,Phonemic,brain,,,,
4-201-146-1,mans1258,Mansi,1604,wowtma,Phonemic,"side of head, temple",,,,
4-202-146-1,mans1258,Mansi,1605,puŋkluw,Phonemic,skull,,,,
4-200-146-1,mans1258,Mansi,1256,puŋk,Phonemic,head,,,,
4-191-146-1,mans1258,Mansi,805,sɨsluw,Phonemic,spine,,,,
4-190-146-1,mans1258,Mansi,1291,sɨs,Phonemic,back,,,,
4-180-146-1,mans1258,Mansi,1220,leɣ,Phonemic,tail,,,,
4-170-146-1,mans1258,Mansi,1393,anʸt,Phonemic,horn,,,,
4-162-146-1,mans1258,Mansi,801,oŋtɨl,Phonemic,rib,,,,
4-160-146-1,mans1258,Mansi,1394,luw,Phonemic,bone,,,,
4-151-146-1,mans1258,Mansi,525,kʸelptar̃s,Phonemic,"vein, artery",,,,
4-150-146-1,mans1258,Mansi,946,wɨɣɨr̃,Phonemic,blood,,,,
4-150-146-3,mans1258,Mansi,946,kʸelpa,Phonemic,blood,,,,
4-146-146-1,mans1258,Mansi,576,xalʸp,Phonemic,dandruff,,,,
4-145-146-1,mans1258,Mansi,36,at,Phonemic,pubic hair,,,,
4-144-146-1,mans1258,Mansi,189,at,Phonemic,body hair,,,,
4-142-146-1,mans1258,Mansi,678,tus,Phonemic,beard,,,,
4-140-146-1,mans1258,Mansi,1040,at,Phonemic,hair (head),,,,
4-130-146-1,mans1258,Mansi,2259,nʸowlʸ,Phonemic,flesh,,,,
4-120-146-1,mans1258,Mansi,763,sow,Phonemic,"skin, hide",,,,
4-110-146-1,mans1258,Mansi,1480,alpi,Phonemic,body,,,,
3-960-146-1,mans1258,Mansi,632,osʸsʸaleɣ,Phonemic,lizard,,,,
3-950-146-1,mans1258,Mansi,503,por̃ʸiɣpanekwa,Phonemic,frog,,,,
3-930-146-1,mans1258,Mansi,607,pumtoslup,Phonemic,grasshopper,,,,
3-920-146-1,mans1258,Mansi,1791,lapantɨ,Phonemic,butterfly,,,,
3-850-146-1,mans1258,Mansi,730,yalpɨŋuy,Phonemic,snake,,,,
3-840-146-1,mans1258,Mansi,1219,nʸar̃uy,Phonemic,worm,,,,
3-840-146-3,mans1258,Mansi,1219,matar̃,Phonemic,worm,,,,
3-840-146-5,mans1258,Mansi,1219,woykanuy,Phonemic,worm,,,,
3-832-146-1,mans1258,Mansi,1509,lʸomwoy,Phonemic,mosquito,,,,
3-831-146-1,mans1258,Mansi,95,manʸuy,Phonemic,"sandfly (midge), gnat",,,,
3-831-146-3,mans1258,Mansi,95,lʸomwoy,Phonemic,"sandfly (midge), gnat",,,,
3-830-146-1,mans1258,Mansi,1504,ser̃ʸiwar̃up,Phonemic,fly,,,,
3-823-146-1,mans1258,Mansi,1517,palum,Phonemic,wasp,,,,
3-822-146-1,mans1258,Mansi,88,maɣwar̃up kol,Phonemic,beehive,,,,
3-820-146-1,mans1258,Mansi,665,maɣwar̃up,Phonemic,bee,,,,
3-819-146-1,mans1258,Mansi,1065,nʸimsar̃ pun ~ nʸimsar̃ pats,Phonemic,spider web,,,,
3-818-146-1,mans1258,Mansi,843,nʸimsar̃ekwa,Phonemic,spider,,,,
3-817-146-1,mans1258,Mansi,587,xoswoy,Phonemic,ant,,,,
3-816-146-1,mans1258,Mansi,1575,tar̃akan,Phonemic,cockroach,,,,
3-813-146-1,mans1258,Mansi,232,sus,Phonemic,flea,,,,
3-812-146-1,mans1258,Mansi,267,sanɨɣ,Phonemic,nit (louse egg),,,,
3-811-146-1,mans1258,Mansi,1392,takum,Phonemic,louse,,,,
3-750-146-1,mans1258,Mansi,1936,salɨ,Phonemic,deer,,,,
3-740-146-1,mans1258,Mansi,1312,oxsar̃,Phonemic,fox,,,,
3-730-146-1,mans1258,Mansi,1820,wor̃tolnut,Phonemic,bear,,,,
3-730-146-3,mans1258,Mansi,1820,tor̃ʸew,Phonemic,bear,,,,
3-710-146-1,mans1258,Mansi,522,salɨ pur̃ne uy ~ salɨ uy ~ xaytnut,Phonemic,wolf,,,,
3-655-146-1,mans1258,Mansi,598,kʸer̃,Phonemic,shell,,,,
3-654-146-1,mans1258,Mansi,1916,nʸaxsʸam,Phonemic,gill,,,,
3-653-146-1,mans1258,Mansi,266,sam,Phonemic,fishscale,,,,
3-652-146-1,mans1258,Mansi,213,xul tax,Phonemic,fin (dorsal),,,,
3-650-146-1,mans1258,Mansi,227,xul,Phonemic,fish,,,,
3-630-146-1,mans1258,Mansi,2139,matapr̃ʸisʸ ~ por̃suy,Phonemic,"mouse, rat",,,,
3-630-146-3,mans1258,Mansi,2139,xuntɨlʸ,Phonemic,"mouse, rat",,,,
3-620-146-1,mans1258,Mansi,1208,katʸi,Phonemic,cat,,,,
3-614-146-1,mans1258,Mansi,1136,sowɨr̃,Phonemic,rabbit,,,,
3-610-146-1,mans1258,Mansi,2009,amp,Phonemic,dog,,,,
3-610-146-3,mans1258,Mansi,2009,kutʸuw,Phonemic,dog,,,,
3-596-146-1,mans1258,Mansi,735,maŋkla,Phonemic,owl,,,,
3-596-146-3,mans1258,Mansi,735,yipʸi,Phonemic,owl,,,,
3-593-146-1,mans1258,Mansi,913,ur̃ʸinekwa,Phonemic,crow,,,,
3-592-146-1,mans1258,Mansi,882,yipʸi,Phonemic,parrot,,,,
3-591-146-1,mans1258,Mansi,1793,towlaŋ matapr̃ʸisʸ,Phonemic,bat,,,,
3-585-146-1,mans1258,Mansi,307,xor̃txan,Phonemic,hawk,,,,
3-584-146-1,mans1258,Mansi,1905,yuswoy,Phonemic,eagle,,,,
3-582-146-1,mans1258,Mansi,950,xalew,Phonemic,seagull,,,,
3-583-146-1,mans1258,Mansi,758,tar̃ɨɣ,Phonemic,heron,,,,
3-581-146-1,mans1258,Mansi,937,towlɨŋ uy,Phonemic,bird,,,,
3-580-146-1,mans1258,Mansi,539,pʸitʸi,Phonemic,nest,,,,
3-580-146-3,mans1258,Mansi,539,umʸi,Phonemic,nest,,,,
3-570-146-1,mans1258,Mansi,1360,was,Phonemic,duck,,,,
3-560-146-1,mans1258,Mansi,1187,lunt,Phonemic,goose,,,,
3-550-146-1,mans1258,Mansi,1318,sʸisʸkur̃ʸek koy,Phonemic,chicken,,,,
3-550-146-3,mans1258,Mansi,1318,sʸisʸkur̃ʸek pɨɣr̃ʸisʸ,Phonemic,chicken,,,,
3-540-146-1,mans1258,Mansi,1514,ne sʸisʸkur̃ʸek,Phonemic,hen,,,,
3-520-146-1,mans1258,Mansi,1511,sʸisʸkur̃ʸek,Phonemic,"cock, rooster",,,,
3-500-146-1,mans1258,Mansi,265,kolɨŋ towlaŋ uyit,Phonemic,fowl,,,,
3-450-146-1,mans1258,Mansi,1647,nʸiwɨr̃,Phonemic,"foal, colt",,,,
3-440-146-1,mans1258,Mansi,938,ne luw,Phonemic,mare,,,,
3-420-146-1,mans1258,Mansi,936,nʸiwɨr̃,Phonemic,stallion,,,,
3-410-146-1,mans1258,Mansi,615,luw (xar̃),Phonemic,horse (equine),,,,
3-350-146-1,mans1258,Mansi,1337,pur̃sʸ koy,Phonemic,pig,,,,
3-340-146-1,mans1258,Mansi,1351,pur̃sʸ,Phonemic,sow (2),,,,
3-320-146-1,mans1258,Mansi,1348,xar̃ pur̃sʸ,Phonemic,boar,,,,
3-290-146-1,mans1258,Mansi,820,oš koy,Phonemic,lamb,,,,
3-280-146-1,mans1258,Mansi,1345,ne oš,Phonemic,ewe,,,,
3-260-146-1,mans1258,Mansi,1344,xar̃ oš,Phonemic,ram,,,,
3-250-146-1,mans1258,Mansi,1331,oš ~ palʸa,Phonemic,sheep,,,,
3-240-146-1,mans1258,Mansi,1989,manʸmʸis,Phonemic,calf,,,,
3-230-146-1,mans1258,Mansi,1007,mʸis,Phonemic,cow,,,,
3-210-146-1,mans1258,Mansi,1008,xar̃mʸis,Phonemic,bull,,,,
3-200-146-1,mans1258,Mansi,1153,uyxul,Phonemic,cattle (bovine),,,,
3-190-146-1,mans1258,Mansi,851,uyxul kol,Phonemic,"stable, stall",,,,
3-180-146-1,mans1258,Mansi,263,uyxul ur̃ɣalane xotpa,Phonemic,herdsman,,,,
3-160-146-1,mans1258,Mansi,649,sʸar̃ɨk,Phonemic,pasture,,,,
3-150-146-1,mans1258,Mansi,631,uyxul,Phonemic,livestock,,,,
3-130-146-1,mans1258,Mansi,2262,ne,Phonemic,female (adj),,,,
3-120-146-1,mans1258,Mansi,2261,xar̃,Phonemic,male (adj),,,,
3-110-146-1,mans1258,Mansi,619,uyxul,Phonemic,animal,,,,
3-110-146-3,mans1258,Mansi,619,wor̃uy,Phonemic,animal,,,,
2-960-146-1,mans1258,Mansi,817,ten,Phonemic,they,,,,
2-960-146-3,mans1258,Mansi,817,tan,Phonemic,they,,,,
2-950-146-1,mans1258,Mansi,1213,nen,Phonemic,you (plural),,,,
2-950-146-3,mans1258,Mansi,1213,nan,Phonemic,you (plural),,,,
2-942-146-1,mans1258,Mansi,1130,mantaluw,Phonemic,we (exclusive),,,,
2-941-146-1,mans1258,Mansi,1131,man yotuw,Phonemic,we (inclusive),,,,
2-940-146-1,mans1258,Mansi,1212,man,Phonemic,we,,,,
2-930-146-1,mans1258,Mansi,262,taw,Phonemic,he/she/it,,,,
2-920-146-1,mans1258,Mansi,1215,naŋ,Phonemic,you (singular),,,,
2-910-146-1,mans1258,Mansi,1209,am,Phonemic,I,,,,
2-820-146-1,mans1258,Mansi,194,sʸemya,Phonemic,family,,,,
2-810-146-1,mans1258,Mansi,1644,r̃utɨt,Phonemic,"relatives, kinsmen",,,,
2-770-146-1,mans1258,Mansi,1981,netal xulʸtum oyka,Phonemic,widower,,,,
2-760-146-1,mans1258,Mansi,1756,xumtal xulʸtum ekwa,Phonemic,widow,,,,
2-750-146-1,mans1258,Mansi,1149,sʸanʸtal-asʸtal ~ aŋkwtal-asʸtal ~ sawalap,Phonemic,orphan,,,,
2-720-146-1,mans1258,Mansi,236,onʸiɣ,Phonemic,stepmother,,,,
2-710-146-1,mans1258,Mansi,237,yaɣlaŋ,Phonemic,stepfather,,,,
2-641-146-1,mans1258,Mansi,2264,mʸenʸ,Phonemic,daughter-in-law (of a woman),,,,
2-640-146-1,mans1258,Mansi,2265,mʸenʸ,Phonemic,daughter-in-law (of a man),,,,
2-631-146-1,mans1258,Mansi,2266,waps,Phonemic,son-in-law (of a woman),,,,
2-630-146-1,mans1258,Mansi,2267,waps,Phonemic,son-in-law (of a man),,,,
2-570-146-1,mans1258,Mansi,490,yuw-xulʸtne aɣi-pɨɣ,Phonemic,descendants,,,,
2-560-146-1,mans1258,Mansi,1669,opar̃isʸit,Phonemic,ancestors,,,,
2-550-146-1,mans1258,Mansi,1643,sasɨɣ,Phonemic,cousin,,,,
2-550-146-3,mans1258,Mansi,1643,aŋkwpɨɣ,Phonemic,cousin,,,,
2-550-146-5,mans1258,Mansi,1643,pant,Phonemic,cousin,,,,
2-550-146-7,mans1258,Mansi,1643,aŋkwaɣi,Phonemic,cousin,,,,
2-550-146-9,mans1258,Mansi,1643,esʸ,Phonemic,cousin,,,,
2-550-146-11,mans1258,Mansi,1643,eŋk,Phonemic,cousin,,,,
2-540-146-1,mans1258,Mansi,1642,eŋk,Phonemic,niece,,,,
2-540-146-3,mans1258,Mansi,1642,esʸ,Phonemic,niece,,,,
2-540-146-5,mans1258,Mansi,1642,uwsʸi,Phonemic,niece,,,,
2-530-146-1,mans1258,Mansi,1063,pant,Phonemic,nephew,,,,
2-530-146-3,mans1258,Mansi,1063,apsʸi,Phonemic,nephew,,,,
2-530-146-5,mans1258,Mansi,1063,kaŋk,Phonemic,nephew,,,,
2-522-146-1,mans1258,Mansi,170,akw,Phonemic,father's sister,,,,
2-522-146-3,mans1258,Mansi,170,uwsʸi,Phonemic,father's sister,,,,
2-520-146-1,mans1258,Mansi,1272,akw,Phonemic,aunt,,,,
2-521-146-1,mans1258,Mansi,171,akw,Phonemic,mother's sister,,,,
2-521-146-3,mans1258,Mansi,171,nɨy,Phonemic,mother's sister,,,,
2-512-146-1,mans1258,Mansi,1985,akʸi,Phonemic,father's brother,,,,
2-512-146-3,mans1258,Mansi,1985,kaŋk,Phonemic,father's brother,,,,
2-511-146-1,mans1258,Mansi,1984,sasɨɣ,Phonemic,mother's brother,,,,
2-510-146-1,mans1258,Mansi,1327,akʸi,Phonemic,uncle,,,,
2-510-146-3,mans1258,Mansi,1327,sasɨɣ,Phonemic,uncle,,,,
2-510-146-5,mans1258,Mansi,1327,kaŋk,Phonemic,uncle,,,,
2-480-146-1,mans1258,Mansi,1618,apɨɣ,Phonemic,grandson,,,,
2-490-146-1,mans1258,Mansi,1619,apɨɣ,Phonemic,granddaughter,,,,
2-471-146-1,mans1258,Mansi,907,matum ekwa,Phonemic,old woman,,,,
2-471-146-3,mans1258,Mansi,907,yanɨɣekwa,Phonemic,old woman,,,,
2-470-146-1,mans1258,Mansi,1496,anʸekwa,Phonemic,grandmother,,,,
2-470-146-3,mans1258,Mansi,1496,sʸasʸekwa,Phonemic,grandmother,,,,
2-461-146-1,mans1258,Mansi,406,matum oyka,Phonemic,old man,,,,
2-461-146-3,mans1258,Mansi,406,yanɨɣ oyka,Phonemic,old man,,,,
2-460-146-1,mans1258,Mansi,1383,opa,Phonemic,grandfather,,,,
2-460-146-3,mans1258,Mansi,1383,asʸoyka,Phonemic,grandfather,,,,
2-456-146-1,mans1258,Mansi,1640,yaɣpɨɣ,Phonemic,sibling,,,,
2-456-146-3,mans1258,Mansi,1640,yaɣaɣi,Phonemic,sibling,,,,
2-455-146-1,mans1258,Mansi,1761,esʸ,Phonemic,younger sister,,,,
2-454-146-1,mans1258,Mansi,1758,uwsʸi,Phonemic,older sister,,,,
2-450-146-1,mans1258,Mansi,1263,yaɣaɣi,Phonemic,sister,,,,
2-445-146-1,mans1258,Mansi,1760,apsʸi,Phonemic,younger brother,,,,
2-444-146-1,mans1258,Mansi,1759,kaŋk,Phonemic,older brother,,,,
2-440-146-1,mans1258,Mansi,1262,yaɣpɨɣ,Phonemic,brother,,,,
2-430-146-1,mans1258,Mansi,1801,yuw-xulʸtne aɣi-pɨɣ,Phonemic,offspring (son or daughter),,,,
2-420-146-1,mans1258,Mansi,1357,aɣi,Phonemic,daughter,,,,
2-410-146-1,mans1258,Mansi,1620,pɨɣ,Phonemic,son,,,,
2-390-146-1,mans1258,Mansi,426,oykaŋ ekwa,Phonemic,married woman,,,,
2-380-146-1,mans1258,Mansi,424,ekwaŋ oyka,Phonemic,married man,,,,
2-370-146-1,mans1258,Mansi,505,aŋkiɣ-asʸiɣ ~ sʸanʸiɣ-asʸiɣ,Phonemic,parents,,Occurs only in plural.,,
2-360-146-1,mans1258,Mansi,1216,aŋk ~ oma ~ sʸanʸ,Phonemic,mother,,,,
2-350-146-1,mans1258,Mansi,1217,asʸ,Phonemic,father,,,,
2-341-146-1,mans1258,Mansi,1134,kittɨɣ mʸinuŋkwʸe,Phonemic,divorce,,,,
2-340-146-1,mans1258,Mansi,1259,pur̃i ~ muy,Phonemic,"marriage, wedding",,,,
2-330-146-1,mans1258,Mansi,203,ne wʸiŋkwʸe ~ ekwa totuŋkwʸe,Phonemic,marry,,Respectively: marry (to her); marry (to him).,,
2-330-146-3,mans1258,Mansi,203,oyka war̃uŋkwʸe ~ xum paltmʸinuŋkwʸe,Phonemic,marry,,Respectively: marry (to her); marry (to him).,,
2-320-146-1,mans1258,Mansi,1199,ekwa,Phonemic,wife,,,,
2-310-146-1,mans1258,Mansi,1200,oyka ~ xum,Phonemic,husband,,,,
2-280-146-1,mans1258,Mansi,1289,manʸ nʸawr̃am,Phonemic,"infant, baby",,,,
2-270-146-1,mans1258,Mansi,1304,nʸawr̃am,Phonemic,child,,,,
2-261-146-1,mans1258,Mansi,77,aɣi,Phonemic,young woman (adolescent),,,,
2-260-146-1,mans1258,Mansi,1646,aɣir̃isʸ,Phonemic,girl,,,,
2-251-146-1,mans1258,Mansi,76,manʸpɨɣ,Phonemic,young man (adolescent),,,,
2-250-146-1,mans1258,Mansi,1366,pɨɣr̃ʸisʸ,Phonemic,boy,,,,
2-240-146-1,mans1258,Mansi,1551,ne,Phonemic,female,,,,
2-230-146-1,mans1258,Mansi,1553,xar̃,Phonemic,male,,,,
2-230-146-3,mans1258,Mansi,1553,xum,Phonemic,male,,,,
2-220-146-1,mans1258,Mansi,962,ne,Phonemic,woman,,,,
2-220-146-3,mans1258,Mansi,962,ekwa,Phonemic,woman,,,,
2-210-146-1,mans1258,Mansi,1554,xum,Phonemic,man (vs. woman),,,,
2-210-146-3,mans1258,Mansi,1554,xumxotpa,Phonemic,man (vs. woman),,,,
2-210-146-5,mans1258,Mansi,1554,oyka,Phonemic,man (vs. woman),,,,
2-100-146-1,mans1258,Mansi,683,elmxolas,Phonemic,"person, human being",,,,
2-100-146-3,mans1258,Mansi,683,xotpa,Phonemic,"person, human being",,,,
1-890-146-1,mans1258,Mansi,1188,lotx,Phonemic,charcoal,,,,
1-880-146-1,mans1258,Mansi,10,nayiw ~ ulʸiw,Phonemic,firewood,,,,
1-870-146-1,mans1258,Mansi,1133,sʸer̃anka,Phonemic,match (noun),,,,
1-861-146-1,mans1258,Mansi,127,xar̃ɨɣtaŋkwʸe,Phonemic,extinguish,,,,
1-860-146-1,mans1258,Mansi,737,pʸelamtaŋkwʸe,Phonemic,"light, kindle, ignite",,,,
1-860-146-3,mans1258,Mansi,737,kosamtaŋkwʸe,Phonemic,"light, kindle, ignite",,,,
1-852-146-1,mans1258,Mansi,1428,teŋkwʸe,Phonemic,burn (vb intrans),,,,
1-851-146-1,mans1258,Mansi,141,kotar̃aŋkwʸe,Phonemic,burn (vb trans),,,,
1-841-146-1,mans1258,Mansi,67,lum,Phonemic,embers,,,,
1-840-146-1,mans1258,Mansi,646,xulʸum,Phonemic,ashes,,,,
1-830-146-1,mans1258,Mansi,778,posɨm,Phonemic,smoke (noun),,,,
1-820-146-1,mans1258,Mansi,889,nay nʸelum ~ ulʸa nʸelum,Phonemic,flame (noun),,,,
1-810-146-1,mans1258,Mansi,221,nay ~ ulʸa,Phonemic,fire,,,,
1-780-146-1,mans1258,Mansi,952,tor̃um,Phonemic,weather,,,,
1-770-146-1,mans1258,Mansi,617,yaŋk,Phonemic,ice,,,,
1-760-146-1,mans1258,Mansi,784,tuyt,Phonemic,snow (noun),,,,
1-750-146-1,mans1258,Mansi,658,r̃akw,Phonemic,rain (noun),,,,
1-740-146-1,mans1258,Mansi,249,seŋkw,Phonemic,fog,,,,
1-720-146-1,mans1258,Mansi,960,wot,Phonemic,wind,,,,
1-730-146-1,mans1258,Mansi,1489,tul,Phonemic,cloud,,,,
1-710-146-1,mans1258,Mansi,27,lɨlɨep,Phonemic,air,,,,
1-640-146-1,mans1258,Mansi,1977,etwʸit,Phonemic,dew,,,,
1-630-146-1,mans1258,Mansi,1388,isxor̃,Phonemic,"shade, shadow",,,,
1-620-146-1,mans1258,Mansi,11,tur̃man,Phonemic,darkness,,,,
1-610-146-1,mans1258,Mansi,630,pos,Phonemic,light (noun),,,,
1-590-146-1,mans1258,Mansi,1733,nʸulɨ kʸis,Phonemic,rainbow,,,,
1-580-146-1,mans1258,Mansi,858,tor̃um,Phonemic,storm,,,,
1-560-146-1,mans1258,Mansi,1150,sʸaxl kur̃ɣane suy,Phonemic,thunder,,,,
1-570-146-1,mans1258,Mansi,2007,sʸaxl salɨl,Phonemic,lightning (as striking),,,,
1-550-146-1,mans1258,Mansi,1654,sʸaxl salɨl,Phonemic,lightning,,,,
1-540-146-1,mans1258,Mansi,1430,xus,Phonemic,star,,,,
1-530-146-1,mans1258,Mansi,1313,etpos ~ yoŋxup,Phonemic,moon,,,,
1-520-146-1,mans1258,Mansi,1343,xotal,Phonemic,sun,,,,
1-510-146-1,mans1258,Mansi,1732,tor̃umxar̃ʸi,Phonemic,sky,,,,
1-440-146-1,mans1258,Mansi,2125,axwtas,Phonemic,"stone, rock",,,,
1-440-146-3,mans1258,Mansi,2125,kʸer̃as,Phonemic,"stone, rock",,,,
1-430-146-1,mans1258,Mansi,1803,yiw,Phonemic,wood,,,,
1-420-146-1,mans1258,Mansi,906,yiw,Phonemic,tree (cf 08.600),,,,
1-410-146-1,mans1258,Mansi,420,wor̃,Phonemic,"woods, forest",,,,
1-380-146-1,mans1258,Mansi,1145,nʸar̃,Phonemic,swamp,,,,
1-380-146-3,mans1258,Mansi,1145,kʸeliɣ,Phonemic,swamp,,,,
1-370-146-1,mans1258,Mansi,2144,soym,Phonemic,"spring, well",,,,
1-360-146-1,mans1258,Mansi,666,as ~ ya,Phonemic,"river, stream, brook",,,,
1-360-146-3,mans1258,Mansi,666,posal,Phonemic,"river, stream, brook",,,,
1-360-146-5,mans1258,Mansi,666,soym,Phonemic,"river, stream, brook",,,,
1-354-146-1,mans1258,Mansi,613,wʸit ontane,Phonemic,hightide,,,,
1-353-146-1,mans1258,Mansi,1026,wʸit yola mʸinne,Phonemic,lowtide,,,,
1-352-146-1,mans1258,Mansi,891,wʸit ontane,Phonemic,tide,,,,
1-352-146-3,mans1258,Mansi,891,wʸit yola mʸinne,Phonemic,tide,,,,
1-350-146-1,mans1258,Mansi,978,xump,Phonemic,wave,,,,
1-343-146-1,mans1258,Mansi,1662,mʸesɨɣ,Phonemic,"headland, point",,,,
1-340-146-1,mans1258,Mansi,663,lox,Phonemic,"gulf, bay",,,,
1-330-146-1,mans1258,Mansi,624,tur̃,Phonemic,lake,,,,
1-329-146-1,mans1258,Mansi,645,sʸar̃sʸ,Phonemic,ocean,,,,
1-324-146-1,mans1258,Mansi,1768,nʸer̃,Phonemic,foam,,,,
1-323-146-1,mans1258,Mansi,259,xumpaŋ,Phonemic,rough (of sea),,,,
1-320-146-1,mans1258,Mansi,1474,sʸar̃sʸ,Phonemic,sea,,,,
1-322-146-1,mans1258,Mansi,258,tawant,Phonemic,calm (of sea),,,,
1-310-146-1,mans1258,Mansi,948,wʸit,Phonemic,water,,,,
1-270-146-1,mans1258,Mansi,113,wʸit wata,Phonemic,shore,,,,
1-260-146-1,mans1258,Mansi,166,ma,Phonemic,mainland,,,,
1-250-146-1,mans1258,Mansi,622,tump,Phonemic,island,,,,
1-240-146-1,mans1258,Mansi,921,xar̃a,Phonemic,valley,,,,
1-230-146-1,mans1258,Mansi,652,xar̃akan,Phonemic,"plain, field",,,,
1-230-146-3,mans1258,Mansi,652,tepkan,Phonemic,"plain, field",,,,
1-222-146-1,mans1258,Mansi,618,kʸer̃as,Phonemic,"cliff, precipice",,,,
1-220-146-1,mans1258,Mansi,2118,nʸor̃,Phonemic,"mountain, hill",,,,
1-220-146-3,mans1258,Mansi,2118,suma,Phonemic,"mountain, hill",,,,
1-214-146-1,mans1258,Mansi,640,paŋk,Phonemic,mud,,,,
1-215-146-1,mans1258,Mansi,671,seɣ,Phonemic,sand,,,,
1-213-146-1,mans1258,Mansi,2,por̃s,Phonemic,dust,,,,
1-212-146-1,mans1258,Mansi,1228,ma,Phonemic,"earth=ground, soil",,,,
1-210-146-1,mans1258,Mansi,626,ma,Phonemic,"earth, land",,,,
1-100-146-1,mans1258,Mansi,965,tor̃um,Phonemic,world,,,,
14-330-146-1,mans1258,Mansi,1544,watixal,Phonemic,sometimes,,,,
14-331-146-1,mans1258,Mansi,703,tɨɣɨl,Phonemic,soon,,,,
14-331-146-3,mans1258,Mansi,703,molʸax,Phonemic,soon,,,,
14-332-146-1,mans1258,Mansi,418,xosa,Phonemic,long-time (for a),,,,
14-340-146-1,mans1258,Mansi,1656,nemxunʸt,Phonemic,never,,,,
14-350-146-1,mans1258,Mansi,204,ostɨ,Phonemic,again,,,,
14-410-146-1,mans1258,Mansi,1225,xotal,Phonemic,day,,,,
14-420-146-1,mans1258,Mansi,1233,et,Phonemic,night,,,,
14-430-146-1,mans1258,Mansi,729,ser̃ipos,Phonemic,dawn,,,,
14-440-146-1,mans1258,Mansi,1339,alpɨl,Phonemic,morning,,,,
14-450-146-1,mans1258,Mansi,12,xotalyat,Phonemic,"noon, midday",,,,
14-451-146-1,mans1258,Mansi,1807,xotalyat yuyipalt por̃a,Phonemic,afternoon,,,,
14-460-146-1,mans1258,Mansi,1629,etʸipala,Phonemic,evening,,,,
14-470-146-1,mans1258,Mansi,1283,tɨxotal,Phonemic,today,,,,
14-480-146-1,mans1258,Mansi,1329,xolɨtan,Phonemic,tomorrow,,,,
14-481-146-1,mans1258,Mansi,1179,matxotal,Phonemic,day-after-tomorrow,,,,
14-490-146-1,mans1258,Mansi,1174,molxotal,Phonemic,yesterday,,,,
14-491-146-1,mans1258,Mansi,1180,xur̃mʸit xotal,Phonemic,day-before-yesterday,,,,
14-510-146-1,mans1258,Mansi,1353,sʸas,Phonemic,hour,,,,
14-530-146-1,mans1258,Mansi,1323,sʸas,Phonemic,"clock, timepiece",,,,
14-610-146-1,mans1258,Mansi,1469,sat,Phonemic,week,,,,
14-620-146-1,mans1258,Mansi,1699,sat puŋk xotal,Phonemic,Sunday,,,,
14-630-146-1,mans1258,Mansi,1697,sat owɨl xotal,Phonemic,Monday,,,,
14-640-146-1,mans1258,Mansi,1695,sat kʸitɨt xotal,Phonemic,Tuesday,,,,
14-650-146-1,mans1258,Mansi,1694,sat xur̃mʸit xotal,Phonemic,Wednesday,,,,
14-660-146-1,mans1258,Mansi,1693,sat nʸilɨt xotal,Phonemic,Thursday,,,,
14-670-146-1,mans1258,Mansi,1692,sat atɨt xotal,Phonemic,Friday,,,,
14-680-146-1,mans1258,Mansi,1700,sat xotɨt xotal,Phonemic,Saturday,,,,
14-710-146-1,mans1258,Mansi,1370,otpos ~ yoŋxup,Phonemic,month,,,,
14-730-146-1,mans1258,Mansi,1226,tal,Phonemic,year,,,,
14-740-146-1,mans1258,Mansi,1471,telɨ,Phonemic,winter,,,,
14-750-146-1,mans1258,Mansi,1537,tuya,Phonemic,spring,,,,
14-760-146-1,mans1258,Mansi,1342,tuyi,Phonemic,summer,,,,
14-770-146-1,mans1258,Mansi,1276,takwsɨ,Phonemic,autumn,,,,
15-210-146-1,mans1258,Mansi,1587,pasuŋkwʸe,Phonemic,smell (vb intrans),,,,
15-212-146-1,mans1258,Mansi,375,atɨnʸtaŋkwʸe,Phonemic,sniff,,,,
15-220-146-1,mans1258,Mansi,1586,atɨnʸtaŋkwʸe,Phonemic,smell (vb trans),,,,
15-250-146-1,mans1258,Mansi,376,atɨŋ,Phonemic,"fragrant, good smelling",,,,
15-260-146-1,mans1258,Mansi,42,sʸuxr̃ʸem,Phonemic,"stinking, bad smelling",,,,
15-260-146-3,mans1258,Mansi,42,saym,Phonemic,"stinking, bad smelling",,,,
15-310-146-1,mans1258,Mansi,21,ar̃talalɨɣlaŋkwʸe,Phonemic,taste,,,,
15-350-146-1,mans1258,Mansi,717,atɨŋ,Phonemic,sweet,,,,
15-360-146-1,mans1258,Mansi,1091,solwalɨŋ,Phonemic,salty,,,,
15-370-146-1,mans1258,Mansi,887,wosʸr̃am ~ wosʸr̃amɨŋ,Phonemic,bitter,,,,
15-380-146-1,mans1258,Mansi,1906,wosʸr̃amɨŋ,Phonemic,"acid, sour",,,,
15-380-146-3,mans1258,Mansi,1906,šumum,Phonemic,"acid, sour",,,,
15-390-146-1,mans1258,Mansi,70,solwaliŋnuw,Phonemic,brackish,,,,
15-410-146-1,mans1258,Mansi,1408,xuntlaluŋkwʸe,Phonemic,hear,,,,
15-420-146-1,mans1258,Mansi,1608,xuntlaŋkwʸe,Phonemic,listen,,,,
15-440-146-1,mans1258,Mansi,1811,suy,Phonemic,"sound, noise",,,,
15-450-146-1,mans1258,Mansi,377,suyn,Phonemic,loud,,,,
15-460-146-1,mans1258,Mansi,1314,suytal,Phonemic,"quiet, silence",,,,
15-510-146-1,mans1258,Mansi,1409,sunsuŋkwʸe,Phonemic,see,,,,
15-520-146-1,mans1258,Mansi,1819,sunsuŋkwʸe,Phonemic,"look, look at",,,,
15-550-146-1,mans1258,Mansi,1039,taktalaŋkwʸe,Phonemic,show,,,,
15-550-146-3,mans1258,Mansi,1039,xultiɣlaŋkwʸe,Phonemic,show,,,,
15-560-146-1,mans1258,Mansi,708,wolʸɣuŋkwʸe,Phonemic,shine,,,,
15-560-146-3,mans1258,Mansi,708,postuŋkwʸe,Phonemic,shine,,,,
15-570-146-1,mans1258,Mansi,679,posɨŋ,Phonemic,bright,,,,
15-610-146-1,mans1258,Mansi,1613,pos,Phonemic,color,,,,
15-620-146-1,mans1258,Mansi,250,atɨr̃,Phonemic,light (in color),,,,
15-630-146-1,mans1258,Mansi,706,semɨlxar̃pa,Phonemic,dark (in color),,,,
15-640-146-1,mans1258,Mansi,1335,woykan,Phonemic,white,,,,
15-640-146-3,mans1258,Mansi,1335,yaŋk,Phonemic,white,,,,
15-650-146-1,mans1258,Mansi,163,semil,Phonemic,black,,,,
15-660-146-1,mans1258,Mansi,156,kelp ~ wɨɣir̃,Phonemic,red,,,,
15-670-146-1,mans1258,Mansi,837,etar̃xar̃ʸi,Phonemic,blue,,,,
15-680-146-1,mans1258,Mansi,1425,nʸar̃pumospa,Phonemic,green,,,,
15-690-146-1,mans1258,Mansi,1424,wosʸr̃am,Phonemic,yellow,,,,
15-690-146-3,mans1258,Mansi,1424,xoyim lupta,Phonemic,yellow,,,,
15-710-146-1,mans1258,Mansi,1892,nowɣalaŋkwʸe,Phonemic,touch,,,,
15-710-146-3,mans1258,Mansi,1892,xoyiltaliɣlaŋkwʸe,Phonemic,touch,,,,
15-712-146-1,mans1258,Mansi,378,pasʸr̃aŋkwʸe,Phonemic,pinch,,,,
15-720-146-1,mans1258,Mansi,1079,malasʸlaŋkwʸe,Phonemic,feel,,,,
15-740-146-1,mans1258,Mansi,1884,sosum,Phonemic,hard,,,,
15-740-146-3,mans1258,Mansi,1884,tak,Phonemic,hard,,,,
15-750-146-1,mans1258,Mansi,1856,kamʸinʸt,Phonemic,soft,,,,
15-770-146-1,mans1258,Mansi,1234,sastum,Phonemic,smooth,,,,
15-780-146-1,mans1258,Mansi,1396,pʸelpa,Phonemic,sharp,,,,
15-780-146-3,mans1258,Mansi,1396,talʸxaŋ,Phonemic,sharp,,,,
15-790-146-1,mans1258,Mansi,379,nʸas,Phonemic,"blunt, dull",,,,
15-790-146-3,mans1258,Mansi,379,talʸixtal,Phonemic,"blunt, dull",,,,
15-810-146-1,mans1258,Mansi,1210,tar̃wʸitaŋ,Phonemic,heavy,,,,
15-820-146-1,mans1258,Mansi,1052,kupnʸit,Phonemic,light (in weight),,,,
15-830-146-1,mans1258,Mansi,1726,wʸitɨŋ,Phonemic,"wet, damp",,,,
15-840-146-1,mans1258,Mansi,1398,tosam,Phonemic,dry,,,,
15-850-146-1,mans1258,Mansi,1286,r̃ʸeɣiŋ,Phonemic,hot,,,,
15-850-146-3,mans1258,Mansi,1286,isum,Phonemic,hot,,,,
15-851-146-1,mans1258,Mansi,1232,malʸtʸip,Phonemic,warm,,,,
15-851-146-3,mans1258,Mansi,1232,r̃eɣɨŋ,Phonemic,warm,,,,
15-860-146-1,mans1258,Mansi,1287,asʸar̃ma,Phonemic,cold,,,,
15-860-146-3,mans1258,Mansi,1287,asʸir̃maŋ,Phonemic,cold,,,,
15-870-146-1,mans1258,Mansi,704,sɨstam,Phonemic,clean,,,,
15-880-146-1,mans1258,Mansi,1230,paŋkɨŋ,Phonemic,"dirty, soiled",,,,
15-890-146-1,mans1258,Mansi,380,lomar̃ʸiŋ,Phonemic,wrinkled,,,,
16-110-146-1,mans1258,Mansi,53,lɨlɨ,Phonemic,"soul, spirit",,,,
16-180-146-1,mans1258,Mansi,720,sot,Phonemic,"good fortune, luck",,,,
16-190-146-1,mans1258,Mansi,56,saw ~ sawatpʸi,Phonemic,"misfortune, bad luck",,,,
16-230-146-1,mans1258,Mansi,1495,sʸaɣtɨlɨŋ ~ kasɨŋ,Phonemic,"joyful, glad, happy",,,,
16-250-146-1,mans1258,Mansi,1355,muwinʸtaŋkwʸe,Phonemic,laugh,,,,
16-251-146-1,mans1258,Mansi,1451,kunʸɣuŋkwʸe,Phonemic,smile,,,,
16-260-146-1,mans1258,Mansi,1413,yonɣuŋkwʸe,Phonemic,play,,,,
16-270-146-1,mans1258,Mansi,923,er̃upsa,Phonemic,love,,Respectively: noun; verb.,,
16-270-146-3,mans1258,Mansi,923,er̃uptaŋkwʸe,Phonemic,love,,Respectively: noun; verb.,,
16-290-146-1,mans1258,Mansi,578,anʸiɣlaŋkwʸe,Phonemic,kiss,,,,
16-300-146-1,mans1258,Mansi,928,sɨnɣataluŋkwʸe,Phonemic,embrace,,,,
16-310-146-1,mans1258,Mansi,1783,awm,Phonemic,pain,,,,
16-320-146-1,mans1258,Mansi,1668,saw ~ sawatpʸi,Phonemic,"grief, sorrow, sadness",,,,
16-330-146-1,mans1258,Mansi,1000,ur̃ɣalan war̃malʸ,Phonemic,"anxiety, worry",,,,
16-340-146-1,mans1258,Mansi,1875,salitaŋkwʸe,Phonemic,"regret, be sorry",,,,
16-350-146-1,mans1258,Mansi,1141,salʸ,Phonemic,pity,,,,
16-370-146-1,mans1258,Mansi,1839,lʸunʸsʸuŋkwʸe,Phonemic,"cry, weep",,,,
16-380-146-1,mans1258,Mansi,1651,samwit,Phonemic,tear (noun),,,,
16-390-146-1,mans1258,Mansi,716,sakuŋkwʸe,Phonemic,groan,,,,
16-410-146-1,mans1258,Mansi,1607,lawɨl neɣluŋkwʸe,Phonemic,hate,,,,
16-420-146-1,mans1258,Mansi,82,kant,Phonemic,anger,,,,
16-420-146-3,mans1258,Mansi,82,law,Phonemic,anger,,,,
16-420-146-5,mans1258,Mansi,82,sam,Phonemic,anger,,,,
16-450-146-1,mans1258,Mansi,1776,esɨr̃ma,Phonemic,shame (noun),,,,
16-480-146-1,mans1258,Mansi,174,yor̃ɨŋ ~ yor̃iɣlaɣtan,Phonemic,proud,,,,
16-520-146-1,mans1258,Mansi,3,pʸiltal,Phonemic,brave,,,,
16-530-146-1,mans1258,Mansi,781,pʸilɨsʸma,Phonemic,"fear, fright",,,,
16-540-146-1,mans1258,Mansi,1810,pʸilɨsʸma,Phonemic,danger,,,,
16-620-146-1,mans1258,Mansi,1784,taŋxuŋkwʸe ~ kasasʸaŋkwʸe,Phonemic,"desire, want",,,,
16-622-146-1,mans1258,Mansi,1750,pʸer̃ʸiyalɨɣlaŋkwʸe,Phonemic,choose,,,,
16-660-146-1,mans1258,Mansi,1657,musxalɨ,Phonemic,true,,,,
16-670-146-1,mans1258,Mansi,601,lapalaxtuŋkwʸe,Phonemic,"lie, tell lies",,,,
16-680-146-1,mans1258,Mansi,13,laplɨl,Phonemic,deceit,,,,
16-710-146-1,mans1258,Mansi,1035,yomas,Phonemic,good,,,,
16-710-146-3,mans1258,Mansi,1035,musxalɨ,Phonemic,good,,,,
16-720-146-1,mans1258,Mansi,1292,lʸulʸ,Phonemic,bad,,,,
16-730-146-1,mans1258,Mansi,1725,yomaspal,Phonemic,"right, correct",,,,
16-730-146-3,mans1258,Mansi,1725,musxalɨ,Phonemic,"right, correct",,,,
16-740-146-1,mans1258,Mansi,1390,sowʸi,Phonemic,wrong,,,,
16-760-146-1,mans1258,Mansi,134,wunawot,Phonemic,fault,,,,
16-770-146-1,mans1258,Mansi,1293,sowʸi war̃malʸ,Phonemic,"mistake, error",,,,
16-780-146-1,mans1258,Mansi,381,lʸawtne,Phonemic,blame,,,,
16-790-146-1,mans1258,Mansi,1687,esɣil,Phonemic,praise,,,,
16-810-146-1,mans1258,Mansi,1427,xor̃amaŋ ~ nʸotne ~ xur̃iŋ,Phonemic,beautiful,,,,
16-820-146-1,mans1258,Mansi,1548,xur̃ital,Phonemic,ugly,,,,
16-820-146-3,mans1258,Mansi,1548,lʸulʸ xur̃ip,Phonemic,ugly,,,,
16-830-146-1,mans1258,Mansi,2018,nʸelaŋ,Phonemic,greedy,,,,
16-830-146-3,mans1258,Mansi,2018,sʸakar̃,Phonemic,greedy,,,,
16-840-146-1,mans1258,Mansi,1310,nomtiŋ,Phonemic,clever,,,,
17-110-146-1,mans1258,Mansi,1562,nomt,Phonemic,mind,,,,
17-130-146-1,mans1258,Mansi,1415,nomsuŋkwʸe,Phonemic,think (= reflect),,,,
17-140-146-1,mans1258,Mansi,1513,yomas nomsuŋkwʸe,Phonemic,think (= be of the opinion),,,,
17-150-146-1,mans1258,Mansi,1890,aɣtuŋkwʸe,Phonemic,believe,,,,
17-160-146-1,mans1258,Mansi,1536,ossɨɣ war̃uŋkwʸe,Phonemic,understand,,,,
17-160-146-3,mans1258,Mansi,1536,tar̃a pattuŋkwʸe,Phonemic,understand,,,,
17-160-146-5,mans1258,Mansi,1536,tor̃ɣamtaŋkwʸe,Phonemic,understand,,,,
17-170-146-1,mans1258,Mansi,1410,waŋkwʸe,Phonemic,know,,,,
17-171-146-1,mans1258,Mansi,1932,nomsuŋkwʸe,Phonemic,guess,,,,
17-172-146-1,mans1258,Mansi,117,akwtox war̃uŋkwʸe,Phonemic,imitate,,,,
17-180-146-1,mans1258,Mansi,1521,naŋkxatuŋkwʸe ~ susxatuŋkwʸe,Phonemic,seem,,,,
17-190-146-1,mans1258,Mansi,1609,nomt ~ os,Phonemic,"idea, notion",,,,
17-210-146-1,mans1258,Mansi,698,nomtaŋ,Phonemic,wise,,,,
17-220-146-1,mans1258,Mansi,1518,ossam,Phonemic,"foolish, stupid",,,,
17-230-146-1,mans1258,Mansi,1899,kʸitxal,Phonemic,"insane, crazy",,,,
17-240-146-1,mans1258,Mansi,504,xanʸisʸtaxtuŋkwʸe,Phonemic,learn,,,,
17-242-146-1,mans1258,Mansi,1929,ossiɣ war̃uŋkwʸe,Phonemic,study,,,,
17-250-146-1,mans1258,Mansi,709,xanʸisʸtaŋkwʸe,Phonemic,teach,,,,
17-260-146-1,mans1258,Mansi,753,xanʸisʸtaxtan nʸawr̃am,Phonemic,pupil,,,,
17-270-146-1,mans1258,Mansi,1038,nʸawr̃am xanʸisʸtan xotpa,Phonemic,teacher,,,,
17-280-146-1,mans1258,Mansi,673,nʸawr̃am xanʸisʸtan kol,Phonemic,school,,,,
17-310-146-1,mans1258,Mansi,707,nomuŋkwʸe,Phonemic,remember,,,,
17-320-146-1,mans1258,Mansi,1523,yor̃uwlaŋkwʸe,Phonemic,forget,,,,
17-340-146-1,mans1258,Mansi,989,etar̃,Phonemic,"clear, plain",,,,
17-360-146-1,mans1258,Mansi,1121,tuytxatɨm ~ sɨtam ~ tulɨt,Phonemic,secret,,,,
17-370-146-1,mans1258,Mansi,509,wʸesʸkat,Phonemic,"sure, certain",,,,
17-380-146-1,mans1258,Mansi,1626,tor̃ɣamtaptuŋkwʸe,Phonemic,explain,,,,
17-410-146-1,mans1258,Mansi,1162,ar̃talaxtap,Phonemic,"intention, purpose",,,,
17-420-146-1,mans1258,Mansi,860,manar̃ maɣɨstelne nak,Phonemic,cause,,,,
17-430-146-1,mans1258,Mansi,1308,at wane war̃malʸ,Phonemic,doubt,,,,
17-440-146-1,mans1258,Mansi,1841,at waŋkwʸe,Phonemic,suspect,,,,
17-441-146-1,mans1258,Mansi,1902,lawuŋkwʸe,Phonemic,betray,,,,
17-450-146-1,mans1258,Mansi,643,er̃ne war̃malʸ,Phonemic,"need, necessity",,,,
17-460-146-1,mans1258,Mansi,686,kupnʸit,Phonemic,easy,,,,
17-470-146-1,mans1258,Mansi,584,tar̃wʸitiŋ,Phonemic,difficult,,,,
17-480-146-1,mans1258,Mansi,1812,sɨmɨŋɨs war̃uŋkwʸe,Phonemic,"try, attempt",,,,
17-490-146-1,mans1258,Mansi,488,ar̃talaŋkwʸe,Phonemic,"way, manner",,,,
17-520-146-1,mans1258,Mansi,1157,os,Phonemic,because,,,,
17-530-146-1,mans1258,Mansi,1459,tayi maɣɨs,Phonemic,if,,,,
17-540-146-1,mans1258,Mansi,1014,kʸe,Phonemic,or,,,,
17-550-146-1,mans1258,Mansi,1268,aman,Phonemic,"yes, affirmative",,,,
17-560-146-1,mans1258,Mansi,1269,toxatɨ ~ toxa,Phonemic,"no, negative",,,,
17-610-146-1,mans1258,Mansi,1239,xumus?,Phonemic,how?,,,,
17-620-146-1,mans1258,Mansi,822,mansawʸit ~ mankʸem ~ manax?,Phonemic,how many?,,,,
17-630-146-1,mans1258,Mansi,531,manar̃?,Phonemic,how much?,,,,
17-640-146-1,mans1258,Mansi,1236,xunʸ?,Phonemic,what?,,,,
17-650-146-1,mans1258,Mansi,1238,xot?,Phonemic,when?,,,,
17-650-146-3,mans1258,Mansi,1238,xotalʸ?,Phonemic,when?,,,,
17-650-146-5,mans1258,Mansi,1238,xotɨl?,Phonemic,when?,,,,
17-660-146-1,mans1258,Mansi,1237,mansɨr̃?,Phonemic,where?,,,,
17-660-146-3,mans1258,Mansi,1237,manxur̃ip?,Phonemic,where?,,,,
17-660-146-5,mans1258,Mansi,1237,xotɨ?,Phonemic,where?,,,,
17-670-146-1,mans1258,Mansi,727,xotyut?,Phonemic,which?,,,,
17-670-146-3,mans1258,Mansi,727,xoŋxa?,Phonemic,which?,,,,
17-680-146-1,mans1258,Mansi,1235,manr̃ɨɣ?,Phonemic,who?,,,,
17-680-146-3,mans1258,Mansi,1235,manar̃ maɣɨs?,Phonemic,who?,,,,
17-690-146-1,mans1258,Mansi,1270,tur̃suy?,Phonemic,why?,,,,
18-110-146-1,mans1258,Mansi,1363,er̃ɣuŋkwʸe,Phonemic,voice,,,,
18-110-146-3,mans1258,Mansi,1363,luyɣuŋkwʸe,Phonemic,voice,,,,
18-120-146-1,mans1258,Mansi,1261,r̃oŋxuŋkwʸe,Phonemic,sing,,,,
18-130-146-1,mans1258,Mansi,715,wosɣuŋkwʸe,Phonemic,"shout, cry out",,,,
18-160-146-1,mans1258,Mansi,128,lomɣuŋkwʸe,Phonemic,mumble,,,,
18-170-146-1,mans1258,Mansi,1025,kʸisɣuŋkwʸe,Phonemic,whistle,,,,
18-180-146-1,mans1258,Mansi,298,lʸulʸ tur̃ɨl r̃oŋxuŋkwʸe,Phonemic,"shriek, screech",,,,
18-190-146-1,mans1258,Mansi,526,or̃wʸinʸtaŋkwʸe,Phonemic,howl,,,,
18-190-146-3,mans1258,Mansi,526,sʸiwɣuŋkwʸe,Phonemic,howl,,,,
18-210-146-1,mans1258,Mansi,1623,potar̃taŋkwʸe,Phonemic,"speak, talk",,,,
18-211-146-1,mans1258,Mansi,1866,taɣlaŋkwʸe,Phonemic,"stutter, stammer",,,,
18-220-146-1,mans1258,Mansi,1458,lawuŋkwʸe,Phonemic,say,,,,
18-221-146-1,mans1258,Mansi,1711,potar̃taŋkwʸe,Phonemic,tell story,,,,
18-222-146-1,mans1258,Mansi,1115,latɨŋ onʸsʸuŋkwʸe,Phonemic,speech (make a),,,,
18-230-146-1,mans1258,Mansi,48,astal oluŋkwʸe,Phonemic,silent (be),,,,
18-230-146-3,mans1258,Mansi,48,mar̃awiyir̃ oluŋkwʸe,Phonemic,silent (be),,,,
18-240-146-1,mans1258,Mansi,1307,latiŋ,Phonemic,language,,,,
18-260-146-1,mans1258,Mansi,1599,latiŋ,Phonemic,word,,,,
18-280-146-1,mans1258,Mansi,1405,nam,Phonemic,name,,,,
18-310-146-1,mans1258,Mansi,1309,kʸitɨɣlaŋkwʸe,Phonemic,"ask (question, inquire)",,,,
18-320-146-1,mans1258,Mansi,1275,yuwlʸe lawuŋkwʸe,Phonemic,answer,,,,
18-330-146-1,mans1258,Mansi,2022,kasasʸaliɣlaŋkwʸe,Phonemic,"admit, confess",,,,
18-340-146-1,mans1258,Mansi,755,xot pʸer̃iɣtaxtuŋkwʸe,Phonemic,deny,,,,
18-350-146-1,mans1258,Mansi,1828,takʸiɣ kʸitɨɣlaŋkwʸe,Phonemic,"ask, request",,,,
18-360-146-1,mans1258,Mansi,1675,lawxatuŋkwʸe,Phonemic,promise,,,,
18-370-146-1,mans1258,Mansi,49,at kasasʸaŋkwʸe,Phonemic,refuse,,,,
18-380-146-1,mans1258,Mansi,83,lap yar̃maltaŋkwʸe,Phonemic,forbid,,,,
18-390-146-1,mans1258,Mansi,299,- -,Phonemic,"rebuke, scold",,,,
18-410-146-1,mans1258,Mansi,1084,wowuŋkwʸe,Phonemic,call (=summon),,,,
18-420-146-1,mans1258,Mansi,180,namayaŋkwʸe,Phonemic,call (=name),,,,
18-430-146-1,mans1258,Mansi,9,maxumn lawuŋkwʸe,Phonemic,announce,,,,
18-440-146-1,mans1258,Mansi,1192,pʸilataluŋkwʸe,Phonemic,threaten,,,,
18-450-146-1,mans1258,Mansi,101,essiɣxatuŋkwʸe,Phonemic,boast,,,,
18-510-146-1,mans1258,Mansi,1672,xansuŋkwʸe,Phonemic,write,,,,
18-520-146-1,mans1258,Mansi,724,lowʸinʸtaŋkwʸe,Phonemic,read,,,,
18-560-146-1,mans1258,Mansi,648,nepak,Phonemic,paper,,,,
18-570-146-1,mans1258,Mansi,794,xasne yiw,Phonemic,pen,,,,
18-610-146-1,mans1258,Mansi,963,nepak,Phonemic,book,,,,
18-730-146-1,mans1258,Mansi,2136,er̃ɣan manʸtur̃ tur̃pa,Phonemic,"horn, trumpet",,,,
18-740-146-1,mans1258,Mansi,300,manʸ loŋxanʸsʸip,Phonemic,rattle,,,,
19-110-146-1,mans1258,Mansi,1300,ma,Phonemic,country,,,,
19-120-146-1,mans1258,Mansi,89,sossa ma,Phonemic,one's native country,,,,
19-150-146-1,mans1258,Mansi,1391,us,Phonemic,"city, town",,,,
19-160-146-1,mans1258,Mansi,930,pawɨl,Phonemic,village,,,,
19-210-146-1,mans1258,Mansi,789,maxum ~ mʸir̃,Phonemic,people (populace),,,,
19-230-146-1,mans1258,Mansi,302,r̃ut,Phonemic,"tribe, clan",,,,
19-240-146-1,mans1258,Mansi,301,kusʸay,Phonemic,"chief, chieftain",,,,
19-250-146-1,mans1258,Mansi,1296,suw yiwowɨl,Phonemic,"staff, walking stick",,,,
19-310-146-1,mans1258,Mansi,1846,puŋktotuŋkwʸe,Phonemic,"rule, govern",,,,
19-410-146-1,mans1258,Mansi,383,kusʸay,Phonemic,master,,,,
19-430-146-1,mans1258,Mansi,255,mʸetxum,Phonemic,servant,,,,
19-440-146-1,mans1258,Mansi,384,osa ~ lɨpasʸ,Phonemic,freeman,,,,
19-450-146-1,mans1258,Mansi,1128,lawuŋkwʸe,Phonemic,"command, order",,,,
19-460-146-1,mans1258,Mansi,1635,xotpan xontluŋkwʸe,Phonemic,obey,,,,
19-470-146-1,mans1258,Mansi,1003,tar̃ataŋkwʸe,Phonemic,"let, permit",,,,
19-510-146-1,mans1258,Mansi,1325,yur̃t ~ r̃uma,Phonemic,"friend, companion",,,,
19-520-146-1,mans1258,Mansi,1358,wor̃ak,Phonemic,enemy,,,,
19-540-146-1,mans1258,Mansi,1332,lʸapat olne xotpa,Phonemic,neighbor,,,,
19-550-146-1,mans1258,Mansi,791,motxotpa,Phonemic,stranger,,,,
19-560-146-1,mans1258,Mansi,1782,muyxum ~ muyn xotpa,Phonemic,guest,,,,
19-570-146-1,mans1258,Mansi,1545,kusʸay,Phonemic,host,,,,
19-580-146-1,mans1258,Mansi,1897,nʸotuŋkwʸe,Phonemic,"help, aid",,,,
19-590-146-1,mans1258,Mansi,1550,tor̃astaŋkwʸe,Phonemic,"hinder, prevent",,,,
19-610-146-1,mans1258,Mansi,1747,pʸisʸ,Phonemic,custom,,,,
19-620-146-1,mans1258,Mansi,1848,wor̃asʸlaxtin war̃malʸ,Phonemic,"strife, quarrel",,,,
19-630-146-1,mans1258,Mansi,2024,wor̃ak war̃malʸ,Phonemic,"conspiracy, plot",,,,
19-650-146-1,mans1258,Mansi,1831,xontiɣlaluŋkwʸe,Phonemic,meet,,,,
19-650-146-3,mans1258,Mansi,1831,lʸalʸt xontuŋkwʸe,Phonemic,meet,,,,
19-720-146-1,mans1258,Mansi,1610,posar̃,Phonemic,prostitute,,,,
20-110-146-1,mans1258,Mansi,1423,alxatuŋkwʸe,Phonemic,fight (vb),,,,
20-110-146-3,mans1258,Mansi,1423,xontlaŋkwʸe,Phonemic,fight (vb),,,,
20-130-146-1,mans1258,Mansi,579,xont,Phonemic,"war, battle",,,,
20-140-146-1,mans1258,Mansi,1338,xonttal olupsa,Phonemic,peace,,,,
20-210-146-1,mans1258,Mansi,951,pʸisalʸ,Phonemic,"weapons, arms",,,,
20-220-146-1,mans1258,Mansi,1763,muwɨr̃,Phonemic,club,,,,
20-240-146-1,mans1258,Mansi,994,yowt,Phonemic,bow,,,,
20-250-146-1,mans1258,Mansi,977,nʸol,Phonemic,arrow,,,,
20-260-146-1,mans1258,Mansi,945,owta,Phonemic,spear,,,,
20-270-146-1,mans1258,Mansi,1535,soxt sʸir̃ay,Phonemic,sword,,,,
20-280-146-1,mans1258,Mansi,1566,pʸisalʸ,Phonemic,"gun, cannon",,,,
20-410-146-1,mans1258,Mansi,783,yolɨmtan war̃malʸ,Phonemic,victory,,,,
20-410-146-3,mans1258,Mansi,783,nox patne war̃malʸ,Phonemic,victory,,,,
20-430-146-1,mans1258,Mansi,722,xont,Phonemic,attack,,,,
20-440-146-1,mans1258,Mansi,1330,ur̃ɣalalɨɣlaŋkwʸe,Phonemic,defend,,,,
20-450-146-1,mans1258,Mansi,421,yuwlʸe nupɨl mʸinuŋkwʸe,Phonemic,retreat,,,,
20-460-146-1,mans1258,Mansi,1696,miŋkwʸe,Phonemic,surrender,,,,
20-480-146-1,mans1258,Mansi,1022,alsʸ,Phonemic,"booty, spoils",,,,
20-490-146-1,mans1258,Mansi,65,tuytxatɨm unluŋkwʸe,Phonemic,ambush,,,,
20-510-146-1,mans1258,Mansi,1858,xul alisʸlan xotpa,Phonemic,fisherman,,,,
20-520-146-1,mans1258,Mansi,1074,nʸas,Phonemic,fishhook,,,,
20-530-146-1,mans1258,Mansi,19,nʸas kwalɨɣ,Phonemic,fishing line,,,,
20-540-146-1,mans1258,Mansi,388,xulp,Phonemic,fishnet,,,,
20-550-146-1,mans1258,Mansi,389,mʸer̃ʸoša,Phonemic,fish trap,,,,
20-610-146-1,mans1258,Mansi,1435,wor̃ayaŋkwʸe,Phonemic,hunt,,,,
20-620-146-1,mans1258,Mansi,1172,patlaptaŋkwʸe,Phonemic,shoot,,,,
20-630-146-1,mans1258,Mansi,161,tar̃a patamtaŋkwʸe,Phonemic,miss (target),,,,
20-640-146-1,mans1258,Mansi,1075,ker̃nʸol alsʸ,Phonemic,trap (noun),,,,
20-650-146-1,mans1258,Mansi,1170,kʸer̃nʸolɨl puwuŋkwʸe,Phonemic,trap (vb),,,,
21-110-146-1,mans1258,Mansi,1062,sakkon,Phonemic,law,,,,
21-150-146-1,mans1258,Mansi,1068,sut,Phonemic,court,,,,
21-160-146-1,mans1258,Mansi,1818,sutʸitaŋkwʸe,Phonemic,judge (vb),,,,
21-180-146-1,mans1258,Mansi,861,sut xotpa,Phonemic,judge (noun),,,,
21-310-146-1,mans1258,Mansi,1814,wunawotɨɣ lawuŋkwʸe,Phonemic,accuse,,,,
21-320-146-1,mans1258,Mansi,484,wunawotɨɣ lawuŋkwʸe,Phonemic,condemn,,,,
21-330-146-1,mans1258,Mansi,983,wunawotɨɣ lawuŋkwʸe,Phonemic,convict (vb),,,,
21-340-146-1,mans1258,Mansi,988,wunawottal pattuŋkwʸe,Phonemic,acquit,,,,
21-350-146-1,mans1258,Mansi,1682,wunawot,Phonemic,guilty,,,,
21-360-146-1,mans1258,Mansi,90,wunawottal,Phonemic,innocent,,,,
21-380-146-1,mans1258,Mansi,218,astr̃ap,Phonemic,fine,,,,
21-390-146-1,mans1258,Mansi,1281,kasna kol,Phonemic,"prison, jail",,,,
21-420-146-1,mans1258,Mansi,845,alne war̃malʸ,Phonemic,murder,,,,
21-430-146-1,mans1258,Mansi,902,posar̃,Phonemic,adultery,,,,
21-460-146-1,mans1258,Mansi,1889,namɨl ulʸan tɨttane war̃malʸ,Phonemic,arson,,,,
21-510-146-1,mans1258,Mansi,713,tulmantaŋkwʸe,Phonemic,steal,,,,
21-520-146-1,mans1258,Mansi,1160,tulmax,Phonemic,thief,,,,
22-110-146-1,mans1258,Mansi,661,tor̃um war̃malʸ,Phonemic,religion,,,,
22-120-146-1,mans1258,Mansi,1944,tor̃um,Phonemic,God,,,,
22-130-146-1,mans1258,Mansi,911,yalpɨŋ kol,Phonemic,"temple, church",,,,
22-140-146-1,mans1258,Mansi,853,yalpɨŋ kan,Phonemic,altar,,,,
22-150-146-1,mans1258,Mansi,1103,yir̃,Phonemic,"sacrifice, offering",,,,
22-160-146-1,mans1258,Mansi,257,puŋk pinuŋkwʸe,Phonemic,worship,,,,
22-170-146-1,mans1258,Mansi,24,poyksʸiŋkwʸe,Phonemic,pray,,,,
22-180-146-1,mans1258,Mansi,852,pup,Phonemic,priest,,,,
22-190-146-1,mans1258,Mansi,1702,yalpaŋ,Phonemic,"holy, sacred",,,,
22-220-146-1,mans1258,Mansi,304,xanʸisʸtaŋkwʸe,Phonemic,preach,,,,
22-230-146-1,mans1258,Mansi,391,yomas lawuŋkwʸe,Phonemic,bless,,,,
22-310-146-1,mans1258,Mansi,1565,tor̃umxar̃ʸi,Phonemic,heaven,,,,
22-350-146-1,mans1258,Mansi,1973,kulʸ,Phonemic,demon (evil spirit),,,,
22-370-146-1,mans1258,Mansi,1945,tuŋx,Phonemic,idol,,,,
22-420-146-1,mans1258,Mansi,392,sʸar̃ɣane,Phonemic,"magic, witchcraft, sorcery",,,,
22-430-146-1,mans1258,Mansi,2137,xinʸ otɨr̃ ne,Phonemic,"sorcerer, witch",,,,
22-450-146-1,mans1258,Mansi,1175,yisxor̃,Phonemic,"ghost, phantom",,,,
