ID,Language_ID,Language_name,Parameter_ID,Value,Transcription,Concept,Source,Comment,AlternativeValue,AlternativeTranscription
14-320-820-1,phon1246,Phong,1852,lɔ:j.44,phonetic,often,,,,
14-310-820-1,phon1246,Phong,1676,lɔ:j.44,phonetic,always,,,,
14-290-820-1,phon1246,Phong,790,phlɔ:m.42,phonetic,ready,,,,
14-280-820-1,phon1246,Phong,1928,tho:j.24,phonetic,"cease, stop",,,,
14-270-820-1,phon1246,Phong,1766,lɛ:w.42,phonetic,finish,,,,
14-260-820-1,phon1246,Phong,743,jat.45,phonetic,end (temporal),,,,
14-252-820-1,phon1246,Phong,1186,ʔut.45 thun.21,phonetic,"last, endure",,,,
14-250-820-1,phon1246,Phong,1806,kiam.24,phonetic,"begin, beginning",,,,
14-240-820-1,phon1246,Phong,425,ŋi.24,phonetic,"retard, delay",,,,
14-230-820-1,phon1246,Phong,754,pha:w.42 waj.21,phonetic,"hasten, hurry",,,,
14-220-820-1,phon1246,Phong,701,khɔ:j.42,phonetic,slow,,,,
14-210-820-1,phon1246,Phong,1631,waj.21,phonetic,"swift, fast, quick",,,,
14-190-820-1,phon1246,Phong,1963,cɨ.21 cɨ.21,phonetic,immediately,,,,
14-180-820-1,phon1246,Phong,1376,cɨ.21 ni.24,phonetic,now,,,,
14-170-820-1,phon1246,Phong,477,ŋi.24,phonetic,late,,,,
14-160-820-1,phon1246,Phong,672,khlə:m.44,phonetic,early,,,,
14-150-820-1,phon1246,Phong,1229,thaw.44,phonetic,old,,,,
14-140-820-1,phon1246,Phong,1207,kɔ:n.24 ne:n.24,phonetic,young,,,,
14-120-820-1,phon1246,Phong,1789,ʔa.24 ńuʔ.44,phonetic,age,,,,
14-130-820-1,phon1246,Phong,1231,bə:j.44,phonetic,new,,,,
14-110-820-1,phon1246,Phong,892,we.21 la.21,phonetic,time,,,,
13-440-820-1,phon1246,Phong,417,pa.24 cɨ.21,phonetic,three times,,,,
13-420-820-1,phon1246,Phong,1859,thi.42 pa.24,phonetic,third,,,,
13-380-820-1,phon1246,Phong,1546,ha:l.24 cɨ.21,phonetic,two times,,,,
13-370-820-1,phon1246,Phong,1888,khu.42,phonetic,pair,,,,
13-360-820-1,phon1246,Phong,1384,thi.42 ha:l.24,phonetic,second,,,,
13-350-820-1,phon1246,Phong,1529,sut.45 tha:j.42,phonetic,last,,,,
13-340-820-1,phon1246,Phong,728,mu.21 jak.45,phonetic,first,,,,
13-330-820-1,phon1246,Phong,1580,mu.21 ke.44,phonetic,"alone, only",,,,
13-240-820-1,phon1246,Phong,816,khɨŋ.42,phonetic,half,,,,
13-230-820-1,phon1246,Phong,779,suan.44,phonetic,"part, piece",,,,
13-220-820-1,phon1246,Phong,1624,he:t.21,phonetic,empty,,,,
13-210-820-1,phon1246,Phong,1429,blam.24,phonetic,full,,,,
13-190-820-1,phon1246,Phong,2023,ńiaw.21 kun.21,phonetic,"multitude, crowd",,,,
13-181-820-1,phon1246,Phong,1241,ba:ŋ.44,phonetic,some,,,,
13-170-820-1,phon1246,Phong,1242,ʔɔj.44,phonetic,"little (quantity), few",,,,
13-180-820-1,phon1246,Phong,1881,phɔ.44,phonetic,enough,,,,
13-160-820-1,phon1246,Phong,1992,ńiaw.21 kwa.44,phonetic,more,,,,
13-150-820-1,phon1246,Phong,1198,ńiaw.21,phonetic,"much, many",,,,
13-140-820-1,phon1246,Phong,98,ka.44 he:t.21,phonetic,"every, all",,,,
13-107-820-1,phon1246,Phong,1420,nap.44,phonetic,count,,,,
13-106-820-1,phon1246,Phong,1843,mu.21 pan.21,phonetic,thousand,,,,
13-105-820-1,phon1246,Phong,1634,mu.21 lɔ:j.42,phonetic,hundred,,,,
13-104-820-1,phon1246,Phong,1710,ha:l.24 cuk.44,phonetic,twenty,,,,
13-103-820-1,phon1246,Phong,1709,mal.0 dam.24,phonetic,fifteen,,,,
13-102-820-1,phon1246,Phong,1707,mal.0 ha:l.24,phonetic,twelve,,,,
13-101-820-1,phon1246,Phong,1706,mal.0 mo:t.21,phonetic,eleven,,,,
13-100-820-1,phon1246,Phong,1515,ma:l.21,phonetic,ten,,,,
12-930-820-1,phon1246,Phong,1264,pian.44,phonetic,change,,,,
12-920-820-1,phon1246,Phong,1558,khɨ.21,phonetic,"like, similar",,,,
12-840-820-1,phon1246,Phong,1048,ca:k.42,phonetic,line,,,,
12-850-820-1,phon1246,Phong,1667,ho:ŋ.44,phonetic,hole,,,,
12-830-820-1,phon1246,Phong,1845,ple.44 ba:n.24,phonetic,"sphere, ball",,,,
12-810-820-1,phon1246,Phong,1395,klum.24,phonetic,round,,,,
12-820-820-1,phon1246,Phong,1467,wuŋ.21 klum.24,phonetic,circle,,,,
12-780-820-1,phon1246,Phong,850,si.44 liam.42,phonetic,square,,,,
12-770-820-1,phon1246,Phong,1367,khwaj.44,phonetic,cross,,,,
12-760-820-1,phon1246,Phong,192,cɛ.24,phonetic,corner,,,,
12-750-820-1,phon1246,Phong,1071,khɔ.24,phonetic,hook,,,,
12-740-820-1,phon1246,Phong,297,wal.21,phonetic,crooked,,,,
12-730-820-1,phon1246,Phong,1404,ŋal.24,phonetic,straight,,,,
12-710-820-1,phon1246,Phong,1633,lian.42,phonetic,flat,,,,
12-680-820-1,phon1246,Phong,193,ka:n.42,phonetic,shallow,,,,
12-670-820-1,phon1246,Phong,1593,khlu.21,phonetic,deep,,,,
12-650-820-1,phon1246,Phong,2249,ba:ŋ.24,phonetic,thin (in dimension),,,,
12-630-820-1,phon1246,Phong,1244,kə̆taj.21,phonetic,thick (in dimension),,,,
12-620-820-1,phon1246,Phong,1267,hlɔ:m.44,phonetic,narrow,,,,
12-610-820-1,phon1246,Phong,1243,kwa:ŋ.44,phonetic,"wide, broad",,,,
12-590-820-1,phon1246,Phong,1645,tam.42,phonetic,short,,,,
12-580-820-1,phon1246,Phong,711,jo:n.24,phonetic,tall,,,,
12-570-820-1,phon1246,Phong,1203,jo:n.24,phonetic,long,,,,
12-560-820-1,phon1246,Phong,1246,dɔj.44,phonetic,"small, little",,,,
12-550-820-1,phon1246,Phong,1202,ne.21,phonetic,"large, big",,,,
12-541-820-1,phon1246,Phong,81,ka:ŋ.24,phonetic,"span, fathom",,,,
12-540-820-1,phon1246,Phong,1506,piak.42,phonetic,measure,,,,
12-530-820-1,phon1246,Phong,479,ne.21,phonetic,grow,,,,
12-480-820-1,phon1246,Phong,1595,pɨ:n.42,phonetic,south,,,,
12-470-820-1,phon1246,Phong,1598,le:ŋ.42,phonetic,north,,,,
12-460-820-1,phon1246,Phong,1817,plə:j.21 bləp.45,phonetic,west,,,,
12-450-820-1,phon1246,Phong,1877,plə:j.21 le:ŋ.24,phonetic,east,,,,
12-430-820-1,phon1246,Phong,1942,də.24,phonetic,near (adv),,,,
12-430-820-2,phon1246,Phong,1942,ŋa:j.44,phonetic,near (adv),,,,
12-420-820-1,phon1246,Phong,244,kla:j.44,phonetic,left (side),,,,
12-410-820-1,phon1246,Phong,1019,tək.44,phonetic,right (side),,,,
12-370-820-1,phon1246,Phong,1093,kɔŋ.24 tia.44,phonetic,"middle, center",,,,
12-360-820-1,phon1246,Phong,682,kɛ:m.44,phonetic,side,,,,
12-353-820-1,phon1246,Phong,863,khɔ:p.21,phonetic,edge,,,,
12-352-820-1,phon1246,Phong,372,lɛ:m.24,phonetic,pointed,,,,
12-350-820-1,phon1246,Phong,742,pian.44,phonetic,end,,,,
12-340-820-1,phon1246,Phong,690,sa.42,phonetic,bottom,,,,
12-320-820-1,phon1246,Phong,721,tam.42,phonetic,low,,,,
12-330-820-1,phon1246,Phong,1753,jo:n.24 sut.45,phonetic,top,,,,
12-310-820-1,phon1246,Phong,1265,jo:n.24,phonetic,high,,,,
12-270-820-1,phon1246,Phong,602,kəduk.45,phonetic,"hide, conceal",,,,
12-250-820-1,phon1246,Phong,1046,dap.45,phonetic,"shut, close",,,,
12-260-820-1,phon1246,Phong,761,tu:m.44,phonetic,cover,,,,
12-240-820-1,phon1246,Phong,1156,bə.44,phonetic,open,,,,
12-232-820-1,phon1246,Phong,1119,bɛ:ŋ.44,phonetic,divide,,,,
12-230-820-1,phon1246,Phong,1359,bɛ:ŋ.44,phonetic,separate,,,,
12-220-820-1,phon1246,Phong,1743,hlo:m.44,phonetic,"join, unite",,,,
12-213-820-1,phon1246,Phong,1576,ka:k.21,phonetic,pile up,,,,
12-212-820-1,phon1246,Phong,371,bɔ:c.21,phonetic,pick up,,,,
12-210-820-1,phon1246,Phong,7,bɔ:c.21,phonetic,"collect, gather",,,,
12-170-820-1,phon1246,Phong,838,sia.21,phonetic,"remains, left overs",,,,
12-160-820-1,phon1246,Phong,987,ʔə.44,phonetic,"remain, stay",,,,
12-150-820-1,phon1246,Phong,1442,təŋ.42,phonetic,stand,,,,
12-140-820-1,phon1246,Phong,215,lam.21,phonetic,lie down,,,,
12-130-820-1,phon1246,Phong,1416,ŋo:j.21,phonetic,sit,,,,
12-120-820-1,phon1246,Phong,998,piaŋ.24,phonetic,put,,,,
12-110-820-1,phon1246,Phong,723,bɔ:n.44,phonetic,place,,,,
11-920-820-1,phon1246,Phong,1098,caŋ.42,phonetic,weigh,,,,
11-910-820-1,phon1246,Phong,884,bɛ:ŋ.44,phonetic,share (distribute),,,,
11-890-820-1,phon1246,Phong,1887,tɔ:ŋ.44,phonetic,cheap,,,,
11-880-820-1,phon1246,Phong,1426,phe:ŋ.21,phonetic,"dear (costly, expensive)",,,,
11-870-820-1,phon1246,Phong,657,la.21 kha.21,phonetic,price,,,,
11-860-820-1,phon1246,Phong,752,ha:n.42 kha.42,phonetic,"store, shop",,,,
11-850-820-1,phon1246,Phong,633,tə̆la:t.21,phonetic,market (place),,,,
11-840-820-1,phon1246,Phong,1082,phɔ.42 kha.42,phonetic,merchant,,,,
11-830-820-1,phon1246,Phong,2135,pian.44,phonetic,"trade, barter",,,,
11-820-820-1,phon1246,Phong,1571,pa:ń.44,phonetic,sell,,,,
11-810-820-1,phon1246,Phong,1869,ca:k.21,phonetic,buy,,,,
11-790-820-1,phon1246,Phong,733,kɔ.44 la:j.21 til.21,phonetic,earn,,,,
11-780-820-1,phon1246,Phong,1122,ka.21 ca:ŋ.44,phonetic,wages,,,,
11-770-820-1,phon1246,Phong,856,ca:ŋ.44,phonetic,hire,,,,
11-690-820-1,phon1246,Phong,873,pha.44 si.24,phonetic,"tax, tribute",,,,
11-660-820-1,phon1246,Phong,1081,min.21 ban.24 si.21,phonetic,"account, reckoning",,,,
11-650-820-1,phon1246,Phong,718,ca:j.44,phonetic,pay (vb),,,,
11-640-820-1,phon1246,Phong,1914,ni.44,phonetic,debt,,,,
11-630-820-1,phon1246,Phong,369,de:ŋ.24 ni.44,phonetic,owe,,,,
11-620-820-1,phon1246,Phong,1823,thi:n.24 jɨ:m.24,phonetic,borrow,,,,
11-610-820-1,phon1246,Phong,582,cə.24 jɨ:m.24,phonetic,lend,,,,
11-540-820-1,phon1246,Phong,1774,khi.21 thi.44,phonetic,"avaricious, stingy",,,,
11-530-820-1,phon1246,Phong,1934,thi:n.24 tha:n.21,phonetic,beggar,,,,
11-520-820-1,phon1246,Phong,1674,thuk.44,phonetic,poor,,,,
11-510-820-1,phon1246,Phong,712,hlaŋ.42,phonetic,rich,,,,
11-430-820-1,phon1246,Phong,1559,ŋin.44,phonetic,money,,,,
11-330-820-1,phon1246,Phong,1660,bit.45,phonetic,lose,,,,
11-320-820-1,phon1246,Phong,719,sɔ:k.42,phonetic,find,,,,
11-310-820-1,phon1246,Phong,1468,sɔ:k.42,phonetic,"seek, look for",,,,
11-280-820-1,phon1246,Phong,44,tham.21 la:j.42,phonetic,"harm, injure, damage",,,,
11-250-820-1,phon1246,Phong,2008,sɔ:j.42 lɨa.24,phonetic,"save, rescue",,,,
11-240-820-1,phon1246,Phong,1997,bəŋ.44,phonetic,"preserve, look after",,,,
11-220-820-1,phon1246,Phong,85,tia.24 cə.24,phonetic,give back,,,,
11-210-820-1,phon1246,Phong,1447,cə.24,phonetic,give,,,,
11-180-820-1,phon1246,Phong,738,do.21,phonetic,thing,,,,
11-160-820-1,phon1246,Phong,694,til.21,phonetic,"get, obtain",,,,
11-150-820-1,phon1246,Phong,1448,ko.24,phonetic,hold,,,,
11-140-820-1,phon1246,Phong,2021,ńam.44,phonetic,"seize, grasp",,,,
11-130-820-1,phon1246,Phong,1749,le.42,phonetic,take,,,,
11-120-820-1,phon1246,Phong,684,caw.44,phonetic,"own, possess",,,,
11-110-820-1,phon1246,Phong,773,kɔ.44,phonetic,have,,,,
10-920-820-1,phon1246,Phong,1922,le:ŋ.24 phlu.44,phonetic,land (vb),,,,
10-910-820-1,phon1246,Phong,610,pɛ:n.44 do:k.21,phonetic,"harbor, port",,,,
10-870-820-1,phon1246,Phong,184,saw.24 do:k.21,phonetic,mast,,,,
10-860-820-1,phon1246,Phong,108,tɔ:j.44 do:k.21,phonetic,rudder,,,,
10-851-820-1,phon1246,Phong,234,blɛ.44 pha:j.21,phonetic,paddle (noun),,,,
10-850-820-1,phon1246,Phong,108,kun.21 pa:j.21 do:k.21,phonetic,oar,,,,
10-830-820-1,phon1246,Phong,1844,do:k.21,phonetic,boat,,,,
10-810-820-1,phon1246,Phong,740,do:k.21,phonetic,ship,,,,
10-770-820-1,phon1246,Phong,1769,kɛ:n.24,phonetic,axle,,,,
10-760-820-1,phon1246,Phong,710,lɔ.42,phonetic,wheel,,,,
10-750-820-1,phon1246,Phong,122,tu.42,phonetic,"carriage, wagon, cart",,,,
10-740-820-1,phon1246,Phong,1011,kho.24,phonetic,bridge,,,,
10-720-820-1,phon1246,Phong,2252,ne.42 ńa:ŋ.42,phonetic,path,,,,
10-710-820-1,phon1246,Phong,667,khla.44 ne.42,phonetic,road,,,,
10-670-820-1,phon1246,Phong,1452,suk.44,phonetic,"push, shove",,,,
10-660-820-1,phon1246,Phong,367,do:m.24,phonetic,ride,,,,
10-650-820-1,phon1246,Phong,741,khap.45,phonetic,drive,,,,
10-630-820-1,phon1246,Phong,1127,tia.24,phonetic,send,,,,
10-620-820-1,phon1246,Phong,692,la:j.21 ti.21,phonetic,bring,,,,
10-615-820-1,phon1246,Phong,415,nep.45,phonetic,carry-underarm,,,,
10-614-820-1,phon1246,Phong,414,pe.42,phonetic,carry-on-head,,,,
10-612-820-1,phon1246,Phong,412,ko.24,phonetic,carry-in-hand,,,,
10-610-820-1,phon1246,Phong,700,wa:k.21,phonetic,carry (bear),,,,
10-570-820-1,phon1246,Phong,749,lɔ:n.21,phonetic,enter,,,,
10-560-820-1,phon1246,Phong,1778,lɔ:n.21 də.24,phonetic,approach,,,,
10-550-820-1,phon1246,Phong,1387,te:ŋ.44,phonetic,"reach, arrive",,,,
10-530-820-1,phon1246,Phong,1047,to:ŋ.24 nam.21,phonetic,pursue,,,,
10-520-820-1,phon1246,Phong,1085,nam.21 ti.21,phonetic,follow,,,,
10-510-820-1,phon1246,Phong,956,cal.42,phonetic,flee,,,,
10-491-820-1,phon1246,Phong,485,waŋ.44,phonetic,disappear,,,,
10-490-820-1,phon1246,Phong,1752,sa.24 ńa:ŋ.42,phonetic,"go away, depart",,,,
10-481-820-1,phon1246,Phong,581,lup.45 la:j.21,phonetic,come back,,,,
10-481-820-2,phon1246,Phong,581,lup.45 la:j.21,phonetic,come back,,,,
10-480-820-1,phon1246,Phong,1446,la:j.42,phonetic,come,,,,
10-474-820-1,phon1246,Phong,1107,sa.24 tj.21,phonetic,go out,,,,
10-473-820-1,phon1246,Phong,2014,suaj.24 tit.45,phonetic,go down,,,,
10-472-820-1,phon1246,Phong,1102,bɔ.24,phonetic,climb,,,,
10-470-820-1,phon1246,Phong,695,ti.21,phonetic,go,,,,
10-471-820-1,phon1246,Phong,705,le:ŋ.24 huj.44,phonetic,go up,,,,
10-460-820-1,phon1246,Phong,1519,to:ŋ.24,phonetic,run,,,,
10-451-820-1,phon1246,Phong,366,lup.45 no:n.21,phonetic,limp,,,,
10-450-820-1,phon1246,Phong,1443,ńa:ŋ.42,phonetic,walk,,,,
10-440-820-1,phon1246,Phong,1879,phɔ:n.42,phonetic,dance,,,,
10-431-820-1,phon1246,Phong,1135,teʔ.45,phonetic,kick,,,,
10-430-820-1,phon1246,Phong,1829,pɛk.45,phonetic,"jump, leap",,,,
10-420-820-1,phon1246,Phong,1324,kle:t.42,phonetic,"slide, slip",,,,
10-413-820-1,phon1246,Phong,296,me:p.21,phonetic,crouch,,,,
10-412-820-1,phon1246,Phong,66,khup.44 khaw.21,phonetic,kneel,,,,
10-410-820-1,phon1246,Phong,96,bɔ.24,phonetic,"creep, crawl",,,,
10-380-820-1,phon1246,Phong,175,tu:c.21,phonetic,blow,,,,
10-370-820-1,phon1246,Phong,1441,pil.24,phonetic,fly (vb),,,,
10-360-820-1,phon1246,Phong,787,wa:j.44 do:k.21,phonetic,sail (vb),,,,
10-352-820-1,phon1246,Phong,365,su:l.21,phonetic,splash,,,,
10-351-820-1,phon1246,Phong,119,lan.42,phonetic,dive,,,,
10-350-820-1,phon1246,Phong,1439,lɔ:j.42,phonetic,swim,,,,
10-340-820-1,phon1246,Phong,1574,lɔ:j.42,phonetic,float,,,,
10-330-820-1,phon1246,Phong,1088,dik.45,phonetic,sink,,,,
10-320-820-1,phon1246,Phong,2003,klo:j.24,phonetic,flow,,,,
10-260-820-1,phon1246,Phong,1909,juŋ.24,phonetic,shake,,,,
10-252-820-1,phon1246,Phong,702,num.42,phonetic,catch (ball),,,,
10-250-820-1,phon1246,Phong,1456,kə̆duŋ.44,phonetic,throw,,,,
10-240-820-1,phon1246,Phong,2253,hluŋ.44,phonetic,drip,,,,
10-230-820-1,phon1246,Phong,1280,hluŋ.44,phonetic,fall,,,,
10-220-820-1,phon1246,Phong,501,kit.45,phonetic,"raise, lift",,,,
10-210-820-1,phon1246,Phong,568,le:ŋ.24,phonetic,rise,,,,
10-170-820-1,phon1246,Phong,430,wɛŋ.21,phonetic,twist,,,,
10-160-820-1,phon1246,Phong,808,hluŋ.44,phonetic,drop (vb),,,,
10-140-820-1,phon1246,Phong,1113,tu:m.44,phonetic,"wind, wrap",,,,
10-140-820-2,phon1246,Phong,1113,pa.44,phonetic,"wind, wrap",,,,
10-130-820-1,phon1246,Phong,1445,pli:n.44,phonetic,turn around,,,,
10-120-820-1,phon1246,Phong,1588,khlɨp.45,phonetic,turn over,,,,
10-110-820-1,phon1246,Phong,765,khɨan.21 waj.24,phonetic,move,,,,
9-890-820-1,phon1246,Phong,2001,tha.21 sj.24,phonetic,paint (vb),,,,
9-840-820-1,phon1246,Phong,1979,tuk.44,phonetic,chisel,,,,
9-880-820-1,phon1246,Phong,647,si.24,phonetic,paint (noun),,,,
9-830-820-1,phon1246,Phong,1002,hu:p.21 lɔ.44,phonetic,statue,,,,
9-810-820-1,phon1246,Phong,228,tha:k.21,phonetic,carve,,,,
9-791-820-1,phon1246,Phong,360,kɨm.42,phonetic,fan (vb),,,,
9-790-820-1,phon1246,Phong,1971,phat.44 lom.21,phonetic,fan (noun),,,,
9-780-820-1,phon1246,Phong,293,phle.21,phonetic,netbag,,,,
9-780-820-2,phon1246,Phong,293,paw.24 be.21,phonetic,netbag,,,,
9-771-820-1,phon1246,Phong,292,pha.44 taj.21,phonetic,rug,,,,
9-770-820-1,phon1246,Phong,195,sə̆naʔ.44,phonetic,mat,,,,
9-760-820-1,phon1246,Phong,1539,kə̆ta.42,phonetic,basket,,,,
9-750-820-1,phon1246,Phong,1729,pia.24,phonetic,"weave, plait",,,,
9-740-820-1,phon1246,Phong,604,cɔ:k.21,phonetic,glass,,,,
9-730-820-1,phon1246,Phong,1399,tit.45 ńɛ:l.21,phonetic,clay,,,,
9-710-820-1,phon1246,Phong,359,do.21 phaw.24,phonetic,potter,,,,
9-670-820-1,phon1246,Phong,621,khlɛk.45,phonetic,iron,,,,
9-660-820-1,phon1246,Phong,1825,thɔ:ŋ.44 ʔɛ:l.44,phonetic,"copper, bronze",,,,
9-650-820-1,phon1246,Phong,759,ŋin.44,phonetic,silver,,,,
9-640-820-1,phon1246,Phong,1369,kham.44,phonetic,gold,,,,
9-630-820-1,phon1246,Phong,211,khlɛk.45 lɔ.44,phonetic,cast (metals),,,,
9-620-820-1,phon1246,Phong,1648,khɔ:n.42 thaŋ.42,phonetic,anvil,,,,
9-610-820-1,phon1246,Phong,288,pɔ.44 khlɛk.45,phonetic,forge,,,,
9-600-820-1,phon1246,Phong,1001,sa:ŋ.42 pɔ.44 khlɛk.45,phonetic,"smith, blacksmith",,,,
9-560-820-1,phon1246,Phong,1069,ka:w.24,phonetic,glue,,,,
9-500-820-1,phon1246,Phong,502,tə̆pu.24,phonetic,nail,,,,
9-490-820-1,phon1246,Phong,1481,khɔ:n.42 ti.24,phonetic,hammer,,,,
9-480-820-1,phon1246,Phong,1948,lɨaj.42,phonetic,saw,,,,
9-461-820-1,phon1246,Phong,46,ca.44 sa.24,phonetic,hollow out,,,,
9-460-820-1,phon1246,Phong,1501,cɔʔ.45,phonetic,bore,,,,
9-440-820-1,phon1246,Phong,1840,sa:ŋ.42 ńa.21,phonetic,build,,,,
9-430-820-1,phon1246,Phong,1042,sa:ŋ.42 khlaŋ.21,phonetic,carpenter,,,,
9-422-820-1,phon1246,Phong,1361,do.21 saj.42,phonetic,tool,,,,
9-380-820-1,phon1246,Phong,245,sə̆nɔ:k.21,phonetic,broom,,,,
9-360-820-1,phon1246,Phong,1453,sa.42,phonetic,wash,,,,
9-370-820-1,phon1246,Phong,230,sɔ:k.21,phonetic,sweep,,,,
9-350-820-1,phon1246,Phong,1487,hlɔ:c.21,phonetic,pour,,,,
9-343-820-1,phon1246,Phong,1414,wɛŋ.21,phonetic,"squeeze, wring",,,,
9-342-820-1,phon1246,Phong,1913,ńan.42,phonetic,press,,,,
9-341-820-1,phon1246,Phong,357,klɛ:w.24,phonetic,hang up,,,,
9-340-820-1,phon1246,Phong,38,je:l.24 sa.24,phonetic,spread out,,,,
9-330-820-1,phon1246,Phong,1455,lɔ:j.24,phonetic,pull,,,,
9-320-820-1,phon1246,Phong,214,ńɨ:t.42,phonetic,stretch,,,,
9-310-820-1,phon1246,Phong,1449,kan.42,phonetic,"rub, wipe",,,,
9-290-820-1,phon1246,Phong,291,pla:k.21,phonetic,"flay, skin",,,,
9-280-820-1,phon1246,Phong,1735,sɛ:c.21,phonetic,tear,,,,
9-270-820-1,phon1246,Phong,1437,bɛ:ŋ.44 sa.24,phonetic,split,,,,
9-261-820-1,phon1246,Phong,588,pɛ.44,phonetic,broken,,,,
9-260-820-1,phon1246,Phong,680,pe.42,phonetic,break,,,,
9-250-820-1,phon1246,Phong,677,mlɔ:ŋ.44,phonetic,ax,,,,
9-240-820-1,phon1246,Phong,356,khlaj.24,phonetic,"scissors, shears",,,,
9-230-820-1,phon1246,Phong,1352,kə̆nɛ:l.44,phonetic,knife,,,,
9-223-820-1,phon1246,Phong,1434,cɔʔ.45,phonetic,stab,,,,
9-222-820-1,phon1246,Phong,155,pa.42,phonetic,"chop, hew",,,,
9-221-820-1,phon1246,Phong,355,cɛk.44 suaj.24,phonetic,cut down,,,,
9-220-820-1,phon1246,Phong,1432,cɛk.44,phonetic,cut,,,,
9-211-820-1,phon1246,Phong,354,dɨm.44,phonetic,pound with fist,,,,
9-210-820-1,phon1246,Phong,2133,pɔ.44,phonetic,"strike (hit, beat)",,,,
9-192-820-1,phon1246,Phong,760,kə̆tu:t.21,phonetic,knot (noun),,,,
9-190-820-1,phon1246,Phong,1218,ca:k.42,phonetic,"rope, cord",,,,
9-180-820-1,phon1246,Phong,1627,so.44,phonetic,chain,,,,
9-161-820-1,phon1246,Phong,352,bə.44,phonetic,untie,,,,
9-160-820-1,phon1246,Phong,1917,piak.42,phonetic,"tie, bind",,,,
9-150-820-1,phon1246,Phong,1470,ci:p.21,phonetic,fold,,,,
9-140-820-1,phon1246,Phong,2004,wal.21,phonetic,bend,,,,
9-120-820-1,phon1246,Phong,984,min.21 wiak.42,phonetic,work,,,,
9-110-820-1,phon1246,Phong,2575,min.21,phonetic,"do, make",,,,
8-980-820-1,phon1246,Phong,641,kə̆tat.45,phonetic,mushroom,,,,
8-980-820-2,phon1246,Phong,641,mu.21,phonetic,mushroom,,,,
8-960-820-1,phon1246,Phong,348,bɨa.24 ka.44,phonetic,fish poison (root),,,,
8-941-820-1,phon1246,Phong,146,kɛ.21 mɛ.42,phonetic,sugar cane,,,,
8-940-820-1,phon1246,Phong,1927,kaw.42 phlaj.44,phonetic,bamboo,,,,
8-931-820-1,phon1246,Phong,864,hlaw.24 thɔ:ŋ.21,phonetic,"pumpkin, squash",,,,
8-931-820-2,phon1246,Phong,864,pɔ:l.21,phonetic,"pumpkin, squash",,,,
8-931-820-3,phon1246,Phong,864,ple.44 klɔŋ.21,phonetic,"pumpkin, squash",,,,
8-930-820-1,phon1246,Phong,411,ple.44 diap.21,phonetic,gourd,,,,
8-912-820-1,phon1246,Phong,410,kwa:j.24,phonetic,yam,,,,
8-910-820-1,phon1246,Phong,159,bo:n.24,phonetic,sweet potato,,,,
8-850-820-1,phon1246,Phong,346,khlaŋ.21 si.44,phonetic,banyan,,,,
8-840-820-1,phon1246,Phong,868,kaw.42 ca:j.44,phonetic,banana tree,,,,
8-830-820-1,phon1246,Phong,1126,sum.44,phonetic,citrus fruit,,,,
8-830-820-2,phon1246,Phong,1126,ple.44 ńa:w.21,phonetic,citrus fruit,,,,
8-820-820-1,phon1246,Phong,970,ple.44 pha:w.42,phonetic,coconut,,,,
8-760-820-1,phon1246,Phong,345,da:k.21 khlaŋ.21,phonetic,sap,,,,
8-750-820-1,phon1246,Phong,1204,pɔ:ŋ.44 khlaŋ.21,phonetic,bark,,,,
8-740-820-1,phon1246,Phong,409,ca:ŋ.44,phonetic,forked branch,,,,
8-730-820-1,phon1246,Phong,344,blɔ:ŋ.24,phonetic,tree trunk,,,,
8-691-820-1,phon1246,Phong,1124,kɔ:k.21 su:p.21 ja.24,phonetic,pipe,,,,
8-690-820-1,phon1246,Phong,1689,su:p.21 ja.24,phonetic,smoke (tobacco),,,,
8-690-820-2,phon1246,Phong,1689,ja.24 su:p.21,phonetic,smoke (tobacco),,,,
8-680-820-1,phon1246,Phong,974,kaw.42 ja.24,phonetic,tobacco,,,,
8-620-820-1,phon1246,Phong,1950,ple.44 dɨa.44,phonetic,beech,,,,
8-600-820-1,phon1246,Phong,906,kaw.42 khlaŋ.21,phonetic,tree,,,,
8-570-820-1,phon1246,Phong,239,po:ŋ.24,phonetic,flower,,,,
8-560-820-1,phon1246,Phong,628,khla.44,phonetic,leaf,,,,
8-550-820-1,phon1246,Phong,1531,kə̆ca:ŋ.44,phonetic,branch,,,,
8-540-820-1,phon1246,Phong,670,hlɨac.42,phonetic,root,,,,
8-531-820-1,phon1246,Phong,1486,blo:ŋ.24,phonetic,plant (vb),,,,
8-530-820-1,phon1246,Phong,653,nɛ:w.21 blɔ:ŋ.24,phonetic,plant (noun),,,,
8-510-820-1,phon1246,Phong,606,bat.45,phonetic,grass,,,,
8-480-820-1,phon1246,Phong,926,kə:m.21 sa:j.24,phonetic,rice,,,,
8-470-820-1,phon1246,Phong,506,sə̆li.21,phonetic,"maize, corn",,,,
8-420-820-1,phon1246,Phong,605,hɛ:k.21 kə:m.21,phonetic,"grain (barley, oats etc)",,,,
8-410-820-1,phon1246,Phong,611,kiaw.44,phonetic,"crop, harvest",,,,
8-350-820-1,phon1246,Phong,223,la:n.21 pɔ.44 kə:m.21,phonetic,threshing-floor,,,,
8-340-820-1,phon1246,Phong,285,cak.44,phonetic,thresh,,,,
8-330-820-1,phon1246,Phong,2132,wɛ:k.21,phonetic,"sickle, scythe",,,,
8-330-820-2,phon1246,Phong,2132,kiaw.44,phonetic,"sickle, scythe",,,,
8-320-820-1,phon1246,Phong,190,kiaw.44,phonetic,"mow, reap",,,,
8-311-820-1,phon1246,Phong,714,hɛ:k.21,phonetic,seed,,,,
8-310-820-1,phon1246,Phong,748,wa:c.42,phonetic,sow,,,,
8-270-820-1,phon1246,Phong,338,kha:t.42,phonetic,rake,,,,
8-260-820-1,phon1246,Phong,337,na:w.21,phonetic,fork,,,,
8-250-820-1,phon1246,Phong,284,cok.45,phonetic,hoe,,,,
8-240-820-1,phon1246,Phong,1901,suan.42,phonetic,shovel,,,,
8-230-820-1,phon1246,Phong,1176,cɔ:ŋ.21,phonetic,spade,,,,
8-212-820-1,phon1246,Phong,1794,hɔ:ŋ.42 tit.45,phonetic,furrow,,,,
8-220-820-1,phon1246,Phong,1418,ca.44,phonetic,dig,,,,
8-210-820-1,phon1246,Phong,1921,kha:t.42 thaj.24,phonetic,plow,,,,
8-170-820-1,phon1246,Phong,2002,hɔ:ŋ.42 miaŋ.24,phonetic,ditch,,,,
8-160-820-1,phon1246,Phong,1690,hla:n.21,phonetic,fence,,,,
8-150-820-1,phon1246,Phong,1541,thaj.24,phonetic,"cultivate, till",,,,
8-130-820-1,phon1246,Phong,586,suan.24,phonetic,garden,,,,
8-120-820-1,phon1246,Phong,212,thuŋ.42 na.21,phonetic,field (for cultivation),,,,
8-110-820-1,phon1246,Phong,979,kun.21 min.21 na.21,phonetic,farmer,,,,
7-630-820-1,phon1246,Phong,224,pu:n.24 pa:k.42,phonetic,mortar,,,,
7-580-820-1,phon1246,Phong,876,woŋ.21 kia.42,phonetic,arch,,,,
7-610-820-1,phon1246,Phong,877,sa:ŋ.21 min.21 ńa.21,phonetic,mason,,,,
7-570-820-1,phon1246,Phong,1227,pɛ:n.44,phonetic,board,,,,
7-560-820-1,phon1246,Phong,281,saw.24 ńa.21,phonetic,"post, pole",,,,
7-550-820-1,phon1246,Phong,1132,khɨ.44,phonetic,beam,,,,
7-540-820-1,phon1246,Phong,829,klu:p.21,phonetic,rafter,,,,
7-530-820-1,phon1246,Phong,280,pɛ.24 bun.24,phonetic,ridgepole,,,,
7-520-820-1,phon1246,Phong,279,bɔ:ŋ.24 pa:j.44,phonetic,thatch,,,,
7-510-820-1,phon1246,Phong,769,kə̆bɔŋ.24,phonetic,roof,,,,
7-480-820-1,phon1246,Phong,205,pɔ:k.21 da:k.21,phonetic,trough,,,,
7-470-820-1,phon1246,Phong,745,kla:n.24,phonetic,shelf,,,,
7-460-820-1,phon1246,Phong,1273,thian.21,phonetic,candle,,,,
7-450-820-1,phon1246,Phong,2131,tə̆kiaŋ.24,phonetic,"lamp, torch",,,,
7-440-820-1,phon1246,Phong,1775,toʔ.45,phonetic,table,,,,
7-430-820-1,phon1246,Phong,1476,taŋ.44,phonetic,chair,,,,
7-422-820-1,phon1246,Phong,806,pha.44,phonetic,blanket,,,,
7-421-820-1,phon1246,Phong,1044,mɔ:n.45,phonetic,pillow,,,,
7-420-820-1,phon1246,Phong,1663,tiaŋ.24,phonetic,bed,,,,
7-370-820-1,phon1246,Phong,1464,kə̆ma:n.24,phonetic,ladder,,,,
7-330-820-1,phon1246,Phong,1305,ho:ŋ.44 khɔ:j.44 sa.24,phonetic,chimney,,,,
7-320-820-1,phon1246,Phong,859,taw.45,phonetic,stove,,,,
7-310-820-1,phon1246,Phong,185,bu:ń.24 ku:c.42,phonetic,fireplace,,,,
7-270-820-1,phon1246,Phong,933,tɨŋ.44,phonetic,wall,,,,
7-260-820-1,phon1246,Phong,1632,pɨ:n.42,phonetic,floor,,,,
7-250-820-1,phon1246,Phong,1375,kia.42 bɔ:ŋ.44,phonetic,window,,,,
7-240-820-1,phon1246,Phong,1472,kə̆cɛ.24,phonetic,key,,,,
7-231-820-1,phon1246,Phong,1012,lɔk.44,phonetic,"latch, door-bolt",,,,
7-221-820-1,phon1246,Phong,80,blɛ.44 kia.42,phonetic,"doorpost, jamb",,,,
7-210-820-1,phon1246,Phong,1450,hɔ:ŋ.44,phonetic,room,,,,
7-220-820-1,phon1246,Phong,1567,kia.42,phonetic,"door, gate",,,,
7-170-820-1,phon1246,Phong,334,ńa.21 khua.21,phonetic,cookhouse,,,,
7-150-820-1,phon1246,Phong,736,suan.24,phonetic,"yard, court",,,,
7-131-820-1,phon1246,Phong,403,ńa.21 suan.24,phonetic,garden-house,,,,
7-130-820-1,phon1246,Phong,1678,kə̆pa:ŋ.24,phonetic,hut,,,,
7-120-820-1,phon1246,Phong,1252,ńa.21,phonetic,house,,,,
7-110-820-1,phon1246,Phong,363,ʔə.44,phonetic,"dwell, live",,,,
6-960-820-1,phon1246,Phong,1171,wɛ:n.42,phonetic,mirror,,,,
6-950-820-1,phon1246,Phong,788,sə̆bu.45,phonetic,soap,,,,
6-940-820-1,phon1246,Phong,1926,khla:p.21,phonetic,ointment,,,,
6-940-820-2,phon1246,Phong,1926,ʔɛ.44 ʔɔ:ŋ.24,phonetic,ointment,,,,
6-930-820-1,phon1246,Phong,151,mit.45 thɛ.24,phonetic,razor,,,,
6-921-820-1,phon1246,Phong,333,sɛ:w.44,phonetic,braid,,,,
6-920-820-1,phon1246,Phong,1821,phɛ:ŋ.24,phonetic,brush,,,,
6-910-820-1,phon1246,Phong,1475,kə̆ci:k.42,phonetic,comb,,,,
6-820-820-1,phon1246,Phong,1021,phɛ.44 ńit.45 to.24,phonetic,towel,,,,
6-810-820-1,phon1246,Phong,332,phɛ.44 ńit.45 mat.44,phonetic,"handkerchief, rag",,,,
6-790-820-1,phon1246,Phong,68,sak.45 la:j.21,phonetic,tattoo,,,,
6-780-820-1,phon1246,Phong,330,kɛ:p.21,phonetic,"headband, headdress",,,,
6-780-820-2,phon1246,Phong,330,piak.42 suk.45,phonetic,"headband, headdress",,,,
6-770-820-1,phon1246,Phong,770,klɛ:ŋ.24 sa:j.24,phonetic,earring,,,,
6-760-820-1,phon1246,Phong,1860,ke:k.21 cɛ:w.24,phonetic,bead,,,,
6-750-820-1,phon1246,Phong,1961,sa:j.24 sɔ:j.44,phonetic,necklace,,,,
6-740-820-1,phon1246,Phong,1754,klam.21,phonetic,bracelet,,,,
6-730-820-1,phon1246,Phong,1374,wɛ:n.24,phonetic,ring (for finger),,,,
6-720-820-1,phon1246,Phong,1029,phet.44,phonetic,jewel,,,,
6-620-820-1,phon1246,Phong,757,ple.44 kok.45,phonetic,button,,,,
6-610-820-1,phon1246,Phong,1851,tu:j.44 ʔa:w.44,phonetic,pocket,,,,
6-580-820-1,phon1246,Phong,867,lɔ:ŋ.24 sj.24,phonetic,glove,,,,
6-570-820-1,phon1246,Phong,772,ca:k.42 lɨŋ.24,phonetic,"belt, girdle",,,,
6-550-820-1,phon1246,Phong,2130,muak.42,phonetic,"hat, cap",,,,
6-540-820-1,phon1246,Phong,875,sa:ŋ.21 kə:p.21,phonetic,"shoemaker, cobbler",,,,
6-510-820-1,phon1246,Phong,1381,kə:p.21,phonetic,shoe,,,,
6-490-820-1,phon1246,Phong,329,lɔ:ŋ.24 thaw.42,phonetic,"stocking, sock",,,,
6-480-820-1,phon1246,Phong,809,so:ŋ.44 sɔ:n.21,phonetic,trousers,,,,
6-460-820-1,phon1246,Phong,1600,kə̆po:ŋ.24,phonetic,skirt,,,,
6-450-820-1,phon1246,Phong,2012,ko.44 ʔa:w.44,phonetic,collar,,,,
6-440-820-1,phon1246,Phong,1622,ʔa:w.44 ka:m.42,phonetic,shirt,,,,
6-420-820-1,phon1246,Phong,474,ʔa:w.44 kun.21 ke.44,phonetic,woman's dress,,,,
6-390-820-1,phon1246,Phong,157,ńɔ:m.42,phonetic,dye,,,,
6-410-820-1,phon1246,Phong,326,ʔa:w.44 ne.42,phonetic,cloak,,,,
6-380-820-1,phon1246,Phong,1161,da:j.42,phonetic,thread,,,,
6-360-820-1,phon1246,Phong,1382,ki:m.24,phonetic,needle,,,,
6-370-820-1,phon1246,Phong,278,tuk.45,phonetic,awl,,,,
6-340-820-1,phon1246,Phong,1787,hu:p.21,phonetic,loom,,,,
6-330-820-1,phon1246,Phong,133,ta:ń.24,phonetic,weave,,,,
6-320-820-1,phon1246,Phong,277,kəsuaj.24 sak.45,phonetic,spindle,,,,
6-310-820-1,phon1246,Phong,121,kwɛ.24,phonetic,spin,,,,
6-290-820-1,phon1246,Phong,629,khlo:t.21,phonetic,leather,,,,
6-280-820-1,phon1246,Phong,580,suk.45,phonetic,fur,,,,
6-250-820-1,phon1246,Phong,1641,maj.24,phonetic,silk,,,,
6-240-820-1,phon1246,Phong,1850,sak.45,phonetic,cotton,,,,
6-220-820-1,phon1246,Phong,964,suk.45 kɛʔ.45,phonetic,wool,,,,
6-210-820-1,phon1246,Phong,1616,phɛ:n.44,phonetic,cloth,,,,
6-130-820-1,phon1246,Phong,881,sa:ŋ.21 kɛt.45 ʔa:w.44,phonetic,tailor,,,,
6-120-820-1,phon1246,Phong,1895,ʔa:w.44,phonetic,"clothing, clothes",,,,
6-110-820-1,phon1246,Phong,158,tɛ:ŋ.44 soŋ.21,phonetic,put on (clothes),,,,
5-971-820-1,phon1246,Phong,1556,klə:ŋ.44 kɔ:l.24,phonetic,egg yolk,,,,
5-970-820-1,phon1246,Phong,744,klə:ŋ.44,phonetic,egg,,,,
5-940-820-1,phon1246,Phong,404,hliaw.42,phonetic,fermented drink,,,,
5-930-820-1,phon1246,Phong,1639,bia.24,phonetic,beer,,,,
5-900-820-1,phon1246,Phong,731,nɛ:w.21 ńo.42,phonetic,"beverage, drink",,,,
5-870-820-1,phon1246,Phong,93,bi:p.21 nw.44,phonetic,milk (vb),,,,
5-850-820-1,phon1246,Phong,862,nam.21 ta:n.24,phonetic,sugar,,,,
5-860-820-1,phon1246,Phong,635,nam.21 nom.21,phonetic,milk (noun),,,,
5-840-820-1,phon1246,Phong,942,da:k.21 mik.44,phonetic,honey,,,,
5-821-820-1,phon1246,Phong,919,ŋa:j.24 tɨp.45,phonetic,chili pepper,,,,
5-820-820-1,phon1246,Phong,1385,cə̆ŋa:j.24,phonetic,pepper,,,,
5-810-820-1,phon1246,Phong,1274,bɔ:j.44,phonetic,salt,,,,
5-791-820-1,phon1246,Phong,323,khaj.24,phonetic,"grease, fat",,,,
5-790-820-1,phon1246,Phong,1484,pu:j.21,phonetic,oil,,,,
5-712-820-1,phon1246,Phong,1966,puaŋ.21,phonetic,bunch,,,,
5-710-820-1,phon1246,Phong,1507,ple.44 khlaŋ.21,phonetic,fruit,,,,
5-700-820-1,phon1246,Phong,593,kwa:j.24,phonetic,potato,,,,
5-660-820-1,phon1246,Phong,832,ple.44 thua.44,phonetic,bean,,,,
5-650-820-1,phon1246,Phong,924,hlaw.24,phonetic,vegetables,,,,
5-640-820-1,phon1246,Phong,1547,da:k.21 kɛ:ŋ.24,phonetic,"soup, broth",,,,
5-630-820-1,phon1246,Phong,1874,hlɔ:c.21 kɔ:k.21,phonetic,sausage,,,,
5-610-820-1,phon1246,Phong,634,mɔ:ŋ.24,phonetic,meat,,,,
5-590-820-1,phon1246,Phong,225,hle.24,phonetic,pestle,,,,
5-580-820-1,phon1246,Phong,224,to.24 kɔ:l.44,phonetic,mortar (2),,,,
5-570-820-1,phon1246,Phong,636,ŋe.42 but.45,phonetic,mill,,,,
5-560-820-1,phon1246,Phong,1033,but.45,phonetic,"crush, grind",,,,
5-550-820-1,phon1246,Phong,1594,pɛ:ŋ.42,phonetic,"meal, flour",,,,
5-540-820-1,phon1246,Phong,274,kan.42,phonetic,knead,,,,
5-530-820-1,phon1246,Phong,273,pɛ:ŋ.24,phonetic,dough,,,,
5-510-820-1,phon1246,Phong,1368,kə̆nom.24 paŋ.24,phonetic,bread,,,,
5-490-820-1,phon1246,Phong,2017,kwɛ.24,phonetic,"stir, mix",,,,
5-480-820-1,phon1246,Phong,1767,khu:t.21,phonetic,scrape,,,,
5-470-820-1,phon1246,Phong,86,khɨŋ.24,phonetic,"sieve, strain",,,,
5-460-820-1,phon1246,Phong,275,pla:k.44 kə̆pɔ:ŋ.44,phonetic,peel,,,,
5-440-820-1,phon1246,Phong,1833,kə:m.44 mɛ:l.42,phonetic,dinner,,,,
5-430-820-1,phon1246,Phong,768,kə:m.44  su:l.44,phonetic,lunch,,,,
5-420-820-1,phon1246,Phong,1322,kə:m.44 khlə:m.44,phonetic,breakfast,,,,
5-410-820-1,phon1246,Phong,1526,ŋi.24,phonetic,meal (a),,,,
5-391-820-1,phon1246,Phong,272,khi:m.21 ni:p.21,phonetic,tongs,,,,
5-390-820-1,phon1246,Phong,1302,buaŋ.44 cɔ:ŋ.24,phonetic,fork (2),,,,
5-380-820-1,phon1246,Phong,1352,kə̆nɛ:l.44,phonetic,knife (2),,,,
5-370-820-1,phon1246,Phong,1378,buaŋ.44,phonetic,spoon,,,,
5-360-820-1,phon1246,Phong,271,tɔ:j.21,phonetic,saucer,,,,
5-350-820-1,phon1246,Phong,476,cɔ:k.21,phonetic,"cup, drinking vessel",,,,
5-330-820-1,phon1246,Phong,1530,ka.24 ba:n.24,phonetic,bowl,,,,
5-340-820-1,phon1246,Phong,270,cɔ:k.21 da:k.21,phonetic,"pitcher, jug",,,,
5-320-820-1,phon1246,Phong,480,tə̆lɛʔ.45 ne.21,phonetic,plate,,,,
5-310-820-1,phon1246,Phong,481,tə̆lɛʔ.45,phonetic,dish,,,,
5-280-820-1,phon1246,Phong,31,ŋe.42 ka:ŋ.24,phonetic,pan,,,,
5-260-820-1,phon1246,Phong,1462,ŋe.42,phonetic,"pot, cooking vessel",,,,
5-270-820-1,phon1246,Phong,854,ka.24 da:k.21,phonetic,kettle,,,,
5-240-820-1,phon1246,Phong,183,ʔop.45,phonetic,bake,,,,
5-250-820-1,phon1246,Phong,1143,taw.24 ʔop.45,phonetic,oven,,,,
5-230-820-1,phon1246,Phong,2146,cɨ:ŋ.24,phonetic,"roast, fry",,,,
5-220-820-1,phon1246,Phong,792,tom.44,phonetic,boil (vb),,,,
5-210-820-1,phon1246,Phong,1100,min.21 kɛ:ŋ.24,phonetic,cook,,,,
5-190-820-1,phon1246,Phong,129,bi:p.21,phonetic,choke,,,,
5-181-820-1,phon1246,Phong,897,dɔ:c.21,phonetic,swallow,,,,
5-180-820-1,phon1246,Phong,321,ńa.44,phonetic,chew,,,,
5-160-820-1,phon1246,Phong,1421,du:c.21,phonetic,suck,,,,
5-150-820-1,phon1246,Phong,848,sɛ:m.44,phonetic,thirst,,,,
5-141-820-1,phon1246,Phong,199,ŋɔ:t.21 hiŋ.42,phonetic,famine,,,,
5-140-820-1,phon1246,Phong,1864,ŋɔ:t.21,phonetic,hunger,,,,
5-130-820-1,phon1246,Phong,1401,ńo.21,phonetic,drink,,,,
5-125-820-1,phon1246,Phong,1728,thu:l.44,phonetic,rotten,,,,
5-124-820-1,phon1246,Phong,1958,hɛ:w.24,phonetic,"green, unripe",,,,
5-123-820-1,phon1246,Phong,178,ci:n.44,phonetic,ripe,,,,
5-122-820-1,phon1246,Phong,1959,klo:ŋ.21,phonetic,raw,,,,
5-121-820-1,phon1246,Phong,269,ci:n.44,phonetic,cooked,,,,
5-120-820-1,phon1246,Phong,256,kɛ:ŋ.24,phonetic,food,,,,
5-110-820-1,phon1246,Phong,1336,ʔan.24,phonetic,eat,,,,
4-990-820-1,phon1246,Phong,590,plɨaj.24,phonetic,"naked, bare",,,,
4-970-820-1,phon1246,Phong,1653,bɔ:t.21 mat.44,phonetic,blind,,,,
4-980-820-1,phon1246,Phong,1463,phli.24,phonetic,intoxicated,,,,
4-960-820-1,phon1246,Phong,1666,ŋɔ:ŋ.42,phonetic,mute,,,,
4-950-820-1,phon1246,Phong,996,sa:j.24 ta:j.21,phonetic,deaf,,,,
4-930-820-1,phon1246,Phong,1125,klo:k.21 la:n.42,phonetic,bald,,,,
4-940-820-1,phon1246,Phong,320,lɛ.42 pa.44,phonetic,lame,,,,
4-920-820-1,phon1246,Phong,1564,kə̆ńa:k.21,phonetic,lazy,,,,
4-912-820-1,phon1246,Phong,168,saw.21 mɔ:j.44,phonetic,rest,,,,
4-910-820-1,phon1246,Phong,1757,mɔ:j.44,phonetic,"tired, weary",,,,
4-890-820-1,phon1246,Phong,655,kɔ.44 phit.45,phonetic,poison,,,,
4-880-820-1,phon1246,Phong,1372,kɔ.44,phonetic,"medicine, drug",,,,
4-870-820-1,phon1246,Phong,597,mɔ.24,phonetic,physician,,,,
4-860-820-1,phon1246,Phong,499,cɨ.42 han.44,phonetic,"cure, heal",,,,
4-858-820-1,phon1246,Phong,497,ba:t.21 lɨp.44,phonetic,scar,,,,
4-857-820-1,phon1246,Phong,1808,tuŋ.42,phonetic,pus,,,,
4-856-820-1,phon1246,Phong,793,kə̆tɛ:ŋ.44,phonetic,boil (noun),,,,
4-854-820-1,phon1246,Phong,148,ŋa.42,phonetic,itch,,,,
4-853-820-1,phon1246,Phong,1903,kɛk.44,phonetic,swelling,,,,
4-852-820-1,phon1246,Phong,1148,sɨm.42,phonetic,bruise,,,,
4-850-820-1,phon1246,Phong,1109,tu.24,phonetic,"wound, sore",,,,
4-843-820-1,phon1246,Phong,102,ʔɛ:l.24 se:t.21,phonetic,cold (catarrh),,,,
4-842-820-1,phon1246,Phong,1957,lam.44 kɔk.45,phonetic,goiter,,,,
4-841-820-1,phon1246,Phong,1534,fe:ŋ.24 ʔɛ:l.24,phonetic,fever,,,,
4-840-820-1,phon1246,Phong,1847,de:ŋ.24 so.21,phonetic,"sick, sickness",,,,
4-830-820-1,phon1246,Phong,1364,no:ŋ.21,phonetic,"well, health",,,,
4-820-820-1,phon1246,Phong,1601,ʔuaj.44,phonetic,weak,,,,
4-810-820-1,phon1246,Phong,785,no:ŋ.21,phonetic,"strong, mighty, powerful",,,,
4-790-820-1,phon1246,Phong,1773,doŋ.24 ma.24 khlo.42,phonetic,"grave, tomb",,,,
4-780-820-1,phon1246,Phong,1719,kɨm.44,phonetic,bury (the dead),,,,
4-770-820-1,phon1246,Phong,767,ma.24 khlo.42,phonetic,corpse,,,,
4-760-820-1,phon1246,Phong,1417,pɔ.44,phonetic,kill,,,,
4-751-820-1,phon1246,Phong,1904,dik.45 da:k.21 ce:t.21,phonetic,drowned,,,,
4-750-820-1,phon1246,Phong,1494,ce:t.21,phonetic,"die, dead",,,,
4-740-820-1,phon1246,Phong,1422,nəŋ.44 ʔə.44,phonetic,"live, living, life",,,,
4-730-820-1,phon1246,Phong,1123,din.44 kɔ:n.24,phonetic,pregnant,,,,
4-720-820-1,phon1246,Phong,1090,tɛ.44,phonetic,born (to be),,,,
4-710-820-1,phon1246,Phong,1152,kɔ.44 kɔ:n.24,phonetic,beget (of father),,,,
4-690-820-1,phon1246,Phong,138,ʔəm.24 da:k.21,phonetic,bathe,,,,
4-680-820-1,phon1246,Phong,52,ki.44 sin.21,phonetic,shiver,,,,
4-670-820-1,phon1246,Phong,1785,min.21,phonetic,have sexual intercourse,,,,
4-660-820-1,phon1246,Phong,676,tu.24 ʔɛ.24,phonetic,defecate,,,,
4-650-820-1,phon1246,Phong,592,tu.24 te.44,phonetic,urinate,,,,
4-640-820-1,phon1246,Phong,1159,kə̆sum.44,phonetic,break wind,,,,
4-630-820-1,phon1246,Phong,1602,jil.42,phonetic,wake up,,,,
4-620-820-1,phon1246,Phong,1920,kə̆po.24,phonetic,dream,,,,
4-612-820-1,phon1246,Phong,1983,səŋal.42,phonetic,snore,,,,
4-610-820-1,phon1246,Phong,1585,lam.44,phonetic,sleep,,,,
4-591-820-1,phon1246,Phong,268,hlun.44,phonetic,dribble,,,,
4-590-820-1,phon1246,Phong,319,lɛ:m.42,phonetic,lick,,,,
4-580-820-1,phon1246,Phong,1403,kat.21,phonetic,bite,,,,
4-570-820-1,phon1246,Phong,1278,ba.44,phonetic,vomit,,,,
4-560-820-1,phon1246,Phong,1440,da:k.21 ca.42,phonetic,spit,,,,
4-550-820-1,phon1246,Phong,126,thə:l.44 sa.24,phonetic,perspire,,,,
4-540-820-1,phon1246,Phong,1621,kə̆cɛk.45,phonetic,sneeze,,,,
4-530-820-1,phon1246,Phong,879,hə.24,phonetic,cough,,,,
4-521-820-1,phon1246,Phong,162,səʔɨk.45,phonetic,hiccough,,,,
4-520-820-1,phon1246,Phong,1028,sə̆ŋa:p.21,phonetic,"yawn, gape",,,,
4-510-820-1,phon1246,Phong,1407,thə.44,phonetic,"breathe, breath",,,,
4-492-820-1,phon1246,Phong,1222,kə̆lɔ.42,phonetic,penis,,,,
4-490-820-1,phon1246,Phong,797,klə:ŋ.44 ta:l.44,phonetic,testicle,,,,
4-470-820-1,phon1246,Phong,804,mot.44 lu:k.42,phonetic,womb,,,,
4-464-820-1,phon1246,Phong,834,ti:t.42,phonetic,buttocks,,,,
4-463-820-1,phon1246,Phong,1745,ti:t.42,phonetic,hip,,,,
4-462-820-1,phon1246,Phong,1681,ləŋ.24,phonetic,waist,,,,
4-461-820-1,phon1246,Phong,1991,hlɔ:c.42,phonetic,"intestines, guts",,,,
4-460-820-1,phon1246,Phong,819,phuŋ.42,phonetic,stomach,,,,
4-452-820-1,phon1246,Phong,1744,ma:m.44,phonetic,spleen,,,,
4-451-820-1,phon1246,Phong,489,me:l.44,phonetic,kidney,,,,
4-450-820-1,phon1246,Phong,1224,lɔ:m.21,phonetic,liver,,,,
4-441-820-1,phon1246,Phong,688,pho:c.21,phonetic,lung,,,,
4-440-820-1,phon1246,Phong,1223,lɛ:m.21 sɛ:m.44,phonetic,heart,,,,
4-430-820-1,phon1246,Phong,1838,su:ń.44,phonetic,navel,,,,
4-420-820-1,phon1246,Phong,154,nu.44,phonetic,udder,,,,
4-412-820-1,phon1246,Phong,796,bu:j.24 nu.44,phonetic,"nipple, teat",,,,
4-410-820-1,phon1246,Phong,1402,nu.44,phonetic,breast (of woman),,,,
4-400-820-1,phon1246,Phong,1592,ŋək.44,phonetic,chest,,,,
4-393-820-1,phon1246,Phong,1201,suk.45,phonetic,feather,,,,
4-392-820-1,phon1246,Phong,1257,kɛ:ŋ.44,phonetic,wing,,,,
4-380-820-1,phon1246,Phong,1389,dɔ:j.44 ci:ŋ.21,phonetic,toe,,,,
4-374-820-1,phon1246,Phong,318,siak.21 ci:ŋ.21,phonetic,footprint,,,,
4-372-820-1,phon1246,Phong,980,kə̆də:l.44,phonetic,heel,,,,
4-371-820-1,phon1246,Phong,803,kə̆tu:t.21 ci:ŋ.21,phonetic,ankle,,,,
4-370-820-1,phon1246,Phong,1301,ci:ŋ.21,phonetic,foot,,,,
4-360-820-1,phon1246,Phong,1371,kul.0 ku:l.44,phonetic,knee,,,,
4-352-820-1,phon1246,Phong,498,kə̆pɔ:m.44,phonetic,calf of leg,,,,
4-351-820-1,phon1246,Phong,800,kaw.42 kə̆pa.44,phonetic,thigh,,,,
4-350-820-1,phon1246,Phong,1297,kə̆pa.44,phonetic,leg,,,,
4-345-820-1,phon1246,Phong,72,kə̆sam.24,phonetic,claw,,,,
4-344-820-1,phon1246,Phong,1258,kə̆sam.24,phonetic,fingernail,,,,
4-342-820-1,phon1246,Phong,1781,dɔ:j.44 me.42,phonetic,thumb,,,,
4-340-820-1,phon1246,Phong,1303,dɔ:j.44 si.24,phonetic,finger,,,,
4-331-820-1,phon1246,Phong,1183,pa:ŋ.44 si.24,phonetic,palm of hand,,,,
4-330-820-1,phon1246,Phong,1277,si.24,phonetic,hand,,,,
4-321-820-1,phon1246,Phong,799,kə̆tu:t.21 si.24,phonetic,wrist,,,,
4-320-820-1,phon1246,Phong,981,khɛ:n.24 sɔ:k.21,phonetic,elbow,,,,
4-312-820-1,phon1246,Phong,1886,kə̆nɛ:t.21,phonetic,armpit,,,,
4-310-820-1,phon1246,Phong,1673,si.24,phonetic,arm,,,,
4-302-820-1,phon1246,Phong,1994,siaŋ.24 ŋək.44,phonetic,collarbone,,,,
4-301-820-1,phon1246,Phong,172,siaŋ.24 ba:j.24,phonetic,shoulderblade,,,,
4-300-820-1,phon1246,Phong,1482,ba:j.24,phonetic,shoulder,,,,
4-290-820-1,phon1246,Phong,1346,ki.24 ko.44 hɔ:j.24,phonetic,throat,,,,
4-281-820-1,phon1246,Phong,1347,san.24 kj.24 ko.44,phonetic,nape of neck,,,,
4-280-820-1,phon1246,Phong,1333,ki.24 ko.44,phonetic,neck,,,,
4-272-820-1,phon1246,Phong,1049,kə̆nɛ:ŋ.24 kəm.42,phonetic,molartooth,,,,
4-270-820-1,phon1246,Phong,1380,kənɛ:ŋ.24,phonetic,tooth,,,,
4-271-820-1,phon1246,Phong,139,ŋa.21 wɔ:j.24,phonetic,gums,,,,
4-271-820-2,phon1246,Phong,139,ci:ŋ.21 kə̆nɛ:ŋ.24,phonetic,gums,,,,
4-260-820-1,phon1246,Phong,1205,la:c.42,phonetic,tongue,,,,
4-250-820-1,phon1246,Phong,478,kə̆bu:j.24,phonetic,lip,,,,
4-241-820-1,phon1246,Phong,73,kə̆bɔ.44 ci:m.24,phonetic,beak,,,,
4-240-820-1,phon1246,Phong,674,mɛ:ŋ.42,phonetic,mouth,,,,
4-232-820-1,phon1246,Phong,208,ʔɛ.44 mu:c.42,phonetic,mucus (nasal),,,,
4-231-820-1,phon1246,Phong,1178,ho:ŋ.44 mu:c.42,phonetic,nostril,,,,
4-230-820-1,phon1246,Phong,1221,mu:c.42,phonetic,nose,,,,
4-222-820-1,phon1246,Phong,32,ʔɛ.44 sa:j.24,phonetic,earwax,,,,
4-221-820-1,phon1246,Phong,18,ci:ŋ.21 pat.44 sa:j.24,phonetic,earlobe,,,,
4-220-820-1,phon1246,Phong,1247,pat.44 sa:j.24,phonetic,ear,,,,
4-215-820-1,phon1246,Phong,1655,kə̆ńik.45 (mat.44),phonetic,blink,,,,
4-214-820-1,phon1246,Phong,1540,suk.45 mat.44,phonetic,eyelash,,,,
4-213-820-1,phon1246,Phong,17,kə̆pɔ:ŋ.44 mat.44,phonetic,eyelid,,,,
4-212-820-1,phon1246,Phong,1173,suk.45 mat.44,phonetic,eyebrow,,,,
4-210-820-1,phon1246,Phong,1248,mat.44,phonetic,eye,,,,
4-208-820-1,phon1246,Phong,1730,kə̆pɛ:w.24,phonetic,cheek,,,,
4-209-820-1,phon1246,Phong,1510,ka:ŋ.21,phonetic,chin,,,,
4-205-820-1,phon1246,Phong,123,dj.24 dɛ:n.44,phonetic,forehead,,,,
4-207-820-1,phon1246,Phong,798,ka:ŋ.21,phonetic,jaw,,,,
4-204-820-1,phon1246,Phong,1560,mat.44,phonetic,face,,,,
4-203-820-1,phon1246,Phong,1583,khlɔ.44,phonetic,brain,,,,
4-201-820-1,phon1246,Phong,1604,kə̆pɛ:w.24,phonetic,"side of head, temple",,,,
4-202-820-1,phon1246,Phong,1605,siaŋ.24 klo:k.21,phonetic,skull,,,,
4-200-820-1,phon1246,Phong,1256,klo:k.21,phonetic,head,,,,
4-191-820-1,phon1246,Phong,805,siaŋ.24 khlɔ:ŋ.44,phonetic,spine,,,,
4-190-820-1,phon1246,Phong,1291,khlɔ:ŋ.44,phonetic,back,,,,
4-180-820-1,phon1246,Phong,1220,tɔ:j.21,phonetic,tail,,,,
4-170-820-1,phon1246,Phong,1393,khləŋ.21,phonetic,horn,,,,
4-162-820-1,phon1246,Phong,801,siaŋ.24 phla:ń.24,phonetic,rib,,,,
4-160-820-1,phon1246,Phong,1394,siaŋ.24,phonetic,bone,,,,
4-151-820-1,phon1246,Phong,525,sin.44 sa:m.44,phonetic,"vein, artery",,,,
4-150-820-1,phon1246,Phong,946,sa:m.44,phonetic,blood,,,,
4-146-820-1,phon1246,Phong,576,ŋa.21,phonetic,dandruff,,,,
4-145-820-1,phon1246,Phong,36,suk.45 lɛ:l.44,phonetic,pubic hair,,,,
4-145-820-2,phon1246,Phong,36,suk.45 kə̆lɔ.42,phonetic,pubic hair,,,,
4-144-820-1,phon1246,Phong,189,suk.45,phonetic,body hair,,,,
4-142-820-1,phon1246,Phong,678,suk.45 bɛ:p.21,phonetic,beard,,,,
4-140-820-1,phon1246,Phong,1040,suk.45,phonetic,hair (head),,,,
4-130-820-1,phon1246,Phong,2259,mɔ:ŋ.24,phonetic,flesh,,,,
4-120-820-1,phon1246,Phong,763,khlo:t.21,phonetic,"skin, hide",,,,
4-110-820-1,phon1246,Phong,1480,to.24,phonetic,body,,,,
3-980-820-1,phon1246,Phong,112,hlɔ.21,phonetic,turtle,,,,
3-960-820-1,phon1246,Phong,632,kə̆dɔ.44,phonetic,lizard,,,,
3-950-820-1,phon1246,Phong,503,kop.45,phonetic,frog,,,,
3-940-820-1,phon1246,Phong,1543,kluk.44 klɛ:l.24,phonetic,snail,,,,
3-930-820-1,phon1246,Phong,607,bok.44 ba:j.24,phonetic,grasshopper,,,,
3-920-820-1,phon1246,Phong,1791,to.24 lam.21 pa:m.44,phonetic,butterfly,,,,
3-910-820-1,phon1246,Phong,206,to.24 lɔm.21 tɔ:m.44,phonetic,firefly,,,,
3-850-820-1,phon1246,Phong,730,siŋ.44,phonetic,snake,,,,
3-840-820-1,phon1246,Phong,1219,kɛ:l.44,phonetic,worm,,,,
3-832-820-1,phon1246,Phong,1509,ŋɔ:ŋ.21,phonetic,mosquito,,,,
3-831-820-1,phon1246,Phong,95,ŋɔ:ŋ.21,phonetic,"sandfly (midge), gnat",,,,
3-830-820-1,phon1246,Phong,1504,hlɔ:j.21,phonetic,fly,,,,
3-823-820-1,phon1246,Phong,1517,ʔɔ:ŋ.24 cə̆ʔa:ń.24,phonetic,wasp,,,,
3-822-820-1,phon1246,Phong,88,sw.44 ʔɔ:ŋ.24,phonetic,beehive,,,,
3-821-820-1,phon1246,Phong,1931,mik.44 ʔɔ:ŋ.24,phonetic,beeswax,,,,
3-820-820-1,phon1246,Phong,665,ʔɔ:ŋ.24,phonetic,bee,,,,
3-819-820-1,phon1246,Phong,1065,su.44,phonetic,spider web,,,,
3-818-820-1,phon1246,Phong,843,nuŋ.21 na:ŋ.42,phonetic,spider,,,,
3-817-820-1,phon1246,Phong,587,kɛ:n.42,phonetic,ant,,,,
3-816-820-1,phon1246,Phong,1575,ca:n.44,phonetic,cockroach,,,,
3-815-820-1,phon1246,Phong,1538,mɛŋ.21 ŋɔ:t.42,phonetic,scorpion,,,,
3-814-820-1,phon1246,Phong,1974,lep.21 si:p.21,phonetic,centipede,,,,
3-813-820-1,phon1246,Phong,232,cɛ:t.21,phonetic,flea,,,,
3-812-820-1,phon1246,Phong,267,klə:ŋ.44 ci.44,phonetic,nit (louse egg),,,,
3-811-820-1,phon1246,Phong,1392,ci.44,phonetic,louse,,,,
3-811-820-2,phon1246,Phong,1392,phliŋ.44,phonetic,louse,,,,
3-810-820-1,phon1246,Phong,620,pil.24,phonetic,insect,,,,
3-770-820-1,phon1246,Phong,1290,wɔ:j.24,phonetic,elephant,,,,
3-760-820-1,phon1246,Phong,1350,wɔ:k.21,phonetic,monkey,,,,
3-750-820-1,phon1246,Phong,1936,to.24 de.24,phonetic,deer,,,,
3-740-820-1,phon1246,Phong,1312,cɔ.44 cɔ:k.21,phonetic,fox,,,,
3-730-820-1,phon1246,Phong,1820,to.24 ku.21,phonetic,bear,,,,
3-710-820-1,phon1246,Phong,522,cɔ.44 pli.24,phonetic,wolf,,,,
3-665-820-1,phon1246,Phong,1013,ka.44 laj.24,phonetic,freshwater eel,,,,
3-655-820-1,phon1246,Phong,598,hɔ:j.24,phonetic,shell,,,,
3-654-820-1,phon1246,Phong,1916,kə̆pe:l.24,phonetic,gill,,,,
3-653-820-1,phon1246,Phong,266,kə̆pɛk.44,phonetic,fishscale,,,,
3-652-820-1,phon1246,Phong,213,kɛŋ.42,phonetic,fin (dorsal),,,,
3-650-820-1,phon1246,Phong,227,ka.44,phonetic,fish,,,,
3-630-820-1,phon1246,Phong,2139,kə̆ne.44,phonetic,"mouse, rat",,,,
3-620-820-1,phon1246,Phong,1208,mɛ:w.24,phonetic,cat,,,,
3-614-820-1,phon1246,Phong,1136,kə̆ta:j.44,phonetic,rabbit,,,,
3-610-820-1,phon1246,Phong,2009,cɔ.44,phonetic,dog,,,,
3-594-820-1,phon1246,Phong,1853,to.24 ku.0 ku.24,phonetic,dove,,,,
3-596-820-1,phon1246,Phong,735,to.24 bo.24,phonetic,owl,,,,
3-593-820-1,phon1246,Phong,913,to.24 ʔa:k.42,phonetic,crow,,,,
3-592-820-1,phon1246,Phong,882,ci:m.24 kɛ:w.42,phonetic,parrot,,,,
3-591-820-1,phon1246,Phong,1793,to.24 ńə:k.42,phonetic,bat,,,,
3-585-820-1,phon1246,Phong,307,hɛ:l.24,phonetic,hawk,,,,
3-581-820-1,phon1246,Phong,937,ci:m.24,phonetic,bird,,,,
3-580-820-1,phon1246,Phong,539,su.44,phonetic,nest,,,,
3-570-820-1,phon1246,Phong,1360,vi:t.42,phonetic,duck,,,,
3-560-820-1,phon1246,Phong,1187,ha:n.42,phonetic,goose,,,,
3-550-820-1,phon1246,Phong,1318,ka.24,phonetic,chicken,,,,
3-540-820-1,phon1246,Phong,1514,ka.24 me.42,phonetic,hen,,,,
3-520-820-1,phon1246,Phong,1511,ka.24 jo:ŋ.24,phonetic,"cock, rooster",,,,
3-500-820-1,phon1246,Phong,265,ci:m.24,phonetic,fowl,,,,
3-450-820-1,phon1246,Phong,1647,kɔ:n.24 ma.42,phonetic,"foal, colt",,,,
3-440-820-1,phon1246,Phong,938,ma.42 me.42,phonetic,mare,,,,
3-420-820-1,phon1246,Phong,936,ma.42 pla:j.21,phonetic,stallion,,,,
3-410-820-1,phon1246,Phong,615,ma.42,phonetic,horse (equine),,,,
3-380-820-1,phon1246,Phong,1972,kɔ:n.24 phɛʔ.45,phonetic,kid,,,,
3-370-820-1,phon1246,Phong,264,phɛʔ.45 pla:j.21,phonetic,he-goat,,,,
3-360-820-1,phon1246,Phong,1502,phɛʔ.45,phonetic,goat,,,,
3-350-820-1,phon1246,Phong,1337,ku:l.42,phonetic,pig,,,,
3-340-820-1,phon1246,Phong,1351,ku:l.42 me.42,phonetic,sow (2),,,,
3-320-820-1,phon1246,Phong,1348,ku:l.42 phli.24 pla:j.21,phonetic,boar,,,,
3-290-820-1,phon1246,Phong,820,kɔ:n.24 kɛʔ.45,phonetic,lamb,,,,
3-280-820-1,phon1246,Phong,1345,kɛʔ.45 me.42,phonetic,ewe,,,,
3-260-820-1,phon1246,Phong,1344,kɛʔ.45 pla:j.21,phonetic,ram,,,,
3-250-820-1,phon1246,Phong,1331,kɛʔ.45,phonetic,sheep,,,,
3-240-820-1,phon1246,Phong,1989,kɔ:n.24 ŋua.21,phonetic,calf,,,,
3-230-820-1,phon1246,Phong,1007,ŋua.21 me.42,phonetic,cow,,,,
3-210-820-1,phon1246,Phong,1008,ŋua.21 pla:j.21,phonetic,bull,,,,
3-200-820-1,phon1246,Phong,1153,ŋua.21 klu.24,phonetic,cattle (bovine),,,,
3-190-820-1,phon1246,Phong,851,khɔ:k.42 sat.45,phonetic,"stable, stall",,,,
3-180-820-1,phon1246,Phong,263,kun.21 duaj.24 sat.45,phonetic,herdsman,,,,
3-160-820-1,phon1246,Phong,649,thuŋ.21 duaj.24 sat.45,phonetic,pasture,,,,
3-130-820-1,phon1246,Phong,2262,me.42,phonetic,female (adj),,,,
3-120-820-1,phon1246,Phong,2261,pla:j.21,phonetic,male (adj),,,,
3-120-820-2,phon1246,Phong,2261,lo:ŋ.24,phonetic,male (adj),,,,
3-110-820-1,phon1246,Phong,619,sat.45,phonetic,animal,,,,
2-960-820-1,phon1246,Phong,817,cuʔ.45 han.44,phonetic,they,,,,
2-950-820-1,phon1246,Phong,1213,pi.24 thaw.44,phonetic,you (plural),,,,
2-950-820-2,phon1246,Phong,1213,cuʔ.24 thaw.44,phonetic,you (plural),,,,
2-940-820-1,phon1246,Phong,1212,cuʔ.45 me:ŋ.44,phonetic,we,,,,
2-930-820-1,phon1246,Phong,262,han.44,phonetic,he/she/it,,,,
2-930-820-2,phon1246,Phong,262,pa.24,phonetic,he/she/it,,,,
2-920-820-1,phon1246,Phong,1215,mi.44,phonetic,you (singular),,,,
2-920-820-2,phon1246,Phong,1215,thaw.44,phonetic,you (singular),,,,
2-910-820-1,phon1246,Phong,1209,cak.45,phonetic,I,,,,
2-910-820-2,phon1246,Phong,1209,so.24,phonetic,I,,,,
2-820-820-1,phon1246,Phong,194,khɔ:p.42 khua.21 ńa.21,phonetic,family,,,,
2-810-820-1,phon1246,Phong,1644,tɛ:ŋ.24 kan.24,phonetic,"relatives, kinsmen",,,,
2-770-820-1,phon1246,Phong,1981,ʔi.24 khla.42,phonetic,widower,,,,
2-760-820-1,phon1246,Phong,1756,me.42 khla.42,phonetic,widow,,,,
2-750-820-1,phon1246,Phong,1149,kɔ:n.24 khla.42,phonetic,orphan,,,,
2-740-820-1,phon1246,Phong,1058,kɔ:n.24 ke.44 maj.44,phonetic,stepdaughter,,,,
2-730-820-1,phon1246,Phong,1059,kɔ:n.24 maj.44,phonetic,stepson,,,,
2-720-820-1,phon1246,Phong,236,me.42 maj.44,phonetic,stepmother,,,,
2-710-820-1,phon1246,Phong,237,ʔi.24 maj.44,phonetic,stepfather,,,,
2-640-820-1,phon1246,Phong,2265,ʔu:j.24,phonetic,daughter-in-law (of a man),,,,
2-621-820-1,phon1246,Phong,2257,me.42 ńa.42,phonetic,mother-in-law (of a woman),,,,
2-620-820-1,phon1246,Phong,2256,ńa.42,phonetic,mother-in-law (of a man),,,,
2-611-820-1,phon1246,Phong,2254,pu.44,phonetic,father-in-law (of a woman),,,,
2-610-820-1,phon1246,Phong,2255,pu.44,phonetic,father-in-law (of a man),,,,
2-570-820-1,phon1246,Phong,490,kɔ:n.24 caw.44,phonetic,descendants,,,,
2-560-820-1,phon1246,Phong,1669,ʔi.24 ta.24,phonetic,ancestors,,,,
2-550-820-1,phon1246,Phong,1643,ma:ŋ.42 ʔɛ:m.24,phonetic,cousin,,,,
2-540-820-1,phon1246,Phong,1642,caw.44 kɔ:n.24 ke.44,phonetic,niece,,,,
2-530-820-1,phon1246,Phong,1063,caw.44,phonetic,nephew,,,,
2-520-820-1,phon1246,Phong,1272,ma.44 ʔa:j.44,phonetic,aunt,,,,
2-510-820-1,phon1246,Phong,1327,ʔo:ŋ.44 ʔa:j.44,phonetic,uncle,,,,
2-480-820-1,phon1246,Phong,1618,caw.44,phonetic,grandson,,,,
2-490-820-1,phon1246,Phong,1619,caw.44 kɔ:n.24 ke.44,phonetic,granddaughter,,,,
2-471-820-1,phon1246,Phong,907,na:j.21 thaw.44,phonetic,old woman,,,,
2-470-820-1,phon1246,Phong,1496,ńa.42,phonetic,grandmother,,,,
2-470-820-2,phon1246,Phong,1496,na:j.21,phonetic,grandmother,,,,
2-461-820-1,phon1246,Phong,406,kun.21 thaw.44,phonetic,old man,,,,
2-460-820-1,phon1246,Phong,1383,ʔo:ŋ.44 pu.44,phonetic,grandfather,,,,
2-460-820-2,phon1246,Phong,1383,ʔo:ŋ.44 ta.24,phonetic,grandfather,,,,
2-458-820-1,phon1246,Phong,1005,kɔ:n.24 kam.0 phɛ:p.42,phonetic,twins,,,,
2-456-820-1,phon1246,Phong,1640,ma:ŋ.42 ʔɛ:m.24,phonetic,sibling,,,,
2-455-820-1,phon1246,Phong,1761,ʔɛ:m.24 kɔ:n.24 ke.44,phonetic,younger sister,,,,
2-454-820-1,phon1246,Phong,1758,ʔə:j.44,phonetic,older sister,,,,
2-445-820-1,phon1246,Phong,1760,ʔɛ:m.24,phonetic,younger brother,,,,
2-444-820-1,phon1246,Phong,1759,ʔa:j.44,phonetic,older brother,,,,
2-420-820-1,phon1246,Phong,1357,kɔ:n.24 ʔə:j.44,phonetic,daughter,,,,
2-410-820-1,phon1246,Phong,1620,kɔ:n.24 ʔa:j.44,phonetic,son,,,,
2-390-820-1,phon1246,Phong,426,kɔ:n.24 ke.44 kɔ.44 ʔo:ŋ.24,phonetic,married woman,,,,
2-380-820-1,phon1246,Phong,424,kɔ:n.24 pla:l.24 kɔ.44 mu.42,phonetic,married man,,,,
2-370-820-1,phon1246,Phong,505,ʔi.24 me.42,phonetic,parents,,,,
2-350-820-1,phon1246,Phong,1217,ʔi.24,phonetic,father,,,,
2-341-820-1,phon1246,Phong,1134,hla:ŋ.21,phonetic,divorce,,,,
2-330-820-1,phon1246,Phong,203,min.21 dɔ:ŋ.24,phonetic,marry,,,,
2-320-820-1,phon1246,Phong,1199,mu.42,phonetic,wife,,,,
2-310-820-1,phon1246,Phong,1200,ʔo:ŋ.24,phonetic,husband,,,,
2-280-820-1,phon1246,Phong,1289,kɔ:n.24 ko:l.24,phonetic,"infant, baby",,,,
2-270-820-1,phon1246,Phong,1304,kɔ:n.24 diat.21,phonetic,child,,,,
2-261-820-1,phon1246,Phong,77,kɔ:n.24 ma:j.44,phonetic,young woman (adolescent),,,,
2-260-820-1,phon1246,Phong,1646,kɔ:n.24 diat.21 kɔ:n.24 ke.44,phonetic,girl,,,,
2-251-820-1,phon1246,Phong,76,kɔ:n.24 ne:n.24,phonetic,young man (adolescent),,,,
2-251-820-2,phon1246,Phong,76,num.44 pla:l.24,phonetic,young man (adolescent),,,,
2-250-820-1,phon1246,Phong,1366,kɔ:n.24 diat.21 kɔ:n.24 pla:l.24,phonetic,boy,,,,
2-240-820-1,phon1246,Phong,1551,to.24 mu.42,phonetic,female,,,,
2-230-820-1,phon1246,Phong,1553,to.24 jo:ŋ.24,phonetic,male,,,,
2-230-820-2,phon1246,Phong,1553,to.24 pla:j.21,phonetic,male,,,,
2-220-820-1,phon1246,Phong,962,kɔ:n.24 ke.44,phonetic,woman,,,,
2-210-820-1,phon1246,Phong,1554,kɔ:n.24 pla:l.24,phonetic,man (vs. woman),,,,
2-100-820-1,phon1246,Phong,683,kun.21,phonetic,"person, human being",,,,
1-890-820-1,phon1246,Phong,1188,tha:n.44 khlaŋ.21,phonetic,charcoal,,,,
1-880-820-1,phon1246,Phong,10,ku:c.42,phonetic,firewood,,,,
1-870-820-1,phon1246,Phong,1133,kə̆nɛk.44,phonetic,match (noun),,,,
1-861-820-1,phon1246,Phong,127,sit.44,phonetic,extinguish,,,,
1-860-820-1,phon1246,Phong,737,pɛ:t.21,phonetic,"light, kindle, ignite",,,,
1-852-820-1,phon1246,Phong,1428,cal.44,phonetic,burn (vb intrans),,,,
1-851-820-1,phon1246,Phong,141,ku:m.24,phonetic,burn (vb trans),,,,
1-841-820-1,phon1246,Phong,67,kə̆caŋ.24 ku:c.42 ha:ŋ.21,phonetic,embers,,,,
1-840-820-1,phon1246,Phong,646,bu:ń.24,phonetic,ashes,,,,
1-830-820-1,phon1246,Phong,778,khɔ:j.44,phonetic,smoke (noun),,,,
1-820-820-1,phon1246,Phong,889,mə:l.44 ku:c.42,phonetic,flame (noun),,,,
1-810-820-1,phon1246,Phong,221,ku:c.42,phonetic,fire,,,,
1-770-820-1,phon1246,Phong,617,da:k.21 kɛ:n.44,phonetic,ice,,,,
1-750-820-1,phon1246,Phong,658,kəma.21,phonetic,rain (noun),,,,
1-740-820-1,phon1246,Phong,249,kə̆mɔ:k.42,phonetic,fog,,,,
1-720-820-1,phon1246,Phong,960,kə̆jɔ.44,phonetic,wind,,,,
1-730-820-1,phon1246,Phong,1489,mil.24,phonetic,cloud,,,,
1-640-820-1,phon1246,Phong,1977,da:k.21 kə̆mɔ:k.42,phonetic,dew,,,,
1-630-820-1,phon1246,Phong,1388,ŋaw.21,phonetic,"shade, shadow",,,,
1-620-820-1,phon1246,Phong,11,su:l.44,phonetic,darkness,,,,
1-610-820-1,phon1246,Phong,630,khɔ:ŋ.24,phonetic,light (noun),,,,
1-590-820-1,phon1246,Phong,1733,kla:ŋ.42,phonetic,rainbow,,,,
1-580-820-1,phon1246,Phong,858,kə̆jɔ.44 hlɛ:ŋ.21,phonetic,storm,,,,
1-560-820-1,phon1246,Phong,1150,kil.44,phonetic,thunder,,,,
1-570-820-1,phon1246,Phong,2007,pa.42,phonetic,lightning (as striking),,,,
1-550-820-1,phon1246,Phong,1654,kə̆cə:p.42,phonetic,lightning,,,,
1-540-820-1,phon1246,Phong,1430,kəbe.24,phonetic,star,,,,
1-530-820-1,phon1246,Phong,1313,plɔ:ŋ.44,phonetic,moon,,,,
1-520-820-1,phon1246,Phong,1343,mat.44 plə:j.21,phonetic,sun,,,,
1-510-820-1,phon1246,Phong,1732,plə:j.21,phonetic,sky,,,,
1-430-820-1,phon1246,Phong,1803,khlaŋ.21,phonetic,wood,,,,
1-420-820-1,phon1246,Phong,906,kaw.21 khlaŋ.21,phonetic,tree (cf 08.600),,,,
1-410-820-1,phon1246,Phong,420,phlj.24,phonetic,"woods, forest",,,,
1-390-820-1,phon1246,Phong,943,da:k.21 tok.45 ta:t.21,phonetic,waterfall,,,,
1-380-820-1,phon1246,Phong,1145,nɔ:ŋ.24,phonetic,swamp,,,,
1-370-820-1,phon1246,Phong,2144,da:k.21 sa.24 bɔ.44,phonetic,"spring, well",,,,
1-362-820-1,phon1246,Phong,1982,da:k.21 kwal.44,phonetic,whirlpool,,,,
1-360-820-1,phon1246,Phong,666,me:ʔ.21 da:k.21,phonetic,"river, stream, brook",,,,
1-324-820-1,phon1246,Phong,1768,pɔ:t.21 da:k.21,phonetic,foam,,,,
1-310-820-1,phon1246,Phong,948,da:k.21,phonetic,water,,,,
1-280-820-1,phon1246,Phong,1155,ho:ŋ.44 tham.44,phonetic,cave,,,,
1-270-820-1,phon1246,Phong,113,təphaŋ.44,phonetic,shore,,,,
1-270-820-2,phon1246,Phong,113,pha:k.21,phonetic,shore,,,,
1-240-820-1,phon1246,Phong,921,ŋa:m.21 phu.44,phonetic,valley,,,,
1-230-820-1,phon1246,Phong,652,thuŋ.42,phonetic,"plain, field",,,,
1-222-820-1,phon1246,Phong,618,phu.44 hlɨŋ.21 ceŋ.24,phonetic,"cliff, precipice",,,,
1-220-820-1,phon1246,Phong,2118,phlu.44,phonetic,"mountain, hill",,,,
1-214-820-1,phon1246,Phong,640,nɔ:ŋ.24,phonetic,mud,,,,
1-215-820-1,phon1246,Phong,671,khlɛ.44,phonetic,sand,,,,
1-213-820-1,phon1246,Phong,2,phun.44,phonetic,dust,,,,
1-210-820-1,phon1246,Phong,626,tit.45,phonetic,"earth, land",,,,
14-330-820-1,phon1246,Phong,1544,ba:ŋ.44 thɨa.42,phonetic,sometimes,,,,
14-331-820-1,phon1246,Phong,703,mo.21 ba:t.21,phonetic,soon,,,,
14-332-820-1,phon1246,Phong,418,lo.24 lo.24,phonetic,long-time (for a),,,,
14-340-820-1,phon1246,Phong,1656,nɔ.24 khə:j.21,phonetic,never,,,,
14-350-820-1,phon1246,Phong,204,bə:j.44,phonetic,again,,,,
14-350-820-2,phon1246,Phong,204,ʔɛ:n.44,phonetic,again,,,,
14-410-820-1,phon1246,Phong,1225,ŋi.24,phonetic,day,,,,
14-420-820-1,phon1246,Phong,1233,nam.21 te:m.24,phonetic,night,,,,
14-430-820-1,phon1246,Phong,729,kla:ŋ.42,phonetic,dawn,,,,
14-440-820-1,phon1246,Phong,1339,khlə:m.44,phonetic,morning,,,,
14-451-820-1,phon1246,Phong,1807,ba:j.44,phonetic,afternoon,,,,
14-460-820-1,phon1246,Phong,1629,su:l.44 lɛ:w.21,phonetic,evening,,,,
14-470-820-1,phon1246,Phong,1283,pia.42 nəj.24,phonetic,today,,,,
14-480-820-1,phon1246,Phong,1329,pia.42 ja:w.21,phonetic,tomorrow,,,,
14-481-820-1,phon1246,Phong,1179,pia.42 mo:c.21,phonetic,day-after-tomorrow,,,,
14-490-820-1,phon1246,Phong,1174,pia.42 jɨp.45,phonetic,yesterday,,,,
14-491-820-1,phon1246,Phong,1180,pia.42 jɨp.45 mo:c.21,phonetic,day-before-yesterday,,,,
14-510-820-1,phon1246,Phong,1353,sua.42 mo:ŋ.21,phonetic,hour,,,,
14-530-820-1,phon1246,Phong,1323,mo:ŋ.21,phonetic,"clock, timepiece",,,,
14-610-820-1,phon1246,Phong,1469,ʔa.21 thit.44,phonetic,week,,,,
14-620-820-1,phon1246,Phong,1699,wan.21 thit.44,phonetic,Sunday,,,,
14-630-820-1,phon1246,Phong,1697,wan.21 can.24,phonetic,Monday,,,,
14-640-820-1,phon1246,Phong,1695,wan.21 kha:n.44,phonetic,Tuesday,,,,
14-650-820-1,phon1246,Phong,1694,wan.21 phut.44,phonetic,Wednesday,,,,
14-660-820-1,phon1246,Phong,1693,wan.21 pə̆hat.45,phonetic,Thursday,,,,
14-670-820-1,phon1246,Phong,1692,wan.21 suk.45,phonetic,Friday,,,,
14-680-820-1,phon1246,Phong,1700,wan.21 saw.45,phonetic,Saturday,,,,
14-710-820-1,phon1246,Phong,1370,khla:ŋ.44,phonetic,month,,,,
14-730-820-1,phon1246,Phong,1226,cɨm.24,phonetic,year,,,,
14-740-820-1,phon1246,Phong,1471,ńa:m.21 na:c.21,phonetic,winter,,,,
14-760-820-1,phon1246,Phong,1342,ńa:m.21 thə:l.44,phonetic,summer,,,,
14-780-820-1,phon1246,Phong,691,ńa:m.21,phonetic,season,,,,
15-210-820-1,phon1246,Phong,1587,khi:l.44,phonetic,smell (vb intrans),,,,
15-212-820-1,phon1246,Phong,375,hu:ń.24,phonetic,sniff,,,,
15-220-820-1,phon1246,Phong,1586,hu:ń.24,phonetic,smell (vb trans),,,,
15-250-820-1,phon1246,Phong,376,thə:m.24,phonetic,"fragrant, good smelling",,,,
15-260-820-1,phon1246,Phong,42,hɔ:j.24,phonetic,"stinking, bad smelling",,,,
15-310-820-1,phon1246,Phong,21,haw.42,phonetic,taste,,,,
15-350-820-1,phon1246,Phong,717,ŋɔ:c.42,phonetic,sweet,,,,
15-360-820-1,phon1246,Phong,1091,mɛŋ.42,phonetic,salty,,,,
15-370-820-1,phon1246,Phong,887,caŋ.44,phonetic,bitter,,,,
15-380-820-1,phon1246,Phong,1906,sum.44,phonetic,"acid, sour",,,,
15-410-820-1,phon1246,Phong,1408,til.21 ŋɛ.24,phonetic,hear,,,,
15-420-820-1,phon1246,Phong,1608,ŋɛ.2445,phonetic,listen,,,,
15-440-820-1,phon1246,Phong,1811,siaŋ.2445,phonetic,"sound, noise",,,,
15-450-820-1,phon1246,Phong,377,khle:ŋ.24,phonetic,loud,,,,
15-460-820-1,phon1246,Phong,1314,waŋ.44,phonetic,"quiet, silence",,,,
15-510-820-1,phon1246,Phong,1409,na:m.24,phonetic,see,,,,
15-520-820-1,phon1246,Phong,1819,bəŋ.44,phonetic,"look, look at",,,,
15-550-820-1,phon1246,Phong,1039,le.21 cɨ.24 bəŋ.44,phonetic,show,,,,
15-550-820-2,phon1246,Phong,1039,sə̆dɛ:ŋ.24,phonetic,show,,,,
15-560-820-1,phon1246,Phong,708,sɔ:ŋ.44 khɔ:ŋ.24,phonetic,shine,,,,
15-570-820-1,phon1246,Phong,679,kla:ŋ.42,phonetic,bright,,,,
15-610-820-1,phon1246,Phong,1613,si.24,phonetic,color,,,,
15-620-820-1,phon1246,Phong,250,si.24 ʔɔ:n.44,phonetic,light (in color),,,,
15-630-820-1,phon1246,Phong,706,si.24 khem.21,phonetic,dark (in color),,,,
15-640-820-1,phon1246,Phong,1335,pa:k.42,phonetic,white,,,,
15-650-820-1,phon1246,Phong,163,kliaŋ.44,phonetic,black,,,,
15-660-820-1,phon1246,Phong,156,ko:l.24,phonetic,red,,,,
15-670-820-1,phon1246,Phong,837,siw.24,phonetic,blue,,,,
15-680-820-1,phon1246,Phong,1425,hɛ:w.24,phonetic,green,,,,
15-690-820-1,phon1246,Phong,1424,ʔɛ:l.44,phonetic,yellow,,,,
15-710-820-1,phon1246,Phong,1892,nɨm.42,phonetic,touch,,,,
15-712-820-1,phon1246,Phong,378,kap.45,phonetic,pinch,,,,
15-720-820-1,phon1246,Phong,1079,hlu.44 sik.45,phonetic,feel,,,,
15-740-820-1,phon1246,Phong,1884,ke:n.44,phonetic,hard,,,,
15-750-820-1,phon1246,Phong,1856,ne:m.21,phonetic,soft,,,,
15-760-820-1,phon1246,Phong,1923,no:n.21 lup.45,phonetic,rough,,,,
15-770-820-1,phon1246,Phong,1234,lian.42,phonetic,smooth,,,,
15-780-820-1,phon1246,Phong,1396,lip.44,phonetic,sharp,,,,
15-790-820-1,phon1246,Phong,379,tu:m.21,phonetic,"blunt, dull",,,,
15-810-820-1,phon1246,Phong,1210,nan.44,phonetic,heavy,,,,
15-820-820-1,phon1246,Phong,1052,ńɛ:l.44,phonetic,light (in weight),,,,
15-830-820-1,phon1246,Phong,1726,su:l.21,phonetic,"wet, damp",,,,
15-840-820-1,phon1246,Phong,1398,sa:w.44,phonetic,dry,,,,
15-840-820-2,phon1246,Phong,1398,khlɔ.44,phonetic,dry,,,,
15-840-820-3,phon1246,Phong,1398,lɛ:n.42,phonetic,dry,,,,
15-850-820-1,phon1246,Phong,1286,thə:l.21,phonetic,hot,,,,
15-851-820-1,phon1246,Phong,1232,sɨ.21 ʔɨm.44,phonetic,warm,,,,
15-860-820-1,phon1246,Phong,1287,mɛ:l.42,phonetic,cold,,,,
15-870-820-1,phon1246,Phong,704,jat.45,phonetic,clean,,,,
15-880-820-1,phon1246,Phong,1230,ńə:p.21,phonetic,"dirty, soiled",,,,
15-890-820-1,phon1246,Phong,380,hut.45,phonetic,wrinkled,,,,
16-110-820-1,phon1246,Phong,53,wa:j.44,phonetic,"soul, spirit",,,,
16-150-820-1,phon1246,Phong,1572,pə̆la:t.21 caj.24,phonetic,"surprised, astonished",,,,
16-180-820-1,phon1246,Phong,720,so:k.42 di.24,phonetic,"good fortune, luck",,,,
16-190-820-1,phon1246,Phong,56,so:k.42 ha:j.42,phonetic,"misfortune, bad luck",,,,
16-230-820-1,phon1246,Phong,1495,kɔ.44 khwa:m.44 suk.45,phonetic,"joyful, glad, happy",,,,
16-250-820-1,phon1246,Phong,1355,kiaj.21,phonetic,laugh,,,,
16-251-820-1,phon1246,Phong,1451,ńim.42,phonetic,smile,,,,
16-260-820-1,phon1246,Phong,1413,ʔial.44,phonetic,play,,,,
16-270-820-1,phon1246,Phong,923,hak.45,phonetic,love,,,,
16-270-820-2,phon1246,Phong,923,mak.45,phonetic,love,,,,
16-290-820-1,phon1246,Phong,578,cu:p.21,phonetic,kiss,,,,
16-300-820-1,phon1246,Phong,928,kɔ:t.21,phonetic,embrace,,,,
16-310-820-1,phon1246,Phong,1783,tu.24,phonetic,pain,,,,
16-320-820-1,phon1246,Phong,1668,sia.24 caj.24,phonetic,"grief, sorrow, sadness",,,,
16-330-820-1,phon1246,Phong,1000,de:ŋ.24 huaŋ.44,phonetic,"anxiety, worry",,,,
16-340-820-1,phon1246,Phong,1875,sia.24 caj.24,phonetic,"regret, be sorry",,,,
16-350-820-1,phon1246,Phong,1141,soŋ.24 sa:n.24,phonetic,pity,,,,
16-370-820-1,phon1246,Phong,1839,ńa:m.42,phonetic,"cry, weep",,,,
16-380-820-1,phon1246,Phong,1651,da:k.21 mat.44,phonetic,tear (noun),,,,
16-390-820-1,phon1246,Phong,716,hle:ŋ.24,phonetic,groan,,,,
16-410-820-1,phon1246,Phong,1607,ke:t.21,phonetic,hate,,,,
16-420-820-1,phon1246,Phong,82,hla:j.42,phonetic,anger,,,,
16-440-820-1,phon1246,Phong,40,huaŋ.24,phonetic,"envy, jealousy",,,,
16-450-820-1,phon1246,Phong,1776,po.21 ʔo.44,phonetic,shame (noun),,,,
16-480-820-1,phon1246,Phong,174,di.24 caj.24,phonetic,proud,,,,
16-510-820-1,phon1246,Phong,1779,ha:n.24,phonetic,dare,,,,
16-520-820-1,phon1246,Phong,3,ka.42 ha:n.24,phonetic,brave,,,,
16-530-820-1,phon1246,Phong,781,jɨ:l.42,phonetic,"fear, fright",,,,
16-540-820-1,phon1246,Phong,1810,ʔan.21 tə̆la:j.44,phonetic,danger,,,,
16-620-820-1,phon1246,Phong,1784,tɔ:ŋ.42 ka:n.24,phonetic,"desire, want",,,,
16-622-820-1,phon1246,Phong,1750,liak.21,phonetic,choose,,,,
16-630-820-1,phon1246,Phong,1092,waŋ.24,phonetic,hope,,,,
16-650-820-1,phon1246,Phong,100,sɨ.42 sat.45,phonetic,faithful,,,,
16-660-820-1,phon1246,Phong,1657,thɛ.42,phonetic,true,,,,
16-670-820-1,phon1246,Phong,601,ka.21 to:j.44,phonetic,"lie, tell lies",,,,
16-680-820-1,phon1246,Phong,13,lɔ:k.21 luaŋ.44,phonetic,deceit,,,,
16-690-820-1,phon1246,Phong,1528,thi:n.24 tho:t.42,phonetic,forgive,,,,
16-710-820-1,phon1246,Phong,1035,khak.44,phonetic,good,,,,
16-710-820-2,phon1246,Phong,1035,de:ŋ.24,phonetic,good,,,,
16-720-820-1,phon1246,Phong,1292,sua.42,phonetic,bad,,,,
16-730-820-1,phon1246,Phong,1725,ńam.44,phonetic,"right, correct",,,,
16-740-820-1,phon1246,Phong,1390,phit.45,phonetic,wrong,,,,
16-770-820-1,phon1246,Phong,1293,khɔ.44 phit.45,phonetic,"mistake, error",,,,
16-780-820-1,phon1246,Phong,381,tam.21 niʔ.45,phonetic,blame,,,,
16-790-820-1,phon1246,Phong,1687,ńɔ:ŋ.42,phonetic,praise,,,,
16-810-820-1,phon1246,Phong,1427,jat.45,phonetic,beautiful,,,,
16-820-820-1,phon1246,Phong,1548,tɛ.21 kɛ:t.21,phonetic,ugly,,,,
16-830-820-1,phon1246,Phong,2018,khi.21 mo.42,phonetic,greedy,,,,
16-840-820-1,phon1246,Phong,1310,hlu.44,phonetic,clever,,,,
17-110-820-1,phon1246,Phong,1562,saj.42 caj.24,phonetic,mind,,,,
17-130-820-1,phon1246,Phong,1415,ŋi.42,phonetic,think (= reflect),,,,
17-140-820-1,phon1246,Phong,1513,ŋi.42,phonetic,think (= be of the opinion),,,,
17-150-820-1,phon1246,Phong,1890,sia.42 caj.24,phonetic,believe,,,,
17-160-820-1,phon1246,Phong,1536,khaw.21 caj.24,phonetic,understand,,,,
17-170-820-1,phon1246,Phong,1410,hlu.44,phonetic,know,,,,
17-171-820-1,phon1246,Phong,1932,kaʔ.45,phonetic,guess,,,,
17-172-820-1,phon1246,Phong,117,lian.21,phonetic,imitate,,,,
17-180-820-1,phon1246,Phong,1521,bəŋ.44 khɨ.21,phonetic,seem,,,,
17-190-820-1,phon1246,Phong,1609,mɛ:ŋ.44 khit.44,phonetic,"idea, notion",,,,
17-210-820-1,phon1246,Phong,698,sə̆la:t.21,phonetic,wise,,,,
17-220-820-1,phon1246,Phong,1518,pa.24 ŋo.42,phonetic,"foolish, stupid",,,,
17-230-820-1,phon1246,Phong,1899,nɔ.24 hlu.44,phonetic,"insane, crazy",,,,
17-240-820-1,phon1246,Phong,504,hian.21 hlu.44,phonetic,learn,,,,
17-242-820-1,phon1246,Phong,1929,hian.21,phonetic,study,,,,
17-250-820-1,phon1246,Phong,709,sɔ:n.24,phonetic,teach,,,,
17-260-820-1,phon1246,Phong,753,nak.44 hian.21,phonetic,pupil,,,,
17-270-820-1,phon1246,Phong,1038,khu.21,phonetic,teacher,,,,
17-280-820-1,phon1246,Phong,673,ho:ŋ.21 hian.21,phonetic,school,,,,
17-310-820-1,phon1246,Phong,707,cɨ.44 cam.24,phonetic,remember,,,,
17-320-820-1,phon1246,Phong,1523,mlo:ŋ.21,phonetic,forget,,,,
17-340-820-1,phon1246,Phong,989,sat.44 ke:n.24,phonetic,"clear, plain",,,,
17-350-820-1,phon1246,Phong,1764,mua.21,phonetic,obscure,,,,
17-360-820-1,phon1246,Phong,1121,mɛ:ŋ.44 lo:m.42,phonetic,secret,,,,
17-370-820-1,phon1246,Phong,509,man.42 caj.24,phonetic,"sure, certain",,,,
17-380-820-1,phon1246,Phong,1626,ʔăthĭba:j.24,phonetic,explain,,,,
17-410-820-1,phon1246,Phong,1162,muŋ.21 bəŋ.44,phonetic,"intention, purpose",,,,
17-420-820-1,phon1246,Phong,860,sa.24 he:t.21,phonetic,cause,,,,
17-430-820-1,phon1246,Phong,1308,soŋ.24 saj.24,phonetic,doubt,,,,
17-440-820-1,phon1246,Phong,1841,kaʔ.45 khə̆ne.21,phonetic,suspect,,,,
17-441-820-1,phon1246,Phong,1902,lo:m.42,phonetic,betray,,,,
17-450-820-1,phon1246,Phong,643,mɛ:ŋ.44 tɔ:ŋ.42 ka:n.24,phonetic,"need, necessity",,,,
17-460-820-1,phon1246,Phong,686,hlɛ.44,phonetic,easy,,,,
17-470-820-1,phon1246,Phong,584,khɔ.44,phonetic,difficult,,,,
17-480-820-1,phon1246,Phong,1812,lɔ:ŋ.21,phonetic,"try, attempt",,,,
17-490-820-1,phon1246,Phong,488,khla.44 ne.42,phonetic,"way, manner",,,,
17-510-820-1,phon1246,Phong,1577,təm.44,phonetic,and,,,,
17-520-820-1,phon1246,Phong,1157,kaʔ.45 wa.21,phonetic,because,,,,
17-540-820-1,phon1246,Phong,1014,lɨ.45,phonetic,or,,,,
17-550-820-1,phon1246,Phong,1268,mɛ:n.42,phonetic,"yes, affirmative",,,,
17-560-820-1,phon1246,Phong,1269,ta.44,phonetic,"no, negative",,,,
17-560-820-2,phon1246,Phong,1269,nɔ.24 mɛ:n.42,phonetic,"no, negative",,,,
17-610-820-1,phon1246,Phong,1239,nɛ:w.21 mo.24,phonetic,how?,,,,
17-620-820-1,phon1246,Phong,822,bil.44,phonetic,how many?,,,,
17-620-820-2,phon1246,Phong,822,dɛ.24 mo.24,phonetic,how many?,,,,
17-630-820-1,phon1246,Phong,531,dɛ.24 mo.24,phonetic,how much?,,,,
17-640-820-1,phon1246,Phong,1236,me.21 ʔe.24,phonetic,what?,,,,
17-650-820-1,phon1246,Phong,1238,pia.42 mo.24,phonetic,when?,,,,
17-660-820-1,phon1246,Phong,1237,ʔămo.24,phonetic,where?,,,,
17-670-820-1,phon1246,Phong,727,ke.44 me.24,phonetic,which?,,,,
17-680-820-1,phon1246,Phong,1235,ʔe.24,phonetic,who?,,,,
17-690-820-1,phon1246,Phong,1270,min.21 me.24,phonetic,why?,,,,
18-110-820-1,phon1246,Phong,1363,siaŋ.24 kə̆ńaw.24,phonetic,voice,,,,
18-120-820-1,phon1246,Phong,1261,lɔ:ŋ.42 pheŋ.44,phonetic,sing,,,,
18-130-820-1,phon1246,Phong,715,ke:w.24,phonetic,"shout, cry out",,,,
18-150-820-1,phon1246,Phong,55,sə̆ma:c.21,phonetic,whisper,,,,
18-160-820-1,phon1246,Phong,128,cum.44,phonetic,mumble,,,,
18-170-820-1,phon1246,Phong,1025,hɔ:c.21,phonetic,whistle,,,,
18-180-820-1,phon1246,Phong,298,ke:w.24,phonetic,"shriek, screech",,,,
18-210-820-1,phon1246,Phong,1623,law.42,phonetic,"speak, talk",,,,
18-210-820-2,phon1246,Phong,1623,kɔ̆ńaw.21,phonetic,"speak, talk",,,,
18-211-820-1,phon1246,Phong,1866,law.42 ŋɔ:ŋ.42,phonetic,"stutter, stammer",,,,
18-220-820-1,phon1246,Phong,1458,law.42,phonetic,say,,,,
18-221-820-1,phon1246,Phong,1711,law.42 lɨaŋ.42,phonetic,tell story,,,,
18-222-820-1,phon1246,Phong,1115,law.42 ban.24 ńa:j.21,phonetic,speech (make a),,,,
18-230-820-1,phon1246,Phong,48,waŋ.44,phonetic,silent (be),,,,
18-240-820-1,phon1246,Phong,1307,pha.44 sa.24,phonetic,language,,,,
18-260-820-1,phon1246,Phong,1599,mɛ:ŋ.44,phonetic,word,,,,
18-280-820-1,phon1246,Phong,1405,sɨ.42,phonetic,name,,,,
18-310-820-1,phon1246,Phong,1309,ha:ń.24,phonetic,"ask (question, inquire)",,,,
18-320-820-1,phon1246,Phong,1275,tɔ:p.21,phonetic,answer,,,,
18-330-820-1,phon1246,Phong,2022,ńɔ:m.21 hap.44,phonetic,"admit, confess",,,,
18-340-820-1,phon1246,Phong,755,nɔ.24 ńɔ:m.21,phonetic,deny,,,,
18-350-820-1,phon1246,Phong,1828,thi:n.24,phonetic,"ask, request",,,,
18-360-820-1,phon1246,Phong,1675,san.24 ńa.21,phonetic,promise,,,,
18-370-820-1,phon1246,Phong,49,pătĭse:t.21,phonetic,refuse,,,,
18-380-820-1,phon1246,Phong,83,ha:m.44,phonetic,forbid,,,,
18-390-820-1,phon1246,Phong,299,ma.42 jɔ:k.21 kan.24,phonetic,"rebuke, scold",,,,
18-410-820-1,phon1246,Phong,1084,jo.44 pi.24,phonetic,call (=summon),,,,
18-410-820-2,phon1246,Phong,1084,ke:w.24,phonetic,call (=summon),,,,
18-420-820-1,phon1246,Phong,180,ke:w.24,phonetic,call (=name),,,,
18-430-820-1,phon1246,Phong,9,pə̆ka:t.21,phonetic,announce,,,,
18-440-820-1,phon1246,Phong,1192,khu.42,phonetic,threaten,,,,
18-450-820-1,phon1246,Phong,101,ʔuŋ.44,phonetic,boast,,,,
18-510-820-1,phon1246,Phong,1672,khian.24,phonetic,write,,,,
18-520-820-1,phon1246,Phong,724,ʔa:n.44,phonetic,read,,,,
18-560-820-1,phon1246,Phong,648,cia.44,phonetic,paper,,,,
18-570-820-1,phon1246,Phong,794,pə̆ka.24,phonetic,pen,,,,
18-610-820-1,phon1246,Phong,963,naŋ.24 sɨ.24,phonetic,book,,,,
18-710-820-1,phon1246,Phong,777,khuj.44,phonetic,flute,,,,
18-720-820-1,phon1246,Phong,908,kɔ:ŋ.24,phonetic,drum,,,,
18-730-820-1,phon1246,Phong,2136,wi:t.21,phonetic,"horn, trumpet",,,,
19-110-820-1,phon1246,Phong,1300,pə̆the:t.42,phonetic,country,,,,
19-120-820-1,phon1246,Phong,89,ba:n.44 kə:t.21,phonetic,one's native country,,,,
19-150-820-1,phon1246,Phong,1391,mɨaŋ.21,phonetic,"city, town",,,,
19-160-820-1,phon1246,Phong,930,ba:n.44,phonetic,village,,,,
19-170-820-1,phon1246,Phong,1010,sa:j.24 dɛ:n.24,phonetic,boundary,,,,
19-210-820-1,phon1246,Phong,789,pə̆sa.24 son.21,phonetic,people (populace),,,,
19-230-820-1,phon1246,Phong,302,thaj.21,phonetic,"tribe, clan",,,,
19-240-820-1,phon1246,Phong,301,phɔ.42,phonetic,"chief, chieftain",,,,
19-250-820-1,phon1246,Phong,1296,blɛ.44 kun.21 thaw.42,phonetic,"staff, walking stick",,,,
19-310-820-1,phon1246,Phong,1846,puk.45 khɔ:ŋ.21,phonetic,"rule, govern",,,,
19-410-820-1,phon1246,Phong,383,caw.42 na:j.21,phonetic,master,,,,
19-430-820-1,phon1246,Phong,255,kun.21 saj.42,phonetic,servant,,,,
19-450-820-1,phon1246,Phong,1128,kham.21 saŋ.44,phonetic,"command, order",,,,
19-460-820-1,phon1246,Phong,1635,ŋɛ.24 mɛ:ŋ.44,phonetic,obey,,,,
19-510-820-1,phon1246,Phong,1325,mu.44,phonetic,"friend, companion",,,,
19-520-820-1,phon1246,Phong,1358,sə̆tu.45,phonetic,enemy,,,,
19-540-820-1,phon1246,Phong,1332,mu.44 ba:n.44,phonetic,neighbor,,,,
19-550-820-1,phon1246,Phong,791,kun.21 ta:ŋ.44 mat.44,phonetic,stranger,,,,
19-560-820-1,phon1246,Phong,1782,khɛ:k.21,phonetic,guest,,,,
19-570-820-1,phon1246,Phong,1545,caw.42 ńa.21,phonetic,host,,,,
19-580-820-1,phon1246,Phong,1897,suaj.21 lɨa.24,phonetic,"help, aid",,,,
19-590-820-1,phon1246,Phong,1550,pɔ:ŋ.42 kan.24,phonetic,"hinder, prevent",,,,
19-610-820-1,phon1246,Phong,1747,phaʔ.44 phe.44 nj.21,phonetic,custom,,,,
19-620-820-1,phon1246,Phong,1848,thiaŋ.24 kan.24,phonetic,"strife, quarrel",,,,
19-630-820-1,phon1246,Phong,2024,phɛ:n.24 ka:n.24,phonetic,"conspiracy, plot",,,,
19-650-820-1,phon1246,Phong,1831,na:m.24 kan.24,phonetic,meet,,,,
19-720-820-1,phon1246,Phong,1610,me.21 kha.42,phonetic,prostitute,,,,
20-110-820-1,phon1246,Phong,1423,le:w.21 kan.24,phonetic,fight (vb),,,,
20-130-820-1,phon1246,Phong,579,soŋ.24 kha:m.21,phonetic,"war, battle",,,,
20-140-820-1,phon1246,Phong,1338,san.24 ti.0 pha:p.42,phonetic,peace,,,,
20-150-820-1,phon1246,Phong,1561,kɔ:ŋ.24 thap.44,phonetic,army,,,,
20-170-820-1,phon1246,Phong,1941,thə̆ha:n.24,phonetic,soldier,,,,
20-210-820-1,phon1246,Phong,951,pɨ:n.24,phonetic,"weapons, arms",,,,
20-220-820-1,phon1246,Phong,1763,kə̆tu:j.44,phonetic,club,,,,
20-222-820-1,phon1246,Phong,386,mlɔ:ŋ.44,phonetic,battle-ax,,,,
20-230-820-1,phon1246,Phong,387,ca:k.42 kə̆pa:j.44,phonetic,sling,,,,
20-240-820-1,phon1246,Phong,994,sə̆na.44,phonetic,bow,,,,
20-250-820-1,phon1246,Phong,977,li:m.44 na.44,phonetic,arrow,,,,
20-260-820-1,phon1246,Phong,945,ŋa:w.42,phonetic,spear,,,,
20-270-820-1,phon1246,Phong,1535,da:p.21,phonetic,sword,,,,
20-280-820-1,phon1246,Phong,1566,pɨ:n.24,phonetic,"gun, cannon",,,,
20-330-820-1,phon1246,Phong,1680,muak.21 khlɛk.45,phonetic,helmet,,,,
20-350-820-1,phon1246,Phong,1938,pɔ:m.42 pɔ:ŋ.42 kan.24,phonetic,fortress,,,,
20-410-820-1,phon1246,Phong,783,til.21 sə̆naʔ.45,phonetic,victory,,,,
20-420-820-1,phon1246,Phong,782,ńɔ:m.21 lɛ:w.42,phonetic,defeat,,,,
20-430-820-1,phon1246,Phong,722,co:m.24 tj.24,phonetic,attack,,,,
20-440-820-1,phon1246,Phong,1330,pɔ:ŋ.42 kan.24,phonetic,defend,,,,
20-450-820-1,phon1246,Phong,421,la.44 thɔ:j.24,phonetic,retreat,,,,
20-460-820-1,phon1246,Phong,1696,ńɔ:m.21 lɛ:w.42,phonetic,surrender,,,,
20-470-820-1,phon1246,Phong,1072,nak.44 tho:t.42,phonetic,"captive, prisoner",,,,
20-471-820-1,phon1246,Phong,1940,thə̆ha:n.24 ńa:m.321,phonetic,"guard, sentinel",,,,
20-480-820-1,phon1246,Phong,1022,do.21 co:n.24,phonetic,"booty, spoils",,,,
20-490-820-1,phon1246,Phong,65,com.24 ti.24,phonetic,ambush,,,,
20-510-820-1,phon1246,Phong,1858,kun.21 nɨm.42 ka.44,phonetic,fisherman,,,,
20-520-820-1,phon1246,Phong,1074,ku.24,phonetic,fishhook,,,,
20-530-820-1,phon1246,Phong,19,ca:k.21 ku.24,phonetic,fishing line,,,,
20-540-820-1,phon1246,Phong,388,ca:l.21,phonetic,fishnet,,,,
20-550-820-1,phon1246,Phong,389,khlɔ:k.42,phonetic,fish trap,,,,
20-550-820-2,phon1246,Phong,389,saj.21,phonetic,fish trap,,,,
20-560-820-1,phon1246,Phong,2013,ńia.44,phonetic,bait,,,,
20-610-820-1,phon1246,Phong,1435,piŋ.44 sat.45,phonetic,hunt,,,,
20-620-820-1,phon1246,Phong,1172,piŋ.44,phonetic,shoot,,,,
20-630-820-1,phon1246,Phong,161,phit.45,phonetic,miss (target),,,,
20-640-820-1,phon1246,Phong,1075,kap.45,phonetic,trap (noun),,,,
20-650-820-1,phon1246,Phong,1170,piaŋ.24 kap.45,phonetic,trap (vb),,,,
21-240-820-1,phon1246,Phong,1939,sa.24 ba:n.24,phonetic,swear,,,,
21-250-820-1,phon1246,Phong,1712,mɛ:ŋ.44 sa.24 ba:n.24,phonetic,oath,,,,
21-310-820-1,phon1246,Phong,1814,sɔ:k.42 mɛ:ŋ.44,phonetic,accuse,,,,
21-320-820-1,phon1246,Phong,484,min.21 tho:t.42,phonetic,condemn,,,,
21-330-820-1,phon1246,Phong,983,tat.45 sin.24 wa.21 phit.45,phonetic,convict (vb),,,,
21-340-820-1,phon1246,Phong,988,tat.45 sin.24 cɨ.24 kun.21 tho:t.42,phonetic,acquit,,,,
21-350-820-1,phon1246,Phong,1682,kə.44 khwa:m.21 phit.45,phonetic,guilty,,,,
21-360-820-1,phon1246,Phong,90,nɔ.24 til.21 min.21 phit.45,phonetic,innocent,,,,
21-370-820-1,phon1246,Phong,390,ka:n.24 loŋ.21 tho:t.42,phonetic,"penalty, punishment",,,,
21-380-820-1,phon1246,Phong,218,kha.42 pap.45 maj.24,phonetic,fine,,,,
21-390-820-1,phon1246,Phong,1281,lɔ:n.21 khuk.45,phonetic,"prison, jail",,,,
21-420-820-1,phon1246,Phong,845,ka:n.24 kha.21 kun.21,phonetic,murder,,,,
21-430-820-1,phon1246,Phong,902,ka:n.24 ʔial.44 su.42,phonetic,adultery,,,,
21-440-820-1,phon1246,Phong,953,pit.45 kum.24,phonetic,rape,,,,
21-460-820-1,phon1246,Phong,1889,lo:m.42 duŋ.24 ku:c.42,phonetic,arson,,,,
21-470-820-1,phon1246,Phong,1792,phu.42 jaŋ.42 jɨ:n.24,phonetic,perjury,,,,
21-510-820-1,phon1246,Phong,713,lo:m.42,phonetic,steal,,,,
21-520-820-1,phon1246,Phong,1160,nak.44 pun.42,phonetic,thief,,,,
22-110-820-1,phon1246,Phong,661,he:t.21 kho:ŋ.21,phonetic,religion,,,,
22-120-820-1,phon1246,Phong,1944,phaʔ.44 caw.42,phonetic,God,,,,
22-130-820-1,phon1246,Phong,911,wat.44,phonetic,"temple, church",,,,
22-140-820-1,phon1246,Phong,853,nup.44 bu.24 sa.21,phonetic,altar,,,,
22-150-820-1,phon1246,Phong,1103,do.21 bw.24 sa.21,phonetic,"sacrifice, offering",,,,
22-160-820-1,phon1246,Phong,257,ka:n.24 bu.24 sa.21,phonetic,worship,,,,
22-170-820-1,phon1246,Phong,24,su:t.21 mon.21,phonetic,pray,,,,
22-190-820-1,phon1246,Phong,1702,sak.44 sit.45,phonetic,"holy, sacred",,,,
22-220-820-1,phon1246,Phong,304,the:t.42,phonetic,preach,,,,
22-230-820-1,phon1246,Phong,391,ʔuaj.44 phaʔ.45,phonetic,bless,,,,
22-240-820-1,phon1246,Phong,8,mɛ:ŋ.44 no:p.42,phonetic,curse,,,,
22-260-820-1,phon1246,Phong,303,ʔot.45 mɔ:ŋ.24,phonetic,fast (vb),,,,
22-310-820-1,phon1246,Phong,1565,sə̆wan.24,phonetic,heaven,,,,
22-320-820-1,phon1246,Phong,878,nɔ̆lok.45,phonetic,hell,,,,
22-350-820-1,phon1246,Phong,1973,sə̆ma.24 khlo.42,phonetic,demon (evil spirit),,,,
22-370-820-1,phon1246,Phong,1945,hu:p.42,phonetic,idol,,,,
22-420-820-1,phon1246,Phong,392,nop.44 mon.21 kha.21 tha.24,phonetic,"magic, witchcraft, sorcery",,,,
22-430-820-1,phon1246,Phong,2137,mɔ.24 sə̆ma.24,phonetic,"sorcerer, witch",,,,
22-450-820-1,phon1246,Phong,1175,sə̆ma.24,phonetic,"ghost, phantom",,,,
22-470-820-1,phon1246,Phong,107,he:t.21,phonetic,"omen, portent",,,,
