ID,Language_ID,Language_name,Parameter_ID,Value,Transcription,Concept,Source,Comment,AlternativeValue,AlternativeTranscription
14-310-279-1,chac1251,Chácobo,1676,haskara,Phonemic,always,prost,,,
14-290-279-1,chac1251,Chácobo,790,iyokɨ,Phonemic,ready,prost,,,
14-280-279-1,chac1251,Chácobo,1928,ikɨ,Phonemic,"cease, stop",prost,,,
14-270-279-1,chac1251,Chácobo,1766,hatiwa-,Phonemic,finish,prost,Also paisa-; kɨyo-.,,
14-252-279-1,chac1251,Chácobo,1186,naama,Phonemic,"last, endure",prost,,,
14-250-279-1,chac1251,Chácobo,1806,taʔɨ-wa-,Phonemic,"begin, beginning",prost,,,
14-230-279-1,chac1251,Chácobo,754,mɨri-,Phonemic,"hasten, hurry",prost,,,
14-220-279-1,chac1251,Chácobo,701,išima,Phonemic,slow,prost,Also wɨɨši-.,,
14-220-279-3,chac1251,Chácobo,701,pɨni-,Phonemic,slow,prost,Also wɨɨši-.,,
14-210-279-1,chac1251,Chácobo,1631,horipi,Phonemic,"swift, fast, quick",prost,,,
14-210-279-3,chac1251,Chácobo,1631,wɨna,Phonemic,"swift, fast, quick",prost,,,
14-210-279-5,chac1251,Chácobo,1631,βɨṣ̌ti-,Phonemic,"swift, fast, quick",prost,,,
14-180-279-1,chac1251,Chácobo,1376,haβoki,Phonemic,now,prost,,,
14-170-279-1,chac1251,Chácobo,477,yata,Phonemic,late,prost,,,
14-150-279-1,chac1251,Chácobo,1229,yosi,Phonemic,old,prost,,,
14-130-279-1,chac1251,Chácobo,1231,paṣ̌a,Phonemic,new,prost,Also means 'raw' 05.122. Cf. 01.310.,,
13-380-279-1,chac1251,Chácobo,1546,raβɨ-,Phonemic,two times,prost,To go two by two is čitɨnatiya-čitɨnatiya.,,
13-350-279-1,chac1251,Chácobo,1529,čoo,Phonemic,last,prost,,,
13-350-279-3,chac1251,Chácobo,1529,haroʔa,Phonemic,last,prost,,,
13-340-279-1,chac1251,Chácobo,728,haria pari,Phonemic,first,prost,'Before' is pari.,,
13-330-279-1,chac1251,Chácobo,1580,hamɨ,Phonemic,"alone, only",prost,,,
13-330-279-3,chac1251,Chácobo,1580,-mɨ,Phonemic,"alone, only",prost,,,
13-330-279-5,chac1251,Chácobo,1580,roʔa,Phonemic,"alone, only",prost,,,
13-240-279-1,chac1251,Chácobo,816,βɨkɨṣ̌ɨ,Phonemic,half,prost,,,
13-230-279-1,chac1251,Chácobo,779,kɨsi,Phonemic,"part, piece",prost,,,
13-230-279-3,chac1251,Chácobo,779,ṣ̌atɨ,Phonemic,"part, piece",prost,,,
13-220-279-1,chac1251,Chácobo,1624,mɨkɨya,Phonemic,empty,prost,,,
13-210-279-1,chac1251,Chácobo,1429,rɨamɨ,Phonemic,full,prost,Latter means 'full (of food)'. Also rɨa- 'to fill'.,,
13-210-279-3,chac1251,Chácobo,1429,sɨya-,Phonemic,full,prost,Latter means 'full (of food)'. Also rɨa- 'to fill'.,,
13-170-279-1,chac1251,Chácobo,1242,iča-ria-ma,Phonemic,"little (quantity), few",prost,-ma is negative.,,
13-170-279-3,chac1251,Chácobo,1242,ičara-ma,Phonemic,"little (quantity), few",prost,-ma is negative.,,
13-180-279-1,chac1251,Chácobo,1881,sɨya-kia,Phonemic,enough,prost,Means 'I am full'.,,
13-160-279-1,chac1251,Chácobo,1992,toβia,Phonemic,more,prost,,,
13-160-279-3,chac1251,Chácobo,1992,wino,Phonemic,more,prost,,,
13-150-279-1,chac1251,Chácobo,1198,wɨstima,Phonemic,"much, many",prost,,,
13-140-279-1,chac1251,Chácobo,98,hatita,Phonemic,"every, all",prost,"Also yo-; and -haka, lit. 'they all'.",,
13-140-279-3,chac1251,Chácobo,98,tɨkɨta,Phonemic,"every, all",prost,"Also yo-; and -haka, lit. 'they all'.",,
13-20-279-1,chac1251,Chácobo,1498,raβɨta,Phonemic,two,prost,,,
13-10-279-1,chac1251,Chácobo,1493,wɨsti-ta,Phonemic,one,prost,,,
13-0-279-1,chac1251,Chácobo,1294,yama,Phonemic,"zero, nothing",prost,,,
12-930-279-1,chac1251,Chácobo,1264,čiṣ̌ɨkɨ,Phonemic,change,prost,Means to change place/residence. Also manɨ-.,,
12-920-279-1,chac1251,Chácobo,1558,kɨska,Phonemic,"like, similar",prost,,,
12-920-279-3,chac1251,Chácobo,1558,hawɨharia,Phonemic,"like, similar",prost,,,
12-850-279-1,chac1251,Chácobo,1667,kini,Phonemic,hole,prost,,,
12-810-279-1,chac1251,Chácobo,1395,yɨβa,Phonemic,round,prost,"Also -toro, has a sense of roundness in such things as a pond or well.",,
12-760-279-1,chac1251,Chácobo,192,paβɨkɨṣ̌ɨ,Phonemic,corner,prost,Refers to outside of corner; inside c. is papoto. čipaho means 'in the corner'.,,
12-750-279-1,chac1251,Chácobo,1071,wɨti,Phonemic,hook,prost,Refers to 'fishhook'.,,
12-740-279-1,chac1251,Chácobo,297,yoro,Phonemic,crooked,prost,Such as a crooked path.,,
12-730-279-1,chac1251,Chácobo,1404,mɨstɨ,Phonemic,straight,prost,Verbal form is kayawa-.,,
12-730-279-3,chac1251,Chácobo,1404,siti-ṣ̌ɨni,Phonemic,straight,prost,Verbal form is kayawa-.,,
12-710-279-1,chac1251,Chácobo,1633,paraka,Phonemic,flat,prost,"A horizontal use of space is wiča-, e.g. to go or place across.",,
12-680-279-1,chac1251,Chácobo,193,miṣ̌ai,Phonemic,shallow,prost,,,
12-670-279-1,chac1251,Chácobo,1593,nɨmini,Phonemic,deep,prost,,,
12-650-279-1,chac1251,Chácobo,2249,siwiki,Phonemic,thin (in dimension),prost,Thin material as paper or cloth is βɨṣ̌pa. Also yamaria.,,
12-630-279-1,chac1251,Chácobo,1244,oti,Phonemic,thick (in dimension),prost,,,
12-620-279-1,chac1251,Chácobo,1267,yamaria-pistia,Phonemic,narrow,prost,,,
12-610-279-1,chac1251,Chácobo,1243,čaʔita-ṣ̌ɨni,Phonemic,"wide, broad",prost,,,
12-590-279-1,chac1251,Chácobo,1645,namano,Phonemic,short,prost,,,
12-590-279-3,chac1251,Chácobo,1645,čitɨ-pistia,Phonemic,short,prost,,,
12-580-279-1,chac1251,Chácobo,711,tɨtɨka-,Phonemic,tall,prost,,,
12-570-279-1,chac1251,Chácobo,1203,tɨtɨka,Phonemic,long,prost,,,
12-560-279-1,chac1251,Chácobo,1246,mišni,Phonemic,"small, little",prost,Very small is yamaria.,,
12-560-279-3,chac1251,Chácobo,1246,pistia,Phonemic,"small, little",prost,Very small is yamaria.,,
12-550-279-1,chac1251,Chácobo,1202,-wa,Phonemic,"large, big",prost,,,
12-550-279-3,chac1251,Chácobo,1202,čaʔita-ṣ̌ɨni,Phonemic,"large, big",prost,,,
12-540-279-1,chac1251,Chácobo,1506,tana-,Phonemic,measure,prost,,,
12-530-279-1,chac1251,Chácobo,479,hakɨ-,Phonemic,grow,prost,Latter means 'to grow in size'. 'To sprout' is hoko.,,
12-530-279-3,chac1251,Chácobo,479,šinaʔa-,Phonemic,grow,prost,Latter means 'to grow in size'. 'To sprout' is hoko.,,
12-530-279-5,chac1251,Chácobo,479,ani-,Phonemic,grow,prost,Latter means 'to grow in size'. 'To sprout' is hoko.,,
12-430-279-1,chac1251,Chácobo,1942,βasi-ma,Phonemic,near (adv),prost,Lit. 'far-negative'. Also βɨka-; ṣ̌oʔama. To place near is kɨpi-.,,
12-440-279-1,chac1251,Chácobo,1406,βasi,Phonemic,far (adv),prost,,,
12-440-279-3,chac1251,Chácobo,1406,nɨama,Phonemic,far (adv),prost,,,
12-420-279-1,chac1251,Chácobo,244,mɨ-ṣ̌oho,Phonemic,left (side),prost,Also means 'left hand'.,,
12-410-279-1,chac1251,Chácobo,1019,mɨ-nɨkaya,Phonemic,right (side),prost,Also means 'right hand'.,,
12-370-279-1,chac1251,Chácobo,1093,matoro,Phonemic,"middle, center",prost,Also nɨpaṣ̌a.,,
12-360-279-1,chac1251,Chácobo,682,homa,Phonemic,side,prost,'On this side' is nɨho.,,
12-353-279-1,chac1251,Chácobo,863,kɨ-,Phonemic,edge,prost,"Morpheme also used in 'lip, side'. The bone above the eyes (the edge) is βɨ-kɨ-wa. The edge of paper is [papi] ka-kɨ-spɨ, from Span. 'papel'.",,
12-350-279-1,chac1251,Chácobo,742,čipo,Phonemic,end,prost,"Refers to a blunt, wide end, such as a tree trunk, or the wider part of down river. Also rɨ. Cf. 'nose' 04.230.",,
12-340-279-1,chac1251,Chácobo,690,nonama,Phonemic,bottom,prost,,,
12-340-279-3,chac1251,Chácobo,690,napata,Phonemic,bottom,prost,,,
12-330-279-1,chac1251,Chácobo,1753,hakača,Phonemic,top,prost,,,
12-310-279-1,chac1251,Chácobo,1265,mana,Phonemic,high,prost,Also 'above' 12.080.,,
12-270-279-1,chac1251,Chácobo,602,honɨ,Phonemic,"hide, conceal",prost,Intransitive form.,,
12-250-279-1,chac1251,Chácobo,1046,mapoʔi-,Phonemic,"shut, close",prost,"'To close the eyes' is βɨ-ka-, trans. and βɨkɨ, intransitive.",,
12-260-279-1,chac1251,Chácobo,761,mapa,Phonemic,cover,prost,Respectively: transitive; intransitive.,,
12-260-279-3,chac1251,Chácobo,761,mapo-,Phonemic,cover,prost,Respectively: transitive; intransitive.,,
12-240-279-1,chac1251,Chácobo,1156,hapɨkɨ-,Phonemic,open,prost,"Respectively: intransitive; transitive, as, e.g. to open a door.",,
12-240-279-3,chac1251,Chácobo,1156,hapɨka-,Phonemic,open,prost,"Respectively: intransitive; transitive, as, e.g. to open a door.",,
12-232-279-1,chac1251,Chácobo,1119,mapɨṣ̌a-,Phonemic,divide,prost,,,
12-220-279-1,chac1251,Chácobo,1743,kati,Phonemic,"join, unite",prost,Also pic̷a-; 'knuckle' is pic̷ana. -βɨki means 'together'.,,
12-213-279-1,chac1251,Chácobo,1576,maa-,Phonemic,pile up,prost,,,
12-212-279-1,chac1251,Chácobo,371,topi-,Phonemic,pick up,prost,,,
12-210-279-1,chac1251,Chácobo,7,katia-,Phonemic,"collect, gather",prost,,,
12-160-279-1,chac1251,Chácobo,987,čitɨ-,Phonemic,"remain, stay",prost,,,
12-150-279-1,chac1251,Chácobo,1442,nii-,Phonemic,stand,prost,"Also nima-, 'vertical', transitive form. To stand together is tani-na.",,
12-150-279-3,chac1251,Chácobo,1442,ni-,Phonemic,stand,prost,"Also nima-, 'vertical', transitive form. To stand together is tani-na.",,
12-140-279-1,chac1251,Chácobo,215,raka-,Phonemic,lie down,prost,To lie down side by side with another is rakɨ-pina-.,,
12-130-279-1,chac1251,Chácobo,1416,c̷aʔo-,Phonemic,sit,prost,,,
12-120-279-1,chac1251,Chácobo,998,nanɨ-,Phonemic,put,prost,Means to put in/inside.,,
12-110-279-1,chac1251,Chácobo,723,hawɨ iti-,Phonemic,place,prost,Locative suffix is -nia.,,
12-110-279-3,chac1251,Chácobo,723,ṣ̌oa,Phonemic,place,prost,Locative suffix is -nia.,,
12-110-279-5,chac1251,Chácobo,723,-ya,Phonemic,place,prost,Locative suffix is -nia.,,
12-80-279-1,chac1251,Chácobo,1591,mana,Phonemic,"up, above",prost,Also means 'high' 12.310.,,
12-80-279-3,chac1251,Chácobo,1591,kača,Phonemic,"up, above",prost,Also means 'high' 12.310.,,
12-70-279-1,chac1251,Chácobo,1485,nama,Phonemic,under,prost,Also hanama.,,
12-70-279-3,chac1251,Chácobo,1485,no-nama,Phonemic,under,prost,Also hanama.,,
12-60-279-1,chac1251,Chácobo,762,kača,Phonemic,outside,prost,,,
12-50-279-1,chac1251,Chácobo,1606,na-,Phonemic,"inside, in",prost,Also ha-ṣ̌ara.,,
12-50-279-3,chac1251,Chácobo,1606,no,Phonemic,"inside, in",prost,Also ha-ṣ̌ara.,,
12-50-279-5,chac1251,Chácobo,1606,ṣ̌a-,Phonemic,"inside, in",prost,Also ha-ṣ̌ara.,,
12-41-279-1,chac1251,Chácobo,1883,βɨsoho,Phonemic,front,prost,"Cf. 'eye' 04.210. Also rɨ-kɨ, 'ahead'; cf. 'nose' 04.230.",,
12-41-279-3,chac1251,Chácobo,1883,βɨβo-,Phonemic,front,prost,"Cf. 'eye' 04.210. Also rɨ-kɨ, 'ahead'; cf. 'nose' 04.230.",,
12-40-279-1,chac1251,Chácobo,1882,hapari,Phonemic,before,prost,,,
12-30-279-1,chac1251,Chácobo,2094,nama,Phonemic,"down, below",prost,,,
12-20-279-1,chac1251,Chácobo,1816,hata?ɨno,Phonemic,beside,prost,,,
12-11-279-1,chac1251,Chácobo,1686,čiʔo,Phonemic,behind,prost,'Behind it' is hačo.,,
12-11-279-3,chac1251,Chácobo,1686,čo,Phonemic,behind,prost,'Behind it' is hačo.,,
12-11-279-5,chac1251,Chácobo,1686,kac̷ami-,Phonemic,behind,prost,'Behind it' is hačo.,,
12-10-279-1,chac1251,Chácobo,1685,-aṣ̌na,Phonemic,after,prost,,,
12-10-279-3,chac1251,Chácobo,1685,čo,Phonemic,after,prost,,,
11-920-279-1,chac1251,Chácobo,1098,tanama-,Phonemic,weigh,prost,,,
11-910-279-1,chac1251,Chácobo,884,tiʔiwa-,Phonemic,share (distribute),prost,,,
11-890-279-1,chac1251,Chácobo,1887,kopi-riyama,Phonemic,cheap,prost,,,
11-880-279-1,chac1251,Chácobo,1426,kopi-ṣ̌ɨniria,Phonemic,"dear (costly, expensive)",prost,,,
11-820-279-1,chac1251,Chácobo,1571,inia-,Phonemic,sell,prost,,,
11-810-279-1,chac1251,Chácobo,1869,kopi,Phonemic,buy,prost,Also means 'pay' 11.650.,,
11-780-279-1,chac1251,Chácobo,1122,hawɨ kopi,Phonemic,wages,prost,,,
11-650-279-1,chac1251,Chácobo,718,kopi-,Phonemic,pay (vb),prost,Also means 'buy' 11.810.,,
11-540-279-1,chac1251,Chácobo,1774,wašiṣ̌ɨni,Phonemic,"avaricious, stingy",prost,,,
11-530-279-1,chac1251,Chácobo,1934,βɨna ṣ̌ɨni,Phonemic,beggar,prost,,,
11-520-279-1,chac1251,Chácobo,1674,noitiria,Phonemic,poor,prost,,,
11-510-279-1,chac1251,Chácobo,712,[parata] ya,Phonemic,rich,prost,,,
11-440-279-1,chac1251,Chácobo,1867,[parata],Phonemic,coin,prost,From Span. 'plata'.,,
11-430-279-1,chac1251,Chácobo,1559,[parata],Phonemic,money,prost,From Span.,,
11-340-279-1,chac1251,Chácobo,1095,tɨsɨ,Phonemic,"release, let go",prost,,,
11-330-279-1,chac1251,Chácobo,1660,βɨno-,Phonemic,lose,prost,Respectively: 'forget'; to miss something.,,
11-330-279-3,chac1251,Chácobo,1660,yopa-,Phonemic,lose,prost,Respectively: 'forget'; to miss something.,,
11-320-279-1,chac1251,Chácobo,719,βi,Phonemic,find,prost,,,
11-310-279-1,chac1251,Chácobo,1468,mɨra-,Phonemic,"seek, look for",prost,,,
11-310-279-3,chac1251,Chácobo,1468,ta-is-,Phonemic,"seek, look for",prost,,,
11-280-279-1,chac1251,Chácobo,44,yošiwa-,Phonemic,"harm, injure, damage",prost,,,
11-270-279-1,chac1251,Chácobo,681,kayo-,Phonemic,destroy,prost,,,
11-270-279-3,chac1251,Chácobo,681,yošiwa-,Phonemic,destroy,prost,,,
11-240-279-1,chac1251,Chácobo,1997,haʔaβɨso-,Phonemic,"preserve, look after",prost,,,
11-220-279-1,chac1251,Chácobo,85,haʔari aki,Phonemic,give back,prost,,,
11-210-279-1,chac1251,Chácobo,1447,mɨ-a-,Phonemic,give,prost,Means 'to hand over'.,,
11-210-279-3,chac1251,Chácobo,1447,a-,Phonemic,give,prost,Means 'to hand over'.,,
11-180-279-1,chac1251,Chácobo,738,mɨpiti,Phonemic,thing,prost,,,
11-160-279-1,chac1251,Chácobo,694,βi-,Phonemic,"get, obtain",prost,,,
11-150-279-1,chac1251,Chácobo,1448,ača-,Phonemic,hold,prost,The latter means to hold in arms.,,
11-150-279-3,chac1251,Chácobo,1448,iko-,Phonemic,hold,prost,The latter means to hold in arms.,,
11-140-279-1,chac1251,Chácobo,2021,mɨ-c̷o,Phonemic,"seize, grasp",prost,,,
11-140-279-3,chac1251,Chácobo,2021,ača-,Phonemic,"seize, grasp",prost,,,
11-130-279-1,chac1251,Chácobo,1749,βi-,Phonemic,take,prost,,,
11-120-279-1,chac1251,Chácobo,684,iβowa,Phonemic,"own, possess",prost,Noun form. Possessive suffix is -na.,,
11-110-279-1,chac1251,Chácobo,773,haya-,Phonemic,have,prost,,,
10-920-279-1,chac1251,Chácobo,1922,rɨrɨ-,Phonemic,land (vb),prost,,,
10-910-279-1,chac1251,Chácobo,610,βotɨti,Phonemic,"harbor, port",prost,,,
10-860-279-1,chac1251,Chácobo,108,čiβoati,Phonemic,rudder,prost,,,
10-852-279-1,chac1251,Chácobo,1849,waaṣ̌a-,Phonemic,row (vb),prost,,,
10-851-279-1,chac1251,Chácobo,234,witi,Phonemic,paddle (noun),prost,,,
10-850-279-1,chac1251,Chácobo,108,witi,Phonemic,oar,prost,,,
10-831-279-1,chac1251,Chácobo,1970,noti,Phonemic,canoe,prost,Latter is lit. 'bark canoe'.,,
10-831-279-3,chac1251,Chácobo,1970,kora noti,Phonemic,canoe,prost,Latter is lit. 'bark canoe'.,,
10-740-279-1,chac1251,Chácobo,1011,tananɨ,Phonemic,bridge,prost,,,
10-720-279-1,chac1251,Chácobo,2252,βaʔi,Phonemic,path,prost,,,
10-710-279-1,chac1251,Chácobo,667,βaʔi,Phonemic,road,prost,,,
10-670-279-1,chac1251,Chácobo,1452,či-mati-,Phonemic,"push, shove",prost,Means to push against. Also tihi-ʔa; šitihiʔakana.,,
10-640-279-1,chac1251,Chácobo,43,rɨkɨwa-,Phonemic,lead (vb),prost,,,
10-630-279-1,chac1251,Chácobo,1127,raa-,Phonemic,send,prost,,,
10-620-279-1,chac1251,Chácobo,692,ho-ma-,Phonemic,bring,prost,Former is lit. 'come causative' 10.480.,,
10-620-279-3,chac1251,Chácobo,692,βɨ-,Phonemic,bring,prost,Former is lit. 'come causative' 10.480.,,
10-613-279-1,chac1251,Chácobo,413,ia-,Phonemic,carry-on-shoulder,prost,,,
10-613-279-3,chac1251,Chácobo,413,papi-,Phonemic,carry-on-shoulder,prost,,,
10-612-279-1,chac1251,Chácobo,412,iko-,Phonemic,carry-in-hand,prost,Means to carry-in-arms.,,
10-610-279-1,chac1251,Chácobo,700,βo-,Phonemic,carry (bear),prost,,,
10-570-279-1,chac1251,Chácobo,749,hiko-,Phonemic,enter,prost,,,
10-550-279-1,chac1251,Chácobo,1387,kaʔɨ-,Phonemic,"reach, arrive",prost,Cf. 'know/understand' 17.170.,,
10-530-279-1,chac1251,Chácobo,1047,čiβa-,Phonemic,pursue,prost,,,
10-520-279-1,chac1251,Chácobo,1085,βanawa-,Phonemic,follow,prost,,,
10-510-279-1,chac1251,Chácobo,956,haβa-,Phonemic,flee,prost,,,
10-490-279-1,chac1251,Chácobo,1752,hisβaya,Phonemic,"go away, depart",prost,Means 'to leave'.,,
10-480-279-1,chac1251,Chácobo,1446,ho-,Phonemic,come,prost,Cf. 'foot (ankle)' 04.371. Latter form is plural.,,
10-480-279-3,chac1251,Chácobo,1446,βɨka-,Phonemic,come,prost,Cf. 'foot (ankle)' 04.371. Latter form is plural.,,
10-473-279-1,chac1251,Chácobo,2014,βotɨ-,Phonemic,go down,prost,,,
10-472-279-1,chac1251,Chácobo,1102,ina-,Phonemic,climb,prost,,,
10-470-279-1,chac1251,Chácobo,695,ka-,Phonemic,go,prost,To pass by is wino-.,,
10-471-279-1,chac1251,Chácobo,705,tɨrono-,Phonemic,go up,prost,Intransitive.,,
10-460-279-1,chac1251,Chácobo,1519,haβa-,Phonemic,run,prost,,,
10-451-279-1,chac1251,Chácobo,366,taškɨ,Phonemic,limp,prost,Also tihpa-.,,
10-450-279-1,chac1251,Chácobo,1443,βoʔona-,Phonemic,walk,prost,To step is tapi-.,,
10-450-279-3,chac1251,Chácobo,1443,ko-,Phonemic,walk,prost,To step is tapi-.,,
10-450-279-5,chac1251,Chácobo,1443,koko-,Phonemic,walk,prost,To step is tapi-.,,
10-440-279-1,chac1251,Chácobo,1879,paβɨ-,Phonemic,dance,prost,,,
10-430-279-1,chac1251,Chácobo,1829,βiisi-,Phonemic,"jump, leap",prost,,,
10-420-279-1,chac1251,Chácobo,1324,sio,Phonemic,"slide, slip",prost,Latter is 'slippery'. Also tahi-ʔak-.,,
10-420-279-3,chac1251,Chácobo,1324,sioṣ̌ɨni,Phonemic,"slide, slip",prost,Latter is 'slippery'. Also tahi-ʔak-.,,
10-413-279-1,chac1251,Chácobo,296,nana-,Phonemic,crouch,prost,,,
10-410-279-1,chac1251,Chácobo,96,mɨni-,Phonemic,"creep, crawl",prost,To creep on hands.,,
10-380-279-1,chac1251,Chácobo,175,ṣ̌ooʔa,Phonemic,blow,prost,,,
10-380-279-3,chac1251,Chácobo,175,ṣ̌oʔakana,Phonemic,blow,prost,,,
10-370-279-1,chac1251,Chácobo,1441,noya-,Phonemic,fly (vb),prost,,,
10-352-279-1,chac1251,Chácobo,365,waiša-,Phonemic,splash,prost,,,
10-351-279-1,chac1251,Chácobo,119,hiko-,Phonemic,dive,prost,,,
10-350-279-1,chac1251,Chácobo,1439,aši-,Phonemic,swim,prost,Cf. 'swim' 04.690.,,
10-350-279-3,chac1251,Chácobo,1439,nono-,Phonemic,swim,prost,Cf. 'swim' 04.690.,,
10-340-279-1,chac1251,Chácobo,1574,nono-,Phonemic,float,prost,,,
10-330-279-1,chac1251,Chácobo,1088,hɨtɨkɨ,Phonemic,sink,prost,Also means 'drowned'. Also nɨači-.,,
10-320-279-1,chac1251,Chácobo,2003,wawa-,Phonemic,flow,prost,,,
10-260-279-1,chac1251,Chácobo,1909,mɨmɨ,Phonemic,shake,prost,Means 'tremble'. 'To tremble because of cold is tari-tari-ʔiki. Also yaho-ʔakana.,,
10-260-279-3,chac1251,Chácobo,1909,yaho-,Phonemic,shake,prost,Means 'tremble'. 'To tremble because of cold is tari-tari-ʔiki. Also yaho-ʔakana.,,
10-252-279-1,chac1251,Chácobo,702,βikia,Phonemic,catch (ball),prost,,,
10-252-279-3,chac1251,Chácobo,702,ača-,Phonemic,catch (ball),prost,,,
10-250-279-1,chac1251,Chácobo,1456,nia-,Phonemic,throw,prost,,,
10-240-279-1,chac1251,Chácobo,2253,soro-,Phonemic,drip,prost,,,
10-230-279-1,chac1251,Chácobo,1280,pakɨ-,Phonemic,fall,prost,"'Fall', as fruit falling is riri.",,
10-230-279-3,chac1251,Chácobo,1280,poṣ̌o-,Phonemic,fall,prost,"'Fall', as fruit falling is riri.",,
10-220-279-1,chac1251,Chácobo,501,šihoina,Phonemic,"raise, lift",prost,,,
10-220-279-3,chac1251,Chácobo,501,tɨra-,Phonemic,"raise, lift",prost,,,
10-210-279-1,chac1251,Chácobo,568,tɨro-,Phonemic,rise,prost,,,
10-170-279-1,chac1251,Chácobo,430,kato-,Phonemic,twist,prost,Also yɨhɨ; wɨki. Winding/twisting (as a river) is ṣ̌ɨyo-.,,
10-170-279-3,chac1251,Chácobo,430,homi,Phonemic,twist,prost,Also yɨhɨ; wɨki. Winding/twisting (as a river) is ṣ̌ɨyo-.,,
10-150-279-1,chac1251,Chácobo,827,tara-,Phonemic,roll,prost,Respectively: trans.; intrans.,,
10-150-279-3,chac1251,Chácobo,827,tara-mɨ-,Phonemic,roll,prost,Respectively: trans.; intrans.,,
10-140-279-1,chac1251,Chácobo,1113,raβanaka,Phonemic,"wind, wrap",prost,To wrap a child/baby is yaβo-.,,
10-140-279-3,chac1251,Chácobo,1113,wamɨ-,Phonemic,"wind, wrap",prost,To wrap a child/baby is yaβo-.,,
10-130-279-1,chac1251,Chácobo,1445,βopi-,Phonemic,turn around,prost,Latter is intransitive. Also pɨraβɨ. 'To turn' is pɨyɨ-. To swing in a circle is wɨhɨ ʔak-.,,
10-130-279-3,chac1251,Chácobo,1445,βopina-,Phonemic,turn around,prost,Latter is intransitive. Also pɨraβɨ. 'To turn' is pɨyɨ-. To swing in a circle is wɨhɨ ʔak-.,,
10-120-279-1,chac1251,Chácobo,1588,narabɨ-,Phonemic,turn over,prost,Intransitive form.,,
10-110-279-1,chac1251,Chácobo,765,βoho-,Phonemic,move,prost,The latter is intransitive.,,
10-110-279-3,chac1251,Chácobo,765,moʔi-,Phonemic,move,prost,The latter is intransitive.,,
9-880-279-1,chac1251,Chácobo,647,maṣ̌ɨ,Phonemic,paint (noun),prost,"Refers to 'urucú', red paint for forehead. Black paint, 'bi' is nanɨ, which also serves as a mosquito repellent. Black paint used for face decoration is c̷iso.",,
9-790-279-1,chac1251,Chácobo,1971,wɨkɨ-ti,Phonemic,fan (noun),prost,"Cf. 'twist' 10.170, the movement of constructing a fan.",,
9-780-279-1,chac1251,Chácobo,293,sota,Phonemic,netbag,prost,,,
9-770-279-1,chac1251,Chácobo,195,wana,Phonemic,mat,prost,Also toʔati.,,
9-760-279-1,chac1251,Chácobo,1539,kaka,Phonemic,basket,prost,The latter is a woman's large carrying basket. A small basket is kokita. A round flat basket is čičama. Also poropači.,,
9-760-279-3,chac1251,Chácobo,1539,kakano,Phonemic,basket,prost,The latter is a woman's large carrying basket. A small basket is kokita. A round flat basket is čičama. Also poropači.,,
9-720-279-1,chac1251,Chácobo,289,mapo,Phonemic,mold (clay etc),prost,,,
9-720-279-3,chac1251,Chácobo,289,mapoka,Phonemic,mold (clay etc),prost,,,
9-560-279-1,chac1251,Chácobo,1069,c̷apa-,Phonemic,glue,prost,,,
9-500-279-1,chac1251,Chácobo,502,tooṣ̌a-,Phonemic,nail,prost,"Verbal form, 'to hammer in'.",,
9-490-279-1,chac1251,Chácobo,1481,tooṣ̌a-ti,Phonemic,hammer,prost,,,
9-480-279-1,chac1251,Chácobo,1948,rɨskɨti,Phonemic,saw,prost,,,
9-460-279-1,chac1251,Chácobo,1501,čakaṣ̌a,Phonemic,bore,prost,,,
9-380-279-1,chac1251,Chácobo,245,mac̷o-ti,Phonemic,broom,prost,,,
9-360-279-1,chac1251,Chácobo,1453,čoko-,Phonemic,wash,prost,Respectively: intransitive; transitive forms. To use the hands to wash/bathe is mɨpa-. To wash clothes is čaka-.,,
9-360-279-3,chac1251,Chácobo,1453,čoko-ʔa,Phonemic,wash,prost,Respectively: intransitive; transitive forms. To use the hands to wash/bathe is mɨpa-. To wash clothes is čaka-.,,
9-370-279-1,chac1251,Chácobo,230,βawɨ-,Phonemic,sweep,prost,,,
9-370-279-3,chac1251,Chácobo,230,mac̷o-,Phonemic,sweep,prost,,,
9-350-279-1,chac1251,Chácobo,1487,hapa-,Phonemic,pour,prost,To spill is hapakɨ.,,
9-343-279-1,chac1251,Chácobo,1414,nɨc̷i-,Phonemic,"squeeze, wring",prost,,,
9-343-279-3,chac1251,Chácobo,1414,c̷iakana,Phonemic,"squeeze, wring",prost,,,
9-342-279-1,chac1251,Chácobo,1913,miʔa-,Phonemic,press,prost,,,
9-341-279-1,chac1251,Chácobo,357,rota-,Phonemic,hang up,prost,,,
9-340-279-1,chac1251,Chácobo,38,natɨra-,Phonemic,spread out,prost,,,
9-340-279-3,chac1251,Chácobo,38,tɨrɨ,Phonemic,spread out,prost,,,
9-330-279-1,chac1251,Chácobo,1455,nini-,Phonemic,pull,prost,,,
9-320-279-1,chac1251,Chácobo,214,wišta,Phonemic,stretch,prost,,,
9-310-279-1,chac1251,Chácobo,1449,sino-,Phonemic,"rub, wipe",prost,,,
9-310-279-3,chac1251,Chácobo,1449,masa-,Phonemic,"rub, wipe",prost,,,
9-280-279-1,chac1251,Chácobo,1735,haraṣ̌a-,Phonemic,tear,prost,"Transitive form is haṣ̌a-. Also noša-; noši, transitive, intransitive. Also tɨhɨ-.",,
9-270-279-1,chac1251,Chácobo,1437,matoṣ̌-,Phonemic,split,prost,,,
9-261-279-1,chac1251,Chácobo,588,tɨkɨ,Phonemic,broken,prost,,,
9-260-279-1,chac1251,Chácobo,680,kačis-,Phonemic,break,prost,,,
9-260-279-3,chac1251,Chácobo,680,čaša-,Phonemic,break,prost,,,
9-260-279-5,chac1251,Chácobo,680,-čiši,Phonemic,break,prost,,,
9-250-279-1,chac1251,Chácobo,677,poro-ma,Phonemic,ax,prost,,,
9-230-279-1,chac1251,Chácobo,1352,saipi,Phonemic,knife,prost,Refers to 'machete'.,,
9-223-279-1,chac1251,Chácobo,1434,c̷aka-,Phonemic,stab,prost,A neologism for hypodermic syringe is c̷aka-ti.,,
9-221-279-1,chac1251,Chácobo,355,rɨra-,Phonemic,cut down,prost,Refers to cutting down trees for a field.,,
9-220-279-1,chac1251,Chácobo,1432,pɨrɨṣ̌a-,Phonemic,cut,prost,pɨrɨsiti is noun form. To cut in two is kɨɨsa-. Also riša-.,,
9-220-279-3,chac1251,Chácobo,1432,c̷ɨiʔawɨ,Phonemic,cut,prost,pɨrɨsiti is noun form. To cut in two is kɨɨsa-. Also riša-.,,
9-211-279-1,chac1251,Chácobo,354,čoša-,Phonemic,pound with fist,prost,,,
9-211-279-3,chac1251,Chácobo,354,sɨtia-,Phonemic,pound with fist,prost,,,
9-210-279-1,chac1251,Chácobo,2133,čaka-,Phonemic,"strike (hit, beat)",prost,Also tooṣ̌-; raši.,,
9-210-279-3,chac1251,Chácobo,2133,pɨc̷a-,Phonemic,"strike (hit, beat)",prost,Also tooṣ̌-; raši.,,
9-190-279-1,chac1251,Chácobo,1218,niši,Phonemic,"rope, cord",prost,"Also means 'vine (08.670), hammock', which is made of twisted vine for rope. Also rispiči; rispic̷i. A twine made of twisted bark is ṣ̌awi.",,
9-161-279-1,chac1251,Chácobo,352,mɨris-,Phonemic,untie,prost,,,
9-161-279-3,chac1251,Chácobo,352,pɨka-,Phonemic,untie,prost,,,
9-161-279-5,chac1251,Chácobo,352,pɨkɨ,Phonemic,untie,prost,,,
9-160-279-1,chac1251,Chácobo,1917,nɨa-,Phonemic,"tie, bind",prost,Also po-nɨa-. 'To tie a knot' is nɨṣ̌a-.,,
9-160-279-3,chac1251,Chácobo,1917,nɨʔa-,Phonemic,"tie, bind",prost,Also po-nɨa-. 'To tie a knot' is nɨṣ̌a-.,,
9-150-279-1,chac1251,Chácobo,1470,kato-,Phonemic,fold,prost,,,
9-150-279-3,chac1251,Chácobo,1470,ma-kato-,Phonemic,fold,prost,,,
9-140-279-1,chac1251,Chácobo,2004,nana-,Phonemic,bend,prost,'To bend back (twice)' is rakatoki. pɨ- is used for bending leaves to mark a trail.,,
9-120-279-1,chac1251,Chácobo,984,yonoko-,Phonemic,work,prost,,,
9-110-279-1,chac1251,Chácobo,2575,a-,Phonemic,"do, make",prost,,,
9-110-279-3,chac1251,Chácobo,2575,βaʔa-,Phonemic,"do, make",prost,,,
9-110-279-5,chac1251,Chácobo,2575,-wa,Phonemic,"do, make",prost,,,
8-980-279-1,chac1251,Chácobo,641,kono,Phonemic,mushroom,prost,"Also yošini mapari, a kind that grows on trees, called 'spirit/devil's food'.",,
8-960-279-1,chac1251,Chácobo,348,aṣ̌a-,Phonemic,fish poison (root),prost,,,
8-960-279-3,chac1251,Chácobo,348,sɨmɨ,Phonemic,fish poison (root),prost,,,
8-941-279-1,chac1251,Chácobo,146,šita,Phonemic,sugar cane,prost,,,
8-940-279-1,chac1251,Chácobo,1927,paka,Phonemic,bamboo,prost,See 'arrow' 20.250.,,
8-930-279-1,chac1251,Chácobo,411,kama mapo,Phonemic,gourd,prost,kama is a shortened form of 'tiger.' 'Head' (04.200) is mapo. Also ṣ̌atano.,,
8-920-279-1,chac1251,Chácobo,925,ac̷a,Phonemic,"tapioca, manioc, cassava",prost,Also nasisi; tokio. A kind of white manioc is karaina raoṣ̌o. A large white manioc is poikiniwa. A purple-colored (skin) manioc is raβiši. Also ṣ̌oya ac̷a.,,
8-920-279-3,chac1251,Chácobo,925,kanaki,Phonemic,"tapioca, manioc, cassava",prost,Also nasisi; tokio. A kind of white manioc is karaina raoṣ̌o. A large white manioc is poikiniwa. A purple-colored (skin) manioc is raβiši. Also ṣ̌oya ac̷a.,,
8-912-279-1,chac1251,Chácobo,410,poa,Phonemic,yam,prost,,,
8-910-279-1,chac1251,Chácobo,159,kari,Phonemic,sweet potato,prost,"An edible root is mataka, 'gualusa'.",,
8-810-279-1,chac1251,Chácobo,1181,βinona,Phonemic,palm tree,prost,Refers to 'palma real'. 'Motacú' is ṣ̌ɨβi; 'cusi' is ṣ̌ɨβiniwa; 'chonta' is pani; pani-ma; 'moriche (for making arrow shaft)' is tawa.,,
8-760-279-1,chac1251,Chácobo,345,poc̷i,Phonemic,sap,prost,"The resin used on pottery. Also hiwi-hɨnɨ, lit. 'tree-water'.",,
8-750-279-1,chac1251,Chácobo,1204,ṣ̌a'kata,Phonemic,bark,prost,,,
8-750-279-3,chac1251,Chácobo,1204,βiči,Phonemic,bark,prost,,,
8-730-279-1,chac1251,Chácobo,344,pora,Phonemic,tree trunk,prost,,,
8-720-279-1,chac1251,Chácobo,241,maβa,Phonemic,tree stump,prost,,,
8-720-279-3,chac1251,Chácobo,241,maβaka,Phonemic,tree stump,prost,,,
8-680-279-1,chac1251,Chácobo,974,romɨ,Phonemic,tobacco,prost,,,
8-670-279-1,chac1251,Chácobo,343,niši,Phonemic,vine,prost,"Also means 'rope, cord, etc.' 09.190.",,
8-600-279-1,chac1251,Chácobo,906,hiwi,Phonemic,tree,prost,,,
8-570-279-1,chac1251,Chácobo,239,hoa,Phonemic,flower,prost,,,
8-570-279-3,chac1251,Chácobo,239,niʔi hoa,Phonemic,flower,prost,,,
8-560-279-1,chac1251,Chácobo,628,pɨ-ʔi,Phonemic,leaf,prost,The former also means 'feather' 04.393.,,
8-560-279-3,chac1251,Chácobo,628,mani,Phonemic,leaf,prost,The former also means 'feather' 04.393.,,
8-550-279-1,chac1251,Chácobo,1531,hiwi poyamɨ,Phonemic,branch,prost,Lit. 'tree arm' 04.310.,,
8-540-279-1,chac1251,Chácobo,670,tapono,Phonemic,root,prost,Cf. 'foot' 04.370. To sprout roots is -βoš; taβoṣ̌-.,,
8-540-279-3,chac1251,Chácobo,670,kano,Phonemic,root,prost,Cf. 'foot' 04.370. To sprout roots is -βoš; taβoṣ̌-.,,
8-531-279-1,chac1251,Chácobo,1486,βana-,Phonemic,plant (vb),prost,,,
8-530-279-1,chac1251,Chácobo,653,niʔi pistia,Phonemic,plant (noun),prost,Cf. 01.410.,,
8-510-279-1,chac1251,Chácobo,606,wasi,Phonemic,grass,prost,Also niʔi ṣ̌oko.,,
8-470-279-1,chac1251,Chácobo,506,ṣ̌ɨki,Phonemic,"maize, corn",prost,,,
8-420-279-1,chac1251,Chácobo,605,moto,Phonemic,"grain (barley, oats etc)",prost,Cf. 'flour' 05.550.,,
8-410-279-1,chac1251,Chácobo,611,tɨsa-,Phonemic,"crop, harvest",prost,,,
8-311-279-1,chac1251,Chácobo,714,βɨro,Phonemic,seed,prost,Also means 'eye' 04.210.,,
8-250-279-1,chac1251,Chácobo,284,wɨti,Phonemic,hoe,prost,,,
8-240-279-1,chac1251,Chácobo,1901,tako,Phonemic,shovel,prost,,,
8-220-279-1,chac1251,Chácobo,1418,wɨyo-,Phonemic,dig,prost,,,
8-170-279-1,chac1251,Chácobo,2002,naporo,Phonemic,ditch,prost,,,
8-160-279-1,chac1251,Chácobo,1690,panɨwa-,Phonemic,fence,prost,,,
8-150-279-1,chac1251,Chácobo,1541,sai-,Phonemic,"cultivate, till",prost,,,
8-130-279-1,chac1251,Chácobo,586,wai,Phonemic,garden,prost,,,
8-120-279-1,chac1251,Chácobo,212,nawɨ,Phonemic,field (for cultivation),prost,,,
8-120-279-3,chac1251,Chácobo,212,wai,Phonemic,field (for cultivation),prost,,,
7-560-279-1,chac1251,Chácobo,281,činičiti,Phonemic,"post, pole",prost,"The center post of the house is naniti. Also hiwi, 'wood'.",,
7-560-279-3,chac1251,Chácobo,281,hiβa,Phonemic,"post, pole",prost,"The center post of the house is naniti. Also hiwi, 'wood'.",,
7-550-279-1,chac1251,Chácobo,1132,βɨsokamɨti,Phonemic,beam,prost,An inside crossbeam is našitamɨ.,,
7-540-279-1,chac1251,Chácobo,829,kano,Phonemic,rafter,prost,Also piškɨna.,,
7-530-279-1,chac1251,Chácobo,280,marakati,Phonemic,ridgepole,prost,,,
7-510-279-1,chac1251,Chácobo,769,ṣ̌ɨpamɨ,Phonemic,roof,prost,,,
7-480-279-1,chac1251,Chácobo,205,ṣ̌aṣ̌o,Phonemic,trough,prost,A wooden trough used for pounding grain. The pestle board is called čapi 05.590.,,
7-450-279-1,chac1251,Chácobo,2131,hotati,Phonemic,"lamp, torch",prost,,,
7-450-279-3,chac1251,Chácobo,2131,pɨṣ̌ɨ,Phonemic,"lamp, torch",prost,,,
7-430-279-1,chac1251,Chácobo,1476,kɨnanɨ,Phonemic,chair,prost,"Refers to a seat made of 'palma real'. Also c̷aʔo-ti, noun form of 'sit'.",,
7-422-279-1,chac1251,Chácobo,806,počo,Phonemic,blanket,prost,,,
7-421-279-1,chac1251,Chácobo,1044,tɨpasamɨti,Phonemic,pillow,prost,,,
7-420-279-1,chac1251,Chácobo,1663,rakati,Phonemic,bed,prost,Respectively: something on which to lie down; something on which to sleep. 'Hammock' is niši.,,
7-420-279-3,chac1251,Chácobo,1663,oṣ̌ati,Phonemic,bed,prost,Respectively: something on which to lie down; something on which to sleep. 'Hammock' is niši.,,
7-270-279-1,chac1251,Chácobo,933,paniwati,Phonemic,wall,prost,,,
7-260-279-1,chac1251,Chácobo,1632,napata,Phonemic,floor,prost,Cf. 'palm' 04.331. The bottom of the boat is noti napata.,,
7-250-279-1,chac1251,Chácobo,1375,kaiti,Phonemic,window,prost,Also means 'door' 07.220.,,
7-230-279-1,chac1251,Chácobo,1596,kɨβɨ-,Phonemic,lock (noun),prost,Verbal form.,,
7-210-279-1,chac1251,Chácobo,1450,nasɨkɨ,Phonemic,room,prost,Refers to the division between parts of the house.,,
7-220-279-1,chac1251,Chácobo,1567,kaiti,Phonemic,"door, gate",prost,Also means 'window' 07.250.,,
7-180-279-1,chac1251,Chácobo,335,kayokɨ,Phonemic,meeting house,prost,,,
7-170-279-1,chac1251,Chácobo,334,βɨtɨti,Phonemic,cookhouse,prost,,,
7-160-279-1,chac1251,Chácobo,408,βɨpana,Phonemic,men's house,prost,"Refers to a large house, such as the men's house.",,
7-150-279-1,chac1251,Chácobo,736,rɨtoṣ̌a-,Phonemic,"yard, court",prost,,,
7-130-279-1,chac1251,Chácobo,1678,tapasa,Phonemic,hut,prost,,,
7-120-279-1,chac1251,Chácobo,1252,ṣ̌oβo,Phonemic,house,prost,"kayokɨ refers to a large round house. nawɨa is an open house, without walls.",,
7-110-279-1,chac1251,Chácobo,363,raka-,Phonemic,"dwell, live",prost,,,
6-960-279-1,chac1251,Chácobo,1171,βɨisiti,Phonemic,mirror,prost,,,
6-910-279-1,chac1251,Chácobo,1475,βowɨṣ̌-,Phonemic,comb,prost,Verbal form. Noun is βowɨṣ̌ɨ-ti.,,
6-780-279-1,chac1251,Chácobo,330,čaʔa,Phonemic,"headband, headdress",prost,A woman's headdress is mac̷amiti.,,
6-770-279-1,chac1251,Chácobo,770,amɨno,Phonemic,earring,prost,,,
6-770-279-3,chac1251,Chácobo,770,paʔoki,Phonemic,earring,prost,,,
6-760-279-1,chac1251,Chácobo,1860,amɨ-čirotamɨšti,Phonemic,bead,prost,"amɨ- 'capybara tooth, ' čirotamɨšti is a necklace that went from ear to ear. A black bead is kisi. Also moya.",,
6-750-279-1,chac1251,Chácobo,1961,tɨwɨti,Phonemic,necklace,prost,Cf. 'neck' 04.280.,,
6-730-279-1,chac1251,Chácobo,1374,mɨkɨ-raati,Phonemic,ring (for finger),prost,,,
6-570-279-1,chac1251,Chácobo,772,pɨpana,Phonemic,"belt, girdle",prost,Black band that women wear below the waist is c̷irispi. A strap for carrying child is toʔati.,,
6-550-279-1,chac1251,Chácobo,2130,šaβi,Phonemic,"hat, cap",prost,,,
6-480-279-1,chac1251,Chácobo,809,[pata'ro],Phonemic,trousers,prost,From Span.,,
6-440-279-1,chac1251,Chácobo,1622,raiti,Phonemic,shirt,prost,,,
6-420-279-1,chac1251,Chácobo,474,ṣ̌apanati,Phonemic,woman's dress,prost,"Respectively: the covering which women wear in front, below the waist; also 'cloth'.",,
6-420-279-3,chac1251,Chácobo,474,raiti,Phonemic,woman's dress,prost,"Respectively: the covering which women wear in front, below the waist; also 'cloth'.",,
6-380-279-1,chac1251,Chácobo,1161,risisi,Phonemic,thread,prost,,,
6-360-279-1,chac1251,Chácobo,1382,sopiri,Phonemic,needle,prost,,,
6-350-279-1,chac1251,Chácobo,1457,kɨṣ̌a-,Phonemic,sew,prost,,,
6-330-279-1,chac1251,Chácobo,133,ṣ̌apo-,Phonemic,weave,prost,,,
6-320-279-1,chac1251,Chácobo,277,iwi,Phonemic,spindle,prost,Cf. 'stingray' 03.664. The disk is rɨβisma.,,
6-310-279-1,chac1251,Chácobo,121,risisi-,Phonemic,spin,prost,,,
6-290-279-1,chac1251,Chácobo,629,βic̷i,Phonemic,leather,prost,,,
6-280-279-1,chac1251,Chácobo,580,rani,Phonemic,fur,prost,Same as 'body hair' 04.144.,,
6-240-279-1,chac1251,Chácobo,1850,waṣ̌mɨ-nɨ,Phonemic,cotton,prost,,,
6-210-279-1,chac1251,Chácobo,1616,raiti,Phonemic,cloth,prost,,,
6-120-279-1,chac1251,Chácobo,1895,sawɨ-ti,Phonemic,"clothing, clothes",prost,"The moro refers to the 'cushma', a man's bark dress, made of 'bibosi'. Also tatɨ and raiti.",,
6-110-279-1,chac1251,Chácobo,158,sawɨ-,Phonemic,put on (clothes),prost,,,
5-970-279-1,chac1251,Chácobo,744,βači,Phonemic,egg,prost,,,
5-940-279-1,chac1251,Chácobo,404,hɨnɨ-šapo,Phonemic,fermented drink,prost,Lit. 'chicha strong'; hɨnɨ refers to 'chicha'.,,
5-900-279-1,chac1251,Chácobo,731,hɨnɨ,Phonemic,"beverage, drink",prost,akana 'to go to drink.',,
5-900-279-3,chac1251,Chácobo,731,kawi,Phonemic,"beverage, drink",prost,akana 'to go to drink.',,
5-860-279-1,chac1251,Chácobo,635,ṣ̌oma,Phonemic,milk (noun),prost,Also means 'breast' 04.410.,,
5-840-279-1,chac1251,Chácobo,942,βata,Phonemic,honey,prost,,,
5-821-279-1,chac1251,Chácobo,919,yoči,Phonemic,chili pepper,prost,,,
5-810-279-1,chac1251,Chácobo,1274,čopara,Phonemic,salt,prost,,,
5-791-279-1,chac1251,Chácobo,323,ṣ̌ɨni,Phonemic,"grease, fat",prost,To be fat is ṣ̌oa-.,,
5-790-279-1,chac1251,Chácobo,1484,ṣ̌ɨni,Phonemic,oil,prost,,,
5-770-279-1,chac1251,Chácobo,191,pama,Phonemic,nut,prost,Also tapa a large nut-like husk.,,
5-710-279-1,chac1251,Chácobo,1507,βimi,Phonemic,fruit,prost,Also kama mɨkɨnɨ; kɨo. A fruit from the majo palm is ic̷a; ic̷a-ma.,,
5-650-279-1,chac1251,Chácobo,924,βimi,Phonemic,vegetables,prost,,,
5-640-279-1,chac1251,Chácobo,1547,βɨtɨmɨ,Phonemic,"soup, broth",prost,,,
5-610-279-1,chac1251,Chácobo,634,nami,Phonemic,meat,prost,,,
5-590-279-1,chac1251,Chácobo,225,timati,Phonemic,pestle,prost,Refers to pounding board used in chopping trough 05.580.,,
5-590-279-3,chac1251,Chácobo,225,čapi,Phonemic,pestle,prost,Refers to pounding board used in chopping trough 05.580.,,
5-580-279-1,chac1251,Chácobo,224,ṣ̌aṣ̌o,Phonemic,mortar (2),prost,,,
5-560-279-1,chac1251,Chácobo,1033,rɨnɨ-,Phonemic,"crush, grind",prost,A grinder is rɨnɨ-ti. To grind manioc into flour is yɨnɨ-.,,
5-550-279-1,chac1251,Chácobo,1594,ac̷a moto,Phonemic,"meal, flour",prost,"Lit. 'manioc/yuca flour', (chive). 'Corn flour' is ṣ̌ɨki moto; roro-kɨ. Also ac̷a yɨnɨ. Cf. 'grain' 08.420.",,
5-540-279-1,chac1251,Chácobo,274,nɨmos-,Phonemic,knead,prost,,,
5-530-279-1,chac1251,Chácobo,273,nɨmos-ati,Phonemic,dough,prost,,,
5-510-279-1,chac1251,Chácobo,1368,mapari,Phonemic,bread,prost,Made of manioc and corn.,,
5-490-279-1,chac1251,Chácobo,2017,roi-a-,Phonemic,"stir, mix",prost,,,
5-480-279-1,chac1251,Chácobo,1767,čoro,Phonemic,scrape,prost,A scraper made from tree with thorns is risti.,,
5-470-279-1,chac1251,Chácobo,86,toa-ti,Phonemic,"sieve, strain",prost,,,
5-460-279-1,chac1251,Chácobo,275,raṣ̌o,Phonemic,peel,prost,,,
5-460-279-3,chac1251,Chácobo,275,ṣ̌oka-,Phonemic,peel,prost,,,
5-410-279-1,chac1251,Chácobo,1526,orikiti,Phonemic,meal (a),prost,,,
5-380-279-1,chac1251,Chácobo,1352,manɨ,Phonemic,knife (2),prost,,,
5-370-279-1,chac1251,Chácobo,1378,wɨṣ̌-ti,Phonemic,spoon,prost,,,
5-330-279-1,chac1251,Chácobo,1530,pitɨṣ̌ti,Phonemic,bowl,prost,"A large bowl for cooking. Also ṣ̌atano, a bowl-shaped gourd.",,
5-340-279-1,chac1251,Chácobo,270,čomo,Phonemic,"pitcher, jug",prost,"A gourd with an opening is ṣ̌atarɨ, used as a canteen for carrying water on a trip.",,
5-320-279-1,chac1251,Chácobo,480,[rata],Phonemic,plate,prost,From Span. 'plato'.,,
5-260-279-1,chac1251,Chácobo,1462,paiti,Phonemic,"pot, cooking vessel",prost,,,
5-260-279-3,chac1251,Chácobo,1462,oria,Phonemic,"pot, cooking vessel",prost,,,
5-240-279-1,chac1251,Chácobo,183,ṣ̌oʔi-,Phonemic,bake,prost,,,
5-230-279-1,chac1251,Chácobo,2146,ima-,Phonemic,"roast, fry",prost,Transitive form is 'roast'. Intransitive is 'to shake with fear'. Also ṣ̌oʔi. 'To fry' is c̷oʔi.,,
5-220-279-1,chac1251,Chácobo,792,kohno,Phonemic,boil (vb),prost,,,
5-210-279-1,chac1251,Chácobo,1100,hoosi-,Phonemic,cook,prost,,,
5-190-279-1,chac1251,Chácobo,129,tɨ-mos,Phonemic,choke,prost,See 'neck' 04.280.,,
5-181-279-1,chac1251,Chácobo,897,ṣ̌ɨʔa-,Phonemic,swallow,prost,,,
5-180-279-1,chac1251,Chácobo,321,naka-,Phonemic,chew,prost,,,
5-180-279-3,chac1251,Chácobo,321,tao-,Phonemic,chew,prost,,,
5-160-279-1,chac1251,Chácobo,1421,c̷opaʔa-,Phonemic,suck,prost,See 'kiss' 16.290. 'To nurse' is čočo.,,
5-150-279-1,chac1251,Chácobo,848,tɨ-šina-,Phonemic,thirst,prost,Lit. 'throat-dry' 04.290-15.840.,,
5-141-279-1,chac1251,Chácobo,199,βiniatiya,Phonemic,famine,prost,,,
5-140-279-1,chac1251,Chácobo,1864,paṣ̌na-,Phonemic,hunger,prost,,,
5-140-279-3,chac1251,Chácobo,1864,βinia-,Phonemic,hunger,prost,,,
5-130-279-1,chac1251,Chácobo,1401,a-,Phonemic,drink,prost,,,
5-125-279-1,chac1251,Chácobo,1728,βoaṣ̌a,Phonemic,rotten,prost,"Rotten, refering to canoe is poho-.",,
5-125-279-3,chac1251,Chácobo,1728,pisi,Phonemic,rotten,prost,"Rotten, refering to canoe is poho-.",,
5-124-279-1,chac1251,Chácobo,1958,ṣ̌oo,Phonemic,"green, unripe",prost,,,
5-124-279-3,chac1251,Chácobo,1958,ṣ̌atɨ ṣ̌oo,Phonemic,"green, unripe",prost,,,
5-123-279-1,chac1251,Chácobo,178,šini-,Phonemic,ripe,prost,"Refers to the color of ripeness, red (15.660)or yellow (15.690). Also takwanac̷iki. Also totoko.",,
5-122-279-1,chac1251,Chácobo,1959,paṣ̌a,Phonemic,raw,prost,Also means 'new' 14.130.,,
5-121-279-1,chac1251,Chácobo,269,šɨrɨha,Phonemic,cooked,prost,Refers to cooking in water.,,
5-120-279-1,chac1251,Chácobo,256,ṣ̌ɨpɨpoi,Phonemic,food,prost,The name of a thick pudding or stew. Also βɨ'tɨmɨ. 'Animal food' is pi'ti.,,
5-110-279-1,chac1251,Chácobo,1336,pi-,Phonemic,eat,prost,,,
4-990-279-1,chac1251,Chácobo,590,c̷oβo-ko,Phonemic,"naked, bare",prost,,,
4-970-279-1,chac1251,Chácobo,1653,βɨko-,Phonemic,blind,prost,,,
4-980-279-1,chac1251,Chácobo,1463,paʔɨ-,Phonemic,intoxicated,prost,,,
4-960-279-1,chac1251,Chácobo,1666,haro,Phonemic,mute,prost,,,
4-950-279-1,chac1251,Chácobo,996,patoši,Phonemic,deaf,prost,,,
4-930-279-1,chac1251,Chácobo,1125,maβa'ra,Phonemic,bald,prost,,,
4-940-279-1,chac1251,Chácobo,320,taški,Phonemic,lame,prost,,,
4-920-279-1,chac1251,Chácobo,1564,čikiš,Phonemic,lazy,prost,,,
4-912-279-1,chac1251,Chácobo,168,hoi-,Phonemic,rest,prost,,,
4-910-279-1,chac1251,Chácobo,1757,hoβi-,Phonemic,"tired, weary",prost,,,
4-910-279-3,chac1251,Chácobo,1757,paki-,Phonemic,"tired, weary",prost,,,
4-890-279-1,chac1251,Chácobo,655,kapi,Phonemic,poison,prost,"Also moka, 'bitter poison'.",,
4-880-279-1,chac1251,Chácobo,1372,raoti,Phonemic,"medicine, drug",prost,,,
4-860-279-1,chac1251,Chácobo,499,sinomis,Phonemic,"cure, heal",prost,,,
4-858-279-1,chac1251,Chácobo,497,wišiki,Phonemic,scar,prost,,,
4-857-279-1,chac1251,Chácobo,1808,koo,Phonemic,pus,prost,,,
4-856-279-1,chac1251,Chácobo,793,βiši,Phonemic,boil (noun),prost,,,
4-856-279-3,chac1251,Chácobo,793,toko,Phonemic,boil (noun),prost,,,
4-855-279-1,chac1251,Chácobo,1584,čošo-,Phonemic,blister,prost,,,
4-855-279-3,chac1251,Chácobo,1584,roho-,Phonemic,blister,prost,,,
4-854-279-1,chac1251,Chácobo,148,ṣ̌oa,Phonemic,itch,prost,,,
4-854-279-3,chac1251,Chácobo,148,ṣ̌oa-ṣ̌ɨni,Phonemic,itch,prost,,,
4-853-279-1,chac1251,Chácobo,1903,noβa-,Phonemic,swelling,prost,Respectively: transitive and intransitive. Also βai-.,,
4-853-279-3,chac1251,Chácobo,1903,noβoko-,Phonemic,swelling,prost,Respectively: transitive and intransitive. Also βai-.,,
4-852-279-1,chac1251,Chácobo,1148,nato,Phonemic,bruise,prost,,,
4-850-279-1,chac1251,Chácobo,1109,βono,Phonemic,"wound, sore",prost,"The latter is 'soreness, ache'.",,
4-850-279-3,chac1251,Chácobo,1109,isi-,Phonemic,"wound, sore",prost,"The latter is 'soreness, ache'.",,
4-843-279-1,chac1251,Chácobo,102,nati,Phonemic,cold (catarrh),prost,,,
4-841-279-1,chac1251,Chácobo,1534,iki-,Phonemic,fever,prost,,,
4-840-279-1,chac1251,Chácobo,1847,anoma,Phonemic,"sick, sickness",prost,'very sick.',,
4-830-279-1,chac1251,Chácobo,1364,hɨnima,Phonemic,"well, health",prost,,,
4-820-279-1,chac1251,Chácobo,1601,čama-yama,Phonemic,weak,prost,Lit. 'strong negative.',,
4-810-279-1,chac1251,Chácobo,785,čama,Phonemic,"strong, mighty, powerful",prost,,,
4-790-279-1,chac1251,Chácobo,1773,hawɨ-mai,Phonemic,"grave, tomb",prost,Lit. 'his earth'.,,
4-780-279-1,chac1251,Chácobo,1719,maiwa-,Phonemic,bury (the dead),prost,,,
4-760-279-1,chac1251,Chácobo,1417,kaka-,Phonemic,kill,prost,"The latter also means 'do, make' 09.110.",,
4-760-279-3,chac1251,Chácobo,1417,tɨpas-,Phonemic,kill,prost,"The latter also means 'do, make' 09.110.",,
4-760-279-5,chac1251,Chácobo,1417,a-,Phonemic,kill,prost,"The latter also means 'do, make' 09.110.",,
4-751-279-1,chac1251,Chácobo,1904,hɨtɨkɨ,Phonemic,drowned,prost,Also means 'sink'.,,
4-750-279-1,chac1251,Chácobo,1494,na-,Phonemic,"die, dead",prost,The latter refers to 'the end'.,,
4-750-279-3,chac1251,Chácobo,1494,rɨ-so-,Phonemic,"die, dead",prost,The latter refers to 'the end'.,,
4-740-279-1,chac1251,Chácobo,1422,βɨso,Phonemic,"live, living, life",prost,,,
4-732-279-1,chac1251,Chácobo,1087,haya-ti,Phonemic,conceive,prost,,,
4-730-279-1,chac1251,Chácobo,1123,toʔoya,Phonemic,pregnant,prost,,,
4-720-279-1,chac1251,Chácobo,1090,ko-,Phonemic,born (to be),prost,To give birth is koma-.,,
4-690-279-1,chac1251,Chácobo,138,aši-,Phonemic,bathe,prost,,,
4-680-279-1,chac1251,Chácobo,52,saki saki,Phonemic,shiver,prost,,,
4-670-279-1,chac1251,Chácobo,1785,čota-,Phonemic,have sexual intercourse,prost,,,
4-660-279-1,chac1251,Chácobo,676,moa-,Phonemic,defecate,prost,"poʔi is also used for 'rust', meaning one that makes a lot of dirt.",,
4-660-279-3,chac1251,Chácobo,676,poʔi-,Phonemic,defecate,prost,"poʔi is also used for 'rust', meaning one that makes a lot of dirt.",,
4-650-279-1,chac1251,Chácobo,592,hiso-,Phonemic,urinate,prost,,,
4-640-279-1,chac1251,Chácobo,1159,c̷ipisi,Phonemic,break wind,prost,,,
4-630-279-1,chac1251,Chácobo,1602,βɨpɨke,Phonemic,wake up,prost,Respectively: intransitive and transitive. Also βɨso. Lit. 'eye open' 12.240.,,
4-630-279-3,chac1251,Chácobo,1602,βɨpɨka-,Phonemic,wake up,prost,Respectively: intransitive and transitive. Also βɨso. Lit. 'eye open' 12.240.,,
4-620-279-1,chac1251,Chácobo,1920,nama-,Phonemic,dream,prost,,,
4-612-279-1,chac1251,Chácobo,1983,raska-,Phonemic,snore,prost,,,
4-610-279-1,chac1251,Chácobo,1585,oṣ̌a-,Phonemic,sleep,prost,,,
4-590-279-1,chac1251,Chácobo,319,taṣ̌o-,Phonemic,lick,prost,,,
4-580-279-1,chac1251,Chácobo,1403,tɨṣ̌a-,Phonemic,bite,prost,'To sting' is a-.,,
4-570-279-1,chac1251,Chácobo,1278,hana-,Phonemic,vomit,prost,Cf. 'mouth' 04.240; 'tongue' 04.260.,,
4-560-279-1,chac1251,Chácobo,1440,kɨyono,Phonemic,spit,prost,Noun. košo- 'to spit.',,
4-550-279-1,chac1251,Chácobo,126,niska-,Phonemic,perspire,prost,,,
4-540-279-1,chac1251,Chácobo,1621,atiša-,Phonemic,sneeze,prost,,,
4-530-279-1,chac1251,Chácobo,879,oko-,Phonemic,cough,prost,,,
4-521-279-1,chac1251,Chácobo,162,c̷ɨko-,Phonemic,hiccough,prost,,,
4-520-279-1,chac1251,Chácobo,1028,hao-,Phonemic,"yawn, gape",prost,,,
4-510-279-1,chac1251,Chácobo,1407,ṣ̌aka-,Phonemic,"breathe, breath",prost,,,
4-510-279-3,chac1251,Chácobo,1407,ṣ̌ɨo-,Phonemic,"breathe, breath",prost,,,
4-492-279-1,chac1251,Chácobo,1222,hina,Phonemic,penis,prost,Also means 'tail' 04.180.,,
4-490-279-1,chac1251,Chácobo,797,hoβo βači,Phonemic,testicle,prost,,,
4-470-279-1,chac1251,Chácobo,804,ṣ̌anɨ,Phonemic,womb,prost,,,
4-464-279-1,chac1251,Chácobo,834,čikaṣ̌a,Phonemic,buttocks,prost,Also c̷iposto.,,
4-463-279-1,chac1251,Chácobo,1745,čipoto,Phonemic,hip,prost,,,
4-461-279-1,chac1251,Chácobo,1991,poko,Phonemic,"intestines, guts",prost,,,
4-460-279-1,chac1251,Chácobo,819,takɨpɨ,Phonemic,stomach,prost,"Also hatokɨ, belly of animals. The skin of the stomach is no-βiči. 'Hairy stomach/belly' is no-koβo; cf. 'hair' 04.140.",,
4-452-279-1,chac1251,Chácobo,1744,tasi,Phonemic,spleen,prost,,,
4-451-279-1,chac1251,Chácobo,489,katoko,Phonemic,kidney,prost,,,
4-451-279-3,chac1251,Chácobo,489,tika,Phonemic,kidney,prost,,,
4-450-279-1,chac1251,Chácobo,1224,taka,Phonemic,liver,prost,,,
4-441-279-1,chac1251,Chácobo,688,taša,Phonemic,lung,prost,,,
4-440-279-1,chac1251,Chácobo,1223,ho[w]iti,Phonemic,heart,prost,,,
4-430-279-1,chac1251,Chácobo,1838,noro,Phonemic,navel,prost,,,
4-412-279-1,chac1251,Chácobo,796,čočo,Phonemic,"nipple, teat",prost,,,
4-410-279-1,chac1251,Chácobo,1402,ṣ̌oma,Phonemic,breast (of woman),prost,Also means 'milk' 05.860.,,
4-400-279-1,chac1251,Chácobo,1592,šipati,Phonemic,chest,prost,,,
4-393-279-1,chac1251,Chácobo,1201,pɨ-ʔi,Phonemic,feather,prost,Also means 'leaf' 08.560.,,
4-392-279-1,chac1251,Chácobo,1257,pɨ-ʔi,Phonemic,wing,prost,Same as 'feather' 04.393.,,
4-380-279-1,chac1251,Chácobo,1389,ho-či,Phonemic,toe,prost,'Toenail' is ho-c̷isi.,,
4-374-279-1,chac1251,Chácobo,318,hawɨ-taʔɨ,Phonemic,footprint,prost,,,
4-372-279-1,chac1251,Chácobo,980,c̷iposto,Phonemic,heel,prost,,,
4-371-279-1,chac1251,Chácobo,803,ho-poto,Phonemic,ankle,prost,,,
4-370-279-1,chac1251,Chácobo,1301,ta-ʔɨ,Phonemic,foot,prost,"ta-ʔɨ-no is a locational, 'at the foot of' or 'close to'. Prefix ho- is a classifier.",,
4-360-279-1,chac1251,Chácobo,1371,ra-poto,Phonemic,knee,prost,,,
4-352-279-1,chac1251,Chácobo,498,wipoko,Phonemic,calf of leg,prost,,,
4-351-279-1,chac1251,Chácobo,800,kiši,Phonemic,thigh,prost,,,
4-350-279-1,chac1251,Chácobo,1297,wiko,Phonemic,leg,prost,Also wiko kiri. 'Shin' is wiko.,,
4-345-279-1,chac1251,Chácobo,72,mɨ-c̷isi,Phonemic,claw,prost,,,
4-344-279-1,chac1251,Chácobo,1258,mɨ-c̷isi,Phonemic,fingernail,prost,'Toenail' is ho-c̷isi.,,
4-340-279-1,chac1251,Chácobo,1303,mɨ-či,Phonemic,finger,prost,'Index finger' is mɨtoti. 'Knuckle' is mɨ-tiomo.,,
4-331-279-1,chac1251,Chácobo,1183,mɨ-kɨ para,Phonemic,palm of hand,prost,Also (mɨ-kɨ) napati/napata. Cf. 'floor' 07.260.,,
4-330-279-1,chac1251,Chácobo,1277,mɨ,Phonemic,hand,prost,,,
4-330-279-3,chac1251,Chácobo,1277,mɨ-kɨ-nɨ,Phonemic,hand,prost,,,
4-321-279-1,chac1251,Chácobo,799,mɨ-poto,Phonemic,wrist,prost,,,
4-320-279-1,chac1251,Chácobo,981,βaṣ̌-poto,Phonemic,elbow,prost,,,
4-312-279-1,chac1251,Chácobo,1886,piškini,Phonemic,armpit,prost,,,
4-310-279-1,chac1251,Chácobo,1673,po-ya-mɨ,Phonemic,arm,prost,βaṣ̌- refers to upper arm. Also piʔi.,,
4-300-279-1,chac1251,Chácobo,1482,pipati,Phonemic,shoulder,prost,,,
4-300-279-3,chac1251,Chácobo,1482,βac̷isto,Phonemic,shoulder,prost,,,
4-290-279-1,chac1251,Chácobo,1346,tɨ-poko,Phonemic,throat,prost,,,
4-281-279-1,chac1251,Chácobo,1347,tɨ-pata,Phonemic,nape of neck,prost,,,
4-281-279-3,chac1251,Chácobo,1347,tɨṣ̌o,Phonemic,nape of neck,prost,,,
4-280-279-1,chac1251,Chácobo,1333,tɨ-poko,Phonemic,neck,prost,Cf. 'circle' 12.820. To twist the end (the 'neck') of the hammock is tɨmɨpi.,,
4-272-279-1,chac1251,Chácobo,1049,mača,Phonemic,molartooth,prost,,,
4-270-279-1,chac1251,Chácobo,1380,ṣ̌ɨ-ta,Phonemic,tooth,prost,Also means 'beak' (04.241).,,
4-271-279-1,chac1251,Chácobo,139,ṣ̌ɨta-katɨ,Phonemic,gums,prost,Lit. 'tooth-back' 04.190.,,
4-260-279-1,chac1251,Chácobo,1205,ha-,Phonemic,tongue,prost,,,
4-260-279-3,chac1251,Chácobo,1205,ha-na,Phonemic,tongue,prost,,,
4-250-279-1,chac1251,Chácobo,478,kɨ-βiči,Phonemic,lip,prost,"Lit. 'edge-skin'; kɨ- also means 'side, edge' 12.353.",,
4-241-279-1,chac1251,Chácobo,73,ṣ̌ɨta,Phonemic,beak,prost,Also means 'tooth' (04.270).,,
4-240-279-1,chac1251,Chácobo,674,ha-na,Phonemic,mouth,prost,To open the mouth wide is haka. The 'root' of mouth is hamaraṣ̌ta. See 'tongue' 04.260.,,
4-232-279-1,chac1251,Chácobo,208,siiʔaka-,Phonemic,mucus (nasal),prost,To blow the nose is sii-.,,
4-231-279-1,chac1251,Chácobo,1178,rɨ-kini,Phonemic,nostril,prost,Lit. 'nose-hole' 12.850.,,
4-230-279-1,chac1251,Chácobo,1221,rɨ-ṣ̌aki,Phonemic,nose,prost,Flat-nosed is rɨ-to. The hole in the woman's nose for adornment stick is rɨ-pati. Cf. 'end' 12.350; also see 04.750.,,
4-222-279-1,chac1251,Chácobo,32,paβɨṣ̌a,Phonemic,earwax,prost,,,
4-221-279-1,chac1251,Chácobo,18,paʔoki-c̷irɨso,Phonemic,earlobe,prost,,,
4-220-279-1,chac1251,Chácobo,1247,paʔoki,Phonemic,ear,prost,,,
4-215-279-1,chac1251,Chácobo,1655,βɨri-,Phonemic,blink,prost,"Also can refer to waves in the river, 'wavey'. Also βɨc̷i-.",,
4-214-279-1,chac1251,Chácobo,1540,βɨṣ̌pɨ,Phonemic,eyelash,prost,,,
4-214-279-3,chac1251,Chácobo,1540,wɨšpi,Phonemic,eyelash,prost,,,
4-213-279-1,chac1251,Chácobo,17,βɨšti,Phonemic,eyelid,prost,,,
4-212-279-1,chac1251,Chácobo,1173,wɨško,Phonemic,eyebrow,prost,,,
4-210-279-1,chac1251,Chácobo,1248,βɨ-ro,Phonemic,eye,prost,Also means 'seed' 08.311.,,
4-210-279-3,chac1251,Chácobo,1248,wɨro,Phonemic,eye,prost,Also means 'seed' 08.311.,,
4-208-279-1,chac1251,Chácobo,1730,ta-mo,Phonemic,cheek,prost,,,
4-209-279-1,chac1251,Chácobo,1510,kɨwi,Phonemic,chin,prost,,,
4-205-279-1,chac1251,Chácobo,123,βɨ-mana,Phonemic,forehead,prost,,,
4-207-279-1,chac1251,Chácobo,798,kɨwi,Phonemic,jaw,prost,,,
4-204-279-1,chac1251,Chácobo,1560,βɨ-mana,Phonemic,face,prost,'Center of face' is βɨ-toko.,,
4-203-279-1,chac1251,Chácobo,1583,mapi,Phonemic,brain,prost,,,
4-201-279-1,chac1251,Chácobo,1604,ispara,Phonemic,"side of head, temple",prost,Refers to 'edge'; noti ispara is 'edge of canoe' 10.831.,,
4-202-279-1,chac1251,Chácobo,1605,mapo-ṣ̌ao,Phonemic,skull,prost,,,
4-200-279-1,chac1251,Chácobo,1256,ma-po,Phonemic,head,prost,A 'bare head (smooth)' is maβa'ra; a 'red head' is ma-pi-ši.,,
4-191-279-1,chac1251,Chácobo,805,kaṣ̌o,Phonemic,spine,prost,,,
4-190-279-1,chac1251,Chácobo,1291,ka-tɨ,Phonemic,back,prost,'Upper back' is pɨṣ̌o.,,
4-180-279-1,chac1251,Chácobo,1220,hina,Phonemic,tail,prost,Also means 'penis' 04.492.,,
4-170-279-1,chac1251,Chácobo,1393,mawi,Phonemic,horn,prost,,,
4-162-279-1,chac1251,Chácobo,801,piši,Phonemic,rib,prost,,,
4-160-279-1,chac1251,Chácobo,1394,ṣ̌ao,Phonemic,bone,prost,,,
4-151-279-1,chac1251,Chácobo,525,pono,Phonemic,"vein, artery",prost,,,
4-150-279-1,chac1251,Chácobo,946,himi,Phonemic,blood,prost,,,
4-146-279-1,chac1251,Chácobo,576,ma-βɨṣ̌pɨ,Phonemic,dandruff,prost,Cf. 'head' 04.200.,,
4-145-279-1,chac1251,Chácobo,36,ṣ̌ani,Phonemic,pubic hair,prost,,,
4-144-279-1,chac1251,Chácobo,189,rani,Phonemic,body hair,prost,The first form is same as 'fur' 06.280.,,
4-144-279-3,chac1251,Chácobo,189,koβo,Phonemic,body hair,prost,The first form is same as 'fur' 06.280.,,
4-142-279-1,chac1251,Chácobo,678,kɨni,Phonemic,beard,prost,,,
4-140-279-1,chac1251,Chácobo,1040,βoo,Phonemic,hair (head),prost,The pig tail which the men made from their long hair is ṣ̌apo.,,
4-130-279-1,chac1251,Chácobo,2259,nami,Phonemic,flesh,prost,,,
4-120-279-1,chac1251,Chácobo,763,βiči,Phonemic,"skin, hide",prost,Also means 'bark' (08.750).,,
4-110-279-1,chac1251,Chácobo,1480,yora,Phonemic,body,prost,,,
3-980-279-1,chac1251,Chácobo,112,nɨṣ̌o,Phonemic,turtle,prost,'water turtle.',,
3-970-279-1,chac1251,Chácobo,1857,kapɨ-,Phonemic,"crocodile, alligator",prost,A large alligator is kapɨ-kapɨ-ria.,,
3-970-279-3,chac1251,Chácobo,1857,kapɨ-tɨ,Phonemic,"crocodile, alligator",prost,A large alligator is kapɨ-kapɨ-ria.,,
3-960-279-1,chac1251,Chácobo,632,ṣ̌aβa,Phonemic,lizard,prost,"Refers to 'jausi'. A large lizard, 'peni' is ṣ̌ɨkɨpa.",,
3-950-279-1,chac1251,Chácobo,503,βɨṣ̌ko,Phonemic,frog,prost,"Also wapi, lives in water.",,
3-940-279-1,chac1251,Chácobo,1543,kosɨ,Phonemic,snail,prost,,,
3-930-279-1,chac1251,Chácobo,607,čapo,Phonemic,grasshopper,prost,,,
3-920-279-1,chac1251,Chácobo,1791,hotoro,Phonemic,butterfly,prost,,,
3-910-279-1,chac1251,Chácobo,206,koki,Phonemic,firefly,prost,,,
3-850-279-1,chac1251,Chácobo,730,rono,Phonemic,snake,prost,A kind of snake is βari-kamoa. A 'pucarara' is kamoa. A 'sicurí' is ronoa. A water boa is hɨnɨ-rono. A rattlesnake is šaki-šaki-tia (or ṣ̌aki-ṣ̌aki-tia ?),,
3-840-279-1,chac1251,Chácobo,1219,ṣ̌ɨna,Phonemic,worm,prost,"Also mako, grubworm; and βiša, worm that eats manioc.",,
3-832-279-1,chac1251,Chácobo,1509,βii,Phonemic,mosquito,prost,,,
3-831-279-1,chac1251,Chácobo,95,sɨβɨ,Phonemic,"sandfly (midge), gnat",prost,"Also čopɨ, has a fierce bite; can bite through three layers of clothes! Also šio.",,
3-830-279-1,chac1251,Chácobo,1504,ṣ̌aβina,Phonemic,fly,prost,,,
3-830-279-3,chac1251,Chácobo,1504,naka,Phonemic,fly,prost,,,
3-823-279-1,chac1251,Chácobo,1517,βina,Phonemic,wasp,prost,,,
3-821-279-1,chac1251,Chácobo,1931,ṣ̌ɨto,Phonemic,beeswax,prost,Black beeswax is βoi čɨkɨ; red beeswax is βoi šini.,,
3-821-279-3,chac1251,Chácobo,1931,βoi,Phonemic,beeswax,prost,Black beeswax is βoi čɨkɨ; red beeswax is βoi šini.,,
3-821-279-5,chac1251,Chácobo,1931,βoičo,Phonemic,beeswax,prost,Black beeswax is βoi čɨkɨ; red beeswax is βoi šini.,,
3-820-279-1,chac1251,Chácobo,665,šara,Phonemic,bee,prost,,,
3-820-279-3,chac1251,Chácobo,665,βina,Phonemic,bee,prost,,,
3-819-279-1,chac1251,Chácobo,1065,βasnona,Phonemic,spider web,prost,,,
3-818-279-1,chac1251,Chácobo,843,šino,Phonemic,spider,prost,,,
3-817-279-1,chac1251,Chácobo,587,hiʔi-ma,Phonemic,ant,prost,"Also βona, 'isula/tucandera' ant. Also koyo, a small black ant; maišišo, 'leaf-cutter'; poʔic̷ipo, 'army ant'; hisisa, a fierce black ant; nakaša, (termite (?); mawiso.",,
3-815-279-1,chac1251,Chácobo,1538,niβo,Phonemic,scorpion,prost,,,
3-814-279-1,chac1251,Chácobo,1974,mapai,Phonemic,centipede,prost,,,
3-813-279-1,chac1251,Chácobo,232,kayaya,Phonemic,flea,prost,,,
3-813-279-3,chac1251,Chácobo,232,mapɨṣ̌pɨ,Phonemic,flea,prost,,,
3-811-279-1,chac1251,Chácobo,1392,ia,Phonemic,louse,prost,,,
3-760-279-1,chac1251,Chácobo,1350,iso,Phonemic,monkey,prost,"Refers to black 'spider monkey'. 'Howler monkey (manechi)' is roʔo. Also roka. 'Chichilo (cuatro ojos)' is wasa. 'Cebus (capuchín)' is šino, šino-hoṣ̌o.",,
3-750-279-1,chac1251,Chácobo,1936,čaṣ̌oa,Phonemic,deer,prost,,,
3-665-279-1,chac1251,Chácobo,1013,nɨroma,Phonemic,freshwater eel,prost,,,
3-664-279-1,chac1251,Chácobo,1910,iwi,Phonemic,stingray,prost,Cf. 'spindle' 06.320. The stinger of the s. is čiškɨ.,,
3-662-279-1,chac1251,Chácobo,1479,hɨnɨno,Phonemic,"porpoise, dolphin",prost,,,
3-655-279-1,chac1251,Chácobo,598,ṣ̌akata,Phonemic,shell,prost,,,
3-654-279-1,chac1251,Chácobo,1916,tɨpiši,Phonemic,gill,prost,,,
3-653-279-1,chac1251,Chácobo,266,c̷apana,Phonemic,fishscale,prost,To take the scales off is rapiriša.,,
3-650-279-1,chac1251,Chácobo,227,ṣ̌aɨ,Phonemic,fish,prost,A 'surubí' fish is βawino. 'Sardina' is yapa. A 'piraña' is makɨ. Also ɨmaka; βoɨ.,,
3-650-279-3,chac1251,Chácobo,227,sani-no,Phonemic,fish,prost,A 'surubí' fish is βawino. 'Sardina' is yapa. A 'piraña' is makɨ. Also ɨmaka; βoɨ.,,
3-630-279-1,chac1251,Chácobo,2139,ṣ̌oya,Phonemic,"mouse, rat",prost,,,
3-630-279-3,chac1251,Chácobo,2139,ṣ̌ɨya,Phonemic,"mouse, rat",prost,,,
3-620-279-1,chac1251,Chácobo,1208,kama-no,Phonemic,cat,prost,"Also means 'jaguar'. Also kama-pistia, 'little jaguar'. Also miči.",,
3-610-279-1,chac1251,Chácobo,2009,ina,Phonemic,dog,prost,,,
3-610-279-3,chac1251,Chácobo,2009,ina-ka,Phonemic,dog,prost,,,
3-594-279-1,chac1251,Chácobo,1853,βotoko,Phonemic,dove,prost,,,
3-596-279-1,chac1251,Chácobo,735,popo,Phonemic,owl,prost,,,
3-596-279-3,chac1251,Chácobo,735,nawa kano,Phonemic,owl,prost,,,
3-592-279-1,chac1251,Chácobo,882,βawa,Phonemic,parrot,prost,,,
3-591-279-1,chac1251,Chácobo,1793,kaši,Phonemic,bat,prost,,,
3-586-279-1,chac1251,Chácobo,1185,poʔi-ko,Phonemic,vulture,prost,poʔi is 'dung' 04.660.,,
3-585-279-1,chac1251,Chácobo,307,tɨtɨ-pa,Phonemic,hawk,prost,,,
3-583-279-1,chac1251,Chácobo,758,mapoka,Phonemic,heron,prost,βičo is a white crane; kanara is a large white crane.,,
3-581-279-1,chac1251,Chácobo,937,isa-ka,Phonemic,bird,prost,,,
3-580-279-1,chac1251,Chácobo,539,naʔa,Phonemic,nest,prost,,,
3-570-279-1,chac1251,Chácobo,1360,araro,Phonemic,duck,prost,"A kind of duck, 'roncador'. Also nonoma. Cf. 'swim' 10.350.",,
3-550-279-1,chac1251,Chácobo,1318,patiari,Phonemic,chicken,prost,"A 'gallo piroco', chicken with no feathers around the neck is tɨkara. Cf. 'neck' 04.280.",,
3-540-279-1,chac1251,Chácobo,1514,patiari,Phonemic,hen,prost,,,
3-520-279-1,chac1251,Chácobo,1511,c̷ac̷aka,Phonemic,"cock, rooster",prost,Refers to a speckled variety. Also patiari βɨnɨ.,,
3-350-279-1,chac1251,Chácobo,1337,hono,Phonemic,pig,prost,"Refers to a wild pig, 'taitetú'.",,
3-320-279-1,chac1251,Chácobo,1348,yawa,Phonemic,boar,prost,,,
3-220-279-1,chac1251,Chácobo,1169,[wɨyɨ],Phonemic,ox,prost,From Span. 'buey'.,,
3-130-279-1,chac1251,Chácobo,2262,awini,Phonemic,female (adj),prost,,,
3-120-279-1,chac1251,Chácobo,2261,βɨnɨ,Phonemic,male (adj),prost,,,
3-110-279-1,chac1251,Chácobo,619,yo'ʔina,Phonemic,animal,prost,Refers to edible animal; čašpa is nonedible.,,
2-960-279-1,chac1251,Chácobo,817,ka-,Phonemic,they,prost,,,
2-960-279-3,chac1251,Chácobo,817,hato,Phonemic,they,prost,,,
2-950-279-1,chac1251,Chácobo,1213,ka-,Phonemic,you (plural),prost,Possessive and object form is mato.,,
2-940-279-1,chac1251,Chácobo,1212,no ~ no-a,Phonemic,we,prost,Objective form is noki.,,
2-930-279-1,chac1251,Chácobo,262,ha-a,Phonemic,he/she/it,prost,Possessive form is hawe.,,
2-920-279-1,chac1251,Chácobo,1215,mi-a,Phonemic,you (singular),prost,Possessive form is mi.,,
2-910-279-1,chac1251,Chácobo,1209,ɨ,Phonemic,I,prost,Possessive form is noʔo; noʔona.,,
2-910-279-3,chac1251,Chácobo,1209,ɨa,Phonemic,I,prost,Possessive form is noʔo; noʔona.,,
2-820-279-1,chac1251,Chácobo,194,hawɨna-βo,Phonemic,family,prost,Also means 'parents' (02.370).,,
2-810-279-1,chac1251,Chácobo,1644,himi-βo,Phonemic,"relatives, kinsmen",prost,Lit. 'blood-people'.,,
2-770-279-1,chac1251,Chácobo,1981,awi,Phonemic,widower,prost,,,
2-760-279-1,chac1251,Chácobo,1756,βɨnɨ imanišɨa yoṣ̌a,Phonemic,widow,prost,,,
2-750-279-1,chac1251,Chácobo,1149,yoma,Phonemic,orphan,prost,,,
2-740-279-1,chac1251,Chácobo,1058,hato šinama,Phonemic,stepdaughter,prost,,,
2-730-279-1,chac1251,Chácobo,1059,hato šinama,Phonemic,stepson,prost,,,
2-720-279-1,chac1251,Chácobo,236,hato haɨwa,Phonemic,stepmother,prost,,,
2-710-279-1,chac1251,Chácobo,237,hato haɨpa,Phonemic,stepfather,prost,,,
2-631-279-1,chac1251,Chácobo,2266,raisi,Phonemic,son-in-law (of a woman),prost,,,
2-630-279-1,chac1251,Chácobo,2267,raisi,Phonemic,son-in-law (of a man),prost,,,
2-620-279-1,chac1251,Chácobo,2256,raisi,Phonemic,mother-in-law (of a man),prost,,,
2-610-279-1,chac1251,Chácobo,2255,raisi,Phonemic,father-in-law (of a man),prost,,,
2-560-279-1,chac1251,Chácobo,1669,rɨkɨ-βo,Phonemic,ancestors,prost,,,
2-540-279-1,chac1251,Chácobo,1642,piʔaka,Phonemic,niece,prost,,,
2-530-279-1,chac1251,Chácobo,1063,piʔaka,Phonemic,nephew,prost,,,
2-522-279-1,chac1251,Chácobo,170,yaya,Phonemic,father's sister,prost,,,
2-520-279-1,chac1251,Chácobo,1272,yaya,Phonemic,aunt,prost,,,
2-521-279-1,chac1251,Chácobo,171,mama,Phonemic,mother's sister,prost,,,
2-512-279-1,chac1251,Chácobo,1985,ɨpaisa,Phonemic,father's brother,prost,,,
2-511-279-1,chac1251,Chácobo,1984,koko,Phonemic,mother's brother,prost,,,
2-510-279-1,chac1251,Chácobo,1327,ɨpaisa,Phonemic,uncle,prost,,,
2-480-279-1,chac1251,Chácobo,1618,ɨβaβa,Phonemic,grandson,prost,,,
2-490-279-1,chac1251,Chácobo,1619,ɨβaβa,Phonemic,granddaughter,prost,,,
2-471-279-1,chac1251,Chácobo,907,yoṣ̌a siri,Phonemic,old woman,prost,Lit. 'woman old'.,,
2-470-279-1,chac1251,Chácobo,1496,ɨwati,Phonemic,grandmother,prost,,,
2-461-279-1,chac1251,Chácobo,406,honi siri,Phonemic,old man,prost,Lit. 'man old'.,,
2-460-279-1,chac1251,Chácobo,1383,čaʔi-ta,Phonemic,grandfather,prost,,,
2-455-279-1,chac1251,Chácobo,1761,noma,Phonemic,younger sister,prost,Female speaking.,,
2-454-279-1,chac1251,Chácobo,1758,rɨkɨmɨ,Phonemic,older sister,prost,Female speaking.,,
2-450-279-1,chac1251,Chácobo,1263,yoṣ̌a-kato,Phonemic,sister,prost,Male speaking. Also maško.,,
2-445-279-1,chac1251,Chácobo,1760,poi maṣ̌ko,Phonemic,younger brother,prost,"Refers to younger sibling of opposite sex, term used by a third person when referring to Ego's siblings. Younger b. of male speaker is noma. Younger sibling of same sex is wɨc̷a maṣ̌ko.",,
2-444-279-1,chac1251,Chácobo,1759,ɨpa,Phonemic,older brother,prost,Term that younger children say to older brothers in direct address. Oldest b. of male speaker is rɨkɨmɨ.,,
2-440-279-1,chac1251,Chácobo,1262,noma,Phonemic,brother,prost,,,
2-420-279-1,chac1251,Chácobo,1357,haʔini,Phonemic,daughter,prost,,,
2-410-279-1,chac1251,Chácobo,1620,βakɨ,Phonemic,son,prost,The latter refers to youngest son.,,
2-410-279-3,chac1251,Chácobo,1620,βakɨ noma,Phonemic,son,prost,The latter refers to youngest son.,,
2-390-279-1,chac1251,Chácobo,426,βɨnɨ ya kato,Phonemic,married woman,prost,Means one who has husband.,,
2-380-279-1,chac1251,Chácobo,424,awi ya kato,Phonemic,married man,prost,Means one who has a wife.,,
2-370-279-1,chac1251,Chácobo,505,hawɨna-βo,Phonemic,parents,prost,Also means 'family' (02.820).,,
2-360-279-1,chac1251,Chácobo,1216,haʔiwa,Phonemic,mother,prost,kai is used in direct address.,,
2-350-279-1,chac1251,Chácobo,1217,papa,Phonemic,father,prost,"Also ʔɨpa, direct address.",,
2-350-279-3,chac1251,Chácobo,1217,ɨpa,Phonemic,father,prost,"Also ʔɨpa, direct address.",,
2-341-279-1,chac1251,Chácobo,1134,nia-,Phonemic,divorce,prost,,,
2-330-279-1,chac1251,Chácobo,203,oto-,Phonemic,marry,prost,,,
2-320-279-1,chac1251,Chácobo,1199,awi-ni,Phonemic,wife,prost,A potential wife/marriageable person is wanɨ.,,
2-310-279-1,chac1251,Chácobo,1200,βɨnɨ,Phonemic,husband,prost,,,
2-280-279-1,chac1251,Chácobo,1289,βakɨ pistia,Phonemic,"infant, baby",prost,Lit. 'child small'.,,
2-270-279-1,chac1251,Chácobo,1304,ṣ̌oko-βo,Phonemic,child,prost,,,
2-270-279-3,chac1251,Chácobo,1304,βakɨ,Phonemic,child,prost,,,
2-261-279-1,chac1251,Chácobo,77,βɨčo,Phonemic,young woman (adolescent),prost,"Refers to young girl at first menstruation. Also ṣ̌otako, a virgin. Also yoṣ̌a haʔini; yoṣ̌a haʔi-βo.",,
2-260-279-1,chac1251,Chácobo,1646,yoṣ̌a pistia,Phonemic,girl,prost,Lit. 'woman small'.,,
2-251-279-1,chac1251,Chácobo,76,honi βakɨ,Phonemic,young man (adolescent),prost,Lit. 'man child'.,,
2-250-279-1,chac1251,Chácobo,1366,honi pistia,Phonemic,boy,prost,Lit. 'man little'.,,
2-240-279-1,chac1251,Chácobo,1551,awi-ni,Phonemic,female,prost,,,
2-230-279-1,chac1251,Chácobo,1553,βɨnɨ,Phonemic,male,prost,,,
2-220-279-1,chac1251,Chácobo,962,yoṣ̌a,Phonemic,woman,prost,,,
2-210-279-1,chac1251,Chácobo,1554,honi,Phonemic,man (vs. woman),prost,,,
2-100-279-1,chac1251,Chácobo,683,noʔiria,Phonemic,"person, human being",prost,"Also karayana, outsiders who are not Indian 19.550.",,
1-890-279-1,chac1251,Chácobo,1188,c̷istɨ mišni,Phonemic,charcoal,prost,Lit. 'coals small'.,,
1-880-279-1,chac1251,Chácobo,10,karo,Phonemic,firewood,prost,,,
1-870-279-1,chac1251,Chácobo,1133,čiʔi c̷amati,Phonemic,match (noun),prost,Lit. 'fire starter'.,,
1-861-279-1,chac1251,Chácobo,127,noka-,Phonemic,extinguish,prost,,,
1-861-279-3,chac1251,Chácobo,127,noka-wa-,Phonemic,extinguish,prost,,,
1-860-279-1,chac1251,Chácobo,737,c̷ami-,Phonemic,"light, kindle, ignite",prost,Respectively: intransitive and transitive.,,
1-860-279-3,chac1251,Chácobo,737,c̷ama,Phonemic,"light, kindle, ignite",prost,Respectively: intransitive and transitive.,,
1-852-279-1,chac1251,Chácobo,1428,mɨṣ̌o-,Phonemic,burn (vb intrans),prost,"'To burn (a cháco).' Also čoṣ̌a-, to singe, burn off feathers/hair.",,
1-851-279-1,chac1251,Chácobo,141,mɨṣ̌a-,Phonemic,burn (vb trans),prost,Also pɨrɨʔa; pɨrɨ-.,,
1-841-279-1,chac1251,Chácobo,67,rɨṣ̌kɨnɨ,Phonemic,embers,prost,,,
1-840-279-1,chac1251,Chácobo,646,čiʔi-mišpo,Phonemic,ashes,prost,"Lit. 'fire-dust', 01.213.",,
1-830-279-1,chac1251,Chácobo,778,koʔini,Phonemic,smoke (noun),prost,,,
1-820-279-1,chac1251,Chácobo,889,čiʔi hana,Phonemic,flame (noun),prost,Lit. 'fire tongue'.,,
1-810-279-1,chac1251,Chácobo,221,čiʔi,Phonemic,fire,prost,,,
1-750-279-1,chac1251,Chácobo,658,oi,Phonemic,rain (noun),prost,"A mist, drizzle is oi ṣ̌oko.",,
1-740-279-1,chac1251,Chácobo,249,koro,Phonemic,fog,prost,,,
1-720-279-1,chac1251,Chácobo,960,yošini,Phonemic,wind,prost,"Also means 'shadow (01.630), spirit, reflection'. A breeze is ṣ̌oto-ti.",,
1-730-279-1,chac1251,Chácobo,1489,c̷ɨmo,Phonemic,cloud,prost,,,
1-710-279-1,chac1251,Chácobo,27,ko'ʔini,Phonemic,air,prost,Means 'vapor'; also means 'smoke'.,,
1-640-279-1,chac1251,Chácobo,1977,niβiči,Phonemic,dew,prost,,,
1-630-279-1,chac1251,Chácobo,1388,tɨ-βakiši,Phonemic,"shade, shadow",prost,"A shadow, evil spirit, or bad wind (01.720) is yošini.",,
1-620-279-1,chac1251,Chácobo,11,βakiši,Phonemic,darkness,prost,Cf. 'night' 14.420.,,
1-610-279-1,chac1251,Chácobo,630,wɨana,Phonemic,light (noun),prost,,,
1-590-279-1,chac1251,Chácobo,1733,naβaβaʔi,Phonemic,rainbow,prost,,,
1-560-279-1,chac1251,Chácobo,1150,tɨrɨ-ʔaina,Phonemic,thunder,prost,Intransitive form.,,
1-550-279-1,chac1251,Chácobo,1654,kanapa,Phonemic,lightning,prost,,,
1-550-279-3,chac1251,Chácobo,1654,βara-,Phonemic,lightning,prost,,,
1-540-279-1,chac1251,Chácobo,1430,wištima,Phonemic,star,prost,Cf. 'many' 13.150.,,
1-530-279-1,chac1251,Chácobo,1313,oṣ̌ɨ,Phonemic,moon,prost,,,
1-520-279-1,chac1251,Chácobo,1343,βari,Phonemic,sun,prost,,,
1-510-279-1,chac1251,Chácobo,1732,nai-pa,Phonemic,sky,prost,,,
1-430-279-1,chac1251,Chácobo,1803,hiwi,Phonemic,wood,prost,,,
1-420-279-1,chac1251,Chácobo,906,hiwi,Phonemic,tree (cf 08.600),prost,,,
1-410-279-1,chac1251,Chácobo,420,niʔi,Phonemic,"woods, forest",prost,Means 'jungle'.,,
1-380-279-1,chac1251,Chácobo,1145,miwa-no,Phonemic,swamp,prost,,,
1-370-279-1,chac1251,Chácobo,2144,katoro,Phonemic,"spring, well",prost,,,
1-360-279-1,chac1251,Chácobo,666,ani,Phonemic,"river, stream, brook",prost,"Also paɨ; pao, 'stream'.",,
1-350-279-1,chac1251,Chácobo,978,čoka,Phonemic,wave,prost,Also takaši 'small wave.',,
1-341-279-1,chac1251,Chácobo,623,katoro,Phonemic,lagoon,prost,,,
1-330-279-1,chac1251,Chácobo,624,ia-nɨ,Phonemic,lake,prost,,,
1-324-279-1,chac1251,Chácobo,1768,βakoṣ̌,Phonemic,foam,prost,,,
1-310-279-1,chac1251,Chácobo,948,hɨ-nɨ,Phonemic,water,prost,Also hɨnɨ-paṣ̌a (pure water for drinking). Cf. 'raw' 05.122; 'new' 14.130.,,
1-280-279-1,chac1251,Chácobo,1155,kini,Phonemic,cave,prost,Also means 'hole' 12.850.,,
1-270-279-1,chac1251,Chácobo,113,kɨ-so-,Phonemic,shore,prost,"Means 'edge of'. maṣ̌ɨnɨ refers to a sandy beach, 01.215.",,
1-250-279-1,chac1251,Chácobo,622,tɨmisko,Phonemic,island,prost,Also island of trees on the pampa is tɨsɨβɨ.,,
1-230-279-1,chac1251,Chácobo,652,ṣ̌aβaka,Phonemic,"plain, field",prost,,,
1-222-279-1,chac1251,Chácobo,618,kɨ-mapo,Phonemic,"cliff, precipice",prost,Cf. 'lip' 04.250.,,
1-220-279-1,chac1251,Chácobo,2118,mai-tɨmači,Phonemic,"mountain, hill",prost,Also tɨmači; makana.,,
1-214-279-1,chac1251,Chácobo,640,mac̷a,Phonemic,mud,prost,'Muddy water' is hɨnɨ potaka.,,
1-215-279-1,chac1251,Chácobo,671,maṣ̌ɨnɨ,Phonemic,sand,prost,,,
1-215-279-3,chac1251,Chácobo,671,mišpo,Phonemic,sand,prost,,,
1-213-279-1,chac1251,Chácobo,2,mišpo,Phonemic,dust,prost,Same as 'ashes' 01.840.,,
1-212-279-1,chac1251,Chácobo,1228,mai,Phonemic,"earth=ground, soil",prost,,,
1-210-279-1,chac1251,Chácobo,626,mai,Phonemic,"earth, land",prost,,,
1-100-279-1,chac1251,Chácobo,965,mai,Phonemic,world,prost,,,
14-332-279-1,chac1251,Chácobo,418,naama-,Phonemic,long-time (for a),prost,'A long time ago' is -ni.,,
14-410-279-1,chac1251,Chácobo,1225,βɨaʔaina,Phonemic,day,prost,,,
14-420-279-1,chac1251,Chácobo,1233,βakiča,Phonemic,night,prost,,,
14-430-279-1,chac1251,Chácobo,729,wɨana,Phonemic,dawn,prost,,,
14-440-279-1,chac1251,Chácobo,1339,wɨana,Phonemic,morning,prost,,,
14-440-279-3,chac1251,Chácobo,1339,βakišmari,Phonemic,morning,prost,,,
14-450-279-1,chac1251,Chácobo,12,matoroko,Phonemic,"noon, midday",prost,,,
14-451-279-1,chac1251,Chácobo,1807,mɨnata,Phonemic,afternoon,prost,Also pṣ̌-mɨnata; yata.,,
14-460-279-1,chac1251,Chácobo,1629,čiamɨ,Phonemic,evening,prost,,,
14-480-279-1,chac1251,Chácobo,1329,wɨakɨ,Phonemic,tomorrow,prost,,,
14-710-279-1,chac1251,Chácobo,1370,oṣ̌ɨ,Phonemic,month,prost,Also means 'moon' 01.530.,,
14-730-279-1,chac1251,Chácobo,1226,ṣ̌ɨnipa,Phonemic,year,prost,Refers to a 'length of time'. Also refers to the stars called 'Tres Marías'.,,
14-780-279-1,chac1251,Chácobo,691,tiya,Phonemic,season,prost,,,
15-210-279-1,chac1251,Chácobo,1587,čopiši,Phonemic,smell (vb intrans),prost,,,
15-212-279-1,chac1251,Chácobo,375,ṣ̌ɨta-,Phonemic,sniff,prost,,,
15-220-279-1,chac1251,Chácobo,1586,ṣ̌ɨtɨ-,Phonemic,smell (vb trans),prost,,,
15-260-279-1,chac1251,Chácobo,42,pisi,Phonemic,"stinking, bad smelling",prost,Also koʔo ṣ̌ɨni.,,
15-260-279-3,chac1251,Chácobo,42,koʔo,Phonemic,"stinking, bad smelling",prost,Also koʔo ṣ̌ɨni.,,
15-310-279-1,chac1251,Chácobo,21,tana,Phonemic,taste,prost,"Means 'taste, try, test'.",,
15-350-279-1,chac1251,Chácobo,717,tii-,Phonemic,sweet,prost,Latter refers to 'honey'.,,
15-350-279-3,chac1251,Chácobo,717,βata,Phonemic,sweet,prost,Latter refers to 'honey'.,,
15-360-279-1,chac1251,Chácobo,1091,tii,Phonemic,salty,prost,,,
15-370-279-1,chac1251,Chácobo,887,moka,Phonemic,bitter,prost,,,
15-410-279-1,chac1251,Chácobo,1408,nika-,Phonemic,hear,prost,,,
15-420-279-1,chac1251,Chácobo,1608,nika-,Phonemic,listen,prost,,,
15-440-279-1,chac1251,Chácobo,1811,čoša-,Phonemic,"sound, noise",prost,'Noisy' is pakos.,,
15-460-279-1,chac1251,Chácobo,1314,pasi-,Phonemic,"quiet, silence",prost,,,
15-510-279-1,chac1251,Chácobo,1409,his-,Phonemic,see,prost,,,
15-520-279-1,chac1251,Chácobo,1819,c̷aya-,Phonemic,"look, look at",prost,,,
15-550-279-1,chac1251,Chácobo,1039,his-ma-,Phonemic,show,prost,Lit. 'see-causative'.,,
15-620-279-1,chac1251,Chácobo,250,hoṣ̌o,Phonemic,light (in color),prost,Also means 'white' 15.640.,,
15-630-279-1,chac1251,Chácobo,706,čɨkɨ,Phonemic,dark (in color),prost,,,
15-630-279-3,chac1251,Chácobo,706,wiso,Phonemic,dark (in color),prost,,,
15-640-279-1,chac1251,Chácobo,1335,hoṣ̌o,Phonemic,white,prost,,,
15-650-279-1,chac1251,Chácobo,163,čɨkɨ,Phonemic,black,prost,,,
15-660-279-1,chac1251,Chácobo,156,piši,Phonemic,red,prost,Also či-'šini.,,
15-660-279-3,chac1251,Chácobo,156,šini,Phonemic,red,prost,Also či-'šini.,,
15-670-279-1,chac1251,Chácobo,837,niaβa,Phonemic,blue,prost,,,
15-680-279-1,chac1251,Chácobo,1425,niaβa,Phonemic,green,prost,,,
15-690-279-1,chac1251,Chácobo,1424,šini,Phonemic,yellow,prost,,,
15-710-279-1,chac1251,Chácobo,1892,mɨc̷o,Phonemic,touch,prost,,,
15-710-279-3,chac1251,Chácobo,1892,moc̷a-,Phonemic,touch,prost,,,
15-740-279-1,chac1251,Chácobo,1884,koši,Phonemic,hard,prost,,,
15-740-279-3,chac1251,Chácobo,1884,taro,Phonemic,hard,prost,,,
15-750-279-1,chac1251,Chácobo,1856,payo,Phonemic,soft,prost,,,
15-750-279-3,chac1251,Chácobo,1856,miro,Phonemic,soft,prost,,,
15-770-279-1,chac1251,Chácobo,1234,para,Phonemic,smooth,prost,,,
15-780-279-1,chac1251,Chácobo,1396,kɨno,Phonemic,sharp,prost,Latter is 'very sharp'. Cf. 'pointed' 12.352.,,
15-780-279-3,chac1251,Chácobo,1396,kɨno-sɨni,Phonemic,sharp,prost,Latter is 'very sharp'. Cf. 'pointed' 12.352.,,
15-790-279-1,chac1251,Chácobo,379,či-,Phonemic,"blunt, dull",prost,"The latter refers to a blunt end. Also βara; rɨṣ̌to. či-rɨwiši paiti, refers to a pot with a small bottom/base.",,
15-790-279-3,chac1251,Chácobo,379,čipo,Phonemic,"blunt, dull",prost,"The latter refers to a blunt end. Also βara; rɨṣ̌to. či-rɨwiši paiti, refers to a pot with a small bottom/base.",,
15-810-279-1,chac1251,Chácobo,1210,iwɨ,Phonemic,heavy,prost,Latter is 'very heavy'.,,
15-810-279-3,chac1251,Chácobo,1210,iwi-sɨni,Phonemic,heavy,prost,Latter is 'very heavy'.,,
15-820-279-1,chac1251,Chácobo,1052,ṣ̌ahi,Phonemic,light (in weight),prost,,,
15-820-279-3,chac1251,Chácobo,1052,yɨhɨ,Phonemic,light (in weight),prost,,,
15-830-279-1,chac1251,Chácobo,1726,čaaṣ̌-a,Phonemic,"wet, damp",prost,,,
15-830-279-3,chac1251,Chácobo,1726,moosa-,Phonemic,"wet, damp",prost,,,
15-840-279-1,chac1251,Chácobo,1398,šina-,Phonemic,dry,prost,"Also čoni, implies the hardening of the item in the drying process, such as fish or corn. To dry in the sun is pinia-. Also c̷isna-, e.g. when the river dries up.",,
15-840-279-3,chac1251,Chácobo,1398,hano-,Phonemic,dry,prost,"Also čoni, implies the hardening of the item in the drying process, such as fish or corn. To dry in the sun is pinia-. Also c̷isna-, e.g. when the river dries up.",,
15-850-279-1,chac1251,Chácobo,1286,ic̷isa,Phonemic,hot,prost,Latter means 'feel warm/hot'.,,
15-850-279-3,chac1251,Chácobo,1286,wao,Phonemic,hot,prost,Latter means 'feel warm/hot'.,,
15-851-279-1,chac1251,Chácobo,1232,waʔa-,Phonemic,warm,prost,,,
15-860-279-1,chac1251,Chácobo,1287,ṣ̌opi,Phonemic,cold,prost,"Former refers to weather, windy cold.",,
15-860-279-3,chac1251,Chácobo,1287,mac̷i,Phonemic,cold,prost,"Former refers to weather, windy cold.",,
15-870-279-1,chac1251,Chácobo,704,βiri,Phonemic,clean,prost,,,
15-870-279-3,chac1251,Chácobo,704,wɨnɨ-,Phonemic,clean,prost,,,
15-880-279-1,chac1251,Chácobo,1230,čɨkɨ,Phonemic,"dirty, soiled",prost,,,
15-890-279-1,chac1251,Chácobo,380,čomi,Phonemic,wrinkled,prost,,,
16-110-279-1,chac1251,Chácobo,53,šinana,Phonemic,"soul, spirit",prost,,,
16-150-279-1,chac1251,Chácobo,1572,ratiakɨ,Phonemic,"surprised, astonished",prost,,,
16-230-279-1,chac1251,Chácobo,1495,rani-,Phonemic,"joyful, glad, happy",prost,,,
16-230-279-3,chac1251,Chácobo,1495,šina-rani-,Phonemic,"joyful, glad, happy",prost,,,
16-250-279-1,chac1251,Chácobo,1355,osa-,Phonemic,laugh,prost,,,
16-250-279-3,chac1251,Chácobo,1355,c̷iri-,Phonemic,laugh,prost,,,
16-251-279-1,chac1251,Chácobo,1451,ṣ̌ɨči-,Phonemic,smile,prost,,,
16-251-279-3,chac1251,Chácobo,1451,c̷iri-,Phonemic,smile,prost,,,
16-260-279-1,chac1251,Chácobo,1413,kaṣ̌a-,Phonemic,play,prost,,,
16-270-279-1,chac1251,Chácobo,923,noi-,Phonemic,love,prost,,,
16-270-279-3,chac1251,Chácobo,923,rani-,Phonemic,love,prost,,,
16-290-279-1,chac1251,Chácobo,578,tac̷o-,Phonemic,kiss,prost,Is related to 'sucking'.,,
16-310-279-1,chac1251,Chácobo,1783,isi-,Phonemic,pain,prost,'To suffer' is tɨnɨ-.,,
16-310-279-3,chac1251,Chácobo,1783,isini,Phonemic,pain,prost,'To suffer' is tɨnɨ-.,,
16-320-279-1,chac1251,Chácobo,1668,kowɨ,Phonemic,"grief, sorrow, sadness",prost,,,
16-330-279-1,chac1251,Chácobo,1000,šina-wɨhɨna-,Phonemic,"anxiety, worry",prost,,,
16-350-279-1,chac1251,Chácobo,1141,noi-,Phonemic,pity,prost,,,
16-370-279-1,chac1251,Chácobo,1839,ara-,Phonemic,"cry, weep",prost,,,
16-380-279-1,chac1251,Chácobo,1651,βɨ-ʔono,Phonemic,tear (noun),prost,,,
16-390-279-1,chac1251,Chácobo,716,ɨɨsikɨ,Phonemic,groan,prost,,,
16-420-279-1,chac1251,Chácobo,82,kaṣ̌aki,Phonemic,anger,prost,,,
16-440-279-1,chac1251,Chácobo,40,rano-,Phonemic,"envy, jealousy",prost,,,
16-450-279-1,chac1251,Chácobo,1776,βɨ-raβɨ-,Phonemic,shame (noun),prost,,,
16-530-279-1,chac1251,Chácobo,781,rakɨ-,Phonemic,"fear, fright",prost,The latter is 'fear/startle'.,,
16-530-279-3,chac1251,Chácobo,781,ratɨ-,Phonemic,"fear, fright",prost,The latter is 'fear/startle'.,,
16-540-279-1,chac1251,Chácobo,1810,kinyawɨ,Phonemic,danger,prost,,,
16-620-279-1,chac1251,Chácobo,1784,aa-,Phonemic,"desire, want",prost,The latter is a desiderative verb suffix.,,
16-620-279-3,chac1251,Chácobo,1784,okɨɨ-,Phonemic,"desire, want",prost,The latter is a desiderative verb suffix.,,
16-620-279-5,chac1251,Chácobo,1784,-kas,Phonemic,"desire, want",prost,The latter is a desiderative verb suffix.,,
16-630-279-1,chac1251,Chácobo,1092,haʔopaso-,Phonemic,hope,prost,,,
16-660-279-1,chac1251,Chácobo,1657,haβiha,Phonemic,true,prost,,,
16-670-279-1,chac1251,Chácobo,601,kia-,Phonemic,"lie, tell lies",prost,To 'deceive' is para-.,,
16-680-279-1,chac1251,Chácobo,13,para-,Phonemic,deceit,prost,Verbal form.,,
16-690-279-1,chac1251,Chácobo,1528,šinaβɨno,Phonemic,forgive,prost,,,
16-710-279-1,chac1251,Chácobo,1035,hia,Phonemic,good,prost,,,
16-710-279-3,chac1251,Chácobo,1035,hɨnima,Phonemic,good,prost,,,
16-710-279-5,chac1251,Chácobo,1035,hiaṣ̌ɨni,Phonemic,good,prost,,,
16-720-279-1,chac1251,Chácobo,1292,kaṣ̌aṣ̌ɨni,Phonemic,bad,prost,,,
16-730-279-1,chac1251,Chácobo,1725,haʔano,Phonemic,"right, correct",prost,,,
16-740-279-1,chac1251,Chácobo,1390,hanyama,Phonemic,wrong,prost,,,
16-760-279-1,chac1251,Chácobo,134,kɨso-,Phonemic,fault,prost,,,
16-770-279-1,chac1251,Chácobo,1293,hanyama,Phonemic,"mistake, error",prost,,,
16-780-279-1,chac1251,Chácobo,381,kɨso-,Phonemic,blame,prost,,,
16-790-279-1,chac1251,Chácobo,1687,okɨwa-,Phonemic,praise,prost,,,
16-810-279-1,chac1251,Chácobo,1427,hia,Phonemic,beautiful,prost,,,
16-810-279-3,chac1251,Chácobo,1427,hiana,Phonemic,beautiful,prost,,,
16-820-279-1,chac1251,Chácobo,1548,yoiria,Phonemic,ugly,prost,,,
17-110-279-1,chac1251,Chácobo,1562,šinana,Phonemic,mind,prost,,,
17-130-279-1,chac1251,Chácobo,1415,šina-,Phonemic,think (= reflect),prost,,,
17-140-279-1,chac1251,Chácobo,1513,haskawa-,Phonemic,think (= be of the opinion),prost,,,
17-150-279-1,chac1251,Chácobo,1890,čaʔawa-,Phonemic,believe,prost,,,
17-160-279-1,chac1251,Chácobo,1536,nika-,Phonemic,understand,prost,,,
17-160-279-3,chac1251,Chácobo,1536,kaʔɨ-,Phonemic,understand,prost,,,
17-170-279-1,chac1251,Chácobo,1410,kaʔɨ-,Phonemic,know,prost,Cf. 'arrive' 10.550.,,
17-172-279-1,chac1251,Chácobo,117,mawa-,Phonemic,imitate,prost,,,
17-210-279-1,chac1251,Chácobo,698,tiisi,Phonemic,wise,prost,,,
17-220-279-1,chac1251,Chácobo,1518,yoyo-,Phonemic,"foolish, stupid",prost,,,
17-230-279-1,chac1251,Chácobo,1899,yoyo-,Phonemic,"insane, crazy",prost,,,
17-240-279-1,chac1251,Chácobo,504,haβi-,Phonemic,learn,prost,,,
17-250-279-1,chac1251,Chácobo,709,tiisi-ma-,Phonemic,teach,prost,Suffix is causative; cf. 'wise' 17.210.,,
17-310-279-1,chac1251,Chácobo,707,šina-,Phonemic,remember,prost,,,
17-320-279-1,chac1251,Chácobo,1523,šina,Phonemic,forget,prost,,,
17-320-279-3,chac1251,Chácobo,1523,βɨno-,Phonemic,forget,prost,,,
17-360-279-1,chac1251,Chácobo,1121,honɨ,Phonemic,secret,prost,,,
17-380-279-1,chac1251,Chácobo,1626,kaʔɨ-ma-,Phonemic,explain,prost,Lit. 'understand-causative'.,,
17-460-279-1,chac1251,Chácobo,686,βɨrono,Phonemic,easy,prost,,,
17-470-279-1,chac1251,Chácobo,584,βɨrono-ma,Phonemic,difficult,prost,Lit. 'easy-negative'.,,
17-480-279-1,chac1251,Chácobo,1812,tana-,Phonemic,"try, attempt",prost,,,
17-490-279-1,chac1251,Chácobo,488,haβi-,Phonemic,"way, manner",prost,Also means 'custom'.,,
17-520-279-1,chac1251,Chácobo,1157,hakɨšpi,Phonemic,because,prost,iki; and ikina mean 'on account of'. Also taʔɨ ṣ̌o .,,
17-530-279-1,chac1251,Chácobo,1459,roʔaṣ̌o,Phonemic,if,prost,,,
17-550-279-1,chac1251,Chácobo,1268,haβiʔa,Phonemic,"yes, affirmative",prost,,,
17-560-279-1,chac1251,Chácobo,1269,-ma,Phonemic,"no, negative",prost,,,
17-560-279-3,chac1251,Chácobo,1269,-yama,Phonemic,"no, negative",prost,,,
17-610-279-1,chac1251,Chácobo,1239,hɨ-nawa,Phonemic,how?,prost,,,
17-620-279-1,chac1251,Chácobo,822,hawɨ-tiʔi-ni,Phonemic,how many?,prost,,,
17-640-279-1,chac1251,Chácobo,1236,hawɨ,Phonemic,what?,prost,,,
17-640-279-3,chac1251,Chácobo,1236,hawɨ-ni,Phonemic,what?,prost,,,
17-650-279-1,chac1251,Chácobo,1238,hɨ-nino,Phonemic,when?,prost,,,
17-660-279-1,chac1251,Chácobo,1237,hawɨnia,Phonemic,where?,prost,,,
17-660-279-3,chac1251,Chácobo,1237,haʔa,Phonemic,where?,prost,,,
17-660-279-5,chac1251,Chácobo,1237,haʔɨniani,Phonemic,where?,prost,,,
17-670-279-1,chac1251,Chácobo,727,-ka,Phonemic,which?,prost,,,
17-670-279-3,chac1251,Chácobo,727,hɨnika,Phonemic,which?,prost,,,
17-680-279-1,chac1251,Chácobo,1235,c̷owɨ-ni,Phonemic,who?,prost,,,
17-680-279-3,chac1251,Chácobo,1235,c̷oʔo,Phonemic,who?,prost,,,
17-690-279-1,chac1251,Chácobo,1270,hɨ-nini,Phonemic,why?,prost,,,
18-110-279-1,chac1251,Chácobo,1363,hoi,Phonemic,voice,prost,,,
18-120-279-1,chac1251,Chácobo,1261,kɨkɨ,Phonemic,sing,prost,"Actually means 'chanting'. Also nawari-, 'chant'.",,
18-130-279-1,chac1251,Chácobo,715,sai ʔae-,Phonemic,"shout, cry out",prost,,,
18-130-279-3,chac1251,Chácobo,715,waa-,Phonemic,"shout, cry out",prost,,,
18-150-279-1,chac1251,Chácobo,55,βaṣ̌ɨṣ̌ɨ,Phonemic,whisper,prost,,,
18-170-279-1,chac1251,Chácobo,1025,sɨso-,Phonemic,whistle,prost,Also ṣ̌oroʔati.,,
18-210-279-1,chac1251,Chácobo,1623,oka,Phonemic,"speak, talk",prost,,,
18-210-279-3,chac1251,Chácobo,1623,čani-,Phonemic,"speak, talk",prost,,,
18-210-279-5,chac1251,Chácobo,1623,yoa-,Phonemic,"speak, talk",prost,,,
18-220-279-1,chac1251,Chácobo,1458,i-,Phonemic,say,prost,,,
18-220-279-3,chac1251,Chácobo,1458,i-kina,Phonemic,say,prost,,,
18-230-279-1,chac1251,Chácobo,48,pasi-,Phonemic,silent (be),prost,,,
18-240-279-1,chac1251,Chácobo,1307,hoi,Phonemic,language,prost,,,
18-260-279-1,chac1251,Chácobo,1599,hoi,Phonemic,word,prost,,,
18-280-279-1,chac1251,Chácobo,1405,hanɨ,Phonemic,name,prost,,,
18-310-279-1,chac1251,Chácobo,1309,nika-,Phonemic,"ask (question, inquire)",prost,,,
18-320-279-1,chac1251,Chácobo,1275,kɨbi-,Phonemic,answer,prost,,,
18-350-279-1,chac1251,Chácobo,1828,βɨna-,Phonemic,"ask, request",prost,,,
18-350-279-3,chac1251,Chácobo,1828,βaa-,Phonemic,"ask, request",prost,,,
18-390-279-1,chac1251,Chácobo,299,raa aki,Phonemic,"rebuke, scold",prost,,,
18-410-279-1,chac1251,Chácobo,1084,kɨna-,Phonemic,call (=summon),prost,,,
18-440-279-1,chac1251,Chácobo,1192,roamis-,Phonemic,threaten,prost,,,
18-510-279-1,chac1251,Chácobo,1672,[papi]-kɨnɨ-,Phonemic,write,prost,From Span. 'papel'.,,
18-520-279-1,chac1251,Chácobo,724,[papi] c̷aya-,Phonemic,read,prost,,,
18-560-279-1,chac1251,Chácobo,648,[papi],Phonemic,paper,prost,From Span. 'papel'.,,
18-570-279-1,chac1251,Chácobo,794,kɨnɨ-ti,Phonemic,pen,prost,,,
18-610-279-1,chac1251,Chácobo,963,[papi],Phonemic,book,prost,From Span. 'papel'.,,
18-710-279-1,chac1251,Chácobo,777,pakawa,Phonemic,flute,prost,Also βisto 'pan-pipes.',,
18-720-279-1,chac1251,Chácobo,908,komɨ,Phonemic,drum,prost,,,
18-720-279-3,chac1251,Chácobo,908,komɨ-no,Phonemic,drum,prost,,,
18-740-279-1,chac1251,Chácobo,300,iʔimaʔana,Phonemic,rattle,prost,,,
19-160-279-1,chac1251,Chácobo,930,yakata,Phonemic,village,prost,Also ṣ̌oβo-tɨkɨtɨ; ṣ̌oβo-tiriṣ̌ini. ṣ̌oβo is 'house' 07.120.,,
19-210-279-1,chac1251,Chácobo,789,noʔiria,Phonemic,people (populace),prost,,,
19-240-279-1,chac1251,Chácobo,301,taita,Phonemic,"chief, chieftain",prost,,,
19-410-279-1,chac1251,Chácobo,383,čama,Phonemic,master,prost,,,
19-420-279-1,chac1251,Chácobo,812,yonati,Phonemic,slave,prost,,,
19-430-279-1,chac1251,Chácobo,255,taa-ti,Phonemic,servant,prost,,,
19-460-279-1,chac1251,Chácobo,1635,nika-,Phonemic,obey,prost,,,
19-510-279-1,chac1251,Chácobo,1325,oma,Phonemic,"friend, companion",prost,,,
19-510-279-3,chac1251,Chácobo,1325,raβɨti,Phonemic,"friend, companion",prost,,,
19-550-279-1,chac1251,Chácobo,791,karayana,Phonemic,stranger,prost,Refers to people who are not Indians.,,
19-580-279-1,chac1251,Chácobo,1897,mɨβi-,Phonemic,"help, aid",prost,,,
19-610-279-1,chac1251,Chácobo,1747,haβi,Phonemic,custom,prost,,,
19-650-279-1,chac1251,Chácobo,1831,βɨča-,Phonemic,meet,prost,,,
19-650-279-3,chac1251,Chácobo,1831,βɨčina-,Phonemic,meet,prost,,,
20-110-279-1,chac1251,Chácobo,1423,niana-ʔana,Phonemic,fight (vb),prost,,,
20-110-279-3,chac1251,Chácobo,1423,ikina-,Phonemic,fight (vb),prost,,,
20-220-279-1,chac1251,Chácobo,1763,hiwi čipo,Phonemic,club,prost,Also hiwi ṣ̌atɨ. hiwi is 'wood'.,,
20-240-279-1,chac1251,Chácobo,994,kanati,Phonemic,bow,prost,,,
20-250-279-1,chac1251,Chácobo,977,pia,Phonemic,arrow,prost,"A kind of arrow tip is paka, 'bamboo' 08.940. Also kɨrɨkɨ, tɨopi, and βikoβi. The shaft is tawa, 'moriche palm' 08.810.",,
20-260-279-1,chac1251,Chácobo,945,yɨkati,Phonemic,spear,prost,,,
20-280-279-1,chac1251,Chácobo,1566,tooti,Phonemic,"gun, cannon",prost,,,
20-410-279-1,chac1251,Chácobo,783,βɨβohaina,Phonemic,victory,prost,Means 'winning'.,,
20-520-279-1,chac1251,Chácobo,1074,wɨti,Phonemic,fishhook,prost,,,
20-530-279-1,chac1251,Chácobo,19,hɨtiniši,Phonemic,fishing line,prost,Fishing pole is hiwi siti; hiwi 'wood'.,,
20-610-279-1,chac1251,Chácobo,1435,paso-,Phonemic,hunt,prost,"'Hunter' is mɨki-ṣ̌ɨni, lit. 'one who is skilled'.",,
20-620-279-1,chac1251,Chácobo,1172,čoiša,Phonemic,shoot,prost,Transitive verbs.,,
20-620-279-3,chac1251,Chácobo,1172,onɨ- (?),Phonemic,shoot,prost,Transitive verbs.,,
20-630-279-1,chac1251,Chácobo,161,kania-,Phonemic,miss (target),prost,,,
20-650-279-1,chac1251,Chácobo,1170,maririo-,Phonemic,trap (vb),prost,,,
21-370-279-1,chac1251,Chácobo,390,c̷opihaina,Phonemic,"penalty, punishment",prost,,,
21-420-279-1,chac1251,Chácobo,845,ati iβo,Phonemic,murder,prost,Noun form.,,
21-510-279-1,chac1251,Chácobo,713,rohi-,Phonemic,steal,prost,"The first is from a house, the second is from a person.",,
21-510-279-3,chac1251,Chácobo,713,yoma-,Phonemic,steal,prost,"The first is from a house, the second is from a person.",,
21-520-279-1,chac1251,Chácobo,1160,yoma-ṣ̌ɨni,Phonemic,thief,prost,,,
22-160-279-1,chac1251,Chácobo,257,arahaina,Phonemic,worship,prost,,,
22-170-279-1,chac1251,Chácobo,24,βɨʔoṣ̌-,Phonemic,pray,prost,,,
22-190-279-1,chac1251,Chácobo,1702,roa,Phonemic,"holy, sacred",prost,,,
22-240-279-1,chac1251,Chácobo,8,yošiwa,Phonemic,curse,prost,,,
22-260-279-1,chac1251,Chácobo,303,sama-,Phonemic,fast (vb),prost,,,
22-310-279-1,chac1251,Chácobo,1565,nai-pa,Phonemic,heaven,prost,,,
22-350-279-1,chac1251,Chácobo,1973,yošini,Phonemic,demon (evil spirit),prost,,,
22-420-279-1,chac1251,Chácobo,392,wanimana,Phonemic,"magic, witchcraft, sorcery",prost,,,
22-430-279-1,chac1251,Chácobo,2137,yoβɨka,Phonemic,"sorcerer, witch",prost,,,
