ID,Language_ID,Language_name,Parameter_ID,Value,Transcription,Concept,Source,Comment,AlternativeValue,AlternativeTranscription
14-310-224-1,karo1304,Karok,1676,ʔatahári,Phonemic,always,,,,
14-290-224-1,karo1304,Karok,790,-káriha,Phonemic,ready,,,,
14-280-224-1,karo1304,Karok,1928,-ʔiškáxiš,Phonemic,"cease, stop",,,,
14-270-224-1,karo1304,Karok,1766,-pikyār,Phonemic,finish,,,,
14-250-224-1,karo1304,Karok,1806,-ikyâ̄sip,Phonemic,"begin, beginning",,,,
14-230-224-1,karo1304,Karok,754,yá̄βha,Phonemic,"hasten, hurry",,,,
14-220-224-1,karo1304,Karok,701,čakaʔî̄mič,Phonemic,slow,,,,
14-220-224-3,karo1304,Karok,701,kačaʔî̄mič,Phonemic,slow,,,,
14-210-224-1,karo1304,Karok,1631,čé̄myāč,Phonemic,"swift, fast, quick",,,,
14-180-224-1,karo1304,Karok,1376,payé̄m,Phonemic,now,,,,
14-170-224-1,karo1304,Karok,477,nô̄tah,Phonemic,late,,,,
14-150-224-1,karo1304,Karok,1229,ké̄βrīkha,Phonemic,old,,,,
14-130-224-1,karo1304,Karok,1231,pī́t,Phonemic,new,,,,
13-440-224-1,karo1304,Karok,417,kuyrákyān,Phonemic,three times,,,,
13-380-224-1,karo1304,Karok,1546,ʔaxákyān,Phonemic,two times,,,,
13-350-224-1,karo1304,Karok,1529,ʔifučtî̄mič,Phonemic,last,,,,
13-340-224-1,karo1304,Karok,728,píšīp,Phonemic,first,,,,
13-330-224-1,karo1304,Karok,1580,páθa,Phonemic,"alone, only",,,,
13-240-224-1,karo1304,Karok,816,ʔišvit,Phonemic,half,,,,
13-230-224-1,karo1304,Karok,779,ʔišvit,Phonemic,"part, piece",,,,
13-220-224-1,karo1304,Karok,1624,ʔárūn,Phonemic,empty,,,,
13-210-224-1,karo1304,Karok,1429,ʔaxyar,Phonemic,full,,,,
13-181-224-1,karo1304,Karok,1241,ká̄kum,Phonemic,some,,,,
13-170-224-1,karo1304,Karok,1242,čî̄mič,Phonemic,"little (quantity), few",,,,
13-180-224-1,karo1304,Karok,1881,kó̄nik,Phonemic,enough,,,,
13-160-224-1,karo1304,Karok,1992,kumatê̄šič,Phonemic,more,,,,
13-150-224-1,karo1304,Karok,1198,tāy,Phonemic,"much, many",,,,
13-140-224-1,karo1304,Karok,98,kōβúra,Phonemic,"every, all",,,,
13-107-224-1,karo1304,Karok,1420,-tó̄r,Phonemic,count,,,,
13-106-224-1,karo1304,Karok,1843,ʔitahara-páčiš,Phonemic,thousand,,,,
13-105-224-1,karo1304,Karok,1634,ʔiθa-páčiš,Phonemic,hundred,,,,
13-104-224-1,karo1304,Karok,1710,xakitráhyar,Phonemic,twenty,,,,
13-103-224-1,karo1304,Karok,1709,ʔitráhyar káru ʔitró̄p,Phonemic,fifteen,,,,
13-102-224-1,karo1304,Karok,1707,ʔitráhyar káru ʔáxak,Phonemic,twelve,,,,
13-101-224-1,karo1304,Karok,1706,ʔitráhyar káru yíθa,Phonemic,eleven,,,,
13-100-224-1,karo1304,Karok,1515,ʔitrahyar ~ ʔitahara-,Phonemic,ten,,,,
13-90-224-1,karo1304,Karok,1483,ʔitrōpatíšāmnih,Phonemic,nine,,,,
13-80-224-1,karo1304,Karok,1705,kuyrakinívkih,Phonemic,eight,,,,
13-70-224-1,karo1304,Karok,1704,ʔaxakinívkih,Phonemic,seven,,,,
13-60-224-1,karo1304,Karok,1703,ʔikrívkih,Phonemic,six,,,,
13-50-224-1,karo1304,Karok,493,ʔitró̄p,Phonemic,five,,,,
13-40-224-1,karo1304,Karok,1500,pīθ,Phonemic,four,,,,
13-20-224-1,karo1304,Karok,1498,ʔáxak,Phonemic,two,,,,
13-30-224-1,karo1304,Karok,492,kuyrāk,Phonemic,three,,,,
13-10-224-1,karo1304,Karok,1493,yīθa ~ ʔiθa-,Phonemic,one,,,,
13-0-224-1,karo1304,Karok,1294,púfāt,Phonemic,"zero, nothing",,,,
12-920-224-1,karo1304,Karok,1558,kúniš,Phonemic,"like, similar",,,,
12-810-224-1,karo1304,Karok,1395,ʔúruh,Phonemic,round,,,,
12-750-224-1,karo1304,Karok,1071,taxβúkar,Phonemic,hook,,,,
12-740-224-1,karo1304,Karok,297,-kūn,Phonemic,crooked,,,,
12-730-224-1,karo1304,Karok,1404,fīpáyaβ,Phonemic,straight,,,,
12-710-224-1,karo1304,Karok,1633,tínihič,Phonemic,flat,,,,
12-680-224-1,karo1304,Karok,193,ʔasáxnahič,Phonemic,shallow,,,,
12-670-224-1,karo1304,Karok,1593,núkah,Phonemic,deep,,,,
12-670-224-3,karo1304,Karok,1593,ʔé̄nīk,Phonemic,deep,,,,
12-650-224-1,karo1304,Karok,2249,xútnahič,Phonemic,thin (in dimension),,,,
12-630-224-1,karo1304,Karok,1244,ʔítpūm,Phonemic,thick (in dimension),,,,
12-620-224-1,karo1304,Karok,1267,čû̄yič,Phonemic,narrow,,,,
12-610-224-1,karo1304,Karok,1243,tírih,Phonemic,"wide, broad",,,,
12-590-224-1,karo1304,Karok,1645,ʔipšû̄nkinač,Phonemic,short,,,,
12-580-224-1,karo1304,Karok,711,vâ̄ram ~ -xárah,Phonemic,tall,,,,
12-570-224-1,karo1304,Karok,1203,vâ̄ram ~ -xárah,Phonemic,long,,,,
12-560-224-1,karo1304,Karok,1246,nî̄namič ~ -ʔanamahač,Phonemic,"small, little",,,,
12-550-224-1,karo1304,Karok,1202,ké̄č ~ -kām,Phonemic,"large, big",,,,
12-540-224-1,karo1304,Karok,1506,-suprih,Phonemic,measure,,,,
12-540-224-3,karo1304,Karok,1506,-suprav,Phonemic,measure,,,,
12-530-224-1,karo1304,Karok,479,-ʔif,Phonemic,grow,,,,
12-430-224-1,karo1304,Karok,1942,ʔû̄mukič,Phonemic,near (adv),,,,
12-440-224-1,karo1304,Karok,1406,yīβ,Phonemic,far (adv),,,,
12-420-224-1,karo1304,Karok,244,kútutukam,Phonemic,left (side),,,,
12-410-224-1,karo1304,Karok,1019,yá̄stīkam,Phonemic,right (side),,,,
12-370-224-1,karo1304,Karok,1093,ʔá̄čip,Phonemic,"middle, center",,,,
12-360-224-1,karo1304,Karok,682,ʔápap,Phonemic,side,,,,
12-353-224-1,karo1304,Karok,863,tī́m,Phonemic,edge,,,,
12-352-224-1,karo1304,Karok,372,yáθah,Phonemic,pointed,,,,
12-350-224-1,karo1304,Karok,742,ʔípan,Phonemic,end,,,,
12-340-224-1,karo1304,Karok,690,ʔáfiβ,Phonemic,bottom,,,,
12-330-224-1,karo1304,Karok,1753,ʔípan,Phonemic,top,,,,
12-310-224-1,karo1304,Karok,1265,ʔaʔvárih,Phonemic,high,,,,
12-270-224-1,karo1304,Karok,602,-ʔíšunβa,Phonemic,"hide, conceal",,,,
12-250-224-1,karo1304,Karok,1046,-čiβčak,Phonemic,"shut, close",,,,
12-260-224-1,karo1304,Karok,761,-ʔiθxup,Phonemic,cover,,,,
12-240-224-1,karo1304,Karok,1156,-čiβčá̄ksur,Phonemic,open,,,,
12-230-224-1,karo1304,Karok,1359,-iktak,Phonemic,separate,,,,
12-213-224-1,karo1304,Karok,1576,-ʔikyut-,Phonemic,pile up,,,,
12-212-224-1,karo1304,Karok,371,-ʔê̄čip,Phonemic,pick up,,,,
12-210-224-1,karo1304,Karok,7,-ʔífik,Phonemic,"collect, gather",,,,
12-160-224-1,karo1304,Karok,987,-sām,Phonemic,"remain, stay",,,,
12-150-224-1,karo1304,Karok,1442,-ʔihyárih,Phonemic,stand,,,,
12-140-224-1,karo1304,Karok,215,-ʔá̄siš,Phonemic,lie down,,,,
12-130-224-1,karo1304,Karok,1416,-ʔikriβ,Phonemic,sit,,,,
12-130-224-3,karo1304,Karok,1416,-kû̄riš,Phonemic,sit,,,,
12-120-224-1,karo1304,Karok,998,-ʔūβ,Phonemic,put,,,,
12-80-224-1,karo1304,Karok,1591,ʔaʔ,Phonemic,"up, above",,,,
12-70-224-1,karo1304,Karok,1485,súruk,Phonemic,under,,,,
12-60-224-1,karo1304,Karok,762,ʔî̄kam,Phonemic,outside,,,,
12-50-224-1,karo1304,Karok,1606,súruk,Phonemic,"inside, in",,,,
12-50-224-3,karo1304,Karok,1606,ʔīná̄k,Phonemic,"inside, in",,,,
12-41-224-1,karo1304,Karok,1883,ʔá̄vkam,Phonemic,front,,,,
12-30-224-1,karo1304,Karok,2094,súruk,Phonemic,"down, below",,,,
12-20-224-1,karo1304,Karok,1816,ʔápapkam,Phonemic,beside,,,,
12-11-224-1,karo1304,Karok,1686,ʔífuθ,Phonemic,behind,,,,
11-920-224-1,karo1304,Karok,1098,-má̄θha,Phonemic,weigh,,,,
11-860-224-1,karo1304,Karok,752,pēβapiθβāram,Phonemic,"store, shop",,,,
11-830-224-1,karo1304,Karok,2135,-pê̄βapiθβa,Phonemic,"trade, barter",,,,
11-820-224-1,karo1304,Karok,1571,-ʔiyé̄šrīhβa,Phonemic,sell,,,,
11-810-224-1,karo1304,Karok,1869,-ʔikβáriš,Phonemic,buy,,,,
11-770-224-1,karo1304,Karok,856,-ʔihruβ,Phonemic,hire,,,,
11-650-224-1,karo1304,Karok,718,-ʔiyúriš,Phonemic,pay (vb),,,,
11-540-224-1,karo1304,Karok,1774,ʔamíhyaβ,Phonemic,"avaricious, stingy",,,,
11-530-224-1,karo1304,Karok,1934,ʔimūmáhān,Phonemic,beggar,,,,
11-520-224-1,karo1304,Karok,1674,kâ̄rim,Phonemic,poor,,,,
11-510-224-1,karo1304,Karok,712,yāsʔára,Phonemic,rich,,,,
11-430-224-1,karo1304,Karok,1559,ʔišpuk,Phonemic,money,,,,
11-330-224-1,karo1304,Karok,1660,-pá̄čur,Phonemic,lose,,,,
11-320-224-1,karo1304,Karok,719,-mah,Phonemic,find,,,,
11-310-224-1,karo1304,Karok,1468,-ʔápiβ,Phonemic,"seek, look for",,,,
11-250-224-1,karo1304,Karok,2008,-xāyha,Phonemic,"save, rescue",,,,
11-240-224-1,karo1304,Karok,1997,xú̄s + ʔé̄θ,Phonemic,"preserve, look after",,,,
11-210-224-1,karo1304,Karok,1447,-ʔé̄h,Phonemic,give,,,,
11-170-224-1,karo1304,Karok,1477,-xá̄yha,Phonemic,"keep, retain",,,,
11-150-224-1,karo1304,Karok,1448,-θīn,Phonemic,hold,,,,
11-150-224-3,karo1304,Karok,1448,-ʔištak,Phonemic,hold,,,,
11-140-224-1,karo1304,Karok,2021,-ʔáxay,Phonemic,"seize, grasp",,,,
11-130-224-1,karo1304,Karok,1749,-ʔé̄θ,Phonemic,take,,,,
11-120-224-1,karo1304,Karok,684,-θīn,Phonemic,"own, possess",,,,
11-110-224-1,karo1304,Karok,773,-θīn,Phonemic,have,,,,
10-852-224-1,karo1304,Karok,1849,-vit,Phonemic,row (vb),,,,
10-851-224-1,karo1304,Karok,234,pahβítur,Phonemic,paddle (noun),,,,
10-850-224-1,karo1304,Karok,108,pahβítar,Phonemic,oar,,,,
10-831-224-1,karo1304,Karok,1970,pá̄h,Phonemic,canoe,,,,
10-830-224-1,karo1304,Karok,1844,pá̄h,Phonemic,boat,,,,
10-760-224-1,karo1304,Karok,710,takníhar,Phonemic,wheel,,,,
10-750-224-1,karo1304,Karok,122,[βê̄kin],Phonemic,"carriage, wagon, cart",,,,
10-740-224-1,karo1304,Karok,1011,ʔahyūm,Phonemic,bridge,,,,
10-720-224-1,karo1304,Karok,2252,ʔimpāh,Phonemic,path,,,,
10-710-224-1,karo1304,Karok,667,ʔimpāh,Phonemic,road,,,,
10-670-224-1,karo1304,Karok,1452,-taxya-,Phonemic,"push, shove",,,,
10-660-224-1,karo1304,Karok,367,-kû̄ntakō,Phonemic,ride,,,,
10-650-224-1,karo1304,Karok,741,-ʔáha-,Phonemic,drive,,,,
10-640-224-1,karo1304,Karok,43,-ʔišrá̄t,Phonemic,lead (vb),,,,
10-620-224-1,karo1304,Karok,692,-ʔê̄θ,Phonemic,bring,,,,
10-613-224-1,karo1304,Karok,413,-ʔikβat,Phonemic,carry-on-shoulder,,,,
10-612-224-1,karo1304,Karok,412,-mû̄t,Phonemic,carry-in-hand,,,,
10-612-224-3,karo1304,Karok,412,-ʔiktaβ,Phonemic,carry-in-hand,,,,
10-610-224-1,karo1304,Karok,700,-ʔê̄θ,Phonemic,carry (bear),,,,
10-570-224-1,karo1304,Karok,749,-βô̄nfuruk,Phonemic,enter,,,,
10-550-224-1,karo1304,Karok,1387,-ʔūm,Phonemic,"reach, arrive",,,,
10-530-224-1,karo1304,Karok,1047,-ʔáharam,Phonemic,pursue,,,,
10-520-224-1,karo1304,Karok,1085,-ʔáharam,Phonemic,follow,,,,
10-491-224-1,karo1304,Karok,485,-sir,Phonemic,disappear,,,,
10-490-224-1,karo1304,Karok,1752,-βâ̄ram,Phonemic,"go away, depart",,,,
10-481-224-1,karo1304,Karok,581,-ʔípak,Phonemic,come back,,,,
10-480-224-1,karo1304,Karok,1446,-ʔáhō,Phonemic,come,,,,
10-474-224-1,karo1304,Karok,1107,-βárip,Phonemic,go out,,,,
10-473-224-1,karo1304,Karok,2014,-βī́š,Phonemic,go down,,,,
10-472-224-1,karo1304,Karok,1102,-ʔikfuk,Phonemic,climb,,,,
10-470-224-1,karo1304,Karok,695,-ʔáhō,Phonemic,go,,,,
10-471-224-1,karo1304,Karok,705,-βurā,Phonemic,go up,,,,
10-460-224-1,karo1304,Karok,1519,-ʔikβip,Phonemic,run,,,,
10-450-224-1,karo1304,Karok,1443,-ʔáhō,Phonemic,walk,,,,
10-440-224-1,karo1304,Karok,1879,-ʔih,Phonemic,dance,,,,
10-430-224-1,karo1304,Karok,1829,-ʔiškak,Phonemic,"jump, leap",,,,
10-420-224-1,karo1304,Karok,1324,-tápič,Phonemic,"slide, slip",,,,
10-412-224-1,karo1304,Karok,66,-páθakha,Phonemic,kneel,,,,
10-410-224-1,karo1304,Karok,96,-βô̄r,Phonemic,"creep, crawl",,,,
10-380-224-1,karo1304,Karok,175,-fumpuh,Phonemic,blow,,,,
10-370-224-1,karo1304,Karok,1441,-ʔikxip,Phonemic,fly (vb),,,,
10-360-224-1,karo1304,Karok,787,-βit,Phonemic,sail (vb),,,,
10-352-224-1,karo1304,Karok,365,-ʔikčusúčus,Phonemic,splash,,,,
10-351-224-1,karo1304,Karok,119,-ʔīpkúrih,Phonemic,dive,,,,
10-350-224-1,karo1304,Karok,1439,-ʔikpuh,Phonemic,swim,,,,
10-340-224-1,karo1304,Karok,1574,-θiβruh,Phonemic,float,,,,
10-330-224-1,karo1304,Karok,1088,-ʔarankúrih,Phonemic,sink,,,,
10-320-224-1,karo1304,Karok,2003,-βur,Phonemic,flow,,,,
10-252-224-1,karo1304,Karok,702,-pax,Phonemic,catch (ball),,,,
10-250-224-1,karo1304,Karok,1456,-paθ,Phonemic,throw,,,,
10-240-224-1,karo1304,Karok,2253,-ʔírih,Phonemic,drip,,,,
10-230-224-1,karo1304,Karok,1280,-ʔikyiβ,Phonemic,fall,,,,
10-220-224-1,karo1304,Karok,501,-ʔê̄čip,Phonemic,"raise, lift",,,,
10-210-224-1,karo1304,Karok,568,-ʔuh,Phonemic,rise,,,,
10-170-224-1,karo1304,Karok,430,ʔátat,Phonemic,twist,,,,
10-150-224-1,karo1304,Karok,827,-ʔiyruh,Phonemic,roll,,,,
10-140-224-1,karo1304,Karok,1113,-ʔiyxô̄rariβ,Phonemic,"wind, wrap",,,,
9-780-224-1,karo1304,Karok,293,θuxriβ,Phonemic,netbag,,,,
9-770-224-1,karo1304,Karok,195,ʔiθvar,Phonemic,mat,,,,
9-760-224-1,karo1304,Karok,1539,ʔásip,Phonemic,basket,,,,
9-750-224-1,karo1304,Karok,1729,-vik,Phonemic,"weave, plait",,,,
9-740-224-1,karo1304,Karok,604,pimustihβá̄nar,Phonemic,glass,,,,
9-730-224-1,karo1304,Karok,1399,ʔamtūp,Phonemic,clay,,,,
9-670-224-1,karo1304,Karok,621,símsīm,Phonemic,iron,,,,
9-640-224-1,karo1304,Karok,1369,ʔišpuk,Phonemic,gold,,,,
9-560-224-1,karo1304,Karok,1069,ʔapunáxβuh,Phonemic,glue,,,,
9-500-224-1,karo1304,Karok,502,sī́h,Phonemic,nail,,,,
9-490-224-1,karo1304,Karok,1481,[háma],Phonemic,hammer,,,,
9-480-224-1,karo1304,Karok,1948,βúčixar,Phonemic,saw,,,,
9-380-224-1,karo1304,Karok,245,tátuyšurar,Phonemic,broom,,,,
9-360-224-1,karo1304,Karok,1453,-piθxah,Phonemic,wash,,,,
9-370-224-1,karo1304,Karok,230,-tátuy,Phonemic,sweep,,,,
9-350-224-1,karo1304,Karok,1487,-ʔiyβê̄š,Phonemic,pour,,,,
9-341-224-1,karo1304,Karok,357,-tákararih,Phonemic,hang up,,,,
9-330-224-1,karo1304,Karok,1455,-ʔiθyur,Phonemic,pull,,,,
9-310-224-1,karo1304,Karok,1449,-iyβúruk,Phonemic,"rub, wipe",,,,
9-290-224-1,karo1304,Karok,291,-išfir,Phonemic,"flay, skin",,,,
9-280-224-1,karo1304,Karok,1735,-pititítit,Phonemic,tear,,,,
9-270-224-1,karo1304,Karok,1437,-ʔikrak,Phonemic,split,,,,
9-261-224-1,karo1304,Karok,588,-ʔišpat,Phonemic,broken,,,,
9-260-224-1,karo1304,Karok,680,-ʔikpat,Phonemic,break,,,,
9-250-224-1,karo1304,Karok,677,ʔakó̄r,Phonemic,ax,,,,
9-240-224-1,karo1304,Karok,356,táčakar,Phonemic,"scissors, shears",,,,
9-230-224-1,karo1304,Karok,1352,símsīm,Phonemic,knife,,,,
9-222-224-1,karo1304,Karok,155,-ʔá̄k,Phonemic,"chop, hew",,,,
9-220-224-1,karo1304,Karok,1432,-ʔikβit,Phonemic,cut,,,,
9-210-224-1,karo1304,Karok,2133,-ʔiykar,Phonemic,"strike (hit, beat)",,,,
9-190-224-1,karo1304,Karok,1218,ʔá̄n,Phonemic,"rope, cord",,,,
9-160-224-1,karo1304,Karok,1917,-ʔinhíka,Phonemic,"tie, bind",,,,
9-140-224-1,karo1304,Karok,2004,-kifnuk,Phonemic,bend,,,,
9-120-224-1,karo1304,Karok,984,-ʔikyáβīčβa,Phonemic,work,,,,
9-110-224-1,karo1304,Karok,2575,-ʔikyaβ,Phonemic,"do, make",,,,
8-980-224-1,karo1304,Karok,641,xayβīš,Phonemic,mushroom,,,,
8-970-224-1,karo1304,Karok,33,ʔakβīn,Phonemic,nettle,,,,
8-750-224-1,karo1304,Karok,1204,má̄n,Phonemic,bark,,,,
8-691-224-1,karo1304,Karok,1124,ʔuhrām,Phonemic,pipe,,,,
8-690-224-1,karo1304,Karok,1689,-ʔihê̄r,Phonemic,smoke (tobacco),,,,
8-680-224-1,karo1304,Karok,974,ʔú̄h,Phonemic,tobacco,,,,
8-680-224-3,karo1304,Karok,974,ʔihê̄raha,Phonemic,tobacco,,,,
8-660-224-1,karo1304,Karok,968,xuntápan,Phonemic,acorn,,,,
8-650-224-1,karo1304,Karok,1915,ʔiθárip,Phonemic,fir,,,,
8-640-224-1,karo1304,Karok,1740,ʔišβírip,Phonemic,pine,,,,
8-610-224-1,karo1304,Karok,644,xunyé̄p,Phonemic,oak,,,,
8-600-224-1,karo1304,Karok,906,-ʔiip,Phonemic,tree,,,,
8-600-224-3,karo1304,Karok,906,ʔípaha,Phonemic,tree,,,,
8-570-224-1,karo1304,Karok,239,ʔiθríha,Phonemic,flower,,,,
8-560-224-1,karo1304,Karok,628,sá̄n,Phonemic,leaf,,,,
8-550-224-1,karo1304,Karok,1531,ʔáptīk,Phonemic,branch,,,,
8-540-224-1,karo1304,Karok,670,-ʔuhθá̄mha,Phonemic,root,,,,
8-510-224-1,karo1304,Karok,606,píriš,Phonemic,grass,,,,
8-480-224-1,karo1304,Karok,926,βakaytunβê̄čas,Phonemic,rice,,,,
8-470-224-1,karo1304,Karok,506,[kó̄n],Phonemic,"maize, corn",,,,
8-420-224-1,karo1304,Karok,605,ʔikráβapuh,Phonemic,"grain (barley, oats etc)",,,,
8-311-224-1,karo1304,Karok,714,ʔúhiš,Phonemic,seed,,,,
8-310-224-1,karo1304,Karok,748,-ʔuhθá̄mha,Phonemic,sow,,,,
8-240-224-1,karo1304,Karok,1901,tanukyá̄nar,Phonemic,shovel,,,,
8-220-224-1,karo1304,Karok,1418,-ʔírip,Phonemic,dig,,,,
8-210-224-1,karo1304,Karok,1921,ikyútrih,Phonemic,plow,,,,
8-160-224-1,karo1304,Karok,1690,tas,Phonemic,fence,,,,
8-150-224-1,karo1304,Karok,1541,-ʔuhθá̄mha,Phonemic,"cultivate, till",,,,
8-130-224-1,karo1304,Karok,586,ʔuhθām,Phonemic,garden,,,,
7-570-224-1,karo1304,Karok,1227,ʔé̄n,Phonemic,board,,,,
7-560-224-1,karo1304,Karok,281,tá̄skar,Phonemic,"post, pole",,,,
7-550-224-1,karo1304,Karok,1132,kuríhkir,Phonemic,beam,,,,
7-530-224-1,karo1304,Karok,280,ʔēnákir,Phonemic,ridgepole,,,,
7-510-224-1,karo1304,Karok,769,ʔiβʔáβahkam,Phonemic,roof,,,,
7-460-224-1,karo1304,Karok,1273,ʔaxβâ̄har,Phonemic,candle,,,,
7-450-224-1,karo1304,Karok,2131,ʔá̄h,Phonemic,"lamp, torch",,,,
7-440-224-1,karo1304,Karok,1775,ʔamkir,Phonemic,table,,,,
7-430-224-1,karo1304,Karok,1476,ʔikríβkir,Phonemic,chair,,,,
7-422-224-1,karo1304,Karok,806,βá̄s,Phonemic,blanket,,,,
7-421-224-1,karo1304,Karok,1044,patúmkir,Phonemic,pillow,,,,
7-420-224-1,karo1304,Karok,1663,ʔasimβáram,Phonemic,bed,,,,
7-370-224-1,karo1304,Karok,1464,βurá̄kir,Phonemic,ladder,,,,
7-330-224-1,karo1304,Karok,1305,ʔahikyá̄rām,Phonemic,chimney,,,,
7-320-224-1,karo1304,Karok,859,pimkúhar,Phonemic,stove,,,,
7-310-224-1,karo1304,Karok,185,ʔahíram,Phonemic,fireplace,,,,
7-260-224-1,karo1304,Karok,1632,ʔî̄riš,Phonemic,floor,,,,
7-250-224-1,karo1304,Karok,1375,pimustihβá̄nar,Phonemic,window,,,,
7-240-224-1,karo1304,Karok,1472,[kî̄har],Phonemic,key,,,,
7-230-224-1,karo1304,Karok,1596,ʔasáxβuh,Phonemic,lock (noun),,,,
7-220-224-1,karo1304,Karok,1567,čiβčaksurúrām,Phonemic,"door, gate",,,,
7-160-224-1,karo1304,Karok,408,ʔikmaháčrām,Phonemic,men's house,,,,
7-140-224-1,karo1304,Karok,1316,makayβasēkríβrām,Phonemic,tent,,,,
7-120-224-1,karo1304,Karok,1252,ʔiiβ-,Phonemic,house,,,,
7-120-224-3,karo1304,Karok,1252,ʔikríβrām,Phonemic,house,,,,
7-110-224-1,karo1304,Karok,363,-ʔikriβ,Phonemic,"dwell, live",,,,
6-960-224-1,karo1304,Karok,1171,pimustihβá̄nar,Phonemic,mirror,,,,
6-950-224-1,karo1304,Karok,788,piθxáhar,Phonemic,soap,,,,
6-921-224-1,karo1304,Karok,333,ʔiptaxap,Phonemic,braid,,,,
6-910-224-1,karo1304,Karok,1475,ʔiptaxatíhar,Phonemic,comb,,,,
6-810-224-1,karo1304,Karok,332,ʔipčimákakananač,Phonemic,"handkerchief, rag",,,,
6-790-224-1,karo1304,Karok,68,θúkinha,Phonemic,tattoo,,,,
6-780-224-1,karo1304,Karok,330,ʔiyruh,Phonemic,"headband, headdress",,,,
6-770-224-1,karo1304,Karok,770,tê̄nβa,Phonemic,earring,,,,
6-760-224-1,karo1304,Karok,1860,ʔúruhsas,Phonemic,bead,,,,
6-750-224-1,karo1304,Karok,1961,ʔī́kiβ,Phonemic,necklace,,,,
6-740-224-1,karo1304,Karok,1754,paθput,Phonemic,bracelet,,,,
6-730-224-1,karo1304,Karok,1374,tikakβánāč,Phonemic,ring (for finger),,,,
6-630-224-1,karo1304,Karok,64,[pī́n],Phonemic,pin,,,,
6-580-224-1,karo1304,Karok,867,tikakβárār,Phonemic,glove,,,,
6-570-224-1,karo1304,Karok,772,síčakβutβar,Phonemic,"belt, girdle",,,,
6-550-224-1,karo1304,Karok,2130,ʔápxān,Phonemic,"hat, cap",,,,
6-510-224-1,karo1304,Karok,1381,yukúkuh,Phonemic,shoe,,,,
6-480-224-1,karo1304,Karok,809,pó̄r,Phonemic,trousers,,,,
6-460-224-1,karo1304,Karok,1600,sárukhar,Phonemic,skirt,,,,
6-440-224-1,karo1304,Karok,1622,βōnβánāč,Phonemic,shirt,,,,
6-430-224-1,karo1304,Karok,603,kútrahar,Phonemic,coat,,,,
6-420-224-1,karo1304,Karok,474,yáfus,Phonemic,woman's dress,,,,
6-410-224-1,karo1304,Karok,326,βá̄s,Phonemic,cloak,,,,
6-380-224-1,karo1304,Karok,1161,ʔá̄n,Phonemic,thread,,,,
6-360-224-1,karo1304,Karok,1382,ʔičyununuprī́hβanač,Phonemic,needle,,,,
6-370-224-1,karo1304,Karok,278,sī́h,Phonemic,awl,,,,
6-350-224-1,karo1304,Karok,1457,-ʔikrup,Phonemic,sew,,,,
6-330-224-1,karo1304,Karok,133,-βik,Phonemic,weave,,,,
6-290-224-1,karo1304,Karok,629,βastáran,Phonemic,leather,,,,
6-280-224-1,karo1304,Karok,580,ʔimyāt,Phonemic,fur,,,,
6-250-224-1,karo1304,Karok,1641,[sírik],Phonemic,silk,,,,
6-210-224-1,karo1304,Karok,1616,makáyβās,Phonemic,cloth,,,,
6-120-224-1,karo1304,Karok,1895,sá̄nβa,Phonemic,"clothing, clothes",,,,
6-110-224-1,karo1304,Karok,158,-pásas,Phonemic,put on (clothes),,,,
5-970-224-1,karo1304,Karok,744,ʔúruh,Phonemic,egg,,,,
5-940-224-1,karo1304,Karok,404,ʔúxʔās,Phonemic,fermented drink,,,,
5-890-224-1,karo1304,Karok,1245,sarataxunkó̄r,Phonemic,butter,,,,
5-880-224-1,karo1304,Karok,1569,[čī́š],Phonemic,cheese,,,,
5-850-224-1,karo1304,Karok,862,ʔasúxīm,Phonemic,sugar,,,,
5-860-224-1,karo1304,Karok,635,ʔúčiš,Phonemic,milk (noun),,,,
5-840-224-1,karo1304,Karok,942,pišpíših,Phonemic,honey,,,,
5-820-224-1,karo1304,Karok,1385,[pápah],Phonemic,pepper,,,,
5-810-224-1,karo1304,Karok,1274,yúfiš,Phonemic,salt,,,,
5-791-224-1,karo1304,Karok,323,ʔaθkúmt,Phonemic,"grease, fat",,,,
5-760-224-1,karo1304,Karok,920,ʔāy,Phonemic,grape,,,,
5-770-224-1,karo1304,Karok,191,xuntápan,Phonemic,nut,,,,
5-700-224-1,karo1304,Karok,593,[putíruh],Phonemic,potato,,,,
5-660-224-1,karo1304,Karok,832,[pī́ršur],Phonemic,bean,,,,
5-640-224-1,karo1304,Karok,1547,parámβās,Phonemic,"soup, broth",,,,
5-610-224-1,karo1304,Karok,634,ʔiθβar,Phonemic,meat,,,,
5-590-224-1,karo1304,Karok,225,ʔikrávar,Phonemic,pestle,,,,
5-580-224-1,karo1304,Karok,224,ʔikrá̄mnam,Phonemic,mortar (2),,,,
5-560-224-1,karo1304,Karok,1033,-ʔikraβ,Phonemic,"crush, grind",,,,
5-550-224-1,karo1304,Karok,1594,ʔimpur,Phonemic,"meal, flour",,,,
5-540-224-1,karo1304,Karok,274,-ʔiytup,Phonemic,knead,,,,
5-530-224-1,karo1304,Karok,273,yāf,Phonemic,dough,,,,
5-510-224-1,karo1304,Karok,1368,sára,Phonemic,bread,,,,
5-490-224-1,karo1304,Karok,2017,-taxβaβ,Phonemic,"stir, mix",,,,
5-480-224-1,karo1304,Karok,1767,-taxviš,Phonemic,scrape,,,,
5-470-224-1,karo1304,Karok,86,θantápar,Phonemic,"sieve, strain",,,,
5-460-224-1,karo1304,Karok,275,-ʔikruh,Phonemic,peel,,,,
5-390-224-1,karo1304,Karok,1302,ʔikrupká̄nβar,Phonemic,fork (2),,,,
5-380-224-1,karo1304,Karok,1352,símsīm,Phonemic,knife (2),,,,
5-350-224-1,karo1304,Karok,476,ʔī́šram,Phonemic,"cup, drinking vessel",,,,
5-330-224-1,karo1304,Karok,1530,ʔásip,Phonemic,bowl,,,,
5-320-224-1,karo1304,Karok,480,ʔimβáram,Phonemic,plate,,,,
5-310-224-1,karo1304,Karok,481,ʔásip,Phonemic,dish,,,,
5-260-224-1,karo1304,Karok,1462,ʔásip,Phonemic,"pot, cooking vessel",,,,
5-230-224-1,karo1304,Karok,2146,-ʔikī́kβa,Phonemic,"roast, fry",,,,
5-220-224-1,karo1304,Karok,792,-ʔī́βrip,Phonemic,boil (vb),,,,
5-220-224-3,karo1304,Karok,792,-páramβa,Phonemic,boil (vb),,,,
5-210-224-1,karo1304,Karok,1100,-ʔimniš,Phonemic,cook,,,,
5-181-224-1,karo1304,Karok,897,-sī́nkar,Phonemic,swallow,,,,
5-180-224-1,karo1304,Karok,321,-pápuθ,Phonemic,chew,,,,
5-160-224-1,karo1304,Karok,1421,-βir,Phonemic,suck,,,,
5-150-224-1,karo1304,Karok,848,-ixrah,Phonemic,thirst,,,,
5-141-224-1,karo1304,Karok,199,ʔé̄xrih,Phonemic,famine,,,,
5-140-224-1,karo1304,Karok,1864,-xúriha,Phonemic,hunger,,,,
5-130-224-1,karo1304,Karok,1401,-ʔiš,Phonemic,drink,,,,
5-125-224-1,karo1304,Karok,1728,xá̄t,Phonemic,rotten,,,,
5-124-224-1,karo1304,Karok,1958,xī́t,Phonemic,"green, unripe",,,,
5-123-224-1,karo1304,Karok,178,-ʔimtup,Phonemic,ripe,,,,
5-121-224-1,karo1304,Karok,269,-ʔimtup,Phonemic,cooked,,,,
5-120-224-1,karo1304,Karok,256,ʔáβaha,Phonemic,food,,,,
5-110-224-1,karo1304,Karok,1336,-ʔaβ,Phonemic,eat,,,,
4-990-224-1,karo1304,Karok,590,ʔī́škar,Phonemic,"naked, bare",,,,
4-970-224-1,karo1304,Karok,1653,yupsírihar,Phonemic,blind,,,,
4-980-224-1,karo1304,Karok,1463,-pahvákir,Phonemic,intoxicated,,,,
4-950-224-1,karo1304,Karok,996,tiβʔárusar,Phonemic,deaf,,,,
4-930-224-1,karo1304,Karok,1125,-fī́nha,Phonemic,bald,,,,
4-940-224-1,karo1304,Karok,320,-ʔišné̄kβa,Phonemic,lame,,,,
4-920-224-1,karo1304,Karok,1564,-ʔû̄rih,Phonemic,lazy,,,,
4-912-224-1,karo1304,Karok,168,-ʔípunβa,Phonemic,rest,,,,
4-910-224-1,karo1304,Karok,1757,-ʔû̄rih,Phonemic,"tired, weary",,,,
4-890-224-1,karo1304,Karok,655,kê̄miš,Phonemic,poison,,,,
4-880-224-1,karo1304,Karok,1372,ʔánaβ,Phonemic,"medicine, drug",,,,
4-870-224-1,karo1304,Karok,597,ʔê̄m,Phonemic,physician,,,,
4-860-224-1,karo1304,Karok,499,-ʔararī́hkanhiβaθ,Phonemic,"cure, heal",,,,
4-858-224-1,karo1304,Karok,497,piftus,Phonemic,scar,,,,
4-857-224-1,karo1304,Karok,1808,yūs,Phonemic,pus,,,,
4-856-224-1,karo1304,Karok,793,ʔimxup,Phonemic,boil (noun),,,,
4-854-224-1,karo1304,Karok,148,-kunukúnuha,Phonemic,itch,,,,
4-853-224-1,karo1304,Karok,1903,-ʔimxup,Phonemic,swelling,,,,
4-840-224-1,karo1304,Karok,1847,-kúha,Phonemic,"sick, sickness",,,,
4-840-224-3,karo1304,Karok,1847,-yíkiha,Phonemic,"sick, sickness",,,,
4-830-224-1,karo1304,Karok,1364,-ʔarárīhkanha,Phonemic,"well, health",,,,
4-810-224-1,karo1304,Karok,785,ʔikpíhan,Phonemic,"strong, mighty, powerful",,,,
4-790-224-1,karo1304,Karok,1773,ʔaxβiθínih,Phonemic,"grave, tomb",,,,
4-780-224-1,karo1304,Karok,1719,-ʔíšunβa,Phonemic,bury (the dead),,,,
4-770-224-1,karo1304,Karok,767,puyâ̄hara,Phonemic,corpse,,,,
4-760-224-1,karo1304,Karok,1417,-ʔiykat,Phonemic,kill,,,,
4-750-224-1,karo1304,Karok,1494,-ʔiβ,Phonemic,"die, dead",,,,
4-750-224-3,karo1304,Karok,1494,ʔárīm,Phonemic,"die, dead",,,,
4-740-224-1,karo1304,Karok,1422,ʔimyá̄htih,Phonemic,"live, living, life",,,,
4-730-224-1,karo1304,Karok,1123,ʔimú̄tar,Phonemic,pregnant,,,,
4-690-224-1,karo1304,Karok,138,-pá̄tβa,Phonemic,bathe,,,,
4-680-224-1,karo1304,Karok,52,-kê̄n,Phonemic,shiver,,,,
4-670-224-1,karo1304,Karok,1785,-kuθ,Phonemic,have sexual intercourse,,,,
4-660-224-1,karo1304,Karok,676,-ʔičnah,Phonemic,defecate,,,,
4-650-224-1,karo1304,Karok,592,-θúriβ,Phonemic,urinate,,,,
4-640-224-1,karo1304,Karok,1159,-pif,Phonemic,break wind,,,,
4-630-224-1,karo1304,Karok,1602,-ʔitxâ̄rihβa,Phonemic,wake up,,,,
4-610-224-1,karo1304,Karok,1585,-ʔásiβ,Phonemic,sleep,,,,
4-590-224-1,karo1304,Karok,319,-βírax,Phonemic,lick,,,,
4-580-224-1,karo1304,Karok,1403,-ʔax,Phonemic,bite,,,,
4-580-224-3,karo1304,Karok,1403,-par,Phonemic,bite,,,,
4-570-224-1,karo1304,Karok,1278,-yú̄hva,Phonemic,vomit,,,,
4-560-224-1,karo1304,Karok,1440,-yuh,Phonemic,spit,,,,
4-550-224-1,karo1304,Karok,126,-astú̄kha,Phonemic,perspire,,,,
4-540-224-1,karo1304,Karok,1621,-pá̄θβa,Phonemic,sneeze,,,,
4-530-224-1,karo1304,Karok,879,-ʔáxu,Phonemic,cough,,,,
4-521-224-1,karo1304,Karok,162,-čančakvárā,Phonemic,hiccough,,,,
4-520-224-1,karo1304,Karok,1028,-tamsá̄kaθβa,Phonemic,"yawn, gape",,,,
4-510-224-1,karo1304,Karok,1407,-imyah,Phonemic,"breathe, breath",,,,
4-492-224-1,karo1304,Karok,1222,sī́š,Phonemic,penis,,,,
4-490-224-1,karo1304,Karok,797,θirixó̄n,Phonemic,testicle,,,,
4-470-224-1,karo1304,Karok,804,ʔaxičēkríβrām,Phonemic,womb,,,,
4-464-224-1,karo1304,Karok,834,ʔáfup,Phonemic,buttocks,,,,
4-463-224-1,karo1304,Karok,1745,ʔáfnūn,Phonemic,hip,,,,
4-462-224-1,karo1304,Karok,1681,ʔišxíčak,Phonemic,waist,,,,
4-461-224-1,karo1304,Karok,1991,fá̄n,Phonemic,"intestines, guts",,,,
4-460-224-1,karo1304,Karok,819,θafrām,Phonemic,stomach,,,,
4-451-224-1,karo1304,Karok,489,ʔúnuhič,Phonemic,kidney,,,,
4-450-224-1,karo1304,Karok,1224,βáfiš,Phonemic,liver,,,,
4-441-224-1,karo1304,Karok,688,ʔuθpiβáxrah,Phonemic,lung,,,,
4-440-224-1,karo1304,Karok,1223,ʔimyah,Phonemic,heart,,,,
4-430-224-1,karo1304,Karok,1838,ʔárup,Phonemic,navel,,,,
4-410-224-1,karo1304,Karok,1402,ʔú̄čič,Phonemic,breast (of woman),,,,
4-400-224-1,karo1304,Karok,1592,ʔiθβāy,Phonemic,chest,,,,
4-393-224-1,karo1304,Karok,1201,ʔī́θka,Phonemic,feather,,,,
4-392-224-1,karo1304,Karok,1257,kitáxrih,Phonemic,wing,,,,
4-380-224-1,karo1304,Karok,1389,fíθih,Phonemic,toe,,,,
4-374-224-1,karo1304,Karok,318,ʔaxrān,Phonemic,footprint,,,,
4-372-224-1,karo1304,Karok,980,ʔípik,Phonemic,heel,,,,
4-371-224-1,karo1304,Karok,803,násak,Phonemic,ankle,,,,
4-370-224-1,karo1304,Karok,1301,fíθih,Phonemic,foot,,,,
4-360-224-1,karo1304,Karok,1371,páθak,Phonemic,knee,,,,
4-351-224-1,karo1304,Karok,800,ʔapkúruh,Phonemic,thigh,,,,
4-350-224-1,karo1304,Karok,1297,ʔápsīh,Phonemic,leg,,,,
4-345-224-1,karo1304,Karok,72,ʔaxpih,Phonemic,claw,,,,
4-344-224-1,karo1304,Karok,1258,ʔaxpih,Phonemic,fingernail,,,,
4-342-224-1,karo1304,Karok,1781,tikánkām,Phonemic,thumb,,,,
4-340-224-1,karo1304,Karok,1303,tī́k,Phonemic,finger,,,,
4-331-224-1,karo1304,Karok,1183,ʔátrūp,Phonemic,palm of hand,,,,
4-330-224-1,karo1304,Karok,1277,tī́k,Phonemic,hand,,,,
4-320-224-1,karo1304,Karok,981,ʔišβírik,Phonemic,elbow,,,,
4-312-224-1,karo1304,Karok,1886,né̄β,Phonemic,armpit,,,,
4-310-224-1,karo1304,Karok,1673,ʔátrāx,Phonemic,arm,,,,
4-302-224-1,karo1304,Karok,1994,ʔátβāx,Phonemic,collarbone,,,,
4-301-224-1,karo1304,Karok,172,tasβānʔípih,Phonemic,shoulderblade,,,,
4-300-224-1,karo1304,Karok,1482,takrāβ,Phonemic,shoulder,,,,
4-290-224-1,karo1304,Karok,1346,áθkūn,Phonemic,throat,,,,
4-280-224-1,karo1304,Karok,1333,βú̄p,Phonemic,neck,,,,
4-270-224-1,karo1304,Karok,1380,βuh,Phonemic,tooth,,,,
4-260-224-1,karo1304,Karok,1205,ʔáprīh,Phonemic,tongue,,,,
4-250-224-1,karo1304,Karok,478,ʔapmántīm,Phonemic,lip,,,,
4-241-224-1,karo1304,Karok,73,ʔapmān,Phonemic,beak,,,,
4-240-224-1,karo1304,Karok,674,ʔapmān,Phonemic,mouth,,,,
4-232-224-1,karo1304,Karok,208,yufíβrāt,Phonemic,mucus (nasal),,,,
4-230-224-1,karo1304,Karok,1221,yúfiβ,Phonemic,nose,,,,
4-220-224-1,karo1304,Karok,1247,tī́β,Phonemic,ear,,,,
4-214-224-1,karo1304,Karok,1540,yupátrih,Phonemic,eyelash,,,,
4-212-224-1,karo1304,Karok,1173,yupípih,Phonemic,eyebrow,,,,
4-210-224-1,karo1304,Karok,1248,yú̄p,Phonemic,eye,,,,
4-208-224-1,karo1304,Karok,1730,ʔáβʔīš,Phonemic,cheek,,,,
4-209-224-1,karo1304,Karok,1510,ʔišβāk,Phonemic,chin,,,,
4-205-224-1,karo1304,Karok,123,yúpin,Phonemic,forehead,,,,
4-204-224-1,karo1304,Karok,1560,ʔá̄β,Phonemic,face,,,,
4-203-224-1,karo1304,Karok,1583,ʔāsráβar,Phonemic,brain,,,,
4-200-224-1,karo1304,Karok,1256,ʔaxβá̄h,Phonemic,head,,,,
4-191-224-1,karo1304,Karok,805,sūf,Phonemic,spine,,,,
4-190-224-1,karo1304,Karok,1291,vásih,Phonemic,back,,,,
4-180-224-1,karo1304,Karok,1220,ʔápβūy,Phonemic,tail,,,,
4-170-224-1,karo1304,Karok,1393,vê̄šur,Phonemic,horn,,,,
4-162-224-1,karo1304,Karok,801,ʔátpīh,Phonemic,rib,,,,
4-160-224-1,karo1304,Karok,1394,ʔípih,Phonemic,bone,,,,
4-151-224-1,karo1304,Karok,525,ʔaxímpāh,Phonemic,"vein, artery",,,,
4-150-224-1,karo1304,Karok,946,ʔá̄x,Phonemic,blood,,,,
4-144-224-1,karo1304,Karok,189,ʔimyāt,Phonemic,body hair,,,,
4-142-224-1,karo1304,Karok,678,ʔapmaráxvuh,Phonemic,beard,,,,
4-140-224-1,karo1304,Karok,1040,ʔífuni,Phonemic,hair (head),,,,
4-130-224-1,karo1304,Karok,2259,ʔı́s,Phonemic,flesh,,,,
4-120-224-1,karo1304,Karok,763,má̄n,Phonemic,"skin, hide",,,,
4-110-224-1,karo1304,Karok,1480,ʔī́š,Phonemic,body,,,,
3-980-224-1,karo1304,Karok,112,ʔasáxβuh,Phonemic,turtle,,,,
3-960-224-1,karo1304,Karok,632,čīmú̄č,Phonemic,lizard,,,,
3-950-224-1,karo1304,Karok,503,xančī́fič,Phonemic,frog,,,,
3-940-224-1,karo1304,Karok,1543,ʔasipánaxič,Phonemic,snail,,,,
3-930-224-1,karo1304,Karok,607,xá̄θ,Phonemic,grasshopper,,,,
3-920-224-1,karo1304,Karok,1791,xatímnīm,Phonemic,butterfly,,,,
3-850-224-1,karo1304,Karok,730,ápsūn,Phonemic,snake,,,,
3-840-224-1,karo1304,Karok,1219,βákay,Phonemic,worm,,,,
3-832-224-1,karo1304,Karok,1509,čaná̄kat,Phonemic,mosquito,,,,
3-830-224-1,karo1304,Karok,1504,čufnî̄mkač,Phonemic,fly,,,,
3-823-224-1,karo1304,Karok,1517,pišpišihxára,Phonemic,wasp,,,,
3-820-224-1,karo1304,Karok,665,pišpíših,Phonemic,bee,,,,
3-819-224-1,karo1304,Karok,1065,xaháβik,Phonemic,spider web,,,,
3-818-224-1,karo1304,Karok,843,xah,Phonemic,spider,,,,
3-817-224-1,karo1304,Karok,587,asvūt,Phonemic,ant,,,,
3-815-224-1,karo1304,Karok,1538,mahxánθūn,Phonemic,scorpion,,,,
3-813-224-1,karo1304,Karok,232,ʔú̄t,Phonemic,flea,,,,
3-811-224-1,karo1304,Karok,1392,ʔačīč,Phonemic,louse,,,,
3-750-224-1,karo1304,Karok,1936,pú̄fič,Phonemic,deer,,,,
3-740-224-1,karo1304,Karok,1312,aprāx,Phonemic,fox,,,,
3-730-224-1,karo1304,Karok,1820,βírusur,Phonemic,bear,,,,
3-720-224-1,karo1304,Karok,1386,yupθúkirar,Phonemic,lion,,,,
3-710-224-1,karo1304,Karok,522,ʔikxâ̄βnamič,Phonemic,wolf,,,,
3-665-224-1,karo1304,Karok,1013,ʔakrāh,Phonemic,freshwater eel,,,,
3-663-224-1,karo1304,Karok,957,ʔípar,Phonemic,whale,,,,
3-654-224-1,karo1304,Karok,1916,ʔáθan,Phonemic,gill,,,,
3-652-224-1,karo1304,Karok,213,tī́t,Phonemic,fin (dorsal),,,,
3-650-224-1,karo1304,Karok,227,á̄ma,Phonemic,fish,,,,
3-630-224-1,karo1304,Karok,2139,sī́t,Phonemic,"mouse, rat",,,,
3-630-224-3,karo1304,Karok,2139,ačnāt,Phonemic,"mouse, rat",,,,
3-620-224-1,karo1304,Karok,1208,[púsihič],Phonemic,cat,,,,
3-614-224-1,karo1304,Karok,1136,sahíšyūxač,Phonemic,rabbit,,,,
3-610-224-1,karo1304,Karok,2009,čišīh,Phonemic,dog,,,,
3-594-224-1,karo1304,Karok,1853,pimnanihtanákānič,Phonemic,dove,,,,
3-596-224-1,karo1304,Karok,735,θufkírik,Phonemic,owl,,,,
3-593-224-1,karo1304,Karok,913,ʔánāč,Phonemic,crow,,,,
3-591-224-1,karo1304,Karok,1793,timšúkrīh,Phonemic,bat,,,,
3-586-224-1,karo1304,Karok,1185,ʔatipimá̄mβān,Phonemic,vulture,,,,
3-585-224-1,karo1304,Karok,307,ʔikčáxβān,Phonemic,hawk,,,,
3-584-224-1,karo1304,Karok,1905,βákār,Phonemic,eagle,,,,
3-582-224-1,karo1304,Karok,950,yuraskanʔáčβīβ,Phonemic,seagull,,,,
3-583-224-1,karo1304,Karok,758,ʔáxβāy,Phonemic,heron,,,,
3-581-224-1,karo1304,Karok,937,ʔačβīβ,Phonemic,bird,,,,
3-580-224-1,karo1304,Karok,539,ká̄s,Phonemic,nest,,,,
3-570-224-1,karo1304,Karok,1360,ʔastāh,Phonemic,duck,,,,
3-560-224-1,karo1304,Karok,1187,ʔaháknah,Phonemic,goose,,,,
3-550-224-1,karo1304,Karok,1318,[číkin],Phonemic,chicken,,,,
3-470-224-1,karo1304,Karok,890,tiβxarahar,Phonemic,mule,,,,
3-410-224-1,karo1304,Karok,615,čišīh,Phonemic,horse (equine),,,,
3-410-224-3,karo1304,Karok,615,yurasčíšīh,Phonemic,horse (equine),,,,
3-360-224-1,karo1304,Karok,1502,ʔapxartī́čpūfič,Phonemic,goat,,,,
3-350-224-1,karo1304,Karok,1337,nákišnakiš,Phonemic,pig,,,,
3-250-224-1,karo1304,Karok,1331,ʔapxantī́čpūfič,Phonemic,sheep,,,,
3-200-224-1,karo1304,Karok,1153,[músmus],Phonemic,cattle (bovine),,,,
2-960-224-1,karo1304,Karok,817,?ūmkun,Phonemic,they,,,,
2-950-224-1,karo1304,Karok,1213,ʔīmkun,Phonemic,you (plural),,,,
2-940-224-1,karo1304,Karok,1212,nú̄,Phonemic,we,,,,
2-930-224-1,karo1304,Karok,262,ʔú̄m,Phonemic,he/she/it,,,,
2-920-224-1,karo1304,Karok,1215,ʔī́m,Phonemic,you (singular),,,,
2-910-224-1,karo1304,Karok,1209,ná̄,Phonemic,I,,,,
2-810-224-1,karo1304,Karok,1644,ʔárāras,Phonemic,"relatives, kinsmen",,,,
2-770-224-1,karo1304,Karok,1981,píhrīβ,Phonemic,widower,,,,
2-760-224-1,karo1304,Karok,1756,ké̄čxaβ,Phonemic,widow,,,,
2-750-224-1,karo1304,Karok,1149,ʔipšāmkírapuh,Phonemic,orphan,,,,
2-720-224-1,karo1304,Karok,236,?iptatpíyān,Phonemic,stepmother,,,,
2-710-224-1,karo1304,Karok,237,ʔakáhyān,Phonemic,stepfather,,,,
2-641-224-1,karo1304,Karok,2264,ʔíram,Phonemic,daughter-in-law (of a woman),,,,
2-640-224-1,karo1304,Karok,2265,ʔíram,Phonemic,daughter-in-law (of a man),,,,
2-631-224-1,karo1304,Karok,2266,ʔíkam,Phonemic,son-in-law (of a woman),,,,
2-630-224-1,karo1304,Karok,2267,ʔíkam,Phonemic,son-in-law (of a man),,,,
2-621-224-1,karo1304,Karok,2257,faratípiš,Phonemic,mother-in-law (of a woman),,,,
2-620-224-1,karo1304,Karok,2256,faratípiš,Phonemic,mother-in-law (of a man),,,,
2-611-224-1,karo1304,Karok,2254,fíkβān,Phonemic,father-in-law (of a woman),,,,
2-610-224-1,karo1304,Karok,2255,fíkβān,Phonemic,father-in-law (of a man),,,,
2-540-224-1,karo1304,Karok,1642,axiič,Phonemic,niece,,,,
2-540-224-3,karo1304,Karok,1642,fúriθ,Phonemic,niece,,,,
2-530-224-1,karo1304,Karok,1063,axiič,Phonemic,nephew,,,,
2-530-224-3,karo1304,Karok,1063,ʔúfiθ,Phonemic,nephew,,,,
2-522-224-1,karo1304,Karok,170,mī́θ,Phonemic,father's sister,,,,
2-521-224-1,karo1304,Karok,171,θúxaθ,Phonemic,mother's sister,,,,
2-512-224-1,karo1304,Karok,1985,párah,Phonemic,father's brother,,,,
2-511-224-1,karo1304,Karok,1984,xúkam,Phonemic,mother's brother,,,,
2-480-224-1,karo1304,Karok,1618,kú̄t,Phonemic,grandson,,,,
2-480-224-3,karo1304,Karok,1618,átiš,Phonemic,grandson,,,,
2-490-224-1,karo1304,Karok,1619,kī́t,Phonemic,granddaughter,,,,
2-490-224-3,karo1304,Karok,1619,átiš,Phonemic,granddaughter,,,,
2-471-224-1,karo1304,Karok,907,ké̄vrīk,Phonemic,old woman,,,,
2-470-224-1,karo1304,Karok,1496,kī́t,Phonemic,grandmother,,,,
2-470-224-3,karo1304,Karok,1496,átiš,Phonemic,grandmother,,,,
2-461-224-1,karo1304,Karok,406,pihnī́č,Phonemic,old man,,,,
2-460-224-1,karo1304,Karok,1383,kú̄t,Phonemic,grandfather,,,,
2-460-224-3,karo1304,Karok,1383,átiš,Phonemic,grandfather,,,,
2-458-224-1,karo1304,Karok,1005,ʔaxakʔiβráβapuh,Phonemic,twins,,,,
2-455-224-1,karo1304,Karok,1761,čī́š,Phonemic,younger sister,,,,
2-454-224-1,karo1304,Karok,1758,nánač,Phonemic,older sister,,,,
2-450-224-1,karo1304,Karok,1263,kústān,Phonemic,sister,,,,
2-445-224-1,karo1304,Karok,1760,čá̄s,Phonemic,younger brother,,,,
2-444-224-1,karo1304,Karok,1759,ʔárih,Phonemic,older brother,,,,
2-440-224-1,karo1304,Karok,1262,típah,Phonemic,brother,,,,
2-420-224-1,karo1304,Karok,1357,yāčkan,Phonemic,daughter,,,,
2-410-224-1,karo1304,Karok,1620,kač,Phonemic,son,,,,
2-390-224-1,karo1304,Karok,426,yárar,Phonemic,married woman,,,,
2-380-224-1,karo1304,Karok,424,ʔifmá̄r,Phonemic,married man,,,,
2-360-224-1,karo1304,Karok,1216,tá̄t,Phonemic,mother,,,,
2-350-224-1,karo1304,Karok,1217,ʔáka,Phonemic,father,,,,
2-330-224-1,karo1304,Karok,203,ʔihrô̄haha,Phonemic,marry,,,,
2-330-224-3,karo1304,Karok,203,ʔáβanha,Phonemic,marry,,,,
2-320-224-1,karo1304,Karok,1199,ʔihrô̄ha,Phonemic,wife,,,,
2-310-224-1,karo1304,Karok,1200,ʔáβan,Phonemic,husband,,,,
2-280-224-1,karo1304,Karok,1289,yupsítanač,Phonemic,"infant, baby",,,,
2-270-224-1,karo1304,Karok,1304,ʔaxīč,Phonemic,child,,,,
2-261-224-1,karo1304,Karok,77,ʔifápīt,Phonemic,young woman (adolescent),,,,
2-260-224-1,karo1304,Karok,1646,yēripáxvuh,Phonemic,girl,,,,
2-251-224-1,karo1304,Karok,76,ʔafišríhan,Phonemic,young man (adolescent),,,,
2-250-224-1,karo1304,Karok,1366,ʔaβansáxītič,Phonemic,boy,,,,
2-240-224-1,karo1304,Karok,1551,ʔasiktávān,Phonemic,female,,,,
2-230-224-1,karo1304,Karok,1553,ʔáβansa,Phonemic,male,,,,
2-220-224-1,karo1304,Karok,962,ʔasiktáβān,Phonemic,woman,,,,
2-210-224-1,karo1304,Karok,1554,ʔáβansa,Phonemic,man (vs. woman),,,,
2-100-224-1,karo1304,Karok,683,ʔárār,Phonemic,"person, human being",,,,
1-890-224-1,karo1304,Karok,1188,ʔimnak,Phonemic,charcoal,,,,
1-880-224-1,karo1304,Karok,10,ʔáhup,Phonemic,firewood,,Also means 'wood' 01.430. See 'burn' 01.851.,,
1-870-224-1,karo1304,Karok,1133,θimyúriš,Phonemic,match (noun),,,,
1-861-224-1,karo1304,Karok,127,-ʔíšip,Phonemic,extinguish,,,,
1-860-224-1,karo1304,Karok,737,-ʔá̄hka,Phonemic,"light, kindle, ignite",,See 01.851.,,
1-852-224-1,karo1304,Karok,1428,-ʔī́nka,Phonemic,burn (vb intrans),,Lit. -ʔī́n-ka 'to burn (intr.)-onto'; ʔīn is rare form.,,
1-851-224-1,karo1304,Karok,141,-ʔá̄hka,Phonemic,burn (vb trans),,"Means 'to light (a fire), to burn (tr.); lit. ʔá̄h-ka 'fire-onto'.",,
1-841-224-1,karo1304,Karok,67,ʔimnak,Phonemic,embers,,,,
1-840-224-1,karo1304,Karok,646,ʔámtāp,Phonemic,ashes,,,,
1-830-224-1,karo1304,Karok,778,ʔámkūf,Phonemic,smoke (noun),,,,
1-810-224-1,karo1304,Karok,221,ʔá̄h,Phonemic,fire,,,,
1-770-224-1,karo1304,Karok,617,ʔikákrih,Phonemic,ice,,,,
1-760-224-1,karo1304,Karok,784,tá̄h,Phonemic,snow (noun),,"Respectively: 'snow on ground'; 'snow falling', ʔikyut-unih 'to pile-down'.",,
1-760-224-3,karo1304,Karok,784,ikyútunih,Phonemic,snow (noun),,"Respectively: 'snow on ground'; 'snow falling', ʔikyut-unih 'to pile-down'.",,
1-750-224-1,karo1304,Karok,658,paθrih,Phonemic,rain (noun),,,,
1-740-224-1,karo1304,Karok,249,pú̄k,Phonemic,fog,,,,
1-720-224-1,karo1304,Karok,960,ʔikré̄myah,Phonemic,wind,,,,
1-730-224-1,karo1304,Karok,1489,pikxárampa,Phonemic,cloud,,Lit. p-ikxáram-pa 'iterative-night-essive' 14.420.,,
1-630-224-1,karo1304,Karok,1388,pikšip,Phonemic,"shade, shadow",,,,
1-610-224-1,karo1304,Karok,630,ʔimkatáxrah,Phonemic,light (noun),,,,
1-590-224-1,karo1304,Karok,1733,ʔé̄xrih,Phonemic,rainbow,,,,
1-560-224-1,karo1304,Karok,1150,ʔišnur,Phonemic,thunder,,,,
1-550-224-1,karo1304,Karok,1654,ʔimaxáynūmβa,Phonemic,lightning,,,,
1-540-224-1,karo1304,Karok,1430,ʔatáyrām,Phonemic,star,,,,
1-530-224-1,karo1304,Karok,1313,ʔikxarám-kú̄sra,Phonemic,moon,,Lit. 'night-luminary' 14.420.,,
1-520-224-1,karo1304,Karok,1343,kú̄sra,Phonemic,sun,,"Means 'luminary (sun, moon), month'.",,
1-510-224-1,karo1304,Karok,1732,páy nanuʔáβahkam,Phonemic,sky,,Also 'heaven' 22.310. Lit. pay nanu-ʔáβahkam 'this our top-direction'.,,
1-450-224-1,karo1304,Karok,6,ʔiθíβθānēn tōké̄n,Phonemic,earthquake,,"Also ʔiθíβθānēn ʔu-kê̄na-tih 'there is an earthquake', lit. 'world 3.SG-tremble-durative'.",,
1-440-224-1,karo1304,Karok,2125,ʔas,Phonemic,"stone, rock",,,,
1-430-224-1,karo1304,Karok,1803,ʔáhup,Phonemic,wood,,,,
1-420-224-1,karo1304,Karok,906,ʔípaha,Phonemic,tree (cf 08.600),,,,
1-410-224-1,karo1304,Karok,420,ʔipahárīk,Phonemic,"woods, forest",,Lit. 'tree + place -rīk; see next entry.,,
1-370-224-1,karo1304,Karok,2144,ʔišrām,Phonemic,"spring, well",,"Means 'spring, deerlick', lit. 'to drink' + -rām 'place'; see 01.310.",,
1-360-224-1,karo1304,Karok,666,ʔiškê̄š,Phonemic,"river, stream, brook",,Respectively: lit. ʔiš 'to drink' + -kām 'big' + -iš 'diminutive'; saβ 'to flow in a course' + -βar 'through' + -ō 'habitual'.,,
1-360-224-3,karo1304,Karok,666,sāmβárō,Phonemic,"river, stream, brook",,Respectively: lit. ʔiš 'to drink' + -kām 'big' + -iš 'diminutive'; saβ 'to flow in a course' + -βar 'through' + -ō 'habitual'.,,
1-330-224-1,karo1304,Karok,624,ʔúkrām,Phonemic,lake,,,,
1-329-224-1,karo1304,Karok,645,yúras,Phonemic,ocean,,See 'sea' 01.320.,,
1-324-224-1,karo1304,Karok,1768,čánčāf,Phonemic,foam,,,,
1-320-224-1,karo1304,Karok,1474,yúras,Phonemic,sea,,Lit. yu(r)- 'downriver' + 'water' 01.310.,,
1-310-224-1,karo1304,Karok,948,ʔá̄s,Phonemic,water,,"Respectively: 'water in general'; 'drinking water', lit. ʔiš 'to drink'+ -aha 'essive'.",,
1-310-224-3,karo1304,Karok,948,ʔíšaha,Phonemic,water,,"Respectively: 'water in general'; 'drinking water', lit. ʔiš 'to drink'+ -aha 'essive'.",,
1-280-224-1,karo1304,Karok,1155,ʔá̄siβ,Phonemic,cave,,,,
1-270-224-1,karo1304,Karok,113,ʔastīp,Phonemic,shore,,,,
1-250-224-1,karo1304,Karok,622,čī́nkir,Phonemic,island,,,,
1-240-224-1,karo1304,Karok,921,tišrām,Phonemic,valley,,See previous entry.,,
1-230-224-1,karo1304,Karok,652,tišrām,Phonemic,"plain, field",,Means 'level unwooded place'; see next entry.,,
1-222-224-1,karo1304,Karok,618,ʔápak,Phonemic,"cliff, precipice",,,,
1-220-224-1,karo1304,Karok,2118,tú̄yšip,Phonemic,"mountain, hill",,,,
1-214-224-1,karo1304,Karok,640,ʔaratβáraf,Phonemic,mud,,Respectively: 'black mud; red mud'.,,
1-214-224-3,karo1304,Karok,640,ʔáβax,Phonemic,mud,,Respectively: 'black mud; red mud'.,,
1-215-224-1,karo1304,Karok,671,yú̄x,Phonemic,sand,,,,
1-213-224-1,karo1304,Karok,2,ʔámtāp,Phonemic,dust,,,,
1-212-224-1,karo1304,Karok,1228,ʔiθíβθānēn,Phonemic,"earth=ground, soil",,See 'world' 01.100.,,
1-210-224-1,karo1304,Karok,626,ʔiθíβθānēn,Phonemic,"earth, land",,See 'world' 01.100.,,
1-100-224-1,karo1304,Karok,965,ʔiθíβθānēn,Phonemic,world,,"Means 'world, earth, land, ground, country'; lit. ʔiθiβ 'lie'+ -θānēn 'around'.",,
14-330-224-1,karo1304,Karok,1544,hâ̄rih,Phonemic,sometimes,,,,
14-332-224-1,karo1304,Karok,418,xárah,Phonemic,long-time (for a),,,,
14-340-224-1,karo1304,Karok,1656,haríxay,Phonemic,never,,,,
14-350-224-1,karo1304,Karok,204,kúkūm,Phonemic,again,,,,
14-410-224-1,karo1304,Karok,1225,súpāh,Phonemic,day,,,,
14-420-224-1,karo1304,Karok,1233,ʔikxáram,Phonemic,night,,,,
14-430-224-1,karo1304,Karok,729,mahʔî̄tnihač,Phonemic,dawn,,,,
14-440-224-1,karo1304,Karok,1339,máhʔīt,Phonemic,morning,,,,
14-450-224-1,karo1304,Karok,12,supáhʔāčip,Phonemic,"noon, midday",,,,
14-460-224-1,karo1304,Karok,1629,ʔikxúrar,Phonemic,evening,,,,
14-470-224-1,karo1304,Karok,1283,payê̄m kumasúpāh,Phonemic,today,,,,
14-480-224-1,karo1304,Karok,1329,ʔimān,Phonemic,tomorrow,,,,
14-481-224-1,karo1304,Karok,1179,ʔimá̄n múmānkam,Phonemic,day-after-tomorrow,,,,
14-490-224-1,karo1304,Karok,1174,ʔipit,Phonemic,yesterday,,,,
14-491-224-1,karo1304,Karok,1180,ʔipít múpitkam,Phonemic,day-before-yesterday,,,,
14-530-224-1,karo1304,Karok,1323,kusnáhʔaramahač,Phonemic,"clock, timepiece",,,,
14-630-224-1,karo1304,Karok,1697,yíθa tōpsúpāhpa,Phonemic,Monday,,,,
14-640-224-1,karo1304,Karok,1695,ʔáxak tōpsúpāhpa,Phonemic,Tuesday,,,,
14-650-224-1,karo1304,Karok,1694,kuyrāk tōpsúpāhpa,Phonemic,Wednesday,,,,
14-660-224-1,karo1304,Karok,1693,pīθ tōpsúpāhpa,Phonemic,Thursday,,,,
14-670-224-1,karo1304,Karok,1692,ʔitrô̄p tōpsúpāhpa,Phonemic,Friday,,,,
14-680-224-1,karo1304,Karok,1700,[sárarih],Phonemic,Saturday,,,,
14-710-224-1,karo1304,Karok,1370,kú̄srah,Phonemic,month,,,,
14-730-224-1,karo1304,Karok,1226,hárinay,Phonemic,year,,,,
14-740-224-1,karo1304,Karok,1471,ʔíšyāβ,Phonemic,winter,,,,
14-750-224-1,karo1304,Karok,1537,pimnanihî̄šrih,Phonemic,spring,,,,
14-760-224-1,karo1304,Karok,1342,pimná̄nih,Phonemic,summer,,,,
14-770-224-1,karo1304,Karok,1276,pišyaβpî̄šrih,Phonemic,autumn,,,,
15-210-224-1,karo1304,Karok,1587,-ʔimxaθ,Phonemic,smell (vb intrans),,,,
15-220-224-1,karo1304,Karok,1586,-ʔimšákar,Phonemic,smell (vb trans),,,,
15-250-224-1,karo1304,Karok,376,ʔimxaθáyaβ,Phonemic,"fragrant, good smelling",,,,
15-260-224-1,karo1304,Karok,42,ʔimxaθaké̄m,Phonemic,"stinking, bad smelling",,,,
15-310-224-1,karo1304,Karok,21,-ʔákat,Phonemic,taste,,,,
15-350-224-1,karo1304,Karok,717,ʔuxrāh,Phonemic,sweet,,,,
15-360-224-1,karo1304,Karok,1091,yúfišar,Phonemic,salty,,,,
15-370-224-1,karo1304,Karok,887,ʔú̄x,Phonemic,bitter,,,,
15-380-224-1,karo1304,Karok,1906,ʔuxrháθkāy,Phonemic,"acid, sour",,,,
15-410-224-1,karo1304,Karok,1408,-θítiβ,Phonemic,hear,,,,
15-460-224-1,karo1304,Karok,1314,-iškax,Phonemic,"quiet, silence",,,,
15-510-224-1,karo1304,Karok,1409,-mah,Phonemic,see,,,,
15-520-224-1,karo1304,Karok,1819,-ʔimus,Phonemic,"look, look at",,,,
15-550-224-1,karo1304,Karok,1039,-ʔikšup,Phonemic,show,,,,
15-560-224-1,karo1304,Karok,708,-ʔimšírih,Phonemic,shine,,,,
15-570-224-1,karo1304,Karok,679,-ʔimkatáxrah,Phonemic,bright,,,,
15-640-224-1,karo1304,Karok,1335,-tāhkō ~ čánčāfkuniš,Phonemic,white,,,,
15-650-224-1,karo1304,Karok,163,ʔikxáramkuniš,Phonemic,black,,,,
15-660-224-1,karo1304,Karok,156,ʔá̄xkuniš,Phonemic,red,,,,
15-670-224-1,karo1304,Karok,837,θúkinkuniš,Phonemic,blue,,,,
15-680-224-1,karo1304,Karok,1425,θúkinkuniš,Phonemic,green,,,,
15-690-224-1,karo1304,Karok,1424,θúkinkuniš,Phonemic,yellow,,,,
15-710-224-1,karo1304,Karok,1892,-ʔáfiš,Phonemic,touch,,,,
15-712-224-1,karo1304,Karok,378,-βimčuk,Phonemic,pinch,,,,
15-720-224-1,karo1304,Karok,1079,-ʔafíšēn,Phonemic,feel,,,,
15-740-224-1,karo1304,Karok,1884,sákrīβ,Phonemic,hard,,,,
15-750-224-1,karo1304,Karok,1856,xé̄čič,Phonemic,soft,,,,
15-760-224-1,karo1304,Karok,1923,kúkuh,Phonemic,rough,,,,
15-770-224-1,karo1304,Karok,1234,xūs,Phonemic,smooth,,,,
15-780-224-1,karo1304,Karok,1396,yáθah,Phonemic,sharp,,,,
15-790-224-1,karo1304,Karok,379,múmuh,Phonemic,"blunt, dull",,,,
15-810-224-1,karo1304,Karok,1210,má̄θ,Phonemic,heavy,,,,
15-820-224-1,karo1304,Karok,1052,ʔišná̄nič,Phonemic,light (in weight),,,,
15-830-224-1,karo1304,Karok,1726,ʔāskípač,Phonemic,"wet, damp",,,,
15-840-224-1,karo1304,Karok,1398,ʔiβáxrah,Phonemic,dry,,,,
15-850-224-1,karo1304,Karok,1286,-ʔimfir,Phonemic,hot,,,,
15-850-224-3,karo1304,Karok,1286,-ʔimčax,Phonemic,hot,,,,
15-851-224-1,karo1304,Karok,1232,-ʔimpuk,Phonemic,warm,,,,
15-860-224-1,karo1304,Karok,1287,ʔáθīk,Phonemic,cold,,,,
15-880-224-1,karo1304,Karok,1230,ʔaxβíθin,Phonemic,"dirty, soiled",,,,
16-110-224-1,karo1304,Karok,53,pikšip,Phonemic,"soul, spirit",,,,
16-180-224-1,karo1304,Karok,720,ʔískīt,Phonemic,"good fortune, luck",,,,
16-190-224-1,karo1304,Karok,56,ʔāksâ̄nβa,Phonemic,"misfortune, bad luck",,,,
16-230-224-1,karo1304,Karok,1495,-ʔāčíčha,Phonemic,"joyful, glad, happy",,,,
16-250-224-1,karo1304,Karok,1355,-ʔikšah,Phonemic,laugh,,,,
16-260-224-1,karo1304,Karok,1413,-ʔixtī́βha,Phonemic,play,,,,
16-270-224-1,karo1304,Karok,923,-ʔī́mnih,Phonemic,love,,,,
16-290-224-1,karo1304,Karok,578,-páčup,Phonemic,kiss,,,,
16-310-224-1,karo1304,Karok,1783,kúha,Phonemic,pain,,,,
16-320-224-1,karo1304,Karok,1668,-tárak,Phonemic,"grief, sorrow, sadness",,,,
16-340-224-1,karo1304,Karok,1875,-ʔiθvuyxâ̄ha,Phonemic,"regret, be sorry",,,,
16-350-224-1,karo1304,Karok,1141,-kōhímačkō,Phonemic,pity,,,,
16-370-224-1,karo1304,Karok,1839,-ʔixrar,Phonemic,"cry, weep",,,,
16-380-224-1,karo1304,Karok,1651,yupastáram,Phonemic,tear (noun),,,,
16-410-224-1,karo1304,Karok,1607,-βî̄ha,Phonemic,hate,,,,
16-420-224-1,karo1304,Karok,82,-ʔixvī́pha,Phonemic,anger,,,,
16-440-224-1,karo1304,Karok,40,-ʔafitú̄nβa,Phonemic,"envy, jealousy",,,,
16-450-224-1,karo1304,Karok,1776,ʔahárām,Phonemic,shame (noun),,,,
16-520-224-1,karo1304,Karok,3,ʔišímfir,Phonemic,brave,,,,
16-530-224-1,karo1304,Karok,781,-ʔay,Phonemic,"fear, fright",,,,
16-620-224-1,karo1304,Karok,1784,-βíštar,Phonemic,"desire, want",,,,
16-622-224-1,karo1304,Karok,1750,-tayaβ,Phonemic,choose,,,,
16-660-224-1,karo1304,Karok,1657,ʔif,Phonemic,true,,,,
16-670-224-1,karo1304,Karok,601,-pikšá̄yβa,Phonemic,"lie, tell lies",,,,
16-710-224-1,karo1304,Karok,1035,yaβ,Phonemic,good,,,,
16-720-224-1,karo1304,Karok,1292,-ké̄m,Phonemic,bad,,,,
16-810-224-1,karo1304,Karok,1427,yâ̄mač,Phonemic,beautiful,,,,
16-810-224-3,karo1304,Karok,1427,ʔimusá-yaβ,Phonemic,beautiful,,,,
16-820-224-1,karo1304,Karok,1548,ʔimusaké̄m,Phonemic,ugly,,,,
17-130-224-1,karo1304,Karok,1415,-xus,Phonemic,think (= reflect),,,,
17-140-224-1,karo1304,Karok,1513,-xus,Phonemic,think (= be of the opinion),,,,
17-150-224-1,karo1304,Karok,1890,-fuhiš,Phonemic,believe,,,,
17-170-224-1,karo1304,Karok,1410,-ʔá̄punma,Phonemic,know,,,,
17-180-224-1,karo1304,Karok,1521,-ʔimúsaha,Phonemic,seem,,,,
17-230-224-1,karo1304,Karok,1899,-yunyú̄nha,Phonemic,"insane, crazy",,,,
17-240-224-1,karo1304,Karok,504,-ʔāpúnmīk,Phonemic,learn,,,,
17-250-224-1,karo1304,Karok,709,-ʔikšúpih,Phonemic,teach,,,,
17-270-224-1,karo1304,Karok,1038,ʔikšúpíhān,Phonemic,teacher,,,,
17-280-224-1,karo1304,Karok,673,ʔikšupíhrām,Phonemic,school,,,,
17-310-224-1,karo1304,Karok,707,-pikró̄k,Phonemic,remember,,,,
17-320-224-1,karo1304,Karok,1523,-ʔipšinβárih,Phonemic,forget,,,,
17-440-224-1,karo1304,Karok,1841,-θaxústay,Phonemic,suspect,,,,
17-460-224-1,karo1304,Karok,686,yâ̄mahukač,Phonemic,easy,,,,
17-470-224-1,karo1304,Karok,584,ikyá̄kām,Phonemic,difficult,,,,
17-480-224-1,karo1304,Karok,1812,ikyāvárihβa,Phonemic,"try, attempt",,,,
17-510-224-1,karo1304,Karok,1577,káru,Phonemic,and,,,,
17-520-224-1,karo1304,Karok,1157,ʔayuʔá̄č,Phonemic,because,,,,
17-540-224-1,karo1304,Karok,1014,hum,Phonemic,or,,,,
17-550-224-1,karo1304,Karok,1268,há̄,Phonemic,"yes, affirmative",,,,
17-560-224-1,karo1304,Karok,1269,pû̄hara,Phonemic,"no, negative",,,,
17-610-224-1,karo1304,Karok,1239,hú̄t,Phonemic,how?,,,,
17-620-224-1,karo1304,Karok,822,ʔifyá̄,Phonemic,how many?,,,,
17-630-224-1,karo1304,Karok,531,ʔifyā,Phonemic,how much?,,,,
17-640-224-1,karo1304,Karok,1236,fá̄t,Phonemic,what?,,,,
17-650-224-1,karo1304,Karok,1238,háriβari,Phonemic,when?,,,,
17-660-224-1,karo1304,Karok,1237,hó̄y,Phonemic,where?,,,,
17-680-224-1,karo1304,Karok,1235,ʔaká̄y,Phonemic,who?,,,,
17-690-224-1,karo1304,Karok,1270,fá̄t kumáʔī,Phonemic,why?,,,,
18-120-224-1,karo1304,Karok,1261,-pákurih,Phonemic,sing,,,,
18-130-224-1,karo1304,Karok,715,-ʔihyiβ,Phonemic,"shout, cry out",,,,
18-170-224-1,karo1304,Karok,1025,-ʔikfuy,Phonemic,whistle,,,,
18-190-224-1,karo1304,Karok,526,-ʔikβú̄hβa,Phonemic,howl,,,,
18-210-224-1,karo1304,Karok,1623,-ʔúhyan,Phonemic,"speak, talk",,,,
18-211-224-1,karo1304,Karok,1866,-yāyá̄ha,Phonemic,"stutter, stammer",,,,
18-220-224-1,karo1304,Karok,1458,-pīp,Phonemic,say,,,,
18-221-224-1,karo1304,Karok,1711,-pikβah,Phonemic,tell story,,,,
18-230-224-1,karo1304,Karok,48,ʔastárīš,Phonemic,silent (be),,,,
18-240-224-1,karo1304,Karok,1307,hih,Phonemic,language,,,,
18-260-224-1,karo1304,Karok,1599,ʔuhyan,Phonemic,word,,,,
18-280-224-1,karo1304,Karok,1405,ʔiθβuy,Phonemic,name,,,,
18-310-224-1,karo1304,Karok,1309,-patánβiš,Phonemic,"ask (question, inquire)",,,,
18-320-224-1,karo1304,Karok,1275,-ʔíhiβrik,Phonemic,answer,,,,
18-350-224-1,karo1304,Karok,1828,-pátanβa,Phonemic,"ask, request",,,,
18-390-224-1,karo1304,Karok,299,-ʔasúβīš,Phonemic,"rebuke, scold",,,,
18-420-224-1,karo1304,Karok,180,-ʔiθβuyâ̄naha,Phonemic,call (=name),,,,
18-450-224-1,karo1304,Karok,101,-pičakúβān,Phonemic,boast,,,,
18-510-224-1,karo1304,Karok,1672,-ʔikxúrik,Phonemic,write,,,,
18-520-224-1,karo1304,Karok,724,ʔikxúrik + -ʔimus,Phonemic,read,,,,
18-560-224-1,karo1304,Karok,648,ʔikxúrik,Phonemic,paper,,,,
18-570-224-1,karo1304,Karok,794,ʔikxúrikar,Phonemic,pen,,,,
18-610-224-1,karo1304,Karok,963,ʔikxúrik,Phonemic,book,,,,
18-710-224-1,karo1304,Karok,777,ʔikrēmyahβárār,Phonemic,flute,,,,
18-720-224-1,karo1304,Karok,908,ʔimθanuβnó̄r,Phonemic,drum,,,,
18-730-224-1,karo1304,Karok,2136,ʔikrēmyahβárār,Phonemic,"horn, trumpet",,,,
19-110-224-1,karo1304,Karok,1300,ʔiθíβθānēn,Phonemic,country,,,,
19-150-224-1,karo1304,Karok,1391,ʔarárīk,Phonemic,"city, town",,,,
19-160-224-1,karo1304,Karok,930,ʔarárīk,Phonemic,village,,,,
19-250-224-1,karo1304,Karok,1296,ʔiktīn,Phonemic,"staff, walking stick",,,,
19-420-224-1,karo1304,Karok,812,ʔihrūθ,Phonemic,slave,,,,
19-460-224-1,karo1304,Karok,1635,fuhiš,Phonemic,obey,,,,
19-510-224-1,karo1304,Karok,1325,ʔafyīβ,Phonemic,"friend, companion",,,,
19-520-224-1,karo1304,Karok,1358,βá̄san,Phonemic,enemy,,,,
19-550-224-1,karo1304,Karok,791,ʔiθʔárān,Phonemic,stranger,,,,
19-580-224-1,karo1304,Karok,1897,-ʔipšáraβrik,Phonemic,"help, aid",,,,
19-590-224-1,karo1304,Karok,1550,-ʔiškáxišrih-maθ,Phonemic,"hinder, prevent",,,,
19-610-224-1,karo1304,Karok,1747,kú̄pha,Phonemic,custom,,,,
19-650-224-1,karo1304,Karok,1831,-ʔikmar,Phonemic,meet,,,,
20-110-224-1,karo1304,Karok,1423,-βaθiβ,Phonemic,fight (vb),,,,
20-130-224-1,karo1304,Karok,579,-ʔākram,Phonemic,"war, battle",,,,
20-240-224-1,karo1304,Karok,994,xuskāmhar,Phonemic,bow,,,,
20-250-224-1,karo1304,Karok,977,kuníhar,Phonemic,arrow,,,,
20-260-224-1,karo1304,Karok,945,itká̄nβar,Phonemic,spear,,,,
20-280-224-1,karo1304,Karok,1566,xuská̄mhar,Phonemic,"gun, cannon",,,,
20-310-224-1,karo1304,Karok,1061,pâ̄saha,Phonemic,armor (defensive),,,,
20-420-224-1,karo1304,Karok,782,-čífič,Phonemic,defeat,,,,
20-520-224-1,karo1304,Karok,1074,taxβúkar,Phonemic,fishhook,,,,
20-530-224-1,karo1304,Karok,19,ʔá̄n,Phonemic,fishing line,,,,
20-540-224-1,karo1304,Karok,388,ʔurípih,Phonemic,fishnet,,,,
20-550-224-1,karo1304,Karok,389,ʔikríhar,Phonemic,fish trap,,,,
20-610-224-1,karo1304,Karok,1435,-ʔákunβa,Phonemic,hunt,,,,
20-620-224-1,karo1304,Karok,1172,-kunih,Phonemic,shoot,,,,
20-630-224-1,karo1304,Karok,161,-ʔikfíripriβ,Phonemic,miss (target),,,,
20-640-224-1,karo1304,Karok,1075,tátapβa,Phonemic,trap (noun),,,,
20-650-224-1,karo1304,Karok,1170,-tátapβa,Phonemic,trap (vb),,,,
21-510-224-1,karo1304,Karok,713,sı́tβa,Phonemic,steal,,,,
21-520-224-1,karo1304,Karok,1160,sī́t,Phonemic,thief,,,,
22-170-224-1,karo1304,Karok,24,-βé̄n,Phonemic,pray,,,,
22-180-224-1,karo1304,Karok,852,fataβé̄nān,Phonemic,priest,,,,
22-240-224-1,karo1304,Karok,8,-fumyih,Phonemic,curse,,,,
22-260-224-1,karo1304,Karok,303,ʔasú̄xar,Phonemic,fast (vb),,,,
22-310-224-1,karo1304,Karok,1565,páy nanuʔáβahkam,Phonemic,heaven,,,,
22-320-224-1,karo1304,Karok,878,yumārárīk,Phonemic,hell,,,,
22-430-224-1,karo1304,Karok,2137,ʔapurúβān,Phonemic,"sorcerer, witch",,,,
22-450-224-1,karo1304,Karok,1175,pikšip,Phonemic,"ghost, phantom",,,,
