ID,Language_ID,Language_name,Parameter_ID,Value,Transcription,Concept,Source,Comment,AlternativeValue,AlternativeTranscription
14-320-257-1,tuyu1244,Tuyuca,1852,dã'ĩ-rõ,Phonemic,often,,,,
14-310-257-1,tuyu1244,Tuyuca,1676,'tee-ro-dikɨ,Phonemic,always,,,,
14-280-257-1,tuyu1244,Tuyuca,1928,du'u,Phonemic,"cease, stop",,,,
14-270-257-1,tuyu1244,Tuyuca,1766,peo-'ti,Phonemic,finish,,,,
14-260-257-1,tuyu1244,Tuyuca,743,dĩ'ĩ-tu-re,Phonemic,end (temporal),,,,
14-250-257-1,tuyu1244,Tuyuca,1806,dɨ̃'kã,Phonemic,"begin, beginning",,,,
14-240-257-1,tuyu1244,Tuyuca,425,pe'a,Phonemic,"retard, delay",,,,
14-230-257-1,tuyu1244,Tuyuca,754,poto 'kõ-rõ,Phonemic,"hasten, hurry",,,,
14-220-257-1,tuyu1244,Tuyuca,701,pea-'re-bẽdã,Phonemic,slow,,,,
14-210-257-1,tuyu1244,Tuyuca,1631,bo'yero,Phonemic,"swift, fast, quick",,,,
14-190-257-1,tuyu1244,Tuyuca,1963,'bããta,Phonemic,immediately,,,,
14-180-257-1,tuyu1244,Tuyuca,1376,bẽkã'ti-gã,Phonemic,now,,,,
14-170-257-1,tuyu1244,Tuyuca,477,'siro-pɨ,Phonemic,late,,"Means 'afterwards, later, next'.",,
14-150-257-1,tuyu1244,Tuyuca,1229,bɨ'kɨ,Phonemic,old,,,,
14-140-257-1,tuyu1244,Tuyuca,1207,bãbɨ̃,Phonemic,young,,,,
14-120-257-1,tuyu1244,Tuyuca,1789,kɨ̃'bã,Phonemic,age,,Means 'year'.,,
14-130-257-1,tuyu1244,Tuyuca,1231,bã'bã,Phonemic,new,,*TUC-BRS-TYC form is *bãʔbã- / *wãʔbã.,,
13-440-257-1,tuyu1244,Tuyuca,417,ĩtĩ'ãrĩ,Phonemic,three times,,,,
13-380-257-1,tuyu1244,Tuyuca,1546,pɨa-'rĩ,Phonemic,two times,,,,
13-370-257-1,tuyu1244,Tuyuca,1888,-ba,Phonemic,pair,,,,
13-350-257-1,tuyu1244,Tuyuca,1529,dĩ'ĩ-tu-,Phonemic,last,,,,
13-340-257-1,tuyu1244,Tuyuca,728,sɨ'ge-,Phonemic,first,,,,
13-330-257-1,tuyu1244,Tuyuca,1580,-'dikɨ ~ -'dikɨ̃ ~ -'digɨ,Phonemic,"alone, only",,,,
13-240-257-1,tuyu1244,Tuyuca,816,de'ko,Phonemic,half,,,,
13-220-257-1,tuyu1244,Tuyuca,1624,pose-bã'dĩ,Phonemic,empty,,,,
13-210-257-1,tuyu1244,Tuyuca,1429,da'da,Phonemic,full,,,,
13-190-257-1,tuyu1244,Tuyuca,2023,pa'ɨ,Phonemic,"multitude, crowd",,,,
13-181-257-1,tuyu1244,Tuyuca,1241,sĩ'kẽ ~ sĩ'kãyẽ,Phonemic,some,,,,
13-170-257-1,tuyu1244,Tuyuca,1242,'peero,Phonemic,"little (quantity), few",,,,
13-180-257-1,tuyu1244,Tuyuca,1881,'pee,Phonemic,enough,,,,
13-160-257-1,tuyu1244,Tuyuca,1992,dẽbõ-'rõ,Phonemic,more,,,,
13-150-257-1,tuyu1244,Tuyuca,1198,pa'ɨ,Phonemic,"much, many",,Respectively: many (animate); many (inanimate--countable); much (inanimate--viewed en masse). *TUC-BRS-TYC form is *pãhã- / *pahi / *pahɨ.,,
13-150-257-3,tuyu1244,Tuyuca,1198,pe'e,Phonemic,"much, many",,Respectively: many (animate); many (inanimate--countable); much (inanimate--viewed en masse). *TUC-BRS-TYC form is *pãhã- / *pahi / *pahɨ.,,
13-150-257-5,tuyu1244,Tuyuca,1198,pai-'ro,Phonemic,"much, many",,Respectively: many (animate); many (inanimate--countable); much (inanimate--viewed en masse). *TUC-BRS-TYC form is *pãhã- / *pahi / *pahɨ.,,
13-140-257-1,tuyu1244,Tuyuca,98,dĩ'ĩ-peti-re,Phonemic,"every, all",,,,
13-107-257-1,tuyu1244,Tuyuca,1420,ke'o,Phonemic,count,,,,
13-104-257-1,tuyu1244,Tuyuca,1710,pɨa-'bõ-peti pɨa-dɨ'po-peti-re,Phonemic,twenty,,,,
13-103-257-1,tuyu1244,Tuyuca,1709,pɨa-'bõ-peti dɨ'po si'ka-dɨpo-peti-re,Phonemic,fifteen,,,,
13-102-257-1,tuyu1244,Tuyuca,1707,pɨa-'bõ-peti dɨ'po pɨa-'ga-pẽdĩ-pea-re,Phonemic,twelve,,,,
13-101-257-1,tuyu1244,Tuyuca,1706,pɨa-'bõ-peti dɨ'po sika-'ga-pẽdĩ-pea-re,Phonemic,eleven,,,,
13-100-257-1,tuyu1244,Tuyuca,1515,pɨa-'bõ-peti,Phonemic,ten,,,,
13-90-257-1,tuyu1244,Tuyuca,1483,sika-'bõ-peti ape-'bõ-pẽdĩ-pea-re ba'pari-pa,Phonemic,nine,,,,
13-80-257-1,tuyu1244,Tuyuca,1705,sika-'bõ-peti ape-'bõ-pẽdĩ-pea-re iti'a-ga,Phonemic,eight,,,,
13-70-257-1,tuyu1244,Tuyuca,1704,sika -'bõ-peti ape-'bõ-pẽdĩ-pea-re pɨa-'ga,Phonemic,seven,,,,
13-60-257-1,tuyu1244,Tuyuca,1703,sika-'bõ-peti ape-'bõ-pẽdĩ-pea-re sika-'ga,Phonemic,six,,"Means 'one complete hand, adding on from another hand, one finger'. In speaking, older people hold up the corresponding number of fingers.",,
13-50-257-1,tuyu1244,Tuyuca,493,si'ka-bõ-hẽ-yẽ- ~ si'ka-bõ-kẽ-yẽ-,Phonemic,five,,,,
13-40-257-1,tuyu1244,Tuyuca,1500,ba'pari,Phonemic,four,,,,
13-20-257-1,tuyu1244,Tuyuca,1498,pɨa-,Phonemic,two,,*TUC-BRS-TYC form is *pɨa.,,
13-30-257-1,tuyu1244,Tuyuca,492,iti'a-,Phonemic,three,,,,
13-10-257-1,tuyu1244,Tuyuca,1493,si'ka-,Phonemic,one,,*TUC-BRS-TYC form is *siʔ'ka / *nɨʔ'kã.,,
12-930-257-1,tuyu1244,Tuyuca,1264,wa'so,Phonemic,change,,,,
12-920-257-1,tuyu1244,Tuyuca,1558,bi'i,Phonemic,"like, similar",,,,
12-840-257-1,tuyu1244,Tuyuca,1048,-da,Phonemic,line,,Lit. 'saliently 1 dimensional'.,,
12-850-257-1,tuyu1244,Tuyuca,1667,ko'pe,Phonemic,hole,,,,
12-830-257-1,tuyu1244,Tuyuca,1845,-ga,Phonemic,"sphere, ball",,Lit. 'saliently 3 dimensional'.,,
12-820-257-1,tuyu1244,Tuyuca,1467,be'to,Phonemic,circle,,Means 'circular or coil shape'.,,
12-770-257-1,tuyu1244,Tuyuca,1367,-tẽrõ,Phonemic,cross,,,,
12-760-257-1,tuyu1244,Tuyuca,192,pu'kua,Phonemic,corner,,,,
12-750-257-1,tuyu1244,Tuyuca,1071,dõ'õ-pĩ,Phonemic,hook,,,,
12-740-257-1,tuyu1244,Tuyuca,297,-kõbẽ-rõ,Phonemic,crooked,,,,
12-730-257-1,tuyu1244,Tuyuca,1404,diabã'kɨ̃,Phonemic,straight,,,,
12-710-257-1,tuyu1244,Tuyuca,1633,-bapa,Phonemic,flat,,,,
12-680-257-1,tuyu1244,Tuyuca,193,ɨ̃kɨ̃'ã-ẽ-,Phonemic,shallow,,,,
12-670-257-1,tuyu1244,Tuyuca,1593,ɨ̃kɨ̃'ã-,Phonemic,deep,,,,
12-650-257-1,tuyu1244,Tuyuca,2249,esebẽ'dĩ,Phonemic,thin (in dimension),,,,
12-630-257-1,tuyu1244,Tuyuca,1244,esebe'ti,Phonemic,thick (in dimension),,,,
12-620-257-1,tuyu1244,Tuyuca,1267,e'sa-e,Phonemic,narrow,,,,
12-610-257-1,tuyu1244,Tuyuca,1243,e'sa,Phonemic,"wide, broad",,,,
12-590-257-1,tuyu1244,Tuyuca,1645,ɨ̃bɨ̃-'ẽ,Phonemic,short,,,,
12-580-257-1,tuyu1244,Tuyuca,711,ɨ̃bɨ̃'ã,Phonemic,tall,,,,
12-570-257-1,tuyu1244,Tuyuca,1203,yo'a,Phonemic,long,,*TUC-BRS-TYC form is *yoa- / *yoe-.,,
12-560-257-1,tuyu1244,Tuyuca,1246,'pee-gã,Phonemic,"small, little",,,,
12-550-257-1,tuyu1244,Tuyuca,1202,pai-,Phonemic,"large, big",,*TUC-BRS-TYC form is *pahi-.,,
12-540-257-1,tuyu1244,Tuyuca,1506,ke'o,Phonemic,measure,,,,
12-530-257-1,tuyu1244,Tuyuca,479,pai-'ro 'waa,Phonemic,grow,,"Respectively, refers to: objects; people and animals; plants.",,
12-530-257-3,tuyu1244,Tuyuca,479,bɨkɨ'a,Phonemic,grow,,"Respectively, refers to: objects; people and animals; plants.",,
12-530-257-5,tuyu1244,Tuyuca,479,dũũ,Phonemic,grow,,"Respectively, refers to: objects; people and animals; plants.",,
12-460-257-1,tuyu1244,Tuyuca,1817,bũ'ĩpũ sã'ã-wa-ro,Phonemic,west,,,,
12-450-257-1,tuyu1244,Tuyuca,1877,bũ'ĩpũ bɨ̃'ã-ati-ro,Phonemic,east,,,,
12-430-257-1,tuyu1244,Tuyuca,1942,pɨ'to-gã,Phonemic,near (adv),,,,
12-440-257-1,tuyu1244,Tuyuca,1406,yo'a-ro,Phonemic,far (adv),,,,
12-420-257-1,tuyu1244,Tuyuca,244,a'kudĩyã,Phonemic,left (side),,,,
12-410-257-1,tuyu1244,Tuyuca,1019,diabã'kɨ̃,Phonemic,right (side),,,,
12-370-257-1,tuyu1244,Tuyuca,1093,de'ko,Phonemic,"middle, center",,,,
12-360-257-1,tuyu1244,Tuyuca,682,we'sa,Phonemic,side,,Also means 'beside' 12.020.,,
12-353-257-1,tuyu1244,Tuyuca,863,ya'pa,Phonemic,edge,,Also means 'end' 12.350.,,
12-352-257-1,tuyu1244,Tuyuca,372,-wiro,Phonemic,pointed,,,,
12-350-257-1,tuyu1244,Tuyuca,742,ya'pa,Phonemic,end,,,,
12-340-257-1,tuyu1244,Tuyuca,690,ku'ti-ro,Phonemic,bottom,,,,
12-320-257-1,tuyu1244,Tuyuca,721,do'ka,Phonemic,low,,"Also means 'down, below' 12.030.",,
12-330-257-1,tuyu1244,Tuyuca,1753,soto'a,Phonemic,top,,"Also means 'up, above' 12.080.",,
12-310-257-1,tuyu1244,Tuyuca,1265,ɨ̃bɨ̃'ã,Phonemic,high,,,,
12-270-257-1,tuyu1244,Tuyuca,602,yayi'o,Phonemic,"hide, conceal",,,,
12-250-257-1,tuyu1244,Tuyuca,1046,bi'a,Phonemic,"shut, close",,,,
12-260-257-1,tuyu1244,Tuyuca,761,'bɨato,Phonemic,cover,,,,
12-240-257-1,tuyu1244,Tuyuca,1156,'põõ,Phonemic,open,,,,
12-232-257-1,tuyu1244,Tuyuca,1119,dɨkaba'to,Phonemic,divide,,,,
12-220-257-1,tuyu1244,Tuyuca,1743,do'o,Phonemic,"join, unite",,,,
12-213-257-1,tuyu1244,Tuyuca,1576,see-'dẽ-õ-kũ,Phonemic,pile up,,,,
12-212-257-1,tuyu1244,Tuyuca,371,'dẽẽ,Phonemic,pick up,,,,
12-210-257-1,tuyu1244,Tuyuca,7,se'e,Phonemic,"collect, gather",,,,
12-170-257-1,tuyu1244,Tuyuca,838,dɨsa-'re,Phonemic,"remains, left overs",,,,
12-160-257-1,tuyu1244,Tuyuca,987,pɨ'tɨa,Phonemic,"remain, stay",,,,
12-150-257-1,tuyu1244,Tuyuca,1442,dũ'kũ,Phonemic,stand,,,,
12-140-257-1,tuyu1244,Tuyuca,215,kõ'ã,Phonemic,lie down,,,,
12-130-257-1,tuyu1244,Tuyuca,1416,du'i,Phonemic,sit,,*TUC-BRS-TYC form is *duhi-.,,
12-120-257-1,tuyu1244,Tuyuca,998,'peo,Phonemic,put,,,,
12-110-257-1,tuyu1244,Tuyuca,723,-ro,Phonemic,place,,,,
12-80-257-1,tuyu1244,Tuyuca,1591,soto'a,Phonemic,"up, above",,,,
12-70-257-1,tuyu1244,Tuyuca,1485,do'ka,Phonemic,under,,,,
12-50-257-1,tuyu1244,Tuyuca,1606,po'pea,Phonemic,"inside, in",,,,
12-41-257-1,tuyu1244,Tuyuca,1883,'diabãkɨ̃,Phonemic,front,,,,
12-40-257-1,tuyu1244,Tuyuca,1882,sɨ'gero,Phonemic,before,,,,
12-30-257-1,tuyu1244,Tuyuca,2094,do'ka,Phonemic,"down, below",,,,
12-20-257-1,tuyu1244,Tuyuca,1816,we'sa,Phonemic,beside,,,,
12-11-257-1,tuyu1244,Tuyuca,1686,-siro,Phonemic,behind,,,,
12-10-257-1,tuyu1244,Tuyuca,1685,'siro,Phonemic,after,,,,
11-920-257-1,tuyu1244,Tuyuca,1098,dɨ̃'kɨ̃,Phonemic,weigh,,Lit. 'be heavy'.,,
11-910-257-1,tuyu1244,Tuyuca,884,ba'to,Phonemic,share (distribute),,,,
11-890-257-1,tuyu1244,Tuyuca,1887,wapa-bã'dĩ,Phonemic,cheap,,Lit. 'price-not.have'.,,
11-880-257-1,tuyu1244,Tuyuca,1426,wapa-pa-'ka,Phonemic,"dear (costly, expensive)",,Lit. 'price-big'.,,
11-870-257-1,tuyu1244,Tuyuca,657,wa'pa,Phonemic,price,,,,
11-860-257-1,tuyu1244,Tuyuca,752,ape-'ye 'dua-ri-tatia,Phonemic,"store, shop",,Means 'things selling-room'.,,
11-850-257-1,tuyu1244,Tuyuca,633,ya'a-re 'dua-ro,Phonemic,market (place),,Lit. 'food selling-place'.,,
11-840-257-1,tuyu1244,Tuyuca,1082,'dua-ri-baso-kɨ,Phonemic,merchant,,Means 'selling person (masc.)'.,,
11-830-257-1,tuyu1244,Tuyuca,2135,wa'so,Phonemic,"trade, barter",,,,
11-820-257-1,tuyu1244,Tuyuca,1571,'dua,Phonemic,sell,,,,
11-810-257-1,tuyu1244,Tuyuca,1869,sã'ĩ,Phonemic,buy,,,,
11-790-257-1,tuyu1244,Tuyuca,733,wapa-'ta,Phonemic,earn,,,,
11-780-257-1,tuyu1244,Tuyuca,1122,wapa-'ta-re,Phonemic,wages,,,,
11-660-257-1,tuyu1244,Tuyuca,1081,wa'pa,Phonemic,"account, reckoning",,,,
11-650-257-1,tuyu1244,Tuyuca,718,wapa-'ti,Phonemic,pay (vb),,,,
11-640-257-1,tuyu1244,Tuyuca,1914,wapa-'bõ-re,Phonemic,debt,,,,
11-630-257-1,tuyu1244,Tuyuca,369,wapa-'bõ,Phonemic,owe,,,,
11-620-257-1,tuyu1244,Tuyuca,1823,wa'so,Phonemic,borrow,,,,
11-610-257-1,tuyu1244,Tuyuca,582,wa'so,Phonemic,lend,,,,
11-540-257-1,tuyu1244,Tuyuca,1774,bãĩ-'gɨ̃,Phonemic,"avaricious, stingy",,Lit. 'love-masc.' May be used in a positive or negative sense.,,
11-520-257-1,tuyu1244,Tuyuca,1674,ape-'ye bãdĩ-'gɨ̃,Phonemic,poor,,Lit. 'things not.have-masc.',,
11-510-257-1,tuyu1244,Tuyuca,712,pe'e kɨo-'gɨ,Phonemic,rich,,Lit. 'lots have-masc.',,
11-440-257-1,tuyu1244,Tuyuca,1867,[dĩ'yeru]-ki,Phonemic,coin,,From Portuguese 'dinheiro'.,,
11-430-257-1,tuyu1244,Tuyuca,1559,[dĩ'yeru],Phonemic,money,,From Portuguese 'dinheiro'.,,
11-340-257-1,tuyu1244,Tuyuca,1095,wio-'dẽ-ko,Phonemic,"release, let go",,,,
11-330-257-1,tuyu1244,Tuyuca,1660,di'ti,Phonemic,lose,,,,
11-320-257-1,tuyu1244,Tuyuca,719,bɨ'a,Phonemic,find,,,,
11-310-257-1,tuyu1244,Tuyuca,1468,ã'bãã,Phonemic,"seek, look for",,,,
11-280-257-1,tuyu1244,Tuyuca,44,yã'yõ,Phonemic,"harm, injure, damage",,,,
11-250-257-1,tuyu1244,Tuyuca,2008,dẽtõ-'dẽ,Phonemic,"save, rescue",,,,
11-220-257-1,tuyu1244,Tuyuca,85,wi'ya,Phonemic,give back,,,,
11-210-257-1,tuyu1244,Tuyuca,1447,ti'ko,Phonemic,give,,,,
11-180-257-1,tuyu1244,Tuyuca,738,ape-ye-'dõ,Phonemic,thing,,,,
11-170-257-1,tuyu1244,Tuyuca,1477,ĩ'yã-dõ,Phonemic,"keep, retain",,,,
11-140-257-1,tuyu1244,Tuyuca,2021,yẽ'ẽ,Phonemic,"seize, grasp",,,,
11-130-257-1,tuyu1244,Tuyuca,1749,'dẽẽ,Phonemic,take,,,,
11-120-257-1,tuyu1244,Tuyuca,684,kɨ'o,Phonemic,"own, possess",,,,
11-110-257-1,tuyu1244,Tuyuca,773,-kɨ'ti,Phonemic,have,,,,
10-920-257-1,tuyu1244,Tuyuca,1922,bãã-'wa,Phonemic,land (vb),,Means 'to go up the path (after getting out of canoe)'.,,
10-910-257-1,tuyu1244,Tuyuca,610,pe'ta,Phonemic,"harbor, port",,,,
10-852-257-1,tuyu1244,Tuyuca,1849,wa'a,Phonemic,row (vb),,,,
10-851-257-1,tuyu1244,Tuyuca,234,waa-'ri-pĩ,Phonemic,paddle (noun),,,,
10-831-257-1,tuyu1244,Tuyuca,1970,yuku'soro,Phonemic,canoe,,,,
10-830-257-1,tuyu1244,Tuyuca,1844,doo-'ri-wɨ,Phonemic,boat,,,,
10-810-257-1,tuyu1244,Tuyuca,740,doo-'ri-wɨ,Phonemic,ship,,,,
10-760-257-1,tuyu1244,Tuyuca,710,be'to,Phonemic,wheel,,May refer to any wheel or ring-shaped object.,,
10-750-257-1,tuyu1244,Tuyuca,122,tũdũ-'ri-wɨ,Phonemic,"carriage, wagon, cart",,,,
10-740-257-1,tuyu1244,Tuyuca,1011,tĩ'ã-ri-kũbũ,Phonemic,bridge,,,,
10-720-257-1,tuyu1244,Tuyuca,2252,bã'ã,Phonemic,path,,*TUC-BRS-TYC form is *bãʔã.,,
10-710-257-1,tuyu1244,Tuyuca,667,bã'ã,Phonemic,road,,,,
10-670-257-1,tuyu1244,Tuyuca,1452,tuu-'dẽ-ko,Phonemic,"push, shove",,,,
10-660-257-1,tuyu1244,Tuyuca,367,bɨ̃'ã-pea,Phonemic,ride,,,,
10-650-257-1,tuyu1244,Tuyuca,741,waa-'tu,Phonemic,drive,,,,
10-640-257-1,tuyu1244,Tuyuca,43,bãã-ẽ'yõ,Phonemic,lead (vb),,,,
10-630-257-1,tuyu1244,Tuyuca,1127,ti'ko-ko,Phonemic,send,,,,
10-620-257-1,tuyu1244,Tuyuca,692,'dẽẽ-ati,Phonemic,bring,,,,
10-614-257-1,tuyu1244,Tuyuca,414,tu'ru-peo,Phonemic,carry-on-head,,,,
10-613-257-1,tuyu1244,Tuyuca,413,a'pa-wa,Phonemic,carry-on-shoulder,,,,
10-612-257-1,tuyu1244,Tuyuca,412,'dẽẽ-wa,Phonemic,carry-in-hand,,,,
10-610-257-1,tuyu1244,Tuyuca,700,'dẽẽ-wa,Phonemic,carry (bear),,,,
10-570-257-1,tuyu1244,Tuyuca,749,sã'ã,Phonemic,enter,,,,
10-560-257-1,tuyu1244,Tuyuca,1778,he'a-ati,Phonemic,approach,,,,
10-550-257-1,tuyu1244,Tuyuca,1387,he'a,Phonemic,"reach, arrive",,,,
10-530-257-1,tuyu1244,Tuyuca,1047,dɨ̃dɨ̃-'se,Phonemic,pursue,,,,
10-520-257-1,tuyu1244,Tuyuca,1085,dɨ̃'dɨ̃,Phonemic,follow,,,,
10-510-257-1,tuyu1244,Tuyuca,956,du'ti,Phonemic,flee,,"Respectively: flee, hiding; go out of fear.",,
10-510-257-3,tuyu1244,Tuyuca,956,ku'i-wa,Phonemic,flee,,"Respectively: flee, hiding; go out of fear.",,
10-491-257-1,tuyu1244,Tuyuca,485,di'ti,Phonemic,disappear,,,,
10-490-257-1,tuyu1244,Tuyuca,1752,'waa,Phonemic,"go away, depart",,,,
10-481-257-1,tuyu1244,Tuyuca,581,pɨ'tɨa,Phonemic,come back,,,,
10-480-257-1,tuyu1244,Tuyuca,1446,a'ti,Phonemic,come,,,,
10-474-257-1,tuyu1244,Tuyuca,1107,wi'ti,Phonemic,go out,,,,
10-473-257-1,tuyu1244,Tuyuca,2014,di'i,Phonemic,go down,,,,
10-472-257-1,tuyu1244,Tuyuca,1102,bɨ̃'ã,Phonemic,climb,,,,
10-470-257-1,tuyu1244,Tuyuca,695,'waa,Phonemic,go,,*TUC-BRS-TYC form is *waʔa.,,
10-471-257-1,tuyu1244,Tuyuca,705,bɨ̃'ã,Phonemic,go up,,,,
10-460-257-1,tuyu1244,Tuyuca,1519,kɨ'tɨ,Phonemic,run,,,,
10-451-257-1,tuyu1244,Tuyuca,366,yu'ri,Phonemic,limp,,,,
10-450-257-1,tuyu1244,Tuyuca,1443,'waa-dẽtõ,Phonemic,walk,,,,
10-440-257-1,tuyu1244,Tuyuca,1879,ba'sa,Phonemic,dance,,Also means 'sing' 18.120.,,
10-431-257-1,tuyu1244,Tuyuca,1135,'wẽẽ-pa,Phonemic,kick,,,,
10-430-257-1,tuyu1244,Tuyuca,1829,bu'pu,Phonemic,"jump, leap",,,,
10-420-257-1,tuyu1244,Tuyuca,1324,kɨta-sĩ'dã,Phonemic,"slide, slip",,,,
10-413-257-1,tuyu1244,Tuyuca,296,bũdĩbi'a,Phonemic,crouch,,,,
10-412-257-1,tuyu1244,Tuyuca,66,he'a-kũbũ,Phonemic,kneel,,,,
10-410-257-1,tuyu1244,Tuyuca,96,'pai,Phonemic,"creep, crawl",,,,
10-380-257-1,tuyu1244,Tuyuca,175,wĩ'ĩpũ,Phonemic,blow,,Means to blow with the mouth.,,
10-370-257-1,tuyu1244,Tuyuca,1441,wɨ'ɨ,Phonemic,fly (vb),,*TUC-BRS-TYC form is *wɨɨ.,,
10-352-257-1,tuyu1244,Tuyuca,365,bupu-ba'te,Phonemic,splash,,,,
10-351-257-1,tuyu1244,Tuyuca,119,yã'ã-yũã,Phonemic,dive,,,,
10-350-257-1,tuyu1244,Tuyuca,1439,'baa,Phonemic,swim,,,,
10-340-257-1,tuyu1244,Tuyuca,1574,pa'sa,Phonemic,float,,,,
10-330-257-1,tuyu1244,Tuyuca,1088,du'a-dia,Phonemic,sink,,,,
10-320-257-1,tuyu1244,Tuyuca,2003,õ'bãyu,Phonemic,flow,,,,
10-260-257-1,tuyu1244,Tuyuca,1909,'paa-bate,Phonemic,shake,,,,
10-252-257-1,tuyu1244,Tuyuca,702,bo'ka-yẽ,Phonemic,catch (ball),,,,
10-250-257-1,tuyu1244,Tuyuca,1456,'dee,Phonemic,throw,,,,
10-240-257-1,tuyu1244,Tuyuca,2253,ta'bi,Phonemic,drip,,Also means 'dribble' 04.591.,,
10-230-257-1,tuyu1244,Tuyuca,1280,yã'ã,Phonemic,fall,,,,
10-220-257-1,tuyu1244,Tuyuca,501,'dẽẽ-bɨ̃õ-ko,Phonemic,"raise, lift",,,,
10-210-257-1,tuyu1244,Tuyuca,568,bɨ̃'ã,Phonemic,rise,,,,
10-170-257-1,tuyu1244,Tuyuca,430,wãyĩ'ã,Phonemic,twist,,,,
10-160-257-1,tuyu1244,Tuyuca,808,yã'ã-ko-di-a,Phonemic,drop (vb),,,,
10-150-257-1,tuyu1244,Tuyuca,827,tuu-'dũ,Phonemic,roll,,,,
10-140-257-1,tuyu1244,Tuyuca,1113,kõ'bã,Phonemic,"wind, wrap",,,,
10-130-257-1,tuyu1244,Tuyuca,1445,so'dea,Phonemic,turn around,,,,
10-120-257-1,tuyu1244,Tuyuca,1588,kãbẽ-yũ'bũ,Phonemic,turn over,,,,
10-110-257-1,tuyu1244,Tuyuca,765,kã'bẽ-yã,Phonemic,move,,,,
9-791-257-1,tuyu1244,Tuyuca,360,'paa-pu,Phonemic,fan (vb),,,,
9-790-257-1,tuyu1244,Tuyuca,1971,yũkã-pe'ro,Phonemic,fan (noun),,,,
9-760-257-1,tuyu1244,Tuyuca,1539,pi'i,Phonemic,basket,,,,
9-750-257-1,tuyu1244,Tuyuca,1729,su'a,Phonemic,"weave, plait",,,,
9-740-257-1,tuyu1244,Tuyuca,604,['bidru],Phonemic,glass,,From Portuguese 'vidro'.,,
9-730-257-1,tuyu1244,Tuyuca,1399,di'i,Phonemic,clay,,,,
9-720-257-1,tuyu1244,Tuyuca,289,we'e,Phonemic,mold (clay etc),,,,
9-690-257-1,tuyu1244,Tuyuca,358,['data],Phonemic,"tin, tinplate",,From Portuguese 'lata'.,,
9-670-257-1,tuyu1244,Tuyuca,621,kõ'bẽ,Phonemic,iron,,Means 'metal'.,,
9-640-257-1,tuyu1244,Tuyuca,1369,['oro],Phonemic,gold,,From Portuguese 'ouro'.,,
9-560-257-1,tuyu1244,Tuyuca,1069,pira-'re,Phonemic,glue,,,,
9-500-257-1,tuyu1244,Tuyuca,502,[pe'regu],Phonemic,nail,,From Portuguese 'prego'.,,
9-480-257-1,tuyu1244,Tuyuca,1948,[se'roti],Phonemic,saw,,From Portuguese 'serrote'.,,
9-461-257-1,tuyu1244,Tuyuca,46,ko'pe ti'i,Phonemic,hollow out,,,,
9-460-257-1,tuyu1244,Tuyuca,1501,ko'pe ti'i,Phonemic,bore,,,,
9-440-257-1,tuyu1244,Tuyuca,1840,ti'i,Phonemic,build,,,,
9-380-257-1,tuyu1244,Tuyuca,245,hoa-'ri-boka,Phonemic,broom,,,,
9-360-257-1,tuyu1244,Tuyuca,1453,ko'se,Phonemic,wash,,*TUC-BRS-TYC form is *koe- / *kose-.,,
9-370-257-1,tuyu1244,Tuyuca,230,ho'a,Phonemic,sweep,,,,
9-350-257-1,tuyu1244,Tuyuca,1487,'pio,Phonemic,pour,,,,
9-343-257-1,tuyu1244,Tuyuca,1414,wãyĩ'ã,Phonemic,"squeeze, wring",,,,
9-342-257-1,tuyu1244,Tuyuca,1913,tuu-di'yo,Phonemic,press,,,,
9-341-257-1,tuyu1244,Tuyuca,357,'yoo,Phonemic,hang up,,,,
9-340-257-1,tuyu1244,Tuyuca,38,'sẽõ,Phonemic,spread out,,,,
9-330-257-1,tuyu1244,Tuyuca,1455,'wee,Phonemic,pull,,,,
9-320-257-1,tuyu1244,Tuyuca,214,'wee-eso,Phonemic,stretch,,,,
9-310-257-1,tuyu1244,Tuyuca,1449,tuu-sã'kẽ,Phonemic,"rub, wipe",,,,
9-290-257-1,tuyu1244,Tuyuca,291,pã'dẽ,Phonemic,"flay, skin",,,,
9-280-257-1,tuyu1244,Tuyuca,1735,yi'ga,Phonemic,tear,,,,
9-270-257-1,tuyu1244,Tuyuca,1437,be'e,Phonemic,split,,,,
9-261-257-1,tuyu1244,Tuyuca,588,wati-'re,Phonemic,broken,,,,
9-260-257-1,tuyu1244,Tuyuca,680,'paa-wa,Phonemic,break,,,,
9-250-257-1,tuyu1244,Tuyuca,677,kõ'bẽã,Phonemic,ax,,*TUC-BRS-TYC form is *kõ'bẽ-.,,
9-251-257-1,tuyu1244,Tuyuca,290,siyo-'ga,Phonemic,adze,,,,
9-240-257-1,tuyu1244,Tuyuca,356,dɨpo-'ta-ri-pĩ,Phonemic,"scissors, shears",,,,
9-230-257-1,tuyu1244,Tuyuca,1352,dii-'pĩ-gã,Phonemic,knife,,*TUC-BRS-TYC form for 'machete' is *diʔi.pĩ.,,
9-223-257-1,tuyu1244,Tuyuca,1434,sa'de,Phonemic,stab,,,,
9-222-257-1,tuyu1244,Tuyuca,155,'paa-we-sã,Phonemic,"chop, hew",,,,
9-221-257-1,tuyu1244,Tuyuca,355,ki'ti,Phonemic,cut down,,,,
9-220-257-1,tuyu1244,Tuyuca,1432,'paa-ta,Phonemic,cut,,,,
9-211-257-1,tuyu1244,Tuyuca,354,'paa-bɨ̃tõ,Phonemic,pound with fist,,,,
9-210-257-1,tuyu1244,Tuyuca,2133,'paa,Phonemic,"strike (hit, beat)",,,,
9-192-257-1,tuyu1244,Tuyuca,760,sia-'tu-ri-kobea,Phonemic,knot (noun),,,,
9-190-257-1,tuyu1244,Tuyuca,1218,pũũ-gɨ̃-dɨ'po,Phonemic,"rope, cord",,,,
9-161-257-1,tuyu1244,Tuyuca,352,hõ'ã,Phonemic,untie,,,,
9-160-257-1,tuyu1244,Tuyuca,1917,si'a,Phonemic,"tie, bind",,,,
9-150-257-1,tuyu1244,Tuyuca,1470,tuu-'pe,Phonemic,fold,,,,
9-140-257-1,tuyu1244,Tuyuca,2004,paa-pe'to,Phonemic,bend,,,,
9-120-257-1,tuyu1244,Tuyuca,984,pa'de,Phonemic,work,,,,
9-110-257-1,tuyu1244,Tuyuca,2575,ti'i,Phonemic,"do, make",,,,
8-980-257-1,tuyu1244,Tuyuca,641,di'ti,Phonemic,mushroom,,,,
8-970-257-1,tuyu1244,Tuyuca,33,po'ta,Phonemic,nettle,,,,
8-960-257-1,tuyu1244,Tuyuca,348,e'yu,Phonemic,fish poison (root),,,,
8-941-257-1,tuyu1244,Tuyuca,146,kã'dɨ̃,Phonemic,sugar cane,,*TUC-BRS-TYC form is *gãdɨ̃.,,
8-930-257-1,tuyu1244,Tuyuca,411,wa'a,Phonemic,gourd,,*TUC-BRS-TYC form is *waha-.,,
8-920-257-1,tuyu1244,Tuyuca,925,we'ta,Phonemic,"tapioca, manioc, cassava",,Respectively: 'tapioca; yuca'. *TUC-BRS-TYC form for 'yuca brava' is *kii / *kĩĩ.,,
8-920-257-3,tuyu1244,Tuyuca,925,ki'i,Phonemic,"tapioca, manioc, cassava",,Respectively: 'tapioca; yuca'. *TUC-BRS-TYC form for 'yuca brava' is *kii / *kĩĩ.,,
8-912-257-1,tuyu1244,Tuyuca,410,yã'bũ,Phonemic,yam,,*TUC-BRS-TYC form is *yã'bũ / *yã'bõ.,,
8-910-257-1,tuyu1244,Tuyuca,159,yã'pĩ,Phonemic,sweet potato,,*TUC-BRS-TYC form is *yãpĩ.,,
8-840-257-1,tuyu1244,Tuyuca,868,ho'o-wõ,Phonemic,banana tree,,*TUC-BRS-TYC for banana (fruit) is *hoho.,,
8-820-257-1,tuyu1244,Tuyuca,970,['koko/ 'kuku],Phonemic,coconut,,From Portuguese 'coco'.,,
8-810-257-1,tuyu1244,Tuyuca,1181,-wõ,Phonemic,palm tree,,,,
8-760-257-1,tuyu1244,Tuyuca,345,'dii,Phonemic,sap,,Also means 'blood' 04.150.,,
8-750-257-1,tuyu1244,Tuyuca,1204,kase-'ro,Phonemic,bark,,Also means 'skin' 04.120.,,
8-740-257-1,tuyu1244,Tuyuca,409,sẽ'dẽ-rõ,Phonemic,forked branch,,,,
8-730-257-1,tuyu1244,Tuyuca,344,kũ'bũ,Phonemic,tree trunk,,Respectively: 'a cut or fallen log; standing tree trunk'.,,
8-730-257-3,tuyu1244,Tuyuca,344,yu'kɨ,Phonemic,tree trunk,,Respectively: 'a cut or fallen log; standing tree trunk'.,,
8-720-257-1,tuyu1244,Tuyuca,241,tu'tu,Phonemic,tree stump,,,,
8-690-257-1,tuyu1244,Tuyuca,1689,hu'u,Phonemic,smoke (tobacco),,,,
8-680-257-1,tuyu1244,Tuyuca,974,bɨ̃'dõ,Phonemic,tobacco,,*TUC-BRS-TYC form is *bɨ̃dõ.,,
8-670-257-1,tuyu1244,Tuyuca,343,bĩ'sĩ,Phonemic,vine,,,,
8-600-257-1,tuyu1244,Tuyuca,906,yu'kɨ,Phonemic,tree,,*TUC-BRS-TYC form is *yu'kɨ.,,
8-570-257-1,tuyu1244,Tuyuca,239,ko'o-ro,Phonemic,flower,,*TUC-BRS-TYC form is *goʔo-.,,
8-560-257-1,tuyu1244,Tuyuca,628,'pũũ,Phonemic,leaf,,*TUC-BRS-TYC form is *pũũ.,,
8-550-257-1,tuyu1244,Tuyuca,1531,dɨ'pɨ,Phonemic,branch,,,,
8-540-257-1,tuyu1244,Tuyuca,670,dɨ̃'kõ,Phonemic,root,,*TUC-BRS-TYC form is *dɨ̃kõ.,,
8-531-257-1,tuyu1244,Tuyuca,1486,o'te,Phonemic,plant (vb),,,,
8-530-257-1,tuyu1244,Tuyuca,653,ote-'re,Phonemic,plant (noun),,,,
8-510-257-1,tuyu1244,Tuyuca,606,'taa,Phonemic,grass,,*TUC-BRS-TYC form is *taa.,,
8-480-257-1,tuyu1244,Tuyuca,926,[a'rusu],Phonemic,rice,,From Portuguese 'arroz'.,,
8-470-257-1,tuyu1244,Tuyuca,506,'horika,Phonemic,"maize, corn",,*TUC-BRS-TYC form is *hoho-.,,
8-311-257-1,tuyu1244,Tuyuca,714,-pe,Phonemic,seed,,,,
8-310-257-1,tuyu1244,Tuyuca,748,'wẽẽ-bate,Phonemic,sow,,,,
8-250-257-1,tuyu1244,Tuyuca,284,siyo-'ga,Phonemic,hoe,,,,
8-240-257-1,tuyu1244,Tuyuca,1901,['para],Phonemic,shovel,,From Spanish 'pala'.,,
8-220-257-1,tuyu1244,Tuyuca,1418,ko'a,Phonemic,dig,,,,
8-160-257-1,tuyu1244,Tuyuca,1690,sã'dĩ-rõ,Phonemic,fence,,,,
8-150-257-1,tuyu1244,Tuyuca,1541,o'te,Phonemic,"cultivate, till",,,,
8-130-257-1,tuyu1244,Tuyuca,586,we'se,Phonemic,garden,,,,
8-120-257-1,tuyu1244,Tuyuca,212,we'se,Phonemic,field (for cultivation),,*TUC-BRS-TYC form is *we'se.,,
7-570-257-1,tuyu1244,Tuyuca,1227,['taboa],Phonemic,board,,From Portuguese.,,
7-560-257-1,tuyu1244,Tuyuca,281,bo'ta,Phonemic,"post, pole",,,,
7-550-257-1,tuyu1244,Tuyuca,1132,tẽ'dĩ,Phonemic,beam,,,,
7-540-257-1,tuyu1244,Tuyuca,829,tẽ'dĩ,Phonemic,rafter,,,,
7-530-257-1,tuyu1244,Tuyuca,280,wii-kõ'ã,Phonemic,ridgepole,,,,
7-520-257-1,tuyu1244,Tuyuca,279,bũ'ĩ,Phonemic,thatch,,One of types of palm leaves used for thatch; no general term.,,
7-510-257-1,tuyu1244,Tuyuca,769,wi'i,Phonemic,roof,,,,
7-470-257-1,tuyu1244,Tuyuca,745,ka'sa,Phonemic,shelf,,,,
7-460-257-1,tuyu1244,Tuyuca,1273,sĩã'boe-ko-ri-gɨ ~ sĩã'wo-ko-ri-gɨ,Phonemic,candle,,,,
7-450-257-1,tuyu1244,Tuyuca,2131,sĩã'boe-ko-ri-ga ~ sĩã'wo-ko-ri-ga,Phonemic,"lamp, torch",,,,
7-440-257-1,tuyu1244,Tuyuca,1775,['bẽsa],Phonemic,table,,From Portuguese 'mesa'.,,
7-430-257-1,tuyu1244,Tuyuca,1476,dui-'ro,Phonemic,chair,,,,
7-422-257-1,tuyu1244,Tuyuca,806,kõbã-yo'sa-ro,Phonemic,blanket,,,,
7-420-257-1,tuyu1244,Tuyuca,1663,kõã-'rõ,Phonemic,bed,,*TUC-BRS-TYC form for 'hammock' is *pũũ.gɨ̃.,,
7-370-257-1,tuyu1244,Tuyuca,1464,bɨ̃ã-'rõ,Phonemic,ladder,,,,
7-320-257-1,tuyu1244,Tuyuca,859,ya'a-re doa-'ro,Phonemic,stove,,,,
7-310-257-1,tuyu1244,Tuyuca,185,pe'ka-bẽ,Phonemic,fireplace,,,,
7-270-257-1,tuyu1244,Tuyuca,933,wii-tɨ'dɨ,Phonemic,wall,,,,
7-260-257-1,tuyu1244,Tuyuca,1632,ye'pa,Phonemic,floor,,Also means 'earth' 01.210.,,
7-240-257-1,tuyu1244,Tuyuca,1472,[sa'wi],Phonemic,key,,From Port. 'chave'.,,
7-231-257-1,tuyu1244,Tuyuca,1012,tẽ'dĩ-tu-ro,Phonemic,"latch, door-bolt",,,,
7-221-257-1,tuyu1244,Tuyuca,80,bo'ta,Phonemic,"doorpost, jamb",,Applies to any post.,,
7-210-257-1,tuyu1244,Tuyuca,1450,[sa'wi],Phonemic,room,,From Port. 'chave' (key). 07.240.,,
7-220-257-1,tuyu1244,Tuyuca,1567,so'pe,Phonemic,"door, gate",,Respectively: doorway; door. *TUC-BRS-TYC form is *so'pe.,,
7-220-257-3,tuyu1244,Tuyuca,1567,so'pe-pãbã,Phonemic,"door, gate",,Respectively: doorway; door. *TUC-BRS-TYC form is *so'pe.,,
7-170-257-1,tuyu1244,Tuyuca,334,[kũũ'sĩã],Phonemic,cookhouse,,From Portuguese 'cozinha'.,,
7-131-257-1,tuyu1244,Tuyuca,403,wii-'pĩ,Phonemic,garden-house,,,,
7-130-257-1,tuyu1244,Tuyuca,1678,kãdĩ-'ri-wi,Phonemic,hut,,,,
7-120-257-1,tuyu1244,Tuyuca,1252,wi'i,Phonemic,house,,*TUC-BRS-TYC form is *wiʔi.,,
7-110-257-1,tuyu1244,Tuyuca,363,dĩ'ĩ,Phonemic,"dwell, live",,,,
6-960-257-1,tuyu1244,Tuyuca,1171,ẽyõ-'rõ,Phonemic,mirror,,,,
6-950-257-1,tuyu1244,Tuyuca,788,[sa'bo],Phonemic,soap,,From Portuguese 'sabão'.,,
6-930-257-1,tuyu1244,Tuyuca,151,ɨ'sepoa pede-'re,Phonemic,razor,,,,
6-921-257-1,tuyu1244,Tuyuca,333,'poa-yãpõ,Phonemic,braid,,,,
6-910-257-1,tuyu1244,Tuyuca,1475,ki'i-ro,Phonemic,comb,,,,
6-780-257-1,tuyu1244,Tuyuca,330,pesa-'re,Phonemic,"headband, headdress",,,,
6-770-257-1,tuyu1244,Tuyuca,770,kãbõ'pero yosa-'re,Phonemic,earring,,,,
6-760-257-1,tuyu1244,Tuyuca,1860,yã'kẽ,Phonemic,bead,,,,
6-750-257-1,tuyu1244,Tuyuca,1961,bɨ'sa-ri-da,Phonemic,necklace,,,,
6-730-257-1,tuyu1244,Tuyuca,1374,wãbõ-'sã-ri-beto,Phonemic,ring (for finger),,,,
6-710-257-1,tuyu1244,Tuyuca,917,bã'bõ-rẽ,Phonemic,"ornament, adornment",,,,
6-620-257-1,tuyu1244,Tuyuca,757,[bũ'tũ-pe],Phonemic,button,,From Portuguese 'botão'.,,
6-610-257-1,tuyu1244,Tuyuca,1851,suti-'po,Phonemic,pocket,,,,
6-570-257-1,tuyu1244,Tuyuca,772,[situ'rũ-da],Phonemic,"belt, girdle",,From Portuguese 'cinturão'.,,
6-550-257-1,tuyu1244,Tuyuca,2130,[sa'pea],Phonemic,"hat, cap",,From Portuguese 'chapéu'.,,
6-510-257-1,tuyu1244,Tuyuca,1381,[sa'patu],Phonemic,shoe,,From Portuguese 'sapato'.,,
6-520-257-1,tuyu1244,Tuyuca,585,[sa'patu],Phonemic,boot,,From Portuguese 'sapato'.,,
6-480-257-1,tuyu1244,Tuyuca,809,[si'rura],Phonemic,trousers,,From Portuguese 'ceroulas'.,,
6-460-257-1,tuyu1244,Tuyuca,1600,['saya],Phonemic,skirt,,From Portuguese 'saia'.,,
6-440-257-1,tuyu1244,Tuyuca,1622,[ka'bĩsa],Phonemic,shirt,,From Portuguese 'camisa'.,,
6-420-257-1,tuyu1244,Tuyuca,474,suti-'ro,Phonemic,woman's dress,,,,
6-390-257-1,tuyu1244,Tuyuca,157,yĩĩbĩ-'õ,Phonemic,dye,,,,
6-380-257-1,tuyu1244,Tuyuca,1161,yu'ta,Phonemic,thread,,,,
6-360-257-1,tuyu1244,Tuyuca,1382,a'wi,Phonemic,needle,,,,
6-350-257-1,tuyu1244,Tuyuca,1457,he'e,Phonemic,sew,,,,
6-340-257-1,tuyu1244,Tuyuca,1787,'paa-tu-ro,Phonemic,loom,,,,
6-330-257-1,tuyu1244,Tuyuca,133,su'a,Phonemic,weave,,,,
6-310-257-1,tuyu1244,Tuyuca,121,hõ'ẽ,Phonemic,spin,,,,
6-290-257-1,tuyu1244,Tuyuca,629,kase-'ro,Phonemic,leather,,Also means 'skin' 04.120.,,
6-280-257-1,tuyu1244,Tuyuca,580,'poa,Phonemic,fur,,,,
6-240-257-1,tuyu1244,Tuyuca,1850,bu'sa,Phonemic,cotton,,,,
6-210-257-1,tuyu1244,Tuyuca,1616,suti-ro-'pĩ,Phonemic,cloth,,,,
6-120-257-1,tuyu1244,Tuyuca,1895,su'ti,Phonemic,"clothing, clothes",,,,
6-110-257-1,tuyu1244,Tuyuca,158,sã'yã,Phonemic,put on (clothes),,,,
5-970-257-1,tuyu1244,Tuyuca,744,di'ye,Phonemic,egg,,,,
5-940-257-1,tuyu1244,Tuyuca,404,peyu'ru,Phonemic,fermented drink,,,,
5-930-257-1,tuyu1244,Tuyuca,1639,peyu'ru,Phonemic,beer,,,,
5-900-257-1,tuyu1244,Tuyuca,731,sĩdĩ-'re,Phonemic,"beverage, drink",,,,
5-870-257-1,tuyu1244,Tuyuca,93,bi'pe,Phonemic,milk (vb),,,,
5-850-257-1,tuyu1244,Tuyuca,862,kã'dɨ̃-weta,Phonemic,sugar,,,,
5-860-257-1,tuyu1244,Tuyuca,635,õpẽ-'ko,Phonemic,milk (noun),,,,
5-840-257-1,tuyu1244,Tuyuca,942,bũ'bĩã-oko,Phonemic,honey,,,,
5-821-257-1,tuyu1244,Tuyuca,919,'bia,Phonemic,chili pepper,,*TUC-BRS-TYC form is *bia.,,
5-810-257-1,tuyu1244,Tuyuca,1274,'bõã,Phonemic,salt,,*TUC-BRS-TYC form is *bõã.,,
5-791-257-1,tuyu1244,Tuyuca,323,ɨ'se,Phonemic,"grease, fat",,,,
5-790-257-1,tuyu1244,Tuyuca,1484,ɨ'se,Phonemic,oil,,,,
5-760-257-1,tuyu1244,Tuyuca,920,ɨ'se,Phonemic,grape,,Refers to 'tree grapes'.,,
5-712-257-1,tuyu1244,Tuyuca,1966,-tõ,Phonemic,bunch,,,,
5-710-257-1,tuyu1244,Tuyuca,1507,dɨ'ka,Phonemic,fruit,,*TUC-BRS-TYC form is *dɨ'ka.,,
5-660-257-1,tuyu1244,Tuyuca,832,[pi'rihori],Phonemic,bean,,From Spanish 'frijol'.,,
5-650-257-1,tuyu1244,Tuyuca,924,o'te-dɨka,Phonemic,vegetables,,,,
5-640-257-1,tuyu1244,Tuyuca,1547,'waikɨ-oko,Phonemic,"soup, broth",,,,
5-610-257-1,tuyu1244,Tuyuca,634,dii-'ro,Phonemic,meat,,,,
5-590-257-1,tuyu1244,Tuyuca,225,doka-'ri-gɨ,Phonemic,pestle,,,,
5-580-257-1,tuyu1244,Tuyuca,224,doka-'ri-ga,Phonemic,mortar (2),,,,
5-570-257-1,tuyu1244,Tuyuca,636,wãyĩã-'rõ,Phonemic,mill,,,,
5-560-257-1,tuyu1244,Tuyuca,1033,do'ka,Phonemic,"crush, grind",,,,
5-550-257-1,tuyu1244,Tuyuca,1594,po'ka,Phonemic,"meal, flour",,*TUC-BRS-TYC form is *poʔ'ka.,,
5-510-257-1,tuyu1244,Tuyuca,1368,'wɨabe,Phonemic,bread,,Cassava bread.,,
5-490-257-1,tuyu1244,Tuyuca,2017,'wɨo,Phonemic,"stir, mix",,,,
5-480-257-1,tuyu1244,Tuyuca,1767,wɨ'a,Phonemic,scrape,,,,
5-470-257-1,tuyu1244,Tuyuca,86,yɨɨ'se,Phonemic,"sieve, strain",,,,
5-460-257-1,tuyu1244,Tuyuca,275,pã'dẽ,Phonemic,peel,,,,
5-430-257-1,tuyu1244,Tuyuca,768,soto'a-yaa-re,Phonemic,lunch,,,,
5-420-257-1,tuyu1244,Tuyuca,1322,ya'a-wãkã-re,Phonemic,breakfast,,,,
5-410-257-1,tuyu1244,Tuyuca,1526,yaa-'re,Phonemic,meal (a),,,,
5-391-257-1,tuyu1244,Tuyuca,272,dɨpo-'yẽ-re,Phonemic,tongs,,,,
5-380-257-1,tuyu1244,Tuyuca,1352,wide-'ri-pĩ,Phonemic,knife (2),,,,
5-370-257-1,tuyu1244,Tuyuca,1378,[ku'sara],Phonemic,spoon,,From Spanish 'cuchara'.,,
5-360-257-1,tuyu1244,Tuyuca,271,ba'pa,Phonemic,saucer,,,,
5-350-257-1,tuyu1244,Tuyuca,476,ba'pa,Phonemic,"cup, drinking vessel",,,,
5-330-257-1,tuyu1244,Tuyuca,1530,ba'pa,Phonemic,bowl,,,,
5-340-257-1,tuyu1244,Tuyuca,270,so'tɨ,Phonemic,"pitcher, jug",,,,
5-320-257-1,tuyu1244,Tuyuca,480,-sida,Phonemic,plate,,,,
5-310-257-1,tuyu1244,Tuyuca,481,ba'pa,Phonemic,dish,,,,
5-280-257-1,tuyu1244,Tuyuca,31,so'tɨ-kɨ-rɨ,Phonemic,pan,,Means large clay pot for storing homemade alcoholic drinks.,,
5-260-257-1,tuyu1244,Tuyuca,1462,dii-'rɨ,Phonemic,"pot, cooking vessel",,Lit. 'clay-pot' 09.730.,,
5-270-257-1,tuyu1244,Tuyuca,854,kõbẽ-'rɨ,Phonemic,kettle,,Lit. 'metal-pot' 09.670.,,
5-230-257-1,tuyu1244,Tuyuca,2146,kããrĩ'õ,Phonemic,"roast, fry",,,,
5-220-257-1,tuyu1244,Tuyuca,792,wɨ'ga,Phonemic,boil (vb),,,,
5-210-257-1,tuyu1244,Tuyuca,1100,do'a,Phonemic,cook,,,,
5-190-257-1,tuyu1244,Tuyuca,129,hu'udũrĩã,Phonemic,choke,,,,
5-181-257-1,tuyu1244,Tuyuca,897,'uyu,Phonemic,swallow,,,,
5-180-257-1,tuyu1244,Tuyuca,321,ya'ge,Phonemic,chew,,,,
5-160-257-1,tuyu1244,Tuyuca,1421,ũ'pũ,Phonemic,suck,,,,
5-150-257-1,tuyu1244,Tuyuca,848,'wɨo,Phonemic,thirst,,,,
5-141-257-1,tuyu1244,Tuyuca,199,hɨa'boa-re,Phonemic,famine,,,,
5-140-257-1,tuyu1244,Tuyuca,1864,hɨa'boa,Phonemic,hunger,,,,
5-130-257-1,tuyu1244,Tuyuca,1401,sĩ'dĩ,Phonemic,drink,,*TUC-BRS-TYC form is *sĩdĩ.,,
5-125-257-1,tuyu1244,Tuyuca,1728,'boa,Phonemic,rotten,,,,
5-124-257-1,tuyu1244,Tuyuca,1958,sɨ̃bẽ-'re,Phonemic,"green, unripe",,,,
5-123-257-1,tuyu1244,Tuyuca,178,buti-'re,Phonemic,ripe,,,,
5-122-257-1,tuyu1244,Tuyuca,1959,kati-'re,Phonemic,raw,,,,
5-121-257-1,tuyu1244,Tuyuca,269,doa-'re,Phonemic,cooked,,,,
5-120-257-1,tuyu1244,Tuyuca,256,yaa-'re,Phonemic,food,,,,
5-110-257-1,tuyu1244,Tuyuca,1336,ya'a,Phonemic,eat,,*TUC-BRS-TYC form is *baʔa / *yaʔa.,,
4-990-257-1,tuyu1244,Tuyuca,590,suti-bã'dĩ-gɨ̃,Phonemic,"naked, bare",,Masc. form.,,
4-970-257-1,tuyu1244,Tuyuca,1653,ĩ'yã-ẽ-gɨ̃,Phonemic,blind,,Masc. form.,,
4-980-257-1,tuyu1244,Tuyuca,1463,kũbũ-'gɨ̃,Phonemic,intoxicated,,Masc. form.,,
4-960-257-1,tuyu1244,Tuyuca,1666,we'dese-e-gɨ,Phonemic,mute,,Masc. form.,,
4-950-257-1,tuyu1244,Tuyuca,996,tɨo-'e-gɨ,Phonemic,deaf,,Masc. form.,,
4-930-257-1,tuyu1244,Tuyuca,1125,du'pu-watea,Phonemic,bald,,,,
4-940-257-1,tuyu1244,Tuyuca,320,-yuriro,Phonemic,lame,,,,
4-920-257-1,tuyu1244,Tuyuca,1564,da'de,Phonemic,lazy,,,,
4-912-257-1,tuyu1244,Tuyuca,168,ye'e-ri-sã,Phonemic,rest,,,,
4-910-257-1,tuyu1244,Tuyuca,1757,'paasɨti,Phonemic,"tired, weary",,,,
4-890-257-1,tuyu1244,Tuyuca,655,dĩ'bã,Phonemic,poison,,,,
4-880-257-1,tuyu1244,Tuyuca,1372,ɨ'ko,Phonemic,"medicine, drug",,,,
4-870-257-1,tuyu1244,Tuyuca,597,ɨ'ko-ti-gɨ,Phonemic,physician,,,,
4-860-257-1,tuyu1244,Tuyuca,499,dẽ'tõ,Phonemic,"cure, heal",,,,
4-858-257-1,tuyu1244,Tuyuca,497,kã'bĩ-rõ dĩ'ĩ-ri-ro,Phonemic,scar,,,,
4-857-257-1,tuyu1244,Tuyuca,1808,bũsũ-'rĩ,Phonemic,pus,,,,
4-856-257-1,tuyu1244,Tuyuca,793,bipi-'ri-ga,Phonemic,boil (noun),,,,
4-855-257-1,tuyu1244,Tuyuca,1584,'puu-woroa-re,Phonemic,blister,,,,
4-854-257-1,tuyu1244,Tuyuca,148,wãkĩ-'re,Phonemic,itch,,,,
4-853-257-1,tuyu1244,Tuyuca,1903,bipi-'re,Phonemic,swelling,,*TUC-BRS-TYC form is *bipi- / *bĩpĩ-.,,
4-852-257-1,tuyu1244,Tuyuca,1148,yĩbĩ're,Phonemic,bruise,,,,
4-850-257-1,tuyu1244,Tuyuca,1109,kã'bĩ-rõ,Phonemic,"wound, sore",,,,
4-843-257-1,tuyu1244,Tuyuca,102,ẽ'yõ,Phonemic,cold (catarrh),,Means 'mucus' 04.232.,,
4-841-257-1,tuyu1244,Tuyuca,1534,wio-'re,Phonemic,fever,,,,
4-840-257-1,tuyu1244,Tuyuca,1847,dia-'re,Phonemic,"sick, sickness",,,,
4-830-257-1,tuyu1244,Tuyuca,1364,di'a-re-bãdĩ,Phonemic,"well, health",,Lit. 'sickness-not.have'.,,
4-820-257-1,tuyu1244,Tuyuca,1601,tu'tu-e,Phonemic,weak,,,,
4-810-257-1,tuyu1244,Tuyuca,785,tu'tua,Phonemic,"strong, mighty, powerful",,,,
4-790-257-1,tuyu1244,Tuyuca,1773,bã'sã-kope,Phonemic,"grave, tomb",,,,
4-780-257-1,tuyu1244,Tuyuca,1719,ya'a,Phonemic,bury (the dead),,,,
4-770-257-1,tuyu1244,Tuyuca,767,di'a-ri-gɨ,Phonemic,corpse,,Masc. form.,,
4-760-257-1,tuyu1244,Tuyuca,1417,sĩ'ã,Phonemic,kill,,,,
4-751-257-1,tuyu1244,Tuyuca,1904,du'a,Phonemic,drowned,,,,
4-750-257-1,tuyu1244,Tuyuca,1494,di'a,Phonemic,"die, dead",,,,
4-740-257-1,tuyu1244,Tuyuca,1422,dĩ'ĩ,Phonemic,"live, living, life",,,,
4-732-257-1,tuyu1244,Tuyuca,1087,dĩĩ-pa'ko dĩ'ĩ-dɨ̃kã,Phonemic,conceive,,,,
4-730-257-1,tuyu1244,Tuyuca,1123,dĩĩ-pa'ko,Phonemic,pregnant,,,,
4-720-257-1,tuyu1244,Tuyuca,1090,bau'a,Phonemic,born (to be),,,,
4-710-257-1,tuyu1244,Tuyuca,1152,põdã-kɨ'ti,Phonemic,beget (of father),,,,
4-690-257-1,tuyu1244,Tuyuca,138,ku'sa,Phonemic,bathe,,,,
4-680-257-1,tuyu1244,Tuyuca,52,yã'põpĩ,Phonemic,shiver,,,,
4-670-257-1,tuyu1244,Tuyuca,1785,a'pape,Phonemic,have sexual intercourse,,,,
4-660-257-1,tuyu1244,Tuyuca,676,kɨ̃'dã,Phonemic,defecate,,,,
4-650-257-1,tuyu1244,Tuyuca,592,kõ'dẽ,Phonemic,urinate,,,,
4-640-257-1,tuyu1244,Tuyuca,1159,a'i,Phonemic,break wind,,,,
4-630-257-1,tuyu1244,Tuyuca,1602,wã'kã,Phonemic,wake up,,,,
4-620-257-1,tuyu1244,Tuyuca,1920,kẽ'ẽ,Phonemic,dream,,,,
4-612-257-1,tuyu1244,Tuyuca,1983,ũ'dĩ,Phonemic,snore,,,,
4-610-257-1,tuyu1244,Tuyuca,1585,kã'dĩ,Phonemic,sleep,,*TUC-BRS-TYC form is *kãdĩ.,,
4-591-257-1,tuyu1244,Tuyuca,268,ta'bi,Phonemic,dribble,,,,
4-590-257-1,tuyu1244,Tuyuca,319,dẽ'dĩ,Phonemic,lick,,,,
4-580-257-1,tuyu1244,Tuyuca,1403,ba'ka,Phonemic,bite,,,,
4-570-257-1,tuyu1244,Tuyuca,1278,ɨ'soti,Phonemic,vomit,,,,
4-560-257-1,tuyu1244,Tuyuca,1440,eo-,Phonemic,spit,,Respectively: verb root; noun form. *TUC-BRS-TYC form is *ɨʔseko.,,
4-560-257-3,tuyu1244,Tuyuca,1440,ɨse'ko,Phonemic,spit,,Respectively: verb root; noun form. *TUC-BRS-TYC form is *ɨʔseko.,,
4-550-257-1,tuyu1244,Tuyuca,126,aso'ti,Phonemic,perspire,,,,
4-540-257-1,tuyu1244,Tuyuca,1621,ãsĩ'ã,Phonemic,sneeze,,,,
4-530-257-1,tuyu1244,Tuyuca,879,sa'ti,Phonemic,cough,,,,
4-521-257-1,tuyu1244,Tuyuca,162,yoo-'gɨ,Phonemic,hiccough,,The hiccough is considered a masculine being.,,
4-520-257-1,tuyu1244,Tuyuca,1028,yari'bi,Phonemic,"yawn, gape",,,,
4-510-257-1,tuyu1244,Tuyuca,1407,ye'e-ri-sã,Phonemic,"breathe, breath",,,,
4-492-257-1,tuyu1244,Tuyuca,1222,se'yua,Phonemic,penis,,,,
4-490-257-1,tuyu1244,Tuyuca,797,wa'pe-ri-butu,Phonemic,testicle,,,,
4-470-257-1,tuyu1244,Tuyuca,804,wĩ'bɨ̃ sãyã-'ri-suti-ro,Phonemic,womb,,,,
4-464-257-1,tuyu1244,Tuyuca,834,'siiga,Phonemic,buttocks,,,,
4-463-257-1,tuyu1244,Tuyuca,1745,'siiga,Phonemic,hip,,,,
4-461-257-1,tuyu1244,Tuyuca,1991,kɨta-bĩ'sĩ,Phonemic,"intestines, guts",,*TUC-BRS-TYC form is *gɨʔta.bĩsĩ.,,
4-460-257-1,tuyu1244,Tuyuca,819,'paaga,Phonemic,stomach,,*TUC-BRS-TYC form is *paa.ga.,,
4-450-257-1,tuyu1244,Tuyuca,1224,yẽbẽ-di'ti,Phonemic,liver,,,,
4-441-257-1,tuyu1244,Tuyuca,688,bɨ'kɨ-yẽbẽ-diti,Phonemic,lung,,,,
4-440-257-1,tuyu1244,Tuyuca,1223,ye'e-ri-pũdã,Phonemic,heart,,*TUC-BRS-TYC form is *yehe.di-.,,
4-430-257-1,tuyu1244,Tuyuca,1838,sũ'bũã-pe-ro,Phonemic,navel,,,,
4-420-257-1,tuyu1244,Tuyuca,154,õ'pẽã,Phonemic,udder,,,,
4-412-257-1,tuyu1244,Tuyuca,796,õ'pẽã-yãkõ,Phonemic,"nipple, teat",,,,
4-410-257-1,tuyu1244,Tuyuca,1402,õ'pẽã,Phonemic,breast (of woman),,*TUC-BRS-TYC form is *õpẽ-.,,
4-400-257-1,tuyu1244,Tuyuca,1592,ku'ti-ro,Phonemic,chest,,,,
4-393-257-1,tuyu1244,Tuyuca,1201,'poa,Phonemic,feather,,Also means 'hair' 04.140.,,
4-392-257-1,tuyu1244,Tuyuca,1257,'wɨɨ-ro,Phonemic,wing,,Latter example is dialect variant.,,
4-392-257-3,tuyu1244,Tuyuca,1257,'kee-dɨpɨ,Phonemic,wing,,Latter example is dialect variant.,,
4-380-257-1,tuyu1244,Tuyuca,1389,dɨpo'sũã,Phonemic,toe,,,,
4-374-257-1,tuyu1244,Tuyuca,318,dɨ'po,Phonemic,footprint,,,,
4-372-257-1,tuyu1244,Tuyuca,980,dɨpo'sia,Phonemic,heel,,,,
4-371-257-1,tuyu1244,Tuyuca,803,ã'yã-kobea,Phonemic,ankle,,,,
4-370-257-1,tuyu1244,Tuyuca,1301,dɨ'po,Phonemic,foot,,*TUC-BRS-TYC form is *dɨʔpo.,,
4-360-257-1,tuyu1244,Tuyuca,1371,yĩ'kã-kobea,Phonemic,knee,,,,
4-352-257-1,tuyu1244,Tuyuca,498,yĩ'kã-di-ga,Phonemic,calf of leg,,,,
4-351-257-1,tuyu1244,Tuyuca,800,ɨse-be'to,Phonemic,thigh,,,,
4-350-257-1,tuyu1244,Tuyuca,1297,yĩ'kã,Phonemic,leg,,*TUC-BRS-TYC form is *yĩkã / *yẽkã.,,
4-345-257-1,tuyu1244,Tuyuca,72,wãbõ-'se-ro,Phonemic,claw,,,,
4-344-257-1,tuyu1244,Tuyuca,1258,wãbõ-'se-ro,Phonemic,fingernail,,*TUC-BRS-TYC form is *ãbõ.kase.do / *wãbõ.kase.do.,,
4-342-257-1,tuyu1244,Tuyuca,1781,pai-'ri-ga,Phonemic,thumb,,Lit. 'large-inanimate-3D.object'.,,
4-340-257-1,tuyu1244,Tuyuca,1303,wãbõ-'sũã,Phonemic,finger,,,,
4-331-257-1,tuyu1244,Tuyuca,1183,wã'bõ-kuti-ro,Phonemic,palm of hand,,,,
4-330-257-1,tuyu1244,Tuyuca,1277,wã'bõ-pãbã,Phonemic,hand,,,,
4-320-257-1,tuyu1244,Tuyuca,981,wã'bõ-kobea,Phonemic,elbow,,,,
4-312-257-1,tuyu1244,Tuyuca,1886,'keeroka,Phonemic,armpit,,,,
4-310-257-1,tuyu1244,Tuyuca,1673,wã'bõ,Phonemic,arm,,*TUC-BRS-TYC form is *ãbõ / *wãbõ.,,
4-300-257-1,tuyu1244,Tuyuca,1482,ã'kõ-rõ,Phonemic,shoulder,,,,
4-290-257-1,tuyu1244,Tuyuca,1346,wãbɨ̃-ko'pe,Phonemic,throat,,,,
4-281-257-1,tuyu1244,Tuyuca,1347,wãbɨ̃dɨ̃'kõ,Phonemic,nape of neck,,,,
4-280-257-1,tuyu1244,Tuyuca,1333,wãbɨ̃dɨ̃'kõ,Phonemic,neck,,,,
4-272-257-1,tuyu1244,Tuyuca,1049,u'pi,Phonemic,molartooth,,,,
4-270-257-1,tuyu1244,Tuyuca,1380,u'pi,Phonemic,tooth,,*TUC-BRS-TYC form is *upi.,,
4-271-257-1,tuyu1244,Tuyuca,139,u'pi-kũbũ,Phonemic,gums,,,,
4-260-257-1,tuyu1244,Tuyuca,1205,yẽ'bẽ-rõ,Phonemic,tongue,,*TUC-BRS-TYC form is *yẽʔbẽ.dõ.,,
4-250-257-1,tuyu1244,Tuyuca,478,ɨ'se-ro-beto,Phonemic,lip,,,,
4-241-257-1,tuyu1244,Tuyuca,73,ẽ'kẽã,Phonemic,beak,,Also means 'nose' 04.230.,,
4-240-257-1,tuyu1244,Tuyuca,674,ɨ'se-ro,Phonemic,mouth,,*TUC-BRS-TYC form is *ɨse.do.,,
4-232-257-1,tuyu1244,Tuyuca,208,ẽ'yõ,Phonemic,mucus (nasal),,,,
4-231-257-1,tuyu1244,Tuyuca,1178,ẽkẽ-ko'pe,Phonemic,nostril,,Lit. 'nose-hole'.,,
4-230-257-1,tuyu1244,Tuyuca,1221,ẽ'kẽã,Phonemic,nose,,Also means 'beak' 04.241. *TUC-BRS-TYC form is *ẽʔkẽ.ã/ ĩʔkĩ.ã.,,
4-221-257-1,tuyu1244,Tuyuca,18,kãbõ'pe-ro pɨ'ɨto,Phonemic,earlobe,,,,
4-220-257-1,tuyu1244,Tuyuca,1247,kãbõ'pe-ro,Phonemic,ear,,*TUC-BRS-TYC form is *gãʔbõ.pedo/ *gõʔbẽ.pedo.,,
4-215-257-1,tuyu1244,Tuyuca,1655,bi'bita,Phonemic,blink,,,,
4-214-257-1,tuyu1244,Tuyuca,1540,ka'pe-poa,Phonemic,eyelash,,,,
4-213-257-1,tuyu1244,Tuyuca,17,ka'pea-suti-ro,Phonemic,eyelid,,Lit. 'eye-clothing' 06.120.,,
4-212-257-1,tuyu1244,Tuyuca,1173,kape-'wẽ-rĩ,Phonemic,eyebrow,,,,
4-210-257-1,tuyu1244,Tuyuca,1248,ka'pea,Phonemic,eye,,*TUC-BRS-TYC form is *kape-.,,
4-208-257-1,tuyu1244,Tuyuca,1730,waso'pu-ro,Phonemic,cheek,,,,
4-209-257-1,tuyu1244,Tuyuca,1510,ɨ'se-wɨ,Phonemic,chin,,*TUC-BRS-TYC form is *ɨse-.,,
4-207-257-1,tuyu1244,Tuyuca,798,ɨ'se-wɨ,Phonemic,jaw,,,,
4-204-257-1,tuyu1244,Tuyuca,1560,dia'poa,Phonemic,face,,,,
4-203-257-1,tuyu1244,Tuyuca,1583,ka'i,Phonemic,brain,,,,
4-202-257-1,tuyu1244,Tuyuca,1605,du'pua-koro,Phonemic,skull,,,,
4-200-257-1,tuyu1244,Tuyuca,1256,du'pu,Phonemic,head,,*TUC-BRS-TYC form is *dɨpu-.,,
4-191-257-1,tuyu1244,Tuyuca,805,suku'pĩdã-kõã,Phonemic,spine,,,,
4-190-257-1,tuyu1244,Tuyuca,1291,suku'bi-ro,Phonemic,back,,,,
4-180-257-1,tuyu1244,Tuyuca,1220,pĩ'kõõ,Phonemic,tail,,*TUC-BRS-TYC form is *pĩkõ.dõ / *pikõ.dõ.,,
4-170-257-1,tuyu1244,Tuyuca,1393,kape'sa-ro,Phonemic,horn,,,,
4-162-257-1,tuyu1244,Tuyuca,801,wa'ru,Phonemic,rib,,,,
4-160-257-1,tuyu1244,Tuyuca,1394,kõ'ã,Phonemic,bone,,*TUC-BRS-TYC form is *gõʔã.,,
4-151-257-1,tuyu1244,Tuyuca,525,'waa-da,Phonemic,"vein, artery",,,,
4-150-257-1,tuyu1244,Tuyuca,946,'dii,Phonemic,blood,,*TUC-BRS-TYC form is *dii.,,
4-146-257-1,tuyu1244,Tuyuca,576,du'pu-wati,Phonemic,dandruff,,,,
4-145-257-1,tuyu1244,Tuyuca,36,'poa,Phonemic,pubic hair,,,,
4-144-257-1,tuyu1244,Tuyuca,189,'poa,Phonemic,body hair,,,,
4-142-257-1,tuyu1244,Tuyuca,678,ɨ'se-poa,Phonemic,beard,,,,
4-140-257-1,tuyu1244,Tuyuca,1040,'poa,Phonemic,hair (head),,Also means 'feather' 04.393. *TUC-BRS-TYC form is *poa.,,
4-130-257-1,tuyu1244,Tuyuca,2259,dii-'ro,Phonemic,flesh,,,,
4-120-257-1,tuyu1244,Tuyuca,763,kase-'ro,Phonemic,"skin, hide",,*TUC-BRS-TYC form is *kase.do.,,
4-110-257-1,tuyu1244,Tuyuca,1480,õ'pɨ̃ɨ̃,Phonemic,body,,,,
3-980-257-1,tuyu1244,Tuyuca,112,'kuu,Phonemic,turtle,,*TUC-BRS-TYC form is *guu.,,
3-970-257-1,tuyu1244,Tuyuca,1857,ɨ'so,Phonemic,"crocodile, alligator",,,,
3-960-257-1,tuyu1244,Tuyuca,632,yua'sõ,Phonemic,lizard,,*TUC-BRS-TYC form is *yua.sõ.,,
3-950-257-1,tuyu1244,Tuyuca,503,õ'bãã,Phonemic,frog,,Refers to an edible frog (plural). No general term.,,
3-940-257-1,tuyu1244,Tuyuca,1543,sɨ̃'ɨ̃,Phonemic,snail,,,,
3-930-257-1,tuyu1244,Tuyuca,607,ye'sero,Phonemic,grasshopper,,,,
3-920-257-1,tuyu1244,Tuyuca,1791,bõ'bõrõ,Phonemic,butterfly,,,,
3-910-257-1,tuyu1244,Tuyuca,206,kee'ro,Phonemic,firefly,,,,
3-850-257-1,tuyu1244,Tuyuca,730,ã'yã,Phonemic,snake,,*TUC-BRS-TYC form is *ãyã.,,
3-840-257-1,tuyu1244,Tuyuca,1219,ãũã'wɨ̃,Phonemic,worm,,Respectively: sing.; plural form.,,
3-840-257-3,tuyu1244,Tuyuca,1219,ãũ'ã,Phonemic,worm,,Respectively: sing.; plural form.,,
3-832-257-1,tuyu1244,Tuyuca,1509,bɨ̃'tẽãwɨ̃,Phonemic,mosquito,,Respectively: sing.; plural. *TUC-BRS-TYC form is *bɨ̃tẽ-.,,
3-832-257-3,tuyu1244,Tuyuca,1509,bɨ̃'tẽã,Phonemic,mosquito,,Respectively: sing.; plural. *TUC-BRS-TYC form is *bɨ̃tẽ-.,,
3-831-257-1,tuyu1244,Tuyuca,95,wĩyã'wɨ̃,Phonemic,"sandfly (midge), gnat",,Respectively: sing.; plural.,,
3-831-257-3,tuyu1244,Tuyuca,95,wĩ'yã,Phonemic,"sandfly (midge), gnat",,Respectively: sing.; plural.,,
3-830-257-1,tuyu1244,Tuyuca,1504,wĩ'yã pa'ka-ra,Phonemic,fly,,Lit. 'gnats large'.,,
3-823-257-1,tuyu1244,Tuyuca,1517,utia'wɨ̃,Phonemic,wasp,,Respectively: sing.; plural form.,,
3-823-257-3,tuyu1244,Tuyuca,1517,uti'a,Phonemic,wasp,,Respectively: sing.; plural form.,,
3-822-257-1,tuyu1244,Tuyuca,88,bũ'bĩã-tuti,Phonemic,beehive,,,,
3-821-257-1,tuyu1244,Tuyuca,1931,bũ'bĩã-kɨta,Phonemic,beeswax,,Lit. 'bee-secretion'.,,
3-820-257-1,tuyu1244,Tuyuca,665,bũ'bĩã-wɨ̃,Phonemic,bee,,Respectively: sing.; plural form.,,
3-820-257-3,tuyu1244,Tuyuca,665,bũ'bĩã,Phonemic,bee,,Respectively: sing.; plural form.,,
3-819-257-1,tuyu1244,Tuyuca,1065,bɨ'pɨ-wa,Phonemic,spider web,,,,
3-818-257-1,tuyu1244,Tuyuca,843,bɨ'pɨ,Phonemic,spider,,*TUC-BRS-TYC form is *bɨpɨ.,,
3-817-257-1,tuyu1244,Tuyuca,587,pe'ta,Phonemic,ant,,"Respectively: 'conga' ant; a large, edible ant. No general term.",,
3-817-257-3,tuyu1244,Tuyuca,587,bẽ'kã,Phonemic,ant,,"Respectively: 'conga' ant; a large, edible ant. No general term.",,
3-816-257-1,tuyu1244,Tuyuca,1575,kasi'awɨ̃,Phonemic,cockroach,,Respectively: sing.; plural.,,
3-816-257-3,tuyu1244,Tuyuca,1575,kasi'a,Phonemic,cockroach,,Respectively: sing.; plural.,,
3-815-257-1,tuyu1244,Tuyuca,1538,ku'tiapa,Phonemic,scorpion,,,,
3-814-257-1,tuyu1244,Tuyuca,1974,bũ'dĩ,Phonemic,centipede,,,,
3-813-257-1,tuyu1244,Tuyuca,232,dõkẽã-'wɨ̃,Phonemic,flea,,Respectively: sing.; plural. *TUC-BRS-TYC form is *dɨ̃ʔkõẽ / *dũkẽ / *dõkẽ-.,,
3-813-257-3,tuyu1244,Tuyuca,232,dõkẽ'ã,Phonemic,flea,,Respectively: sing.; plural. *TUC-BRS-TYC form is *dɨ̃ʔkõẽ / *dũkẽ / *dõkẽ-.,,
3-812-257-1,tuyu1244,Tuyuca,267,'kia-diye-ri,Phonemic,nit (louse egg),,Lit. 'lice-egg-plural.,,
3-811-257-1,tuyu1244,Tuyuca,1392,'kia-wɨ̃,Phonemic,louse,,Respectively: sing.; plural form. *TUC-BRS-TYC form is *giʔia.,,
3-811-257-3,tuyu1244,Tuyuca,1392,'kia,Phonemic,louse,,Respectively: sing.; plural form. *TUC-BRS-TYC form is *giʔia.,,
3-760-257-1,tuyu1244,Tuyuca,1350,a'ke,Phonemic,monkey,,*TUC-BRS-TYC form is *a'ke; 'howler m.' is *ẽbõ.,,
3-750-257-1,tuyu1244,Tuyuca,1936,yã'bã,Phonemic,deer,,*TUC-BRS-TYC form is *yãbã.,,
3-665-257-1,tuyu1244,Tuyuca,1013,sã'ã,Phonemic,freshwater eel,,,,
3-664-257-1,tuyu1244,Tuyuca,1910,ã'yã-kase-ro,Phonemic,stingray,,,,
3-662-257-1,tuyu1244,Tuyuca,1479,o'ko-puti-bate-gɨ,Phonemic,"porpoise, dolphin",,"Means 'one who blows, dispersing water'.",,
3-655-257-1,tuyu1244,Tuyuca,598,-koro,Phonemic,shell,,"Suffixed to: turtle, armadillo, head, certain palm tree, etc., to indicate a hard outer covering.",,
3-654-257-1,tuyu1244,Tuyuca,1916,wã'bɨ̃ãtõkõrõ,Phonemic,gill,,,,
3-653-257-1,tuyu1244,Tuyuca,266,dɨ̃tɨ̃'rõ,Phonemic,fishscale,,,,
3-652-257-1,tuyu1244,Tuyuca,213,wa'i waa're,Phonemic,fin (dorsal),,,,
3-650-257-1,tuyu1244,Tuyuca,227,wa'i-wɨ̃,Phonemic,fish,,Respectively: sing.; plural. *TUC-BRS-TYC form is *waʔi.,,
3-650-257-3,tuyu1244,Tuyuca,227,wa'i,Phonemic,fish,,Respectively: sing.; plural. *TUC-BRS-TYC form is *waʔi.,,
3-630-257-1,tuyu1244,Tuyuca,2139,wĩ'ĩpɨtɨ,Phonemic,"mouse, rat",,,,
3-622-257-1,tuyu1244,Tuyuca,309,o'a,Phonemic,opossum,,,,
3-620-257-1,tuyu1244,Tuyuca,1208,[pi'sadã],Phonemic,cat,,A similar form occurs throughout the Americas.,,
3-610-257-1,tuyu1244,Tuyuca,2009,'diayi,Phonemic,dog,,,,
3-594-257-1,tuyu1244,Tuyuca,1853,bu'a,Phonemic,dove,,,,
3-596-257-1,tuyu1244,Tuyuca,735,bɨ'pɨ-pako,Phonemic,owl,,*TUC-BRS-TYC form is *bɨ'pɨ.pako / *bɨ'pɨ.poko.,,
3-592-257-1,tuyu1244,Tuyuca,882,we'ko,Phonemic,parrot,,*TUC-BRS-TYC form is *we'ko.,,
3-591-257-1,tuyu1244,Tuyuca,1793,o'so,Phonemic,bat,,*TUC-BRS-TYC form is *o'so.,,
3-586-257-1,tuyu1244,Tuyuca,1185,yu'ka,Phonemic,vulture,,*TUC-BRS-TYC form is *yu'ka.,,
3-585-257-1,tuyu1244,Tuyuca,307,'kaa,Phonemic,hawk,,,,
3-584-257-1,tuyu1244,Tuyuca,1905,'kaa,Phonemic,eagle,,,,
3-583-257-1,tuyu1244,Tuyuca,758,ye'e,Phonemic,heron,,,,
3-581-257-1,tuyu1244,Tuyuca,937,bĩdĩ-bã'kɨ̃,Phonemic,bird,,*TUC-BRS-TYC form is *bĩdĩ-.,,
3-580-257-1,tuyu1244,Tuyuca,539,bĩdĩ-bã'kɨ̃-suti-ro,Phonemic,nest,,Means 'bird-clothing' 06.120.,,
3-570-257-1,tuyu1244,Tuyuca,1360,['patu],Phonemic,duck,,From Port. 'pato'.,,
3-550-257-1,tuyu1244,Tuyuca,1318,kã'rẽkẽ,Phonemic,chicken,,,,
3-540-257-1,tuyu1244,Tuyuca,1514,kã'rẽkẽ,Phonemic,hen,,,,
3-520-257-1,tuyu1244,Tuyuca,1511,kã'rẽkẽ,Phonemic,"cock, rooster",,,,
3-500-257-1,tuyu1244,Tuyuca,265,bĩdĩ-bã'kɨ̃,Phonemic,fowl,,"Lit. 'small bird', not considered edible. See 03.110.",,
3-410-257-1,tuyu1244,Tuyuca,615,[ka'bayu],Phonemic,horse (equine),,From Span. 'caballo'.,,
3-350-257-1,tuyu1244,Tuyuca,1337,ye'se,Phonemic,pig,,,,
3-340-257-1,tuyu1244,Tuyuca,1351,ye'se-go,Phonemic,sow (2),,Lit. 'boar-female'.,,
3-320-257-1,tuyu1244,Tuyuca,1348,ye'se,Phonemic,boar,,*TUC-BRS-TYC form for 'saíno' is *yese.,,
3-210-257-1,tuyu1244,Tuyuca,1008,we'kɨ,Phonemic,bull,,Lit. means 'tapir'.,,
3-200-257-1,tuyu1244,Tuyuca,1153,we'kɨ,Phonemic,cattle (bovine),,Lit. means 'tapir'.,,
3-160-257-1,tuyu1244,Tuyuca,649,['kãpũ],Phonemic,pasture,,From Port. 'campo'.,,
3-130-257-1,tuyu1244,Tuyuca,2262,dũbĩ'õ,Phonemic,female (adj),,,,
3-120-257-1,tuyu1244,Tuyuca,2261,ɨ̃'bɨ̃,Phonemic,male (adj),,,,
3-110-257-1,tuyu1244,Tuyuca,619,'waikɨ,Phonemic,animal,,"Refers to edible animals and large, edible birds.",,
2-960-257-1,tuyu1244,Tuyuca,817,'kɨ̃ã,Phonemic,they,,,,
2-950-257-1,tuyu1244,Tuyuca,1213,'bɨ̃ã,Phonemic,you (plural),,,,
2-942-257-1,tuyu1244,Tuyuca,1130,ɨ̃'sã,Phonemic,we (exclusive),,*TUC-BRS-TYC form is ɨ̃'sã.,,
2-941-257-1,tuyu1244,Tuyuca,1131,bã'rĩ,Phonemic,we (inclusive),,*TUC-BRS-TYC form is *bãdĩ.,,
2-930-257-1,tuyu1244,Tuyuca,262,kɨ̃'ɨ̃ / ko'o / --,Phonemic,he/she/it,,There is no word for 'it'.,,
2-920-257-1,tuyu1244,Tuyuca,1215,bɨ̃'ɨ̃,Phonemic,you (singular),,*TUC-BRS-TYC form is *bɨ̃ʔɨ̃.,,
2-910-257-1,tuyu1244,Tuyuca,1209,yɨ'ɨ,Phonemic,I,,*TUC-BRS-TYC form is *yɨʔɨ.,,
2-820-257-1,tuyu1244,Tuyuca,194,('yaa)-wede-ra,Phonemic,family,,"Lit. '(my) family, relatives'.",,
2-810-257-1,tuyu1244,Tuyuca,1644,(yɨ'ɨ)-pakɨ-sɨ̃bɨ̃ã,Phonemic,"relatives, kinsmen",,Lit. '(my) parents'.,,
2-770-257-1,tuyu1244,Tuyuca,1981,wa'pewi,Phonemic,widower,,,,
2-760-257-1,tuyu1244,Tuyuca,1756,wa'pewi-o,Phonemic,widow,,,,
2-750-257-1,tuyu1244,Tuyuca,1149,pa'kɨ̃-bãdĩ-gɨ̃,Phonemic,orphan,,Respectively: 'boy with no father' and 'boy with no mother'.,,
2-750-257-3,tuyu1244,Tuyuca,1149,pa'ko-bãdĩ-gɨ̃,Phonemic,orphan,,Respectively: 'boy with no father' and 'boy with no mother'.,,
2-740-257-1,tuyu1244,Tuyuca,1058,bã'dɨ̃-bãkõ,Phonemic,stepdaughter,,"Respectively: of husband, and wife.",,
2-740-257-3,tuyu1244,Tuyuca,1058,dɨ̃bõ-bã'kõ,Phonemic,stepdaughter,,"Respectively: of husband, and wife.",,
2-730-257-1,tuyu1244,Tuyuca,1059,bã'dɨ̃-bãkɨ̃,Phonemic,stepson,,"Respectively: of husband, and wife.",,
2-730-257-3,tuyu1244,Tuyuca,1059,dɨ̃bõ-bã'kɨ̃,Phonemic,stepson,,"Respectively: of husband, and wife.",,
2-720-257-1,tuyu1244,Tuyuca,236,pakɨ-dɨ̃bõ,Phonemic,stepmother,,,,
2-710-257-1,tuyu1244,Tuyuca,237,pako-bã'dɨ̃,Phonemic,stepfather,,,,
2-641-257-1,tuyu1244,Tuyuca,2264,bã'kɨ̃-dɨ̃bõ,Phonemic,daughter-in-law (of a woman),,,,
2-640-257-1,tuyu1244,Tuyuca,2265,bã'kɨ̃-dɨ̃bõ,Phonemic,daughter-in-law (of a man),,,,
2-631-257-1,tuyu1244,Tuyuca,2266,-'bui,Phonemic,son-in-law (of a woman),,,,
2-630-257-1,tuyu1244,Tuyuca,2267,-'bui,Phonemic,son-in-law (of a man),,,,
2-621-257-1,tuyu1244,Tuyuca,2257,bãyẽ'kõ,Phonemic,mother-in-law (of a woman),,,,
2-620-257-1,tuyu1244,Tuyuca,2256,bãyẽ'kõ,Phonemic,mother-in-law (of a man),,,,
2-611-257-1,tuyu1244,Tuyuca,2254,bãyẽ'kɨ̃,Phonemic,father-in-law (of a woman),,,,
2-610-257-1,tuyu1244,Tuyuca,2255,bãyẽ'kɨ̃,Phonemic,father-in-law (of a man),,,,
2-570-257-1,tuyu1244,Tuyuca,490,dĩ'ĩ-dɨ̃dɨ̃se-ra,Phonemic,descendants,,,,
2-560-257-1,tuyu1244,Tuyuca,1669,yẽ'kɨ̃-sɨ̃bɨ̃ã,Phonemic,ancestors,,,,
2-550-257-1,tuyu1244,Tuyuca,1643,tẽ'yɨ̃,Phonemic,cousin,,"Respectively: masc.; fem. 'offspring' of bẽ'kɨ̃, i.e. 'mother's brother'. Also sõ'wɨ̃ (masc.); sõ'wõ (fem.) 'offspring' of father's older brother--the bɨ'gɨ of ego, or of mother's older sister--the bɨ'go of ego. Also ba'i (masc.); bayi'o(fem.) 'offspring' of father's younger brother--the bɨ'gɨ of ego, or of mother's younger sister--bɨ'go of ego; bẽ'kõ-bãkɨ̃ (masc.); bẽ'kõ-bãkõ (fem.) 'offspring' of bẽ'kõ, i.e. 'father's sister'.",,
2-550-257-3,tuyu1244,Tuyuca,1643,tẽ'yõ,Phonemic,cousin,,"Respectively: masc.; fem. 'offspring' of bẽ'kɨ̃, i.e. 'mother's brother'. Also sõ'wɨ̃ (masc.); sõ'wõ (fem.) 'offspring' of father's older brother--the bɨ'gɨ of ego, or of mother's older sister--the bɨ'go of ego. Also ba'i (masc.); bayi'o(fem.) 'offspring' of father's younger brother--the bɨ'gɨ of ego, or of mother's younger sister--bɨ'go of ego; bẽ'kõ-bãkɨ̃ (masc.); bẽ'kõ-bãkõ (fem.) 'offspring' of bẽ'kõ, i.e. 'father's sister'.",,
2-540-257-1,tuyu1244,Tuyuca,1642,sõwɨ̃-bã'kõ,Phonemic,niece,,"Respectively: 'daughter of older brother; d. of older sister'. Also bai-bã'kõ; bayio-bã'kõ, 'd. of younger brother; d. of younger sister'.",,
2-540-257-3,tuyu1244,Tuyuca,1642,sõwõ-bã'kõ,Phonemic,niece,,"Respectively: 'daughter of older brother; d. of older sister'. Also bai-bã'kõ; bayio-bã'kõ, 'd. of younger brother; d. of younger sister'.",,
2-530-257-1,tuyu1244,Tuyuca,1063,sõwɨ̃-bã'kɨ̃,Phonemic,nephew,,"Respectively: 'son of older brother; s. of older sister'. Also bai-bã'kɨ̃; bayio-bã'kɨ̃, 's. of younger brother; s. of younger sister'.",,
2-530-257-3,tuyu1244,Tuyuca,1063,sõwõ-bã'kɨ̃,Phonemic,nephew,,"Respectively: 'son of older brother; s. of older sister'. Also bai-bã'kɨ̃; bayio-bã'kɨ̃, 's. of younger brother; s. of younger sister'.",,
2-522-257-1,tuyu1244,Tuyuca,170,bẽ'kõ,Phonemic,father's sister,,,,
2-521-257-1,tuyu1244,Tuyuca,171,bɨ'go,Phonemic,mother's sister,,,,
2-512-257-1,tuyu1244,Tuyuca,1985,bɨ'gɨ,Phonemic,father's brother,,,,
2-511-257-1,tuyu1244,Tuyuca,1984,bẽ'kɨ̃,Phonemic,mother's brother,,,,
2-480-257-1,tuyu1244,Tuyuca,1618,'pãrãbĩ,Phonemic,grandson,,,,
2-490-257-1,tuyu1244,Tuyuca,1619,'pãrãbẽõ,Phonemic,granddaughter,,,,
2-471-257-1,tuyu1244,Tuyuca,907,bɨkɨ'o,Phonemic,old woman,,,,
2-470-257-1,tuyu1244,Tuyuca,1496,yẽ'kõ,Phonemic,grandmother,,,,
2-461-257-1,tuyu1244,Tuyuca,406,bɨ'kɨ,Phonemic,old man,,,,
2-460-257-1,tuyu1244,Tuyuca,1383,yẽ'kɨ̃,Phonemic,grandfather,,,,
2-458-257-1,tuyu1244,Tuyuca,1005,sɨdɨ'a-ri-ra,Phonemic,twins,,,,
2-456-257-1,tuyu1244,Tuyuca,1640,sĩ'kɨ̃-põdã,Phonemic,sibling,,Means 'sons of the same father'.,,
2-455-257-1,tuyu1244,Tuyuca,1761,bayi'o,Phonemic,younger sister,,,,
2-454-257-1,tuyu1244,Tuyuca,1758,sõ'wõ,Phonemic,older sister,,,,
2-445-257-1,tuyu1244,Tuyuca,1760,ba'i,Phonemic,younger brother,,,,
2-444-257-1,tuyu1244,Tuyuca,1759,sõ'wɨ̃,Phonemic,older brother,,,,
2-430-257-1,tuyu1244,Tuyuca,1801,põ'dã,Phonemic,offspring (son or daughter),,,,
2-420-257-1,tuyu1244,Tuyuca,1357,bã'kõ,Phonemic,daughter,,,,
2-410-257-1,tuyu1244,Tuyuca,1620,bã'kɨ̃,Phonemic,son,,,,
2-390-257-1,tuyu1244,Tuyuca,426,bã'dɨ̃-kɨti-go,Phonemic,married woman,,,,
2-380-257-1,tuyu1244,Tuyuca,424,dɨ̃'bõ-kɨti-gɨ,Phonemic,married man,,,,
2-370-257-1,tuyu1244,Tuyuca,505,pa'kɨ-sɨ̃bɨ̃ã,Phonemic,parents,,,,
2-360-257-1,tuyu1244,Tuyuca,1216,pa'ko,Phonemic,mother,,*TUC-BRS-TYC form is *pako.,,
2-350-257-1,tuyu1244,Tuyuca,1217,pa'kɨ,Phonemic,father,,*TUC-BRS-TYC form is *pakɨ.,,
2-341-257-1,tuyu1244,Tuyuca,1134,dɨ̃'bõ kõã-'re,Phonemic,divorce,,Lit. 'wife abandon/ throw away'.,,
2-330-257-1,tuyu1244,Tuyuca,203,wãbõ-'sia,Phonemic,marry,,,,
2-320-257-1,tuyu1244,Tuyuca,1199,dɨ̃'bõ,Phonemic,wife,,*TUC-BRS-TYC form is *dɨ̃bõ.,,
2-310-257-1,tuyu1244,Tuyuca,1200,bã'dɨ̃,Phonemic,husband,,*TUC-BRS-TYC form is *bãdɨ̃ / *bãdã-.,,
2-280-257-1,tuyu1244,Tuyuca,1289,wĩ'bã-gɨ̃,Phonemic,"infant, baby",,Respectively: masc.; feminine forms.,,
2-280-257-3,tuyu1244,Tuyuca,1289,wĩ'bã-gõ,Phonemic,"infant, baby",,Respectively: masc.; feminine forms.,,
2-270-257-1,tuyu1244,Tuyuca,1304,wĩ'bã-gɨ̃,Phonemic,child,,Respectively: masc.; feminine forms.,,
2-270-257-3,tuyu1244,Tuyuca,1304,wĩ'bã-gõ,Phonemic,child,,Respectively: masc.; feminine forms.,,
2-261-257-1,tuyu1244,Tuyuca,77,bã'bõ,Phonemic,young woman (adolescent),,,,
2-260-257-1,tuyu1244,Tuyuca,1646,wĩ'bã-gõ,Phonemic,girl,,,,
2-251-257-1,tuyu1244,Tuyuca,76,bã'bɨ̃,Phonemic,young man (adolescent),,,,
2-250-257-1,tuyu1244,Tuyuca,1366,wĩ'bã-gɨ̃,Phonemic,boy,,,,
2-240-257-1,tuyu1244,Tuyuca,1551,dũbĩ'õ,Phonemic,female,,,,
2-230-257-1,tuyu1244,Tuyuca,1553,ɨ̃'bɨ̃,Phonemic,male,,,,
2-220-257-1,tuyu1244,Tuyuca,962,dũbĩ'õ,Phonemic,woman,,*TUC-BRS-TYC form is *dũbĩõ.,,
2-210-257-1,tuyu1244,Tuyuca,1554,ɨ̃'bɨ̃,Phonemic,man (vs. woman),,*TUC-BRS-TYC form is *ɨ̃bɨ̃.,,
2-100-257-1,tuyu1244,Tuyuca,683,baso'kɨ,Phonemic,"person, human being",,,,
1-890-257-1,tuyu1244,Tuyuca,1188,dĩ'tĩ,Phonemic,charcoal,,*TUC-BRS-TYC form is *dĩ'tĩ.,,
1-880-257-1,tuyu1244,Tuyuca,10,pe'ka,Phonemic,firewood,,*TUC-BRS-TYC form is *pe'ka.,,
1-870-257-1,tuyu1244,Tuyuca,1133,[pa'ritu],Phonemic,match (noun),,From Port. 'palito' (toothpick).,,
1-861-257-1,tuyu1244,Tuyuca,127,'yoo,Phonemic,extinguish,,,,
1-860-257-1,tuyu1244,Tuyuca,737,di'o,Phonemic,"light, kindle, ignite",,,,
1-852-257-1,tuyu1244,Tuyuca,1428,hɨ̃'ɨ̃,Phonemic,burn (vb intrans),,*TUC-BRS-TYC form is *hɨ̃hɨ̃-.,,
1-851-257-1,tuyu1244,Tuyuca,141,'soe,Phonemic,burn (vb trans),,,,
1-841-257-1,tuyu1244,Tuyuca,67,dĩ'tĩ asi'ya-re,Phonemic,embers,,,,
1-840-257-1,tuyu1244,Tuyuca,646,dũ'ã,Phonemic,ashes,,*TUC-BRS-TYC form is *dũ'hã.,,
1-830-257-1,tuyu1244,Tuyuca,778,pe'ka-bẽ-õbẽ,Phonemic,smoke (noun),,,,
1-820-257-1,tuyu1244,Tuyuca,889,pe'ka-bẽ-põdã,Phonemic,flame (noun),,,,
1-810-257-1,tuyu1244,Tuyuca,221,pe'ka-bẽ,Phonemic,fire,,*TUC-BRS-TYC form is *peka.bẽ.,,
1-750-257-1,tuyu1244,Tuyuca,658,o'ko,Phonemic,rain (noun),,Also means 'water' 01.310.,,
1-720-257-1,tuyu1244,Tuyuca,960,wĩ'dõ,Phonemic,wind,,*TUC-BRS-TYC form is *wĩʔdõ.,,
1-730-257-1,tuyu1244,Tuyuca,1489,ũbẽ-bɨrɨ'a,Phonemic,cloud,,,,
1-710-257-1,tuyu1244,Tuyuca,27,õ'bẽ ~ ũ'bẽ,Phonemic,air,,,,
1-640-257-1,tuyu1244,Tuyuca,1977,yõkõã-o'ko,Phonemic,dew,,,,
1-630-257-1,tuyu1244,Tuyuca,1388,bũ'ĩpũ kãbõ'ta-ro,Phonemic,"shade, shadow",,"Lit. 'blocking the sun'. 'Shadow of a person' is wã'tĩ, also means 'evil spirit'.",,
1-620-257-1,tuyu1244,Tuyuca,11,'dãĩ-tĩã-re,Phonemic,darkness,,,,
1-610-257-1,tuyu1244,Tuyuca,630,sĩã'boe-ko-re ~ sĩã'wo-ko-re,Phonemic,light (noun),,,,
1-590-257-1,tuyu1244,Tuyuca,1733,bu'e-da,Phonemic,rainbow,,*TUC-BRS-TYC form is *buʔe-.,,
1-560-257-1,tuyu1244,Tuyuca,1150,bɨ'po,Phonemic,thunder,,*TUC-BRS-TYC form is *bɨpo.,,
1-570-257-1,tuyu1244,Tuyuca,2007,bɨ'po 'paa-,Phonemic,lightning (as striking),,,,
1-550-257-1,tuyu1244,Tuyuca,1654,bɨ'po 'wããyo-,Phonemic,lightning,,,,
1-540-257-1,tuyu1244,Tuyuca,1430,yõkõã-'wɨ̃,Phonemic,star,,Respectively: sing.; plural. *TUC-BRS-TYC form is *yõkõ.ã.,,
1-540-257-3,tuyu1244,Tuyuca,1430,yõkõ'ã,Phonemic,star,,Respectively: sing.; plural. *TUC-BRS-TYC form is *yõkõ.ã.,,
1-530-257-1,tuyu1244,Tuyuca,1313,bũ'ĩpũ (yã'bĩ-bãkɨ̃),Phonemic,moon,,Lit. 'night-belonging to (masc.sg.)'. *TUC-BRS-TYC form is *bũhĩ.pũ.,,
1-520-257-1,tuyu1244,Tuyuca,1343,bũ'ĩpũ ('bɨreko-bãkɨ̃),Phonemic,sun,,Lit. 'day-belonging to (masc.sg.)'. *TUC-BRS-TYC form is *bũhĩ.pũ,,
1-510-257-1,tuyu1244,Tuyuca,1732,ɨ̃bɨ̃-'ãse,Phonemic,sky,,*TUC-BRS-TYC form is *ɨ̃ʔbɨ̃-.,,
1-450-257-1,tuyu1244,Tuyuca,6,di'ta-yũbĩ,Phonemic,earthquake,,,,
1-440-257-1,tuyu1244,Tuyuca,2125,ɨ̃'tã,Phonemic,"stone, rock",,*TUC-BRS-TYC form is *ɨ̃'tã.,,
1-430-257-1,tuyu1244,Tuyuca,1803,yu'kɨ,Phonemic,wood,,,,
1-420-257-1,tuyu1244,Tuyuca,906,yu'kɨ,Phonemic,tree (cf 08.600),,*TUC-BRS-TYC form is *yu'kɨ.,,
1-410-257-1,tuyu1244,Tuyuca,420,bã'kãdɨ̃kɨ̃,Phonemic,"woods, forest",,*TUC-BRS-TYC form is *dɨkɨ.,,
1-390-257-1,tuyu1244,Tuyuca,943,o'ko yãã-'rõ,Phonemic,waterfall,,'Rapids' is po'ewa.,,
1-380-257-1,tuyu1244,Tuyuca,1145,o'pa-saba-ro,Phonemic,swamp,,,,
1-370-257-1,tuyu1244,Tuyuca,2144,'dia-pote,Phonemic,"spring, well",,,,
1-362-257-1,tuyu1244,Tuyuca,1982,ode-'ri-kope,Phonemic,whirlpool,,,,
1-360-257-1,tuyu1244,Tuyuca,666,'dia,Phonemic,"river, stream, brook",,*TUC-BRS-TYC form is *dia.,,
1-343-257-1,tuyu1244,Tuyuca,1662,o'pa-yũã,Phonemic,"headland, point",,,,
1-341-257-1,tuyu1244,Tuyuca,623,o'pa-taro,Phonemic,lagoon,,,,
1-330-257-1,tuyu1244,Tuyuca,624,o'pa-taro,Phonemic,lake,,,,
1-329-257-1,tuyu1244,Tuyuca,645,'dia pai-'ri-bã,Phonemic,ocean,,Lit. 'big river'.,,
1-324-257-1,tuyu1244,Tuyuca,1768,so'bo,Phonemic,foam,,,,
1-323-257-1,tuyu1244,Tuyuca,259,oko-tu'ri,Phonemic,rough (of sea),,,,
1-320-257-1,tuyu1244,Tuyuca,1474,'dia pai-'ri-bã,Phonemic,sea,,Lit. 'big river'.,,
1-322-257-1,tuyu1244,Tuyuca,258,wã'tĩ-kõã-paso-re,Phonemic,calm (of sea),,,,
1-310-257-1,tuyu1244,Tuyuca,948,o'ko,Phonemic,water,,'Liquid' is -ko. *TUC-BRS-TYC form is *oko.,,
1-280-257-1,tuyu1244,Tuyuca,1155,ɨ̃'tã-wi,Phonemic,cave,,,,
1-250-257-1,tuyu1244,Tuyuca,622,dɨ̃kɨ̃-'rõ,Phonemic,island,,,,
1-222-257-1,tuyu1244,Tuyuca,618,tɨ'dɨ,Phonemic,"cliff, precipice",,,,
1-220-257-1,tuyu1244,Tuyuca,2118,ɨ̃tã-'gɨ̃,Phonemic,"mountain, hill",,Cf. 'stone' 01.440. *TUC-BRS-TYC form for 'hill' is *buʔa / *buʔu.,,
1-214-257-1,tuyu1244,Tuyuca,640,di'ta-wĩtã-re,Phonemic,mud,,,,
1-215-257-1,tuyu1244,Tuyuca,671,di'ta-tupari,Phonemic,sand,,,,
1-213-257-1,tuyu1244,Tuyuca,2,di'ta-bãdã,Phonemic,dust,,,,
1-212-257-1,tuyu1244,Tuyuca,1228,di'ta,Phonemic,"earth=ground, soil",,,,
1-210-257-1,tuyu1244,Tuyuca,626,ye'pa,Phonemic,"earth, land",,,,
1-100-257-1,tuyu1244,Tuyuca,965,'bɨreko ~ 'bɨrɨko ~ 'bɨriko,Phonemic,world,,Also means 'day' 14.410.,,
14-330-257-1,tuyu1244,Tuyuca,1544,ape-'to,Phonemic,sometimes,,,,
14-331-257-1,tuyu1244,Tuyuca,703,bẽkã'ti-gã,Phonemic,soon,,,,
14-332-257-1,tuyu1244,Tuyuca,418,yo'a-ri,Phonemic,long-time (for a),,,,
14-340-257-1,tuyu1244,Tuyuca,1656,-do-,Phonemic,never,,Follows a negative verb suffix to intensify the negation of the verb.,,
14-350-257-1,tuyu1244,Tuyuca,204,-sũkã,Phonemic,again,,,,
14-410-257-1,tuyu1244,Tuyuca,1225,'bɨreko ~ 'bɨrɨko ~ 'bɨriko,Phonemic,day,,Also means 'world' 01.100. Cf. 'sun' 01.520.,,
14-420-257-1,tuyu1244,Tuyuca,1233,yã'bĩ,Phonemic,night,,See 'moon' 01.530. *TUC-BRS-TYC form is *yãbĩ.,,
14-430-257-1,tuyu1244,Tuyuca,729,'boe-bɨ̃ã-ti-ri,Phonemic,dawn,,,,
14-440-257-1,tuyu1244,Tuyuca,1339,'boe-ri,Phonemic,morning,,,,
14-450-257-1,tuyu1244,Tuyuca,12,koe-ri-'to,Phonemic,"noon, midday",,,,
14-451-257-1,tuyu1244,Tuyuca,1807,koe-ri-'to-siro,Phonemic,afternoon,,,,
14-460-257-1,tuyu1244,Tuyuca,1629,yã'bĩ,Phonemic,evening,,Also means 'night' 14.420.,,
14-470-257-1,tuyu1244,Tuyuca,1283,bẽ'kɨ̃ã,Phonemic,today,,,,
14-480-257-1,tuyu1244,Tuyuca,1329,yã'bĩ-gã,Phonemic,tomorrow,,,,
14-481-257-1,tuyu1244,Tuyuca,1179,yã'bĩ-gã-boe-ri-bɨreko,Phonemic,day-after-tomorrow,,,,
14-490-257-1,tuyu1244,Tuyuca,1174,yã'bĩ-ka,Phonemic,yesterday,,,,
14-491-257-1,tuyu1244,Tuyuca,1180,yã'bĩ-ka-boe-ri-bɨreko,Phonemic,day-before-yesterday,,,,
14-510-257-1,tuyu1244,Tuyuca,1353,['ora],Phonemic,hour,,From Portuguese 'hora'.,,
14-530-257-1,tuyu1244,Tuyuca,1323,'bɨreko keo-'ri-ga,Phonemic,"clock, timepiece",,,,
14-610-257-1,tuyu1244,Tuyuca,1469,[sa'bãdã],Phonemic,week,,From Portuguese.,,
14-620-257-1,tuyu1244,Tuyuca,1699,ye'erisã-ri-bɨreko,Phonemic,Sunday,,Means 'rest-day'.,,
14-630-257-1,tuyu1244,Tuyuca,1697,pa'de-dɨ̃kã-ri-bɨreko,Phonemic,Monday,,Lit. 'work-begin-day'.,,
14-680-257-1,tuyu1244,Tuyuca,1700,pa'de-tu-ri-bɨreko,Phonemic,Saturday,,Lit. 'work-final-day'.,,
14-710-257-1,tuyu1244,Tuyuca,1370,bũ'ĩpũ,Phonemic,month,,"Also means 'sun, moon' 01.520, 01.530.",,
14-730-257-1,tuyu1244,Tuyuca,1226,kɨ̃'bã,Phonemic,year,,,,
14-740-257-1,tuyu1244,Tuyuca,1471,'puu-ri-ro,Phonemic,winter,,Means 'wet season'.,,
14-760-257-1,tuyu1244,Tuyuca,1342,kɨ̃'bã,Phonemic,summer,,Also means 'year' 14.730.,,
14-780-257-1,tuyu1244,Tuyuca,691,-to,Phonemic,season,,,,
15-210-257-1,tuyu1244,Tuyuca,1587,su'su,Phonemic,smell (vb intrans),,,,
15-212-257-1,tuyu1244,Tuyuca,375,wĩdĩ-'ãbã,Phonemic,sniff,,,,
15-220-257-1,tuyu1244,Tuyuca,1586,wĩ'dĩ,Phonemic,smell (vb trans),,,,
15-250-257-1,tuyu1244,Tuyuca,376,sitia-ã'yũ,Phonemic,"fragrant, good smelling",,,,
15-260-257-1,tuyu1244,Tuyuca,42,ɨ̃'dĩ,Phonemic,"stinking, bad smelling",,,,
15-310-257-1,tuyu1244,Tuyuca,21,po'a,Phonemic,taste,,,,
15-350-257-1,tuyu1244,Tuyuca,717,i'piti,Phonemic,sweet,,,,
15-360-257-1,tuyu1244,Tuyuca,1091,o'ka,Phonemic,salty,,,,
15-370-257-1,tuyu1244,Tuyuca,887,sɨ̃'gẽ,Phonemic,bitter,,,,
15-380-257-1,tuyu1244,Tuyuca,1906,pi'ya,Phonemic,"acid, sour",,,,
15-390-257-1,tuyu1244,Tuyuca,70,'yia,Phonemic,brackish,,,,
15-410-257-1,tuyu1244,Tuyuca,1408,tɨ'o,Phonemic,hear,,,,
15-420-257-1,tuyu1244,Tuyuca,1608,tɨ'o,Phonemic,listen,,,,
15-440-257-1,tuyu1244,Tuyuca,1811,bɨ'sɨ,Phonemic,"sound, noise",,,,
15-450-257-1,tuyu1244,Tuyuca,377,dita-kɨ'ti,Phonemic,loud,,,,
15-460-257-1,tuyu1244,Tuyuca,1314,dita-bã'dĩ,Phonemic,"quiet, silence",,,,
15-510-257-1,tuyu1244,Tuyuca,1409,ĩ'yã,Phonemic,see,,*TUC-BRS-TYC form is *ĩʔã- / *ĩyã-.,,
15-520-257-1,tuyu1244,Tuyuca,1819,ĩ'yã,Phonemic,"look, look at",,,,
15-550-257-1,tuyu1244,Tuyuca,1039,ẽ'yõ,Phonemic,show,,,,
15-560-257-1,tuyu1244,Tuyuca,708,asi'ya,Phonemic,shine,,,,
15-570-257-1,tuyu1244,Tuyuca,679,asi'ya-re,Phonemic,bright,,,,
15-620-257-1,tuyu1244,Tuyuca,250,bu'ti,Phonemic,light (in color),,,,
15-630-257-1,tuyu1244,Tuyuca,706,yĩ'ĩ,Phonemic,dark (in color),,,,
15-640-257-1,tuyu1244,Tuyuca,1335,bu'ti,Phonemic,white,,*TUC-BRS-TYC form is *buti- / *boti-.,,
15-650-257-1,tuyu1244,Tuyuca,163,yĩ'ĩ,Phonemic,black,,*TUC-BRS-TYC form is *yĩĩ-.,,
15-660-257-1,tuyu1244,Tuyuca,156,sõ'ã,Phonemic,red,,Also means 'yellow' 15.690. *TUC-BRS-TYC form is *sõʔã- / *sũʔã-.,,
15-670-257-1,tuyu1244,Tuyuca,837,sɨ̃'bẽ,Phonemic,blue,,,,
15-680-257-1,tuyu1244,Tuyuca,1425,sɨ̃'bẽ,Phonemic,green,,,,
15-690-257-1,tuyu1244,Tuyuca,1424,sõ'ã,Phonemic,yellow,,Also means 'red' 15.660.,,
15-710-257-1,tuyu1244,Tuyuca,1892,pade'yã,Phonemic,touch,,,,
15-712-257-1,tuyu1244,Tuyuca,378,pɨ'a,Phonemic,pinch,,Also means 'grab with claws'.,,
15-720-257-1,tuyu1244,Tuyuca,1079,tɨ'geyã,Phonemic,feel,,,,
15-740-257-1,tuyu1244,Tuyuca,1884,ba'yi,Phonemic,hard,,,,
15-750-257-1,tuyu1244,Tuyuca,1856,a'ba,Phonemic,soft,,,,
15-760-257-1,tuyu1244,Tuyuca,1923,-bubiro,Phonemic,rough,,,,
15-770-257-1,tuyu1244,Tuyuca,1234,si'pi,Phonemic,smooth,,,,
15-780-257-1,tuyu1244,Tuyuca,1396,asi'yoa,Phonemic,sharp,,,,
15-790-257-1,tuyu1244,Tuyuca,379,u'du,Phonemic,"blunt, dull",,,,
15-810-257-1,tuyu1244,Tuyuca,1210,dɨ̃'kɨ̃,Phonemic,heavy,,,,
15-820-257-1,tuyu1244,Tuyuca,1052,dɨ̃-'kɨ̃-ẽ-,Phonemic,light (in weight),,Lit. 'not heavy'.,,
15-830-257-1,tuyu1244,Tuyuca,1726,oko-kɨ'ti,Phonemic,"wet, damp",,,,
15-840-257-1,tuyu1244,Tuyuca,1398,bo'po,Phonemic,dry,,*TUC-BRS-TYC form is *bopo-.,,
15-850-257-1,tuyu1244,Tuyuca,1286,a'si,Phonemic,hot,,*TUC-BRS-TYC form is *asi-.,,
15-851-257-1,tuyu1244,Tuyuca,1232,asi-bu'su,Phonemic,warm,,,,
15-860-257-1,tuyu1244,Tuyuca,1287,yɨsɨ'a,Phonemic,cold,,*TUC-BRS-TYC form is *yɨsɨa-.,,
15-870-257-1,tuyu1244,Tuyuca,704,hũĩrĩ-bã-'dĩ,Phonemic,clean,,,,
15-880-257-1,tuyu1244,Tuyuca,1230,hũĩrĩ-'pi,Phonemic,"dirty, soiled",,,,
15-890-257-1,tuyu1244,Tuyuca,380,-sɨ̃sɨ̃rõ,Phonemic,wrinkled,,,,
16-110-257-1,tuyu1244,Tuyuca,53,ye'eripũdã,Phonemic,"soul, spirit",,,,
16-150-257-1,tuyu1244,Tuyuca,1572,ɨkɨ'a,Phonemic,"surprised, astonished",,,,
16-180-257-1,tuyu1244,Tuyuca,720,di'ka,Phonemic,"good fortune, luck",,,,
16-190-257-1,tuyu1244,Tuyuca,56,di'ka-e-,Phonemic,"misfortune, bad luck",,Lit. 'negative good fortune'.,,
16-230-257-1,tuyu1244,Tuyuca,1495,ɨ'sedĩ,Phonemic,"joyful, glad, happy",,,,
16-250-257-1,tuyu1244,Tuyuca,1355,bu'i,Phonemic,laugh,,,,
16-251-257-1,tuyu1244,Tuyuca,1451,bu'i,Phonemic,smile,,,,
16-260-257-1,tuyu1244,Tuyuca,1413,a'pe,Phonemic,play,,,,
16-270-257-1,tuyu1244,Tuyuca,923,bã'ĩ,Phonemic,love,,,,
16-290-257-1,tuyu1244,Tuyuca,578,ũ'pũ,Phonemic,kiss,,Lit. 'suck' 05.160.,,
16-300-257-1,tuyu1244,Tuyuca,928,'paa-bɨa,Phonemic,embrace,,,,
16-310-257-1,tuyu1244,Tuyuca,1783,pũ'dĩ,Phonemic,pain,,,,
16-320-257-1,tuyu1244,Tuyuca,1668,'boadẽõ,Phonemic,"grief, sorrow, sadness",,,,
16-330-257-1,tuyu1244,Tuyuca,1000,wã'kũ-re-kɨti,Phonemic,"anxiety, worry",,,,
16-340-257-1,tuyu1244,Tuyuca,1875,wã'kũ-re-kɨti,Phonemic,"regret, be sorry",,,,
16-350-257-1,tuyu1244,Tuyuca,1141,'boadẽõ-yã,Phonemic,pity,,,,
16-370-257-1,tuyu1244,Tuyuca,1839,u'ti,Phonemic,"cry, weep",,,,
16-380-257-1,tuyu1244,Tuyuca,1651,yako-o'ko,Phonemic,tear (noun),,,,
16-390-257-1,tuyu1244,Tuyuca,716,pũdĩ-wi'si,Phonemic,groan,,,,
16-410-257-1,tuyu1244,Tuyuca,1607,ĩ'yã-tuti,Phonemic,hate,,,,
16-420-257-1,tuyu1244,Tuyuca,82,'kua,Phonemic,anger,,,,
16-440-257-1,tuyu1244,Tuyuca,40,do'e,Phonemic,"envy, jealousy",,,,
16-450-257-1,tuyu1244,Tuyuca,1776,bo'bo,Phonemic,shame (noun),,,,
16-510-257-1,tuyu1244,Tuyuca,1779,ku'i-re bãdĩ-'re,Phonemic,dare,,Means 'not have fear'.,,
16-530-257-1,tuyu1244,Tuyuca,781,ku'i,Phonemic,"fear, fright",,*TUC-BRS-TYC form is *gui- / *guwi-.,,
16-540-257-1,tuyu1244,Tuyuca,1810,ki'o,Phonemic,danger,,,,
16-620-257-1,tuyu1244,Tuyuca,1784,bo'o,Phonemic,"desire, want",,,,
16-622-257-1,tuyu1244,Tuyuca,1750,be'se,Phonemic,choose,,,,
16-660-257-1,tuyu1244,Tuyuca,1657,dĩĩ-'rõ-bãkẽ,Phonemic,true,,,,
16-670-257-1,tuyu1244,Tuyuca,601,hĩ'ĩ-dito,Phonemic,"lie, tell lies",,,,
16-680-257-1,tuyu1244,Tuyuca,13,tii-di'to,Phonemic,deceit,,,,
16-690-257-1,tuyu1244,Tuyuca,1528,aka'bo,Phonemic,forgive,,Lit. 'forget' 17.320.,,
16-710-257-1,tuyu1244,Tuyuca,1035,ã'yũ,Phonemic,good,,*TUC-BRS-TYC form is *ãyũ-.,,
16-720-257-1,tuyu1244,Tuyuca,1292,yã'yã,Phonemic,bad,,,,
16-730-257-1,tuyu1244,Tuyuca,1725,diabã'kɨ̃,Phonemic,"right, correct",,,,
16-740-257-1,tuyu1244,Tuyuca,1390,diabã'kɨ̃ dĩ'ĩ-ẽ-re,Phonemic,wrong,,Means 'not being correct'.,,
16-770-257-1,tuyu1244,Tuyuca,1293,wi'si,Phonemic,"mistake, error",,,,
16-810-257-1,tuyu1244,Tuyuca,1427,ã'yũ,Phonemic,beautiful,,Also means 'good' 16.710.,,
16-820-257-1,tuyu1244,Tuyuca,1548,do'ko,Phonemic,ugly,,,,
16-830-257-1,tuyu1244,Tuyuca,2018,wã'dĩ,Phonemic,greedy,,,,
16-840-257-1,tuyu1244,Tuyuca,1310,bẽ'dĩ,Phonemic,clever,,Means 'capable in a certain field'.,,
17-130-257-1,tuyu1244,Tuyuca,1415,wã'kũ,Phonemic,think (= reflect),,,,
17-140-257-1,tuyu1244,Tuyuca,1513,wã'kũ,Phonemic,think (= be of the opinion),,,,
17-150-257-1,tuyu1244,Tuyuca,1890,pade'o,Phonemic,believe,,,,
17-160-257-1,tuyu1244,Tuyuca,1536,tɨo-bã'sĩ,Phonemic,understand,,,,
17-170-257-1,tuyu1244,Tuyuca,1410,bã'sĩ,Phonemic,know,,*TUC-BRS-TYC form is *bã'sĩ-.,,
17-171-257-1,tuyu1244,Tuyuca,1932,hĩ'ĩ-bɨa,Phonemic,guess,,,,
17-172-257-1,tuyu1244,Tuyuca,117,ke'o,Phonemic,imitate,,,,
17-180-257-1,tuyu1244,Tuyuca,1521,bi'i,Phonemic,seem,,,,
17-190-257-1,tuyu1244,Tuyuca,1609,wãkũ-'re,Phonemic,"idea, notion",,,,
17-210-257-1,tuyu1244,Tuyuca,698,bãsĩ-'gɨ̃,Phonemic,wise,,,,
17-220-257-1,tuyu1244,Tuyuca,1518,wede-'re tɨo-'e-gɨ,Phonemic,"foolish, stupid",,,,
17-230-257-1,tuyu1244,Tuyuca,1899,po'sariwi,Phonemic,"insane, crazy",,,,
17-240-257-1,tuyu1244,Tuyuca,504,bu'e,Phonemic,learn,,,,
17-242-257-1,tuyu1244,Tuyuca,1929,bu'e,Phonemic,study,,,,
17-250-257-1,tuyu1244,Tuyuca,709,bu'e,Phonemic,teach,,,,
17-260-257-1,tuyu1244,Tuyuca,753,bue-'gɨ,Phonemic,pupil,,,,
17-270-257-1,tuyu1244,Tuyuca,1038,bue-'gɨ,Phonemic,teacher,,,,
17-280-257-1,tuyu1244,Tuyuca,673,bue-'ri-wi,Phonemic,school,,,,
17-310-257-1,tuyu1244,Tuyuca,707,wã'kũ,Phonemic,remember,,,,
17-320-257-1,tuyu1244,Tuyuca,1523,aka'bo,Phonemic,forget,,,,
17-340-257-1,tuyu1244,Tuyuca,989,tɨo-bã'sĩ-re,Phonemic,"clear, plain",,Means 'understandable'.,,
17-350-257-1,tuyu1244,Tuyuca,1764,tɨo-bã'sĩ-yã-bãdĩ-re,Phonemic,obscure,,Means 'not able to be understood'.,,
17-360-257-1,tuyu1244,Tuyuca,1121,yayi'o-re,Phonemic,secret,,,,
17-370-257-1,tuyu1244,Tuyuca,509,dĩĩ-'rõ-rã,Phonemic,"sure, certain",,,,
17-380-257-1,tuyu1244,Tuyuca,1626,we'de,Phonemic,explain,,,,
17-410-257-1,tuyu1244,Tuyuca,1162,tii-dɨ'ga-re,Phonemic,"intention, purpose",,Means 'that which one wants to do'.,,
17-420-257-1,tuyu1244,Tuyuca,860,-o-,Phonemic,cause,,,,
17-450-257-1,tuyu1244,Tuyuca,643,bo'o,Phonemic,"need, necessity",,,,
17-460-257-1,tuyu1244,Tuyuca,686,wisi'o-e,Phonemic,easy,,Lit. 'difficult-negative'.,,
17-470-257-1,tuyu1244,Tuyuca,584,wisi'o,Phonemic,difficult,,,,
17-480-257-1,tuyu1244,Tuyuca,1812,-yã-,Phonemic,"try, attempt",,,,
17-490-257-1,tuyu1244,Tuyuca,488,bi'i-ro,Phonemic,"way, manner",,,,
17-540-257-1,tuyu1244,Tuyuca,1014,[o],Phonemic,or,,From Portuguese 'ou'.,,
17-610-257-1,tuyu1244,Tuyuca,1239,de'e-ro,Phonemic,how?,,,,
17-620-257-1,tuyu1244,Tuyuca,822,dõ'kẽ,Phonemic,how many?,,,,
17-630-257-1,tuyu1244,Tuyuca,531,dõ'kẽ,Phonemic,how much?,,,,
17-640-257-1,tuyu1244,Tuyuca,1236,yẽ'ẽ,Phonemic,what?,,,,
17-650-257-1,tuyu1244,Tuyuca,1238,de'e-bi-ri,Phonemic,when?,,,,
17-660-257-1,tuyu1244,Tuyuca,1237,dõ'õ,Phonemic,where?,,,,
17-670-257-1,tuyu1244,Tuyuca,727,dĩ'ĩ,Phonemic,which?,,,,
17-680-257-1,tuyu1244,Tuyuca,1235,dõ'ã,Phonemic,who?,,*TUC-BRS-TYC form is *dõã.,,
17-690-257-1,tuyu1244,Tuyuca,1270,de'e-ro ti'i,Phonemic,why?,,,,
18-110-257-1,tuyu1244,Tuyuca,1363,we'dese-re,Phonemic,voice,,,,
18-120-257-1,tuyu1244,Tuyuca,1261,ba'sa,Phonemic,sing,,Also means 'dance' 10.440.,,
18-130-257-1,tuyu1244,Tuyuca,715,akari'bi,Phonemic,"shout, cry out",,,,
18-150-257-1,tuyu1244,Tuyuca,55,'pee-ro-gã we'dese,Phonemic,whisper,,,,
18-160-257-1,tuyu1244,Tuyuca,128,ũ'dũdĩ,Phonemic,mumble,,,,
18-170-257-1,tuyu1244,Tuyuca,1025,wĩ'bõ,Phonemic,whistle,,,,
18-180-257-1,tuyu1244,Tuyuca,298,akari'bi,Phonemic,"shriek, screech",,,,
18-210-257-1,tuyu1244,Tuyuca,1623,we'dese,Phonemic,"speak, talk",,,,
18-211-257-1,tuyu1244,Tuyuca,1866,ku'ku,Phonemic,"stutter, stammer",,,,
18-220-257-1,tuyu1244,Tuyuca,1458,hĩ'ĩ,Phonemic,say,,*TUC-BRS-TYC form is *hĩĩ- / *dĩĩ-.,,
18-221-257-1,tuyu1244,Tuyuca,1711,keti-we'de,Phonemic,tell story,,Lit. 'story-tell'.,,
18-222-257-1,tuyu1244,Tuyuca,1115,we'de,Phonemic,speech (make a),,Also means 'explain' 17.380; 'announce' 18.430.,,
18-230-257-1,tuyu1244,Tuyuca,48,dita-bã'dĩ,Phonemic,silent (be),,,,
18-240-257-1,tuyu1244,Tuyuca,1307,-ye,Phonemic,language,,,,
18-280-257-1,tuyu1244,Tuyuca,1405,wã'bẽ,Phonemic,name,,,,
18-310-257-1,tuyu1244,Tuyuca,1309,sãĩ'yã,Phonemic,"ask (question, inquire)",,,,
18-320-257-1,tuyu1244,Tuyuca,1275,yɨ'ɨ,Phonemic,answer,,,,
18-350-257-1,tuyu1244,Tuyuca,1828,sã'ĩ,Phonemic,"ask, request",,,,
18-390-257-1,tuyu1244,Tuyuca,299,tu'ti,Phonemic,"rebuke, scold",,,,
18-410-257-1,tuyu1244,Tuyuca,1084,pi'su,Phonemic,call (=summon),,,,
18-420-257-1,tuyu1244,Tuyuca,180,wã'bẽ-kɨti,Phonemic,call (=name),,Lit. 'name-have'.,,
18-430-257-1,tuyu1244,Tuyuca,9,we'de,Phonemic,announce,,,,
18-440-257-1,tuyu1244,Tuyuca,1192,'paa-keo,Phonemic,threaten,,"Means 'threaten with movements', lit. 'hit-imitation'.",,
18-510-257-1,tuyu1244,Tuyuca,1672,'hoa,Phonemic,write,,,,
18-520-257-1,tuyu1244,Tuyuca,724,[pa'pera] ĩ'yã,Phonemic,read,,From Portuguese 'papel'.,,
18-560-257-1,tuyu1244,Tuyuca,648,[pa'pera],Phonemic,paper,,From Portuguese 'papel'.,,
18-570-257-1,tuyu1244,Tuyuca,794,'hoa-ri-gɨ,Phonemic,pen,,Means 'writing-stick'.,,
18-610-257-1,tuyu1244,Tuyuca,963,[pa'pera]-tuti,Phonemic,book,,From Portuguese 'papel'.,,
18-710-257-1,tuyu1244,Tuyuca,777,tõõ-rõ-ri-wɨ,Phonemic,flute,,,,
18-720-257-1,tuyu1244,Tuyuca,908,yu'kɨ-tuti,Phonemic,drum,,*TUC-BRS-TYC form is *toʔatɨ / *toti / *tuti.,,
18-740-257-1,tuyu1244,Tuyuca,300,yã'sã-gã,Phonemic,rattle,,*TUC-BRS-TYC form is *yãsã.,,
19-110-257-1,tuyu1244,Tuyuca,1300,di'ta,Phonemic,country,,Also means 'earth' 01.212.,,
19-150-257-1,tuyu1244,Tuyuca,1391,bã'kã,Phonemic,"city, town",,,,
19-160-257-1,tuyu1244,Tuyuca,930,bã'kã,Phonemic,village,,*TUC-BRS-TYC form is *bã'kã.,,
19-170-257-1,tuyu1244,Tuyuca,1010,di'ta-'taa-ri-ro,Phonemic,boundary,,,,
19-210-257-1,tuyu1244,Tuyuca,789,baso'ka,Phonemic,people (populace),,,,
19-230-257-1,tuyu1244,Tuyuca,302,-bu,Phonemic,"tribe, clan",,,,
19-240-257-1,tuyu1244,Tuyuca,301,sɨo-'dĩ-gɨ̃,Phonemic,"chief, chieftain",,,,
19-250-257-1,tuyu1244,Tuyuca,1296,tuu-'ri-tua-ri-gɨ,Phonemic,"staff, walking stick",,,,
19-310-257-1,tuyu1244,Tuyuca,1846,du'ti,Phonemic,"rule, govern",,Lit. 'command' 19.450.,,
19-320-257-1,tuyu1244,Tuyuca,1508,õ'pɨ̃,Phonemic,"king, ruler",,Means 'owner (masc.)'.,,
19-330-257-1,tuyu1244,Tuyuca,1306,õ'põ,Phonemic,queen,,Means 'owner (fem.)'.,,
19-410-257-1,tuyu1244,Tuyuca,383,pe'ka-sɨ̃,Phonemic,master,,Lit. 'white man'.,,
19-430-257-1,tuyu1244,Tuyuca,255,pa'de-kote-gɨ,Phonemic,servant,,,,
19-450-257-1,tuyu1244,Tuyuca,1128,du'ti,Phonemic,"command, order",,,,
19-460-257-1,tuyu1244,Tuyuca,1635,yɨ'ɨ,Phonemic,obey,,Lit. 'answer' 18.320.,,
19-510-257-1,tuyu1244,Tuyuca,1325,-bẽdã bã'kɨ̃,Phonemic,"friend, companion",,,,
19-520-257-1,tuyu1244,Tuyuca,1358,wã'pã-gɨ̃,Phonemic,enemy,,,,
19-540-257-1,tuyu1244,Tuyuca,1332,bã'rĩ-pɨto-bãkɨ̃,Phonemic,neighbor,,,,
19-550-257-1,tuyu1244,Tuyuca,791,ape-dita-bã'kɨ̃,Phonemic,stranger,,,,
19-560-257-1,tuyu1244,Tuyuca,1782,hea-'gɨ,Phonemic,guest,,,,
19-570-257-1,tuyu1244,Tuyuca,1545,wii-õ'pɨ̃,Phonemic,host,,,,
19-580-257-1,tuyu1244,Tuyuca,1897,tii-'apu,Phonemic,"help, aid",,,,
19-590-257-1,tuyu1244,Tuyuca,1550,kãbõ'ta,Phonemic,"hinder, prevent",,,,
19-610-257-1,tuyu1244,Tuyuca,1747,tii-'re-kɨti-re,Phonemic,custom,,,,
19-620-257-1,tuyu1244,Tuyuca,1848,kãbẽ-'ri-tuti-re,Phonemic,"strife, quarrel",,,,
19-650-257-1,tuyu1244,Tuyuca,1831,bo'ka,Phonemic,meet,,,,
20-110-257-1,tuyu1244,Tuyuca,1423,kãbẽ-'rĩ-kẽ,Phonemic,fight (vb),,,,
20-130-257-1,tuyu1244,Tuyuca,579,kãbẽ-'rĩ-sĩã,Phonemic,"war, battle",,,,
20-140-257-1,tuyu1244,Tuyuca,1338,ã'yũ-rõ dĩĩ-'re,Phonemic,peace,,,,
20-150-257-1,tuyu1244,Tuyuca,1561,[su'rara],Phonemic,army,,From Portuguese 'soldado'.,,
20-170-257-1,tuyu1244,Tuyuca,1941,[su'rara],Phonemic,soldier,,From Portuguese 'soldado'.,,
20-210-257-1,tuyu1244,Tuyuca,951,be'su,Phonemic,"weapons, arms",,"Refers to arrows, spears, etc.",,
20-220-257-1,tuyu1244,Tuyuca,1763,yu'kɨ-dɨka,Phonemic,club,,,,
20-240-257-1,tuyu1244,Tuyuca,994,bɨ'e-ri-pĩ,Phonemic,bow,,*TUC-BRS-TYC form is *bɨe- / *bɨa-.,,
20-250-257-1,tuyu1244,Tuyuca,977,kã'dɨ̃-gɨ̃,Phonemic,arrow,,,,
20-260-257-1,tuyu1244,Tuyuca,945,[sa'kaya],Phonemic,spear,,From Portuguese 'zagaia'.,,
20-280-257-1,tuyu1244,Tuyuca,1566,pe'ka-wɨ,Phonemic,"gun, cannon",,,,
20-420-257-1,tuyu1244,Tuyuca,782,do'ka-kũbũ,Phonemic,defeat,,,,
20-440-257-1,tuyu1244,Tuyuca,1330,kãbõ'ta,Phonemic,defend,,,,
20-450-257-1,tuyu1244,Tuyuca,421,'duu-di,Phonemic,retreat,,,,
20-470-257-1,tuyu1244,Tuyuca,1072,[pe'resu] dĩĩ-'gɨ̃,Phonemic,"captive, prisoner",,From Portuguese 'preso'.,,
20-471-257-1,tuyu1244,Tuyuca,1940,kote-'gɨ,Phonemic,"guard, sentinel",,,,
20-510-257-1,tuyu1244,Tuyuca,1858,wa'i sĩã-'gɨ̃,Phonemic,fisherman,,,,
20-520-257-1,tuyu1244,Tuyuca,1074,we'e-ri-ge,Phonemic,fishhook,,*TUC-BRS-TYC form is *wehe-.,,
20-530-257-1,tuyu1244,Tuyuca,19,we'e-ri-kãdõ,Phonemic,fishing line,,,,
20-540-257-1,tuyu1244,Tuyuca,388,ba'pi,Phonemic,fishnet,,,,
20-550-257-1,tuyu1244,Tuyuca,389,a'ruka,Phonemic,fish trap,,,,
20-560-257-1,tuyu1244,Tuyuca,2013,wa'i wee-'re,Phonemic,bait,,,,
20-610-257-1,tuyu1244,Tuyuca,1435,'waikɨ-ra sĩã,Phonemic,hunt,,,,
20-620-257-1,tuyu1244,Tuyuca,1172,pe'ka-sã,Phonemic,shoot,,,,
20-630-257-1,tuyu1244,Tuyuca,161,ape-ro-'pɨ pe'ka-sã,Phonemic,miss (target),,,,
20-640-257-1,tuyu1244,Tuyuca,1075,'yoo-re,Phonemic,trap (noun),,,,
20-650-257-1,tuyu1244,Tuyuca,1170,'yoo,Phonemic,trap (vb),,,,
21-160-257-1,tuyu1244,Tuyuca,1818,ĩ'yã-bese,Phonemic,judge (vb),,,,
21-180-257-1,tuyu1244,Tuyuca,861,ke'ti bese'gɨ,Phonemic,judge (noun),,Lit. 'story choosing.one'.,,
21-210-257-1,tuyu1244,Tuyuca,2020,we'de-sã-gɨ̃,Phonemic,plaintiff,,,,
21-230-257-1,tuyu1244,Tuyuca,1144,ĩ'yã-ri-gɨ,Phonemic,witness,,,,
21-240-257-1,tuyu1244,Tuyuca,1939,dĩĩ-'rõ-rã hĩ'ĩ,Phonemic,swear,,,,
21-250-257-1,tuyu1244,Tuyuca,1712,dĩĩ-'rõ-rã hĩĩ-'re,Phonemic,oath,,,,
21-310-257-1,tuyu1244,Tuyuca,1814,we'de-sã,Phonemic,accuse,,,,
21-350-257-1,tuyu1244,Tuyuca,1682,wa'pa kɨo-'gɨ,Phonemic,guilty,,,,
21-360-257-1,tuyu1244,Tuyuca,90,wa'pa kɨo-'e-gɨ,Phonemic,innocent,,,,
21-370-257-1,tuyu1244,Tuyuca,390,yã'yã-ro tii-'re,Phonemic,"penalty, punishment",,,,
21-390-257-1,tuyu1244,Tuyuca,1281,[pe'resu]-wi,Phonemic,"prison, jail",,From Portuguese 'preso'.,,
21-420-257-1,tuyu1244,Tuyuca,845,sĩ'ã,Phonemic,murder,,Lit. 'kill' 04.760.,,
21-460-257-1,tuyu1244,Tuyuca,1889,'soe,Phonemic,arson,,Lit. 'burn (trans. vb)' 01.851.,,
21-470-257-1,tuyu1244,Tuyuca,1792,hĩ'ĩ-dito,Phonemic,perjury,,Lit. 'lie' 16.670.,,
21-510-257-1,tuyu1244,Tuyuca,713,ya'a,Phonemic,steal,,,,
21-520-257-1,tuyu1244,Tuyuca,1160,yaa-'ri-basokɨ,Phonemic,thief,,,,
22-120-257-1,tuyu1244,Tuyuca,1944,kõ'ãbãkɨ̃,Phonemic,God,,"Refers to a legendary hero, and is used to refer to God.",,
22-130-257-1,tuyu1244,Tuyuca,911,kõ'ãbãkɨ̃-wi,Phonemic,"temple, church",,,,
22-170-257-1,tuyu1244,Tuyuca,24,'suu-buse,Phonemic,pray,,,,
22-180-257-1,tuyu1244,Tuyuca,852,[pa'i],Phonemic,priest,,From Portuguese 'pai'.,,
22-240-257-1,tuyu1244,Tuyuca,8,do'a,Phonemic,curse,,,,
22-260-257-1,tuyu1244,Tuyuca,303,be'ti,Phonemic,fast (vb),,,,
22-310-257-1,tuyu1244,Tuyuca,1565,kõ'ãbãkɨ̃-pɨto,Phonemic,heaven,,,,
22-320-257-1,tuyu1244,Tuyuca,878,pe'ka-bẽ-pɨ,Phonemic,hell,,,,
22-350-257-1,tuyu1244,Tuyuca,1973,wã'tĩ,Phonemic,demon (evil spirit),,,,
22-430-257-1,tuyu1244,Tuyuca,2137,'yai,Phonemic,"sorcerer, witch",,,,
22-450-257-1,tuyu1244,Tuyuca,1175,wã'tĩ,Phonemic,"ghost, phantom",,,,
