ID,Language_ID,Language_name,Parameter_ID,Value,Transcription,Concept,Source,Comment,AlternativeValue,AlternativeTranscription
14-320-802-1,blan1242,Bulang-2,1852,lu.31 ləŋ.33,phonetic,often,,,,
14-310-802-1,blan1242,Bulang-2,1676,lu.31 ləŋ.33,phonetic,always,,,,
14-280-802-1,blan1242,Bulang-2,1928,sət.33,phonetic,"cease, stop",,,,
14-270-802-1,blan1242,Bulang-2,1766,vai.51 kɔk.31 hɔik.51,phonetic,finish,,,,
14-260-802-1,blan1242,Bulang-2,743,ha.31 hɔik.51,phonetic,end (temporal),,,,
14-252-802-1,blan1242,Bulang-2,1186,kap.31 pɛn.33 ćhoi.33,phonetic,"last, endure",,,,
14-250-802-1,blan1242,Bulang-2,1806,khraŋ.33 kɔ.33,phonetic,"begin, beginning",,,,
14-240-802-1,blan1242,Bulang-2,425,taŋ.31 kɔ.51,phonetic,"retard, delay",,,,
14-230-802-1,blan1242,Bulang-2,754,vɛi.33 lɛi.33,phonetic,"hasten, hurry",,,,
14-220-802-1,blan1242,Bulang-2,701,mət.33,phonetic,slow,,,,
14-210-802-1,blan1242,Bulang-2,1631,vɛi.33,phonetic,"swift, fast, quick",,,,
14-190-802-1,blan1242,Bulang-2,1963,bat.33 nəi.31 jam.51,phonetic,immediately,,,,
14-180-802-1,blan1242,Bulang-2,1376,na.31 jam.51 ʔi.51,phonetic,now,,,,
14-180-802-2,blan1242,Bulang-2,1376,nəi.31 jam.51,phonetic,now,,,,
14-170-802-1,blan1242,Bulang-2,477,puər.51,phonetic,late,,,,
14-170-802-2,blan1242,Bulang-2,477,ha.51 la.31,phonetic,late,,,,
14-160-802-1,blan1242,Bulang-2,672,ćau.31,phonetic,early,,,,
14-150-802-1,blan1242,Bulang-2,1229,sa.31 that.33,phonetic,old,,,,
14-140-802-1,blan1242,Bulang-2,1207,nhum.33,phonetic,young,,,,
14-120-802-1,blan1242,Bulang-2,1789,(nəp.55) ńen.51 ći.33,phonetic,age,,,,
14-130-802-1,blan1242,Bulang-2,1231,ṣu.31,phonetic,new,,,,
14-110-802-1,blan1242,Bulang-2,892,khrau.51 jam.51,phonetic,time,,,,
13-440-802-1,blan1242,Bulang-2,417,ʔuoi.51 hɔn.51,phonetic,three times,,,,
13-420-802-1,blan1242,Bulang-2,1859,ti.31 saŋ.33,phonetic,third,,,,
13-380-802-1,blan1242,Bulang-2,1546,ʔa.31 hɔn.51,phonetic,two times,,,,
13-370-802-1,blan1242,Bulang-2,1888,kuk.33,phonetic,pair,,,,
13-360-802-1,blan1242,Bulang-2,1384,ti.31 ʔə.31,phonetic,second,,,,
13-350-802-1,blan1242,Bulang-2,1529,mak.51 fai.31 khlir.51,phonetic,last,,,,
13-340-802-1,blan1242,Bulang-2,728,ti.31 ji.31,phonetic,first,,,,
13-330-802-1,blan1242,Bulang-2,1580,kiak.51,phonetic,"alone, only",,,,
13-330-802-2,blan1242,Bulang-2,1580,khian.31,phonetic,"alone, only",,,,
13-240-802-1,blan1242,Bulang-2,816,mu.51 pla.51,phonetic,half,,,,
13-230-802-1,blan1242,Bulang-2,779,mu.51 bhla.51,phonetic,"part, piece",,,,
13-220-802-1,blan1242,Bulang-2,1624,ri.51,phonetic,empty,,,,
13-210-802-1,blan1242,Bulang-2,1429,nɔk.51,phonetic,full,,,,
13-190-802-1,blan1242,Bulang-2,2023,phuŋ.51 ʔu.51,phonetic,"multitude, crowd",,,,
13-181-802-1,blan1242,Bulang-2,1241,mu.51 bhla.51,phonetic,some,,,,
13-170-802-1,blan1242,Bulang-2,1242,kleu.31,phonetic,"little (quantity), few",,,,
13-180-802-1,blan1242,Bulang-2,1881,pɔ.51,phonetic,enough,,,,
13-180-802-3,blan1242,Bulang-2,1881,vai.31 pɔ.51,phonetic,enough,,,,
13-160-802-1,blan1242,Bulang-2,1992,mak.51 ńau.31,phonetic,more,,,,
13-150-802-1,blan1242,Bulang-2,1198,ńau.31,phonetic,"much, many",,,,
13-140-802-1,blan1242,Bulang-2,98,c̣am.33 kauk.31,phonetic,"every, all",,,,
13-107-802-1,blan1242,Bulang-2,1420,ʔan.31,phonetic,count,,,,
13-106-802-1,blan1242,Bulang-2,1843,ṣreŋ.33,phonetic,thousand,,,,
13-105-802-1,blan1242,Bulang-2,1634,pak.31,phonetic,hundred,,,,
13-104-802-1,blan1242,Bulang-2,1710,sau.51,phonetic,twenty,,,,
13-103-802-1,blan1242,Bulang-2,1709,sip.33 ha.51,phonetic,fifteen,,,,
13-102-802-1,blan1242,Bulang-2,1707,sip.33 sɔŋ.51,phonetic,twelve,,,,
13-101-802-1,blan1242,Bulang-2,1706,sip.33 ʔet.33,phonetic,eleven,,,,
13-100-802-1,blan1242,Bulang-2,1515,sip.33,phonetic,ten,,,,
12-930-802-1,blan1242,Bulang-2,1264,piɛn.31,phonetic,change,,,,
12-920-802-1,blan1242,Bulang-2,1558,siaŋ.31,phonetic,"like, similar",,,,
12-840-802-1,blan1242,Bulang-2,1048,ćhi.51,phonetic,line,,,,
12-850-802-1,blan1242,Bulang-2,1667,dhu.51,phonetic,hole,,,,
12-830-802-1,blan1242,Bulang-2,1845,ćhiu.31,phonetic,"sphere, ball",,,,
12-810-802-1,blan1242,Bulang-2,1395,(raŋ.33) mon.51,phonetic,round,,,,
12-820-802-1,blan1242,Bulang-2,1467,mon.51,phonetic,circle,,,,
12-780-802-1,blan1242,Bulang-2,850,si.31 fai.31,phonetic,square,,,,
12-760-802-1,blan1242,Bulang-2,192,krək.33,phonetic,corner,,,,
12-750-802-1,blan1242,Bulang-2,1071,ghuak.51,phonetic,hook,,,,
12-750-802-2,blan1242,Bulang-2,1071,fak.51,phonetic,hook,,,,
12-740-802-1,blan1242,Bulang-2,297,khuak.31,phonetic,crooked,,,,
12-730-802-1,blan1242,Bulang-2,1404,sɨ.31,phonetic,straight,,,,
12-710-802-1,blan1242,Bulang-2,1633,lhək.33,phonetic,flat,,,,
12-680-802-1,blan1242,Bulang-2,193,diər.51,phonetic,shallow,,,,
12-680-802-3,blan1242,Bulang-2,193,dir.51,phonetic,shallow,,,,
12-670-802-1,blan1242,Bulang-2,1593,gru.51,phonetic,deep,,,,
12-650-802-1,blan1242,Bulang-2,2249,hir.33,phonetic,thin (in dimension),,,,
12-630-802-1,blan1242,Bulang-2,1244,sət.31,phonetic,thick (in dimension),,,,
12-620-802-1,blan1242,Bulang-2,1267,tip.33,phonetic,narrow,,,,
12-610-802-1,blan1242,Bulang-2,1243,va.51,phonetic,"wide, broad",,,,
12-590-802-1,blan1242,Bulang-2,1645,tuat.33,phonetic,short,,,,
12-580-802-1,blan1242,Bulang-2,711,lheŋ.51,phonetic,tall,,,,
12-570-802-1,blan1242,Bulang-2,1203,jau.51,phonetic,long,,,,
12-560-802-1,blan1242,Bulang-2,1246,ʔiɛn.31,phonetic,"small, little",,,,
12-550-802-1,blan1242,Bulang-2,1202,ʔat.33,phonetic,"large, big",,,,
12-541-802-1,blan1242,Bulang-2,81,ʒ̣har.51,phonetic,"span, fathom",,,,
12-530-802-1,blan1242,Bulang-2,479,saŋ.33 ʔat.33,phonetic,grow,,,,
12-460-802-1,blan1242,Bulang-2,1817,fai.31 ŋai.51 sa.31 ŋi.51 khlut.31,phonetic,west,,,,
12-450-802-1,blan1242,Bulang-2,1877,fai.31 ŋai.51 sa.31 ŋi.51 li.31,phonetic,east,,,,
12-430-802-1,blan1242,Bulang-2,1942,dɛ.31,phonetic,near (adv),,,,
12-430-802-2,blan1242,Bulang-2,1942,sa.31 ŋai.51,phonetic,near (adv),,,,
12-420-802-1,blan1242,Bulang-2,244,fai.31 vɛ.33,phonetic,left (side),,,,
12-410-802-1,blan1242,Bulang-2,1019,fai.31 sat.33,phonetic,right (side),,,,
12-370-802-1,blan1242,Bulang-2,1093,thuk.33 thiak.33,phonetic,"middle, center",,,,
12-370-802-2,blan1242,Bulang-2,1093,ʔa.31 sem.51,phonetic,"middle, center",,,,
12-360-802-1,blan1242,Bulang-2,682,briak.51,phonetic,side,,,,
12-360-802-2,blan1242,Bulang-2,682,briak.51 ʔa.51 fai.31,phonetic,side,,,,
12-353-802-1,blan1242,Bulang-2,863,briak.51,phonetic,edge,,,,
12-353-802-2,blan1242,Bulang-2,863,muə.55 briak.51,phonetic,edge,,,,
12-352-802-1,blan1242,Bulang-2,372,bhɛk.51,phonetic,pointed,,,,
12-350-802-1,blan1242,Bulang-2,742,guai.33 vɛŋ.51,phonetic,end,,,,
12-340-802-1,blan1242,Bulang-2,690,thlui.33 fai.31,phonetic,bottom,,,,
12-320-802-1,blan1242,Bulang-2,721,tiɛm.51,phonetic,low,,,,
12-330-802-1,blan1242,Bulang-2,1753,gɔi.33 vɛŋ.51,phonetic,top,,,,
12-310-802-1,blan1242,Bulang-2,1265,lheŋ.31,phonetic,high,,,,
12-270-802-1,blan1242,Bulang-2,602,suək.51,phonetic,"hide, conceal",,,,
12-270-802-3,blan1242,Bulang-2,602,khruan.31 suək.51,phonetic,"hide, conceal",,,,
12-250-802-1,blan1242,Bulang-2,1046,khraŋ.33,phonetic,"shut, close",,,,
12-250-802-2,blan1242,Bulang-2,1046,mit.51,phonetic,"shut, close",,,,
12-260-802-1,blan1242,Bulang-2,761,ṣu.51,phonetic,cover,,,,
12-240-802-1,blan1242,Bulang-2,1156,pɨt.33,phonetic,open,,,,
12-232-802-1,blan1242,Bulang-2,1119,miaŋ.33,phonetic,divide,,,,
12-232-802-3,blan1242,Bulang-2,1119,hua.33 miaŋ.33,phonetic,divide,,,,
12-230-802-1,blan1242,Bulang-2,1359,miaŋ.33,phonetic,separate,,,,
12-220-802-1,blan1242,Bulang-2,1743,kap.31,phonetic,"join, unite",,,,
12-213-802-1,blan1242,Bulang-2,1576,gɔŋ.51 saŋ.31,phonetic,pile up,,,,
12-212-802-1,blan1242,Bulang-2,371,ćhip.31,phonetic,pick up,,,,
12-210-802-1,blan1242,Bulang-2,7,səu.31 khruan.51,phonetic,"collect, gather",,,,
12-170-802-1,blan1242,Bulang-2,838,si.31,phonetic,"remains, left overs",,,,
12-160-802-1,blan1242,Bulang-2,987,ʔot.51 (ta.31 kaŋ.51),phonetic,"remain, stay",,,,
12-150-802-1,blan1242,Bulang-2,1442,ʒ̣rik.33,phonetic,stand,,,,
12-140-802-1,blan1242,Bulang-2,215,dɨr.31,phonetic,lie down,,,,
12-130-802-1,blan1242,Bulang-2,1416,ćhok.51,phonetic,sit,,,,
12-120-802-1,blan1242,Bulang-2,998,ʔut.55,phonetic,put,,,,
12-110-802-1,blan1242,Bulang-2,723,pai.51 məŋ.51,phonetic,place,,,,
11-920-802-1,blan1242,Bulang-2,1098,phiuk.51,phonetic,weigh,,,,
11-910-802-1,blan1242,Bulang-2,884,miaŋ.31,phonetic,share (distribute),,,,
11-890-802-1,blan1242,Bulang-2,1887,po.51,phonetic,cheap,,,,
11-880-802-1,blan1242,Bulang-2,1426,ŋur.51,phonetic,"dear (costly, expensive)",,,,
11-870-802-1,blan1242,Bulang-2,657,khar.55,phonetic,price,,,,
11-870-802-2,blan1242,Bulang-2,657,ʒ́aŋ.51,phonetic,price,,,,
11-860-802-1,blan1242,Bulang-2,752,ti.31 roi.51 krəŋ.33,phonetic,"store, shop",,,,
11-850-802-1,blan1242,Bulang-2,633,ʔa.31 lha.51,phonetic,market (place),,,,
11-840-802-1,blan1242,Bulang-2,1082,ʔu.51 gur.33,phonetic,merchant,,,,
11-830-802-1,blan1242,Bulang-2,2135,gur.33,phonetic,"trade, barter",,,,
11-820-802-1,blan1242,Bulang-2,1571,roi.51,phonetic,sell,,,,
11-810-802-1,blan1242,Bulang-2,1869,liak.51,phonetic,buy,,,,
11-790-802-1,blan1242,Bulang-2,733,ćuan.31 sɔk.51 mhur.55,phonetic,earn,,,,
11-780-802-1,blan1242,Bulang-2,1122,ʒ́aŋ.51 riaŋ.51,phonetic,wages,,,,
11-770-802-1,blan1242,Bulang-2,856,khun.51 khra.31,phonetic,hire,,,,
11-690-802-1,blan1242,Bulang-2,873,sui.31,phonetic,"tax, tribute",,,,
11-660-802-1,blan1242,Bulang-2,1081,suan.31 rap.33,phonetic,"account, reckoning",,,,
11-650-802-1,blan1242,Bulang-2,718,ʔɔi.51 ʒ́aŋ.51,phonetic,pay (vb),,,,
11-640-802-1,blan1242,Bulang-2,1914,rap.33,phonetic,debt,,,,
11-630-802-1,blan1242,Bulang-2,369,c̣ha.31,phonetic,owe,,,,
11-620-802-1,blan1242,Bulang-2,1823,vai.51 lup.31,phonetic,borrow,,,,
11-620-802-2,blan1242,Bulang-2,1823,vai.51 juŋ.31,phonetic,borrow,,,,
11-610-802-1,blan1242,Bulang-2,582,vai.51 li.31,phonetic,lend,,,,
11-540-802-1,blan1242,Bulang-2,1774,rai.31,phonetic,"avaricious, stingy",,,,
11-530-802-1,blan1242,Bulang-2,1934,hɔ.51 jɔk.33,phonetic,beggar,,,,
11-520-802-1,blan1242,Bulang-2,1674,ćək.31 khoi.51 mhur.55,phonetic,poor,,,,
11-510-802-1,blan1242,Bulang-2,712,khoi.51 mhur.55,phonetic,rich,,,,
11-510-802-2,blan1242,Bulang-2,712,mi.51,phonetic,rich,,,,
11-440-802-1,blan1242,Bulang-2,1867,mhur.55 hek.31,phonetic,coin,,,,
11-430-802-1,blan1242,Bulang-2,1559,mhur.55,phonetic,money,,,,
11-330-802-1,blan1242,Bulang-2,1660,piak.31 tek.31,phonetic,lose,,,,
11-320-802-1,blan1242,Bulang-2,719,sɔk.51 ćam.33,phonetic,find,,,,
11-310-802-1,blan1242,Bulang-2,1468,sɔk.51,phonetic,"seek, look for",,,,
11-280-802-1,blan1242,Bulang-2,44,ha.51 lu.31,phonetic,"harm, injure, damage",,,,
11-270-802-1,blan1242,Bulang-2,681,ći.51 tei.33 lu.31,phonetic,destroy,,,,
11-250-802-1,blan1242,Bulang-2,2008,ćiu.31,phonetic,"save, rescue",,,,
11-240-802-1,blan1242,Bulang-2,1997,pam.55,phonetic,"preserve, look after",,,,
11-240-802-2,blan1242,Bulang-2,1997,tək.33 (liok.33),phonetic,"preserve, look after",,,,
11-220-802-1,blan1242,Bulang-2,85,viɛt.51,phonetic,give back,,,,
11-220-802-2,blan1242,Bulang-2,85,khlai.51 viɛt.51,phonetic,give back,,,,
11-210-802-1,blan1242,Bulang-2,1447,ʔɔi.51,phonetic,give,,,,
11-180-802-1,blan1242,Bulang-2,738,din.33 nəu.33,phonetic,thing,,,,
11-180-802-2,blan1242,Bulang-2,738,krəŋ.33,phonetic,thing,,,,
11-160-802-1,blan1242,Bulang-2,694,pen.51,phonetic,"get, obtain",,,,
11-160-802-2,blan1242,Bulang-2,694,vɛ.33 pen.51,phonetic,"get, obtain",,,,
11-150-802-1,blan1242,Bulang-2,1448,ʒ̣hap.51,phonetic,hold,,,,
11-140-802-1,blan1242,Bulang-2,2021,ʒ̣uat.31 pen.51,phonetic,"seize, grasp",,,,
11-130-802-1,blan1242,Bulang-2,1749,ʔə.51,phonetic,take,,,,
11-130-802-2,blan1242,Bulang-2,1749,lei.33,phonetic,take,,,,
11-120-802-1,blan1242,Bulang-2,684,khoi.33,phonetic,"own, possess",,,,
11-120-802-2,blan1242,Bulang-2,684,khru.33 khoi.51,phonetic,"own, possess",,,,
11-110-802-1,blan1242,Bulang-2,773,khoi.33,phonetic,have,,,,
10-920-802-1,blan1242,Bulang-2,1922,li.31 ta.51 dɔ.51,phonetic,land (vb),,,,
10-920-802-2,blan1242,Bulang-2,1922,dɔ.51 ʔuar.51,phonetic,land (vb),,,,
10-910-802-1,blan1242,Bulang-2,610,dɔ.51 khrɔk.55,phonetic,"harbor, port",,,,
10-890-802-1,blan1242,Bulang-2,1870,sət.33 (nhim.33),phonetic,anchor,,,,
10-831-802-1,blan1242,Bulang-2,1970,lok.51,phonetic,canoe,,,,
10-830-802-1,blan1242,Bulang-2,1844,kram.51 ʔiɛn.33,phonetic,boat,,,,
10-810-802-1,blan1242,Bulang-2,740,kram.55 ʔat.33,phonetic,ship,,,,
10-780-802-1,blan1242,Bulang-2,14,ʔiak.33,phonetic,yoke,,,,
10-770-802-1,blan1242,Bulang-2,1769,ka.51 ka.51,phonetic,axle,,,,
10-760-802-1,blan1242,Bulang-2,710,ćeŋ.51 ka.51,phonetic,wheel,,,,
10-750-802-1,blan1242,Bulang-2,122,ka.51,phonetic,"carriage, wagon, cart",,,,
10-740-802-1,blan1242,Bulang-2,1011,kho.51,phonetic,bridge,,,,
10-720-802-1,blan1242,Bulang-2,2252,gruaŋ.51 ʔiɛn.33,phonetic,path,,,,
10-710-802-1,blan1242,Bulang-2,667,gruaŋ.51,phonetic,road,,,,
10-710-802-3,blan1242,Bulang-2,667,gruaŋ.51 ʔat.33,phonetic,road,,,,
10-670-802-1,blan1242,Bulang-2,1452,dəp.31,phonetic,"push, shove",,,,
10-660-802-1,blan1242,Bulang-2,367,pat.31,phonetic,ride,,,,
10-650-802-1,blan1242,Bulang-2,741,kat.31 ka.51,phonetic,drive,,,,
10-640-802-1,blan1242,Bulang-2,43,paŋ.51 gruaŋ.51,phonetic,lead (vb),,,,
10-630-802-1,blan1242,Bulang-2,1127,pa.51 jak.55,phonetic,send,,,,
10-620-802-1,blan1242,Bulang-2,692,pa.51 lat.31,phonetic,bring,,,,
10-615-802-1,blan1242,Bulang-2,415,ṣiap.51,phonetic,carry-underarm,,,,
10-614-802-1,blan1242,Bulang-2,414,tin.51,phonetic,carry-on-head,,,,
10-613-802-1,blan1242,Bulang-2,413,lhap.33,phonetic,carry-on-shoulder,,,,
10-612-802-1,blan1242,Bulang-2,412,tha.51 ʔiɔi.31,phonetic,carry-in-hand,,,,
10-612-802-2,blan1242,Bulang-2,412,dhuŋ.51 ʔiɔi.31,phonetic,carry-in-hand,,,,
10-610-802-1,blan1242,Bulang-2,700,pa.51,phonetic,carry (bear),,,,
10-610-802-2,blan1242,Bulang-2,700,lei.33,phonetic,carry (bear),,,,
10-570-802-1,blan1242,Bulang-2,749,lup.31 (ʔiak.51),phonetic,enter,,,,
10-560-802-1,blan1242,Bulang-2,1778,jak.55 dɛ.31,phonetic,approach,,,,
10-560-802-2,blan1242,Bulang-2,1778,dɨr.51 dɛ.31,phonetic,approach,,,,
10-550-802-1,blan1242,Bulang-2,1387,(vai.51) c̣am.33,phonetic,"reach, arrive",,,,
10-530-802-1,blan1242,Bulang-2,1047,rɨ.31 phuar.33,phonetic,pursue,,,,
10-520-802-1,blan1242,Bulang-2,1085,huar.33,phonetic,follow,,,,
10-510-802-1,blan1242,Bulang-2,956,ru.51 jak.55,phonetic,flee,,,,
10-491-802-1,blan1242,Bulang-2,485,piak.31,phonetic,disappear,,,,
10-490-802-1,blan1242,Bulang-2,1752,li.31 jak.55,phonetic,"go away, depart",,,,
10-481-802-1,blan1242,Bulang-2,581,pɔk.31 lat.11,phonetic,come back,,,,
10-481-802-2,blan1242,Bulang-2,581,c̣uan.55 lat.11,phonetic,come back,,,,
10-480-802-1,blan1242,Bulang-2,1446,lat.11,phonetic,come,,,,
10-474-802-1,blan1242,Bulang-2,1107,li.31 jak.55,phonetic,go out,,,,
10-473-802-1,blan1242,Bulang-2,2014,jak.55 ćhui.33 fai.31,phonetic,go down,,,,
10-472-802-1,blan1242,Bulang-2,1102,(mir.51) sa.51 jak.55 liŋ.51 fai.31,phonetic,climb,,,,
10-470-802-1,blan1242,Bulang-2,695,jak.55,phonetic,go,,,,
10-471-802-1,blan1242,Bulang-2,705,jak.55 liŋ.51 fai.31,phonetic,go up,,,,
10-460-802-1,blan1242,Bulang-2,1519,ru.51,phonetic,run,,,,
10-451-802-1,blan1242,Bulang-2,366,jak.55 ʔiaŋ.31,phonetic,limp,,,,
10-450-802-1,blan1242,Bulang-2,1443,tɛŋ.31 gruaŋ.51,phonetic,walk,,,,
10-440-802-1,blan1242,Bulang-2,1879,hɔŋ.51 ŋu.31,phonetic,dance,,,,
10-431-802-1,blan1242,Bulang-2,1135,bha.51,phonetic,kick,,,,
10-430-802-1,blan1242,Bulang-2,1829,hɔŋ.51,phonetic,"jump, leap",,,,
10-420-802-1,blan1242,Bulang-2,1324,ʔa.31 khliat.33 juŋ.31 jiaŋ.51,phonetic,"slide, slip",,,,
10-413-802-1,blan1242,Bulang-2,296,ćɔm.31,phonetic,crouch,,,,
10-412-802-1,blan1242,Bulang-2,66,ńok.51 ńɔn.51,phonetic,kneel,,,,
10-410-802-1,blan1242,Bulang-2,96,mir.51,phonetic,"creep, crawl",,,,
10-410-802-2,blan1242,Bulang-2,96,sa.51,phonetic,"creep, crawl",,,,
10-380-802-1,blan1242,Bulang-2,175,phuk.55,phonetic,blow,,,,
10-380-802-2,blan1242,Bulang-2,175,hur.33,phonetic,blow,,,,
10-370-802-1,blan1242,Bulang-2,1441,phɨr.33,phonetic,fly (vb),,,,
10-352-802-1,blan1242,Bulang-2,365,sa.31 khrat.31 ʔom.51,phonetic,splash,,,,
10-351-802-1,blan1242,Bulang-2,119,lɔi.51 ti.51 ʔom.51,phonetic,dive,,,,
10-350-802-1,blan1242,Bulang-2,1439,lɔi.51 ʔom.51,phonetic,swim,,,,
10-350-802-2,blan1242,Bulang-2,1439,sup.33,phonetic,swim,,,,
10-340-802-1,blan1242,Bulang-2,1574,bhɨr.31 laŋ.51,phonetic,float,,,,
10-330-802-1,blan1242,Bulang-2,1088,sa.31 ćiɛt.33,phonetic,sink,,,,
10-320-802-1,blan1242,Bulang-2,2003,laŋ.51,phonetic,flow,,,,
10-260-802-1,blan1242,Bulang-2,1909,ʔiuŋ.51 ʔiaŋ.51 ʔiu.31 ʔiək.51,phonetic,shake,,,,
10-252-802-1,blan1242,Bulang-2,702,rop.31 pen.51,phonetic,catch (ball),,,,
10-252-802-2,blan1242,Bulang-2,702,pen.51,phonetic,catch (ball),,,,
10-250-802-1,blan1242,Bulang-2,1456,viər.33,phonetic,throw,,,,
10-250-802-2,blan1242,Bulang-2,1456,tet.31,phonetic,throw,,,,
10-240-802-1,blan1242,Bulang-2,2253,ʒ́ɛ.51,phonetic,drip,,,,
10-230-802-1,blan1242,Bulang-2,1280,khli.51 ʒ́hui.33,phonetic,fall,,,,
10-230-802-2,blan1242,Bulang-2,1280,drə.51 ʒ́hui.33,phonetic,fall,,,,
10-220-802-1,blan1242,Bulang-2,501,ńɔ.51,phonetic,"raise, lift",,,,
10-210-802-1,blan1242,Bulang-2,568,ńɔ.51 len.51,phonetic,rise,,,,
10-170-802-1,blan1242,Bulang-2,430,c̣uan.55 ʔiu.51 ʔiaŋ.51,phonetic,twist,,,,
10-170-802-2,blan1242,Bulang-2,430,c̣uan.55 ti.33 khuak.51,phonetic,twist,,,,
10-160-802-1,blan1242,Bulang-2,808,khli.31,phonetic,drop (vb),,,,
10-150-802-1,blan1242,Bulang-2,827,phak.33 viər.33,phonetic,roll,,,,
10-140-802-1,blan1242,Bulang-2,1113,puk.31,phonetic,"wind, wrap",,,,
10-130-802-1,blan1242,Bulang-2,1445,c̣uan.55 fai.33 khlia.51,phonetic,turn around,,,,
10-120-802-1,blan1242,Bulang-2,1588,ʔa.31 phliak.51 c̣uan.55,phonetic,turn over,,,,
10-110-802-1,blan1242,Bulang-2,765,ʔiu.51 ʔiaŋ.51,phonetic,move,,,,
10-110-802-2,blan1242,Bulang-2,765,c̣uan.35,phonetic,move,,,,
9-890-802-1,blan1242,Bulang-2,2001,lie.13 ṣak.31,phonetic,paint (vb),,,,
9-840-802-1,blan1242,Bulang-2,1979,ghəp.33,phonetic,chisel,,,,
9-880-802-1,blan1242,Bulang-2,647,ṣak.31,phonetic,paint (noun),,,,
9-830-802-1,blan1242,Bulang-2,1002,raŋ.31 ŋər.33,phonetic,statue,,,,
9-820-802-1,blan1242,Bulang-2,914,mhɔŋ.51 ŋər.33,phonetic,sculptor,,,,
9-810-802-1,blan1242,Bulang-2,228,ŋər.33,phonetic,carve,,,,
9-791-802-1,blan1242,Bulang-2,360,vi.51,phonetic,fan (vb),,,,
9-790-802-1,blan1242,Bulang-2,1971,vi.51,phonetic,fan (noun),,,,
9-780-802-1,blan1242,Bulang-2,293,griaŋ.31 thei.31 jɔi.31,phonetic,netbag,,,,
9-771-802-1,blan1242,Bulang-2,292,tiep.51 siaŋ.51,phonetic,rug,,,,
9-771-802-2,blan1242,Bulang-2,292,paŋ.51 the.31,phonetic,rug,,,,
9-770-802-1,blan1242,Bulang-2,195,fok.31,phonetic,mat,,,,
9-760-802-1,blan1242,Bulang-2,1539,kloi.51,phonetic,basket,,,,
9-750-802-1,blan1242,Bulang-2,1729,thaiŋ.51,phonetic,"weave, plait",,,,
9-740-802-1,blan1242,Bulang-2,604,pɔ.31 li.31,phonetic,glass,,,,
9-730-802-1,blan1242,Bulang-2,1399,dhom.33,phonetic,clay,,,,
9-720-802-1,blan1242,Bulang-2,289,ći.51 raŋ.31,phonetic,mold (clay etc),,,,
9-710-802-1,blan1242,Bulang-2,359,mhɔ.51 ʔɔm.51,phonetic,potter,,,,
9-670-802-1,blan1242,Bulang-2,621,ʔa.31 ŋak.33,phonetic,iron,,,,
9-660-802-1,blan1242,Bulang-2,1825,tɔŋ.51,phonetic,"copper, bronze",,,,
9-650-802-1,blan1242,Bulang-2,759,mhur.33,phonetic,silver,,,,
9-650-802-2,blan1242,Bulang-2,759,khaɨ.33,phonetic,silver,,,,
9-640-802-1,blan1242,Bulang-2,1369,kham.33,phonetic,gold,,,,
9-620-802-1,blan1242,Bulang-2,1648,lhim.51 ʔa.31 ŋak.33,phonetic,anvil,,,,
9-610-802-1,blan1242,Bulang-2,288,liɛn.51 ʔa.31 ŋak.33,phonetic,forge,,,,
9-600-802-1,blan1242,Bulang-2,1001,mhɔ.51 ʔa.31 ŋak.33,phonetic,"smith, blacksmith",,,,
9-560-802-1,blan1242,Bulang-2,1069,ʔom.51 thak.31,phonetic,glue,,,,
9-500-802-1,blan1242,Bulang-2,502,ʔa.31 ŋak.33,phonetic,nail,,,,
9-490-802-1,blan1242,Bulang-2,1481,khuan.51 dak.33,phonetic,hammer,,,,
9-480-802-1,blan1242,Bulang-2,1948,lə.31,phonetic,saw,,,,
9-461-802-1,blan1242,Bulang-2,46,kut.31 ćak.51,phonetic,hollow out,,,,
9-460-802-1,blan1242,Bulang-2,1501,tru.31 ṣuk.33,phonetic,bore,,,,
9-430-802-1,blan1242,Bulang-2,1042,mhɔ.51 si.31,phonetic,carpenter,,,,
9-422-802-1,blan1242,Bulang-2,1361,krəŋ.33 (ʔiuŋ.33),phonetic,tool,,,,
9-380-802-1,blan1242,Bulang-2,245,bhi.31,phonetic,broom,,,,
9-360-802-1,blan1242,Bulang-2,1453,soik.51,phonetic,wash,,,,
9-370-802-1,blan1242,Bulang-2,230,phi.31,phonetic,sweep,,,,
9-350-802-1,blan1242,Bulang-2,1487,kɛ.31,phonetic,pour,,,,
9-343-802-1,blan1242,Bulang-2,1414,thiɛt.51,phonetic,"squeeze, wring",,,,
9-343-802-2,blan1242,Bulang-2,1414,pha.31 jiɛt.51,phonetic,"squeeze, wring",,,,
9-342-802-1,blan1242,Bulang-2,1913,niak.33,phonetic,press,,,,
9-341-802-1,blan1242,Bulang-2,357,hɔi.51,phonetic,hang up,,,,
9-340-802-1,blan1242,Bulang-2,38,ʔaŋ.51,phonetic,spread out,,,,
9-330-802-1,blan1242,Bulang-2,1455,liɛt.51,phonetic,pull,,,,
9-330-802-2,blan1242,Bulang-2,1455,tha.31 ʔɨa.51,phonetic,pull,,,,
9-330-802-3,blan1242,Bulang-2,1455,ruik.31,phonetic,pull,,,,
9-320-802-1,blan1242,Bulang-2,214,jɨ.31 jau.51,phonetic,stretch,,,,
9-310-802-1,blan1242,Bulang-2,1449,ńu.33 ńə.33,phonetic,"rub, wipe",,,,
9-290-802-1,blan1242,Bulang-2,291,phak.31 gu.51,phonetic,"flay, skin",,,,
9-280-802-1,blan1242,Bulang-2,1735,ćhir.51,phonetic,tear,,,,
9-270-802-1,blan1242,Bulang-2,1437,lak.31,phonetic,split,,,,
9-261-802-1,blan1242,Bulang-2,588,bhak.51,phonetic,broken,,,,
9-260-802-1,blan1242,Bulang-2,680,ŋaik.31,phonetic,break,,,,
9-260-802-2,blan1242,Bulang-2,680,bhak.31,phonetic,break,,,,
9-250-802-1,blan1242,Bulang-2,677,məi.33 mɔm.31,phonetic,ax,,,,
9-251-802-1,blan1242,Bulang-2,290,pəŋ.33,phonetic,adze,,,,
9-240-802-1,blan1242,Bulang-2,356,ghip.31,phonetic,"scissors, shears",,,,
9-230-802-1,blan1242,Bulang-2,1352,sak.33,phonetic,knife,,,,
9-223-802-1,blan1242,Bulang-2,1434,tro.51,phonetic,stab,,,,
9-223-802-2,blan1242,Bulang-2,1434,ṣaŋ.51,phonetic,stab,,,,
9-222-802-1,blan1242,Bulang-2,155,kət.33 bhət.51,phonetic,"chop, hew",,,,
9-221-802-1,blan1242,Bulang-2,355,thəik.33 ŋe.51,phonetic,cut down,,,,
9-220-802-1,blan1242,Bulang-2,1432,suai.51,phonetic,cut,,,,
9-220-802-2,blan1242,Bulang-2,1432,tha.31,phonetic,cut,,,,
9-211-802-1,blan1242,Bulang-2,354,lhei.33 thi.51 tui.51,phonetic,pound with fist,,,,
9-210-802-1,blan1242,Bulang-2,2133,tui.51,phonetic,"strike (hit, beat)",,,,
9-192-802-1,blan1242,Bulang-2,760,pək.51,phonetic,knot (noun),,,,
9-192-802-2,blan1242,Bulang-2,760,bhum.51,phonetic,knot (noun),,,,
9-190-802-1,blan1242,Bulang-2,1218,ćhi.51,phonetic,"rope, cord",,,,
9-180-802-1,blan1242,Bulang-2,1627,ćiaŋ.33,phonetic,chain,,,,
9-161-802-1,blan1242,Bulang-2,352,khiar.31,phonetic,untie,,,,
9-160-802-1,blan1242,Bulang-2,1917,kuak.51 pək.51,phonetic,"tie, bind",,,,
9-150-802-1,blan1242,Bulang-2,1470,ʔa.31 niɛp.51,phonetic,fold,,,,
9-140-802-1,blan1242,Bulang-2,2004,khuak.31,phonetic,bend,,,,
9-120-802-1,blan1242,Bulang-2,984,ćiŋ.51 ʒ́hɔ.51,phonetic,work,,,,
9-110-802-1,blan1242,Bulang-2,2575,ći.51,phonetic,"do, make",,,,
8-980-802-1,blan1242,Bulang-2,641,thi.51,phonetic,mushroom,,,,
8-960-802-1,blan1242,Bulang-2,348,bur.33,phonetic,fish poison (root),,,,
8-941-802-1,blan1242,Bulang-2,146,ʔa.31 mɛ.31,phonetic,sugar cane,,,,
8-940-802-1,blan1242,Bulang-2,1927,ṣək.33,phonetic,bamboo,,,,
8-931-802-1,blan1242,Bulang-2,864,pak.51,phonetic,"pumpkin, squash",,,,
8-930-802-1,blan1242,Bulang-2,411,khlik.33,phonetic,gourd,,,,
8-920-802-1,blan1242,Bulang-2,925,ṣu.31 c̣hu.51,phonetic,"tapioca, manioc, cassava",,,,
8-910-802-1,blan1242,Bulang-2,159,sam.51 bɔ.51 c̣haŋ.51,phonetic,sweet potato,,,,
8-850-802-1,blan1242,Bulang-2,346,ŋəp.33 roŋ.33,phonetic,banyan,,,,
8-840-802-1,blan1242,Bulang-2,868,(ŋəp.33) tɔ.31 hɔm.51,phonetic,banana tree,,,,
8-830-802-1,blan1242,Bulang-2,1126,ćiu.31 cɨ.51,phonetic,citrus fruit,,,,
8-810-802-1,blan1242,Bulang-2,1181,khrɔi.33,phonetic,palm tree,,,,
8-760-802-1,blan1242,Bulang-2,345,ʔum.51 si.31,phonetic,sap,,,,
8-750-802-1,blan1242,Bulang-2,1204,gu.51 si.31,phonetic,bark,,,,
8-740-802-1,blan1242,Bulang-2,409,kha.31 si.31,phonetic,forked branch,,,,
8-730-802-1,blan1242,Bulang-2,344,ŋəp.33 si.31,phonetic,tree trunk,,,,
8-720-802-1,blan1242,Bulang-2,241,ŋɔm.51 si.31,phonetic,tree stump,,,,
8-691-802-1,blan1242,Bulang-2,1124,mhɔ.51 sup.31,phonetic,pipe,,,,
8-690-802-1,blan1242,Bulang-2,1689,luat.51,phonetic,smoke (tobacco),,,,
8-690-802-2,blan1242,Bulang-2,1689,sup.31,phonetic,smoke (tobacco),,,,
8-680-802-1,blan1242,Bulang-2,974,sup.31,phonetic,tobacco,,,,
8-670-802-1,blan1242,Bulang-2,343,ćhi.51,phonetic,vine,,,,
8-670-802-2,blan1242,Bulang-2,343,dəu.33 ńian.51,phonetic,vine,,,,
8-660-802-1,blan1242,Bulang-2,968,phli.51 ćiau.33,phonetic,acorn,,,,
8-640-802-1,blan1242,Bulang-2,1740,si.31 gi.31,phonetic,pine,,,,
8-610-802-1,blan1242,Bulang-2,644,si.31 ćiau.33,phonetic,oak,,,,
8-600-802-1,blan1242,Bulang-2,906,si.31,phonetic,tree,,,,
8-570-802-1,blan1242,Bulang-2,239,raŋ.51,phonetic,flower,,,,
8-560-802-1,blan1242,Bulang-2,628,lha.33 si.31,phonetic,leaf,,,,
8-550-802-1,blan1242,Bulang-2,1531,kha.33 si.31,phonetic,branch,,,,
8-540-802-1,blan1242,Bulang-2,670,ŋəp.33,phonetic,root,,,,
8-531-802-1,blan1242,Bulang-2,1486,sɔm.31,phonetic,plant (vb),,,,
8-520-802-1,blan1242,Bulang-2,342,fəŋ.51 khrɔ.31,phonetic,hay,,,,
8-530-802-1,blan1242,Bulang-2,653,si.31 nəu.33,phonetic,plant (noun),,,,
8-510-802-1,blan1242,Bulang-2,606,ńhia.31,phonetic,grass,,,,
8-480-802-1,blan1242,Bulang-2,926,khai.51 paiŋ.51,phonetic,rice,,,,
8-470-802-1,blan1242,Bulang-2,506,c̣ha.51,phonetic,"maize, corn",,,,
8-460-802-1,blan1242,Bulang-2,60,muŋ.51,phonetic,oats,,,,
8-430-802-1,blan1242,Bulang-2,1077,khu.31 so.51,phonetic,wheat,,,,
8-420-802-1,blan1242,Bulang-2,605,ŋɔk.31 ləu.33,phonetic,"grain (barley, oats etc)",,,,
8-410-802-1,blan1242,Bulang-2,611,so.31 pen.51,phonetic,"crop, harvest",,,,
8-350-802-1,blan1242,Bulang-2,223,ti.33 tui.51 ŋɔk.31,phonetic,threshing-floor,,,,
8-340-802-1,blan1242,Bulang-2,285,tui.51 ŋɔk.31,phonetic,thresh,,,,
8-330-802-1,blan1242,Bulang-2,2132,ʔa.31 kɔk.51,phonetic,"sickle, scythe",,,,
8-320-802-1,blan1242,Bulang-2,190,tha.51,phonetic,"mow, reap",,,,
8-320-802-3,blan1242,Bulang-2,190,khruan.51 tha.51,phonetic,"mow, reap",,,,
8-311-802-1,blan1242,Bulang-2,714,sa.31 ma.51,phonetic,seed,,,,
8-310-802-1,blan1242,Bulang-2,748,ćhap.33 sa.31 ma.51,phonetic,sow,,,,
8-270-802-1,blan1242,Bulang-2,338,bhə.51,phonetic,rake,,,,
8-260-802-1,blan1242,Bulang-2,337,ʒ̣ɛ.51,phonetic,fork,,,,
8-250-802-1,blan1242,Bulang-2,284,viak.31,phonetic,hoe,,,,
8-240-802-1,blan1242,Bulang-2,1901,ćhok.31,phonetic,shovel,,,,
8-212-802-1,blan1242,Bulang-2,1794,blauŋ.51 thɛi.33,phonetic,furrow,,,,
8-220-802-1,blan1242,Bulang-2,1418,c̣ak.33,phonetic,dig,,,,
8-210-802-1,blan1242,Bulang-2,1921,thɛi.33,phonetic,plow,,,,
8-170-802-1,blan1242,Bulang-2,2002,rauŋ.33 ʔom.51,phonetic,ditch,,,,
8-160-802-1,blan1242,Bulang-2,1690,ru.31,phonetic,fence,,,,
8-150-802-1,blan1242,Bulang-2,1541,thɛi.33 phə.51,phonetic,"cultivate, till",,,,
8-130-802-1,blan1242,Bulang-2,586,kɛk.33 thu.51,phonetic,garden,,,,
8-120-802-1,blan1242,Bulang-2,212,khuk.33,phonetic,field (for cultivation),,,,
8-110-802-1,blan1242,Bulang-2,979,ʔu.51 ći.51 vet.31,phonetic,farmer,,,,
7-640-802-1,blan1242,Bulang-2,901,thei.55 məŋ.31,phonetic,adobe,,,,
7-640-802-2,blan1242,Bulang-2,901,lɔk.31 lin.51,phonetic,adobe,,,,
7-630-802-1,blan1242,Bulang-2,224,thun.55 ʒ́haik.51,phonetic,mortar,,,,
7-620-802-1,blan1242,Bulang-2,1006,məŋ.31,phonetic,brick,,,,
7-580-802-1,blan1242,Bulang-2,876,ʔa.31 va.51 mon.51,phonetic,arch,,,,
7-610-802-1,blan1242,Bulang-2,877,mho.51 sa.31 mu.31,phonetic,mason,,,,
7-570-802-1,blan1242,Bulang-2,1227,pir.31,phonetic,board,,,,
7-560-802-1,blan1242,Bulang-2,281,lhak.31,phonetic,"post, pole",,,,
7-550-802-1,blan1242,Bulang-2,1132,pɛ.51,phonetic,beam,,,,
7-540-802-1,blan1242,Bulang-2,829,si.31 rɔ.51,phonetic,rafter,,,,
7-540-802-2,blan1242,Bulang-2,829,c̣ak.33,phonetic,rafter,,,,
7-530-802-1,blan1242,Bulang-2,280,pe.51 khuaŋ.51,phonetic,ridgepole,,,,
7-520-802-1,blan1242,Bulang-2,279,tup.31 paŋ.51 bru.51,phonetic,thatch,,,,
7-510-802-1,blan1242,Bulang-2,769,paŋ.51 bru.51,phonetic,roof,,,,
7-510-802-2,blan1242,Bulang-2,769,paŋ.51 kaŋ.51,phonetic,roof,,,,
7-480-802-1,blan1242,Bulang-2,205,ŋɔ.31,phonetic,trough,,,,
7-470-802-1,blan1242,Bulang-2,745,təŋ.31 ləŋ.31,phonetic,shelf,,,,
7-470-802-2,blan1242,Bulang-2,745,pɨm.51,phonetic,shelf,,,,
7-460-802-1,blan1242,Bulang-2,1273,ńɔŋ.31,phonetic,candle,,,,
7-460-802-2,blan1242,Bulang-2,1273,ten.51,phonetic,candle,,,,
7-450-802-1,blan1242,Bulang-2,2131,tən.33,phonetic,"lamp, torch",,,,
7-440-802-1,blan1242,Bulang-2,1775,phɨət.51,phonetic,table,,,,
7-430-802-1,blan1242,Bulang-2,1476,ta.31 ŋak.33,phonetic,chair,,,,
7-422-802-1,blan1242,Bulang-2,806,tiap.51 siaŋ.51,phonetic,blanket,,,,
7-421-802-1,blan1242,Bulang-2,1044,khik.31 geŋ.51,phonetic,pillow,,,,
7-420-802-1,blan1242,Bulang-2,1663,ku.31,phonetic,bed,,,,
7-370-802-1,blan1242,Bulang-2,1464,ʒ́at.33,phonetic,ladder,,,,
7-330-802-1,blan1242,Bulang-2,1305,ti.31 li.31 luə.51 ŋau.33,phonetic,chimney,,,,
7-320-802-1,blan1242,Bulang-2,859,ŋau.33 sau.33,phonetic,stove,,,,
7-310-802-1,blan1242,Bulang-2,185,sau.33,phonetic,fireplace,,,,
7-270-802-1,blan1242,Bulang-2,933,dhik.33,phonetic,wall,,,,
7-260-802-1,blan1242,Bulang-2,1632,(paŋ.51) thei.33,phonetic,floor,,,,
7-260-802-2,blan1242,Bulang-2,1632,piə.31,phonetic,floor,,,,
7-250-802-1,blan1242,Bulang-2,1375,dhu.51 ʔuaŋ.11,phonetic,window,,,,
7-240-802-1,blan1242,Bulang-2,1472,lak.51 sɔ.33,phonetic,key,,,,
7-231-802-1,blan1242,Bulang-2,1012,ʒ́hɛ.31,phonetic,"latch, door-bolt",,,,
7-230-802-1,blan1242,Bulang-2,1596,sɔ.33,phonetic,lock (noun),,,,
7-221-802-1,blan1242,Bulang-2,80,c̣ak.33 ʔa.31 va.51,phonetic,"doorpost, jamb",,,,
7-210-802-1,blan1242,Bulang-2,1450,(khluaŋ.51) kaŋ.51,phonetic,room,,,,
7-220-802-1,blan1242,Bulang-2,1567,ʔa.51 va.51,phonetic,"door, gate",,,,
7-220-802-3,blan1242,Bulang-2,1567,ʔa.51 va.51 ʔat.33,phonetic,"door, gate",,,,
7-170-802-1,blan1242,Bulang-2,334,kaŋ.51 sau.31,phonetic,cookhouse,,,,
7-160-802-1,blan1242,Bulang-2,408,kaŋ.51 məŋ.51,phonetic,men's house,,,,
7-140-802-1,blan1242,Bulang-2,1316,kaŋ.51 kum.31,phonetic,tent,,,,
7-130-802-1,blan1242,Bulang-2,1678,kaŋ.51 ʔiɛn.31,phonetic,hut,,,,
7-120-802-1,blan1242,Bulang-2,1252,kaŋ.51,phonetic,house,,,,
7-110-802-1,blan1242,Bulang-2,363,ʔot.51,phonetic,"dwell, live",,,,
6-960-802-1,blan1242,Bulang-2,1171,c̣am.33,phonetic,mirror,,,,
6-950-802-1,blan1242,Bulang-2,788,ka.51 lau.33,phonetic,soap,,,,
6-930-802-1,blan1242,Bulang-2,151,ghɔiŋ.51 mur.31,phonetic,razor,,,,
6-921-802-1,blan1242,Bulang-2,333,thaiŋ.51,phonetic,braid,,,,
6-920-802-1,blan1242,Bulang-2,1821,thu.31 thə.51,phonetic,brush,,,,
6-910-802-1,blan1242,Bulang-2,1475,sa.31 na.51,phonetic,comb,,,,
6-820-802-1,blan1242,Bulang-2,1021,pha.51 ćiat.31,phonetic,towel,,,,
6-810-802-1,blan1242,Bulang-2,332,pha.51 ćiat.31 ʔiɛn.33,phonetic,"handkerchief, rag",,,,
6-780-802-1,blan1242,Bulang-2,330,ćhi.51 suk.31 khik.33,phonetic,"headband, headdress",,,,
6-770-802-1,blan1242,Bulang-2,770,krip.33,phonetic,earring,,,,
6-750-802-1,blan1242,Bulang-2,1961,koŋ.51,phonetic,necklace,,,,
6-740-802-1,blan1242,Bulang-2,1754,fiɛn.51,phonetic,bracelet,,,,
6-730-802-1,blan1242,Bulang-2,1374,ćɔp.33 lɔp.11,phonetic,ring (for finger),,,,
6-720-802-1,blan1242,Bulang-2,1029,siaŋ.51,phonetic,jewel,,,,
6-710-802-1,blan1242,Bulang-2,917,krəŋ.31 ṣaŋ.51,phonetic,"ornament, adornment",,,,
6-630-802-1,blan1242,Bulang-2,64,ŋhɛ.31 ka.51 la.51,phonetic,pin,,,,
6-620-802-1,blan1242,Bulang-2,757,tum.31,phonetic,button,,,,
6-610-802-1,blan1242,Bulang-2,1851,thoŋ.33,phonetic,pocket,,,,
6-590-802-1,blan1242,Bulang-2,1151,phak.51 khi.11,phonetic,veil,,,,
6-580-802-1,blan1242,Bulang-2,867,ʒ̣hau.33 thi.51,phonetic,glove,,,,
6-570-802-1,blan1242,Bulang-2,772,ćhi.51 dliau.33,phonetic,"belt, girdle",,,,
6-550-802-1,blan1242,Bulang-2,2130,mhɔk.51,phonetic,"hat, cap",,,,
6-540-802-1,blan1242,Bulang-2,875,mhɔ.51 kiɛp.31,phonetic,"shoemaker, cobbler",,,,
6-510-802-1,blan1242,Bulang-2,1381,kiɛp.31,phonetic,shoe,,,,
6-520-802-1,blan1242,Bulang-2,585,kiɛp.31 lheŋ.51,phonetic,boot,,,,
6-490-802-1,blan1242,Bulang-2,329,va.31,phonetic,"stocking, sock",,,,
6-480-802-1,blan1242,Bulang-2,809,dliau.33,phonetic,trousers,,,,
6-461-802-1,blan1242,Bulang-2,328,ńha.31 ńa.31,phonetic,grass-skirt,,,,
6-460-802-1,blan1242,Bulang-2,1600,ńa.31,phonetic,skirt,,,,
6-450-802-1,blan1242,Bulang-2,2012,ghɔ.31 sa.31 pɛ.31,phonetic,collar,,,,
6-440-802-1,blan1242,Bulang-2,1622,sa.31 pɛ.31 khluaŋ.51,phonetic,shirt,,,,
6-430-802-1,blan1242,Bulang-2,603,sa.31 pɛ.31,phonetic,coat,,,,
6-430-802-3,blan1242,Bulang-2,603,sa.31 pɛ.31 ʔat.33,phonetic,coat,,,,
6-420-802-1,blan1242,Bulang-2,474,sa.31 pɛ.31 ńa.31,phonetic,woman's dress,,,,
6-411-802-1,blan1242,Bulang-2,327,su.33 liau.33,phonetic,poncho,,,,
6-390-802-1,blan1242,Bulang-2,157,ruan.33,phonetic,dye,,,,
6-410-802-1,blan1242,Bulang-2,326,vɛ.11,phonetic,cloak,,,,
6-410-802-2,blan1242,Bulang-2,326,khrɔi.33,phonetic,cloak,,,,
6-380-802-1,blan1242,Bulang-2,1161,ćhi.51,phonetic,thread,,,,
6-360-802-1,blan1242,Bulang-2,1382,ŋhɛ.11,phonetic,needle,,,,
6-370-802-1,blan1242,Bulang-2,278,ghlak.33,phonetic,awl,,,,
6-350-802-1,blan1242,Bulang-2,1457,kro.33,phonetic,sew,,,,
6-340-802-1,blan1242,Bulang-2,1787,sa.51 ki.33,phonetic,loom,,,,
6-330-802-1,blan1242,Bulang-2,133,thaiŋ.51,phonetic,weave,,,,
6-320-802-1,blan1242,Bulang-2,277,sa.51 ki.33,phonetic,spindle,,,,
6-310-802-1,blan1242,Bulang-2,121,ći.51 thaiŋ.51,phonetic,spin,,,,
6-290-802-1,blan1242,Bulang-2,629,gu.51,phonetic,leather,,,,
6-280-802-1,blan1242,Bulang-2,580,suk.31 gu.51,phonetic,fur,,,,
6-250-802-1,blan1242,Bulang-2,1641,prɛ.51,phonetic,silk,,,,
6-240-802-1,blan1242,Bulang-2,1850,tai.51,phonetic,cotton,,,,
6-230-802-1,blan1242,Bulang-2,916,ghan.51,phonetic,"linen, flax",,,,
6-220-802-1,blan1242,Bulang-2,964,suk.31,phonetic,wool,,,,
6-210-802-1,blan1242,Bulang-2,1616,ńuat.31,phonetic,cloth,,,,
6-130-802-1,blan1242,Bulang-2,881,khip.31 kro.33,phonetic,tailor,,,,
6-120-802-1,blan1242,Bulang-2,1895,sa.31 pɛ.11,phonetic,"clothing, clothes",,,,
6-110-802-1,blan1242,Bulang-2,158,ćhup.31,phonetic,put on (clothes),,,,
5-971-802-1,blan1242,Bulang-2,1556,ʔiɛn.31 dhap.33,phonetic,egg yolk,,,,
5-970-802-1,blan1242,Bulang-2,744,dhap.33,phonetic,egg,,,,
5-920-802-1,blan1242,Bulang-2,1524,phlo.33 phli.51 bu.51,phonetic,wine,,,,
5-910-802-1,blan1242,Bulang-2,941,phlo.33 ʔom.51 sir.51,phonetic,mead,,,,
5-890-802-1,blan1242,Bulang-2,1245,man.33 ləŋ.31,phonetic,butter,,,,
5-870-802-1,blan1242,Bulang-2,93,phiɛt.51,phonetic,milk (vb),,,,
5-850-802-1,blan1242,Bulang-2,862,ʔuai.31,phonetic,sugar,,,,
5-860-802-1,blan1242,Bulang-2,635,pu.51,phonetic,milk (noun),,,,
5-860-802-2,blan1242,Bulang-2,635,ʔom.51 bu.51,phonetic,milk (noun),,,,
5-840-802-1,blan1242,Bulang-2,942,sir.51,phonetic,honey,,,,
5-821-802-1,blan1242,Bulang-2,919,mhak.51 prik.31 phri.51,phonetic,chili pepper,,,,
5-820-802-1,blan1242,Bulang-2,1385,mhak.51 prik.31,phonetic,pepper,,,,
5-810-802-1,blan1242,Bulang-2,1274,plu.51,phonetic,salt,,,,
5-791-802-1,blan1242,Bulang-2,323,man.33,phonetic,"grease, fat",,,,
5-790-802-1,blan1242,Bulang-2,1484,man.33,phonetic,oil,,,,
5-780-802-1,blan1242,Bulang-2,1154,sa.31 mɛi.31,phonetic,olive,,,,
5-760-802-1,blan1242,Bulang-2,920,phli.51 bu.51,phonetic,grape,,,,
5-770-802-1,blan1242,Bulang-2,191,dhəŋ.51 lak.51,phonetic,nut,,,,
5-750-802-1,blan1242,Bulang-2,322,phli.51 vɛ.33 ćək.31 khoi.51 raŋ.51,phonetic,fig,,,,
5-712-802-1,blan1242,Bulang-2,1966,grɔi.31,phonetic,bunch,,,,
5-710-802-1,blan1242,Bulang-2,1507,phli.51 tai.51,phonetic,fruit,,,,
5-660-802-1,blan1242,Bulang-2,832,thu.31,phonetic,bean,,,,
5-650-802-1,blan1242,Bulang-2,924,thu.51 laʔ.13,phonetic,vegetables,,,,
5-640-802-1,blan1242,Bulang-2,1547,ʔom.51,phonetic,"soup, broth",,,,
5-630-802-1,blan1242,Bulang-2,1874,tu.31,phonetic,sausage,,,,
5-610-802-1,blan1242,Bulang-2,634,nhei.33,phonetic,meat,,,,
5-590-802-1,blan1242,Bulang-2,225,gri.51,phonetic,pestle,,,,
5-580-802-1,blan1242,Bulang-2,224,bhau.33,phonetic,mortar (2),,,,
5-570-802-1,blan1242,Bulang-2,636,ŋian.51,phonetic,mill,,,,
5-560-802-1,blan1242,Bulang-2,1033,ŋian.51,phonetic,"crush, grind",,,,
5-550-802-1,blan1242,Bulang-2,1594,miɛn.33,phonetic,"meal, flour",,,,
5-540-802-1,blan1242,Bulang-2,274,kliɔ.33 miɛn.33,phonetic,knead,,,,
5-530-802-1,blan1242,Bulang-2,273,ŋuar miɛn.33,phonetic,dough,,,,
5-510-802-1,blan1242,Bulang-2,1368,bok.51 miɛn.33,phonetic,bread,,,,
5-490-802-1,blan1242,Bulang-2,2017,kliɔ.33,phonetic,"stir, mix",,,,
5-480-802-1,blan1242,Bulang-2,1767,khət.51,phonetic,scrape,,,,
5-470-802-1,blan1242,Bulang-2,86,khrɔŋ.51,phonetic,"sieve, strain",,,,
5-470-802-2,blan1242,Bulang-2,86,li.11,phonetic,"sieve, strain",,,,
5-460-802-1,blan1242,Bulang-2,275,lap.11,phonetic,peel,,,,
5-450-802-1,blan1242,Bulang-2,1833,khai.51 bur.31,phonetic,supper,,,,
5-440-802-1,blan1242,Bulang-2,1833,khai.51 khrak.31,phonetic,dinner,,,,
5-430-802-1,blan1242,Bulang-2,768,khai.51 graŋ.51,phonetic,lunch,,,,
5-420-802-1,blan1242,Bulang-2,1322,khai.51 ŋiap.51,phonetic,breakfast,,,,
5-410-802-1,blan1242,Bulang-2,1526,khai.51,phonetic,meal (a),,,,
5-391-802-1,blan1242,Bulang-2,272,ghriɛp.51,phonetic,tongs,,,,
5-390-802-1,blan1242,Bulang-2,1302,ʒ̣ɛ.31,phonetic,fork (2),,,,
5-380-802-1,blan1242,Bulang-2,1352,sak.33,phonetic,knife (2),,,,
5-370-802-1,blan1242,Bulang-2,1378,lak.51 ćɔ.31,phonetic,spoon,,,,
5-360-802-1,blan1242,Bulang-2,271,piɛn.31 ʔiɛn.13,phonetic,saucer,,,,
5-360-802-2,blan1242,Bulang-2,271,khuan.51 piɛn.31,phonetic,saucer,,,,
5-350-802-1,blan1242,Bulang-2,476,ćuŋ.31,phonetic,"cup, drinking vessel",,,,
5-330-802-1,blan1242,Bulang-2,1530,phlɛ.31,phonetic,bowl,,,,
5-340-802-1,blan1242,Bulang-2,270,kuan.31,phonetic,"pitcher, jug",,,,
5-320-802-1,blan1242,Bulang-2,480,piɛn.31,phonetic,plate,,,,
5-310-802-1,blan1242,Bulang-2,481,phlɛ.51,phonetic,dish,,,,
5-310-802-2,blan1242,Bulang-2,481,krəŋ.31 ʔuə.51 krəŋ.31 lak.51,phonetic,dish,,,,
5-280-802-1,blan1242,Bulang-2,31,ʔur.51 dak.51,phonetic,pan,,,,
5-260-802-1,blan1242,Bulang-2,1462,ʔur.51,phonetic,"pot, cooking vessel",,,,
5-270-802-1,blan1242,Bulang-2,854,kuan.31 ʔom.51,phonetic,kettle,,,,
5-240-802-1,blan1242,Bulang-2,183,ʔɔm.11,phonetic,bake,,,,
5-250-802-1,blan1242,Bulang-2,1143,ṣau.33,phonetic,oven,,,,
5-230-802-1,blan1242,Bulang-2,2146,dak.51,phonetic,"roast, fry",,,,
5-220-802-1,blan1242,Bulang-2,792,ʔom.51 taŋ.31,phonetic,boil (vb),,,,
5-210-802-1,blan1242,Bulang-2,1100,taŋ.31,phonetic,cook,,,,
5-190-802-1,blan1242,Bulang-2,129,mut.51,phonetic,choke,,,,
5-181-802-1,blan1242,Bulang-2,897,sa.31 lət.51,phonetic,swallow,,,,
5-180-802-1,blan1242,Bulang-2,321,ńəik.33,phonetic,chew,,,,
5-160-802-1,blan1242,Bulang-2,1421,nuat.51,phonetic,suck,,,,
5-150-802-1,blan1242,Bulang-2,848,thiaŋ.51 ʔom.51,phonetic,thirst,,,,
5-141-802-1,blan1242,Bulang-2,199,ʔɨp.31 braik.51,phonetic,famine,,,,
5-140-802-1,blan1242,Bulang-2,1864,su.51 braik.51,phonetic,hunger,,,,
5-130-802-1,blan1242,Bulang-2,1401,thiaŋ.51,phonetic,drink,,,,
5-125-802-1,blan1242,Bulang-2,1728,səp.33 lu.51,phonetic,rotten,,,,
5-124-802-1,blan1242,Bulang-2,1958,ʔa.31 ta.51 lɔk.31,phonetic,"green, unripe",,,,
5-123-802-1,blan1242,Bulang-2,178,ha.31 lɔk.31,phonetic,ripe,,,,
5-122-802-1,blan1242,Bulang-2,1959,ʔip.33,phonetic,raw,,,,
5-121-802-1,blan1242,Bulang-2,269,ćhit.33,phonetic,cooked,,,,
5-120-802-1,blan1242,Bulang-2,256,pra.11 na.11,phonetic,food,,,,
5-110-802-1,blan1242,Bulang-2,1336,na.11,phonetic,eat,,,,
4-990-802-1,blan1242,Bulang-2,590,ghlut.33,phonetic,"naked, bare",,,,
4-970-802-1,blan1242,Bulang-2,1653,leu.33,phonetic,blind,,,,
4-980-802-1,blan1242,Bulang-2,1463,sa.31 muaŋ.51,phonetic,intoxicated,,,,
4-960-802-1,blan1242,Bulang-2,1666,lɨr.31,phonetic,mute,,,,
4-950-802-1,blan1242,Bulang-2,996,lhut.31,phonetic,deaf,,,,
4-930-802-1,blan1242,Bulang-2,1125,ʔa.31 khliaŋ.31 khik.33,phonetic,bald,,,,
4-940-802-1,blan1242,Bulang-2,320,ʔiaŋ.11,phonetic,lame,,,,
4-920-802-1,blan1242,Bulang-2,1564,plɛ.31,phonetic,lazy,,,,
4-912-802-1,blan1242,Bulang-2,168,sət.33,phonetic,rest,,,,
4-910-802-1,blan1242,Bulang-2,1757,mau.33,phonetic,"tired, weary",,,,
4-890-802-1,blan1242,Bulang-2,655,ʔa.31 ćhi.51 bur.33,phonetic,poison,,,,
4-880-802-1,blan1242,Bulang-2,1372,ʔa.31 ćhi.51,phonetic,"medicine, drug",,,,
4-870-802-1,blan1242,Bulang-2,597,tha.31 ʔa.31 ćhi.51,phonetic,physician,,,,
4-860-802-1,blan1242,Bulang-2,499,hre.31 khiaŋ.51,phonetic,"cure, heal",,,,
4-858-802-1,blan1242,Bulang-2,497,blɔŋ.51 ćhu.51,phonetic,scar,,,,
4-857-802-1,blan1242,Bulang-2,1808,lup.33,phonetic,pus,,,,
4-856-802-1,blan1242,Bulang-2,793,jir.33,phonetic,boil (noun),,,,
4-855-802-1,blan1242,Bulang-2,1584,ʔom.51 bok.31,phonetic,blister,,,,
4-854-802-1,blan1242,Bulang-2,148,ʔa.31 ʔat.33,phonetic,itch,,,,
4-854-802-2,blan1242,Bulang-2,148,ŋa.31,phonetic,itch,,,,
4-853-802-1,blan1242,Bulang-2,1903,ʔa.31 piu.33 ʔa.31,phonetic,swelling,,,,
4-852-802-1,blan1242,Bulang-2,1148,ʔa.31,phonetic,bruise,,,,
4-850-802-1,blan1242,Bulang-2,1109,duaik.31 saŋ.31,phonetic,"wound, sore",,,,
4-843-802-1,blan1242,Bulang-2,102,ʔa.31 ʔiu.31 khat.31,phonetic,cold (catarrh),,,,
4-842-802-1,blan1242,Bulang-2,1957,luak.51,phonetic,goiter,,,,
4-841-802-1,blan1242,Bulang-2,1534,kat.31,phonetic,fever,,,,
4-840-802-1,blan1242,Bulang-2,1847,phiat.31,phonetic,"sick, sickness",,,,
4-830-802-1,blan1242,Bulang-2,1364,ka.51 jak.51,phonetic,"well, health",,,,
4-820-802-1,blan1242,Bulang-2,1601,ćək.31 khui.51 riaŋ.51,phonetic,weak,,,,
4-810-802-1,blan1242,Bulang-2,785,khui.51 riaŋ.51,phonetic,"strong, mighty, powerful",,,,
4-790-802-1,blan1242,Bulang-2,1773,ʔa.31 mhuik.33,phonetic,"grave, tomb",,,,
4-780-802-1,blan1242,Bulang-2,1719,ʔa.31 phuk.33,phonetic,bury (the dead),,,,
4-770-802-1,blan1242,Bulang-2,767,ʔa.31 nuaŋ.51,phonetic,corpse,,,,
4-760-802-1,blan1242,Bulang-2,1417,ćhiat.31,phonetic,kill,,,,
4-751-802-1,blan1242,Bulang-2,1904,ćhiaŋ.31 jat.33,phonetic,drowned,,,,
4-750-802-1,blan1242,Bulang-2,1494,jat.33,phonetic,"die, dead",,,,
4-740-802-1,blan1242,Bulang-2,1422,məŋ.31 ʔip.33,phonetic,"live, living, life",,,,
4-732-802-1,blan1242,Bulang-2,1087,ghu.51,phonetic,conceive,,,,
4-730-802-1,blan1242,Bulang-2,1123,ghu.51,phonetic,pregnant,,,,
4-720-802-1,blan1242,Bulang-2,1090,kɛ.31,phonetic,born (to be),,,,
4-710-802-1,blan1242,Bulang-2,1152,kɛ.31 lin.31,phonetic,beget (of father),,,,
4-690-802-1,blan1242,Bulang-2,138,suk.33,phonetic,bathe,,,,
4-680-802-1,blan1242,Bulang-2,52,ʔa.31 ʔiu.31,phonetic,shiver,,,,
4-670-802-1,blan1242,Bulang-2,1785,ćuəŋ.51 put.33 ti.31,phonetic,have sexual intercourse,,,,
4-660-802-1,blan1242,Bulang-2,676,ćuəŋ.51 ʔiak.33,phonetic,defecate,,,,
4-650-802-1,blan1242,Bulang-2,592,nuk.33,phonetic,urinate,,,,
4-640-802-1,blan1242,Bulang-2,1159,nan.51 sək.33,phonetic,break wind,,,,
4-630-802-1,blan1242,Bulang-2,1602,sa.31 ŋai.33,phonetic,wake up,,,,
4-620-802-1,blan1242,Bulang-2,1920,ʔa.31 miʔ.13,phonetic,dream,,,,
4-612-802-1,blan1242,Bulang-2,1983,gɔk.51,phonetic,snore,,,,
4-610-802-1,blan1242,Bulang-2,1585,ʔiɛt.51,phonetic,sleep,,,,
4-591-802-1,blan1242,Bulang-2,268,laŋ.51 ʔom.51 duaik.55,phonetic,dribble,,,,
4-590-802-1,blan1242,Bulang-2,319,liɛt.31,phonetic,lick,,,,
4-580-802-1,blan1242,Bulang-2,1403,ka.31,phonetic,bite,,,,
4-570-802-1,blan1242,Bulang-2,1278,ku.31,phonetic,vomit,,,,
4-560-802-1,blan1242,Bulang-2,1440,ʔom.51 bai.51,phonetic,spit,,,,
4-550-802-1,blan1242,Bulang-2,126,li.31 ʔom.51 rau.31,phonetic,perspire,,,,
4-540-802-1,blan1242,Bulang-2,1621,ma.31,phonetic,sneeze,,,,
4-530-802-1,blan1242,Bulang-2,879,khɔ.31,phonetic,cough,,,,
4-521-802-1,blan1242,Bulang-2,162,lɔk.51 lɔ.11,phonetic,hiccough,,,,
4-520-802-1,blan1242,Bulang-2,1028,ŋhap.51,phonetic,"yawn, gape",,,,
4-510-802-1,blan1242,Bulang-2,1407,nuat.51 lua.51,phonetic,"breathe, breath",,,,
4-492-802-1,blan1242,Bulang-2,1222,li.51,phonetic,penis,,,,
4-490-802-1,blan1242,Bulang-2,797,dhap.33 khla.51,phonetic,testicle,,,,
4-470-802-1,blan1242,Bulang-2,804,nai.31 prɛ.31,phonetic,womb,,,,
4-464-802-1,blan1242,Bulang-2,834,khlir.51,phonetic,buttocks,,,,
4-463-802-1,blan1242,Bulang-2,1745,pɔm.31 khlir.51,phonetic,hip,,,,
4-462-802-1,blan1242,Bulang-2,1681,ʔiau.51,phonetic,waist,,,,
4-461-802-1,blan1242,Bulang-2,1991,tu.31,phonetic,"intestines, guts",,,,
4-460-802-1,blan1242,Bulang-2,819,tu.31 khlək.33 ʔat.33,phonetic,stomach,,,,
4-452-802-1,blan1242,Bulang-2,1744,ʔa.31 vat.51,phonetic,spleen,,,,
4-451-802-1,blan1242,Bulang-2,489,lok.31 lam.33,phonetic,kidney,,,,
4-450-802-1,blan1242,Bulang-2,1224,dhuam.51,phonetic,liver,,,,
4-441-802-1,blan1242,Bulang-2,688,bhop.51,phonetic,lung,,,,
4-440-802-1,blan1242,Bulang-2,1223,ʔa.31 sim.51,phonetic,heart,,,,
4-430-802-1,blan1242,Bulang-2,1838,sa.31 tu.31,phonetic,navel,,,,
4-420-802-1,blan1242,Bulang-2,154,ti.31 li.31 ʔom.51 bu.51,phonetic,udder,,,,
4-412-802-1,blan1242,Bulang-2,796,ghət.33 pu.51,phonetic,"nipple, teat",,,,
4-410-802-1,blan1242,Bulang-2,1402,to.51 pu.51,phonetic,breast (of woman),,,,
4-400-802-1,blan1242,Bulang-2,1592,ʔək.31,phonetic,chest,,,,
4-393-802-1,blan1242,Bulang-2,1201,suk.31,phonetic,feather,,,,
4-392-802-1,blan1242,Bulang-2,1257,phio.33,phonetic,wing,,,,
4-380-802-1,blan1242,Bulang-2,1389,ghun.51 ćeŋ.51,phonetic,toe,,,,
4-374-802-1,blan1242,Bulang-2,318,kat.33 ćeŋ.51,phonetic,footprint,,,,
4-372-802-1,blan1242,Bulang-2,980,ʔa.31 loik.51 ćeŋ.51,phonetic,heel,,,,
4-371-802-1,blan1242,Bulang-2,803,ʒ́hak.33 ćeŋ.51,phonetic,ankle,,,,
4-370-802-1,blan1242,Bulang-2,1301,ćeŋ.51,phonetic,foot,,,,
4-360-802-1,blan1242,Bulang-2,1371,khik.33 c̣hak.33,phonetic,knee,,,,
4-352-802-1,blan1242,Bulang-2,498,niak.55 ʔiɛn.11,phonetic,calf of leg,,,,
4-351-802-1,blan1242,Bulang-2,800,niak.55 ʔat.33,phonetic,thigh,,,,
4-350-802-1,blan1242,Bulang-2,1297,niak.33,phonetic,leg,,,,
4-345-802-1,blan1242,Bulang-2,72,gra.51,phonetic,claw,,,,
4-344-802-1,blan1242,Bulang-2,1258,ʒ́hip.33 thi.51,phonetic,fingernail,,,,
4-342-802-1,blan1242,Bulang-2,1781,nai.31 thi.51,phonetic,thumb,,,,
4-340-802-1,blan1242,Bulang-2,1303,ghun.51 dhi.51,phonetic,finger,,,,
4-331-802-1,blan1242,Bulang-2,1183,ʔa.31 tak.51 thi.51,phonetic,palm of hand,,,,
4-330-802-1,blan1242,Bulang-2,1277,thi.51,phonetic,hand,,,,
4-321-802-1,blan1242,Bulang-2,799,ʒ́hak.33 thi.51,phonetic,wrist,,,,
4-320-802-1,blan1242,Bulang-2,981,ʒ́hak.33 sɔŋ.51,phonetic,elbow,,,,
4-312-802-1,blan1242,Bulang-2,1886,liak.31,phonetic,armpit,,,,
4-310-802-1,blan1242,Bulang-2,1673,ʒ́hak.33 thi.51,phonetic,arm,,,,
4-302-802-1,blan1242,Bulang-2,1994,sa.31 ʔaŋ.51 ʔək.11,phonetic,collarbone,,,,
4-301-802-1,blan1242,Bulang-2,172,ʔa.31 phla.31 thi.51,phonetic,shoulderblade,,,,
4-300-802-1,blan1242,Bulang-2,1482,paŋ.51 mha.31,phonetic,shoulder,,,,
4-290-802-1,blan1242,Bulang-2,1346,thuŋ.51,phonetic,throat,,,,
4-281-802-1,blan1242,Bulang-2,1347,ghɔ.11 lɔk.33,phonetic,nape of neck,,,,
4-280-802-1,blan1242,Bulang-2,1333,ghɔ.11,phonetic,neck,,,,
4-272-802-1,blan1242,Bulang-2,1049,ṣaŋ.51 ghɛk.33,phonetic,molartooth,,,,
4-270-802-1,blan1242,Bulang-2,1380,ṣaŋ.51,phonetic,tooth,,,,
4-271-802-1,blan1242,Bulang-2,139,ṣaŋ.51 ćaŋ.31,phonetic,gums,,,,
4-271-802-2,blan1242,Bulang-2,139,ṣaŋ.51,phonetic,gums,,,,
4-260-802-1,blan1242,Bulang-2,1205,lha.11 thak.51,phonetic,tongue,,,,
4-250-802-1,blan1242,Bulang-2,478,dur.51,phonetic,lip,,,,
4-241-802-1,blan1242,Bulang-2,73,duɔik.33 ćhim.31,phonetic,beak,,,,
4-240-802-1,blan1242,Bulang-2,674,duɔik.33,phonetic,mouth,,,,
4-232-802-1,blan1242,Bulang-2,208,mhu.31,phonetic,mucus (nasal),,,,
4-231-802-1,blan1242,Bulang-2,1178,dhu.51 mhu.31,phonetic,nostril,,,,
4-230-802-1,blan1242,Bulang-2,1221,ghɔk.33 mhu.31,phonetic,nose,,,,
4-222-802-1,blan1242,Bulang-2,32,ʔiat.33 ṣɔk.51,phonetic,earwax,,,,
4-221-802-1,blan1242,Bulang-2,18,khla.51 ṣɔk.51,phonetic,earlobe,,,,
4-220-802-1,blan1242,Bulang-2,1247,ṣɔk.51,phonetic,ear,,,,
4-215-802-1,blan1242,Bulang-2,1655,ʔa.31 jiap.31 ŋai.51,phonetic,blink,,,,
4-215-802-2,blan1242,Bulang-2,1655,ŋai.51 ʔa.31 jiap.31,phonetic,blink,,,,
4-214-802-1,blan1242,Bulang-2,1540,suk.31 ŋai.51,phonetic,eyelash,,,,
4-213-802-1,blan1242,Bulang-2,17,gu.51 ŋai.51,phonetic,eyelid,,,,
4-212-802-1,blan1242,Bulang-2,1173,suk.31 ŋai.51,phonetic,eyebrow,,,,
4-210-802-1,blan1242,Bulang-2,1248,ŋai.51,phonetic,eye,,,,
4-208-802-1,blan1242,Bulang-2,1730,ʔɔ.31,phonetic,cheek,,,,
4-209-802-1,blan1242,Bulang-2,1510,khap.51,phonetic,chin,,,,
4-205-802-1,blan1242,Bulang-2,123,(ʔa.31) muəŋ.51,phonetic,forehead,,,,
4-207-802-1,blan1242,Bulang-2,798,sa.31 ʔaŋ.51 khap.51,phonetic,jaw,,,,
4-204-802-1,blan1242,Bulang-2,1560,ŋai.51,phonetic,face,,,,
4-203-802-1,blan1242,Bulang-2,1583,dhɔk.51,phonetic,brain,,,,
4-201-802-1,blan1242,Bulang-2,1604,khik.33 ghai.51,phonetic,"side of head, temple",,,,
4-202-802-1,blan1242,Bulang-2,1605,sa.31 ʔaŋ.51 khik.33,phonetic,skull,,,,
4-200-802-1,blan1242,Bulang-2,1256,khik.33,phonetic,head,,,,
4-191-802-1,blan1242,Bulang-2,805,sa.31 ʔaŋ.51 ʔeɔŋ.51,phonetic,spine,,,,
4-190-802-1,blan1242,Bulang-2,1291,ʔeɔŋ.51,phonetic,back,,,,
4-180-802-1,blan1242,Bulang-2,1220,sa.31 tha.31,phonetic,tail,,,,
4-170-802-1,blan1242,Bulang-2,1393,krə.33,phonetic,horn,,,,
4-162-802-1,blan1242,Bulang-2,801,sa.31 ʔaŋ.51 bhrik.51,phonetic,rib,,,,
4-160-802-1,blan1242,Bulang-2,1394,sa.31 ʔaŋ.51,phonetic,bone,,,,
4-151-802-1,blan1242,Bulang-2,525,sa.31 nak.51 nham.51,phonetic,"vein, artery",,,,
4-150-802-1,blan1242,Bulang-2,946,nham.51,phonetic,blood,,,,
4-146-802-1,blan1242,Bulang-2,576,briak.31 khik.33,phonetic,dandruff,,,,
4-145-802-1,blan1242,Bulang-2,36,suk.31 mho.11,phonetic,pubic hair,,,,
4-144-802-1,blan1242,Bulang-2,189,suk.31 khat.51,phonetic,body hair,,,,
4-142-802-1,blan1242,Bulang-2,678,suk.31 dɔi.33,phonetic,beard,,,,
4-140-802-1,blan1242,Bulang-2,1040,suk.31 khik.33,phonetic,hair (head),,,,
4-130-802-1,blan1242,Bulang-2,2259,nhei.33,phonetic,flesh,,,,
4-120-802-1,blan1242,Bulang-2,763,gu.51,phonetic,"skin, hide",,,,
4-110-802-1,blan1242,Bulang-2,1480,to.51,phonetic,body,,,,
3-980-802-1,blan1242,Bulang-2,112,tiak.55,phonetic,turtle,,,,
3-960-802-1,blan1242,Bulang-2,632,pu.51 lɛ.31,phonetic,lizard,,,,
3-950-802-1,blan1242,Bulang-2,503,nai.51 miŋ.31,phonetic,frog,,,,
3-940-802-1,blan1242,Bulang-2,1543,hoi.51,phonetic,snail,,,,
3-930-802-1,blan1242,Bulang-2,607,ʔuaŋ.51,phonetic,grasshopper,,,,
3-920-802-1,blan1242,Bulang-2,1791,kai.31 kɔm.11,phonetic,butterfly,,,,
3-910-802-1,blan1242,Bulang-2,206,nai.31 lut.31,phonetic,firefly,,,,
3-850-802-1,blan1242,Bulang-2,730,səik.33,phonetic,snake,,,,
3-840-802-1,blan1242,Bulang-2,1219,kuaŋ.51 ʒ́ha.51,phonetic,worm,,,,
3-832-802-1,blan1242,Bulang-2,1509,ćoi.31,phonetic,mosquito,,,,
3-831-802-1,blan1242,Bulang-2,95,roi.51,phonetic,"sandfly (midge), gnat",,,,
3-830-802-1,blan1242,Bulang-2,1504,ćhiər.55,phonetic,fly,,,,
3-823-802-1,blan1242,Bulang-2,1517,nai.31 dhup.11 ghok.51,phonetic,wasp,,,,
3-822-802-1,blan1242,Bulang-2,88,loŋ.51 siər.51,phonetic,beehive,,,,
3-821-802-1,blan1242,Bulang-2,1931,ten.51,phonetic,beeswax,,,,
3-820-802-1,blan1242,Bulang-2,665,siər.51,phonetic,bee,,,,
3-819-802-1,blan1242,Bulang-2,1065,thaŋ.51 tiaŋ.11 mɔŋ.51,phonetic,spider web,,,,
3-818-802-1,blan1242,Bulang-2,843,ćaŋ.31 pri.51,phonetic,spider,,,,
3-817-802-1,blan1242,Bulang-2,587,mɛŋ.31,phonetic,ant,,,,
3-816-802-1,blan1242,Bulang-2,1575,ćaŋ.33 laŋ.33,phonetic,cockroach,,,,
3-815-802-1,blan1242,Bulang-2,1538,ʔa.31 ʔɛ.31 tɨə.33,phonetic,scorpion,,,,
3-814-802-1,blan1242,Bulang-2,1974,ŋuan.51 sup.33,phonetic,centipede,,,,
3-813-802-1,blan1242,Bulang-2,232,khrɛ.33,phonetic,flea,,,,
3-812-802-1,blan1242,Bulang-2,267,dhap.33 bli.51,phonetic,nit (louse egg),,,,
3-811-802-1,blan1242,Bulang-2,1392,ʒ́hi.51,phonetic,louse,,,,
3-811-802-2,blan1242,Bulang-2,1392,bli.51,phonetic,louse,,,,
3-810-802-1,blan1242,Bulang-2,620,kuaŋ.51,phonetic,insect,,,,
3-770-802-1,blan1242,Bulang-2,1290,ćaŋ.31,phonetic,elephant,,,,
3-760-802-1,blan1242,Bulang-2,1350,fa.11,phonetic,monkey,,,,
3-750-802-1,blan1242,Bulang-2,1936,ṣiak.51,phonetic,deer,,,,
3-730-802-1,blan1242,Bulang-2,1820,khri.31,phonetic,bear,,,,
3-710-802-1,blan1242,Bulang-2,522,lau.51 khui.11,phonetic,wolf,,,,
3-665-802-1,blan1242,Bulang-2,1013,ʔien.33,phonetic,freshwater eel,,,,
3-653-802-1,blan1242,Bulang-2,266,briak.51 kha.13,phonetic,fishscale,,,,
3-652-802-1,blan1242,Bulang-2,213,phio.33 kha.13,phonetic,fin (dorsal),,,,
3-650-802-1,blan1242,Bulang-2,227,kha.13,phonetic,fish,,,,
3-630-802-1,blan1242,Bulang-2,2139,gaŋ.51,phonetic,"mouse, rat",,,,
3-620-802-1,blan1242,Bulang-2,1208,miau.33,phonetic,cat,,,,
3-614-802-1,blan1242,Bulang-2,1136,phuŋ.51 tai.51,phonetic,rabbit,,,,
3-610-802-1,blan1242,Bulang-2,2009,ćhɔ.31,phonetic,dog,,,,
3-594-802-1,blan1242,Bulang-2,1853,phloi.51,phonetic,dove,,,,
3-596-802-1,blan1242,Bulang-2,735,kau.31,phonetic,owl,,,,
3-593-802-1,blan1242,Bulang-2,913,ʔa.31 ʔak.51,phonetic,crow,,,,
3-592-802-1,blan1242,Bulang-2,882,lɛi.31,phonetic,parrot,,,,
3-591-802-1,blan1242,Bulang-2,1793,blak.51,phonetic,bat,,,,
3-585-802-1,blan1242,Bulang-2,307,khlaŋ.51,phonetic,hawk,,,,
3-584-802-1,blan1242,Bulang-2,1905,roŋ.31,phonetic,eagle,,,,
3-582-802-1,blan1242,Bulang-2,950,ćhim.31 hai.51 ʔo.33,phonetic,seagull,,,,
3-581-802-1,blan1242,Bulang-2,937,ćhim.31,phonetic,bird,,,,
3-580-802-1,blan1242,Bulang-2,539,thaŋ.51,phonetic,nest,,,,
3-570-802-1,blan1242,Bulang-2,1360,piat.31,phonetic,duck,,,,
3-560-802-1,blan1242,Bulang-2,1187,ŋaŋ.31,phonetic,goose,,,,
3-550-802-1,blan1242,Bulang-2,1318,ʔiə.51,phonetic,chicken,,,,
3-540-802-1,blan1242,Bulang-2,1514,nai.31 ʔiə.51,phonetic,hen,,,,
3-520-802-1,blan1242,Bulang-2,1511,khuik.55 ʔiə.51,phonetic,"cock, rooster",,,,
3-470-802-1,blan1242,Bulang-2,890,mɔ.31 lɔʔ.31,phonetic,mule,,,,
3-500-802-1,blan1242,Bulang-2,265,ʔiə.51 ćhim.31,phonetic,fowl,,,,
3-460-802-1,blan1242,Bulang-2,1862,ʔla.51,phonetic,"ass, donkey",,,,
3-450-802-1,blan1242,Bulang-2,1647,khun.51 ŋan.51 brak.33,phonetic,"foal, colt",,,,
3-450-802-2,blan1242,Bulang-2,1647,khun.51 nai.31 brak.33,phonetic,"foal, colt",,,,
3-440-802-1,blan1242,Bulang-2,938,ŋai.31 brak.33,phonetic,mare,,,,
3-420-802-1,blan1242,Bulang-2,936,ŋhan.51 brak.33,phonetic,stallion,,,,
3-410-802-1,blan1242,Bulang-2,615,brak.33,phonetic,horse (equine),,,,
3-380-802-1,blan1242,Bulang-2,1972,khun.51 pɛ.11 pri.51,phonetic,kid,,,,
3-370-802-1,blan1242,Bulang-2,264,ŋhan.51 pɛ.11 pri.51,phonetic,he-goat,,,,
3-360-802-1,blan1242,Bulang-2,1502,pɛ.11 pri.51,phonetic,goat,,,,
3-350-802-1,blan1242,Bulang-2,1337,lhik.31,phonetic,pig,,,,
3-340-802-1,blan1242,Bulang-2,1351,ŋai.31 lhik.31,phonetic,sow (2),,,,
3-320-802-1,blan1242,Bulang-2,1348,ŋhan.51 lhik.31,phonetic,boar,,,,
3-290-802-1,blan1242,Bulang-2,820,sɔm.31,phonetic,lamb,,,,
3-280-802-1,blan1242,Bulang-2,1345,nai.31 pɛ.11,phonetic,ewe,,,,
3-260-802-1,blan1242,Bulang-2,1344,ŋhan.51 pɛ.11,phonetic,ram,,,,
3-250-802-1,blan1242,Bulang-2,1331,pɛ.11,phonetic,sheep,,,,
3-240-802-1,blan1242,Bulang-2,1989,khun.51 mhɔi.51,phonetic,calf,,,,
3-230-802-1,blan1242,Bulang-2,1007,nai.31 mhɔi.51,phonetic,cow,,,,
3-220-802-1,blan1242,Bulang-2,1169,mhɔi.51,phonetic,ox,,,,
3-210-802-1,blan1242,Bulang-2,1008,ŋhan.51 mhɔi.51,phonetic,bull,,,,
3-200-802-1,blan1242,Bulang-2,1153,mhɔi.51 brak.33,phonetic,cattle (bovine),,,,
3-190-802-1,blan1242,Bulang-2,851,khɔk.11 brak.33,phonetic,"stable, stall",,,,
3-180-802-1,blan1242,Bulang-2,263,ʔu.51 leŋ.31 pɛ.11,phonetic,herdsman,,,,
3-160-802-1,blan1242,Bulang-2,649,kɛk.33 ńa.31,phonetic,pasture,,,,
3-150-802-1,blan1242,Bulang-2,631,to.51 sat.31 leŋ.31,phonetic,livestock,,,,
3-130-802-1,blan1242,Bulang-2,2262,nai.31,phonetic,female (adj),,,,
3-120-802-1,blan1242,Bulang-2,2261,ńan.55,phonetic,male (adj),,,,
3-120-802-2,blan1242,Bulang-2,2261,mhik.55,phonetic,male (adj),,,,
3-110-802-1,blan1242,Bulang-2,619,to.51 sat.33,phonetic,animal,,,,
2-960-802-1,blan1242,Bulang-2,817,kəi.31,phonetic,they,,,,
2-950-802-1,blan1242,Bulang-2,1213,pha.33 kəi.33,phonetic,you (plural),,,,
2-942-802-1,blan1242,Bulang-2,1130,ʔa.31 kəi.33,phonetic,we (exclusive),,,,
2-941-802-1,blan1242,Bulang-2,1131,ʔei.33 kəi.33,phonetic,we (inclusive),,,,
2-940-802-1,blan1242,Bulang-2,1212,ʔa.33 kəi.33,phonetic,we,,,,
2-930-802-1,blan1242,Bulang-2,262,ʔət.55,phonetic,he/she/it,,,,
2-930-802-2,blan1242,Bulang-2,262,ʔot.55,phonetic,he/she/it,,,,
2-920-802-1,blan1242,Bulang-2,1215,mi.51,phonetic,you (singular),,,,
2-910-802-1,blan1242,Bulang-2,1209,ʔoŋ.33,phonetic,I,,,,
2-810-802-1,blan1242,Bulang-2,1644,tur.33,phonetic,"relatives, kinsmen",,,,
2-770-802-1,blan1242,Bulang-2,1981,ʔui.51 sa.31 phlak.55,phonetic,widower,,,,
2-760-802-1,blan1242,Bulang-2,1756,nai.51 sa.31 phlak.55,phonetic,widow,,,,
2-750-802-1,blan1242,Bulang-2,1149,khun.51 ńhuə.51,phonetic,orphan,,,,
2-740-802-1,blan1242,Bulang-2,1058,khun.51 bhət.55 leŋ.31,phonetic,stepdaughter,,,,
2-730-802-1,blan1242,Bulang-2,1059,khun.51 (ghut.55) leŋ.55,phonetic,stepson,,,,
2-720-802-1,blan1242,Bulang-2,236,nai.51 ʔiɛn.11,phonetic,stepmother,,,,
2-710-802-1,blan1242,Bulang-2,237,ʔui.51 ʔiɛn.11,phonetic,stepfather,,,,
2-641-802-1,blan1242,Bulang-2,2264,ŋak.51 ja.31,phonetic,daughter-in-law (of a woman),,,,
2-640-802-1,blan1242,Bulang-2,2265,ŋak.51 tha.31,phonetic,daughter-in-law (of a man),,,,
2-631-802-1,blan1242,Bulang-2,2266,ŋak.51 ja.31,phonetic,son-in-law (of a woman),,,,
2-630-802-1,blan1242,Bulang-2,2267,ŋak.51 tha.31,phonetic,son-in-law (of a man),,,,
2-621-802-1,blan1242,Bulang-2,2257,ja.31,phonetic,mother-in-law (of a woman),,,,
2-620-802-1,blan1242,Bulang-2,2256,ja.31,phonetic,mother-in-law (of a man),,,,
2-611-802-1,blan1242,Bulang-2,2254,tha.31,phonetic,father-in-law (of a woman),,,,
2-610-802-1,blan1242,Bulang-2,2255,tha.31,phonetic,father-in-law (of a man),,,,
2-570-802-1,blan1242,Bulang-2,490,ćoŋ.11 gat.33,phonetic,descendants,,,,
2-550-802-1,blan1242,Bulang-2,1643,ʔiak.51 ʔa.31 pɔ.11 vɛ.51 jiu.51 ʔa.31 pɔ.11 vɛ ???,phonetic,cousin,,,,
2-540-802-1,blan1242,Bulang-2,1642,nai.31 khun.51 bhət.55,phonetic,niece,,,,
2-530-802-1,blan1242,Bulang-2,1063,ʔuiŋ.51 khun.51 bhət.55,phonetic,nephew,,,,
2-522-802-1,blan1242,Bulang-2,170,ma.31 ʔɔk.11,phonetic,father's sister,,,,
2-520-802-1,blan1242,Bulang-2,1272,khuan.31,phonetic,aunt,,,,
2-521-802-1,blan1242,Bulang-2,171,khuan.31,phonetic,mother's sister,,,,
2-512-802-1,blan1242,Bulang-2,1985,ńat.33,phonetic,father's brother,,,,
2-511-802-1,blan1242,Bulang-2,1984,ʔɔk.11 ʔat.33,phonetic,mother's brother,,,,
2-510-802-1,blan1242,Bulang-2,1327,ghuan.51,phonetic,uncle,,,,
2-510-802-2,blan1242,Bulang-2,1327,ńat.33,phonetic,uncle,,,,
2-510-802-3,blan1242,Bulang-2,1327,ʔɔk.11,phonetic,uncle,,,,
2-480-802-1,blan1242,Bulang-2,1618,khun.51 ʒ́hu.51,phonetic,grandson,,,,
2-490-802-1,blan1242,Bulang-2,1619,khun.51 ʒ́hu.51,phonetic,granddaughter,,,,
2-471-802-1,blan1242,Bulang-2,907,ja.31 (ghut.51) sa.31 that.33,phonetic,old woman,,,,
2-470-802-1,blan1242,Bulang-2,1496,ja.31,phonetic,grandmother,,,,
2-470-802-2,blan1242,Bulang-2,1496,nai.51,phonetic,grandmother,,,,
2-461-802-1,blan1242,Bulang-2,406,tha.31 (ʔu.51) sa.31 that.33,phonetic,old man,,,,
2-460-802-1,blan1242,Bulang-2,1383,tha.31 len.55,phonetic,grandfather,,,,
2-460-802-2,blan1242,Bulang-2,1383,nai.51,phonetic,grandfather,,,,
2-458-802-1,blan1242,Bulang-2,1005,khun.51 ghrat.55,phonetic,twins,,,,
2-456-802-1,blan1242,Bulang-2,1640,ʔiak.51 ʔa.31 pɔ.31 prɛ.55 ʔa.31 nhan.51,phonetic,sibling,,,,
2-455-802-1,blan1242,Bulang-2,1761,pɔ.31 khun.51 bhət.55,phonetic,younger sister,,,,
2-454-802-1,blan1242,Bulang-2,1758,ʔiak.51 khun.51 bhət.55,phonetic,older sister,,,,
2-450-802-1,blan1242,Bulang-2,1263,jiu.55 ʔa.31 pɔ.31,phonetic,sister,,,,
2-445-802-1,blan1242,Bulang-2,1760,pɔ.31,phonetic,younger brother,,,,
2-444-802-1,blan1242,Bulang-2,1759,mɔi.31,phonetic,older brother,,,,
2-440-802-1,blan1242,Bulang-2,1262,ʔiak.51 pɔ.31,phonetic,brother,,,,
2-430-802-1,blan1242,Bulang-2,1801,khuin.51,phonetic,offspring (son or daughter),,,,
2-430-802-2,blan1242,Bulang-2,1801,ćoŋ.31 gat.33,phonetic,offspring (son or daughter),,,,
2-420-802-1,blan1242,Bulang-2,1357,khuin.51 bhət.55,phonetic,daughter,,,,
2-410-802-1,blan1242,Bulang-2,1620,khuin.51 ghuik.55,phonetic,son,,,,
2-390-802-1,blan1242,Bulang-2,426,khuin.51 bhət.55,phonetic,married woman,,,,
2-380-802-1,blan1242,Bulang-2,424,khuin.51 ghut.33,phonetic,married man,,,,
2-370-802-1,blan1242,Bulang-2,505,ʔuiŋ.51 nai.31,phonetic,parents,,,,
2-350-802-1,blan1242,Bulang-2,1217,ʔuiŋ.31,phonetic,father,,,,
2-330-802-1,blan1242,Bulang-2,203,na.11 khiak.11,phonetic,marry,,,,
2-320-802-1,blan1242,Bulang-2,1199,phət.33,phonetic,wife,,,,
2-310-802-1,blan1242,Bulang-2,1200,mhəi.33,phonetic,husband,,,,
2-280-802-1,blan1242,Bulang-2,1289,khun.51 viak.51,phonetic,"infant, baby",,,,
2-270-802-1,blan1242,Bulang-2,1304,khun.51 ʔian.11,phonetic,child,,,,
2-261-802-1,blan1242,Bulang-2,77,khun.51 bhət.33 ʔat.33,phonetic,young woman (adolescent),,,,
2-260-802-1,blan1242,Bulang-2,1646,khun.51 bhət.33 ʔian.55 (ʔat.33),phonetic,girl,,,,
2-251-802-1,blan1242,Bulang-2,76,sa.31 nau.51,phonetic,young man (adolescent),,,,
2-250-802-1,blan1242,Bulang-2,1366,khun.51 ghut.33 ʔian.55,phonetic,boy,,,,
2-240-802-1,blan1242,Bulang-2,1551,khun.51 bhət.33,phonetic,female,,,,
2-230-802-1,blan1242,Bulang-2,1553,khun.51 ghut.33,phonetic,male,,,,
2-220-802-1,blan1242,Bulang-2,962,khun.51 bhət.33,phonetic,woman,,,,
2-210-802-1,blan1242,Bulang-2,1554,khun.51 ghut.33,phonetic,man (vs. woman),,,,
2-100-802-1,blan1242,Bulang-2,683,ʔu.51,phonetic,"person, human being",,,,
1-890-802-1,blan1242,Bulang-2,1188,ʔa.31 ćhɛ.51,phonetic,charcoal,,,,
1-880-802-1,blan1242,Bulang-2,10,si.11 thuk.55,phonetic,firewood,,,,
1-870-802-1,blan1242,Bulang-2,1133,ŋau.33 ka.51 la.51,phonetic,match (noun),,,,
1-861-802-1,blan1242,Bulang-2,127,phiat.31 ŋau.33,phonetic,extinguish,,,,
1-860-802-1,blan1242,Bulang-2,737,kuik.31 ŋau.33,phonetic,"light, kindle, ignite",,,,
1-852-802-1,blan1242,Bulang-2,1428,ćap.31,phonetic,burn (vb intrans),,,,
1-851-802-1,blan1242,Bulang-2,141,kuik.31,phonetic,burn (vb trans),,,,
1-841-802-1,blan1242,Bulang-2,67,ŋau.33 si.11,phonetic,embers,,,,
1-840-802-1,blan1242,Bulang-2,646,ŋhi.33,phonetic,ashes,,,,
1-830-802-1,blan1242,Bulang-2,778,ŋau.33 sup.11,phonetic,smoke (noun),,,,
1-830-802-2,blan1242,Bulang-2,778,luə.51 ŋau.33,phonetic,smoke (noun),,,,
1-820-802-1,blan1242,Bulang-2,889,bla.31 ŋau.33,phonetic,flame (noun),,,,
1-810-802-1,blan1242,Bulang-2,221,ŋau.33,phonetic,fire,,,,
1-780-802-1,blan1242,Bulang-2,952,pri.51 thei.33,phonetic,weather,,,,
1-770-802-1,blan1242,Bulang-2,617,ʔa.31 thap.51,phonetic,ice,,,,
1-750-802-1,blan1242,Bulang-2,658,lhei.55,phonetic,rain (noun),,,,
1-740-802-1,blan1242,Bulang-2,249,puk.55 lhei.55,phonetic,fog,,,,
1-720-802-1,blan1242,Bulang-2,960,mha.31,phonetic,wind,,,,
1-730-802-1,blan1242,Bulang-2,1489,puk.33,phonetic,cloud,,,,
1-710-802-1,blan1242,Bulang-2,27,luə.51,phonetic,air,,,,
1-640-802-1,blan1242,Bulang-2,1977,ʔom.51 ʒ́a.31,phonetic,dew,,,,
1-630-802-1,blan1242,Bulang-2,1388,rom.51 kiat.51,phonetic,"shade, shadow",,,,
1-630-802-2,blan1242,Bulang-2,1388,ŋau.33,phonetic,"shade, shadow",,,,
1-620-802-1,blan1242,Bulang-2,11,ćhim.31,phonetic,darkness,,,,
1-620-802-3,blan1242,Bulang-2,11,ćhiem.31,phonetic,darkness,,,,
1-610-802-1,blan1242,Bulang-2,630,phuk.31,phonetic,light (noun),,,,
1-590-802-1,blan1242,Bulang-2,1733,phiɔŋ.51,phonetic,rainbow,,,,
1-580-802-1,blan1242,Bulang-2,858,ʔa.31 fɨ.31 lhei.55,phonetic,storm,,,,
1-560-802-1,blan1242,Bulang-2,1150,ʔa.31 nhɨt.55,phonetic,thunder,,,,
1-570-802-1,blan1242,Bulang-2,2007,phai.31 phlak.55 ʔat.33,phonetic,lightning (as striking),,,,
1-550-802-1,blan1242,Bulang-2,1654,phlai.31 phlak.51,phonetic,lightning,,,,
1-540-802-1,blan1242,Bulang-2,1430,sa.31 mɨik.55,phonetic,star,,,,
1-530-802-1,blan1242,Bulang-2,1313,ghiə.51,phonetic,moon,,,,
1-520-802-1,blan1242,Bulang-2,1343,ŋai.51 sa.51 ŋi.51,phonetic,sun,,,,
1-510-802-1,blan1242,Bulang-2,1732,phlik.55,phonetic,sky,,,,
1-450-802-1,blan1242,Bulang-2,6,ruiŋ.51,phonetic,earthquake,,,,
1-440-802-1,blan1242,Bulang-2,2125,sa.51 mu.31,phonetic,"stone, rock",,,,
1-430-802-1,blan1242,Bulang-2,1803,c̣ak.55 (c̣ɨak.55),phonetic,wood,,,,
1-420-802-1,blan1242,Bulang-2,906,si.11,phonetic,tree (cf 08.600),,,,
1-410-802-1,blan1242,Bulang-2,420,brɨm.51,phonetic,"woods, forest",,,,
1-390-802-1,blan1242,Bulang-2,943,hat.11,phonetic,waterfall,,,,
1-380-802-1,blan1242,Bulang-2,1145,lhu.33,phonetic,swamp,,,,
1-370-802-1,blan1242,Bulang-2,2144,ʔom.51 guk.11,phonetic,"spring, well",,,,
1-370-802-2,blan1242,Bulang-2,2144,glɔŋ.51 ʔom.51,phonetic,"spring, well",,,,
1-362-802-1,blan1242,Bulang-2,1982,təŋ.55 ćuan.11,phonetic,whirlpool,,,,
1-360-802-1,blan1242,Bulang-2,666,ʔom.51 gha.51,phonetic,"river, stream, brook",,,,
1-360-802-2,blan1242,Bulang-2,666,ʔom.51 ʔua.31,phonetic,"river, stream, brook",,,,
1-343-802-1,blan1242,Bulang-2,1662,khik.33 ʔua.31,phonetic,"headland, point",,,,
1-342-802-1,blan1242,Bulang-2,660,toŋ.31 ʒ́haik.51,phonetic,reef,,,,
1-341-802-1,blan1242,Bulang-2,623,ʔom.51 təŋ.33 luʔ.31,phonetic,lagoon,,,,
1-340-802-1,blan1242,Bulang-2,663,khrauk.55 khuak.31,phonetic,"gulf, bay",,,,
1-330-802-1,blan1242,Bulang-2,624,təŋ.55 ʔat.55,phonetic,lake,,,,
1-329-802-1,blan1242,Bulang-2,645,ʔom.51 khrauk.33 ʔat.33,phonetic,ocean,,,,
1-324-802-1,blan1242,Bulang-2,1768,ʔom.51 bok.11,phonetic,foam,,,,
1-320-802-1,blan1242,Bulang-2,1474,khrak.55,phonetic,sea,,,,
1-322-802-1,blan1242,Bulang-2,258,lək.55 jein.55,phonetic,calm (of sea),,,,
1-310-802-1,blan1242,Bulang-2,948,ʔom.51,phonetic,water,,,,
1-280-802-1,blan1242,Bulang-2,1155,dhu.51 pri.51,phonetic,cave,,,,
1-270-802-1,blan1242,Bulang-2,113,brət.55 ʔoa.31,phonetic,shore,,,,
1-260-802-1,blan1242,Bulang-2,166,gu.51 thei.31,phonetic,mainland,,,,
1-240-802-1,blan1242,Bulang-2,921,kuŋ.51 gru.51,phonetic,valley,,,,
1-230-802-1,blan1242,Bulang-2,652,kɛk.55 lək.35,phonetic,"plain, field",,,,
1-230-802-2,blan1242,Bulang-2,652,tɔŋ.31 lək.33,phonetic,"plain, field",,,,
1-222-802-1,blan1242,Bulang-2,618,phra.53,phonetic,"cliff, precipice",,,,
1-222-802-2,blan1242,Bulang-2,618,gɔ.31,phonetic,"cliff, precipice",,,,
1-220-802-1,blan1242,Bulang-2,2118,pri.51,phonetic,"mountain, hill",,,,
1-214-802-1,blan1242,Bulang-2,640,dhom.55,phonetic,mud,,,,
1-215-802-1,blan1242,Bulang-2,671,ʒ́haik.51,phonetic,sand,,,,
1-213-802-1,blan1242,Bulang-2,2,ghuə.55 ri.31,phonetic,dust,,,,
1-212-802-1,blan1242,Bulang-2,1228,thei.31,phonetic,"earth=ground, soil",,,,
1-210-802-1,blan1242,Bulang-2,626,kɛk.55,phonetic,"earth, land",,,,
1-100-802-1,blan1242,Bulang-2,965,phlik.55 thei.31,phonetic,world,,,,
14-330-802-1,blan1242,Bulang-2,1544,khoi.51 ləŋ.33,phonetic,sometimes,,,,
14-331-802-1,blan1242,Bulang-2,703,ćək.31 khraŋ.33 dɔk.51 khui.31,phonetic,soon,,,,
14-332-802-1,blan1242,Bulang-2,418,jau.51 khrau.51,phonetic,long-time (for a),,,,
14-340-802-1,blan1242,Bulang-2,1656,lu.31 ləŋ.31 ku.31 ćək.31,phonetic,never,,,,
14-350-802-1,blan1242,Bulang-2,204,vai.51 tɔ.31 mu.31 lai.51,phonetic,again,,,,
14-410-802-1,blan1242,Bulang-2,1225,ta.31 sa.31 ŋi.51,phonetic,day,,,,
14-410-802-2,blan1242,Bulang-2,1225,pi.51 pa.51,phonetic,day,,,,
14-420-802-1,blan1242,Bulang-2,1233,ta.31 buər.33,phonetic,night,,,,
14-430-802-1,blan1242,Bulang-2,729,ta.31 pri.51 ʔa.31 pa.51,phonetic,dawn,,,,
14-440-802-1,blan1242,Bulang-2,1339,ta.31 ćau.51,phonetic,morning,,,,
14-451-802-1,blan1242,Bulang-2,1807,ta.31 sa.31 ŋi.51,phonetic,afternoon,,,,
14-451-802-2,blan1242,Bulang-2,1807,ta.31 pri.51 ʔa.31 puər.33,phonetic,afternoon,,,,
14-460-802-1,blan1242,Bulang-2,1629,ta.31 buər.33,phonetic,evening,,,,
14-470-802-1,blan1242,Bulang-2,1283,ʔi.51 ni.31,phonetic,today,,,,
14-480-802-1,blan1242,Bulang-2,1329,ta.31 raŋ.51,phonetic,tomorrow,,,,
14-481-802-1,blan1242,Bulang-2,1179,ʔa.31 khik.31,phonetic,day-after-tomorrow,,,,
14-490-802-1,blan1242,Bulang-2,1174,ʔi.51 khu.31,phonetic,yesterday,,,,
14-491-802-1,blan1242,Bulang-2,1180,ʔi.51 mən.31,phonetic,day-before-yesterday,,,,
14-510-802-1,blan1242,Bulang-2,1353,khik.33 diak.33,phonetic,hour,,,,
14-530-802-1,blan1242,Bulang-2,1323,ćoŋ.13,phonetic,"clock, timepiece",,,,
14-610-802-1,blan1242,Bulang-2,1469,siŋ.33 ćhi.33,phonetic,week,,,,
14-620-802-1,blan1242,Bulang-2,1699,siŋ.33 ćhi.33 thiŋ.33,phonetic,Sunday,,,,
14-630-802-1,blan1242,Bulang-2,1697,siŋ.33 ćhi.33 ji.51,phonetic,Monday,,,,
14-640-802-1,blan1242,Bulang-2,1695,siŋ.33 ćhi.33 ʔə.33,phonetic,Tuesday,,,,
14-650-802-1,blan1242,Bulang-2,1694,siŋ.33 ćhi.33 saŋ.33,phonetic,Wednesday,,,,
14-660-802-1,blan1242,Bulang-2,1693,siŋ.33 ćhi.33 sɨ.33,phonetic,Thursday,,,,
14-670-802-1,blan1242,Bulang-2,1692,siŋ.33 ćhi.33 vu.51,phonetic,Friday,,,,
14-680-802-1,blan1242,Bulang-2,1700,siŋ.33 ćhi.33 lu.51,phonetic,Saturday,,,,
14-710-802-1,blan1242,Bulang-2,1370,ghir.51,phonetic,month,,,,
14-730-802-1,blan1242,Bulang-2,1226,nhəp.33,phonetic,year,,,,
14-740-802-1,blan1242,Bulang-2,1471,khrau.51 pri.51 khat.33,phonetic,winter,,,,
14-750-802-1,blan1242,Bulang-2,1537,khrau.51 pri.51 sa.31 ʔəp.33,phonetic,spring,,,,
14-760-802-1,blan1242,Bulang-2,1342,khrau.51 pri.51 kat.31,phonetic,summer,,,,
14-770-802-1,blan1242,Bulang-2,1276,khrau.51 pri.51 kat.31,phonetic,autumn,,,,
14-780-802-1,blan1242,Bulang-2,691,ʒ́hak.31 bhu.51,phonetic,season,,,,
15-210-802-1,blan1242,Bulang-2,1587,ʔui.33,phonetic,smell (vb intrans),,,,
15-212-802-1,blan1242,Bulang-2,375,hut.31,phonetic,sniff,,,,
15-220-802-1,blan1242,Bulang-2,1586,hut.31,phonetic,smell (vb trans),,,,
15-250-802-1,blan1242,Bulang-2,376,hɔm.51,phonetic,"fragrant, good smelling",,,,
15-260-802-1,blan1242,Bulang-2,42,ʔui.33,phonetic,"stinking, bad smelling",,,,
15-260-802-2,blan1242,Bulang-2,42,luər.51 ʔui.33,phonetic,"stinking, bad smelling",,,,
15-310-802-1,blan1242,Bulang-2,21,blɔŋ.51 luər.51,phonetic,taste,,,,
15-350-802-1,blan1242,Bulang-2,717,niaŋ.51,phonetic,sweet,,,,
15-360-802-1,blan1242,Bulang-2,1091,lhu.13,phonetic,salty,,,,
15-370-802-1,blan1242,Bulang-2,887,ćhak.33,phonetic,bitter,,,,
15-380-802-1,blan1242,Bulang-2,1906,ćiau.55,phonetic,"acid, sour",,,,
15-390-802-1,blan1242,Bulang-2,70,blɔŋ.51 luər.51 ćak.31 ŋhem.51,phonetic,brackish,,,,
15-410-802-1,blan1242,Bulang-2,1408,ʒ́iak.31 c̣am.33,phonetic,hear,,,,
15-410-802-2,blan1242,Bulang-2,1408,ʒ́iak.31 kau.33,phonetic,hear,,,,
15-420-802-1,blan1242,Bulang-2,1608,ʒ́iak.31,phonetic,listen,,,,
15-440-802-1,blan1242,Bulang-2,1811,seŋ.51 (mɔ.51),phonetic,"sound, noise",,,,
15-450-802-1,blan1242,Bulang-2,377,ʔat.33 seŋ.51,phonetic,loud,,,,
15-460-802-1,blan1242,Bulang-2,1314,ʔien.33,phonetic,"quiet, silence",,,,
15-510-802-1,blan1242,Bulang-2,1409,(ŋien.51) jou.33,phonetic,see,,,,
15-520-802-1,blan1242,Bulang-2,1819,ŋien.51,phonetic,"look, look at",,,,
15-550-802-1,blan1242,Bulang-2,1039,ʔɔi.51 ŋien.51,phonetic,show,,,,
15-560-802-1,blan1242,Bulang-2,708,(sai.51) thɔŋ.11,phonetic,shine,,,,
15-570-802-1,blan1242,Bulang-2,679,sai.51 ba.51,phonetic,bright,,,,
15-620-802-1,blan1242,Bulang-2,250,phuə.31 paiŋ.51,phonetic,light (in color),,,,
15-630-802-1,blan1242,Bulang-2,706,c̣haŋ.51 lak.33,phonetic,dark (in color),,,,
15-640-802-1,blan1242,Bulang-2,1335,paiŋ.51,phonetic,white,,,,
15-650-802-1,blan1242,Bulang-2,163,lak.31,phonetic,black,,,,
15-660-802-1,blan1242,Bulang-2,156,c̣hraŋ.51,phonetic,red,,,,
15-670-802-1,blan1242,Bulang-2,837,khio.51,phonetic,blue,,,,
15-670-802-2,blan1242,Bulang-2,837,lhəŋ.51,phonetic,blue,,,,
15-680-802-1,blan1242,Bulang-2,1425,lhəŋ.51,phonetic,green,,,,
15-680-802-2,blan1242,Bulang-2,1425,khio.51,phonetic,green,,,,
15-690-802-1,blan1242,Bulang-2,1424,lhəŋ.51,phonetic,yellow,,,,
15-690-802-2,blan1242,Bulang-2,1424,rauŋ.51,phonetic,yellow,,,,
15-710-802-1,blan1242,Bulang-2,1892,tiat.31 ćɔ.51,phonetic,touch,,,,
15-712-802-1,blan1242,Bulang-2,378,pha.31 jiat.51,phonetic,pinch,,,,
15-712-802-2,blan1242,Bulang-2,378,tɔik.51,phonetic,pinch,,,,
15-720-802-1,blan1242,Bulang-2,1079,ŋat.33,phonetic,feel,,,,
15-720-802-2,blan1242,Bulang-2,1079,sa.31 phut.31,phonetic,feel,,,,
15-740-802-1,blan1242,Bulang-2,1884,kiar.33,phonetic,hard,,,,
15-750-802-1,blan1242,Bulang-2,1856,mhɔk.31,phonetic,soft,,,,
15-760-802-1,blan1242,Bulang-2,1923,ra.31,phonetic,rough,,,,
15-760-802-2,blan1242,Bulang-2,1923,ćək.31 ʔa.31 khliat.51,phonetic,rough,,,,
15-770-802-1,blan1242,Bulang-2,1234,ʔa.31 khliat.51,phonetic,smooth,,,,
15-780-802-1,blan1242,Bulang-2,1396,ləp.31,phonetic,sharp,,,,
15-790-802-1,blan1242,Bulang-2,379,lən.33,phonetic,"blunt, dull",,,,
15-810-802-1,blan1242,Bulang-2,1210,sa.31 ćiat.33,phonetic,heavy,,,,
15-820-802-1,blan1242,Bulang-2,1052,sa.31 jeŋ.51,phonetic,light (in weight),,,,
15-830-802-1,blan1242,Bulang-2,1726,miak.31,phonetic,"wet, damp",,,,
15-830-802-2,blan1242,Bulang-2,1726,miak.31 ńom.51,phonetic,"wet, damp",,,,
15-840-802-1,blan1242,Bulang-2,1398,khrɔ.31,phonetic,dry,,,,
15-840-802-2,blan1242,Bulang-2,1398,khrɔ.31 khrat.51,phonetic,dry,,,,
15-850-802-1,blan1242,Bulang-2,1286,kat.31,phonetic,hot,,,,
15-851-802-1,blan1242,Bulang-2,1232,sa.31 ʔəp.33,phonetic,warm,,,,
15-860-802-1,blan1242,Bulang-2,1287,khat.31,phonetic,cold,,,,
15-870-802-1,blan1242,Bulang-2,704,sa.31 ŋɛ.31,phonetic,clean,,,,
15-880-802-1,blan1242,Bulang-2,1230,ʒ́hiək.51,phonetic,"dirty, soiled",,,,
15-890-802-1,blan1242,Bulang-2,380,tru.33,phonetic,wrinkled,,,,
16-110-802-1,blan1242,Bulang-2,53,khlak.31,phonetic,"soul, spirit",,,,
16-110-802-2,blan1242,Bulang-2,53,nhi.51,phonetic,"soul, spirit",,,,
16-150-802-1,blan1242,Bulang-2,1572,khat.51,phonetic,"surprised, astonished",,,,
16-150-802-2,blan1242,Bulang-2,1572,khat.51 nhɨŋ.31,phonetic,"surprised, astonished",,,,
16-180-802-1,blan1242,Bulang-2,720,ńem.51 si.31 khə.33,phonetic,"good fortune, luck",,,,
16-190-802-1,blan1242,Bulang-2,56,ćək.31 ńem.51 si.31 khəu.33,phonetic,"misfortune, bad luck",,,,
16-230-802-1,blan1242,Bulang-2,1495,tiŋ.51 khlə.55 (khlɨr.33),phonetic,"joyful, glad, happy",,,,
16-250-802-1,blan1242,Bulang-2,1355,ńha.51 (ʔat.33),phonetic,laugh,,,,
16-251-802-1,blan1242,Bulang-2,1451,ńha.51 ʔuan.31,phonetic,smile,,,,
16-260-802-1,blan1242,Bulang-2,1413,grə.31,phonetic,play,,,,
16-270-802-1,blan1242,Bulang-2,923,ćhəm.51,phonetic,love,,,,
16-290-802-1,blan1242,Bulang-2,578,buik.51,phonetic,kiss,,,,
16-300-802-1,blan1242,Bulang-2,928,ʔap.33,phonetic,embrace,,,,
16-300-802-2,blan1242,Bulang-2,928,khru.31 ʔap.33,phonetic,embrace,,,,
16-310-802-1,blan1242,Bulang-2,1783,ćhu.51,phonetic,pain,,,,
16-320-802-1,blan1242,Bulang-2,1668,ćhu.51 ʔa.31 sem.51,phonetic,"grief, sorrow, sadness",,,,
16-330-802-1,blan1242,Bulang-2,1000,khai.31 khɨr.33,phonetic,"anxiety, worry",,,,
16-340-802-1,blan1242,Bulang-2,1875,dɔ.31,phonetic,"regret, be sorry",,,,
16-350-802-1,blan1242,Bulang-2,1141,mik.33,phonetic,pity,,,,
16-370-802-1,blan1242,Bulang-2,1839,jam.51,phonetic,"cry, weep",,,,
16-380-802-1,blan1242,Bulang-2,1651,ʔom.51 ŋai.51,phonetic,tear (noun),,,,
16-390-802-1,blan1242,Bulang-2,716,ŋɨr.33,phonetic,groan,,,,
16-410-802-1,blan1242,Bulang-2,1607,kran.31 jo.33,phonetic,hate,,,,
16-420-802-1,blan1242,Bulang-2,82,sa.31 nət.33,phonetic,anger,,,,
16-420-802-2,blan1242,Bulang-2,82,ću.31,phonetic,anger,,,,
16-440-802-1,blan1242,Bulang-2,40,lak.33 ŋai.51,phonetic,"envy, jealousy",,,,
16-450-802-1,blan1242,Bulang-2,1776,kan.33 ŋai.51,phonetic,shame (noun),,,,
16-480-802-1,blan1242,Bulang-2,174,ćiau.55 ʔau.55 (ʔa.31 ti.51),phonetic,proud,,,,
16-510-802-1,blan1242,Bulang-2,1779,kan.51,phonetic,dare,,,,
16-520-802-1,blan1242,Bulang-2,3,kan.51,phonetic,brave,,,,
16-530-802-1,blan1242,Bulang-2,781,lhat.51,phonetic,"fear, fright",,,,
16-540-802-1,blan1242,Bulang-2,1810,phiə.31 ʔiar.31,phonetic,danger,,,,
16-620-802-1,blan1242,Bulang-2,1784,ćhəm.51,phonetic,"desire, want",,,,
16-622-802-1,blan1242,Bulang-2,1750,ra.31 lhək.51,phonetic,choose,,,,
16-630-802-1,blan1242,Bulang-2,1092,ćhəm.51,phonetic,hope,,,,
16-630-802-2,blan1242,Bulang-2,1092,ćhəm.51,phonetic,hope,,,,
16-650-802-1,blan1242,Bulang-2,100,tam.33 nam.31,phonetic,faithful,,,,
16-660-802-1,blan1242,Bulang-2,1657,nəp.33,phonetic,true,,,,
16-660-802-2,blan1242,Bulang-2,1657,vɛ.31 nəp.33,phonetic,true,,,,
16-670-802-1,blan1242,Bulang-2,601,bloik.31,phonetic,"lie, tell lies",,,,
16-670-802-2,blan1242,Bulang-2,601,kriat.31 kɔn.31,phonetic,"lie, tell lies",,,,
16-680-802-1,blan1242,Bulang-2,13,dhɔi.51,phonetic,deceit,,,,
16-690-802-1,blan1242,Bulang-2,1528,rau.51 ran.55,phonetic,forgive,,,,
16-710-802-1,blan1242,Bulang-2,1035,ńɛm.51,phonetic,good,,,,
16-720-802-1,blan1242,Bulang-2,1292,ćək.31 ńɛm.51,phonetic,bad,,,,
16-720-802-2,blan1242,Bulang-2,1292,lu.31,phonetic,bad,,,,
16-730-802-1,blan1242,Bulang-2,1725,khɔ.51,phonetic,"right, correct",,,,
16-740-802-1,blan1242,Bulang-2,1390,phit.31,phonetic,wrong,,,,
16-740-802-2,blan1242,Bulang-2,1390,ćək.31 khɔ.51,phonetic,wrong,,,,
16-760-802-1,blan1242,Bulang-2,134,vɛ.55 phit.31,phonetic,fault,,,,
16-760-802-3,blan1242,Bulang-2,134,phit.31,phonetic,fault,,,,
16-770-802-1,blan1242,Bulang-2,1293,kan.33 phit.31 vɛ.31 phit.51,phonetic,"mistake, error",,,,
16-780-802-1,blan1242,Bulang-2,381,vit.33,phonetic,blame,,,,
16-790-802-1,blan1242,Bulang-2,1687,ʔup.11,phonetic,praise,,,,
16-810-802-1,blan1242,Bulang-2,1427,jɨaŋ.51,phonetic,beautiful,,,,
16-820-802-1,blan1242,Bulang-2,1548,ćək.31 jɨaŋ.51,phonetic,ugly,,,,
16-830-802-1,blan1242,Bulang-2,2018,sət.31 ʔa.31 sem.51,phonetic,greedy,,,,
16-840-802-1,blan1242,Bulang-2,1310,hiak.33,phonetic,clever,,,,
17-110-802-1,blan1242,Bulang-2,1562,lu.51 lək.51 dhuak.51,phonetic,mind,,,,
17-130-802-1,blan1242,Bulang-2,1415,dhem.51,phonetic,think (= reflect),,,,
17-140-802-1,blan1242,Bulang-2,1513,tət.31 mən.55,phonetic,think (= be of the opinion),,,,
17-150-802-1,blan1242,Bulang-2,1890,si:n.33,phonetic,believe,,,,
17-160-802-1,blan1242,Bulang-2,1536,ćə.31,phonetic,understand,,,,
17-170-802-1,blan1242,Bulang-2,1410,ćə.31,phonetic,know,,,,
17-171-802-1,blan1242,Bulang-2,1932,c̣hai.31,phonetic,guess,,,,
17-172-802-1,blan1242,Bulang-2,117,jiaŋ.33,phonetic,imitate,,,,
17-180-802-1,blan1242,Bulang-2,1521,kauŋ.51,phonetic,seem,,,,
17-190-802-1,blan1242,Bulang-2,1609,saŋ.31 dhem.31,phonetic,"idea, notion",,,,
17-210-802-1,blan1242,Bulang-2,698,ṣuk.51 dhu.51 pri.51 ʔu.51,phonetic,wise,,,,
17-220-802-1,blan1242,Bulang-2,1518,mau.51,phonetic,"foolish, stupid",,,,
17-230-802-1,blan1242,Bulang-2,1899,vɨr.33,phonetic,"insane, crazy",,,,
17-240-802-1,blan1242,Bulang-2,504,hen.51,phonetic,learn,,,,
17-242-802-1,blan1242,Bulang-2,1929,hen.51,phonetic,study,,,,
17-250-802-1,blan1242,Bulang-2,709,dhɛ.31,phonetic,teach,,,,
17-250-802-2,blan1242,Bulang-2,709,dhɛ.31 dham.33,phonetic,teach,,,,
17-260-802-1,blan1242,Bulang-2,753,khun.51 hen.51 tham.33,phonetic,pupil,,,,
17-270-802-1,blan1242,Bulang-2,1038,lau.51 sɨ.31,phonetic,teacher,,,,
17-280-802-1,blan1242,Bulang-2,673,ti.31 hen.51 tham.33,phonetic,school,,,,
17-310-802-1,blan1242,Bulang-2,707,tɔŋ.33 pen.51,phonetic,remember,,,,
17-310-802-3,blan1242,Bulang-2,707,tɔŋ.33,phonetic,remember,,,,
17-320-802-1,blan1242,Bulang-2,1523,pir.33,phonetic,forget,,,,
17-340-802-1,blan1242,Bulang-2,989,ćə.31,phonetic,"clear, plain",,,,
17-350-802-1,blan1242,Bulang-2,1764,jak.33 ta.31 ćə.31,phonetic,obscure,,,,
17-360-802-1,blan1242,Bulang-2,1121,din.33 nəu.33,phonetic,secret,,,,
17-370-802-1,blan1242,Bulang-2,509,nəp.33,phonetic,"sure, certain",,,,
17-380-802-1,blan1242,Bulang-2,1626,kriak.31 ṣuk.33,phonetic,explain,,,,
17-420-802-1,blan1242,Bulang-2,860,ćin.33 din.33,phonetic,cause,,,,
17-430-802-1,blan1242,Bulang-2,1308,lei.33 ćək.31 ruan.51,phonetic,doubt,,,,
17-450-802-1,blan1242,Bulang-2,643,ʔə.31 ćɔ.31,phonetic,"need, necessity",,,,
17-460-802-1,blan1242,Bulang-2,686,ja.51,phonetic,easy,,,,
17-470-802-1,blan1242,Bulang-2,584,jak.11,phonetic,difficult,,,,
17-470-802-2,blan1242,Bulang-2,584,khiə.55,phonetic,difficult,,,,
17-480-802-1,blan1242,Bulang-2,1812,thio.11,phonetic,"try, attempt",,,,
17-490-802-1,blan1242,Bulang-2,488,saŋ.31 ći.51,phonetic,"way, manner",,,,
17-510-802-1,blan1242,Bulang-2,1577,mai.51,phonetic,and,,,,
17-520-802-1,blan1242,Bulang-2,1157,ʒ́haŋ.51 ha.33 ni.31,phonetic,because,,,,
17-530-802-1,blan1242,Bulang-2,1459,pha.33 ma.33 ha.51 ni.31,phonetic,if,,,,
17-550-802-1,blan1242,Bulang-2,1268,ʔət.33,phonetic,"yes, affirmative",,,,
17-550-802-2,blan1242,Bulang-2,1268,khɔ.31,phonetic,"yes, affirmative",,,,
17-560-802-1,blan1242,Bulang-2,1269,ćək.31 ćo.33,phonetic,"no, negative",,,,
17-610-802-1,blan1242,Bulang-2,1239,saŋ.31 mɛ.31,phonetic,how?,,,,
17-620-802-1,blan1242,Bulang-2,822,ʔan.51 mɛ.31,phonetic,how many?,,,,
17-630-802-1,blan1242,Bulang-2,531,ńau.33 klie.33,phonetic,how much?,,,,
17-640-802-1,blan1242,Bulang-2,1236,dit.13,phonetic,what?,,,,
17-650-802-1,blan1242,Bulang-2,1238,khrauŋ.51 dit.13,phonetic,when?,,,,
17-660-802-1,blan1242,Bulang-2,1237,fai.33 mɛ.31,phonetic,where?,,,,
17-670-802-1,blan1242,Bulang-2,727,ʔu.51 din.33 ʔi.51,phonetic,which?,,,,
17-680-802-1,blan1242,Bulang-2,1235,ʔa.31 mɛ.31,phonetic,who?,,,,
17-690-802-1,blan1242,Bulang-2,1270,vɛ.31 ćin.33 din.33,phonetic,why?,,,,
18-110-802-1,blan1242,Bulang-2,1363,seŋ.51,phonetic,voice,,,,
18-120-802-1,blan1242,Bulang-2,1261,c̣haŋ.31,phonetic,sing,,,,
18-130-802-1,blan1242,Bulang-2,715,khrak.33 pau.51,phonetic,"shout, cry out",,,,
18-130-802-3,blan1242,Bulang-2,715,pau.51,phonetic,"shout, cry out",,,,
18-150-802-1,blan1242,Bulang-2,55,kuam.51 muə.33,phonetic,whisper,,,,
18-160-802-1,blan1242,Bulang-2,128,kuam.51 khɨək.31,phonetic,mumble,,,,
18-170-802-1,blan1242,Bulang-2,1025,phuk.33 fiɛt.33,phonetic,whistle,,,,
18-180-802-1,blan1242,Bulang-2,298,kriu.51 khrak.51,phonetic,"shriek, screech",,,,
18-190-802-1,blan1242,Bulang-2,526,ʔəu.51 khrak.33,phonetic,howl,,,,
18-210-802-1,blan1242,Bulang-2,1623,phrɔŋ.51 kuam.51,phonetic,"speak, talk",,,,
18-211-802-1,blan1242,Bulang-2,1866,khək.51 naŋ.33 kriak.51,phonetic,"stutter, stammer",,,,
18-220-802-1,blan1242,Bulang-2,1458,kriak.51,phonetic,say,,,,
18-221-802-1,blan1242,Bulang-2,1711,phrɔŋ.51 ʔa.51 pɨt.33,phonetic,tell story,,,,
18-230-802-1,blan1242,Bulang-2,48,nim.33,phonetic,silent (be),,,,
18-240-802-1,blan1242,Bulang-2,1307,kuam.51,phonetic,language,,,,
18-260-802-1,blan1242,Bulang-2,1599,lik.11,phonetic,word,,,,
18-280-802-1,blan1242,Bulang-2,1405,ćɨ.31,phonetic,name,,,,
18-310-802-1,blan1242,Bulang-2,1309,mhaiŋ.51,phonetic,"ask (question, inquire)",,,,
18-310-802-3,blan1242,Bulang-2,1309,sɔk.51 mhaiŋ.51,phonetic,"ask (question, inquire)",,,,
18-320-802-1,blan1242,Bulang-2,1275,jɛ.51,phonetic,answer,,,,
18-330-802-1,blan1242,Bulang-2,2022,(ćhən.31) jɨn.31,phonetic,"admit, confess",,,,
18-340-802-1,blan1242,Bulang-2,755,ćək.31 jɨn.31,phonetic,deny,,,,
18-350-802-1,blan1242,Bulang-2,1828,tha.31 na.51,phonetic,"ask, request",,,,
18-360-802-1,blan1242,Bulang-2,1675,jɛ.51,phonetic,promise,,,,
18-370-802-1,blan1242,Bulang-2,49,ćək.31 jɛ.51,phonetic,refuse,,,,
18-380-802-1,blan1242,Bulang-2,83,ćək.31 ta.31 ći.33,phonetic,forbid,,,,
18-390-802-1,blan1242,Bulang-2,299,ʔu.31,phonetic,"rebuke, scold",,,,
18-410-802-1,blan1242,Bulang-2,1084,ʔau.51,phonetic,call (=summon),,,,
18-420-802-1,blan1242,Bulang-2,180,pau.51 ha.31 nhi.31,phonetic,call (=name),,,,
18-430-802-1,blan1242,Bulang-2,9,kriaŋ.31 ʔuai.51 ʔu.51 məŋ.51 ha.31,phonetic,announce,,,,
18-440-802-1,blan1242,Bulang-2,1192,khə.51,phonetic,threaten,,,,
18-450-802-1,blan1242,Bulang-2,101,lhak.51 ʔup.33,phonetic,boast,,,,
18-510-802-1,blan1242,Bulang-2,1672,tiam.31,phonetic,write,,,,
18-520-802-1,blan1242,Bulang-2,724,ŋian.33,phonetic,read,,,,
18-560-802-1,blan1242,Bulang-2,648,će.31,phonetic,paper,,,,
18-570-802-1,blan1242,Bulang-2,794,pi.31,phonetic,pen,,,,
18-610-802-1,blan1242,Bulang-2,963,tham.33,phonetic,book,,,,
18-670-802-1,blan1242,Bulang-2,1045,ʔu.31 lai.51,phonetic,poet,,,,
18-710-802-1,blan1242,Bulang-2,777,pi.31,phonetic,flute,,,,
18-720-802-1,blan1242,Bulang-2,908,kɔŋ.51,phonetic,drum,,,,
18-730-802-1,blan1242,Bulang-2,2136,tu.31 lhat.51,phonetic,"horn, trumpet",,,,
18-740-802-1,blan1242,Bulang-2,300,siŋ.51 thruai.33 krəŋ.33,phonetic,rattle,,,,
19-110-802-1,blan1242,Bulang-2,1300,ʔu.51 məŋ.51,phonetic,country,,,,
19-120-802-1,blan1242,Bulang-2,89,rip.33 kaŋ.51,phonetic,one's native country,,,,
19-150-802-1,blan1242,Bulang-2,1391,toŋ.11,phonetic,"city, town",,,,
19-160-802-1,blan1242,Bulang-2,930,rip.33,phonetic,village,,,,
19-170-802-1,blan1242,Bulang-2,1010,mur.33,phonetic,boundary,,,,
19-210-802-1,blan1242,Bulang-2,789,ʔu.51 məŋ.31,phonetic,people (populace),,,,
19-240-802-1,blan1242,Bulang-2,301,thak.33 khik.33,phonetic,"chief, chieftain",,,,
19-250-802-1,blan1242,Bulang-2,1296,si.31 gruiŋ.51,phonetic,"staff, walking stick",,,,
19-310-802-1,blan1242,Bulang-2,1846,kuan.51,phonetic,"rule, govern",,,,
19-320-802-1,blan1242,Bulang-2,1508,vɔŋ.31,phonetic,"king, ruler",,,,
19-330-802-1,blan1242,Bulang-2,1306,phət.33 vɔŋ.31,phonetic,queen,,,,
19-370-802-1,blan1242,Bulang-2,1032,ʔu.51 ću.51 viɨk.55,phonetic,"citizen, subject",,,,
19-410-802-1,blan1242,Bulang-2,383,gan.51,phonetic,master,,,,
19-420-802-1,blan1242,Bulang-2,812,khra.31,phonetic,slave,,,,
19-430-802-1,blan1242,Bulang-2,255,khra.31,phonetic,servant,,,,
19-440-802-1,blan1242,Bulang-2,384,ʔu.51 pɨr.33 ʔu.51 lhoi.51,phonetic,freeman,,,,
19-450-802-1,blan1242,Bulang-2,1128,phai.31 ʒ́iak.31 ću.51,phonetic,"command, order",,,,
19-460-802-1,blan1242,Bulang-2,1635,ʒ́iak.31 ću.51,phonetic,obey,,,,
19-470-802-1,blan1242,Bulang-2,1003,te.33,phonetic,"let, permit",,,,
19-510-802-1,blan1242,Bulang-2,1325,khun.51 bu.31,phonetic,"friend, companion",,,,
19-520-802-1,blan1242,Bulang-2,1358,ʔu.51 ra.31,phonetic,enemy,,,,
19-540-802-1,blan1242,Bulang-2,1332,ʔu.51 khroŋ.31 ʔu.51 toŋ.11,phonetic,neighbor,,,,
19-550-802-1,blan1242,Bulang-2,791,ʔu.51 taŋ.33 ʔu.51 lhak.33,phonetic,stranger,,,,
19-560-802-1,blan1242,Bulang-2,1782,tur.33,phonetic,guest,,,,
19-570-802-1,blan1242,Bulang-2,1545,ʔu.51 gam.31,phonetic,host,,,,
19-580-802-1,blan1242,Bulang-2,1897,c̣uai.51,phonetic,"help, aid",,,,
19-590-802-1,blan1242,Bulang-2,1550,ṣɛ.31,phonetic,"hinder, prevent",,,,
19-610-802-1,blan1242,Bulang-2,1747,fiŋ.31,phonetic,custom,,,,
19-620-802-1,blan1242,Bulang-2,1848,ʔa.31 ʔu.51,phonetic,"strife, quarrel",,,,
19-630-802-1,blan1242,Bulang-2,2024,saŋ.31 ći.51,phonetic,"conspiracy, plot",,,,
19-650-802-1,blan1242,Bulang-2,1831,jo.33 put.31 ti.51,phonetic,meet,,,,
19-720-802-1,blan1242,Bulang-2,1610,ʔu.51 roi.51 khɛ.31,phonetic,prostitute,,,,
20-110-802-1,blan1242,Bulang-2,1423,mu.31 mɨr.51,phonetic,fight (vb),,,,
20-130-802-1,blan1242,Bulang-2,579,naiŋ.51,phonetic,"war, battle",,,,
20-140-802-1,blan1242,Bulang-2,1338,phrɔŋ.51 khɔ.31,phonetic,peace,,,,
20-150-802-1,blan1242,Bulang-2,1561,phuŋ.33 liɛn.11,phonetic,army,,,,
20-170-802-1,blan1242,Bulang-2,1941,liɛn.11,phonetic,soldier,,,,
20-210-802-1,blan1242,Bulang-2,951,krəŋ.31 naiŋ.51,phonetic,"weapons, arms",,,,
20-220-802-1,blan1242,Bulang-2,1763,sə.31 ćɔŋ.11,phonetic,club,,,,
20-222-802-1,blan1242,Bulang-2,386,məi.31 naiŋ.51,phonetic,battle-ax,,,,
20-230-802-1,blan1242,Bulang-2,387,gu.51 nat.11,phonetic,sling,,,,
20-240-802-1,blan1242,Bulang-2,994,ʔak.51,phonetic,bow,,,,
20-250-802-1,blan1242,Bulang-2,977,tɛi.33,phonetic,arrow,,,,
20-260-802-1,blan1242,Bulang-2,945,pliar.51,phonetic,spear,,,,
20-270-802-1,blan1242,Bulang-2,1535,sak.33 jau.51,phonetic,sword,,,,
20-280-802-1,blan1242,Bulang-2,1566,nat.11,phonetic,"gun, cannon",,,,
20-280-802-2,blan1242,Bulang-2,1566,mhɔk.11,phonetic,"gun, cannon",,,,
20-310-802-1,blan1242,Bulang-2,1061,sa.31 pɛ.31 ʔa.31 ŋak.33,phonetic,armor (defensive),,,,
20-330-802-1,blan1242,Bulang-2,1680,mhɔk.51 ʔa.31 ŋak.33,phonetic,helmet,,,,
20-340-802-1,blan1242,Bulang-2,1064,krəŋ.33 ṣɛ.51 pliar.51,phonetic,shield,,,,
20-360-802-1,blan1242,Bulang-2,1671,kaŋ.51 c̣uan.31,phonetic,tower,,,,
20-410-802-1,blan1242,Bulang-2,783,pɛ.51,phonetic,victory,,,,
20-420-802-1,blan1242,Bulang-2,782,ćək.31 pɛ.51,phonetic,defeat,,,,
20-430-802-1,blan1242,Bulang-2,722,phəik.33 lup.31,phonetic,attack,,,,
20-440-802-1,blan1242,Bulang-2,1330,po.31,phonetic,defend,,,,
20-450-802-1,blan1242,Bulang-2,421,ṣrot.33,phonetic,retreat,,,,
20-460-802-1,blan1242,Bulang-2,1696,nɛ.51 thi.51,phonetic,surrender,,,,
20-460-802-3,blan1242,Bulang-2,1696,ńɔ.51 thi.51,phonetic,surrender,,,,
20-471-802-1,blan1242,Bulang-2,1940,liɛn.33 pu.51,phonetic,"guard, sentinel",,,,
20-480-802-1,blan1242,Bulang-2,1022,pen.51 krəŋ.11 naiŋ.51,phonetic,"booty, spoils",,,,
20-490-802-1,blan1242,Bulang-2,65,suak.51,phonetic,ambush,,,,
20-510-802-1,blan1242,Bulang-2,1858,ʔu.51 leŋ.31 kha.33,phonetic,fisherman,,,,
20-520-802-1,blan1242,Bulang-2,1074,ghuak.33 kha.13,phonetic,fishhook,,,,
20-530-802-1,blan1242,Bulang-2,19,ćhi.51 kha.13,phonetic,fishing line,,,,
20-540-802-1,blan1242,Bulang-2,388,griaŋ.51 kha.13,phonetic,fishnet,,,,
20-550-802-1,blan1242,Bulang-2,389,ru.51 kha.13,phonetic,fish trap,,,,
20-560-802-1,blan1242,Bulang-2,2013,pra.31 dhuai.51 kha.13,phonetic,bait,,,,
20-610-802-1,blan1242,Bulang-2,1435,phəik.33 pri.51,phonetic,hunt,,,,
20-620-802-1,blan1242,Bulang-2,1172,phəik.33 pa.51,phonetic,shoot,,,,
20-630-802-1,blan1242,Bulang-2,161,wai.31 phəik.33 ćhe.31,phonetic,miss (target),,,,
20-640-802-1,blan1242,Bulang-2,1075,dhu.51 hio.31,phonetic,trap (noun),,,,
20-650-802-1,blan1242,Bulang-2,1170,ći.51 dhu.51 hio.31,phonetic,trap (vb),,,,
21-110-802-1,blan1242,Bulang-2,1062,blɔŋ.51 məŋ.51,phonetic,law,,,,
21-150-802-1,blan1242,Bulang-2,1068,fa.31 jiŋ.31,phonetic,court,,,,
21-160-802-1,blan1242,Bulang-2,1818,tin.11,phonetic,judge (vb),,,,
21-170-802-1,blan1242,Bulang-2,1067,sən.51 mhai.51,phonetic,judgment,,,,
21-180-802-1,blan1242,Bulang-2,861,ʔu.51 sən.51 mhai.51,phonetic,judge (noun),,,,
21-230-802-1,blan1242,Bulang-2,1144,ʔu.51 ćən.31 miŋ.31,phonetic,witness,,,,
21-240-802-1,blan1242,Bulang-2,1939,c̣hai.51,phonetic,swear,,,,
21-250-802-1,blan1242,Bulang-2,1712,c̣hai.51,phonetic,oath,,,,
21-310-802-1,blan1242,Bulang-2,1814,kau.11,phonetic,accuse,,,,
21-320-802-1,blan1242,Bulang-2,484,khlɔk.11 ʔu.51,phonetic,condemn,,,,
21-330-802-1,blan1242,Bulang-2,983,khoi.51 map.11,phonetic,convict (vb),,,,
21-340-802-1,blan1242,Bulang-2,988,ćək.31 khoi.51 map.11,phonetic,acquit,,,,
21-350-802-1,blan1242,Bulang-2,1682,khoi.51 map.11,phonetic,guilty,,,,
21-360-802-1,blan1242,Bulang-2,90,ćək.31 khoi.51 map.11,phonetic,innocent,,,,
21-370-802-1,blan1242,Bulang-2,390,mur.51,phonetic,"penalty, punishment",,,,
21-380-802-1,blan1242,Bulang-2,218,mur.51 muər.33,phonetic,fine,,,,
21-390-802-1,blan1242,Bulang-2,1281,ti.11 khraŋ.33 ʔu.51,phonetic,"prison, jail",,,,
21-420-802-1,blan1242,Bulang-2,845,ra.31 ćhiat.51,phonetic,murder,,,,
21-460-802-1,blan1242,Bulang-2,1889,plɔi.31 ŋau.33,phonetic,arson,,,,
21-510-802-1,blan1242,Bulang-2,713,(ʔu.51) rak.11,phonetic,steal,,,,
21-520-802-1,blan1242,Bulang-2,1160,ʔa.31 sə.33,phonetic,thief,,,,
22-120-802-1,blan1242,Bulang-2,1944,thap.31 phlit.33,phonetic,God,,,,
22-130-802-1,blan1242,Bulang-2,911,thiŋ.51 miau.33,phonetic,"temple, church",,,,
22-140-802-1,blan1242,Bulang-2,853,di.31 khriŋ.55 tham.55,phonetic,altar,,,,
22-150-802-1,blan1242,Bulang-2,1103,jap.33,phonetic,"sacrifice, offering",,,,
22-150-802-2,blan1242,Bulang-2,1103,pra.33 sian.33,phonetic,"sacrifice, offering",,,,
22-180-802-1,blan1242,Bulang-2,852,mhɔ.51 lheŋ.31,phonetic,priest,,,,
22-220-802-1,blan1242,Bulang-2,304,phik.31 blɔŋ.51,phonetic,preach,,,,
22-230-802-1,blan1242,Bulang-2,391,mik.33 mir.51,phonetic,bless,,,,
22-240-802-1,blan1242,Bulang-2,8,khlɔ.51,phonetic,curse,,,,
22-260-802-1,blan1242,Bulang-2,303,tuan.31 pra.31,phonetic,fast (vb),,,,
22-310-802-1,blan1242,Bulang-2,1565,paŋ.51 phlik.33,phonetic,heaven,,,,
22-350-802-1,blan1242,Bulang-2,1973,sa.31 ŋa.51,phonetic,demon (evil spirit),,,,
22-420-802-1,blan1242,Bulang-2,392,sat.33,phonetic,"magic, witchcraft, sorcery",,,,
22-430-802-1,blan1242,Bulang-2,2137,mhɔ.51 sat.33,phonetic,"sorcerer, witch",,,,
22-440-802-1,blan1242,Bulang-2,2138,gam.51 phlik.33,phonetic,"fairy, elf",,,,
22-450-802-1,blan1242,Bulang-2,1175,sa.31 ŋa.51,phonetic,"ghost, phantom",,,,
22-470-802-1,blan1242,Bulang-2,107,siɛn.31 dhiu.51,phonetic,"omen, portent",,,,
