ID,Language_ID,Language_name,Parameter_ID,Value,Transcription,Concept,Source,Comment,AlternativeValue,AlternativeTranscription
14-320-825-1,khap1242,Kha Poong,1852,khɨ:j.33,phonetic,often,,,,
14-320-825-2,khap1242,Kha Poong,1852,pə.33 haj.33,phonetic,often,,,,
14-310-825-1,khap1242,Kha Poong,1676,hu:j.33 mɨ.33 ku:ŋ.22ʔ,phonetic,always,,,,
14-310-825-2,khap1242,Kha Poong,1676,lɨəj.33 lɨəj.33ʔ,phonetic,always,,,,
14-290-825-1,khap1242,Kha Poong,790,ṣən.434,phonetic,ready,,,,
14-280-825-1,khap1242,Kha Poong,1928,co.33ʔ,phonetic,"cease, stop",,,,
14-270-825-1,khap1242,Kha Poong,1766,le:w.33ʔ,phonetic,finish,,,,
14-260-825-1,khap1242,Kha Poong,743,sat.13 la.33ʔ,phonetic,end (temporal),,,,
14-260-825-2,khap1242,Kha Poong,743,he:t.13,phonetic,end (temporal),,,,
14-252-825-1,khap1242,Kha Poong,1186,lə:m.33 tɔ.13,phonetic,"last, endure",,,,
14-250-825-1,khap1242,Kha Poong,1806,taŋ.13 to:n.33ʔ,phonetic,"begin, beginning",,,,
14-240-825-1,khap1242,Kha Poong,425,mɛ.33 ńʌ.13,phonetic,"retard, delay",,,,
14-240-825-2,khap1242,Kha Poong,425,la.33ʔ,phonetic,"retard, delay",,,,
14-230-825-1,khap1242,Kha Poong,754,riŋ.33,phonetic,"hasten, hurry",,,,
14-220-825-1,khap1242,Kha Poong,701,ńʌ.13,phonetic,slow,,,,
14-210-825-1,khap1242,Kha Poong,1631,ßəj.13,phonetic,"swift, fast, quick",,,,
14-190-825-1,khap1242,Kha Poong,1963,cɨ.33 cɨ.33 cɨ.33 cɨ.13,phonetic,immediately,,,,
14-180-825-1,khap1242,Kha Poong,1376,cɨ.33 cɨ.33,phonetic,now,,,,
14-170-825-1,khap1242,Kha Poong,477,la.33ʔ,phonetic,late,,,,
14-160-825-1,khap1242,Kha Poong,672,tərə:k.33,phonetic,early,,,,
14-150-825-1,khap1242,Kha Poong,1229,kara.33,phonetic,old,,,,
14-140-825-1,khap1242,Kha Poong,1207,num.13,phonetic,young,,,,
14-120-825-1,khap1242,Kha Poong,1789,ańw.33ʔ,phonetic,age,,,,
14-130-825-1,khap1242,Kha Poong,1231,təmɔ.33,phonetic,new,,,,
14-110-825-1,khap1242,Kha Poong,892,buoj.33ʔ,phonetic,time,,,,
13-440-825-1,khap1242,Kha Poong,417,pa.33 tɨ.13,phonetic,three times,,,,
13-420-825-1,khap1242,Kha Poong,1859,thɨ.33ʔ pa.33,phonetic,third,,,,
13-380-825-1,khap1242,Kha Poong,1546,ha:r.33 tɨ.13,phonetic,two times,,,,
13-370-825-1,khap1242,Kha Poong,1888,to:j.33,phonetic,pair,,,,
13-360-825-1,khap1242,Kha Poong,1384,thɨ.33ʔ ha:r.33,phonetic,second,,,,
13-350-825-1,khap1242,Kha Poong,1529,sut.13 tha:j.33ʔ,phonetic,last,,,,
13-340-825-1,khap1242,Kha Poong,728,təma.434,phonetic,first,,,,
13-330-825-1,khap1242,Kha Poong,1580,mo:c.33 cak.33,phonetic,"alone, only",,,,
13-330-825-2,khap1242,Kha Poong,1580,sam.13 khan.33,phonetic,"alone, only",,,,
13-240-825-1,khap1242,Kha Poong,816,thɔ:ŋ.13,phonetic,half,,,,
13-230-825-1,khap1242,Kha Poong,779,phu:t.33,phonetic,"part, piece",,,,
13-220-825-1,khap1242,Kha Poong,1624,taru:ŋ.33,phonetic,empty,,,,
13-220-825-2,khap1242,Kha Poong,1624,plɛ:n.33,phonetic,empty,,,,
13-210-825-1,khap1242,Kha Poong,1429,pac.13,phonetic,full,,,,
13-190-825-1,khap1242,Kha Poong,2023,pa.434 ńi:w.33,phonetic,"multitude, crowd",,,,
13-181-825-1,khap1242,Kha Poong,1241,bər.33,phonetic,some,,,,
13-181-825-2,khap1242,Kha Poong,1241,mo:c.33 i:t.33,phonetic,some,,,,
13-181-825-3,khap1242,Kha Poong,1241,mo:c.33 ʔi:w.33ʔ,phonetic,some,,,,
13-181-825-4,khap1242,Kha Poong,1241,mo:c.33 can.33 nuon.13,phonetic,some,,,,
13-170-825-1,khap1242,Kha Poong,1242,mo:c.33 i:t.33,phonetic,"little (quantity), few",,,,
13-180-825-1,khap1242,Kha Poong,1881,pə.13,phonetic,enough,,,,
13-160-825-1,khap1242,Kha Poong,1992,ńi:w.33 hə:n.33,phonetic,more,,,,
13-160-825-2,khap1242,Kha Poong,1992,kj.33ʔ hə:n.33,phonetic,more,,,,
13-160-825-3,khap1242,Kha Poong,1992,tɨ:m.13,phonetic,more,,,,
13-150-825-1,khap1242,Kha Poong,1198,ńi:w.33,phonetic,"much, many",,,,
13-140-825-1,khap1242,Kha Poong,98,suon.33,phonetic,"every, all",,,,
13-107-825-1,khap1242,Kha Poong,1420,diń.43,phonetic,count,,,,
13-106-825-1,khap1242,Kha Poong,1843,mo:'c.33 phən.13,phonetic,thousand,,,,
13-105-825-1,khap1242,Kha Poong,1634,mo:c.33 rɔ:j.33ʔ,phonetic,hundred,,,,
13-104-825-1,khap1242,Kha Poong,1710,ha:r.33 mɨ:j.33,phonetic,twenty,,,,
13-103-825-1,khap1242,Kha Poong,1709,mɨ:j.33 dam.33,phonetic,fifteen,,,,
13-102-825-1,khap1242,Kha Poong,1707,mɨ:j.33 ha:r.33,phonetic,twelve,,,,
13-101-825-1,khap1242,Kha Poong,1706,mɨ:j.33 mo:c.33,phonetic,eleven,,,,
13-100-825-1,khap1242,Kha Poong,1515,mɨ:j.33,phonetic,ten,,,,
12-930-825-1,khap1242,Kha Poong,1264,pien.33 pe:ŋ.13,phonetic,change,,,,
12-920-825-1,khap1242,Kha Poong,1558,pj.33,phonetic,"like, similar",,,,
12-840-825-1,khap1242,Kha Poong,1048,kura.33ʔ ʔə:c.43,phonetic,line,,,,
12-850-825-1,khap1242,Kha Poong,1667,kɨ:p.33,phonetic,hole,,,,
12-830-825-1,khap1242,Kha Poong,1845,klu:n.33,phonetic,"sphere, ball",,,,
12-810-825-1,khap1242,Kha Poong,1395,mun.33,phonetic,round,,,,
12-810-825-2,khap1242,Kha Poong,1395,klu:n.33,phonetic,round,,,,
12-780-825-1,khap1242,Kha Poong,850,mon.33 thon.33,phonetic,square,,,,
12-770-825-1,khap1242,Kha Poong,1367,kala:j.13,phonetic,cross,,,,
12-760-825-1,khap1242,Kha Poong,192,kɛ:k.33,phonetic,corner,,,,
12-750-825-1,khap1242,Kha Poong,1071,kabɔk.13,phonetic,hook,,,,
12-740-825-1,khap1242,Kha Poong,297,ßal.33ʔ,phonetic,crooked,,,,
12-740-825-2,khap1242,Kha Poong,297,takuŋ.13,phonetic,crooked,,,,
12-730-825-1,khap1242,Kha Poong,1404,sədaŋ.33,phonetic,straight,,,,
12-710-825-1,khap1242,Kha Poong,1633,kaze:p.33,phonetic,flat,,,,
12-680-825-1,khap1242,Kha Poong,193,hɛ:ŋ.33ʔ,phonetic,shallow,,,,
12-670-825-1,khap1242,Kha Poong,1593,sərw.33,phonetic,deep,,,,
12-650-825-1,khap1242,Kha Poong,2249,pasaŋ.13,phonetic,thin (in dimension),,,,
12-630-825-1,khap1242,Kha Poong,1244,sakɨ:n.434,phonetic,thick (in dimension),,,,
12-620-825-1,khap1242,Kha Poong,1267,ke:p.33,phonetic,narrow,,,,
12-610-825-1,khap1242,Kha Poong,1243,kwu:ŋ.33ʔ,phonetic,"wide, broad",,,,
12-590-825-1,khap1242,Kha Poong,1645,tədw.13,phonetic,short,,,,
12-580-825-1,khap1242,Kha Poong,711,zu:n.434,phonetic,tall,,,,
12-570-825-1,khap1242,Kha Poong,1203,zʌr.434,phonetic,long,,,,
12-560-825-1,khap1242,Kha Poong,1246,di:t.33 di:t.33,phonetic,"small, little",,,,
12-550-825-1,khap1242,Kha Poong,1202,kj.33ʔ,phonetic,"large, big",,,,
12-541-825-1,khap1242,Kha Poong,81,pla:j.33,phonetic,"span, fathom",,,,
12-540-825-1,khap1242,Kha Poong,1506,the:k.33,phonetic,measure,,,,
12-540-825-2,khap1242,Kha Poong,1506,phɔ:ŋ.13,phonetic,measure,,,,
12-530-825-1,khap1242,Kha Poong,479,taboŋ.33ʔ,phonetic,grow,,,,
12-530-825-2,khap1242,Kha Poong,479,lo.33,phonetic,grow,,,,
12-530-825-3,khap1242,Kha Poong,479,kj.33ʔ sa:w.13,phonetic,grow,,,,
12-480-825-1,khap1242,Kha Poong,1595,ba.33 kha:ŋ.33ʔ mat.13 ko:l.33,phonetic,south,,,,
12-470-825-1,khap1242,Kha Poong,1598,ba.33 kha:ŋ.33ʔ mat.13 ko:l.33,phonetic,north,,,,
12-460-825-1,khap1242,Kha Poong,1817,ba.33 mat.13 ko:l.33 ru:j.33ʔ,phonetic,west,,,,
12-450-825-1,khap1242,Kha Poong,1877,ba.33 mat.13 ko:l.33 lo.33,phonetic,east,,,,
12-430-825-1,khap1242,Kha Poong,1942,ńuk.13,phonetic,near (adv),,,,
12-430-825-2,khap1242,Kha Poong,1942,saŋa:j.33ʔ,phonetic,near (adv),,,,
12-420-825-1,khap1242,Kha Poong,244,blʌ.33 ßɛ:r.33,phonetic,left (side),,,,
12-410-825-1,khap1242,Kha Poong,1019,blʌ.33 ta:m.33,phonetic,right (side),,,,
12-370-825-1,khap1242,Kha Poong,1093,kɨn.33,phonetic,"middle, center",,,,
12-360-825-1,khap1242,Kha Poong,682,ba.33,phonetic,side,,,,
12-360-825-2,khap1242,Kha Poong,682,blʌ.33,phonetic,side,,,,
12-353-825-1,khap1242,Kha Poong,863,ke:m.33,phonetic,edge,,,,
12-352-825-1,khap1242,Kha Poong,372,lo:ń.13,phonetic,pointed,,,,
12-350-825-1,khap1242,Kha Poong,742,phu:t.33 kɔ:ń.33,phonetic,end,,,,
12-340-825-1,khap1242,Kha Poong,690,phu:t.33 tɨk.33,phonetic,bottom,,,,
12-340-825-2,khap1242,Kha Poong,690,pɨ:n.33ʔ,phonetic,bottom,,,,
12-320-825-1,khap1242,Kha Poong,721,zu:r.33,phonetic,low,,,,
12-330-825-1,khap1242,Kha Poong,1753,phu:t.33 tu:l.434,phonetic,top,,,,
12-330-825-2,khap1242,Kha Poong,1753,phu:t.33 kɨl.13,phonetic,top,,,,
12-330-825-3,khap1242,Kha Poong,1753,cɔ:m.33,phonetic,top,,,,
12-310-825-1,khap1242,Kha Poong,1265,zu:n.434,phonetic,high,,,,
12-270-825-1,khap1242,Kha Poong,602,sw.33,phonetic,"hide, conceal",,,,
12-250-825-1,khap1242,Kha Poong,1046,kadal.13 kɨ.33,phonetic,"shut, close",,,,
12-260-825-1,khap1242,Kha Poong,761,si:t.13,phonetic,cover,,,,
12-260-825-2,khap1242,Kha Poong,761,kətu:m.43ʔ,phonetic,cover,,,,
12-240-825-1,khap1242,Kha Poong,1156,pə.33,phonetic,open,,,,
12-240-825-2,khap1242,Kha Poong,1156,padj.33,phonetic,open,,,,
12-232-825-1,khap1242,Kha Poong,1119,bɛ:ŋ.13,phonetic,divide,,,,
12-230-825-1,khap1242,Kha Poong,1359,ńʌ.33ʔ,phonetic,separate,,,,
12-230-825-2,khap1242,Kha Poong,1359,bɛ:ŋ.13 lo.33,phonetic,separate,,,,
12-220-825-1,khap1242,Kha Poong,1743,to.13,phonetic,"join, unite",,,,
12-220-825-2,khap1242,Kha Poong,1743,cap.13,phonetic,"join, unite",,,,
12-220-825-3,khap1242,Kha Poong,1743,akəp.33,phonetic,"join, unite",,,,
12-212-825-1,khap1242,Kha Poong,371,le.33ʔ,phonetic,pick up,,,,
12-212-825-2,khap1242,Kha Poong,371,upic.13,phonetic,pick up,,,,
12-210-825-1,khap1242,Kha Poong,7,ru:m.33 la:j.33ʔ,phonetic,"collect, gather",,,,
12-170-825-1,khap1242,Kha Poong,838,ṣɨəŋ.33 lɨə.33,phonetic,"remains, left overs",,,,
12-160-825-1,khap1242,Kha Poong,987,kɔ.33ʔ la:j.33ʔ,phonetic,"remain, stay",,,,
12-160-825-2,khap1242,Kha Poong,987,ʔə:l.13 la:j.33ʔ,phonetic,"remain, stay",,,,
12-150-825-1,khap1242,Kha Poong,1442,tɨ:ŋ.13ʔ,phonetic,stand,,,,
12-140-825-1,khap1242,Kha Poong,215,lam.33 cj.33,phonetic,lie down,,,,
12-130-825-1,khap1242,Kha Poong,1416,sədw.33,phonetic,sit,,,,
12-120-825-1,khap1242,Kha Poong,998,tabu:n.434,phonetic,put,,,,
12-120-825-2,khap1242,Kha Poong,998,ta.33,phonetic,put,,,,
12-110-825-1,khap1242,Kha Poong,723,nə:j.33,phonetic,place,,,,
11-920-825-1,khap1242,Kha Poong,1098,tit.13,phonetic,weigh,,,,
11-910-825-1,khap1242,Kha Poong,884,bɛ:ŋ.434,phonetic,share (distribute),,,,
11-890-825-1,khap1242,Kha Poong,1887,rɛ.33ʔ,phonetic,cheap,,,,
11-880-825-1,khap1242,Kha Poong,1426,pe:ŋ.13,phonetic,"dear (costly, expensive)",,,,
11-870-825-1,khap1242,Kha Poong,657,la.33 kha.43ʔ,phonetic,price,,,,
11-860-825-1,khap1242,Kha Poong,752,ha:n.33 kha.33ʔ,phonetic,"store, shop",,,,
11-850-825-1,khap1242,Kha Poong,633,sɔ.33ʔ,phonetic,market (place),,,,
11-840-825-1,khap1242,Kha Poong,1082,phɔ.33 kha.33ʔ,phonetic,merchant,,,,
11-830-825-1,khap1242,Kha Poong,2135,pien.13,phonetic,"trade, barter",,,,
11-830-825-2,khap1242,Kha Poong,2135,kʌ.33 kha:j.434,phonetic,"trade, barter",,,,
11-820-825-1,khap1242,Kha Poong,1571,pa:ń.33ʔ,phonetic,sell,,,,
11-810-825-1,khap1242,Kha Poong,1869,ca:k.33,phonetic,buy,,,,
11-790-825-1,khap1242,Kha Poong,733,sɔ:k.43,phonetic,earn,,,,
11-780-825-1,khap1242,Kha Poong,1122,prak.13 hɛ:ŋ.33 ŋa:n.33,phonetic,wages,,,,
11-770-825-1,khap1242,Kha Poong,856,swe.33,phonetic,hire,,,,
11-690-825-1,khap1242,Kha Poong,873,pha.33 sj.13,phonetic,"tax, tribute",,,,
11-660-825-1,khap1242,Kha Poong,1081,ti:ń.33 twa:n.33ʔ,phonetic,"account, reckoning",,,,
11-650-825-1,khap1242,Kha Poong,718,pla:j.33,phonetic,pay (vb),,,,
11-640-825-1,khap1242,Kha Poong,1914,tɨ.33,phonetic,debt,,,,
11-640-825-2,khap1242,Kha Poong,1914,phu:t.33 tɨ.33,phonetic,debt,,,,
11-630-825-1,khap1242,Kha Poong,369,tɨ.33,phonetic,owe,,,,
11-620-825-1,khap1242,Kha Poong,1823,kəm.33ʔ,phonetic,borrow,,,,
11-620-825-2,khap1242,Kha Poong,1823,ma:ń.33ʔ,phonetic,borrow,,,,
11-610-825-1,khap1242,Kha Poong,582,cə:n.33 ma:ń.33ʔ,phonetic,lend,,,,
11-540-825-1,khap1242,Kha Poong,1774,tha:m.33 ha:m.33,phonetic,"avaricious, stingy",,,,
11-540-825-2,khap1242,Kha Poong,1774,kacic.43 kati:w.33ʔ,phonetic,"avaricious, stingy",,,,
11-530-825-1,khap1242,Kha Poong,1934,ʔə:c.33 khɔ.33,phonetic,beggar,,,,
11-520-825-1,khap1242,Kha Poong,1674,thuk.33,phonetic,poor,,,,
11-510-825-1,khap1242,Kha Poong,712,kacaw.33,phonetic,rich,,,,
11-440-825-1,khap1242,Kha Poong,1867,prak.13 si:t.13,phonetic,coin,,,,
11-430-825-1,khap1242,Kha Poong,1559,prak.13,phonetic,money,,,,
11-330-825-1,khap1242,Kha Poong,1660,mɛ.33 bət.33,phonetic,lose,,,,
11-320-825-1,khap1242,Kha Poong,719,sɔ:k.33 cɨ:ŋ.33,phonetic,find,,,,
11-310-825-1,khap1242,Kha Poong,1468,sɔ:'k.43,phonetic,"seek, look for",,,,
11-280-825-1,khap1242,Kha Poong,44,mɛ.33 kwa.33,phonetic,"harm, injure, damage",,,,
11-280-825-2,khap1242,Kha Poong,44,mɛ.33 hɨ.33,phonetic,"harm, injure, damage",,,,
11-270-825-1,khap1242,Kha Poong,681,mlʌ:ŋ.13,phonetic,destroy,,,,
11-270-825-2,khap1242,Kha Poong,681,pha.33ʔ,phonetic,destroy,,,,
11-250-825-1,khap1242,Kha Poong,2008,suoj.33ʔ,phonetic,"save, rescue",,,,
11-240-825-1,khap1242,Kha Poong,1997,aṣɨ.13 aṣa:ŋ.13,phonetic,"preserve, look after",,,,
11-240-825-2,khap1242,Kha Poong,1997,ləń.33ʔ ne:m.33,phonetic,"preserve, look after",,,,
11-220-825-1,khap1242,Kha Poong,85,pla:j.33 la:j.33ʔ,phonetic,give back,,,,
11-210-825-1,khap1242,Kha Poong,1447,cə:n.33,phonetic,give,,,,
11-210-825-2,khap1242,Kha Poong,1447,zʌ:k.33,phonetic,give,,,,
11-180-825-1,khap1242,Kha Poong,738,ṣɨəŋ.43 səw.33,phonetic,thing,,,,
11-160-825-1,khap1242,Kha Poong,694,tɨr.33,phonetic,"get, obtain",,,,
11-160-825-2,khap1242,Kha Poong,694,ləp.33,phonetic,"get, obtain",,,,
11-150-825-1,khap1242,Kha Poong,1448,nɨm.33ʔ,phonetic,hold,,,,
11-150-825-2,khap1242,Kha Poong,1448,aṣɨ.13,phonetic,hold,,,,
11-140-825-1,khap1242,Kha Poong,2021,təpa.33,phonetic,"seize, grasp",,,,
11-140-825-2,khap1242,Kha Poong,2021,nɨm.33ʔ,phonetic,"seize, grasp",,,,
11-130-825-1,khap1242,Kha Poong,1749,le.33ʔ,phonetic,take,,,,
11-120-825-1,khap1242,Kha Poong,684,kɔ.33ʔ,phonetic,"own, possess",,,,
11-110-825-1,khap1242,Kha Poong,773,kɔ.33ʔ,phonetic,have,,,,
10-920-825-1,khap1242,Kha Poong,1922,cɔ:t.33 tape:n.33ʔ,phonetic,land (vb),,,,
10-910-825-1,khap1242,Kha Poong,610,tape:n.33ʔ,phonetic,"harbor, port",,,,
10-890-825-1,khap1242,Kha Poong,1870,mak.13 sam.33,phonetic,anchor,,,,
10-880-825-1,khap1242,Kha Poong,786,ʔuom.13,phonetic,sail (noun),,,,
10-870-825-1,khap1242,Kha Poong,184,sazu:r.33 ʔuom.13,phonetic,mast,,,,
10-860-825-1,khap1242,Kha Poong,108,ha:ŋ.33 pa.33,phonetic,rudder,,,,
10-850-825-1,khap1242,Kha Poong,108,srə:ŋ.434 pʌ:j.33,phonetic,oar,,,,
10-831-825-1,khap1242,Kha Poong,1970,do:k.33,phonetic,canoe,,,,
10-830-825-1,khap1242,Kha Poong,1844,do:k.33,phonetic,boat,,,,
10-810-825-1,khap1242,Kha Poong,740,kampan.33ʔ,phonetic,ship,,,,
10-780-825-1,khap1242,Kha Poong,14,ɛ:k.13,phonetic,yoke,,,,
10-760-825-1,khap1242,Kha Poong,710,ci:ŋ.33 lot.33,phonetic,wheel,,,,
10-750-825-1,khap1242,Kha Poong,122,lot.33,phonetic,"carriage, wagon, cart",,,,
10-740-825-1,khap1242,Kha Poong,1011,kho.33,phonetic,bridge,,,,
10-720-825-1,khap1242,Kha Poong,2252,kura.33ʔ mɔ:n.33,phonetic,path,,,,
10-710-825-1,khap1242,Kha Poong,667,kura.33ʔ ʔə:c.33,phonetic,road,,,,
10-670-825-1,khap1242,Kha Poong,1452,ńu:j.33,phonetic,"push, shove",,,,
10-660-825-1,khap1242,Kha Poong,367,do:m.434,phonetic,ride,,,,
10-650-825-1,khap1242,Kha Poong,741,khap.13 lot.33,phonetic,drive,,,,
10-640-825-1,khap1242,Kha Poong,43,kacɛ:ŋ.434,phonetic,lead (vb),,,,
10-630-825-1,khap1242,Kha Poong,1127,pha:k.33,phonetic,send,,,,
10-620-825-1,khap1242,Kha Poong,692,zʌ:k.13,phonetic,bring,,,,
10-615-825-1,khap1242,Kha Poong,415,səke:w.33ʔ,phonetic,carry-underarm,,,,
10-614-825-1,khap1242,Kha Poong,414,kado:j.33ʔ,phonetic,carry-on-head,,,,
10-613-825-1,khap1242,Kha Poong,413,zu:l.434,phonetic,carry-on-shoulder,,,,
10-613-825-3,khap1242,Kha Poong,413,dju:l.434,phonetic,carry-on-shoulder,,,,
10-612-825-1,khap1242,Kha Poong,412,ri:w.33ʔ,phonetic,carry-in-hand,,,,
10-610-825-1,khap1242,Kha Poong,700,zʌ:k.33,phonetic,carry (bear),,,,
10-610-825-3,khap1242,Kha Poong,700,djʌ:k.33,phonetic,carry (bear),,,,
10-570-825-1,khap1242,Kha Poong,749,lɔ:n.13,phonetic,enter,,,,
10-560-825-1,khap1242,Kha Poong,1778,te:ŋ.33ʔ ńuk.13,phonetic,approach,,,,
10-550-825-1,khap1242,Kha Poong,1387,te:ŋ.33ʔ,phonetic,"reach, arrive",,,,
10-530-825-1,khap1242,Kha Poong,1047,ßʌ:ŋ.33ʔ,phonetic,pursue,,,,
10-520-825-1,khap1242,Kha Poong,1085,ʔə:c.33 nəm.33,phonetic,follow,,,,
10-510-825-1,khap1242,Kha Poong,956,klo:n.33ʔ,phonetic,flee,,,,
10-491-825-1,khap1242,Kha Poong,485,bət.13 su:n.33ʔ,phonetic,disappear,,,,
10-491-825-2,khap1242,Kha Poong,485,ʔə:c.33 bət.13,phonetic,disappear,,,,
10-490-825-1,khap1242,Kha Poong,1752,ʔə:c.33 khɔ:j.434,phonetic,"go away, depart",,,,
10-490-825-2,khap1242,Kha Poong,1752,lo.33 ʔə:c.33,phonetic,"go away, depart",,,,
10-481-825-1,khap1242,Kha Poong,581,ßi:l.33,phonetic,come back,,,,
10-481-825-2,khap1242,Kha Poong,581,lup.13 ßi:l.33,phonetic,come back,,,,
10-480-825-1,khap1242,Kha Poong,1446,te:ŋ.33ʔ,phonetic,come,,,,
10-474-825-1,khap1242,Kha Poong,1107,lo.33,phonetic,go out,,,,
10-473-825-1,khap1242,Kha Poong,2014,cj.33,phonetic,go down,,,,
10-472-825-1,khap1242,Kha Poong,1102,sa:w.434,phonetic,climb,,,,
10-470-825-1,khap1242,Kha Poong,695,ʔə:c.33,phonetic,go,,,,
10-471-825-1,khap1242,Kha Poong,705,sa:w.434,phonetic,go up,,,,
10-460-825-1,khap1242,Kha Poong,1519,azʌl.33,phonetic,run,,,,
10-451-825-1,khap1242,Kha Poong,366,ʔə:c.33 kaze.33ʔ,phonetic,limp,,,,
10-450-825-1,khap1242,Kha Poong,1443,ʔə:c.33 tik.33,phonetic,walk,,,,
10-440-825-1,khap1242,Kha Poong,1879,lo:ŋ.13,phonetic,dance,,,,
10-431-825-1,khap1242,Kha Poong,1135,te.33ʔ,phonetic,kick,,,,
10-430-825-1,khap1242,Kha Poong,1829,so:c.33,phonetic,"jump, leap",,,,
10-420-825-1,khap1242,Kha Poong,1324,maha:c.33,phonetic,"slide, slip",,,,
10-413-825-1,khap1242,Kha Poong,296,kaʔup.33,phonetic,crouch,,,,
10-413-825-2,khap1242,Kha Poong,296,tɨ:ŋ.33ʔ hot.13 tɨ:ŋ.33ʔ,phonetic,crouch,,,,
10-412-825-1,khap1242,Kha Poong,66,kho.33ʔ,phonetic,kneel,,,,
10-410-825-1,khap1242,Kha Poong,96,mo:ŋ.33 mo:ŋ.33,phonetic,"creep, crawl",,,,
10-410-825-2,khap1242,Kha Poong,96,sənɔ:r.33,phonetic,"creep, crawl",,,,
10-380-825-1,khap1242,Kha Poong,175,tu:l.33ʔ,phonetic,blow,,,,
10-370-825-1,khap1242,Kha Poong,1441,pɨr.33,phonetic,fly (vb),,,,
10-360-825-1,khap1242,Kha Poong,787,ʔə:c.33 do:k.33,phonetic,sail (vb),,,,
10-352-825-1,khap1242,Kha Poong,365,swa:c.33 da:k.33,phonetic,splash,,,,
10-351-825-1,khap1242,Kha Poong,119,lən.33ʔ,phonetic,dive,,,,
10-350-825-1,khap1242,Kha Poong,1439,upə:j.33,phonetic,swim,,,,
10-340-825-1,khap1242,Kha Poong,1574,səpə:ŋ.33,phonetic,float,,,,
10-330-825-1,khap1242,Kha Poong,1088,kali:ŋ.33ʔ,phonetic,sink,,,,
10-320-825-1,khap1242,Kha Poong,2003,car.33,phonetic,flow,,,,
10-320-825-3,khap1242,Kha Poong,2003,cʌr.33,phonetic,flow,,,,
10-260-825-1,khap1242,Kha Poong,1909,ŋaj.33 ŋaj.33 kalok.13,phonetic,shake,,,,
10-260-825-2,khap1242,Kha Poong,1909,zw.33 zw.13,phonetic,shake,,,,
10-252-825-1,khap1242,Kha Poong,702,nɨ:m.33ʔ,phonetic,catch (ball),,,,
10-252-825-2,khap1242,Kha Poong,702,sədə:ŋ.33ʔ,phonetic,catch (ball),,,,
10-250-825-1,khap1242,Kha Poong,1456,khwe:ŋ.434,phonetic,throw,,,,
10-240-825-1,khap1242,Kha Poong,2253,sazɔ.33ʔ,phonetic,drip,,,,
10-230-825-1,khap1242,Kha Poong,1280,salac.33,phonetic,fall,,,,
10-230-825-2,khap1242,Kha Poong,1280,ru:j.33ʔ,phonetic,fall,,,,
10-220-825-1,khap1242,Kha Poong,501,pə:ŋ.33 sa:w.13ʔ,phonetic,"raise, lift",,,,
10-220-825-2,khap1242,Kha Poong,501,zʌ:k.33 sa:w.434,phonetic,"raise, lift",,,,
10-210-825-1,khap1242,Kha Poong,568,sa:w.434ʔ,phonetic,rise,,,,
10-210-825-2,khap1242,Kha Poong,568,tɨ:ŋ.33ʔ zɨ:r.33,phonetic,rise,,,,
10-210-825-3,khap1242,Kha Poong,568,tɨ:ŋ.43 sa:w.C,phonetic,rise,,,,
10-210-825-4,khap1242,Kha Poong,568,tɨ:ŋ.33ʔ zɨ:r.33,phonetic,rise,,,,
10-170-825-1,khap1242,Kha Poong,430,bit.13,phonetic,twist,,,,
10-170-825-2,khap1242,Kha Poong,430,sap.13,phonetic,twist,,,,
10-170-825-3,khap1242,Kha Poong,430,bar.33,phonetic,twist,,,,
10-160-825-1,khap1242,Kha Poong,808,salac.13,phonetic,drop (vb),,,,
10-160-825-2,khap1242,Kha Poong,808,sazɔ.33,phonetic,drop (vb),,,,
10-160-825-4,khap1242,Kha Poong,808,sazɔ.33ʔ,phonetic,drop (vb),,,,
10-150-825-1,khap1242,Kha Poong,827,kliń.33ʔ,phonetic,roll,,,,
10-140-825-1,khap1242,Kha Poong,1113,vat.33 vat.33,phonetic,"wind, wrap",,,,
10-140-825-2,khap1242,Kha Poong,1113,kabɛ:t.33,phonetic,"wind, wrap",,,,
10-140-825-3,khap1242,Kha Poong,1113,lo:m.33,phonetic,"wind, wrap",,,,
10-130-825-1,khap1242,Kha Poong,1445,par.33,phonetic,turn around,,,,
10-120-825-1,khap1242,Kha Poong,1588,pəli:n.33ʔ,phonetic,turn over,,,,
10-110-825-1,khap1242,Kha Poong,765,piet.13,phonetic,move,,,,
9-890-825-1,khap1242,Kha Poong,2001,thʌ.33 sj.13,phonetic,paint (vb),,,,
9-890-825-2,khap1242,Kha Poong,2001,tɛ:m.33ʔ,phonetic,paint (vb),,,,
9-840-825-1,khap1242,Kha Poong,1979,pənac.33,phonetic,chisel,,,,
9-880-825-1,khap1242,Kha Poong,647,da:k.33 sj.13,phonetic,paint (noun),,,,
9-810-825-1,khap1242,Kha Poong,228,tɛ:m.33ʔ,phonetic,carve,,,,
9-791-825-1,khap1242,Kha Poong,360,apɨ:r.33,phonetic,fan (vb),,,,
9-790-825-1,khap1242,Kha Poong,1971,sapar.33,phonetic,fan (noun),,,,
9-780-825-1,khap1242,Kha Poong,293,paw.13,phonetic,netbag,,,,
9-780-825-2,khap1242,Kha Poong,293,thoŋ.13,phonetic,netbag,,,,
9-770-825-1,khap1242,Kha Poong,195,nzar.33,phonetic,mat,,,,
9-760-825-1,khap1242,Kha Poong,1539,ṭa:ŋ.434,phonetic,basket,,,,
9-760-825-2,khap1242,Kha Poong,1539,sari:t.33,phonetic,basket,,,,
9-760-825-3,khap1242,Kha Poong,1539,sada:p.33,phonetic,basket,,,,
9-760-825-4,khap1242,Kha Poong,1539,thuŋ.33ʔ karɨ:ŋ.33,phonetic,basket,,,,
9-760-825-5,khap1242,Kha Poong,1539,thuŋ.33ʔ utuk.13,phonetic,basket,,,,
9-750-825-1,khap1242,Kha Poong,1729,ta:ń.33,phonetic,"weave, plait",,,,
9-740-825-1,khap1242,Kha Poong,604,kacɔk.13,phonetic,glass,,,,
9-730-825-1,khap1242,Kha Poong,1399,a:tak.34 rɔ.43,phonetic,clay,,,,
9-710-825-1,khap1242,Kha Poong,359,pan.33 lɔ.33ʔ,phonetic,potter,,,,
9-690-825-1,khap1242,Kha Poong,358,thiek.33,phonetic,"tin, tinplate",,,,
9-680-825-1,khap1242,Kha Poong,627,tara:k.33,phonetic,lead (noun),,,,
9-670-825-1,khap1242,Kha Poong,621,klac.13,phonetic,iron,,,,
9-660-825-1,khap1242,Kha Poong,1825,tu:ŋ.434,phonetic,"copper, bronze",,,,
9-650-825-1,khap1242,Kha Poong,759,prak.13,phonetic,silver,,,,
9-640-825-1,khap1242,Kha Poong,1369,zi:ŋ.434,phonetic,gold,,,,
9-630-825-1,khap1242,Kha Poong,211,lɔ.13,phonetic,cast (metals),,,,
9-620-825-1,khap1242,Kha Poong,1648,khɔ:n.33 phaŋ.33ʔ,phonetic,anvil,,,,
9-610-825-1,khap1242,Kha Poong,288,tɛ.33 tɛ.33,phonetic,forge,,,,
9-600-825-1,khap1242,Kha Poong,1001,ṣə.33ʔ tɛ.33 tɛ.33,phonetic,"smith, blacksmith",,,,
9-560-825-1,khap1242,Kha Poong,1069,ka:w.33ʔ,phonetic,glue,,,,
9-500-825-1,khap1242,Kha Poong,502,tapw.33,phonetic,nail,,,,
9-490-825-1,khap1242,Kha Poong,1481,katu:j.33,phonetic,hammer,,,,
9-480-825-1,khap1242,Kha Poong,1948,lɨəj.33ʔ,phonetic,saw,,,,
9-461-825-1,khap1242,Kha Poong,46,pac.13,phonetic,hollow out,,,,
9-460-825-1,khap1242,Kha Poong,1501,par.33,phonetic,bore,,,,
9-440-825-1,khap1242,Kha Poong,1840,patɨ:ŋ.33ʔ,phonetic,build,,,,
9-440-825-2,khap1242,Kha Poong,1840,mɛ.33,phonetic,build,,,,
9-430-825-1,khap1242,Kha Poong,1042,səp.13 pəsa:ŋ.33ʔ,phonetic,carpenter,,,,
9-422-825-1,khap1242,Kha Poong,1361,ṣɨəŋ.13 ṣəw.13,phonetic,tool,,,,
9-380-825-1,khap1242,Kha Poong,245,sənɔ:k.33,phonetic,broom,,,,
9-360-825-1,khap1242,Kha Poong,1453,ßʌ:c.33,phonetic,wash,,,,
9-370-825-1,khap1242,Kha Poong,230,pe:r.33,phonetic,sweep,,,,
9-350-825-1,khap1242,Kha Poong,1487,rɔ:t.33,phonetic,pour,,,,
9-350-825-2,khap1242,Kha Poong,1487,to.33,phonetic,pour,,,,
9-343-825-1,khap1242,Kha Poong,1414,pat.33,phonetic,"squeeze, wring",,,,
9-342-825-1,khap1242,Kha Poong,1913,bi:p.33,phonetic,press,,,,
9-342-825-2,khap1242,Kha Poong,1913,kəte:̆ń.13,phonetic,press,,,,
9-342-825-3,khap1242,Kha Poong,1913,khəne:n.33ʔ,phonetic,press,,,,
9-342-825-4,khap1242,Kha Poong,1913,takap.13,phonetic,press,,,,
9-341-825-1,khap1242,Kha Poong,357,pali:w.33ʔ,phonetic,hang up,,,,
9-340-825-1,khap1242,Kha Poong,38,pasa.13,phonetic,spread out,,,,
9-340-825-2,khap1242,Kha Poong,38,pəla:j.33,phonetic,spread out,,,,
9-330-825-1,khap1242,Kha Poong,1455,tʌ:j.33ʔ,phonetic,pull,,,,
9-320-825-1,khap1242,Kha Poong,214,tʌ:j.33ʔ zʌr.33,phonetic,stretch,,,,
9-320-825-2,khap1242,Kha Poong,214,tʌ:j.33ʔ kadaŋ.33,phonetic,stretch,,,,
9-320-825-3,khap1242,Kha Poong,214,ńʌ.33ʔ lo.33,phonetic,stretch,,,,
9-310-825-1,khap1242,Kha Poong,1449,ruc.33,phonetic,"rub, wipe",,,,
9-310-825-2,khap1242,Kha Poong,1449,lu:p.33,phonetic,"rub, wipe",,,,
9-310-825-3,khap1242,Kha Poong,1449,ńo:j.33 ńo:j.33,phonetic,"rub, wipe",,,,
9-310-825-4,khap1242,Kha Poong,1449,ruk.13,phonetic,"rub, wipe",,,,
9-290-825-1,khap1242,Kha Poong,291,kəla:k.13,phonetic,"flay, skin",,,,
9-290-825-2,khap1242,Kha Poong,291,cɔ:c.33,phonetic,"flay, skin",,,,
9-280-825-1,khap1242,Kha Poong,1735,ze.33,phonetic,tear,,,,
9-280-825-2,khap1242,Kha Poong,1735,phat.33,phonetic,tear,,,,
9-270-825-1,khap1242,Kha Poong,1437,pʌ.33,phonetic,split,,,,
9-261-825-1,khap1242,Kha Poong,588,pɛ.33 lɛ.33,phonetic,broken,,,,
9-260-825-1,khap1242,Kha Poong,680,pɛ.33,phonetic,break,,,,
9-260-825-2,khap1242,Kha Poong,680,lɛ.33,phonetic,break,,,,
9-260-825-3,khap1242,Kha Poong,680,swa:k.33,phonetic,break,,,,
9-260-825-4,khap1242,Kha Poong,680,phat.33,phonetic,break,,,,
9-250-825-1,khap1242,Kha Poong,677,tabɔ:r.33,phonetic,ax,,,,
9-251-825-1,khap1242,Kha Poong,290,kɔ:c.33,phonetic,adze,,,,
9-240-825-1,khap1242,Kha Poong,356,kɛ:w.33ʔ,phonetic,"scissors, shears",,,,
9-230-825-1,khap1242,Kha Poong,1352,ka:du:t.33,phonetic,knife,,,,
9-223-825-1,khap1242,Kha Poong,1434,tɨm.13,phonetic,stab,,,,
9-222-825-1,khap1242,Kha Poong,155,pʌ.33 ku:j.33,phonetic,"chop, hew",,,,
9-222-825-2,khap1242,Kha Poong,155,pam.33,phonetic,"chop, hew",,,,
9-222-825-3,khap1242,Kha Poong,155,pək.13 pək.13,phonetic,"chop, hew",,,,
9-222-825-4,khap1242,Kha Poong,155,pʌ.33,phonetic,"chop, hew",,,,
9-222-825-5,khap1242,Kha Poong,155,tan.33ʔ,phonetic,"chop, hew",,,,
9-222-825-6,khap1242,Kha Poong,155,ro:t.33,phonetic,"chop, hew",,,,
9-221-825-1,khap1242,Kha Poong,355,pam.33,phonetic,cut down,,,,
9-221-825-2,khap1242,Kha Poong,355,kal.33ʔ,phonetic,cut down,,,,
9-220-825-1,khap1242,Kha Poong,1432,kac.13,phonetic,cut,,,,
9-211-825-1,khap1242,Kha Poong,354,tɨp.13,phonetic,pound with fist,,,,
9-210-825-1,khap1242,Kha Poong,2133,kɔ.43 kɔ.43,phonetic,"strike (hit, beat)",,,,
9-192-825-1,khap1242,Kha Poong,760,bən.33ʔ djək.13,phonetic,knot (noun),,,,
9-190-825-1,khap1242,Kha Poong,1218,kasj.13,phonetic,"rope, cord",,,,
9-180-825-1,khap1242,Kha Poong,1627,kasj.13 sic.13,phonetic,chain,,,,
9-161-825-1,khap1242,Kha Poong,352,padj.33,phonetic,untie,,,,
9-160-825-1,khap1242,Kha Poong,1917,zək.33,phonetic,"tie, bind",,,,
9-160-825-3,khap1242,Kha Poong,1917,djək.33,phonetic,"tie, bind",,,,
9-150-825-1,khap1242,Kha Poong,1470,dʌp.13,phonetic,fold,,,,
9-150-825-3,khap1242,Kha Poong,1470,dop.13,phonetic,fold,,,,
9-140-825-1,khap1242,Kha Poong,2004,khot.13,phonetic,bend,,,,
9-120-825-1,khap1242,Kha Poong,984,mɛ.33 ßi:k.33,phonetic,work,,,,
9-110-825-1,khap1242,Kha Poong,2575,mɛ.33,phonetic,"do, make",,,,
8-980-825-1,khap1242,Kha Poong,641,bɔ:c.33,phonetic,mushroom,,,,
8-980-825-2,khap1242,Kha Poong,641,bɔ:c.33 katər.33,phonetic,mushroom,,,,
8-970-825-1,khap1242,Kha Poong,33,madal.33ʔ,phonetic,nettle,,,,
8-960-825-1,khap1242,Kha Poong,348,te:w.434,phonetic,fish poison (root),,,,
8-941-825-1,khap1242,Kha Poong,146,zʌ:m.434,phonetic,sugar cane,,,,
8-940-825-1,khap1242,Kha Poong,1927,ŋka:p.13,phonetic,bamboo,,,,
8-940-825-2,khap1242,Kha Poong,1927,kala.33,phonetic,bamboo,,,,
8-940-825-3,khap1242,Kha Poong,1927,pacɔ:j.33,phonetic,bamboo,,,,
8-940-825-4,khap1242,Kha Poong,1927,kata:ŋ.33,phonetic,bamboo,,,,
8-940-825-5,khap1242,Kha Poong,1927,ra.33ʔ,phonetic,bamboo,,,,
8-940-825-6,khap1242,Kha Poong,1927,ala:w.33ʔ,phonetic,bamboo,,,,
8-931-825-1,khap1242,Kha Poong,864,sapi:l.33 ʔɨ.33ʔ,phonetic,"pumpkin, squash",,,,
8-930-825-1,khap1242,Kha Poong,411,talo.33,phonetic,gourd,,,,
8-920-825-1,khap1242,Kha Poong,925,mj.33,phonetic,"tapioca, manioc, cassava",,,,
8-912-825-1,khap1242,Kha Poong,410,kapw.33,phonetic,yam,,,,
8-912-825-2,khap1242,Kha Poong,410,madw.33,phonetic,yam,,,,
8-912-825-3,khap1242,Kha Poong,410,tɛ:ŋ.33ʔ,phonetic,yam,,,,
8-910-825-1,khap1242,Kha Poong,159,kɛ:w.33,phonetic,sweet potato,,,,
8-850-825-1,khap1242,Kha Poong,346,kɨl.434 srj.13,phonetic,banyan,,,,
8-840-825-1,khap1242,Kha Poong,868,kɨl.434 ńɔ:ŋ.33ʔ,phonetic,banana tree,,,,
8-830-825-1,khap1242,Kha Poong,1126,ka:m.33,phonetic,citrus fruit,,,,
8-830-825-2,khap1242,Kha Poong,1126,tat.13,phonetic,citrus fruit,,,,
8-830-825-3,khap1242,Kha Poong,1126,puk.13,phonetic,citrus fruit,,,,
8-830-825-4,khap1242,Kha Poong,1126,ma:k.33 na:w.33,phonetic,citrus fruit,,,,
8-820-825-1,khap1242,Kha Poong,970,kɨl.434 pha:w.33ʔ,phonetic,coconut,,,,
8-810-825-1,khap1242,Kha Poong,1181,kɨl.434 səlɔ.33,phonetic,palm tree,,,,
8-760-825-1,khap1242,Kha Poong,345,təmw.33ʔ,phonetic,sap,,,,
8-750-825-1,khap1242,Kha Poong,1204,kabɔ:k.33,phonetic,bark,,,,
8-740-825-1,khap1242,Kha Poong,409,təńa:k.434,phonetic,forked branch,,,,
8-730-825-1,khap1242,Kha Poong,344,lam.33 srəŋ.434,phonetic,tree trunk,,,,
8-720-825-1,khap1242,Kha Poong,241,srəŋ.434,phonetic,tree stump,,,,
8-691-825-1,khap1242,Kha Poong,1124,kɔ:k.33,phonetic,pipe,,,,
8-690-825-1,khap1242,Kha Poong,1689,zu:p.13 hɨ:t.33,phonetic,smoke (tobacco),,,,
8-690-825-2,khap1242,Kha Poong,1689,hɨ:t.33,phonetic,smoke (tobacco),,,,
8-680-825-1,khap1242,Kha Poong,974,kɨl.434 hɨ:t.33,phonetic,tobacco,,,,
8-670-825-1,khap1242,Kha Poong,343,kɨl.434 ńɔ.33,phonetic,vine,,,,
8-640-825-1,khap1242,Kha Poong,1740,kɨl.434 pɛ:k.33,phonetic,pine,,,,
8-620-825-1,khap1242,Kha Poong,1950,kɨl.434 re:w.33ʔ,phonetic,beech,,,,
8-600-825-1,khap1242,Kha Poong,906,kɨl.434,phonetic,tree,,,,
8-570-825-1,khap1242,Kha Poong,239,po:ŋ.13,phonetic,flower,,,,
8-560-825-1,khap1242,Kha Poong,628,səla.43ʔ,phonetic,leaf,,,,
8-550-825-1,khap1242,Kha Poong,1531,takɛ:ŋ.43ʔ,phonetic,branch,,,,
8-540-825-1,khap1242,Kha Poong,670,rɛ:r.33,phonetic,root,,,,
8-531-825-1,khap1242,Kha Poong,1486,pi:t.13,phonetic,plant (vb),,,,
8-520-825-1,khap1242,Kha Poong,342,pɨn.13 rɔ.43,phonetic,hay,,,,
8-530-825-1,khap1242,Kha Poong,653,kɨl.434 pɨn.13,phonetic,plant (noun),,,,
8-510-825-1,khap1242,Kha Poong,606,pɨn.13,phonetic,grass,,,,
8-480-825-1,khap1242,Kha Poong,926,ca:w.33ʔ,phonetic,rice,,,,
8-430-825-1,khap1242,Kha Poong,1077,khəw.13 pha:ŋ.33ʔ,phonetic,wheat,,,,
8-420-825-1,khap1242,Kha Poong,605,kaza:ŋ.33ʔ,phonetic,"grain (barley, oats etc)",,,,
8-340-825-1,khap1242,Kha Poong,285,phʌ:t.33 ca:w.33ʔ,phonetic,thresh,,,,
8-340-825-2,khap1242,Kha Poong,285,ha:j.33ʔ ca:w.33ʔ,phonetic,thresh,,,,
8-330-825-1,khap1242,Kha Poong,2132,liem.13,phonetic,"sickle, scythe",,,,
8-320-825-1,khap1242,Kha Poong,190,kac.33,phonetic,"mow, reap",,,,
8-311-825-1,khap1242,Kha Poong,714,kaza:ŋ.33ʔ,phonetic,seed,,,,
8-310-825-1,khap1242,Kha Poong,748,ka.33ʔ,phonetic,sow,,,,
8-270-825-1,khap1242,Kha Poong,338,ka:w.33,phonetic,rake,,,,
8-260-825-1,khap1242,Kha Poong,337,mɛ:r.33,phonetic,fork,,,,
8-250-825-1,khap1242,Kha Poong,284,kuok.43,phonetic,hoe,,,,
8-240-825-1,khap1242,Kha Poong,1901,swa:n.33ʔ,phonetic,shovel,,,,
8-230-825-1,khap1242,Kha Poong,1176,cɔ:ŋ.434,phonetic,spade,,,,
8-212-825-1,khap1242,Kha Poong,1794,kic.13 thaj.33,phonetic,furrow,,,,
8-220-825-1,khap1242,Kha Poong,1418,pɨ:k.33,phonetic,dig,,,,
8-210-825-1,khap1242,Kha Poong,1921,thaj.43 rɔ:ŋ.33ʔ,phonetic,plow,,,,
8-170-825-1,khap1242,Kha Poong,2002,sakhɔ:ŋ.13,phonetic,ditch,,,,
8-170-825-2,khap1242,Kha Poong,2002,thɛ:w.33,phonetic,ditch,,,,
8-160-825-1,khap1242,Kha Poong,1690,lak.33 rw.33ʔ,phonetic,fence,,,,
8-150-825-1,khap1242,Kha Poong,1541,pi:t.13,phonetic,"cultivate, till",,,,
8-130-825-1,khap1242,Kha Poong,586,suon.13 khuo.33,phonetic,garden,,,,
8-120-825-1,khap1242,Kha Poong,212,rɔ:ŋ.33ʔ,phonetic,field (for cultivation),,,,
8-110-825-1,khap1242,Kha Poong,979,pa.33 sa.33 so:n.33,phonetic,farmer,,,,
7-640-825-1,khap1242,Kha Poong,901,atak.13 khɔ.33,phonetic,adobe,,,,
7-630-825-1,khap1242,Kha Poong,224,ko:j.43 lu:n.33ʔ,phonetic,mortar,,,,
7-630-825-2,khap1242,Kha Poong,224,simin.33,phonetic,mortar,,,,
7-620-825-1,khap1242,Kha Poong,1006,atak.13 khɔ.33,phonetic,brick,,,,
7-610-825-1,khap1242,Kha Poong,877,sa:ŋ.434 kɔ.13,phonetic,mason,,,,
7-570-825-1,khap1242,Kha Poong,1227,kańaj.33 pɛ:n.33ʔ,phonetic,board,,,,
7-560-825-1,khap1242,Kha Poong,281,za:w.33ʔ pata:j.33,phonetic,"post, pole",,,,
7-560-825-2,khap1242,Kha Poong,281,lak.33,phonetic,"post, pole",,,,
7-560-825-3,khap1242,Kha Poong,281,sazu:r.33,phonetic,"post, pole",,,,
7-560-825-4,khap1242,Kha Poong,281,sazu:r.33 thuon.33,phonetic,"post, pole",,,,
7-550-825-1,khap1242,Kha Poong,1132,pra:ŋ.33,phonetic,beam,,,,
7-540-825-1,khap1242,Kha Poong,829,cʌ:w.33ʔ,phonetic,rafter,,,,
7-530-825-1,khap1242,Kha Poong,280,pɛ.43 bon.33,phonetic,ridgepole,,,,
7-520-825-1,khap1242,Kha Poong,279,kato:ŋ.13 kanɔ.33ʔ,phonetic,thatch,,,,
7-510-825-1,khap1242,Kha Poong,769,kato:ŋ.13 kanɔ.33ʔ,phonetic,roof,,,,
7-470-825-1,khap1242,Kha Poong,745,ka:rʌ.34ʔ,phonetic,shelf,,,,
7-460-825-1,khap1242,Kha Poong,1273,thien.13 ṭa:p.33,phonetic,candle,,,,
7-450-825-1,khap1242,Kha Poong,2131,thien.13,phonetic,"lamp, torch",,,,
7-440-825-1,khap1242,Kha Poong,1775,to.33ʔ,phonetic,table,,,,
7-430-825-1,khap1242,Kha Poong,1476,taŋ.13,phonetic,chair,,,,
7-422-825-1,khap1242,Kha Poong,806,ʔu:j.34ʔ si:t.434,phonetic,blanket,,,,
7-421-825-1,khap1242,Kha Poong,1044,mɔ:n.434,phonetic,pillow,,,,
7-420-825-1,khap1242,Kha Poong,1663,kacɨ:ŋ.434,phonetic,bed,,,,
7-370-825-1,khap1242,Kha Poong,1464,kacʌ:ŋ.434ʔ,phonetic,ladder,,,,
7-330-825-1,khap1242,Kha Poong,1305,di:ŋ.42 kahɔ:j.33ʔ lo.33,phonetic,chimney,,,,
7-320-825-1,khap1242,Kha Poong,859,təw.434 lɔ.33ʔ,phonetic,stove,,,,
7-310-825-1,khap1242,Kha Poong,185,pu:ŋ.434 ku:j.33,phonetic,fireplace,,,,
7-270-825-1,khap1242,Kha Poong,933,pha.434,phonetic,wall,,,,
7-270-825-2,khap1242,Kha Poong,933,kɛ:k.13,phonetic,wall,,,,
7-260-825-1,khap1242,Kha Poong,1632,pɨ:n.33ʔ,phonetic,floor,,,,
7-250-825-1,khap1242,Kha Poong,1375,tabo.33 bɔ:ŋ.13,phonetic,window,,,,
7-240-825-1,khap1242,Kha Poong,1472,kəcɛ.43,phonetic,key,,,,
7-231-825-1,khap1242,Kha Poong,1012,srəŋ.434 khat.13 kɨ.434,phonetic,"latch, door-bolt",,,,
7-230-825-1,khap1242,Kha Poong,1596,khwa.33ʔ,phonetic,lock (noun),,,,
7-221-825-1,khap1242,Kha Poong,80,ko:p.44 kɨ.434,phonetic,"doorpost, jamb",,,,
7-210-825-1,khap1242,Kha Poong,1450,suom.33ʔ,phonetic,room,,,,
7-220-825-1,khap1242,Kha Poong,1567,tabo.33,phonetic,"door, gate",,,,
7-220-825-2,khap1242,Kha Poong,1567,ŋɔ.33ʔ,phonetic,"door, gate",,,,
7-170-825-1,khap1242,Kha Poong,334,kanɔ.33ʔ ku:j.33,phonetic,cookhouse,,,,
7-150-825-1,khap1242,Kha Poong,736,lʌ:t.22,phonetic,"yard, court",,,,
7-130-825-1,khap1242,Kha Poong,1678,tu:p.33,phonetic,hut,,,,
7-130-825-2,khap1242,Kha Poong,1678,kanɔ.33ʔ sa:n.43,phonetic,hut,,,,
7-130-825-3,khap1242,Kha Poong,1678,karw.434,phonetic,hut,,,,
7-120-825-1,khap1242,Kha Poong,1252,kanɔ.33ʔ,phonetic,house,,,,
7-110-825-1,khap1242,Kha Poong,363,kɔ.43ʔ,phonetic,"dwell, live",,,,
6-960-825-1,khap1242,Kha Poong,1171,kacok.13,phonetic,mirror,,,,
6-950-825-1,khap1242,Kha Poong,788,sa.33 bw.33,phonetic,soap,,,,
6-940-825-1,khap1242,Kha Poong,1926,ka:za.33ʔ ntw.33,phonetic,ointment,,,,
6-930-825-1,khap1242,Kha Poong,151,kadu:t.34 thɛ.34,phonetic,razor,,,,
6-921-825-1,khap1242,Kha Poong,333,phɨə.33 kə:j.33ʔ,phonetic,braid,,,,
6-920-825-1,khap1242,Kha Poong,1821,phɔj.13,phonetic,brush,,,,
6-910-825-1,khap1242,Kha Poong,1475,sənɛ:k.33,phonetic,comb,,,,
6-910-825-3,khap1242,Kha Poong,1475,sə:ne:k.33,phonetic,comb,,,,
6-820-825-1,khap1242,Kha Poong,1021,phɛ.33 mun.33,phonetic,towel,,,,
6-810-825-1,khap1242,Kha Poong,332,phɛ.43 ka:da:w.33ʔ,phonetic,"handkerchief, rag",,,,
6-790-825-1,khap1242,Kha Poong,68,sak.33,phonetic,tattoo,,,,
6-780-825-1,khap1242,Kha Poong,330,phɛ.33 khʌ:t.33 kalok.13,phonetic,"headband, headdress",,,,
6-760-825-1,khap1242,Kha Poong,1860,katɨr.33,phonetic,bead,,,,
6-750-825-1,khap1242,Kha Poong,1961,ma:k.33 tum.33ʔ,phonetic,necklace,,,,
6-740-825-1,khap1242,Kha Poong,1754,tu:ŋ.33,phonetic,bracelet,,,,
6-730-825-1,khap1242,Kha Poong,1374,ve:n.13,phonetic,ring (for finger),,,,
6-620-825-1,khap1242,Kha Poong,757,kuk.13 ʔa:w.33ʔ,phonetic,button,,,,
6-610-825-1,khap1242,Kha Poong,1851,thoŋ.13,phonetic,pocket,,,,
6-570-825-1,khap1242,Kha Poong,772,saʔɛ:w.33,phonetic,"belt, girdle",,,,
6-550-825-1,khap1242,Kha Poong,2130,muok.33,phonetic,"hat, cap",,,,
6-510-825-1,khap1242,Kha Poong,1381,kə:p.33,phonetic,shoe,,,,
6-490-825-1,khap1242,Kha Poong,329,lɔ:ŋ.33,phonetic,"stocking, sock",,,,
6-480-825-1,khap1242,Kha Poong,809,so:ŋ.42ʔ,phonetic,trousers,,,,
6-460-825-1,khap1242,Kha Poong,1600,azɛ:m.33ʔ,phonetic,skirt,,,,
6-450-825-1,khap1242,Kha Poong,2012,katɔ:ŋ.33 ʔa:w.34ʔ,phonetic,collar,,,,
6-440-825-1,khap1242,Kha Poong,1622,ʔa:w.33ʔ,phonetic,shirt,,,,
6-380-825-1,khap1242,Kha Poong,1161,kasj.13 kabi:t.13,phonetic,thread,,,,
6-360-825-1,khap1242,Kha Poong,1382,ki:m.33,phonetic,needle,,,,
6-370-825-1,khap1242,Kha Poong,278,sanoŋ.13,phonetic,awl,,,,
6-350-825-1,khap1242,Kha Poong,1457,kabi:t.13,phonetic,sew,,,,
6-330-825-1,khap1242,Kha Poong,133,tam.33ʔ,phonetic,weave,,,,
6-330-825-2,khap1242,Kha Poong,133,ta:ń.33,phonetic,weave,,,,
6-310-825-1,khap1242,Kha Poong,121,bar.33,phonetic,spin,,,,
6-240-825-1,khap1242,Kha Poong,1850,khanuon.33,phonetic,cotton,,,,
6-220-825-1,khap1242,Kha Poong,964,lɛn.33,phonetic,wool,,,,
6-210-825-1,khap1242,Kha Poong,1616,kapa:j.33,phonetic,cloth,,,,
6-130-825-1,khap1242,Kha Poong,881,ṣə.43ʔ ka:bi:t.13,phonetic,tailor,,,,
6-120-825-1,khap1242,Kha Poong,1895,so:ŋ.43ʔ ʔa:w.33ʔ,phonetic,"clothing, clothes",,,,
6-110-825-1,khap1242,Kha Poong,158,mak.13,phonetic,put on (clothes),,,,
5-971-825-1,khap1242,Kha Poong,1556,taru:r.33 tɔ.33,phonetic,egg yolk,,,,
5-970-825-1,khap1242,Kha Poong,744,taru:r.33,phonetic,egg,,,,
5-940-825-1,khap1242,Kha Poong,404,kɨn.33ʔ,phonetic,fermented drink,,,,
5-930-825-1,khap1242,Kha Poong,1639,bie.33,phonetic,beer,,,,
5-870-825-1,khap1242,Kha Poong,93,pat.13 pənw.33ʔ,phonetic,milk (vb),,,,
5-850-825-1,khap1242,Kha Poong,862,nəm.43 ta:n.33,phonetic,sugar,,,,
5-860-825-1,khap1242,Kha Poong,635,nəm.43 no:m.33,phonetic,milk (noun),,,,
5-840-825-1,khap1242,Kha Poong,942,da:k.42 pa:tə.42,phonetic,honey,,,,
5-821-825-1,khap1242,Kha Poong,919,plic.13 phoŋ.13,phonetic,chili pepper,,,,
5-820-825-1,khap1242,Kha Poong,1385,kaza:ŋ.43ʔ tiew.33,phonetic,pepper,,,,
5-810-825-1,khap1242,Kha Poong,1274,bɔ:j.33ʔ,phonetic,salt,,,,
5-791-825-1,khap1242,Kha Poong,323,ntw.13,phonetic,"grease, fat",,,,
5-790-825-1,khap1242,Kha Poong,1484,ntw.13,phonetic,oil,,,,
5-760-825-1,khap1242,Kha Poong,920,ple.33ʔ ńɔ.33,phonetic,grape,,,,
5-770-825-1,khap1242,Kha Poong,191,kaza:ŋ.43ʔ,phonetic,nut,,,,
5-750-825-1,khap1242,Kha Poong,322,ple.33ʔ təruŋ.33,phonetic,fig,,,,
5-712-825-1,khap1242,Kha Poong,1966,karɔ:ŋ.13,phonetic,bunch,,,,
5-710-825-1,khap1242,Kha Poong,1507,ple.33ʔ,phonetic,fruit,,,,
5-700-825-1,khap1242,Kha Poong,593,kanɨ:m.33ʔ,phonetic,potato,,,,
5-660-825-1,khap1242,Kha Poong,832,po:ŋ.33 po:ŋ.13,phonetic,bean,,,,
5-650-825-1,khap1242,Kha Poong,924,ko:t.33,phonetic,vegetables,,,,
5-640-825-1,khap1242,Kha Poong,1547,kɛ:ŋ.22,phonetic,"soup, broth",,,,
5-630-825-1,khap1242,Kha Poong,1874,nam.33 tap.13,phonetic,sausage,,,,
5-610-825-1,khap1242,Kha Poong,634,kahɛ:k.33,phonetic,meat,,,,
5-590-825-1,khap1242,Kha Poong,225,sre.33,phonetic,pestle,,,,
5-580-825-1,khap1242,Kha Poong,224,tako:l.13ʔ,phonetic,mortar (2),,,,
5-570-825-1,khap1242,Kha Poong,636,apɨ.33,phonetic,mill,,,,
5-560-825-1,khap1242,Kha Poong,1033,pa:r.33,phonetic,"crush, grind",,,,
5-560-825-2,khap1242,Kha Poong,1033,kate:ń.434,phonetic,"crush, grind",,,,
5-550-825-1,khap1242,Kha Poong,1594,tapuŋ.33,phonetic,"meal, flour",,,,
5-510-825-1,khap1242,Kha Poong,1368,pɛ:ŋ.13 mj.33,phonetic,bread,,,,
5-490-825-1,khap1242,Kha Poong,2017,səßɨ:r.33 lu:n.33ʔ,phonetic,"stir, mix",,,,
5-480-825-1,khap1242,Kha Poong,1767,kɔ.43ʔ phat.13,phonetic,scrape,,,,
5-470-825-1,khap1242,Kha Poong,86,khəŋ.13,phonetic,"sieve, strain",,,,
5-460-825-1,khap1242,Kha Poong,275,lo:t.13 karo:t.13,phonetic,peel,,,,
5-440-825-1,khap1242,Kha Poong,1833,ṣʌ:p.33 lɛ:ŋ.13,phonetic,dinner,,,,
5-430-825-1,khap1242,Kha Poong,768,ṣʌ:p.33 khala.434,phonetic,lunch,,,,
5-420-825-1,khap1242,Kha Poong,1322,ṣʌ:p.33 tarə:k.33,phonetic,breakfast,,,,
5-410-825-1,khap1242,Kha Poong,1526,ṣʌ:p.33,phonetic,meal (a),,,,
5-391-825-1,khap1242,Kha Poong,272,ki:m.33,phonetic,tongs,,,,
5-380-825-1,khap1242,Kha Poong,1352,kadu:t.43,phonetic,knife (2),,,,
5-370-825-1,khap1242,Kha Poong,1378,thie.13,phonetic,spoon,,,,
5-360-825-1,khap1242,Kha Poong,271,rie.33ʔ,phonetic,saucer,,,,
5-350-825-1,khap1242,Kha Poong,476,cɛ:n.33ʔ,phonetic,"cup, drinking vessel",,,,
5-330-825-1,khap1242,Kha Poong,1530,tɔ:j.33ʔ,phonetic,bowl,,,,
5-340-825-1,khap1242,Kha Poong,270,tu:k.33,phonetic,"pitcher, jug",,,,
5-320-825-1,khap1242,Kha Poong,480,rie.33ʔ di:t.33 di:t.33,phonetic,plate,,,,
5-310-825-1,khap1242,Kha Poong,481,rie.33ʔ,phonetic,dish,,,,
5-280-825-1,khap1242,Kha Poong,31,ßɔ:ŋ.33ʔ ṣʌ:ŋ.434,phonetic,pan,,,,
5-260-825-1,khap1242,Kha Poong,1462,ßɔ:ŋ.33ʔ,phonetic,"pot, cooking vessel",,,,
5-270-825-1,khap1242,Kha Poong,854,ʔəm.33ʔ,phonetic,kettle,,,,
5-240-825-1,khap1242,Kha Poong,183,da:ŋ.33ʔ,phonetic,bake,,,,
5-250-825-1,khap1242,Kha Poong,1143,pu:ŋ.33 kɨ.33,phonetic,oven,,,,
5-230-825-1,khap1242,Kha Poong,2146,da:ŋ.33ʔ,phonetic,"roast, fry",,,,
5-230-825-2,khap1242,Kha Poong,2146,cɨ:n.13,phonetic,"roast, fry",,,,
5-220-825-1,khap1242,Kha Poong,792,do.43ʔ,phonetic,boil (vb),,,,
5-210-825-1,khap1242,Kha Poong,1100,tək.13,phonetic,cook,,,,
5-190-825-1,khap1242,Kha Poong,129,sut.33 taŋɨ.33,phonetic,choke,,,,
5-181-825-1,khap1242,Kha Poong,897,dɔ:c.33,phonetic,swallow,,,,
5-180-825-1,khap1242,Kha Poong,321,sańa.33ʔ,phonetic,chew,,,,
5-160-825-1,khap1242,Kha Poong,1421,ʔw.33ʔ,phonetic,suck,,,,
5-150-825-1,khap1242,Kha Poong,848,saŋa:r.33 da:k.33,phonetic,thirst,,,,
5-141-825-1,khap1242,Kha Poong,199,thu:m.33 kamlaŋ.33 brə:j.33,phonetic,famine,,,,
5-140-825-1,khap1242,Kha Poong,1864,brə:j.33,phonetic,hunger,,,,
5-130-825-1,khap1242,Kha Poong,1401,cu:ŋ.33ʔ,phonetic,drink,,,,
5-125-825-1,khap1242,Kha Poong,1728,ple.33ʔ ho:j.33,phonetic,rotten,,,,
5-125-825-2,khap1242,Kha Poong,1728,pɨəj.33,phonetic,rotten,,,,
5-125-825-3,khap1242,Kha Poong,1728,paʔuŋ.33ʔ,phonetic,rotten,,,,
5-125-825-4,khap1242,Kha Poong,1728,ho:j.33,phonetic,rotten,,,,
5-124-825-1,khap1242,Kha Poong,1958,srɛ:w.13,phonetic,"green, unripe",,,,
5-123-825-1,khap1242,Kha Poong,178,ci:n.33ʔ,phonetic,ripe,,,,
5-122-825-1,khap1242,Kha Poong,1959,səloŋ.33ʔ,phonetic,raw,,,,
5-121-825-1,khap1242,Kha Poong,269,ci:n.33ʔ,phonetic,cooked,,,,
5-120-825-1,khap1242,Kha Poong,256,kɛ:ŋ.33,phonetic,food,,,,
5-110-825-1,khap1242,Kha Poong,1336,ʔan.33,phonetic,eat,,,,
4-990-825-1,khap1242,Kha Poong,590,kɔ.33ʔ pu:j.33ʔ sə:daŋ.13,phonetic,"naked, bare",,,,
4-970-825-1,khap1242,Kha Poong,1653,plək.43,phonetic,blind,,,,
4-970-825-2,khap1242,Kha Poong,1653,pʌ:ŋ.434,phonetic,blind,,,,
4-980-825-1,khap1242,Kha Poong,1463,prj.13 kɨ:n.42ʔ,phonetic,intoxicated,,,,
4-960-825-1,khap1242,Kha Poong,1666,kɨ:k.13,phonetic,mute,,,,
4-950-825-1,khap1242,Kha Poong,996,tuŋ.13,phonetic,deaf,,,,
4-930-825-1,khap1242,Kha Poong,1125,kə:j.33ʔ plɔ.43,phonetic,bald,,,,
4-930-825-2,khap1242,Kha Poong,1125,kulok.33 ha:ŋ.33 kə:j.33ʔ,phonetic,bald,,,,
4-940-825-1,khap1242,Kha Poong,320,kwe.33,phonetic,lame,,,,
4-920-825-1,khap1242,Kha Poong,1564,sańa:k.33,phonetic,lazy,,,,
4-912-825-1,khap1242,Kha Poong,168,saŋa.43,phonetic,rest,,,,
4-910-825-1,khap1242,Kha Poong,1757,sakɛ.13,phonetic,"tired, weary",,,,
4-890-825-1,khap1242,Kha Poong,655,kaza.33ʔ prj.13,phonetic,poison,,,,
4-880-825-1,khap1242,Kha Poong,1372,kaza.33ʔ,phonetic,"medicine, drug",,,,
4-870-825-1,khap1242,Kha Poong,597,phɛ:t.33 kj.33ʔ,phonetic,physician,,,,
4-870-825-2,khap1242,Kha Poong,597,khw.33 kaza.33ʔ,phonetic,physician,,,,
4-860-825-1,khap1242,Kha Poong,499,puo.13 pha.33 ńʌ:t.33,phonetic,"cure, heal",,,,
4-858-825-1,khap1242,Kha Poong,497,kuti:r.33,phonetic,scar,,,,
4-857-825-1,khap1242,Kha Poong,1808,plɨ:ŋ.13,phonetic,pus,,,,
4-856-825-1,khap1242,Kha Poong,793,nu:n.33ʔ,phonetic,boil (noun),,,,
4-856-825-2,khap1242,Kha Poong,793,kutɛ:ŋ.33ʔ,phonetic,boil (noun),,,,
4-855-825-1,khap1242,Kha Poong,1584,padaŋ.33,phonetic,blister,,,,
4-854-825-1,khap1242,Kha Poong,148,sɨm.33ʔ,phonetic,itch,,,,
4-854-825-2,khap1242,Kha Poong,148,aŋa.33ʔ,phonetic,itch,,,,
4-853-825-1,khap1242,Kha Poong,1903,sɨm.33ʔ,phonetic,swelling,,,,
4-852-825-1,khap1242,Kha Poong,1148,bu:p.43,phonetic,bruise,,,,
4-850-825-1,khap1242,Kha Poong,1109,ba:t.33,phonetic,"wound, sore",,,,
4-843-825-1,khap1242,Kha Poong,102,lo:m.33 cap.13,phonetic,cold (catarrh),,,,
4-842-825-1,khap1242,Kha Poong,1957,pe:m.13,phonetic,goiter,,,,
4-841-825-1,khap1242,Kha Poong,1534,nə:m.33 kəlɔ:ŋ.33ʔ,phonetic,fever,,,,
4-840-825-1,khap1242,Kha Poong,1847,nə:m.33,phonetic,"sick, sickness",,,,
4-840-825-2,khap1242,Kha Poong,1847,məlɛ:ŋ.43,phonetic,"sick, sickness",,,,
4-830-825-1,khap1242,Kha Poong,1364,səkan.33,phonetic,"well, health",,,,
4-820-825-1,khap1242,Kha Poong,1601,he:n.33,phonetic,weak,,,,
4-820-825-2,khap1242,Kha Poong,1601,kənɔ:n.13,phonetic,weak,,,,
4-810-825-1,khap1242,Kha Poong,785,khu:n.33,phonetic,"strong, mighty, powerful",,,,
4-790-825-1,khap1242,Kha Poong,1773,bw.33,phonetic,"grave, tomb",,,,
4-780-825-1,khap1242,Kha Poong,1719,katɨp.13,phonetic,bury (the dead),,,,
4-770-825-1,khap1242,Kha Poong,767,khʌ:p.33 kace:t.33,phonetic,corpse,,,,
4-760-825-1,khap1242,Kha Poong,1417,ziet.13,phonetic,kill,,,,
4-751-825-1,khap1242,Kha Poong,1904,kace:t.33 salo:j.33,phonetic,drowned,,,,
4-750-825-1,khap1242,Kha Poong,1494,kace:t.43,phonetic,"die, dead",,,,
4-740-825-1,khap1242,Kha Poong,1422,saloŋ.34ʔ,phonetic,"live, living, life",,,,
4-732-825-1,khap1242,Kha Poong,1087,kɔ.33ʔ kadɛ.43ʔ bɨr.33 tra.33,phonetic,conceive,,,,
4-730-825-1,khap1242,Kha Poong,1123,me.33ʔ puŋ.13,phonetic,pregnant,,,,
4-720-825-1,khap1242,Kha Poong,1090,tɛ.434,phonetic,born (to be),,,,
4-690-825-1,khap1242,Kha Poong,138,ʔu:m.33ʔ,phonetic,bathe,,,,
4-680-825-1,khap1242,Kha Poong,52,dar.33,phonetic,shiver,,,,
4-670-825-1,khap1242,Kha Poong,1785,ti:t.13 səmla.33,phonetic,have sexual intercourse,,,,
4-660-825-1,khap1242,Kha Poong,676,ʔə:c.33 kic.13,phonetic,defecate,,,,
4-650-825-1,khap1242,Kha Poong,592,ʔə:c.33 te.13ʔ,phonetic,urinate,,,,
4-640-825-1,khap1242,Kha Poong,1159,pasit.13,phonetic,break wind,,,,
4-630-825-1,khap1242,Kha Poong,1602,katɨ:c.33,phonetic,wake up,,,,
4-620-825-1,khap1242,Kha Poong,1920,sapo.33 cɨŋ.33,phonetic,dream,,,,
4-612-825-1,khap1242,Kha Poong,1983,sa:ŋə:r.33,phonetic,snore,,,,
4-610-825-1,khap1242,Kha Poong,1585,lam.33,phonetic,sleep,,,,
4-591-825-1,khap1242,Kha Poong,268,lo.33 da:k.43 cʌ.33ʔ,phonetic,dribble,,,,
4-590-825-1,khap1242,Kha Poong,319,alɛ:m.33ʔ,phonetic,lick,,,,
4-580-825-1,khap1242,Kha Poong,1403,ka:t.33,phonetic,bite,,,,
4-570-825-1,khap1242,Kha Poong,1278,ba.13,phonetic,vomit,,,,
4-560-825-1,khap1242,Kha Poong,1440,da:k.43 cʌ.33ʔ,phonetic,spit,,,,
4-550-825-1,khap1242,Kha Poong,126,lo.33 pahw.13,phonetic,perspire,,,,
4-540-825-1,khap1242,Kha Poong,1621,cəj.33,phonetic,sneeze,,,,
4-530-825-1,khap1242,Kha Poong,879,ʔaʔo.13ʔ,phonetic,cough,,,,
4-521-825-1,khap1242,Kha Poong,162,səʔə.33ʔ,phonetic,hiccough,,,,
4-520-825-1,khap1242,Kha Poong,1028,aha:p.33,phonetic,"yawn, gape",,,,
4-510-825-1,khap1242,Kha Poong,1407,taŋɨ.33,phonetic,"breathe, breath",,,,
4-492-825-1,khap1242,Kha Poong,1222,lə:c.33,phonetic,penis,,,,
4-490-825-1,khap1242,Kha Poong,797,talaŋ.33 kata:l.33ʔ,phonetic,testicle,,,,
4-470-825-1,khap1242,Kha Poong,804,mara:j.33 kadɛ.33ʔ,phonetic,womb,,,,
4-464-825-1,khap1242,Kha Poong,834,kaphu:k.33,phonetic,buttocks,,,,
4-463-825-1,khap1242,Kha Poong,1745,ho:ŋ.13,phonetic,hip,,,,
4-463-825-2,khap1242,Kha Poong,1745,kuha:ŋ.33ʔ,phonetic,hip,,,,
4-462-825-1,khap1242,Kha Poong,1681,ki:l.33ʔ,phonetic,waist,,,,
4-461-825-1,khap1242,Kha Poong,1991,si:n.33ʔ rɔ:c.434,phonetic,"intestines, guts",,,,
4-460-825-1,khap1242,Kha Poong,819,phuŋ.33,phonetic,stomach,,,,
4-452-825-1,khap1242,Kha Poong,1744,pa:ŋ.33ʔ,phonetic,spleen,,,,
4-451-825-1,khap1242,Kha Poong,489,mak.33 mal.33,phonetic,kidney,,,,
4-450-825-1,khap1242,Kha Poong,1224,lɔ:m.434,phonetic,liver,,,,
4-441-825-1,khap1242,Kha Poong,688,so.33,phonetic,lung,,,,
4-440-825-1,khap1242,Kha Poong,1223,ple.33ʔ toŋ.434,phonetic,heart,,,,
4-430-825-1,khap1242,Kha Poong,1838,pasu:ń.33ʔ,phonetic,navel,,,,
4-420-825-1,khap1242,Kha Poong,154,panw.33ʔ,phonetic,udder,,,,
4-412-825-1,khap1242,Kha Poong,796,vɔ:t.33,phonetic,"nipple, teat",,,,
4-410-825-1,khap1242,Kha Poong,1402,panw.33ʔ,phonetic,breast (of woman),,,,
4-400-825-1,khap1242,Kha Poong,1592,kacə.33,phonetic,chest,,,,
4-392-825-1,khap1242,Kha Poong,1257,sapɛ:ŋ.33 ʔo.33ʔ,phonetic,wing,,,,
4-380-825-1,khap1242,Kha Poong,1389,kudɔ:j.33ʔ ci:ŋ.33,phonetic,toe,,,,
4-374-825-1,khap1242,Kha Poong,318,se:k.33,phonetic,footprint,,,,
4-372-825-1,khap1242,Kha Poong,980,kəlu:c.33,phonetic,heel,,,,
4-371-825-1,khap1242,Kha Poong,803,ma:t.13 lɛ.13,phonetic,ankle,,,,
4-370-825-1,khap1242,Kha Poong,1301,kapa:ŋ.33ʔ ci:ŋ.33,phonetic,foot,,,,
4-360-825-1,khap1242,Kha Poong,1371,ka:bɔk.33 tə:ku:l.33ʔ,phonetic,knee,,,,
4-352-825-1,khap1242,Kha Poong,498,ulɔ:ŋ.13,phonetic,calf of leg,,,,
4-351-825-1,khap1242,Kha Poong,800,tape:l.33,phonetic,thigh,,,,
4-350-825-1,khap1242,Kha Poong,1297,ci:ŋ.33,phonetic,leg,,,,
4-345-825-1,khap1242,Kha Poong,72,kasam.13,phonetic,claw,,,,
4-344-825-1,khap1242,Kha Poong,1258,kasam.13,phonetic,fingernail,,,,
4-342-825-1,khap1242,Kha Poong,1781,kudɔ:j.33ʔ kəmj.33ʔ,phonetic,thumb,,,,
4-340-825-1,khap1242,Kha Poong,1303,kudɔ:j.43ʔ sj.13ʔ,phonetic,finger,,,,
4-331-825-1,khap1242,Kha Poong,1183,kalɔ:ŋ.13 kapa:ŋ.33ʔ sj.13ʔ,phonetic,palm of hand,,,,
4-330-825-1,khap1242,Kha Poong,1277,kapi:ŋ.33ʔ sj.13ʔ,phonetic,hand,,,,
4-321-825-1,khap1242,Kha Poong,799,katɔ:ŋ.33ʔ pj.13,phonetic,wrist,,,,
4-320-825-1,khap1242,Kha Poong,981,ke:ŋ.33 taj.33,phonetic,elbow,,,,
4-312-825-1,khap1242,Kha Poong,1886,saßa:k.13,phonetic,armpit,,,,
4-310-825-1,khap1242,Kha Poong,1673,sj.13ʔ,phonetic,arm,,,,
4-302-825-1,khap1242,Kha Poong,1994,cʌ:ŋ.434 sa:la:ŋ.13,phonetic,collarbone,,,,
4-301-825-1,khap1242,Kha Poong,172,pha.33 la.33,phonetic,shoulderblade,,,,
4-300-825-1,khap1242,Kha Poong,1482,sula:ŋ.13,phonetic,shoulder,,,,
4-290-825-1,khap1242,Kha Poong,1346,karɔ:ŋ.33ʔ,phonetic,throat,,,,
4-281-825-1,khap1242,Kha Poong,1347,kudɔ:t.33,phonetic,nape of neck,,,,
4-280-825-1,khap1242,Kha Poong,1333,ka:tɔ:ŋ.33ʔ,phonetic,neck,,,,
4-272-825-1,khap1242,Kha Poong,1049,kasa:ŋ.13 su:t.33,phonetic,molartooth,,,,
4-270-825-1,khap1242,Kha Poong,1380,kasaŋ.13,phonetic,tooth,,,,
4-271-825-1,khap1242,Kha Poong,139,ŋɨ:ʌ.13 zɨ.33ʔ,phonetic,gums,,,,
4-271-825-2,khap1242,Kha Poong,139,liń.13,phonetic,gums,,,,
4-260-825-1,khap1242,Kha Poong,1205,la:j.33,phonetic,tongue,,,,
4-250-825-1,khap1242,Kha Poong,478,vɔ:t.51ʔ,phonetic,lip,,,,
4-241-825-1,khap1242,Kha Poong,73,və:t.51ʔ,phonetic,beak,,,,
4-240-825-1,khap1242,Kha Poong,674,mɛ:ŋ.22ʔ,phonetic,mouth,,,,
4-232-825-1,khap1242,Kha Poong,208,da:k.33 mu:j.33,phonetic,mucus (nasal),,,,
4-231-825-1,khap1242,Kha Poong,1178,kɨ:p.33 mu:j.33,phonetic,nostril,,,,
4-230-825-1,khap1242,Kha Poong,1221,mu:j.33,phonetic,nose,,,,
4-222-825-1,khap1242,Kha Poong,32,karaj.33 sa:j.13,phonetic,earwax,,,,
4-221-825-1,khap1242,Kha Poong,18,ple.33ʔ sa:j.13,phonetic,earlobe,,,,
4-220-825-1,khap1242,Kha Poong,1247,sa:j.13,phonetic,ear,,,,
4-215-825-1,khap1242,Kha Poong,1655,kabər.33 mat.13,phonetic,blink,,,,
4-214-825-1,khap1242,Kha Poong,1540,usuk.13 mat.13,phonetic,eyelash,,,,
4-212-825-1,khap1242,Kha Poong,1173,usuk.13 mat.13,phonetic,eyebrow,,,,
4-210-825-1,khap1242,Kha Poong,1248,mat.13,phonetic,eye,,,,
4-208-825-1,khap1242,Kha Poong,1730,po:p.13,phonetic,cheek,,,,
4-209-825-1,khap1242,Kha Poong,1510,ka:ŋ.33ʔ suoj.33ʔ,phonetic,chin,,,,
4-205-825-1,khap1242,Kha Poong,123,kalʌ:k.33,phonetic,forehead,,,,
4-207-825-1,khap1242,Kha Poong,798,təka:ŋ.33ʔ,phonetic,jaw,,,,
4-204-825-1,khap1242,Kha Poong,1560,kalʌ:k.33,phonetic,face,,,,
4-203-825-1,khap1242,Kha Poong,1583,ʔɔ:ŋ.33ʔ,phonetic,brain,,,,
4-201-825-1,khap1242,Kha Poong,1604,khamap.13 sa:j.434,phonetic,"side of head, temple",,,,
4-202-825-1,khap1242,Kha Poong,1605,kəpo.33ʔ ʔɔ:ŋ.33ʔ,phonetic,skull,,,,
4-200-825-1,khap1242,Kha Poong,1256,kalok.33,phonetic,head,,,,
4-191-825-1,khap1242,Kha Poong,805,cʌ:ŋ.434 cərɔŋ.51ʔ,phonetic,spine,,,,
4-190-825-1,khap1242,Kha Poong,1291,takɔ:ŋ.13,phonetic,back,,,,
4-180-825-1,khap1242,Kha Poong,1220,tɔ:j.434,phonetic,tail,,,,
4-170-825-1,khap1242,Kha Poong,1393,təkɔ:j.13,phonetic,horn,,,,
4-162-825-1,khap1242,Kha Poong,801,cʌ:ŋ.434 cəra:ń.434,phonetic,rib,,,,
4-160-825-1,khap1242,Kha Poong,1394,cʌ:ŋ.434,phonetic,bone,,,,
4-151-825-1,khap1242,Kha Poong,525,kańi:r.33,phonetic,"vein, artery",,,,
4-150-825-1,khap1242,Kha Poong,946,nsa:m.33ʔ,phonetic,blood,,,,
4-146-825-1,khap1242,Kha Poong,576,karaj.33,phonetic,dandruff,,,,
4-145-825-1,khap1242,Kha Poong,36,usuk.13 kucɛ.51ʔ,phonetic,pubic hair,,,,
4-144-825-1,khap1242,Kha Poong,189,usuk.13,phonetic,body hair,,,,
4-142-825-1,khap1242,Kha Poong,678,tamu:ń.43,phonetic,beard,,,,
4-140-825-1,khap1242,Kha Poong,1040,kə:j.43ʔ,phonetic,hair (head),,,,
4-130-825-1,khap1242,Kha Poong,2259,kahɛ:k.33,phonetic,flesh,,,,
4-120-825-1,khap1242,Kha Poong,763,karo:t.33,phonetic,"skin, hide",,,,
3-980-825-1,khap1242,Kha Poong,112,rɔ.43,phonetic,turtle,,,,
3-980-825-2,khap1242,Kha Poong,112,rɔ.33 pɨr.33,phonetic,turtle,,,,
3-970-825-1,khap1242,Kha Poong,1857,khɛ.33ʔ,phonetic,"crocodile, alligator",,,,
3-960-825-1,khap1242,Kha Poong,632,kana:r.33,phonetic,lizard,,,,
3-960-825-2,khap1242,Kha Poong,632,ńa.33 rɨən.43,phonetic,lizard,,,,
3-950-825-1,khap1242,Kha Poong,503,kɔ:t.33,phonetic,frog,,,,
3-950-825-2,khap1242,Kha Poong,503,kɔ:t.33 kara:ŋ.13,phonetic,frog,,,,
3-950-825-3,khap1242,Kha Poong,503,kɔ:t.33 nrɔk.13,phonetic,frog,,,,
3-940-825-1,khap1242,Kha Poong,1543,kaco.33,phonetic,snail,,,,
3-930-825-1,khap1242,Kha Poong,607,pɔ:j.33,phonetic,grasshopper,,,,
3-930-825-2,khap1242,Kha Poong,607,pɔ:j.33 ka:bar.33,phonetic,grasshopper,,,,
3-920-825-1,khap1242,Kha Poong,1791,puŋ.33 pət.13,phonetic,butterfly,,,,
3-910-825-1,khap1242,Kha Poong,206,tw.33 tu:ŋ.33 tɛ.13,phonetic,firefly,,,,
3-850-825-1,khap1242,Kha Poong,730,səza:r.33,phonetic,snake,,,,
3-840-825-1,khap1242,Kha Poong,1219,plu:n.13,phonetic,worm,,,,
3-832-825-1,khap1242,Kha Poong,1509,səßɨ:ŋ.33,phonetic,mosquito,,,,
3-832-825-2,khap1242,Kha Poong,1509,mɔ:j.33,phonetic,mosquito,,,,
3-831-825-1,khap1242,Kha Poong,95,mɔ:j.33 klɔk.13 ńɨm.33,phonetic,"sandfly (midge), gnat",,,,
3-830-825-1,khap1242,Kha Poong,1504,marɔ:j.33,phonetic,fly,,,,
3-830-825-2,khap1242,Kha Poong,1504,təmu:r.33,phonetic,fly,,,,
3-823-825-1,khap1242,Kha Poong,1517,kɔ.43 lam.33 pakɔ.33,phonetic,wasp,,,,
3-822-825-1,khap1242,Kha Poong,88,sw.33 patɔ.33,phonetic,beehive,,,,
3-821-825-1,khap1242,Kha Poong,1931,ṣa:p.33,phonetic,beeswax,,,,
3-820-825-1,khap1242,Kha Poong,665,patɔ.33,phonetic,bee,,,,
3-819-825-1,khap1242,Kha Poong,1065,ala:w.33ʔ ku:ŋ.33ʔ,phonetic,spider web,,,,
3-818-825-1,khap1242,Kha Poong,843,ku:ŋ.33ʔ ka:w.13,phonetic,spider,,,,
3-817-825-1,khap1242,Kha Poong,587,kəńʌ:r.33,phonetic,ant,,,,
3-817-825-2,khap1242,Kha Poong,587,kəńʌ:r.33 lo:c.13 la:w.33ʔ,phonetic,ant,,,,
3-816-825-1,khap1242,Kha Poong,1575,tw.33 sɛ.33ʔ,phonetic,cockroach,,,,
3-816-825-2,khap1242,Kha Poong,1575,tw.33 sʌ:p.33,phonetic,cockroach,,,,
3-815-825-1,khap1242,Kha Poong,1538,təmu:r.33,phonetic,scorpion,,,,
3-814-825-1,khap1242,Kha Poong,1974,bre:t.13,phonetic,centipede,,,,
3-813-825-1,khap1242,Kha Poong,232,tw.33 mat.33,phonetic,flea,,,,
3-812-825-1,khap1242,Kha Poong,267,taru:r.33,phonetic,nit (louse egg),,,,
3-811-825-1,khap1242,Kha Poong,1392,cj.33ʔ,phonetic,louse,,,,
3-810-825-1,khap1242,Kha Poong,620,kapj.33,phonetic,insect,,,,
3-770-825-1,khap1242,Kha Poong,1290,zɨ.33ʔ,phonetic,elephant,,,,
3-760-825-1,khap1242,Kha Poong,1350,mɔ:m.33ʔ,phonetic,monkey,,,,
3-760-825-2,khap1242,Kha Poong,1350,kwań.33,phonetic,monkey,,,,
3-750-825-1,khap1242,Kha Poong,1936,kadj.33,phonetic,deer,,,,
3-740-825-1,khap1242,Kha Poong,1312,mɛ:w.33 ka.33,phonetic,fox,,,,
3-740-825-2,khap1242,Kha Poong,1312,kasɔ:ŋ.33,phonetic,fox,,,,
3-730-825-1,khap1242,Kha Poong,1820,sakw.13ʔ,phonetic,bear,,,,
3-710-825-1,khap1242,Kha Poong,522,cɔ.33ʔ tər.434,phonetic,wolf,,,,
3-665-825-1,khap1242,Kha Poong,1013,lɨən.33,phonetic,freshwater eel,,,,
3-655-825-1,khap1242,Kha Poong,598,ta:kɔ:ŋ.13 rɔ.33,phonetic,shell,,,,
3-654-825-1,khap1242,Kha Poong,1916,po:p.33,phonetic,gill,,,,
3-653-825-1,khap1242,Kha Poong,266,karaj.33,phonetic,fishscale,,,,
3-652-825-1,khap1242,Kha Poong,213,səkj.33,phonetic,fin (dorsal),,,,
3-650-825-1,khap1242,Kha Poong,227,aka.13ʔ,phonetic,fish,,,,
3-630-825-1,khap1242,Kha Poong,2139,lɨk.13,phonetic,"mouse, rat",,,,
3-620-825-1,khap1242,Kha Poong,1208,mɛ:w.33 kanɔ.33ʔ,phonetic,cat,,,,
3-614-825-1,khap1242,Kha Poong,1136,kata:j.33,phonetic,rabbit,,,,
3-610-825-1,khap1242,Kha Poong,2009,cɔ.13ʔ,phonetic,dog,,,,
3-594-825-1,khap1242,Kha Poong,1853,ʔo.33ʔ tə:kw.13,phonetic,dove,,,,
3-596-825-1,khap1242,Kha Poong,735,ʔo.33ʔ kw.33ʔ,phonetic,owl,,,,
3-593-825-1,khap1242,Kha Poong,913,ʔo.33ʔ ʔa:k.13,phonetic,crow,,,,
3-592-825-1,khap1242,Kha Poong,882,ʔo.33ʔ ku:j.33ʔ,phonetic,parrot,,,,
3-591-825-1,khap1242,Kha Poong,1793,kurɛ:ŋ.41ʔ,phonetic,bat,,,,
3-585-825-1,khap1242,Kha Poong,307,kala:ŋ.33ʔ,phonetic,hawk,,,,
3-583-825-1,khap1242,Kha Poong,758,ʔo.33ʔ no:k.33 caw.33ʔ,phonetic,heron,,,,
3-581-825-1,khap1242,Kha Poong,937,ʔo.33ʔ,phonetic,bird,,,,
3-580-825-1,khap1242,Kha Poong,539,sw.33 ʔo.33ʔ,phonetic,nest,,,,
3-570-825-1,khap1242,Kha Poong,1360,ßi:t.33,phonetic,duck,,,,
3-570-825-3,khap1242,Kha Poong,1360,vi:t.33,phonetic,duck,,,,
3-560-825-1,khap1242,Kha Poong,1187,ha:n.33ʔ,phonetic,goose,,,,
3-560-825-2,khap1242,Kha Poong,1187,ŋo:ŋ.33ʔ,phonetic,goose,,,,
3-550-825-1,khap1242,Kha Poong,1318,ka.33 di:t.33,phonetic,chicken,,,,
3-540-825-1,khap1242,Kha Poong,1514,ka.33 nzɔ:ŋ.33,phonetic,hen,,,,
3-520-825-1,khap1242,Kha Poong,1511,ka.33 ŋu:l.24,phonetic,"cock, rooster",,,,
3-450-825-1,khap1242,Kha Poong,1647,maŋə.33ʔ kadɛ.33ʔ,phonetic,"foal, colt",,,,
3-440-825-1,khap1242,Kha Poong,938,maŋə.33ʔ kaj.33ʔ,phonetic,mare,,,,
3-420-825-1,khap1242,Kha Poong,936,maŋə.33ʔ ko:ń.33ʔ,phonetic,stallion,,,,
3-410-825-1,khap1242,Kha Poong,615,maŋə.33ʔ,phonetic,horse (equine),,,,
3-380-825-1,khap1242,Kha Poong,1972,bɛ.33ʔ kadɛ.33ʔ,phonetic,kid,,,,
3-370-825-1,khap1242,Kha Poong,264,bɛ.33ʔ ko:ń.33ʔ,phonetic,he-goat,,,,
3-360-825-1,khap1242,Kha Poong,1502,bɛ.33ʔ,phonetic,goat,,,,
3-350-825-1,khap1242,Kha Poong,1337,ku:r.33 di:t.33,phonetic,pig,,,,
3-340-825-1,khap1242,Kha Poong,1351,ku:r.33 kaj.33ʔ,phonetic,sow (2),,,,
3-320-825-1,khap1242,Kha Poong,1348,ku:r.33 ka:w.33ʔ,phonetic,boar,,,,
3-320-825-2,khap1242,Kha Poong,1348,ku:r.33 brw.33ʔ,phonetic,boar,,,,
3-240-825-1,khap1242,Kha Poong,1989,mɛ.33 mɛ.33,phonetic,calf,,,,
3-230-825-1,khap1242,Kha Poong,1007,pɔ.33 mj.33ʔ,phonetic,cow,,,,
3-220-825-1,khap1242,Kha Poong,1169,pɔ.33 ko:ń.33ʔ,phonetic,ox,,,,
3-210-825-1,khap1242,Kha Poong,1008,salw.33 ko:ń.33,phonetic,bull,,,,
3-210-825-2,khap1242,Kha Poong,1008,pɔ.33,phonetic,bull,,,,
3-200-825-1,khap1242,Kha Poong,1153,salw.33,phonetic,cattle (bovine),,,,
3-190-825-1,khap1242,Kha Poong,851,khɔ:k.33,phonetic,"stable, stall",,,,
3-180-825-1,khap1242,Kha Poong,263,malɛ:ŋ.33 ci:m.33ʔ,phonetic,herdsman,,,,
3-160-825-1,khap1242,Kha Poong,649,dɨəŋ.22 pɨ:n.33,phonetic,pasture,,,,
3-130-825-1,khap1242,Kha Poong,2262,kaj.33,phonetic,female (adj),,,,
3-130-825-3,khap1242,Kha Poong,2262,ka:j.33ʔ,phonetic,female (adj),,,,
3-120-825-1,khap1242,Kha Poong,2261,ka:w.33ʔ,phonetic,male (adj),,,,
3-120-825-2,khap1242,Kha Poong,2261,ŋu:l.13,phonetic,male (adj),,,,
3-120-825-3,khap1242,Kha Poong,2261,ko:ń.33ʔ,phonetic,male (adj),,,,
3-120-825-5,khap1242,Kha Poong,2261,ku:ń.33ʔ,phonetic,male (adj),,,,
3-110-825-1,khap1242,Kha Poong,619,sut.13,phonetic,animal,,,,
2-960-825-1,khap1242,Kha Poong,817,cw.33ʔ pa.434,phonetic,they,,,,
2-942-825-1,khap1242,Kha Poong,1130,cw.33ʔ cəw.33ʔ,phonetic,we (exclusive),,,,
2-941-825-1,khap1242,Kha Poong,1131,cw.33ʔ cəw.33ʔ,phonetic,we (inclusive),,,,
2-940-825-1,khap1242,Kha Poong,1212,cu.33ʔ cəw.33ʔ,phonetic,we,,,,
2-930-825-1,khap1242,Kha Poong,262,ʔa:j.33,phonetic,he/she/it,,,,
2-920-825-1,khap1242,Kha Poong,1215,cak.13,phonetic,you (singular),,,,
2-910-825-1,khap1242,Kha Poong,1209,kə.33,phonetic,I,,,,
2-910-825-2,khap1242,Kha Poong,1209,tɛ.33,phonetic,I,,,,
2-820-825-1,khap1242,Kha Poong,194,khɔ:k.33 khuə.33,phonetic,family,,,,
2-810-825-1,khap1242,Kha Poong,1644,rɔ:k.13 rɔ:ŋ.434,phonetic,"relatives, kinsmen",,,,
2-770-825-1,khap1242,Kha Poong,1981,me.33ʔ ńa:ma:j.13,phonetic,widower,,,,
2-760-825-1,khap1242,Kha Poong,1756,pɨ.33ʔ ńama:j.13,phonetic,widow,,,,
2-750-825-1,khap1242,Kha Poong,1149,kadɛ.33ʔ ṣʌ.33ʔ,phonetic,orphan,,,,
2-740-825-1,khap1242,Kha Poong,1058,kadɛ.33ʔ rieŋ.33,phonetic,stepdaughter,,,,
2-730-825-1,khap1242,Kha Poong,1059,kadɛ.33ʔ rieŋ.33,phonetic,stepson,,,,
2-720-825-1,khap1242,Kha Poong,236,me.33ʔ mɨ.33ʔ,phonetic,stepmother,,,,
2-710-825-1,khap1242,Kha Poong,237,pɨ.33ʔ pɔ.33ʔ,phonetic,stepfather,,,,
2-710-825-2,khap1242,Kha Poong,237,pɨ.33ʔ sɨ:p.13,phonetic,stepfather,,,,
2-641-825-1,khap1242,Kha Poong,2264,cj.43ʔ uzw.13,phonetic,daughter-in-law (of a woman),,,,
2-631-825-1,khap1242,Kha Poong,2266,mətʌ:m.434,phonetic,son-in-law (of a woman),,,,
2-630-825-1,khap1242,Kha Poong,2267,mətʌ:m.434,phonetic,son-in-law (of a man),,,,
2-621-825-1,khap1242,Kha Poong,2257,me.33ʔ thəw.33ʔ,phonetic,mother-in-law (of a woman),,,,
2-620-825-1,khap1242,Kha Poong,2256,za.13,phonetic,mother-in-law (of a man),,,,
2-611-825-1,khap1242,Kha Poong,2254,pho.33ʔ thəw.33ʔ,phonetic,father-in-law (of a woman),,,,
2-610-825-1,khap1242,Kha Poong,2255,pw.33,phonetic,father-in-law (of a man),,,,
2-570-825-1,khap1242,Kha Poong,490,kadɛ.33ʔ cow.33ʔ,phonetic,descendants,,,,
2-560-825-1,khap1242,Kha Poong,1669,bun.33 khun.33,phonetic,ancestors,,,,
2-560-825-2,khap1242,Kha Poong,1669,ʔo:ŋ.33 ba.33,phonetic,ancestors,,,,
2-550-825-1,khap1242,Kha Poong,1643,mʔa:ŋ.33ʔ nɔ:#k.33,phonetic,cousin,,,,
2-550-825-2,khap1242,Kha Poong,1643,cj.33ʔ cj.33ʔ nɔ:k.33,phonetic,cousin,,,,
2-522-825-1,khap1242,Kha Poong,170,pa.33ʔ,phonetic,father's sister,,,,
2-522-825-2,khap1242,Kha Poong,170,ʔɔ.33,phonetic,father's sister,,,,
2-520-825-1,khap1242,Kha Poong,1272,pa.33ʔ,phonetic,aunt,,,,
2-521-825-1,khap1242,Kha Poong,171,mɨ.33ʔ,phonetic,mother's sister,,,,
2-512-825-1,khap1242,Kha Poong,1985,luŋ#.33,phonetic,father's brother,,,,
2-512-825-2,khap1242,Kha Poong,1985,pʌ.33ʔ,phonetic,father's brother,,,,
2-511-825-1,khap1242,Kha Poong,1984,luŋ.33,phonetic,mother's brother,,,,
2-511-825-2,khap1242,Kha Poong,1984,kw.33ʔ,phonetic,mother's brother,,,,
2-480-825-1,khap1242,Kha Poong,1618,cw.33ʔ ba:w.33,phonetic,grandson,,,,
2-480-825-2,khap1242,Kha Poong,1618,cw.33ʔ de.33 ku:ń.33ʔ,phonetic,grandson,,,,
2-490-825-1,khap1242,Kha Poong,1619,cw.33ʔ phɔ.33 na:j.33ʔ,phonetic,granddaughter,,,,
2-471-825-1,khap1242,Kha Poong,907,mɔo.33ʔ kəra.33,phonetic,old woman,,,,
2-470-825-1,khap1242,Kha Poong,1496,za.13,phonetic,grandmother,,,,
2-470-825-2,khap1242,Kha Poong,1496,me.33ʔ thəw.33ʔ,phonetic,grandmother,,,,
2-461-825-1,khap1242,Kha Poong,406,ʔo:ŋ.33 kra.33,phonetic,old man,,,,
2-460-825-1,khap1242,Kha Poong,1383,ʔo:ŋ.33,phonetic,grandfather,,,,
2-460-825-2,khap1242,Kha Poong,1383,pw.13,phonetic,grandfather,,,,
2-460-825-3,khap1242,Kha Poong,1383,pho.33ʔ thəw.33ʔ,phonetic,grandfather,,,,
2-458-825-1,khap1242,Kha Poong,1005,kadɛ.33ʔ phaŋ.33 phɛ:t.33,phonetic,twins,,,,
2-456-825-1,khap1242,Kha Poong,1640,cie.434ʔ mʔa:ŋ.33ʔ ru:m.33 rɔ:c.44,phonetic,sibling,,,,
2-456-825-2,khap1242,Kha Poong,1640,ʔɛ:m.33 rɔ:c.434,phonetic,sibling,,,,
2-455-825-1,khap1242,Kha Poong,1761,ʔɛ:m.33 phɔ.33 ma:j.33ʔ,phonetic,younger sister,,,,
2-454-825-1,khap1242,Kha Poong,1758,che.434ʔ phɔ.43 ma:j.33ʔ,phonetic,older sister,,,,
2-445-825-1,khap1242,Kha Poong,1760,ʔɛ:m.33 ba:w.434,phonetic,younger brother,,,,
2-444-825-1,khap1242,Kha Poong,1759,mʔa:ŋ.33ʔ de.33 ku:ń.33ʔ,phonetic,older brother,,,,
2-430-825-1,khap1242,Kha Poong,1801,kadɛ.33ʔ kɔ:n.33,phonetic,offspring (son or daughter),,,,
2-420-825-1,khap1242,Kha Poong,1357,kadɛ.33ʔ phɔma:j.33ʔ,phonetic,daughter,,,,
2-410-825-1,khap1242,Kha Poong,1620,kadɛ.33ʔ ba:w.33,phonetic,son,,,,
2-390-825-1,khap1242,Kha Poong,426,de.33 ke.33ʔ kɔ.33ʔ ku:ń.33ʔ le:w.33ʔ,phonetic,married woman,,,,
2-380-825-1,khap1242,Kha Poong,424,de.33 ku:ń.33ʔ kɔ.33ʔ ke.33ʔ le:w.33ʔ,phonetic,married man,,,,
2-370-825-1,khap1242,Kha Poong,505,pɨ.33ʔ me.33ʔ,phonetic,parents,,,,
2-350-825-1,khap1242,Kha Poong,1217,pɨ.33ʔ,phonetic,father,,,,
2-350-825-2,khap1242,Kha Poong,1217,pho.33ʔ,phonetic,father,,,,
2-341-825-1,khap1242,Kha Poong,1134,pata.33 mla.434,phonetic,divorce,,,,
2-340-825-1,khap1242,Kha Poong,1259,pha:t.33 sa:dɔ:ŋ.434,phonetic,"marriage, wedding",,,,
2-330-825-1,khap1242,Kha Poong,203,le.33ʔ ke.33ʔ,phonetic,marry,,,,
2-330-825-2,khap1242,Kha Poong,203,le.33ʔ ku:ń.33,phonetic,marry,,,,
2-330-825-3,khap1242,Kha Poong,203,sadɔ:ŋ.434,phonetic,marry,,,,
2-320-825-1,khap1242,Kha Poong,1199,ke.33ʔ,phonetic,wife,,,,
2-310-825-1,khap1242,Kha Poong,1200,ku:ń.33ʔ,phonetic,husband,,,,
2-280-825-1,khap1242,Kha Poong,1289,mənɛ.13 di:t.33 di:t.33,phonetic,"infant, baby",,,,
2-270-825-1,khap1242,Kha Poong,1304,kadɛ.33ʔ,phonetic,child,,,,
2-261-825-1,khap1242,Kha Poong,77,na:ŋ.33 phɔ.33 ma:j.33ʔ,phonetic,young woman (adolescent),,,,
2-260-825-1,khap1242,Kha Poong,1646,na:ŋ.33 di:t.33,phonetic,girl,,,,
2-251-825-1,khap1242,Kha Poong,76,ba:w.434,phonetic,young man (adolescent),,,,
2-251-825-3,khap1242,Kha Poong,76,ba:w.33,phonetic,young man (adolescent),,,,
2-250-825-1,khap1242,Kha Poong,1366,manɛ.13 di:t.434,phonetic,boy,,,,
2-250-825-2,khap1242,Kha Poong,1366,ʔu:j.33ʔ di:f.434,phonetic,boy,,,,
2-240-825-1,khap1242,Kha Poong,1551,de.33 ke.22ʔ,phonetic,female,,,,
2-230-825-1,khap1242,Kha Poong,1553,de.33 ku:ń.33ʔ,phonetic,male,,,,
2-220-825-1,khap1242,Kha Poong,962,de.33 ke.33ʔ,phonetic,woman,,,,
2-210-825-1,khap1242,Kha Poong,1554,de.33 ku:jń.33ʔ,phonetic,man (vs. woman),,,,
2-100-825-1,khap1242,Kha Poong,683,məlɛ:ŋ.33,phonetic,"person, human being",,,,
2-100-825-3,khap1242,Kha Poong,683,ma:lɛ:ŋ.434,phonetic,"person, human being",,,,
1-890-825-1,khap1242,Kha Poong,1188,kacaŋ.13 ku:j.33,phonetic,charcoal,,,,
1-880-825-1,khap1242,Kha Poong,10,ku:j.43,phonetic,firewood,,,,
1-870-825-1,khap1242,Kha Poong,1133,tənaj.33,phonetic,match (noun),,,,
1-861-825-1,khap1242,Kha Poong,127,pasit.13,phonetic,extinguish,,,,
1-860-825-1,khap1242,Kha Poong,737,nɨm.33ʔ ku:j.33,phonetic,"light, kindle, ignite",,,,
1-860-825-2,khap1242,Kha Poong,737,tabat.33 taki:eŋ.33,phonetic,"light, kindle, ignite",,,,
1-860-825-3,khap1242,Kha Poong,737,do.434ʔ ku:j.33,phonetic,"light, kindle, ignite",,,,
1-860-825-4,khap1242,Kha Poong,737,tu:c.43,phonetic,"light, kindle, ignite",,,,
1-852-825-1,khap1242,Kha Poong,1428,kacar.33,phonetic,burn (vb intrans),,,,
1-851-825-1,khap1242,Kha Poong,141,tu:c.33,phonetic,burn (vb trans),,,,
1-841-825-1,khap1242,Kha Poong,67,kaca:ŋ.33 ku:j.33 he:l.434,phonetic,embers,,,,
1-840-825-1,khap1242,Kha Poong,646,bu:ń.13,phonetic,ashes,,,,
1-830-825-1,khap1242,Kha Poong,778,kuhɔ:j.43ʔ,phonetic,smoke (noun),,,,
1-830-825-2,khap1242,Kha Poong,778,hu:ŋ.33 hɛ:ŋ.33ʔ,phonetic,smoke (noun),,,,
1-830-825-3,khap1242,Kha Poong,778,mo:ŋ.33 hɔŋ.13,phonetic,smoke (noun),,,,
1-830-825-4,khap1242,Kha Poong,778,po:ŋ.33,phonetic,smoke (noun),,,,
1-820-825-1,khap1242,Kha Poong,889,səla.33 ku:j.33,phonetic,flame (noun),,,,
1-820-825-2,khap1242,Kha Poong,889,ku:j.33 he:l.434,phonetic,flame (noun),,,,
1-810-825-1,khap1242,Kha Poong,221,ku:j.33,phonetic,fire,,,,
1-780-825-1,khap1242,Kha Poong,952,aka:t.33,phonetic,weather,,,,
1-770-825-1,khap1242,Kha Poong,617,da:k.33 kʌ:j.33,phonetic,ice,,,,
1-750-825-1,khap1242,Kha Poong,658,cɨ:ŋ.13,phonetic,rain (noun),,,,
1-750-825-2,khap1242,Kha Poong,658,cɨ:ŋ.13 faru:j.33,phonetic,rain (noun),,,,
1-740-825-1,khap1242,Kha Poong,249,məŋɔ:ŋ.434 kuhɔ:j.33ʔ,phonetic,fog,,,,
1-720-825-1,khap1242,Kha Poong,960,kazɔ.33ʔ,phonetic,wind,,,,
1-730-825-1,khap1242,Kha Poong,1489,taluk.33,phonetic,cloud,,,,
1-640-825-1,khap1242,Kha Poong,1977,məŋɔ:ŋ.434,phonetic,dew,,,,
1-630-825-1,khap1242,Kha Poong,1388,lɛ.43ʔ ru:m.434,phonetic,"shade, shadow",,,,
1-620-825-1,khap1242,Kha Poong,11,lɛ.41ʔ təŋɔ:p.33,phonetic,darkness,,,,
1-610-825-1,khap1242,Kha Poong,630,sɛ:ŋ.13 ka:ra:ŋ.13,phonetic,light (noun),,,,
1-590-825-1,khap1242,Kha Poong,1733,ro:ŋ.13,phonetic,rainbow,,,,
1-580-825-1,khap1242,Kha Poong,858,kazɔ.33ʔ lo:m.33 luoŋ.434,phonetic,storm,,,,
1-560-825-1,khap1242,Kha Poong,1150,ṣɨ:m.33ʔ ra:ŋ.434,phonetic,thunder,,,,
1-560-825-2,khap1242,Kha Poong,1150,sɨ:m.43ʔ pʌ.33,phonetic,thunder,,,,
1-550-825-1,khap1242,Kha Poong,1654,sabar.33,phonetic,lightning,,,,
1-540-825-1,khap1242,Kha Poong,1430,klʌ.33 / klo.33,phonetic,star,,,,
1-530-825-1,khap1242,Kha Poong,1313,tra.33 / tara.33,phonetic,moon,,,,
1-520-825-1,khap1242,Kha Poong,1343,mat.33 ko:l.434,phonetic,sun,,,,
1-510-825-1,khap1242,Kha Poong,1732,ṣɨm.33ʔ,phonetic,sky,,,,
1-510-825-3,khap1242,Kha Poong,1732,ṣɨ:m.33ʔ,phonetic,sky,,,,
1-430-825-1,khap1242,Kha Poong,1803,sərəŋ.434,phonetic,wood,,,,
1-410-825-1,khap1242,Kha Poong,420,brw.33,phonetic,"woods, forest",,,,
1-390-825-1,khap1242,Kha Poong,943,ca:j.33,phonetic,waterfall,,,,
1-390-825-2,khap1242,Kha Poong,943,kɛ:ŋ.33ʔ,phonetic,waterfall,,,,
1-380-825-1,khap1242,Kha Poong,1145,com.434 / cʌm.434,phonetic,swamp,,,,
1-370-825-1,khap1242,Kha Poong,2144,ŋu:n.434 hɔ:ŋ.33ʔ,phonetic,"spring, well",,,,
1-362-825-1,khap1242,Kha Poong,1982,sə:ϑi:l.33ʔ da:k.33,phonetic,whirlpool,,,,
1-360-825-1,khap1242,Kha Poong,666,me.434ʔ da:k.33,phonetic,"river, stream, brook",,,,
1-360-825-2,khap1242,Kha Poong,666,pe:w.434 da:k.33,phonetic,"river, stream, brook",,,,
1-360-825-3,khap1242,Kha Poong,666,hɔ:ŋ.33ʔ,phonetic,"river, stream, brook",,,,
1-330-825-1,khap1242,Kha Poong,624,nɔ:ŋ.434 da:k.33,phonetic,lake,,,,
1-324-825-1,khap1242,Kha Poong,1768,kapw.33 da:k.33,phonetic,foam,,,,
1-320-825-1,khap1242,Kha Poong,1474,da:k.33 thale.33,phonetic,sea,,,,
1-310-825-1,khap1242,Kha Poong,948,da:k.33,phonetic,water,,,,
1-280-825-1,khap1242,Kha Poong,1155,tham.33ʔ,phonetic,cave,,,,
1-270-825-1,khap1242,Kha Poong,113,ke:m.33 da:k.33,phonetic,shore,,,,
1-240-825-1,khap1242,Kha Poong,921,kasok.33,phonetic,valley,,,,
1-230-825-1,khap1242,Kha Poong,652,toŋ.434 rɔ:ŋ.43ʔ,phonetic,"plain, field",,,,
1-222-825-1,khap1242,Kha Poong,618,kalu:ŋ.434,phonetic,"cliff, precipice",,,,
1-220-825-1,khap1242,Kha Poong,2118,ŋkɔ:ŋ.434,phonetic,"mountain, hill",,,,
1-220-825-2,khap1242,Kha Poong,2118,pho:n.33,phonetic,"mountain, hill",,,,
1-214-825-1,khap1242,Kha Poong,640,tabuk.13,phonetic,mud,,,,
1-215-825-1,khap1242,Kha Poong,671,kara:ŋ.434ʔ,phonetic,sand,,,,
1-213-825-1,khap1242,Kha Poong,2,səmu:n.13,phonetic,dust,,,,
1-212-825-1,khap1242,Kha Poong,1228,mat.22 atak.13,phonetic,"earth=ground, soil",,,,
1-210-825-1,khap1242,Kha Poong,626,atak.13,phonetic,"earth, land",,,,
14-330-825-1,khap1242,Kha Poong,1544,thɔŋ.33 tha.33ʔ,phonetic,sometimes,,,,
14-331-825-1,khap1242,Kha Poong,703,de.33 zəŋ.33ʔ bɛ:n.43,phonetic,soon,,,,
14-332-825-1,khap1242,Kha Poong,418,zəŋ.33ʔ,phonetic,long-time (for a),,,,
14-340-825-1,khap1242,Kha Poong,1656,de.33 hu:j.33 mɨ.33,phonetic,never,,,,
14-350-825-1,khap1242,Kha Poong,204,ṣəm.33ʔ,phonetic,again,,,,
14-350-825-2,khap1242,Kha Poong,204,bɛ:n.33,phonetic,again,,,,
14-350-825-3,khap1242,Kha Poong,204,mo:c.33 tɨ.13 la:j.33ʔ,phonetic,again,,,,
14-410-825-1,khap1242,Kha Poong,1225,pakɔ.33,phonetic,day,,,,
14-420-825-1,khap1242,Kha Poong,1233,taŋɔ:p.13,phonetic,night,,,,
14-430-825-1,khap1242,Kha Poong,729,ṣɨ:ŋ.33 ṣa:ŋ.33ʔ,phonetic,dawn,,,,
14-430-825-2,khap1242,Kha Poong,729,səmɨ:ŋ.33 səma:ŋ.34ʔ,phonetic,dawn,,,,
14-440-825-1,khap1242,Kha Poong,1339,buoj.434 tərə:k.33,phonetic,morning,,,,
14-451-825-1,khap1242,Kha Poong,1807,buoj.434 lɛ:ŋ.13,phonetic,afternoon,,,,
14-460-825-1,khap1242,Kha Poong,1629,buoj.434 təŋə:p.13,phonetic,evening,,,,
14-470-825-1,khap1242,Kha Poong,1283,pakɔ.33 kutʌ.434,phonetic,today,,,,
14-480-825-1,khap1242,Kha Poong,1329,pakɔ.33 kucɔ:k.33,phonetic,tomorrow,,,,
14-481-825-1,khap1242,Kha Poong,1179,pakɔ.33 ńamo:c.33,phonetic,day-after-tomorrow,,,,
14-490-825-1,khap1242,Kha Poong,1174,pakɔ.33 kude.33,phonetic,yesterday,,,,
14-491-825-1,khap1242,Kha Poong,1180,pakɔ.33 kute:n.33,phonetic,day-before-yesterday,,,,
14-510-825-1,khap1242,Kha Poong,1353,mo:ŋ.33,phonetic,hour,,,,
14-530-825-1,khap1242,Kha Poong,1323,mo:ŋ.33,phonetic,"clock, timepiece",,,,
14-610-825-1,khap1242,Kha Poong,1469,athit.13,phonetic,week,,,,
14-710-825-1,khap1242,Kha Poong,1370,təra.33,phonetic,month,,,,
14-730-825-1,khap1242,Kha Poong,1226,sənam.33,phonetic,year,,,,
14-740-825-1,khap1242,Kha Poong,1471,ńʌ:m.33 klɔ:ŋ.33ʔ,phonetic,winter,,,,
14-760-825-1,khap1242,Kha Poong,1342,ńʌ:m.33 kara:ŋ.13,phonetic,summer,,,,
14-770-825-1,khap1242,Kha Poong,1276,ńʌ:m.33 lu:t.33,phonetic,autumn,,,,
14-780-825-1,khap1242,Kha Poong,691,ńʌ:m.33,phonetic,season,,,,
15-210-825-1,khap1242,Kha Poong,1587,kin.33,phonetic,smell (vb intrans),,,,
15-212-825-1,khap1242,Kha Poong,375,nu:ń.33,phonetic,sniff,,,,
15-212-825-2,khap1242,Kha Poong,375,tan.33 mu:j.33,phonetic,sniff,,,,
15-220-825-1,khap1242,Kha Poong,1586,ŋit.13 kin.43,phonetic,smell (vb trans),,,,
15-250-825-1,khap1242,Kha Poong,376,nahɔ:m.33ʔ,phonetic,"fragrant, good smelling",,,,
15-260-825-1,khap1242,Kha Poong,42,ho:j.33,phonetic,"stinking, bad smelling",,,,
15-350-825-1,khap1242,Kha Poong,717,mba:t.33,phonetic,sweet,,,,
15-360-825-1,khap1242,Kha Poong,1091,cɔŋ.33ʔ,phonetic,salty,,,,
15-370-825-1,khap1242,Kha Poong,887,taŋ.33ʔ,phonetic,bitter,,,,
15-380-825-1,khap1242,Kha Poong,1906,cɔ.33ʔ,phonetic,"acid, sour",,,,
15-390-825-1,khap1242,Kha Poong,70,cɔŋ.33 cɔŋ.33ʔ,phonetic,brackish,,,,
15-410-825-1,khap1242,Kha Poong,1408,ŋit.13 cɨŋ.33,phonetic,hear,,,,
15-420-825-1,khap1242,Kha Poong,1608,ŋit.33,phonetic,listen,,,,
15-440-825-1,khap1242,Kha Poong,1811,sieŋ.33,phonetic,"sound, noise",,,,
15-450-825-1,khap1242,Kha Poong,377,sieŋ.33 kj.33ʔ,phonetic,loud,,,,
15-460-825-1,khap1242,Kha Poong,1314,sieŋ.33 di:t.43,phonetic,"quiet, silence",,,,
15-510-825-1,khap1242,Kha Poong,1409,cɨŋ.33,phonetic,see,,,,
15-520-825-1,khap1242,Kha Poong,1819,ne:m.33,phonetic,"look, look at",,,,
15-520-825-2,khap1242,Kha Poong,1819,ʔe:ń.33ʔ,phonetic,"look, look at",,,,
15-550-825-1,khap1242,Kha Poong,1039,cə:n.33 cɨŋ.33,phonetic,show,,,,
15-560-825-1,khap1242,Kha Poong,708,sɛ:ŋ.33,phonetic,shine,,,,
15-560-825-2,khap1242,Kha Poong,708,sɔ:ŋ.33 zʌ:l.33,phonetic,shine,,,,
15-570-825-1,khap1242,Kha Poong,679,zʌ:l.33 kwa.33ʔ,phonetic,bright,,,,
15-610-825-1,khap1242,Kha Poong,1613,sj.33,phonetic,color,,,,
15-620-825-1,khap1242,Kha Poong,250,pə.33 pə.33 sj.33,phonetic,light (in color),,,,
15-620-825-2,khap1242,Kha Poong,250,mla:c.33 sj.33,phonetic,light (in color),,,,
15-640-825-1,khap1242,Kha Poong,1335,lɔ:k.33,phonetic,white,,,,
15-650-825-1,khap1242,Kha Poong,163,ńɨm.434,phonetic,black,,,,
15-660-825-1,khap1242,Kha Poong,156,tɔ.43,phonetic,red,,,,
15-670-825-1,khap1242,Kha Poong,837,sərɛ:w.434 pha:j.33 pha:j.33,phonetic,blue,,,,
15-680-825-1,khap1242,Kha Poong,1425,sərɛ:w.434,phonetic,green,,,,
15-690-825-1,khap1242,Kha Poong,1424,ŋɛ:r.33,phonetic,yellow,,,,
15-710-825-1,khap1242,Kha Poong,1892,ŋon.13,phonetic,touch,,,,
15-710-825-2,khap1242,Kha Poong,1892,to:ŋ.13,phonetic,touch,,,,
15-712-825-1,khap1242,Kha Poong,378,kabɛ:w.33ʔ,phonetic,pinch,,,,
15-720-825-1,khap1242,Kha Poong,1079,ŋit.33,phonetic,feel,,,,
15-740-825-1,khap1242,Kha Poong,1884,ńɔ:k.33,phonetic,hard,,,,
15-750-825-1,khap1242,Kha Poong,1856,mɨət.33,phonetic,soft,,,,
15-760-825-1,khap1242,Kha Poong,1923,ŋe.33 ŋe.33,phonetic,rough,,,,
15-760-825-2,khap1242,Kha Poong,1923,karo:j.33,phonetic,rough,,,,
15-770-825-1,khap1242,Kha Poong,1234,saŋ.13,phonetic,smooth,,,,
15-780-825-1,khap1242,Kha Poong,1396,lɨp.13,phonetic,sharp,,,,
15-790-825-1,khap1242,Kha Poong,379,khlu:n.13,phonetic,"blunt, dull",,,,
15-810-825-1,khap1242,Kha Poong,1210,anaŋ.33ʔ,phonetic,heavy,,,,
15-820-825-1,khap1242,Kha Poong,1052,saŋɛ:l.33ʔ,phonetic,light (in weight),,,,
15-830-825-1,khap1242,Kha Poong,1726,sum.33 sum.33,phonetic,"wet, damp",,,,
15-840-825-1,khap1242,Kha Poong,1398,zaŋ.33ʔ,phonetic,dry,,,,
15-840-825-2,khap1242,Kha Poong,1398,rɔ.33,phonetic,dry,,,,
15-840-825-3,khap1242,Kha Poong,1398,zaŋ.33ʔ,phonetic,dry,,,,
15-850-825-1,khap1242,Kha Poong,1286,pa:t.33,phonetic,hot,,,,
15-851-825-1,khap1242,Kha Poong,1232,taʔum.33ʔ,phonetic,warm,,,,
15-860-825-1,khap1242,Kha Poong,1287,salaŋ.13,phonetic,cold,,,,
15-870-825-1,khap1242,Kha Poong,704,hi:t.33,phonetic,clean,,,,
15-880-825-1,khap1242,Kha Poong,1230,saʔa:m.13,phonetic,"dirty, soiled",,,,
15-890-825-1,khap1242,Kha Poong,380,kańa:w.33ʔ,phonetic,wrinkled,,,,
16-110-825-1,khap1242,Kha Poong,53,səmphʌ:n.434,phonetic,"soul, spirit",,,,
16-150-825-1,khap1242,Kha Poong,1572,məla:t.33,phonetic,"surprised, astonished",,,,
16-180-825-1,khap1242,Kha Poong,720,so:k.44 ma:n.13,phonetic,"good fortune, luck",,,,
16-180-825-2,khap1242,Kha Poong,720,kɔ.33ʔ ban.33,phonetic,"good fortune, luck",,,,
16-190-825-1,khap1242,Kha Poong,56,pasu:j.33,phonetic,"misfortune, bad luck",,,,
16-230-825-1,khap1242,Kha Poong,1495,səpu:j.33 ŋan.33,phonetic,"joyful, glad, happy",,,,
16-230-825-2,khap1242,Kha Poong,1495,səpu:j.33 khɨ:n.33ʔ,phonetic,"joyful, glad, happy",,,,
16-250-825-1,khap1242,Kha Poong,1355,hań.33ʔ,phonetic,laugh,,,,
16-251-825-1,khap1242,Kha Poong,1451,kabi:m.33 ha:ń.33ʔ,phonetic,smile,,,,
16-260-825-1,khap1242,Kha Poong,1413,ti:k.33,phonetic,play,,,,
16-270-825-1,khap1242,Kha Poong,923,mʌk.41,phonetic,love,,,,
16-290-825-1,khap1242,Kha Poong,578,hu:ń.33,phonetic,kiss,,,,
16-300-825-1,khap1242,Kha Poong,928,kaßʌr.33,phonetic,embrace,,,,
16-310-825-1,khap1242,Kha Poong,1783,thum.33 katw.33,phonetic,pain,,,,
16-320-825-1,khap1242,Kha Poong,1668,ʔuk.13,phonetic,"grief, sorrow, sadness",,,,
16-330-825-1,khap1242,Kha Poong,1000,khɛ:n.33ʔ,phonetic,"anxiety, worry",,,,
16-340-825-1,khap1242,Kha Poong,1875,kamɔ:c.34,phonetic,"regret, be sorry",,,,
16-370-825-1,khap1242,Kha Poong,1839,zʌ:m.33ʔ,phonetic,"cry, weep",,,,
16-380-825-1,khap1242,Kha Poong,1651,da:k.33 mat.13,phonetic,tear (noun),,,,
16-390-825-1,khap1242,Kha Poong,716,are:ŋ.434,phonetic,groan,,,,
16-410-825-1,khap1242,Kha Poong,1607,marə.13,phonetic,hate,,,,
16-420-825-1,khap1242,Kha Poong,82,mənɔk.13,phonetic,anger,,,,
16-440-825-1,khap1242,Kha Poong,40,hɨəŋ.33ʔ,phonetic,"envy, jealousy",,,,
16-450-825-1,khap1242,Kha Poong,1776,ʔɨən.13 ʔa:j.33ʔ,phonetic,shame (noun),,,,
16-480-825-1,khap1242,Kha Poong,174,ńɔ:ŋ.33ʔ,phonetic,proud,,,,
16-510-825-1,khap1242,Kha Poong,1779,ha:n.13,phonetic,dare,,,,
16-530-825-1,khap1242,Kha Poong,781,malə.13,phonetic,"fear, fright",,,,
16-620-825-1,khap1242,Kha Poong,1784,mʌk.13,phonetic,"desire, want",,,,
16-622-825-1,khap1242,Kha Poong,1750,alɨ:k.33,phonetic,choose,,,,
16-630-825-1,khap1242,Kha Poong,1092,ßaŋ.13,phonetic,hope,,,,
16-650-825-1,khap1242,Kha Poong,100,sadaŋ.15,phonetic,faithful,,,,
16-660-825-1,khap1242,Kha Poong,1657,tak.13,phonetic,true,,,,
16-660-825-2,khap1242,Kha Poong,1657,the.33ʔ,phonetic,true,,,,
16-670-825-1,khap1242,Kha Poong,601,caha:w.13,phonetic,"lie, tell lies",,,,
16-670-825-2,khap1242,Kha Poong,601,ala:w.33,phonetic,"lie, tell lies",,,,
16-680-825-1,khap1242,Kha Poong,13,ala:w.33,phonetic,deceit,,,,
16-690-825-1,khap1242,Kha Poong,1528,za.434,phonetic,forgive,,,,
16-710-825-1,khap1242,Kha Poong,1035,khʌk.33,phonetic,good,,,,
16-720-825-1,khap1242,Kha Poong,1292,ʔɨən.13,phonetic,bad,,,,
16-730-825-1,khap1242,Kha Poong,1725,tak.13,phonetic,"right, correct",,,,
16-740-825-1,khap1242,Kha Poong,1390,plic.13,phonetic,wrong,,,,
16-760-825-1,khap1242,Kha Poong,134,bok.13 phɔ:ŋ.33ʔ,phonetic,fault,,,,
16-760-825-2,khap1242,Kha Poong,134,thu:t.33,phonetic,fault,,,,
16-780-825-1,khap1242,Kha Poong,381,ce.33,phonetic,blame,,,,
16-780-825-2,khap1242,Kha Poong,381,pha.33 ma:t.15,phonetic,blame,,,,
16-790-825-1,khap1242,Kha Poong,1687,ńɔ:'ŋ.33ʔ,phonetic,praise,,,,
16-810-825-1,khap1242,Kha Poong,1427,cʌp.33,phonetic,beautiful,,,,
16-810-825-2,khap1242,Kha Poong,1427,ʔɨən.13 ṣɨ.33ʔ,phonetic,beautiful,,,,
16-820-825-1,khap1242,Kha Poong,1548,ṣɨ.33,phonetic,ugly,,,,
16-830-825-1,khap1242,Kha Poong,2018,ha:m.33,phonetic,greedy,,,,
16-830-825-2,khap1242,Kha Poong,2018,ta:m.33 ha:m.33,phonetic,greedy,,,,
16-840-825-1,khap1242,Kha Poong,1310,lak.13 lɛ:m.434,phonetic,clever,,,,
17-110-825-1,khap1242,Kha Poong,1562,mut.13 tɔŋ.33,phonetic,mind,,,,
17-130-825-1,khap1242,Kha Poong,1415,khɨt.13,phonetic,think (= reflect),,,,
17-140-825-1,khap1242,Kha Poong,1513,khɨt.13 khɨt.13,phonetic,think (= be of the opinion),,,,
17-140-825-2,khap1242,Kha Poong,1513,khɨt.13 ti:ń.33ʔ,phonetic,think (= be of the opinion),,,,
17-150-825-1,khap1242,Kha Poong,1890,sɨə.33,phonetic,believe,,,,
17-160-825-1,khap1242,Kha Poong,1536,rw.33ʔ,phonetic,understand,,,,
17-170-825-1,khap1242,Kha Poong,1410,rw.33ʔ,phonetic,know,,,,
17-171-825-1,khap1242,Kha Poong,1932,ʔɨək.33,phonetic,guess,,,,
17-172-825-1,khap1242,Kha Poong,117,nəm.434,phonetic,imitate,,,,
17-180-825-1,khap1242,Kha Poong,1521,ne:m.13 mj.13,phonetic,seem,,,,
17-180-825-2,khap1242,Kha Poong,1521,ne:m.13 pj.33,phonetic,seem,,,,
17-180-825-3,khap1242,Kha Poong,1521,soŋ.33,phonetic,seem,,,,
17-210-825-1,khap1242,Kha Poong,698,lak.13,phonetic,wise,,,,
17-220-825-1,khap1242,Kha Poong,1518,zʌ:j.33ʔ,phonetic,"foolish, stupid",,,,
17-230-825-1,khap1242,Kha Poong,1899,to.33 zʌ:j.33ʔ,phonetic,"insane, crazy",,,,
17-240-825-1,khap1242,Kha Poong,504,rien.33,phonetic,learn,,,,
17-242-825-1,khap1242,Kha Poong,1929,rien.33,phonetic,study,,,,
17-250-825-1,khap1242,Kha Poong,709,sɔ:n.13,phonetic,teach,,,,
17-260-825-1,khap1242,Kha Poong,753,nak.13 nu:n.33,phonetic,pupil,,,,
17-270-825-1,khap1242,Kha Poong,1038,khw.33 sə:n.13,phonetic,teacher,,,,
17-280-825-1,khap1242,Kha Poong,673,hɔ:ŋ.33 hien.33,phonetic,school,,,,
17-310-825-1,khap1242,Kha Poong,707,ńə.33ʔ,phonetic,remember,,,,
17-320-825-1,khap1242,Kha Poong,1523,pru:j.434,phonetic,forget,,,,
17-340-825-1,khap1242,Kha Poong,989,khək.43,phonetic,"clear, plain",,,,
17-350-825-1,khap1242,Kha Poong,1764,mɨt.13 muo.33,phonetic,obscure,,,,
17-350-825-2,khap1242,Kha Poong,1764,la:w.33 ńa:w.33 lut.13 ńut.13,phonetic,obscure,,,,
17-360-825-1,khap1242,Kha Poong,1121,khi:t.13,phonetic,secret,,,,
17-360-825-2,khap1242,Kha Poong,1121,nzaŋ.33 nze.33,phonetic,secret,,,,
17-370-825-1,khap1242,Kha Poong,509,cak.13 can.43ʔ,phonetic,"sure, certain",,,,
17-380-825-1,khap1242,Kha Poong,1626,ban.33 la.33 pa:j.13,phonetic,explain,,,,
17-420-825-1,khap1242,Kha Poong,860,phu:m.33ʔ,phonetic,cause,,,,
17-430-825-1,khap1242,Kha Poong,1308,ho:m.33 ʔɨ:ŋ.33,phonetic,doubt,,,,
17-430-825-2,khap1242,Kha Poong,1308,soŋ.33 saj.33,phonetic,doubt,,,,
17-440-825-1,khap1242,Kha Poong,1841,soŋ.22 saj.43,phonetic,suspect,,,,
17-441-825-1,khap1242,Kha Poong,1902,soŋ.33 me:n.33,phonetic,betray,,,,
17-450-825-1,khap1242,Kha Poong,643,tɔ:ŋ.33ʔ,phonetic,"need, necessity",,,,
17-460-825-1,khap1242,Kha Poong,686,sə:m.33 ba:j.13,phonetic,easy,,,,
17-470-825-1,khap1242,Kha Poong,584,ńɔ:k.33,phonetic,difficult,,,,
17-470-825-2,khap1242,Kha Poong,584,ńɔ:k.43 tɔŋ.33,phonetic,difficult,,,,
17-480-825-1,khap1242,Kha Poong,1812,lɔ:ŋ.434,phonetic,"try, attempt",,,,
17-490-825-1,khap1242,Kha Poong,488,ßj.33 thj.33,phonetic,"way, manner",,,,
17-510-825-1,khap1242,Kha Poong,1577,tə:m.43,phonetic,and,,,,
17-520-825-1,khap1242,Kha Poong,1157,zə:n.33ʔ,phonetic,because,,,,
17-530-825-1,khap1242,Kha Poong,1459,khən.33,phonetic,if,,,,
17-540-825-1,khap1242,Kha Poong,1014,khən.33,phonetic,or,,,,
17-550-825-1,khap1242,Kha Poong,1268,ʔɨ.33,phonetic,"yes, affirmative",,,,
17-560-825-1,khap1242,Kha Poong,1269,kʌ:j.33,phonetic,"no, negative",,,,
17-560-825-2,khap1242,Kha Poong,1269,de.33,phonetic,"no, negative",,,,
17-610-825-1,khap1242,Kha Poong,1239,pj.33 mɨ.13,phonetic,how?,,,,
17-620-825-1,khap1242,Kha Poong,822,bɨr.33,phonetic,how many?,,,,
17-630-825-1,khap1242,Kha Poong,531,bɨr.33,phonetic,how much?,,,,
17-640-825-1,khap1242,Kha Poong,1236,(ne:w.33) tj.33,phonetic,what?,,,,
17-650-825-1,khap1242,Kha Poong,1238,hu:j.33 mɨ.33,phonetic,when?,,,,
17-660-825-1,khap1242,Kha Poong,1237,kə.33ʔ umɨ.33,phonetic,where?,,,,
17-670-825-1,khap1242,Kha Poong,727,ne:w.33 tj.33,phonetic,which?,,,,
17-680-825-1,khap1242,Kha Poong,1235,ne.33,phonetic,who?,,,,
17-690-825-1,khap1242,Kha Poong,1270,ta:j.33ʔ tj.33,phonetic,why?,,,,
17-690-825-2,khap1242,Kha Poong,1270,ta:j.33ʔ pj.33 mɨ.33,phonetic,why?,,,,
18-110-825-1,khap1242,Kha Poong,1363,sieŋ.33,phonetic,voice,,,,
18-120-825-1,khap1242,Kha Poong,1261,khap.15,phonetic,sing,,,,
18-130-825-1,khap1242,Kha Poong,715,raŋ.33,phonetic,"shout, cry out",,,,
18-150-825-1,khap1242,Kha Poong,55,taha:t.33,phonetic,whisper,,,,
18-160-825-1,khap1242,Kha Poong,128,ßəw.33ʔ sieŋ.33 di:t.33 di:t.33,phonetic,mumble,,,,
18-170-825-1,khap1242,Kha Poong,1025,uhɔ:c.33,phonetic,whistle,,,,
18-180-825-1,khap1242,Kha Poong,298,kada:t.43,phonetic,"shriek, screech",,,,
18-190-825-1,khap1242,Kha Poong,526,(cɔ.33ʔ) hw.33,phonetic,howl,,,,
18-210-825-1,khap1242,Kha Poong,1623,ßəw.33ʔ,phonetic,"speak, talk",,,,
18-210-825-2,khap1242,Kha Poong,1623,sa:k.13 phɨ:n.33ʔ,phonetic,"speak, talk",,,,
18-211-825-1,khap1242,Kha Poong,1866,ßəw.33ʔ talap.33,phonetic,"stutter, stammer",,,,
18-220-825-1,khap1242,Kha Poong,1458,ßəw.33ʔ,phonetic,say,,,,
18-221-825-1,khap1242,Kha Poong,1711,lə:w.33ʔ lɨəŋ.33ʔ,phonetic,tell story,,,,
18-222-825-1,khap1242,Kha Poong,1115,phɨ:n.33ʔ ßəw.33ʔ,phonetic,speech (make a),,,,
18-230-825-1,khap1242,Kha Poong,48,nzaŋ.43 nze.33,phonetic,silent (be),,,,
18-240-825-1,khap1242,Kha Poong,1307,sieŋ.33,phonetic,language,,,,
18-260-825-1,khap1242,Kha Poong,1599,sieŋ.33,phonetic,word,,,,
18-280-825-1,khap1242,Kha Poong,1405,samur.33,phonetic,name,,,,
18-310-825-1,khap1242,Kha Poong,1309,ha:ń.434,phonetic,"ask (question, inquire)",,,,
18-320-825-1,khap1242,Kha Poong,1275,tɔ:p.33,phonetic,answer,,,,
18-330-825-1,khap1242,Kha Poong,2022,lʌp.13,phonetic,"admit, confess",,,,
18-340-825-1,khap1242,Kha Poong,755,thieŋ.33,phonetic,deny,,,,
18-350-825-1,khap1242,Kha Poong,1828,khɔ.33,phonetic,"ask, request",,,,
18-350-825-2,khap1242,Kha Poong,1828,ßaŋ.33,phonetic,"ask, request",,,,
18-360-825-1,khap1242,Kha Poong,1675,phat.13,phonetic,promise,,,,
18-360-825-2,khap1242,Kha Poong,1675,khup.13,phonetic,promise,,,,
18-370-825-1,khap1242,Kha Poong,49,abat.33,phonetic,refuse,,,,
18-380-825-1,khap1242,Kha Poong,83,ha:m.33ʔ,phonetic,forbid,,,,
18-390-825-1,khap1242,Kha Poong,299,bo:j.33,phonetic,"rebuke, scold",,,,
18-390-825-2,khap1242,Kha Poong,299,co:m.33 katha:m.33,phonetic,"rebuke, scold",,,,
18-410-825-1,khap1242,Kha Poong,1084,baŋ.33ʔ,phonetic,call (=summon),,,,
18-420-825-1,khap1242,Kha Poong,180,ta.33 səmɨr.33,phonetic,call (=name),,,,
18-430-825-1,khap1242,Kha Poong,9,prə.33,phonetic,announce,,,,
18-440-825-1,khap1242,Kha Poong,1192,khom.33ʔ hań.33,phonetic,threaten,,,,
18-450-825-1,khap1242,Kha Poong,101,sa:ha:w.43 ńa:w.33 khɔ.22,phonetic,boast,,,,
18-510-825-1,khap1242,Kha Poong,1672,khien.13,phonetic,write,,,,
18-520-825-1,khap1242,Kha Poong,724,ʔa:n.13,phonetic,read,,,,
18-560-825-1,khap1242,Kha Poong,648,cie.33ʔ,phonetic,paper,,,,
18-570-825-1,khap1242,Kha Poong,794,sɔ.43,phonetic,pen,,,,
18-570-825-2,khap1242,Kha Poong,794,pa:ka.13,phonetic,pen,,,,
18-610-825-1,khap1242,Kha Poong,963,pɨm.33ʔ,phonetic,book,,,,
18-610-825-3,khap1242,Kha Poong,963,pəm.33ʔ,phonetic,book,,,,
18-710-825-1,khap1242,Kha Poong,777,pj.43 kluk.13,phonetic,flute,,,,
18-720-825-1,khap1242,Kha Poong,908,klɔŋ.33,phonetic,drum,,,,
18-720-825-3,khap1242,Kha Poong,908,kalɔŋ.33ʔ,phonetic,drum,,,,
18-730-825-1,khap1242,Kha Poong,2136,khɛ:n.43,phonetic,"horn, trumpet",,,,
18-740-825-1,khap1242,Kha Poong,300,se:p.33,phonetic,rattle,,,,
19-110-825-1,khap1242,Kha Poong,1300,pathe:t.15 sa:t.13,phonetic,country,,,,
19-120-825-1,khap1242,Kha Poong,89,khan.33 thəŋ.33,phonetic,one's native country,,,,
19-150-825-1,khap1242,Kha Poong,1391,tuo.13 mɨəŋ.33,phonetic,"city, town",,,,
19-160-825-1,khap1242,Kha Poong,930,ba:n.23ʔ,phonetic,village,,,,
19-170-825-1,khap1242,Kha Poong,1010,the:t.33 dɛ:n.43,phonetic,boundary,,,,
19-210-825-1,khap1242,Kha Poong,789,pa.43 sa.43 so:n.33,phonetic,people (populace),,,,
19-240-825-1,khap1242,Kha Poong,301,muot.33 taha:n.33,phonetic,"chief, chieftain",,,,
19-370-825-1,khap1242,Kha Poong,1032,kam.43 ma.33 kɔ:n.33,phonetic,"citizen, subject",,,,
19-410-825-1,khap1242,Kha Poong,383,səp.13 pa:sa:ŋ.43ʔ,phonetic,master,,,,
19-430-825-1,khap1242,Kha Poong,255,malɛ:ŋ.33 kɔ.33ʔ,phonetic,servant,,,,
19-460-825-1,khap1242,Kha Poong,1635,azəm.33 mɛ:ŋ.43ʔ,phonetic,obey,,,,
19-470-825-1,khap1242,Kha Poong,1003,adw.33 mat.13,phonetic,"let, permit",,,,
19-510-825-1,khap1242,Kha Poong,1325,ba:n.33ʔ,phonetic,"friend, companion",,,,
19-520-825-1,khap1242,Kha Poong,1358,kacʌ:k.33,phonetic,enemy,,,,
19-540-825-1,khap1242,Kha Poong,1332,ba:n.33ʔ mɨəŋ.33,phonetic,neighbor,,,,
19-550-825-1,khap1242,Kha Poong,791,malɛ:ŋ.33 lʌ.33ʔ,phonetic,stranger,,,,
19-560-825-1,khap1242,Kha Poong,1782,tamɔ:j.33,phonetic,guest,,,,
19-570-825-1,khap1242,Kha Poong,1545,cə:w.33ʔ,phonetic,host,,,,
19-580-825-1,khap1242,Kha Poong,1897,suoj.33ʔ tɔ:r.33,phonetic,"help, aid",,,,
19-590-825-1,khap1242,Kha Poong,1550,ka:thɨ.33ʔ ka:thɨ:n.33,phonetic,"hinder, prevent",,,,
19-590-825-2,khap1242,Kha Poong,1550,rʌ:m.33,phonetic,"hinder, prevent",,,,
19-590-825-3,khap1242,Kha Poong,1550,cam.33 kat.33,phonetic,"hinder, prevent",,,,
19-610-825-1,khap1242,Kha Poong,1747,ri:p.33 thɔ:j.33ʔ,phonetic,custom,,,,
19-620-825-1,khap1242,Kha Poong,1848,thieŋ.33 mla.43,phonetic,"strife, quarrel",,,,
19-650-825-1,khap1242,Kha Poong,1831,tɔ:n.33ʔ,phonetic,meet,,,,
19-720-825-1,khap1242,Kha Poong,1610,me.33ʔ le:ŋ.33,phonetic,prostitute,,,,
20-110-825-1,khap1242,Kha Poong,1423,pɔ.43 mla.33,phonetic,fight (vb),,,,
20-140-825-1,khap1242,Kha Poong,1338,səŋɔ:p.33 suk.13,phonetic,peace,,,,
20-150-825-1,khap1242,Kha Poong,1561,kɔ:ŋ.33 taha:n.13,phonetic,army,,,,
20-170-825-1,khap1242,Kha Poong,1941,taha:n.13,phonetic,soldier,,,,
20-220-825-1,khap1242,Kha Poong,1763,blo.33,phonetic,club,,,,
20-230-825-1,khap1242,Kha Poong,387,sana.33ʔ,phonetic,sling,,,,
20-240-825-1,khap1242,Kha Poong,994,tha.43 nw.13,phonetic,bow,,,,
20-250-825-1,khap1242,Kha Poong,977,sara.33,phonetic,arrow,,,,
20-260-825-1,khap1242,Kha Poong,945,bo:l.33ʔ,phonetic,spear,,,,
20-270-825-1,khap1242,Kha Poong,1535,ŋʌ:w.33ʔ,phonetic,sword,,,,
20-280-825-1,khap1242,Kha Poong,1566,sanʌ:t.33,phonetic,"gun, cannon",,,,
20-330-825-1,khap1242,Kha Poong,1680,muok.43 klac.13,phonetic,helmet,,,,
20-340-825-1,khap1242,Kha Poong,1064,ne:w.33 də.33ʔ,phonetic,shield,,,,
20-410-825-1,khap1242,Kha Poong,783,pe.33ʔ,phonetic,victory,,,,
20-420-825-1,khap1242,Kha Poong,782,suo.33,phonetic,defeat,,,,
20-430-825-1,khap1242,Kha Poong,722,hi:p.33,phonetic,attack,,,,
20-440-825-1,khap1242,Kha Poong,1330,asɨ.13,phonetic,defend,,,,
20-450-825-1,khap1242,Kha Poong,421,thɔ:n.13 lup.15,phonetic,retreat,,,,
20-460-825-1,khap1242,Kha Poong,1696,ńɔ:m.33,phonetic,surrender,,,,
20-470-825-1,khap1242,Kha Poong,1072,malɛ:ŋ.33 thu:t.33,phonetic,"captive, prisoner",,,,
20-480-825-1,khap1242,Kha Poong,1022,ṣɨəŋ.15 zut.434 ʔmnʌ:t.33,phonetic,"booty, spoils",,,,
20-490-825-1,khap1242,Kha Poong,65,cʌ:p.33,phonetic,ambush,,,,
20-510-825-1,khap1242,Kha Poong,1858,məlɛ:ŋ.33 mɛ.33 aka.33ʔ,phonetic,fisherman,,,,
20-520-825-1,khap1242,Kha Poong,1074,la:j.33 palɛ.33ʔ,phonetic,fishhook,,,,
20-530-825-1,khap1242,Kha Poong,19,kasj.33,phonetic,fishing line,,,,
20-540-825-1,khap1242,Kha Poong,388,ala:j.43ʔ,phonetic,fishnet,,,,
20-540-825-2,khap1242,Kha Poong,388,cʌ:l.434,phonetic,fishnet,,,,
20-550-825-1,khap1242,Kha Poong,389,tə:m.33 (mə:ŋ.33ʔ),phonetic,fish trap,,,,
20-560-825-1,khap1242,Kha Poong,2013,ńɨə.33 palɛ.33ʔ,phonetic,bait,,,,
20-610-825-1,khap1242,Kha Poong,1435,ʔə:c.33 sə:k.33 pi:ń.33ʔ,phonetic,hunt,,,,
20-610-825-2,khap1242,Kha Poong,1435,ʔə:c.33 ho.33ʔ,phonetic,hunt,,,,
20-620-825-1,khap1242,Kha Poong,1172,pi:ń.33ʔ,phonetic,shoot,,,,
20-630-825-1,khap1242,Kha Poong,161,phic.13,phonetic,miss (target),,,,
20-640-825-1,khap1242,Kha Poong,1075,pɨl.33,phonetic,trap (noun),,,,
20-650-825-1,khap1242,Kha Poong,1170,ʔə:c.33 mɛ.43 pɨl.33,phonetic,trap (vb),,,,
21-110-825-1,khap1242,Kha Poong,1062,ko:t.33 ma:j.13,phonetic,law,,,,
21-210-825-1,khap1242,Kha Poong,2020,tw.33 ha.15,phonetic,plaintiff,,,,
21-220-825-1,khap1242,Kha Poong,1034,malɛ:ŋ.33 tak.13 phɔ:ŋ.43ʔ,phonetic,defendant,,,,
21-230-825-1,khap1242,Kha Poong,1144,pha:t.43 ńa:n.33,phonetic,witness,,,,
21-250-825-1,khap1242,Kha Poong,1712,khɔ.33 pha.33 ńa:n.33 nəm.43,phonetic,oath,,,,
21-310-825-1,khap1242,Kha Poong,1814,tak.13 si:n.33,phonetic,accuse,,,,
21-340-825-1,khap1242,Kha Poong,988,tɨ:l.434 palo:j.33,phonetic,acquit,,,,
21-360-825-1,khap1242,Kha Poong,90,ba:p.33 ße:n.33,phonetic,innocent,,,,
21-370-825-1,khap1242,Kha Poong,390,maj.33,phonetic,"penalty, punishment",,,,
21-390-825-1,khap1242,Kha Poong,1281,khum.33 khaŋ.13,phonetic,"prison, jail",,,,
21-420-825-1,khap1242,Kha Poong,845,malɛ:ŋ.33 kace:t.13 malɛ:ŋ.43,phonetic,murder,,,,
21-430-825-1,khap1242,Kha Poong,902,ti:k.33 ba:w.33 ti:k.33 phə.33 ma:j.33ʔ,phonetic,adultery,,,,
21-440-825-1,khap1242,Kha Poong,953,kum.33,phonetic,rape,,,,
21-460-825-1,khap1242,Kha Poong,1889,tu:c.33 kanɔ.33ʔ,phonetic,arson,,,,
21-510-825-1,khap1242,Kha Poong,713,ʔan.33 lo:m.33ʔ,phonetic,steal,,,,
21-510-825-2,khap1242,Kha Poong,713,lo:m.33ʔ lʌk.33,phonetic,steal,,,,
21-520-825-1,khap1242,Kha Poong,1160,khj.33 lʌk.33,phonetic,thief,,,,
22-120-825-1,khap1242,Kha Poong,1944,tham.33,phonetic,God,,,,
22-140-825-1,khap1242,Kha Poong,853,nə:j.33 sə.33 k    0ɣ̈,phonetic,altar,,,,
22-160-825-1,khap1242,Kha Poong,257,sə.33,phonetic,worship,,,,
22-240-825-1,khap1242,Kha Poong,8,bo:j.33,phonetic,curse,,,,
22-350-825-1,khap1242,Kha Poong,1973,kamu:c.33,phonetic,demon (evil spirit),,,,
22-350-825-2,khap1242,Kha Poong,1973,ʔɨən.33,phonetic,demon (evil spirit),,,,
22-430-825-1,khap1242,Kha Poong,2137,malɛ:ŋ.33 kə.33ʔ katha.33,phonetic,"sorcerer, witch",,,,
22-450-825-1,khap1242,Kha Poong,1175,ʔɨən.33 ṣɨ.33ʔ kwa.33ʔ,phonetic,"ghost, phantom",,,,
22-470-825-1,khap1242,Kha Poong,107,he:t.33 ma:n.33,phonetic,"omen, portent",,,,
22-470-825-2,khap1242,Kha Poong,107,so:k.33,phonetic,"omen, portent",,,,
