ID,Language_ID,Language_name,Parameter_ID,Value,Transcription,Concept,Source,Comment,AlternativeValue,AlternativeTranscription
14-310-308-1,kunz1244,Kunza,1676,ianinckiaré,Phonemic,always,,Also icks-puria-ayan.,,
14-310-308-3,kunz1244,Kunza,1676,ia-nin-quia-re,Phonemic,always,,Also icks-puria-ayan.,,
14-250-308-1,kunz1244,Kunza,1806,cka-ya-ri-tur,Phonemic,"begin, beginning",,,,
14-220-308-1,kunz1244,Kunza,701,yabían,Phonemic,slow,,,,
14-210-308-1,kunz1244,Kunza,1631,je-te-calc-ta,Phonemic,"swift, fast, quick",,,,
14-180-308-1,kunz1244,Kunza,1376,a-nu,Phonemic,now,,,,
14-180-308-3,kunz1244,Kunza,1376,an-nu,Phonemic,now,,,,
14-130-308-1,kunz1244,Kunza,1231,ckari,Phonemic,new,,,,
14-130-308-3,kunz1244,Kunza,1231,ca-ri,Phonemic,new,,,,
13-420-308-1,kunz1244,Kunza,1859,ppalantín,Phonemic,third,,,,
13-360-308-1,kunz1244,Kunza,1384,ppoinu,Phonemic,second,,,,
13-340-308-1,kunz1244,Kunza,728,semmu,Phonemic,first,,,,
13-330-308-1,kunz1244,Kunza,1580,nunar,Phonemic,"alone, only",,,,
13-330-308-3,kunz1244,Kunza,1580,nun-na,Phonemic,"alone, only",,,,
13-240-308-1,kunz1244,Kunza,816,ckees,Phonemic,half,,"Also means 'middle, center' 12.370.",,
13-220-308-1,kunz1244,Kunza,1624,húmar,Phonemic,empty,,,,
13-210-308-1,kunz1244,Kunza,1429,ke,Phonemic,full,,,,
13-210-308-3,kunz1244,Kunza,1429,cks,Phonemic,full,,,,
13-170-308-1,kunz1244,Kunza,1242,itchpur,Phonemic,"little (quantity), few",,,,
13-170-308-3,kunz1244,Kunza,1242,it-chu-pur,Phonemic,"little (quantity), few",,,,
13-180-308-1,kunz1244,Kunza,1881,in-ti-pur,Phonemic,enough,,,,
13-160-308-1,kunz1244,Kunza,1992,itchockol,Phonemic,more,,,,
13-150-308-1,kunz1244,Kunza,1198,cke,Phonemic,"much, many",,Also in-ti.,,
13-150-308-3,kunz1244,Kunza,1198,ho-honar,Phonemic,"much, many",,Also in-ti.,,
13-150-308-5,kunz1244,Kunza,1198,ho-nar,Phonemic,"much, many",,Also in-ti.,,
13-106-308-1,kunz1244,Kunza,1843,aras suchi,Phonemic,thousand,,,,
13-105-308-1,kunz1244,Kunza,1634,aras sema,Phonemic,hundred,,,,
13-104-308-1,kunz1244,Kunza,1710,suchita,Phonemic,twenty,,Also su-chi-ta; tekner; tecnir.,,
13-104-308-3,kunz1244,Kunza,1710,sutchi,Phonemic,twenty,,Also su-chi-ta; tekner; tecnir.,,
13-104-308-5,kunz1244,Kunza,1710,su-chi,Phonemic,twenty,,Also su-chi-ta; tekner; tecnir.,,
13-103-308-1,kunz1244,Kunza,1709,suchita mutusma,Phonemic,fifteen,,,,
13-102-308-1,kunz1244,Kunza,1707,suchta ppoya,Phonemic,twelve,,Also su-chi-ta ppo-ya.,,
13-102-308-3,kunz1244,Kunza,1707,suchi poya,Phonemic,twelve,,Also su-chi-ta ppo-ya.,,
13-101-308-1,kunz1244,Kunza,1706,suchta sema,Phonemic,eleven,,Also su-chi-ta se-ma; suchi sema.,,
13-100-308-1,kunz1244,Kunza,1515,sutchi,Phonemic,ten,,Also su-chi; such.,,
13-100-308-3,kunz1244,Kunza,1515,suchita,Phonemic,ten,,Also su-chi; such.,,
13-100-308-5,kunz1244,Kunza,1515,su-tchi,Phonemic,ten,,Also su-chi; such.,,
13-90-308-1,kunz1244,Kunza,1483,téckara,Phonemic,nine,,Also te-cá-ra; té-ca-ra.,,
13-90-308-3,kunz1244,Kunza,1483,secara,Phonemic,nine,,Also te-cá-ra; té-ca-ra.,,
13-90-308-5,kunz1244,Kunza,1483,téker,Phonemic,nine,,Also te-cá-ra; té-ca-ra.,,
13-80-308-1,kunz1244,Kunza,1705,tchólama,Phonemic,eight,,,,
13-80-308-3,kunz1244,Kunza,1705,chchó-la-ma,Phonemic,eight,,,,
13-70-308-1,kunz1244,Kunza,1704,tchoya,Phonemic,seven,,Also ch'hoya; chchoya.,,
13-70-308-3,kunz1244,Kunza,1704,tcho-ya,Phonemic,seven,,Also ch'hoya; chchoya.,,
13-60-308-1,kunz1244,Kunza,1703,mítchala,Phonemic,six,,,,
13-60-308-3,kunz1244,Kunza,1703,mí-che-lo,Phonemic,six,,,,
13-50-308-1,kunz1244,Kunza,493,mutusma,Phonemic,five,,Also mut-sis-ma.,,
13-50-308-3,kunz1244,Kunza,493,mutzma,Phonemic,five,,Also mut-sis-ma.,,
13-50-308-5,kunz1244,Kunza,493,muts-ma,Phonemic,five,,Also mut-sis-ma.,,
13-40-308-1,kunz1244,Kunza,1500,chalpa,Phonemic,four,,,,
13-40-308-3,kunz1244,Kunza,1500,chchal-pa,Phonemic,four,,,,
13-20-308-1,kunz1244,Kunza,1498,ppoya,Phonemic,two,,,,
13-20-308-3,kunz1244,Kunza,1498,ppo-ya,Phonemic,two,,,,
13-20-308-5,kunz1244,Kunza,1498,poya,Phonemic,two,,,,
13-30-308-1,kunz1244,Kunza,492,ppálama,Phonemic,three,,,,
13-30-308-3,kunz1244,Kunza,492,ppa-la-ma,Phonemic,three,,,,
13-30-308-5,kunz1244,Kunza,492,pa-la-ma,Phonemic,three,,,,
13-10-308-1,kunz1244,Kunza,1493,semma,Phonemic,one,,,,
13-10-308-3,kunz1244,Kunza,1493,sem-ma,Phonemic,one,,,,
13-10-308-5,kunz1244,Kunza,1493,sema,Phonemic,one,,,,
12-920-308-1,kunz1244,Kunza,1558,bicki,Phonemic,"like, similar",,,,
12-850-308-1,kunz1244,Kunza,1667,ckas-sa,Phonemic,hole,,Also tocco; tookor; t'ok'o. See 'cave' 01.280.,,
12-850-308-3,kunz1244,Kunza,1667,ckools,Phonemic,hole,,Also tocco; tookor; t'ok'o. See 'cave' 01.280.,,
12-850-308-5,kunz1244,Kunza,1667,ttok-ko,Phonemic,hole,,Also tocco; tookor; t'ok'o. See 'cave' 01.280.,,
12-810-308-1,kunz1244,Kunza,1395,loy-mur,Phonemic,round,,,,
12-760-308-1,kunz1244,Kunza,192,ckutchubí,Phonemic,corner,,,,
12-740-308-1,kunz1244,Kunza,297,besti,Phonemic,crooked,,,,
12-710-308-1,kunz1244,Kunza,1633,perai-nir,Phonemic,flat,,,,
12-670-308-1,kunz1244,Kunza,1593,tockol,Phonemic,deep,,,,
12-670-308-3,kunz1244,Kunza,1593,toc-kor,Phonemic,deep,,,,
12-670-308-5,kunz1244,Kunza,1593,yokoinar,Phonemic,deep,,,,
12-650-308-1,kunz1244,Kunza,2249,picka,Phonemic,thin (in dimension),,,,
12-650-308-3,kunz1244,Kunza,2249,ttipan,Phonemic,thin (in dimension),,,,
12-630-308-1,kunz1244,Kunza,1244,mossi,Phonemic,thick (in dimension),,,,
12-630-308-3,kunz1244,Kunza,1244,muray-nir,Phonemic,thick (in dimension),,,,
12-620-308-1,kunz1244,Kunza,1267,pickan,Phonemic,narrow,,,,
12-620-308-3,kunz1244,Kunza,1267,pik'an,Phonemic,narrow,,,,
12-610-308-1,kunz1244,Kunza,1243,ckackar,Phonemic,"wide, broad",,,,
12-610-308-3,kunz1244,Kunza,1243,ckac-kar,Phonemic,"wide, broad",,,,
12-560-308-1,kunz1244,Kunza,1246,pe-ni,Phonemic,"small, little",,,,
12-560-308-3,kunz1244,Kunza,1246,ckack-tchi,Phonemic,"small, little",,,,
12-550-308-1,kunz1244,Kunza,1202,cka-pur,Phonemic,"large, big",,Also means 'high'.,,
12-530-308-1,kunz1244,Kunza,479,cka-pa-tur,Phonemic,grow,,,,
12-480-308-1,kunz1244,Kunza,1595,backa-ps,Phonemic,south,,,,
12-470-308-1,kunz1244,Kunza,1598,mutups,Phonemic,north,,,,
12-460-308-1,kunz1244,Kunza,1817,atiu,Phonemic,west,,Also k'apin-ia-tin.,,
12-460-308-3,kunz1244,Kunza,1817,ckapiniatin,Phonemic,west,,Also k'apin-ia-tin.,,
12-450-308-1,kunz1244,Kunza,1877,ckockops,Phonemic,east,,,,
12-430-308-1,kunz1244,Kunza,1942,cko-yu,Phonemic,near (adv),,Also tucuba; ttucku; tuc-ku.,,
12-430-308-3,kunz1244,Kunza,1942,túckuba,Phonemic,near (adv),,Also tucuba; ttucku; tuc-ku.,,
12-430-308-5,kunz1244,Kunza,1942,ais-pur-iá,Phonemic,near (adv),,Also tucuba; ttucku; tuc-ku.,,
12-440-308-1,kunz1244,Kunza,1406,ckeleya,Phonemic,far (adv),,Also le-ya; leps.,,
12-440-308-3,kunz1244,Kunza,1406,que-le-ya,Phonemic,far (adv),,Also le-ya; leps.,,
12-420-308-1,kunz1244,Kunza,244,ckaapir,Phonemic,left (side),,Also k'apir.,,
12-420-308-3,kunz1244,Kunza,244,cka-pir,Phonemic,left (side),,Also k'apir.,,
12-420-308-5,kunz1244,Kunza,244,ca-pi-ra,Phonemic,left (side),,Also k'apir.,,
12-410-308-1,kunz1244,Kunza,1019,ckonnir,Phonemic,right (side),,Also co-ni-pas.,,
12-410-308-3,kunz1244,Kunza,1019,com-pas,Phonemic,right (side),,Also co-ni-pas.,,
12-370-308-1,kunz1244,Kunza,1093,ckees,Phonemic,"middle, center",,Also means 'half' 13.240.,,
12-360-308-1,kunz1244,Kunza,682,ckaru,Phonemic,side,,,,
12-353-308-1,kunz1244,Kunza,863,ckoi-yi,Phonemic,edge,,,,
12-320-308-1,kunz1244,Kunza,721,ish-cu,Phonemic,low,,,,
12-310-308-1,kunz1244,Kunza,1265,ca-pur,Phonemic,high,,"Also means 'large, big' 12.550.",,
12-310-308-3,kunz1244,Kunza,1265,ckapur,Phonemic,high,,"Also means 'large, big' 12.550.",,
12-310-308-5,kunz1244,Kunza,1265,kapur,Phonemic,high,,"Also means 'large, big' 12.550.",,
12-270-308-1,kunz1244,Kunza,602,ckaba-tur,Phonemic,"hide, conceal",,,,
12-260-308-1,kunz1244,Kunza,761,ckosc-ka-tur,Phonemic,cover,,,,
12-240-308-1,kunz1244,Kunza,1156,ckac-ka-tur,Phonemic,open,,Also ckas-tur.,,
12-240-308-3,kunz1244,Kunza,1156,ckack-tur,Phonemic,open,,Also ckas-tur.,,
12-230-308-1,kunz1244,Kunza,1359,ttíc-ku-tur,Phonemic,separate,,,,
12-220-308-1,kunz1244,Kunza,1743,to-lac-kú-tur,Phonemic,"join, unite",,Also ha-lay-na-tur.,,
12-220-308-3,kunz1244,Kunza,1743,in-nal,Phonemic,"join, unite",,Also ha-lay-na-tur.,,
12-150-308-1,kunz1244,Kunza,1442,ckes-tur,Phonemic,stand,,,,
12-140-308-1,kunz1244,Kunza,215,ckac-ka-sin-tur,Phonemic,lie down,,Also sep-pi-an-tur; cka-ray-in.,,
12-130-308-1,kunz1244,Kunza,1416,back-ni-tur,Phonemic,sit,,Also means 'ride' 10.660.,,
12-120-308-1,kunz1244,Kunza,998,ttan-tur,Phonemic,put,,,,
12-120-308-3,kunz1244,Kunza,998,hil-tur,Phonemic,put,,,,
12-110-308-1,kunz1244,Kunza,723,ara,Phonemic,place,,,,
12-110-308-3,kunz1244,Kunza,723,aro,Phonemic,place,,,,
12-110-308-5,kunz1244,Kunza,723,les-si,Phonemic,place,,,,
12-80-308-1,kunz1244,Kunza,1591,ckito,Phonemic,"up, above",,Also mus-tu-pá; mut-u.,,
12-80-308-3,kunz1244,Kunza,1591,muttu,Phonemic,"up, above",,Also mus-tu-pá; mut-u.,,
12-80-308-5,kunz1244,Kunza,1591,ckec-tchi,Phonemic,"up, above",,Also mus-tu-pá; mut-u.,,
12-70-308-1,kunz1244,Kunza,1485,peppi,Phonemic,under,,,,
12-70-308-3,kunz1244,Kunza,1485,ish-cu,Phonemic,under,,,,
12-70-308-5,kunz1244,Kunza,1485,váquit,Phonemic,under,,,,
12-60-308-1,kunz1244,Kunza,762,tcho-tchi,Phonemic,outside,,,,
12-41-308-1,kunz1244,Kunza,1883,halpaps,Phonemic,front,,Also salpa; cka-acks.,,
12-41-308-3,kunz1244,Kunza,1883,hebi-i,Phonemic,front,,Also salpa; cka-acks.,,
12-41-308-5,kunz1244,Kunza,1883,zalpáia,Phonemic,front,,Also salpa; cka-acks.,,
12-40-308-1,kunz1244,Kunza,1882,ckonni,Phonemic,before,,,,
12-30-308-1,kunz1244,Kunza,2094,backit,Phonemic,"down, below",,Also back's.,,
12-30-308-3,kunz1244,Kunza,2094,vá-quit,Phonemic,"down, below",,Also back's.,,
12-30-308-5,kunz1244,Kunza,2094,ekebakipas,Phonemic,"down, below",,Also back's.,,
12-11-308-1,kunz1244,Kunza,1686,ckocku,Phonemic,behind,,Also có-cop; k'ok'ops.,,
12-11-308-3,kunz1244,Kunza,1686,ckoockops,Phonemic,behind,,Also có-cop; k'ok'ops.,,
12-11-308-5,kunz1244,Kunza,1686,cogciá,Phonemic,behind,,Also có-cop; k'ok'ops.,,
12-10-308-1,kunz1244,Kunza,1685,ttosti,Phonemic,after,,,,
11-820-308-1,kunz1244,Kunza,1571,tta-si-tur,Phonemic,sell,,,,
11-540-308-1,kunz1244,Kunza,1774,tcha-na-tur,Phonemic,"avaricious, stingy",,,,
11-520-308-1,kunz1244,Kunza,1674,back-tcha,Phonemic,poor,,,,
11-330-308-1,kunz1244,Kunza,1660,pi-la-pa-tur,Phonemic,lose,,,,
11-320-308-1,kunz1244,Kunza,719,ma-is-tur,Phonemic,find,,"Also means 'get, obtain' 11.160.",,
11-310-308-1,kunz1244,Kunza,1468,ckonn-tur,Phonemic,"seek, look for",,,,
11-270-308-1,kunz1244,Kunza,681,tec-ki-tur,Phonemic,destroy,,"Also means 'chop, hew'.",,
11-210-308-1,kunz1244,Kunza,1447,ckan-tur,Phonemic,give,,Also yayawe.,,
11-210-308-3,kunz1244,Kunza,1447,hanc-ku-sa-tur,Phonemic,give,,Also yayawe.,,
11-160-308-1,kunz1244,Kunza,694,ma-is-tur,Phonemic,"get, obtain",,Also means 'find' 11.320.,,
11-150-308-1,kunz1244,Kunza,1448,tchauck-tur,Phonemic,hold,,,,
11-140-308-1,kunz1244,Kunza,2021,te-pir-tur,Phonemic,"seize, grasp",,Also means 'take'.,,
11-130-308-1,kunz1244,Kunza,1749,te-pir-tur,Phonemic,take,,,,
11-130-308-3,kunz1244,Kunza,1749,ma-ca-lo,Phonemic,take,,,,
11-110-308-1,kunz1244,Kunza,773,ttan-sir,Phonemic,have,,,,
11-110-308-3,kunz1244,Kunza,773,ttans-tur,Phonemic,have,,,,
11-110-308-5,kunz1244,Kunza,773,ttan-zi,Phonemic,have,,,,
10-740-308-1,kunz1244,Kunza,1011,sommala,Phonemic,bridge,,,,
10-710-308-1,kunz1244,Kunza,667,beter,Phonemic,road,,,,
10-710-308-3,kunz1244,Kunza,667,pe-ter,Phonemic,road,,,,
10-710-308-5,kunz1244,Kunza,667,pet-tir,Phonemic,road,,,,
10-710-308-7,kunz1244,Kunza,667,pete,Phonemic,road,,,,
10-670-308-1,kunz1244,Kunza,1452,ho-ni-tur,Phonemic,"push, shove",,,,
10-660-308-1,kunz1244,Kunza,367,back-ni-tur,Phonemic,ride,,Also means 'sit' 12.130.,,
10-620-308-1,kunz1244,Kunza,692,ma-tur,Phonemic,bring,,,,
10-613-308-1,kunz1244,Kunza,413,ckap-tur,Phonemic,carry-on-shoulder,,,,
10-610-308-1,kunz1244,Kunza,700,lap-tur,Phonemic,carry (bear),,,,
10-550-308-1,kunz1244,Kunza,1387,tte-tur,Phonemic,"reach, arrive",,,,
10-481-308-1,kunz1244,Kunza,581,ckat-na-tur,Phonemic,come back,,,,
10-480-308-1,kunz1244,Kunza,1446,hau-tur,Phonemic,come,,,,
10-474-308-1,kunz1244,Kunza,1107,mas-sa-tur,Phonemic,go out,,Also means 'go up' 10.471.,,
10-473-308-1,kunz1244,Kunza,2014,ta-bil-tur,Phonemic,go down,,,,
10-470-308-1,kunz1244,Kunza,695,sack-tur,Phonemic,go,,Also sa-qui-ma. The first form above also means 'walk' 10.450.,,
10-470-308-3,kunz1244,Kunza,695,saj-ne-ma,Phonemic,go,,Also sa-qui-ma. The first form above also means 'walk' 10.450.,,
10-471-308-1,kunz1244,Kunza,705,mas-sa-tur,Phonemic,go up,,Also means 'go out' 10.474.,,
10-460-308-1,kunz1244,Kunza,1519,balt-hi-tur,Phonemic,run,,Also val-ti-ca-lo.,,
10-460-308-3,kunz1244,Kunza,1519,cko-pa-cko-tur,Phonemic,run,,Also val-ti-ca-lo.,,
10-450-308-1,kunz1244,Kunza,1443,cku-tchin-tur,Phonemic,walk,,Also sack-tur.,,
10-450-308-3,kunz1244,Kunza,1443,lan-tur,Phonemic,walk,,Also sack-tur.,,
10-431-308-1,kunz1244,Kunza,1135,pas-sap-tur,Phonemic,kick,,,,
10-430-308-1,kunz1244,Kunza,1829,suck-nu-tur,Phonemic,"jump, leap",,,,
10-412-308-1,kunz1244,Kunza,66,ttonck-tur,Phonemic,kneel,,,,
10-410-308-1,kunz1244,Kunza,96,sor-ur-tur,Phonemic,"creep, crawl",,Also means 'throw'.,,
10-380-308-1,kunz1244,Kunza,175,ppupu-tur,Phonemic,blow,,,,
10-370-308-1,kunz1244,Kunza,1441,heu-tur,Phonemic,fly (vb),,Also means 'rise' 10.210.,,
10-320-308-1,kunz1244,Kunza,2003,che-rej-ner,Phonemic,flow,,,,
10-320-308-3,kunz1244,Kunza,2003,che-res-nir,Phonemic,flow,,,,
10-252-308-1,kunz1244,Kunza,702,be-ri-na-tur,Phonemic,catch (ball),,,,
10-252-308-3,kunz1244,Kunza,702,pat-pi-tur,Phonemic,catch (ball),,,,
10-250-308-1,kunz1244,Kunza,1456,so-ru-tur,Phonemic,throw,,Also toock-na-clo.,,
10-250-308-3,kunz1244,Kunza,1456,yoc-ke-tur,Phonemic,throw,,Also toock-na-clo.,,
10-230-308-1,kunz1244,Kunza,1280,ckolck-tur,Phonemic,fall,,Also tto-mai-tur.,,
10-230-308-3,kunz1244,Kunza,1280,colc-tur,Phonemic,fall,,Also tto-mai-tur.,,
10-210-308-1,kunz1244,Kunza,568,heu-tur,Phonemic,rise,,,,
10-210-308-3,kunz1244,Kunza,568,temp-tur,Phonemic,rise,,,,
10-150-308-1,kunz1244,Kunza,827,lu-pay-na-tur,Phonemic,roll,,,,
10-130-308-1,kunz1244,Kunza,1445,sac-ka-tur,Phonemic,turn around,,,,
10-120-308-1,kunz1244,Kunza,1588,cku-tup-tur,Phonemic,turn over,,,,
10-120-308-3,kunz1244,Kunza,1588,li-bay-na-tur,Phonemic,turn over,,,,
10-110-308-1,kunz1244,Kunza,765,luc-kan-tur,Phonemic,move,,,,
9-750-308-1,kunz1244,Kunza,1729,ckot-na-tur,Phonemic,"weave, plait",,,,
9-730-308-1,kunz1244,Kunza,1399,yotto,Phonemic,clay,,,,
9-730-308-3,kunz1244,Kunza,1399,ckisti,Phonemic,clay,,,,
9-660-308-1,kunz1244,Kunza,1825,co-la,Phonemic,"copper, bronze",,,,
9-650-308-1,kunz1244,Kunza,759,leber,Phonemic,silver,,,,
9-650-308-3,kunz1244,Kunza,759,le-vir,Phonemic,silver,,,,
9-560-308-1,kunz1244,Kunza,1069,tchauna-tur,Phonemic,glue,,,,
9-461-308-1,kunz1244,Kunza,46,baalatur,Phonemic,hollow out,,,,
9-380-308-1,kunz1244,Kunza,245,bal-san-tur,Phonemic,broom,,,,
9-360-308-1,kunz1244,Kunza,1453,cka-bu-tur,Phonemic,wash,,,,
9-360-308-3,kunz1244,Kunza,1453,tchec-ka-tin-tur,Phonemic,wash,,,,
9-370-308-1,kunz1244,Kunza,230,baal-sa-tur,Phonemic,sweep,,,,
9-350-308-1,kunz1244,Kunza,1487,tchuck-na-tur,Phonemic,pour,,,,
9-343-308-1,kunz1244,Kunza,1414,te-pi-tur,Phonemic,"squeeze, wring",,,,
9-342-308-1,kunz1244,Kunza,1913,cka-tal-na-tur,Phonemic,press,,,,
9-341-308-1,kunz1244,Kunza,357,be-lui-na-tur,Phonemic,hang up,,,,
9-341-308-3,kunz1244,Kunza,357,te-bai-na-tur,Phonemic,hang up,,,,
9-340-308-1,kunz1244,Kunza,38,pe-ra-tur,Phonemic,spread out,,Also laus-sar.,,
9-340-308-3,kunz1244,Kunza,38,tus-sa-tur,Phonemic,spread out,,Also laus-sar.,,
9-290-308-1,kunz1244,Kunza,291,tte-ra-tur,Phonemic,"flay, skin",,,,
9-260-308-1,kunz1244,Kunza,680,cku-ra-tur,Phonemic,break,,Also lorck-na-tur.,,
9-260-308-3,kunz1244,Kunza,680,cja-ra-tur,Phonemic,break,,Also lorck-na-tur.,,
9-222-308-1,kunz1244,Kunza,155,tec-ki-tur,Phonemic,"chop, hew",,Also means 'destroy'.,,
9-220-308-1,kunz1244,Kunza,1432,cka-rac-kar-tur,Phonemic,cut,,Also cca-ra-tur.,,
9-220-308-3,kunz1244,Kunza,1432,cka-ra-tur,Phonemic,cut,,Also cca-ra-tur.,,
9-210-308-1,kunz1244,Kunza,2133,tchick-nar,Phonemic,"strike (hit, beat)",,,,
9-192-308-1,kunz1244,Kunza,760,ttusu,Phonemic,knot (noun),,,,
9-192-308-3,kunz1244,Kunza,760,humar,Phonemic,knot (noun),,,,
9-190-308-1,kunz1244,Kunza,1218,misckar,Phonemic,"rope, cord",,,,
9-161-308-1,kunz1244,Kunza,352,pot-na-tur,Phonemic,untie,,,,
9-160-308-1,kunz1244,Kunza,1917,ckoi-yo-tur,Phonemic,"tie, bind",,Also lack-tur.,,
9-160-308-3,kunz1244,Kunza,1917,lac-kal-tur,Phonemic,"tie, bind",,Also lack-tur.,,
9-140-308-1,kunz1244,Kunza,2004,tchut-na-tur,Phonemic,bend,,Also tchai-la-tur.,,
9-140-308-3,kunz1244,Kunza,2004,pit-chac-ku-tur,Phonemic,bend,,Also tchai-la-tur.,,
9-120-308-1,kunz1244,Kunza,984,heus-tcha-tur,Phonemic,work,,,,
9-120-308-3,kunz1244,Kunza,984,heus-tur,Phonemic,work,,,,
8-931-308-1,kunz1244,Kunza,864,lau-tchur,Phonemic,"pumpkin, squash",,,,
8-750-308-1,kunz1244,Kunza,1204,tchack-tchas-tur,Phonemic,bark,,,,
8-750-308-3,kunz1244,Kunza,1204,chac-ach-astur,Phonemic,bark,,,,
8-600-308-1,kunz1244,Kunza,906,yali,Phonemic,tree,,,,
8-600-308-3,kunz1244,Kunza,906,yaii,Phonemic,tree,,,,
8-570-308-1,kunz1244,Kunza,239,putchur,Phonemic,flower,,,,
8-570-308-3,kunz1244,Kunza,239,pu-chur,Phonemic,flower,,,,
8-570-308-5,kunz1244,Kunza,239,pucher,Phonemic,flower,,,,
8-560-308-1,kunz1244,Kunza,628,ckatta,Phonemic,leaf,,,,
8-560-308-3,kunz1244,Kunza,628,cata,Phonemic,leaf,,,,
8-550-308-1,kunz1244,Kunza,1531,tackos,Phonemic,branch,,,,
8-540-308-1,kunz1244,Kunza,670,ckapar,Phonemic,root,,,,
8-470-308-1,kunz1244,Kunza,506,tanti,Phonemic,"maize, corn",,Also caria; háyen; áyin; ayil; ai-llen.,,
8-470-308-3,kunz1244,Kunza,506,yanckul,Phonemic,"maize, corn",,Also caria; háyen; áyin; ayil; ai-llen.,,
8-470-308-5,kunz1244,Kunza,506,ay-i,Phonemic,"maize, corn",,Also caria; háyen; áyin; ayil; ai-llen.,,
8-430-308-1,kunz1244,Kunza,1077,tchacko,Phonemic,wheat,,,,
8-410-308-1,kunz1244,Kunza,611,ttaba,Phonemic,"crop, harvest",,,,
8-350-308-1,kunz1244,Kunza,223,bat-tar,Phonemic,threshing-floor,,,,
8-340-308-1,kunz1244,Kunza,285,hoc-kun-tur,Phonemic,thresh,,,,
8-340-308-3,kunz1244,Kunza,285,bal-ta-tur,Phonemic,thresh,,,,
8-330-308-1,kunz1244,Kunza,2132,ckatchunti,Phonemic,"sickle, scythe",,,,
8-330-308-3,kunz1244,Kunza,2132,k'ach'unti,Phonemic,"sickle, scythe",,,,
8-311-308-1,kunz1244,Kunza,714,mu-hu,Phonemic,seed,,,,
8-311-308-3,kunz1244,Kunza,714,tan-ti,Phonemic,seed,,,,
8-310-308-1,kunz1244,Kunza,748,hut-an-tur,Phonemic,sow,,,,
8-220-308-1,kunz1244,Kunza,1418,baa-la-tur,Phonemic,dig,,,,
8-170-308-1,kunz1244,Kunza,2002,toockor,Phonemic,ditch,,Also po-ko; poco.,,
8-170-308-3,kunz1244,Kunza,2002,pocko,Phonemic,ditch,,Also po-ko; poco.,,
7-510-308-1,kunz1244,Kunza,769,ckeitin,Phonemic,roof,,,,
7-450-308-1,kunz1244,Kunza,2131,checcnar,Phonemic,"lamp, torch",,"Also means 'pot, cooking vessel' 05.260.",,
7-422-308-1,kunz1244,Kunza,806,tchuse,Phonemic,blanket,,,,
7-421-308-1,kunz1244,Kunza,1044,lockati,Phonemic,pillow,,,,
7-420-308-1,kunz1244,Kunza,1663,ckipti,Phonemic,bed,,,,
7-420-308-3,kunz1244,Kunza,1663,ckitti,Phonemic,bed,,,,
7-420-308-5,kunz1244,Kunza,1663,krit-te,Phonemic,bed,,,,
7-130-308-1,kunz1244,Kunza,1678,tturitka,Phonemic,hut,,The latter also means 'place' 12.110.,,
7-130-308-3,kunz1244,Kunza,1678,ha-ra,Phonemic,hut,,The latter also means 'place' 12.110.,,
7-120-308-1,kunz1244,Kunza,1252,tturi,Phonemic,house,,Also ttups; ca-ru; tihuri.,,
7-120-308-3,kunz1244,Kunza,1252,t'huri,Phonemic,house,,Also ttups; ca-ru; tihuri.,,
7-120-308-5,kunz1244,Kunza,1252,capu,Phonemic,house,,Also ttups; ca-ru; tihuri.,,
6-921-308-1,kunz1244,Kunza,333,haana,Phonemic,braid,,,,
6-910-308-1,kunz1244,Kunza,1475,ckarisur,Phonemic,comb,,,,
6-810-308-1,kunz1244,Kunza,332,tchuluscktur,Phonemic,"handkerchief, rag",,,,
6-710-308-1,kunz1244,Kunza,917,nincks,Phonemic,"ornament, adornment",,,,
6-570-308-1,kunz1244,Kunza,772,ckeppar,Phonemic,"belt, girdle",,,,
6-570-308-3,kunz1244,Kunza,772,ckepar,Phonemic,"belt, girdle",,,,
6-550-308-1,kunz1244,Kunza,2130,panta,Phonemic,"hat, cap",,,,
6-460-308-1,kunz1244,Kunza,1600,pi-imu,Phonemic,skirt,,Also means 'shirt' 06.440.,,
6-440-308-1,kunz1244,Kunza,1622,pi-imu,Phonemic,shirt,,Also means 'skirt' 06.460.,,
6-380-308-1,kunz1244,Kunza,1161,kucana,Phonemic,thread,,,,
6-380-308-3,kunz1244,Kunza,1161,cuchana,Phonemic,thread,,,,
6-340-308-1,kunz1244,Kunza,1787,pincks-tur,Phonemic,loom,,,,
6-330-308-1,kunz1244,Kunza,133,pi-na-tur,Phonemic,weave,,,,
6-330-308-3,kunz1244,Kunza,133,tem-natur,Phonemic,weave,,,,
6-320-308-1,kunz1244,Kunza,277,ckoi-tur,Phonemic,spindle,,,,
6-320-308-3,kunz1244,Kunza,277,mismina,Phonemic,spindle,,,,
6-290-308-1,kunz1244,Kunza,629,ckatir,Phonemic,leather,,Also ccati; ckati.,,
6-290-308-3,kunz1244,Kunza,629,cka-tur,Phonemic,leather,,Also ccati; ckati.,,
6-220-308-1,kunz1244,Kunza,964,paapur,Phonemic,wool,,,,
6-220-308-3,kunz1244,Kunza,964,papur,Phonemic,wool,,,,
6-220-308-5,kunz1244,Kunza,964,paur,Phonemic,wool,,,,
6-210-308-1,kunz1244,Kunza,1616,koriate,Phonemic,cloth,,,,
6-210-308-3,kunz1244,Kunza,1616,koriarte,Phonemic,cloth,,,,
6-120-308-1,kunz1244,Kunza,1895,ckaabar,Phonemic,"clothing, clothes",,,,
6-120-308-3,kunz1244,Kunza,1895,cka-bar,Phonemic,"clothing, clothes",,,,
6-110-308-1,kunz1244,Kunza,158,ckaa-bart-an-tur,Phonemic,put on (clothes),,,,
6-110-308-3,kunz1244,Kunza,158,ttan-tur,Phonemic,put on (clothes),,,,
5-971-308-1,kunz1244,Kunza,1556,ckalanna,Phonemic,egg yolk,,,,
5-970-308-1,kunz1244,Kunza,744,ckauti,Phonemic,egg,,Also k'auti; humor.,,
5-970-308-3,kunz1244,Kunza,744,ckanti,Phonemic,egg,,Also k'auti; humor.,,
5-940-308-1,kunz1244,Kunza,404,ckilapana,Phonemic,fermented drink,,Also techajnita; ccachi.,,
5-940-308-3,kunz1244,Kunza,404,kilampana,Phonemic,fermented drink,,Also techajnita; ccachi.,,
5-940-308-5,kunz1244,Kunza,404,ckatchir,Phonemic,fermented drink,,Also techajnita; ccachi.,,
5-840-308-1,kunz1244,Kunza,942,lu-lan,Phonemic,honey,,Also means 'bee'.,,
5-821-308-1,kunz1244,Kunza,919,sicku,Phonemic,chili pepper,,,,
5-810-308-1,kunz1244,Kunza,1274,ckuta,Phonemic,salt,,,,
5-810-308-3,kunz1244,Kunza,1274,ckut-ta,Phonemic,salt,,,,
5-791-308-1,kunz1244,Kunza,323,suitchi,Phonemic,"grease, fat",,,,
5-712-308-1,kunz1244,Kunza,1966,tolva,Phonemic,bunch,,,,
5-700-308-1,kunz1244,Kunza,593,tchusli,Phonemic,potato,,,,
5-610-308-1,kunz1244,Kunza,634,sábur,Phonemic,meat,,,,
5-560-308-1,kunz1244,Kunza,1033,te-pi-tur,Phonemic,"crush, grind",,Also ckas-an-tur.,,
5-560-308-3,kunz1244,Kunza,1033,hey-na-tur,Phonemic,"crush, grind",,Also ckas-an-tur.,,
5-480-308-1,kunz1244,Kunza,1767,bac-ka-ra-tur,Phonemic,scrape,,,,
5-480-308-3,kunz1244,Kunza,1767,tchac-ka-tur,Phonemic,scrape,,,,
5-340-308-1,kunz1244,Kunza,270,po-tor,Phonemic,"pitcher, jug",,,,
5-260-308-1,kunz1244,Kunza,1462,ckurasa,Phonemic,"pot, cooking vessel",,"Also checc-nar; tckecknar, which also means 'lamp, torch'.",,
5-260-308-3,kunz1244,Kunza,1462,tchecknar,Phonemic,"pot, cooking vessel",,"Also checc-nar; tckecknar, which also means 'lamp, torch'.",,
5-240-308-1,kunz1244,Kunza,183,tchec-kan-tur,Phonemic,bake,,,,
5-250-308-1,kunz1244,Kunza,1143,tatio,Phonemic,oven,,,,
5-230-308-1,kunz1244,Kunza,2146,ckauc-kai-tur,Phonemic,"roast, fry",,,,
5-230-308-3,kunz1244,Kunza,2146,ckanc-ka-ta,Phonemic,"roast, fry",,,,
5-220-308-1,kunz1244,Kunza,792,ckun-tur,Phonemic,boil (vb),,,,
5-220-308-3,kunz1244,Kunza,792,pol-pon,Phonemic,boil (vb),,,,
5-181-308-1,kunz1244,Kunza,897,man-tur,Phonemic,swallow,,,,
5-181-308-3,kunz1244,Kunza,897,regánama,Phonemic,swallow,,,,
5-180-308-1,kunz1244,Kunza,321,cker-an-tur,Phonemic,chew,,,,
5-180-308-3,kunz1244,Kunza,321,ckap-na-tur,Phonemic,chew,,,,
5-160-308-1,kunz1244,Kunza,1421,tchoc-kop-tur,Phonemic,suck,,,,
5-150-308-1,kunz1244,Kunza,848,tarckma,Phonemic,thirst,,,,
5-150-308-3,kunz1244,Kunza,848,tarajche,Phonemic,thirst,,,,
5-150-308-5,kunz1244,Kunza,848,tarcktcha,Phonemic,thirst,,,,
5-141-308-1,kunz1244,Kunza,199,lack-tor,Phonemic,famine,,,,
5-140-308-1,kunz1244,Kunza,1864,tchors-tur,Phonemic,hunger,,,,
5-140-308-3,kunz1244,Kunza,1864,choristur,Phonemic,hunger,,,,
5-140-308-5,kunz1244,Kunza,1864,tchorjmar,Phonemic,hunger,,,,
5-130-308-1,kunz1244,Kunza,1401,haita-tur,Phonemic,drink,,Also ckack-tur; hai-ta-ma.,,
5-130-308-3,kunz1244,Kunza,1401,hai-tur,Phonemic,drink,,Also ckack-tur; hai-ta-ma.,,
5-125-308-1,kunz1244,Kunza,1728,becktchi,Phonemic,rotten,,,,
5-125-308-3,kunz1244,Kunza,1728,ckai-mai-ɲir,Phonemic,rotten,,,,
5-124-308-1,kunz1244,Kunza,1958,cka-ri,Phonemic,"green, unripe",,,,
5-122-308-1,kunz1244,Kunza,1959,ckuitchar,Phonemic,raw,,,,
5-120-308-1,kunz1244,Kunza,256,tocke,Phonemic,food,,,,
5-110-308-1,kunz1244,Kunza,1336,holm-tur,Phonemic,eat,,Also o-lo-ma; to-cu-ba.,,
5-110-308-3,kunz1244,Kunza,1336,ohlm-tur,Phonemic,eat,,Also o-lo-ma; to-cu-ba.,,
4-990-308-1,kunz1244,Kunza,590,ttaire,Phonemic,"naked, bare",,,,
4-980-308-1,kunz1244,Kunza,1463,pilckta,Phonemic,intoxicated,,,,
4-950-308-1,kunz1244,Kunza,996,yockto,Phonemic,deaf,,,,
4-930-308-1,kunz1244,Kunza,1125,ttairi,Phonemic,bald,,,,
4-930-308-3,kunz1244,Kunza,1125,lejía,Phonemic,bald,,,,
4-920-308-1,kunz1244,Kunza,1564,ack-ckatchar,Phonemic,lazy,,,,
4-910-308-1,kunz1244,Kunza,1757,heus-tcha,Phonemic,"tired, weary",,,,
4-880-308-1,kunz1244,Kunza,1372,[hampi],Phonemic,"medicine, drug",,Prob. from Quechua 'hamppi'.,,
4-860-308-1,kunz1244,Kunza,499,ckayatar,Phonemic,"cure, heal",,"The latter, prob. from Quechua 'hampini'.",,
4-860-308-3,kunz1244,Kunza,499,[hampi]-tur,Phonemic,"cure, heal",,"The latter, prob. from Quechua 'hampini'.",,
4-857-308-1,kunz1244,Kunza,1808,ya-tur,Phonemic,pus,,,,
4-854-308-1,kunz1244,Kunza,148,tcheck-tcheck-na-tur,Phonemic,itch,,,,
4-843-308-1,kunz1244,Kunza,102,morack-tur,Phonemic,cold (catarrh),,,,
4-840-308-1,kunz1244,Kunza,1847,ckotchi,Phonemic,"sick, sickness",,,,
4-840-308-3,kunz1244,Kunza,1847,ccotas,Phonemic,"sick, sickness",,,,
4-780-308-1,kunz1244,Kunza,1719,hoy-tur,Phonemic,bury (the dead),,,,
4-760-308-1,kunz1244,Kunza,1417,lat-an-tur,Phonemic,kill,,,,
4-760-308-3,kunz1244,Kunza,1417,lat-ta-tur,Phonemic,kill,,,,
4-750-308-1,kunz1244,Kunza,1494,moc-kor,Phonemic,"die, dead",,,,
4-750-308-3,kunz1244,Kunza,1494,muc-kar,Phonemic,"die, dead",,,,
4-750-308-5,kunz1244,Kunza,1494,mul-sin-tur,Phonemic,"die, dead",,,,
4-740-308-1,kunz1244,Kunza,1422,ckau-sa-tur,Phonemic,"live, living, life",,Also ckausama.,,
4-740-308-3,kunz1244,Kunza,1422,ckauscku,Phonemic,"live, living, life",,Also ckausama.,,
4-720-308-1,kunz1244,Kunza,1090,sa-ri-tur,Phonemic,born (to be),,,,
4-710-308-1,kunz1244,Kunza,1152,panc-ki-tur,Phonemic,beget (of father),,,,
4-690-308-1,kunz1244,Kunza,138,tchulck-tur,Phonemic,bathe,,,,
4-670-308-1,kunz1244,Kunza,1785,tchoc-kon-tur,Phonemic,have sexual intercourse,,,,
4-660-308-1,kunz1244,Kunza,676,tta-na-tur,Phonemic,defecate,,,,
4-660-308-3,kunz1244,Kunza,676,so-la-tur,Phonemic,defecate,,,,
4-650-308-1,kunz1244,Kunza,592,pel-an-tur,Phonemic,urinate,,,,
4-650-308-3,kunz1244,Kunza,592,ppel-a-tur,Phonemic,urinate,,,,
4-630-308-1,kunz1244,Kunza,1602,ckep-ni-tur,Phonemic,wake up,,,,
4-620-308-1,kunz1244,Kunza,1920,ttultur,Phonemic,dream,,Respectively: verb; noun.,,
4-620-308-3,kunz1244,Kunza,1920,ttulti,Phonemic,dream,,Respectively: verb; noun.,,
4-610-308-1,kunz1244,Kunza,1585,tu-lur,Phonemic,sleep,,,,
4-610-308-3,kunz1244,Kunza,1585,ttul-tur,Phonemic,sleep,,,,
4-590-308-1,kunz1244,Kunza,319,la-ba-sa-tur,Phonemic,lick,,,,
4-580-308-1,kunz1244,Kunza,1403,beck-na-tur,Phonemic,bite,,,,
4-570-308-1,kunz1244,Kunza,1278,ppo-tun-tur,Phonemic,vomit,,,,
4-560-308-1,kunz1244,Kunza,1440,tu-tu,Phonemic,spit,,Also means 'nipple' 04.412.,,
4-540-308-1,kunz1244,Kunza,1621,ttack-tur,Phonemic,sneeze,,,,
4-530-308-1,kunz1244,Kunza,879,hoc-kol-tur,Phonemic,cough,,,,
4-520-308-1,kunz1244,Kunza,1028,tul-tap-tur,Phonemic,"yawn, gape",,,,
4-520-308-3,kunz1244,Kunza,1028,tul-ta-pur,Phonemic,"yawn, gape",,,,
4-510-308-1,kunz1244,Kunza,1407,haabu,Phonemic,"breathe, breath",,Also hat-cka-tcha-tur.,,
4-510-308-3,kunz1244,Kunza,1407,haa-ru,Phonemic,"breathe, breath",,Also hat-cka-tcha-tur.,,
4-492-308-1,kunz1244,Kunza,1222,tchalau,Phonemic,penis,,,,
4-490-308-1,kunz1244,Kunza,797,tchóo,Phonemic,testicle,,,,
4-464-308-1,kunz1244,Kunza,834,toro,Phonemic,buttocks,,,,
4-463-308-1,kunz1244,Kunza,1745,ckat,Phonemic,hip,,,,
4-463-308-3,kunz1244,Kunza,1745,caktu,Phonemic,hip,,,,
4-462-308-1,kunz1244,Kunza,1681,tckura,Phonemic,waist,,,,
4-462-308-3,kunz1244,Kunza,1681,ckuri,Phonemic,waist,,,,
4-461-308-1,kunz1244,Kunza,1991,lali,Phonemic,"intestines, guts",,,,
4-461-308-3,kunz1244,Kunza,1991,lalir,Phonemic,"intestines, guts",,,,
4-460-308-1,kunz1244,Kunza,819,ckani,Phonemic,stomach,,Also chitag; tchuckut.,,
4-460-308-3,kunz1244,Kunza,819,ckan,Phonemic,stomach,,Also chitag; tchuckut.,,
4-460-308-5,kunz1244,Kunza,819,cani,Phonemic,stomach,,Also chitag; tchuckut.,,
4-451-308-1,kunz1244,Kunza,489,tchinur,Phonemic,kidney,,,,
4-450-308-1,kunz1244,Kunza,1224,himri,Phonemic,liver,,,,
4-441-308-1,kunz1244,Kunza,688,hoopir,Phonemic,lung,,,,
4-440-308-1,kunz1244,Kunza,1223,tchitack,Phonemic,heart,,,,
4-440-308-3,kunz1244,Kunza,1223,haiti,Phonemic,heart,,,,
4-430-308-1,kunz1244,Kunza,1838,ckutti,Phonemic,navel,,,,
4-412-308-1,kunz1244,Kunza,796,tutu,Phonemic,"nipple, teat",,Also means 'spit' 04.560.,,
4-410-308-1,kunz1244,Kunza,1402,ckatnu,Phonemic,breast (of woman),,Also h'aiti.,,
4-410-308-3,kunz1244,Kunza,1402,pibur,Phonemic,breast (of woman),,Also h'aiti.,,
4-410-308-5,kunz1244,Kunza,1402,pivur,Phonemic,breast (of woman),,Also h'aiti.,,
4-400-308-1,kunz1244,Kunza,1592,aytia,Phonemic,chest,,,,
4-393-308-1,kunz1244,Kunza,1201,ack-iu,Phonemic,feather,,The first form also means 'wing' 04.392.,,
4-393-308-3,kunz1244,Kunza,1201,hackiu,Phonemic,feather,,The first form also means 'wing' 04.392.,,
4-393-308-5,kunz1244,Kunza,1201,hackeu,Phonemic,feather,,The first form also means 'wing' 04.392.,,
4-392-308-1,kunz1244,Kunza,1257,ack-iu,Phonemic,wing,,Also means 'feather' 04.393.,,
4-372-308-1,kunz1244,Kunza,980,ckai-yi,Phonemic,heel,,,,
4-371-308-1,kunz1244,Kunza,803,ckulub,Phonemic,ankle,,,,
4-371-308-3,kunz1244,Kunza,803,k'ulub,Phonemic,ankle,,,,
4-370-308-1,kunz1244,Kunza,1301,ckutchir,Phonemic,foot,,,,
4-370-308-3,kunz1244,Kunza,1301,cuchi,Phonemic,foot,,,,
4-370-308-5,kunz1244,Kunza,1301,khoche,Phonemic,foot,,,,
4-360-308-1,kunz1244,Kunza,1371,pocklo,Phonemic,knee,,,,
4-360-308-3,kunz1244,Kunza,1371,ckolck-ul,Phonemic,knee,,,,
4-360-308-5,kunz1244,Kunza,1371,colc'ul,Phonemic,knee,,,,
4-352-308-1,kunz1244,Kunza,498,nan-tchackti,Phonemic,calf of leg,,,,
4-352-308-3,kunz1244,Kunza,498,poi-ya,Phonemic,calf of leg,,,,
4-350-308-1,kunz1244,Kunza,1297,nan,Phonemic,leg,,,,
4-344-308-1,kunz1244,Kunza,1258,khin,Phonemic,fingernail,,,,
4-344-308-3,kunz1244,Kunza,1258,cken-ni,Phonemic,fingernail,,,,
4-344-308-5,kunz1244,Kunza,1258,kh'in,Phonemic,fingernail,,,,
4-340-308-1,kunz1244,Kunza,1303,sulay-ie,Phonemic,finger,,,,
4-340-308-3,kunz1244,Kunza,1303,sui,Phonemic,finger,,,,
4-331-308-1,kunz1244,Kunza,1183,sutalanau,Phonemic,palm of hand,,,,
4-330-308-1,kunz1244,Kunza,1277,suy-i,Phonemic,hand,,,,
4-330-308-3,kunz1244,Kunza,1277,suyi,Phonemic,hand,,,,
4-320-308-1,kunz1244,Kunza,981,tickne,Phonemic,elbow,,,,
4-320-308-3,kunz1244,Kunza,981,tic-ni,Phonemic,elbow,,,,
4-312-308-1,kunz1244,Kunza,1886,matackai,Phonemic,armpit,,,,
4-310-308-1,kunz1244,Kunza,1673,socke,Phonemic,arm,,,,
4-310-308-3,kunz1244,Kunza,1673,soke,Phonemic,arm,,,,
4-310-308-5,kunz1244,Kunza,1673,soqui,Phonemic,arm,,,,
4-300-308-1,kunz1244,Kunza,1482,tchocklo,Phonemic,shoulder,,,,
4-300-308-3,kunz1244,Kunza,1482,choclo,Phonemic,shoulder,,,,
4-290-308-1,kunz1244,Kunza,1346,ckomal,Phonemic,throat,,Also tackei.,,
4-290-308-3,kunz1244,Kunza,1346,malckar,Phonemic,throat,,Also tackei.,,
4-290-308-5,kunz1244,Kunza,1346,comála,Phonemic,throat,,Also tackei.,,
4-281-308-1,kunz1244,Kunza,1347,coyo,Phonemic,nape of neck,,,,
4-280-308-1,kunz1244,Kunza,1333,ckati,Phonemic,neck,,"The latter, possibly loanword from Spanish 'cuello'.",,
4-280-308-3,kunz1244,Kunza,1333,ccati,Phonemic,neck,,"The latter, possibly loanword from Spanish 'cuello'.",,
4-280-308-5,kunz1244,Kunza,1333,[ckooyo],Phonemic,neck,,"The latter, possibly loanword from Spanish 'cuello'.",,
4-270-308-1,kunz1244,Kunza,1380,ckénia,Phonemic,tooth,,,,
4-270-308-3,kunz1244,Kunza,1380,cune,Phonemic,tooth,,,,
4-271-308-1,kunz1244,Kunza,139,ckentchockol,Phonemic,gums,,,,
4-271-308-3,kunz1244,Kunza,139,ckeu,Phonemic,gums,,,,
4-260-308-1,kunz1244,Kunza,1205,las-si,Phonemic,tongue,,Also hackamur.,,
4-260-308-3,kunz1244,Kunza,1205,lasi,Phonemic,tongue,,Also hackamur.,,
4-260-308-5,kunz1244,Kunza,1205,las-kar,Phonemic,tongue,,Also hackamur.,,
4-250-308-1,kunz1244,Kunza,478,tchuinu,Phonemic,lip,,,,
4-240-308-1,kunz1244,Kunza,674,ckaipi,Phonemic,mouth,,,,
4-240-308-3,kunz1244,Kunza,674,khaipe,Phonemic,mouth,,,,
4-240-308-5,kunz1244,Kunza,674,quaipi,Phonemic,mouth,,,,
4-232-308-1,kunz1244,Kunza,208,sepil-tur,Phonemic,mucus (nasal),,,,
4-230-308-1,kunz1244,Kunza,1221,sep-pi,Phonemic,nose,,,,
4-230-308-3,kunz1244,Kunza,1221,sepe,Phonemic,nose,,,,
4-220-308-1,kunz1244,Kunza,1247,ckai-ckai,Phonemic,ear,,,,
4-220-308-3,kunz1244,Kunza,1247,aicke,Phonemic,ear,,,,
4-215-308-1,kunz1244,Kunza,1655,tchi-pac-kin-tur,Phonemic,blink,,,,
4-214-308-1,kunz1244,Kunza,1540,ckepi-sinna,Phonemic,eyelash,,,,
4-213-308-1,kunz1244,Kunza,17,ckepi-ckati,Phonemic,eyelid,,,,
4-212-308-1,kunz1244,Kunza,1173,ckackasima,Phonemic,eyebrow,,,,
4-210-308-1,kunz1244,Kunza,1248,ckepi,Phonemic,eye,,Also ckepe; quepi.,,
4-210-308-3,kunz1244,Kunza,1248,qquepe,Phonemic,eye,,Also ckepe; quepi.,,
4-210-308-5,kunz1244,Kunza,1248,ikhepe,Phonemic,eye,,Also ckepe; quepi.,,
4-208-308-1,kunz1244,Kunza,1730,bitis,Phonemic,cheek,,,,
4-205-308-1,kunz1244,Kunza,123,ckacka,Phonemic,forehead,,,,
4-205-308-3,kunz1244,Kunza,123,ccaca,Phonemic,forehead,,,,
4-205-308-5,kunz1244,Kunza,123,k'ak'a,Phonemic,forehead,,,,
4-207-308-1,kunz1244,Kunza,798,tackil,Phonemic,jaw,,The latter is the jaw of a llama.,,
4-207-308-3,kunz1244,Kunza,798,silatackil,Phonemic,jaw,,The latter is the jaw of a llama.,,
4-204-308-1,kunz1244,Kunza,1560,ckúlan,Phonemic,face,,,,
4-204-308-3,kunz1244,Kunza,1560,culam,Phonemic,face,,,,
4-203-308-1,kunz1244,Kunza,1583,coyo,Phonemic,brain,,"Also [nutcko], prob. from Quechua 'ñutko'.",,
4-203-308-3,kunz1244,Kunza,1583,mutuck-tur,Phonemic,brain,,"Also [nutcko], prob. from Quechua 'ñutko'.",,
4-202-308-1,kunz1244,Kunza,1605,ckot-cko,Phonemic,skull,,,,
4-200-308-1,kunz1244,Kunza,1256,lacksi,Phonemic,head,,,,
4-200-308-3,kunz1244,Kunza,1256,hlacse,Phonemic,head,,,,
4-200-308-5,kunz1244,Kunza,1256,hjlacse,Phonemic,head,,,,
4-190-308-1,kunz1244,Kunza,1291,chocklo,Phonemic,back,,Also cko-cko; k'ok'o.,,
4-190-308-3,kunz1244,Kunza,1291,choclo,Phonemic,back,,Also cko-cko; k'ok'o.,,
4-180-308-1,kunz1244,Kunza,1220,peckay,Phonemic,tail,,,,
4-170-308-1,kunz1244,Kunza,1393,[backra],Phonemic,horn,,Prob. from Quechua 'huakra'.,,
4-162-308-1,kunz1244,Kunza,801,ckarao,Phonemic,rib,,,,
4-162-308-3,kunz1244,Kunza,801,ckarau,Phonemic,rib,,,,
4-162-308-5,kunz1244,Kunza,801,ckaru,Phonemic,rib,,,,
4-160-308-1,kunz1244,Kunza,1394,mulur,Phonemic,bone,,,,
4-150-308-1,kunz1244,Kunza,946,laari,Phonemic,blood,,The latter also means 'red' 15.560.,,
4-150-308-3,kunz1244,Kunza,946,lay-ir,Phonemic,blood,,The latter also means 'red' 15.560.,,
4-150-308-5,kunz1244,Kunza,946,lari,Phonemic,blood,,The latter also means 'red' 15.560.,,
4-142-308-1,kunz1244,Kunza,678,huntur,Phonemic,beard,,"The latter, prob. from Quechua 'sunka'.",,
4-142-308-3,kunz1244,Kunza,678,[suntia],Phonemic,beard,,"The latter, prob. from Quechua 'sunka'.",,
4-140-308-1,kunz1244,Kunza,1040,mussur,Phonemic,hair (head),,,,
4-140-308-3,kunz1244,Kunza,1040,musa,Phonemic,hair (head),,,,
4-120-308-1,kunz1244,Kunza,763,ckati,Phonemic,"skin, hide",,,,
4-120-308-3,kunz1244,Kunza,763,cka-tir,Phonemic,"skin, hide",,,,
4-110-308-1,kunz1244,Kunza,1480,ckooli,Phonemic,body,,,,
3-960-308-1,kunz1244,Kunza,632,tchalti,Phonemic,lizard,,,,
3-960-308-3,kunz1244,Kunza,632,chalte,Phonemic,lizard,,,,
3-960-308-5,kunz1244,Kunza,632,challe,Phonemic,lizard,,,,
3-950-308-1,kunz1244,Kunza,503,misckán,Phonemic,frog,,The latter prob. from Quechua 'hamppato'.,,
3-950-308-3,kunz1244,Kunza,503,[ampatur],Phonemic,frog,,The latter prob. from Quechua 'hamppato'.,,
3-920-308-1,kunz1244,Kunza,1791,tchocko,Phonemic,butterfly,,"The latter is a loanword, prob. from Quechua 'pilpinta'.",,
3-920-308-3,kunz1244,Kunza,1791,[pilpinto],Phonemic,butterfly,,"The latter is a loanword, prob. from Quechua 'pilpinta'.",,
3-840-308-1,kunz1244,Kunza,1219,ttockomar,Phonemic,worm,,,,
3-840-308-3,kunz1244,Kunza,1219,tock-mar,Phonemic,worm,,,,
3-832-308-1,kunz1244,Kunza,1509,tchuckun,Phonemic,mosquito,,,,
3-832-308-3,kunz1244,Kunza,1509,paire,Phonemic,mosquito,,,,
3-832-308-5,kunz1244,Kunza,1509,tchuckur,Phonemic,mosquito,,,,
3-830-308-1,kunz1244,Kunza,1504,pairi,Phonemic,fly,,,,
3-823-308-1,kunz1244,Kunza,1517,cura,Phonemic,wasp,,,,
3-823-308-3,kunz1244,Kunza,1517,curato,Phonemic,wasp,,,,
3-820-308-1,kunz1244,Kunza,665,lulan,Phonemic,bee,,Also means 'honey' 05.840.,,
3-818-308-1,kunz1244,Kunza,843,kuma,Phonemic,spider,,,,
3-816-308-1,kunz1244,Kunza,1575,ckackma,Phonemic,cockroach,,,,
3-815-308-1,kunz1244,Kunza,1538,pickar,Phonemic,scorpion,,,,
3-812-308-1,kunz1244,Kunza,267,cketchir,Phonemic,nit (louse egg),,,,
3-812-308-3,kunz1244,Kunza,267,ckitche,Phonemic,nit (louse egg),,,,
3-811-308-1,kunz1244,Kunza,1392,hebir,Phonemic,louse,,,,
3-740-308-1,kunz1244,Kunza,1312,tchapur,Phonemic,fox,,,,
3-740-308-3,kunz1244,Kunza,1312,tschápur,Phonemic,fox,,,,
3-720-308-1,kunz1244,Kunza,1386,ckuru,Phonemic,lion,,,,
3-720-308-3,kunz1244,Kunza,1386,kúh-ri,Phonemic,lion,,,,
3-650-308-1,kunz1244,Kunza,227,ckacktchi,Phonemic,fish,,Also means 'good' 16.710.,,
3-630-308-1,kunz1244,Kunza,2139,ckilli,Phonemic,"mouse, rat",,Also quiler.,,
3-630-308-3,kunz1244,Kunza,2139,ckilir,Phonemic,"mouse, rat",,Also quiler.,,
3-630-308-5,kunz1244,Kunza,2139,killi,Phonemic,"mouse, rat",,Also quiler.,,
3-620-308-1,kunz1244,Kunza,1208,[mitchi],Phonemic,cat,,From common term 'michi'.,,
3-614-308-1,kunz1244,Kunza,1136,puluckur,Phonemic,rabbit,,,,
3-614-308-3,kunz1244,Kunza,1136,cururo,Phonemic,rabbit,,,,
3-610-308-1,kunz1244,Kunza,2009,lockma,Phonemic,dog,,Also lokma; tcholo.,,
3-610-308-3,kunz1244,Kunza,2009,lojma,Phonemic,dog,,Also lokma; tcholo.,,
3-610-308-5,kunz1244,Kunza,2009,locjma,Phonemic,dog,,Also lokma; tcholo.,,
3-594-308-1,kunz1244,Kunza,1853,ckir-ckir,Phonemic,dove,,,,
3-594-308-3,kunz1244,Kunza,1853,toiva,Phonemic,dove,,,,
3-596-308-1,kunz1244,Kunza,735,ckoscko,Phonemic,owl,,The latter prob. from Quechua 'ttucu'.,,
3-596-308-3,kunz1244,Kunza,735,cos-co,Phonemic,owl,,The latter prob. from Quechua 'ttucu'.,,
3-596-308-5,kunz1244,Kunza,735,[tuckur],Phonemic,owl,,The latter prob. from Quechua 'ttucu'.,,
3-593-308-1,kunz1244,Kunza,913,haari,Phonemic,crow,,,,
3-584-308-1,kunz1244,Kunza,1905,vitti,Phonemic,eagle,,,,
3-581-308-1,kunz1244,Kunza,937,latchir,Phonemic,bird,,,,
3-581-308-3,kunz1244,Kunza,937,laachir,Phonemic,bird,,,,
3-581-308-5,kunz1244,Kunza,937,lacira,Phonemic,bird,,,,
3-580-308-1,kunz1244,Kunza,539,hitan,Phonemic,nest,,,,
3-570-308-1,kunz1244,Kunza,1360,tchockbar,Phonemic,duck,,Also chopar; tchun-tchurún.,,
3-570-308-3,kunz1244,Kunza,1360,chopor,Phonemic,duck,,Also chopar; tchun-tchurún.,,
3-550-308-1,kunz1244,Kunza,1318,pani,Phonemic,chicken,,The latter prob. from Quechua 'chiuchi'.,,
3-550-308-3,kunz1244,Kunza,1318,[tchiuchi],Phonemic,chicken,,The latter prob. from Quechua 'chiuchi'.,,
3-540-308-1,kunz1244,Kunza,1514,[athalpa],Phonemic,hen,,Prob. from Quechua 'atahuallpa'.,,
3-350-308-1,kunz1244,Kunza,1337,[ckutchi],Phonemic,pig,,Prob. from common term 'cochi/coche/ cochino'.,,
3-130-308-1,kunz1244,Kunza,2262,ckibur,Phonemic,female (adj),,"For example, lockma ckibur '(female) dog'.",,
2-960-308-1,kunz1244,Kunza,817,ickota,Phonemic,they,,,,
2-960-308-3,kunz1244,Kunza,817,k'hota-cota,Phonemic,they,,,,
2-960-308-5,kunz1244,Kunza,817,ícota,Phonemic,they,,,,
2-950-308-1,kunz1244,Kunza,1213,chime,Phonemic,you (plural),,,,
2-940-308-1,kunz1244,Kunza,1212,ckunna,Phonemic,we,,Also kunna; ckun; vaina.,,
2-940-308-3,kunz1244,Kunza,1212,cunna,Phonemic,we,,Also kunna; ckun; vaina.,,
2-930-308-1,kunz1244,Kunza,262,ía,Phonemic,he/she/it,,Respectively: from San Román; from Vaisse et alii; Vaisse et alii. The morpheme ia also functions as a definite article: ckuruia 'the wind'; ckamuria 'the moon'; ckapinia 'the sun'; simaia 'the man'.,,
2-930-308-3,kunz1244,Kunza,262,ckachir (ckatchbi),Phonemic,he/she/it,,Respectively: from San Román; from Vaisse et alii; Vaisse et alii. The morpheme ia also functions as a definite article: ckuruia 'the wind'; ckamuria 'the moon'; ckapinia 'the sun'; simaia 'the man'.,,
2-930-308-5,kunz1244,Kunza,262,ilckau-ya,Phonemic,he/she/it,,Respectively: from San Román; from Vaisse et alii; Vaisse et alii. The morpheme ia also functions as a definite article: ckuruia 'the wind'; ckamuria 'the moon'; ckapinia 'the sun'; simaia 'the man'.,,
2-920-308-1,kunz1244,Kunza,1215,tchema,Phonemic,you (singular),,,,
2-920-308-3,kunz1244,Kunza,1215,chema,Phonemic,you (singular),,,,
2-910-308-1,kunz1244,Kunza,1209,ackcka,Phonemic,I,,Also ac-ca.,,
2-910-308-3,kunz1244,Kunza,1209,acsa,Phonemic,I,,Also ac-ca.,,
2-910-308-5,kunz1244,Kunza,1209,akia,Phonemic,I,,Also ac-ca.,,
2-750-308-1,kunz1244,Kunza,1149,pucki,Phonemic,orphan,,Also backtcha.,,
2-750-308-3,kunz1244,Kunza,1149,puk'i,Phonemic,orphan,,Also backtcha.,,
2-750-308-5,kunz1244,Kunza,1149,puqui,Phonemic,orphan,,Also backtcha.,,
2-620-308-1,kunz1244,Kunza,2256,ttosi,Phonemic,mother-in-law (of a man),,,,
2-540-308-1,kunz1244,Kunza,1642,salipani,Phonemic,niece,,,,
2-530-308-1,kunz1244,Kunza,1063,pitchipani,Phonemic,nephew,,,,
2-480-308-1,kunz1244,Kunza,1618,ckamai,Phonemic,grandson,,,,
2-480-308-3,kunz1244,Kunza,1618,cahmai,Phonemic,grandson,,,,
2-471-308-1,kunz1244,Kunza,907,ckannau,Phonemic,old woman,,,,
2-461-308-1,kunz1244,Kunza,406,ckonicks,Phonemic,old man,,,,
2-461-308-3,kunz1244,Kunza,406,muy-i,Phonemic,old man,,,,
2-460-308-1,kunz1244,Kunza,1383,[aulo],Phonemic,grandfather,,"Loanword, prob. from Spanish 'abuelo'.",,
2-458-308-1,kunz1244,Kunza,1005,pinnau,Phonemic,twins,,,,
2-450-308-1,kunz1244,Kunza,1263,sahli lickau,Phonemic,sister,,Also sale saalipinau.,,
2-450-308-3,kunz1244,Kunza,1263,zahli liqcau,Phonemic,sister,,Also sale saalipinau.,,
2-445-308-1,kunz1244,Kunza,1760,[sulcka],Phonemic,younger brother,,Prob. from Quechua 'sullka'.,,
2-440-308-1,kunz1244,Kunza,1262,pitchau,Phonemic,brother,,Also zahli; sali; pichao.,,
2-440-308-3,kunz1244,Kunza,1262,sahli,Phonemic,brother,,Also zahli; sali; pichao.,,
2-420-308-1,kunz1244,Kunza,1357,pahni lickau,Phonemic,daughter,,Also pani lic-cau.,,
2-420-308-3,kunz1244,Kunza,1357,pahni liq'cau,Phonemic,daughter,,Also pani lic-cau.,,
2-410-308-1,kunz1244,Kunza,1620,pahni,Phonemic,son,,,,
2-410-308-3,kunz1244,Kunza,1620,panni,Phonemic,son,,,,
2-360-308-1,kunz1244,Kunza,1216,patta,Phonemic,mother,,Also ipata; pata.,,
2-360-308-3,kunz1244,Kunza,1216,pat'ta,Phonemic,mother,,Also ipata; pata.,,
2-350-308-1,kunz1244,Kunza,1217,tickan,Phonemic,father,,Also itica; tu'han.,,
2-350-308-3,kunz1244,Kunza,1217,tic'han,Phonemic,father,,Also itica; tu'han.,,
2-320-308-1,kunz1244,Kunza,1199,licki,Phonemic,wife,,,,
2-320-308-3,kunz1244,Kunza,1199,kiqui,Phonemic,wife,,,,
2-310-308-1,kunz1244,Kunza,1200,sima,Phonemic,husband,,,,
2-310-308-3,kunz1244,Kunza,1200,sim-ma,Phonemic,husband,,,,
2-270-308-1,kunz1244,Kunza,1304,pauna,Phonemic,child,,Also paunicaiqui.,,
2-270-308-3,kunz1244,Kunza,1304,panck-ti,Phonemic,child,,Also paunicaiqui.,,
2-261-308-1,kunz1244,Kunza,77,ay-ián,Phonemic,young woman (adolescent),,,,
2-260-308-1,kunz1244,Kunza,1646,lickau pauna,Phonemic,girl,,,,
2-260-308-3,kunz1244,Kunza,1646,pauna licau,Phonemic,girl,,,,
2-251-308-1,kunz1244,Kunza,76,yaalir,Phonemic,young man (adolescent),,,,
2-251-308-3,kunz1244,Kunza,76,baina,Phonemic,young man (adolescent),,,,
2-250-308-1,kunz1244,Kunza,1366,pauna,Phonemic,boy,,Also ppauna; pani; panck-ti; paunichqui.,,
2-250-308-3,kunz1244,Kunza,1366,sima pauna,Phonemic,boy,,Also ppauna; pani; panck-ti; paunichqui.,,
2-240-308-1,kunz1244,Kunza,1551,qui-bur,Phonemic,female,,"For example, zahli liq-cau 'sister'.",,
2-240-308-3,kunz1244,Kunza,1551,liq-cau,Phonemic,female,,"For example, zahli liq-cau 'sister'.",,
2-230-308-1,kunz1244,Kunza,1553,ttari,Phonemic,male,,,,
2-230-308-3,kunz1244,Kunza,1553,t'ari,Phonemic,male,,,,
2-220-308-1,kunz1244,Kunza,962,lickau,Phonemic,woman,,Also likau; licau.,,
2-220-308-3,kunz1244,Kunza,962,liq'cau,Phonemic,woman,,Also likau; licau.,,
2-210-308-1,kunz1244,Kunza,1554,sima,Phonemic,man (vs. woman),,"Also kónte; conti, which also means 'people'.",,
2-210-308-3,kunz1244,Kunza,1554,sim-ma,Phonemic,man (vs. woman),,"Also kónte; conti, which also means 'people'.",,
1-880-308-1,kunz1244,Kunza,10,hackamur,Phonemic,firewood,,"Also means 'staff, walking stick' 19.250.",,
1-880-308-3,kunz1244,Kunza,10,hak'amur,Phonemic,firewood,,"Also means 'staff, walking stick' 19.250.",,
1-861-308-1,kunz1244,Kunza,127,si-an-tur,Phonemic,extinguish,,,,
1-860-308-1,kunz1244,Kunza,737,loc-kun-tur,Phonemic,"light, kindle, ignite",,,,
1-860-308-3,kunz1244,Kunza,737,hay-ian-tur,Phonemic,"light, kindle, ignite",,,,
1-852-308-1,kunz1244,Kunza,1428,lock-tur,Phonemic,burn (vb intrans),,,,
1-852-308-3,kunz1244,Kunza,1428,tu-mai-na-tur,Phonemic,burn (vb intrans),,,,
1-851-308-1,kunz1244,Kunza,141,ho-na-tur,Phonemic,burn (vb trans),,,,
1-841-308-1,kunz1244,Kunza,67,ckelar,Phonemic,embers,,,,
1-840-308-1,kunz1244,Kunza,646,tchili,Phonemic,ashes,,,,
1-830-308-1,kunz1244,Kunza,778,ttoy-ur,Phonemic,smoke (noun),,,,
1-810-308-1,kunz1244,Kunza,221,ho-hónima,Phonemic,fire,,Also hamur.,,
1-810-308-3,kunz1244,Kunza,221,humur,Phonemic,fire,,Also hamur.,,
1-810-308-5,kunz1244,Kunza,221,ckelar,Phonemic,fire,,Also hamur.,,
1-760-308-1,kunz1244,Kunza,784,tsimir,Phonemic,snow (noun),,,,
1-760-308-3,kunz1244,Kunza,784,tchi-mir,Phonemic,snow (noun),,,,
1-750-308-1,kunz1244,Kunza,658,saire,Phonemic,rain (noun),,Also sairina.,,
1-750-308-3,kunz1244,Kunza,658,zaire,Phonemic,rain (noun),,Also sairina.,,
1-750-308-5,kunz1244,Kunza,658,sairi,Phonemic,rain (noun),,Also sairina.,,
1-740-308-1,kunz1244,Kunza,249,molte,Phonemic,fog,,,,
1-740-308-3,kunz1244,Kunza,249,molle,Phonemic,fog,,,,
1-720-308-1,kunz1244,Kunza,960,ckuri,Phonemic,wind,,Also ckuri; ckoimar; cirba.,,
1-720-308-3,kunz1244,Kunza,960,khuri,Phonemic,wind,,Also ckuri; ckoimar; cirba.,,
1-720-308-5,kunz1244,Kunza,960,khuro,Phonemic,wind,,Also ckuri; ckoimar; cirba.,,
1-730-308-1,kunz1244,Kunza,1489,molti,Phonemic,cloud,,Also kara; cara.,,
1-730-308-3,kunz1244,Kunza,1489,molle,Phonemic,cloud,,Also kara; cara.,,
1-730-308-5,kunz1244,Kunza,1489,molte,Phonemic,cloud,,Also kara; cara.,,
1-710-308-1,kunz1244,Kunza,27,ckelinar,Phonemic,air,,"The latter, prob. from Quechua 'huayra'.",,
1-710-308-3,kunz1244,Kunza,27,[huayra],Phonemic,air,,"The latter, prob. from Quechua 'huayra'.",,
1-630-308-1,kunz1244,Kunza,1388,minas,Phonemic,"shade, shadow",,,,
1-610-308-1,kunz1244,Kunza,630,lalcktchir,Phonemic,light (noun),,,,
1-590-308-1,kunz1244,Kunza,1733,ckoitchi,Phonemic,rainbow,,,,
1-580-308-1,kunz1244,Kunza,858,ckoimar,Phonemic,storm,,,,
1-560-308-1,kunz1244,Kunza,1150,lul-an-tur,Phonemic,thunder,,,,
1-540-308-1,kunz1244,Kunza,1430,haalar,Phonemic,star,,,,
1-540-308-3,kunz1244,Kunza,1430,halar,Phonemic,star,,,,
1-540-308-5,kunz1244,Kunza,1430,ahlar,Phonemic,star,,,,
1-530-308-1,kunz1244,Kunza,1313,ckamur,Phonemic,moon,,Also jamur; camur. Also mean 'month' 14.710.,,
1-530-308-3,kunz1244,Kunza,1313,cáhmor,Phonemic,moon,,Also jamur; camur. Also mean 'month' 14.710.,,
1-520-308-1,kunz1244,Kunza,1343,ckapin,Phonemic,sun,,Also capin; cappin; hapin. The latter also means 'day'.,,
1-520-308-3,kunz1244,Kunza,1343,caapin,Phonemic,sun,,Also capin; cappin; hapin. The latter also means 'day'.,,
1-440-308-1,kunz1244,Kunza,2125,ckaitchi,Phonemic,"stone, rock",,Also tocknar; ckat-tu; tchickal.,,
1-440-308-3,kunz1244,Kunza,2125,cai-chi,Phonemic,"stone, rock",,Also tocknar; ckat-tu; tchickal.,,
1-420-308-1,kunz1244,Kunza,906,yali,Phonemic,tree (cf 08.600),,,,
1-420-308-3,kunz1244,Kunza,906,yaii,Phonemic,tree (cf 08.600),,,,
1-370-308-1,kunz1244,Kunza,2144,cherejner,Phonemic,"spring, well",,,,
1-370-308-3,kunz1244,Kunza,2144,cheresner,Phonemic,"spring, well",,,,
1-370-308-5,kunz1244,Kunza,2144,cheresnir,Phonemic,"spring, well",,,,
1-362-308-1,kunz1244,Kunza,1982,tchinckonao,Phonemic,whirlpool,,,,
1-362-308-3,kunz1244,Kunza,1982,ckoi-man,Phonemic,whirlpool,,,,
1-360-308-1,kunz1244,Kunza,666,back-cka,Phonemic,"river, stream, brook",,"Also birinatur; backcka. The latter is also given for 'plain, field' 01.230.",,
1-360-308-3,kunz1244,Kunza,666,vac-ka,Phonemic,"river, stream, brook",,"Also birinatur; backcka. The latter is also given for 'plain, field' 01.230.",,
1-310-308-1,kunz1244,Kunza,948,puri,Phonemic,water,,The latter prob. from Quechua 'yacu'.,,
1-310-308-3,kunz1244,Kunza,948,puy,Phonemic,water,,The latter prob. from Quechua 'yacu'.,,
1-310-308-5,kunz1244,Kunza,948,[yacko],Phonemic,water,,The latter prob. from Quechua 'yacu'.,,
1-280-308-1,kunz1244,Kunza,1155,toco,Phonemic,cave,,"The latter, prob. loanword from Span. 'cueva'. Cf. 'hole' 12.850.",,
1-280-308-3,kunz1244,Kunza,1155,[ckoiba],Phonemic,cave,,"The latter, prob. loanword from Span. 'cueva'. Cf. 'hole' 12.850.",,
1-240-308-1,kunz1244,Kunza,921,ckalal,Phonemic,valley,,,,
1-230-308-1,kunz1244,Kunza,652,tul-va,Phonemic,"plain, field",,Also tul-ba; bac-ka; back-cka; paca; katur.,,
1-230-308-3,kunz1244,Kunza,652,ttul-va,Phonemic,"plain, field",,Also tul-ba; bac-ka; back-cka; paca; katur.,,
1-220-308-1,kunz1244,Kunza,2118,ckabur,Phonemic,"mountain, hill",,Also cabur; cahur; kaur.,,
1-220-308-3,kunz1244,Kunza,2118,caur,Phonemic,"mountain, hill",,Also cabur; cahur; kaur.,,
1-214-308-1,kunz1244,Kunza,640,yot-to,Phonemic,mud,,,,
1-214-308-3,kunz1244,Kunza,640,quis-ti,Phonemic,mud,,,,
1-215-308-1,kunz1244,Kunza,671,horckte,Phonemic,sand,,,,
1-215-308-3,kunz1244,Kunza,671,si-tche-re,Phonemic,sand,,,,
1-213-308-1,kunz1244,Kunza,2,pockor,Phonemic,dust,,,,
1-212-308-1,kunz1244,Kunza,1228,hoyri,Phonemic,"earth=ground, soil",,,,
1-212-308-3,kunz1244,Kunza,1228,ttunar,Phonemic,"earth=ground, soil",,,,
1-212-308-5,kunz1244,Kunza,1228,hoy-tu,Phonemic,"earth=ground, soil",,,,
1-210-308-1,kunz1244,Kunza,626,hoyri,Phonemic,"earth, land",,"Also hoi-ri; hoy-tu. Also recorded is [paatcha], prob. from Quechua 'pacha'.",,
1-210-308-3,kunz1244,Kunza,626,hoi-re,Phonemic,"earth, land",,"Also hoi-ri; hoy-tu. Also recorded is [paatcha], prob. from Quechua 'pacha'.",,
14-331-308-1,kunz1244,Kunza,703,pickum,Phonemic,soon,,Also pickulebal.,,
14-331-308-3,kunz1244,Kunza,703,pi-cun,Phonemic,soon,,Also pickulebal.,,
14-331-308-5,kunz1244,Kunza,703,pic-ku,Phonemic,soon,,Also pickulebal.,,
14-340-308-1,kunz1244,Kunza,1656,ckeleutch-auɲa,Phonemic,never,,,,
14-350-308-1,kunz1244,Kunza,204,cka-ta-sen-cul,Phonemic,again,,,,
14-410-308-1,kunz1244,Kunza,1225,ckaapin,Phonemic,day,,The former also mean 'sun' 01.520.,,
14-410-308-3,kunz1244,Kunza,1225,cap-pin,Phonemic,day,,The former also mean 'sun' 01.520.,,
14-410-308-5,kunz1244,Kunza,1225,huasina,Phonemic,day,,The former also mean 'sun' 01.520.,,
14-420-308-1,kunz1244,Kunza,1233,atán,Phonemic,night,,,,
14-420-308-3,kunz1244,Kunza,1233,tul-tur,Phonemic,night,,,,
14-420-308-5,kunz1244,Kunza,1233,ttul-ti,Phonemic,night,,,,
14-430-308-1,kunz1244,Kunza,729,lálackma,Phonemic,dawn,,,,
14-430-308-3,kunz1244,Kunza,729,ttapian,Phonemic,dawn,,,,
14-450-308-1,kunz1244,Kunza,12,cko-las,Phonemic,"noon, midday",,,,
14-460-308-1,kunz1244,Kunza,1629,tapur,Phonemic,evening,,,,
14-470-308-1,kunz1244,Kunza,1283,anuckápin,Phonemic,today,,,,
14-470-308-3,kunz1244,Kunza,1283,an-nu,Phonemic,today,,,,
14-470-308-5,kunz1244,Kunza,1283,a-nú,Phonemic,today,,,,
14-480-308-1,kunz1244,Kunza,1329,taipu,Phonemic,tomorrow,,,,
14-480-308-3,kunz1244,Kunza,1329,tai-po,Phonemic,tomorrow,,,,
14-481-308-1,kunz1244,Kunza,1179,taipu-ené,Phonemic,day-after-tomorrow,,,,
14-481-308-3,kunz1244,Kunza,1179,e-né,Phonemic,day-after-tomorrow,,,,
14-490-308-1,kunz1244,Kunza,1174,habá,Phonemic,yesterday,,Also haa-ta; hack-tu.,,
14-490-308-3,kunz1244,Kunza,1174,atta,Phonemic,yesterday,,Also haa-ta; hack-tu.,,
14-490-308-5,kunz1244,Kunza,1174,hatta,Phonemic,yesterday,,Also haa-ta; hack-tu.,,
14-491-308-1,kunz1244,Kunza,1180,aba-haba,Phonemic,day-before-yesterday,,,,
14-491-308-3,kunz1244,Kunza,1180,hat-ta-hat-cku,Phonemic,day-before-yesterday,,,,
14-710-308-1,kunz1244,Kunza,1370,ckamur,Phonemic,month,,Also means 'moon' 01.530.,,
14-710-308-3,kunz1244,Kunza,1370,ca-mur,Phonemic,month,,Also means 'moon' 01.530.,,
14-710-308-5,kunz1244,Kunza,1370,cca-mur,Phonemic,month,,Also means 'moon' 01.530.,,
14-730-308-1,kunz1244,Kunza,1226,cketi,Phonemic,year,,,,
14-730-308-3,kunz1244,Kunza,1226,quet-ti,Phonemic,year,,,,
14-740-308-1,kunz1244,Kunza,1471,tse-rar,Phonemic,winter,,Also means 'cold' 15.860.,,
15-210-308-1,kunz1244,Kunza,1587,hui-na-tur,Phonemic,smell (vb intrans),,,,
15-260-308-1,kunz1244,Kunza,42,pocknur,Phonemic,"stinking, bad smelling",,,,
15-310-308-1,kunz1244,Kunza,21,ckack-na-tur,Phonemic,taste,,,,
15-350-308-1,kunz1244,Kunza,717,gkachi,Phonemic,sweet,,,,
15-350-308-3,kunz1244,Kunza,717,ckack-tchi,Phonemic,sweet,,,,
15-360-308-1,kunz1244,Kunza,1091,ckair,Phonemic,salty,,,,
15-370-308-1,kunz1244,Kunza,887,ckannai,Phonemic,bitter,,,,
15-370-308-3,kunz1244,Kunza,887,suntchir,Phonemic,bitter,,,,
15-410-308-1,kunz1244,Kunza,1408,ye-bi-tur,Phonemic,hear,,,,
15-420-308-1,kunz1244,Kunza,1608,batc-ka-tur,Phonemic,listen,,,,
15-510-308-1,kunz1244,Kunza,1409,minck-tur,Phonemic,see,,,,
15-510-308-3,kunz1244,Kunza,1409,mi-ni-tur,Phonemic,see,,,,
15-520-308-1,kunz1244,Kunza,1819,lai-pin-tur,Phonemic,"look, look at",,,,
15-630-308-1,kunz1244,Kunza,706,seckstchar,Phonemic,dark (in color),,,,
15-640-308-1,kunz1244,Kunza,1335,tarar,Phonemic,white,,Also mean 'hard' 15.740. Also ka-nai.,,
15-640-308-3,kunz1244,Kunza,1335,tta-rar,Phonemic,white,,Also mean 'hard' 15.740. Also ka-nai.,,
15-640-308-5,kunz1244,Kunza,1335,ta-ra,Phonemic,white,,Also mean 'hard' 15.740. Also ka-nai.,,
15-640-308-7,kunz1244,Kunza,1335,tatar,Phonemic,white,,Also mean 'hard' 15.740. Also ka-nai.,,
15-650-308-1,kunz1244,Kunza,163,atchi,Phonemic,black,,,,
15-650-308-3,kunz1244,Kunza,163,haatchi,Phonemic,black,,,,
15-660-308-1,kunz1244,Kunza,156,lari,Phonemic,red,,,,
15-670-308-1,kunz1244,Kunza,837,selti,Phonemic,blue,,,,
15-680-308-1,kunz1244,Kunza,1425,ckaari,Phonemic,green,,,,
15-690-308-1,kunz1244,Kunza,1424,ckaala,Phonemic,yellow,,,,
15-710-308-1,kunz1244,Kunza,1892,ya-pa-tur,Phonemic,touch,,,,
15-712-308-1,kunz1244,Kunza,378,bi-tai-na-tur,Phonemic,pinch,,,,
15-740-308-1,kunz1244,Kunza,1884,tta-rar,Phonemic,hard,,Also mean 'white' 15.640.,,
15-740-308-3,kunz1244,Kunza,1884,tarar,Phonemic,hard,,Also mean 'white' 15.640.,,
15-750-308-1,kunz1244,Kunza,1856,hulir,Phonemic,soft,,,,
15-760-308-1,kunz1244,Kunza,1923,ckatchacka,Phonemic,rough,,,,
15-760-308-3,kunz1244,Kunza,1923,ca-cha-ca,Phonemic,rough,,,,
15-810-308-1,kunz1244,Kunza,1210,nu-nir,Phonemic,heavy,,,,
15-810-308-3,kunz1244,Kunza,1210,mu-nir,Phonemic,heavy,,,,
15-820-308-1,kunz1244,Kunza,1052,leba,Phonemic,light (in weight),,,,
15-820-308-3,kunz1244,Kunza,1052,pui-yur,Phonemic,light (in weight),,,,
15-830-308-1,kunz1244,Kunza,1726,lac-kar,Phonemic,"wet, damp",,,,
15-830-308-3,kunz1244,Kunza,1726,lackar,Phonemic,"wet, damp",,,,
15-840-308-1,kunz1244,Kunza,1398,ckein-cha,Phonemic,dry,,,,
15-850-308-1,kunz1244,Kunza,1286,capi,Phonemic,hot,,,,
15-850-308-3,kunz1244,Kunza,1286,ttami,Phonemic,hot,,,,
15-850-308-5,kunz1244,Kunza,1286,ttama,Phonemic,hot,,,,
15-850-308-7,kunz1244,Kunza,1286,tama,Phonemic,hot,,,,
15-851-308-1,kunz1244,Kunza,1232,hatur,Phonemic,warm,,,,
15-851-308-3,kunz1244,Kunza,1232,ttami,Phonemic,warm,,,,
15-851-308-5,kunz1244,Kunza,1232,tama,Phonemic,warm,,,,
15-860-308-1,kunz1244,Kunza,1287,serar,Phonemic,cold,,Also tecka; seray. Also mean 'winter' 14.740.,,
15-860-308-3,kunz1244,Kunza,1287,teckar,Phonemic,cold,,Also tecka; seray. Also mean 'winter' 14.740.,,
15-860-308-5,kunz1244,Kunza,1287,tse-rar,Phonemic,cold,,Also tecka; seray. Also mean 'winter' 14.740.,,
15-860-308-7,kunz1244,Kunza,1287,te-car,Phonemic,cold,,Also tecka; seray. Also mean 'winter' 14.740.,,
15-870-308-1,kunz1244,Kunza,704,pa-lun-tur,Phonemic,clean,,,,
15-880-308-1,kunz1244,Kunza,1230,ttanutacke,Phonemic,"dirty, soiled",,,,
15-880-308-3,kunz1244,Kunza,1230,tchicka,Phonemic,"dirty, soiled",,,,
16-230-308-1,kunz1244,Kunza,1495,coyajne,Phonemic,"joyful, glad, happy",,,,
16-250-308-1,kunz1244,Kunza,1355,letch-tur,Phonemic,laugh,,,,
16-250-308-3,kunz1244,Kunza,1355,les-tur,Phonemic,laugh,,,,
16-251-308-1,kunz1244,Kunza,1451,tesh-ma,Phonemic,smile,,,,
16-260-308-1,kunz1244,Kunza,1413,letch-tur,Phonemic,play,,Also means 'laugh' 16.250.,,
16-270-308-1,kunz1244,Kunza,923,ckip-tur,Phonemic,love,,Also qqui-pi; ke-je-pe.,,
16-270-308-3,kunz1244,Kunza,923,tchi-tac-kan-tur,Phonemic,love,,Also qqui-pi; ke-je-pe.,,
16-290-308-1,kunz1244,Kunza,578,ckist-cha-tur,Phonemic,kiss,,,,
16-290-308-3,kunz1244,Kunza,578,qui-se-ha-ma,Phonemic,kiss,,,,
16-300-308-1,kunz1244,Kunza,928,lab-un-tur,Phonemic,embrace,,,,
16-310-308-1,kunz1244,Kunza,1783,tchánima,Phonemic,pain,,,,
16-310-308-3,kunz1244,Kunza,1783,tcha-tur,Phonemic,pain,,,,
16-320-308-1,kunz1244,Kunza,1668,tchá-ni-ma,Phonemic,"grief, sorrow, sadness",,,,
16-370-308-1,kunz1244,Kunza,1839,ckeu-tur,Phonemic,"cry, weep",,,,
16-370-308-3,kunz1244,Kunza,1839,queu-ma,Phonemic,"cry, weep",,,,
16-380-308-1,kunz1244,Kunza,1651,ckepipui,Phonemic,tear (noun),,,,
16-410-308-1,kunz1244,Kunza,1607,ckois-tur,Phonemic,hate,,,,
16-410-308-3,kunz1244,Kunza,1607,ckoicks-tur,Phonemic,hate,,,,
16-410-308-5,kunz1244,Kunza,1607,coys-ma,Phonemic,hate,,,,
16-450-308-1,kunz1244,Kunza,1776,haick-tur,Phonemic,shame (noun),,,,
16-530-308-1,kunz1244,Kunza,781,cko-na-tur,Phonemic,"fear, fright",,Also cko-nao; cku-nau.,,
16-530-308-3,kunz1244,Kunza,781,cku-na-tur,Phonemic,"fear, fright",,Also cko-nao; cku-nau.,,
16-660-308-1,kunz1244,Kunza,1657,ckorinta,Phonemic,true,,Also ckeltchar; q'uelechar.,,
16-660-308-3,kunz1244,Kunza,1657,cko-rin,Phonemic,true,,Also ckeltchar; q'uelechar.,,
16-660-308-5,kunz1244,Kunza,1657,quél-char,Phonemic,true,,Also ckeltchar; q'uelechar.,,
16-670-308-1,kunz1244,Kunza,601,hee-la-ta,Phonemic,"lie, tell lies",,Also hee-la-tur; hel-la-tur.,,
16-670-308-3,kunz1244,Kunza,601,hel-la,Phonemic,"lie, tell lies",,Also hee-la-tur; hel-la-tur.,,
16-670-308-5,kunz1244,Kunza,601,se-li-ma,Phonemic,"lie, tell lies",,Also hee-la-tur; hel-la-tur.,,
16-710-308-1,kunz1244,Kunza,1035,ckack-tchi,Phonemic,good,,Also ckaa-ya; tei; ttey-ia.,,
16-710-308-3,kunz1244,Kunza,1035,cayáhia,Phonemic,good,,Also ckaa-ya; tei; ttey-ia.,,
16-710-308-5,kunz1244,Kunza,1035,khaya,Phonemic,good,,Also ckaa-ya; tei; ttey-ia.,,
16-720-308-1,kunz1244,Kunza,1292,hualcher,Phonemic,bad,,Also valcher; calc'har.,,
16-720-308-3,kunz1244,Kunza,1292,bal-tchar,Phonemic,bad,,Also valcher; calc'har.,,
16-720-308-5,kunz1244,Kunza,1292,válchar,Phonemic,bad,,Also valcher; calc'har.,,
16-810-308-1,kunz1244,Kunza,1427,nintchicks,Phonemic,beautiful,,,,
16-810-308-3,kunz1244,Kunza,1427,nin-chies,Phonemic,beautiful,,,,
16-810-308-5,kunz1244,Kunza,1427,michc-si,Phonemic,beautiful,,,,
16-820-308-1,kunz1244,Kunza,1548,itchansicks,Phonemic,ugly,,,,
16-830-308-1,kunz1244,Kunza,2018,ckanascka,Phonemic,greedy,,,,
17-160-308-1,kunz1244,Kunza,1536,hayps-ckun-tur,Phonemic,understand,,,,
17-170-308-1,kunz1244,Kunza,1410,ttu-ick-tur,Phonemic,know,,,,
17-172-308-1,kunz1244,Kunza,117,paarck-tur,Phonemic,imitate,,,,
17-172-308-3,kunz1244,Kunza,117,palck-tur,Phonemic,imitate,,,,
17-220-308-1,kunz1244,Kunza,1518,baɲuncki,Phonemic,"foolish, stupid",,,,
17-220-308-3,kunz1244,Kunza,1518,hurma,Phonemic,"foolish, stupid",,,,
17-220-308-5,kunz1244,Kunza,1518,lack-tul-va,Phonemic,"foolish, stupid",,,,
17-240-308-1,kunz1244,Kunza,504,hay-may-tier,Phonemic,learn,,,,
17-242-308-1,kunz1244,Kunza,1929,he-rab-un-tur,Phonemic,study,,,,
17-310-308-1,kunz1244,Kunza,707,tchi-tac-kan-tur,Phonemic,remember,,Also means 'love'.,,
17-320-308-1,kunz1244,Kunza,1523,ckoi-ma-tur,Phonemic,forget,,,,
17-550-308-1,kunz1244,Kunza,1268,iquiaré,Phonemic,"yes, affirmative",,,,
17-550-308-3,kunz1244,Kunza,1268,bé,Phonemic,"yes, affirmative",,,,
17-560-308-1,kunz1244,Kunza,1269,ackanu,Phonemic,"no, negative",,,,
17-560-308-3,kunz1244,Kunza,1269,sic-kin,Phonemic,"no, negative",,,,
17-560-308-5,kunz1244,Kunza,1269,sicanu,Phonemic,"no, negative",,,,
17-640-308-1,kunz1244,Kunza,1236,irintacku,Phonemic,what?,,,,
17-650-308-1,kunz1244,Kunza,1238,pinch-có,Phonemic,when?,,Also pintchicku; irorais.,,
17-650-308-3,kunz1244,Kunza,1238,pin-tchick,Phonemic,when?,,Also pintchicku; irorais.,,
17-660-308-1,kunz1244,Kunza,1237,entickiá,Phonemic,where?,,,,
17-660-308-3,kunz1244,Kunza,1237,antiquiá,Phonemic,where?,,,,
17-670-308-1,kunz1244,Kunza,727,itquiquiá,Phonemic,which?,,,,
17-680-308-1,kunz1244,Kunza,1235,iticku,Phonemic,who?,,,,
17-680-308-3,kunz1244,Kunza,1235,itiquiá,Phonemic,who?,,,,
17-680-308-5,kunz1244,Kunza,1235,itic,Phonemic,who?,,,,
18-110-308-1,kunz1244,Kunza,1363,ckoi,Phonemic,voice,,,,
18-120-308-1,kunz1244,Kunza,1261,herck-tur,Phonemic,sing,,,,
18-130-308-1,kunz1244,Kunza,715,ttac-ka-tur,Phonemic,"shout, cry out",,,,
18-130-308-3,kunz1244,Kunza,715,stac-ka-tur,Phonemic,"shout, cry out",,,,
18-170-308-1,kunz1244,Kunza,1025,ckúc-kun-tur,Phonemic,whistle,,,,
18-210-308-1,kunz1244,Kunza,1623,yoc-kon-tur,Phonemic,"speak, talk",,,,
18-210-308-3,kunz1244,Kunza,1623,yoc-on-tur,Phonemic,"speak, talk",,,,
18-220-308-1,kunz1244,Kunza,1458,ham-ma-tur,Phonemic,say,,,,
18-220-308-3,kunz1244,Kunza,1458,nib-tur,Phonemic,say,,,,
18-221-308-1,kunz1244,Kunza,1711,tchip-na-tur,Phonemic,tell story,,,,
18-280-308-1,kunz1244,Kunza,1405,tchei,Phonemic,name,,,,
18-280-308-3,kunz1244,Kunza,1405,yaclo,Phonemic,name,,,,
18-310-308-1,kunz1244,Kunza,1309,he-bi-tur,Phonemic,"ask (question, inquire)",,,,
18-320-308-1,kunz1244,Kunza,1275,ckol-back-tur,Phonemic,answer,,,,
18-350-308-1,kunz1244,Kunza,1828,tí-si-tur,Phonemic,"ask, request",,,,
18-390-308-1,kunz1244,Kunza,299,ckap-cki-tur,Phonemic,"rebuke, scold",,,,
18-410-308-1,kunz1244,Kunza,1084,cka-tur,Phonemic,call (=summon),,,,
19-110-308-1,kunz1244,Kunza,1300,lickana,Phonemic,country,,,,
19-110-308-3,kunz1244,Kunza,1300,lic-ka-na,Phonemic,country,,,,
19-110-308-5,kunz1244,Kunza,1300,li-can,Phonemic,country,,,,
19-120-308-1,kunz1244,Kunza,89,lickana,Phonemic,one's native country,,,,
19-150-308-1,kunz1244,Kunza,1391,liken,Phonemic,"city, town",,Also leri; lican capur.,,
19-150-308-3,kunz1244,Kunza,1391,lican,Phonemic,"city, town",,Also leri; lican capur.,,
19-150-308-5,kunz1244,Kunza,1391,lickan,Phonemic,"city, town",,Also leri; lican capur.,,
19-160-308-1,kunz1244,Kunza,930,lickan itchckai,Phonemic,village,,Also cka-pun; li-ken.,,
19-160-308-3,kunz1244,Kunza,930,lican ichcai,Phonemic,village,,Also cka-pun; li-ken.,,
19-210-308-1,kunz1244,Kunza,789,ckonti,Phonemic,people (populace),,Also kontya; con-ti.,,
19-210-308-3,kunz1244,Kunza,789,ckonte,Phonemic,people (populace),,Also kontya; con-ti.,,
19-210-308-5,kunz1244,Kunza,789,ckonnti,Phonemic,people (populace),,Also kontya; con-ti.,,
19-250-308-1,kunz1244,Kunza,1296,hackamur,Phonemic,"staff, walking stick",,Also means 'firewood'.,,
19-250-308-3,kunz1244,Kunza,1296,ha-cau-mur,Phonemic,"staff, walking stick",,Also means 'firewood'.,,
19-250-308-5,kunz1244,Kunza,1296,haccumur,Phonemic,"staff, walking stick",,Also means 'firewood'.,,
19-450-308-1,kunz1244,Kunza,1128,huc-kru-tur,Phonemic,"command, order",,,,
19-580-308-1,kunz1244,Kunza,1897,ye-na-pa-tur,Phonemic,"help, aid",,,,
20-110-308-1,kunz1244,Kunza,1423,cki-i-tur,Phonemic,fight (vb),,,,
20-140-308-1,kunz1244,Kunza,1338,tecumtansi,Phonemic,peace,,,,
20-230-308-1,kunz1244,Kunza,387,sippur,Phonemic,sling,,,,
20-230-308-3,kunz1244,Kunza,387,sip-pur,Phonemic,sling,,,,
20-230-308-5,kunz1244,Kunza,387,si-pur,Phonemic,sling,,,,
20-620-308-1,kunz1244,Kunza,1172,tchorck-tur,Phonemic,shoot,,,,
21-510-308-1,kunz1244,Kunza,713,tcha-pa-tur,Phonemic,steal,,,,
21-510-308-3,kunz1244,Kunza,713,tcha-pu-tur,Phonemic,steal,,,,
21-520-308-1,kunz1244,Kunza,1160,tchapuckar,Phonemic,thief,,,,
21-520-308-3,kunz1244,Kunza,1160,tcha-puc-kar,Phonemic,thief,,,,
22-120-308-1,kunz1244,Kunza,1944,ca-pim,Phonemic,God,,,,
22-350-308-1,kunz1244,Kunza,1973,cun-san-ta,Phonemic,demon (evil spirit),,,,
22-440-308-1,kunz1244,Kunza,2138,ckoi-man,Phonemic,"fairy, elf",,,,
