ID,Language_ID,Language_name,Parameter_ID,Value,Transcription,Concept,Source,Comment,AlternativeValue,AlternativeTranscription
14-320-415-1,suii1243,Sui,1852,cap.8 si.2,Phonemic,often,,,,
14-320-415-3,suii1243,Sui,1852,ʔnam.3,Phonemic,often,,,,
14-310-415-1,suii1243,Sui,1676,cuŋ.6,Phonemic,always,,,,
14-310-415-3,suii1243,Sui,1676,ʔnam.3,Phonemic,always,,,,
14-290-415-1,suii1243,Sui,790,tum.3,Phonemic,ready,,,,
14-280-415-1,suii1243,Sui,1928,taŋ.4,Phonemic,"cease, stop",,,,
14-280-415-3,suii1243,Sui,1928,ʔni.3,Phonemic,"cease, stop",,,,
14-270-415-1,suii1243,Sui,1766,he.4 śin.1,Phonemic,finish,,,,
14-260-415-1,suii1243,Sui,743,ləŋ.4,Phonemic,end (temporal),,,,
14-260-415-3,suii1243,Sui,743,lət.7,Phonemic,end (temporal),,,,
14-252-415-1,suii1243,Sui,1186,ha:p.7,Phonemic,"last, endure",,,,
14-250-415-1,suii1243,Sui,1806,laŋ.4,Phonemic,"begin, beginning",,,,
14-250-415-3,suii1243,Sui,1806,ca:u.4,Phonemic,"begin, beginning",,,,
14-250-415-5,suii1243,Sui,1806,sau.3 ca.5,Phonemic,"begin, beginning",,,,
14-240-415-1,suii1243,Sui,425,ʔda:n.5,Phonemic,"retard, delay",,,,
14-230-415-1,suii1243,Sui,754,san.4 sut.7,Phonemic,"hasten, hurry",,,,
14-220-415-1,suii1243,Sui,701,fa:n.1,Phonemic,slow,,,,
14-210-415-1,suii1243,Sui,1631,hoi.5,Phonemic,"swift, fast, quick",,,,
14-190-415-1,suii1243,Sui,1963,ta:m.1 si.2,Phonemic,immediately,,,,
14-190-415-3,suii1243,Sui,1963,ma.6 sa:ŋ.1,Phonemic,immediately,,,,
14-180-415-1,suii1243,Sui,1376,na:i.6,Phonemic,now,,,,
14-180-415-3,suii1243,Sui,1376,si.2 na:i.6,Phonemic,now,,,,
14-170-415-1,suii1243,Sui,477,fe.1,Phonemic,late,,,,
14-160-415-1,suii1243,Sui,672,ham.1,Phonemic,early,,,,
14-160-415-3,suii1243,Sui,672,qo.3,Phonemic,early,,,,
14-150-415-1,suii1243,Sui,1229,la:u.4,Phonemic,old,,,,
14-150-415-3,suii1243,Sui,1229,qa:u.5,Phonemic,old,,,,
14-140-415-1,suii1243,Sui,1207,ruŋ.5,Phonemic,young,,,,
14-120-415-1,suii1243,Sui,1789,mbe.1,Phonemic,age,,,,
14-130-415-1,suii1243,Sui,1231,mhai.5,Phonemic,new,,,,
14-110-415-1,suii1243,Sui,892,si.2 ta:i.2,Phonemic,time,,,,
13-440-415-1,suii1243,Sui,417,ha:m.1 pai.1,Phonemic,three times,,,,
13-420-415-1,suii1243,Sui,1859,tik.7 ha:m.1,Phonemic,third,,,,
13-420-415-3,suii1243,Sui,1859,ti.6 ha:m.1,Phonemic,third,,,,
13-380-415-1,suii1243,Sui,1546,ɣa.2 pai.1,Phonemic,two times,,,,
13-380-415-3,suii1243,Sui,1546,ćot.8,Phonemic,two times,,,,
13-370-415-1,suii1243,Sui,1888,cau.6,Phonemic,pair,,,,
13-360-415-1,suii1243,Sui,1384,tik.7 ńi.6,Phonemic,second,,,,
13-360-415-3,suii1243,Sui,1384,ti.6 ńi.6,Phonemic,second,,,,
13-350-415-1,suii1243,Sui,1529,ton.4 lən.2,Phonemic,last,,,,
13-350-415-3,suii1243,Sui,1529,haŋ.2 lən.2,Phonemic,last,,,,
13-340-415-1,suii1243,Sui,728,tik.7 ʔjət.7,Phonemic,first,,,,
13-340-415-3,suii1243,Sui,728,ti.6 ʔjət.7,Phonemic,first,,,,
13-330-415-1,suii1243,Sui,1580,la:u.3,Phonemic,"alone, only",,,,
13-240-415-1,suii1243,Sui,816,pa:n.5,Phonemic,half,,,,
13-240-415-3,suii1243,Sui,816,ćot.8,Phonemic,half,,,,
13-230-415-1,suii1243,Sui,779,mbja:ŋ.5,Phonemic,"part, piece",,,,
13-220-415-1,suii1243,Sui,1624,hoŋ.1,Phonemic,empty,,,,
13-220-415-3,suii1243,Sui,1624,ɣo.2,Phonemic,empty,,,,
13-210-415-1,suii1243,Sui,1429,tik.7,Phonemic,full,,,,
13-210-415-3,suii1243,Sui,1429,pən.4,Phonemic,full,,,,
13-190-415-1,suii1243,Sui,2023,tau.2 zən.1,Phonemic,"multitude, crowd",,,,
13-181-415-1,suii1243,Sui,1241,ti.3 mbja:ŋ.5,Phonemic,some,,,,
13-170-415-1,suii1243,Sui,1242,sjeu.3,Phonemic,"little (quantity), few",,,,
13-180-415-1,suii1243,Sui,1881,tum.4,Phonemic,enough,,,,
13-160-415-1,suii1243,Sui,1992,fai.3,Phonemic,more,,,,
13-160-415-3,suii1243,Sui,1992,to.1 fai.3,Phonemic,more,,,,
13-150-415-1,suii1243,Sui,1198,kuŋ.2,Phonemic,"much, many",,,,
13-150-415-3,suii1243,Sui,1198,to.1,Phonemic,"much, many",,,,
13-140-415-1,suii1243,Sui,98,liu.4,Phonemic,"every, all",,,,
13-107-415-1,suii1243,Sui,1420,jai.5,Phonemic,count,,,,
13-106-415-1,suii1243,Sui,1843,śen.1,Phonemic,thousand,,,,
13-105-415-1,suii1243,Sui,1634,pek.7,Phonemic,hundred,,,,
13-104-415-1,suii1243,Sui,1710,ńi.6 sup.8,Phonemic,twenty,,,,
13-103-415-1,suii1243,Sui,1709,sup.8 ŋo.4,Phonemic,fifteen,,,,
13-102-415-1,suii1243,Sui,1707,sup.8 ńi.6,Phonemic,twelve,,,,
13-101-415-1,suii1243,Sui,1706,sup.8 ʔjət.7,Phonemic,eleven,,,,
13-100-415-1,suii1243,Sui,1515,sup.8,Phonemic,ten,,,,
13-90-415-1,suii1243,Sui,1483,ću.3,Phonemic,nine,,,,
13-80-415-1,suii1243,Sui,1705,pa:t.7,Phonemic,eight,,,,
13-70-415-1,suii1243,Sui,1704,śat.7,Phonemic,seven,,,,
13-60-415-1,suii1243,Sui,1703,ljok.8,Phonemic,six,,,,
13-50-415-1,suii1243,Sui,493,ŋo.4,Phonemic,five,,,,
13-40-415-1,suii1243,Sui,1500,śi.5,Phonemic,four,,,,
13-20-415-1,suii1243,Sui,1498,ɣa.2,Phonemic,two,,,,
13-20-415-3,suii1243,Sui,1498,ńi.6,Phonemic,two,,,,
13-30-415-1,suii1243,Sui,492,ha:m.1,Phonemic,three,,,,
13-10-415-1,suii1243,Sui,1493,to.2,Phonemic,one,,,,
13-10-415-3,suii1243,Sui,1493,ʔjət.7,Phonemic,one,,,,
13-10-415-5,suii1243,Sui,1493,ti.3,Phonemic,one,,,,
13-0-415-1,suii1243,Sui,1294,lin.4,Phonemic,"zero, nothing",,,,
13-0-415-3,suii1243,Sui,1294,me.2,Phonemic,"zero, nothing",,,,
12-930-415-1,suii1243,Sui,1264,pjen.5,Phonemic,change,,,,
12-920-415-1,suii1243,Sui,1558,cup.7,Phonemic,"like, similar",,,,
12-920-415-3,suii1243,Sui,1558,taŋ.6,Phonemic,"like, similar",,,,
12-840-415-1,suii1243,Sui,1048,śen.1 thja:u.4,Phonemic,line,,,,
12-850-415-1,suii1243,Sui,1667,khoŋ.3,Phonemic,hole,,,,
12-850-415-3,suii1243,Sui,1667,qa:m.1,Phonemic,hole,,,,
12-830-415-1,suii1243,Sui,1845,ćhiu.4,Phonemic,"sphere, ball",,,,
12-810-415-1,suii1243,Sui,1395,qom.6 lom.6,Phonemic,round,,,,
12-820-415-1,suii1243,Sui,1467,lam.1,Phonemic,circle,,,,
12-780-415-1,suii1243,Sui,850,ljom.3,Phonemic,square,,,,
12-780-415-3,suii1243,Sui,850,fa:ŋ.1,Phonemic,square,,,,
12-770-415-1,suii1243,Sui,1367,liu.5,Phonemic,cross,,,,
12-760-415-1,suii1243,Sui,192,pa:u.1,Phonemic,corner,,,,
12-750-415-1,suii1243,Sui,1071,qhau.1,Phonemic,hook,,,,
12-740-415-1,suii1243,Sui,297,ćau.1,Phonemic,crooked,,,,
12-730-415-1,suii1243,Sui,1404,śaŋ.2,Phonemic,straight,,,,
12-710-415-1,suii1243,Sui,1633,pjeŋ.2,Phonemic,flat,,,,
12-680-415-1,suii1243,Sui,193,ʔdjai.5,Phonemic,shallow,,,,
12-670-415-1,suii1243,Sui,1593,ʔjam.1,Phonemic,deep,,,,
12-650-415-1,suii1243,Sui,2249,ʔba:ŋ.1,Phonemic,thin (in dimension),,,,
12-630-415-1,suii1243,Sui,1244,ʔna.1,Phonemic,thick (in dimension),,,,
12-620-415-1,suii1243,Sui,1267,ʔnjap.7,Phonemic,narrow,,,,
12-610-415-1,suii1243,Sui,1243,fa:ŋ.3,Phonemic,"wide, broad",,,,
12-590-415-1,suii1243,Sui,1645,ndin.3,Phonemic,short,,,,
12-580-415-1,suii1243,Sui,711,wa:ŋ.1,Phonemic,tall,,,,
12-570-415-1,suii1243,Sui,1203,ʔɣa:i.3,Phonemic,long,,,,
12-570-415-3,suii1243,Sui,1203,tjaŋ.1,Phonemic,long,,,,
12-560-415-1,suii1243,Sui,1246,ti.3,Phonemic,"small, little",,,,
12-550-415-1,suii1243,Sui,1202,la:u.4,Phonemic,"large, big",,,,
12-541-415-1,suii1243,Sui,81,sa:p.7,Phonemic,"span, fathom",,,,
12-540-415-1,suii1243,Sui,1506,tu.3 ta:k.8,Phonemic,measure,,,,
12-540-415-3,suii1243,Sui,1506,nhi.3,Phonemic,measure,,,,
12-530-415-1,suii1243,Sui,479,tom.5,Phonemic,grow,,,,
12-530-415-3,suii1243,Sui,479,hum.3,Phonemic,grow,,,,
12-480-415-1,suii1243,Sui,1595,na:n.4,Phonemic,south,,,,
12-470-415-1,suii1243,Sui,1598,pak.7,Phonemic,north,,,,
12-470-415-3,suii1243,Sui,1598,pe.2,Phonemic,north,,,,
12-460-415-1,suii1243,Sui,1817,ʔwa:ŋ.5 nda.1 wan.1 tok.7,Phonemic,west,,,,
12-460-415-3,suii1243,Sui,1817,si.3,Phonemic,west,,,,
12-450-415-1,suii1243,Sui,1877,ʔwa:ŋ.1 nda.1 wan.1 ʔuk.7,Phonemic,east,,,,
12-450-415-3,suii1243,Sui,1877,tuŋ.3,Phonemic,east,,,,
12-430-415-1,suii1243,Sui,1942,phjai.5,Phonemic,near (adv),,,,
12-430-415-3,suii1243,Sui,1942,ʔdi.1,Phonemic,near (adv),,,,
12-420-415-1,suii1243,Sui,244,ʔwa:ŋ.5 si.4,Phonemic,left (side),,,,
12-410-415-1,suii1243,Sui,1019,ʔwa:ŋ.5 fa.1,Phonemic,right (side),,,,
12-370-415-1,suii1243,Sui,1093,tum.3 ta.5,Phonemic,"middle, center",,,,
12-360-415-1,suii1243,Sui,682,ʔwa:ŋ.5,Phonemic,side,,,,
12-353-415-1,suii1243,Sui,863,tjem.6,Phonemic,edge,,,,
12-352-415-1,suii1243,Sui,372,śa.1,Phonemic,pointed,,,,
12-350-415-1,suii1243,Sui,742,jut.7 ton.4,Phonemic,end,,,,
12-340-415-1,suii1243,Sui,690,te.3,Phonemic,bottom,,,,
12-320-415-1,suii1243,Sui,721,ndam.5,Phonemic,low,,,,
12-330-415-1,suii1243,Sui,1753,qum.4,Phonemic,top,,,,
12-310-415-1,suii1243,Sui,1265,wa:ŋ.1,Phonemic,high,,,,
12-270-415-1,suii1243,Sui,602,piu.3,Phonemic,"hide, conceal",,,,
12-250-415-1,suii1243,Sui,1046,ŋap.8,Phonemic,"shut, close",,,,
12-260-415-1,suii1243,Sui,761,qum.5,Phonemic,cover,,,,
12-240-415-1,suii1243,Sui,1156,ŋai.1,Phonemic,open,,,,
12-232-415-1,suii1243,Sui,1119,pan.1,Phonemic,divide,,,,
12-230-415-1,suii1243,Sui,1359,tu.3 pan.1,Phonemic,separate,,,,
12-220-415-1,suii1243,Sui,1743,tu.3 ha:p.7,Phonemic,"join, unite",,,,
12-213-415-1,suii1243,Sui,1576,thom.3,Phonemic,pile up,,,,
12-213-415-3,suii1243,Sui,1576,tap.8,Phonemic,pile up,,,,
12-212-415-1,suii1243,Sui,371,cəp.7,Phonemic,pick up,,,,
12-210-415-1,suii1243,Sui,7,ɣup.7,Phonemic,"collect, gather",,,,
12-170-415-1,suii1243,Sui,838,ʔdja.1,Phonemic,"remains, left overs",,,,
12-160-415-1,suii1243,Sui,987,ńa:u.6,Phonemic,"remain, stay",,,,
12-150-415-1,suii1243,Sui,1442,ʔjon.1,Phonemic,stand,,,,
12-140-415-1,suii1243,Sui,215,nun.2,Phonemic,lie down,,,,
12-140-415-3,suii1243,Sui,215,ʔniŋ.3,Phonemic,lie down,,,,
12-130-415-1,suii1243,Sui,1416,hui.6,Phonemic,sit,,,,
12-130-415-3,suii1243,Sui,1416,fui.6,Phonemic,sit,,,,
12-120-415-1,suii1243,Sui,998,man.6,Phonemic,put,,,,
12-110-415-1,suii1243,Sui,723,hən.2,Phonemic,place,,,,
12-80-415-1,suii1243,Sui,1591,ʔwa:ŋ.5 ʔu.1,Phonemic,"up, above",,,,
12-80-415-3,suii1243,Sui,1591,ʔu.1,Phonemic,"up, above",,,,
12-70-415-1,suii1243,Sui,1485,ʔwa:ŋ.5 te.3,Phonemic,under,,,,
12-70-415-3,suii1243,Sui,1485,te.3,Phonemic,under,,,,
12-60-415-1,suii1243,Sui,762,ʔwa:ŋ.5 ʔnuk.7,Phonemic,outside,,,,
12-60-415-3,suii1243,Sui,762,ʔnuk.7,Phonemic,outside,,,,
12-50-415-1,suii1243,Sui,1606,ʔwa:ŋ.5 ra:u.3,Phonemic,"inside, in",,,,
12-50-415-3,suii1243,Sui,1606,ra:u.3,Phonemic,"inside, in",,,,
12-41-415-1,suii1243,Sui,1883,ʔwa:ŋ.5 ʔna.3,Phonemic,front,,,,
12-41-415-3,suii1243,Sui,1883,ʔna.3,Phonemic,front,,,,
12-40-415-1,suii1243,Sui,1882,kon.5,Phonemic,before,,,,
12-30-415-1,suii1243,Sui,2094,ʔwa:ŋ.5 te.3,Phonemic,"down, below",,,,
12-30-415-3,suii1243,Sui,2094,te.3,Phonemic,"down, below",,,,
12-20-415-1,suii1243,Sui,1816,ʔwa:ŋ.5 ća:i.5,Phonemic,beside,,,,
12-20-415-3,suii1243,Sui,1816,ća:i.5,Phonemic,beside,,,,
12-11-415-1,suii1243,Sui,1686,ʔwa:ŋ.5 lən.2,Phonemic,behind,,,,
12-11-415-3,suii1243,Sui,1686,lən.2,Phonemic,behind,,,,
12-10-415-1,suii1243,Sui,1685,hoŋ.6,Phonemic,after,,,,
11-920-415-1,suii1243,Sui,1098,ndaŋ.5,Phonemic,weigh,,,,
11-890-415-1,suii1243,Sui,1887,cjen.6,Phonemic,cheap,,,,
11-880-415-1,suii1243,Sui,1426,mbiŋ.1,Phonemic,"dear (costly, expensive)",,,,
11-870-415-1,suii1243,Sui,657,ma.6 śen.2,Phonemic,price,,,,
11-870-415-3,suii1243,Sui,657,ra.5 śen.2,Phonemic,price,,,,
11-860-415-1,suii1243,Sui,752,sa:ŋ.3 tjan.1,Phonemic,"store, shop",,,,
11-850-415-1,suii1243,Sui,633,qe.4,Phonemic,market (place),,,,
11-840-415-1,suii1243,Sui,1082,ʔai.3 he.4 fa:n.5,Phonemic,merchant,,,,
11-830-415-1,suii1243,Sui,2135,pe.1 ndjai.3,Phonemic,"trade, barter",,,,
11-830-415-3,suii1243,Sui,2135,mau.1 ji.1,Phonemic,"trade, barter",,,,
11-820-415-1,suii1243,Sui,1571,pe.1,Phonemic,sell,,,,
11-810-415-1,suii1243,Sui,1869,ndjai.3,Phonemic,buy,,,,
11-780-415-1,suii1243,Sui,1122,śen.2 qoŋ.1,Phonemic,wages,,,,
11-770-415-1,suii1243,Sui,856,tha:u.3,Phonemic,hire,,,,
11-690-415-1,suii1243,Sui,873,sjoi.5,Phonemic,"tax, tribute",,,,
11-660-415-1,suii1243,Sui,1081,cja:ŋ.1,Phonemic,"account, reckoning",,,,
11-660-415-3,suii1243,Sui,1081,son.5 cja:ŋ.1,Phonemic,"account, reckoning",,,,
11-650-415-1,suii1243,Sui,718,ha:i.1,Phonemic,pay (vb),,,,
11-640-415-1,suii1243,Sui,1914,kha:ŋ.1,Phonemic,debt,,,,
11-630-415-1,suii1243,Sui,369,ʔam.5,Phonemic,owe,,,,
11-630-415-3,suii1243,Sui,369,sjeu.3,Phonemic,owe,,,,
11-620-415-1,suii1243,Sui,1823,ʔja:m.1,Phonemic,borrow,,,,
11-620-415-3,suii1243,Sui,1823,ʔja:m.1 taŋ.1 joŋ.6,Phonemic,borrow,,,,
11-610-415-1,suii1243,Sui,582,ʔja:m.1 ha:i.1,Phonemic,lend,,,,
11-540-415-1,suii1243,Sui,1774,loŋ.2 ti.3,Phonemic,"avaricious, stingy",,,,
11-540-415-3,suii1243,Sui,1774,khau.4,Phonemic,"avaricious, stingy",,,,
11-540-415-5,suii1243,Sui,1774,ɣat.7,Phonemic,"avaricious, stingy",,,,
11-530-415-1,suii1243,Sui,1934,ka.4 sa.5,Phonemic,beggar,,,,
11-520-415-1,suii1243,Sui,1674,ho.3,Phonemic,poor,,,,
11-510-415-1,suii1243,Sui,712,fu.5,Phonemic,rich,,,,
11-430-415-1,suii1243,Sui,1559,śen.2,Phonemic,money,,,,
11-340-415-1,suii1243,Sui,1095,hoŋ.5 pa:i.1,Phonemic,"release, let go",,,,
11-330-415-1,suii1243,Sui,1660,tha.1,Phonemic,lose,,,,
11-320-415-1,suii1243,Sui,719,tha:u.3 thau.5,Phonemic,find,,,,
11-310-415-1,suii1243,Sui,1468,tha:u.3,Phonemic,"seek, look for",,,,
11-310-415-3,suii1243,Sui,1468,la.6,Phonemic,"seek, look for",,,,
11-280-415-1,suii1243,Sui,44,he.4 pha.5,Phonemic,"harm, injure, damage",,,,
11-280-415-3,suii1243,Sui,44,sən.6 ha:i.5,Phonemic,"harm, injure, damage",,,,
11-280-415-5,suii1243,Sui,44,sja:ŋ.3,Phonemic,"harm, injure, damage",,,,
11-270-415-1,suii1243,Sui,681,he.5 pha.5,Phonemic,destroy,,,,
11-250-415-1,suii1243,Sui,2008,ciu.5,Phonemic,"save, rescue",,,,
11-240-415-1,suii1243,Sui,1997,ca:n.1 ku.1,Phonemic,"preserve, look after",,,,
11-240-415-3,suii1243,Sui,1997,su.3,Phonemic,"preserve, look after",,,,
11-220-415-1,suii1243,Sui,85,thi.5,Phonemic,give back,,,,
11-220-415-3,suii1243,Sui,85,fa:n.4,Phonemic,give back,,,,
11-210-415-1,suii1243,Sui,1447,ha:i.1,Phonemic,give,,,,
11-180-415-1,suii1243,Sui,738,ɣau.5,Phonemic,thing,,,,
11-180-415-3,suii1243,Sui,738,toŋ.1 se.1,Phonemic,thing,,,,
11-160-415-1,suii1243,Sui,694,ʔdai.3,Phonemic,"get, obtain",,,,
11-150-415-1,suii1243,Sui,1448,ʔńam.1,Phonemic,hold,,,,
11-140-415-1,suii1243,Sui,2021,koi.2,Phonemic,"seize, grasp",,,,
11-140-415-3,suii1243,Sui,2021,hap.7,Phonemic,"seize, grasp",,,,
11-130-415-1,suii1243,Sui,1749,ʔa:u.1,Phonemic,take,,,,
11-120-415-1,suii1243,Sui,684,juŋ.6 ʔnaŋ.1,Phonemic,"own, possess",,,,
11-120-415-3,suii1243,Sui,684,ca:n.1,Phonemic,"own, possess",,,,
11-110-415-1,suii1243,Sui,773,ʔnaŋ.1,Phonemic,have,,,,
10-852-415-1,suii1243,Sui,1849,qo.1 lwa.1,Phonemic,row (vb),,,,
10-850-415-1,suii1243,Sui,108,mai.4 qo.1 lwa.1,Phonemic,oar,,,,
10-840-415-1,suii1243,Sui,1664,pa:i.2 fan.1,Phonemic,raft,,,,
10-831-415-1,suii1243,Sui,1970,pa:i.2,Phonemic,canoe,,,,
10-830-415-1,suii1243,Sui,1844,lwa.1 ti.3,Phonemic,boat,,,,
10-810-415-1,suii1243,Sui,740,lwa.1 la:u.4,Phonemic,ship,,,,
10-780-415-1,suii1243,Sui,14,ʔjit.7,Phonemic,yoke,,CHE,,
10-760-415-1,suii1243,Sui,710,quk.8 luk.8 chə.3,Phonemic,wheel,,,,
10-750-415-1,suii1243,Sui,122,chə.3,Phonemic,"carriage, wagon, cart",,,,
10-740-415-1,suii1243,Sui,1011,lo.4,Phonemic,bridge,,,,
10-740-415-3,suii1243,Sui,1011,ćiu.2,Phonemic,bridge,,,,
10-720-415-1,suii1243,Sui,2252,khun.1 ti.3,Phonemic,path,,,,
10-710-415-1,suii1243,Sui,667,khun.1,Phonemic,road,,,,
10-670-415-1,suii1243,Sui,1452,koŋ.3,Phonemic,"push, shove",,,,
10-660-415-1,suii1243,Sui,367,ci.6,Phonemic,ride,,,,
10-650-415-1,suii1243,Sui,741,ća.1 sɨ.6,Phonemic,drive,,,,
10-640-415-1,suii1243,Sui,43,tai.2 khun.1,Phonemic,lead (vb),,,,
10-630-415-1,suii1243,Sui,1127,ći.1,Phonemic,send,,,,
10-620-415-1,suii1243,Sui,692,kam.3 tai.2,Phonemic,bring,,,,
10-615-415-1,suii1243,Sui,415,qap.7,Phonemic,carry-underarm,,,,
10-614-415-1,suii1243,Sui,414,seŋ.5,Phonemic,carry-on-head,,,,
10-613-415-1,suii1243,Sui,413,ʔun.1,Phonemic,carry-on-shoulder,,,,
10-612-415-1,suii1243,Sui,412,tjoŋ.6,Phonemic,carry-in-hand,,,,
10-610-415-1,suii1243,Sui,700,tai.2,Phonemic,carry (bear),,,,
10-570-415-1,suii1243,Sui,749,taŋ.1 ra:u.3,Phonemic,enter,,,,
10-560-415-1,suii1243,Sui,1778,mba.3,Phonemic,approach,,,,
10-550-415-1,suii1243,Sui,1387,thau.5,Phonemic,"reach, arrive",,,,
10-530-415-1,suii1243,Sui,1047,tat.8,Phonemic,pursue,,,,
10-530-415-3,suii1243,Sui,1047,cek.8,Phonemic,pursue,,,,
10-520-415-1,suii1243,Sui,1085,ʔnjam.5,Phonemic,follow,,,,
10-510-415-1,suii1243,Sui,956,nda:n.5,Phonemic,flee,,,,
10-491-415-1,suii1243,Sui,485,phja:m.1,Phonemic,disappear,,,,
10-490-415-1,suii1243,Sui,1752,man.6,Phonemic,"go away, depart",,,,
10-490-415-3,suii1243,Sui,1752,laŋ.1 pa:i.1,Phonemic,"go away, depart",,,,
10-481-415-1,suii1243,Sui,581,fan.6 taŋ.1,Phonemic,come back,,CHECK,,
10-481-415-3,suii1243,Sui,581,fan lən.2,Phonemic,come back,,CHECK,,
10-480-415-1,suii1243,Sui,1446,taŋ.1,Phonemic,come,,,,
10-480-415-3,suii1243,Sui,1446,ma.1,Phonemic,come,,,,
10-474-415-1,suii1243,Sui,1107,pa:i.1 ʔnuk.7,Phonemic,go out,,,,
10-473-415-1,suii1243,Sui,2014,ho.4 lui.5 pa:i.1,Phonemic,go down,,,,
10-472-415-1,suii1243,Sui,1102,ho.4 sa.4 ha:t.8,Phonemic,climb,,,,
10-470-415-1,suii1243,Sui,695,pa:i.1,Phonemic,go,,,,
10-471-415-1,suii1243,Sui,705,ho.4 sa.5 pa:i.1,Phonemic,go up,,,,
10-460-415-1,suii1243,Sui,1519,pja:u.5,Phonemic,run,,,,
10-451-415-1,suii1243,Sui,366,kwa.2,Phonemic,limp,,,,
10-450-415-1,suii1243,Sui,1443,sa:m.3,Phonemic,walk,,,,
10-440-415-1,suii1243,Sui,1879,tiu.2 wom.6 wom.6,Phonemic,dance,,,,
10-431-415-1,suii1243,Sui,1135,ta:p.8,Phonemic,kick,,,,
10-431-415-3,suii1243,Sui,1135,that.7,Phonemic,kick,,,,
10-430-415-1,suii1243,Sui,1829,tiu.2,Phonemic,"jump, leap",,,,
10-430-415-3,suii1243,Sui,1829,kwa.2,Phonemic,"jump, leap",,,,
10-420-415-1,suii1243,Sui,1324,pat.8,Phonemic,"slide, slip",,,,
10-413-415-1,suii1243,Sui,296,pok.8,Phonemic,crouch,,,,
10-413-415-3,suii1243,Sui,296,soŋ.1,Phonemic,crouch,,,,
10-412-415-1,suii1243,Sui,66,ćok.8,Phonemic,kneel,,,,
10-410-415-1,suii1243,Sui,96,lwan.2,Phonemic,"creep, crawl",,,,
10-410-415-3,suii1243,Sui,96,la.5,Phonemic,"creep, crawl",,,,
10-410-415-5,suii1243,Sui,96,ha:t.8,Phonemic,"creep, crawl",,,,
10-380-415-1,suii1243,Sui,175,hup.8,Phonemic,blow,,,,
10-380-415-3,suii1243,Sui,175,ʔo.5,Phonemic,blow,,,,
10-370-415-1,suii1243,Sui,1441,win.3,Phonemic,fly (vb),,,,
10-352-415-1,suii1243,Sui,365,sjan.5 nam.3,Phonemic,splash,,,,
10-352-415-3,suii1243,Sui,365,ʔjau.5 nam.3,Phonemic,splash,,,,
10-351-415-1,suii1243,Sui,119,nhjap.7,Phonemic,dive,,,,
10-350-415-1,suii1243,Sui,1439,lui.2 nam.3,Phonemic,swim,,,,
10-340-415-1,suii1243,Sui,1574,ʔmoŋ.1,Phonemic,float,,,,
10-340-415-3,suii1243,Sui,1574,thu.1,Phonemic,float,,,,
10-330-415-1,suii1243,Sui,1088,ʔɣam.1,Phonemic,sink,,,,
10-320-415-1,suii1243,Sui,2003,lui.5,Phonemic,flow,,,,
10-260-415-1,suii1243,Sui,1909,nhai.1,Phonemic,shake,,,,
10-252-415-1,suii1243,Sui,702,koi.2,Phonemic,catch (ball),,,,
10-252-415-3,suii1243,Sui,702,hap.7,Phonemic,catch (ball),,,,
10-250-415-1,suii1243,Sui,1456,peŋ.5,Phonemic,throw,,,,
10-240-415-1,suii1243,Sui,2253,ljət.7,Phonemic,drip,,,,
10-230-415-1,suii1243,Sui,1280,tok.7,Phonemic,fall,,,,
10-220-415-1,suii1243,Sui,501,tjem.1,Phonemic,"raise, lift",,,,
10-220-415-3,suii1243,Sui,501,jaŋ.4,Phonemic,"raise, lift",,,,
10-210-415-1,suii1243,Sui,568,ʔuk.7,Phonemic,rise,,,,
10-170-415-1,suii1243,Sui,430,pan.5,Phonemic,twist,,,,
10-170-415-3,suii1243,Sui,430,ʔbjət.7,Phonemic,twist,,,,
10-170-415-5,suii1243,Sui,430,ćau.1 ćeu.3,Phonemic,twist,,,,
10-160-415-1,suii1243,Sui,808,tok.7,Phonemic,drop (vb),,,,
10-160-415-3,suii1243,Sui,808,lut.7,Phonemic,drop (vb),,,,
10-150-415-1,suii1243,Sui,827,ćon.6,Phonemic,roll,,,,
10-140-415-1,suii1243,Sui,1113,tuk.7,Phonemic,"wind, wrap",,,,
10-130-415-1,suii1243,Sui,1445,ta:u.5 lən.2,Phonemic,turn around,,,,
10-130-415-3,suii1243,Sui,1445,fan.6 lən.2,Phonemic,turn around,,,,
10-120-415-1,suii1243,Sui,1588,phja.3,Phonemic,turn over,,,,
10-120-415-3,suii1243,Sui,1588,lin.3,Phonemic,turn over,,,,
10-110-415-1,suii1243,Sui,765,cun.3,Phonemic,move,,,,
10-110-415-3,suii1243,Sui,765,ŋhai.1,Phonemic,move,,,,
9-890-415-1,suii1243,Sui,2001,ho.4 ndak.7,Phonemic,paint (vb),,,,
9-840-415-1,suii1243,Sui,1979,śiu.5,Phonemic,chisel,,,,
9-880-415-1,suii1243,Sui,647,hat.7,Phonemic,paint (noun),,,,
9-880-415-3,suii1243,Sui,647,ndak.7,Phonemic,paint (noun),,,,
9-810-415-1,suii1243,Sui,228,qok.7,Phonemic,carve,,,,
9-791-415-1,suii1243,Sui,360,fen.5,Phonemic,fan (vb),,,,
9-790-415-1,suii1243,Sui,1971,sjen.5,Phonemic,fan (noun),,,,
9-780-415-1,suii1243,Sui,293,sa:u.1 ćiu.3,Phonemic,netbag,,,,
9-770-415-1,suii1243,Sui,195,tjem.4,Phonemic,mat,,,,
9-760-415-1,suii1243,Sui,1539,tjau.5,Phonemic,basket,,,,
9-750-415-1,suii1243,Sui,1729,lja.1,Phonemic,"weave, plait",,,,
9-740-415-1,suii1243,Sui,604,po.3 li.4,Phonemic,glass,,,,
9-730-415-1,suii1243,Sui,1399,hum.5,Phonemic,clay,,,,
9-730-415-3,suii1243,Sui,1399,khəm.5,Phonemic,clay,,,,
9-720-415-1,suii1243,Sui,289,he.4 mu.2 śin.4,Phonemic,mold (clay etc),,,,
9-690-415-1,suii1243,Sui,358,śek.7,Phonemic,"tin, tinplate",,,,
9-680-415-1,suii1243,Sui,627,ćha:n.2,Phonemic,lead (noun),,,,
9-670-415-1,suii1243,Sui,621,śət.7,Phonemic,iron,,,,
9-660-415-1,suii1243,Sui,1825,toŋ.2,Phonemic,"copper, bronze",,,,
9-650-415-1,suii1243,Sui,759,ńan.2,Phonemic,silver,,,,
9-640-415-1,suii1243,Sui,1369,ćum.1,Phonemic,gold,,,,
9-630-415-1,suii1243,Sui,211,ʔjau.5,Phonemic,cast (metals),,,,
9-620-415-1,suii1243,Sui,1648,na:n.4 śət.7,Phonemic,anvil,,,,
9-610-415-1,suii1243,Sui,288,ljan.1 śət.7,Phonemic,forge,,,,
9-600-415-1,suii1243,Sui,1001,ha:ŋ.6 śət.7,Phonemic,"smith, blacksmith",,,,
9-560-415-1,suii1243,Sui,1069,nam.3 ća:u.3,Phonemic,glue,,,,
9-500-415-1,suii1243,Sui,502,tjeŋ.1,Phonemic,nail,,,,
9-490-415-1,suii1243,Sui,1481,ʔnon.5 (v.),Phonemic,hammer,,,,
9-490-415-3,suii1243,Sui,1481,cui.2 śət.7 (n.),Phonemic,hammer,,,,
9-480-415-1,suii1243,Sui,1948,ću.5 (v.n.),Phonemic,saw,,,,
9-461-415-1,suii1243,Sui,46,qok.7,Phonemic,hollow out,,,,
9-461-415-3,suii1243,Sui,46,cət.8,Phonemic,hollow out,,,,
9-460-415-1,suii1243,Sui,1501,kam.4 son.1,Phonemic,bore,,,,
9-440-415-1,suii1243,Sui,1840,he.4,Phonemic,build,,,,
9-440-415-3,suii1243,Sui,1840,ʔda.1,Phonemic,build,,,,
9-430-415-1,suii1243,Sui,1042,ʔai.3 ha:ŋ.6 mai.4,Phonemic,carpenter,,,,
9-422-415-1,suii1243,Sui,1361,ća.3,Phonemic,tool,,,,
9-422-415-3,suii1243,Sui,1361,tśa.3 sa:i.4,Phonemic,tool,,,,
9-380-415-1,suii1243,Sui,245,mai.4 tjət.7,Phonemic,broom,,,,
9-360-415-1,suii1243,Sui,1453,suk.8,Phonemic,wash,,,,
9-360-415-3,suii1243,Sui,1453,lak.7,Phonemic,wash,,,,
9-370-415-1,suii1243,Sui,230,tjət.7,Phonemic,sweep,,,,
9-350-415-1,suii1243,Sui,1487,ɣən.6,Phonemic,pour,,,,
9-350-415-3,suii1243,Sui,1487,ʔjau.5,Phonemic,pour,,,,
9-343-415-1,suii1243,Sui,1414,pan.3,Phonemic,"squeeze, wring",,,,
9-342-415-1,suii1243,Sui,1913,śan.4,Phonemic,press,,,,
9-341-415-1,suii1243,Sui,357,saŋ.2,Phonemic,hang up,,,,
9-340-415-1,suii1243,Sui,38,ʔdjan.5 phjoŋ.1,Phonemic,spread out,,,,
9-330-415-1,suii1243,Sui,1455,tjət.8,Phonemic,pull,,,,
9-330-415-3,suii1243,Sui,1455,ʔda:k.7,Phonemic,pull,,,,
9-320-415-1,suii1243,Sui,214,śon.4,Phonemic,stretch,,,,
9-310-415-1,suii1243,Sui,1449,njut.7,Phonemic,"rub, wipe",,,,
9-290-415-1,suii1243,Sui,291,phjok.7,Phonemic,"flay, skin",,,,
9-280-415-1,suii1243,Sui,1735,sit.7,Phonemic,tear,,,,
9-280-415-3,suii1243,Sui,1735,pja:k.7,Phonemic,tear,,,,
9-270-415-1,suii1243,Sui,1437,la.5,Phonemic,split,,,,
9-261-415-1,suii1243,Sui,588,tiu.5,Phonemic,broken,,,,
9-261-415-3,suii1243,Sui,588,he.5,Phonemic,broken,,,,
9-260-415-1,suii1243,Sui,680,tak.7,Phonemic,break,,,,
9-260-415-3,suii1243,Sui,680,ʔeu.3,Phonemic,break,,,,
9-250-415-1,suii1243,Sui,677,kwa:n.1,Phonemic,ax,,,,
9-240-415-1,suii1243,Sui,356,ju.1,Phonemic,"scissors, shears",,,,
9-240-415-3,suii1243,Sui,356,jiu.1,Phonemic,"scissors, shears",,,,
9-230-415-1,suii1243,Sui,1352,mit.8,Phonemic,knife,,,,
9-223-415-1,suii1243,Sui,1434,kam.4,Phonemic,stab,,,,
9-223-415-3,suii1243,Sui,1434,ta:k.7,Phonemic,stab,,,,
9-222-415-1,suii1243,Sui,155,te.5 tjak.7,Phonemic,"chop, hew",,,,
9-221-415-1,suii1243,Sui,355,pjam.3 ta:u.5,Phonemic,cut down,,,,
9-221-415-3,suii1243,Sui,355,ha.3 ta:u.5,Phonemic,cut down,,,,
9-220-415-1,suii1243,Sui,1432,qat.7,Phonemic,cut,,,,
9-211-415-1,suii1243,Sui,354,ćon.2 ta:t.7,Phonemic,pound with fist,,,,
9-210-415-1,suii1243,Sui,2133,ta:t.7,Phonemic,"strike (hit, beat)",,,,
9-210-415-3,suii1243,Sui,2133,ʔnon.5,Phonemic,"strike (hit, beat)",,,,
9-210-415-5,suii1243,Sui,2133,ta.3,Phonemic,"strike (hit, beat)",,,,
9-192-415-1,suii1243,Sui,760,qut.7,Phonemic,knot (noun),,,,
9-190-415-1,suii1243,Sui,1218,la:k.7,Phonemic,"rope, cord",,,,
9-180-415-1,suii1243,Sui,1627,la:k.7,Phonemic,chain,,,,
9-161-415-1,suii1243,Sui,352,ci.5,Phonemic,untie,,,,
9-160-415-1,suii1243,Sui,1917,phan.1,Phonemic,"tie, bind",,,,
9-150-415-1,suii1243,Sui,1470,ljom.3,Phonemic,fold,,,,
9-140-415-1,suii1243,Sui,2004,ćau.1,Phonemic,bend,,,,
9-140-415-3,suii1243,Sui,2004,cəm.3,Phonemic,bend,,,,
9-120-415-1,suii1243,Sui,984,he.4 qoŋ.1,Phonemic,work,,,,
9-110-415-1,suii1243,Sui,2575,he.4,Phonemic,"do, make",,,,
9-110-415-3,suii1243,Sui,2575,ho.4,Phonemic,"do, make",,,,
8-980-415-1,suii1243,Sui,641,ra.1,Phonemic,mushroom,,,,
8-960-415-1,suii1243,Sui,348,tu.2,Phonemic,fish poison (root),,,,
8-941-415-1,suii1243,Sui,146,ʔui.3,Phonemic,sugar cane,,,,
8-940-415-1,suii1243,Sui,1927,fan.1,Phonemic,bamboo,,,,
8-931-415-1,suii1243,Sui,864,pu.2,Phonemic,"pumpkin, squash",,,,
8-930-415-1,suii1243,Sui,411,pjo.6,Phonemic,gourd,,,,
8-930-415-3,suii1243,Sui,411,pu.6,Phonemic,gourd,,,,
8-920-415-1,suii1243,Sui,925,mu.2 su.2,Phonemic,"tapioca, manioc, cassava",,,,
8-910-415-1,suii1243,Sui,159,man.2 ha:n.3,Phonemic,sweet potato,,,,
8-850-415-1,suii1243,Sui,346,mai.4 joŋ.2,Phonemic,banyan,,,,
8-840-415-1,suii1243,Sui,868,mai.4 śa:ŋ.3 cja:u.3,Phonemic,banana tree,,,,
8-830-415-1,suii1243,Sui,1126,qa:m.5,Phonemic,citrus fruit,,,,
8-830-415-3,suii1243,Sui,1126,fa:ŋ.4 ko.6,Phonemic,citrus fruit,,,,
8-760-415-1,suii1243,Sui,345,ha:u.2 mai.4,Phonemic,sap,,,,
8-750-415-1,suii1243,Sui,1204,pi.2 mai.4,Phonemic,bark,,,,
8-740-415-1,suii1243,Sui,409,ka:m.3 mai.4,Phonemic,forked branch,,,,
8-730-415-1,suii1243,Sui,344,ni.4 mai.4,Phonemic,tree trunk,,,,
8-720-415-1,suii1243,Sui,241,kun.5 mai.4,Phonemic,tree stump,,,,
8-691-415-1,suii1243,Sui,1124,qam.4 toŋ.2,Phonemic,pipe,,,,
8-690-415-1,suii1243,Sui,1689,śut.7,Phonemic,smoke (tobacco),,,,
8-690-415-3,suii1243,Sui,1689,jen.3,Phonemic,smoke (tobacco),,,,
8-680-415-1,suii1243,Sui,974,ʔjen.1,Phonemic,tobacco,,,,
8-670-415-1,suii1243,Sui,343,ja:u.1,Phonemic,vine,,,,
8-650-415-1,suii1243,Sui,1915,thoŋ.3 mai.4 ti.3,Phonemic,fir,,,,
8-640-415-1,suii1243,Sui,1740,mai.4 so.3,Phonemic,pine,,,,
8-620-415-1,suii1243,Sui,1950,mai.4 ŋau.6,Phonemic,beech,,,,
8-600-415-1,suii1243,Sui,906,mai.4,Phonemic,tree,,,,
8-570-415-1,suii1243,Sui,239,nuk.8,Phonemic,flower,,,,
8-560-415-1,suii1243,Sui,628,wa.5,Phonemic,leaf,,,,
8-550-415-1,suii1243,Sui,1531,ʔa.5 mai.4,Phonemic,branch,,,,
8-540-415-1,suii1243,Sui,670,ha:ŋ.1,Phonemic,root,,,,
8-531-415-1,suii1243,Sui,1486,mbja.1,Phonemic,plant (vb),,,,
8-520-415-1,suii1243,Sui,342,ńha:ŋ.3,Phonemic,hay,,,,
8-510-415-1,suii1243,Sui,606,kaŋ.1,Phonemic,grass,,,,
8-480-415-1,suii1243,Sui,926,ʔau.4,Phonemic,rice,,,,
8-470-415-1,suii1243,Sui,506,ʔau.4 mek.8,Phonemic,"maize, corn",,,,
8-460-415-1,suii1243,Sui,60,ʔau.4 ʔboŋ.5,Phonemic,oats,,,,
8-430-415-1,suii1243,Sui,1077,ʔau.4 mo.6 mjen.6,Phonemic,wheat,,,,
8-440-415-1,suii1243,Sui,932,ʔau.4 mo.6 la:u.4,Phonemic,barley,,,,
8-420-415-1,suii1243,Sui,605,ʔau.4,Phonemic,"grain (barley, oats etc)",,,,
8-410-415-1,suii1243,Sui,611,kam.3 miu.2,Phonemic,"crop, harvest",,,,
8-410-415-3,suii1243,Sui,611,miu.2,Phonemic,"crop, harvest",,,,
8-340-415-1,suii1243,Sui,285,tjap.7 ʔau.4,Phonemic,thresh,,,,
8-340-415-3,suii1243,Sui,285,tui.2 ʔau.4,Phonemic,thresh,,,,
8-330-415-1,suii1243,Sui,2132,ljem.4,Phonemic,"sickle, scythe",,,,
8-320-415-1,suii1243,Sui,190,qat.7,Phonemic,"mow, reap",,,,
8-320-415-3,suii1243,Sui,190,ʔa:u.1,Phonemic,"mow, reap",,,,
8-311-415-1,suii1243,Sui,714,wan.1,Phonemic,seed,,,,
8-310-415-1,suii1243,Sui,748,tau.5,Phonemic,sow,,,,
8-270-415-1,suii1243,Sui,338,pa.2,Phonemic,rake,,,,
8-260-415-1,suii1243,Sui,337,sa.1,Phonemic,fork,,,,
8-250-415-1,suii1243,Sui,284,kwa:k.7,Phonemic,hoe,,,,
8-250-415-3,suii1243,Sui,284,ne.2,Phonemic,hoe,,,,
8-240-415-1,suii1243,Sui,1901,ka:k.7,Phonemic,shovel,,,,
8-240-415-3,suii1243,Sui,1901,kha:t.7,Phonemic,shovel,,,,
8-230-415-1,suii1243,Sui,1176,thje.2 cha:n.6,Phonemic,spade,,,,
8-220-415-1,suii1243,Sui,1418,cət.8,Phonemic,dig,,,,
8-220-415-3,suii1243,Sui,1418,qok.7,Phonemic,dig,,,,
8-210-415-1,suii1243,Sui,1921,ćoi.1,Phonemic,plow,,,,
8-170-415-1,suii1243,Sui,2002,ʔnja:ŋ.1 na:m.3,Phonemic,ditch,,,,
8-160-415-1,suii1243,Sui,1690,ta:t.7,Phonemic,fence,,,,
8-150-415-1,suii1243,Sui,1541,ćoi.1 ʔda:i.5,Phonemic,"cultivate, till",,,,
8-130-415-1,suii1243,Sui,586,nda:i.5 ʔma.1,Phonemic,garden,,,,
8-120-415-1,suii1243,Sui,212,ʔɣa.5,Phonemic,field (for cultivation),,,,
8-110-415-1,suii1243,Sui,979,ʔai.3 he.4 mjeu.2,Phonemic,farmer,,,,
7-630-415-1,suii1243,Sui,224,lu.5 tin.2 hoi.1,Phonemic,mortar,,,,
7-620-415-1,suii1243,Sui,1006,ćon.1,Phonemic,brick,,,,
7-580-415-1,suii1243,Sui,876,to.1 kuŋ.6,Phonemic,arch,,,,
7-610-415-1,suii1243,Sui,877,ʔai.3 śu.5 tin.2,Phonemic,mason,,,,
7-570-415-1,suii1243,Sui,1227,pin.5,Phonemic,board,,,,
7-560-415-1,suii1243,Sui,281,ra:m.3,Phonemic,"post, pole",,,,
7-560-415-3,suii1243,Sui,281,qa:n.6,Phonemic,"post, pole",,,,
7-550-415-1,suii1243,Sui,1132,ni.4 lja:ŋ.4,Phonemic,beam,,,,
7-540-415-1,suii1243,Sui,829,la:k.8 qha:ŋ.1,Phonemic,rafter,,,,
7-530-415-1,suii1243,Sui,280,ni.4 lja:ŋ.4,Phonemic,ridgepole,,,,
7-520-415-1,suii1243,Sui,279,ja.1 mu.2 ʔu.1 ɣa:n.2,Phonemic,thatch,,,,
7-510-415-1,suii1243,Sui,769,qum.4 ɣa:n.2,Phonemic,roof,,,,
7-480-415-1,suii1243,Sui,205,ca:u.2,Phonemic,trough,,,,
7-470-415-1,suii1243,Sui,745,ka:n.6,Phonemic,shelf,,,,
7-470-415-3,suii1243,Sui,745,ća:k.7,Phonemic,shelf,,,,
7-460-415-1,suii1243,Sui,1273,cok.7,Phonemic,candle,,,,
7-460-415-3,suii1243,Sui,1273,la.2 cu.2,Phonemic,candle,,,,
7-450-415-1,suii1243,Sui,2131,teŋ.5,Phonemic,"lamp, torch",,,,
7-440-415-1,suii1243,Sui,1775,śi.3,Phonemic,table,,,,
7-430-415-1,suii1243,Sui,1476,ʔun.1 taŋ.5,Phonemic,chair,,,,
7-430-415-3,suii1243,Sui,1476,ʔun.1 ʔniŋ.3,Phonemic,chair,,,,
7-422-415-1,suii1243,Sui,806,tha:n.6,Phonemic,blanket,,,,
7-421-415-1,suii1243,Sui,1044,tjem.6 qam.1,Phonemic,pillow,,,,
7-420-415-1,suii1243,Sui,1663,ta:u.2,Phonemic,bed,,,,
7-370-415-1,suii1243,Sui,1464,ʔde.3,Phonemic,ladder,,,,
7-330-415-1,suii1243,Sui,1305,qoŋ.6 kwan.2,Phonemic,chimney,,,,
7-320-415-1,suii1243,Sui,859,lu.4,Phonemic,stove,,,,
7-270-415-1,suii1243,Sui,933,thu.3,Phonemic,wall,,,,
7-260-415-1,suii1243,Sui,1632,sja:ŋ.2,Phonemic,floor,,,,
7-250-415-1,suii1243,Sui,1375,fa:ŋ.2,Phonemic,window,,,,
7-240-415-1,suii1243,Sui,1472,tiu.2 mai.4 fuŋ.3,Phonemic,key,,,,
7-231-415-1,suii1243,Sui,1012,ʔna:ŋ.1 to.1,Phonemic,"latch, door-bolt",,,,
7-230-415-1,suii1243,Sui,1596,lam.1 mai.4 fuŋ.3,Phonemic,lock (noun),,,,
7-210-415-1,suii1243,Sui,1450,hum.4,Phonemic,room,,,,
7-220-415-1,suii1243,Sui,1567,to.1,Phonemic,"door, gate",,,,
7-220-415-3,suii1243,Sui,1567,to.1 la:u.4,Phonemic,"door, gate",,,,
7-170-415-1,suii1243,Sui,334,ɣa:n.2 śuŋ.1 ʔau.4,Phonemic,cookhouse,,,,
7-170-415-3,suii1243,Sui,334,ɣa:n.2 he.4 ʔau.4,Phonemic,cookhouse,,,,
7-150-415-1,suii1243,Sui,736,śa:n.1,Phonemic,"yard, court",,,,
7-120-415-1,suii1243,Sui,1252,ɣa:n.2,Phonemic,house,,,,
7-110-415-1,suii1243,Sui,363,ńa:u.6,Phonemic,"dwell, live",,,,
6-960-415-1,suii1243,Sui,1171,nam.3 ʔda:ŋ.1,Phonemic,mirror,,,,
6-960-415-3,suii1243,Sui,1171,toŋ.2 cjau.5,Phonemic,mirror,,,,
6-950-415-1,suii1243,Sui,788,ja:ŋ.4 ćen.6,Phonemic,soap,,,,
6-940-415-1,suii1243,Sui,1926,ka:u.3,Phonemic,ointment,,,,
6-930-415-1,suii1243,Sui,151,mit.8 fut.7 qam.4,Phonemic,razor,,,,
6-921-415-1,suii1243,Sui,333,lja.1,Phonemic,braid,,,,
6-921-415-3,suii1243,Sui,333,ʔbjam.1 lja.1,Phonemic,braid,,,,
6-920-415-1,suii1243,Sui,1821,suk.8,Phonemic,brush,,,,
6-910-415-1,suii1243,Sui,1475,se.1,Phonemic,comb,,,,
6-910-415-3,suii1243,Sui,1475,khe.1,Phonemic,comb,,,,
6-820-415-1,suii1243,Sui,1021,fa.3 suk.8 ʔna.3,Phonemic,towel,,,,
6-810-415-1,suii1243,Sui,332,fa.3 mja.1,Phonemic,"handkerchief, rag",,,,
6-770-415-1,suii1243,Sui,770,ćoŋ.6 qha.1,Phonemic,earring,,,,
6-760-415-1,suii1243,Sui,1860,tom.5,Phonemic,bead,,,,
6-750-415-1,suii1243,Sui,1961,ndon.5,Phonemic,necklace,,CHE,,
6-740-415-1,suii1243,Sui,1754,wən.5,Phonemic,bracelet,,,,
6-730-415-1,suii1243,Sui,1374,fin.1,Phonemic,ring (for finger),,,,
6-620-415-1,suii1243,Sui,757,lu.2,Phonemic,button,,,,
6-620-415-3,suii1243,Sui,757,tap.7,Phonemic,button,,,,
6-610-415-1,suii1243,Sui,1851,sa:u.1,Phonemic,pocket,,,,
6-590-415-1,suii1243,Sui,1151,fa.3 qau.3,Phonemic,veil,,,,
6-590-415-3,suii1243,Sui,1151,ʔma:n.5 qam.4,Phonemic,veil,,,,
6-580-415-1,suii1243,Sui,867,fa.3 mja.1,Phonemic,glove,,,,
6-570-415-1,suii1243,Sui,772,la:k.7 phan.1 ndən.1,Phonemic,"belt, girdle",,,,
6-550-415-1,suii1243,Sui,2130,ńon.4,Phonemic,"hat, cap",,,,
6-540-415-1,suii1243,Sui,875,ʔai.3 fa:ŋ.1 ca:k.7,Phonemic,"shoemaker, cobbler",,,,
6-510-415-1,suii1243,Sui,1381,ca:k.7,Phonemic,shoe,,,,
6-490-415-1,suii1243,Sui,329,jo.1,Phonemic,"stocking, sock",,,,
6-490-415-3,suii1243,Sui,329,ma:t.7,Phonemic,"stocking, sock",,,,
6-480-415-1,suii1243,Sui,809,huŋ.3,Phonemic,trousers,,,,
6-480-415-3,suii1243,Sui,809,fuŋ.3,Phonemic,trousers,,,,
6-460-415-1,suii1243,Sui,1600,śən.3,Phonemic,skirt,,,,
6-450-415-1,suii1243,Sui,2012,qo.4 lin.6 ʔduk.7,Phonemic,collar,,,,
6-440-415-1,suii1243,Sui,1622,ʔduk.7 ra:u.3,Phonemic,shirt,,,,
6-440-415-3,suii1243,Sui,1622,ʔduk.7 chən.1 ji.3,Phonemic,shirt,,,,
6-430-415-1,suii1243,Sui,603,ʔduk.7 ʔu.1,Phonemic,coat,,,,
6-411-415-1,suii1243,Sui,327,ʔba.1 ji.1,Phonemic,poncho,,,,
6-390-415-1,suii1243,Sui,157,ńum.4,Phonemic,dye,,,,
6-380-415-1,suii1243,Sui,1161,fa:n.6,Phonemic,thread,,,,
6-380-415-3,suii1243,Sui,1161,mbiu.1,Phonemic,thread,,,,
6-360-415-1,suii1243,Sui,1382,sum.1,Phonemic,needle,,,,
6-370-415-1,suii1243,Sui,278,ha:k.8,Phonemic,awl,,,,
6-370-415-3,suii1243,Sui,278,sum.1 sui.3,Phonemic,awl,,,,
6-350-415-1,suii1243,Sui,1457,tip.7,Phonemic,sew,,,,
6-340-415-1,suii1243,Sui,1787,ndaŋ.5,Phonemic,loom,,,,
6-330-415-1,suii1243,Sui,133,jat.8,Phonemic,weave,,,,
6-320-415-1,suii1243,Sui,277,hok.7,Phonemic,spindle,,,,
6-310-415-1,suii1243,Sui,121,jat.8 fa:i.5,Phonemic,spin,,,,
6-290-415-1,suii1243,Sui,629,pi.2,Phonemic,leather,,,,
6-280-415-1,suii1243,Sui,580,cən.1,Phonemic,fur,,,,
6-270-415-1,suii1243,Sui,325,zuŋ.4,Phonemic,felt,,,,
6-250-415-1,suii1243,Sui,1641,min.2,Phonemic,silk,,,,
6-250-415-3,suii1243,Sui,1641,qa:u.3,Phonemic,silk,,,,
6-240-415-1,suii1243,Sui,1850,fa:i.5,Phonemic,cotton,,,,
6-240-415-3,suii1243,Sui,1850,mjon.2,Phonemic,cotton,,,,
6-230-415-1,suii1243,Sui,916,ra:n.1,Phonemic,"linen, flax",,CHE; CHE,,
6-230-415-3,suii1243,Sui,916,ha.1,Phonemic,"linen, flax",,CHE; CHE,,
6-220-415-1,suii1243,Sui,964,ma:u.4,Phonemic,wool,,,,
6-210-415-1,suii1243,Sui,1616,ʔja.1,Phonemic,cloth,,,,
6-130-415-1,suii1243,Sui,881,tak.8 tip.7 ʔduk.7,Phonemic,tailor,,CHE,,
6-130-415-3,suii1243,Sui,881,ni.4 tip.7 ʔduk.7,Phonemic,tailor,,CHE,,
6-120-415-1,suii1243,Sui,1895,ʔduk.7,Phonemic,"clothing, clothes",,,,
6-110-415-1,suii1243,Sui,158,tan.3,Phonemic,put on (clothes),,,,
5-971-415-1,suii1243,Sui,1556,ʔńui.1 mha:n.3,Phonemic,egg yolk,,,,
5-970-415-1,suii1243,Sui,744,kai.5,Phonemic,egg,,,,
5-930-415-1,suii1243,Sui,1639,ha:u.3 phi.4 ciu.6,Phonemic,beer,,,,
5-920-415-1,suii1243,Sui,1524,ha:u.3 ʔit.7,Phonemic,wine,,,,
5-870-415-1,suii1243,Sui,93,pan.3,Phonemic,milk (vb),,,,
5-850-415-1,suii1243,Sui,862,ta:ŋ.2,Phonemic,sugar,,,,
5-860-415-1,suii1243,Sui,635,tiu.4,Phonemic,milk (noun),,,,
5-840-415-1,suii1243,Sui,942,ta:ŋ.2 luk.8,Phonemic,honey,,,,
5-820-415-1,suii1243,Sui,1385,fu.4 cja:u.3,Phonemic,pepper,,,,
5-810-415-1,suii1243,Sui,1274,ʔdwa.1,Phonemic,salt,,,,
5-791-415-1,suii1243,Sui,323,man.2,Phonemic,"grease, fat",,,,
5-790-415-1,suii1243,Sui,1484,jau.4,Phonemic,oil,,,,
5-760-415-1,suii1243,Sui,920,ʔit.7,Phonemic,grape,,,,
5-770-415-1,suii1243,Sui,191,toi.5,Phonemic,nut,,,,
5-712-415-1,suii1243,Sui,1966,ndja:n.5,Phonemic,bunch,,,,
5-712-415-3,suii1243,Sui,1966,koŋ.2,Phonemic,bunch,,,,
5-710-415-1,suii1243,Sui,1507,lam.1,Phonemic,fruit,,,,
5-710-415-3,suii1243,Sui,1507,kai.2,Phonemic,fruit,,,,
5-700-415-1,suii1243,Sui,593,jo:ŋ.4 wi.1,Phonemic,potato,,,,
5-700-415-3,suii1243,Sui,593,man.2 ha:n.3,Phonemic,potato,,,,
5-660-415-1,suii1243,Sui,832,fak.7 to.6,Phonemic,bean,,,,
5-650-415-1,suii1243,Sui,924,ʔma.1,Phonemic,vegetables,,,,
5-640-415-1,suii1243,Sui,1547,lu.5,Phonemic,"soup, broth",,,,
5-630-415-1,suii1243,Sui,1874,ca:u.5 ʔjen.3,Phonemic,sausage,,,,
5-610-415-1,suii1243,Sui,634,na:n.4,Phonemic,meat,,,,
5-590-415-1,suii1243,Sui,225,ndən.1 kum.1,Phonemic,pestle,,,,
5-590-415-3,suii1243,Sui,225,kum.1,Phonemic,pestle,,,,
5-580-415-1,suii1243,Sui,224,cəm.2 kəm.1,Phonemic,mortar (2),,,,
5-570-415-1,suii1243,Sui,636,kwən.6 ńen.6,Phonemic,mill,,,,
5-560-415-1,suii1243,Sui,1033,ńen.6,Phonemic,"crush, grind",,,,
5-550-415-1,suii1243,Sui,1594,fa.6 ʔau.4 mo.6,Phonemic,"meal, flour",,,,
5-540-415-1,suii1243,Sui,274,jon.1 fa.6 ʔau.4 mo.6,Phonemic,knead,,,,
5-490-415-1,suii1243,Sui,2017,qeu.2,Phonemic,"stir, mix",,,,
5-490-415-3,suii1243,Sui,2017,jon.1,Phonemic,"stir, mix",,,,
5-480-415-1,suii1243,Sui,1767,kot.8,Phonemic,scrape,,,,
5-480-415-3,suii1243,Sui,1767,fut.7,Phonemic,scrape,,,,
5-470-415-1,suii1243,Sui,86,pən.6,Phonemic,"sieve, strain",,,,
5-470-415-3,suii1243,Sui,86,ɣu.2,Phonemic,"sieve, strain",,,,
5-460-415-1,suii1243,Sui,275,mut.8,Phonemic,peel,,,,
5-460-415-3,suii1243,Sui,275,ɣut.8,Phonemic,peel,,,,
5-450-415-1,suii1243,Sui,1833,ʔau.4 ʔńam.5,Phonemic,supper,,,,
5-430-415-1,suii1243,Sui,768,ʔau.4 wan.1,Phonemic,lunch,,,,
5-420-415-1,suii1243,Sui,1322,ʔau.4 śət.7,Phonemic,breakfast,,,,
5-410-415-1,suii1243,Sui,1526,ʔau.4,Phonemic,meal (a),,,,
5-391-415-1,suii1243,Sui,272,ćem.2,Phonemic,tongs,,,,
5-390-415-1,suii1243,Sui,1302,sa.1,Phonemic,fork (2),,,,
5-380-415-1,suii1243,Sui,1352,mit.8,Phonemic,knife (2),,,,
5-370-415-1,suii1243,Sui,1378,ʔbja:i.5 te.3,Phonemic,spoon,,,,
5-360-415-1,suii1243,Sui,271,tjep.8,Phonemic,saucer,,,,
5-350-415-1,suii1243,Sui,476,cuŋ.1,Phonemic,"cup, drinking vessel",,,,
5-330-415-1,suii1243,Sui,1530,tui.4,Phonemic,bowl,,,,
5-340-415-1,suii1243,Sui,270,peŋ.2,Phonemic,"pitcher, jug",,,,
5-320-415-1,suii1243,Sui,480,pon.2,Phonemic,plate,,,,
5-310-415-1,suii1243,Sui,481,tjep.8,Phonemic,dish,,,,
5-260-415-1,suii1243,Sui,1462,ceŋ.6,Phonemic,"pot, cooking vessel",,,,
5-270-415-1,suii1243,Sui,854,peŋ.2 cja.2,Phonemic,kettle,,,,
5-240-415-1,suii1243,Sui,183,phja:u.1,Phonemic,bake,,,,
5-240-415-3,suii1243,Sui,183,kha:ŋ.1,Phonemic,bake,,,,
5-250-415-1,suii1243,Sui,1143,lu.4,Phonemic,oven,,,,
5-230-415-1,suii1243,Sui,2146,sa:u.3,Phonemic,"roast, fry",,,,
5-220-415-1,suii1243,Sui,792,pja:u.6,Phonemic,boil (vb),,,,
5-210-415-1,suii1243,Sui,1100,śuŋ.1,Phonemic,cook,,,,
5-190-415-1,suii1243,Sui,129,hok.7,Phonemic,choke,,,,
5-181-415-1,suii1243,Sui,897,ʔdan.1,Phonemic,swallow,,,,
5-180-415-1,suii1243,Sui,321,mha:k.7,Phonemic,chew,,,,
5-180-415-3,suii1243,Sui,321,ma.6,Phonemic,chew,,,,
5-160-415-1,suii1243,Sui,1421,śut.7,Phonemic,suck,,,,
5-150-415-1,suii1243,Sui,848,siu.5 pa:k.7,Phonemic,thirst,,,,
5-140-415-1,suii1243,Sui,1864,ʔja:k.7,Phonemic,hunger,,,,
5-130-415-1,suii1243,Sui,1401,ɣəm.4,Phonemic,drink,,,,
5-125-415-1,suii1243,Sui,1728,ran.2,Phonemic,rotten,,,,
5-124-415-1,suii1243,Sui,1958,śu.1,Phonemic,"green, unripe",,,,
5-124-415-3,suii1243,Sui,1958,mi.4 sok.8,Phonemic,"green, unripe",,,,
5-123-415-1,suii1243,Sui,178,sok.8,Phonemic,ripe,,,,
5-122-415-1,suii1243,Sui,1959,ʔdjəp.7,Phonemic,raw,,,,
5-121-415-1,suii1243,Sui,269,sok.8,Phonemic,cooked,,,,
5-120-415-1,suii1243,Sui,256,ʔdən.3,Phonemic,food,,CHECK,,
5-120-415-3,suii1243,Sui,256,ʔau.,Phonemic,food,,CHECK,,
5-120-415-5,suii1243,Sui,256,qeŋ.1,Phonemic,food,,CHECK,,
5-110-415-1,suii1243,Sui,1336,cje.1,Phonemic,eat,,,,
4-990-415-1,suii1243,Sui,590,tu.3 lja:n.3,Phonemic,"naked, bare",,,,
4-970-415-1,suii1243,Sui,1653,ko.4,Phonemic,blind,,,,
4-970-415-3,suii1243,Sui,1653,ʔmət.7,Phonemic,blind,,,,
4-980-415-1,suii1243,Sui,1463,tjaŋ.5,Phonemic,intoxicated,,,,
4-960-415-1,suii1243,Sui,1666,khip.7 lo.5,Phonemic,mute,,,,
4-950-415-1,suii1243,Sui,996,ʔdak.7,Phonemic,deaf,,,,
4-930-415-1,suii1243,Sui,1125,qam.4 lo.4,Phonemic,bald,,,,
4-920-415-1,suii1243,Sui,1564,hət.7,Phonemic,lazy,,,,
4-912-415-1,suii1243,Sui,168,lwa.5,Phonemic,rest,,,,
4-912-415-3,suii1243,Sui,168,lwa.5 ʔji.1,Phonemic,rest,,,,
4-910-415-1,suii1243,Sui,1757,fe.3,Phonemic,"tired, weary",,,,
4-910-415-3,suii1243,Sui,1757,ʔne.5,Phonemic,"tired, weary",,,,
4-890-415-1,suii1243,Sui,655,ha.2 tu.2,Phonemic,poison,,,,
4-880-415-1,suii1243,Sui,1372,ha.2,Phonemic,"medicine, drug",,,,
4-870-415-1,suii1243,Sui,597,zən.1 ho.4 ha.2,Phonemic,physician,,,,
4-870-415-3,suii1243,Sui,597,ʔai.3 ha:ŋ.6 qau.5 sja.3,Phonemic,physician,,,,
4-860-415-1,suii1243,Sui,499,ho.4 ha.2,Phonemic,"cure, heal",,,,
4-858-415-1,suii1243,Sui,497,cum.2 lan.5,Phonemic,scar,,,,
4-857-415-1,suii1243,Sui,1808,sok.8,Phonemic,pus,,,,
4-856-415-1,suii1243,Sui,793,lum.5,Phonemic,boil (noun),,,,
4-856-415-3,suii1243,Sui,793,kət.7,Phonemic,boil (noun),,,,
4-855-415-1,suii1243,Sui,1584,tum.5 nam.3,Phonemic,blister,,,,
4-854-415-1,suii1243,Sui,148,pu.1,Phonemic,itch,,,,
4-854-415-3,suii1243,Sui,148,ćit.8,Phonemic,itch,,,,
4-853-415-1,suii1243,Sui,1903,pu.1,Phonemic,swelling,,,,
4-852-415-1,suii1243,Sui,1148,pu.1,Phonemic,bruise,,,,
4-852-415-3,suii1243,Sui,1148,cum.2 lan.5,Phonemic,bruise,,,,
4-850-415-1,suii1243,Sui,1109,lan.5,Phonemic,"wound, sore",,,,
4-850-415-3,suii1243,Sui,1109,tja:ŋ.3 te.5,Phonemic,"wound, sore",,,,
4-843-415-1,suii1243,Sui,102,ʔńit.7 nho.1,Phonemic,cold (catarrh),,,,
4-842-415-1,suii1243,Sui,1957,je.1,Phonemic,goiter,,,,
4-841-415-1,suii1243,Sui,1534,sut.7 na:n.4,Phonemic,fever,,,,
4-840-415-1,suii1243,Sui,1847,pjeŋ.5,Phonemic,"sick, sickness",,,,
4-840-415-3,suii1243,Sui,1847,ćit.7,Phonemic,"sick, sickness",,,,
4-830-415-1,suii1243,Sui,1364,ʔdai.1,Phonemic,"well, health",,,,
4-820-415-1,suii1243,Sui,1601,tjoŋ.5,Phonemic,weak,,,,
4-820-415-3,suii1243,Sui,1601,weak,Phonemic,weak,,,,
4-810-415-1,suii1243,Sui,785,lik.8 lui.2,Phonemic,"strong, mighty, powerful",,,,
4-810-415-3,suii1243,Sui,785,han.5,Phonemic,"strong, mighty, powerful",,,,
4-790-415-1,suii1243,Sui,1773,fən.2,Phonemic,"grave, tomb",,,,
4-780-415-1,suii1243,Sui,1719,ha:ŋ.5,Phonemic,bury (the dead),,,,
4-770-415-1,suii1243,Sui,767,ha:i.2,Phonemic,corpse,,,,
4-760-415-1,suii1243,Sui,1417,ha.3,Phonemic,kill,,,,
4-751-415-1,suii1243,Sui,1904,ʔjum.5 tai.1,Phonemic,drowned,,,,
4-750-415-1,suii1243,Sui,1494,tai.1,Phonemic,"die, dead",,,,
4-740-415-1,suii1243,Sui,1422,śu.3,Phonemic,"live, living, life",,,,
4-740-415-3,suii1243,Sui,1422,ha:ŋ.4 pa:k.7,Phonemic,"live, living, life",,,,
4-732-415-1,suii1243,Sui,1087,thjak.7 la:k.8,Phonemic,conceive,,,,
4-730-415-1,suii1243,Sui,1123,thjak.7 la:k.8,Phonemic,pregnant,,,,
4-720-415-1,suii1243,Sui,1090,ha:ŋ.4,Phonemic,born (to be),,,,
4-690-415-1,suii1243,Sui,138,he.4 ʔa:p.7,Phonemic,bathe,,,,
4-680-415-1,suii1243,Sui,52,kau.5,Phonemic,shiver,,,,
4-680-415-3,suii1243,Sui,52,ʔbja:n.3,Phonemic,shiver,,,,
4-670-415-1,suii1243,Sui,1785,tu.3 tiŋ.1,Phonemic,have sexual intercourse,,,,
4-670-415-3,suii1243,Sui,1785,tu.3 qa:k.7,Phonemic,have sexual intercourse,,,,
4-660-415-1,suii1243,Sui,676,qe.4,Phonemic,defecate,,,,
4-650-415-1,suii1243,Sui,592,ʔniu.5,Phonemic,urinate,,,,
4-640-415-1,suii1243,Sui,1159,tət.7,Phonemic,break wind,,,,
4-630-415-1,suii1243,Sui,1602,lju.1,Phonemic,wake up,,,,
4-620-415-1,suii1243,Sui,1920,wjan.1,Phonemic,dream,,,,
4-612-415-1,suii1243,Sui,1983,fa:n.2,Phonemic,snore,,,,
4-610-415-1,suii1243,Sui,1585,nun.2,Phonemic,sleep,,,,
4-591-415-1,suii1243,Sui,268,lo/6 śu.1,Phonemic,dribble,,,,
4-590-415-1,suii1243,Sui,319,lja:k.7,Phonemic,lick,,,,
4-580-415-1,suii1243,Sui,1403,ćit.8,Phonemic,bite,,,,
4-570-415-1,suii1243,Sui,1278,kun.5,Phonemic,vomit,,,,
4-560-415-1,suii1243,Sui,1440,re.1,Phonemic,spit,,,,
4-560-415-3,suii1243,Sui,1440,re.1 tiu.3,Phonemic,spit,,,,
4-550-415-1,suii1243,Sui,126,ljuk.7,Phonemic,perspire,,,,
4-540-415-1,suii1243,Sui,1621,jan.5,Phonemic,sneeze,,,,
4-530-415-1,suii1243,Sui,879,khau.5 ɣuk.8,Phonemic,cough,,,,
4-521-415-1,suii1243,Sui,162,ʔək.7,Phonemic,hiccough,,,,
4-521-415-3,suii1243,Sui,162,ʔnam.3,Phonemic,hiccough,,,,
4-520-415-1,suii1243,Sui,1028,kho.1,Phonemic,"yawn, gape",,,,
4-510-415-1,suii1243,Sui,1407,lo.5,Phonemic,"breathe, breath",,,,
4-510-415-3,suii1243,Sui,1407,ʔa:u.1 lo.3,Phonemic,"breathe, breath",,,,
4-490-415-1,suii1243,Sui,797,tit.7,Phonemic,testicle,,,,
4-490-415-3,suii1243,Sui,797,ńui.6 tit.7,Phonemic,testicle,,,,
4-470-415-1,suii1243,Sui,804,pje.1,Phonemic,womb,,,,
4-464-415-1,suii1243,Sui,834,ʔnum.5 qe.4,Phonemic,buttocks,,,,
4-464-415-3,suii1243,Sui,834,cɨ.3 qe.3,Phonemic,buttocks,,,,
4-463-415-1,suii1243,Sui,1745,ʔnum.5,Phonemic,hip,,,,
4-462-415-1,suii1243,Sui,1681,ndən.1,Phonemic,waist,,CHE,,
4-462-415-3,suii1243,Sui,1681,lam.1 ja:u.3,Phonemic,waist,,CHE,,
4-461-415-1,suii1243,Sui,1991,ha:i.4,Phonemic,"intestines, guts",,,,
4-460-415-1,suii1243,Sui,819,lam.1 loŋ.2,Phonemic,stomach,,,,
4-452-415-1,suii1243,Sui,1744,ljem.4 thje.2,Phonemic,spleen,,,,
4-451-415-1,suii1243,Sui,489,lam.1 ja:u.3,Phonemic,kidney,,,,
4-450-415-1,suii1243,Sui,1224,tap.7,Phonemic,liver,,,,
4-441-415-1,suii1243,Sui,688,put.7,Phonemic,lung,,,,
4-440-415-1,suii1243,Sui,1223,śim.1,Phonemic,heart,,,,
4-430-415-1,suii1243,Sui,1838,ha:i.4 ʔdua.1,Phonemic,navel,,,,
4-412-415-1,suii1243,Sui,796,qam.4 tiu.4,Phonemic,"nipple, teat",,,,
4-410-415-1,suii1243,Sui,1402,tiu.4,Phonemic,breast (of woman),,,,
4-400-415-1,suii1243,Sui,1592,tak.7,Phonemic,chest,,,,
4-393-415-1,suii1243,Sui,1201,cən.1,Phonemic,feather,,,,
4-392-415-1,suii1243,Sui,1257,wa.5,Phonemic,wing,,,,
4-380-415-1,suii1243,Sui,1389,la:k.8 tin.1,Phonemic,toe,,,,
4-374-415-1,suii1243,Sui,318,ɣui.2 tin.1,Phonemic,footprint,,,,
4-372-415-1,suii1243,Sui,980,śoŋ.1 tin.1,Phonemic,heel,,,,
4-371-415-1,suii1243,Sui,803,joŋ.5 pa.1 joŋ.5 ćhin.1,Phonemic,ankle,,,,
4-370-415-1,suii1243,Sui,1301,tin.1,Phonemic,foot,,,,
4-360-415-1,suii1243,Sui,1371,qam.4 qu.5,Phonemic,knee,,,,
4-352-415-1,suii1243,Sui,498,ćit.7,Phonemic,calf of leg,,,,
4-352-415-3,suii1243,Sui,498,ćau.4,Phonemic,calf of leg,,,,
4-351-415-1,suii1243,Sui,800,pa.1 la:u.4,Phonemic,thigh,,,,
4-350-415-1,suii1243,Sui,1297,pa.1,Phonemic,leg,,,,
4-345-415-1,suii1243,Sui,72,sim.3,Phonemic,claw,,,,
4-344-415-1,suii1243,Sui,1258,ljap.7 mja.1,Phonemic,fingernail,,,,
4-342-415-1,suii1243,Sui,1781,ni.4 toŋ.1,Phonemic,thumb,,,,
4-340-415-1,suii1243,Sui,1303,toŋ.1,Phonemic,finger,,,,
4-331-415-1,suii1243,Sui,1183,fa:n.3 mja.1,Phonemic,palm of hand,,,,
4-330-415-1,suii1243,Sui,1277,mja.1,Phonemic,hand,,,,
4-321-415-1,suii1243,Sui,799,qo.4 ćhin.1,Phonemic,wrist,,,,
4-321-415-3,suii1243,Sui,799,qo.4 mja.1,Phonemic,wrist,,,,
4-320-415-1,suii1243,Sui,981,ta:u.4 ćhin.1,Phonemic,elbow,,,,
4-320-415-3,suii1243,Sui,981,kuŋ.4 ćhin.1,Phonemic,elbow,,,,
4-312-415-1,suii1243,Sui,1886,te.3 ha:k.7,Phonemic,armpit,,,,
4-310-415-1,suii1243,Sui,1673,ćhin.1,Phonemic,arm,,,,
4-301-415-1,suii1243,Sui,172,la:k.7 ha.1,Phonemic,shoulderblade,,,,
4-300-415-1,suii1243,Sui,1482,ha.1,Phonemic,shoulder,,,,
4-300-415-3,suii1243,Sui,1482,ʔu.1 ha.1,Phonemic,shoulder,,,,
4-290-415-1,suii1243,Sui,1346,qo.6,Phonemic,throat,,,,
4-281-415-1,suii1243,Sui,1347,hau.5 lən.2,Phonemic,nape of neck,,,,
4-281-415-3,suii1243,Sui,1347,qa.3 hau.5,Phonemic,nape of neck,,,,
4-280-415-1,suii1243,Sui,1333,qo.4,Phonemic,neck,,,,
4-272-415-1,suii1243,Sui,1049,wjan.1 ʔduŋ.3,Phonemic,molartooth,,,,
4-270-415-1,suii1243,Sui,1380,wjan.1,Phonemic,tooth,,,,
4-271-415-1,suii1243,Sui,139,śu.3 ca:ŋ.4,Phonemic,gums,,,,
4-271-415-3,suii1243,Sui,139,ʔńa:k.7 wjan.1,Phonemic,gums,,,,
4-260-415-1,suii1243,Sui,1205,ma.2,Phonemic,tongue,,,,
4-250-415-1,suii1243,Sui,478,wi.5 pa:k.7,Phonemic,lip,,,,
4-250-415-3,suii1243,Sui,478,win.5 pa:k.7,Phonemic,lip,,,,
4-240-415-1,suii1243,Sui,674,pa:k.7,Phonemic,mouth,,,,
4-232-415-1,suii1243,Sui,208,muk.8,Phonemic,mucus (nasal),,,,
4-231-415-1,suii1243,Sui,1178,cum.2 ʔnaŋ.1,Phonemic,nostril,,,,
4-230-415-1,suii1243,Sui,1221,ʔnaŋ.1,Phonemic,nose,,,,
4-222-415-1,suii1243,Sui,32,qe.4 qha.1,Phonemic,earwax,,,,
4-221-415-1,suii1243,Sui,18,ńoŋ.6 qha.1,Phonemic,earlobe,,,,
4-220-415-1,suii1243,Sui,1247,qha.1,Phonemic,ear,,,,
4-215-415-1,suii1243,Sui,1655,ʔjap.7 nda.1,Phonemic,blink,,,,
4-214-415-1,suii1243,Sui,1540,min.2 nda.1,Phonemic,eyelash,,,,
4-213-415-1,suii1243,Sui,17,min.2 nda.1,Phonemic,eyelid,,,,
4-212-415-1,suii1243,Sui,1173,mo.4 nda.1,Phonemic,eyebrow,,,,
4-212-415-3,suii1243,Sui,1173,miŋ.2,Phonemic,eyebrow,,,,
4-210-415-1,suii1243,Sui,1248,nda.1,Phonemic,eye,,,,
4-208-415-1,suii1243,Sui,1730,ʔna.3,Phonemic,cheek,,,,
4-209-415-1,suii1243,Sui,1510,ka:ŋ.1 te.3,Phonemic,chin,,,,
4-205-415-1,suii1243,Sui,123,ta.5 pja:k.7,Phonemic,forehead,,,,
4-205-415-3,suii1243,Sui,123,pa:u.1 qam.4,Phonemic,forehead,,,,
4-207-415-1,suii1243,Sui,798,ćem.2 ka:ŋ.1,Phonemic,jaw,,,,
4-207-415-3,suii1243,Sui,798,ńa:k.7,Phonemic,jaw,,,,
4-204-415-1,suii1243,Sui,1560,ʔna.3,Phonemic,face,,,,
4-203-415-1,suii1243,Sui,1583,ʔńui.1 qam.4,Phonemic,brain,,,,
4-201-415-1,suii1243,Sui,1604,tha:i.1 ja:ŋ.4 ćin.3,Phonemic,"side of head, temple",,,,
4-202-415-1,suii1243,Sui,1605,qam.4,Phonemic,skull,,,,
4-200-415-1,suii1243,Sui,1256,qam.4,Phonemic,head,,,,
4-191-415-1,suii1243,Sui,805,la:i.1,Phonemic,spine,,,,
4-190-415-1,suii1243,Sui,1291,la:i.1,Phonemic,back,,,,
4-180-415-1,suii1243,Sui,1220,hət.8,Phonemic,tail,,,,
4-170-415-1,suii1243,Sui,1393,pa:u.1,Phonemic,horn,,,,
4-162-415-1,suii1243,Sui,801,la:k.7 khət.7,Phonemic,rib,,,,
4-162-415-3,suii1243,Sui,801,la:k.7 hət.7,Phonemic,rib,,,,
4-160-415-1,suii1243,Sui,1394,la:k.7,Phonemic,bone,,,,
4-151-415-1,suii1243,Sui,525,jin.1 phja:t.7,Phonemic,"vein, artery",,,,
4-150-415-1,suii1243,Sui,946,phja:t.7,Phonemic,blood,,,,
4-146-415-1,suii1243,Sui,576,kip.7 za:i.1 qam.4,Phonemic,dandruff,,,,
4-144-415-1,suii1243,Sui,189,cən.1 nhon.5,Phonemic,body hair,,,,
4-144-415-3,suii1243,Sui,189,cən.1 ljup.7,Phonemic,body hair,,,,
4-142-415-1,suii1243,Sui,678,njut.8,Phonemic,beard,,,,
4-140-415-1,suii1243,Sui,1040,pjam.2,Phonemic,hair (head),,,,
4-140-415-3,suii1243,Sui,1040,pjam.2 qam.4,Phonemic,hair (head),,,,
4-130-415-1,suii1243,Sui,2259,na:n.4,Phonemic,flesh,,,,
4-120-415-1,suii1243,Sui,763,pi.2,Phonemic,"skin, hide",,,,
4-110-415-1,suii1243,Sui,1480,ndən.1,Phonemic,body,,,,
3-980-415-1,suii1243,Sui,112,tja:u.5 ʔdoŋ.1,Phonemic,turtle,,,,
3-960-415-1,suii1243,Sui,632,hui.2 sim.3,Phonemic,lizard,,,,
3-950-415-1,suii1243,Sui,503,qup.7,Phonemic,frog,,,,
3-940-415-1,suii1243,Sui,1543,qhui.1,Phonemic,snail,,,,
3-930-415-1,suii1243,Sui,607,ŋwa:ŋ.6,Phonemic,grasshopper,,,,
3-930-415-3,suii1243,Sui,607,ʔdja:k.7 ʔau.1,Phonemic,grasshopper,,,,
3-920-415-1,suii1243,Sui,1791,ʔba.3,Phonemic,butterfly,,,,
3-910-415-1,suii1243,Sui,206,ʔni.3 ʔniŋ.3,Phonemic,firefly,,,,
3-910-415-3,suii1243,Sui,206,ʔnjak.7 ʔniŋ.3,Phonemic,firefly,,,,
3-850-415-1,suii1243,Sui,730,hui.2,Phonemic,snake,,,,
3-850-415-3,suii1243,Sui,730,fui.2,Phonemic,snake,,,,
3-832-415-1,suii1243,Sui,1509,lja:n.3,Phonemic,mosquito,,,,
3-832-415-3,suii1243,Sui,1509,lja:n.3 ŋwa:ŋ.6,Phonemic,mosquito,,,,
3-830-415-1,suii1243,Sui,1504,lja:n.3,Phonemic,fly,,,,
3-830-415-3,suii1243,Sui,1504,lja:n.3 qen.5,Phonemic,fly,,,,
3-823-415-1,suii1243,Sui,1517,lu.1,Phonemic,wasp,,,,
3-822-415-1,suii1243,Sui,88,fa.3 luk.8,Phonemic,beehive,,,,
3-821-415-1,suii1243,Sui,1931,ndja:k.7,Phonemic,beeswax,,,,
3-820-415-1,suii1243,Sui,665,luk.8,Phonemic,bee,,,,
3-819-415-1,suii1243,Sui,1065,fa.3 ɣo.1,Phonemic,spider web,,,,
3-818-415-1,suii1243,Sui,843,ɣo.1,Phonemic,spider,,,,
3-817-415-1,suii1243,Sui,587,mət.8,Phonemic,ant,,,,
3-816-415-1,suii1243,Sui,1575,ʔda:p.7,Phonemic,cockroach,,,,
3-815-415-1,suii1243,Sui,1538,ta.1 kit.8 li.6,Phonemic,scorpion,,,,
3-814-415-1,suii1243,Sui,1974,ta.1 khup.7,Phonemic,centipede,,,,
3-814-415-3,suii1243,Sui,1974,to.6 khup.7,Phonemic,centipede,,,,
3-813-415-1,suii1243,Sui,232,mhat.7,Phonemic,flea,,,,
3-812-415-1,suii1243,Sui,267,kai.5 nan.2,Phonemic,nit (louse egg),,,,
3-811-415-1,suii1243,Sui,1392,nan.2,Phonemic,louse,,,,
3-811-415-3,suii1243,Sui,1392,mbjan.1,Phonemic,louse,,,,
3-810-415-1,suii1243,Sui,620,nui.2,Phonemic,insect,,,,
3-780-415-1,suii1243,Sui,1871,lo.4 tho.4,Phonemic,camel,,,,
3-770-415-1,suii1243,Sui,1290,ca:ŋ.4,Phonemic,elephant,,,,
3-760-415-1,suii1243,Sui,1350,mon.6,Phonemic,monkey,,,,
3-750-415-1,suii1243,Sui,1936,sɨ.3 ja:ŋ.2,Phonemic,deer,,,,
3-740-415-1,suii1243,Sui,1312,cai.2,Phonemic,fox,,,,
3-740-415-3,suii1243,Sui,1312,fu.5 li.4,Phonemic,fox,,,,
3-730-415-1,suii1243,Sui,1820,ʔmi.1,Phonemic,bear,,,,
3-720-415-1,suii1243,Sui,1386,sɨ.3 cɨ.6,Phonemic,lion,,,,
3-710-415-1,suii1243,Sui,522,qha.1 laŋ.5,Phonemic,wolf,,,,
3-665-415-1,suii1243,Sui,1013,liu.6,Phonemic,freshwater eel,,,,
3-663-415-1,suii1243,Sui,957,mom.6 ćin.3 wi.4,Phonemic,whale,,,,
3-655-415-1,suii1243,Sui,598,qum.4 qhui.1 pa:u.4,Phonemic,shell,,,,
3-654-415-1,suii1243,Sui,1916,ʔńa:k.7 mom.6,Phonemic,gill,,,,
3-653-415-1,suii1243,Sui,266,ʔdjən.5 mom.6,Phonemic,fishscale,,,,
3-652-415-1,suii1243,Sui,213,wi.1 mom.6,Phonemic,fin (dorsal),,,,
3-650-415-1,suii1243,Sui,227,mom.6,Phonemic,fish,,,,
3-630-415-1,suii1243,Sui,2139,nho.3,Phonemic,"mouse, rat",,,,
3-620-415-1,suii1243,Sui,1208,meu.4,Phonemic,cat,,,,
3-614-415-1,suii1243,Sui,1136,thu.5 ja.1,Phonemic,rabbit,,CHE; CHE,,
3-614-415-3,suii1243,Sui,1136,pja.4 ja.2,Phonemic,rabbit,,CHE; CHE,,
3-610-415-1,suii1243,Sui,2009,ma.1,Phonemic,dog,,,,
3-594-415-1,suii1243,Sui,1853,pau.2 ta.3,Phonemic,dove,,,,
3-596-415-1,suii1243,Sui,735,qau.1 meu.4,Phonemic,owl,,,,
3-593-415-1,suii1243,Sui,913,qa.2,Phonemic,crow,,,,
3-592-415-1,suii1243,Sui,882,nok.8 jin.3 wu.5,Phonemic,parrot,,,,
3-591-415-1,suii1243,Sui,1793,qo.2,Phonemic,bat,,,,
3-586-415-1,suii1243,Sui,1185,ljam.6,Phonemic,vulture,,,,
3-585-415-1,suii1243,Sui,307,jeu.2,Phonemic,hawk,,,,
3-585-415-3,suii1243,Sui,307,ńa:u.2,Phonemic,hawk,,,,
3-584-415-1,suii1243,Sui,1905,qok.7,Phonemic,eagle,,,,
3-581-415-1,suii1243,Sui,937,nok.8,Phonemic,bird,,,,
3-580-415-1,suii1243,Sui,539,hən.1,Phonemic,nest,,CHE; CHE,,
3-580-415-3,suii1243,Sui,539,kuŋ.1,Phonemic,nest,,CHE; CHE,,
3-570-415-1,suii1243,Sui,1360,ŋa.2,Phonemic,duck,,,,
3-560-415-1,suii1243,Sui,1187,ŋa:n.6,Phonemic,goose,,,,
3-550-415-1,suii1243,Sui,1318,qa:i.5,Phonemic,chicken,,,,
3-540-415-1,suii1243,Sui,1514,ni.4 qa:i.5,Phonemic,hen,,CHE,,
3-540-415-3,suii1243,Sui,1514,ra:ŋ.5 qa:i.5,Phonemic,hen,,CHE,,
3-520-415-1,suii1243,Sui,1511,qa:i.5 hai.3,Phonemic,"cock, rooster",,,,
3-520-415-3,suii1243,Sui,1511,hai.3 qa:i.5,Phonemic,"cock, rooster",,,,
3-470-415-1,suii1243,Sui,890,lo.2,Phonemic,mule,,,,
3-460-415-1,suii1243,Sui,1862,li.2,Phonemic,"ass, donkey",,,,
3-450-415-1,suii1243,Sui,1647,la:k.8 ma.4,Phonemic,"foal, colt",,,,
3-440-415-1,suii1243,Sui,938,ni.4 ma.4,Phonemic,mare,,CHE,,
3-440-415-3,suii1243,Sui,938,ma.2 hai.5,Phonemic,mare,,CHE,,
3-420-415-1,suii1243,Sui,936,tak.8 ma.4,Phonemic,stallion,,,,
3-410-415-1,suii1243,Sui,615,ma.4,Phonemic,horse (equine),,,,
3-380-415-1,suii1243,Sui,1972,la:k.8 pja.4,Phonemic,kid,,,,
3-370-415-1,suii1243,Sui,264,tak.8 pja.4,Phonemic,he-goat,,,,
3-360-415-1,suii1243,Sui,1502,pja.4,Phonemic,goat,,,,
3-350-415-1,suii1243,Sui,1337,mhu.5,Phonemic,pig,,,,
3-340-415-1,suii1243,Sui,1351,ni.4 mhu.5,Phonemic,sow (2),,,,
3-340-415-3,suii1243,Sui,1351,hai.5,Phonemic,sow (2),,,,
3-320-415-1,suii1243,Sui,1348,mhu.5 pui.1,Phonemic,boar,,,,
3-290-415-1,suii1243,Sui,820,fa.2 ʔa:u.1 cən.1,Phonemic,lamb,,,,
3-280-415-1,suii1243,Sui,1345,ni.4 fa.2,Phonemic,ewe,,CHE,,
3-280-415-3,suii1243,Sui,1345,hai.5 fa.2,Phonemic,ewe,,CHE,,
3-260-415-1,suii1243,Sui,1344,tak.8 fa.2,Phonemic,ram,,,,
3-250-415-1,suii1243,Sui,1331,fa.2,Phonemic,sheep,,,,
3-240-415-1,suii1243,Sui,1989,la:k.8 po.4,Phonemic,calf,,,,
3-230-415-1,suii1243,Sui,1007,ni.4 po.4,Phonemic,cow,,CHE,,
3-230-415-3,suii1243,Sui,1007,hai.5 po.4,Phonemic,cow,,CHE,,
3-220-415-1,suii1243,Sui,1169,po.4,Phonemic,ox,,,,
3-210-415-1,suii1243,Sui,1008,kui.2 tak.8,Phonemic,bull,,CHE; CHE,,
3-210-415-3,suii1243,Sui,1008,po.4 tak.8,Phonemic,bull,,CHE; CHE,,
3-200-415-1,suii1243,Sui,1153,seŋ.1,Phonemic,cattle (bovine),,,,
3-190-415-1,suii1243,Sui,851,ɣuŋ.6 ma.4,Phonemic,"stable, stall",,,,
3-180-415-1,suii1243,Sui,263,ʔai.3 hoŋ.5 po.4 / ʔai.3 hoŋ.5 fa.2,Phonemic,herdsman,,,,
3-160-415-1,suii1243,Sui,649,mu.2 cha:ŋ.4,Phonemic,pasture,,,,
3-150-415-1,suii1243,Sui,631,to.2 seŋ.1,Phonemic,livestock,,,,
3-130-415-1,suii1243,Sui,2262,ni.4,Phonemic,female (adj),,CHE; CHE,,
3-130-415-3,suii1243,Sui,2262,ka:ŋ.3,Phonemic,female (adj),,CHE; CHE,,
3-130-415-5,suii1243,Sui,2262,hai.5,Phonemic,female (adj),,CHE; CHE,,
3-130-415-7,suii1243,Sui,2262,luŋ.3,Phonemic,female (adj),,CHE; CHE,,
3-120-415-1,suii1243,Sui,2261,pui.1,Phonemic,male (adj),,CHE; CHE; CHE,,
3-120-415-3,suii1243,Sui,2261,hai.3,Phonemic,male (adj),,CHE; CHE; CHE,,
3-120-415-5,suii1243,Sui,2261,tak.8,Phonemic,male (adj),,CHE; CHE; CHE,,
3-120-415-7,suii1243,Sui,2261,kuŋ.3,Phonemic,male (adj),,CHE; CHE; CHE,,
3-110-415-1,suii1243,Sui,619,na:n.4 ta.3,Phonemic,animal,,,,
2-960-415-1,suii1243,Sui,817,ćin.1 man.1,Phonemic,they,,,,
2-960-415-3,suii1243,Sui,817,qa.3 man.1,Phonemic,they,,,,
2-950-415-1,suii1243,Sui,1213,sa:u.1,Phonemic,you (plural),,,,
2-950-415-3,suii1243,Sui,1213,ćin.1 sa:u.1,Phonemic,you (plural),,,,
2-942-415-1,suii1243,Sui,1130,ndiu.1,Phonemic,we (exclusive),,,,
2-942-415-3,suii1243,Sui,1130,ćin.1 ndju.1,Phonemic,we (exclusive),,,,
2-941-415-1,suii1243,Sui,1131,ćin.1 nda:u.1,Phonemic,we (inclusive),,,,
2-941-415-3,suii1243,Sui,1131,nda:u.1,Phonemic,we (inclusive),,,,
2-940-415-1,suii1243,Sui,1212,ndiu.1,Phonemic,we,,,,
2-940-415-3,suii1243,Sui,1212,ćin.1 ndju.1,Phonemic,we,,,,
2-930-415-1,suii1243,Sui,262,man.1,Phonemic,he/she/it,,,,
2-920-415-1,suii1243,Sui,1215,ńa.2,Phonemic,you (singular),,,,
2-910-415-1,suii1243,Sui,1209,ju.2,Phonemic,I,,,,
2-820-415-1,suii1243,Sui,194,ɣa:n.2,Phonemic,family,,,,
2-810-415-1,suii1243,Sui,1644,hek.7,Phonemic,"relatives, kinsmen",,,,
2-770-415-1,suii1243,Sui,1981,ʔai.3 qun.3,Phonemic,widower,,,,
2-760-415-1,suii1243,Sui,1756,ni.4 qun.3,Phonemic,widow,,,,
2-750-415-1,suii1243,Sui,1149,la:k.8 qun.3,Phonemic,orphan,,,,
2-740-415-1,suii1243,Sui,1058,la:k.8 ʔbja:k.7 ʔum.3,Phonemic,stepdaughter,,,,
2-730-415-1,suii1243,Sui,1059,la:k.8 ʔum.3,Phonemic,stepson,,,,
2-730-415-3,suii1243,Sui,1059,la:k.8 kuk.7,Phonemic,stepson,,,,
2-720-415-1,suii1243,Sui,236,ni.4 lən.2,Phonemic,stepmother,,,,
2-710-415-1,suii1243,Sui,237,pu.4 lən.2,Phonemic,stepfather,,,,
2-641-415-1,suii1243,Sui,2264,śa.3 la:k.8,Phonemic,daughter-in-law (of a woman),,,,
2-640-415-1,suii1243,Sui,2265,śa.3 la:k.8,Phonemic,daughter-in-law (of a man),,,,
2-631-415-1,suii1243,Sui,2266,ha:u.4,Phonemic,son-in-law (of a woman),,,,
2-631-415-3,suii1243,Sui,2266,la:k.8 ha:u.4,Phonemic,son-in-law (of a woman),,,,
2-630-415-1,suii1243,Sui,2267,ha:u.4,Phonemic,son-in-law (of a man),,,,
2-630-415-3,suii1243,Sui,2267,la:k.8 ha:u.4,Phonemic,son-in-law (of a man),,,,
2-621-415-1,suii1243,Sui,2257,ni.4,Phonemic,mother-in-law (of a woman),,,,
2-620-415-1,suii1243,Sui,2256,ni.4 te.1,Phonemic,mother-in-law (of a man),,,,
2-611-415-1,suii1243,Sui,2254,pu.4,Phonemic,father-in-law (of a woman),,,,
2-610-415-1,suii1243,Sui,2255,qoŋ.5 ta.1,Phonemic,father-in-law (of a man),,,,
2-570-415-1,suii1243,Sui,490,zən.1 ti.6 lən.2,Phonemic,descendants,,,,
2-560-415-1,suii1243,Sui,1669,qoŋ.5 kon.5,Phonemic,ancestors,,,,
2-550-415-1,suii1243,Sui,1643,fa:i.4 nu.4 pja:u.6,Phonemic,cousin,,,,
2-550-415-3,suii1243,Sui,1643,fe.2 nu.4 pja:u.6,Phonemic,cousin,,,,
2-540-415-1,suii1243,Sui,1642,la:k.8 ʔbja:k.7 fa:i.4,Phonemic,niece,,CHE; CHE,,
2-540-415-3,suii1243,Sui,1642,la:k.8 ʔbja:k.7 nu.4,Phonemic,niece,,CHE; CHE,,
2-530-415-1,suii1243,Sui,1063,la:k.8 mba:n.1 fa:i.4,Phonemic,nephew,,CHE; CHE,,
2-530-415-3,suii1243,Sui,1063,la:k.8 mba:n.1 nu.4,Phonemic,nephew,,CHE; CHE,,
2-522-415-1,suii1243,Sui,170,pa.3,Phonemic,father's sister,,,,
2-520-415-1,suii1243,Sui,1272,pa.3,Phonemic,aunt,,,,
2-520-415-3,suii1243,Sui,1272,ni.4 ti.3,Phonemic,aunt,,,,
2-521-415-1,suii1243,Sui,171,pa.3,Phonemic,mother's sister,,CHE; CHE,,
2-521-415-3,suii1243,Sui,171,fai.6,Phonemic,mother's sister,,CHE; CHE,,
2-512-415-1,suii1243,Sui,1985,pu.4 la:u.4,Phonemic,father's brother,,,,
2-512-415-3,suii1243,Sui,1985,luŋ.2,Phonemic,father's brother,,,,
2-511-415-1,suii1243,Sui,1984,luŋ.2,Phonemic,mother's brother,,CHE,,
2-510-415-1,suii1243,Sui,1327,pu.4 ti.3,Phonemic,uncle,,CHE,,
2-510-415-3,suii1243,Sui,1327,pu.4 la:u.4,Phonemic,uncle,,CHE,,
2-510-415-5,suii1243,Sui,1327,luŋ.2,Phonemic,uncle,,CHE,,
2-510-415-7,suii1243,Sui,1327,cu.2,Phonemic,uncle,,CHE,,
2-480-415-1,suii1243,Sui,1618,ha:n.1,Phonemic,grandson,,,,
2-490-415-1,suii1243,Sui,1619,ha:n.1 hek.7,Phonemic,granddaughter,,,,
2-471-415-1,suii1243,Sui,907,ja.4,Phonemic,old woman,,,,
2-470-415-1,suii1243,Sui,1496,ja.4,Phonemic,grandmother,,,,
2-461-415-1,suii1243,Sui,406,ʔai.3 qa:u.5 mbe.1,Phonemic,old man,,,,
2-461-415-3,suii1243,Sui,406,ʔai.3 će.5,Phonemic,old man,,,,
2-461-415-5,suii1243,Sui,406,ʔai.3 la:u.4,Phonemic,old man,,,,
2-460-415-1,suii1243,Sui,1383,qoŋ.5,Phonemic,grandfather,,,,
2-458-415-1,suii1243,Sui,1005,la:k.8 qa.3 piŋ.5,Phonemic,twins,,,,
2-456-415-1,suii1243,Sui,1640,fa:i.4 nu.4 fe.2 nu.4,Phonemic,sibling,,,,
2-455-415-1,suii1243,Sui,1761,nu.4,Phonemic,younger sister,,,,
2-454-415-1,suii1243,Sui,1758,fe.2,Phonemic,older sister,,,,
2-450-415-1,suii1243,Sui,1263,fe.2 nu.4,Phonemic,sister,,,,
2-445-415-1,suii1243,Sui,1760,nu.4,Phonemic,younger brother,,,,
2-444-415-1,suii1243,Sui,1759,fa:i.4,Phonemic,older brother,,,,
2-440-415-1,suii1243,Sui,1262,fa:i.4 nu.4,Phonemic,brother,,,,
2-430-415-1,suii1243,Sui,1801,la:k.8,Phonemic,offspring (son or daughter),,,,
2-430-415-3,suii1243,Sui,1801,zən.1 ti.6 lən.2,Phonemic,offspring (son or daughter),,,,
2-420-415-1,suii1243,Sui,1357,la:k.8 ʔbja:k.7,Phonemic,daughter,,,,
2-410-415-1,suii1243,Sui,1620,la:k.8,Phonemic,son,,,,
2-390-415-1,suii1243,Sui,426,ni.4,Phonemic,married woman,,,,
2-390-415-3,suii1243,Sui,426,ni.4 ʔbja:k.7,Phonemic,married woman,,,,
2-380-415-1,suii1243,Sui,424,mba:n.1,Phonemic,married man,,,,
2-380-415-3,suii1243,Sui,424,ʔa,Phonemic,married man,,,,
2-380-415-5,suii1243,Sui,424,.3 mba:n.1,Phonemic,married man,,,,
2-370-415-1,suii1243,Sui,505,pu.4 ni.4,Phonemic,parents,,,,
2-360-415-1,suii1243,Sui,1216,ni.4,Phonemic,mother,,,,
2-350-415-1,suii1243,Sui,1217,pu.4,Phonemic,father,,,,
2-341-415-1,suii1243,Sui,1134,li.4 fən.3,Phonemic,divorce,,,,
2-341-415-3,suii1243,Sui,1134,phu:t.7,Phonemic,divorce,,,,
2-340-415-1,suii1243,Sui,1259,ju.5 śa.3,Phonemic,"marriage, wedding",,,,
2-330-415-1,suii1243,Sui,203,ju.5 śa.1,Phonemic,marry,,,,
2-330-415-3,suii1243,Sui,203,tu.3 ʔa:u.1,Phonemic,marry,,,,
2-320-415-1,suii1243,Sui,1199,śa.3,Phonemic,wife,,,,
2-320-415-3,suii1243,Sui,1199,ni.4 ʔbja:k.7,Phonemic,wife,,,,
2-310-415-1,suii1243,Sui,1200,ʔɣe.1,Phonemic,husband,,,,
2-310-415-3,suii1243,Sui,1200,ʔai.3 mba:n.1,Phonemic,husband,,,,
2-280-415-1,suii1243,Sui,1289,la:k.8 ka:u.3 fja.3,Phonemic,"infant, baby",,,,
2-280-415-3,suii1243,Sui,1289,nu.4 ti.3,Phonemic,"infant, baby",,,,
2-270-415-1,suii1243,Sui,1304,la:k.8 ti.3,Phonemic,child,,,,
2-260-415-1,suii1243,Sui,1646,la:k.8 ʔbja:k.7,Phonemic,girl,,,,
2-251-415-1,suii1243,Sui,76,la:k.8 mba:n.1,Phonemic,young man (adolescent),,,,
2-250-415-1,suii1243,Sui,1366,la:k.8 mba:n.1,Phonemic,boy,,,,
2-250-415-3,suii1243,Sui,1366,la:k.8 ti.3 mba:n.1,Phonemic,boy,,,,
2-240-415-1,suii1243,Sui,1551,ni.4,Phonemic,female,,,,
2-240-415-3,suii1243,Sui,1551,ʔbja:k.7,Phonemic,female,,,,
2-230-415-1,suii1243,Sui,1553,mba:n.1,Phonemic,male,,,,
2-220-415-1,suii1243,Sui,962,ni.4 ʔbja:k.7,Phonemic,woman,,,,
2-210-415-1,suii1243,Sui,1554,zən.1 mba:n.1,Phonemic,man (vs. woman),,,,
2-210-415-3,suii1243,Sui,1554,ʔai.3 mba:n.1,Phonemic,man (vs. woman),,,,
2-210-415-5,suii1243,Sui,1554,mba:n.1,Phonemic,man (vs. woman),,,,
2-100-415-1,suii1243,Sui,683,zən.1,Phonemic,"person, human being",,,,
2-100-415-3,suii1243,Sui,683,ʔai.3,Phonemic,"person, human being",,,,
1-890-415-1,suii1243,Sui,1188,tha:n.1,Phonemic,charcoal,,,,
1-880-415-1,suii1243,Sui,10,ndjət.7,Phonemic,firewood,,,,
1-870-415-1,suii1243,Sui,1133,ja:ŋ.4 ho.6,Phonemic,match (noun),,,,
1-870-415-3,suii1243,Sui,1133,ho.6 cha:i.4,Phonemic,match (noun),,,,
1-861-415-1,suii1243,Sui,127,ʔdap.7 wi.1,Phonemic,extinguish,,,,
1-860-415-1,suii1243,Sui,737,sa:u.5 wi.1,Phonemic,"light, kindle, ignite",,,,
1-860-415-3,suii1243,Sui,737,lin.1 wi.1,Phonemic,"light, kindle, ignite",,,,
1-860-415-5,suii1243,Sui,737,ʔnjok.7 wi.1,Phonemic,"light, kindle, ignite",,,,
1-852-415-1,suii1243,Sui,1428,ta:u.3,Phonemic,burn (vb intrans),,,,
1-852-415-3,suii1243,Sui,1428,sut.7,Phonemic,burn (vb intrans),,,,
1-851-415-1,suii1243,Sui,141,ta:u.3,Phonemic,burn (vb trans),,,,
1-851-415-3,suii1243,Sui,141,sut.7,Phonemic,burn (vb trans),,,,
1-840-415-1,suii1243,Sui,646,wuk.7,Phonemic,ashes,,,,
1-840-415-3,suii1243,Sui,646,uk.7 ʔniŋ.1,Phonemic,ashes,,,,
1-830-415-1,suii1243,Sui,778,kwan.2,Phonemic,smoke (noun),,,,
1-820-415-1,suii1243,Sui,889,ma.2 wi.1,Phonemic,flame (noun),,,,
1-810-415-1,suii1243,Sui,221,wi.1,Phonemic,fire,,,,
1-780-415-1,suii1243,Sui,952,wan.1,Phonemic,weather,,,,
1-770-415-1,suii1243,Sui,617,ʔnui.1 śu.1,Phonemic,ice,,,,
1-760-415-1,suii1243,Sui,784,ʔnui.1,Phonemic,snow (noun),,,,
1-750-415-1,suii1243,Sui,658,fən.1,Phonemic,rain (noun),,,,
1-740-415-1,suii1243,Sui,249,mon.1,Phonemic,fog,,,,
1-720-415-1,suii1243,Sui,960,lom.1,Phonemic,wind,,,,
1-720-415-3,suii1243,Sui,960,kha:ŋ.5,Phonemic,wind,,,,
1-730-415-1,suii1243,Sui,1489,fa.3,Phonemic,cloud,,,,
1-710-415-1,suii1243,Sui,27,lo.5,Phonemic,air,,,,
1-640-415-1,suii1243,Sui,1977,nam.3 ńi.2,Phonemic,dew,,,,
1-630-415-1,suii1243,Sui,1388,ʔdjam.5,Phonemic,"shade, shadow",,,,
1-630-415-3,suii1243,Sui,1388,tak.7 tau.1,Phonemic,"shade, shadow",,,,
1-630-415-5,suii1243,Sui,1388,ta.5 tau.1,Phonemic,"shade, shadow",,,,
1-620-415-1,suii1243,Sui,11,ndiŋ.5,Phonemic,darkness,,,,
1-610-415-1,suii1243,Sui,630,śa:ŋ.1,Phonemic,light (noun),,,,
1-590-415-1,suii1243,Sui,1733,ka.1 cje.1 nam.3,Phonemic,rainbow,,,,
1-580-415-1,suii1243,Sui,858,kha:ŋ.5 fən.1 la:u.4,Phonemic,storm,,,,
1-560-415-1,suii1243,Sui,1150,qum.4 ʔńa.3,Phonemic,thunder,,,,
1-570-415-1,suii1243,Sui,2007,wa.3 ljap.7,Phonemic,lightning (as striking),,,,
1-570-415-3,suii1243,Sui,2007,lap.7 wa.3,Phonemic,lightning (as striking),,,,
1-550-415-1,suii1243,Sui,1654,ʔbən.1 la:p.7,Phonemic,lightning,,,,
1-550-415-3,suii1243,Sui,1654,ʔba.3 la:p.7,Phonemic,lightning,,,,
1-540-415-1,suii1243,Sui,1430,zət.7,Phonemic,star,,,,
1-530-415-1,suii1243,Sui,1313,njen.2,Phonemic,moon,,,,
1-520-415-1,suii1243,Sui,1343,nda.1 wan.1,Phonemic,sun,,,,
1-510-415-1,suii1243,Sui,1732,ʔbən.1,Phonemic,sky,,,,
1-440-415-1,suii1243,Sui,2125,tin.2,Phonemic,"stone, rock",,,,
1-430-415-1,suii1243,Sui,1803,mai.4,Phonemic,wood,,,,
1-430-415-3,suii1243,Sui,1803,quŋ.2 mai.4,Phonemic,wood,,,,
1-420-415-1,suii1243,Sui,906,mai.4,Phonemic,tree (cf 08.600),,,,
1-410-415-1,suii1243,Sui,420,ʔdoŋ.1,Phonemic,"woods, forest",,,,
1-370-415-1,suii1243,Sui,2144,ʔbən.5 nam.3,Phonemic,"spring, well",,,,
1-370-415-3,suii1243,Sui,2144,ʔbən.5,Phonemic,"spring, well",,,,
1-362-415-1,suii1243,Sui,1982,nam.3 cjap.7 cjun.2,Phonemic,whirlpool,,,,
1-360-415-1,suii1243,Sui,666,ʔnja.1,Phonemic,"river, stream, brook",,,,
1-360-415-3,suii1243,Sui,666,kui.3,Phonemic,"river, stream, brook",,,,
1-360-415-5,suii1243,Sui,666,ʔnja:ŋ.1,Phonemic,"river, stream, brook",,,,
1-350-415-1,suii1243,Sui,978,ndja:p.7 nam.3,Phonemic,wave,,,,
1-343-415-1,suii1243,Sui,1662,qam.4 nam.3,Phonemic,"headland, point",,,,
1-330-415-1,suii1243,Sui,624,fu.4,Phonemic,lake,,,,
1-330-415-3,suii1243,Sui,624,ndam.1,Phonemic,lake,,,,
1-329-415-1,suii1243,Sui,645,ha:i.3,Phonemic,ocean,,,,
1-324-415-1,suii1243,Sui,1768,fuk.8,Phonemic,foam,,,,
1-320-415-1,suii1243,Sui,1474,ha:i.3,Phonemic,sea,,,,
1-322-415-1,suii1243,Sui,258,pjeŋ.2,Phonemic,calm (of sea),,,,
1-310-415-1,suii1243,Sui,948,nam.3,Phonemic,water,,,,
1-280-415-1,suii1243,Sui,1155,qa:m.1,Phonemic,cave,,,,
1-270-415-1,suii1243,Sui,113,faŋ.5 ʔnja.1,Phonemic,shore,,,,
1-260-415-1,suii1243,Sui,166,ta.5 ti.6,Phonemic,mainland,,,,
1-240-415-1,suii1243,Sui,921,cum.2 nu.2,Phonemic,valley,,,,
1-240-415-3,suii1243,Sui,921,qhoi.3 nu.2,Phonemic,valley,,,,
1-230-415-1,suii1243,Sui,652,nda:i.5 pjeŋ.2,Phonemic,"plain, field",,,,
1-230-415-3,suii1243,Sui,652,ta.5 pjeŋ.2,Phonemic,"plain, field",,,,
1-222-415-1,suii1243,Sui,618,khan.5 ćhin.3,Phonemic,"cliff, precipice",,,,
1-222-415-3,suii1243,Sui,618,khan.5 pja.1,Phonemic,"cliff, precipice",,,,
1-220-415-1,suii1243,Sui,2118,nu.2,Phonemic,"mountain, hill",,,,
1-220-415-3,suii1243,Sui,2118,pja.1,Phonemic,"mountain, hill",,,,
1-214-415-1,suii1243,Sui,640,ʔboŋ.5,Phonemic,mud,,,,
1-215-415-1,suii1243,Sui,671,khin.3,Phonemic,sand,,,,
1-215-415-3,suii1243,Sui,671,nde.1,Phonemic,sand,,,,
1-213-415-1,suii1243,Sui,2,wan.1 con.2,Phonemic,dust,,,,
1-212-415-1,suii1243,Sui,1228,nda:i.5,Phonemic,"earth=ground, soil",,,,
1-212-415-3,suii1243,Sui,1228,hum.5,Phonemic,"earth=ground, soil",,,,
1-210-415-1,suii1243,Sui,626,ta.5 ti.6,Phonemic,"earth, land",,,,
1-100-415-1,suii1243,Sui,965,te.3 ʔbən.1,Phonemic,world,,,,
1-100-415-3,suii1243,Sui,965,si.1 kaj.1,Phonemic,world,,,,
14-331-415-1,suii1243,Sui,703,me.2 tjaŋ.1,Phonemic,soon,,,,
14-332-415-1,suii1243,Sui,418,tjaŋ.1 njaŋ.1,Phonemic,long-time (for a),,,,
14-340-415-1,suii1243,Sui,1656,pen.3 mi.4,Phonemic,never,,,,
14-350-415-1,suii1243,Sui,204,ʔai.5,Phonemic,again,,,,
14-410-415-1,suii1243,Sui,1225,ʔbən.1 wan.1,Phonemic,day,,,,
14-420-415-1,suii1243,Sui,1233,sa:n.2,Phonemic,night,,,,
14-420-415-3,suii1243,Sui,1233,ʔńam.5,Phonemic,night,,,,
14-430-415-1,suii1243,Sui,729,khi.3 ʔda:ŋ.1,Phonemic,dawn,,,,
14-440-415-1,suii1243,Sui,1339,śit.7 ham.1,Phonemic,morning,,,,
14-450-415-1,suii1243,Sui,12,ta.5 wan.1,Phonemic,"noon, midday",,,,
14-451-415-1,suii1243,Sui,1807,te.3 ʔau.4 wan.1,Phonemic,afternoon,,,,
14-451-415-3,suii1243,Sui,1807,hai.3 ʔńam.5,Phonemic,afternoon,,,,
14-460-415-1,suii1243,Sui,1629,ʔńam.5,Phonemic,evening,,,,
14-470-415-1,suii1243,Sui,1283,wan.1 na:i.6,Phonemic,today,,,,
14-480-415-1,suii1243,Sui,1329,wan.1 ʔmu.3,Phonemic,tomorrow,,,,
14-481-415-1,suii1243,Sui,1179,wan.1 na.3,Phonemic,day-after-tomorrow,,,,
14-490-415-1,suii1243,Sui,1174,wan.1 ʔńu.1,Phonemic,yesterday,,,,
14-491-415-1,suii1243,Sui,1180,wan.1 kon.5,Phonemic,day-before-yesterday,,,,
14-510-415-1,suii1243,Sui,1353,cuŋ.3 thau.4,Phonemic,hour,,,,
14-530-415-1,suii1243,Sui,1323,tam.2 qa:ŋ.1,Phonemic,"clock, timepiece",,,,
14-530-415-3,suii1243,Sui,1323,cuŋ.3,Phonemic,"clock, timepiece",,,,
14-610-415-1,suii1243,Sui,1469,sin.3 ćhi.3,Phonemic,week,,,,
14-620-415-1,suii1243,Sui,1699,wan.1 sin.3 ćhi.3,Phonemic,Sunday,,,,
14-630-415-1,suii1243,Sui,1697,ʔjət.7 sin.3 ćhi.3,Phonemic,Monday,,,,
14-640-415-1,suii1243,Sui,1695,ńi.6 sin.2 ćhi.3,Phonemic,Tuesday,,,,
14-650-415-1,suii1243,Sui,1694,ha:n.1 sin.4 ćhi.3,Phonemic,Wednesday,,,,
14-660-415-1,suii1243,Sui,1693,śi.5 sin.4 ćhi.3,Phonemic,Thursday,,,,
14-670-415-1,suii1243,Sui,1692,ŋo.4 sin.4 ćhi.3,Phonemic,Friday,,,,
14-680-415-1,suii1243,Sui,1700,ljok.8 sin.4 ćhi.3,Phonemic,Saturday,,,,
14-710-415-1,suii1243,Sui,1370,njen.2,Phonemic,month,,,,
14-730-415-1,suii1243,Sui,1226,mbe.1,Phonemic,year,,,,
14-740-415-1,suii1243,Sui,1471,njen.2 nho.1,Phonemic,winter,,,,
14-750-415-1,suii1243,Sui,1537,njen.2 sən.1,Phonemic,spring,,,,
14-760-415-1,suii1243,Sui,1342,njen.2 sən.1,Phonemic,summer,,,,
14-770-415-1,suii1243,Sui,1276,njen.2 nho.1,Phonemic,autumn,,,,
14-780-415-1,suii1243,Sui,691,ći.1,Phonemic,season,,,,
14-780-415-3,suii1243,Sui,691,ći.1 cje.2,Phonemic,season,,,,
15-210-415-1,suii1243,Sui,1587,ńhu.1,Phonemic,smell (vb intrans),,,,
15-260-415-1,suii1243,Sui,42,ŋhu.1,Phonemic,"stinking, bad smelling",,,,
15-310-415-1,suii1243,Sui,21,ʔda:u.3 pa:k.7,Phonemic,taste,,,,
15-350-415-1,suii1243,Sui,717,ljan.6,Phonemic,sweet,,,,
15-360-415-1,suii1243,Sui,1091,ʔnaŋ.5,Phonemic,salty,,,,
15-360-415-3,suii1243,Sui,1091,mat.8,Phonemic,salty,,,,
15-370-415-1,suii1243,Sui,887,qam.1,Phonemic,bitter,,,,
15-370-415-3,suii1243,Sui,887,ho.3,Phonemic,bitter,,,,
15-380-415-1,suii1243,Sui,1906,hum.3,Phonemic,"acid, sour",,,,
15-410-415-1,suii1243,Sui,1408,ŋai.5,Phonemic,hear,,,,
15-420-415-1,suii1243,Sui,1608,ŋan.4,Phonemic,listen,,,,
15-420-415-3,suii1243,Sui,1608,ʔdi.3,Phonemic,listen,,,,
15-440-415-1,suii1243,Sui,1811,ʔnjan.5,Phonemic,"sound, noise",,,,
15-440-415-3,suii1243,Sui,1811,lo.5,Phonemic,"sound, noise",,,,
15-450-415-1,suii1243,Sui,377,lo.5 la:u.4,Phonemic,loud,,,,
15-460-415-1,suii1243,Sui,1314,ʔdet.7 set.7,Phonemic,"quiet, silence",,,,
15-510-415-1,suii1243,Sui,1409,ndo.3,Phonemic,see,,,,
15-520-415-1,suii1243,Sui,1819,qau.5,Phonemic,"look, look at",,,,
15-560-415-1,suii1243,Sui,708,ca:u.1 ʔda:ŋ.1,Phonemic,shine,,,,
15-570-415-1,suii1243,Sui,679,qa:ŋ.1 kwaŋ.2,Phonemic,bright,,,,
15-570-415-3,suii1243,Sui,679,qa:ŋ.1 loŋ.5,Phonemic,bright,,,,
15-610-415-1,suii1243,Sui,1613,sak.7,Phonemic,color,,,,
15-620-415-1,suii1243,Sui,250,jik.7,Phonemic,light (in color),,,,
15-630-415-1,suii1243,Sui,706,ʔjam.1,Phonemic,dark (in color),,,,
15-640-415-1,suii1243,Sui,1335,pa:k.8,Phonemic,white,,,,
15-650-415-1,suii1243,Sui,163,ʔnam.1,Phonemic,black,,,,
15-660-415-1,suii1243,Sui,156,ha:n.3,Phonemic,red,,,,
15-670-415-1,suii1243,Sui,837,śu.1,Phonemic,blue,,,,
15-680-415-1,suii1243,Sui,1425,śu.1,Phonemic,green,,,,
15-690-415-1,suii1243,Sui,1424,mha:n.3,Phonemic,yellow,,,,
15-710-415-1,suii1243,Sui,1892,tam.3,Phonemic,touch,,,,
15-712-415-1,suii1243,Sui,378,ńap.8,Phonemic,pinch,,,,
15-712-415-3,suii1243,Sui,378,pən.3,Phonemic,pinch,,,,
15-720-415-1,suii1243,Sui,1079,fja:m.5,Phonemic,feel,,,,
15-720-415-3,suii1243,Sui,1079,lwa:t.8,Phonemic,feel,,,,
15-720-415-5,suii1243,Sui,1079,ʔduk.7,Phonemic,feel,,,,
15-740-415-1,suii1243,Sui,1884,ʔda.3,Phonemic,hard,,,,
15-750-415-1,suii1243,Sui,1856,ʔma.3,Phonemic,soft,,,,
15-760-415-1,suii1243,Sui,1923,ńha:k.7 ńin.1,Phonemic,rough,,,,
15-760-415-3,suii1243,Sui,1923,ŋa:i.6,Phonemic,rough,,,,
15-770-415-1,suii1243,Sui,1234,ʔdjan.1 ʔdjoi.3,Phonemic,smooth,,,,
15-770-415-3,suii1243,Sui,1234,ka:n.5 kai.1,Phonemic,smooth,,,,
15-780-415-1,suii1243,Sui,1396,tau.6 nau.6,Phonemic,sharp,,,,
15-790-415-1,suii1243,Sui,379,təm.1,Phonemic,"blunt, dull",,,,
15-810-415-1,suii1243,Sui,1210,zan.1,Phonemic,heavy,,,,
15-820-415-1,suii1243,Sui,1052,za.3,Phonemic,light (in weight),,,,
15-830-415-1,suii1243,Sui,1726,ʔɣak.7,Phonemic,"wet, damp",,,,
15-830-415-3,suii1243,Sui,1726,ʔam.3,Phonemic,"wet, damp",,,,
15-840-415-1,suii1243,Sui,1398,sui.5,Phonemic,dry,,,,
15-840-415-3,suii1243,Sui,1398,liŋ.3,Phonemic,dry,,,,
15-850-415-1,suii1243,Sui,1286,ndu.3,Phonemic,hot,,,,
15-850-415-3,suii1243,Sui,1286,sut.7,Phonemic,hot,,,,
15-851-415-1,suii1243,Sui,1232,ʔdu.3,Phonemic,warm,,,,
15-860-415-1,suii1243,Sui,1287,ʔńit.7,Phonemic,cold,,,,
15-860-415-3,suii1243,Sui,1287,nho.1,Phonemic,cold,,,,
15-860-415-5,suii1243,Sui,1287,ŋa:m.5,Phonemic,cold,,,,
15-870-415-1,suii1243,Sui,704,ɣa:ŋ.5,Phonemic,clean,,,,
15-880-415-1,suii1243,Sui,1230,pjek.7,Phonemic,"dirty, soiled",,,,
15-880-415-3,suii1243,Sui,1230,mhak.7,Phonemic,"dirty, soiled",,,,
15-880-415-5,suii1243,Sui,1230,ʔda:ŋ.3,Phonemic,"dirty, soiled",,,,
15-890-415-1,suii1243,Sui,380,tjut.8,Phonemic,wrinkled,,,,
16-110-415-1,suii1243,Sui,53,kwan.1,Phonemic,"soul, spirit",,CHECK,,
16-110-415-3,suii1243,Sui,53,cin.3 sən.,Phonemic,"soul, spirit",,CHECK,,
16-150-415-1,suii1243,Sui,1572,ha:n.6,Phonemic,"surprised, astonished",,,,
16-150-415-3,suii1243,Sui,1572,ŋhai.5 ʔńo.1,Phonemic,"surprised, astonished",,,,
16-180-415-1,suii1243,Sui,720,win.1 ćhi.1 ʔda:i.1,Phonemic,"good fortune, luck",,,,
16-190-415-1,suii1243,Sui,56,ma:t.7,Phonemic,"misfortune, bad luck",,,,
16-230-415-1,suii1243,Sui,1495,maŋ.4,Phonemic,"joyful, glad, happy",,,,
16-250-415-1,suii1243,Sui,1355,ku.1,Phonemic,laugh,,,,
16-251-415-1,suii1243,Sui,1451,ka:n.1 ku.1 ʔbja:i.3,Phonemic,smile,,,,
16-260-415-1,suii1243,Sui,1413,śa:n.3,Phonemic,play,,,,
16-260-415-3,suii1243,Sui,1413,peu.6,Phonemic,play,,,,
16-260-415-5,suii1243,Sui,1413,fja:n.3,Phonemic,play,,,,
16-270-415-1,suii1243,Sui,923,mjət.7,Phonemic,love,,,,
16-270-415-3,suii1243,Sui,923,mbjun.1,Phonemic,love,,,,
16-290-415-1,suii1243,Sui,578,put.8,Phonemic,kiss,,,,
16-300-415-1,suii1243,Sui,928,khop.7,Phonemic,embrace,,,,
16-310-415-1,suii1243,Sui,1783,ćit.7,Phonemic,pain,,,,
16-320-415-1,suii1243,Sui,1668,pha.5 loŋ.2,Phonemic,"grief, sorrow, sadness",,,,
16-330-415-1,suii1243,Sui,1000,san.4,Phonemic,"anxiety, worry",,,,
16-330-415-3,suii1243,Sui,1000,ʔbja.5 loŋ.2,Phonemic,"anxiety, worry",,,,
16-340-415-1,suii1243,Sui,1875,phja.3 loŋ.2,Phonemic,"regret, be sorry",,,,
16-350-415-1,suii1243,Sui,1141,ʔɣa.5 ha.2,Phonemic,pity,,,,
16-370-415-1,suii1243,Sui,1839,ʔŋe.3,Phonemic,"cry, weep",,,,
16-370-415-3,suii1243,Sui,1839,ʔńe.3,Phonemic,"cry, weep",,,,
16-380-415-1,suii1243,Sui,1651,nam.3 nda.1,Phonemic,tear (noun),,,,
16-390-415-1,suii1243,Sui,716,wa:n.1,Phonemic,groan,,,,
16-410-415-1,suii1243,Sui,1607,ńu.2,Phonemic,hate,,,,
16-410-415-3,suii1243,Sui,1607,pən.4,Phonemic,hate,,,,
16-420-415-1,suii1243,Sui,82,ndin.3 loŋ.2,Phonemic,anger,,,,
16-420-415-3,suii1243,Sui,82,ńu.2,Phonemic,anger,,,,
16-420-415-5,suii1243,Sui,82,he.4 pən.4,Phonemic,anger,,,,
16-440-415-1,suii1243,Sui,40,me.2 tja:ŋ.3,Phonemic,"envy, jealousy",,,,
16-450-415-1,suii1243,Sui,1776,ʔui.1,Phonemic,shame (noun),,,,
16-480-415-1,suii1243,Sui,174,ljat.7,Phonemic,proud,,,,
16-510-415-1,suii1243,Sui,1779,su.4,Phonemic,dare,,,,
16-520-415-1,suii1243,Sui,3,śuŋ.3,Phonemic,brave,,,,
16-520-415-3,suii1243,Sui,3,juŋ.6 ka:n.6,Phonemic,brave,,,,
16-530-415-1,suii1243,Sui,781,ho.1,Phonemic,"fear, fright",,,,
16-530-415-3,suii1243,Sui,781,tok.7 kwan.1,Phonemic,"fear, fright",,,,
16-540-415-1,suii1243,Sui,1810,wai.4 śen.6,Phonemic,danger,,,,
16-620-415-1,suii1243,Sui,1784,ma:ŋ.6,Phonemic,"desire, want",,,,
16-620-415-3,suii1243,Sui,1784,ʔńi.6,Phonemic,"desire, want",,,,
16-620-415-5,suii1243,Sui,1784,ńon.6,Phonemic,"desire, want",,,,
16-622-415-1,suii1243,Sui,1750,la:i.6,Phonemic,choose,,,,
16-630-415-1,suii1243,Sui,1092,ma:ŋ.6,Phonemic,hope,,,,
16-650-415-1,suii1243,Sui,100,loŋ.2 śaŋ.2,Phonemic,faithful,,,,
16-660-415-1,suii1243,Sui,1657,śu.5,Phonemic,true,,,,
16-670-415-1,suii1243,Sui,601,fan.2 po.5,Phonemic,"lie, tell lies",,,,
16-680-415-1,suii1243,Sui,13,po.5,Phonemic,deceit,,,,
16-710-415-1,suii1243,Sui,1035,ʔda:i.1,Phonemic,good,,,,
16-720-415-1,suii1243,Sui,1292,ńau.5,Phonemic,bad,,,,
16-720-415-3,suii1243,Sui,1292,pha.5,Phonemic,bad,,,,
16-730-415-1,suii1243,Sui,1725,ndum.2,Phonemic,"right, correct",,,,
16-740-415-1,suii1243,Sui,1390,cho.1,Phonemic,wrong,,,,
16-760-415-1,suii1243,Sui,134,ko.1 cho.1,Phonemic,fault,,,,
16-770-415-1,suii1243,Sui,1293,cho.1 wu.1,Phonemic,"mistake, error",,,,
16-780-415-1,suii1243,Sui,381,ʔwen.5,Phonemic,blame,,,,
16-790-415-1,suii1243,Sui,1687,pau.3,Phonemic,praise,,,,
16-810-415-1,suii1243,Sui,1427,kiŋ.3,Phonemic,beautiful,,,,
16-810-415-3,suii1243,Sui,1427,qhan.5,Phonemic,beautiful,,,,
16-820-415-1,suii1243,Sui,1548,ńau.5,Phonemic,ugly,,,,
16-830-415-1,suii1243,Sui,2018,qha.1 mau.2,Phonemic,greedy,,,,
16-840-415-1,suii1243,Sui,1310,ɣa:i.5,Phonemic,clever,,,,
16-840-415-3,suii1243,Sui,1310,ʔdjup.7,Phonemic,clever,,,,
16-840-415-5,suii1243,Sui,1310,kiŋ.3,Phonemic,clever,,,,
17-130-415-1,suii1243,Sui,1415,nhi.3,Phonemic,think (= reflect),,,,
17-130-415-3,suii1243,Sui,1415,fa.3,Phonemic,think (= reflect),,,,
17-140-415-1,suii1243,Sui,1513,fa.3,Phonemic,think (= be of the opinion),,,,
17-150-415-1,suii1243,Sui,1890,sin.1,Phonemic,believe,,,,
17-160-415-1,suii1243,Sui,1536,śau.3,Phonemic,understand,,,,
17-170-415-1,suii1243,Sui,1410,śau.3,Phonemic,know,,,,
17-171-415-1,suii1243,Sui,1932,ʔan.3,Phonemic,guess,,,,
17-171-415-3,suii1243,Sui,1932,ton.5,Phonemic,guess,,,,
17-171-415-5,suii1243,Sui,1932,cha:i.3,Phonemic,guess,,,,
17-172-415-1,suii1243,Sui,117,fa:ŋ.6 ca:u.1,Phonemic,imitate,,,,
17-180-415-1,suii1243,Sui,1521,śən.1 mbja:ŋ.5,Phonemic,seem,,,,
17-180-415-3,suii1243,Sui,1521,fu.5,Phonemic,seem,,,,
17-190-415-1,suii1243,Sui,1609,cu.6 ji.1,Phonemic,"idea, notion",,,,
17-210-415-1,suii1243,Sui,698,śa:i.1,Phonemic,wise,,,,
17-210-415-3,suii1243,Sui,698,ɣa:i.6,Phonemic,wise,,,,
17-220-415-1,suii1243,Sui,1518,ʔwa.3 waŋ.1,Phonemic,"foolish, stupid",,,,
17-220-415-3,suii1243,Sui,1518,śaŋ.3,Phonemic,"foolish, stupid",,,,
17-230-415-1,suii1243,Sui,1899,ŋa:n.5,Phonemic,"insane, crazy",,,,
17-240-415-1,suii1243,Sui,504,ća:u.5,Phonemic,learn,,,,
17-240-415-3,suii1243,Sui,504,śo.2,Phonemic,learn,,,,
17-242-415-1,suii1243,Sui,1929,śo.2 si.2,Phonemic,study,,,,
17-250-415-1,suii1243,Sui,709,to.5,Phonemic,teach,,,,
17-250-415-3,suii1243,Sui,709,to.5 le.1,Phonemic,teach,,,,
17-260-415-1,suii1243,Sui,753,la:k.8 śo.2 sən.3,Phonemic,pupil,,,,
17-260-415-3,suii1243,Sui,753,śo.2 sən.3,Phonemic,pupil,,,,
17-270-415-1,suii1243,Sui,1038,ʔai.3 la:u.6 sɨ.3,Phonemic,teacher,,,,
17-270-415-3,suii1243,Sui,1038,la:u.6 sɨ.3,Phonemic,teacher,,,,
17-280-415-1,suii1243,Sui,673,śo.2 śa:u.1,Phonemic,school,,,,
17-310-415-1,suii1243,Sui,707,ći.5,Phonemic,remember,,,,
17-320-415-1,suii1243,Sui,1523,la:m.2,Phonemic,forget,,,,
17-340-415-1,suii1243,Sui,989,ɣa:ŋ.5 ɣau.1,Phonemic,"clear, plain",,,,
17-350-415-1,suii1243,Sui,1764,ʔńa:m.1 śau.3,Phonemic,obscure,,,,
17-360-415-1,suii1243,Sui,1121,ɣəm.5,Phonemic,secret,,,,
17-360-415-3,suii1243,Sui,1121,mi.2 mi.2,Phonemic,secret,,,,
17-370-415-1,suii1243,Sui,509,heu.5,Phonemic,"sure, certain",,,,
17-370-415-3,suii1243,Sui,509,tin.1,Phonemic,"sure, certain",,,,
17-380-415-1,suii1243,Sui,1626,śop.8,Phonemic,explain,,,,
17-410-415-1,suii1243,Sui,1162,mu.2 ti.2,Phonemic,"intention, purpose",,,,
17-430-415-1,suii1243,Sui,1308,ho.1,Phonemic,doubt,,,,
17-430-415-3,suii1243,Sui,1308,fa:i.4 ńi.4,Phonemic,doubt,,,,
17-440-415-1,suii1243,Sui,1841,ho.1,Phonemic,suspect,,,,
17-450-415-1,suii1243,Sui,643,ćhem.5,Phonemic,"need, necessity",,,,
17-460-415-1,suii1243,Sui,686,fui.1,Phonemic,easy,,,,
17-460-415-3,suii1243,Sui,686,phje.2 tho.2,Phonemic,easy,,,,
17-470-415-1,suii1243,Sui,584,ʔńa:m.1,Phonemic,difficult,,,,
17-470-415-3,suii1243,Sui,584,śen.6,Phonemic,difficult,,,,
17-470-415-5,suii1243,Sui,584,na:n.1,Phonemic,difficult,,,,
17-470-415-7,suii1243,Sui,584,na:n.2,Phonemic,difficult,,,,
17-470-415-9,suii1243,Sui,584,ho.3,Phonemic,difficult,,,,
17-470-415-11,suii1243,Sui,584,na:n.1,Phonemic,difficult,,,,
17-480-415-1,suii1243,Sui,1812,si.5,Phonemic,"try, attempt",,,,
17-490-415-1,suii1243,Sui,488,pa:n.1 fa.2,Phonemic,"way, manner",,,,
17-510-415-1,suii1243,Sui,1577,ʔnjam.5,Phonemic,and,,,,
17-510-415-3,suii1243,Sui,1577,kap.7,Phonemic,and,,,,
17-520-415-1,suii1243,Sui,1157,wi.6,Phonemic,because,,,,
17-520-415-3,suii1243,Sui,1157,ka:i.6,Phonemic,because,,,,
17-530-415-1,suii1243,Sui,1459,la:ŋ.1,Phonemic,if,,,,
17-530-415-3,suii1243,Sui,1459,ca.2 la:ŋ.1,Phonemic,if,,,,
17-540-415-1,suii1243,Sui,1014,ɣo.3,Phonemic,or,,,,
17-540-415-3,suii1243,Sui,1014,me.2 lo.2,Phonemic,or,,,,
17-550-415-1,suii1243,Sui,1268,toi.5,Phonemic,"yes, affirmative",,,,
17-560-415-1,suii1243,Sui,1269,me.2,Phonemic,"no, negative",,,,
17-560-415-3,suii1243,Sui,1269,me.2 si.3,Phonemic,"no, negative",,,,
17-610-415-1,suii1243,Sui,1239,he.4 nhu.1,Phonemic,how?,,,,
17-620-415-1,suii1243,Sui,822,ći.3 kuŋ.2,Phonemic,how many?,,,,
17-630-415-1,suii1243,Sui,531,ći.3 kuŋ.2,Phonemic,how much?,,,,
17-640-415-1,suii1243,Sui,1236,ma:ŋ.2,Phonemic,what?,,,,
17-640-415-3,suii1243,Sui,1236,ni.4 ma:ŋ.2,Phonemic,what?,,,,
17-660-415-1,suii1243,Sui,1237,ndjoŋ.3 nhu.1,Phonemic,where?,,,,
17-660-415-3,suii1243,Sui,1237,ndjoŋ.3 nau.2,Phonemic,where?,,,,
17-670-415-1,suii1243,Sui,727,ʔai.3 nhu.1,Phonemic,which?,,CHE; CHE; CHE,,
17-670-415-3,suii1243,Sui,727,to.2 nhu.1,Phonemic,which?,,CHE; CHE; CHE,,
17-670-415-5,suii1243,Sui,727,lam.1 nhu.1,Phonemic,which?,,CHE; CHE; CHE,,
17-680-415-1,suii1243,Sui,1235,ʔai.2 nhu.1,Phonemic,who?,,,,
17-680-415-3,suii1243,Sui,1235,ʔai.2 nau.2,Phonemic,who?,,,,
17-690-415-1,suii1243,Sui,1270,ʔnja:i.5 ni.4 ma:ŋ.2,Phonemic,why?,,,,
18-110-415-1,suii1243,Sui,1363,lo.5,Phonemic,voice,,,,
18-120-415-1,suii1243,Sui,1261,fuŋ.5,Phonemic,sing,,,,
18-120-415-3,suii1243,Sui,1261,sja:ŋ.5,Phonemic,sing,,,,
18-130-415-1,suii1243,Sui,715,ju.5,Phonemic,"shout, cry out",,,,
18-130-415-3,suii1243,Sui,715,śin.3,Phonemic,"shout, cry out",,,,
18-130-415-5,suii1243,Sui,715,ŋa:u.6,Phonemic,"shout, cry out",,,,
18-150-415-1,suii1243,Sui,55,tu.3 śim.5,Phonemic,whisper,,,,
18-170-415-1,suii1243,Sui,1025,khiu.1,Phonemic,whistle,,,,
18-190-415-1,suii1243,Sui,526,śin.3,Phonemic,howl,,,,
18-210-415-1,suii1243,Sui,1623,ća:ŋ.3,Phonemic,"speak, talk",,,,
18-210-415-3,suii1243,Sui,1623,tu.3 fan.2,Phonemic,"speak, talk",,,,
18-211-415-1,suii1243,Sui,1866,lot.8 ma.2,Phonemic,"stutter, stammer",,,,
18-220-415-1,suii1243,Sui,1458,fan.2,Phonemic,say,,,,
18-221-415-1,suii1243,Sui,1711,ća:ŋ.2 pai.6 fa:m.2,Phonemic,tell story,,,,
18-222-415-1,suii1243,Sui,1115,ća:ŋ.2 fan.2,Phonemic,speech (make a),,,,
18-230-415-1,suii1243,Sui,48,me.2 tu.3 fan.2,Phonemic,silent (be),,,,
18-240-415-1,suii1243,Sui,1307,lam.1 fan.2,Phonemic,language,,,,
18-260-415-1,suii1243,Sui,1599,le.1,Phonemic,word,,,,
18-280-415-1,suii1243,Sui,1405,ʔda:n.1,Phonemic,name,,,,
18-310-415-1,suii1243,Sui,1309,sa:i.3,Phonemic,"ask (question, inquire)",,,,
18-320-415-1,suii1243,Sui,1275,liŋ.4,Phonemic,answer,,,,
18-330-415-1,suii1243,Sui,2022,chən.4 zən.1,Phonemic,"admit, confess",,,,
18-340-415-1,suii1243,Sui,755,me.2 chən.4 zən.1,Phonemic,deny,,,,
18-350-415-1,suii1243,Sui,1828,śəŋ.3,Phonemic,"ask, request",,,,
18-350-415-3,suii1243,Sui,1828,khui.5,Phonemic,"ask, request",,,,
18-360-415-1,suii1243,Sui,1675,ʔńi.1,Phonemic,promise,,,,
18-370-415-1,suii1243,Sui,49,me.2 ʔa:u.1,Phonemic,refuse,,,,
18-380-415-1,suii1243,Sui,83,ćin.2 cɨ.6,Phonemic,forbid,,,,
18-390-415-1,suii1243,Sui,299,toi.5,Phonemic,"rebuke, scold",,,,
18-390-415-3,suii1243,Sui,299,phau.4,Phonemic,"rebuke, scold",,,,
18-410-415-1,suii1243,Sui,1084,ʔik.7,Phonemic,call (=summon),,,,
18-420-415-1,suii1243,Sui,180,ju.5,Phonemic,call (=name),,,,
18-430-415-1,suii1243,Sui,9,sjen.3 pu.1,Phonemic,announce,,,,
18-440-415-1,suii1243,Sui,1192,ja.2,Phonemic,threaten,,,,
18-440-415-3,suii1243,Sui,1192,sa:p.8 fu.3,Phonemic,threaten,,,,
18-510-415-1,suii1243,Sui,1672,wa.5,Phonemic,write,,,,
18-520-415-1,suii1243,Sui,724,qa.1,Phonemic,read,,,,
18-560-415-1,suii1243,Sui,648,cɨ.3,Phonemic,paper,,,,
18-560-415-3,suii1243,Sui,648,cɨ.6,Phonemic,paper,,,,
18-570-415-1,suii1243,Sui,794,pjət.7,Phonemic,pen,,,,
18-610-415-1,suii1243,Sui,963,le.1,Phonemic,book,,,,
18-670-415-1,suii1243,Sui,1045,sɨ.3,Phonemic,poet,,,,
18-710-415-1,suii1243,Sui,777,pu.5 siu.1,Phonemic,flute,,,,
18-720-415-1,suii1243,Sui,908,tam.2,Phonemic,drum,,CHE,,
18-720-415-3,suii1243,Sui,908,ńa:n.1,Phonemic,drum,,CHE,,
18-720-415-5,suii1243,Sui,908,ljuŋ.3,Phonemic,drum,,CHE,,
18-730-415-1,suii1243,Sui,2136,ha:u.1,Phonemic,"horn, trumpet",,,,
19-110-415-1,suii1243,Sui,1300,kwə.2 ća.3,Phonemic,country,,,,
19-120-415-1,suii1243,Sui,89,cu.4 kwe.2,Phonemic,one's native country,,,,
19-120-415-3,suii1243,Sui,89,hən.2 qa:u.5,Phonemic,one's native country,,,,
19-150-415-1,suii1243,Sui,1391,siŋ.2,Phonemic,"city, town",,,,
19-150-415-3,suii1243,Sui,1391,qa:i.1,Phonemic,"city, town",,,,
19-160-415-1,suii1243,Sui,930,ʔba:n.3,Phonemic,village,,,,
19-170-415-1,suii1243,Sui,1010,ka:i.1 ra:n.4,Phonemic,boundary,,,,
19-210-415-1,suii1243,Sui,789,zən.1 min.4,Phonemic,people (populace),,,,
19-230-415-1,suii1243,Sui,302,śok.7,Phonemic,"tribe, clan",,,,
19-240-415-1,suii1243,Sui,301,ʔai.3 qam.4,Phonemic,"chief, chieftain",,,,
19-250-415-1,suii1243,Sui,1296,tjun.4,Phonemic,"staff, walking stick",,,,
19-310-415-1,suii1243,Sui,1846,qha:m.3,Phonemic,"rule, govern",,,,
19-320-415-1,suii1243,Sui,1508,kwe.2 wa:ŋ.2,Phonemic,"king, ruler",,,,
19-320-415-3,suii1243,Sui,1508,ʔai.3 wa:ŋ.2,Phonemic,"king, ruler",,,,
19-330-415-1,suii1243,Sui,1306,ni.4 wa:ŋ.2,Phonemic,queen,,,,
19-370-415-1,suii1243,Sui,1032,zən.1 pa:k.7 siŋ.5,Phonemic,"citizen, subject",,,,
19-410-415-1,suii1243,Sui,383,zən.1 sau.3,Phonemic,master,,,,
19-410-415-3,suii1243,Sui,383,ʔai.3 sau.3,Phonemic,master,,,,
19-450-415-1,suii1243,Sui,1128,min.2 lin.1,Phonemic,"command, order",,,,
19-460-415-1,suii1243,Sui,1635,cən.3 sau.6,Phonemic,obey,,,,
19-470-415-1,suii1243,Sui,1003,ʔńi.6,Phonemic,"let, permit",,,,
19-510-415-1,suii1243,Sui,1325,ću.5,Phonemic,"friend, companion",,,,
19-520-415-1,suii1243,Sui,1358,zən.1 ti.2 zən.4,Phonemic,enemy,,,,
19-540-415-1,suii1243,Sui,1332,ɣa:n.2 ta:i.5,Phonemic,neighbor,,,,
19-540-415-3,suii1243,Sui,1332,ɣa:n.2 koŋ.2,Phonemic,neighbor,,,,
19-550-415-1,suii1243,Sui,791,ʔai.3 mi.4 ɣu.3 ʔme.1,Phonemic,stranger,,,,
19-560-415-1,suii1243,Sui,1782,hek.7,Phonemic,guest,,,,
19-570-415-1,suii1243,Sui,1545,zən.1 sau.3,Phonemic,host,,,,
19-570-415-3,suii1243,Sui,1545,ʔai.3 sau.3,Phonemic,host,,,,
19-580-415-1,suii1243,Sui,1897,pa:ŋ.3,Phonemic,"help, aid",,,,
19-590-415-1,suii1243,Sui,1550,haŋ.3,Phonemic,"hinder, prevent",,,,
19-610-415-1,suii1243,Sui,1747,kwen.5,Phonemic,custom,,,,
19-620-415-1,suii1243,Sui,1848,tu.3 ran.3,Phonemic,"strife, quarrel",,,,
19-620-415-3,suii1243,Sui,1848,tu.3 cən.3,Phonemic,"strife, quarrel",,,,
19-630-415-1,suii1243,Sui,2024,jin.3 mau.4,Phonemic,"conspiracy, plot",,,,
19-650-415-1,suii1243,Sui,1831,tu.3 ndo.3,Phonemic,meet,,,,
19-720-415-1,suii1243,Sui,1610,ni.4 ći.1 ńui.6,Phonemic,prostitute,,,,
20-110-415-1,suii1243,Sui,1423,tu.3 qui.5,Phonemic,fight (vb),,,,
20-110-415-3,suii1243,Sui,1423,tu.3 ʔnon.5,Phonemic,fight (vb),,,,
20-130-415-1,suii1243,Sui,579,ca:n.1 cən.3,Phonemic,"war, battle",,,,
20-140-415-1,suii1243,Sui,1338,ho.4 pjeŋ.2,Phonemic,peace,,,,
20-150-415-1,suii1243,Sui,1561,ćun.3 tui.1,Phonemic,army,,,,
20-170-415-1,suii1243,Sui,1941,piŋ.1,Phonemic,soldier,,,,
20-210-415-1,suii1243,Sui,951,wu.6 ćhi.1,Phonemic,"weapons, arms",,,,
20-220-415-1,suii1243,Sui,1763,tiu.2 mai.4,Phonemic,club,,,,
20-230-415-1,suii1243,Sui,387,nha.3,Phonemic,sling,,,,
20-240-415-1,suii1243,Sui,994,nha.3 fa:i.5,Phonemic,bow,,,,
20-250-415-1,suii1243,Sui,977,śam.3,Phonemic,arrow,,,,
20-250-415-3,suii1243,Sui,977,qham.3,Phonemic,arrow,,,,
20-260-415-1,suii1243,Sui,945,qa:n.6 śaŋ.1,Phonemic,spear,,,,
20-270-415-1,suii1243,Sui,1535,mit.8 sik.7,Phonemic,sword,,,,
20-280-415-1,suii1243,Sui,1566,cuŋ.5,Phonemic,"gun, cannon",,,,
20-280-415-3,suii1243,Sui,1566,pha:u.1,Phonemic,"gun, cannon",,,,
20-310-415-1,suii1243,Sui,1061,khui.3 ća.2,Phonemic,armor (defensive),,,,
20-330-415-1,suii1243,Sui,1680,ńon.4 kaŋ.3 ma:u.1,Phonemic,helmet,,,,
20-360-415-1,suii1243,Sui,1671,tha.2,Phonemic,tower,,,,
20-410-415-1,suii1243,Sui,783,ceŋ.4,Phonemic,victory,,,,
20-410-415-3,suii1243,Sui,783,sən.1 li.1,Phonemic,victory,,,,
20-410-415-5,suii1243,Sui,783,jin.2,Phonemic,victory,,,,
20-420-415-1,suii1243,Sui,782,ho.1 sui.1,Phonemic,defeat,,,,
20-430-415-1,suii1243,Sui,722,ta.3 ceŋ.1,Phonemic,attack,,,,
20-440-415-1,suii1243,Sui,1330,fa:ŋ.4 su.3,Phonemic,defend,,,,
20-450-415-1,suii1243,Sui,421,nut.7 ɣa:t.8,Phonemic,retreat,,,,
20-460-415-1,suii1243,Sui,1696,thau.4 śa:ŋ.4,Phonemic,surrender,,,,
20-510-415-1,suii1243,Sui,1858,ʔai.3 ho.4 mom.6,Phonemic,fisherman,,,,
20-520-415-1,suii1243,Sui,1074,ma.2 śit.7,Phonemic,fishhook,,,,
20-540-415-1,suii1243,Sui,388,ćiu.3,Phonemic,fishnet,,,,
20-610-415-1,suii1243,Sui,1435,ho.4 na:n.4,Phonemic,hunt,,,,
20-620-415-1,suii1243,Sui,1172,peŋ.4,Phonemic,shoot,,,,
20-640-415-1,suii1243,Sui,1075,cəm.2,Phonemic,trap (noun),,,,
20-650-415-1,suii1243,Sui,1170,ho.4 cəm.2,Phonemic,trap (vb),,,,
21-110-415-1,suii1243,Sui,1062,fa.2 li.2,Phonemic,law,,,,
21-150-415-1,suii1243,Sui,1068,fa.2 wjen.1,Phonemic,court,,,,
21-160-415-1,suii1243,Sui,1818,ton.5,Phonemic,judge (vb),,,,
21-170-415-1,suii1243,Sui,1067,sim.3 ton.5,Phonemic,judgment,,,,
21-230-415-1,suii1243,Sui,1144,zən.1 cən.1,Phonemic,witness,,,,
21-240-415-1,suii1243,Sui,1939,ŋa:u.6 ʔbən.1,Phonemic,swear,,,,
21-310-415-1,suii1243,Sui,1814,qo.5 ca:ŋ.5,Phonemic,accuse,,,,
21-310-415-3,suii1243,Sui,1814,tu.3 qo.5,Phonemic,accuse,,,,
21-330-415-1,suii1243,Sui,983,ton.5 cui.1,Phonemic,convict (vb),,,,
21-350-415-1,suii1243,Sui,1682,ʔnaŋ.1 cui.1,Phonemic,guilty,,,,
21-360-415-1,suii1243,Sui,90,me.2 cui.1,Phonemic,innocent,,,,
21-370-415-1,suii1243,Sui,390,chu.6 fa.2,Phonemic,"penalty, punishment",,,,
21-380-415-1,suii1243,Sui,218,fa.2 śen.2,Phonemic,fine,,,,
21-390-415-1,suii1243,Sui,1281,ɣa:n.2 la:u.2,Phonemic,"prison, jail",,,,
21-390-415-3,suii1243,Sui,1281,la:u.2,Phonemic,"prison, jail",,,,
21-420-415-1,suii1243,Sui,845,mau.4 ha:i.5,Phonemic,murder,,,,
21-440-415-1,suii1243,Sui,953,ćha:ŋ.4 ća:n.3,Phonemic,rape,,,,
21-460-415-1,suii1243,Sui,1889,ho.4 wi.1,Phonemic,arson,,,,
21-470-415-1,suii1243,Sui,1792,cən.1 po.5,Phonemic,perjury,,,,
21-510-415-1,suii1243,Sui,713,ljak.7,Phonemic,steal,,,,
21-520-415-1,suii1243,Sui,1160,chjaŋ.6 će.2,Phonemic,thief,,,,
22-110-415-1,suii1243,Sui,661,cuŋ.3 ća:u.1,Phonemic,religion,,,,
22-120-415-1,suii1243,Sui,1944,sa:ŋ.1 ti.1,Phonemic,God,,,,
22-140-415-1,suii1243,Sui,853,śi.3 tən.3,Phonemic,altar,,,,
22-240-415-1,suii1243,Sui,8,ʔmui.1,Phonemic,curse,,,,
22-260-415-1,suii1243,Sui,303,cje.1 ʔwa.5,Phonemic,fast (vb),,,,
22-350-415-1,suii1243,Sui,1973,cam.1,Phonemic,demon (evil spirit),,,,
22-350-415-3,suii1243,Sui,1973,ni.4,Phonemic,demon (evil spirit),,,,
22-430-415-1,suii1243,Sui,2137,ʔai.3 piu.1,Phonemic,"sorcerer, witch",,,,
22-430-415-3,suii1243,Sui,2137,ʔai.3 he.4 ća:i.3,Phonemic,"sorcerer, witch",,,,
22-440-415-1,suii1243,Sui,2138,qen.1,Phonemic,"fairy, elf",,,,
22-440-415-3,suii1243,Sui,2138,sjen.1,Phonemic,"fairy, elf",,,,
22-450-415-1,suii1243,Sui,1175,cam.1,Phonemic,"ghost, phantom",,,,
22-450-415-3,suii1243,Sui,1175,ni.4 kwa:i.5,Phonemic,"ghost, phantom",,,,
22-470-415-1,suii1243,Sui,107,śoŋ.1,Phonemic,"omen, portent",,,,
