ID,Language_ID,Language_name,Parameter_ID,Value,Transcription,Concept,Source,Comment,AlternativeValue,AlternativeTranscription
14-320-221-1,polc1243,Polci,1852,adəne adəne,Phonemic,often,cosper1996,,,
14-310-221-1,polc1243,Polci,1676,[kullum],Phonemic,always,cosper1996,Hausa loan.,,
14-290-221-1,polc1243,Polci,790,[shirya],Phonemic,ready,cosper1996,Hausa loan.,,
14-270-221-1,polc1243,Polci,1766,pagha,Phonemic,finish,cosper1996,,,
14-260-221-1,polc1243,Polci,743,pagha,Phonemic,end (temporal),cosper1996,,,
14-250-221-1,polc1243,Polci,1806,sooma,Phonemic,"begin, beginning",cosper1996,,,
14-240-221-1,polc1243,Polci,425,laŋagaam,Phonemic,"retard, delay",cosper1996,,,
14-230-221-1,polc1243,Polci,754,batl,Phonemic,"hasten, hurry",cosper1996,,,
14-220-221-1,polc1243,Polci,701,leelee,Phonemic,slow,cosper1996,,,
14-190-221-1,polc1243,Polci,1963,[maza-maza],Phonemic,immediately,cosper1996,Hausa loan.,,
14-180-221-1,polc1243,Polci,1376,ɗagi,Phonemic,now,cosper1996,,,
14-170-221-1,polc1243,Polci,477,makara,Phonemic,late,cosper1996,,,
14-160-221-1,polc1243,Polci,672,rəɓi,Phonemic,early,cosper1996,,,
14-150-221-1,polc1243,Polci,1229,gwaasi,Phonemic,old,cosper1996,,,
14-130-221-1,polc1243,Polci,1231,məri,Phonemic,new,cosper1996,,,
14-110-221-1,polc1243,Polci,892,lokaci,Phonemic,time,cosper1996,,,
13-440-221-1,polc1243,Polci,417,asəmii meen,Phonemic,three times,cosper1996,,,
13-420-221-1,polc1243,Polci,1859,kə meen,Phonemic,third,cosper1996,,,
13-380-221-1,polc1243,Polci,1546,asəmii rop,Phonemic,two times,cosper1996,,,
13-370-221-1,polc1243,Polci,1888,rop rop,Phonemic,pair,cosper1996,,,
13-360-221-1,polc1243,Polci,1384,kə rop,Phonemic,second,cosper1996,,,
13-350-221-1,polc1243,Polci,1529,talləm,Phonemic,last,cosper1996,,,
13-340-221-1,polc1243,Polci,728,faari,Phonemic,first,cosper1996,,,
13-330-221-1,polc1243,Polci,1580,woŋgən,Phonemic,"alone, only",cosper1996,,,
13-240-221-1,polc1243,Polci,816,[rabi],Phonemic,half,cosper1996,Hausa loan.,,
13-230-221-1,polc1243,Polci,779,jaŋei,Phonemic,"part, piece",cosper1996,,,
13-220-221-1,polc1243,Polci,1624,regiiraŋ,Phonemic,empty,cosper1996,,,
13-210-221-1,polc1243,Polci,1429,kəmi,Phonemic,full,cosper1996,,,
13-190-221-1,polc1243,Polci,2023,taaroo mbaam,Phonemic,"multitude, crowd",cosper1996,,,
13-181-221-1,polc1243,Polci,1241,bəjən,Phonemic,some,cosper1996,,,
13-170-221-1,polc1243,Polci,1242,gəp,Phonemic,"little (quantity), few",cosper1996,,,
13-180-221-1,polc1243,Polci,1881,kəmi,Phonemic,enough,cosper1996,,,
13-160-221-1,polc1243,Polci,1992,[daɗa],Phonemic,more,cosper1996,Hausa loan.,,
13-150-221-1,polc1243,Polci,1198,ŋaar,Phonemic,"much, many",cosper1996,,,
13-140-221-1,polc1243,Polci,98,kwaŋ,Phonemic,"every, all",cosper1996,,,
13-107-221-1,polc1243,Polci,1420,dliim,Phonemic,count,cosper1996,,,
13-106-221-1,polc1243,Polci,1843,[duɓənəəm],Phonemic,thousand,cosper1996,Hausa loan.,,
13-105-221-1,polc1243,Polci,1634,te nəm,Phonemic,hundred,cosper1996,,,
13-104-221-1,polc1243,Polci,1710,ziirop,Phonemic,twenty,cosper1996,,,
13-103-221-1,polc1243,Polci,1709,zup tli naamtam,Phonemic,fifteen,cosper1996,,,
13-102-221-1,polc1243,Polci,1707,zup tlii rop,Phonemic,twelve,cosper1996,,,
13-101-221-1,polc1243,Polci,1706,zup tlii nəəm,Phonemic,eleven,cosper1996,,,
13-100-221-1,polc1243,Polci,1515,zup,Phonemic,ten,cosper1996,,,
13-90-221-1,polc1243,Polci,1483,nantorəpsə,Phonemic,nine,cosper1996,,,
13-80-221-1,polc1243,Polci,1705,wusupsə,Phonemic,eight,cosper1996,,,
13-70-221-1,polc1243,Polci,1704,wussərəmeen,Phonemic,seven,cosper1996,,,
13-60-221-1,polc1243,Polci,1703,maagh,Phonemic,six,cosper1996,,,
13-50-221-1,polc1243,Polci,493,naamtam,Phonemic,five,cosper1996,,,
13-40-221-1,polc1243,Polci,1500,woopsə,Phonemic,four,cosper1996,,,
13-20-221-1,polc1243,Polci,1498,rop,Phonemic,two,cosper1996,,,
13-30-221-1,polc1243,Polci,492,meen,Phonemic,three,cosper1996,,,
13-10-221-1,polc1243,Polci,1493,nəm,Phonemic,one,cosper1996,,,
13-10-221-3,polc1243,Polci,1493,bəgya,Phonemic,one,cosper1996,,,
12-930-221-1,polc1243,Polci,1264,[canji],Phonemic,change,cosper1996,English loan.,,
12-920-221-1,polc1243,Polci,1558,waa,Phonemic,"like, similar",cosper1996,,,
12-850-221-1,polc1243,Polci,1667,shuu,Phonemic,hole,cosper1996,,,
12-820-221-1,polc1243,Polci,1467,kugh loghəi,Phonemic,circle,cosper1996,,,
12-760-221-1,polc1243,Polci,192,duŋgu,Phonemic,corner,cosper1996,,,
12-750-221-1,polc1243,Polci,1071,[kuugiyaa],Phonemic,hook,cosper1996,Hausa loan.,,
12-740-221-1,polc1243,Polci,297,ŋgwoŋ,Phonemic,crooked,cosper1996,Verb form.,,
12-730-221-1,polc1243,Polci,1404,təghei,Phonemic,straight,cosper1996,,,
12-710-221-1,polc1243,Polci,1633,kwaghal,Phonemic,flat,cosper1996,,,
12-680-221-1,polc1243,Polci,193,goroŋ nəŋ,Phonemic,shallow,cosper1996,,,
12-670-221-1,polc1243,Polci,1593,goroŋ,Phonemic,deep,cosper1996,,,
12-670-221-3,polc1243,Polci,1593,goroŋi,Phonemic,deep,cosper1996,,,
12-650-221-1,polc1243,Polci,2249,jalaŋlal,Phonemic,thin (in dimension),cosper1996,"Literally, 'narrow'.",,
12-630-221-1,polc1243,Polci,1244,tswa,Phonemic,thick (in dimension),cosper1996,,,
12-620-221-1,polc1243,Polci,1267,maɓi,Phonemic,narrow,cosper1996,,,
12-610-221-1,polc1243,Polci,1243,ŋaləŋai,Phonemic,"wide, broad",cosper1996,,,
12-590-221-1,polc1243,Polci,1645,ndəghei,Phonemic,short,cosper1996,,,
12-580-221-1,polc1243,Polci,711,lwii,Phonemic,tall,cosper1996,,,
12-570-221-1,polc1243,Polci,1203,zhaŋti,Phonemic,long,cosper1996,,,
12-560-221-1,polc1243,Polci,1246,gəɓi,Phonemic,"small, little",cosper1996,,,
12-550-221-1,polc1243,Polci,1202,daŋai,Phonemic,"large, big",cosper1996,,,
12-540-221-1,polc1243,Polci,1506,gwada,Phonemic,measure,cosper1996,,,
12-480-221-1,polc1243,Polci,1595,kudu,Phonemic,south,cosper1996,,,
12-470-221-1,polc1243,Polci,1598,areewa,Phonemic,north,cosper1996,,,
12-460-221-1,polc1243,Polci,1817,leyam teemi,Phonemic,west,cosper1996,"Literally, 'sky with me'.",,
12-450-221-1,polc1243,Polci,1877,vaari tee mi,Phonemic,east,cosper1996,"Literally, 'ground with me'.",,
12-430-221-1,polc1243,Polci,1942,mat,Phonemic,near (adv),cosper1996,,,
12-440-221-1,polc1243,Polci,1406,dleyam,Phonemic,far (adv),cosper1996,,,
12-420-221-1,polc1243,Polci,244,kalaŋ,Phonemic,left (side),cosper1996,,,
12-420-221-3,polc1243,Polci,244,kalaŋ,Phonemic,left (side),cosper1996,,,
12-410-221-1,polc1243,Polci,1019,shimlə,Phonemic,right (side),cosper1996,,,
12-370-221-1,polc1243,Polci,1093,dlam,Phonemic,"middle, center",cosper1996,,,
12-360-221-1,polc1243,Polci,682,kar,Phonemic,side,cosper1996,,,
12-353-221-1,polc1243,Polci,863,bii,Phonemic,edge,cosper1996,,,
12-352-221-1,polc1243,Polci,372,byertə,Phonemic,pointed,cosper1996,,,
12-350-221-1,polc1243,Polci,742,liŋ,Phonemic,end,cosper1996,,,
12-340-221-1,polc1243,Polci,690,gəsh,Phonemic,bottom,cosper1996,,,
12-320-221-1,polc1243,Polci,721,atl,Phonemic,low,cosper1996,,,
12-330-221-1,polc1243,Polci,1753,byaŋ,Phonemic,top,cosper1996,,,
12-310-221-1,polc1243,Polci,1265,leyam,Phonemic,high,cosper1996,,,
12-270-221-1,polc1243,Polci,602,vundər,Phonemic,"hide, conceal",cosper1996,,,
12-250-221-1,polc1243,Polci,1046,git,Phonemic,"shut, close",cosper1996,,,
12-260-221-1,polc1243,Polci,761,zupti,Phonemic,cover,cosper1996,,,
12-240-221-1,polc1243,Polci,1156,ta,Phonemic,open,cosper1996,,,
12-232-221-1,polc1243,Polci,1119,vye,Phonemic,divide,cosper1996,,,
12-230-221-1,polc1243,Polci,1359,vye,Phonemic,separate,cosper1996,,,
12-220-221-1,polc1243,Polci,1743,maŋ,Phonemic,"join, unite",cosper1996,,,
12-213-221-1,polc1243,Polci,1576,kashi,Phonemic,pile up,cosper1996,,,
12-212-221-1,polc1243,Polci,371,kən,Phonemic,pick up,cosper1996,,,
12-210-221-1,polc1243,Polci,7,dzomi,Phonemic,"collect, gather",cosper1996,,,
12-170-221-1,polc1243,Polci,838,pasaŋi,Phonemic,"remains, left overs",cosper1996,,,
12-160-221-1,polc1243,Polci,987,ɓəətəŋ,Phonemic,"remain, stay",cosper1996,,,
12-150-221-1,polc1243,Polci,1442,dler,Phonemic,stand,cosper1996,,,
12-140-221-1,polc1243,Polci,215,məər,Phonemic,lie down,cosper1996,,,
12-130-221-1,polc1243,Polci,1416,shik,Phonemic,sit,cosper1996,,,
12-120-221-1,polc1243,Polci,998,naa,Phonemic,put,cosper1996,,,
12-110-221-1,polc1243,Polci,723,rəəp,Phonemic,place,cosper1996,,,
12-80-221-1,polc1243,Polci,1591,aa leyam,Phonemic,"up, above",cosper1996,,,
12-70-221-1,polc1243,Polci,1485,aa gəsh,Phonemic,under,cosper1996,,,
12-60-221-1,polc1243,Polci,762,kaari,Phonemic,outside,cosper1996,,,
12-50-221-1,polc1243,Polci,1606,a gip,Phonemic,"inside, in",cosper1996,,,
12-41-221-1,polc1243,Polci,1883,nan,Phonemic,front,cosper1996,,,
12-40-221-1,polc1243,Polci,1882,panti,Phonemic,before,cosper1996,,,
12-40-221-3,polc1243,Polci,1882,dede,Phonemic,before,cosper1996,,,
12-30-221-1,polc1243,Polci,2094,aa atl,Phonemic,"down, below",cosper1996,,,
12-20-221-1,polc1243,Polci,1816,aa bə,Phonemic,beside,cosper1996,,,
12-20-221-3,polc1243,Polci,1816,bə,Phonemic,beside,cosper1996,,,
12-11-221-1,polc1243,Polci,1686,kar,Phonemic,behind,cosper1996,,,
12-10-221-1,polc1243,Polci,1685,taŋkar,Phonemic,after,cosper1996,,,
11-920-221-1,polc1243,Polci,1098,pyaghsə,Phonemic,weigh,cosper1996,,,
11-910-221-1,polc1243,Polci,884,vye,Phonemic,share (distribute),cosper1996,,,
11-890-221-1,polc1243,Polci,1887,[araha],Phonemic,cheap,cosper1996,Hausa loan.,,
11-880-221-1,polc1243,Polci,1426,[saada],Phonemic,"dear (costly, expensive)",cosper1996,Hausa loan.,,
11-870-221-1,polc1243,Polci,657,[laada],Phonemic,price,cosper1996,Hausa loan.,,
11-860-221-1,polc1243,Polci,752,[kanti],Phonemic,"store, shop",cosper1996,Hausa loan.,,
11-850-221-1,polc1243,Polci,633,[kaasuwa],Phonemic,market (place),cosper1996,Hausa loan.,,
11-840-221-1,polc1243,Polci,1082,kon kasuwa,Phonemic,merchant,cosper1996,,,
11-830-221-1,polc1243,Polci,2135,[kasuwanci],Phonemic,"trade, barter",cosper1996,Hausa loan.,,
11-820-221-1,polc1243,Polci,1571,ɗeeɓər,Phonemic,sell,cosper1996,,,
11-810-221-1,polc1243,Polci,1869,ɗep,Phonemic,buy,cosper1996,,,
11-780-221-1,polc1243,Polci,1122,kwattəghə caar,Phonemic,wages,cosper1996,,,
11-770-221-1,polc1243,Polci,856,hayaa,Phonemic,hire,cosper1996,,,
11-690-221-1,polc1243,Polci,873,wurɓə gandu,Phonemic,"tax, tribute",cosper1996,,,
11-660-221-1,polc1243,Polci,1081,tsul,Phonemic,"account, reckoning",cosper1996,Verb form.,,
11-650-221-1,polc1243,Polci,718,kwaat,Phonemic,pay (vb),cosper1996,,,
11-640-221-1,polc1243,Polci,1914,dzur,Phonemic,debt,cosper1996,,,
11-630-221-1,polc1243,Polci,369,biltədzur,Phonemic,owe,cosper1996,,,
11-620-221-1,polc1243,Polci,1823,kap dzur,Phonemic,borrow,cosper1996,,,
11-610-221-1,polc1243,Polci,582,dzur,Phonemic,lend,cosper1996,,,
11-540-221-1,polc1243,Polci,1774,ɗaasə,Phonemic,"avaricious, stingy",cosper1996,,,
11-530-221-1,polc1243,Polci,1934,bara,Phonemic,beggar,cosper1996,,,
11-520-221-1,polc1243,Polci,1674,barak rəəp,Phonemic,poor,cosper1996,"Noun form, 'poor person'.",,
11-510-221-1,polc1243,Polci,712,yan rəp,Phonemic,rich,cosper1996,,,
11-440-221-1,polc1243,Polci,1867,saaba,Phonemic,coin,cosper1996,Probably loan from Hausa.,,
11-430-221-1,polc1243,Polci,1559,wurɓə,Phonemic,money,cosper1996,,,
11-340-221-1,polc1243,Polci,1095,ŋgar,Phonemic,"release, let go",cosper1996,,,
11-330-221-1,polc1243,Polci,1660,mal,Phonemic,lose,cosper1996,,,
11-320-221-1,polc1243,Polci,719,paɗi,Phonemic,find,cosper1996,,,
11-310-221-1,polc1243,Polci,1468,mbək,Phonemic,"seek, look for",cosper1996,,,
11-310-221-3,polc1243,Polci,1468,mbəghə,Phonemic,"seek, look for",cosper1996,,,
11-280-221-1,polc1243,Polci,44,[cucee],Phonemic,"harm, injure, damage",cosper1996,Hausa loan.,,
11-270-221-1,polc1243,Polci,681,lii,Phonemic,destroy,cosper1996,,,
11-250-221-1,polc1243,Polci,2008,ɗəlti,Phonemic,"save, rescue",cosper1996,,,
11-220-221-1,polc1243,Polci,85,məndər,Phonemic,give back,cosper1996,,,
11-210-221-1,polc1243,Polci,1447,buri,Phonemic,give,cosper1996,,,
11-180-221-1,polc1243,Polci,738,ərəm,Phonemic,thing,cosper1996,,,
11-170-221-1,polc1243,Polci,1477,vundər,Phonemic,"keep, retain",cosper1996,"Literally, 'to put away or protect'.",,
11-160-221-1,polc1243,Polci,694,pat,Phonemic,"get, obtain",cosper1996,,,
11-150-221-1,polc1243,Polci,1448,guɓi,Phonemic,hold,cosper1996,"Literally, 'to carry in hand'.",,
11-140-221-1,polc1243,Polci,2021,voktə,Phonemic,"seize, grasp",cosper1996,,,
11-130-221-1,polc1243,Polci,1749,kən,Phonemic,take,cosper1996,,,
11-110-221-1,polc1243,Polci,773,kap,Phonemic,have,cosper1996,,,
10-852-221-1,polc1243,Polci,1849,[tukai],Phonemic,row (vb),cosper1996,Hausa loan.,,
10-850-221-1,polc1243,Polci,108,meelaŋ kaɗa tu jirgi,Phonemic,oar,cosper1996,"Literally, 'stick for rowing boat'.",,
10-831-221-1,polc1243,Polci,1970,kumtə,Phonemic,canoe,cosper1996,,,
10-760-221-1,polc1243,Polci,710,garegare,Phonemic,wheel,cosper1996,,,
10-740-221-1,polc1243,Polci,1011,[gada],Phonemic,bridge,cosper1996,Hausa loan.,,
10-720-221-1,polc1243,Polci,2252,tsop,Phonemic,path,cosper1996,,,
10-710-221-1,polc1243,Polci,667,tsop,Phonemic,road,cosper1996,,,
10-670-221-1,polc1243,Polci,1452,tum,Phonemic,"push, shove",cosper1996,,,
10-660-221-1,polc1243,Polci,367,tsoo,Phonemic,ride,cosper1996,"Literally, 'to climb (upon)'.",,
10-650-221-1,polc1243,Polci,741,ləm,Phonemic,drive,cosper1996,Means specifically 'to drive cattle'.,,
10-630-221-1,polc1243,Polci,1127,sən,Phonemic,send,cosper1996,,,
10-620-221-1,polc1243,Polci,692,yoor ...rit,Phonemic,bring,cosper1996,,,
10-612-221-1,polc1243,Polci,412,guɓi,Phonemic,carry-in-hand,cosper1996,,,
10-610-221-1,polc1243,Polci,700,kən,Phonemic,carry (bear),cosper1996,,,
10-570-221-1,polc1243,Polci,749,soo,Phonemic,enter,cosper1996,,,
10-570-221-3,polc1243,Polci,749,tsət,Phonemic,enter,cosper1996,,,
10-560-221-1,polc1243,Polci,1778,roomat,Phonemic,approach,cosper1996,,,
10-550-221-1,polc1243,Polci,1387,tsullə,Phonemic,"reach, arrive",cosper1996,,,
10-530-221-1,polc1243,Polci,1047,ndaa tee aakar,Phonemic,pursue,cosper1996,,,
10-520-221-1,polc1243,Polci,1085,bilti,Phonemic,follow,cosper1996,,,
10-510-221-1,polc1243,Polci,956,pyar tee kətərtə,Phonemic,flee,cosper1996,,,
10-491-221-1,polc1243,Polci,485,mal,Phonemic,disappear,cosper1996,,,
10-490-221-1,polc1243,Polci,1752,nduu,Phonemic,"go away, depart",cosper1996,,,
10-481-221-1,polc1243,Polci,581,mən,Phonemic,come back,cosper1996,,,
10-480-221-1,polc1243,Polci,1446,rit,Phonemic,come,cosper1996,,,
10-474-221-1,polc1243,Polci,1107,ɗəl,Phonemic,go out,cosper1996,,,
10-473-221-1,polc1243,Polci,2014,myes,Phonemic,go down,cosper1996,,,
10-473-221-3,polc1243,Polci,2014,mees,Phonemic,go down,cosper1996,,,
10-472-221-1,polc1243,Polci,1102,tsoo,Phonemic,climb,cosper1996,,,
10-470-221-1,polc1243,Polci,695,nduu,Phonemic,go,cosper1996,,,
10-471-221-1,polc1243,Polci,705,tswa,Phonemic,go up,cosper1996,,,
10-471-221-3,polc1243,Polci,705,tsoo,Phonemic,go up,cosper1996,,,
10-460-221-1,polc1243,Polci,1519,kətər,Phonemic,run,cosper1996,,,
10-451-221-1,polc1243,Polci,366,ŋgurum,Phonemic,limp,cosper1996,,,
10-450-221-1,polc1243,Polci,1443,dəksə,Phonemic,walk,cosper1996,,,
10-440-221-1,polc1243,Polci,1879,tlaar,Phonemic,dance,cosper1996,,,
10-431-221-1,polc1243,Polci,1135,mbok,Phonemic,kick,cosper1996,,,
10-431-221-3,polc1243,Polci,1135,omti mvok,Phonemic,kick,cosper1996,,,
10-430-221-1,polc1243,Polci,1829,raam,Phonemic,"jump, leap",cosper1996,,,
10-420-221-1,polc1243,Polci,1324,sheləŋtə,Phonemic,"slide, slip",cosper1996,Adjective meaning 'slippery'.,,
10-413-221-1,polc1243,Polci,296,gurup,Phonemic,crouch,cosper1996,,,
10-412-221-1,polc1243,Polci,66,zhok,Phonemic,kneel,cosper1996,,,
10-410-221-1,polc1243,Polci,96,gurruptə,Phonemic,"creep, crawl",cosper1996,,,
10-380-221-1,polc1243,Polci,175,fwaat,Phonemic,blow,cosper1996,,,
10-370-221-1,polc1243,Polci,1441,tleda leyam,Phonemic,fly (vb),cosper1996,,,
10-352-221-1,polc1243,Polci,365,pyaasa,Phonemic,splash,cosper1996,,,
10-350-221-1,polc1243,Polci,1439,dali maa,Phonemic,swim,cosper1996,,,
10-340-221-1,polc1243,Polci,1574,məər adan maa,Phonemic,float,cosper1996,The latter form refers specifically to floating in water.,,
10-340-221-3,polc1243,Polci,1574,tlet adanmaa,Phonemic,float,cosper1996,The latter form refers specifically to floating in water.,,
10-330-221-1,polc1243,Polci,1088,mbul,Phonemic,sink,cosper1996,,,
10-260-221-1,polc1243,Polci,1909,dəŋəl,Phonemic,shake,cosper1996,,,
10-252-221-1,polc1243,Polci,702,guɓi,Phonemic,catch (ball),cosper1996,,,
10-250-221-1,polc1243,Polci,1456,ŋgar,Phonemic,throw,cosper1996,,,
10-230-221-1,polc1243,Polci,1280,nda,Phonemic,fall,cosper1996,,,
10-220-221-1,polc1243,Polci,501,ɗaga,Phonemic,"raise, lift",cosper1996,,,
10-210-221-1,polc1243,Polci,568,tswa,Phonemic,rise,cosper1996,,,
10-210-221-3,polc1243,Polci,568,tsoo,Phonemic,rise,cosper1996,,,
10-170-221-1,polc1243,Polci,430,byaŋar,Phonemic,twist,cosper1996,,,
10-160-221-1,polc1243,Polci,808,nda,Phonemic,drop (vb),cosper1996,,,
10-150-221-1,polc1243,Polci,827,tumti,Phonemic,roll,cosper1996,,,
10-140-221-1,polc1243,Polci,1113,naak,Phonemic,"wind, wrap",cosper1996,,,
10-130-221-1,polc1243,Polci,1445,ŋgwaktə,Phonemic,turn around,cosper1996,,,
10-120-221-1,polc1243,Polci,1588,bal,Phonemic,turn over,cosper1996,,,
10-120-221-3,polc1243,Polci,1588,bali,Phonemic,turn over,cosper1996,,,
10-110-221-1,polc1243,Polci,765,pərdli,Phonemic,move,cosper1996,"Literally, 'do body'.",,
9-890-221-1,polc1243,Polci,2001,pur [penti],Phonemic,paint (vb),cosper1996,"Literally, 'to do painting'; Hausa loan < from English.",,
9-840-221-1,polc1243,Polci,1979,giŋgyal,Phonemic,chisel,cosper1996,,,
9-880-221-1,polc1243,Polci,647,[penti],Phonemic,paint (noun),cosper1996,Hausa loan < from English.,,
9-830-221-1,polc1243,Polci,1002,wun baam,Phonemic,statue,cosper1996,,,
9-820-221-1,polc1243,Polci,914,kon ɓok,Phonemic,sculptor,cosper1996,,,
9-820-221-3,polc1243,Polci,914,kon ɓogha,Phonemic,sculptor,cosper1996,,,
9-810-221-1,polc1243,Polci,228,ɓok,Phonemic,carve,cosper1996,,,
9-791-221-1,polc1243,Polci,360,[fifita],Phonemic,fan (vb),cosper1996,Hausa loan.,,
9-790-221-1,polc1243,Polci,1971,mafifici,Phonemic,fan (noun),cosper1996,,,
9-780-221-1,polc1243,Polci,293,kataŋkoo,Phonemic,netbag,cosper1996,,,
9-771-221-1,polc1243,Polci,292,darduma,Phonemic,rug,cosper1996,,,
9-770-221-1,polc1243,Polci,195,kwaasə,Phonemic,mat,cosper1996,,,
9-760-221-1,polc1243,Polci,1539,gəəptə,Phonemic,basket,cosper1996,,,
9-750-221-1,polc1243,Polci,1729,tsok,Phonemic,"weave, plait",cosper1996,,,
9-710-221-1,polc1243,Polci,359,ger (kon) tsogho waasən,Phonemic,potter,cosper1996,"Literally, 'woman/ man who constructs in clay'.",,
9-690-221-1,polc1243,Polci,358,gyenəŋ,Phonemic,"tin, tinplate",cosper1996,,,
9-680-221-1,polc1243,Polci,627,[dalmaa],Phonemic,lead (noun),cosper1996,Hausa loan.,,
9-670-221-1,polc1243,Polci,621,dzuŋ val,Phonemic,iron,cosper1996,"Literally, 'black metal'.",,
9-660-221-1,polc1243,Polci,1825,lagham val,Phonemic,"copper, bronze",cosper1996,"Literally, 'red metal'.",,
9-650-221-1,polc1243,Polci,759,tookiya,Phonemic,silver,cosper1996,,,
9-640-221-1,polc1243,Polci,1369,zinari,Phonemic,gold,cosper1996,,,
9-620-221-1,polc1243,Polci,1648,been shugop,Phonemic,anvil,cosper1996,,,
9-610-221-1,polc1243,Polci,288,shugop,Phonemic,forge,cosper1996,,,
9-600-221-1,polc1243,Polci,1001,shugop,Phonemic,"smith, blacksmith",cosper1996,,,
9-500-221-1,polc1243,Polci,502,mbek,Phonemic,nail,cosper1996,,,
9-490-221-1,polc1243,Polci,1481,fəmbə,Phonemic,hammer,cosper1996,,,
9-480-221-1,polc1243,Polci,1948,zartə,Phonemic,saw,cosper1996,,,
9-461-221-1,polc1243,Polci,46,kumtə,Phonemic,hollow out,cosper1996,,,
9-460-221-1,polc1243,Polci,1501,ɓəŋ,Phonemic,bore,cosper1996,,,
9-440-221-1,polc1243,Polci,1840,tsok,Phonemic,build,cosper1996,,,
9-430-221-1,polc1243,Polci,1042,[kaapinta],Phonemic,carpenter,cosper1996,Hausa loan < from English.,,
9-422-221-1,polc1243,Polci,1361,ərəm mbaaɓə,Phonemic,tool,cosper1996,,,
9-380-221-1,polc1243,Polci,245,səndaarə,Phonemic,broom,cosper1996,,,
9-360-221-1,polc1243,Polci,1453,fwap,Phonemic,wash,cosper1996,,,
9-370-221-1,polc1243,Polci,230,saat,Phonemic,sweep,cosper1996,,,
9-350-221-1,polc1243,Polci,1487,gasaŋ,Phonemic,pour,cosper1996,,,
9-343-221-1,polc1243,Polci,1414,zho,Phonemic,"squeeze, wring",cosper1996,,,
9-342-221-1,polc1243,Polci,1913,dənna,Phonemic,press,cosper1996,,,
9-341-221-1,polc1243,Polci,357,zat,Phonemic,hang up,cosper1996,,,
9-340-221-1,polc1243,Polci,38,baza,Phonemic,spread out,cosper1996,,,
9-330-221-1,polc1243,Polci,1455,jaa,Phonemic,pull,cosper1996,,,
9-320-221-1,polc1243,Polci,214,tək,Phonemic,stretch,cosper1996,,,
9-310-221-1,polc1243,Polci,1449,berrdlek,Phonemic,"rub, wipe",cosper1996,This refers specifically to rubbing something onto skin.,,
9-290-221-1,polc1243,Polci,291,lurr,Phonemic,"flay, skin",cosper1996,,,
9-280-221-1,polc1243,Polci,1735,tarr,Phonemic,tear,cosper1996,Respectively: 'to tear deliberately'; 'to tear accidentally'.,,
9-280-221-3,polc1243,Polci,1735,tla�ktə,Phonemic,tear,cosper1996,Respectively: 'to tear deliberately'; 'to tear accidentally'.,,
9-270-221-1,polc1243,Polci,1437,vye rop,Phonemic,split,cosper1996,,,
9-261-221-1,polc1243,Polci,588,ŋgəl,Phonemic,broken,cosper1996,,,
9-260-221-1,polc1243,Polci,680,tsak,Phonemic,break,cosper1996,,,
9-250-221-1,polc1243,Polci,677,wotkə,Phonemic,ax,cosper1996,,,
9-251-221-1,polc1243,Polci,290,kas,Phonemic,adze,cosper1996,,,
9-230-221-1,polc1243,Polci,1352,sərəp,Phonemic,knife,cosper1996,,,
9-223-221-1,polc1243,Polci,1434,ɓəŋ,Phonemic,stab,cosper1996,,,
9-222-221-1,polc1243,Polci,155,rapsə,Phonemic,"chop, hew",cosper1996,,,
9-221-221-1,polc1243,Polci,355,rapsə,Phonemic,cut down,cosper1996,,,
9-220-221-1,polc1243,Polci,1432,njaŋ,Phonemic,cut,cosper1996,,,
9-211-221-1,polc1243,Polci,354,ɗok,Phonemic,pound with fist,cosper1996,,,
9-210-221-1,polc1243,Polci,2133,dzu,Phonemic,"strike (hit, beat)",cosper1996,,,
9-192-221-1,polc1243,Polci,760,kutl,Phonemic,knot (noun),cosper1996,,,
9-190-221-1,polc1243,Polci,1218,tler,Phonemic,"rope, cord",cosper1996,,,
9-180-221-1,polc1243,Polci,1627,sarka,Phonemic,chain,cosper1996,,,
9-161-221-1,polc1243,Polci,352,təs,Phonemic,untie,cosper1996,,,
9-160-221-1,polc1243,Polci,1917,ləŋ,Phonemic,"tie, bind",cosper1996,,,
9-150-221-1,polc1243,Polci,1470,naak,Phonemic,fold,cosper1996,,,
9-140-221-1,polc1243,Polci,2004,ŋgwoŋ,Phonemic,bend,cosper1996,,,
9-120-221-1,polc1243,Polci,984,səntə,Phonemic,work,cosper1996,,,
9-110-221-1,polc1243,Polci,2575,pur,Phonemic,"do, make",cosper1996,,,
8-980-221-1,polc1243,Polci,641,--meeta,Phonemic,mushroom,cosper1996,"There is no general term for mushroom. meeta refers to a small white variety; mbarmat refers to a large type; ləɗəntə a strongly flavored variety; gaŋgaŋ zoomoo literally, 'rabbit's drum' refers to a brown species.",,
8-980-221-3,polc1243,Polci,641,mbarmat,Phonemic,mushroom,cosper1996,"There is no general term for mushroom. meeta refers to a small white variety; mbarmat refers to a large type; ləɗəntə a strongly flavored variety; gaŋgaŋ zoomoo literally, 'rabbit's drum' refers to a brown species.",,
8-980-221-5,polc1243,Polci,641,ləɗəntə,Phonemic,mushroom,cosper1996,"There is no general term for mushroom. meeta refers to a small white variety; mbarmat refers to a large type; ləɗəntə a strongly flavored variety; gaŋgaŋ zoomoo literally, 'rabbit's drum' refers to a brown species.",,
8-980-221-7,polc1243,Polci,641,gaŋgaŋ zoomoo,Phonemic,mushroom,cosper1996,"There is no general term for mushroom. meeta refers to a small white variety; mbarmat refers to a large type; ləɗəntə a strongly flavored variety; gaŋgaŋ zoomoo literally, 'rabbit's drum' refers to a brown species.",,
8-960-221-1,polc1243,Polci,348,maakoba,Phonemic,fish poison (root),cosper1996,,,
8-960-221-3,polc1243,Polci,348,maakuba,Phonemic,fish poison (root),cosper1996,,,
8-941-221-1,polc1243,Polci,146,[rike],Phonemic,sugar cane,cosper1996,Hausa loan.,,
8-940-221-1,polc1243,Polci,1927,məghə,Phonemic,bamboo,cosper1996,,,
8-931-221-1,polc1243,Polci,864,ɓaar,Phonemic,"pumpkin, squash",cosper1996,,,
8-930-221-1,polc1243,Polci,411,kaalə,Phonemic,gourd,cosper1996,,,
8-912-221-1,polc1243,Polci,410,gutlum,Phonemic,yam,cosper1996,,,
8-910-221-1,polc1243,Polci,159,lawur,Phonemic,sweet potato,cosper1996,,,
8-840-221-1,polc1243,Polci,868,ayaba,Phonemic,banana tree,cosper1996,,,
8-820-221-1,polc1243,Polci,970,[kwaakwaa],Phonemic,coconut,cosper1996,This is a loanword from Hausa,,
8-810-221-1,polc1243,Polci,1181,[kwaakwaa],Phonemic,palm tree,cosper1996,Hausa loan.,,
8-760-221-1,polc1243,Polci,345,nzuk,Phonemic,sap,cosper1996,,,
8-750-221-1,polc1243,Polci,1204,koor pət,Phonemic,bark,cosper1996,,,
8-740-221-1,polc1243,Polci,409,ŋgapcaŋ,Phonemic,forked branch,cosper1996,,,
8-720-221-1,polc1243,Polci,241,ndənzə pət,Phonemic,tree stump,cosper1996,,,
8-691-221-1,polc1243,Polci,1124,cantaaba,Phonemic,pipe,cosper1996,,,
8-690-221-1,polc1243,Polci,1689,kələm,Phonemic,smoke (tobacco),cosper1996,,,
8-680-221-1,polc1243,Polci,974,taaba,Phonemic,tobacco,cosper1996,Respectively: 'tobacco'; a hand-made cigarette from a local plant.,,
8-680-221-3,polc1243,Polci,974,tunkura,Phonemic,tobacco,cosper1996,Respectively: 'tobacco'; a hand-made cigarette from a local plant.,,
8-600-221-1,polc1243,Polci,906,pət,Phonemic,tree,cosper1996,,,
8-570-221-1,polc1243,Polci,239,pas,Phonemic,flower,cosper1996,,,
8-560-221-1,polc1243,Polci,628,wal,Phonemic,leaf,cosper1996,,,
8-550-221-1,polc1243,Polci,1531,bə aam,Phonemic,branch,cosper1996,Respectively: 'edge of arm'; 'arm of tree'.,,
8-550-221-3,polc1243,Polci,1531,aam pət,Phonemic,branch,cosper1996,Respectively: 'edge of arm'; 'arm of tree'.,,
8-540-221-1,polc1243,Polci,670,tlertə pət,Phonemic,root,cosper1996,"Literally, 'rope of tree'.",,
8-540-221-3,polc1243,Polci,670,tler pət,Phonemic,root,cosper1996,"Literally, 'rope of tree'.",,
8-531-221-1,polc1243,Polci,1486,kəp,Phonemic,plant (vb),cosper1996,,,
8-520-221-1,polc1243,Polci,342,kun məi,Phonemic,hay,cosper1996,,,
8-530-221-1,polc1243,Polci,653,kəp,Phonemic,plant (noun),cosper1996,,,
8-510-221-1,polc1243,Polci,606,məi,Phonemic,grass,cosper1996,,,
8-480-221-1,polc1243,Polci,926,shiŋga,Phonemic,rice,cosper1996,,,
8-470-221-1,polc1243,Polci,506,buŋgwaaren,Phonemic,"maize, corn",cosper1996,,,
8-420-221-1,polc1243,Polci,605,wu,Phonemic,"grain (barley, oats etc)",cosper1996,,,
8-410-221-1,polc1243,Polci,611,[girbi],Phonemic,"crop, harvest",cosper1996,Hausa loan.,,
8-340-221-1,polc1243,Polci,285,zok,Phonemic,thresh,cosper1996,,,
8-330-221-1,polc1243,Polci,2132,[lauje],Phonemic,"sickle, scythe",cosper1996,Hausa loan.,,
8-320-221-1,polc1243,Polci,190,tloo,Phonemic,"mow, reap",cosper1996,,,
8-311-221-1,polc1243,Polci,714,batər,Phonemic,seed,cosper1996,,,
8-310-221-1,polc1243,Polci,748,kəp,Phonemic,sow,cosper1996,,,
8-270-221-1,polc1243,Polci,338,[manjagara],Phonemic,rake,cosper1996,Hausa loan.,,
8-250-221-1,polc1243,Polci,284,yuuru,Phonemic,hoe,cosper1996,,,
8-230-221-1,polc1243,Polci,1176,yuuru,Phonemic,spade,cosper1996,A general term for implements.,,
8-212-221-1,polc1243,Polci,1794,zhel,Phonemic,furrow,cosper1996,,,
8-220-221-1,polc1243,Polci,1418,ɗok shuu,Phonemic,dig,cosper1996,"Polci distinguishes between the general verb 'to dig', (first example) and that for 'digging for the purpose of sowing seed' (last example).",,
8-220-221-3,polc1243,Polci,1418,kəptə,Phonemic,dig,cosper1996,"Polci distinguishes between the general verb 'to dig', (first example) and that for 'digging for the purpose of sowing seed' (last example).",,
8-210-221-1,polc1243,Polci,1921,jer,Phonemic,plow,cosper1996,,,
8-170-221-1,polc1243,Polci,2002,[gada],Phonemic,ditch,cosper1996,Hausa loan.,,
8-160-221-1,polc1243,Polci,1690,[darni],Phonemic,fence,cosper1996,Hausa loan.,,
8-150-221-1,polc1243,Polci,1541,ŋgərəghə,Phonemic,"cultivate, till",cosper1996,,,
8-130-221-1,polc1243,Polci,586,[lambu],Phonemic,garden,cosper1996,Hausa loan.,,
8-120-221-1,polc1243,Polci,212,zhim,Phonemic,field (for cultivation),cosper1996,,,
8-110-221-1,polc1243,Polci,979,mun ŋgərəghə,Phonemic,farmer,cosper1996,,,
7-630-221-1,polc1243,Polci,224,gurugho,Phonemic,mortar,cosper1996,,,
7-620-221-1,polc1243,Polci,1006,goŋraŋ,Phonemic,brick,cosper1996,,,
7-580-221-1,polc1243,Polci,876,məəm,Phonemic,arch,cosper1996,Extension of term for bow for shooting arrows.,,
7-570-221-1,polc1243,Polci,1227,[kaataakoo],Phonemic,board,cosper1996,Hausa loan.,,
7-560-221-1,polc1243,Polci,281,tsaŋ,Phonemic,"post, pole",cosper1996,,,
7-550-221-1,polc1243,Polci,1132,taŋka,Phonemic,beam,cosper1996,Refers to reinforcements under thatch made of bamboo or other materials.,,
7-530-221-1,polc1243,Polci,280,ghart,Phonemic,ridgepole,cosper1996,Refers to a cone of sticks or poles supporting a thatched roof.,,
7-520-221-1,polc1243,Polci,279,yar,Phonemic,thatch,cosper1996,,,
7-510-221-1,polc1243,Polci,769,yar,Phonemic,roof,cosper1996,,,
7-480-221-1,polc1243,Polci,205,kumtə,Phonemic,trough,cosper1996,,,
7-470-221-1,polc1243,Polci,745,aam kir,Phonemic,shelf,cosper1996,,,
7-460-221-1,polc1243,Polci,1273,[kyandir],Phonemic,candle,cosper1996,Hausa loan < from English.,,
7-450-221-1,polc1243,Polci,2131,[pitila],Phonemic,"lamp, torch",cosper1996,Hausa loan.,,
7-440-221-1,polc1243,Polci,1775,[teebur],Phonemic,table,cosper1996,English loan.,,
7-430-221-1,polc1243,Polci,1476,daan,Phonemic,chair,cosper1996,,,
7-422-221-1,polc1243,Polci,806,bargoo,Phonemic,blanket,cosper1996,,,
7-421-221-1,polc1243,Polci,1044,ərkənnə,Phonemic,pillow,cosper1996,"Literally, 'thing to raise head'.",,
7-420-221-1,polc1243,Polci,1663,gudu,Phonemic,bed,cosper1996,,,
7-370-221-1,polc1243,Polci,1464,dlaŋtaŋ,Phonemic,ladder,cosper1996,"Specifically, a ladder made from a shet tree.",,
7-320-221-1,polc1243,Polci,859,pyeghət,Phonemic,stove,cosper1996,,,
7-310-221-1,polc1243,Polci,185,been tsop,Phonemic,fireplace,cosper1996,,,
7-270-221-1,polc1243,Polci,933,tu keen,Phonemic,wall,cosper1996,,,
7-260-221-1,polc1243,Polci,1632,[daɓee],Phonemic,floor,cosper1996,Hausa loan.,,
7-250-221-1,polc1243,Polci,1375,[taaga],Phonemic,window,cosper1996,Hausa loan.,,
7-240-221-1,polc1243,Polci,1472,[mabuuɗi],Phonemic,key,cosper1996,Hausa loan.,,
7-231-221-1,polc1243,Polci,1012,[sakata],Phonemic,"latch, door-bolt",cosper1996,Hausa loan.,,
7-230-221-1,polc1243,Polci,1596,[makulli],Phonemic,lock (noun),cosper1996,Hausa loan.,,
7-221-221-1,polc1243,Polci,80,gaam biibi,Phonemic,"doorpost, jamb",cosper1996,"Literally, 'head of door'.",,
7-210-221-1,polc1243,Polci,1450,tlaap,Phonemic,room,cosper1996,,,
7-220-221-1,polc1243,Polci,1567,biibi,Phonemic,"door, gate",cosper1996,,,
7-150-221-1,polc1243,Polci,736,ɗəl keen,Phonemic,"yard, court",cosper1996,"Literally, 'going out of compound'.",,
7-130-221-1,polc1243,Polci,1678,kanja,Phonemic,hut,cosper1996,,,
7-120-221-1,polc1243,Polci,1252,keen,Phonemic,house,cosper1996,"Respectively: 'compound'; 'house, hut'.",,
7-120-221-3,polc1243,Polci,1252,tlaap,Phonemic,house,cosper1996,"Respectively: 'compound'; 'house, hut'.",,
7-110-221-1,polc1243,Polci,363,shik,Phonemic,"dwell, live",cosper1996,,,
6-960-221-1,polc1243,Polci,1171,[maganii],Phonemic,mirror,cosper1996,Hausa loan.,,
6-950-221-1,polc1243,Polci,788,[saabulu],Phonemic,soap,cosper1996,Hausa loan.,,
6-940-221-1,polc1243,Polci,1926,ɗiin,Phonemic,ointment,cosper1996,,,
6-930-221-1,polc1243,Polci,151,[reza],Phonemic,razor,cosper1996,English loan.,,
6-921-221-1,polc1243,Polci,333,tsoghə gaam,Phonemic,braid,cosper1996,"Literally, 'weaving in head'.",,
6-910-221-1,polc1243,Polci,1475,zaar,Phonemic,comb,cosper1996,,,
6-820-221-1,polc1243,Polci,1021,[taawul],Phonemic,towel,cosper1996,English loan.,,
6-790-221-1,polc1243,Polci,68,tloolə,Phonemic,tattoo,cosper1996,,,
6-780-221-1,polc1243,Polci,330,kwaali,Phonemic,"headband, headdress",cosper1996,,,
6-750-221-1,polc1243,Polci,1961,zululu,Phonemic,necklace,cosper1996,,,
6-740-221-1,polc1243,Polci,1754,yit,Phonemic,bracelet,cosper1996,,,
6-730-221-1,polc1243,Polci,1374,[zobbe],Phonemic,ring (for finger),cosper1996,Hausa loan.,,
6-710-221-1,polc1243,Polci,917,ərəm ado,Phonemic,"ornament, adornment",cosper1996,"Literally, 'thing for adornment'.",,
6-620-221-1,polc1243,Polci,757,[aniinii],Phonemic,button,cosper1996,Hausa loan.,,
6-610-221-1,polc1243,Polci,1851,[aljuhu],Phonemic,pocket,cosper1996,Hausa loan.,,
6-590-221-1,polc1243,Polci,1151,[hijaab],Phonemic,veil,cosper1996,An Islamic word.,,
6-550-221-1,polc1243,Polci,2130,[taagiiya],Phonemic,"hat, cap",cosper1996,Hausa loan.,,
6-510-221-1,polc1243,Polci,1381,cugopsi,Phonemic,shoe,cosper1996,,,
6-520-221-1,polc1243,Polci,585,[but],Phonemic,boot,cosper1996,English loan.,,
6-461-221-1,polc1243,Polci,328,ŋgar wal,Phonemic,grass-skirt,cosper1996,"Literally, 'wearing leaves'.",,
6-380-221-1,polc1243,Polci,1161,abawa,Phonemic,thread,cosper1996,,,
6-360-221-1,polc1243,Polci,1382,alluura,Phonemic,needle,cosper1996,,,
6-370-221-1,polc1243,Polci,278,zhoŋar,Phonemic,awl,cosper1996,,,
6-350-221-1,polc1243,Polci,1457,rap,Phonemic,sew,cosper1996,,,
6-330-221-1,polc1243,Polci,133,tsoghay,Phonemic,weave,cosper1996,,,
6-320-221-1,polc1243,Polci,277,kaskara,Phonemic,spindle,cosper1996,,,
6-310-221-1,polc1243,Polci,121,mbok,Phonemic,spin,cosper1996,Also means 'to kick' or 'to shoot'.,,
6-290-221-1,polc1243,Polci,629,kur,Phonemic,leather,cosper1996,,,
6-280-221-1,polc1243,Polci,580,tsuruŋ,Phonemic,fur,cosper1996,,,
6-240-221-1,polc1243,Polci,1850,pəɗək,Phonemic,cotton,cosper1996,,,
6-130-221-1,polc1243,Polci,881,[tela],Phonemic,tailor,cosper1996,Loan from Hausa and English.,,
6-120-221-1,polc1243,Polci,1895,loghət,Phonemic,"clothing, clothes",cosper1996,,,
6-110-221-1,polc1243,Polci,158,ŋgar loghət,Phonemic,put on (clothes),cosper1996,,,
5-970-221-1,polc1243,Polci,744,mbwatl,Phonemic,egg,cosper1996,,,
5-940-221-1,polc1243,Polci,404,ɗok,Phonemic,fermented drink,cosper1996,,,
5-930-221-1,polc1243,Polci,1639,ɗok,Phonemic,beer,cosper1996,A fermented drink made with millet or other grain.,,
5-910-221-1,polc1243,Polci,941,ɗok,Phonemic,mead,cosper1996,"Actually, means 'beer' 05.930.",,
5-890-221-1,polc1243,Polci,1245,ɗiin tlaa,Phonemic,butter,cosper1996,,,
5-870-221-1,polc1243,Polci,93,zhootə neen,Phonemic,milk (vb),cosper1996,"Literally, 'to squeeze milk'.",,
5-850-221-1,polc1243,Polci,862,[səkar],Phonemic,sugar,cosper1996,,,
5-860-221-1,polc1243,Polci,635,madara,Phonemic,milk (noun),cosper1996,,,
5-840-221-1,polc1243,Polci,942,dzom,Phonemic,honey,cosper1996,,,
5-820-221-1,polc1243,Polci,1385,talas,Phonemic,pepper,cosper1996,,,
5-810-221-1,polc1243,Polci,1274,kwi,Phonemic,salt,cosper1996,,,
5-791-221-1,polc1243,Polci,323,ɗogho,Phonemic,"grease, fat",cosper1996,,,
5-790-221-1,polc1243,Polci,1484,ɗiin,Phonemic,oil,cosper1996,,,
5-750-221-1,polc1243,Polci,322,tsorom,Phonemic,fig,cosper1996,,,
5-712-221-1,polc1243,Polci,1966,dzom,Phonemic,bunch,cosper1996,,,
5-710-221-1,polc1243,Polci,1507,gər pət,Phonemic,fruit,cosper1996,Literally 'offspring of tree'.,,
5-700-221-1,polc1243,Polci,593,lawur,Phonemic,potato,cosper1996,"Literally, 'sweet potato'.",,
5-660-221-1,polc1243,Polci,832,zaam,Phonemic,bean,cosper1996,,,
5-650-221-1,polc1243,Polci,924,rəpkə lambu,Phonemic,vegetables,cosper1996,"Literally, 'things from the garden'.",,
5-640-221-1,polc1243,Polci,1547,miitli,Phonemic,"soup, broth",cosper1996,,,
5-610-221-1,polc1243,Polci,634,tloo,Phonemic,meat,cosper1996,,,
5-590-221-1,polc1243,Polci,225,aam itlaŋ,Phonemic,pestle,cosper1996,,,
5-580-221-1,polc1243,Polci,224,itlaŋ,Phonemic,mortar (2),cosper1996,,,
5-570-221-1,polc1243,Polci,636,rəp mbaaɓə,Phonemic,mill,cosper1996,"Literally, 'thing for working'.",,
5-560-221-1,polc1243,Polci,1033,nok,Phonemic,"crush, grind",cosper1996,Respectively: to crush in general; to crush with grindstone.,,
5-560-221-3,polc1243,Polci,1033,noghvon,Phonemic,"crush, grind",cosper1996,Respectively: to crush in general; to crush with grindstone.,,
5-550-221-1,polc1243,Polci,1594,cap,Phonemic,"meal, flour",cosper1996,,,
5-490-221-1,polc1243,Polci,2017,kətl,Phonemic,"stir, mix",cosper1996,,,
5-480-221-1,polc1243,Polci,1767,wagha,Phonemic,scrape,cosper1996,"Literally, 'to shuck' or 'husk'.",,
5-470-221-1,polc1243,Polci,86,tsərəŋ,Phonemic,"sieve, strain",cosper1996,,,
5-460-221-1,polc1243,Polci,275,tyat,Phonemic,peel,cosper1996,,,
5-450-221-1,polc1243,Polci,1833,rəpcighə vor,Phonemic,supper,cosper1996,"Literally, 'food of night'.",,
5-440-221-1,polc1243,Polci,1833,rəpcighə vor,Phonemic,dinner,cosper1996,"Literally, 'food of night'.",,
5-430-221-1,polc1243,Polci,768,rəpcighə piɗi,Phonemic,lunch,cosper1996,"Literally, 'food of day or noon'.",,
5-420-221-1,polc1243,Polci,1322,rəpcighə tlitliin,Phonemic,breakfast,cosper1996,"Literally, 'food of morning'.",,
5-410-221-1,polc1243,Polci,1526,rəpci,Phonemic,meal (a),cosper1996,,,
5-391-221-1,polc1243,Polci,272,ŋgal,Phonemic,tongs,cosper1996,Used by blacksmiths.,,
5-380-221-1,polc1243,Polci,1352,sərəp,Phonemic,knife (2),cosper1996,,,
5-370-221-1,polc1243,Polci,1378,kəŋga,Phonemic,spoon,cosper1996,Refers to a spoon made of wood.,,
5-260-221-1,polc1243,Polci,1462,caan,Phonemic,"pot, cooking vessel",cosper1996,,,
5-260-221-3,polc1243,Polci,1462,taŋ,Phonemic,"pot, cooking vessel",cosper1996,,,
5-270-221-1,polc1243,Polci,854,caan,Phonemic,kettle,cosper1996,,,
5-240-221-1,polc1243,Polci,183,bak,Phonemic,bake,cosper1996,,,
5-250-221-1,polc1243,Polci,1143,tandeeruu,Phonemic,oven,cosper1996,,,
5-230-221-1,polc1243,Polci,2146,bak,Phonemic,"roast, fry",cosper1996,,,
5-220-221-1,polc1243,Polci,792,ful,Phonemic,boil (vb),cosper1996,,,
5-210-221-1,polc1243,Polci,1100,tsor,Phonemic,cook,cosper1996,,,
5-190-221-1,polc1243,Polci,129,ŋgap yuwar,Phonemic,choke,cosper1996,,,
5-181-221-1,polc1243,Polci,897,zəngaa,Phonemic,swallow,cosper1996,,,
5-180-221-1,polc1243,Polci,321,ɗaam,Phonemic,chew,cosper1996,,,
5-160-221-1,polc1243,Polci,1421,ɓəəp,Phonemic,suck,cosper1996,,,
5-150-221-1,polc1243,Polci,848,gər maa,Phonemic,thirst,cosper1996,,,
5-141-221-1,polc1243,Polci,199,raaraka,Phonemic,famine,cosper1996,,,
5-140-221-1,polc1243,Polci,1864,gusum,Phonemic,hunger,cosper1996,,,
5-130-221-1,polc1243,Polci,1401,tlee,Phonemic,drink,cosper1996,,,
5-125-221-1,polc1243,Polci,1728,roos,Phonemic,rotten,cosper1996,,,
5-124-221-1,polc1243,Polci,1958,gwaami,Phonemic,"green, unripe",cosper1996,,,
5-123-221-1,polc1243,Polci,178,nyoo,Phonemic,ripe,cosper1996,,,
5-122-221-1,polc1243,Polci,1959,ɗeghai,Phonemic,raw,cosper1996,,,
5-121-221-1,polc1243,Polci,269,tsor,Phonemic,cooked,cosper1996,,,
5-120-221-1,polc1243,Polci,256,rəpci,Phonemic,food,cosper1996,,,
5-110-221-1,polc1243,Polci,1336,ci,Phonemic,eat,cosper1996,,,
4-990-221-1,polc1243,Polci,590,[siraara],Phonemic,"naked, bare",cosper1996,Hausa loan.,,
4-970-221-1,polc1243,Polci,1653,dzuwaan,Phonemic,blind,cosper1996,,,
4-980-221-1,polc1243,Polci,1463,ɗok nə zuri,Phonemic,intoxicated,cosper1996,"Literally, 'hit with beer'.",,
4-960-221-1,polc1243,Polci,1666,ɓaaɓa,Phonemic,mute,cosper1996,,,
4-950-221-1,polc1243,Polci,996,ndwaghəm,Phonemic,deaf,cosper1996,,,
4-930-221-1,polc1243,Polci,1125,mogha gaam,Phonemic,bald,cosper1996,"Literally, 'shaved head'.",,
4-940-221-1,polc1243,Polci,320,ŋgurum,Phonemic,lame,cosper1996,,,
4-912-221-1,polc1243,Polci,168,səghən,Phonemic,rest,cosper1996,,,
4-910-221-1,polc1243,Polci,1757,gəji,Phonemic,"tired, weary",cosper1996,,,
4-890-221-1,polc1243,Polci,655,maa woghən,Phonemic,poison,cosper1996,Respectively: a general term for poison; 'poison for arrow head'.,,
4-890-221-3,polc1243,Polci,655,pyas woghən,Phonemic,poison,cosper1996,Respectively: a general term for poison; 'poison for arrow head'.,,
4-880-221-1,polc1243,Polci,1372,woghən,Phonemic,"medicine, drug",cosper1996,Respectively: a general word for medicine; traditional medicine.,,
4-880-221-3,polc1243,Polci,1372,woghən bən,Phonemic,"medicine, drug",cosper1996,Respectively: a general word for medicine; traditional medicine.,,
4-870-221-1,polc1243,Polci,597,likitən,Phonemic,physician,cosper1996,Respectively: a doctor of western medicine; a traditional healer.,,
4-870-221-3,polc1243,Polci,597,kon woghən,Phonemic,physician,cosper1996,Respectively: a doctor of western medicine; a traditional healer.,,
4-860-221-1,polc1243,Polci,499,fəɗə,Phonemic,"cure, heal",cosper1996,,,
4-858-221-1,polc1243,Polci,497,lowan,Phonemic,scar,cosper1996,,,
4-857-221-1,polc1243,Polci,1808,roo,Phonemic,pus,cosper1996,,,
4-856-221-1,polc1243,Polci,793,wanjaane,Phonemic,boil (noun),cosper1996,,,
4-854-221-1,polc1243,Polci,148,kaptə,Phonemic,itch,cosper1996,,,
4-853-221-1,polc1243,Polci,1903,mwat,Phonemic,swelling,cosper1996,,,
4-852-221-1,polc1243,Polci,1148,mok,Phonemic,bruise,cosper1996,,,
4-850-221-1,polc1243,Polci,1109,ciwo,Phonemic,"wound, sore",cosper1996,,,
4-843-221-1,polc1243,Polci,102,naaghan,Phonemic,cold (catarrh),cosper1996,,,
4-842-221-1,polc1243,Polci,1957,mwaɗəyuwar,Phonemic,goiter,cosper1996,,,
4-841-221-1,polc1243,Polci,1534,ŋanŋən,Phonemic,fever,cosper1996,,,
4-840-221-1,polc1243,Polci,1847,shekamkam,Phonemic,"sick, sickness",cosper1996,,,
4-830-221-1,polc1243,Polci,1364,tlet kalaw,Phonemic,"well, health",cosper1996,,,
4-820-221-1,polc1243,Polci,1601,foghəl,Phonemic,weak,cosper1996,,,
4-810-221-1,polc1243,Polci,785,nyap,Phonemic,"strong, mighty, powerful",cosper1996,Respectively: an adjective which can also mean 'loud'; a verbal form.,,
4-810-221-3,polc1243,Polci,785,nyapkən,Phonemic,"strong, mighty, powerful",cosper1996,Respectively: an adjective which can also mean 'loud'; a verbal form.,,
4-790-221-1,polc1243,Polci,1773,gaam gipsə,Phonemic,"grave, tomb",cosper1996,"Literally, 'head of refuse'.",,
4-780-221-1,polc1243,Polci,1719,laaptə,Phonemic,bury (the dead),cosper1996,,,
4-770-221-1,polc1243,Polci,767,vuni,Phonemic,corpse,cosper1996,,,
4-760-221-1,polc1243,Polci,1417,kashe,Phonemic,kill,cosper1996,,,
4-750-221-1,polc1243,Polci,1494,məs,Phonemic,"die, dead",cosper1996,,,
4-750-221-3,polc1243,Polci,1494,məsi,Phonemic,"die, dead",cosper1996,,,
4-740-221-1,polc1243,Polci,1422,shik-,Phonemic,"live, living, life",cosper1996,"Respectively: verb, also means 'sit, dwell, remain'; noun, meaning 'that which turns or moves'.",,
4-740-221-3,polc1243,Polci,1422,baltə,Phonemic,"live, living, life",cosper1996,"Respectively: verb, also means 'sit, dwell, remain'; noun, meaning 'that which turns or moves'.",,
4-732-221-1,polc1243,Polci,1087,pər tuu,Phonemic,conceive,cosper1996,,,
4-730-221-1,polc1243,Polci,1123,tuughə gərtə,Phonemic,pregnant,cosper1996,,,
4-720-221-1,polc1243,Polci,1090,gər,Phonemic,born (to be),cosper1996,,,
4-690-221-1,polc1243,Polci,138,fwaptə,Phonemic,bathe,cosper1996,,,
4-680-221-1,polc1243,Polci,52,dlaar,Phonemic,shiver,cosper1996,,,
4-670-221-1,polc1243,Polci,1785,kwak,Phonemic,have sexual intercourse,cosper1996,,,
4-660-221-1,polc1243,Polci,676,ndzom ish,Phonemic,defecate,cosper1996,,,
4-650-221-1,polc1243,Polci,592,ti baas,Phonemic,urinate,cosper1996,,,
4-640-221-1,polc1243,Polci,1159,ti ish,Phonemic,break wind,cosper1996,,,
4-640-221-3,polc1243,Polci,1159,ti,Phonemic,break wind,cosper1996,,,
4-630-221-1,polc1243,Polci,1602,tlet,Phonemic,wake up,cosper1996,,,
4-620-221-1,polc1243,Polci,1920,farwali,Phonemic,dream,cosper1996,,,
4-612-221-1,polc1243,Polci,1983,kwaraghən,Phonemic,snore,cosper1996,,,
4-610-221-1,polc1243,Polci,1585,yimbur,Phonemic,sleep,cosper1996,,,
4-590-221-1,polc1243,Polci,319,ɓəəp,Phonemic,lick,cosper1996,,,
4-580-221-1,polc1243,Polci,1403,nyaŋsə,Phonemic,bite,cosper1996,,,
4-570-221-1,polc1243,Polci,1278,biighən,Phonemic,vomit,cosper1996,,,
4-560-221-1,polc1243,Polci,1440,topa,Phonemic,spit,cosper1996,,,
4-550-221-1,polc1243,Polci,126,saaləmtə,Phonemic,perspire,cosper1996,,,
4-540-221-1,polc1243,Polci,1621,disha,Phonemic,sneeze,cosper1996,,,
4-530-221-1,polc1243,Polci,879,itlaa,Phonemic,cough,cosper1996,,,
4-521-221-1,polc1243,Polci,162,tləghət,Phonemic,hiccough,cosper1996,,,
4-520-221-1,polc1243,Polci,1028,həəm,Phonemic,"yawn, gape",cosper1996,,,
4-510-221-1,polc1243,Polci,1407,səghəntə,Phonemic,"breathe, breath",cosper1996,,,
4-492-221-1,polc1243,Polci,1222,wagham,Phonemic,penis,cosper1996,,,
4-490-221-1,polc1243,Polci,797,jindi,Phonemic,testicle,cosper1996,,,
4-470-221-1,polc1243,Polci,804,tler gərəghən,Phonemic,womb,cosper1996,"Literally, 'the rope of birth'.",,
4-464-221-1,polc1243,Polci,834,gəsh,Phonemic,buttocks,cosper1996,,,
4-464-221-3,polc1243,Polci,834,gish,Phonemic,buttocks,cosper1996,,,
4-463-221-1,polc1243,Polci,1745,kuŋtukuŋ,Phonemic,hip,cosper1996,,,
4-462-221-1,polc1243,Polci,1681,ndaŋ,Phonemic,waist,cosper1996,"Polci distinguishes between the front waist area, gəsh tuu, and the back waist area, nda+.",,
4-462-221-3,polc1243,Polci,1681,gəsh tuu,Phonemic,waist,cosper1996,"Polci distinguishes between the front waist area, gəsh tuu, and the back waist area, nda+.",,
4-461-221-1,polc1243,Polci,1991,wat,Phonemic,"intestines, guts",cosper1996,,,
4-460-221-1,polc1243,Polci,819,tuu,Phonemic,stomach,cosper1996,,,
4-452-221-1,polc1243,Polci,1744,labaara,Phonemic,spleen,cosper1996,,,
4-451-221-1,polc1243,Polci,489,mbarləm,Phonemic,kidney,cosper1996,,,
4-450-221-1,polc1243,Polci,1224,mbatl,Phonemic,liver,cosper1996,,,
4-441-221-1,polc1243,Polci,688,vaktarak,Phonemic,lung,cosper1996,"Etymologically, 'blow up liver'.",,
4-440-221-1,polc1243,Polci,1223,mbatl,Phonemic,heart,cosper1996,,,
4-430-221-1,polc1243,Polci,1838,mbutl,Phonemic,navel,cosper1996,,,
4-420-221-1,polc1243,Polci,154,neen,Phonemic,udder,cosper1996,,,
4-412-221-1,polc1243,Polci,796,bəneen,Phonemic,"nipple, teat",cosper1996,"Literally, 'mouth of breast'.",,
4-410-221-1,polc1243,Polci,1402,neen,Phonemic,breast (of woman),cosper1996,,,
4-400-221-1,polc1243,Polci,1592,bəgəəp,Phonemic,chest,cosper1996,"Literally, ' mouth or edge of side'.",,
4-393-221-1,polc1243,Polci,1201,tsuruŋ,Phonemic,feather,cosper1996,"Also means 'hair, fur'.",,
4-392-221-1,polc1243,Polci,1257,bəghəm,Phonemic,wing,cosper1996,,,
4-380-221-1,polc1243,Polci,1389,mii asəm,Phonemic,toe,cosper1996,"Literally, 'child of foot'.",,
4-374-221-1,polc1243,Polci,318,rəp asəm,Phonemic,footprint,cosper1996,"Literally, 'place of foot'.",,
4-372-221-1,polc1243,Polci,980,ɓəpsə asəm,Phonemic,heel,cosper1996,,,
4-371-221-1,polc1243,Polci,803,yiir asəm,Phonemic,ankle,cosper1996,Literally 'eye of foot'.,,
4-370-221-1,polc1243,Polci,1301,asəm,Phonemic,foot,cosper1996,,,
4-360-221-1,polc1243,Polci,1371,gaam kwitlkən,Phonemic,knee,cosper1996,"Literally, 'head of joining'.",,
4-351-221-1,polc1243,Polci,800,tsəghən,Phonemic,thigh,cosper1996,,,
4-350-221-1,polc1243,Polci,1297,asəm,Phonemic,leg,cosper1996,,,
4-345-221-1,polc1243,Polci,72,mbek,Phonemic,claw,cosper1996,,,
4-344-221-1,polc1243,Polci,1258,mbek,Phonemic,fingernail,cosper1996,,,
4-342-221-1,polc1243,Polci,1781,goŋ aam,Phonemic,thumb,cosper1996,Literally 'king of hand'.,,
4-340-221-1,polc1243,Polci,1303,mii aam,Phonemic,finger,cosper1996,Literally 'child of hand'.,,
4-331-221-1,polc1243,Polci,1183,gip aam,Phonemic,palm of hand,cosper1996,"Literally, 'inside hand'.",,
4-330-221-1,polc1243,Polci,1277,aam,Phonemic,hand,cosper1996,Same as 'arm' 04.310.,,
4-321-221-1,polc1243,Polci,799,yuwar aam,Phonemic,wrist,cosper1996,"Literally, 'neck-arm'.",,
4-320-221-1,polc1243,Polci,981,ŋgwatl,Phonemic,elbow,cosper1996,,,
4-312-221-1,polc1243,Polci,1886,dlaŋgo,Phonemic,armpit,cosper1996,,,
4-310-221-1,polc1243,Polci,1673,aam,Phonemic,arm,cosper1996,Same as 'hand' 04.330.,,
4-302-221-1,polc1243,Polci,1994,goolə yuwar,Phonemic,collarbone,cosper1996,,,
4-301-221-1,polc1243,Polci,172,goolə bablaŋ,Phonemic,shoulderblade,cosper1996,,,
4-300-221-1,polc1243,Polci,1482,bablaŋ,Phonemic,shoulder,cosper1996,,,
4-290-221-1,polc1243,Polci,1346,ŋgwaŋəlaŋ,Phonemic,throat,cosper1996,,,
4-280-221-1,polc1243,Polci,1333,yuwar,Phonemic,neck,cosper1996,,,
4-272-221-1,polc1243,Polci,1049,karagha,Phonemic,molartooth,cosper1996,,,
4-270-221-1,polc1243,Polci,1380,shen,Phonemic,tooth,cosper1996,,,
4-271-221-1,polc1243,Polci,139,deelim,Phonemic,gums,cosper1996,,,
4-260-221-1,polc1243,Polci,1205,nyatl,Phonemic,tongue,cosper1996,,,
4-250-221-1,polc1243,Polci,478,wal bii,Phonemic,lip,cosper1996,"Literally, 'leaf of mouth' 08.560.",,
4-241-221-1,polc1243,Polci,73,bii yadli,Phonemic,beak,cosper1996,"Literally, 'mouth of bird'.",,
4-240-221-1,polc1243,Polci,674,bii,Phonemic,mouth,cosper1996,,,
4-232-221-1,polc1243,Polci,208,naghan,Phonemic,mucus (nasal),cosper1996,,,
4-231-221-1,polc1243,Polci,1178,shuu cin,Phonemic,nostril,cosper1996,"Literally, 'hole of nose'.",,
4-230-221-1,polc1243,Polci,1221,cin,Phonemic,nose,cosper1996,,,
4-222-221-1,polc1243,Polci,32,nzuk kəəm,Phonemic,earwax,cosper1996,,,
4-221-221-1,polc1243,Polci,18,wal kəəm,Phonemic,earlobe,cosper1996,"Literally, 'leaf of ear' 08.560.",,
4-220-221-1,polc1243,Polci,1247,kəəm,Phonemic,ear,cosper1996,,,
4-215-221-1,polc1243,Polci,1655,njəpyiir,Phonemic,blink,cosper1996,,,
4-214-221-1,polc1243,Polci,1540,tsuruŋyir,Phonemic,eyelash,cosper1996,"Literally, 'hair of eye'.",,
4-213-221-1,polc1243,Polci,17,kur-yiir,Phonemic,eyelid,cosper1996,"Literally, 'skin of eye'.",,
4-212-221-1,polc1243,Polci,1173,gəŋ iir,Phonemic,eyebrow,cosper1996,,,
4-210-221-1,polc1243,Polci,1248,yiir,Phonemic,eye,cosper1996,,,
4-208-221-1,polc1243,Polci,1730,gəsh kəəˑm,Phonemic,cheek,cosper1996,"Literally, 'under ear'.",,
4-209-221-1,polc1243,Polci,1510,boghom,Phonemic,chin,cosper1996,,,
4-205-221-1,polc1243,Polci,123,naŋ gaam,Phonemic,forehead,cosper1996,"Literally, 'front of head'.",,
4-207-221-1,polc1243,Polci,798,goolaŋa,Phonemic,jaw,cosper1996,,,
4-204-221-1,polc1243,Polci,1560,yiir,Phonemic,face,cosper1996,,,
4-203-221-1,polc1243,Polci,1583,ɓurgo gaam,Phonemic,brain,cosper1996,"Literally, 'marrow of bead'.",,
4-201-221-1,polc1243,Polci,1604,kum gaam,Phonemic,"side of head, temple",cosper1996,,,
4-202-221-1,polc1243,Polci,1605,gooloo gaam,Phonemic,skull,cosper1996,Literally 'bone of head'.,,
4-200-221-1,polc1243,Polci,1256,gaam,Phonemic,head,cosper1996,,,
4-191-221-1,polc1243,Polci,805,goolə kar,Phonemic,spine,cosper1996,,,
4-190-221-1,polc1243,Polci,1291,kar,Phonemic,back,cosper1996,,,
4-180-221-1,polc1243,Polci,1220,tsər,Phonemic,tail,cosper1996,,,
4-170-221-1,polc1243,Polci,1393,mbee,Phonemic,horn,cosper1996,,,
4-162-221-1,polc1243,Polci,801,goolə gəp,Phonemic,rib,cosper1996,,,
4-160-221-1,polc1243,Polci,1394,gooloo,Phonemic,bone,cosper1996,,,
4-151-221-1,polc1243,Polci,525,tsop buran,Phonemic,"vein, artery",cosper1996,,,
4-150-221-1,polc1243,Polci,946,buran,Phonemic,blood,cosper1996,,,
4-150-221-3,polc1243,Polci,946,bəran,Phonemic,blood,cosper1996,,,
4-146-221-1,polc1243,Polci,576,tsagha gaam,Phonemic,dandruff,cosper1996,,,
4-145-221-1,polc1243,Polci,36,tsuruŋ gaamwar,Phonemic,pubic hair,cosper1996,,,
4-144-221-1,polc1243,Polci,189,tsuruŋ dlii,Phonemic,body hair,cosper1996,,,
4-142-221-1,polc1243,Polci,678,bəmzə,Phonemic,beard,cosper1996,,,
4-140-221-1,polc1243,Polci,1040,tsuruŋ,Phonemic,hair (head),cosper1996,,,
4-130-221-1,polc1243,Polci,2259,sooka,Phonemic,flesh,cosper1996,,,
4-120-221-1,polc1243,Polci,763,kur,Phonemic,"skin, hide",cosper1996,,,
4-110-221-1,polc1243,Polci,1480,dlii,Phonemic,body,cosper1996,,,
3-980-221-1,polc1243,Polci,112,kurbi,Phonemic,turtle,cosper1996,,,
3-970-221-1,polc1243,Polci,1857,korom,Phonemic,"crocodile, alligator",cosper1996,,,
3-960-221-1,polc1243,Polci,632,tablaŋ,Phonemic,lizard,cosper1996,,,
3-950-221-1,polc1243,Polci,503,tajoori,Phonemic,frog,cosper1996,,,
3-940-221-1,polc1243,Polci,1543,toŋlaŋ,Phonemic,snail,cosper1996,,,
3-930-221-1,polc1243,Polci,607,kaaɓən,Phonemic,grasshopper,cosper1996,,,
3-920-221-1,polc1243,Polci,1791,pakpaksher,Phonemic,butterfly,cosper1996,,,
3-910-221-1,polc1243,Polci,206,mbil,Phonemic,firefly,cosper1996,,,
3-850-221-1,polc1243,Polci,730,koŋkoŋ,Phonemic,snake,cosper1996,,,
3-840-221-1,polc1243,Polci,1219,byamlak,Phonemic,worm,cosper1996,,,
3-832-221-1,polc1243,Polci,1509,furen,Phonemic,mosquito,cosper1996,,,
3-830-221-1,polc1243,Polci,1504,yaləm,Phonemic,fly,cosper1996,,,
3-823-221-1,polc1243,Polci,1517,hiŋhiŋ,Phonemic,wasp,cosper1996,,,
3-820-221-1,polc1243,Polci,665,dzom,Phonemic,bee,cosper1996,,,
3-819-221-1,polc1243,Polci,1065,been loghən,Phonemic,spider web,cosper1996,"Literally, 'house of spider'.",,
3-818-221-1,polc1243,Polci,843,loghən,Phonemic,spider,cosper1996,,,
3-816-221-1,polc1243,Polci,1575,pupələm,Phonemic,cockroach,cosper1996,,,
3-815-221-1,polc1243,Polci,1538,yində,Phonemic,scorpion,cosper1996,,,
3-814-221-1,polc1243,Polci,1974,dzuŋganca,Phonemic,centipede,cosper1996,,,
3-813-221-1,polc1243,Polci,232,twadlii,Phonemic,flea,cosper1996,,,
3-811-221-1,polc1243,Polci,1392,kwarkwata,Phonemic,louse,cosper1996,,,
3-810-221-1,polc1243,Polci,620,pupələm,Phonemic,insect,cosper1996,"Literally, 'cockroach'.",,
3-780-221-1,polc1243,Polci,1871,[rakˀumi],Phonemic,camel,cosper1996,Hausa loan.,,
3-770-221-1,polc1243,Polci,1290,liŋ,Phonemic,elephant,cosper1996,,,
3-760-221-1,polc1243,Polci,1350,garə,Phonemic,monkey,cosper1996,,,
3-760-221-3,polc1243,Polci,1350,bərr,Phonemic,monkey,cosper1996,,,
3-760-221-5,polc1243,Polci,1350,dzuŋbər,Phonemic,monkey,cosper1996,,,
3-750-221-1,polc1243,Polci,1936,mbaran,Phonemic,deer,cosper1996,,,
3-740-221-1,polc1243,Polci,1312,byau,Phonemic,fox,cosper1996,Specifically the African fox and sometimes applied to the jackal.,,
3-720-221-1,polc1243,Polci,1386,bor,Phonemic,lion,cosper1996,,,
3-655-221-1,polc1243,Polci,598,gyiŋgyal,Phonemic,shell,cosper1996,,,
3-654-221-1,polc1243,Polci,1916,bəghəm geesi,Phonemic,gill,cosper1996,,,
3-653-221-1,polc1243,Polci,266,kor geesi,Phonemic,fishscale,cosper1996,,,
3-652-221-1,polc1243,Polci,213,bəghəm geesi,Phonemic,fin (dorsal),cosper1996,,,
3-650-221-1,polc1243,Polci,227,geesi,Phonemic,fish,cosper1996,,,
3-630-221-1,polc1243,Polci,2139,kusum,Phonemic,"mouse, rat",cosper1996,,,
3-620-221-1,polc1243,Polci,1208,muus,Phonemic,cat,cosper1996,,,
3-614-221-1,polc1243,Polci,1136,zom,Phonemic,rabbit,cosper1996,,,
3-610-221-1,polc1243,Polci,2009,yar,Phonemic,dog,cosper1996,,,
3-594-221-1,polc1243,Polci,1853,ciguuru,Phonemic,dove,cosper1996,,,
3-594-221-3,polc1243,Polci,1853,cugooro,Phonemic,dove,cosper1996,,,
3-596-221-1,polc1243,Polci,735,zhizhi,Phonemic,owl,cosper1996,,,
3-593-221-1,polc1243,Polci,913,ŋgwaak,Phonemic,crow,cosper1996,,,
3-592-221-1,polc1243,Polci,882,[aku],Phonemic,parrot,cosper1996,Hausa loan.,,
3-591-221-1,polc1243,Polci,1793,zəŋər,Phonemic,bat,cosper1996,,,
3-586-221-1,polc1243,Polci,1185,kwaɗak,Phonemic,vulture,cosper1996,,,
3-585-221-1,polc1243,Polci,307,suura,Phonemic,hawk,cosper1996,,,
3-584-221-1,polc1243,Polci,1905,gəəm,Phonemic,eagle,cosper1996,,,
3-583-221-1,polc1243,Polci,758,gwarmadak,Phonemic,heron,cosper1996,,,
3-581-221-1,polc1243,Polci,937,yaadli,Phonemic,bird,cosper1996,,,
3-580-221-1,polc1243,Polci,539,been yaadli,Phonemic,nest,cosper1996,"Literally, 'house of bird'.",,
3-570-221-1,polc1243,Polci,1360,[agwagwaa],Phonemic,duck,cosper1996,Hausa loan.,,
3-560-221-1,polc1243,Polci,1187,agwagwaa maa,Phonemic,goose,cosper1996,,,
3-550-221-1,polc1243,Polci,1318,kooro,Phonemic,chicken,cosper1996,,,
3-540-221-1,polc1243,Polci,1514,kooro,Phonemic,hen,cosper1996,,,
3-520-221-1,polc1243,Polci,1511,toghsə,Phonemic,"cock, rooster",cosper1996,,,
3-520-221-3,polc1243,Polci,1511,twaghsə,Phonemic,"cock, rooster",cosper1996,,,
3-470-221-1,polc1243,Polci,890,[alfadari],Phonemic,mule,cosper1996,Hausa loan.,,
3-500-221-1,polc1243,Polci,265,kooro,Phonemic,fowl,cosper1996,,,
3-460-221-1,polc1243,Polci,1862,shyaaki,Phonemic,"ass, donkey",cosper1996,,,
3-450-221-1,polc1243,Polci,1647,wun pərsə,Phonemic,"foal, colt",cosper1996,,,
3-440-221-1,polc1243,Polci,938,[goɗiya],Phonemic,mare,cosper1996,Hausa loan.,,
3-410-221-1,polc1243,Polci,615,pərsə,Phonemic,horse (equine),cosper1996,,,
3-380-221-1,polc1243,Polci,1972,wun maar,Phonemic,kid,cosper1996,,,
3-370-221-1,polc1243,Polci,264,gwapshəŋ,Phonemic,he-goat,cosper1996,,,
3-360-221-1,polc1243,Polci,1502,maar,Phonemic,goat,cosper1996,,,
3-350-221-1,polc1243,Polci,1337,alade,Phonemic,pig,cosper1996,,,
3-340-221-1,polc1243,Polci,1351,[alade],Phonemic,sow (2),cosper1996,This word refers to a pig of either sex and is borrowed from Hausa.,,
3-320-221-1,polc1243,Polci,1348,shiŋərim,Phonemic,boar,cosper1996,Means 'the thing with teeth' a euphemism. The name is not spoken for fear of attracting the animal.,,
3-290-221-1,polc1243,Polci,820,mii təm,Phonemic,lamb,cosper1996,,,
3-280-221-1,polc1243,Polci,1345,təm,Phonemic,ewe,cosper1996,,,
3-260-221-1,polc1243,Polci,1344,gaŋlaŋ,Phonemic,ram,cosper1996,,,
3-250-221-1,polc1243,Polci,1331,təm,Phonemic,sheep,cosper1996,,,
3-240-221-1,polc1243,Polci,1989,nyalbi,Phonemic,calf,cosper1996,,,
3-230-221-1,polc1243,Polci,1007,tlaa,Phonemic,cow,cosper1996,,,
3-220-221-1,polc1243,Polci,1169,tlaa,Phonemic,ox,cosper1996,,,
3-210-221-1,polc1243,Polci,1008,tlaa,Phonemic,bull,cosper1996,,,
3-200-221-1,polc1243,Polci,1153,tlaa,Phonemic,cattle (bovine),cosper1996,,,
3-190-221-1,polc1243,Polci,851,kanja,Phonemic,"stable, stall",cosper1996,,,
3-180-221-1,polc1243,Polci,263,kon lii,Phonemic,herdsman,cosper1996,,,
3-160-221-1,polc1243,Polci,649,ləəp,Phonemic,pasture,cosper1996,,,
3-150-221-1,polc1243,Polci,631,tloo bən,Phonemic,livestock,cosper1996,"Literally, 'animals of village'.",,
3-130-221-1,polc1243,Polci,2262,mədli,Phonemic,female (adj),cosper1996,,,
3-120-221-1,polc1243,Polci,2261,mani,Phonemic,male (adj),cosper1996,,,
3-110-221-1,polc1243,Polci,619,tloo,Phonemic,animal,cosper1996,,,
2-960-221-1,polc1243,Polci,817,wur,Phonemic,they,cosper1996,,,
2-950-221-1,polc1243,Polci,1213,kii,Phonemic,you (plural),cosper1996,,,
2-942-221-1,polc1243,Polci,1130,mii,Phonemic,we (exclusive),cosper1996,,,
2-941-221-1,polc1243,Polci,1131,mii,Phonemic,we (inclusive),cosper1996,,,
2-940-221-1,polc1243,Polci,1212,mii,Phonemic,we,cosper1996,,,
2-930-221-1,polc1243,Polci,262,yaa,Phonemic,he/she/it,cosper1996,,,
2-920-221-1,polc1243,Polci,1215,kii,Phonemic,you (singular),cosper1996,,,
2-910-221-1,polc1243,Polci,1209,am,Phonemic,I,cosper1996,,,
2-820-221-1,polc1243,Polci,194,iyaali,Phonemic,family,cosper1996,,,
2-810-221-1,polc1243,Polci,1644,zuuriya,Phonemic,"relatives, kinsmen",cosper1996,,,
2-760-221-1,polc1243,Polci,1756,takaba,Phonemic,widow,cosper1996,,,
2-750-221-1,polc1243,Polci,1149,kəi,Phonemic,orphan,cosper1996,,,
2-740-221-1,polc1243,Polci,1058,[agoola],Phonemic,stepdaughter,cosper1996,Hausa loanword.,,
2-730-221-1,polc1243,Polci,1059,[agoola],Phonemic,stepson,cosper1996,Hausa loanword.,,
2-710-221-1,polc1243,Polci,237,baa gən,Phonemic,stepfather,cosper1996,"Literally, 'my father'.",,
2-641-221-1,polc1243,Polci,2264,kwam,Phonemic,daughter-in-law (of a woman),cosper1996,,,
2-640-221-1,polc1243,Polci,2265,kwam,Phonemic,daughter-in-law (of a man),cosper1996,,,
2-631-221-1,polc1243,Polci,2266,kwam,Phonemic,son-in-law (of a woman),cosper1996,,,
2-630-221-1,polc1243,Polci,2267,kwam,Phonemic,son-in-law (of a man),cosper1996,,,
2-621-221-1,polc1243,Polci,2257,kwam,Phonemic,mother-in-law (of a woman),cosper1996,,,
2-620-221-1,polc1243,Polci,2256,kwam,Phonemic,mother-in-law (of a man),cosper1996,,,
2-611-221-1,polc1243,Polci,2254,kwam,Phonemic,father-in-law (of a woman),cosper1996,,,
2-610-221-1,polc1243,Polci,2255,kwam,Phonemic,father-in-law (of a man),cosper1996,,,
2-550-221-1,polc1243,Polci,1643,yees,Phonemic,cousin,cosper1996,,,
2-550-221-3,polc1243,Polci,1643,waas,Phonemic,cousin,cosper1996,,,
2-522-221-1,polc1243,Polci,170,wobna,Phonemic,father's sister,cosper1996,,,
2-520-221-1,polc1243,Polci,1272,wobna,Phonemic,aunt,cosper1996,Literally 'father's sister' or 'aunt of the same clan'.,,
2-521-221-1,polc1243,Polci,171,kawo,Phonemic,mother's sister,cosper1996,,,
2-512-221-1,polc1243,Polci,1985,baaba,Phonemic,father's brother,cosper1996,,,
2-511-221-1,polc1243,Polci,1984,kawo,Phonemic,mother's brother,cosper1996,,,
2-510-221-1,polc1243,Polci,1327,kawo,Phonemic,uncle,cosper1996,,,
2-480-221-1,polc1243,Polci,1618,wun jer,Phonemic,grandson,cosper1996,,,
2-490-221-1,polc1243,Polci,1619,wun jer,Phonemic,granddaughter,cosper1996,,,
2-471-221-1,polc1243,Polci,907,basi manya,Phonemic,old woman,cosper1996,"This word is not gender specific, so it literally means 'old person'.",,
2-470-221-1,polc1243,Polci,1496,jer,Phonemic,grandmother,cosper1996,,,
2-461-221-1,polc1243,Polci,406,gwaasi,Phonemic,old man,cosper1996,,,
2-460-221-1,polc1243,Polci,1383,jer,Phonemic,grandfather,cosper1996,,,
2-458-221-1,polc1243,Polci,1005,paas,Phonemic,twins,cosper1996,,,
2-455-221-1,polc1243,Polci,1761,waas,Phonemic,younger sister,cosper1996,,,
2-454-221-1,polc1243,Polci,1758,waas,Phonemic,older sister,cosper1996,,,
2-450-221-1,polc1243,Polci,1263,waas,Phonemic,sister,cosper1996,,,
2-445-221-1,polc1243,Polci,1760,win yees,Phonemic,younger brother,cosper1996,,,
2-444-221-1,polc1243,Polci,1759,daŋ yees,Phonemic,older brother,cosper1996,,,
2-440-221-1,polc1243,Polci,1262,yees,Phonemic,brother,cosper1996,,,
2-430-221-1,polc1243,Polci,1801,miir,Phonemic,offspring (son or daughter),cosper1996,,,
2-420-221-1,polc1243,Polci,1357,wun gwe,Phonemic,daughter,cosper1996,,,
2-410-221-1,polc1243,Polci,1620,wun,Phonemic,son,cosper1996,,,
2-390-221-1,polc1243,Polci,426,uwargida,Phonemic,married woman,cosper1996,"Literally, 'woman of compound'.",,
2-370-221-1,polc1243,Polci,505,mərgən,Phonemic,parents,cosper1996,"Literally, 'my parents'.",,
2-360-221-1,polc1243,Polci,1216,dee,Phonemic,mother,cosper1996,,,
2-350-221-1,polc1243,Polci,1217,baa,Phonemic,father,cosper1996,,,
2-341-221-1,polc1243,Polci,1134,ŋgartə,Phonemic,divorce,cosper1996,Verb form.,,
2-340-221-1,polc1243,Polci,1259,kaptə,Phonemic,"marriage, wedding",cosper1996,,,
2-330-221-1,polc1243,Polci,203,kap ger,Phonemic,marry,cosper1996,"Literally, 'to receive a wife'.",,
2-320-221-1,polc1243,Polci,1199,[uwargida],Phonemic,wife,cosper1996,Hausa loanword.,,
2-310-221-1,polc1243,Polci,1200,baa keen,Phonemic,husband,cosper1996,,,
2-280-221-1,polc1243,Polci,1289,wumbarto,Phonemic,"infant, baby",cosper1996,,,
2-270-221-1,polc1243,Polci,1304,miir,Phonemic,child,cosper1996,,,
2-261-221-1,polc1243,Polci,77,wun gwe,Phonemic,young woman (adolescent),cosper1996,,,
2-260-221-1,polc1243,Polci,1646,mii gwe,Phonemic,girl,cosper1996,,,
2-251-221-1,polc1243,Polci,76,wun kon,Phonemic,young man (adolescent),cosper1996,,,
2-250-221-1,polc1243,Polci,1366,miir,Phonemic,boy,cosper1996,,,
2-240-221-1,polc1243,Polci,1551,ger,Phonemic,female,cosper1996,,,
2-230-221-1,polc1243,Polci,1553,mani,Phonemic,male,cosper1996,,,
2-220-221-1,polc1243,Polci,962,ger,Phonemic,woman,cosper1996,,,
2-210-221-1,polc1243,Polci,1554,mani,Phonemic,man (vs. woman),cosper1996,,,
2-100-221-1,polc1243,Polci,683,mbaam,Phonemic,"person, human being",cosper1996,,,
1-890-221-1,polc1243,Polci,1188,ndughən,Phonemic,charcoal,cosper1996,,,
1-880-221-1,polc1243,Polci,10,nyansə,Phonemic,firewood,cosper1996,,,
1-870-221-1,polc1243,Polci,1133,[ashaana],Phonemic,match (noun),cosper1996,"Respectively: Loanword from Hausa; a fire-starting kit, containing cotton, a stone, a piece of metal.",,
1-870-221-3,polc1243,Polci,1133,kərəɓə,Phonemic,match (noun),cosper1996,"Respectively: Loanword from Hausa; a fire-starting kit, containing cotton, a stone, a piece of metal.",,
1-861-221-1,polc1243,Polci,127,mbis,Phonemic,extinguish,cosper1996,,,
1-860-221-1,polc1243,Polci,737,fat,Phonemic,"light, kindle, ignite",cosper1996,,,
1-852-221-1,polc1243,Polci,1428,cirəp,Phonemic,burn (vb intrans),cosper1996,,,
1-851-221-1,polc1243,Polci,141,bak,Phonemic,burn (vb trans),cosper1996,,,
1-841-221-1,polc1243,Polci,67,gəsəŋ wuutu,Phonemic,embers,cosper1996,,,
1-840-221-1,polc1243,Polci,646,geedlə,Phonemic,ashes,cosper1996,,,
1-830-221-1,polc1243,Polci,778,kələm,Phonemic,smoke (noun),cosper1996,,,
1-820-221-1,polc1243,Polci,889,nyatl uutu,Phonemic,flame (noun),cosper1996,,,
1-810-221-1,polc1243,Polci,221,wuutu,Phonemic,fire,cosper1996,,,
1-750-221-1,polc1243,Polci,658,van,Phonemic,rain (noun),cosper1996,,,
1-740-221-1,polc1243,Polci,249,ɓwandi,Phonemic,fog,cosper1996,"Literally 'haze', ɓwandi does not necessarily refer to mist caused by humidity.",,
1-720-221-1,polc1243,Polci,960,yatər,Phonemic,wind,cosper1996,,,
1-730-221-1,polc1243,Polci,1489,gajimaare,Phonemic,cloud,cosper1996,"Polci distinguishes between 'white clouds', gajimaare, 'small, white clouds', shaar leyam, and 'black clouds', zunzuuru.",,
1-730-221-3,polc1243,Polci,1489,shaar leyam,Phonemic,cloud,cosper1996,"Polci distinguishes between 'white clouds', gajimaare, 'small, white clouds', shaar leyam, and 'black clouds', zunzuuru.",,
1-730-221-5,polc1243,Polci,1489,zunzuuru,Phonemic,cloud,cosper1996,"Polci distinguishes between 'white clouds', gajimaare, 'small, white clouds', shaar leyam, and 'black clouds', zunzuuru.",,
1-710-221-1,polc1243,Polci,27,yatər,Phonemic,air,cosper1996,,,
1-640-221-1,polc1243,Polci,1977,səsər,Phonemic,dew,cosper1996,,,
1-630-221-1,polc1243,Polci,1388,gwoŋsə,Phonemic,"shade, shadow",cosper1996,,,
1-620-221-1,polc1243,Polci,11,dzughən,Phonemic,darkness,cosper1996,,,
1-610-221-1,polc1243,Polci,630,wuutu,Phonemic,light (noun),cosper1996,Literally 'fire' 01.810.,,
1-590-221-1,polc1243,Polci,1733,dlantukure,Phonemic,rainbow,cosper1996,,,
1-580-221-1,polc1243,Polci,858,van te yətər,Phonemic,storm,cosper1996,,,
1-560-221-1,polc1243,Polci,1150,bədlaa gaam,Phonemic,thunder,cosper1996,,,
1-570-221-1,polc1243,Polci,2007,vancibi,Phonemic,lightning (as striking),cosper1996,,,
1-550-221-1,polc1243,Polci,1654,vancibi,Phonemic,lightning,cosper1996,,,
1-540-221-1,polc1243,Polci,1430,taŋətlə,Phonemic,star,cosper1996,,,
1-530-221-1,polc1243,Polci,1313,car,Phonemic,moon,cosper1996,,,
1-520-221-1,polc1243,Polci,1343,piɗii,Phonemic,sun,cosper1996,,,
1-510-221-1,polc1243,Polci,1732,leyam,Phonemic,sky,cosper1996,,,
1-450-221-1,polc1243,Polci,6,atl dəŋəl,Phonemic,earthquake,cosper1996,,,
1-440-221-1,polc1243,Polci,2125,tat,Phonemic,"stone, rock",cosper1996,,,
1-430-221-1,polc1243,Polci,1803,nyansə,Phonemic,wood,cosper1996,,,
1-420-221-1,polc1243,Polci,906,pət,Phonemic,tree (cf 08.600),cosper1996,,,
1-410-221-1,polc1243,Polci,420,zəŋəm,Phonemic,"woods, forest",cosper1996,,,
1-380-221-1,polc1243,Polci,1145,luut,Phonemic,swamp,cosper1996,,,
1-370-221-1,polc1243,Polci,2144,googa,Phonemic,"spring, well",cosper1996,,,
1-360-221-1,polc1243,Polci,666,sal,Phonemic,"river, stream, brook",cosper1996,,,
1-360-221-3,polc1243,Polci,666,ɗwaarə,Phonemic,"river, stream, brook",cosper1996,,,
1-330-221-1,polc1243,Polci,624,tapga,Phonemic,lake,cosper1996,,,
1-320-221-1,polc1243,Polci,1474,tapga maa,Phonemic,sea,cosper1996,,,
1-322-221-1,polc1243,Polci,258,yətər raŋ,Phonemic,calm (of sea),cosper1996,Refers to a lack of wind and is not necessarily linked with the sea.,,
1-310-221-1,polc1243,Polci,948,maa,Phonemic,water,cosper1996,,,
1-280-221-1,polc1243,Polci,1155,koroŋ,Phonemic,cave,cosper1996,"Polci distinguishes between the generic term for cave, (first example), and the words for 'cave in mountain', koroŋ tat, and 'cave in tree', koroŋ pət.",,
1-280-221-3,polc1243,Polci,1155,koroŋ tat,Phonemic,cave,cosper1996,"Polci distinguishes between the generic term for cave, (first example), and the words for 'cave in mountain', koroŋ tat, and 'cave in tree', koroŋ pət.",,
1-280-221-5,polc1243,Polci,1155,koroŋ pət,Phonemic,cave,cosper1996,"Polci distinguishes between the generic term for cave, (first example), and the words for 'cave in mountain', koroŋ tat, and 'cave in tree', koroŋ pət.",,
1-270-221-1,polc1243,Polci,113,bə sal,Phonemic,shore,cosper1996,,,
1-240-221-1,polc1243,Polci,921,luut,Phonemic,valley,cosper1996,,,
1-230-221-1,polc1243,Polci,652,daasə,Phonemic,"plain, field",cosper1996,,,
1-220-221-1,polc1243,Polci,2118,goŋ,Phonemic,"mountain, hill",cosper1996,,,
1-220-221-3,polc1243,Polci,2118,ɓyaŋ,Phonemic,"mountain, hill",cosper1996,,,
1-220-221-5,polc1243,Polci,2118,ɗee,Phonemic,"mountain, hill",cosper1996,,,
1-214-221-1,polc1243,Polci,640,ndwap,Phonemic,mud,cosper1996,,,
1-215-221-1,polc1243,Polci,671,nyaasən,Phonemic,sand,cosper1996,,,
1-213-221-1,polc1243,Polci,2,ruŋ,Phonemic,dust,cosper1996,,,
1-212-221-1,polc1243,Polci,1228,atl,Phonemic,"earth=ground, soil",cosper1996,,,
1-210-221-1,polc1243,Polci,626,atl,Phonemic,"earth, land",cosper1996,,,
1-100-221-1,polc1243,Polci,965,atl kwaŋ,Phonemic,world,cosper1996,,,
14-330-221-1,polc1243,Polci,1544,lokaci gələm,Phonemic,sometimes,cosper1996,,,
14-331-221-1,polc1243,Polci,703,[an juma],Phonemic,soon,cosper1996,Hausa loan.,,
14-332-221-1,polc1243,Polci,418,zhəŋtə lookacii,Phonemic,long-time (for a),cosper1996,,,
14-340-221-1,polc1243,Polci,1656,taɓa,Phonemic,never,cosper1996,,,
14-350-221-1,polc1243,Polci,204,panti,Phonemic,again,cosper1996,,,
14-410-221-1,polc1243,Polci,1225,piiɗi,Phonemic,day,cosper1996,,,
14-420-221-1,polc1243,Polci,1233,vor,Phonemic,night,cosper1996,,,
14-430-221-1,polc1243,Polci,729,tloghən ŋə rəp,Phonemic,dawn,cosper1996,,,
14-440-221-1,polc1243,Polci,1339,tli tliin,Phonemic,morning,cosper1996,,,
14-450-221-1,polc1243,Polci,12,piiɗi,Phonemic,"noon, midday",cosper1996,,,
14-451-221-1,polc1243,Polci,1807,piiɗi,Phonemic,afternoon,cosper1996,,,
14-460-221-1,polc1243,Polci,1629,siitə,Phonemic,evening,cosper1996,,,
14-470-221-1,polc1243,Polci,1283,pit goon,Phonemic,today,cosper1996,,,
14-470-221-3,polc1243,Polci,1283,piɗi gon,Phonemic,today,cosper1996,,,
14-480-221-1,polc1243,Polci,1329,tlii,Phonemic,tomorrow,cosper1996,,,
14-481-221-1,polc1243,Polci,1179,tlii ghə gwa,Phonemic,day-after-tomorrow,cosper1996,,,
14-490-221-1,polc1243,Polci,1174,mbor,Phonemic,yesterday,cosper1996,,,
14-491-221-1,polc1243,Polci,1180,mbuga,Phonemic,day-before-yesterday,cosper1996,,,
14-510-221-1,polc1243,Polci,1353,awa,Phonemic,hour,cosper1996,,,
14-610-221-1,polc1243,Polci,1469,saati,Phonemic,week,cosper1996,,,
14-630-221-1,polc1243,Polci,1697,[liitini],Phonemic,Monday,cosper1996,Hausa loan.,,
14-640-221-1,polc1243,Polci,1695,Talata,Phonemic,Tuesday,cosper1996,,,
14-710-221-1,polc1243,Polci,1370,car,Phonemic,month,cosper1996,,,
14-730-221-1,polc1243,Polci,1226,shekaara,Phonemic,year,cosper1996,,,
15-210-221-1,polc1243,Polci,1587,ɗusuŋ,Phonemic,smell (vb intrans),cosper1996,Refers to emitting an unpleasant smell.,,
15-212-221-1,polc1243,Polci,375,jaa kəmshi,Phonemic,sniff,cosper1996,"Literally, 'to pull a pleasant smell'.",,
15-220-221-1,polc1243,Polci,1586,uusughi,Phonemic,smell (vb trans),cosper1996,,,
15-250-221-1,polc1243,Polci,376,kəmshi,Phonemic,"fragrant, good smelling",cosper1996,,,
15-260-221-1,polc1243,Polci,42,ɗusuŋi,Phonemic,"stinking, bad smelling",cosper1996,,,
15-310-221-1,polc1243,Polci,21,nyaasəm,Phonemic,taste,cosper1996,,,
15-350-221-1,polc1243,Polci,717,təm,Phonemic,sweet,cosper1996,,,
15-360-221-1,polc1243,Polci,1091,kwi,Phonemic,salty,cosper1996,,,
15-370-221-1,polc1243,Polci,887,ɗaasə,Phonemic,bitter,cosper1996,,,
15-380-221-1,polc1243,Polci,1906,manzəŋai,Phonemic,"acid, sour",cosper1996,,,
15-390-221-1,polc1243,Polci,70,kəŋwa,Phonemic,brackish,cosper1996,,,
15-410-221-1,polc1243,Polci,1408,wom,Phonemic,hear,cosper1996,,,
15-420-221-1,polc1243,Polci,1608,dler waagii,Phonemic,listen,cosper1996,"Literally, 'to stand thus', in the sense of 'to wait and listen'.",,
15-440-221-1,polc1243,Polci,1811,amo,Phonemic,"sound, noise",cosper1996,Literally 'sound of a drum'.,,
15-450-221-1,polc1243,Polci,377,nyap,Phonemic,loud,cosper1996,,,
15-460-221-1,polc1243,Polci,1314,yoghən,Phonemic,"quiet, silence",cosper1996,,,
15-510-221-1,polc1243,Polci,1409,yen,Phonemic,see,cosper1996,,,
15-520-221-1,polc1243,Polci,1819,yeni,Phonemic,"look, look at",cosper1996,,,
15-550-221-1,polc1243,Polci,1039,yenti,Phonemic,show,cosper1996,,,
15-560-221-1,polc1243,Polci,708,tari,Phonemic,shine,cosper1996,,,
15-610-221-1,polc1243,Polci,1613,[kala],Phonemic,color,cosper1996,English loan.,,
15-620-221-1,polc1243,Polci,250,pelaŋai,Phonemic,light (in color),cosper1996,,,
15-630-221-1,polc1243,Polci,706,dzughən,Phonemic,dark (in color),cosper1996,,,
15-640-221-1,polc1243,Polci,1335,faali,Phonemic,white,cosper1996,,,
15-650-221-1,polc1243,Polci,163,dzuŋi,Phonemic,black,cosper1996,,,
15-660-221-1,polc1243,Polci,156,lagham,Phonemic,red,cosper1996,,,
15-660-221-3,polc1243,Polci,156,laghəmi,Phonemic,red,cosper1996,,,
15-670-221-1,polc1243,Polci,837,shuuɗi,Phonemic,blue,cosper1996,,,
15-680-221-1,polc1243,Polci,1425,[koore],Phonemic,green,cosper1996,Hausa loan.,,
15-690-221-1,polc1243,Polci,1424,maa mbetlim,Phonemic,yellow,cosper1996,"Literally, 'watery locust bean'.",,
15-710-221-1,polc1243,Polci,1892,nduk,Phonemic,touch,cosper1996,,,
15-712-221-1,polc1243,Polci,378,riŋga,Phonemic,pinch,cosper1996,,,
15-720-221-1,polc1243,Polci,1079,wom,Phonemic,feel,cosper1996,,,
15-740-221-1,polc1243,Polci,1884,nyaɓi,Phonemic,hard,cosper1996,,,
15-750-221-1,polc1243,Polci,1856,nyapɗaŋ,Phonemic,soft,cosper1996,,,
15-760-221-1,polc1243,Polci,1923,woghshəp,Phonemic,rough,cosper1996,,,
15-770-221-1,polc1243,Polci,1234,mul,Phonemic,smooth,cosper1996,,,
15-780-221-1,polc1243,Polci,1396,ciighən,Phonemic,sharp,cosper1996,,,
15-790-221-1,polc1243,Polci,379,eeciiraŋ,Phonemic,"blunt, dull",cosper1996,"First example is literally, 'it does not bite'.",,
15-790-221-3,polc1243,Polci,379,ndus,Phonemic,"blunt, dull",cosper1996,"First example is literally, 'it does not bite'.",,
15-810-221-1,polc1243,Polci,1210,ŋaɓər,Phonemic,heavy,cosper1996,,,
15-820-221-1,polc1243,Polci,1052,həptələm,Phonemic,light (in weight),cosper1996,,,
15-830-221-1,polc1243,Polci,1726,dəghi,Phonemic,"wet, damp",cosper1996,,,
15-840-221-1,polc1243,Polci,1398,kuuni,Phonemic,dry,cosper1996,,,
15-850-221-1,polc1243,Polci,1286,ŋaani,Phonemic,hot,cosper1996,,,
15-851-221-1,polc1243,Polci,1232,ŋaani,Phonemic,warm,cosper1996,,,
15-860-221-1,polc1243,Polci,1287,rəp shimti,Phonemic,cold,cosper1996,Respectively: first example refers specifically to food; Hausa loan refers to cold weather.,,
15-860-221-3,polc1243,Polci,1287,[sanyi],Phonemic,cold,cosper1996,Respectively: first example refers specifically to food; Hausa loan refers to cold weather.,,
15-870-221-1,polc1243,Polci,704,tsapta,Phonemic,clean,cosper1996,,,
15-880-221-1,polc1243,Polci,1230,dusəkin,Phonemic,"dirty, soiled",cosper1996,Respectively: refers to dirtiness of the body; refers to dirtiness of clothing.,,
15-880-221-3,polc1243,Polci,1230,dzuntun,Phonemic,"dirty, soiled",cosper1996,Respectively: refers to dirtiness of the body; refers to dirtiness of clothing.,,
15-890-221-1,polc1243,Polci,380,nughur,Phonemic,wrinkled,cosper1996,,,
16-110-221-1,polc1243,Polci,53,səghəntə,Phonemic,"soul, spirit",cosper1996,,,
16-180-221-1,polc1243,Polci,720,[saa],Phonemic,"good fortune, luck",cosper1996,Hausa loan.,,
16-190-221-1,polc1243,Polci,56,saaʔaarəŋ,Phonemic,"misfortune, bad luck",cosper1996,,,
16-230-221-1,polc1243,Polci,1495,faltu,Phonemic,"joyful, glad, happy",cosper1996,,,
16-250-221-1,polc1243,Polci,1355,gaatlə,Phonemic,laugh,cosper1996,,,
16-251-221-1,polc1243,Polci,1451,pur bəgaam dler,Phonemic,smile,cosper1996,Verbal form.,,
16-260-221-1,polc1243,Polci,1413,baatə,Phonemic,play,cosper1996,,,
16-260-221-3,polc1243,Polci,1413,sur,Phonemic,play,cosper1996,,,
16-270-221-1,polc1243,Polci,923,ndəkti,Phonemic,love,cosper1996,,,
16-300-221-1,polc1243,Polci,928,ruŋguma,Phonemic,embrace,cosper1996,,,
16-310-221-1,polc1243,Polci,1783,ciwo,Phonemic,pain,cosper1996,,,
16-320-221-1,polc1243,Polci,1668,dzuŋtu,Phonemic,"grief, sorrow, sadness",cosper1996,,,
16-330-221-1,polc1243,Polci,1000,tlakkən,Phonemic,"anxiety, worry",cosper1996,Verbal form.,,
16-340-221-1,polc1243,Polci,1875,sannu,Phonemic,"regret, be sorry",cosper1996,,,
16-350-221-1,polc1243,Polci,1141,[tausayi],Phonemic,pity,cosper1996,Hausa loan.,,
16-370-221-1,polc1243,Polci,1839,naagha,Phonemic,"cry, weep",cosper1996,,,
16-380-221-1,polc1243,Polci,1651,lum,Phonemic,tear (noun),cosper1996,,,
16-390-221-1,polc1243,Polci,716,[surutu],Phonemic,groan,cosper1996,Hausa loan.,,
16-410-221-1,polc1243,Polci,1607,ŋgeetə,Phonemic,hate,cosper1996,,,
16-420-221-1,polc1243,Polci,82,maŋtə,Phonemic,anger,cosper1996,,,
16-440-221-1,polc1243,Polci,40,bəstu,Phonemic,"envy, jealousy",cosper1996,,,
16-450-221-1,polc1243,Polci,1776,kwamlə,Phonemic,shame (noun),cosper1996,,,
16-480-221-1,polc1243,Polci,174,gərtə,Phonemic,proud,cosper1996,,,
16-510-221-1,polc1243,Polci,1779,[kalubalanta],Phonemic,dare,cosper1996,Hausa loan.,,
16-520-221-1,polc1243,Polci,3,laghəmani,Phonemic,brave,cosper1996,,,
16-530-221-1,polc1243,Polci,781,bərtə,Phonemic,"fear, fright",cosper1996,,,
16-540-221-1,polc1243,Polci,1810,karo,Phonemic,danger,cosper1996,,,
16-620-221-1,polc1243,Polci,1784,ndək,Phonemic,"desire, want",cosper1996,,,
16-622-221-1,polc1243,Polci,1750,kən,Phonemic,choose,cosper1996,,,
16-630-221-1,polc1243,Polci,1092,[paataa],Phonemic,hope,cosper1996,Hausa loan.,,
16-660-221-1,polc1243,Polci,1657,gaskiya,Phonemic,true,cosper1996,,,
16-670-221-1,polc1243,Polci,601,loghabi,Phonemic,"lie, tell lies",cosper1996,,,
16-680-221-1,polc1243,Polci,13,loghabi,Phonemic,deceit,cosper1996,Verbal form.,,
16-690-221-1,polc1243,Polci,1528,[yaafee],Phonemic,forgive,cosper1996,Hausa loan.,,
16-710-221-1,polc1243,Polci,1035,mbon,Phonemic,good,cosper1996,,,
16-720-221-1,polc1243,Polci,1292,bəsi,Phonemic,bad,cosper1996,,,
16-730-221-1,polc1243,Polci,1725,deidei,Phonemic,"right, correct",cosper1996,,,
16-740-221-1,polc1243,Polci,1390,deideiraŋ,Phonemic,wrong,cosper1996,"Literally, 'not correct'.",,
16-760-221-1,polc1243,Polci,134,[laifi],Phonemic,fault,cosper1996,Hausa loan.,,
16-770-221-1,polc1243,Polci,1293,maləghən,Phonemic,"mistake, error",cosper1996,,,
16-780-221-1,polc1243,Polci,381,yen yiri,Phonemic,blame,cosper1996,,,
16-790-221-1,polc1243,Polci,1687,[yaabaa],Phonemic,praise,cosper1996,Hausa loan.,,
16-810-221-1,polc1243,Polci,1427,mbon,Phonemic,beautiful,cosper1996,,,
16-820-221-1,polc1243,Polci,1548,bəsi,Phonemic,ugly,cosper1996,,,
16-830-221-1,polc1243,Polci,2018,[haɗama],Phonemic,greedy,cosper1996,Hausa loan.,,
16-840-221-1,polc1243,Polci,1310,azanci,Phonemic,clever,cosper1996,,,
17-110-221-1,polc1243,Polci,1562,ɓurgo gaam,Phonemic,mind,cosper1996,"Literally, 'marrow of head'.",,
17-130-221-1,polc1243,Polci,1415,[sammani],Phonemic,think (= reflect),cosper1996,Hausa loan.,,
17-140-221-1,polc1243,Polci,1513,[sammani],Phonemic,think (= be of the opinion),cosper1996,,,
17-150-221-1,polc1243,Polci,1890,yarda,Phonemic,believe,cosper1996,,,
17-160-221-1,polc1243,Polci,1536,womwa,Phonemic,understand,cosper1996,,,
17-170-221-1,polc1243,Polci,1410,nəmi,Phonemic,know,cosper1996,,,
17-171-221-1,polc1243,Polci,1932,dak am faɗi,Phonemic,guess,cosper1996,,,
17-172-221-1,polc1243,Polci,117,kumtə,Phonemic,imitate,cosper1996,,,
17-180-221-1,polc1243,Polci,1521,eeca,Phonemic,seem,cosper1996,,,
17-190-221-1,polc1243,Polci,1609,[dabaara],Phonemic,"idea, notion",cosper1996,Loanword from Hausa meaning to plan or scheme.,,
17-210-221-1,polc1243,Polci,698,kwaikwai,Phonemic,wise,cosper1996,,,
17-220-221-1,polc1243,Polci,1518,suuru,Phonemic,"foolish, stupid",cosper1996,,,
17-230-221-1,polc1243,Polci,1899,suuru,Phonemic,"insane, crazy",cosper1996,,,
17-240-221-1,polc1243,Polci,504,kwaləm,Phonemic,learn,cosper1996,,,
17-250-221-1,polc1243,Polci,709,kwaləm,Phonemic,teach,cosper1996,,,
17-260-221-1,polc1243,Polci,753,wun kwalləmi,Phonemic,pupil,cosper1996,Literally 'apprentice'.,,
17-280-221-1,polc1243,Polci,673,[makaranta],Phonemic,school,cosper1996,Hausa loan.,,
17-310-221-1,polc1243,Polci,707,taŋ,Phonemic,remember,cosper1996,,,
17-320-221-1,polc1243,Polci,1523,məsəŋ,Phonemic,forget,cosper1996,,,
17-340-221-1,polc1243,Polci,989,apiili,Phonemic,"clear, plain",cosper1996,,,
17-350-221-1,polc1243,Polci,1764,vundiri,Phonemic,obscure,cosper1996,,,
17-360-221-1,polc1243,Polci,1121,[asiri],Phonemic,secret,cosper1996,Hausa loan.,,
17-370-221-1,polc1243,Polci,509,tabbata,Phonemic,"sure, certain",cosper1996,,,
17-380-221-1,polc1243,Polci,1626,tsul,Phonemic,explain,cosper1996,,,
17-410-221-1,polc1243,Polci,1162,nupi,Phonemic,"intention, purpose",cosper1996,,,
17-410-221-3,polc1243,Polci,1162,nufi,Phonemic,"intention, purpose",cosper1996,,,
17-420-221-1,polc1243,Polci,860,daliili,Phonemic,cause,cosper1996,This is the nominal form; Hausa loan.,,
17-430-221-1,polc1243,Polci,1308,shakka,Phonemic,doubt,cosper1996,,,
17-441-221-1,polc1243,Polci,1902,[ci ama ana],Phonemic,betray,cosper1996,Hausa loan; 'to cut trust'.,,
17-460-221-1,polc1243,Polci,686,[sauki],Phonemic,easy,cosper1996,Hausa loan.,,
17-470-221-1,polc1243,Polci,584,eeŋan,Phonemic,difficult,cosper1996,,,
17-480-221-1,polc1243,Polci,1812,[gwada],Phonemic,"try, attempt",cosper1996,Hausa loan.,,
17-490-221-1,polc1243,Polci,488,tsop,Phonemic,"way, manner",cosper1996,,,
17-510-221-1,polc1243,Polci,1577,maa,Phonemic,and,cosper1996,,,
17-520-221-1,polc1243,Polci,1157,waagii caa,Phonemic,because,cosper1996,,,
17-520-221-3,polc1243,Polci,1157,sabo tee bə,Phonemic,because,cosper1996,,,
17-530-221-1,polc1243,Polci,1459,an,Phonemic,if,cosper1996,,,
17-540-221-1,polc1243,Polci,1014,[ko],Phonemic,or,cosper1996,Hausa loan.,,
17-550-221-1,polc1243,Polci,1268,waa gii ghən,Phonemic,"yes, affirmative",cosper1996,,,
17-560-221-1,polc1243,Polci,1269,aaʔaa,Phonemic,"no, negative",cosper1996,,,
17-610-221-1,polc1243,Polci,1239,nii ghənə,Phonemic,how?,cosper1996,,,
17-620-221-1,polc1243,Polci,822,maniighənə,Phonemic,how many?,cosper1996,,,
17-620-221-3,polc1243,Polci,822,mani,Phonemic,how many?,cosper1996,,,
17-630-221-1,polc1243,Polci,531,mani-mani,Phonemic,how much?,cosper1996,,,
17-640-221-1,polc1243,Polci,1236,noghən no,Phonemic,what?,cosper1996,,,
17-650-221-1,polc1243,Polci,1238,te rəpni,Phonemic,when?,cosper1996,,,
17-660-221-1,polc1243,Polci,1237,ani,Phonemic,where?,cosper1996,,,
17-670-221-1,polc1243,Polci,727,bəgya ghənə,Phonemic,which?,cosper1996,,,
17-680-221-1,polc1243,Polci,1235,geenəghənə,Phonemic,who?,cosper1996,,,
17-690-221-1,polc1243,Polci,1270,noghən saa,Phonemic,why?,cosper1996,,,
18-110-221-1,polc1243,Polci,1363,yuwar,Phonemic,voice,cosper1996,"Also means 'neck, throat'.",,
18-120-221-1,polc1243,Polci,1261,waasər,Phonemic,sing,cosper1996,,,
18-130-221-1,polc1243,Polci,715,dəŋ yuwar,Phonemic,"shout, cry out",cosper1996,,,
18-150-221-1,polc1243,Polci,55,shige,Phonemic,whisper,cosper1996,,,
18-160-221-1,polc1243,Polci,128,pur bada bada,Phonemic,mumble,cosper1996,,,
18-170-221-1,polc1243,Polci,1025,fifiyaatə,Phonemic,whistle,cosper1996,,,
18-180-221-1,polc1243,Polci,298,dəŋ yuwar,Phonemic,"shriek, screech",cosper1996,,,
18-190-221-1,polc1243,Polci,526,naktə,Phonemic,howl,cosper1996,"Literally, 'to weep'.",,
18-210-221-1,polc1243,Polci,1623,mambur,Phonemic,"speak, talk",cosper1996,,,
18-211-221-1,polc1243,Polci,1866,zham,Phonemic,"stutter, stammer",cosper1996,,,
18-211-221-3,polc1243,Polci,1866,zhamtə,Phonemic,"stutter, stammer",cosper1996,,,
18-220-221-1,polc1243,Polci,1458,woli,Phonemic,say,cosper1996,,,
18-221-221-1,polc1243,Polci,1711,bə labaari,Phonemic,tell story,cosper1996,Literally 'to give a story'.,,
18-222-221-1,polc1243,Polci,1115,[jawaabi],Phonemic,speech (make a),cosper1996,Nominal form; Hausa loan.,,
18-230-221-1,polc1243,Polci,48,yoghən,Phonemic,silent (be),cosper1996,Nominal form.,,
18-240-221-1,polc1243,Polci,1307,bii,Phonemic,language,cosper1996,,,
18-260-221-1,polc1243,Polci,1599,mambur,Phonemic,word,cosper1996,,,
18-280-221-1,polc1243,Polci,1405,suŋ,Phonemic,name,cosper1996,,,
18-310-221-1,polc1243,Polci,1309,dzoni,Phonemic,"ask (question, inquire)",cosper1996,,,
18-320-221-1,polc1243,Polci,1275,kaɓə,Phonemic,answer,cosper1996,,,
18-330-221-1,polc1243,Polci,2022,yarda,Phonemic,"admit, confess",cosper1996,,,
18-340-221-1,polc1243,Polci,755,ŋgee,Phonemic,deny,cosper1996,,,
18-350-221-1,polc1243,Polci,1828,kam,Phonemic,"ask, request",cosper1996,,,
18-360-221-1,polc1243,Polci,1675,[alkawari],Phonemic,promise,cosper1996,Hausa loan.,,
18-370-221-1,polc1243,Polci,49,ŋgee,Phonemic,refuse,cosper1996,,,
18-380-221-1,polc1243,Polci,83,ləmtə,Phonemic,forbid,cosper1996,,,
18-410-221-1,polc1243,Polci,1084,[saamaci],Phonemic,call (=summon),cosper1996,Hausa loan.,,
18-420-221-1,polc1243,Polci,180,ŋgaabə,Phonemic,call (=name),cosper1996,,,
18-430-221-1,polc1243,Polci,9,fowur,Phonemic,announce,cosper1996,,,
18-440-221-1,polc1243,Polci,1192,[barazana],Phonemic,threaten,cosper1996,Hausa loan.,,
18-450-221-1,polc1243,Polci,101,kas(ə)ban,Phonemic,boast,cosper1996,,,
18-510-221-1,polc1243,Polci,1672,njar,Phonemic,write,cosper1996,,,
18-520-221-1,polc1243,Polci,724,[karanta],Phonemic,read,cosper1996,Hausa loan.,,
18-560-221-1,polc1243,Polci,648,[warka],Phonemic,paper,cosper1996,Hausa loan.,,
18-670-221-1,polc1243,Polci,1045,kon sər,Phonemic,poet,cosper1996,,,
18-710-221-1,polc1243,Polci,777,mbuzhar,Phonemic,flute,cosper1996,,,
18-720-221-1,polc1243,Polci,908,gaŋga,Phonemic,drum,cosper1996,,,
18-730-221-1,polc1243,Polci,2136,mbee,Phonemic,"horn, trumpet",cosper1996,,,
19-110-221-1,polc1243,Polci,1300,atl,Phonemic,country,cosper1996,,,
19-150-221-1,polc1243,Polci,1391,bən,Phonemic,"city, town",cosper1996,,,
19-160-221-1,polc1243,Polci,930,bən,Phonemic,village,cosper1996,,,
19-170-221-1,polc1243,Polci,1010,liŋ,Phonemic,boundary,cosper1996,,,
19-210-221-1,polc1243,Polci,789,mbaam,Phonemic,people (populace),cosper1996,,,
19-230-221-1,polc1243,Polci,302,[zuuriya],Phonemic,"tribe, clan",cosper1996,Hausa loan.,,
19-240-221-1,polc1243,Polci,301,goŋ,Phonemic,"chief, chieftain",cosper1996,,,
19-250-221-1,polc1243,Polci,1296,meelaŋ,Phonemic,"staff, walking stick",cosper1996,,,
19-320-221-1,polc1243,Polci,1508,goŋ,Phonemic,"king, ruler",cosper1996,,,
19-360-221-1,polc1243,Polci,482,daŋ mbaam,Phonemic,"noble, nobleman",cosper1996,Literally 'important person'.,,
19-370-221-1,polc1243,Polci,1032,mun atl,Phonemic,"citizen, subject",cosper1996,,,
19-370-221-3,polc1243,Polci,1032,mun bən,Phonemic,"citizen, subject",cosper1996,,,
19-410-221-1,polc1243,Polci,383,baa keen,Phonemic,master,cosper1996,Literally 'husband' or 'head of compound'.,,
19-420-221-1,polc1243,Polci,812,ɓyak,Phonemic,slave,cosper1996,,,
19-460-221-1,polc1243,Polci,1635,[ladabi],Phonemic,obey,cosper1996,Nominal form (obedience); borrowed from Hausa.,,
19-470-221-1,polc1243,Polci,1003,tər,Phonemic,"let, permit",cosper1996,,,
19-510-221-1,polc1243,Polci,1325,yerim,Phonemic,"friend, companion",cosper1996,,,
19-520-221-1,polc1243,Polci,1358,ŋgaasha,Phonemic,enemy,cosper1996,,,
19-540-221-1,polc1243,Polci,1332,[makwabcii],Phonemic,neighbor,cosper1996,Hausa loan.,,
19-550-221-1,polc1243,Polci,791,maɗak,Phonemic,stranger,cosper1996,,,
19-560-221-1,polc1243,Polci,1782,maɗak,Phonemic,guest,cosper1996,,,
19-570-221-1,polc1243,Polci,1545,rəpgi wun meese,Phonemic,host,cosper1996,,,
19-580-221-1,polc1243,Polci,1897,səmtire,Phonemic,"help, aid",cosper1996,,,
19-590-221-1,polc1243,Polci,1550,ɗak,Phonemic,"hinder, prevent",cosper1996,,,
19-610-221-1,polc1243,Polci,1747,gaado,Phonemic,custom,cosper1996,,,
19-620-221-1,polc1243,Polci,1848,tleridlaŋ,Phonemic,"strife, quarrel",cosper1996,Verbal form.,,
19-630-221-1,polc1243,Polci,2024,moŋabi,Phonemic,"conspiracy, plot",cosper1996,,,
19-650-221-1,polc1243,Polci,1831,maŋ,Phonemic,meet,cosper1996,,,
19-650-221-3,polc1243,Polci,1831,jaŋ tee tsop,Phonemic,meet,cosper1996,,,
19-720-221-1,polc1243,Polci,1610,pur məŋtə,Phonemic,prostitute,cosper1996,,,
20-110-221-1,polc1243,Polci,1423,dlaŋ,Phonemic,fight (vb),cosper1996,,,
20-130-221-1,polc1243,Polci,579,maŋtə,Phonemic,"war, battle",cosper1996,,,
20-140-221-1,polc1243,Polci,1338,shikkən laafiya,Phonemic,peace,cosper1996,,,
20-150-221-1,polc1243,Polci,1561,[soja],Phonemic,army,cosper1996,English loan 'soldier'.,,
20-170-221-1,polc1243,Polci,1941,[soja],Phonemic,soldier,cosper1996,Hausa loan < from English.,,
20-210-221-1,polc1243,Polci,951,ərəm maŋti,Phonemic,"weapons, arms",cosper1996,,,
20-220-221-1,polc1243,Polci,1763,ndoktlum,Phonemic,club,cosper1996,,,
20-222-221-1,polc1243,Polci,386,adda,Phonemic,battle-ax,cosper1996,"A general term for things that are swung and used to cut, such as axes, swords, etc.",,
20-230-221-1,polc1243,Polci,387,tlim baaro,Phonemic,sling,cosper1996,,,
20-240-221-1,polc1243,Polci,994,məəm,Phonemic,bow,cosper1996,,,
20-250-221-1,polc1243,Polci,977,pyas,Phonemic,arrow,cosper1996,,,
20-260-221-1,polc1243,Polci,945,gas,Phonemic,spear,cosper1996,,,
20-270-221-1,polc1243,Polci,1535,adda,Phonemic,sword,cosper1996,,,
20-310-221-1,polc1243,Polci,1061,loghət val,Phonemic,armor (defensive),cosper1996,,,
20-330-221-1,polc1243,Polci,1680,taagiya kwaano,Phonemic,helmet,cosper1996,,,
20-340-221-1,polc1243,Polci,1064,koptəŋ,Phonemic,shield,cosper1996,,,
20-430-221-1,polc1243,Polci,722,yoor maŋtə,Phonemic,attack,cosper1996,,,
20-440-221-1,polc1243,Polci,1330,dləghəbi,Phonemic,defend,cosper1996,,,
20-450-221-1,polc1243,Polci,421,mənakar,Phonemic,retreat,cosper1996,,,
20-460-221-1,polc1243,Polci,1696,tərə yuwar,Phonemic,surrender,cosper1996,,,
20-470-221-1,polc1243,Polci,1072,ɓyak,Phonemic,"captive, prisoner",cosper1996,,,
20-471-221-1,polc1243,Polci,1940,gaadi,Phonemic,"guard, sentinel",cosper1996,Hausa loan < from English.,,
20-510-221-1,polc1243,Polci,1858,[suu],Phonemic,fisherman,cosper1996,Hausa loan.,,
20-520-221-1,polc1243,Polci,1074,ŋgar kugiya,Phonemic,fishhook,cosper1996,Verbal form meaning 'to fish with a line and hook'.,,
20-610-221-1,polc1243,Polci,1435,ləəp,Phonemic,hunt,cosper1996,Nominal form.,,
20-620-221-1,polc1243,Polci,1172,mbok,Phonemic,shoot,cosper1996,,,
20-630-221-1,polc1243,Polci,161,baala,Phonemic,miss (target),cosper1996,,,
20-640-221-1,polc1243,Polci,1075,[kapito],Phonemic,trap (noun),cosper1996,Loan from Hausa; a trap made of bamboo and string designed for catching birds.,,
21-110-221-1,polc1243,Polci,1062,[shariy'a],Phonemic,law,cosper1996,Both terms are borrowed from Hausa.,,
21-110-221-3,polc1243,Polci,1062,[doka],Phonemic,law,cosper1996,Both terms are borrowed from Hausa.,,
21-150-221-1,polc1243,Polci,1068,[kotu],Phonemic,court,cosper1996,"Hausa loan, < from English.",,
21-160-221-1,polc1243,Polci,1818,[yankˀe],Phonemic,judge (vb),cosper1996,Nearly all the legal words are borrowed from Hausa.,,
21-160-221-3,polc1243,Polci,1818,[hukunci],Phonemic,judge (vb),cosper1996,Nearly all the legal words are borrowed from Hausa.,,
21-170-221-1,polc1243,Polci,1067,[hukunci],Phonemic,judgment,cosper1996,,,
21-180-221-1,polc1243,Polci,861,[alkˀali],Phonemic,judge (noun),cosper1996,,,
21-210-221-1,polc1243,Polci,2020,[mai kara],Phonemic,plaintiff,cosper1996,,,
21-220-221-1,polc1243,Polci,1034,[wanda ake kara],Phonemic,defendant,cosper1996,,,
21-230-221-1,polc1243,Polci,1144,[saida],Phonemic,witness,cosper1996,,,
21-240-221-1,polc1243,Polci,1939,[rantsuwa],Phonemic,swear,cosper1996,,,
21-250-221-1,polc1243,Polci,1712,[daukan alkawari],Phonemic,oath,cosper1996,,,
21-310-221-1,polc1243,Polci,1814,[zargi],Phonemic,accuse,cosper1996,,,
21-320-221-1,polc1243,Polci,484,[hukuncin kisa],Phonemic,condemn,cosper1996,,,
21-330-221-1,polc1243,Polci,983,[zartar da hukuncin],Phonemic,convict (vb),cosper1996,,,
21-340-221-1,polc1243,Polci,988,[saki],Phonemic,acquit,cosper1996,,,
21-350-221-1,polc1243,Polci,1682,[laifi],Phonemic,guilty,cosper1996,,,
21-360-221-1,polc1243,Polci,90,[maras laifi],Phonemic,innocent,cosper1996,,,
21-370-221-1,polc1243,Polci,390,hooroo,Phonemic,"penalty, punishment",cosper1996,,,
21-380-221-1,polc1243,Polci,218,[tara],Phonemic,fine,cosper1996,,,
21-390-221-1,polc1243,Polci,1281,[gidan yari],Phonemic,"prison, jail",cosper1996,,,
21-420-221-1,polc1243,Polci,845,[kashe],Phonemic,murder,cosper1996,"Loan, from the Hausa verb 'to kill'.",,
21-430-221-1,polc1243,Polci,902,[farka],Phonemic,adultery,cosper1996,Hausa loan.,,
21-440-221-1,polc1243,Polci,953,[fyaɗee],Phonemic,rape,cosper1996,Hausa loan.,,
21-460-221-1,polc1243,Polci,1889,[kone-kone],Phonemic,arson,cosper1996,,,
21-470-221-1,polc1243,Polci,1792,loghabi,Phonemic,perjury,cosper1996,"Literally, 'to lie' or 'deceive'.",,
21-510-221-1,polc1243,Polci,713,məghər,Phonemic,steal,cosper1996,,,
21-520-221-1,polc1243,Polci,1160,məghər,Phonemic,thief,cosper1996,,,
22-110-221-1,polc1243,Polci,661,caapi,Phonemic,religion,cosper1996,Refers specifically to traditional religion.,,
22-120-221-1,polc1243,Polci,1944,leyam,Phonemic,God,cosper1996,,,
22-130-221-1,polc1243,Polci,911,rəp bauta,Phonemic,"temple, church",cosper1996,,,
22-160-221-1,polc1243,Polci,257,[bauta],Phonemic,worship,cosper1996,Hausa loan.,,
22-170-221-1,polc1243,Polci,24,kan bi,Phonemic,pray,cosper1996,"Literally, 'to take mouth or language'.",,
22-180-221-1,polc1243,Polci,852,buwaarə,Phonemic,priest,cosper1996,,,
22-230-221-1,polc1243,Polci,391,[albarka],Phonemic,bless,cosper1996,Loan from Hausa < from Arabic.,,
22-260-221-1,polc1243,Polci,303,[azumi],Phonemic,fast (vb),cosper1996,"Nominal form, from Hausa.",,
22-310-221-1,polc1243,Polci,1565,aljanna,Phonemic,heaven,cosper1996,Hausa loan.,,
22-320-221-1,polc1243,Polci,878,wuutu,Phonemic,hell,cosper1996,,,
22-350-221-1,polc1243,Polci,1973,[sheetan],Phonemic,demon (evil spirit),cosper1996,"Hausa loan, < from Arabic.",,
22-370-221-1,polc1243,Polci,1945,waarə,Phonemic,idol,cosper1996,,,
22-420-221-1,polc1243,Polci,392,məŋti,Phonemic,"magic, witchcraft, sorcery",cosper1996,,,
22-430-221-1,polc1243,Polci,2137,koni məŋtə,Phonemic,"sorcerer, witch",cosper1996,Respectively: male form; female form.,,
22-430-221-3,polc1243,Polci,2137,ger məŋtə,Phonemic,"sorcerer, witch",cosper1996,Respectively: male form; female form.,,
22-440-221-1,polc1243,Polci,2138,loɗi,Phonemic,"fairy, elf",cosper1996,,,
22-450-221-1,polc1243,Polci,1175,waal,Phonemic,"ghost, phantom",cosper1996,,,
