ID,Language_ID,Language_name,Parameter_ID,Value,Transcription,Concept,Source,Comment,AlternativeValue,AlternativeTranscription
14-320-251-1,pume1238,Yaruro,1852,hĩrã-rĩ ko,Phonemic,often,,The latter is a suffix used on verbs.,,
14-320-251-3,pume1238,Yaruro,1852,-riʊ,Phonemic,often,,The latter is a suffix used on verbs.,,
14-310-251-1,pume1238,Yaruro,1676,-rɛ,Phonemic,always,,,,
14-290-251-1,pume1238,Yaruro,790,hɛre,Phonemic,ready,,,,
14-280-251-1,pume1238,Yaruro,1928,anõ,Phonemic,"cease, stop",,,,
14-270-251-1,pume1238,Yaruro,1766,-dʊrʊ,Phonemic,finish,,,,
14-260-251-1,pume1238,Yaruro,743,kʰia-diʊ-rʊ,Phonemic,end (temporal),,,,
14-252-251-1,pume1238,Yaruro,1186,čʰao,Phonemic,"last, endure",,,,
14-250-251-1,pume1238,Yaruro,1806,taru-pa,Phonemic,"begin, beginning",,,,
14-240-251-1,pume1238,Yaruro,425,kere-diʊ-dɛ,Phonemic,"retard, delay",,,,
14-230-251-1,pume1238,Yaruro,754,hõẽ-rã-pɛ̃ hʊ,Phonemic,"hasten, hurry",,,,
14-220-251-1,pume1238,Yaruro,701,haeri-rã,Phonemic,slow,,,,
14-210-251-1,pume1238,Yaruro,1631,hõẽ-rã,Phonemic,"swift, fast, quick",,,,
14-190-251-1,pume1238,Yaruro,1963,pio yabã-ĩ,Phonemic,immediately,,,,
14-180-251-1,pume1238,Yaruro,1376,pio yabã,Phonemic,now,,,,
14-170-251-1,pume1238,Yaruro,477,hĩtʊpeã,Phonemic,late,,,,
14-160-251-1,pume1238,Yaruro,672,pea-da-ĩ,Phonemic,early,,Means early in the day.,,
14-150-251-1,pume1238,Yaruro,1229,ɔta-mãĩ,Phonemic,old,,,,
14-140-251-1,pume1238,Yaruro,1207,bo,Phonemic,young,,,,
14-120-251-1,pume1238,Yaruro,1789,ado kʰarẽ-mõ hapa-mitɛ-rʊ,Phonemic,age,,"Means another age, or period of time.",,
14-130-251-1,pume1238,Yaruro,1231,pea-čʰa,Phonemic,new,,,,
14-110-251-1,pume1238,Yaruro,892,hapa-mitɛ,Phonemic,time,,,,
13-440-251-1,pume1238,Yaruro,417,tʰara-rĩ ko,Phonemic,three times,,,,
13-420-251-1,pume1238,Yaruro,1859,duri,Phonemic,third,,"Means behind, or third.",,
13-380-251-1,pume1238,Yaruro,1546,yõarĩ ko,Phonemic,two times,,,,
13-370-251-1,pume1238,Yaruro,1888,yõarĩ-rẽ,Phonemic,pair,,,,
13-360-251-1,pume1238,Yaruro,1384,tʰo-ro,Phonemic,second,,Means in the middle/second.,,
13-350-251-1,pume1238,Yaruro,1529,duri tʰamõ,Phonemic,last,,,,
13-340-251-1,pume1238,Yaruro,728,yabɔ-ĩ,Phonemic,first,,,,
13-330-251-1,pume1238,Yaruro,1580,hudi-mõ,Phonemic,"alone, only",,"Means 'he alone', subj./obj. pronoun + -mõ. 'Alone/ by one-self' is hibɛã-mãĩ, (poss. pronoun + -mãĩ.",,
13-240-251-1,pume1238,Yaruro,816,tʰomõ,Phonemic,half,,,,
13-230-251-1,pume1238,Yaruro,779,koto,Phonemic,"part, piece",,,,
13-220-251-1,pume1238,Yaruro,1624,kʰara-peã,Phonemic,empty,,See 'body' 04.110.,,
13-210-251-1,pume1238,Yaruro,1429,mãĩ,Phonemic,full,,,,
13-190-251-1,pume1238,Yaruro,2023,Pumɛ̃ nõĩ-dɛ,Phonemic,"multitude, crowd",,,,
13-181-251-1,pume1238,Yaruro,1241,o oa-mõ,Phonemic,some,,,,
13-170-251-1,pume1238,Yaruro,1242,habɛ-ta-rĩ-mĩ,Phonemic,"little (quantity), few",,,,
13-180-251-1,pume1238,Yaruro,1881,habe-čʰĩ,Phonemic,enough,,,,
13-160-251-1,pume1238,Yaruro,1992,hĩdɛ uɛĩ,Phonemic,more,,,,
13-150-251-1,pume1238,Yaruro,1198,hĩrãrĩ,Phonemic,"much, many",,,,
13-140-251-1,pume1238,Yaruro,98,čʰʊnã-ĩ,Phonemic,"every, all",,,,
13-107-251-1,pume1238,Yaruro,1420,atara,Phonemic,count,,,,
13-104-251-1,pume1238,Yaruro,1710,taɔ čʰʊnã-ĩ,Phonemic,twenty,,Lit. 'all the feet'; 04.370 and 13.140.,,
13-102-251-1,pume1238,Yaruro,1707,iči čʰʊnã-ĩ yõarĩ,Phonemic,twelve,,,,
13-101-251-1,pume1238,Yaruro,1706,iči čʰʊnã-ĩ kʰarɛ̃-mẽ,Phonemic,eleven,,,,
13-100-251-1,pume1238,Yaruro,1515,iči čʰʊnã-ĩ,Phonemic,ten,,,,
13-90-251-1,pume1238,Yaruro,1483,kʰaĩ-tãrã-ri hadɔ-čia-mĩ,Phonemic,nine,,,,
13-80-251-1,pume1238,Yaruro,1705,kʰaĩ-tãrã-ri tʰararĩ,Phonemic,eight,,,,
13-70-251-1,pume1238,Yaruro,1704,kʰaĩ-tãrã-ri yõarĩ,Phonemic,seven,,,,
13-60-251-1,pume1238,Yaruro,1703,kʰaĩ-tãrã-ri kʰarɛ̃-mẽ,Phonemic,six,,,,
13-50-251-1,pume1238,Yaruro,493,kʰarẽ iči-mõ,Phonemic,five,,See 'hand' 04.330.,,
13-40-251-1,pume1238,Yaruro,1500,hadɔ-čia-mĩ,Phonemic,four,,,,
13-20-251-1,pume1238,Yaruro,1498,yõarĩ,Phonemic,two,,,,
13-30-251-1,pume1238,Yaruro,492,tʰararĩ,Phonemic,three,,,,
13-10-251-1,pume1238,Yaruro,1493,kʰarɛ̃-mẽ,Phonemic,one,,,,
13-0-251-1,pume1238,Yaruro,1294,dɛ-kʰia,Phonemic,"zero, nothing",,Means 'there is nothing'.,,
12-930-251-1,pume1238,Yaruro,1264,anõ-mire,Phonemic,change,,,,
12-920-251-1,pume1238,Yaruro,1558,-mĩ da,Phonemic,"like, similar",,,,
12-840-251-1,pume1238,Yaruro,1048,koɛmã ãrẽ-rĩ,Phonemic,line,,,,
12-850-251-1,pume1238,Yaruro,1667,puɛ,Phonemic,hole,,,,
12-830-251-1,pume1238,Yaruro,1845,čoko,Phonemic,"sphere, ball",,,,
12-810-251-1,pume1238,Yaruro,1395,čoko-čoko-a,Phonemic,round,,,,
12-820-251-1,pume1238,Yaruro,1467,kɨri-kɨri-a,Phonemic,circle,,,,
12-780-251-1,pume1238,Yaruro,850,tõ-tõ čia-rĩ,Phonemic,square,,,,
12-770-251-1,pume1238,Yaruro,1367,ãrẽ-ãrẽ-da,Phonemic,cross,,"Verbal form, action of crossing.",,
12-760-251-1,pume1238,Yaruro,192,bu,Phonemic,corner,,,,
12-750-251-1,pume1238,Yaruro,1071,čʰere ča,Phonemic,hook,,,,
12-740-251-1,pume1238,Yaruro,297,tai,Phonemic,crooked,,,,
12-730-251-1,pume1238,Yaruro,1404,koɛmã,Phonemic,straight,,,,
12-710-251-1,pume1238,Yaruro,1633,pʰatɛ,Phonemic,flat,,,,
12-680-251-1,pume1238,Yaruro,193,kʰɔkʰɔrɔ-dɛ,Phonemic,shallow,,,,
12-670-251-1,pume1238,Yaruro,1593,urɛdi,Phonemic,deep,,,,
12-650-251-1,pume1238,Yaruro,2249,hu-hu-i,Phonemic,thin (in dimension),,,,
12-630-251-1,pume1238,Yaruro,1244,itu,Phonemic,thick (in dimension),,,,
12-620-251-1,pume1238,Yaruro,1267,boĩčʰĩ,Phonemic,narrow,,,,
12-610-251-1,pume1238,Yaruro,1243,anã,Phonemic,"wide, broad",,,,
12-590-251-1,pume1238,Yaruro,1645,toko-ĩ-mĩ,Phonemic,short,,,,
12-580-251-1,pume1238,Yaruro,711,ɔtɛ,Phonemic,tall,,,,
12-570-251-1,pume1238,Yaruro,1203,gõa-tĩ,Phonemic,long,,,,
12-560-251-1,pume1238,Yaruro,1246,boĩčʰĩ,Phonemic,"small, little",,,,
12-550-251-1,pume1238,Yaruro,1202,anã,Phonemic,"large, big",,,,
12-541-251-1,pume1238,Yaruro,81,mũĩ-da,Phonemic,"span, fathom",,A measure by arm span.,,
12-540-251-1,pume1238,Yaruro,1506,atara,Phonemic,measure,,,,
12-530-251-1,pume1238,Yaruro,479,ɔtɛ-pa,Phonemic,grow,,,,
12-480-251-1,pume1238,Yaruro,1595,oɛ-rʊ-pɛ̃,Phonemic,south,,Refers to other side of the river; see previous entries.,,
12-470-251-1,pume1238,Yaruro,1598,daĩ-rʊ-pɛ̃,Phonemic,north,,Orientation--out from the river; see previous entries.,,
12-460-251-1,pume1238,Yaruro,1817,čʰia-rʊ-pɛ̃,Phonemic,west,,Means upriver; see previous entry.,,
12-450-251-1,pume1238,Yaruro,1877,taru-ro-pɛ̃,Phonemic,east,,"The river flows east/west, so the direction is downriver.",,
12-430-251-1,pume1238,Yaruro,1942,kɛrĩ,Phonemic,near (adv),,,,
12-440-251-1,pume1238,Yaruro,1406,hači,Phonemic,far (adv),,,,
12-370-251-1,pume1238,Yaruro,1093,tʰomõ,Phonemic,"middle, center",,,,
12-360-251-1,pume1238,Yaruro,682,yuro,Phonemic,side,,,,
12-353-251-1,pume1238,Yaruro,863,čiri,Phonemic,edge,,,,
12-352-251-1,pume1238,Yaruro,372,yũrã čia,Phonemic,pointed,,Cf. 'front' 12.041.,,
12-350-251-1,pume1238,Yaruro,742,apɛ,Phonemic,end,,,,
12-340-251-1,pume1238,Yaruro,690,apɛ,Phonemic,bottom,,,,
12-320-251-1,pume1238,Yaruro,721,uɛ-da-ĩ,Phonemic,low,,,,
12-330-251-1,pume1238,Yaruro,1753,nãpɛ̃,Phonemic,top,,,,
12-310-251-1,pume1238,Yaruro,1265,uɛ,Phonemic,high,,,,
12-270-251-1,pume1238,Yaruro,602,goadi,Phonemic,"hide, conceal",,,,
12-250-251-1,pume1238,Yaruro,1046,tuti kara,Phonemic,"shut, close",,,,
12-240-251-1,pume1238,Yaruro,1156,are-goɛ,Phonemic,open,,,,
12-232-251-1,pume1238,Yaruro,1119,čʰara-pa,Phonemic,divide,,,,
12-230-251-1,pume1238,Yaruro,1359,are-goɛ,Phonemic,separate,,,,
12-220-251-1,pume1238,Yaruro,1743,tuti ohĩdʊ,Phonemic,"join, unite",,,,
12-213-251-1,pume1238,Yaruro,1576,uɛ-ĩ kʰia-rĩ inɛ̃-čʰĩdʊ,Phonemic,pile up,,,,
12-212-251-1,pume1238,Yaruro,371,gatɛ kã,Phonemic,pick up,,"Means pick up with hands, one by one.",,
12-210-251-1,pume1238,Yaruro,7,ãdopa,Phonemic,"collect, gather",,,,
12-170-251-1,pume1238,Yaruro,838,hura-reã tʰomõ-mĩ kʰia-diʊ-ã,Phonemic,"remains, left overs",,,,
12-160-251-1,pume1238,Yaruro,987,kʰia-diʊ,Phonemic,"remain, stay",,,,
12-150-251-1,pume1238,Yaruro,1442,kʰia,Phonemic,stand,,,,
12-140-251-1,pume1238,Yaruro,215,ãrẽ,Phonemic,lie down,,,,
12-130-251-1,pume1238,Yaruro,1416,ča,Phonemic,sit,,,,
12-120-251-1,pume1238,Yaruro,998,gatɛ-čʊ,Phonemic,put,,"Means hold in hand, and set it down. Many ways to say 'put', depends on how the object is carried, and the positioning: set/sit, laid down, or stood up.",,
12-110-251-1,pume1238,Yaruro,723,-rʊpɛ̃,Phonemic,place,,,,
12-80-251-1,pume1238,Yaruro,1591,uɛ,Phonemic,"up, above",,,,
12-70-251-1,pume1238,Yaruro,1485,ɛtɛ-rʊ,Phonemic,under,,,,
12-60-251-1,pume1238,Yaruro,762,dai-rʊ,Phonemic,outside,,,,
12-50-251-1,pume1238,Yaruro,1606,tʰo-ro,Phonemic,"inside, in",,,,
12-41-251-1,pume1238,Yaruro,1883,yũrã,Phonemic,front,,"The front of a canoe, hill, etc. Cf. 'beak' 04.241.",,
12-40-251-1,pume1238,Yaruro,1882,yabɔ-tãrã-ri,Phonemic,before,,,,
12-30-251-1,pume1238,Yaruro,2094,ɛte-tãrã-ri,Phonemic,"down, below",,,,
12-20-251-1,pume1238,Yaruro,1816,yuro-ro,Phonemic,beside,,,,
12-11-251-1,pume1238,Yaruro,1686,apɛ-tãrã-ri,Phonemic,behind,,,,
12-10-251-1,pume1238,Yaruro,1685,duri,Phonemic,after,,,,
11-920-251-1,pume1238,Yaruro,1098,mʊ̃reda,Phonemic,weigh,,,,
11-910-251-1,pume1238,Yaruro,884,čʰara-paɛ yɔrɔ,Phonemic,share (distribute),,,,
11-890-251-1,pume1238,Yaruro,1887,ba čia-dɛ,Phonemic,cheap,,,,
11-880-251-1,pume1238,Yaruro,1426,ba čia,Phonemic,"dear (costly, expensive)",,,,
11-870-251-1,pume1238,Yaruro,657,ba,Phonemic,price,,,,
11-860-251-1,pume1238,Yaruro,752,gatɛ tʊnẽ-reã bɛ,Phonemic,"store, shop",,,,
11-850-251-1,pume1238,Yaruro,633,gatɛ tʊnẽ-reã-rʊpɛ̃,Phonemic,market (place),,,,
11-840-251-1,pume1238,Yaruro,1082,gatɛ tʊnẽ-mẽ,Phonemic,merchant,,,,
11-830-251-1,pume1238,Yaruro,2135,anõ-mire,Phonemic,"trade, barter",,,,
11-820-251-1,pume1238,Yaruro,1571,gatɛ tʊnẽ,Phonemic,sell,,,,
11-810-251-1,pume1238,Yaruro,1869,gatɛ,Phonemic,buy,,,,
11-790-251-1,pume1238,Yaruro,733,boa,Phonemic,earn,,,,
11-780-251-1,pume1238,Yaruro,1122,ba anõ-reã,Phonemic,wages,,,,
11-770-251-1,pume1238,Yaruro,856,hãbepa tʊnẽ,Phonemic,hire,,,,
11-660-251-1,pume1238,Yaruro,1081,gõe-peã oa kʰia,Phonemic,"account, reckoning",,Means recorded/ written down.,,
11-650-251-1,pume1238,Yaruro,718,ba anõ,Phonemic,pay (vb),,,,
11-640-251-1,pume1238,Yaruro,1914,ba kʰia-reã,Phonemic,debt,,,,
11-630-251-1,pume1238,Yaruro,369,ba kʰia,Phonemic,owe,,,,
11-620-251-1,pume1238,Yaruro,1823,eopa,Phonemic,borrow,,,,
11-610-251-1,pume1238,Yaruro,582,eopa,Phonemic,lend,,,,
11-540-251-1,pume1238,Yaruro,1774,nɛ̃mẽ-mẽ,Phonemic,"avaricious, stingy",,Masculine form.,,
11-530-251-1,pume1238,Yaruro,1934,kʰõdɛ čʰao-mẽ,Phonemic,beggar,,,,
11-520-251-1,pume1238,Yaruro,1674,gõa-dɛ-mẽ,Phonemic,poor,,Masculine form.,,
11-510-251-1,pume1238,Yaruro,712,gõa-mẽ,Phonemic,rich,,Masculine form.,,
11-440-251-1,pume1238,Yaruro,1867,čɛrɛ,Phonemic,coin,,,,
11-430-251-1,pume1238,Yaruro,1559,čɛrɛ,Phonemic,money,,,,
11-340-251-1,pume1238,Yaruro,1095,mitɛ anõ,Phonemic,"release, let go",,,,
11-330-251-1,pume1238,Yaruro,1660,daba-dɛ-pa,Phonemic,lose,,,,
11-320-251-1,pume1238,Yaruro,719,da-dʊrʊ,Phonemic,find,,,,
11-310-251-1,pume1238,Yaruro,1468,nã,Phonemic,"seek, look for",,,,
11-280-251-1,pume1238,Yaruro,44,kʰũrɛ̃-da,Phonemic,"harm, injure, damage",,,,
11-270-251-1,pume1238,Yaruro,681,a-ɛnõ,Phonemic,destroy,,"Respectively: destroy, discard, throw out; destroy by fire (as belongings of dead person).",,
11-270-251-3,pume1238,Yaruro,681,akʰɔrɔ,Phonemic,destroy,,"Respectively: destroy, discard, throw out; destroy by fire (as belongings of dead person).",,
11-250-251-1,pume1238,Yaruro,2008,čʰʊtʊ tʊnẽ,Phonemic,"save, rescue",,,,
11-240-251-1,pume1238,Yaruro,1997,hida,Phonemic,"preserve, look after",,,,
11-220-251-1,pume1238,Yaruro,85,čʰere-nõ yɔrɔ,Phonemic,give back,,,,
11-210-251-1,pume1238,Yaruro,1447,yɔrɔ,Phonemic,give,,,,
11-180-251-1,pume1238,Yaruro,738,eamĩ oa,Phonemic,thing,,,,
11-170-251-1,pume1238,Yaruro,1477,boea,Phonemic,"keep, retain",,,,
11-160-251-1,pume1238,Yaruro,694,boa,Phonemic,"get, obtain",,"For example, palm fruit.",,
11-150-251-1,pume1238,Yaruro,1448,gõa,Phonemic,hold,,Respectively: hold in hand; hold in arms.,,
11-150-251-3,pume1238,Yaruro,1448,ida,Phonemic,hold,,Respectively: hold in hand; hold in arms.,,
11-140-251-1,pume1238,Yaruro,2021,mitɛ,Phonemic,"seize, grasp",,,,
11-130-251-1,pume1238,Yaruro,1749,mitɛ,Phonemic,take,,,,
11-120-251-1,pume1238,Yaruro,684,gõa,Phonemic,"own, possess",,,,
11-110-251-1,pume1238,Yaruro,773,gõa,Phonemic,have,,,,
10-920-251-1,pume1238,Yaruro,1922,bira,Phonemic,land (vb),,Refers to airplane landing.,,
10-910-251-1,pume1238,Yaruro,610,nõ,Phonemic,"harbor, port",,At a river or creek.,,
10-852-251-1,pume1238,Yaruro,1849,koari,Phonemic,row (vb),,,,
10-850-251-1,pume1238,Yaruro,108,tãĩto,Phonemic,oar,,,,
10-840-251-1,pume1238,Yaruro,1664,tʰɔ̃rɔ̃,Phonemic,raft,,,,
10-831-251-1,pume1238,Yaruro,1970,čara,Phonemic,canoe,,,,
10-830-251-1,pume1238,Yaruro,1844,ui-mõ-mẽ čara,Phonemic,boat,,,,
10-810-251-1,pume1238,Yaruro,740,čara anã,Phonemic,ship,,,,
10-760-251-1,pume1238,Yaruro,710,taɔ,Phonemic,wheel,,,,
10-750-251-1,pume1238,Yaruro,122,dabu-mõ-mẽ čara,Phonemic,"carriage, wagon, cart",,,,
10-740-251-1,pume1238,Yaruro,1011,uɛ-mõ čʰʊtʊ-reã,Phonemic,bridge,,,,
10-720-251-1,pume1238,Yaruro,2252,nõ,Phonemic,path,,,,
10-710-251-1,pume1238,Yaruro,667,kʰõdɛ-čara nõ,Phonemic,road,,,,
10-670-251-1,pume1238,Yaruro,1452,gĩdɛ a,Phonemic,"push, shove",,,,
10-660-251-1,pume1238,Yaruro,367,yae-rã hʊ,Phonemic,ride,,Means 'go by horse'.,,
10-650-251-1,pume1238,Yaruro,741,bagura tʊnẽ,Phonemic,drive,,Means 'make go'.,,
10-640-251-1,pume1238,Yaruro,43,yabɔ ɛba hʊ,Phonemic,lead (vb),,Means lead by the hand.,,
10-630-251-1,pume1238,Yaruro,1127,yɔrɔ čʰado,Phonemic,send,,,,
10-620-251-1,pume1238,Yaruro,692,gõa hanã,Phonemic,bring,,,,
10-615-251-1,pume1238,Yaruro,415,goadi gõa,Phonemic,carry-underarm,,,,
10-614-251-1,pume1238,Yaruro,414,yua,Phonemic,carry-on-head,,,,
10-613-251-1,pume1238,Yaruro,413,ara,Phonemic,carry-on-shoulder,,,,
10-612-251-1,pume1238,Yaruro,412,gõa,Phonemic,carry-in-hand,,,,
10-610-251-1,pume1238,Yaruro,700,ara,Phonemic,carry (bear),,,,
10-570-251-1,pume1238,Yaruro,749,yũã,Phonemic,enter,,,,
10-560-251-1,pume1238,Yaruro,1778,kɛrĩ-diʊ,Phonemic,approach,,,,
10-550-251-1,pume1238,Yaruro,1387,gõdɔ-dʊrʊ,Phonemic,"reach, arrive",,Respectively: arrive at non-present location; a. at present location of speaker. Also hʊ-dʊrʊ a.(finish going) at non-present location; baʊ-dʊrʊ a. (finish returning) at non-present location.,,
10-550-251-3,pume1238,Yaruro,1387,gõdɔ-nãrã,Phonemic,"reach, arrive",,Respectively: arrive at non-present location; a. at present location of speaker. Also hʊ-dʊrʊ a.(finish going) at non-present location; baʊ-dʊrʊ a. (finish returning) at non-present location.,,
10-530-251-1,pume1238,Yaruro,1047,čõrɛ baʊ,Phonemic,pursue,,,,
10-520-251-1,pume1238,Yaruro,1085,čõrɛ hʊ,Phonemic,follow,,,,
10-510-251-1,pume1238,Yaruro,956,ãde goadi,Phonemic,flee,,,,
10-491-251-1,pume1238,Yaruro,485,daba-dɛ-pa,Phonemic,disappear,,,,
10-490-251-1,pume1238,Yaruro,1752,baʊ,Phonemic,"go away, depart",,,,
10-481-251-1,pume1238,Yaruro,581,mãnã,Phonemic,come back,,,,
10-480-251-1,pume1238,Yaruro,1446,hanã,Phonemic,come,,,,
10-474-251-1,pume1238,Yaruro,1107,gõdɔ,Phonemic,go out,,,,
10-473-251-1,pume1238,Yaruro,2014,bira,Phonemic,go down,,,,
10-472-251-1,pume1238,Yaruro,1102,bua,Phonemic,climb,,,,
10-470-251-1,pume1238,Yaruro,695,hʊ,Phonemic,go,,,,
10-471-251-1,pume1238,Yaruro,705,uɛ-rʊ-pɛ̃-mõ bua,Phonemic,go up,,,,
10-460-251-1,pume1238,Yaruro,1519,hʊ kʰia,Phonemic,run,,,,
10-451-251-1,pume1238,Yaruro,366,agẽnõ čʰao,Phonemic,limp,,,,
10-450-251-1,pume1238,Yaruro,1443,tãĩ kʰia,Phonemic,walk,,Cf. 'foot' 04.370.,,
10-440-251-1,pume1238,Yaruro,1879,boče-gua-boče-gua kʰia,Phonemic,dance,,,,
10-431-251-1,pume1238,Yaruro,1135,gatɛ-gua,Phonemic,kick,,,,
10-430-251-1,pume1238,Yaruro,1829,čiki čʰao,Phonemic,"jump, leap",,,,
10-420-251-1,pume1238,Yaruro,1324,ãrẽ-dʊrʊ,Phonemic,"slide, slip",,,,
10-413-251-1,pume1238,Yaruro,296,čĩčã-čo ča,Phonemic,crouch,,,,
10-412-251-1,pume1238,Yaruro,66,hu čatu-rã kʰia,Phonemic,kneel,,,,
10-410-251-1,pume1238,Yaruro,96,koɛ-baʊ,Phonemic,"creep, crawl",,,,
10-380-251-1,pume1238,Yaruro,175,pʰurɛ-kʊa,Phonemic,blow,,,,
10-370-251-1,pume1238,Yaruro,1441,pʰõã,Phonemic,fly (vb),,,,
10-352-251-1,pume1238,Yaruro,365,čʰãde,Phonemic,splash,,,,
10-351-251-1,pume1238,Yaruro,119,baga čoa,Phonemic,dive,,,,
10-350-251-1,pume1238,Yaruro,1439,ui tua,Phonemic,swim,,,,
10-340-251-1,pume1238,Yaruro,1574,pʰurɛ-bua,Phonemic,float,,,,
10-330-251-1,pume1238,Yaruro,1088,čamĩ,Phonemic,sink,,,,
10-320-251-1,pume1238,Yaruro,2003,kã,Phonemic,flow,,,,
10-260-251-1,pume1238,Yaruro,1909,mũĩ pʰõde,Phonemic,shake,,,,
10-252-251-1,pume1238,Yaruro,702,mitɛ,Phonemic,catch (ball),,,,
10-250-251-1,pume1238,Yaruro,1456,a-ɛnõ,Phonemic,throw,,,,
10-240-251-1,pume1238,Yaruro,2253,tãkʰatʊ,Phonemic,drip,,,,
10-230-251-1,pume1238,Yaruro,1280,ãrẽdʊrʊ,Phonemic,fall,,,,
10-220-251-1,pume1238,Yaruro,501,gõa kʰitɛ,Phonemic,"raise, lift",,Raise with hands.,,
10-210-251-1,pume1238,Yaruro,568,kʰitɛ,Phonemic,rise,,,,
10-170-251-1,pume1238,Yaruro,430,piru,Phonemic,twist,,,,
10-160-251-1,pume1238,Yaruro,808,kʰatʊ,Phonemic,drop (vb),,,,
10-150-251-1,pume1238,Yaruro,827,hoai pupuripa,Phonemic,roll,,,,
10-140-251-1,pume1238,Yaruro,1113,puri,Phonemic,"wind, wrap",,,,
10-130-251-1,pume1238,Yaruro,1445,mẽmẽrẽpa,Phonemic,turn around,,,,
10-120-251-1,pume1238,Yaruro,1588,mẽmẽrẽpa,Phonemic,turn over,,,,
10-110-251-1,pume1238,Yaruro,765,hʊ kʰia,Phonemic,move,,,,
9-890-251-1,pume1238,Yaruro,2001,hoa,Phonemic,paint (vb),,,,
9-880-251-1,pume1238,Yaruro,647,hoa-reã,Phonemic,paint (noun),,,,
9-810-251-1,pume1238,Yaruro,228,čʰoro,Phonemic,carve,,,,
9-791-251-1,pume1238,Yaruro,360,pʰãrĩ,Phonemic,fan (vb),,,,
9-790-251-1,pume1238,Yaruro,1971,pʰãĩ-to,Phonemic,fan (noun),,,,
9-771-251-1,pume1238,Yaruro,292,tabada,Phonemic,rug,,,,
9-770-251-1,pume1238,Yaruro,195,tabada,Phonemic,mat,,,,
9-760-251-1,pume1238,Yaruro,1539,taio,Phonemic,basket,,,,
9-750-251-1,pume1238,Yaruro,1729,tari,Phonemic,"weave, plait",,"Respectively: weave (hammock); w. (mat, basket).",,
9-750-251-3,pume1238,Yaruro,1729,a,Phonemic,"weave, plait",,"Respectively: weave (hammock); w. (mat, basket).",,
9-740-251-1,pume1238,Yaruro,604,[mõteya],Phonemic,glass,,,,
9-730-251-1,pume1238,Yaruro,1399,dabu hĩčã,Phonemic,clay,,,,
9-720-251-1,pume1238,Yaruro,289,hɛda-nõ,Phonemic,mold (clay etc),,,,
9-670-251-1,pume1238,Yaruro,621,čʰiparari,Phonemic,iron,,,,
9-650-251-1,pume1238,Yaruro,759,čɛrɛ,Phonemic,silver,,,,
9-560-251-1,pume1238,Yaruro,1069,hĩča,Phonemic,glue,,,,
9-500-251-1,pume1238,Yaruro,502,čʰiparari,Phonemic,nail,,,,
9-490-251-1,pume1238,Yaruro,1481,mõẽ-reã,Phonemic,hammer,,,,
9-480-251-1,pume1238,Yaruro,1948,čʰoã-reã,Phonemic,saw,,,,
9-461-251-1,pume1238,Yaruro,46,kʰare,Phonemic,hollow out,,,,
9-460-251-1,pume1238,Yaruro,1501,puɛ-pehʊ,Phonemic,bore,,,,
9-440-251-1,pume1238,Yaruro,1840,kʰĩdʊ,Phonemic,build,,,,
9-380-251-1,pume1238,Yaruro,245,čʰãoa anã-reã to,Phonemic,broom,,,,
9-360-251-1,pume1238,Yaruro,1453,hoa,Phonemic,wash,,Wash clothes or dishes.,,
9-370-251-1,pume1238,Yaruro,230,čʰãoa anã,Phonemic,sweep,,,,
9-350-251-1,pume1238,Yaruro,1487,kʰarʊ,Phonemic,pour,,,,
9-343-251-1,pume1238,Yaruro,1414,piru,Phonemic,"squeeze, wring",,,,
9-342-251-1,pume1238,Yaruro,1913,akʰi kʰae-iʊ,Phonemic,press,,,,
9-341-251-1,pume1238,Yaruro,357,mũĩ idʊ,Phonemic,hang up,,,,
9-340-251-1,pume1238,Yaruro,38,čʰãoa,Phonemic,spread out,,,,
9-330-251-1,pume1238,Yaruro,1455,mũĩ,Phonemic,pull,,,,
9-320-251-1,pume1238,Yaruro,214,tobo,Phonemic,stretch,,,,
9-310-251-1,pume1238,Yaruro,1449,gĩdʊ,Phonemic,"rub, wipe",,"Respectively: rub, as with an ointment; rub/scrub (bathing); wipe (wipe dry, wipe up).",,
9-310-251-3,pume1238,Yaruro,1449,čoa,Phonemic,"rub, wipe",,"Respectively: rub, as with an ointment; rub/scrub (bathing); wipe (wipe dry, wipe up).",,
9-310-251-5,pume1238,Yaruro,1449,bubɛ-gua,Phonemic,"rub, wipe",,"Respectively: rub, as with an ointment; rub/scrub (bathing); wipe (wipe dry, wipe up).",,
9-290-251-1,pume1238,Yaruro,291,i-pa,Phonemic,"flay, skin",,,,
9-280-251-1,pume1238,Yaruro,1735,mũĩ-kira,Phonemic,tear,,,,
9-270-251-1,pume1238,Yaruro,1437,tuti-čia,Phonemic,split,,,,
9-261-251-1,pume1238,Yaruro,588,čʰi-čʰi-peã oa kʰia,Phonemic,broken,,,,
9-260-251-1,pume1238,Yaruro,680,čʰi-čʰi-pa,Phonemic,break,,,,
9-250-251-1,pume1238,Yaruro,677,hibɛ,Phonemic,ax,,,,
9-240-251-1,pume1238,Yaruro,356,kɨ̃ tʊa-reã,Phonemic,"scissors, shears",,,,
9-230-251-1,pume1238,Yaruro,1352,koanã-reã,Phonemic,knife,,,,
9-223-251-1,pume1238,Yaruro,1434,idɛ-gua,Phonemic,stab,,,,
9-222-251-1,pume1238,Yaruro,155,čʰarɛ,Phonemic,"chop, hew",,,,
9-221-251-1,pume1238,Yaruro,355,de,Phonemic,cut down,,,,
9-220-251-1,pume1238,Yaruro,1432,budo,Phonemic,cut,,"Respectively: cut with hacking motion; cut with slicing motion (meat, bread); cut to separate/ open up (fruit, or an operation). Also mũĩ-kira, cut paper, cloth, clothes, etc.",,
9-220-251-3,pume1238,Yaruro,1432,koa,Phonemic,cut,,"Respectively: cut with hacking motion; cut with slicing motion (meat, bread); cut to separate/ open up (fruit, or an operation). Also mũĩ-kira, cut paper, cloth, clothes, etc.",,
9-220-251-5,pume1238,Yaruro,1432,pɛra,Phonemic,cut,,"Respectively: cut with hacking motion; cut with slicing motion (meat, bread); cut to separate/ open up (fruit, or an operation). Also mũĩ-kira, cut paper, cloth, clothes, etc.",,
9-211-251-1,pume1238,Yaruro,354,kʰae gua,Phonemic,pound with fist,,,,
9-210-251-1,pume1238,Yaruro,2133,bede kʰae-iʊ,Phonemic,"strike (hit, beat)",,,,
9-192-251-1,pume1238,Yaruro,760,kãĩ čatu,Phonemic,knot (noun),,Cf. 'protuberance' in 'elbow' 04.320; 'knee' 04.360; 'ankle' 04. 371.,,
9-190-251-1,pume1238,Yaruro,1218,bʊre kʊ,Phonemic,"rope, cord",,,,
9-161-251-1,pume1238,Yaruro,352,hare,Phonemic,untie,,,,
9-160-251-1,pume1238,Yaruro,1917,yura,Phonemic,"tie, bind",,,,
9-150-251-1,pume1238,Yaruro,1470,čʰere,Phonemic,fold,,,,
9-140-251-1,pume1238,Yaruro,2004,yarɛ,Phonemic,bend,,,,
9-120-251-1,pume1238,Yaruro,984,hãbepa,Phonemic,work,,,,
9-110-251-1,pume1238,Yaruro,2575,hapa,Phonemic,"do, make",,,,
8-980-251-1,pume1238,Yaruro,641,boɛ a,Phonemic,mushroom,,,,
8-970-251-1,pume1238,Yaruro,33,hĩ čãtu,Phonemic,nettle,,,,
8-960-251-1,pume1238,Yaruro,348,bɛ,Phonemic,fish poison (root),,,,
8-941-251-1,pume1238,Yaruro,146,čĩã-reã,Phonemic,sugar cane,,,,
8-940-251-1,pume1238,Yaruro,1927,čʰɛtɛ to,Phonemic,bamboo,,,,
8-931-251-1,pume1238,Yaruro,864,ede,Phonemic,"pumpkin, squash",,,,
8-930-251-1,pume1238,Yaruro,411,tʰaɛ,Phonemic,gourd,,,,
8-920-251-1,pume1238,Yaruro,925,tãbɛ,Phonemic,"tapioca, manioc, cassava",,,,
8-910-251-1,pume1238,Yaruro,159,õari,Phonemic,sweet potato,,,,
8-840-251-1,pume1238,Yaruro,868,paratʊnã to,Phonemic,banana tree,,,,
8-830-251-1,pume1238,Yaruro,1126,činã,Phonemic,citrus fruit,,,,
8-820-251-1,pume1238,Yaruro,970,[koko],Phonemic,coconut,,,,
8-810-251-1,pume1238,Yaruro,1181,tʰo to,Phonemic,palm tree,,,,
8-760-251-1,pume1238,Yaruro,345,to ui,Phonemic,sap,,Lit. 'tree water'.,,
8-750-251-1,pume1238,Yaruro,1204,to i,Phonemic,bark,,,,
8-740-251-1,pume1238,Yaruro,409,to čʰara,Phonemic,forked branch,,,,
8-740-251-3,pume1238,Yaruro,409,to õãeča,Phonemic,forked branch,,,,
8-730-251-1,pume1238,Yaruro,344,to taru,Phonemic,tree trunk,,,,
8-720-251-1,pume1238,Yaruro,241,to koto,Phonemic,tree stump,,,,
8-690-251-1,pume1238,Yaruro,1689,yũ,Phonemic,smoke (tobacco),,,,
8-680-251-1,pume1238,Yaruro,974,gãbi,Phonemic,tobacco,,,,
8-670-251-1,pume1238,Yaruro,343,to kãĩ,Phonemic,vine,,,,
8-660-251-1,pume1238,Yaruro,968,mĩrĩmĩrĩ čo,Phonemic,acorn,,,,
8-610-251-1,pume1238,Yaruro,644,mĩrĩmĩrĩ to,Phonemic,oak,,,,
8-600-251-1,pume1238,Yaruro,906,to,Phonemic,tree,,,,
8-570-251-1,pume1238,Yaruro,239,to čʰučʰu,Phonemic,flower,,,,
8-560-251-1,pume1238,Yaruro,628,to pʰʊ̃da,Phonemic,leaf,,,,
8-550-251-1,pume1238,Yaruro,1531,to ã čʰia,Phonemic,branch,,,,
8-540-251-1,pume1238,Yaruro,670,to takɨ̃,Phonemic,root,,,,
8-531-251-1,pume1238,Yaruro,1486,ponẽ,Phonemic,plant (vb),,To plant yuca or sugar cane is gua; to plant (bury) bananas or tubers is nãrã.,,
8-520-251-1,pume1238,Yaruro,342,kʊrʊ gaa,Phonemic,hay,,,,
8-530-251-1,pume1238,Yaruro,653,to,Phonemic,plant (noun),,Also means 'tree'.,,
8-510-251-1,pume1238,Yaruro,606,kʊrʊ,Phonemic,grass,,,,
8-480-251-1,pume1238,Yaruro,926,čʰai čo,Phonemic,rice,,,,
8-470-251-1,pume1238,Yaruro,506,pʰʊɛ,Phonemic,"maize, corn",,,,
8-420-251-1,pume1238,Yaruro,605,čo,Phonemic,"grain (barley, oats etc)",,,,
8-340-251-1,pume1238,Yaruro,285,ɛ boa-ča,Phonemic,thresh,,,,
8-330-251-1,pume1238,Yaruro,2132,tʰɔpɛnẽ,Phonemic,"sickle, scythe",,Refers to a machete.,,
8-320-251-1,pume1238,Yaruro,190,kʊrʊ geba,Phonemic,"mow, reap",,,,
8-311-251-1,pume1238,Yaruro,714,čo,Phonemic,seed,,,,
8-310-251-1,pume1238,Yaruro,748,ponẽ,Phonemic,sow,,,,
8-270-251-1,pume1238,Yaruro,338,čʰãoɛ anã-reã,Phonemic,rake,,,,
8-240-251-1,pume1238,Yaruro,1901,to-rɛ hihia,Phonemic,shovel,,,,
8-230-251-1,pume1238,Yaruro,1176,to-rɛ pʰatɛ,Phonemic,spade,,,,
8-220-251-1,pume1238,Yaruro,1418,jʊe,Phonemic,dig,,,,
8-170-251-1,pume1238,Yaruro,2002,hʊtʊ,Phonemic,ditch,,,,
8-160-251-1,pume1238,Yaruro,1690,tota-reã,Phonemic,fence,,,,
8-150-251-1,pume1238,Yaruro,1541,kabɛpa,Phonemic,"cultivate, till",,,,
8-130-251-1,pume1238,Yaruro,586,tʰado,Phonemic,garden,,,,
8-120-251-1,pume1238,Yaruro,212,tʰado,Phonemic,field (for cultivation),,,,
7-640-251-1,pume1238,Yaruro,901,dabu čoko,Phonemic,adobe,,,,
7-620-251-1,pume1238,Yaruro,1006,dabu čoko,Phonemic,brick,,,,
7-570-251-1,pume1238,Yaruro,1227,to pʰatɛ,Phonemic,board,,,,
7-560-251-1,pume1238,Yaruro,281,to,Phonemic,"post, pole",,,,
7-550-251-1,pume1238,Yaruro,1132,hõ akʊ-to,Phonemic,beam,,,,
7-540-251-1,pume1238,Yaruro,829,pʰatɛtu hu,Phonemic,rafter,,,,
7-530-251-1,pume1238,Yaruro,280,pačo ãrẽ-re-mẽ to,Phonemic,ridgepole,,,,
7-520-251-1,pume1238,Yaruro,279,udi,Phonemic,thatch,,,,
7-510-251-1,pume1238,Yaruro,769,čʰoã-reã,Phonemic,roof,,Refers to a tin roof.,,
7-480-251-1,pume1238,Yaruro,205,čara,Phonemic,trough,,,,
7-470-251-1,pume1238,Yaruro,745,to tʰaeã,Phonemic,shelf,,,,
7-460-251-1,pume1238,Yaruro,1273,(yõ) tata-pa-reã,Phonemic,candle,,,,
7-450-251-1,pume1238,Yaruro,2131,tata-pa-reã,Phonemic,"lamp, torch",,,,
7-440-251-1,pume1238,Yaruro,1775,[meča],Phonemic,table,,,,
7-430-251-1,pume1238,Yaruro,1476,ča-reã,Phonemic,chair,,,,
7-422-251-1,pume1238,Yaruro,806,čʰɨčʰa inã-reã,Phonemic,blanket,,,,
7-420-251-1,pume1238,Yaruro,1663,mõã-reã,Phonemic,bed,,,,
7-370-251-1,pume1238,Yaruro,1464,bua-reã,Phonemic,ladder,,,,
7-310-251-1,pume1238,Yaruro,185,tʰãre-reã,Phonemic,fireplace,,,,
7-260-251-1,pume1238,Yaruro,1632,[čemẽto],Phonemic,floor,,From Span. 'cemento'; refers to a cement floor.,,
7-250-251-1,pume1238,Yaruro,1375,hõɛ-yaɔ,Phonemic,window,,,,
7-240-251-1,pume1238,Yaruro,1472,gũio-reã,Phonemic,key,,,,
7-231-251-1,pume1238,Yaruro,1012,tuti-reã,Phonemic,"latch, door-bolt",,,,
7-230-251-1,pume1238,Yaruro,1596,tuti kara-reã,Phonemic,lock (noun),,,,
7-221-251-1,pume1238,Yaruro,80,hõɛ-yaɔ to,Phonemic,"doorpost, jamb",,,,
7-210-251-1,pume1238,Yaruro,1450,hõ tʰo,Phonemic,room,,,,
7-220-251-1,pume1238,Yaruro,1567,hõɛ-yaɔ,Phonemic,"door, gate",,"Also kʰore, which means 'opening/hole'; cf. 'cave' 01.280.",,
7-180-251-1,pume1238,Yaruro,335,ãdo-pa-reã hõ,Phonemic,meeting house,,,,
7-170-251-1,pume1238,Yaruro,334,čumã-reã hõ,Phonemic,cookhouse,,,,
7-150-251-1,pume1238,Yaruro,736,bɛ yuro,Phonemic,"yard, court",,,,
7-130-251-1,pume1238,Yaruro,1678,hõ boĩčʰĩ,Phonemic,hut,,,,
7-120-251-1,pume1238,Yaruro,1252,hõ,Phonemic,house,,,,
7-110-251-1,pume1238,Yaruro,363,kʰɔ̃rɔ̃,Phonemic,"dwell, live",,,,
6-960-251-1,pume1238,Yaruro,1171,da-čo da-reã,Phonemic,mirror,,,,
6-950-251-1,pume1238,Yaruro,788,ui čoa-reã,Phonemic,soap,,'Laundry soap' is tʰibo hoa-reã.,,
6-940-251-1,pume1238,Yaruro,1926,gĩdʊ-reã,Phonemic,ointment,,,,
6-921-251-1,pume1238,Yaruro,333,kõ tari,Phonemic,braid,,,,
6-920-251-1,pume1238,Yaruro,1821,nãmĩto,Phonemic,brush,,,,
6-910-251-1,pume1238,Yaruro,1475,nãmĩto,Phonemic,comb,,,,
6-820-251-1,pume1238,Yaruro,1021,bubɛ-gua-reã,Phonemic,towel,,,,
6-810-251-1,pume1238,Yaruro,332,tʰibo ko,Phonemic,"handkerchief, rag",,,,
6-780-251-1,pume1238,Yaruro,330,pačo tabɔ-reã,Phonemic,"headband, headdress",,,,
6-770-251-1,pume1238,Yaruro,770,tãrã mʊrʊ-reã,Phonemic,earring,,,,
6-760-251-1,pume1238,Yaruro,1860,tʊričʰi čo,Phonemic,bead,,,,
6-750-251-1,pume1238,Yaruro,1961,tʊričʰi,Phonemic,necklace,,,,
6-740-251-1,pume1238,Yaruro,1754,iči čaʊ-reã,Phonemic,bracelet,,,,
6-730-251-1,pume1238,Yaruro,1374,iči čaʊ-reã,Phonemic,ring (for finger),,,,
6-630-251-1,pume1238,Yaruro,64,guɛ-ãrã,Phonemic,pin,,,,
6-620-251-1,pume1238,Yaruro,757,[mõtõ],Phonemic,button,,,,
6-610-251-1,pume1238,Yaruro,1851,tɛtĩgoɛ,Phonemic,pocket,,,,
6-570-251-1,pume1238,Yaruro,772,kada habo-reã,Phonemic,"belt, girdle",,,,
6-550-251-1,pume1238,Yaruro,2130,pačo-čo-reã,Phonemic,"hat, cap",,,,
6-510-251-1,pume1238,Yaruro,1381,taɔ-hõɛ,Phonemic,shoe,,,,
6-520-251-1,pume1238,Yaruro,585,taɔ-hõɛ,Phonemic,boot,,,,
6-490-251-1,pume1238,Yaruro,329,taɔ-hõɛ,Phonemic,"stocking, sock",,,,
6-480-251-1,pume1238,Yaruro,809,yai gõio-reã,Phonemic,trousers,,,,
6-461-251-1,pume1238,Yaruro,328,go,Phonemic,grass-skirt,,Refers to a palm fiber loincloth.,,
6-460-251-1,pume1238,Yaruro,1600,tʰibo taɔ,Phonemic,skirt,,,,
6-450-251-1,pume1238,Yaruro,2012,tʰibo gɔrɔ,Phonemic,collar,,,,
6-440-251-1,pume1238,Yaruro,1622,ɔĩ hã inã-reã,Phonemic,shirt,,,,
6-430-251-1,pume1238,Yaruro,603,čʰɨča inã-reã,Phonemic,coat,,,,
6-420-251-1,pume1238,Yaruro,474,ieĩ hã inã-reã,Phonemic,woman's dress,,,,
6-411-251-1,pume1238,Yaruro,327,kʰɔ-mẽ inã-reã,Phonemic,poncho,,,,
6-390-251-1,pume1238,Yaruro,157,tupʰãra to,Phonemic,dye,,Refers to a red dye from a tree.,,
6-410-251-1,pume1238,Yaruro,326,inã-reã,Phonemic,cloak,,,,
6-380-251-1,pume1238,Yaruro,1161,tʰibo to kara-reã,Phonemic,thread,,,,
6-360-251-1,pume1238,Yaruro,1382,kara-reã,Phonemic,needle,,,,
6-350-251-1,pume1238,Yaruro,1457,kara,Phonemic,sew,,,,
6-330-251-1,pume1238,Yaruro,133,a,Phonemic,weave,,,,
6-290-251-1,pume1238,Yaruro,629,i,Phonemic,leather,,,,
6-280-251-1,pume1238,Yaruro,580,kɨ̃,Phonemic,fur,,,,
6-240-251-1,pume1238,Yaruro,1850,čo-ki,Phonemic,cotton,,,,
6-210-251-1,pume1238,Yaruro,1616,tʰibo koto,Phonemic,cloth,,,,
6-120-251-1,pume1238,Yaruro,1895,tʰibo,Phonemic,"clothing, clothes",,,,
6-110-251-1,pume1238,Yaruro,158,inã,Phonemic,put on (clothes),,,,
5-971-251-1,pume1238,Yaruro,1556,nɨ̃ tʰo,Phonemic,egg yolk,,,,
5-970-251-1,pume1238,Yaruro,744,nɨ̃,Phonemic,egg,,,,
5-940-251-1,pume1238,Yaruro,404,ɛrɔ,Phonemic,fermented drink,,,,
5-930-251-1,pume1238,Yaruro,1639,Niβɛ ɛrɔ,Phonemic,beer,,,,
5-920-251-1,pume1238,Yaruro,1524,Niβɛ ɛrɔ,Phonemic,wine,,Refers to a national fermented drink.,,
5-910-251-1,pume1238,Yaruro,941,ẽ ui,Phonemic,mead,,,,
5-900-251-1,pume1238,Yaruro,731,hara-reã,Phonemic,"beverage, drink",,,,
5-880-251-1,pume1238,Yaruro,1569,yɨ̃-kʊ čoko,Phonemic,cheese,,,,
5-870-251-1,pume1238,Yaruro,93,čãoɛ,Phonemic,milk (vb),,,,
5-850-251-1,pume1238,Yaruro,862,čĩã-reã kʊ,Phonemic,sugar,,"Also [ačuka], Spanish.",,
5-860-251-1,pume1238,Yaruro,635,yɨ̃-kʊ,Phonemic,milk (noun),,,,
5-840-251-1,pume1238,Yaruro,942,ẽ,Phonemic,honey,,,,
5-810-251-1,pume1238,Yaruro,1274,ya-goe-mẽ,Phonemic,salt,,,,
5-791-251-1,pume1238,Yaruro,323,yõ,Phonemic,"grease, fat",,,,
5-790-251-1,pume1238,Yaruro,1484,yõ,Phonemic,oil,,,,
5-770-251-1,pume1238,Yaruro,191,čo,Phonemic,nut,,,,
5-712-251-1,pume1238,Yaruro,1966,poa,Phonemic,bunch,,,,
5-710-251-1,pume1238,Yaruro,1507,čo,Phonemic,fruit,,Also refers to seed.,,
5-660-251-1,pume1238,Yaruro,832,karao,Phonemic,bean,,,,
5-640-251-1,pume1238,Yaruro,1547,huru,Phonemic,"soup, broth",,,,
5-630-251-1,pume1238,Yaruro,1874,goe čoko,Phonemic,sausage,,,,
5-610-251-1,pume1238,Yaruro,634,gõã,Phonemic,meat,,,,
5-590-251-1,pume1238,Yaruro,225,to koto,Phonemic,pestle,,,,
5-580-251-1,pume1238,Yaruro,224,to puɛ,Phonemic,mortar (2),,,,
5-570-251-1,pume1238,Yaruro,636,čʰoã,Phonemic,mill,,,,
5-560-251-1,pume1238,Yaruro,1033,hade,Phonemic,"crush, grind",,,,
5-550-251-1,pume1238,Yaruro,1594,pʰonõ,Phonemic,"meal, flour",,,,
5-540-251-1,pume1238,Yaruro,274,mitɛ-mire,Phonemic,knead,,,,
5-530-251-1,pume1238,Yaruro,273,mitɛ-mire-reã,Phonemic,dough,,,,
5-510-251-1,pume1238,Yaruro,1368,čãpe,Phonemic,bread,,"Respectively: refers to any bread, cake, cookie, muffin, etc.; Spanish 'pan'. Something to go with the meal, such as bread, is ãde-hura-reã.",,
5-510-251-3,pume1238,Yaruro,1368,[pã],Phonemic,bread,,"Respectively: refers to any bread, cake, cookie, muffin, etc.; Spanish 'pan'. Something to go with the meal, such as bread, is ãde-hura-reã.",,
5-490-251-1,pume1238,Yaruro,2017,aɛ-korɛ,Phonemic,"stir, mix",,,,
5-480-251-1,pume1238,Yaruro,1767,koari,Phonemic,scrape,,,,
5-470-251-1,pume1238,Yaruro,86,kãrẽ,Phonemic,"sieve, strain",,,,
5-460-251-1,pume1238,Yaruro,275,i,Phonemic,peel,,,,
5-410-251-1,pume1238,Yaruro,1526,hura-reã,Phonemic,meal (a),,,,
5-380-251-1,pume1238,Yaruro,1352,koanã-reã,Phonemic,knife (2),,,,
5-370-251-1,pume1238,Yaruro,1378,[kučarila],Phonemic,spoon,,From Spanish.,,
5-350-251-1,pume1238,Yaruro,476,ui aɛ hara-reã,Phonemic,"cup, drinking vessel",,,,
5-330-251-1,pume1238,Yaruro,1530,baribo,Phonemic,bowl,,,,
5-340-251-1,pume1238,Yaruro,270,yokodɛ,Phonemic,"pitcher, jug",,May be a gourd container.,,
5-320-251-1,pume1238,Yaruro,480,hɛdɛ-reã,Phonemic,plate,,,,
5-310-251-1,pume1238,Yaruro,481,hɛdɛ-reã,Phonemic,dish,,,,
5-260-251-1,pume1238,Yaruro,1462,mãu,Phonemic,"pot, cooking vessel",,,,
5-270-251-1,pume1238,Yaruro,854,kʰanãri,Phonemic,kettle,,,,
5-240-251-1,pume1238,Yaruro,183,bura,Phonemic,bake,,Means to bake in the coals.,,
5-230-251-1,pume1238,Yaruro,2146,hɔ,Phonemic,"roast, fry",,The former is to roast on coals.,,
5-230-251-3,pume1238,Yaruro,2146,yõro anõ,Phonemic,"roast, fry",,The former is to roast on coals.,,
5-220-251-1,pume1238,Yaruro,792,ʊ̃da,Phonemic,boil (vb),,,,
5-210-251-1,pume1238,Yaruro,1100,čumã,Phonemic,cook,,,,
5-190-251-1,pume1238,Yaruro,129,hemũĩ,Phonemic,choke,,,,
5-181-251-1,pume1238,Yaruro,897,tʰɔrɔ,Phonemic,swallow,,,,
5-181-251-3,pume1238,Yaruro,897,are-kɨa,Phonemic,swallow,,,,
5-180-251-1,pume1238,Yaruro,321,hura,Phonemic,chew,,,,
5-160-251-1,pume1238,Yaruro,1421,čʰučʰu kʰia,Phonemic,suck,,,,
5-150-251-1,pume1238,Yaruro,848,ui hãbo,Phonemic,thirst,,,,
5-140-251-1,pume1238,Yaruro,1864,tamẽčõ hãbo,Phonemic,hunger,,,,
5-130-251-1,pume1238,Yaruro,1401,hara,Phonemic,drink,,,,
5-125-251-1,pume1238,Yaruro,1728,tapu-čʰa,Phonemic,rotten,,,,
5-124-251-1,pume1238,Yaruro,1958,kere-čʰa,Phonemic,"green, unripe",,,,
5-123-251-1,pume1238,Yaruro,178,mõɛ-peã,Phonemic,ripe,,,,
5-122-251-1,pume1238,Yaruro,1959,koɛ-čʰa,Phonemic,raw,,,,
5-121-251-1,pume1238,Yaruro,269,čumã ɛte,Phonemic,cooked,,,,
5-120-251-1,pume1238,Yaruro,256,hura-reã,Phonemic,food,,,,
5-110-251-1,pume1238,Yaruro,1336,hura,Phonemic,eat,,,,
4-990-251-1,pume1238,Yaruro,590,čʰɛtɛ,Phonemic,"naked, bare",,,,
4-970-251-1,pume1238,Yaruro,1653,da-koto,Phonemic,blind,,Lit. 'eye-without'.,,
4-980-251-1,pume1238,Yaruro,1463,yũĩ,Phonemic,intoxicated,,,,
4-960-251-1,pume1238,Yaruro,1666,mãẽ-koto,Phonemic,mute,,Lit. 'voice/words-without'.,,
4-950-251-1,pume1238,Yaruro,996,tãrã-koto,Phonemic,deaf,,Lit. 'ear-without'. See 'lame' 04.490.,,
4-930-251-1,pume1238,Yaruro,1125,tʰɔbɛ taka,Phonemic,bald,,Adjective form.,,
4-940-251-1,pume1238,Yaruro,320,taɔ-koto,Phonemic,lame,,"Lit. 'foot-without'; koto can also mean a cut-off piece of something, as in 'pole, pestle' 05.590; 'cloth' 06.210.",,
4-920-251-1,pume1238,Yaruro,1564,čumĩ-dɛ-ri kʰia,Phonemic,lazy,,,,
4-912-251-1,pume1238,Yaruro,168,hʊrʊtʊ čʰa-pa,Phonemic,rest,,,,
4-910-251-1,pume1238,Yaruro,1757,hʊrʊtʊ,Phonemic,"tired, weary",,,,
4-890-251-1,pume1238,Yaruro,655,ɛ,Phonemic,poison,,,,
4-880-251-1,pume1238,Yaruro,1372,čʰa-parẽ-reã,Phonemic,"medicine, drug",,,,
4-870-251-1,pume1238,Yaruro,597,čʰa-parẽ-mẽ,Phonemic,physician,,,,
4-860-251-1,pume1238,Yaruro,499,čʰa-parẽ,Phonemic,"cure, heal",,,,
4-858-251-1,pume1238,Yaruro,497,ko-re-mẽ,Phonemic,scar,,,,
4-857-251-1,pume1238,Yaruro,1808,here,Phonemic,pus,,,,
4-856-251-1,pume1238,Yaruro,793,čumã,Phonemic,boil (noun),,,,
4-855-251-1,pume1238,Yaruro,1584,pɔrɔ,Phonemic,blister,,,,
4-854-251-1,pume1238,Yaruro,148,tʊka,Phonemic,itch,,,,
4-853-251-1,pume1238,Yaruro,1903,i mãrĩ-peã,Phonemic,swelling,,skin,,
4-852-251-1,pume1238,Yaruro,1148,goe-mãmã,Phonemic,bruise,,,,
4-850-251-1,pume1238,Yaruro,1109,ko,Phonemic,"wound, sore",,,,
4-843-251-1,pume1238,Yaruro,102,pʰaio hãbo,Phonemic,cold (catarrh),,,,
4-841-251-1,pume1238,Yaruro,1534,i tɔ,Phonemic,fever,,Lit. 'skin burn' 01.851.,,
4-840-251-1,pume1238,Yaruro,1847,gito hãbo,Phonemic,"sick, sickness",,,,
4-830-251-1,pume1238,Yaruro,1364,čʰa,Phonemic,"well, health",,Adjective form.,,
4-820-251-1,pume1238,Yaruro,1601,hu čia-dɛ,Phonemic,weak,,Lit. 'bone(s) to have not'. Cf. 'strong' 04.810.,,
4-810-251-1,pume1238,Yaruro,785,hu čia,Phonemic,"strong, mighty, powerful",,Lit. 'bone(s) have'.,,
4-790-251-1,pume1238,Yaruro,1773,pʰatɛ puɛ,Phonemic,"grave, tomb",,,,
4-780-251-1,pume1238,Yaruro,1719,nãrã,Phonemic,bury (the dead),,,,
4-770-251-1,pume1238,Yaruro,767,hẽoa-dɛ-peã,Phonemic,corpse,,Lit. stopped breathing.,,
4-760-251-1,pume1238,Yaruro,1417,hãbo tʊnẽ,Phonemic,kill,,,,
4-751-251-1,pume1238,Yaruro,1904,hẽmũĩ hãboã,Phonemic,drowned,,,,
4-750-251-1,pume1238,Yaruro,1494,hãbo,Phonemic,"die, dead",,,,
4-740-251-1,pume1238,Yaruro,1422,kʰɔ̃rɔ̃,Phonemic,"live, living, life",,,,
4-732-251-1,pume1238,Yaruro,1087,bo-mãĩ tʊnẽ,Phonemic,conceive,,,,
4-730-251-1,pume1238,Yaruro,1123,bo-mãĩ,Phonemic,pregnant,,,,
4-720-251-1,pume1238,Yaruro,1090,ara,Phonemic,born (to be),,Means to give birth.,,
4-710-251-1,pume1238,Yaruro,1152,nɨ̃ri,Phonemic,beget (of father),,,,
4-690-251-1,pume1238,Yaruro,138,ui čoa,Phonemic,bathe,,Lit. 'water ?'.,,
4-680-251-1,pume1238,Yaruro,52,i mãnã-ga kʰia,Phonemic,shiver,,Also mã uɛ-hãbo čʰao.,,
4-670-251-1,pume1238,Yaruro,1785,idɛ-gua,Phonemic,have sexual intercourse,,,,
4-660-251-1,pume1238,Yaruro,676,a-gure-čʊ,Phonemic,defecate,,,,
4-650-251-1,pume1238,Yaruro,592,ha,Phonemic,urinate,,,,
4-640-251-1,pume1238,Yaruro,1159,anɨ̃,Phonemic,break wind,,,,
4-630-251-1,pume1238,Yaruro,1602,bɛdɔ,Phonemic,wake up,,,,
4-620-251-1,pume1238,Yaruro,1920,kʰanẽ-hʊ,Phonemic,dream,,,,
4-612-251-1,pume1238,Yaruro,1983,kʰonõ,Phonemic,snore,,,,
4-610-251-1,pume1238,Yaruro,1585,mõã,Phonemic,sleep,,,,
4-591-251-1,pume1238,Yaruro,268,tai-gũrõ,Phonemic,dribble,,,,
4-590-251-1,pume1238,Yaruro,319,bɔrɔ,Phonemic,lick,,,,
4-580-251-1,pume1238,Yaruro,1403,hui,Phonemic,bite,,,,
4-570-251-1,pume1238,Yaruro,1278,ʊ-gõdɔ-čʊ,Phonemic,vomit,,,,
4-560-251-1,pume1238,Yaruro,1440,pʰũĩ-nõ,Phonemic,spit,,,,
4-550-251-1,pume1238,Yaruro,126,u-gõdɔ,Phonemic,perspire,,,,
4-540-251-1,pume1238,Yaruro,1621,ačʰĩpa,Phonemic,sneeze,,,,
4-530-251-1,pume1238,Yaruro,879,pʰaio tʊka,Phonemic,cough,,,,
4-521-251-1,pume1238,Yaruro,162,heko heko-pa,Phonemic,hiccough,,,,
4-520-251-1,pume1238,Yaruro,1028,yaɔ yabɛ kʰia,Phonemic,"yawn, gape",,,,
4-510-251-1,pume1238,Yaruro,1407,hẽoa,Phonemic,"breathe, breath",,,,
4-492-251-1,pume1238,Yaruro,1222,čua,Phonemic,penis,,,,
4-490-251-1,pume1238,Yaruro,797,nɨ̃,Phonemic,testicle,,,,
4-470-251-1,pume1238,Yaruro,804,bo hõɛ,Phonemic,womb,,,,
4-464-251-1,pume1238,Yaruro,834,apɛ čamã,Phonemic,buttocks,,Lit. 'back/behind cheek' 04.208.,,
4-463-251-1,pume1238,Yaruro,1745,apɛ hu,Phonemic,hip,,,,
4-462-251-1,pume1238,Yaruro,1681,kada,Phonemic,waist,,,,
4-461-251-1,pume1238,Yaruro,1991,akʊ-to,Phonemic,"intestines, guts",,,,
4-460-251-1,pume1238,Yaruro,819,akʊ,Phonemic,stomach,,,,
4-451-251-1,pume1238,Yaruro,489,gõe-čo,Phonemic,kidney,,,,
4-450-251-1,pume1238,Yaruro,1224,mã,Phonemic,liver,,,,
4-441-251-1,pume1238,Yaruro,688,pʰuru,Phonemic,lung,,,,
4-440-251-1,pume1238,Yaruro,1223,čʰĩ,Phonemic,heart,,,,
4-430-251-1,pume1238,Yaruro,1838,pʰatɛ-bu,Phonemic,navel,,,,
4-420-251-1,pume1238,Yaruro,154,čuču,Phonemic,udder,,,,
4-412-251-1,pume1238,Yaruro,796,yɨ̃,Phonemic,"nipple, teat",,,,
4-410-251-1,pume1238,Yaruro,1402,čuču,Phonemic,breast (of woman),,,,
4-400-251-1,pume1238,Yaruro,1592,maito,Phonemic,chest,,,,
4-393-251-1,pume1238,Yaruro,1201,če,Phonemic,feather,,,,
4-392-251-1,pume1238,Yaruro,1257,pʰʊ̃da to,Phonemic,wing,,,,
4-380-251-1,pume1238,Yaruro,1389,taɔ-čʰia,Phonemic,toe,,,,
4-374-251-1,pume1238,Yaruro,318,taɔ ma hurubo,Phonemic,footprint,,,,
4-372-251-1,pume1238,Yaruro,980,taɔ ʊrʊ,Phonemic,heel,,,,
4-371-251-1,pume1238,Yaruro,803,hu čatu,Phonemic,ankle,,,,
4-370-251-1,pume1238,Yaruro,1301,taɔ,Phonemic,foot,,,,
4-360-251-1,pume1238,Yaruro,1371,hu čatu,Phonemic,knee,,Lit. 'bone protuberance'. Cf. 'elbow' 04.320; 'ankle' 04.371; 'knot' 09.192. Also used for the joint in sugar cane. 'Back of knee (hollow/inside of joint)' is hu kara.,,
4-352-251-1,pume1238,Yaruro,498,taɔ-čo,Phonemic,calf of leg,,,,
4-351-251-1,pume1238,Yaruro,800,yai hu taru,Phonemic,thigh,,,,
4-350-251-1,pume1238,Yaruro,1297,yai hu,Phonemic,leg,,,,
4-345-251-1,pume1238,Yaruro,72,iβɛ,Phonemic,claw,,,,
4-344-251-1,pume1238,Yaruro,1258,iβɛ,Phonemic,fingernail,,,,
4-342-251-1,pume1238,Yaruro,1781,iči pačo,Phonemic,thumb,,,,
4-340-251-1,pume1238,Yaruro,1303,iči čʰia,Phonemic,finger,,,,
4-331-251-1,pume1238,Yaruro,1183,iči pʰatɛ,Phonemic,palm of hand,,,,
4-330-251-1,pume1238,Yaruro,1277,iči,Phonemic,hand,,,,
4-321-251-1,pume1238,Yaruro,799,iči kara,Phonemic,wrist,,Lit. 'inside/hollow' of hand. See also 'knee (back of)' 04.360.,,
4-320-251-1,pume1238,Yaruro,981,iči čatu,Phonemic,elbow,,Lit. 'arm protuberance'. Also see 'knee' 04.360; 'ankle' 04. 371.,,
4-312-251-1,pume1238,Yaruro,1886,kʰanã puɛ,Phonemic,armpit,,,,
4-310-251-1,pume1238,Yaruro,1673,iči hu,Phonemic,arm,,,,
4-302-251-1,pume1238,Yaruro,1994,mãẽto hu,Phonemic,collarbone,,,,
4-301-251-1,pume1238,Yaruro,172,kãto pʰatɛ,Phonemic,shoulderblade,,Lit. 'shoulder flat/plane'; shape morpheme used in 'palm of hand' 04.331; 'board' 07.570.,,
4-300-251-1,pume1238,Yaruro,1482,kãto,Phonemic,shoulder,,"Also gɔrɔ hu, part of the shoulder as an extension of neck.",,
4-290-251-1,pume1238,Yaruro,1346,gɔrɔ yaɔ,Phonemic,throat,,,,
4-281-251-1,pume1238,Yaruro,1347,gɔrɔ,Phonemic,nape of neck,,,,
4-280-251-1,pume1238,Yaruro,1333,gɔrɔ,Phonemic,neck,,,,
4-272-251-1,pume1238,Yaruro,1049,hõdɛ taru,Phonemic,molartooth,,,,
4-270-251-1,pume1238,Yaruro,1380,hõdɛ,Phonemic,tooth,,,,
4-271-251-1,pume1238,Yaruro,139,hõdɛ kʊ,Phonemic,gums,,,,
4-260-251-1,pume1238,Yaruro,1205,tʰɔponõ,Phonemic,tongue,,,,
4-250-251-1,pume1238,Yaruro,478,yabi,Phonemic,lip,,,,
4-241-251-1,pume1238,Yaruro,73,yũrã,Phonemic,beak,,Cf. 'pointed' 12.352.,,
4-240-251-1,pume1238,Yaruro,674,yaɔ,Phonemic,mouth,,,,
4-232-251-1,pume1238,Yaruro,208,ĩbu ui,Phonemic,mucus (nasal),,Lit. 'nose water'.,,
4-231-251-1,pume1238,Yaruro,1178,ĩbu kʰara,Phonemic,nostril,,"kʰara means 'space/empty/nothing', as in tree hollow.",,
4-230-251-1,pume1238,Yaruro,1221,ĩbu,Phonemic,nose,,,,
4-222-251-1,pume1238,Yaruro,32,tãrã a,Phonemic,earwax,,,,
4-221-251-1,pume1238,Yaruro,18,tãrã čʰia,Phonemic,earlobe,,Cf. 'tail' 04.180.,,
4-220-251-1,pume1238,Yaruro,1247,tãrã puɛ,Phonemic,ear,,puɛ means 'hole/hollow'; cf. 'spring/well' 01.370; 'armpit' 04.312; 'grave' 04.790.,,
4-215-251-1,pume1238,Yaruro,1655,da-kibi-pa,Phonemic,blink,,,,
4-214-251-1,pume1238,Yaruro,1540,da-yãkɨ̃,Phonemic,eyelash,,Lit. 'eye-hair' 04.140. May also be used for 'eyebrow'.,,
4-213-251-1,pume1238,Yaruro,17,da i,Phonemic,eyelid,,"Lit. 'eye covering/skin', cf. 'skin' 04.120.",,
4-212-251-1,pume1238,Yaruro,1173,da hõɛ kɨ̃,Phonemic,eyebrow,,Lit. 'eye enclosure hair' 04.140. Cf. 'nest' 03.580; 'shoe' 06.510.,,
4-210-251-1,pume1238,Yaruro,1248,da-čo,Phonemic,eye,,Same as 'face' 04.204.,,
4-208-251-1,pume1238,Yaruro,1730,čamã-čo,Phonemic,cheek,,Cf. 'buttocks' 04.464.,,
4-209-251-1,pume1238,Yaruro,1510,yɨrɨ,Phonemic,chin,,,,
4-205-251-1,pume1238,Yaruro,123,daito,Phonemic,forehead,,,,
4-207-251-1,pume1238,Yaruro,798,kʰaru hu,Phonemic,jaw,,Refers to bone of jaw.,,
4-204-251-1,pume1238,Yaruro,1560,da-čo,Phonemic,face,,,,
4-203-251-1,pume1238,Yaruro,1583,tʰɔkɔrɔ,Phonemic,brain,,,,
4-201-251-1,pume1238,Yaruro,1604,daito hu,Phonemic,"side of head, temple",,,,
4-202-251-1,pume1238,Yaruro,1605,tʰɔbɛ hu,Phonemic,skull,,Lit. 'head bone'.,,
4-200-251-1,pume1238,Yaruro,1256,tʰɔbɛ,Phonemic,head,,,,
4-191-251-1,pume1238,Yaruro,805,pʰutu hu,Phonemic,spine,,,,
4-190-251-1,pume1238,Yaruro,1291,pʰutu kara,Phonemic,back,,"Also pʰatɛtu hu, another name for lower back (rib area); kãto, upper back (by shoulder blade).",,
4-180-251-1,pume1238,Yaruro,1220,čʰia,Phonemic,tail,,"Is also used as a shape morpheme, for the idea of 'end, tips, tail'; occurs in 'finger' 04.340, 'toe' 04.380; top branches of tree, to čʰia; upriver, or 'tail (headwaters)' of the river, čʰia-rʊpɛ̃.",,
4-170-251-1,pume1238,Yaruro,1393,yatɛ,Phonemic,horn,,,,
4-162-251-1,pume1238,Yaruro,801,pʰatɛtu hu,Phonemic,rib,,,,
4-160-251-1,pume1238,Yaruro,1394,hu,Phonemic,bone,,,,
4-151-251-1,pume1238,Yaruro,525,čʰẽ,Phonemic,"vein, artery",,,,
4-150-251-1,pume1238,Yaruro,946,goe,Phonemic,blood,,,,
4-146-251-1,pume1238,Yaruro,576,tʰɔbɛ ɛ,Phonemic,dandruff,,"Lit. 'head residue' 04.200. ɛ is also used in 'rust' ɛ čia, 'residue (rust) has'; gito ɛ, lit. 'sick residue (aftertaste)', means the bad taste in mouth when sick; čʰai ɛ, lit. 'rice residue/aftertaste', after eating too much rice.",,
4-145-251-1,pume1238,Yaruro,36,čua kɨ̃,Phonemic,pubic hair,,Refers to male pubic hair. Female pubic hair is nɨ̃ba kɨ̃.,,
4-144-251-1,pume1238,Yaruro,189,i kɨ̃,Phonemic,body hair,,,,
4-142-251-1,pume1238,Yaruro,678,yɨrɨ kɨ̃,Phonemic,beard,,Lit. 'chin hair'.,,
4-140-251-1,pume1238,Yaruro,1040,kɨ̃,Phonemic,hair (head),,,,
4-130-251-1,pume1238,Yaruro,2259,gõã,Phonemic,flesh,,,,
4-120-251-1,pume1238,Yaruro,763,i,Phonemic,"skin, hide",,,,
4-110-251-1,pume1238,Yaruro,1480,i-kʰara,Phonemic,body,,See 'empty' 13.220.,,
3-980-251-1,pume1238,Yaruro,112,damɛ̃,Phonemic,turtle,,,,
3-970-251-1,pume1238,Yaruro,1857,yãkãkã,Phonemic,"crocodile, alligator",,Respectively: crocodile; alligator.,,
3-970-251-3,pume1238,Yaruro,1857,ari,Phonemic,"crocodile, alligator",,Respectively: crocodile; alligator.,,
3-960-251-1,pume1238,Yaruro,632,topo-topo,Phonemic,lizard,,A kind of lizard; there are others.,,
3-950-251-1,pume1238,Yaruro,503,pãrã,Phonemic,frog,,Refers to a tree frog.,,
3-940-251-1,pume1238,Yaruro,1543,kʰaeko,Phonemic,snail,,,,
3-930-251-1,pume1238,Yaruro,607,tagara,Phonemic,grasshopper,,,,
3-920-251-1,pume1238,Yaruro,1791,pʰõpʰã,Phonemic,butterfly,,,,
3-910-251-1,pume1238,Yaruro,206,apɛčẽčẽrẽ,Phonemic,firefly,,,,
3-850-251-1,pume1238,Yaruro,730,po,Phonemic,snake,,,,
3-840-251-1,pume1238,Yaruro,1219,ãrĩ,Phonemic,worm,,,,
3-832-251-1,pume1238,Yaruro,1509,tarɛ,Phonemic,mosquito,,The latter refers to a savannah mosquito.,,
3-832-251-3,pume1238,Yaruro,1509,čʰĩa,Phonemic,mosquito,,The latter refers to a savannah mosquito.,,
3-831-251-1,pume1238,Yaruro,95,mẽ,Phonemic,"sandfly (midge), gnat",,,,
3-830-251-1,pume1238,Yaruro,1504,pɨ̃rɨ̃,Phonemic,fly,,,,
3-823-251-1,pume1238,Yaruro,1517,hõmĩ,Phonemic,wasp,,,,
3-822-251-1,pume1238,Yaruro,88,yõ,Phonemic,beehive,,,,
3-821-251-1,pume1238,Yaruro,1931,ẽ ĩbu,Phonemic,beeswax,,,,
3-820-251-1,pume1238,Yaruro,665,ẽ,Phonemic,bee,,,,
3-819-251-1,pume1238,Yaruro,1065,hurukʰɔ,Phonemic,spider web,,,,
3-818-251-1,pume1238,Yaruro,843,mãkã,Phonemic,spider,,Refers to a non-poisonous spider; also many other names.,,
3-817-251-1,pume1238,Yaruro,587,koai,Phonemic,ant,,,,
3-816-251-1,pume1238,Yaruro,1575,arɛhɛrɔ,Phonemic,cockroach,,,,
3-815-251-1,pume1238,Yaruro,1538,čʰia-ara,Phonemic,scorpion,,,,
3-814-251-1,pume1238,Yaruro,1974,iči-hĩrã-mẽ,Phonemic,centipede,,,,
3-813-251-1,pume1238,Yaruro,232,aʊre nẽ,Phonemic,flea,,,,
3-812-251-1,pume1238,Yaruro,267,nẽ nɨ̃,Phonemic,nit (louse egg),,Lit. 'louse egg' 05.970.,,
3-811-251-1,pume1238,Yaruro,1392,nẽ,Phonemic,louse,,,,
3-760-251-1,pume1238,Yaruro,1350,huia,Phonemic,monkey,,Refers to 'howler monkey'.,,
3-750-251-1,pume1238,Yaruro,1936,bɨa,Phonemic,deer,,,,
3-740-251-1,pume1238,Yaruro,1312,oariro,Phonemic,fox,,,,
3-720-251-1,pume1238,Yaruro,1386,pãrẽmẽ koɛ,Phonemic,lion,,,,
3-665-251-1,pume1238,Yaruro,1013,čoe,Phonemic,freshwater eel,,,,
3-664-251-1,pume1238,Yaruro,1910,kʰũĩnã,Phonemic,stingray,,,,
3-662-251-1,pume1238,Yaruro,1479,oɛbi,Phonemic,"porpoise, dolphin",,,,
3-655-251-1,pume1238,Yaruro,598,čʰɛtɛ,Phonemic,shell,,All shells appear to be from fresh water snails.,,
3-655-251-3,pume1238,Yaruro,598,õãrara,Phonemic,shell,,All shells appear to be from fresh water snails.,,
3-654-251-1,pume1238,Yaruro,1916,yũkʰara,Phonemic,gill,,,,
3-653-251-1,pume1238,Yaruro,266,gidi,Phonemic,fishscale,,,,
3-652-251-1,pume1238,Yaruro,213,pʰõdi,Phonemic,fin (dorsal),,,,
3-650-251-1,pume1238,Yaruro,227,čõ,Phonemic,fish,,,,
3-630-251-1,pume1238,Yaruro,2139,mũĩ,Phonemic,"mouse, rat",,,,
3-622-251-1,pume1238,Yaruro,309,toyaβarɛ,Phonemic,opossum,,,,
3-620-251-1,pume1238,Yaruro,1208,pãrẽmẽ boĩ,Phonemic,cat,,,,
3-614-251-1,pume1238,Yaruro,1136,tapara,Phonemic,rabbit,,,,
3-610-251-1,pume1238,Yaruro,2009,aʊre,Phonemic,dog,,,,
3-594-251-1,pume1238,Yaruro,1853,hotoko pua,Phonemic,dove,,,,
3-596-251-1,pume1238,Yaruro,735,hʊtʊrʊkʰʊ pua,Phonemic,owl,,Refers to a tree owl; a burrowing owl is kʰokʰo pua.,,
3-592-251-1,pume1238,Yaruro,882,yaba pua,Phonemic,parrot,,"A kind of parrot; many other names for parrot, macaw, etc.",,
3-591-251-1,pume1238,Yaruro,1793,pʰʊ̃dičʰičʰi,Phonemic,bat,,,,
3-586-251-1,pume1238,Yaruro,1185,mõkʰɛ pua,Phonemic,vulture,,A kind of v.; another type is tɛ̃rẽ.,,
3-585-251-1,pume1238,Yaruro,307,apɛpara pua,Phonemic,hawk,,A kind of hawk; no generic term.,,
3-584-251-1,pume1238,Yaruro,1905,čẽgẽ-čẽgẽ pua,Phonemic,eagle,,A kind of eagle. No generic term.,,
3-583-251-1,pume1238,Yaruro,758,ãdʊra pua,Phonemic,heron,,A kind of heron. Also 'egret' is okara pua. And many other types.,,
3-581-251-1,pume1238,Yaruro,937,pua,Phonemic,bird,,,,
3-580-251-1,pume1238,Yaruro,539,hõɛ,Phonemic,nest,,Has meaning of 'enclosure'; cf. 'eyebrow 04.212; 'womb' 04.470; 'shoe' 06.510. Cf. 'house' 07.120.,,
3-570-251-1,pume1238,Yaruro,1360,pua anã,Phonemic,duck,,Lit. 'bird big' 12.550.,,
3-550-251-1,pume1238,Yaruro,1318,okararo pua,Phonemic,chicken,,,,
3-540-251-1,pume1238,Yaruro,1514,okararo ieĩ,Phonemic,hen,,,,
3-520-251-1,pume1238,Yaruro,1511,okararo ɔĩ,Phonemic,"cock, rooster",,,,
3-470-251-1,pume1238,Yaruro,890,[mura],Phonemic,mule,,From Span. 'mula'.,,
3-460-251-1,pume1238,Yaruro,1862,[buro],Phonemic,"ass, donkey",,From Span. 'burro'.,,
3-450-251-1,pume1238,Yaruro,1647,yae boĩ,Phonemic,"foal, colt",,,,
3-440-251-1,pume1238,Yaruro,938,yae ieĩ,Phonemic,mare,,,,
3-420-251-1,pume1238,Yaruro,936,yae ɔĩ,Phonemic,stallion,,,,
3-410-251-1,pume1238,Yaruro,615,yae,Phonemic,horse (equine),,,,
3-350-251-1,pume1238,Yaruro,1337,aboea,Phonemic,pig,,,,
3-340-251-1,pume1238,Yaruro,1351,aboea ieĩ,Phonemic,sow (2),,,,
3-320-251-1,pume1238,Yaruro,1348,aboea ɔĩ,Phonemic,boar,,,,
3-240-251-1,pume1238,Yaruro,1989,[baka] boĩ,Phonemic,calf,,,,
3-230-251-1,pume1238,Yaruro,1007,[baka] ieĩ,Phonemic,cow,,,,
3-210-251-1,pume1238,Yaruro,1008,[baka] ɔĩ,Phonemic,bull,,,,
3-200-251-1,pume1238,Yaruro,1153,[baka],Phonemic,cattle (bovine),,From Span. 'vaca'.,,
3-190-251-1,pume1238,Yaruro,851,tota-reã,Phonemic,"stable, stall",,,,
3-180-251-1,pume1238,Yaruro,263,mãẽ-mẽ,Phonemic,herdsman,,,,
3-160-251-1,pume1238,Yaruro,649,kʊrʊ,Phonemic,pasture,,,,
3-130-251-1,pume1238,Yaruro,2262,ieĩ,Phonemic,female (adj),,,,
3-120-251-1,pume1238,Yaruro,2261,ɔĩ,Phonemic,male (adj),,,,
2-960-251-1,pume1238,Yaruro,817,hudi-rõ,Phonemic,they,,"Masc. pronoun, also used for both genders. 'They (fem.)' is hĩnĩ-rõ.",,
2-950-251-1,pume1238,Yaruro,1213,mɛ̃nẽ-rõ,Phonemic,you (plural),,,,
2-940-251-1,pume1238,Yaruro,1212,ãrõrẽ,Phonemic,we,,,,
2-930-251-1,pume1238,Yaruro,262,ɔdɛ,Phonemic,he/she/it,,"Respectively: he/it; she (nearby). A close distance is: yodɛ; yĩnɛ̃, respectively, he/it; she. Distant pronoun is hudi; hĩnĩ.",,
2-930-251-3,pume1238,Yaruro,262,inɛ̃,Phonemic,he/she/it,,"Respectively: he/it; she (nearby). A close distance is: yodɛ; yĩnɛ̃, respectively, he/it; she. Distant pronoun is hudi; hĩnĩ.",,
2-920-251-1,pume1238,Yaruro,1215,mɛ̃nẽ,Phonemic,you (singular),,,,
2-910-251-1,pume1238,Yaruro,1209,kɔdɛ,Phonemic,I,,,,
2-820-251-1,pume1238,Yaruro,194,pumɛ̃,Phonemic,family,,,,
2-810-251-1,pume1238,Yaruro,1644,o,Phonemic,"relatives, kinsmen",,,,
2-770-251-1,pume1238,Yaruro,1981,ieĩ dɛ-kʰia-de,Phonemic,widower,,,,
2-760-251-1,pume1238,Yaruro,1756,ɔĩ dɛ-kʰia-nĩ,Phonemic,widow,,,,
2-720-251-1,pume1238,Yaruro,236,ɔtɛ-pa-reã-yĩ,Phonemic,stepmother,,,,
2-710-251-1,pume1238,Yaruro,237,ɔtɛ-pa-reã-mẽ,Phonemic,stepfather,,,,
2-641-251-1,pume1238,Yaruro,2264,haɔ ɛba-yĩ,Phonemic,daughter-in-law (of a woman),,,,
2-640-251-1,pume1238,Yaruro,2265,haɔ ɛba-yĩ,Phonemic,daughter-in-law (of a man),,,,
2-631-251-1,pume1238,Yaruro,2266,habi ɛba-mẽ,Phonemic,son-in-law (of a woman),,"Also hãete, son or daughter-in-law (of man or woman).",,
2-630-251-1,pume1238,Yaruro,2267,habi ɛba-mẽ,Phonemic,son-in-law (of a man),,,,
2-621-251-1,pume1238,Yaruro,2257,hae-ieĩ,Phonemic,mother-in-law (of a woman),,,,
2-620-251-1,pume1238,Yaruro,2256,kʰʊnã,Phonemic,mother-in-law (of a man),,,,
2-611-251-1,pume1238,Yaruro,2254,haẽte,Phonemic,father-in-law (of a woman),,"Also kʰʊnã, also means taboo.",,
2-610-251-1,pume1238,Yaruro,2255,haẽte,Phonemic,father-in-law (of a man),,,,
2-570-251-1,pume1238,Yaruro,490,hudi-ri-mẽ,Phonemic,descendants,,Lit. 'his descendant'.,,
2-560-251-1,pume1238,Yaruro,1669,taru,Phonemic,ancestors,,,,
2-550-251-1,pume1238,Yaruro,1643,o-mẽ,Phonemic,cousin,,"Means a male cousin (fa's bro's sons; mo's sis's). A female cousin is o-yĩ, fa's bro's daughters; mo's sis's). Male cross cousin is kɛra-mẽ; female cross cousin is kɛra-yĩ.",,
2-540-251-1,pume1238,Yaruro,1642,hauĩ-boĩ,Phonemic,niece,,"Means a man's n., from a sister's daughter. A woman's n., from a brother's daughter is ayibaĩ-yĩ-boĩ.",,
2-530-251-1,pume1238,Yaruro,1063,hauĩ-mãĩ,Phonemic,nephew,,"Means a man's n., from a sister's son. A woman's n., from a brother's son is aio-mãĩ.",,
2-522-251-1,pume1238,Yaruro,170,hae-ieĩ,Phonemic,father's sister,,,,
2-520-251-1,pume1238,Yaruro,1272,hae-ieĩ,Phonemic,aunt,,,,
2-521-251-1,pume1238,Yaruro,171,aĩ,Phonemic,mother's sister,,,,
2-512-251-1,pume1238,Yaruro,1985,a-mãĩ,Phonemic,father's brother,,,,
2-511-251-1,pume1238,Yaruro,1984,hade-mãĩ,Phonemic,mother's brother,,,,
2-510-251-1,pume1238,Yaruro,1327,hade-mãĩ,Phonemic,uncle,,,,
2-480-251-1,pume1238,Yaruro,1618,hada-mãĩ,Phonemic,grandson,,Respectively: from a man's son; from a man's daughter. 'Grandson' from a woman's son is bo-mãĩ; from a woman's daughter is habɛ-haɔ.,,
2-480-251-3,pume1238,Yaruro,1618,hia-mãĩ,Phonemic,grandson,,Respectively: from a man's son; from a man's daughter. 'Grandson' from a woman's son is bo-mãĩ; from a woman's daughter is habɛ-haɔ.,,
2-490-251-1,pume1238,Yaruro,1619,hada-boĩ,Phonemic,granddaughter,,Respectively: from a man's son; from a man's daughter. 'Granddaughter' from a woman's son is boyĩ-boĩ; from a woman's daughter is habɛbi.,,
2-490-251-3,pume1238,Yaruro,1619,hia-boĩ,Phonemic,granddaughter,,Respectively: from a man's son; from a man's daughter. 'Granddaughter' from a woman's son is boyĩ-boĩ; from a woman's daughter is habɛbi.,,
2-471-251-1,pume1238,Yaruro,907,ɔta-ĩ,Phonemic,old woman,,,,
2-470-251-1,pume1238,Yaruro,1496,hanĩ(-eĩ),Phonemic,grandmother,,Respectively: paternal g.; maternal g.,,
2-470-251-3,pume1238,Yaruro,1496,hɔmãĩ (-eĩ),Phonemic,grandmother,,Respectively: paternal g.; maternal g.,,
2-461-251-1,pume1238,Yaruro,406,ɔta-mãĩ,Phonemic,old man,,,,
2-460-251-1,pume1238,Yaruro,1383,hada-mãĩ,Phonemic,grandfather,,Respectively: paternal g.; maternal g.,,
2-460-251-3,pume1238,Yaruro,1383,hia-mãĩ,Phonemic,grandfather,,Respectively: paternal g.; maternal g.,,
2-458-251-1,pume1238,Yaruro,1005,čʰara,Phonemic,twins,,,,
2-456-251-1,pume1238,Yaruro,1640,o-hĩrĩ,Phonemic,sibling,,,,
2-455-251-1,pume1238,Yaruro,1761,ayĩ-kaĩ,Phonemic,younger sister,,,,
2-454-251-1,pume1238,Yaruro,1758,amĩ (-eĩ),Phonemic,older sister,,,,
2-450-251-1,pume1238,Yaruro,1263,o-yĩ,Phonemic,sister,,,,
2-445-251-1,pume1238,Yaruro,1760,ayĩ-mãĩ,Phonemic,younger brother,,,,
2-444-251-1,pume1238,Yaruro,1759,ayi-mãĩ,Phonemic,older brother,,,,
2-440-251-1,pume1238,Yaruro,1262,o-mẽ,Phonemic,brother,,,,
2-430-251-1,pume1238,Yaruro,1801,kãiã-ri hã,Phonemic,offspring (son or daughter),,Lit. 'my offspring'.,,
2-420-251-1,pume1238,Yaruro,1357,habi,Phonemic,daughter,,,,
2-410-251-1,pume1238,Yaruro,1620,haɔ,Phonemic,son,,,,
2-390-251-1,pume1238,Yaruro,426,ɔĩ čiayĩ,Phonemic,married woman,,,,
2-380-251-1,pume1238,Yaruro,424,ieĩ čia-mẽ,Phonemic,married man,,,,
2-370-251-1,pume1238,Yaruro,505,nɨ̃ri-hĩrĩ,Phonemic,parents,,,,
2-360-251-1,pume1238,Yaruro,1216,aĩ ~ eĩ,Phonemic,mother,,,,
2-350-251-1,pume1238,Yaruro,1217,amãĩ,Phonemic,father,,,,
2-341-251-1,pume1238,Yaruro,1134,anõ,Phonemic,divorce,,Means 'leave'.,,
2-330-251-1,pume1238,Yaruro,203,ɛba,Phonemic,marry,,Also means 'have'.,,
2-320-251-1,pume1238,Yaruro,1199,ɛba-yĩ,Phonemic,wife,,,,
2-310-251-1,pume1238,Yaruro,1200,ɛba-mẽ,Phonemic,husband,,,,
2-280-251-1,pume1238,Yaruro,1289,boĩčʰĩ,Phonemic,"infant, baby",,,,
2-270-251-1,pume1238,Yaruro,1304,boĩčʰĩ,Phonemic,child,,,,
2-260-251-1,pume1238,Yaruro,1646,ieĩ boĩ,Phonemic,girl,,,,
2-250-251-1,pume1238,Yaruro,1366,ɔĩ boĩ,Phonemic,boy,,,,
2-240-251-1,pume1238,Yaruro,1551,ieĩ,Phonemic,female,,,,
2-230-251-1,pume1238,Yaruro,1553,ɔĩ,Phonemic,male,,,,
2-220-251-1,pume1238,Yaruro,962,ieĩ,Phonemic,woman,,,,
2-210-251-1,pume1238,Yaruro,1554,ɔĩ,Phonemic,man (vs. woman),,,,
2-100-251-1,pume1238,Yaruro,683,pumɛ̃,Phonemic,"person, human being",,,,
1-890-251-1,pume1238,Yaruro,1188,ačʊkʊ,Phonemic,charcoal,,,,
1-880-251-1,pume1238,Yaruro,10,kʰõdo,Phonemic,firewood,,Cf. 'fire' 01.810.,,
1-870-251-1,pume1238,Yaruro,1133,kʰõdɛ mũĩreã,Phonemic,match (noun),,,,
1-860-251-1,pume1238,Yaruro,737,kʊa,Phonemic,"light, kindle, ignite",,Means to ignite a campfire. To ignite a brushfire is akʰɔrɔ.,,
1-852-251-1,pume1238,Yaruro,1428,tɔ,Phonemic,burn (vb intrans),,,,
1-851-251-1,pume1238,Yaruro,141,tɔ,Phonemic,burn (vb trans),,,,
1-841-251-1,pume1238,Yaruro,67,ačʊkʊ,Phonemic,embers,,,,
1-840-251-1,pume1238,Yaruro,646,tʰa,Phonemic,ashes,,,,
1-830-251-1,pume1238,Yaruro,778,kʰõdɛ čʰʊ,Phonemic,smoke (noun),,,,
1-820-251-1,pume1238,Yaruro,889,gʊri,Phonemic,flame (noun),,,,
1-810-251-1,pume1238,Yaruro,221,kʰõdɛ,Phonemic,fire,,,,
1-760-251-1,pume1238,Yaruro,784,yãmĩ čʰʊ,Phonemic,snow (noun),,Lit. 'mountain smoke/dust' 01.830.,,
1-750-251-1,pume1238,Yaruro,658,kʰɔmẽ,Phonemic,rain (noun),,,,
1-740-251-1,pume1238,Yaruro,249,hurukʰɔ,Phonemic,fog,,,,
1-720-251-1,pume1238,Yaruro,960,pʰaepa,Phonemic,wind,,,,
1-730-251-1,pume1238,Yaruro,1489,gõãrã,Phonemic,cloud,,,,
1-710-251-1,pume1238,Yaruro,27,pʰaepa,Phonemic,air,,,,
1-640-251-1,pume1238,Yaruro,1977,hurukʰɔ,Phonemic,dew,,,,
1-630-251-1,pume1238,Yaruro,1388,čʰãoe,Phonemic,"shade, shadow",,,,
1-620-251-1,pume1238,Yaruro,11,bagɨnẽ,Phonemic,darkness,,,,
1-610-251-1,pume1238,Yaruro,630,tata,Phonemic,light (noun),,,,
1-590-251-1,pume1238,Yaruro,1733,hočebɔrɔri,Phonemic,rainbow,,,,
1-580-251-1,pume1238,Yaruro,858,pupuripamẽ,Phonemic,storm,,,,
1-560-251-1,pume1238,Yaruro,1150,tĩba baʊ,Phonemic,thunder,,,,
1-570-251-1,pume1238,Yaruro,2007,bɛrɛpečʰao,Phonemic,lightning (as striking),,,,
1-550-251-1,pume1238,Yaruro,1654,bɛrɛpamẽ,Phonemic,lightning,,,,
1-540-251-1,pume1238,Yaruro,1430,bɔɛ,Phonemic,star,,,,
1-530-251-1,pume1238,Yaruro,1313,gupɛnẽ,Phonemic,moon,,,,
1-520-251-1,pume1238,Yaruro,1343,do,Phonemic,sun,,,,
1-510-251-1,pume1238,Yaruro,1732,ãdɛ,Phonemic,sky,,,,
1-450-251-1,pume1238,Yaruro,6,hɨ̃nɨ̃ hɨ̃nɨ̃-a-ĩ,Phonemic,earthquake,,Noun form is kʰia-reã.,,
1-440-251-1,pume1238,Yaruro,2125,tãdɛ,Phonemic,"stone, rock",,,,
1-430-251-1,pume1238,Yaruro,1803,to,Phonemic,wood,,,,
1-420-251-1,pume1238,Yaruro,906,to,Phonemic,tree (cf 08.600),,,,
1-410-251-1,pume1238,Yaruro,420,gʊ,Phonemic,"woods, forest",,,,
1-380-251-1,pume1238,Yaruro,1145,kʰara hi,Phonemic,swamp,,Lit. 'mud place of' 01.214.,,
1-370-251-1,pume1238,Yaruro,2144,tadɛ puɛ,Phonemic,"spring, well",,,,
1-362-251-1,pume1238,Yaruro,1982,pʰãrĩ-hʊ,Phonemic,whirlpool,,Verbal form is pʰã-rĩ-hʊ kã.,,
1-360-251-1,pume1238,Yaruro,666,bea,Phonemic,"river, stream, brook",,Respectively: river; stream/brook.,,
1-360-251-3,pume1238,Yaruro,666,dɔrɔ,Phonemic,"river, stream, brook",,Respectively: river; stream/brook.,,
1-350-251-1,pume1238,Yaruro,978,gɨ̃mã,Phonemic,wave,,,,
1-343-251-1,pume1238,Yaruro,1662,gãõẽ yũrã,Phonemic,"headland, point",,Such as a point of a hill or a sand dune.,,
1-341-251-1,pume1238,Yaruro,623,tʰa,Phonemic,lagoon,,Respectively: lagoon off of a river; a land-locked lagoon.,,
1-341-251-3,pume1238,Yaruro,623,daɛ-tʰa,Phonemic,lagoon,,Respectively: lagoon off of a river; a land-locked lagoon.,,
1-330-251-1,pume1238,Yaruro,624,tʰa,Phonemic,lake,,Respectively: a lake off of a river; a land-locked lake.,,
1-330-251-3,pume1238,Yaruro,624,daɛ-tʰa,Phonemic,lake,,Respectively: a lake off of a river; a land-locked lake.,,
1-329-251-1,pume1238,Yaruro,645,ui anã,Phonemic,ocean,,Lit. 'water big'.,,
1-324-251-1,pume1238,Yaruro,1768,pʰuru,Phonemic,foam,,,,
1-323-251-1,pume1238,Yaruro,259,mãĩ da-rĩ baʊ,Phonemic,rough (of sea),,Lit. 'it forcefully goes (the water)'.,,
1-320-251-1,pume1238,Yaruro,1474,ui anã,Phonemic,sea,,Lit. 'water big'.,,
1-322-251-1,pume1238,Yaruro,258,goepa,Phonemic,calm (of sea),,Verbal form.,,
1-310-251-1,pume1238,Yaruro,948,ui,Phonemic,water,,,,
1-280-251-1,pume1238,Yaruro,1155,tãdɛ kʰɔrɛ,Phonemic,cave,,"Lit. 'rock opening' 01.440; can be used for 'door' 07.220. It is not for a hole in the ground, but as a hole or gape, e.g. in cloth.",,
1-270-251-1,pume1238,Yaruro,113,yuro,Phonemic,shore,,Also means 'edge'.,,
1-250-251-1,pume1238,Yaruro,622,pʰurɛ,Phonemic,island,,,,
1-240-251-1,pume1238,Yaruro,921,hʊtʊ,Phonemic,valley,,Lit. a low lying area.,,
1-230-251-1,pume1238,Yaruro,652,čiri,Phonemic,"plain, field",,'High savannah' is pʰupu.,,
1-222-251-1,pume1238,Yaruro,618,kurɛ,Phonemic,"cliff, precipice",,,,
1-220-251-1,pume1238,Yaruro,2118,yãmĩ,Phonemic,"mountain, hill",,,,
1-214-251-1,pume1238,Yaruro,640,kʰara,Phonemic,mud,,,,
1-215-251-1,pume1238,Yaruro,671,dabu nẽgẽ,Phonemic,sand,,,,
1-213-251-1,pume1238,Yaruro,2,dabu pʰõnõ,Phonemic,dust,,,,
1-212-251-1,pume1238,Yaruro,1228,dabu,Phonemic,"earth=ground, soil",,,,
1-210-251-1,pume1238,Yaruro,626,čiri,Phonemic,"earth, land",,,,
1-100-251-1,pume1238,Yaruro,965,dabu,Phonemic,world,,,,
14-330-251-1,pume1238,Yaruro,1544,tʰaoɛ-rʊ-mõ,Phonemic,sometimes,,,,
14-331-251-1,pume1238,Yaruro,703,kere-diʊ,Phonemic,soon,,,,
14-332-251-1,pume1238,Yaruro,418,hapamitɛ anã,Phonemic,long-time (for a),,,,
14-340-251-1,pume1238,Yaruro,1656,-dɛ-rɛ,Phonemic,never,,,,
14-350-251-1,pume1238,Yaruro,204,ado,Phonemic,again,,,,
14-410-251-1,pume1238,Yaruro,1225,do-mẽ,Phonemic,day,,,,
14-420-251-1,pume1238,Yaruro,1233,gɛ̃nẽ-mẽ,Phonemic,night,,,,
14-430-251-1,pume1238,Yaruro,729,pea-da-ĩ,Phonemic,dawn,,,,
14-440-251-1,pume1238,Yaruro,1339,do-rɛ uɛ-pe-hʊ-rʊ,Phonemic,morning,,Means when the sun (01.520) gets high.,,
14-450-251-1,pume1238,Yaruro,12,do-rɛ tʰomõ-ro,Phonemic,"noon, midday",,See 'sun' 01.520.,,
14-451-251-1,pume1238,Yaruro,1807,čʰia-rʊ-pɛ̃ hʊ-rʊ,Phonemic,afternoon,,,,
14-460-251-1,pume1238,Yaruro,1629,burɛ-mĩ ča-rʊ,Phonemic,evening,,,,
14-470-251-1,pume1238,Yaruro,1283,yabã-mẽ oa,Phonemic,today,,,,
14-480-251-1,pume1238,Yaruro,1329,hako,Phonemic,tomorrow,,,,
14-481-251-1,pume1238,Yaruro,1179,hako do-pe-ã-rʊ,Phonemic,day-after-tomorrow,,,,
14-490-251-1,pume1238,Yaruro,1174,pe hudi,Phonemic,yesterday,,,,
14-491-251-1,pume1238,Yaruro,1180,kʰarẽ-mõ do-re-mẽ,Phonemic,day-before-yesterday,,,,
14-530-251-1,pume1238,Yaruro,1323,do da-reã,Phonemic,"clock, timepiece",,,,
14-710-251-1,pume1238,Yaruro,1370,gupẽnẽ,Phonemic,month,,Cf. 'moon' 01.530.,,
14-730-251-1,pume1238,Yaruro,1226,ui,Phonemic,year,,"Refers to rainy season, see 'water' 01.310.",,
14-740-251-1,pume1238,Yaruro,1471,ui-pa-mẽ,Phonemic,winter,,Refers to rainy season; see previous entry.,,
14-760-251-1,pume1238,Yaruro,1342,hanõ,Phonemic,summer,,,,
15-210-251-1,pume1238,Yaruro,1587,pʰẽã,Phonemic,smell (vb intrans),,,,
15-212-251-1,pume1238,Yaruro,375,hẽmũĩ,Phonemic,sniff,,,,
15-220-251-1,pume1238,Yaruro,1586,pʰĩdʊ,Phonemic,smell (vb trans),,,,
15-250-251-1,pume1238,Yaruro,376,goae-rĩ pʰẽã,Phonemic,"fragrant, good smelling",,,,
15-260-251-1,pume1238,Yaruro,42,pʰẽã,Phonemic,"stinking, bad smelling",,,,
15-310-251-1,pume1238,Yaruro,21,hure-tara,Phonemic,taste,,,,
15-350-251-1,pume1238,Yaruro,717,goae,Phonemic,sweet,,,,
15-360-251-1,pume1238,Yaruro,1091,gito,Phonemic,salty,,,,
15-370-251-1,pume1238,Yaruro,887,ɛ čia,Phonemic,bitter,,,,
15-380-251-1,pume1238,Yaruro,1906,čʰõrõ-pa,Phonemic,"acid, sour",,,,
15-390-251-1,pume1238,Yaruro,70,bubɛ,Phonemic,brackish,,,,
15-410-251-1,pume1238,Yaruro,1408,tãrɛ,Phonemic,hear,,,,
15-420-251-1,pume1238,Yaruro,1608,tãrɛ,Phonemic,listen,,,,
15-440-251-1,pume1238,Yaruro,1811,ea-mẽ,Phonemic,"sound, noise",,,,
15-450-251-1,pume1238,Yaruro,377,tĩmã ea,Phonemic,loud,,,,
15-460-251-1,pume1238,Yaruro,1314,mãu ma kʰia,Phonemic,"quiet, silence",,,,
15-510-251-1,pume1238,Yaruro,1409,da,Phonemic,see,,,,
15-520-251-1,pume1238,Yaruro,1819,da,Phonemic,"look, look at",,,,
15-550-251-1,pume1238,Yaruro,1039,nãrẽ,Phonemic,show,,,,
15-560-251-1,pume1238,Yaruro,708,tata-pa,Phonemic,shine,,,,
15-570-251-1,pume1238,Yaruro,679,tata-kʰia,Phonemic,bright,,,,
15-620-251-1,pume1238,Yaruro,250,bɛrɛ-bɛrɛ-a,Phonemic,light (in color),,,,
15-630-251-1,pume1238,Yaruro,706,burɛ-burɛ-a,Phonemic,dark (in color),,,,
15-640-251-1,pume1238,Yaruro,1335,bɛrɛ-bɛrɛ-a,Phonemic,white,,,,
15-650-251-1,pume1238,Yaruro,163,burɛ-burɛ-a,Phonemic,black,,,,
15-650-251-3,pume1238,Yaruro,163,kãrã,Phonemic,black,,,,
15-660-251-1,pume1238,Yaruro,156,koɛ-koɛ-a,Phonemic,red,,,,
15-670-251-1,pume1238,Yaruro,837,tɔ-tɔ-a,Phonemic,blue,,,,
15-680-251-1,pume1238,Yaruro,1425,čʰã-čʰã,Phonemic,green,,,,
15-690-251-1,pume1238,Yaruro,1424,koɛ-koɛ-a,Phonemic,yellow,,,,
15-710-251-1,pume1238,Yaruro,1892,gãre-tara,Phonemic,touch,,,,
15-712-251-1,pume1238,Yaruro,378,piru,Phonemic,pinch,,,,
15-720-251-1,pume1238,Yaruro,1079,tara,Phonemic,feel,,,,
15-740-251-1,pume1238,Yaruro,1884,čʰua,Phonemic,hard,,,,
15-750-251-1,pume1238,Yaruro,1856,bo-bo-a,Phonemic,soft,,,,
15-760-251-1,pume1238,Yaruro,1923,i gaipa,Phonemic,rough,,,,
15-770-251-1,pume1238,Yaruro,1234,tata,Phonemic,smooth,,,,
15-780-251-1,pume1238,Yaruro,1396,gaipa,Phonemic,sharp,,,,
15-790-251-1,pume1238,Yaruro,379,hõdɛ koto,Phonemic,"blunt, dull",,,,
15-810-251-1,pume1238,Yaruro,1210,čača,Phonemic,heavy,,,,
15-820-251-1,pume1238,Yaruro,1052,bokʰo čʰa,Phonemic,light (in weight),,,,
15-830-251-1,pume1238,Yaruro,1726,učʰa,Phonemic,"wet, damp",,,,
15-840-251-1,pume1238,Yaruro,1398,gaɔ,Phonemic,dry,,,,
15-850-251-1,pume1238,Yaruro,1286,koɛ-tɔ,Phonemic,hot,,,,
15-851-251-1,pume1238,Yaruro,1232,kʊa-kʊ-a,Phonemic,warm,,,,
15-870-251-1,pume1238,Yaruro,704,hoa oa kʰia,Phonemic,clean,,,,
15-880-251-1,pume1238,Yaruro,1230,dabu čia,Phonemic,"dirty, soiled",,,,
15-890-251-1,pume1238,Yaruro,380,bubɛgua,Phonemic,wrinkled,,Refers to wrinkled clothes. W. skin is i-puri-peã; w. up nose is i goɛ-kʰia.,,
16-110-251-1,pume1238,Yaruro,53,Pumɛ̃ tʰo,Phonemic,"soul, spirit",,,,
16-150-251-1,pume1238,Yaruro,1572,dačo bɛrɛ-bɛrɛ-pa,Phonemic,"surprised, astonished",,"Refers to a surprised look, with eyes wide open. Surprised, with mouth hanging open is yaɔ yabɛ kʰia. The people express astonishment by asking a question with a -kʰi suffix on verb, indicating, 'How is it possible that such and such happened?'",,
16-230-251-1,pume1238,Yaruro,1495,mã čia-dɛ-rĩ kʰia,Phonemic,"joyful, glad, happy",,,,
16-250-251-1,pume1238,Yaruro,1355,airĩ kʰia-ta,Phonemic,laugh,,,,
16-251-251-1,pume1238,Yaruro,1451,hõdɛ iɛ-kʰia,Phonemic,smile,,,,
16-260-251-1,pume1238,Yaruro,1413,čʰao kʰia,Phonemic,play,,,,
16-270-251-1,pume1238,Yaruro,923,ea,Phonemic,love,,,,
16-290-251-1,pume1238,Yaruro,578,ĩbu čʰao,Phonemic,kiss,,,,
16-300-251-1,pume1238,Yaruro,928,ida,Phonemic,embrace,,,,
16-310-251-1,pume1238,Yaruro,1783,gito,Phonemic,pain,,,,
16-320-251-1,pume1238,Yaruro,1668,odɛrĩ kʰia,Phonemic,"grief, sorrow, sadness",,,,
16-330-251-1,pume1238,Yaruro,1000,bokʰo-rĩ kʰia,Phonemic,"anxiety, worry",,,,
16-340-251-1,pume1238,Yaruro,1875,anõ-mire hõrẽta,Phonemic,"regret, be sorry",,,,
16-350-251-1,pume1238,Yaruro,1141,kʰʊrĩ-rĩ kʰia da,Phonemic,pity,,,,
16-370-251-1,pume1238,Yaruro,1839,eharo kʰia,Phonemic,"cry, weep",,,,
16-380-251-1,pume1238,Yaruro,1651,da ui,Phonemic,tear (noun),,,,
16-390-251-1,pume1238,Yaruro,716,a a ma kʰia,Phonemic,groan,,,,
16-410-251-1,pume1238,Yaruro,1607,eadɛ tʰamõ,Phonemic,hate,,,,
16-420-251-1,pume1238,Yaruro,82,ere hʊ,Phonemic,anger,,,,
16-440-251-1,pume1238,Yaruro,40,kɛba,Phonemic,"envy, jealousy",,,,
16-450-251-1,pume1238,Yaruro,1776,i-dɛ-rĩ kʰia,Phonemic,shame (noun),,,,
16-480-251-1,pume1238,Yaruro,174,hibɛã čʰĩ-rʊ-mõ kɛ-nã-ta,Phonemic,proud,,,,
16-520-251-1,pume1238,Yaruro,3,uapa-dɛ,Phonemic,brave,,,,
16-530-251-1,pume1238,Yaruro,781,uapa,Phonemic,"fear, fright",,,,
16-540-251-1,pume1238,Yaruro,1810,uapa-ĩ da,Phonemic,danger,,,,
16-620-251-1,pume1238,Yaruro,1784,ea,Phonemic,"desire, want",,Respectively: desire; long for/lust after; infatuated/ like a lot.,,
16-620-251-3,pume1238,Yaruro,1784,dae-hãbo,Phonemic,"desire, want",,Respectively: desire; long for/lust after; infatuated/ like a lot.,,
16-620-251-5,pume1238,Yaruro,1784,goara,Phonemic,"desire, want",,Respectively: desire; long for/lust after; infatuated/ like a lot.,,
16-622-251-1,pume1238,Yaruro,1750,mitɛ,Phonemic,choose,,,,
16-630-251-1,pume1238,Yaruro,1092,-da kɛnã,Phonemic,hope,,,,
16-660-251-1,pume1238,Yaruro,1657,tʰamõ,Phonemic,true,,,,
16-670-251-1,pume1238,Yaruro,601,mãẽ čʰa-dɛ,Phonemic,"lie, tell lies",,"Also mãẽ čʰa-dɛ yɔrɔ, 'tell lies'.",,
16-680-251-1,pume1238,Yaruro,13,uĩ-pa,Phonemic,deceit,,,,
16-690-251-1,pume1238,Yaruro,1528,habe-čʰĩ,Phonemic,forgive,,,,
16-710-251-1,pume1238,Yaruro,1035,čʰadɛ,Phonemic,good,,,,
16-720-251-1,pume1238,Yaruro,1292,čʰa-ĩ-dɛ,Phonemic,bad,,,,
16-730-251-1,pume1238,Yaruro,1725,čʰa-dɛ-rĩ,Phonemic,"right, correct",,,,
16-740-251-1,pume1238,Yaruro,1390,čʰa-ĩ-dɛ-rĩ,Phonemic,wrong,,,,
16-760-251-1,pume1238,Yaruro,134,oɛ-rã,Phonemic,fault,,,,
16-770-251-1,pume1238,Yaruro,1293,oɛ-rã,Phonemic,"mistake, error",,,,
16-780-251-1,pume1238,Yaruro,381,a-ɛnõ,Phonemic,blame,,,,
16-790-251-1,pume1238,Yaruro,1687,čʰa kʰia-mẽ-rĩ nĩbʊ,Phonemic,praise,,,,
16-810-251-1,pume1238,Yaruro,1427,čʰa kʰia-mẽ,Phonemic,beautiful,,Masculine form.,,
16-820-251-1,pume1238,Yaruro,1548,kʰarĩda,Phonemic,ugly,,,,
16-830-251-1,pume1238,Yaruro,2018,nẽmẽ-mẽ,Phonemic,greedy,,Masculine form.,,
16-840-251-1,pume1238,Yaruro,1310,oɛa-dɛ-mẽ,Phonemic,clever,,,,
17-110-251-1,pume1238,Yaruro,1562,čʰĩ,Phonemic,mind,,,,
17-130-251-1,pume1238,Yaruro,1415,hõrẽta,Phonemic,think (= reflect),,,,
17-140-251-1,pume1238,Yaruro,1513,kɛnã,Phonemic,think (= be of the opinion),,,,
17-150-251-1,pume1238,Yaruro,1890,kɛnã,Phonemic,believe,,,,
17-160-251-1,pume1238,Yaruro,1536,daba,Phonemic,understand,,,,
17-170-251-1,pume1238,Yaruro,1410,daba,Phonemic,know,,,,
17-171-251-1,pume1238,Yaruro,1932,-da kɛnã,Phonemic,guess,,,,
17-172-251-1,pume1238,Yaruro,117,dɛbɛ-pa-riʊ,Phonemic,imitate,,,,
17-180-251-1,pume1238,Yaruro,1521,-mĩ da,Phonemic,seem,,,,
17-190-251-1,pume1238,Yaruro,1609,hõrɛ̃ta-reã,Phonemic,"idea, notion",,,,
17-210-251-1,pume1238,Yaruro,698,daba-mẽ,Phonemic,wise,,Masculine form.,,
17-220-251-1,pume1238,Yaruro,1518,hapɛ-tara-mẽ,Phonemic,"foolish, stupid",,,,
17-230-251-1,pume1238,Yaruro,1899,kʰara-rĩ kʰia,Phonemic,"insane, crazy",,,,
17-240-251-1,pume1238,Yaruro,504,daba-pa,Phonemic,learn,,,,
17-242-251-1,pume1238,Yaruro,1929,gõẽ-pa,Phonemic,study,,,,
17-250-251-1,pume1238,Yaruro,709,ara-anõ,Phonemic,teach,,,,
17-260-251-1,pume1238,Yaruro,753,daba-pa-mẽ,Phonemic,pupil,,Masculine form.,,
17-270-251-1,pume1238,Yaruro,1038,ara-anõ-mẽ,Phonemic,teacher,,Masculine form.,,
17-280-251-1,pume1238,Yaruro,673,gõẽ nĩbʊ-reã bɛ,Phonemic,school,,,,
17-310-251-1,pume1238,Yaruro,707,hõrẽta,Phonemic,remember,,,,
17-320-251-1,pume1238,Yaruro,1523,hõrẽta-dɛ-pa,Phonemic,forget,,,,
17-340-251-1,pume1238,Yaruro,989,koɛ-mã kʰia,Phonemic,"clear, plain",,,,
17-350-251-1,pume1238,Yaruro,1764,gʊ-mĩ ča,Phonemic,obscure,,,,
17-360-251-1,pume1238,Yaruro,1121,mãẽ yɔrɔ-dɛ-peã oa,Phonemic,secret,,,,
17-370-251-1,pume1238,Yaruro,509,tʰamõ,Phonemic,"sure, certain",,,,
17-380-251-1,pume1238,Yaruro,1626,karupɛ-ara-anõ,Phonemic,explain,,,,
17-410-251-1,pume1238,Yaruro,1162,-pa-te-ã,Phonemic,"intention, purpose",,Expressed by suffixes; also pa-re-mẽ; -pa-re-yĩ; -pa-re-hĩrĩ; respectively: masc.; fem.; plural.,,
17-420-251-1,pume1238,Yaruro,860,tʊnẽ,Phonemic,cause,,,,
17-430-251-1,pume1238,Yaruro,1308,nãe-čia kʰia-rĩ hõrẽta,Phonemic,doubt,,,,
17-441-251-1,pume1238,Yaruro,1902,ea-kʰĩ kɛnã ũĩ-pa,Phonemic,betray,,,,
17-450-251-1,pume1238,Yaruro,643,kʰʊrĩ hãbo,Phonemic,"need, necessity",,,,
17-460-251-1,pume1238,Yaruro,686,badɛrĩ,Phonemic,easy,,,,
17-470-251-1,pume1238,Yaruro,584,hamẽ-pa-ĩda,Phonemic,difficult,,,,
17-480-251-1,pume1238,Yaruro,1812,-ta,Phonemic,"try, attempt",,,,
17-490-251-1,pume1238,Yaruro,488,nʊta da-rĩ hapa,Phonemic,"way, manner",,,,
17-510-251-1,pume1238,Yaruro,1577,ado,Phonemic,and,,,,
17-520-251-1,pume1238,Yaruro,1157,tara,Phonemic,because,,,,
17-530-251-1,pume1238,Yaruro,1459,-rʊ hudi,Phonemic,if,,,,
17-540-251-1,pume1238,Yaruro,1014,habo,Phonemic,or,,,,
17-550-251-1,pume1238,Yaruro,1268,dɛ,Phonemic,"yes, affirmative",,Used in answer to negative question.,,
17-560-251-1,pume1238,Yaruro,1269,kʰʊrĩ ma,Phonemic,"no, negative",,,,
17-610-251-1,pume1238,Yaruro,1239,yʊta da-rĩ,Phonemic,how?,,,,
17-620-251-1,pume1238,Yaruro,822,nãpa-rĩ,Phonemic,how many?,,,,
17-630-251-1,pume1238,Yaruro,531,nãpa-ĩ,Phonemic,how much?,,,,
17-640-251-1,pume1238,Yaruro,1236,tʰanã,Phonemic,what?,,,,
17-650-251-1,pume1238,Yaruro,1238,nãpa-rʊ,Phonemic,when?,,,,
17-660-251-1,pume1238,Yaruro,1237,yoa-iʊ-pɛ̃,Phonemic,where?,,Also tʰanã-rʊ-pɛ̃; yipɛ̃.,,
17-670-251-1,pume1238,Yaruro,727,yodɛ,Phonemic,which?,,,,
17-680-251-1,pume1238,Yaruro,1235,čʰia-rɛ,Phonemic,who?,,Respectively: as subject; as object (to whom?).,,
17-680-251-3,pume1238,Yaruro,1235,čʰia oa,Phonemic,who?,,Respectively: as subject; as object (to whom?).,,
17-690-251-1,pume1238,Yaruro,1270,tʰanã hapa-tʊ,Phonemic,why?,,"Also tʰanã hapa-mẽrẽ, (subj., to do what?); and tʰanã hape-ã hũĩ, (obj., in order for what?).",,
18-110-251-1,pume1238,Yaruro,1363,nĩbʊ-reã,Phonemic,voice,,,,
18-120-251-1,pume1238,Yaruro,1261,gõã,Phonemic,sing,,,,
18-130-251-1,pume1238,Yaruro,715,ɛnã,Phonemic,"shout, cry out",,,,
18-150-251-1,pume1238,Yaruro,55,boko-ĩ nĩbʊ,Phonemic,whisper,,,,
18-160-251-1,pume1238,Yaruro,128,gãro kʰorɛ nĩbʊ,Phonemic,mumble,,,,
18-170-251-1,pume1238,Yaruro,1025,kʰuira,Phonemic,whistle,,,,
18-180-251-1,pume1238,Yaruro,298,a a mã kʰia,Phonemic,"shriek, screech",,,,
18-190-251-1,pume1238,Yaruro,526,eharo kʰia,Phonemic,howl,,,,
18-210-251-1,pume1238,Yaruro,1623,nĩbʊ,Phonemic,"speak, talk",,,,
18-211-251-1,pume1238,Yaruro,1866,gãro kʰorɛ nĩbʊ,Phonemic,"stutter, stammer",,,,
18-220-251-1,pume1238,Yaruro,1458,yõ,Phonemic,say,,,,
18-230-251-1,pume1238,Yaruro,48,kʰapi-rĩ kʰia,Phonemic,silent (be),,,,
18-240-251-1,pume1238,Yaruro,1307,mãẽ,Phonemic,language,,,,
18-260-251-1,pume1238,Yaruro,1599,mãẽ,Phonemic,word,,,,
18-280-251-1,pume1238,Yaruro,1405,kẽ,Phonemic,name,,,,
18-310-251-1,pume1238,Yaruro,1309,yõɛ-tãrɛ,Phonemic,"ask (question, inquire)",,,,
18-310-251-3,pume1238,Yaruro,1309,ianõɛ-tãrɛ,Phonemic,"ask (question, inquire)",,,,
18-320-251-1,pume1238,Yaruro,1275,dɛbɛ yõ,Phonemic,answer,,,,
18-330-251-1,pume1238,Yaruro,2022,ahã-pa,Phonemic,"admit, confess",,,,
18-340-251-1,pume1238,Yaruro,755,ũĩ-pa,Phonemic,deny,,,,
18-350-251-1,pume1238,Yaruro,1828,kʰõdɛ,Phonemic,"ask, request",,,,
18-370-251-1,pume1238,Yaruro,49,hapa-dɛ-pa,Phonemic,refuse,,,,
18-380-251-1,pume1238,Yaruro,83,činã-čʰa-pa,Phonemic,forbid,,,,
18-390-251-1,pume1238,Yaruro,299,yã,Phonemic,"rebuke, scold",,,,
18-410-251-1,pume1238,Yaruro,1084,ɛnã-diʊ,Phonemic,call (=summon),,,,
18-420-251-1,pume1238,Yaruro,180,kẽ-pa,Phonemic,call (=name),,,,
18-430-251-1,pume1238,Yaruro,9,mãẽ yɔrɔ,Phonemic,announce,,,,
18-440-251-1,pume1238,Yaruro,1192,ea gora,Phonemic,threaten,,,,
18-450-251-1,pume1238,Yaruro,101,oe-rã nĩbʊ,Phonemic,boast,,,,
18-510-251-1,pume1238,Yaruro,1672,gõẽ-pa,Phonemic,write,,,,
18-520-251-1,pume1238,Yaruro,724,gõẽ nĩbʊ,Phonemic,read,,,,
18-560-251-1,pume1238,Yaruro,648,gõẽ i,Phonemic,paper,,,,
18-570-251-1,pume1238,Yaruro,794,gõẽ-pa-reã to,Phonemic,pen,,,,
18-610-251-1,pume1238,Yaruro,963,gõẽ i bɛ,Phonemic,book,,,,
18-740-251-1,pume1238,Yaruro,300,čʰĩ yakodɛ,Phonemic,rattle,,,,
19-110-251-1,pume1238,Yaruro,1300,čiri,Phonemic,country,,,,
19-120-251-1,pume1238,Yaruro,89,kã čiri-rʊ-pɛ̃,Phonemic,one's native country,,Means 'my country/land'.,,
19-150-251-1,pume1238,Yaruro,1391,bɛ mãrĩ,Phonemic,"city, town",,,,
19-160-251-1,pume1238,Yaruro,930,Pumɛ̃ bɛ-rʊ-pɛ̃,Phonemic,village,,,,
19-170-251-1,pume1238,Yaruro,1010,nõ,Phonemic,boundary,,,,
19-210-251-1,pume1238,Yaruro,789,pumɛ̃,Phonemic,people (populace),,,,
19-230-251-1,pume1238,Yaruro,302,pumɛ̃,Phonemic,"tribe, clan",,,,
19-240-251-1,pume1238,Yaruro,301,tʰamõ kʰɔ̃rɔ̃-mẽ,Phonemic,"chief, chieftain",,Also bɛ kʰɔ̃rɔ-mẽ.,,
19-250-251-1,pume1238,Yaruro,1296,tãĩ-reã to,Phonemic,"staff, walking stick",,,,
19-310-251-1,pume1238,Yaruro,1846,mãẽ yɔru,Phonemic,"rule, govern",,,,
19-320-251-1,pume1238,Yaruro,1508,ɔtɛ,Phonemic,"king, ruler",,,,
19-320-251-3,pume1238,Yaruro,1508,bɛ kʰɔ̃rɔ̃mẽ,Phonemic,"king, ruler",,,,
19-330-251-1,pume1238,Yaruro,1306,ɔtɛ-yĩ,Phonemic,queen,,,,
19-330-251-3,pume1238,Yaruro,1306,bɛ kʰɔ̃rɔ̃yĩ,Phonemic,queen,,,,
19-410-251-1,pume1238,Yaruro,383,anãmẽ,Phonemic,master,,,,
19-420-251-1,pume1238,Yaruro,812,mũĩtʰoĩ,Phonemic,slave,,,,
19-430-251-1,pume1238,Yaruro,255,mũĩtʰoĩ,Phonemic,servant,,,,
19-450-251-1,pume1238,Yaruro,1128,mãẽ yɔrɔ,Phonemic,"command, order",,,,
19-460-251-1,pume1238,Yaruro,1635,tãrɛ hapa,Phonemic,obey,,,,
19-470-251-1,pume1238,Yaruro,1003,tʊnẽ,Phonemic,"let, permit",,,,
19-510-251-1,pume1238,Yaruro,1325,hadɔ,Phonemic,"friend, companion",,,,
19-520-251-1,pume1238,Yaruro,1358,dɛbɛ-pe-čʰao-mẽ,Phonemic,enemy,,Masculine form.,,
19-540-251-1,pume1238,Yaruro,1332,koto-ro kʰɔrɔ-mẽ,Phonemic,neighbor,,,,
19-550-251-1,pume1238,Yaruro,791,tʰaoɛde,Phonemic,stranger,,Means 'he's a stranger'.,,
19-560-251-1,pume1238,Yaruro,1782,goɛ-da-mẽ,Phonemic,guest,,Masculine form.,,
19-570-251-1,pume1238,Yaruro,1545,ɛba kʰɔ̃rɔ̃-mẽ,Phonemic,host,,Means one who lives together with (masculine).,,
19-580-251-1,pume1238,Yaruro,1897,ãdo,Phonemic,"help, aid",,,,
19-590-251-1,pume1238,Yaruro,1550,tʊnẽ-dɛ,Phonemic,"hinder, prevent",,,,
19-620-251-1,pume1238,Yaruro,1848,dɛbɛ-tĩ-rã yãe-čʰao,Phonemic,"strife, quarrel",,,,
19-650-251-1,pume1238,Yaruro,1831,daba da,Phonemic,meet,,,,
19-720-251-1,pume1238,Yaruro,1610,oari goara-yĩ-rẽ,Phonemic,prostitute,,,,
20-110-251-1,pume1238,Yaruro,1423,hapata,Phonemic,fight (vb),,,,
20-150-251-1,pume1238,Yaruro,1561,[guadia],Phonemic,army,,,,
20-170-251-1,pume1238,Yaruro,1941,[guadia],Phonemic,soldier,,,,
20-220-251-1,pume1238,Yaruro,1763,to koto,Phonemic,club,,,,
20-230-251-1,pume1238,Yaruro,387,ae-čʰao-reã,Phonemic,sling,,,,
20-240-251-1,pume1238,Yaruro,994,tʰiba-to,Phonemic,bow,,,,
20-250-251-1,pume1238,Yaruro,977,čʰitõ,Phonemic,arrow,,,,
20-260-251-1,pume1238,Yaruro,945,yipʰatɛ,Phonemic,spear,,,,
20-280-251-1,pume1238,Yaruro,1566,tʰura kʰara,Phonemic,"gun, cannon",,,,
20-410-251-1,pume1238,Yaruro,783,boa-reã,Phonemic,victory,,,,
20-420-251-1,pume1238,Yaruro,782,boa-dʊrʊ,Phonemic,defeat,,,,
20-440-251-1,pume1238,Yaruro,1330,hida,Phonemic,defend,,,,
20-470-251-1,pume1238,Yaruro,1072,čaʊ-mẽ,Phonemic,"captive, prisoner",,,,
20-471-251-1,pume1238,Yaruro,1940,[guadia],Phonemic,"guard, sentinel",,,,
20-480-251-1,pume1238,Yaruro,1022,bae-mitɛ-ã ɔdɛ,Phonemic,"booty, spoils",,,,
20-510-251-1,pume1238,Yaruro,1858,čõ mũĩ-mẽ,Phonemic,fisherman,,,,
20-520-251-1,pume1238,Yaruro,1074,amaio,Phonemic,fishhook,,,,
20-530-251-1,pume1238,Yaruro,19,mũĩ-reã kãĩ,Phonemic,fishing line,,,,
20-560-251-1,pume1238,Yaruro,2013,ãrĩ,Phonemic,bait,,,,
20-610-251-1,pume1238,Yaruro,1435,ae-tãĩ,Phonemic,hunt,,,,
20-620-251-1,pume1238,Yaruro,1172,a,Phonemic,shoot,,,,
20-630-251-1,pume1238,Yaruro,161,ae-koerã,Phonemic,miss (target),,,,
20-640-251-1,pume1238,Yaruro,1075,čoa tʊnẽ-reã puɛ,Phonemic,trap (noun),,Refers to a covered hole trap.,,
20-650-251-1,pume1238,Yaruro,1170,čoa tʊnẽ,Phonemic,trap (vb),,,,
21-160-251-1,pume1238,Yaruro,1818,ɔtarɛ yõ,Phonemic,judge (vb),,,,
21-170-251-1,pume1238,Yaruro,1067,ɔtarɛ yõ-reã,Phonemic,judgment,,,,
21-180-251-1,pume1238,Yaruro,861,ɔtarɛ yõ-mẽ,Phonemic,judge (noun),,Masculine form.,,
21-230-251-1,pume1238,Yaruro,1144,irʊ da,Phonemic,witness,,,,
21-310-251-1,pume1238,Yaruro,1814,čĩde-ea-reã mãẽ,Phonemic,accuse,,,,
21-350-251-1,pume1238,Yaruro,1682,čʰa-ĩ-dɛ-rĩ hape-ã,Phonemic,guilty,,,,
21-360-251-1,pume1238,Yaruro,90,čʰa maea-rĩ hape-ã,Phonemic,innocent,,,,
21-380-251-1,pume1238,Yaruro,218,ba ea,Phonemic,fine,,,,
21-390-251-1,pume1238,Yaruro,1281,čaʊ-reã,Phonemic,"prison, jail",,,,
21-420-251-1,pume1238,Yaruro,845,hãbo tʊnẽ,Phonemic,murder,,,,
21-430-251-1,pume1238,Yaruro,902,bae-daba-pa,Phonemic,adultery,,,,
21-440-251-1,pume1238,Yaruro,953,akʰi bae-ɛba mõã,Phonemic,rape,,,,
21-510-251-1,pume1238,Yaruro,713,garɔ,Phonemic,steal,,,,
21-520-251-1,pume1238,Yaruro,1160,garɔ-mẽ,Phonemic,thief,,,,
22-110-251-1,pume1238,Yaruro,661,kɛnã-reã,Phonemic,religion,,,,
22-120-251-1,pume1238,Yaruro,1944,ɔtɛ,Phonemic,God,,,,
22-130-251-1,pume1238,Yaruro,911,ãdopa-reã bɛ,Phonemic,"temple, church",,,,
22-150-251-1,pume1238,Yaruro,1103,yɔrɔ-reã,Phonemic,"sacrifice, offering",,,,
22-160-251-1,pume1238,Yaruro,257,čʰa kʰia-mẽ-rĩ hõrẽta,Phonemic,worship,,,,
22-170-251-1,pume1238,Yaruro,24,ɔtɛ hũĩ-iʊ-pɛ̃-mõ nĩbʊ,Phonemic,pray,,,,
22-180-251-1,pume1238,Yaruro,852,tuti hapa-mẽ,Phonemic,priest,,,,
22-190-251-1,pume1238,Yaruro,1702,činã-čʰa,Phonemic,"holy, sacred",,,,
22-220-251-1,pume1238,Yaruro,304,ɔtɛ hã mãẽ ara-anõ,Phonemic,preach,,,,
22-310-251-1,pume1238,Yaruro,1565,ãde,Phonemic,heaven,,,,
22-320-251-1,pume1238,Yaruro,878,kʰõdɛ tʰa anã-rʊ-pɛ̃,Phonemic,hell,,,,
22-350-251-1,pume1238,Yaruro,1973,yarɨka,Phonemic,demon (evil spirit),,,,
22-420-251-1,pume1238,Yaruro,392,hauɛ-čʰa,Phonemic,"magic, witchcraft, sorcery",,,,
22-430-251-1,pume1238,Yaruro,2137,hauɛ-čʰa hapa-mẽ,Phonemic,"sorcerer, witch",,,,
