ID,Language_ID,Language_name,Parameter_ID,Value,Transcription,Concept,Source,Comment,AlternativeValue,AlternativeTranscription
14-320-829-1,nyah1250,Nyakur,1852,bɔj (T),phonetic,often,,,,
14-310-829-1,nyah1250,Nyakur,1676,dúkhâj,phonetic,always,,,,
14-290-829-1,nyah1250,Nyakur,790,phrɔ̂:m (T),phonetic,ready,,,,
14-280-829-1,nyah1250,Nyakur,1928,jut (T),phonetic,"cease, stop",,,,
14-270-829-1,nyah1250,Nyakur,1766,thu:l,phonetic,finish,,,,
14-260-829-1,nyah1250,Nyakur,743,cóp ʔə:j (T+N),phonetic,end (temporal),,,,
14-252-829-1,nyah1250,Nyakur,1186,ʔɔt thɔ̂n (T),phonetic,"last, endure",,,,
14-250-829-1,nyah1250,Nyakur,1806,rə̂:m tamî:ʔ (T+N),phonetic,"begin, beginning",,,,
14-240-829-1,nyah1250,Nyakur,425,lo:ŋ,phonetic,"retard, delay",,,,
14-230-829-1,nyah1250,Nyakur,754,khrɛ̂ŋ,phonetic,"hasten, hurry",,,,
14-220-829-1,nyah1250,Nyakur,701,châ: (T),phonetic,slow,,,,
14-210-829-1,nyah1250,Nyakur,1631,waj (T),phonetic,"swift, fast, quick",,,,
14-190-829-1,nyah1250,Nyakur,1963,tɔ:n ʔɔ̂:,phonetic,immediately,,,,
14-180-829-1,nyah1250,Nyakur,1376,tɔ:n ʔɔ̂:,phonetic,now,,,,
14-170-829-1,nyah1250,Nyakur,477,háj hlô:ŋ,phonetic,late,,,,
14-160-829-1,nyah1250,Nyakur,672,naŋrɛ́h,phonetic,early,,,,
14-150-829-1,nyah1250,Nyakur,1229,pachu:ʔ,phonetic,old,,,,
14-140-829-1,nyah1250,Nyakur,1207,phla:j lahû:t,phonetic,young,,,,
14-120-829-1,nyah1250,Nyakur,1789,ʔahjuʔ (T),phonetic,age,,,,
14-130-829-1,nyah1250,Nyakur,1231,tamî:ʔ,phonetic,new,,,,
14-110-829-1,nyah1250,Nyakur,892,wela: ja:m,phonetic,time,,,,
13-440-829-1,nyah1250,Nyakur,417,pî:ʔ thamar,phonetic,three times,,,,
13-420-829-1,nyah1250,Nyakur,1859,ʔân thi: pî:ʔ,phonetic,third,,,,
13-380-829-1,nyah1250,Nyakur,1546,ba: thamâr,phonetic,two times,,,,
13-370-829-1,nyah1250,Nyakur,1888,khu: (T),phonetic,pair,,,,
13-360-829-1,nyah1250,Nyakur,1384,ʔan chút ba:r,phonetic,second,,,,
13-350-829-1,nyah1250,Nyakur,1529,ʔan chút ʔɨŋkrâw,phonetic,last,,,,
13-340-829-1,nyah1250,Nyakur,728,ʔan chamɔ́h,phonetic,first,,,,
13-330-829-1,nyah1250,Nyakur,1580,muəj ʔan,phonetic,"alone, only",,,,
13-240-829-1,nyah1250,Nyakur,816,kʌ̂ŋ,phonetic,half,,,,
13-230-829-1,nyah1250,Nyakur,779,(thɛh) ʔan,phonetic,"part, piece",,,,
13-220-829-1,nyah1250,Nyakur,1624,wa:ŋ (T),phonetic,empty,,,,
13-210-829-1,nyah1250,Nyakur,1429,pin̄,phonetic,full,,,,
13-190-829-1,nyah1250,Nyakur,2023,khanâ:,phonetic,"multitude, crowd",,,,
13-181-829-1,nyah1250,Nyakur,1241,(nɔ̂:m) chə:n,phonetic,some,,,,
13-170-829-1,nyah1250,Nyakur,1242,n̄ɛ̂:t,phonetic,"little (quantity), few",,,,
13-180-829-1,nyah1250,Nyakur,1881,phɔ̂: (T),phonetic,enough,,,,
13-160-829-1,nyah1250,Nyakur,1992,khrʌ̂ŋ kwa: (T+N),phonetic,more,,,,
13-150-829-1,nyah1250,Nyakur,1198,khrʌ̂ŋ,phonetic,"much, many",,,,
13-140-829-1,nyah1250,Nyakur,98,thaŋ ʔʌ́t,phonetic,"every, all",,,,
13-107-829-1,nyah1250,Nyakur,1420,nap,phonetic,count,,,,
13-106-829-1,nyah1250,Nyakur,1843,muəj phan,phonetic,thousand,,,,
13-105-829-1,nyah1250,Nyakur,1634,muəj cho:k,phonetic,hundred,,,,
13-104-829-1,nyah1250,Nyakur,1710,ba: chûəj,phonetic,twenty,,,,
13-103-829-1,nyah1250,Nyakur,1709,cač chû:n,phonetic,fifteen,,,,
13-102-829-1,nyah1250,Nyakur,1707,cač ba:r,phonetic,twelve,,,,
13-101-829-1,nyah1250,Nyakur,1706,cač muəj,phonetic,eleven,,,,
13-100-829-1,nyah1250,Nyakur,1515,cač,phonetic,ten,,,,
12-930-829-1,nyah1250,Nyakur,1264,taphɔ́k,phonetic,change,,,,
12-920-829-1,nyah1250,Nyakur,1558,khɨ: (T),phonetic,"like, similar",,,,
12-840-829-1,nyah1250,Nyakur,1048,chɛ̂n,phonetic,line,,,,
12-850-829-1,nyah1250,Nyakur,1667,chrûŋ,phonetic,hole,,,,
12-810-829-1,nyah1250,Nyakur,1395,klɔ̂m (T+N),phonetic,round,,,,
12-820-829-1,nyah1250,Nyakur,1467,woŋ klɔ̂m (T),phonetic,circle,,,,
12-780-829-1,nyah1250,Nyakur,850,pân liəm (T+N),phonetic,square,,,,
12-760-829-1,nyah1250,Nyakur,192,mum (T),phonetic,corner,,,,
12-750-829-1,nyah1250,Nyakur,1071,khɔ̂: (T),phonetic,hook,,,,
12-740-829-1,nyah1250,Nyakur,297,khô:ŋ,phonetic,crooked,,,,
12-730-829-1,nyah1250,Nyakur,1404,tîəw,phonetic,straight,,,,
12-710-829-1,nyah1250,Nyakur,1633,hra:p,phonetic,flat,,,,
12-680-829-1,nyah1250,Nyakur,193,kadâ:l,phonetic,shallow,,,,
12-670-829-1,nyah1250,Nyakur,1593,lachuh,phonetic,deep,,,,
12-650-829-1,nyah1250,Nyakur,2249,trî:w,phonetic,thin (in dimension),,,,
12-630-829-1,nyah1250,Nyakur,1244,catâm,phonetic,thick (in dimension),,,,
12-620-829-1,nyah1250,Nyakur,1267,khɛ:p (T),phonetic,narrow,,,,
12-610-829-1,nyah1250,Nyakur,1243,kwâ:ŋ (T),phonetic,"wide, broad",,,,
12-590-829-1,nyah1250,Nyakur,1645,chɛ̂r,phonetic,short,,,,
12-580-829-1,nyah1250,Nyakur,711,hlô:ŋ,phonetic,tall,,,,
12-570-829-1,nyah1250,Nyakur,1203,khlî:n̄,phonetic,long,,,,
12-560-829-1,nyah1250,Nyakur,1246,hnɛ̂:c,phonetic,"small, little",,,,
12-550-829-1,nyah1250,Nyakur,1202,ʔatô:,phonetic,"large, big",,,,
12-541-829-1,nyah1250,Nyakur,81,chadâ:k,phonetic,"span, fathom",,,,
12-530-829-1,nyah1250,Nyakur,479,khlû:c,phonetic,grow,,,,
12-530-829-3,nyah1250,Nyakur,479,cakɔ̂n,phonetic,grow,,,,
12-480-829-1,nyah1250,Nyakur,1595,chaŋ ʔɨŋkrɔ̂:m,phonetic,south,,,,
12-470-829-1,nyah1250,Nyakur,1598,chaŋ ʔɨntû:l,phonetic,north,,,,
12-460-829-1,nyah1250,Nyakur,1817,haj cíh,phonetic,west,,,,
12-450-829-1,nyah1250,Nyakur,1877,hajtɨ̂n,phonetic,east,,,,
12-430-829-1,nyah1250,Nyakur,1942,n̄ɛ̂n,phonetic,near (adv),,,,
12-430-829-2,nyah1250,Nyakur,1942,chaŋâj,phonetic,near (adv),,,,
12-420-829-1,nyah1250,Nyakur,244,chawiʔ,phonetic,left (side),,,,
12-410-829-1,nyah1250,Nyakur,1019,chatô:m,phonetic,right (side),,,,
12-370-829-1,nyah1250,Nyakur,1093,pacít,phonetic,"middle, center",,,,
12-360-829-1,nyah1250,Nyakur,682,ʔɨŋkha:ŋ,phonetic,side,,,,
12-353-829-1,nyah1250,Nyakur,863,khɔ:p,phonetic,edge,,,,
12-352-829-1,nyah1250,Nyakur,372,lɛ̂:m lɔ:p,phonetic,pointed,,,,
12-350-829-1,nyah1250,Nyakur,742,mɔh,phonetic,end,,,,
12-340-829-1,nyah1250,Nyakur,690,ʔɨŋkrɔ̂:m,phonetic,bottom,,,,
12-320-829-1,nyah1250,Nyakur,721,chɛ̂r,phonetic,low,,,,
12-330-829-1,nyah1250,Nyakur,1753,ʔɨntû:l,phonetic,top,,,,
12-310-829-1,nyah1250,Nyakur,1265,hlô:ŋ,phonetic,high,,,,
12-270-829-1,nyah1250,Nyakur,602,ʔɨnthâm,phonetic,"hide, conceal",,,,
12-250-829-1,nyah1250,Nyakur,1046,pit (ʔɨmlâŋ) (T),phonetic,"shut, close",,,,
12-260-829-1,nyah1250,Nyakur,761,cakhrɔ:p,phonetic,cover,,,,
12-240-829-1,nyah1250,Nyakur,1156,pɔ́k,phonetic,open,,,,
12-232-829-1,nyah1250,Nyakur,1119,cê:c,phonetic,divide,,,,
12-230-829-1,nyah1250,Nyakur,1359,jɛ:k (T),phonetic,separate,,,,
12-220-829-1,nyah1250,Nyakur,1743,kadîəŋ,phonetic,"join, unite",,,,
12-213-829-1,nyah1250,Nyakur,1576,tháp thə:n / pâl = mix,phonetic,pile up,,,,
12-212-829-1,nyah1250,Nyakur,371,pác,phonetic,pick up,,,,
12-210-829-1,nyah1250,Nyakur,7,páč pachɔ̂m (N+T),phonetic,"collect, gather",,,,
12-170-829-1,nyah1250,Nyakur,838,khɔ̂:ŋ lɨə (T),phonetic,"remains, left overs",,,,
12-160-829-1,nyah1250,Nyakur,987,khʌn thɔ̂ŋ,phonetic,"remain, stay",,,,
12-150-829-1,nyah1250,Nyakur,1442,tə̂:r,phonetic,stand,,,,
12-140-829-1,nyah1250,Nyakur,215,pû:n̄,phonetic,lie down,,,,
12-130-829-1,nyah1250,Nyakur,1416,thɔ̂ŋ,phonetic,sit,,,,
12-120-829-1,nyah1250,Nyakur,998,dák,phonetic,put,,,,
12-110-829-1,nyah1250,Nyakur,723,thɛ̂:w (ʔɔ̂:),phonetic,place,,,,
11-920-829-1,nyah1250,Nyakur,1098,pachî:ŋ,phonetic,weigh,,,,
11-910-829-1,nyah1250,Nyakur,884,cê:c,phonetic,share (distribute),,,,
11-890-829-1,nyah1250,Nyakur,1887,chɛ̂r,phonetic,cheap,,,,
11-880-829-1,nyah1250,Nyakur,1426,phɛ̂:ŋ (T),phonetic,"dear (costly, expensive)",,,,
11-870-829-1,nyah1250,Nyakur,657,rakhâ: (T),phonetic,price,,,,
11-860-829-1,nyah1250,Nyakur,752,râ:n khajô: phɔ:ŋ,phonetic,"store, shop",,,,
11-850-829-1,nyah1250,Nyakur,633,tala:t (T),phonetic,market (place),,,,
11-840-829-1,nyah1250,Nyakur,1082,phɔ: khâ: (T),phonetic,merchant,,,,
11-820-829-1,nyah1250,Nyakur,1571,khajô:,phonetic,sell,,,,
11-810-829-1,nyah1250,Nyakur,1869,hra:n̄,phonetic,buy,,,,
11-790-829-1,nyah1250,Nyakur,733,nɔ̂:m ra:j khoʔ,phonetic,earn,,,,
11-780-829-1,nyah1250,Nyakur,1122,kha: cûəl,phonetic,wages,,,,
11-780-829-3,nyah1250,Nyakur,1122,prak ʔɨnlû:,phonetic,wages,,,,
11-770-829-1,nyah1250,Nyakur,856,cûəl,phonetic,hire,,,,
11-650-829-1,nyah1250,Nyakur,718,kûl panûl,phonetic,pay (vb),,,,
11-640-829-1,nyah1250,Nyakur,1914,panûl,phonetic,debt,,,,
11-630-829-1,nyah1250,Nyakur,369,thɛh panûl,phonetic,owe,,,,
11-620-829-1,nyah1250,Nyakur,1823,tho:ŋ jɨ:m (T+N),phonetic,borrow,,,,
11-620-829-2,nyah1250,Nyakur,1823,tho:ŋ kû: jɨ:m (T),phonetic,borrow,,,,
11-610-829-1,nyah1250,Nyakur,582,kûl jɨ:m (T+N),phonetic,lend,,,,
11-540-829-1,nyah1250,Nyakur,1774,tamîət,phonetic,"avaricious, stingy",,,,
11-530-829-1,nyah1250,Nyakur,1934,phanih cɔ̂n (T+N),phonetic,beggar,,,,
11-520-829-1,nyah1250,Nyakur,1674,cɔ̂n (T),phonetic,poor,,,,
11-510-829-1,nyah1250,Nyakur,712,nɔ̂:m,phonetic,rich,,,,
11-440-829-1,nyah1250,Nyakur,1867,liən prák,phonetic,coin,,,,
11-430-829-1,nyah1250,Nyakur,1559,prák,phonetic,money,,,,
11-330-829-1,nyah1250,Nyakur,1660,phro:k,phonetic,lose,,,,
11-320-829-1,nyah1250,Nyakur,719,chi:r,phonetic,find,,,,
11-310-829-1,nyah1250,Nyakur,1468,khɔn chi:r,phonetic,"seek, look for",,,,
11-280-829-1,nyah1250,Nyakur,44,phro:k,phonetic,"harm, injure, damage",,,,
11-280-829-3,nyah1250,Nyakur,44,chaj,phonetic,"harm, injure, damage",,,,
11-270-829-1,nyah1250,Nyakur,681,thup bɔh,phonetic,destroy,,,,
11-250-829-1,nyah1250,Nyakur,2008,chûəj (T),phonetic,"save, rescue",,,,
11-240-829-1,nyah1250,Nyakur,1997,kadáh,phonetic,"preserve, look after",,,,
11-220-829-1,nyah1250,Nyakur,85,ʔɨnthɔ̂ŋ,phonetic,give back,,,,
11-210-829-1,nyah1250,Nyakur,1447,kûl,phonetic,give,,,,
11-180-829-1,nyah1250,Nyakur,738,khɔ̂:ŋ (T),phonetic,thing,,,,
11-160-829-1,nyah1250,Nyakur,694,hrap (T),phonetic,"get, obtain",,,,
11-150-829-1,nyah1250,Nyakur,1448,tɔ̂ŋ,phonetic,hold,,,,
11-140-829-1,nyah1250,Nyakur,2021,cakîəm,phonetic,"seize, grasp",,,,
11-130-829-1,nyah1250,Nyakur,1749,cîət,phonetic,take,,,,
11-120-829-1,nyah1250,Nyakur,684,talâ:,phonetic,"own, possess",,,,
11-110-829-1,nyah1250,Nyakur,773,nɔ̂:m,phonetic,have,,,,
10-920-829-1,nyah1250,Nyakur,1922,tɨ̂n kho:k,phonetic,land (vb),,,,
10-860-829-1,nyah1250,Nyakur,108,patâ: ʔɨmpê:n̄ hɨə,phonetic,rudder,,,,
10-852-829-1,nyah1250,Nyakur,1849,pha:j,phonetic,row (vb),,,,
10-851-829-1,nyah1250,Nyakur,234,chû: phâ:j,phonetic,paddle (noun),,,,
10-850-829-1,nyah1250,Nyakur,108,phanih phâ:j hɨə,phonetic,oar,,,,
10-832-829-1,nyah1250,Nyakur,416,kadɔp hɨə (N+T),phonetic,outrigger,,,,
10-831-829-1,nyah1250,Nyakur,1970,rɨə / hɨə bɔ́t (T),phonetic,canoe,,,,
10-830-829-1,nyah1250,Nyakur,1844,rɨə / hɨə (T),phonetic,boat,,,,
10-780-829-1,nyah1250,Nyakur,14,ʔɛ:k,phonetic,yoke,,,,
10-770-829-1,nyah1250,Nyakur,1769,phlâw,phonetic,axle,,,,
10-760-829-1,nyah1250,Nyakur,710,ʔɨnwôŋ,phonetic,wheel,,,,
10-750-829-1,nyah1250,Nyakur,122,hlɔ̂: kîən,phonetic,"carriage, wagon, cart",,,,
10-740-829-1,nyah1250,Nyakur,1011,taphâ:n (T),phonetic,bridge,,,,
10-720-829-1,nyah1250,Nyakur,2252,trôw,phonetic,path,,,,
10-710-829-1,nyah1250,Nyakur,667,sanun,phonetic,road,,,,
10-710-829-3,nyah1250,Nyakur,667,chanun,phonetic,road,,,,
10-670-829-1,nyah1250,Nyakur,1452,phlák (T),phonetic,"push, shove",,,,
10-660-829-1,nyah1250,Nyakur,367,ʔɨncih,phonetic,ride,,,,
10-650-829-1,nyah1250,Nyakur,741,pha: ʔa:r,phonetic,drive,,,,
10-650-829-2,nyah1250,Nyakur,741,kháp (T),phonetic,drive,,,,
10-630-829-1,nyah1250,Nyakur,1127,ʔɨnthɔ̂ŋ ʔʌ:r,phonetic,send,,,,
10-620-829-1,nyah1250,Nyakur,692,phak lo:ŋ,phonetic,bring,,,,
10-615-829-1,nyah1250,Nyakur,415,kanî:p,phonetic,carry-underarm,,,,
10-614-829-1,nyah1250,Nyakur,414,thə̂:n,phonetic,carry-on-head,,,,
10-613-829-1,nyah1250,Nyakur,413,ʔɨŋkhɨ̂n,phonetic,carry-on-shoulder,,,,
10-612-829-1,nyah1250,Nyakur,412,tɔ̂ŋ,phonetic,carry-in-hand,,,,
10-610-829-1,nyah1250,Nyakur,700,ʔɨŋkhɨ̂n,phonetic,carry (bear),,,,
10-560-829-1,nyah1250,Nyakur,1778,lɔ:p n̄ɛ̂n,phonetic,approach,,,,
10-550-829-1,nyah1250,Nyakur,1387,lô:ŋ lɛc,phonetic,"reach, arrive",,,,
10-530-829-1,nyah1250,Nyakur,1047,thriəp phak,phonetic,pursue,,,,
10-520-829-1,nyah1250,Nyakur,1085,phak,phonetic,follow,,,,
10-510-829-1,nyah1250,Nyakur,956,thôw,phonetic,flee,,,,
10-491-829-1,nyah1250,Nyakur,485,chíp,phonetic,disappear,,,,
10-490-829-1,nyah1250,Nyakur,1752,ʔa:r trôw,phonetic,"go away, depart",,,,
10-481-829-1,nyah1250,Nyakur,581,cow lô:ŋ,phonetic,come back,,,,
10-481-829-2,nyah1250,Nyakur,581,cow,phonetic,come back,,,,
10-480-829-1,nyah1250,Nyakur,1446,lô:ŋ,phonetic,come,,,,
10-474-829-1,nyah1250,Nyakur,1107,tɨ́t ʔa:r,phonetic,go out,,,,
10-473-829-1,nyah1250,Nyakur,2014,cih krɔ̂:m,phonetic,go down,,,,
10-472-829-1,nyah1250,Nyakur,1102,tɨn,phonetic,climb,,,,
10-470-829-1,nyah1250,Nyakur,695,ʔa:r,phonetic,go,,,,
10-471-829-1,nyah1250,Nyakur,705,tɨn chân ʔɨntû:l,phonetic,go up,,,,
10-460-829-1,nyah1250,Nyakur,1519,kathriəp,phonetic,run,,,,
10-451-829-1,nyah1250,Nyakur,366,ʔa:r khajô:k khajô:k,phonetic,limp,,,,
10-450-829-1,nyah1250,Nyakur,1443,ʔa:r,phonetic,walk,,,,
10-440-829-1,nyah1250,Nyakur,1879,ten hram (T),phonetic,dance,,,,
10-431-829-1,nyah1250,Nyakur,1135,katɛ̂:ʔ,phonetic,kick,,,,
10-430-829-1,nyah1250,Nyakur,1829,kadô:t (T),phonetic,"jump, leap",,,,
10-420-829-1,nyah1250,Nyakur,1324,kalɨ́t,phonetic,"slide, slip",,,,
10-413-829-1,nyah1250,Nyakur,296,hmɔ:p (T),phonetic,crouch,,,,
10-412-829-1,nyah1250,Nyakur,66,khúk kabɔ̂ŋ (N+T),phonetic,kneel,,,,
10-410-829-1,nyah1250,Nyakur,96,mâmâ:r,phonetic,"creep, crawl",,,,
10-380-829-1,nyah1250,Nyakur,175,pakuh,phonetic,blow,,,,
10-380-829-3,nyah1250,Nyakur,175,pliw,phonetic,blow,,,,
10-380-829-5,nyah1250,Nyakur,175,lɔ̂:j (N+T),phonetic,blow,,,,
10-370-829-1,nyah1250,Nyakur,1441,phâr,phonetic,fly (vb),,,,
10-360-829-1,nyah1250,Nyakur,787,khap hɨə (T),phonetic,sail (vb),,,,
10-352-829-1,nyah1250,Nyakur,365,phɛ̂m,phonetic,splash,,,,
10-351-829-1,nyah1250,Nyakur,119,hmut (dâ:k),phonetic,dive,,,,
10-350-829-1,nyah1250,Nyakur,1439,bî:n dâ:k,phonetic,swim,,,,
10-340-829-1,nyah1250,Nyakur,1574,hlɔ̂:j (T),phonetic,float,,,,
10-330-829-1,nyah1250,Nyakur,1088,cɔ̂m (T),phonetic,sink,,,,
10-320-829-1,nyah1250,Nyakur,2003,hî:w,phonetic,flow,,,,
10-260-829-1,nyah1250,Nyakur,1909,kakhrʌk,phonetic,shake,,,,
10-252-829-1,nyah1250,Nyakur,702,chabut,phonetic,catch (ball),,,,
10-250-829-1,nyah1250,Nyakur,1456,kawâ:ŋ (T),phonetic,throw,,,,
10-240-829-1,nyah1250,Nyakur,2253,jép,phonetic,drip,,,,
10-230-829-1,nyah1250,Nyakur,1280,chrih,phonetic,fall,,,,
10-220-829-1,nyah1250,Nyakur,501,juk (T),phonetic,"raise, lift",,,,
10-210-829-1,nyah1250,Nyakur,568,tɨ̂n,phonetic,rise,,,,
10-170-829-1,nyah1250,Nyakur,430,tapâj,phonetic,twist,,,,
10-170-829-2,nyah1250,Nyakur,430,bit (T),phonetic,twist,,,,
10-160-829-1,nyah1250,Nyakur,808,chrih,phonetic,drop (vb),,,,
10-150-829-1,nyah1250,Nyakur,827,hɔ̂:,phonetic,roll,,,,
10-150-829-3,nyah1250,Nyakur,827,chamû:r,phonetic,roll,,,,
10-140-829-1,nyah1250,Nyakur,1113,hɔ̂:,phonetic,"wind, wrap",,,,
10-140-829-3,nyah1250,Nyakur,1113,chamû:r,phonetic,"wind, wrap",,,,
10-130-829-1,nyah1250,Nyakur,1445,kahân,phonetic,turn around,,,,
10-120-829-1,nyah1250,Nyakur,1588,pakáp = kaŋâ:r,phonetic,turn over,,,,
9-890-829-1,nyah1250,Nyakur,2001,wa:t hru:p,phonetic,paint (vb),,,,
9-890-829-3,nyah1250,Nyakur,2001,tha: si: (T),phonetic,paint (vb),,,,
9-840-829-1,nyah1250,Nyakur,1979,pɔnʔû:c,phonetic,chisel,,,,
9-880-829-1,nyah1250,Nyakur,647,si: (T),phonetic,paint (noun),,,,
9-830-829-1,nyah1250,Nyakur,1002,ru:p kabát (T+N),phonetic,statue,,,,
9-810-829-1,nyah1250,Nyakur,228,sakat (T),phonetic,carve,,,,
9-791-829-1,nyah1250,Nyakur,360,kawi:,phonetic,fan (vb),,,,
9-790-829-1,nyah1250,Nyakur,1971,phatlom (T),phonetic,fan (noun),,,,
9-780-829-1,nyah1250,Nyakur,293,kathɔ:,phonetic,netbag,,,,
9-771-829-1,nyah1250,Nyakur,292,ne:c pô: catam,phonetic,rug,,,,
9-770-829-1,nyah1250,Nyakur,195,ʔɨŋhŋâ:r,phonetic,mat,,,,
9-760-829-1,nyah1250,Nyakur,1539,kachaʔ,phonetic,basket,,,,
9-750-829-1,nyah1250,Nyakur,1729,cho:k thák (T+N),phonetic,"weave, plait",,,,
9-740-829-1,nyah1250,Nyakur,604,kacɔ́k (T),phonetic,glass,,,,
9-730-829-1,nyah1250,Nyakur,1399,tî: tabân,phonetic,clay,,,,
9-720-829-1,nyah1250,Nyakur,289,tî: ranâ:m,phonetic,mold (clay etc),,,,
9-680-829-1,nyah1250,Nyakur,627,takuə (T),phonetic,lead (noun),,,,
9-670-829-1,nyah1250,Nyakur,621,pachʌ̂j,phonetic,iron,,,,
9-660-829-1,nyah1250,Nyakur,1825,thɔ:ŋ pacû:n̄,phonetic,"copper, bronze",,,,
9-660-829-3,nyah1250,Nyakur,1825,thɔ:ŋ plê:n̄ (T+N),phonetic,"copper, bronze",,,,
9-650-829-1,nyah1250,Nyakur,759,prák,phonetic,silver,,,,
9-640-829-1,nyah1250,Nyakur,1369,thɔ:ŋ kham (T),phonetic,gold,,,,
9-630-829-1,nyah1250,Nyakur,211,pachʌ̂j,phonetic,cast (metals),,,,
9-620-829-1,nyah1250,Nyakur,1648,thɛ̂n pachʌ̂j (T+N),phonetic,anvil,,,,
9-610-829-1,nyah1250,Nyakur,288,thup pachʌ̂j,phonetic,forge,,,,
9-600-829-1,nyah1250,Nyakur,1001,chaŋ thup pachʌ̂j,phonetic,"smith, blacksmith",,,,
9-560-829-1,nyah1250,Nyakur,1069,kâ:w (T),phonetic,glue,,,,
9-500-829-1,nyah1250,Nyakur,502,tapû: (T),phonetic,nail,,,,
9-490-829-1,nyah1250,Nyakur,1481,khɔ̂:ŋ (T),phonetic,hammer,,,,
9-480-829-1,nyah1250,Nyakur,1948,hlɨəj (T),phonetic,saw,,,,
9-461-829-1,nyah1250,Nyakur,46,cî:r,phonetic,hollow out,,,,
9-460-829-1,nyah1250,Nyakur,1501,fə̂:r,phonetic,bore,,,,
9-460-829-3,nyah1250,Nyakur,1501,fɛ́ʔ / khwɛ́ʔ,phonetic,bore,,,,
9-440-829-1,nyah1250,Nyakur,1840,sa:ŋ,phonetic,build,,,,
9-440-829-3,nyah1250,Nyakur,1840,pâ:ʔ,phonetic,build,,,,
9-430-829-1,nyah1250,Nyakur,1042,châŋ chû:,phonetic,carpenter,,,,
9-380-829-1,nyah1250,Nyakur,245,chû: hrâ:č,phonetic,broom,,,,
9-360-829-1,nyah1250,Nyakur,1453,lâ:ŋ (T),phonetic,wash,,,,
9-370-829-1,nyah1250,Nyakur,230,khrâ:č,phonetic,sweep,,,,
9-350-829-1,nyah1250,Nyakur,1487,rî:n (T),phonetic,pour,,,,
9-343-829-1,nyah1250,Nyakur,1414,bít,phonetic,"squeeze, wring",,,,
9-343-829-3,nyah1250,Nyakur,1414,bî:p (T),phonetic,"squeeze, wring",,,,
9-342-829-1,nyah1250,Nyakur,1913,kót (T),phonetic,press,,,,
9-341-829-1,nyah1250,Nyakur,357,hwák,phonetic,hang up,,,,
9-341-829-3,nyah1250,Nyakur,357,khajûəl,phonetic,hang up,,,,
9-340-829-1,nyah1250,Nyakur,38,kacâ:j (T),phonetic,spread out,,,,
9-330-829-1,nyah1250,Nyakur,1455,dɨ̂ŋ la:k (T),phonetic,pull,,,,
9-320-829-1,nyah1250,Nyakur,214,ji:t,phonetic,stretch,,,,
9-310-829-1,nyah1250,Nyakur,1449,tapíc bi:p,phonetic,"rub, wipe",,,,
9-310-829-3,nyah1250,Nyakur,1449,thû: (T+N),phonetic,"rub, wipe",,,,
9-290-829-1,nyah1250,Nyakur,291,lɔ:k knâ:m (T+N),phonetic,"flay, skin",,,,
9-280-829-1,nyah1250,Nyakur,1735,chê:c,phonetic,tear,,,,
9-270-829-1,nyah1250,Nyakur,1437,tapâ:k,phonetic,split,,,,
9-270-829-3,nyah1250,Nyakur,1437,blɨk,phonetic,split,,,,
9-261-829-1,nyah1250,Nyakur,588,kâl,phonetic,broken,,,,
9-261-829-3,nyah1250,Nyakur,588,phâŋ,phonetic,broken,,,,
9-260-829-1,nyah1250,Nyakur,680,pâ:k,phonetic,break,,,,
9-250-829-1,nyah1250,Nyakur,677,chûəŋ,phonetic,ax,,,,
9-251-829-1,nyah1250,Nyakur,290,câj,phonetic,adze,,,,
9-240-829-1,nyah1250,Nyakur,356,takraj (T),phonetic,"scissors, shears",,,,
9-230-829-1,nyah1250,Nyakur,1352,bû:n,phonetic,knife,,,,
9-223-829-1,nyah1250,Nyakur,1434,ʔɨŋkhʌ̂m,phonetic,stab,,,,
9-223-829-3,nyah1250,Nyakur,1434,cɛ́c,phonetic,stab,,,,
9-223-829-5,nyah1250,Nyakur,1434,pû:c,phonetic,stab,,,,
9-222-829-1,nyah1250,Nyakur,155,pah,phonetic,"chop, hew",,,,
9-221-829-1,nyah1250,Nyakur,355,khu:l,phonetic,cut down,,,,
9-220-829-1,nyah1250,Nyakur,1432,kɛ́c,phonetic,cut,,,,
9-220-829-3,nyah1250,Nyakur,1432,sɔ̂:j,phonetic,cut,,,,
9-220-829-5,nyah1250,Nyakur,1432,sáp,phonetic,cut,,,,
9-211-829-1,nyah1250,Nyakur,354,tɔj (T),phonetic,pound with fist,,,,
9-210-829-1,nyah1250,Nyakur,2133,thup (T),phonetic,"strike (hit, beat)",,,,
9-192-829-1,nyah1250,Nyakur,760,pôm (T),phonetic,knot (noun),,,,
9-190-829-1,nyah1250,Nyakur,1218,cho:k ʔɨmwâ:r,phonetic,"rope, cord",,,,
9-180-829-1,nyah1250,Nyakur,1627,sô: (T),phonetic,chain,,,,
9-161-829-1,nyah1250,Nyakur,352,chɔ́h,phonetic,untie,,,,
9-160-829-1,nyah1250,Nyakur,1917,thak,phonetic,"tie, bind",,,,
9-150-829-1,nyah1250,Nyakur,1470,phap,phonetic,fold,,,,
9-140-829-1,nyah1250,Nyakur,2004,khô:ŋ (T),phonetic,bend,,,,
9-120-829-1,nyah1250,Nyakur,984,pâ:ʔ hŋâ:n,phonetic,work,,,,
9-110-829-1,nyah1250,Nyakur,2575,pâ:ʔ,phonetic,"do, make",,,,
8-980-829-1,nyah1250,Nyakur,641,patíh,phonetic,mushroom,,,,
8-941-829-1,nyah1250,Nyakur,146,bâw,phonetic,sugar cane,,,,
8-940-829-1,nyah1250,Nyakur,1927,thu:n̄,phonetic,bamboo,,,,
8-931-829-1,nyah1250,Nyakur,864,ʔɨmpî:r,phonetic,"pumpkin, squash",,,,
8-931-829-3,nyah1250,Nyakur,864,kaʔɨ̂l,phonetic,"pumpkin, squash",,,,
8-931-829-5,nyah1250,Nyakur,864,lul,phonetic,"pumpkin, squash",,,,
8-930-829-1,nyah1250,Nyakur,411,naŋ no:ŋ,phonetic,gourd,,,,
8-920-829-1,nyah1250,Nyakur,925,(rih) fâ:j chû:,phonetic,"tapioca, manioc, cassava",,,,
8-912-829-1,nyah1250,Nyakur,410,mankɛ:w,phonetic,yam,,,,
8-912-829-3,nyah1250,Nyakur,410,fâ:j the:t (T+N),phonetic,yam,,,,
8-850-829-1,nyah1250,Nyakur,346,tâm chraj,phonetic,banyan,,,,
8-840-829-1,nyah1250,Nyakur,868,tâm phra:t,phonetic,banana tree,,,,
8-830-829-1,nyah1250,Nyakur,1126,chɛ̂:c sôm,phonetic,citrus fruit,,,,
8-830-829-3,nyah1250,Nyakur,1126,chɛ́c manâ:w,phonetic,citrus fruit,,,,
8-820-829-1,nyah1250,Nyakur,970,chɛ́c dû:ŋ,phonetic,coconut,,,,
8-750-829-1,nyah1250,Nyakur,1204,ʔɨŋkûər,phonetic,bark,,,,
8-740-829-1,nyah1250,Nyakur,409,kha:p,phonetic,forked branch,,,,
8-730-829-1,nyah1250,Nyakur,344,tâm,phonetic,tree trunk,,,,
8-720-829-1,nyah1250,Nyakur,241,kho:n,phonetic,tree stump,,,,
8-691-829-1,nyah1250,Nyakur,1124,kachû:,phonetic,pipe,,,,
8-691-829-3,nyah1250,Nyakur,1124,ʔaphlu:ʔ,phonetic,pipe,,,,
8-690-829-1,nyah1250,Nyakur,1689,dû:t brî:,phonetic,smoke (tobacco),,,,
8-690-829-2,nyah1250,Nyakur,1689,chrû:p dû:t (T),phonetic,smoke (tobacco),,,,
8-680-829-1,nyah1250,Nyakur,974,hlâ: ʔa:chrû:p (T+N),phonetic,tobacco,,,,
8-620-829-1,nyah1250,Nyakur,1950,tâm dɨ̂ə (T),phonetic,beech,,,,
8-600-829-1,nyah1250,Nyakur,906,tâm chû:,phonetic,tree,,,,
8-570-829-1,nyah1250,Nyakur,239,kâ:w,phonetic,flower,,,,
8-560-829-1,nyah1250,Nyakur,628,hlâ:,phonetic,leaf,,,,
8-550-829-1,nyah1250,Nyakur,1531,kha:p (chû:),phonetic,branch,,,,
8-540-829-1,nyah1250,Nyakur,670,rih,phonetic,root,,,,
8-531-829-1,nyah1250,Nyakur,1486,tʌ̂l,phonetic,plant (vb),,,,
8-520-829-1,nyah1250,Nyakur,342,chɔ́k,phonetic,hay,,,,
8-530-829-1,nyah1250,Nyakur,653,tam chû: (tree),phonetic,plant (noun),,,,
8-510-829-1,nyah1250,Nyakur,606,ʔɨmphat,phonetic,grass,,,,
8-480-829-1,nyah1250,Nyakur,926,pô:ŋ laʔúh,phonetic,rice,,,,
8-470-829-1,nyah1250,Nyakur,506,hlî:,phonetic,"maize, corn",,,,
8-420-829-1,nyah1250,Nyakur,605,khrap chrô:,phonetic,"grain (barley, oats etc)",,,,
8-410-829-1,nyah1250,Nyakur,611,jâ:m hrɛ́c (T+N),phonetic,"crop, harvest",,,,
8-350-829-1,nyah1250,Nyakur,223,la:n be:n chrô: (T+N),phonetic,threshing-floor,,,,
8-340-829-1,nyah1250,Nyakur,285,bê:n chrô:,phonetic,thresh,,,,
8-340-829-3,nyah1250,Nyakur,285,thup chrô:,phonetic,thresh,,,,
8-330-829-1,nyah1250,Nyakur,2132,kawîən,phonetic,"sickle, scythe",,,,
8-320-829-1,nyah1250,Nyakur,190,thâ:c (mphal),phonetic,"mow, reap",,,,
8-320-829-3,nyah1250,Nyakur,190,hrɛ:c,phonetic,"mow, reap",,,,
8-311-829-1,nyah1250,Nyakur,714,khrap,phonetic,seed,,,,
8-310-829-1,nyah1250,Nyakur,748,kachâ:c,phonetic,sow,,,,
8-310-829-3,nyah1250,Nyakur,748,prɔh,phonetic,sow,,,,
8-270-829-1,nyah1250,Nyakur,338,khra:t (T),phonetic,rake,,,,
8-250-829-1,nyah1250,Nyakur,284,cók,phonetic,hoe,,,,
8-240-829-1,nyah1250,Nyakur,1901,phlûə (T),phonetic,shovel,,,,
8-230-829-1,nyah1250,Nyakur,1176,hmɔ́k,phonetic,spade,,,,
8-212-829-1,nyah1250,Nyakur,1794,rɔ̂:ŋ tî: (T+N),phonetic,furrow,,,,
8-220-829-1,nyah1250,Nyakur,1418,cî:r,phonetic,dig,,,,
8-170-829-1,nyah1250,Nyakur,2002,rɔ̂:ŋ dâ:k (T+N),phonetic,ditch,,,,
8-160-829-1,nyah1250,Nyakur,1690,khɨən,phonetic,fence,,,,
8-150-829-1,nyah1250,Nyakur,1541,tâl,phonetic,"cultivate, till",,,,
8-130-829-1,nyah1250,Nyakur,586,chûən (T),phonetic,garden,,,,
8-120-829-1,nyah1250,Nyakur,212,(thuŋ) chrɛ̂:,phonetic,field (for cultivation),,,,
8-110-829-1,nyah1250,Nyakur,979,phanih pâ:ʔ chrɛ̂:,phonetic,farmer,,,,
7-640-829-1,nyah1250,Nyakur,901,trɛ́h cakáč,phonetic,adobe,,,,
7-630-829-1,nyah1250,Nyakur,224,hmô:r kɔ̂:k,phonetic,mortar,,,,
7-620-829-1,nyah1250,Nyakur,1006,trɛ́h,phonetic,brick,,,,
7-610-829-1,nyah1250,Nyakur,877,châŋ,phonetic,mason,,,,
7-570-829-1,nyah1250,Nyakur,1227,kadâ:r,phonetic,board,,,,
7-560-829-1,nyah1250,Nyakur,281,chû: khâ:n,phonetic,"post, pole",,,,
7-560-829-3,nyah1250,Nyakur,281,chû: ʔɨnchuŋ łüʌ:,phonetic,"post, pole",,,,
7-540-829-1,nyah1250,Nyakur,829,(chû:) canthan (T),phonetic,rafter,,,,
7-530-829-1,nyah1250,Nyakur,280,khɨ:,phonetic,ridgepole,,,,
7-510-829-1,nyah1250,Nyakur,769,kamûr,phonetic,roof,,,,
7-480-829-1,nyah1250,Nyakur,205,ra:ŋ dâ:k (T+N),phonetic,trough,,,,
7-470-829-1,nyah1250,Nyakur,745,hîŋ (T),phonetic,shelf,,,,
7-460-829-1,nyah1250,Nyakur,1273,thîən (T),phonetic,candle,,,,
7-450-829-1,nyah1250,Nyakur,2131,kamát,phonetic,"lamp, torch",,,,
7-440-829-1,nyah1250,Nyakur,1775,khɔp,phonetic,table,,,,
7-422-829-1,nyah1250,Nyakur,806,ne:c tác,phonetic,blanket,,,,
7-421-829-1,nyah1250,Nyakur,1044,mɔ:n (T),phonetic,pillow,,,,
7-420-829-1,nyah1250,Nyakur,1663,tîəŋ pû:n̄ (T+N),phonetic,bed,,,,
7-370-829-1,nyah1250,Nyakur,1464,tanûn,phonetic,ladder,,,,
7-370-829-3,nyah1250,Nyakur,1464,kûən tanûn,phonetic,ladder,,,,
7-330-829-1,nyah1250,Nyakur,1305,prɛ:w kamát,phonetic,chimney,,,,
7-320-829-1,nyah1250,Nyakur,859,tâw (T),phonetic,stove,,,,
7-310-829-1,nyah1250,Nyakur,185,ʔɨnhûr,phonetic,fireplace,,,,
7-270-829-1,nyah1250,Nyakur,933,pamâŋ,phonetic,wall,,,,
7-260-829-1,nyah1250,Nyakur,1632,phɨ̂:n (T),phonetic,floor,,,,
7-250-829-1,nyah1250,Nyakur,1375,na:ta:ŋ (T),phonetic,window,,,,
7-240-829-1,nyah1250,Nyakur,1472,kuncɛ:(T),phonetic,key,,,,
7-231-829-1,nyah1250,Nyakur,1012,laj,phonetic,"latch, door-bolt",,,,
7-221-829-1,nyah1250,Nyakur,80,ʔɨnchûŋ,phonetic,"doorpost, jamb",,,,
7-210-829-1,nyah1250,Nyakur,1450,hɔŋ (T),phonetic,room,,,,
7-220-829-1,nyah1250,Nyakur,1567,ʔɨmrâŋ,phonetic,"door, gate",,,,
7-180-829-1,nyah1250,Nyakur,335,sala: ka:ŋ dô:ŋ (T+N),phonetic,meeting house,,,,
7-150-829-1,nyah1250,Nyakur,736,sana:m ʔɨmphat (T+N),phonetic,"yard, court",,,,
7-140-829-1,nyah1250,Nyakur,1316,tên (T),phonetic,tent,,,,
7-130-829-1,nyah1250,Nyakur,1678,hnâm,phonetic,hut,,,,
7-120-829-1,nyah1250,Nyakur,1252,hî:,phonetic,house,,,,
7-110-829-1,nyah1250,Nyakur,363,thɔ̂ŋ,phonetic,"dwell, live",,,,
6-960-829-1,nyah1250,Nyakur,1171,kacɔ́k (T),phonetic,mirror,,,,
6-950-829-1,nyah1250,Nyakur,788,sabu: (T),phonetic,soap,,,,
6-940-829-1,nyah1250,Nyakur,1926,phrû:j,phonetic,ointment,,,,
6-930-829-1,nyah1250,Nyakur,151,bu:n kô:n,phonetic,razor,,,,
6-921-829-1,nyah1250,Nyakur,333,thâk (T),phonetic,braid,,,,
6-920-829-1,nyah1250,Nyakur,1821,prɛ:ŋ (T),phonetic,brush,,,,
6-910-829-1,nyah1250,Nyakur,1475,hni:t,phonetic,comb,,,,
6-820-829-1,nyah1250,Nyakur,1021,ne:c chit túh (T),phonetic,towel,,,,
6-810-829-1,nyah1250,Nyakur,332,ne:c chit na: (T),phonetic,"handkerchief, rag",,,,
6-790-829-1,nyah1250,Nyakur,68,sala (T),phonetic,tattoo,,,,
6-770-829-1,nyah1250,Nyakur,770,kacɔ:n thraŋ kacɔk,phonetic,earring,,,,
6-750-829-1,nyah1250,Nyakur,1961,chɔ:j chɔ̂:j kɔ̂: (T),phonetic,necklace,,,,
6-740-829-1,nyah1250,Nyakur,1754,kɔ̂:ŋ,phonetic,bracelet,,,,
6-730-829-1,nyah1250,Nyakur,1374,phanîəŋ,phonetic,ring (for finger),,,,
6-720-829-1,nyah1250,Nyakur,1029,phet (T),phonetic,jewel,,,,
6-620-829-1,nyah1250,Nyakur,757,kadûm (T),phonetic,button,,,,
6-570-829-1,nyah1250,Nyakur,772,khemkhat (T),phonetic,"belt, girdle",,,,
6-550-829-1,nyah1250,Nyakur,2130,hmuək (T),phonetic,"hat, cap",,,,
6-510-829-1,nyah1250,Nyakur,1381,phɔkchə:ŋ,phonetic,shoe,,,,
6-480-829-1,nyah1250,Nyakur,809,ka:ŋke:ŋ (T),phonetic,trousers,,,,
6-460-829-1,nyah1250,Nyakur,1600,ne:c khnu:n,phonetic,skirt,,,,
6-450-829-1,nyah1250,Nyakur,2012,pɔ̂: phɔktaj,phonetic,collar,,,,
6-440-829-1,nyah1250,Nyakur,1622,phɔktaj,phonetic,shirt,,,,
6-430-829-1,nyah1250,Nyakur,603,phɔktaj,phonetic,coat,,,,
6-420-829-1,nyah1250,Nyakur,474,phɔktaj,phonetic,woman's dress,,,,
6-390-829-1,nyah1250,Nyakur,157,jɔ:msi: (T),phonetic,dye,,,,
6-410-829-1,nyah1250,Nyakur,326,khlûm (T),phonetic,cloak,,,,
6-380-829-1,nyah1250,Nyakur,1161,ʔɨmwâ:r,phonetic,thread,,,,
6-360-829-1,nyah1250,Nyakur,1382,ʔɨnchal,phonetic,needle,,,,
6-370-829-1,nyah1250,Nyakur,278,sawa:n (T),phonetic,awl,,,,
6-350-829-1,nyah1250,Nyakur,1457,chî:ŋ,phonetic,sew,,,,
6-330-829-1,nyah1250,Nyakur,133,tâ:n̄,phonetic,weave,,,,
6-320-829-1,nyah1250,Nyakur,277,dɨ̂əj,phonetic,spindle,,,,
6-310-829-1,nyah1250,Nyakur,121,tapaj,phonetic,spin,,,,
6-290-829-1,nyah1250,Nyakur,629,hnâ:m,phonetic,leather,,,,
6-280-829-1,nyah1250,Nyakur,580,chɔ̂:k,phonetic,fur,,,,
6-250-829-1,nyah1250,Nyakur,1641,chû:t,phonetic,silk,,,,
6-240-829-1,nyah1250,Nyakur,1850,tûəl,phonetic,cotton,,,,
6-230-829-1,nyah1250,Nyakur,916,thamâj,phonetic,"linen, flax",,,,
6-210-829-1,nyah1250,Nyakur,1616,phɔktâj ne:c,phonetic,cloth,,,,
6-130-829-1,nyah1250,Nyakur,881,châ:ŋ kɛ́c phəktâj,phonetic,tailor,,,,
6-120-829-1,nyah1250,Nyakur,1895,(ʔɔ́:k) phɔktâj,phonetic,"clothing, clothes",,,,
6-110-829-1,nyah1250,Nyakur,158,tê:n̄ túh,phonetic,put on (clothes),,,,
5-971-829-1,nyah1250,Nyakur,1556,phɔ:ŋ phlê:n̄,phonetic,egg yolk,,,,
5-970-829-1,nyah1250,Nyakur,744,phɔ:ŋ,phonetic,egg,,,,
5-940-829-1,nyah1250,Nyakur,404,prɛ̂:,phonetic,fermented drink,,,,
5-880-829-1,nyah1250,Nyakur,1569,nə̂:j (T),phonetic,cheese,,,,
5-870-829-1,nyah1250,Nyakur,93,ri:t tɔ́h,phonetic,milk (vb),,,,
5-850-829-1,nyah1250,Nyakur,862,dâ:k tâ:ŋ,phonetic,sugar,,,,
5-860-829-1,nyah1250,Nyakur,635,dâ:k tɔ́h,phonetic,milk (noun),,,,
5-840-829-1,nyah1250,Nyakur,942,dâ:k châ:j,phonetic,honey,,,,
5-821-829-1,nyah1250,Nyakur,919,pakɛ:w phɔ̂ŋ (phana:ʔ =chilli pasta),phonetic,chili pepper,,,,
5-820-829-1,nyah1250,Nyakur,1385,prik thaj (T),phonetic,pepper,,,,
5-810-829-1,nyah1250,Nyakur,1274,paʔur,phonetic,salt,,,,
5-791-829-1,nyah1250,Nyakur,323,khaj kalîn̄,phonetic,"grease, fat",,,,
5-790-829-1,nyah1250,Nyakur,1484,kalîn̄,phonetic,oil,,,,
5-780-829-1,nyah1250,Nyakur,1154,(tam) kaʔî:l,phonetic,olive,,,,
5-750-829-1,nyah1250,Nyakur,322,tam chrâj,phonetic,fig,,,,
5-712-829-1,nyah1250,Nyakur,1966,phûəŋ (T),phonetic,bunch,,,,
5-710-829-1,nyah1250,Nyakur,1507,chɛ́c,phonetic,fruit,,,,
5-660-829-1,nyah1250,Nyakur,832,chrîm,phonetic,bean,,,,
5-650-829-1,nyah1250,Nyakur,924,lâ:ʔ chû:,phonetic,vegetables,,,,
5-640-829-1,nyah1250,Nyakur,1547,(dâ:k) hnîər,phonetic,"soup, broth",,,,
5-630-829-1,nyah1250,Nyakur,1874,caj châ:j,phonetic,sausage,,,,
5-610-829-1,nyah1250,Nyakur,634,fâ: / chawa:,phonetic,meat,,,,
5-590-829-1,nyah1250,Nyakur,225,ʔɨnriʔ,phonetic,pestle,,,,
5-580-829-1,nyah1250,Nyakur,224,hnúl,phonetic,mortar (2),,,,
5-570-829-1,nyah1250,Nyakur,636,bɔ́t,phonetic,mill,,,,
5-560-829-1,nyah1250,Nyakur,1033,bɔ́t (T)̲,phonetic,"crush, grind",,,,
5-550-829-1,nyah1250,Nyakur,1594,kalɛ̂n̄,phonetic,"meal, flour",,,,
5-540-829-1,nyah1250,Nyakur,274,tapíc kabat,phonetic,knead,,,,
5-490-829-1,nyah1250,Nyakur,2017,khɔ̂n,phonetic,"stir, mix",,,,
5-490-829-3,nyah1250,Nyakur,2017,pɔ̂l min,phonetic,"stir, mix",,,,
5-480-829-1,nyah1250,Nyakur,1767,khu:t (T),phonetic,scrape,,,,
5-470-829-1,nyah1250,Nyakur,86,takrɛ̂:ŋ (T),phonetic,"sieve, strain",,,,
5-460-829-1,nyah1250,Nyakur,275,pɔ:k ʔɨŋkûər,phonetic,peel,,,,
5-450-829-1,nyah1250,Nyakur,1833,câ:ʔ pô:ŋ tɔ:n ʔɨmluʔ,phonetic,supper,,,,
5-440-829-1,nyah1250,Nyakur,1833,câ:ʔ pô:ŋ tɔ:n ʔɨmluʔ,phonetic,dinner,,,,
5-430-829-1,nyah1250,Nyakur,768,câ:ʔ hâj thiəŋ,phonetic,lunch,,,,
5-420-829-1,nyah1250,Nyakur,1322,pôŋ naŋ rɛh,phonetic,breakfast,,,,
5-410-829-1,nyah1250,Nyakur,1526,thɛh,phonetic,meal (a),,,,
5-391-829-1,nyah1250,Nyakur,272,khi:m (T),phonetic,tongs,,,,
5-380-829-1,nyah1250,Nyakur,1352,bû:n,phonetic,knife (2),,,,
5-370-829-1,nyah1250,Nyakur,1378,chɔ̂:n (T),phonetic,spoon,,,,
5-360-829-1,nyah1250,Nyakur,271,thû:j (T),phonetic,saucer,,,,
5-350-829-1,nyah1250,Nyakur,476,kɛ̂:w (T),phonetic,"cup, drinking vessel",,,,
5-330-829-1,nyah1250,Nyakur,1530,thû:j,phonetic,bowl,,,,
5-330-829-3,nyah1250,Nyakur,1530,katha:ŋ (T),phonetic,bowl,,,,
5-310-829-1,nyah1250,Nyakur,481,câ:n (T),phonetic,dish,,,,
5-280-829-1,nyah1250,Nyakur,31,kathaʔ (T),phonetic,pan,,,,
5-260-829-1,nyah1250,Nyakur,1462,mâ:j,phonetic,"pot, cooking vessel",,,,
5-270-829-1,nyah1250,Nyakur,854,kâ: hlû:k dâ:k,phonetic,kettle,,,,
5-240-829-1,nyah1250,Nyakur,183,ʔop (T),phonetic,bake,,,,
5-250-829-1,nyah1250,Nyakur,1143,tân (T),phonetic,oven,,,,
5-230-829-1,nyah1250,Nyakur,2146,cathûr,phonetic,"roast, fry",,,,
5-230-829-3,nyah1250,Nyakur,2146,thɔ:t,phonetic,"roast, fry",,,,
5-230-829-5,nyah1250,Nyakur,2146,pra:ŋ,phonetic,"roast, fry",,,,
5-220-829-1,nyah1250,Nyakur,792,hlu:k,phonetic,boil (vb),,,,
5-210-829-1,nyah1250,Nyakur,1100,pâ: câ:ʔ,phonetic,cook,,,,
5-190-829-1,nyah1250,Nyakur,129,chalʌk,phonetic,choke,,,,
5-181-829-1,nyah1250,Nyakur,897,hŋu:c,phonetic,swallow,,,,
5-180-829-1,nyah1250,Nyakur,321,khan̄â:j,phonetic,chew,,,,
5-160-829-1,nyah1250,Nyakur,1421,dû:t,phonetic,suck,,,,
5-160-829-3,nyah1250,Nyakur,1421,cɛ́p,phonetic,suck,,,,
5-150-829-1,nyah1250,Nyakur,848,khʌlâ:j,phonetic,thirst,,,,
5-141-829-1,nyah1250,Nyakur,199,ʔʌt,phonetic,famine,,,,
5-140-829-1,nyah1250,Nyakur,1864,hê:w (T),phonetic,hunger,,,,
5-130-829-1,nyah1250,Nyakur,1401,chô:ŋ,phonetic,drink,,,,
5-125-829-1,nyah1250,Nyakur,1728,chaʔúč,phonetic,rotten,,,,
5-125-829-3,nyah1250,Nyakur,1728,phro:k,phonetic,rotten,,,,
5-124-829-1,nyah1250,Nyakur,1958,phan nam laʔúč,phonetic,"green, unripe",,,,
5-123-829-1,nyah1250,Nyakur,178,laʔ úč,phonetic,ripe,,,,
5-122-829-1,nyah1250,Nyakur,1959,n̄uŋ,phonetic,raw,,,,
5-120-829-1,nyah1250,Nyakur,256,pô:ŋ,phonetic,food,,,,
5-110-829-1,nyah1250,Nyakur,1336,câ:ʔ,phonetic,eat,,,,
4-990-829-1,nyah1250,Nyakur,590,ʔɨnchɔ́h,phonetic,"naked, bare",,,,
4-970-829-1,nyah1250,Nyakur,1653,hmat ta:bɔ̂:t (T),phonetic,blind,,,,
4-980-829-1,nyah1250,Nyakur,1463,bû:l,phonetic,intoxicated,,,,
4-960-829-1,nyah1250,Nyakur,1666,kɨ̂k,phonetic,mute,,,,
4-950-829-1,nyah1250,Nyakur,996,kalûər khlʌ̂ŋ,phonetic,deaf,,,,
4-930-829-1,nyah1250,Nyakur,1125,talâ:c,phonetic,bald,,,,
4-940-829-1,nyah1250,Nyakur,320,jɔ́k phro:k,phonetic,lame,,,,
4-920-829-1,nyah1250,Nyakur,1564,ʔɨnchî:r,phonetic,lazy,,,,
4-912-829-1,nyah1250,Nyakur,168,jut rakhɛ́h,phonetic,rest,,,,
4-910-829-1,nyah1250,Nyakur,1757,rakhɛ́h,phonetic,"tired, weary",,,,
4-890-829-1,nyah1250,Nyakur,655,nû:j phit,phonetic,poison,,,,
4-880-829-1,nyah1250,Nyakur,1372,nû:j,phonetic,"medicine, drug",,,,
4-870-829-1,nyah1250,Nyakur,597,mɔʌ: (T),phonetic,physician,,,,
4-860-829-1,nyah1250,Nyakur,499,rachâ: (T),phonetic,"cure, heal",,,,
4-858-829-1,nyah1250,Nyakur,497,phlɛ: n̄uŋ,phonetic,scar,,,,
4-857-829-1,nyah1250,Nyakur,1808,patúh,phonetic,pus,,,,
4-856-829-1,nyah1250,Nyakur,793,prîət,phonetic,boil (noun),,,,
4-856-829-3,nyah1250,Nyakur,793,mun,phonetic,boil (noun),,,,
4-855-829-1,nyah1250,Nyakur,1584,tum pkɔ:ŋ(T),phonetic,blister,,,,
4-854-829-1,nyah1250,Nyakur,148,chu:č,phonetic,itch,,,,
4-854-829-2,nyah1250,Nyakur,148,hnɔ:k,phonetic,itch,,,,
4-854-829-4,nyah1250,Nyakur,148,chanɔ̂:k,phonetic,itch,,,,
4-853-829-1,nyah1250,Nyakur,1903,chu:č,phonetic,swelling,,,,
4-852-829-1,nyah1250,Nyakur,1148,khu:č châm,phonetic,bruise,,,,
4-843-829-1,nyah1250,Nyakur,102,chač hɨ:t,phonetic,cold (catarrh),,,,
4-842-829-1,nyah1250,Nyakur,1957,kɔ̂:ʔ phɔ:k (T),phonetic,goiter,,,,
4-841-829-1,nyah1250,Nyakur,1534,chač,phonetic,fever,,,,
4-840-829-1,nyah1250,Nyakur,1847,chʌj,phonetic,"sick, sickness",,,,
4-820-829-1,nyah1250,Nyakur,1601,laʔûn,phonetic,weak,,,,
4-810-829-1,nyah1250,Nyakur,785,kri:ŋ,phonetic,"strong, mighty, powerful",,,,
4-790-829-1,nyah1250,Nyakur,1773,ʔɨmruŋ ʔɨnthɔ:k,phonetic,"grave, tomb",,,,
4-780-829-1,nyah1250,Nyakur,1719,thôm chruŋ chawa:ʔ,phonetic,bury (the dead),,,,
4-770-829-1,nyah1250,Nyakur,767,póp chawa:ʔ,phonetic,corpse,,,,
4-760-829-1,nyah1250,Nyakur,1417,kacɛ́t,phonetic,kill,,,,
4-751-829-1,nyah1250,Nyakur,1904,cɔmdâ:k kacɛt,phonetic,drowned,,,,
4-750-829-1,nyah1250,Nyakur,1494,pacɛt,phonetic,"die, dead",,,,
4-740-829-1,nyah1250,Nyakur,1422,chi:wit (T),phonetic,"live, living, life",,,,
4-732-829-1,nyah1250,Nyakur,1087,nɨk,phonetic,conceive,,,,
4-730-829-1,nyah1250,Nyakur,1123,nɔ̂:m phuŋ,phonetic,pregnant,,,,
4-720-829-1,nyah1250,Nyakur,1090,kə̂:t,phonetic,born (to be),,,,
4-690-829-1,nyah1250,Nyakur,138,ho:m dâ:k,phonetic,bathe,,,,
4-680-829-1,nyah1250,Nyakur,52,jɨr,phonetic,shiver,,,,
4-670-829-1,nyah1250,Nyakur,1785,ʔɨnchat,phonetic,have sexual intercourse,,,,
4-660-829-1,nyah1250,Nyakur,676,ʔíc,phonetic,defecate,,,,
4-650-829-1,nyah1250,Nyakur,592,carúh,phonetic,urinate,,,,
4-640-829-1,nyah1250,Nyakur,1159,paʔih phuŋ,phonetic,break wind,,,,
4-630-829-1,nyah1250,Nyakur,1602,tə̂:r,phonetic,wake up,,,,
4-620-829-1,nyah1250,Nyakur,1920,pɔ̂:,phonetic,dream,,,,
4-612-829-1,nyah1250,Nyakur,1983,hnûr,phonetic,snore,,,,
4-610-829-1,nyah1250,Nyakur,1585,pu:n̄ ʔɨŋkûj,phonetic,sleep,,,,
4-591-829-1,nyah1250,Nyakur,268,???,phonetic,dribble,,,,
4-590-829-1,nyah1250,Nyakur,319,khrâ:n̄,phonetic,lick,,,,
4-580-829-1,nyah1250,Nyakur,1403,kɨ́t,phonetic,bite,,,,
4-570-829-1,nyah1250,Nyakur,1278,tâ:,phonetic,vomit,,,,
4-560-829-1,nyah1250,Nyakur,1440,dâ:k ʔɨncɔ́h,phonetic,spit,,,,
4-550-829-1,nyah1250,Nyakur,126,dâ:k múh tɨ́t,phonetic,perspire,,,,
4-540-829-1,nyah1250,Nyakur,1621,chraʔác,phonetic,sneeze,,,,
4-530-829-1,nyah1250,Nyakur,879,chadak,phonetic,cough,,,,
4-521-829-1,nyah1250,Nyakur,162,chaʔʌk,phonetic,hiccough,,,,
4-520-829-1,nyah1250,Nyakur,1028,chaʔâ:p,phonetic,"yawn, gape",,,,
4-510-829-1,nyah1250,Nyakur,1407,khajâ:l n̄um,phonetic,"breathe, breath",,,,
4-492-829-1,nyah1250,Nyakur,1222,padâj,phonetic,penis,,,,
4-490-829-1,nyah1250,Nyakur,797,lu:k kapo:k (T),phonetic,testicle,,,,
4-464-829-1,nyah1250,Nyakur,834,tapho:k chút,phonetic,buttocks,,,,
4-463-829-1,nyah1250,Nyakur,1745,tapho:k (T),phonetic,hip,,,,
4-462-829-1,nyah1250,Nyakur,1681,katɔn,phonetic,waist,,,,
4-461-829-1,nyah1250,Nyakur,1991,chaj phuŋ,phonetic,"intestines, guts",,,,
4-460-829-1,nyah1250,Nyakur,819,phuŋ,phonetic,stomach,,,,
4-452-829-1,nyah1250,Nyakur,1744,pɔŋpɔ̂:ŋ,phonetic,spleen,,,,
4-451-829-1,nyah1250,Nyakur,489,khajlaŋ,phonetic,kidney,,,,
4-450-829-1,nyah1250,Nyakur,1224,khrih,phonetic,liver,,,,
4-441-829-1,nyah1250,Nyakur,688,chûət,phonetic,lung,,,,
4-440-829-1,nyah1250,Nyakur,1223,lu:k n̄um,phonetic,heart,,,,
4-430-829-1,nyah1250,Nyakur,1838,puŋ níh,phonetic,navel,,,,
4-420-829-1,nyah1250,Nyakur,154,puəŋ tɔ́h,phonetic,udder,,,,
4-412-829-1,nyah1250,Nyakur,796,kadɔp tɔ́h,phonetic,"nipple, teat",,,,
4-410-829-1,nyah1250,Nyakur,1402,tɔ́h,phonetic,breast (of woman),,,,
4-400-829-1,nyah1250,Nyakur,1592,carîh,phonetic,chest,,,,
4-393-829-1,nyah1250,Nyakur,1201,chɔ̂:k,phonetic,feather,,,,
4-392-829-1,nyah1250,Nyakur,1257,hnîəŋ,phonetic,wing,,,,
4-380-829-1,nyah1250,Nyakur,1389,churchuŋ,phonetic,toe,,,,
4-374-829-1,nyah1250,Nyakur,318,thanâ:j chuŋ,phonetic,footprint,,,,
4-372-829-1,nyah1250,Nyakur,980,hnə̂:l,phonetic,heel,,,,
4-371-829-1,nyah1250,Nyakur,803,khɔ̂: chuŋ,phonetic,ankle,,,,
4-370-829-1,nyah1250,Nyakur,1301,chuŋ,phonetic,foot,,,,
4-360-829-1,nyah1250,Nyakur,1371,kabɔ̂ŋ,phonetic,knee,,,,
4-352-829-1,nyah1250,Nyakur,498,chan̄âŋ,phonetic,calf of leg,,,,
4-351-829-1,nyah1250,Nyakur,800,thɨl,phonetic,thigh,,,,
4-350-829-1,nyah1250,Nyakur,1297,jɔ́k,phonetic,leg,,,,
4-345-829-1,nyah1250,Nyakur,72,kalʔɔ̂ŋ ʔɨnlîəm,phonetic,claw,,,,
4-344-829-1,nyah1250,Nyakur,1258,ʔɨnlîəm,phonetic,fingernail,,,,
4-342-829-1,nyah1250,Nyakur,1781,char tʌ̂j,phonetic,thumb,,,,
4-340-829-1,nyah1250,Nyakur,1303,tʌ̂j,phonetic,finger,,,,
4-331-829-1,nyah1250,Nyakur,1183,ʔɨntâ:l tʌ̂j,phonetic,palm of hand,,,,
4-330-829-1,nyah1250,Nyakur,1277,tʌ̂j,phonetic,hand,,,,
4-321-829-1,nyah1250,Nyakur,799,khɔ: tʌ̂j,phonetic,wrist,,,,
4-320-829-1,nyah1250,Nyakur,981,(khɔ:) kê:n̄,phonetic,elbow,,,,
4-312-829-1,nyah1250,Nyakur,1886,chûŋlak,phonetic,armpit,,,,
4-310-829-1,nyah1250,Nyakur,1673,khɛ̂:n (T),phonetic,arm,,,,
4-302-829-1,nyah1250,Nyakur,1994,khɨ: kɔ̂:,phonetic,collarbone,,,,
4-301-829-1,nyah1250,Nyakur,172,ʔɨmlɔ̂:k,phonetic,shoulderblade,,,,
4-300-829-1,nyah1250,Nyakur,1482,phanah,phonetic,shoulder,,,,
4-290-829-1,nyah1250,Nyakur,1346,lam kɔ̂:,phonetic,throat,,,,
4-281-829-1,nyah1250,Nyakur,1347,kathut,phonetic,nape of neck,,,,
4-280-829-1,nyah1250,Nyakur,1333,kɔ̂:,phonetic,neck,,,,
4-272-829-1,nyah1250,Nyakur,1049,ŋiək kaʔâ:m,phonetic,molartooth,,,,
4-270-829-1,nyah1250,Nyakur,1380,ŋiək,phonetic,tooth,,,,
4-271-829-1,nyah1250,Nyakur,139,phluk,phonetic,gums,,,,
4-271-829-2,nyah1250,Nyakur,139,khanûŋ ŋiək,phonetic,gums,,,,
4-260-829-1,nyah1250,Nyakur,1205,ʔɨntâ:k,phonetic,tongue,,,,
4-250-829-1,nyah1250,Nyakur,478,mɛ̂n̄,phonetic,lip,,,,
4-241-829-1,nyah1250,Nyakur,73,mɛ̂n̄,phonetic,beak,,,,
4-240-829-1,nyah1250,Nyakur,674,pâ:ŋ,phonetic,mouth,,,,
4-232-829-1,nyah1250,Nyakur,208,dâ:k mɔh,phonetic,mucus (nasal),,,,
4-232-829-3,nyah1250,Nyakur,208,ʔic mɔh,phonetic,mucus (nasal),,,,
4-231-829-1,nyah1250,Nyakur,1178,chrûŋ chuŋ mɔh,phonetic,nostril,,,,
4-230-829-1,nyah1250,Nyakur,1221,chuŋ mɔh,phonetic,nose,,,,
4-222-829-1,nyah1250,Nyakur,32,ʔic katûər,phonetic,earwax,,,,
4-221-829-1,nyah1250,Nyakur,18,tiŋ katûər,phonetic,earlobe,,,,
4-220-829-1,nyah1250,Nyakur,1247,katûər,phonetic,ear,,,,
4-215-829-1,nyah1250,Nyakur,1655,kapríc hmat,phonetic,blink,,,,
4-215-829-2,nyah1250,Nyakur,1655,rî: hmat,phonetic,blink,,,,
4-214-829-1,nyah1250,Nyakur,1540,chɔ̂:k hmat,phonetic,eyelash,,,,
4-213-829-1,nyah1250,Nyakur,17,hnâ:m hmat,phonetic,eyelid,,,,
4-212-829-1,nyah1250,Nyakur,1173,khiw (T),phonetic,eyebrow,,,,
4-210-829-1,nyah1250,Nyakur,1248,hmat,phonetic,eye,,,,
4-208-829-1,nyah1250,Nyakur,1730,tabâl,phonetic,cheek,,,,
4-209-829-1,nyah1250,Nyakur,1510,kha:ŋ (T),phonetic,chin,,,,
4-205-829-1,nyah1250,Nyakur,123,(nâ:) ʔɨŋhâ:j,phonetic,forehead,,,,
4-207-829-1,nyah1250,Nyakur,798,khâ:ŋ kankrâj (T),phonetic,jaw,,,,
4-204-829-1,nyah1250,Nyakur,1560,(nâ:) hmat,phonetic,face,,,,
4-203-829-1,nyah1250,Nyakur,1583,kadâŋ,phonetic,brain,,,,
4-201-829-1,nyah1250,Nyakur,1604,khamáp (T),phonetic,"side of head, temple",,,,
4-202-829-1,nyah1250,Nyakur,1605,kalo:k kadɔ̂p,phonetic,skull,,,,
4-200-829-1,nyah1250,Nyakur,1256,kadɔ́p,phonetic,head,,,,
4-191-829-1,nyah1250,Nyakur,805,chalu:t kachîn̄,phonetic,spine,,,,
4-190-829-1,nyah1250,Nyakur,1291,kachîn̄,phonetic,back,,,,
4-180-829-1,nyah1250,Nyakur,1220,patâ:,phonetic,tail,,,,
4-170-829-1,nyah1250,Nyakur,1393,tharâŋ,phonetic,horn,,,,
4-162-829-1,nyah1250,Nyakur,801,chalu:t ʔɨŋkâj,phonetic,rib,,,,
4-160-829-1,nyah1250,Nyakur,1394,chalu:t,phonetic,bone,,,,
4-151-829-1,nyah1250,Nyakur,525,chɛ̂n chîm phlê:n̄,phonetic,"vein, artery",,,,
4-151-829-3,nyah1250,Nyakur,525,chɛ̂n chîm priət,phonetic,"vein, artery",,,,
4-150-829-1,nyah1250,Nyakur,946,chîm,phonetic,blood,,,,
4-146-829-1,nyah1250,Nyakur,576,raŋkhɛ̂: (T),phonetic,dandruff,,,,
4-145-829-1,nyah1250,Nyakur,36,chɔ̂:k,phonetic,pubic hair,,,,
4-144-829-1,nyah1250,Nyakur,189,chɔ̂:k,phonetic,body hair,,,,
4-142-829-1,nyah1250,Nyakur,678,chɔ̂:k,phonetic,beard,,,,
4-140-829-1,nyah1250,Nyakur,1040,chɔ̂:k,phonetic,hair (head),,,,
4-130-829-1,nyah1250,Nyakur,2259,fâ: / chawâ:,phonetic,flesh,,,,
4-120-829-1,nyah1250,Nyakur,763,hnâ:m,phonetic,"skin, hide",,,,
4-110-829-1,nyah1250,Nyakur,1480,lamtúh,phonetic,body,,,,
3-980-829-1,nyah1250,Nyakur,112,thî:,phonetic,turtle,,,,
3-970-829-1,nyah1250,Nyakur,1857,khajâ:m,phonetic,"crocodile, alligator",,,,
3-960-829-1,nyah1250,Nyakur,632,cɔkcɔk,phonetic,lizard,,,,
3-950-829-1,nyah1250,Nyakur,503,khâ:w,phonetic,frog,,,,
3-940-829-1,nyah1250,Nyakur,1543,ʔɨnlô: thô:r,phonetic,snail,,,,
3-930-829-1,nyah1250,Nyakur,607,ʔɨntáp,phonetic,grasshopper,,,,
3-920-829-1,nyah1250,Nyakur,1791,pha:kpha:k,phonetic,butterfly,,,,
3-910-829-1,nyah1250,Nyakur,206,mat phlə:ŋ,phonetic,firefly,,,,
3-850-829-1,nyah1250,Nyakur,730,chrô:m,phonetic,snake,,,,
3-840-829-1,nyah1250,Nyakur,1219,ʔɨnchruʔ,phonetic,worm,,,,
3-832-829-1,nyah1250,Nyakur,1509,mû:c,phonetic,mosquito,,,,
3-831-829-1,nyah1250,Nyakur,95,ʔɨŋkî: / ʔɨmhrûən̄,phonetic,"sandfly (midge), gnat",,,,
3-830-829-1,nyah1250,Nyakur,1504,hru:j,phonetic,fly,,,,
3-823-829-1,nyah1250,Nyakur,1517,thûər thrɔʔ,phonetic,wasp,,,,
3-822-829-1,nyah1250,Nyakur,88,ʔɨmpûəj châ:j / thamûr,phonetic,beehive,,,,
3-821-829-1,nyah1250,Nyakur,1931,phrû:j,phonetic,beeswax,,,,
3-820-829-1,nyah1250,Nyakur,665,thamûr / châ:j,phonetic,bee,,,,
3-819-829-1,nyah1250,Nyakur,1065,jâj no:ŋna:ŋ,phonetic,spider web,,,,
3-818-829-1,nyah1250,Nyakur,843,noŋna:ŋ,phonetic,spider,,,,
3-817-829-1,nyah1250,Nyakur,587,hmûəc,phonetic,ant,,,,
3-816-829-1,nyah1250,Nyakur,1575,thɛʔthu:ŋ,phonetic,cockroach,,,,
3-815-829-1,nyah1250,Nyakur,1538,kathûəj,phonetic,scorpion,,,,
3-814-829-1,nyah1250,Nyakur,1974,kakhî:r,phonetic,centipede,,,,
3-813-829-1,nyah1250,Nyakur,232,câj chûr,phonetic,flea,,,,
3-812-829-1,nyah1250,Nyakur,267,phɔ̂:ŋ câj,phonetic,nit (louse egg),,,,
3-811-829-1,nyah1250,Nyakur,1392,câj,phonetic,louse,,,,
3-811-829-2,nyah1250,Nyakur,1392,hraj,phonetic,louse,,,,
3-810-829-1,nyah1250,Nyakur,620,chur,phonetic,insect,,,,
3-770-829-1,nyah1250,Nyakur,1290,cî:n̄,phonetic,elephant,,,,
3-760-829-1,nyah1250,Nyakur,1350,hnû:j,phonetic,monkey,,,,
3-750-829-1,nyah1250,Nyakur,1936,tabûŋ,phonetic,deer,,,,
3-740-829-1,nyah1250,Nyakur,1312,(chûr) cɔ:kcɔ̂:k,phonetic,fox,,,,
3-730-829-1,nyah1250,Nyakur,1820,hmûm,phonetic,bear,,,,
3-710-829-1,nyah1250,Nyakur,522,chûr khrʌp,phonetic,wolf,,,,
3-665-829-1,nyah1250,Nyakur,1013,(pâ:ʔ) ʔɨnthô:ŋ,phonetic,freshwater eel,,,,
3-661-829-1,nyah1250,Nyakur,1110,kâ:ʔ ohala:m (T),phonetic,shark,,,,
3-655-829-1,nyah1250,Nyakur,598,ʔɨnlô:,phonetic,shell,,,,
3-654-829-1,nyah1250,Nyakur,1916,ŋɨək (T),phonetic,gill,,,,
3-653-829-1,nyah1250,Nyakur,266,taklɛ́t,phonetic,fishscale,,,,
3-652-829-1,nyah1250,Nyakur,213,cê:r,phonetic,fin (dorsal),,,,
3-650-829-1,nyah1250,Nyakur,227,kâ:ʔ,phonetic,fish,,,,
3-630-829-1,nyah1250,Nyakur,2139,khahnî:,phonetic,"mouse, rat",,,,
3-622-829-1,nyah1250,Nyakur,309,khanâ:,phonetic,opossum,,,,
3-620-829-1,nyah1250,Nyakur,1208,miəw,phonetic,cat,,,,
3-614-829-1,nyah1250,Nyakur,1136,tanchâ:j,phonetic,rabbit,,,,
3-610-829-1,nyah1250,Nyakur,2009,chûr,phonetic,dog,,,,
3-594-829-1,nyah1250,Nyakur,1853,ʔɨncîəm ʔɨnlîəŋ,phonetic,dove,,,,
3-596-829-1,nyah1250,Nyakur,735,ʔɨncîəm kə̂w,phonetic,owl,,,,
3-593-829-1,nyah1250,Nyakur,913,kəlʔâ:k,phonetic,crow,,,,
3-592-829-1,nyah1250,Nyakur,882,ʔɨncîəm kɛ̂:w (T,phonetic,parrot,,,,
3-591-829-1,nyah1250,Nyakur,1793,chrîn̄ (T),phonetic,bat,,,,
3-586-829-1,nyah1250,Nyakur,1185,tamâ:t,phonetic,vulture,,,,
3-585-829-1,nyah1250,Nyakur,307,niəŋlîəŋ,phonetic,hawk,,,,
3-584-829-1,nyah1250,Nyakur,1905,niənlîəŋ,phonetic,eagle,,,,
3-582-829-1,nyah1250,Nyakur,950,ʔɨncîəm na:ŋnûən (T),phonetic,seagull,,,,
3-583-829-1,nyah1250,Nyakur,758,niəŋlîəŋ,phonetic,heron,,,,
3-581-829-1,nyah1250,Nyakur,937,ʔɨncîəm,phonetic,bird,,,,
3-580-829-1,nyah1250,Nyakur,539,ʔɨmpûaj,phonetic,nest,,,,
3-570-829-1,nyah1250,Nyakur,1360,tha:,phonetic,duck,,,,
3-560-829-1,nyah1250,Nyakur,1187,ha:ŋ,phonetic,goose,,,,
3-550-829-1,nyah1250,Nyakur,1318,châ:ŋ,phonetic,chicken,,,,
3-540-829-1,nyah1250,Nyakur,1514,chur châ:ŋ,phonetic,hen,,,,
3-520-829-1,nyah1250,Nyakur,1511,châ:ŋ túh hmák,phonetic,"cock, rooster",,,,
3-450-829-1,nyah1250,Nyakur,1647,kûən chɛ́h,phonetic,"foal, colt",,,,
3-440-829-1,nyah1250,Nyakur,938,chɛ́h túh chur,phonetic,mare,,,,
3-420-829-1,nyah1250,Nyakur,936,chɛ́h túh hmák,phonetic,stallion,,,,
3-410-829-1,nyah1250,Nyakur,615,chɛ́h,phonetic,horse (equine),,,,
3-380-829-1,nyah1250,Nyakur,1972,kûən phɛʔ,phonetic,kid,,,,
3-370-829-1,nyah1250,Nyakur,264,phɛʔ klúh hmák,phonetic,he-goat,,,,
3-360-829-1,nyah1250,Nyakur,1502,phɛʔ kɛ́h,phonetic,goat,,,,
3-350-829-1,nyah1250,Nyakur,1337,khlî:c,phonetic,pig,,,,
3-340-829-1,nyah1250,Nyakur,1351,khlî:c khrʌp túh chur,phonetic,sow (2),,,,
3-320-829-1,nyah1250,Nyakur,1348,khlî:c khrʌp túh hmák,phonetic,boar,,,,
3-240-829-1,nyah1250,Nyakur,1989,kûən ʔɨnchô:ŋ,phonetic,calf,,,,
3-240-829-3,nyah1250,Nyakur,1989,kûən prîəŋ,phonetic,calf,,,,
3-230-829-1,nyah1250,Nyakur,1007,ʔɨnchô:ŋ túh chur,phonetic,cow,,,,
3-220-829-1,nyah1250,Nyakur,1169,ʔɨnchô:ŋ túh hmák,phonetic,ox,,,,
3-210-829-1,nyah1250,Nyakur,1008,ʔɨnchô:ŋ túh hmák,phonetic,bull,,,,
3-190-829-1,nyah1250,Nyakur,851,khɔ:k,phonetic,"stable, stall",,,,
3-160-829-1,nyah1250,Nyakur,649,khrʌp ʔɨmphát,phonetic,pasture,,,,
3-130-829-1,nyah1250,Nyakur,2262,chur,phonetic,female (adj),,,,
3-120-829-1,nyah1250,Nyakur,2261,hmák,phonetic,male (adj),,,,
2-960-829-1,nyah1250,Nyakur,817,phuək n̄in,phonetic,they,,,,
2-950-829-1,nyah1250,Nyakur,1213,phuək phéh,phonetic,you (plural),,,,
2-942-829-1,nyah1250,Nyakur,1130,phuək ʔê:n̄,phonetic,we (exclusive),,,,
2-941-829-1,nyah1250,Nyakur,1131,phuək ʔê:n̄,phonetic,we (inclusive),,,,
2-940-829-1,nyah1250,Nyakur,1212,ʔê:n̄,phonetic,we,,,,
2-930-829-1,nyah1250,Nyakur,262,n̄în,phonetic,he/she/it,,,,
2-920-829-1,nyah1250,Nyakur,1215,phéh,phonetic,you (singular),,,,
2-910-829-1,nyah1250,Nyakur,1209,mâj,phonetic,I,,,,
2-820-829-1,nyah1250,Nyakur,194,khrɔ:pkhruə (T),phonetic,family,,,,
2-810-829-1,nyah1250,Nyakur,1644,hlu.ʔ ʔɨneî:ʔ pɔ:ŋ ʔɨneî:ʔ,phonetic,"relatives, kinsmen",,,,
2-770-829-1,nyah1250,Nyakur,1981,khamâ:j,phonetic,widower,,,,
2-760-829-1,nyah1250,Nyakur,1756,khamâ:j,phonetic,widow,,,,
2-750-829-1,nyah1250,Nyakur,1149,kûan ʔɨmphrâ:,phonetic,orphan,,,,
2-740-829-1,nyah1250,Nyakur,1058,kûən lîəŋ,phonetic,stepdaughter,,,,
2-730-829-1,nyah1250,Nyakur,1059,kûən lîəŋ,phonetic,stepson,,,,
2-720-829-1,nyah1250,Nyakur,236,hmɛ.ʔ tamî:,phonetic,stepmother,,,,
2-710-829-1,nyah1250,Nyakur,237,pha.ʔ tamî:,phonetic,stepfather,,,,
2-641-829-1,nyah1250,Nyakur,2264,kûən ʔûəč,phonetic,daughter-in-law (of a woman),,,,
2-640-829-1,nyah1250,Nyakur,2265,kûən ʔûəč,phonetic,daughter-in-law (of a man),,,,
2-631-829-1,nyah1250,Nyakur,2266,kha hmâ:n,phonetic,son-in-law (of a woman),,,,
2-630-829-1,nyah1250,Nyakur,2267,kha hmâ:n,phonetic,son-in-law (of a man),,,,
2-621-829-1,nyah1250,Nyakur,2257,ʔo:ŋ ʔɨnchî:r,phonetic,mother-in-law (of a woman),,,,
2-620-829-1,nyah1250,Nyakur,2256,ʔo:ŋ ʔɨnchî:r,phonetic,mother-in-law (of a man),,,,
2-611-829-1,nyah1250,Nyakur,2254,pha.ʔ ʔɨnchî:r,phonetic,father-in-law (of a woman),,,,
2-610-829-1,nyah1250,Nyakur,2255,pha.ʔ ʔɨnchî:r,phonetic,father-in-law (of a man),,,,
2-560-829-1,nyah1250,Nyakur,1669,jɔ:ŋ thuat pe:n̄  thuat,phonetic,ancestors,,,,
2-550-829-1,nyah1250,Nyakur,1643,pɔ:ŋ ʔɨncî:ʔ,phonetic,cousin,,,,
2-540-829-1,nyah1250,Nyakur,1642,khamû:n paphraw,phonetic,niece,,,,
2-530-829-1,nyah1250,Nyakur,1063,khamû:n truč trûč,phonetic,nephew,,,,
2-522-829-1,nyah1250,Nyakur,170,mɔ̂m,phonetic,father's sister,,,,
2-522-829-3,nyah1250,Nyakur,170,ʔo:ŋ mɔ̂m,phonetic,father's sister,,,,
2-520-829-1,nyah1250,Nyakur,1272,chamɔ̂m,phonetic,aunt,,,,
2-521-829-1,nyah1250,Nyakur,171,mɔ̂m,phonetic,mother's sister,,,,
2-521-829-3,nyah1250,Nyakur,171,ʔo:ŋ mɔ̂m,phonetic,mother's sister,,,,
2-512-829-1,nyah1250,Nyakur,1985,cawâ:j,phonetic,father's brother,,,,
2-511-829-1,nyah1250,Nyakur,1984,cawâ:j,phonetic,mother's brother,,,,
2-510-829-1,nyah1250,Nyakur,1327,cawâ:j,phonetic,uncle,,,,
2-480-829-1,nyah1250,Nyakur,1618,câw truč trûč,phonetic,grandson,,,,
2-490-829-1,nyah1250,Nyakur,1619,câw paphraw,phonetic,granddaughter,,,,
2-471-829-1,nyah1250,Nyakur,907,paphraw pachuʔ,phonetic,old woman,,,,
2-470-829-1,nyah1250,Nyakur,1496,jɔ:ŋ,phonetic,grandmother,,,,
2-461-829-1,nyah1250,Nyakur,406,truč trûč pachuʔ,phonetic,old man,,,,
2-460-829-1,nyah1250,Nyakur,1383,pê:n̄,phonetic,grandfather,,,,
2-458-829-1,nyah1250,Nyakur,1005,phɔk phɛ́:t,phonetic,twins,,,,
2-455-829-1,nyah1250,Nyakur,1761,ʔɨncî:ʔ paphraw,phonetic,younger sister,,,,
2-454-829-1,nyah1250,Nyakur,1758,hluʔ paphraw,phonetic,older sister,,,,
2-445-829-1,nyah1250,Nyakur,1760,ʔɨncî:ʔ truč trûč,phonetic,younger brother,,,,
2-444-829-1,nyah1250,Nyakur,1759,pɔ̂:ŋ truč trûč,phonetic,older brother,,,,
2-430-829-1,nyah1250,Nyakur,1801,kûən,phonetic,offspring (son or daughter),,,,
2-430-829-2,nyah1250,Nyakur,1801,pɔ̂:ŋ (older,phonetic,offspring (son or daughter),,,,
2-430-829-4,nyah1250,Nyakur,1801,female),phonetic,offspring (son or daughter),,,,
2-430-829-5,nyah1250,Nyakur,1801,female),phonetic,offspring (son or daughter),,,,
2-420-829-1,nyah1250,Nyakur,1357,kûən paphraw,phonetic,daughter,,,,
2-410-829-1,nyah1250,Nyakur,1620,kuə̂n truč trûč,phonetic,son,,,,
2-390-829-1,nyah1250,Nyakur,426,jɔ:ŋ + name (elderly woman),phonetic,married woman,,,,
2-380-829-1,nyah1250,Nyakur,424,pê:n̄ + name (elderly man),phonetic,married man,,,,
2-370-829-1,nyah1250,Nyakur,505,phaʔ hmɛʔ,phonetic,parents,,,,
2-360-829-1,nyah1250,Nyakur,1216,hmɛ:ʔ,phonetic,mother,,,,
2-350-829-1,nyah1250,Nyakur,1217,phaʔ,phonetic,father,,,,
2-341-829-1,nyah1250,Nyakur,1134,bəh (cakɔ̂:),phonetic,divorce,,,,
2-340-829-1,nyah1250,Nyakur,1259,ʔar cîət phraw,phonetic,"marriage, wedding",,,,
2-330-829-1,nyah1250,Nyakur,203,tê:n̄ ŋa:n (T),phonetic,marry,,,,
2-320-829-1,nyah1250,Nyakur,1199,phraw,phonetic,wife,,,,
2-310-829-1,nyah1250,Nyakur,1200,hma:ŋ,phonetic,husband,,,,
2-280-829-1,nyah1250,Nyakur,1289,kûən ŋɛ:,phonetic,"infant, baby",,,,
2-280-829-3,nyah1250,Nyakur,1289,kûən nî:c,phonetic,"infant, baby",,,,
2-270-829-1,nyah1250,Nyakur,1304,kuən kûən,phonetic,child,,,,
2-261-829-1,nyah1250,Nyakur,77,lahû:t,phonetic,young woman (adolescent),,,,
2-260-829-1,nyah1250,Nyakur,1646,kuən kûən paphraw,phonetic,girl,,,,
2-251-829-1,nyah1250,Nyakur,76,phra:j phrâ:j,phonetic,young man (adolescent),,,,
2-250-829-1,nyah1250,Nyakur,1366,kuən kuə̂n truč trûč,phonetic,boy,,,,
2-240-829-1,nyah1250,Nyakur,1551,cʔur,phonetic,female,,,,
2-230-829-1,nyah1250,Nyakur,1553,hmák,phonetic,male,,,,
2-220-829-1,nyah1250,Nyakur,962,paphraw,phonetic,woman,,,,
2-210-829-1,nyah1250,Nyakur,1554,truč trûč,phonetic,man (vs. woman),,,,
2-100-829-1,nyah1250,Nyakur,683,paníh,phonetic,"person, human being",,,,
1-890-829-1,nyah1250,Nyakur,1188,kacáh,phonetic,charcoal,,,,
1-880-829-1,nyah1250,Nyakur,10,ʔuə̂č,phonetic,firewood,,,,
1-870-829-1,nyah1250,Nyakur,1133,chû: khî:t,phonetic,match (noun),,,,
1-861-829-1,nyah1250,Nyakur,127,kaphɔ́t kamát,phonetic,extinguish,,,,
1-860-829-1,nyah1250,Nyakur,737,kadîən kamát,phonetic,"light, kindle, ignite",,,,
1-852-829-1,nyah1250,Nyakur,1428,tû:r,phonetic,burn (vb intrans),,,,
1-851-829-1,nyah1250,Nyakur,141,cɔŋ,phonetic,burn (vb trans),,,,
1-841-829-1,nyah1250,Nyakur,67,kacáh dîən kamát,phonetic,embers,,,,
1-840-829-1,nyah1250,Nyakur,646,patîn̄,phonetic,ashes,,,,
1-830-829-1,nyah1250,Nyakur,778,jak,phonetic,smoke (noun),,,,
1-820-829-1,nyah1250,Nyakur,889,plî:w kámát,phonetic,flame (noun),,,,
1-810-829-1,nyah1250,Nyakur,221,kamát,phonetic,fire,,,,
1-770-829-1,nyah1250,Nyakur,617,dâ:k krî:ŋ,phonetic,ice,,,,
1-750-829-1,nyah1250,Nyakur,658,phrâj,phonetic,rain (noun),,,,
1-740-829-1,nyah1250,Nyakur,249,jak ʔɨŋkát,phonetic,fog,,,,
1-720-829-1,nyah1250,Nyakur,960,khajâ:l,phonetic,wind,,,,
1-730-829-1,nyah1250,Nyakur,1489,mɔ:k,phonetic,cloud,,,,
1-640-829-1,nyah1250,Nyakur,1977,dâ:k ʔɨnehə̂:n,phonetic,dew,,,,
1-630-829-1,nyah1250,Nyakur,1388,chamô:l,phonetic,"shade, shadow",,,,
1-620-829-1,nyah1250,Nyakur,11,kathɨn,phonetic,darkness,,,,
1-610-829-1,nyah1250,Nyakur,630,tahâj,phonetic,light (noun),,,,
1-590-829-1,nyah1250,Nyakur,1733,mɔ:k khajâ:k chô:ŋ dâ:k,phonetic,rainbow,,,,
1-580-829-1,nyah1250,Nyakur,858,khajâ:l (phajúʔ),phonetic,storm,,,,
1-560-829-1,nyah1250,Nyakur,1150,ʔɨŋkâ:c phrúʔ,phonetic,thunder,,,,
1-570-829-1,nyah1250,Nyakur,2007,katáh pɛ̂p,phonetic,lightning (as striking),,,,
1-550-829-1,nyah1250,Nyakur,1654,mat chalə̂w,phonetic,lightning,,,,
1-540-829-1,nyah1250,Nyakur,1430,pakâ:c,phonetic,star,,,,
1-530-829-1,nyah1250,Nyakur,1313,ʔɨnɨû:,phonetic,moon,,,,
1-520-829-1,nyah1250,Nyakur,1343,(duəŋ) tahâj,phonetic,sun,,,,
1-510-829-1,nyah1250,Nyakur,1732,ʔɨŋkâ:c,phonetic,sky,,,,
1-450-829-1,nyah1250,Nyakur,6,ʔɨnrək,phonetic,earthquake,,,,
1-440-829-1,nyah1250,Nyakur,2125,hmɔ̂:,phonetic,"stone, rock",,,,
1-430-829-1,nyah1250,Nyakur,1803,chû:,phonetic,wood,,,,
1-420-829-1,nyah1250,Nyakur,906,tam chû:,phonetic,tree (cf 08.600),,,,
1-410-829-1,nyah1250,Nyakur,420,khrʌp,phonetic,"woods, forest",,,,
1-390-829-1,nyah1250,Nyakur,943,dâ:k chrih,phonetic,waterfall,,,,
1-380-829-1,nyah1250,Nyakur,1145,chrɔ̂:,phonetic,swamp,,,,
1-370-829-1,nyah1250,Nyakur,2144,dâ:k phûŋ,phonetic,"spring, well",,,,
1-362-829-1,nyah1250,Nyakur,1982,dâ:k hwɔ̂ŋ,phonetic,whirlpool,,,,
1-360-829-1,nyah1250,Nyakur,666,krô:ŋ,phonetic,"river, stream, brook",,,,
1-354-829-1,nyah1250,Nyakur,613,dâ:k tɨ̂n,phonetic,hightide,,,,
1-353-829-1,nyah1250,Nyakur,1026,dâ:k eih,phonetic,lowtide,,,,
1-342-829-1,nyah1250,Nyakur,660,hmɔ̂: (stone),phonetic,reef,,,,
1-324-829-1,nyah1250,Nyakur,1768,dâ:k muh,phonetic,foam,,,,
1-323-829-1,nyah1250,Nyakur,259,khlɨ̂:n dâ:k,phonetic,rough (of sea),,,,
1-320-829-1,nyah1250,Nyakur,1474,thale: (T),phonetic,sea,,,,
1-322-829-1,nyah1250,Nyakur,258,khlɨ̂:n,phonetic,calm (of sea),,,,
1-310-829-1,nyah1250,Nyakur,948,dâ:k,phonetic,water,,,,
1-280-829-1,nyah1250,Nyakur,1155,tham (T),phonetic,cave,,,,
1-270-829-1,nyah1250,Nyakur,113,taliŋ (T),phonetic,shore,,,,
1-260-829-1,nyah1250,Nyakur,166,phɛ:n tî:,phonetic,mainland,,,,
1-250-829-1,nyah1250,Nyakur,622,kɔ́ʔ (T),phonetic,island,,,,
1-240-829-1,nyah1250,Nyakur,921,húp kûr,phonetic,valley,,,,
1-230-829-1,nyah1250,Nyakur,652,hma:p,phonetic,"plain, field",,,,
1-230-829-3,nyah1250,Nyakur,652,lɔ:ŋ,phonetic,"plain, field",,,,
1-230-829-5,nyah1250,Nyakur,652,lum (T),phonetic,"plain, field",,,,
1-222-829-1,nyah1250,Nyakur,618,na: pha: (T),phonetic,"cliff, precipice",,,,
1-220-829-1,nyah1250,Nyakur,2118,kûr,phonetic,"mountain, hill",,,,
1-214-829-1,nyah1250,Nyakur,640,lahúk,phonetic,mud,,,,
1-215-829-1,nyah1250,Nyakur,671,(tî:) ʔɨntɨl,phonetic,sand,,,,
1-213-829-1,nyah1250,Nyakur,2,phɔ̂ŋ,phonetic,dust,,,,
1-212-829-1,nyah1250,Nyakur,1228,tî:,phonetic,"earth=ground, soil",,,,
1-210-829-1,nyah1250,Nyakur,626,phɛ:n tî:,phonetic,"earth, land",,,,
1-100-829-1,nyah1250,Nyakur,965,lo:k (T),phonetic,world,,,,
14-330-829-1,nyah1250,Nyakur,1544,ba:ŋ thi: (T),phonetic,sometimes,,,,
14-331-829-1,nyah1250,Nyakur,703,ʔík khuh lɔ:ʔ,phonetic,soon,,,,
14-332-829-1,nyah1250,Nyakur,418,lɔ:ʔ,phonetic,long-time (for a),,,,
14-340-829-1,nyah1250,Nyakur,1656,khuh khə̂:j (T+N),phonetic,never,,,,
14-350-829-1,nyah1250,Nyakur,204,ʔî:k muəj tɔ:ŋ (T+N),phonetic,again,,,,
14-410-829-1,nyah1250,Nyakur,1225,hâj,phonetic,day,,,,
14-420-829-1,nyah1250,Nyakur,1233,patâm,phonetic,night,,,,
14-430-829-1,nyah1250,Nyakur,729,tɔ:n naŋ hâ:p,phonetic,dawn,,,,
14-440-829-1,nyah1250,Nyakur,1339,tɔ:n naŋ rɛ́h,phonetic,morning,,,,
14-450-829-1,nyah1250,Nyakur,12,thiəŋ (T),phonetic,"noon, midday",,,,
14-451-829-1,nyah1250,Nyakur,1807,ʔɨŋkrâw thiəŋ (T+N),phonetic,afternoon,,,,
14-451-829-2,nyah1250,Nyakur,1807,tɔ:n ba:j (T),phonetic,afternoon,,,,
14-460-829-1,nyah1250,Nyakur,1629,tɔ:n ʔɨmlu:ʔ,phonetic,evening,,,,
14-470-829-1,nyah1250,Nyakur,1283,hâj ʔɔ̂:,phonetic,today,,,,
14-480-829-1,nyah1250,Nyakur,1329,hŋû:r,phonetic,tomorrow,,,,
14-481-829-1,nyah1250,Nyakur,1179,cakhɔ́h,phonetic,day-after-tomorrow,,,,
14-490-829-1,nyah1250,Nyakur,1174,ʔahâj,phonetic,yesterday,,,,
14-491-829-1,nyah1250,Nyakur,1180,ʔahmûəj,phonetic,day-before-yesterday,,,,
14-510-829-1,nyah1250,Nyakur,1353,chamô:ŋ (T),phonetic,hour,,,,
14-530-829-1,nyah1250,Nyakur,1323,hmat kəlâ:k (T),phonetic,"clock, timepiece",,,,
14-610-829-1,nyah1250,Nyakur,1469,ʔathít (T),phonetic,week,,,,
14-620-829-1,nyah1250,Nyakur,1699,hâj ʔathít (N+T),phonetic,Sunday,,,,
14-630-829-1,nyah1250,Nyakur,1697,hâj wan cân (T+N),phonetic,Monday,,,,
14-640-829-1,nyah1250,Nyakur,1695,hâj wan ʔaŋkha:n (T+N),phonetic,Tuesday,,,,
14-650-829-1,nyah1250,Nyakur,1694,hâj wan phút (T+N),phonetic,Wednesday,,,,
14-660-829-1,nyah1250,Nyakur,1693,hâj wan prahát (T+N),phonetic,Thursday,,,,
14-670-829-1,nyah1250,Nyakur,1692,hâj wan suk (N+T),phonetic,Friday,,,,
14-680-829-1,nyah1250,Nyakur,1700,hâj wan saw (N+T),phonetic,Saturday,,,,
14-710-829-1,nyah1250,Nyakur,1370,ʔɨntû:,phonetic,month,,,,
14-730-829-1,nyah1250,Nyakur,1226,hnâ:m,phonetic,year,,,,
14-740-829-1,nyah1250,Nyakur,1471,ʔɨntû: takát,phonetic,winter,,,,
14-760-829-1,nyah1250,Nyakur,1342,ʔɨntû: kataw,phonetic,summer,,,,
14-780-829-1,nyah1250,Nyakur,691,ʔɨntû:,phonetic,season,,,,
15-210-829-1,nyah1250,Nyakur,1587,nɔ̂:m kalîn,phonetic,smell (vb intrans),,,,
15-212-829-1,nyah1250,Nyakur,375,kachri:t kalîn,phonetic,sniff,,,,
15-220-829-1,nyah1250,Nyakur,1586,dɔ̂:m / chô:ŋ,phonetic,smell (vb trans),,,,
15-250-829-1,nyah1250,Nyakur,376,chaʔûŋ,phonetic,"fragrant, good smelling",,,,
15-260-829-1,nyah1250,Nyakur,42,chaʔûj,phonetic,"stinking, bad smelling",,,,
15-310-829-1,nyah1250,Nyakur,21,lótcha:t (T),phonetic,taste,,,,
15-350-829-1,nyah1250,Nyakur,717,chadâ:c,phonetic,sweet,,,,
15-360-829-1,nyah1250,Nyakur,1091,khɛ̂m (T),phonetic,salty,,,,
15-370-829-1,nyah1250,Nyakur,887,katâŋ,phonetic,bitter,,,,
15-380-829-1,nyah1250,Nyakur,1906,pacáh,phonetic,"acid, sour",,,,
15-390-829-1,nyah1250,Nyakur,70,kalɛ̂m // patîək = tasteless,phonetic,brackish,,,,
15-410-829-1,nyah1250,Nyakur,1408,thamɨŋ,phonetic,hear,,,,
15-420-829-1,nyah1250,Nyakur,1608,thamó:ʔ,phonetic,listen,,,,
15-440-829-1,nyah1250,Nyakur,1811,pachâ:ŋ,phonetic,"sound, noise",,,,
15-450-829-1,nyah1250,Nyakur,377,phruʔ,phonetic,loud,,,,
15-460-829-1,nyah1250,Nyakur,1314,chahŋát,phonetic,"quiet, silence",,,,
15-510-829-1,nyah1250,Nyakur,1409,khamâj,phonetic,see,,,,
15-520-829-1,nyah1250,Nyakur,1819,khadáh,phonetic,"look, look at",,,,
15-560-829-1,nyah1250,Nyakur,708,cɛ̂:ŋ (T),phonetic,shine,,,,
15-570-829-1,nyah1250,Nyakur,679,cɛ̂:ŋ (T),phonetic,bright,,,,
15-610-829-1,nyah1250,Nyakur,1613,sî: (T),phonetic,color,,,,
15-620-829-1,nyah1250,Nyakur,250,laʔûn laʔûn,phonetic,light (in color),,,,
15-630-829-1,nyah1250,Nyakur,706,khɛ̂m (T),phonetic,dark (in color),,,,
15-640-829-1,nyah1250,Nyakur,1335,chû:ŋ,phonetic,white,,,,
15-650-829-1,nyah1250,Nyakur,163,priət,phonetic,black,,,,
15-660-829-1,nyah1250,Nyakur,156,phlê:n̄,phonetic,red,,,,
15-670-829-1,nyah1250,Nyakur,837,hɨncɔ́k / ʔɨncɔ́k (+green),phonetic,blue,,,,
15-680-829-1,nyah1250,Nyakur,1425,hɨncɔ́k / ʔɨncɔ́k,phonetic,green,,,,
15-690-829-1,nyah1250,Nyakur,1424,pacû:n,phonetic,yellow,,,,
15-710-829-1,nyah1250,Nyakur,1892,tɔ́ʔ,phonetic,touch,,,,
15-712-829-1,nyah1250,Nyakur,378,cakát,phonetic,pinch,,,,
15-720-829-1,nyah1250,Nyakur,1079,chadɨ̂m,phonetic,feel,,,,
15-740-829-1,nyah1250,Nyakur,1884,krî:ŋ,phonetic,hard,,,,
15-750-829-1,nyah1250,Nyakur,1856,lamûm lamu:j,phonetic,soft,,,,
15-760-829-1,nyah1250,Nyakur,1923,jrɔ:č,phonetic,rough,,,,
15-770-829-1,nyah1250,Nyakur,1234,hriəp (T),phonetic,smooth,,,,
15-780-829-1,nyah1250,Nyakur,1396,lɔ̂:p,phonetic,sharp,,,,
15-790-829-1,nyah1250,Nyakur,379,thɨ̂:l,phonetic,"blunt, dull",,,,
15-810-829-1,nyah1250,Nyakur,1210,kachʌŋ,phonetic,heavy,,,,
15-820-829-1,nyah1250,Nyakur,1052,khaja:l,phonetic,light (in weight),,,,
15-830-829-1,nyah1250,Nyakur,1726,phrɛ̂m,phonetic,"wet, damp",,,,
15-840-829-1,nyah1250,Nyakur,1398,cakáč,phonetic,dry,,,,
15-840-829-2,nyah1250,Nyakur,1398,cakáč phɔ́ʔ,phonetic,dry,,,,
15-850-829-1,nyah1250,Nyakur,1286,kataw hŋɔ̂m,phonetic,hot,,,,
15-851-829-1,nyah1250,Nyakur,1232,raʔûp,phonetic,warm,,,,
15-851-829-3,nyah1250,Nyakur,1232,kaŋɔm,phonetic,warm,,,,
15-860-829-1,nyah1250,Nyakur,1287,daŋə:m,phonetic,cold,,,,
15-860-829-3,nyah1250,Nyakur,1287,takát,phonetic,cold,,,,
15-870-829-1,nyah1250,Nyakur,704,saʔa:t (T),phonetic,clean,,,,
15-880-829-1,nyah1250,Nyakur,1230,pɨən (T),phonetic,"dirty, soiled",,,,
15-890-829-1,nyah1250,Nyakur,380,jûr,phonetic,wrinkled,,,,
16-110-829-1,nyah1250,Nyakur,53,phrô:ŋ,phonetic,"soul, spirit",,,,
16-150-829-1,nyah1250,Nyakur,1572,plɛ:k n̄ûm (T+N),phonetic,"surprised, astonished",,,,
16-180-829-1,nyah1250,Nyakur,720,cho:k hnáp (T+N),phonetic,"good fortune, luck",,,,
16-190-829-1,nyah1250,Nyakur,56,cho:k khuh hnáp (T+N),phonetic,"misfortune, bad luck",,,,
16-230-829-1,nyah1250,Nyakur,1495,hnɔ̂:m khwa:m súk (N+T),phonetic,"joyful, glad, happy",,,,
16-250-829-1,nyah1250,Nyakur,1355,cakhrûŋ,phonetic,laugh,,,,
16-251-829-1,nyah1250,Nyakur,1451,cakhrûŋ jîm (N+T),phonetic,smile,,,,
16-260-829-1,nyah1250,Nyakur,1413,win̄,phonetic,play,,,,
16-270-829-1,nyah1250,Nyakur,923,chɔ:p,phonetic,love,,,,
16-290-829-1,nyah1250,Nyakur,578,chô:ŋ,phonetic,kiss,,,,
16-300-829-1,nyah1250,Nyakur,928,ʔɨmphân,phonetic,embrace,,,,
16-310-829-1,nyah1250,Nyakur,1783,châj,phonetic,pain,,,,
16-320-829-1,nyah1250,Nyakur,1668,phro:k n̄ûm,phonetic,"grief, sorrow, sadness",,,,
16-330-829-1,nyah1250,Nyakur,1000,khû:č,phonetic,"anxiety, worry",,,,
16-340-829-1,nyah1250,Nyakur,1875,phro:k n̄ûm,phonetic,"regret, be sorry",,,,
16-350-829-1,nyah1250,Nyakur,1141,khit chamâj,phonetic,pity,,,,
16-370-829-1,nyah1250,Nyakur,1839,jâ:m,phonetic,"cry, weep",,,,
16-380-829-1,nyah1250,Nyakur,1651,dâ:k hmat,phonetic,tear (noun),,,,
16-390-829-1,nyah1250,Nyakur,716,chamɔ̂ŋ,phonetic,groan,,,,
16-410-829-1,nyah1250,Nyakur,1607,châŋ (T),phonetic,hate,,,,
16-420-829-1,nyah1250,Nyakur,82,krô:t (T),phonetic,anger,,,,
16-440-829-1,nyah1250,Nyakur,40,câ:ʔ ʔɨncáh,phonetic,"envy, jealousy",,,,
16-440-829-3,nyah1250,Nyakur,40,huəŋ (T+N),phonetic,"envy, jealousy",,,,
16-450-829-1,nyah1250,Nyakur,1776,hwaʔ,phonetic,shame (noun),,,,
16-480-829-1,nyah1250,Nyakur,174,plɨ̂:m n̄ûm (T+N),phonetic,proud,,,,
16-510-829-1,nyah1250,Nyakur,1779,hâ:n (T),phonetic,dare,,,,
16-530-829-1,nyah1250,Nyakur,781,phi:c,phonetic,"fear, fright",,,,
16-620-829-1,nyah1250,Nyakur,1784,bɔ́k (kho:ʔ),phonetic,"desire, want",,,,
16-622-829-1,nyah1250,Nyakur,1750,lə:k (T),phonetic,choose,,,,
16-630-829-1,nyah1250,Nyakur,1092,wâŋ (T),phonetic,hope,,,,
16-650-829-1,nyah1250,Nyakur,100,tiəw,phonetic,faithful,,,,
16-660-829-1,nyah1250,Nyakur,1657,kawɛ́h,phonetic,true,,,,
16-670-829-1,nyah1250,Nyakur,601,khalî:c,phonetic,"lie, tell lies",,,,
16-670-829-3,nyah1250,Nyakur,601,pâ:ʔ ʔɨmpráp,phonetic,"lie, tell lies",,,,
16-680-829-1,nyah1250,Nyakur,13,talî:ŋ,phonetic,deceit,,,,
16-710-829-1,nyah1250,Nyakur,1035,hnáp,phonetic,good,,,,
16-720-829-1,nyah1250,Nyakur,1292,khalɛ́ʔ,phonetic,bad,,,,
16-730-829-1,nyah1250,Nyakur,1725,thah,phonetic,"right, correct",,,,
16-740-829-1,nyah1250,Nyakur,1390,lu:c,phonetic,wrong,,,,
16-760-829-1,nyah1250,Nyakur,134,lu:c,phonetic,fault,,,,
16-770-829-1,nyah1250,Nyakur,1293,lu:c,phonetic,"mistake, error",,,,
16-780-829-1,nyah1250,Nyakur,381,chɛ̂:ŋ (T),phonetic,blame,,,,
16-790-829-1,nyah1250,Nyakur,1687,cha:n tɨ̂n,phonetic,praise,,,,
16-810-829-1,nyah1250,Nyakur,1427,thamê:c mɔ́ʔ,phonetic,beautiful,,,,
16-820-829-1,nyah1250,Nyakur,1548,na:chaŋ (T),phonetic,ugly,,,,
16-830-829-1,nyah1250,Nyakur,2018,mû:m mâ:m (T),phonetic,greedy,,,,
16-840-829-1,nyah1250,Nyakur,1310,chala:t (T),phonetic,clever,,,,
17-110-829-1,nyah1250,Nyakur,1562,tâŋ n̄ûm (T+N),phonetic,mind,,,,
17-130-829-1,nyah1250,Nyakur,1415,krɨkkrɔ̂:ŋ (T),phonetic,think (= reflect),,,,
17-140-829-1,nyah1250,Nyakur,1513,khit,phonetic,think (= be of the opinion),,,,
17-150-829-1,nyah1250,Nyakur,1890,thamo:ʔ,phonetic,believe,,,,
17-160-829-1,nyah1250,Nyakur,1536,chadɨ̂m,phonetic,understand,,,,
17-170-829-1,nyah1250,Nyakur,1410,chadɨ̂m,phonetic,know,,,,
17-171-829-1,nyah1250,Nyakur,1932,khit tî: thɛh ja:ŋ kɔh,phonetic,guess,,,,
17-172-829-1,nyah1250,Nyakur,117,jə̂:ŋ,phonetic,imitate,,,,
17-180-829-1,nyah1250,Nyakur,1521,kadáh khɨ:,phonetic,seem,,,,
17-220-829-1,nyah1250,Nyakur,1518,khuh chadɨ̂m,phonetic,"foolish, stupid",,,,
17-230-829-1,nyah1250,Nyakur,1899,trɔ̂:,phonetic,"insane, crazy",,,,
17-310-829-1,nyah1250,Nyakur,707,câm (T),phonetic,remember,,,,
17-320-829-1,nyah1250,Nyakur,1523,thawít,phonetic,forget,,,,
17-340-829-1,nyah1250,Nyakur,989,chatce:n (T),phonetic,"clear, plain",,,,
17-370-829-1,nyah1250,Nyakur,509,chɨə n̄ûm,phonetic,"sure, certain",,,,
17-380-829-1,nyah1250,Nyakur,1626,kachɔ̂:k,phonetic,explain,,,,
17-410-829-1,nyah1250,Nyakur,1162,tâŋ n̄um,phonetic,"intention, purpose",,,,
17-440-829-1,nyah1250,Nyakur,1841,waŋ ti: pheh,phonetic,suspect,,,,
17-441-829-1,nyah1250,Nyakur,1902,khúh tiəw,phonetic,betray,,,,
17-460-829-1,nyah1250,Nyakur,686,hŋâ:j (T),phonetic,easy,,,,
17-470-829-1,nyah1250,Nyakur,584,lambâ:k (T),phonetic,difficult,,,,
17-480-829-1,nyah1250,Nyakur,1812,lɔ̂:ŋ (T),phonetic,"try, attempt",,,,
17-510-829-1,nyah1250,Nyakur,1577,n̄ah,phonetic,and,,,,
17-520-829-1,nyah1250,Nyakur,1157,phrɔʔ (ti:) (T),phonetic,because,,,,
17-540-829-1,nyah1250,Nyakur,1014,rɨh (T),phonetic,or,,,,
17-550-829-1,nyah1250,Nyakur,1268,mɛ:n (T),phonetic,"yes, affirmative",,,,
17-560-829-1,nyah1250,Nyakur,1269,khúh,phonetic,"no, negative",,,,
17-610-829-1,nyah1250,Nyakur,1239,(pâ:ʔ) ja:ŋ hâ:n,phonetic,how?,,,,
17-620-829-1,nyah1250,Nyakur,822,(rakha:) thaw má:ʔ,phonetic,how many?,,,,
17-630-829-1,nyah1250,Nyakur,531,(ʔajuʔ) thaw mó:ʔ,phonetic,how much?,,,,
17-640-829-1,nyah1250,Nyakur,1236,(ʔɔ̂:) cha:mó:ʔ,phonetic,what?,,,,
17-650-829-1,nyah1250,Nyakur,1238,(cowdô:ŋ) thaŋ now,phonetic,when?,,,,
17-660-829-1,nyah1250,Nyakur,1237,(dô:ŋ thɔŋ) phanow,phonetic,where?,,,,
17-670-829-1,nyah1250,Nyakur,727,ʔannôw,phonetic,which?,,,,
17-680-829-1,nyah1250,Nyakur,1235,ʔan̄ah (hlô:ŋ),phonetic,who?,,,,
17-690-829-1,nyah1250,Nyakur,1270,pâ:ʔ nâ:n,phonetic,why?,,,,
18-110-829-1,nyah1250,Nyakur,1363,pacha:ŋ ja:m,phonetic,voice,,,,
18-120-829-1,nyah1250,Nyakur,1261,pâ:ʔ phlê:ŋ,phonetic,sing,,,,
18-130-829-1,nyah1250,Nyakur,715,panʔû:,phonetic,"shout, cry out",,,,
18-150-829-1,nyah1250,Nyakur,55,kachîəw,phonetic,whisper,,,,
18-160-829-1,nyah1250,Nyakur,128,craŋum,phonetic,mumble,,,,
18-170-829-1,nyah1250,Nyakur,1025,khûəc,phonetic,whistle,,,,
18-180-829-1,nyah1250,Nyakur,298,cariəc,phonetic,"shriek, screech",,,,
18-190-829-1,nyah1250,Nyakur,526,lu:,phonetic,howl,,,,
18-210-829-1,nyah1250,Nyakur,1623,phu:t kapa(hʌ)l (T+N),phonetic,"speak, talk",,,,
18-211-829-1,nyah1250,Nyakur,1866,phu:t kéʔkéʔ káʔkáʔ,phonetic,"stutter, stammer",,,,
18-221-829-1,nyah1250,Nyakur,1711,phu:t rɨəŋ,phonetic,tell story,,,,
18-230-829-1,nyah1250,Nyakur,48,paʔî:m,phonetic,silent (be),,,,
18-240-829-1,nyah1250,Nyakur,1307,pachâ:,phonetic,language,,,,
18-260-829-1,nyah1250,Nyakur,1599,thahmâr,phonetic,word,,,,
18-280-829-1,nyah1250,Nyakur,1405,chɨ:,phonetic,name,,,,
18-310-829-1,nyah1250,Nyakur,1309,hmâ:n̄,phonetic,"ask (question, inquire)",,,,
18-320-829-1,nyah1250,Nyakur,1275,kachə̂:,phonetic,answer,,,,
18-350-829-1,nyah1250,Nyakur,1828,tho:ŋ,phonetic,"ask, request",,,,
18-380-829-1,nyah1250,Nyakur,83,che:,phonetic,forbid,,,,
18-390-829-1,nyah1250,Nyakur,299,tamnî: (T),phonetic,"rebuke, scold",,,,
18-410-829-1,nyah1250,Nyakur,1084,hɔ̂:k,phonetic,call (=summon),,,,
18-420-829-1,nyah1250,Nyakur,180,hɔ̂:k,phonetic,call (=name),,,,
18-440-829-1,nyah1250,Nyakur,1192,khrə̂:m,phonetic,threaten,,,,
18-450-829-1,nyah1250,Nyakur,101,ʔuət (T),phonetic,boast,,,,
18-510-829-1,nyah1250,Nyakur,1672,khiən (T),phonetic,write,,,,
18-520-829-1,nyah1250,Nyakur,724,ʔʌ:ŋ (T),phonetic,read,,,,
18-560-829-1,nyah1250,Nyakur,648,kadâ:t (T),phonetic,paper,,,,
18-710-829-1,nyah1250,Nyakur,777,khluj (T),phonetic,flute,,,,
18-720-829-1,nyah1250,Nyakur,908,taphô:n,phonetic,drum,,,,
18-730-829-1,nyah1250,Nyakur,2136,pi:,phonetic,"horn, trumpet",,,,
19-110-829-1,nyah1250,Nyakur,1300,prathe:t (T),phonetic,country,,,,
19-160-829-1,nyah1250,Nyakur,930,dô:ŋ,phonetic,village,,,,
19-170-829-1,nyah1250,Nyakur,1010,hŋɨən,phonetic,boundary,,,,
19-210-829-1,nyah1250,Nyakur,789,phanih,phonetic,people (populace),,,,
19-230-829-1,nyah1250,Nyakur,302,nɛ̂:w,phonetic,"tribe, clan",,,,
19-240-829-1,nyah1250,Nyakur,301,kadɔ́p ʔɨntâ:,phonetic,"chief, chieftain",,,,
19-250-829-1,nyah1250,Nyakur,1296,chû: kacû:n,phonetic,"staff, walking stick",,,,
19-320-829-1,nyah1250,Nyakur,1508,câ:w (T),phonetic,"king, ruler",,,,
19-370-829-1,nyah1250,Nyakur,1032,phanîh,phonetic,"citizen, subject",,,,
19-410-829-1,nyah1250,Nyakur,383,caw nâ:j (T),phonetic,master,,,,
19-430-829-1,nyah1250,Nyakur,255,phaníh ʔûər,phonetic,servant,,,,
19-450-829-1,nyah1250,Nyakur,1128,pacân,phonetic,"command, order",,,,
19-460-829-1,nyah1250,Nyakur,1635,chɨə thamo:ʔ,phonetic,obey,,,,
19-510-829-1,nyah1250,Nyakur,1325,pankhû:,phonetic,"friend, companion",,,,
19-520-829-1,nyah1250,Nyakur,1358,phaníh khuh thah cakɔ̂:,phonetic,enemy,,,,
19-540-829-1,nyah1250,Nyakur,1332,pa:n khû: do:ŋ,phonetic,neighbor,,,,
19-550-829-1,nyah1250,Nyakur,791,phaníh plɛ:k hmat,phonetic,stranger,,,,
19-560-829-1,nyah1250,Nyakur,1782,khɛ̂:k (T),phonetic,guest,,,,
19-570-829-1,nyah1250,Nyakur,1545,talâ: (hî:),phonetic,host,,,,
19-580-829-1,nyah1250,Nyakur,1897,chuəjlɨə (T),phonetic,"help, aid",,,,
19-610-829-1,nyah1250,Nyakur,1747,paphe:ni: (T),phonetic,custom,,,,
19-620-829-1,nyah1250,Nyakur,1848,hrɔp,phonetic,"strife, quarrel",,,,
19-650-829-1,nyah1250,Nyakur,1831,phɔp,phonetic,meet,,,,
19-720-829-1,nyah1250,Nyakur,1610,phanih khajô: túh,phonetic,prostitute,,,,
20-130-829-1,nyah1250,Nyakur,579,hrop soŋkhrâ:m (T),phonetic,"war, battle",,,,
20-220-829-1,nyah1250,Nyakur,1763,tabɔ̂ŋ (T),phonetic,club,,,,
20-222-829-1,nyah1250,Nyakur,386,chûəŋ,phonetic,battle-ax,,,,
20-230-829-1,nyah1250,Nyakur,387,jâ:ŋ,phonetic,sling,,,,
20-240-829-1,nyah1250,Nyakur,994,hâ:,phonetic,bow,,,,
20-250-829-1,nyah1250,Nyakur,977,kam hâ:,phonetic,arrow,,,,
20-260-829-1,nyah1250,Nyakur,945,ʔɨnhrə́p,phonetic,spear,,,,
20-270-829-1,nyah1250,Nyakur,1535,bû:n tâ:w,phonetic,sword,,,,
20-280-829-1,nyah1250,Nyakur,1566,kamat,phonetic,"gun, cannon",,,,
20-310-829-1,nyah1250,Nyakur,1061,cok pə̂:ŋ,phonetic,armor (defensive),,,,
20-330-829-1,nyah1250,Nyakur,1680,muək pachʌ́j (T+N),phonetic,helmet,,,,
20-410-829-1,nyah1250,Nyakur,783,chanah (T),phonetic,victory,,,,
20-430-829-1,nyah1250,Nyakur,722,lɔ:p thup (T),phonetic,attack,,,,
20-450-829-1,nyah1250,Nyakur,421,thɔ:j (T),phonetic,retreat,,,,
20-490-829-1,nyah1250,Nyakur,65,thɔ̂ŋ mɛ:p thup,phonetic,ambush,,,,
20-520-829-1,nyah1250,Nyakur,1074,nɛ̂n,phonetic,fishhook,,,,
20-530-829-1,nyah1250,Nyakur,19,cho:k nɛ̂n,phonetic,fishing line,,,,
20-540-829-1,nyah1250,Nyakur,388,hɛ: (T),phonetic,fishnet,,,,
20-550-829-1,nyah1250,Nyakur,389,sâj (T),phonetic,fish trap,,,,
20-560-829-1,nyah1250,Nyakur,2013,prân̄,phonetic,bait,,,,
20-610-829-1,nyah1250,Nyakur,1435,rakha:j,phonetic,hunt,,,,
20-610-829-3,nyah1250,Nyakur,1435,rô:m fâ: (hwa),phonetic,hunt,,,,
20-620-829-1,nyah1250,Nyakur,1172,pɛ̂n̄,phonetic,shoot,,,,
20-630-829-1,nyah1250,Nyakur,161,hlu:c,phonetic,miss (target),,,,
20-640-829-1,nyah1250,Nyakur,1075,kap,phonetic,trap (noun),,,,
20-650-829-1,nyah1250,Nyakur,1170,taŋ kap,phonetic,trap (vb),,,,
21-350-829-1,nyah1250,Nyakur,1682,chadɨ̂m hlu:c,phonetic,guilty,,,,
21-370-829-1,nyah1250,Nyakur,390,pâ:ʔ thô:t (T),phonetic,"penalty, punishment",,,,
21-390-829-1,nyah1250,Nyakur,1281,tarâ:ŋ (T),phonetic,"prison, jail",,,,
21-420-829-1,nyah1250,Nyakur,845,kacɛ́t,phonetic,murder,,,,
21-430-829-1,nyah1250,Nyakur,902,nɔ:k hənâ:ŋ,phonetic,adultery,,,,
21-440-829-1,nyah1250,Nyakur,953,khɨ:n n̄um (T+N),phonetic,rape,,,,
21-510-829-1,nyah1250,Nyakur,713,khɛ́c,phonetic,steal,,,,
21-520-829-1,nyah1250,Nyakur,1160,cô:n,phonetic,thief,,,,
22-130-829-1,nyah1250,Nyakur,911,wat (T),phonetic,"temple, church",,,,
22-160-829-1,nyah1250,Nyakur,257,bucha: (T),phonetic,worship,,,,
22-180-829-1,nyah1250,Nyakur,852,hlû:ŋ,phonetic,priest,,,,
22-220-829-1,nyah1250,Nyakur,304,the:t hʌ (T),phonetic,preach,,,,
22-230-829-1,nyah1250,Nyakur,391,kûl pɔ:n (N+T),phonetic,bless,,,,
22-240-829-1,nyah1250,Nyakur,8,chɛ:ŋ (T),phonetic,curse,,,,
22-350-829-1,nyah1250,Nyakur,1973,ʔɨnthɔ:k,phonetic,demon (evil spirit),,,,
22-420-829-1,nyah1250,Nyakur,392,khamúk,phonetic,"magic, witchcraft, sorcery",,,,
22-430-829-1,nyah1250,Nyakur,2137,mɔ̂: ʔɨnthɔ:k,phonetic,"sorcerer, witch",,,,
