ID,Language_ID,Language_name,Parameter_ID,Value,Transcription,Concept,Source,Comment,AlternativeValue,AlternativeTranscription
14-320-409-1,shan1277,Shan,1852,se:.2,Phonemic,often,,,,
14-310-409-1,shan1277,Shan,1676,se:.2 se:.2,Phonemic,always,,,,
14-290-409-1,shan1277,Shan,790,phɔ:m.5,Phonemic,ready,,,,
14-280-409-1,shan1277,Shan,1928,kɨt.1,Phonemic,"cease, stop",,,,
14-270-409-1,shan1277,Shan,1766,ʔɔŋ.2-mjɛŋ.2,Phonemic,finish,,,,
14-260-409-1,shan1277,Shan,743,jaw.5,Phonemic,end (temporal),,,,
14-252-409-1,shan1277,Shan,1186,jən.5 kan.4,Phonemic,"last, endure",,,,
14-250-409-1,shan1277,Shan,1806,te:.2 ca:.5,Phonemic,"begin, beginning",,,,
14-240-409-1,shan1277,Shan,425,thə:ŋ.1,Phonemic,"retard, delay",,,,
14-240-409-3,shan1277,Shan,425,la:.4,Phonemic,"retard, delay",,,,
14-230-409-1,shan1277,Shan,754,nɛ:t.4,Phonemic,"hasten, hurry",,,,
14-220-409-1,shan1277,Shan,701,thə:ŋ.1,Phonemic,slow,,,,
14-210-409-1,shan1277,Shan,1631,waj.1,Phonemic,"swift, fast, quick",,,,
14-190-409-1,shan1277,Shan,1963,mə:.4 lew.3 naj.5,Phonemic,immediately,,,,
14-180-409-1,shan1277,Shan,1376,mə:.4 lew.3 naj.5,Phonemic,now,,,,
14-170-409-1,shan1277,Shan,477,la:.4,Phonemic,late,,,,
14-160-409-1,shan1277,Shan,672,caw.5,Phonemic,early,,,,
14-150-409-1,shan1277,Shan,1229,thaw.4,Phonemic,old,,,,
14-140-409-1,shan1277,Shan,1207,num.2 sa:w.3,Phonemic,young,,,,
14-120-409-1,shan1277,Shan,1789,ʔa:.2-sa:k.5,Phonemic,age,,,,
14-130-409-1,shan1277,Shan,1231,maj.2,Phonemic,new,,,,
14-110-409-1,shan1277,Shan,892,phɔ:ŋ.1 ja:m.1,Phonemic,time,,,,
13-440-409-1,shan1277,Shan,417,sa:m.3 pɔ:k.4,Phonemic,three times,,,,
13-420-409-1,shan1277,Shan,1859,ʔan.3 ma:.1 ti:.4 sa:m.3,Phonemic,third,,,,
13-380-409-1,shan1277,Shan,1546,sɔ:ŋ.3 pɔ:k.4,Phonemic,two times,,,,
13-370-409-1,shan1277,Shan,1888,sɔ:ŋ.3 ʔan.3,Phonemic,pair,,,,
13-360-409-1,shan1277,Shan,1384,ʔan.3 ma:.1 ti:.4 sɔ:ŋ.3,Phonemic,second,,,,
13-350-409-1,shan1277,Shan,1529,ʔan.3 ma:.1 ti:.4 laŋ.3,Phonemic,last,,,,
13-340-409-1,shan1277,Shan,728,ʔan.3 ta:ŋ.1,Phonemic,first,,,,
13-330-409-1,shan1277,Shan,1580,ʔan.3 nɨŋ.4,Phonemic,"alone, only",,,,
13-240-409-1,shan1277,Shan,816,khɨŋ.4,Phonemic,half,,,,
13-230-409-1,shan1277,Shan,779,kam.4-phɔŋ.4,Phonemic,"part, piece",,,,
13-220-409-1,shan1277,Shan,1624,ʔam.2 mi:.1 saŋ.3,Phonemic,empty,,,,
13-210-409-1,shan1277,Shan,1429,tem.3,Phonemic,full,,,,
13-190-409-1,shan1277,Shan,2023,phuŋ.3,Phonemic,"multitude, crowd",,,,
13-190-409-3,shan1277,Shan,2023,cum.1,Phonemic,"multitude, crowd",,,,
13-181-409-1,shan1277,Shan,1241,kam.4-phɔŋ.4,Phonemic,some,,,,
13-170-409-1,shan1277,Shan,1242,ʔe:.2,Phonemic,"little (quantity), few",,,,
13-180-409-1,shan1277,Shan,1881,mjɛ:n.4 ʔaw.3,Phonemic,enough,,,,
13-160-409-1,shan1277,Shan,1992,nam.3 kwa:.2,Phonemic,more,,,,
13-150-409-1,shan1277,Shan,1198,nam.3,Phonemic,"much, many",,,,
13-140-409-1,shan1277,Shan,98,ta:ŋ.1 mot.1,Phonemic,"every, all",,,,
13-107-409-1,shan1277,Shan,1420,nap.5,Phonemic,count,,,,
13-106-409-1,shan1277,Shan,1843,he:ŋ.3 nɨŋ.4,Phonemic,thousand,,,,
13-105-409-1,shan1277,Shan,1634,pa:k.2 nɨŋ.4,Phonemic,hundred,,,,
13-104-409-1,shan1277,Shan,1710,sa:w.1 nɨŋ.4,Phonemic,twenty,,,,
13-103-409-1,shan1277,Shan,1709,sip.1 ha:.4,Phonemic,fifteen,,,,
13-102-409-1,shan1277,Shan,1707,sip.1 sɔ:ŋ.3,Phonemic,twelve,,,,
13-101-409-1,shan1277,Shan,1706,sip.1 ʔet.1,Phonemic,eleven,,,,
13-100-409-1,shan1277,Shan,1515,sip.1,Phonemic,ten,,,,
13-90-409-1,shan1277,Shan,1483,kaw.4,Phonemic,nine,,,,
13-80-409-1,shan1277,Shan,1705,pjɛ:t.2,Phonemic,eight,,,,
13-70-409-1,shan1277,Shan,1704,cet.1,Phonemic,seven,,,,
13-60-409-1,shan1277,Shan,1703,hok.1,Phonemic,six,,,,
13-50-409-1,shan1277,Shan,493,ha:.4,Phonemic,five,,,,
13-40-409-1,shan1277,Shan,1500,si:.2,Phonemic,four,,,,
13-20-409-1,shan1277,Shan,1498,sɔ:ŋ.3,Phonemic,two,,,,
13-30-409-1,shan1277,Shan,492,sa:m.3,Phonemic,three,,,,
13-10-409-1,shan1277,Shan,1493,nɨŋ.4,Phonemic,one,,,,
13-0-409-1,shan1277,Shan,1294,ʔam.2 mi:.1 saŋ.3,Phonemic,"zero, nothing",,,,
12-930-409-1,shan1277,Shan,1264,lɛ:k.4 la:j.4,Phonemic,change,,,,
12-920-409-1,shan1277,Shan,1558,mə:n.3,Phonemic,"like, similar",,,,
12-840-409-1,shan1277,Shan,1048,thɛ:w.3,Phonemic,line,,,,
12-850-409-1,shan1277,Shan,1667,hu:.1,Phonemic,hole,,,,
12-830-409-1,shan1277,Shan,1845,luk.4 ma:k.2 naŋ.3,Phonemic,"sphere, ball",,,,
12-830-409-3,shan1277,Shan,1845,ha:ŋ.4 mon.1,Phonemic,"sphere, ball",,,,
12-810-409-1,shan1277,Shan,1395,ko:m.3,Phonemic,round,,,,
12-820-409-1,shan1277,Shan,1467,mon.1 kom.3,Phonemic,circle,,,,
12-780-409-1,shan1277,Shan,850,si:.2 ceŋ.2,Phonemic,square,,,,
12-770-409-1,shan1277,Shan,1367,khaj.2-khwa:.3-pɛ:.3,Phonemic,cross,,,,
12-760-409-1,shan1277,Shan,192,ceŋ.2,Phonemic,corner,,,,
12-750-409-1,shan1277,Shan,1071,khɔ:.3,Phonemic,hook,,,,
12-740-409-1,shan1277,Shan,297,kot.5,Phonemic,crooked,,,,
12-730-409-1,shan1277,Shan,1404,sɨ:.4,Phonemic,straight,,,,
12-710-409-1,shan1277,Shan,1633,pheŋ.2 pe:ŋ.1,Phonemic,flat,,,,
12-680-409-1,shan1277,Shan,193,tɨ:n.4,Phonemic,shallow,,,,
12-670-409-1,shan1277,Shan,1593,lɨk.5,Phonemic,deep,,,,
12-650-409-1,shan1277,Shan,2249,ma:ŋ.3,Phonemic,thin (in dimension),,,,
12-630-409-1,shan1277,Shan,1244,na:.3,Phonemic,thick (in dimension),,,,
12-620-409-1,shan1277,Shan,1267,kɛ:p.4,Phonemic,narrow,,,,
12-610-409-1,shan1277,Shan,1243,kwa:ŋ.4,Phonemic,"wide, broad",,,,
12-590-409-1,shan1277,Shan,1645,pɔ:t.1,Phonemic,short,,,,
12-590-409-3,shan1277,Shan,1645,tjɛ:m.2,Phonemic,short,,,,
12-580-409-1,shan1277,Shan,711,suŋ.3,Phonemic,tall,,,,
12-570-409-1,shan1277,Shan,1203,ja:w.1,Phonemic,long,,,,
12-560-409-1,shan1277,Shan,1246,lek.5,Phonemic,"small, little",,,,
12-550-409-1,shan1277,Shan,1202,jaɨ.2,Phonemic,"large, big",,,,
12-541-409-1,shan1277,Shan,81,khɨ:p.4,Phonemic,"span, fathom",,,,
12-540-409-1,shan1277,Shan,1506,tjɛ:k.4,Phonemic,measure,,,,
12-530-409-1,shan1277,Shan,479,cew.1 jaɨ.2,Phonemic,grow,,,,
12-480-409-1,shan1277,Shan,1595,ta:ŋ.1 taɨ.4,Phonemic,south,,,,
12-470-409-1,shan1277,Shan,1598,ta:ŋ.1 nə:.3,Phonemic,north,,,,
12-460-409-1,shan1277,Shan,1817,ta:ŋ.1 tok.1,Phonemic,west,,,,
12-450-409-1,shan1277,Shan,1877,ta:ŋ.1 ʔɔ:k.2,Phonemic,east,,,,
12-430-409-1,shan1277,Shan,1942,cam.3,Phonemic,near (adv),,,,
12-430-409-3,shan1277,Shan,1942,kaj.3,Phonemic,near (adv),,,,
12-420-409-1,shan1277,Shan,244,sa:j.5,Phonemic,left (side),,,,
12-410-409-1,shan1277,Shan,1019,khwa:.3,Phonemic,right (side),,,,
12-370-409-1,shan1277,Shan,1093,ka:ŋ.3,Phonemic,"middle, center",,,,
12-360-409-1,shan1277,Shan,682,kha:ŋ.4,Phonemic,side,,,,
12-353-409-1,shan1277,Shan,863,khɔ:p.2,Phonemic,edge,,,,
12-352-409-1,shan1277,Shan,372,lɛ:m.3 (l ̃ lj),Phonemic,pointed,,,,
12-350-409-1,shan1277,Shan,742,pa:j.3,Phonemic,end,,,,
12-350-409-3,shan1277,Shan,742,ta:ŋ.1 pa:j.3 sut.1,Phonemic,end,,,,
12-340-409-1,shan1277,Shan,690,taɨ.4,Phonemic,bottom,,,,
12-320-409-1,shan1277,Shan,721,tjɛm.2,Phonemic,low,,,,
12-330-409-1,shan1277,Shan,1753,ta:ŋ.1 nə:.3 sut.1,Phonemic,top,,,,
12-310-409-1,shan1277,Shan,1265,suŋ.3,Phonemic,high,,,,
12-270-409-1,shan1277,Shan,602,soŋ.2,Phonemic,"hide, conceal",,,,
12-270-409-3,shan1277,Shan,602,sim.1 waj.5,Phonemic,"hide, conceal",,,,
12-250-409-1,shan1277,Shan,1046,pik.5,Phonemic,"shut, close",,,,
12-260-409-1,shan1277,Shan,761,pok.5 hom.2 waj.5,Phonemic,cover,,,,
12-240-409-1,shan1277,Shan,1156,phuj.2,Phonemic,open,,,,
12-232-409-1,shan1277,Shan,1119,mjɛŋ.2,Phonemic,divide,,,,
12-230-409-1,shan1277,Shan,1359,jɛ:k.4,Phonemic,separate,,,,
12-220-409-1,shan1277,Shan,1743,cə:m.4 cap.1 kan.3,Phonemic,"join, unite",,,,
12-213-409-1,shan1277,Shan,1576,te:ŋ.3 waj.5,Phonemic,pile up,,,,
12-213-409-3,shan1277,Shan,1576,thom.3 waj.5,Phonemic,pile up,,,,
12-212-409-1,shan1277,Shan,371,kep.1,Phonemic,pick up,,,,
12-210-409-1,shan1277,Shan,7,kep.1 cu:.5 waj.5,Phonemic,"collect, gather",,,,
12-170-409-1,shan1277,Shan,838,lə:.3 ju:.2,Phonemic,"remains, left overs",,,,
12-170-409-3,shan1277,Shan,838,khɔŋ.3 lə:.3,Phonemic,"remains, left overs",,,,
12-160-409-1,shan1277,Shan,987,ju:.2,Phonemic,"remain, stay",,,,
12-160-409-3,shan1277,Shan,987,tha:ŋ.2 ju:.2,Phonemic,"remain, stay",,,,
12-150-409-1,shan1277,Shan,1442,cuk.1,Phonemic,stand,,,,
12-140-409-1,shan1277,Shan,215,nɔ:n.1,Phonemic,lie down,,,,
12-130-409-1,shan1277,Shan,1416,naŋ.4,Phonemic,sit,,,,
12-120-409-1,shan1277,Shan,998,wa:ŋ.1,Phonemic,put,,,,
12-110-409-1,shan1277,Shan,723,ti:.4,Phonemic,place,,,,
12-110-409-3,shan1277,Shan,723,him.1-hɔ:m.1,Phonemic,place,,,,
12-80-409-1,shan1277,Shan,1591,nə:.3,Phonemic,"up, above",,,,
12-80-409-3,shan1277,Shan,1591,ta:ŋ.1 nə:.3,Phonemic,"up, above",,,,
12-70-409-1,shan1277,Shan,1485,taɨ.4,Phonemic,under,,,,
12-70-409-3,shan1277,Shan,1485,pha:j.2 taɨ.4,Phonemic,under,,,,
12-60-409-1,shan1277,Shan,762,ta:ŋ.1 nɔ:k.4,Phonemic,outside,,,,
12-50-409-1,shan1277,Shan,1606,naɨ.1,Phonemic,"inside, in",,,,
12-50-409-3,shan1277,Shan,1606,ta:ŋ.1 naɨ.1,Phonemic,"inside, in",,,,
12-41-409-1,shan1277,Shan,1883,ta:ŋ.1 na:.4,Phonemic,front,,,,
12-40-409-1,shan1277,Shan,1882,ʔɔ:n.3 ta:ŋ.1,Phonemic,before,,,,
12-30-409-1,shan1277,Shan,2094,taɨ.4,Phonemic,"down, below",,,,
12-20-409-1,shan1277,Shan,1816,ta:ŋ.1 kha:ŋ.4,Phonemic,beside,,,,
12-11-409-1,shan1277,Shan,1686,ta:ŋ.1 laŋ.3,Phonemic,behind,,,,
12-10-409-1,shan1277,Shan,1685,wa:j.1,Phonemic,after,,,,
11-920-409-1,shan1277,Shan,1098,ja:.2-dʒu:.2 (ʒ - ALT +B),Phonemic,weigh,,,,
11-910-409-1,shan1277,Shan,884,phɛ:.3 pan.3,Phonemic,share (distribute),,,,
11-890-409-1,shan1277,Shan,1887,thuk.2 na:.2,Phonemic,cheap,,,,
11-880-409-1,shan1277,Shan,1426,ka:.4 na:.2,Phonemic,"dear (costly, expensive)",,,,
11-870-409-1,shan1277,Shan,657,ka:.4 khan.3,Phonemic,price,,,,
11-860-409-1,shan1277,Shan,752,sum.5 kha:j.3,Phonemic,"store, shop",,,,
11-850-409-1,shan1277,Shan,633,ka:t.2,Phonemic,market (place),,,,
11-840-409-1,shan1277,Shan,1082,kon.1 ka:.5,Phonemic,merchant,,,,
11-830-409-1,shan1277,Shan,2135,lɛ:k.4 sɨ:.5 lɛ:k.4 kha:j.3 kan.3,Phonemic,"trade, barter",,,,
11-820-409-1,shan1277,Shan,1571,kha:j.3,Phonemic,sell,,,,
11-810-409-1,shan1277,Shan,1869,sɨ:.5,Phonemic,buy,,,,
11-790-409-1,shan1277,Shan,733,mi:.1 ta:.2 laj.4,Phonemic,earn,,,,
11-780-409-1,shan1277,Shan,1122,ka:.4 ca:ŋ.4,Phonemic,wages,,,,
11-780-409-3,shan1277,Shan,1122,ŋɨn.1 lə:n.3,Phonemic,wages,,,,
11-770-409-1,shan1277,Shan,856,kin.3 ca:ŋ.4,Phonemic,hire,,,,
11-690-409-1,shan1277,Shan,873,kep.1 khɔn.2,Phonemic,"tax, tribute",,,,
11-660-409-1,shan1277,Shan,1081,sa:j.3 maj.3,Phonemic,"account, reckoning",,,,
11-650-409-1,shan1277,Shan,718,pan.3 ka:.4,Phonemic,pay (vb),,,,
11-640-409-1,shan1277,Shan,1914,ni:.4,Phonemic,debt,,,,
11-630-409-1,shan1277,Shan,369,pen.3 ni:.4,Phonemic,owe,,,,
11-620-409-1,shan1277,Shan,1823,jɔ:n.1 him.3,Phonemic,borrow,,,,
11-620-409-3,shan1277,Shan,1823,ku:.4,Phonemic,borrow,,,,
11-610-409-1,shan1277,Shan,582,pan.3 ku:.4,Phonemic,lend,,,,
11-540-409-1,shan1277,Shan,1774,khi:.4 thi:.2,Phonemic,"avaricious, stingy",,,,
11-530-409-1,shan1277,Shan,1934,kon.1 tuk.5,Phonemic,beggar,,,,
11-530-409-3,shan1277,Shan,1934,kon.1 jɔ:n.1,Phonemic,beggar,,,,
11-520-409-1,shan1277,Shan,1674,pha:n.3,Phonemic,poor,,,,
11-510-409-1,shan1277,Shan,712,mi:.1,Phonemic,rich,,,,
11-440-409-1,shan1277,Shan,1867,met.5 ŋɨn.1,Phonemic,coin,,,,
11-430-409-1,shan1277,Shan,1559,ŋɨn.1,Phonemic,money,,,,
11-340-409-1,shan1277,Shan,1095,kwa:.2,Phonemic,"release, let go",,,,
11-340-409-3,shan1277,Shan,1095,pɔ:j.2,Phonemic,"release, let go",,,,
11-330-409-1,shan1277,Shan,1660,lu.5 sum.1,Phonemic,lose,,,,
11-320-409-1,shan1277,Shan,719,ha:.3,Phonemic,find,,,,
11-310-409-1,shan1277,Shan,1468,sɔk.4 ha:.3,Phonemic,"seek, look for",,,,
11-280-409-1,shan1277,Shan,44,lu.5 sum.1,Phonemic,"harm, injure, damage",,,,
11-280-409-3,shan1277,Shan,44,ma:t.2 cep.1,Phonemic,"harm, injure, damage",,,,
11-270-409-1,shan1277,Shan,681,ja.5 lɛ:w.3,Phonemic,destroy,,,,
11-250-409-1,shan1277,Shan,2008,cɔ:j.4-lə:.3,Phonemic,"save, rescue",,,,
11-240-409-1,shan1277,Shan,1997,to:j.1 lɔ:m.3,Phonemic,"preserve, look after",,,,
11-240-409-3,shan1277,Shan,1997,sim.1 waj.5,Phonemic,"preserve, look after",,,,
11-220-409-1,shan1277,Shan,85,khɨn.1,Phonemic,give back,,,,
11-210-409-1,shan1277,Shan,1447,pan.3,Phonemic,give,,,,
11-180-409-1,shan1277,Shan,738,khɔŋ.3,Phonemic,thing,,,,
11-160-409-1,shan1277,Shan,694,hap.5,Phonemic,"get, obtain",,,,
11-160-409-3,shan1277,Shan,694,laj.4 hap.5,Phonemic,"get, obtain",,,,
11-150-409-1,shan1277,Shan,1448,jip.1,Phonemic,hold,,,,
11-140-409-1,shan1277,Shan,2021,kam.3,Phonemic,"seize, grasp",,,,
11-130-409-1,shan1277,Shan,1749,ʔaw.3,Phonemic,take,,,,
11-130-409-3,shan1277,Shan,1749,hap.5,Phonemic,take,,,,
11-120-409-1,shan1277,Shan,684,caw.4 khɔŋ.3,Phonemic,"own, possess",,,,
11-110-409-1,shan1277,Shan,773,mi:.1,Phonemic,have,,,,
10-920-409-1,shan1277,Shan,1922,khɨn.4 phaŋ.2,Phonemic,land (vb),,,,
10-910-409-1,shan1277,Shan,610,ta:.4 hə:.1,Phonemic,"harbor, port",,,,
10-890-409-1,shan1277,Shan,1870,can.3 hə:.1,Phonemic,anchor,,,,
10-880-409-1,shan1277,Shan,786,hə:.1 pha:.4 waj.3,Phonemic,sail (noun),,,,
10-870-409-1,shan1277,Shan,184,saw.3 hə:.1,Phonemic,mast,,,,
10-860-409-1,shan1277,Shan,108,ha:ŋ.3 hə:.1,Phonemic,rudder,,,,
10-852-409-1,shan1277,Shan,1849,pha:j.1,Phonemic,row (vb),,,,
10-851-409-1,shan1277,Shan,234,ka:k.2 pha:j.1,Phonemic,paddle (noun),,,,
10-850-409-1,shan1277,Shan,108,kon.1 pha:j.1 hə:.1,Phonemic,oar,,,,
10-840-409-1,shan1277,Shan,1664,pɛ:.1,Phonemic,raft,,,,
10-832-409-1,shan1277,Shan,416,saw.3 ka:ŋ.3 hə:.1,Phonemic,outrigger,,,,
10-831-409-1,shan1277,Shan,1970,hə:.1,Phonemic,canoe,,,,
10-830-409-1,shan1277,Shan,1844,hə:.1,Phonemic,boat,,,,
10-810-409-1,shan1277,Shan,740,hə:.1 lo:ŋ.3,Phonemic,ship,,,,
10-780-409-1,shan1277,Shan,14,ʔjɛ:k.2,Phonemic,yoke,,,,
10-770-409-1,shan1277,Shan,1769,ma:k.2-lo:.1-lɔ:.5,Phonemic,axle,,,,
10-760-409-1,shan1277,Shan,710,lɔ:.5,Phonemic,wheel,,,,
10-750-409-1,shan1277,Shan,122,tə:k.4 saɨ.2 khɔŋ.3,Phonemic,"carriage, wagon, cart",,,,
10-740-409-1,shan1277,Shan,1011,kho:.3,Phonemic,bridge,,,,
10-720-409-1,shan1277,Shan,2252,ta:ŋ.1 paj.3 tin.3,Phonemic,path,,,,
10-710-409-1,shan1277,Shan,667,ta:ŋ.1,Phonemic,road,,,,
10-670-409-1,shan1277,Shan,1452,ʔi:.1-ʔɔ:k.2,Phonemic,"push, shove",,,,
10-660-409-1,shan1277,Shan,367,khi:.2,Phonemic,ride,,,,
10-650-409-1,shan1277,Shan,741,hɔ:.4,Phonemic,drive,,,,
10-640-409-1,shan1277,Shan,43,ʔɔ:n.3,Phonemic,lead (vb),,,,
10-630-409-1,shan1277,Shan,1127,soŋ.2,Phonemic,send,,,,
10-620-409-1,shan1277,Shan,692,ʔɔ:n.3 ma:.1,Phonemic,bring,,,,
10-615-409-1,shan1277,Shan,415,ńa:p.4,Phonemic,carry-underarm,,,,
10-614-409-1,shan1277,Shan,414,ta:ŋ.2 ho:.3,Phonemic,carry-on-head,,,,
10-613-409-1,shan1277,Shan,413,mjɛ:k.2,Phonemic,carry-on-shoulder,,,,
10-612-409-1,shan1277,Shan,412,jip.1,Phonemic,carry-in-hand,,,,
10-610-409-1,shan1277,Shan,700,mjɛ:k.2,Phonemic,carry (bear),,,,
10-570-409-1,shan1277,Shan,749,khaw.4,Phonemic,enter,,,,
10-560-409-1,shan1277,Shan,1778,khaw.4 cam.3,Phonemic,approach,,,,
10-560-409-3,shan1277,Shan,1778,cam.3 thɨŋ.3,Phonemic,approach,,,,
10-550-409-1,shan1277,Shan,1387,ma:.1 thɨŋ.3,Phonemic,"reach, arrive",,,,
10-530-409-1,shan1277,Shan,1047,lɛn.4 cɔ:m.1,Phonemic,pursue,,,,
10-520-409-1,shan1277,Shan,1085,cɔ:m.1,Phonemic,follow,,,,
10-510-409-1,shan1277,Shan,956,pa:j.4,Phonemic,flee,,,,
10-491-409-1,shan1277,Shan,485,ha:j.3,Phonemic,disappear,,,,
10-490-409-1,shan1277,Shan,1752,ʔɔ:k.2 ta:ŋ.1,Phonemic,"go away, depart",,,,
10-481-409-1,shan1277,Shan,581,khɨn.1 ma:.1,Phonemic,come back,,,,
10-481-409-3,shan1277,Shan,581,wa:j.2 khɨn.1 ma:.1,Phonemic,come back,,,,
10-480-409-1,shan1277,Shan,1446,ma:.1,Phonemic,come,,,,
10-474-409-1,shan1277,Shan,1107,ʔɔ:k.2 kwa:.2,Phonemic,go out,,,,
10-473-409-1,shan1277,Shan,2014,loŋ.1 taɨ.4,Phonemic,go down,,,,
10-472-409-1,shan1277,Shan,1102,ka:n.1 khɨn.4,Phonemic,climb,,,,
10-470-409-1,shan1277,Shan,695,kwa:.2,Phonemic,go,,,,
10-471-409-1,shan1277,Shan,705,khɨn.4 nə:.3,Phonemic,go up,,,,
10-460-409-1,shan1277,Shan,1519,lɛ:n.4,Phonemic,run,,,,
10-451-409-1,shan1277,Shan,366,khuk.1-juk.1-khaŋ.2-jaŋ.3,Phonemic,limp,,,,
10-450-409-1,shan1277,Shan,1443,ja:ŋ.4 kwa:.2,Phonemic,walk,,,,
10-440-409-1,shan1277,Shan,1879,ka:.4,Phonemic,dance,,,,
10-431-409-1,shan1277,Shan,1135,pit.5 saɨ.2,Phonemic,kick,,,,
10-430-409-1,shan1277,Shan,1829,wɛ:n.3 kha:m.4,Phonemic,"jump, leap",,,,
10-420-409-1,shan1277,Shan,1324,mɨn.4,Phonemic,"slide, slip",,,,
10-413-409-1,shan1277,Shan,296,mo:p.2,Phonemic,crouch,,,,
10-412-409-1,shan1277,Shan,66,khup.5 khaw.2,Phonemic,kneel,,,,
10-410-409-1,shan1277,Shan,96,ka:n.1,Phonemic,"creep, crawl",,,,
10-380-409-1,shan1277,Shan,175,paw.2,Phonemic,blow,,,,
10-380-409-3,shan1277,Shan,175,piw.3,Phonemic,blow,,,,
10-370-409-1,shan1277,Shan,1441,win.3,Phonemic,fly (vb),,,,
10-360-409-1,shan1277,Shan,787,pha:j.1 hə:.1,Phonemic,sail (vb),,,,
10-352-409-1,shan1277,Shan,365,jam.1 nam.5,Phonemic,splash,,,,
10-351-409-1,shan1277,Shan,119,lam.3 nam.5,Phonemic,dive,,,,
10-350-409-1,shan1277,Shan,1439,luj.1 nam.5,Phonemic,swim,,,,
10-340-409-1,shan1277,Shan,1574,lɔ:ŋ.4,Phonemic,float,,,,
10-330-409-1,shan1277,Shan,1088,co:m.3,Phonemic,sink,,,,
10-320-409-1,shan1277,Shan,2003,laj.3,Phonemic,flow,,,,
10-260-409-1,shan1277,Shan,1909,khaw.2,Phonemic,shake,,,,
10-252-409-1,shan1277,Shan,702,jɔp.1,Phonemic,catch (ball),,,,
10-250-409-1,shan1277,Shan,1456,thim.4,Phonemic,throw,,,,
10-240-409-1,shan1277,Shan,2253,jɔ:t.2,Phonemic,drip,,,,
10-230-409-1,shan1277,Shan,1280,tok.1,Phonemic,fall,,,,
10-220-409-1,shan1277,Shan,501,juk.5,Phonemic,"raise, lift",,,,
10-210-409-1,shan1277,Shan,568,khɨn.4,Phonemic,rise,,,,
10-170-409-1,shan1277,Shan,430,pan.2,Phonemic,twist,,,,
10-170-409-3,shan1277,Shan,430,lim.2,Phonemic,twist,,,,
10-160-409-1,shan1277,Shan,808,tok.1,Phonemic,drop (vb),,,,
10-150-409-1,shan1277,Shan,827,pan.2 waj.5,Phonemic,roll,,,,
10-140-409-1,shan1277,Shan,1113,khe:n.1 waj.5,Phonemic,"wind, wrap",,,,
10-140-409-3,shan1277,Shan,1113,hɔ:.2,Phonemic,"wind, wrap",,,,
10-130-409-1,shan1277,Shan,1445,pan.2,Phonemic,turn around,,,,
10-120-409-1,shan1277,Shan,1588,ŋop.5,Phonemic,turn over,,,,
10-110-409-1,shan1277,Shan,765,to:ŋ.5 nɨŋ.3,Phonemic,move,,,,
9-890-409-1,shan1277,Shan,2001,tjɛ:m.4 ha:ŋ.4,Phonemic,paint (vb),,,,
9-890-409-3,shan1277,Shan,2001,ta:.1 si:.3,Phonemic,paint (vb),,,,
9-840-409-1,shan1277,Shan,1979,siw.2,Phonemic,chisel,,,,
9-880-409-1,shan1277,Shan,647,si:.3,Phonemic,paint (noun),,,,
9-830-409-1,shan1277,Shan,1002,ha:ŋ.4 lɔ:.2,Phonemic,statue,,,,
9-820-409-1,shan1277,Shan,914,pan.4 ha:ŋ.4,Phonemic,sculptor,,,,
9-810-409-1,shan1277,Shan,228,khɛk.1 maj.5,Phonemic,carve,,,,
9-791-409-1,shan1277,Shan,360,wi:.1,Phonemic,fan (vb),,,,
9-790-409-1,shan1277,Shan,1971,paŋ.2-ka:.2 lom.1,Phonemic,fan (noun),,,,
9-780-409-1,shan1277,Shan,293,sa:n.4-thu:.2-ʔit.5,Phonemic,netbag,,,,
9-771-409-1,shan1277,Shan,292,pha:.4 hom.2,Phonemic,rug,,,,
9-770-409-1,shan1277,Shan,195,sa:t.2,Phonemic,mat,,,,
9-760-409-1,shan1277,Shan,1539,sa:.5,Phonemic,basket,,,,
9-750-409-1,shan1277,Shan,1729,phaj.1 jɔ:j.1 khɛ:.2,Phonemic,"weave, plait",,,,
9-750-409-3,shan1277,Shan,1729,phan.4 cə:k.4,Phonemic,"weave, plait",,,,
9-740-409-1,shan1277,Shan,604,ka.2-cok.1,Phonemic,glass,,,,
9-740-409-3,shan1277,Shan,604,ma:n.2,Phonemic,glass,,,,
9-730-409-1,shan1277,Shan,1399,lin.3 ne:w.3,Phonemic,clay,,,,
9-720-409-1,shan1277,Shan,289,lin.3 ja:j.4,Phonemic,mold (clay etc),,,,
9-710-409-1,shan1277,Shan,359,khə:ŋ.4 lin.3 phaw.3,Phonemic,potter,,,,
9-690-409-1,shan1277,Shan,358,he:k.2,Phonemic,"tin, tinplate",,,,
9-690-409-3,shan1277,Shan,358,khɛp.1 he:k.2,Phonemic,"tin, tinplate",,,,
9-680-409-1,shan1277,Shan,627,cɨn.1,Phonemic,lead (noun),,,,
9-670-409-1,shan1277,Shan,621,lek.1,Phonemic,iron,,,,
9-660-409-1,shan1277,Shan,1825,tɔ:ŋ.1 lə:ŋ.3,Phonemic,"copper, bronze",,,,
9-660-409-3,shan1277,Shan,1825,tɔ:ŋ.1 lɛ:ŋ.3,Phonemic,"copper, bronze",,,,
9-650-409-1,shan1277,Shan,759,ŋɨn.1,Phonemic,silver,,,,
9-640-409-1,shan1277,Shan,1369,kham.1,Phonemic,gold,,,,
9-630-409-1,shan1277,Shan,211,lek.1 lɔ:.2,Phonemic,cast (metals),,,,
9-620-409-1,shan1277,Shan,1648,tum.3 pɔ.5 lek.1,Phonemic,anvil,,,,
9-610-409-1,shan1277,Shan,288,pɔ.5 lek.1,Phonemic,forge,,,,
9-600-409-1,shan1277,Shan,1001,caŋ.4 lek.1,Phonemic,"smith, blacksmith",,,,
9-560-409-1,shan1277,Shan,1069,khaw.4-mjɛ:n.2,Phonemic,glue,,,,
9-500-409-1,shan1277,Shan,502,lek.1-maj.2-na:.1,Phonemic,nail,,,,
9-490-409-1,shan1277,Shan,1481,khɔ:n.5,Phonemic,hammer,,,,
9-490-409-3,shan1277,Shan,1481,khɔ:n.5 cɔk.1,Phonemic,hammer,,,,
9-480-409-1,shan1277,Shan,1948,lə:.4,Phonemic,saw,,,,
9-480-409-3,shan1277,Shan,1948,lek.1 lə:.4,Phonemic,saw,,,,
9-461-409-1,shan1277,Shan,46,khut.1 ʔɔ:k.2,Phonemic,hollow out,,,,
9-460-409-1,shan1277,Shan,1501,khot.5 ʔɔ:k.2,Phonemic,bore,,,,
9-460-409-3,shan1277,Shan,1501,ci:.1,Phonemic,bore,,,,
9-440-409-1,shan1277,Shan,1840,het.1,Phonemic,build,,,,
9-430-409-1,shan1277,Shan,1042,sa.2-la:.2 het.1 maj.5,Phonemic,carpenter,,,,
9-422-409-1,shan1277,Shan,1361,ki.5-li.5-ja:.2-ta:.3-jip.1,Phonemic,tool,,,,
9-380-409-1,shan1277,Shan,245,ju:.1,Phonemic,broom,,,,
9-360-409-1,shan1277,Shan,1453,la:ŋ.5,Phonemic,wash,,,,
9-370-409-1,shan1277,Shan,230,pat.1,Phonemic,sweep,,,,
9-350-409-1,shan1277,Shan,1487,thɛ:ŋ.4 nam.5,Phonemic,pour,,,,
9-343-409-1,shan1277,Shan,1414,mip.2,Phonemic,"squeeze, wring",,,,
9-342-409-1,shan1277,Shan,1913,tek.1,Phonemic,press,,,,
9-341-409-1,shan1277,Shan,357,hɔj.4 waj.5,Phonemic,hang up,,,,
9-340-409-1,shan1277,Shan,38,he:.4 ʔɔ:k.2,Phonemic,spread out,,,,
9-330-409-1,shan1277,Shan,1455,la:k.4 ma:.1,Phonemic,pull,,,,
9-320-409-1,shan1277,Shan,214,khe:ŋ.4,Phonemic,stretch,,,,
9-320-409-3,shan1277,Shan,214,jɨ:t.4,Phonemic,stretch,,,,
9-310-409-1,shan1277,Shan,1449,no:t.4,Phonemic,"rub, wipe",,,,
9-310-409-3,shan1277,Shan,1449,cet.5,Phonemic,"rub, wipe",,,,
9-290-409-1,shan1277,Shan,291,lɔ:k.4 naŋ.3,Phonemic,"flay, skin",,,,
9-280-409-1,shan1277,Shan,1735,si:k.2,Phonemic,tear,,,,
9-270-409-1,shan1277,Shan,1437,pha:.2,Phonemic,split,,,,
9-261-409-1,shan1277,Shan,588,hak.1,Phonemic,broken,,,,
9-261-409-3,shan1277,Shan,588,lu:.5 lɛ:w.3,Phonemic,broken,,,,
9-260-409-1,shan1277,Shan,680,het.1 haj.4 lɛ:w.3,Phonemic,break,,,,
9-250-409-1,shan1277,Shan,677,ta:.3-ma:t.2,Phonemic,ax,,,,
9-250-409-3,shan1277,Shan,677,ta:.3-khwa:n.3,Phonemic,ax,,,,
9-251-409-1,shan1277,Shan,290,ta:k.2,Phonemic,adze,,,,
9-240-409-1,shan1277,Shan,356,kim.1-haj.1,Phonemic,"scissors, shears",,,,
9-230-409-1,shan1277,Shan,1352,mi:t.4,Phonemic,knife,,,,
9-223-409-1,shan1277,Shan,1434,tjɛ:ŋ.1,Phonemic,stab,,,,
9-223-409-3,shan1277,Shan,1434,ci:.1 hu:.1,Phonemic,stab,,,,
9-222-409-1,shan1277,Shan,155,pha:.2,Phonemic,"chop, hew",,,,
9-221-409-1,shan1277,Shan,355,jɔ:m.1 loŋ.1,Phonemic,cut down,,,,
9-220-409-1,shan1277,Shan,1432,tɛp.1,Phonemic,cut,,,,
9-220-409-3,shan1277,Shan,1432,sɔ:j.1,Phonemic,cut,,,,
9-211-409-1,shan1277,Shan,354,ta:.3-mɨ:.1 thup.5,Phonemic,pound with fist,,,,
9-210-409-1,shan1277,Shan,2133,pə.5,Phonemic,"strike (hit, beat)",,,,
9-210-409-3,shan1277,Shan,2133,hɛ:m.3,Phonemic,"strike (hit, beat)",,,,
9-192-409-1,shan1277,Shan,760,pom.3,Phonemic,knot (noun),,,,
9-192-409-3,shan1277,Shan,760,ŋə:n.4,Phonemic,knot (noun),,,,
9-190-409-1,shan1277,Shan,1218,cə:k.4,Phonemic,"rope, cord",,,,
9-190-409-3,shan1277,Shan,1218,maj.3 la:j.4,Phonemic,"rope, cord",,,,
9-180-409-1,shan1277,Shan,1627,cə:k.4 lek.1,Phonemic,chain,,,,
9-161-409-1,shan1277,Shan,352,kɛ:.4 mat.5,Phonemic,untie,,,,
9-160-409-1,shan1277,Shan,1917,mat.5,Phonemic,"tie, bind",,,,
9-150-409-1,shan1277,Shan,1470,top.5,Phonemic,fold,,,,
9-150-409-3,shan1277,Shan,1470,khɔk.5,Phonemic,fold,,,,
9-140-409-1,shan1277,Shan,2004,kot.5,Phonemic,bend,,,,
9-140-409-3,shan1277,Shan,2004,ŋɔ:.1,Phonemic,bend,,,,
9-120-409-1,shan1277,Shan,984,het.1 ka:n.3,Phonemic,work,,,,
9-110-409-1,shan1277,Shan,2575,het.1,Phonemic,"do, make",,,,
8-980-409-1,shan1277,Shan,641,hep.1,Phonemic,mushroom,,,,
8-970-409-1,shan1277,Shan,33,mɔ:k.2 ka:j.1 jɔ:n.1,Phonemic,nettle,,,,
8-960-409-1,shan1277,Shan,348,khə:.1 le:.3,Phonemic,fish poison (root),,,,
8-941-409-1,shan1277,Shan,146,ʔɔ:j.4,Phonemic,sugar cane,,,,
8-940-409-1,shan1277,Shan,1927,maj.5 phaj.2,Phonemic,bamboo,,,,
8-931-409-1,shan1277,Shan,864,ma:k.2 pak.5,Phonemic,"pumpkin, squash",,,,
8-931-409-3,shan1277,Shan,864,tjɛ:ŋ.3,Phonemic,"pumpkin, squash",,,,
8-931-409-5,shan1277,Shan,864,nam.5 taw.4,Phonemic,"pumpkin, squash",,,,
8-930-409-1,shan1277,Shan,411,ma:k.2 mo:p.2,Phonemic,gourd,,,,
8-920-409-1,shan1277,Shan,925,man.1 niw.5,Phonemic,"tapioca, manioc, cassava",,,,
8-912-409-1,shan1277,Shan,410,man.1 ljɛ:ŋ.3,Phonemic,yam,,,,
8-910-409-1,shan1277,Shan,159,man.1 ʔa:.2-lu:.1,Phonemic,sweet potato,,,,
8-850-409-1,shan1277,Shan,346,maj.5 huŋ.1,Phonemic,banyan,,,,
8-840-409-1,shan1277,Shan,868,ton.4 koj.4,Phonemic,banana tree,,,,
8-830-409-1,shan1277,Shan,1126,so:m.4,Phonemic,citrus fruit,,,,
8-830-409-3,shan1277,Shan,1126,ma:k.2 pha:.4,Phonemic,citrus fruit,,,,
8-820-409-1,shan1277,Shan,970,ma:k.2 ʔun.3,Phonemic,coconut,,,,
8-820-409-3,shan1277,Shan,970,ma:k.2 pa:w.5,Phonemic,coconut,,,,
8-810-409-1,shan1277,Shan,1181,ton.4 pa:m.1,Phonemic,palm tree,,,,
8-760-409-1,shan1277,Shan,345,ja:ŋ.3 maj.5,Phonemic,sap,,,,
8-750-409-1,shan1277,Shan,1204,pə:k.2 maj.5,Phonemic,bark,,,,
8-740-409-1,shan1277,Shan,409,ka:n.4,Phonemic,forked branch,,,,
8-730-409-1,shan1277,Shan,344,kiŋ.2,Phonemic,tree trunk,,,,
8-720-409-1,shan1277,Shan,241,ŋaw.4 ton.4 maj.5,Phonemic,tree stump,,,,
8-691-409-1,shan1277,Shan,1124,mɔ:.4 ja:.4,Phonemic,pipe,,,,
8-690-409-1,shan1277,Shan,1689,sup.2 ja:.4 ke:n.3 tɔ:ŋ.3,Phonemic,smoke (tobacco),,,,
8-690-409-3,shan1277,Shan,1689,ja:.4 lut.2,Phonemic,smoke (tobacco),,,,
8-680-409-1,shan1277,Shan,974,waɨ.3 ja:.3 su:p.2,Phonemic,tobacco,,,,
8-670-409-1,shan1277,Shan,343,ton.4 ʔa-ŋun.2,Phonemic,vine,,,,
8-660-409-1,shan1277,Shan,968,ma:k.2 tɔ:j.2,Phonemic,acorn,,,,
8-650-409-1,shan1277,Shan,1915,ton.4 pjɛ:k.2,Phonemic,fir,,,,
8-640-409-1,shan1277,Shan,1740,maj.5 pjɛ:k.2,Phonemic,pine,,,,
8-640-409-3,shan1277,Shan,1740,ma:k.2 ke:ŋ.3,Phonemic,pine,,,,
8-630-409-1,shan1277,Shan,1855,ton.4 mɔ:k.2 mew.1 nɨŋ.4,Phonemic,birch,,,,
8-620-409-1,shan1277,Shan,1950,ton.4 ma:k.2 lə:.2,Phonemic,beech,,,,
8-610-409-1,shan1277,Shan,644,maj.5 nim.3,Phonemic,oak,,,,
8-600-409-1,shan1277,Shan,906,ton.4 maj.5,Phonemic,tree,,,,
8-570-409-1,shan1277,Shan,239,mɔ:k.2 maj.5,Phonemic,flower,,,,
8-560-409-1,shan1277,Shan,628,waj.3 maj.5,Phonemic,leaf,,,,
8-550-409-1,shan1277,Shan,1531,kiŋ.2 maj.4,Phonemic,branch,,,,
8-550-409-3,shan1277,Shan,1531,ka:n.4,Phonemic,branch,,,,
8-540-409-1,shan1277,Shan,670,ha:k.4,Phonemic,root,,,,
8-531-409-1,shan1277,Shan,1486,phu:k.2,Phonemic,plant (vb),,,,
8-520-409-1,shan1277,Shan,342,phə:ŋ.1,Phonemic,hay,,,,
8-530-409-1,shan1277,Shan,653,cə:.5 maj.5 mew.1 laj.3 mew.1 nɨŋ.4,Phonemic,plant (noun),,,,
8-510-409-1,shan1277,Shan,606,jə:.4 ja:.4,Phonemic,grass,,,,
8-480-409-1,shan1277,Shan,926,khaw.4 huŋ.3,Phonemic,rice,,,,
8-470-409-1,shan1277,Shan,506,khaw.4 ka:p.2 khɛ:.2,Phonemic,"maize, corn",,,,
8-460-409-1,shan1277,Shan,60,khaw.4 kjuŋ.2 ma:.5,Phonemic,oats,,,,
8-450-409-1,shan1277,Shan,23,khaw.4 kjuŋ.2 ma:.5 ca:m.1,Phonemic,rye,,,,
8-430-409-1,shan1277,Shan,1077,khaw.4 ka:p.2,Phonemic,wheat,,,,
8-440-409-1,shan1277,Shan,932,khaw.4 kjuŋ.2,Phonemic,barley,,,,
8-420-409-1,shan1277,Shan,605,met.5 khaw.4,Phonemic,"grain (barley, oats etc)",,,,
8-410-409-1,shan1277,Shan,611,pa:t.2 khaw.4,Phonemic,"crop, harvest",,,,
8-350-409-1,shan1277,Shan,223,pa:ŋ.3 pɔ:.5 khaw.4,Phonemic,threshing-floor,,,,
8-340-409-1,shan1277,Shan,285,no:t.4 khaw.4,Phonemic,thresh,,,,
8-340-409-3,shan1277,Shan,285,pɔ:.5 khaw.4,Phonemic,thresh,,,,
8-330-409-1,shan1277,Shan,2132,khew.1,Phonemic,"sickle, scythe",,,,
8-320-409-1,shan1277,Shan,190,kep.1 ʔaw.3,Phonemic,"mow, reap",,,,
8-320-409-3,shan1277,Shan,190,pa:t.2 ʔaw.3,Phonemic,"mow, reap",,,,
8-311-409-1,shan1277,Shan,714,cə:.5 phan.1,Phonemic,seed,,,,
8-310-409-1,shan1277,Shan,748,wa:n.2,Phonemic,sow,,,,
8-270-409-1,shan1277,Shan,338,phə:.3 khɛ:ŋ.1,Phonemic,rake,,,,
8-260-409-1,shan1277,Shan,337,cɔ.5 ŋɛm.4,Phonemic,fork,,,,
8-250-409-1,shan1277,Shan,284,se:m.3,Phonemic,hoe,,,,
8-240-409-1,shan1277,Shan,1901,cɔ.5 tak.1 pun.3,Phonemic,shovel,,,,
8-230-409-1,shan1277,Shan,1176,cɔ:.1,Phonemic,spade,,,,
8-212-409-1,shan1277,Shan,1794,hɔŋ.4 lin.3,Phonemic,furrow,,,,
8-220-409-1,shan1277,Shan,1418,khut.1,Phonemic,dig,,,,
8-210-409-1,shan1277,Shan,1921,thaj.3,Phonemic,plow,,,,
8-170-409-1,shan1277,Shan,2002,hɔŋ.4 nam.5,Phonemic,ditch,,,,
8-160-409-1,shan1277,Shan,1690,ho:.5,Phonemic,fence,,,,
8-150-409-1,shan1277,Shan,1541,phuk.2 phaŋ.3,Phonemic,"cultivate, till",,,,
8-130-409-1,shan1277,Shan,586,so:n.3,Phonemic,garden,,,,
8-120-409-1,shan1277,Shan,212,thuŋ.4 na:.1,Phonemic,field (for cultivation),,,,
8-110-409-1,shan1277,Shan,979,kon.1 het.1 na:.1,Phonemic,farmer,,,,
7-640-409-1,shan1277,Shan,901,ma:k.2 ʔut.2 ta:k.2 hɛ:ŋ.4,Phonemic,adobe,,,,
7-630-409-1,shan1277,Shan,224,thun.3 kha:w.3,Phonemic,mortar,,,,
7-630-409-3,shan1277,Shan,224,me:.2-phi.1-la:t.4,Phonemic,mortar,,,,
7-620-409-1,shan1277,Shan,1006,ma:k.2 ʔu:t.2,Phonemic,brick,,,,
7-580-409-1,shan1277,Shan,876,woŋ.1 maj.5 phak.1-tu:.3,Phonemic,arch,,,,
7-610-409-1,shan1277,Shan,877,sa.2-la:.2 kɔ:.2 sa:ŋ.4,Phonemic,mason,,,,
7-570-409-1,shan1277,Shan,1227,pɛ:n.4 pun.1,Phonemic,board,,,,
7-560-409-1,shan1277,Shan,281,maj.5 saw.3,Phonemic,"post, pole",,,,
7-560-409-3,shan1277,Shan,281,maj.5 ka:n.1,Phonemic,"post, pole",,,,
7-550-409-1,shan1277,Shan,1132,maj.5 khɨ:.2,Phonemic,beam,,,,
7-550-409-3,shan1277,Shan,1132,maj.5 pɛ:.3,Phonemic,beam,,,,
7-540-409-1,shan1277,Shan,829,maj.5 lat.1 cɔ:m.3,Phonemic,rafter,,,,
7-530-409-1,shan1277,Shan,280,cɔ:m.3 hə:n.1,Phonemic,ridgepole,,,,
7-520-409-1,shan1277,Shan,279,laŋ.3-kha:.1 muŋ.1 tɔ:ŋ.3,Phonemic,thatch,,,,
7-510-409-1,shan1277,Shan,769,laŋ.3-kha:.1,Phonemic,roof,,,,
7-480-409-1,shan1277,Shan,205,lɔt.2 nam.5,Phonemic,trough,,,,
7-470-409-1,shan1277,Shan,745,kheŋ.2,Phonemic,shelf,,,,
7-460-409-1,shan1277,Shan,1273,te:n.1,Phonemic,candle,,,,
7-450-409-1,shan1277,Shan,2131,ho:ŋ.1 phaj.1,Phonemic,"lamp, torch",,,,
7-440-409-1,shan1277,Shan,1775,kho:ŋ.2,Phonemic,table,,,,
7-430-409-1,shan1277,Shan,1476,taŋ.2 naŋ.4,Phonemic,chair,,,,
7-422-409-1,shan1277,Shan,806,pha:.4 hom.2,Phonemic,blanket,,,,
7-421-409-1,shan1277,Shan,1044,mɔ:n.3 ho:.3,Phonemic,pillow,,,,
7-420-409-1,shan1277,Shan,1663,ku:.2 nɔ:n.1,Phonemic,bed,,,,
7-370-409-1,shan1277,Shan,1464,khun.4-laj.3,Phonemic,ladder,,,,
7-370-409-3,shan1277,Shan,1464,can.5 khun.4-laj.3,Phonemic,ladder,,,,
7-330-409-1,shan1277,Shan,1305,piaw.3 phaj.1,Phonemic,chimney,,,,
7-320-409-1,shan1277,Shan,859,tha:ŋ.2 phaw.3,Phonemic,stove,,,,
7-310-409-1,shan1277,Shan,185,phi:.1-phaj.1,Phonemic,fireplace,,,,
7-310-409-3,shan1277,Shan,185,muk.5-phaj.1,Phonemic,fireplace,,,,
7-270-409-1,shan1277,Shan,933,pha:.3,Phonemic,wall,,,,
7-260-409-1,shan1277,Shan,1632,ti:.4 taɨ.4,Phonemic,floor,,,,
7-250-409-1,shan1277,Shan,1375,pa.2-tɛŋ.1,Phonemic,window,,,,
7-240-409-1,shan1277,Shan,1472,sɔ:.1,Phonemic,key,,,,
7-240-409-3,shan1277,Shan,1472,ma:k.2 sɔ:.1,Phonemic,key,,,,
7-231-409-1,shan1277,Shan,1012,kɔ:n.3,Phonemic,"latch, door-bolt",,,,
7-230-409-1,shan1277,Shan,1596,jɨt.1-jɔn.2,Phonemic,lock (noun),,,,
7-221-409-1,shan1277,Shan,80,saw.3 phak.1-tu:.3,Phonemic,"doorpost, jamb",,,,
7-210-409-1,shan1277,Shan,1450,hɔŋ.4,Phonemic,room,,,,
7-220-409-1,shan1277,Shan,1567,phak.1-tu:.3,Phonemic,"door, gate",,,,
7-180-409-1,shan1277,Shan,335,ti:.4 tə:ŋ.2-pa:ŋ.2,Phonemic,meeting house,,,,
7-170-409-1,shan1277,Shan,334,sɔŋ.2 phaj.1,Phonemic,cookhouse,,,,
7-160-409-1,shan1277,Shan,408,hə:n.1,Phonemic,men's house,,,,
7-150-409-1,shan1277,Shan,736,wa:ŋ.1,Phonemic,"yard, court",,,,
7-150-409-3,shan1277,Shan,736,sa.2-na:m.3,Phonemic,"yard, court",,,,
7-140-409-1,shan1277,Shan,1316,sum.5,Phonemic,tent,,,,
7-131-409-1,shan1277,Shan,403,wa:n.4 so:n.3,Phonemic,garden-house,,,,
7-130-409-1,shan1277,Shan,1678,the:ŋ.3,Phonemic,hut,,,,
7-120-409-1,shan1277,Shan,1252,hə:n.1,Phonemic,house,,,,
7-110-409-1,shan1277,Shan,363,ju:.2 pɨŋ.4,Phonemic,"dwell, live",,,,
6-960-409-1,shan1277,Shan,1171,ma:n.2 cam.4,Phonemic,mirror,,,,
6-950-409-1,shan1277,Shan,788,sap.1-pja:.2,Phonemic,soap,,,,
6-940-409-1,shan1277,Shan,1926,khi:.4 phɨŋ.4,Phonemic,ointment,,,,
6-930-409-1,shan1277,Shan,151,mit.4 tha:.3 ho:.3,Phonemic,razor,,,,
6-921-409-1,shan1277,Shan,333,phaj.1 jɔ:j.1 khɛ:.2,Phonemic,braid,,,,
6-920-409-1,shan1277,Shan,1821,pjɛ:ŋ.5,Phonemic,brush,,,,
6-910-409-1,shan1277,Shan,1475,wi:.3,Phonemic,comb,,,,
6-820-409-1,shan1277,Shan,1021,pha:.4 cet.5 to:.3,Phonemic,towel,,,,
6-810-409-1,shan1277,Shan,332,pha:.4 cet.5 na:.4,Phonemic,"handkerchief, rag",,,,
6-790-409-1,shan1277,Shan,68,hɔ:j.1 sam.1 lam.3,Phonemic,tattoo,,,,
6-780-409-1,shan1277,Shan,330,ti:.4 hom.2 nə:.3 ho:.4,Phonemic,"headband, headdress",,,,
6-780-409-3,shan1277,Shan,330,pha:.4 khe:n.1 ho:.3,Phonemic,"headband, headdress",,,,
6-770-409-1,shan1277,Shan,770,tɔŋ.2 hu:.3,Phonemic,earring,,,,
6-760-409-1,shan1277,Shan,1860,ma:k.2 nap.5,Phonemic,bead,,,,
6-750-409-1,shan1277,Shan,1961,sa:j.3 khɔ:.1,Phonemic,necklace,,,,
6-740-409-1,shan1277,Shan,1754,wɛ:n.3,Phonemic,bracelet,,,,
6-730-409-1,shan1277,Shan,1374,mɔ:ŋ.1-koj.1,Phonemic,ring (for finger),,,,
6-720-409-1,shan1277,Shan,1029,sjɛ:ŋ.3,Phonemic,jewel,,,,
6-710-409-1,shan1277,Shan,917,khə:ŋ.4 hɔj.4 khə:ŋ.4 phɛ:n.3,Phonemic,"ornament, adornment",,,,
6-630-409-1,shan1277,Shan,64,khem.3 khɔ:.3,Phonemic,pin,,,,
6-620-409-1,shan1277,Shan,757,ma:k.2 tum.2,Phonemic,button,,,,
6-610-409-1,shan1277,Shan,1851,thoŋ.3 sə:.4,Phonemic,pocket,,,,
6-610-409-3,shan1277,Shan,1851,thoŋ.3 kon.3,Phonemic,pocket,,,,
6-590-409-1,shan1277,Shan,1151,pha:.4 kaŋ.4 na:.4,Phonemic,veil,,,,
6-580-409-1,shan1277,Shan,867,mo:ŋ.3 mɨ:.1,Phonemic,glove,,,,
6-570-409-1,shan1277,Shan,772,sa:j.3 ʔɛ:w.3,Phonemic,"belt, girdle",,,,
6-550-409-1,shan1277,Shan,2130,ma:k.2 ho:.3,Phonemic,"hat, cap",,,,
6-540-409-1,shan1277,Shan,875,kon.1 het.1 sɔk.1-tin.3,Phonemic,"shoemaker, cobbler",,,,
6-510-409-1,shan1277,Shan,1381,sɔk.1-tin.3,Phonemic,shoe,,,,
6-520-409-1,shan1277,Shan,585,sɔk.1-tin.3-ʔo:t.2,Phonemic,boot,,,,
6-490-409-1,shan1277,Shan,329,mo:ŋ.3 tin.3,Phonemic,"stocking, sock",,,,
6-480-409-1,shan1277,Shan,809,ko:n.3,Phonemic,trousers,,,,
6-461-409-1,shan1277,Shan,328,sin.4 pha:.4 tɔ:ŋ.3,Phonemic,grass-skirt,,,,
6-460-409-1,shan1277,Shan,1600,sin.4 pan.2 tuŋ.1,Phonemic,skirt,,,,
6-450-409-1,shan1277,Shan,2012,taj.4 khɔ:.1 sə:.4,Phonemic,collar,,,,
6-440-409-1,shan1277,Shan,1622,sə:.4 mi:.1 ta:j.4 khɔ:.1,Phonemic,shirt,,,,
6-430-409-1,shan1277,Shan,603,sə:.4 he:.4 ta:ŋ.1 nɔ:k.4,Phonemic,coat,,,,
6-420-409-1,shan1277,Shan,474,sə:.4 pha:.4 phu:.4 jiŋ.1,Phonemic,woman's dress,,,,
6-411-409-1,shan1277,Shan,327,pha:.4 he:.4 ho:.3,Phonemic,poncho,,,,
6-390-409-1,shan1277,Shan,157,jɔ:m.5 si:.3,Phonemic,dye,,,,
6-410-409-1,shan1277,Shan,326,sə:.4 khum.1,Phonemic,cloak,,,,
6-380-409-1,shan1277,Shan,1161,maj.3 la:j.4,Phonemic,thread,,,,
6-360-409-1,shan1277,Shan,1382,khem.3,Phonemic,needle,,,,
6-370-409-1,shan1277,Shan,278,khə:ŋ.4 ci:.1 hu:.1,Phonemic,awl,,,,
6-350-409-1,shan1277,Shan,1457,jep.5 pha:.4,Phonemic,sew,,,,
6-340-409-1,shan1277,Shan,1787,khə:ŋ.4 tɔ:.1 hu:k.2,Phonemic,loom,,,,
6-330-409-1,shan1277,Shan,133,tɔ:.1,Phonemic,weave,,,,
6-330-409-3,shan1277,Shan,133,sa:n.3,Phonemic,weave,,,,
6-330-409-5,shan1277,Shan,133,phaj.1 jɔ:j.1 khɛ:.2,Phonemic,weave,,,,
6-320-409-1,shan1277,Shan,277,sa:.5 lek.5 sa:.5 ʔɔn.2,Phonemic,spindle,,,,
6-310-409-1,shan1277,Shan,121,pan.2,Phonemic,spin,,,,
6-290-409-1,shan1277,Shan,629,naŋ.3,Phonemic,leather,,,,
6-280-409-1,shan1277,Shan,580,khon.3 sat.1,Phonemic,fur,,,,
6-270-409-1,shan1277,Shan,325,maj.3 sak.1-ka.2-la:t.2,Phonemic,felt,,,,
6-250-409-1,shan1277,Shan,1641,maj.3,Phonemic,silk,,,,
6-240-409-1,shan1277,Shan,1850,maj.3,Phonemic,cotton,,,,
6-230-409-1,shan1277,Shan,916,pa:n.2,Phonemic,"linen, flax",,,,
6-230-409-3,shan1277,Shan,916,pɔ:.3,Phonemic,"linen, flax",,,,
6-220-409-1,shan1277,Shan,964,khon.3 kɛ.5,Phonemic,wool,,,,
6-210-409-1,shan1277,Shan,1616,sə:.4 pha:.4,Phonemic,cloth,,,,
6-130-409-1,shan1277,Shan,881,mɔ:.3 tat.1 sə:.4,Phonemic,tailor,,,,
6-120-409-1,shan1277,Shan,1895,nuŋ.4 sə:.4 pha:.4,Phonemic,"clothing, clothes",,,,
6-110-409-1,shan1277,Shan,158,ha:ŋ.4 khə:ŋ.4,Phonemic,put on (clothes),,,,
5-971-409-1,shan1277,Shan,1556,khaj.2 lɛ:ŋ.3,Phonemic,egg yolk,,,,
5-970-409-1,shan1277,Shan,744,khaj.2,Phonemic,egg,,,,
5-940-409-1,shan1277,Shan,404,law.4,Phonemic,fermented drink,,,,
5-930-409-1,shan1277,Shan,1639,pi:.2-ja:.2,Phonemic,beer,,,,
5-920-409-1,shan1277,Shan,1524,law.4 ma:k.2 ʔa.1-ŋun.2,Phonemic,wine,,,,
5-910-409-1,shan1277,Shan,941,law.4 nam.5 phɨŋ.4,Phonemic,mead,,,,
5-900-409-1,shan1277,Shan,731,khɔŋ.3 kin.3,Phonemic,"beverage, drink",,,,
5-890-409-1,shan1277,Shan,1245,thɔ:.1-pa:t.2 tɛ:.5,Phonemic,butter,,,,
5-880-409-1,shan1277,Shan,1569,thɔ:.1-pa:t.2 khɛŋ.3,Phonemic,cheese,,,,
5-870-409-1,shan1277,Shan,93,mi:p.2 nom.1,Phonemic,milk (vb),,,,
5-850-409-1,shan1277,Shan,862,kə:.3 wa:n.3,Phonemic,sugar,,,,
5-860-409-1,shan1277,Shan,635,nam.5 nom.1,Phonemic,milk (noun),,,,
5-840-409-1,shan1277,Shan,942,nam.5 phɨŋ.4,Phonemic,honey,,,,
5-821-409-1,shan1277,Shan,919,ma:k.2 phit.5 phɔ:ŋ.3,Phonemic,chili pepper,,,,
5-820-409-1,shan1277,Shan,1385,phit.5 pɔm.4,Phonemic,pepper,,,,
5-810-409-1,shan1277,Shan,1274,kə:.3,Phonemic,salt,,,,
5-791-409-1,shan1277,Shan,323,khaj.3 man.1,Phonemic,"grease, fat",,,,
5-790-409-1,shan1277,Shan,1484,nam.5 man.1,Phonemic,oil,,,,
5-780-409-1,shan1277,Shan,1154,ton.4 ma:k.2 kɔ:k.2,Phonemic,olive,,,,
5-760-409-1,shan1277,Shan,920,ʔa.1-ŋun.2,Phonemic,grape,,,,
5-770-409-1,shan1277,Shan,191,tho:.2 pə:k.2 khɛŋ.3,Phonemic,nut,,,,
5-750-409-1,shan1277,Shan,322,ton.4 maj.5 huŋ.1,Phonemic,fig,,,,
5-712-409-1,shan1277,Shan,1966,ʔot.2 mɔ:k.2,Phonemic,bunch,,,,
5-710-409-1,shan1277,Shan,1507,ma:k.2 maj.5,Phonemic,fruit,,,,
5-700-409-1,shan1277,Shan,593,ʔa:.2-lu:.1,Phonemic,potato,,,,
5-660-409-1,shan1277,Shan,832,tho:.2,Phonemic,bean,,,,
5-650-409-1,shan1277,Shan,924,phak.1,Phonemic,vegetables,,,,
5-640-409-1,shan1277,Shan,1547,nam.5 phak.1,Phonemic,"soup, broth",,,,
5-630-409-1,shan1277,Shan,1874,nə:.5 je:t.4 saj.4,Phonemic,sausage,,,,
5-610-409-1,shan1277,Shan,634,nə:.5 sat.1,Phonemic,meat,,,,
5-590-409-1,shan1277,Shan,225,sa:k.2,Phonemic,pestle,,,,
5-580-409-1,shan1277,Shan,224,khok.5,Phonemic,mortar (2),,,,
5-570-409-1,shan1277,Shan,636,loj.3 haj.4 pen.3 phɔ:ŋ.3,Phonemic,mill,,,,
5-560-409-1,shan1277,Shan,1033,lo:j.3,Phonemic,"crush, grind",,,,
5-550-409-1,shan1277,Shan,1594,phɔ:ŋ.3 khaw.4,Phonemic,"meal, flour",,,,
5-540-409-1,shan1277,Shan,274,no:t.4,Phonemic,knead,,,,
5-540-409-3,shan1277,Shan,274,pan.4,Phonemic,knead,,,,
5-530-409-1,shan1277,Shan,273,phɔ:ŋ.3 khaw.4 lɔ:.1 nam.5,Phonemic,dough,,,,
5-510-409-1,shan1277,Shan,1368,khaw.4-mun.1,Phonemic,bread,,,,
5-490-409-1,shan1277,Shan,2017,taw.3 khaw.4 kan.3,Phonemic,"stir, mix",,,,
5-480-409-1,shan1277,Shan,1767,khu:t.2,Phonemic,scrape,,,,
5-470-409-1,shan1277,Shan,86,ti:.4 thɔ:ŋ.3,Phonemic,"sieve, strain",,,,
5-460-409-1,shan1277,Shan,275,pɔ:k.2 pə:k.2,Phonemic,peel,,,,
5-450-409-1,shan1277,Shan,1833,khaw.4 kham.4,Phonemic,supper,,,,
5-440-409-1,shan1277,Shan,1833,khaw.4 kham.4,Phonemic,dinner,,,,
5-430-409-1,shan1277,Shan,768,khaw.4 wan.1,Phonemic,lunch,,,,
5-420-409-1,shan1277,Shan,1322,khaw.4 caw.5,Phonemic,breakfast,,,,
5-410-409-1,shan1277,Shan,1526,ta:.2 kin.3 khaw.4,Phonemic,meal (a),,,,
5-391-409-1,shan1277,Shan,272,kim.1 ŋip.4,Phonemic,tongs,,,,
5-390-409-1,shan1277,Shan,1302,cɔ.5 se:p.2,Phonemic,fork (2),,,,
5-380-409-1,shan1277,Shan,1352,mit.4,Phonemic,knife (2),,,,
5-370-409-1,shan1277,Shan,1378,cɔ.5,Phonemic,spoon,,,,
5-360-409-1,shan1277,Shan,271,wa:n.2,Phonemic,saucer,,,,
5-350-409-1,shan1277,Shan,476,kɔk.1 nam.5,Phonemic,"cup, drinking vessel",,,,
5-330-409-1,shan1277,Shan,1530,wa:n.2 ca.2-luŋ.2,Phonemic,bowl,,,,
5-330-409-3,shan1277,Shan,1530,ʔa:ŋ.2,Phonemic,bowl,,,,
5-340-409-1,shan1277,Shan,270,taw.4 nam.5,Phonemic,"pitcher, jug",,,,
5-320-409-1,shan1277,Shan,480,wa:n.2 phe:.3-le:.1,Phonemic,plate,,,,
5-310-409-1,shan1277,Shan,481,wa:n.2,Phonemic,dish,,,,
5-280-409-1,shan1277,Shan,31,mɔ:.4 kha:ŋ.3,Phonemic,pan,,,,
5-260-409-1,shan1277,Shan,1462,mɔ:.4,Phonemic,"pot, cooking vessel",,,,
5-270-409-1,shan1277,Shan,854,ŋɔ:j.1 tom.4 nam.5,Phonemic,kettle,,,,
5-240-409-1,shan1277,Shan,183,phaw.3,Phonemic,bake,,,,
5-250-409-1,shan1277,Shan,1143,tha:ŋ.2 phaw.3,Phonemic,oven,,,,
5-230-409-1,shan1277,Shan,2146,ja:ŋ.4,Phonemic,"roast, fry",,,,
5-230-409-3,shan1277,Shan,2146,kho:.4,Phonemic,"roast, fry",,,,
5-220-409-1,shan1277,Shan,792,tom.4,Phonemic,boil (vb),,,,
5-210-409-1,shan1277,Shan,1100,het.1 khaw.4 het.1 phak.1,Phonemic,cook,,,,
5-190-409-1,shan1277,Shan,129,kɛn.5,Phonemic,choke,,,,
5-181-409-1,shan1277,Shan,897,ʔɨn.3,Phonemic,swallow,,,,
5-180-409-1,shan1277,Shan,321,kew.5,Phonemic,chew,,,,
5-160-409-1,shan1277,Shan,1421,lu:t.2,Phonemic,suck,,,,
5-160-409-3,shan1277,Shan,1421,cim.1 to:j.1,Phonemic,suck,,,,
5-150-409-1,shan1277,Shan,848,tɔ:ŋ.5 maj.4 saj.4 lə:t.2 na:.2,Phonemic,thirst,,,,
5-141-409-1,shan1277,Shan,199,tɔ:ŋ.5 maj.4 na:.2,Phonemic,famine,,,,
5-141-409-3,shan1277,Shan,199,ʔam.2 laj.4 kin.3,Phonemic,famine,,,,
5-140-409-1,shan1277,Shan,1864,tɔ:ŋ.5 maj.4,Phonemic,hunger,,,,
5-130-409-1,shan1277,Shan,1401,ki:n.3,Phonemic,drink,,,,
5-125-409-1,shan1277,Shan,1728,naw.4,Phonemic,rotten,,,,
5-125-409-3,shan1277,Shan,1728,ʔam.2 li:.3 jaw.4,Phonemic,rotten,,,,
5-124-409-1,shan1277,Shan,1958,khew.3,Phonemic,"green, unripe",,,,
5-124-409-3,shan1277,Shan,1958,ʔam.2 suk.1,Phonemic,"green, unripe",,,,
5-123-409-1,shan1277,Shan,178,suk.1,Phonemic,ripe,,,,
5-122-409-1,shan1277,Shan,1959,lip.1,Phonemic,raw,,,,
5-121-409-1,shan1277,Shan,269,khɔŋ.3 kin.3 ti:.4 huŋ.3 suk.1 jaw.4,Phonemic,cooked,,,,
5-120-409-1,shan1277,Shan,256,khɔŋ.3 ki:n.3,Phonemic,food,,,,
5-110-409-1,shan1277,Shan,1336,ki:n.3,Phonemic,eat,,,,
4-990-409-1,shan1277,Shan,590,ʔam.2 saj.2 sə:.4 kho:.1,Phonemic,"naked, bare",,,,
4-970-409-1,shan1277,Shan,1653,ta:.3 mɔ:t.2,Phonemic,blind,,,,
4-980-409-1,shan1277,Shan,1463,maw.1,Phonemic,intoxicated,,,,
4-960-409-1,shan1277,Shan,1666,ʔa.5,Phonemic,mute,,,,
4-950-409-1,shan1277,Shan,996,hu:.3 no:k.2,Phonemic,deaf,,,,
4-930-409-1,shan1277,Shan,1125,ho:.3 ke:ŋ.4,Phonemic,bald,,,,
4-940-409-1,shan1277,Shan,320,kha:.3 lu:.5,Phonemic,lame,,,,
4-940-409-3,shan1277,Shan,320,kha:.3 khɛ.5,Phonemic,lame,,,,
4-920-409-1,shan1277,Shan,1564,kha:n.5,Phonemic,lazy,,,,
4-912-409-1,shan1277,Shan,168,lɨ:.4 hə:.5 lɨ:.4 caj.3,Phonemic,rest,,,,
4-910-409-1,shan1277,Shan,1757,hə:.5,Phonemic,"tired, weary",,,,
4-910-409-3,shan1277,Shan,1757,cep.1 to:.3 kwa:.2 se:ŋ.4,Phonemic,"tired, weary",,,,
4-890-409-1,shan1277,Shan,655,ʔi:.4-ja:.3 phit.1,Phonemic,poison,,,,
4-880-409-1,shan1277,Shan,1372,ja:.3,Phonemic,"medicine, drug",,,,
4-870-409-1,shan1277,Shan,597,sa.2-la:.2 mɔ:.3 ja:.3,Phonemic,physician,,,,
4-860-409-1,shan1277,Shan,499,ja:.3,Phonemic,"cure, heal",,,,
4-858-409-1,shan1277,Shan,497,hɔ:j.1 cep.1,Phonemic,scar,,,,
4-857-409-1,shan1277,Shan,1808,nɔ:ŋ.3,Phonemic,pus,,,,
4-856-409-1,shan1277,Shan,793,siw.3,Phonemic,boil (noun),,,,
4-855-409-1,shan1277,Shan,1584,pen.3 tɨŋ.2 pen.3 pom.3,Phonemic,blister,,,,
4-854-409-1,shan1277,Shan,148,kaɨ.4,Phonemic,itch,,,,
4-854-409-3,shan1277,Shan,148,khom.1,Phonemic,itch,,,,
4-853-409-1,shan1277,Shan,1903,kaɨ.4 kwa:.2 se:ŋ.4,Phonemic,swelling,,,,
4-852-409-1,shan1277,Shan,1148,cep.1 cam.5 lam.3 khew.3,Phonemic,bruise,,,,
4-850-409-1,shan1277,Shan,1109,cep.1 moj.4,Phonemic,"wound, sore",,,,
4-843-409-1,shan1277,Shan,102,pen.3 wat.1,Phonemic,cold (catarrh),,,,
4-842-409-1,shan1277,Shan,1957,khɔ:.1 ʔɔ:m.1,Phonemic,goiter,,,,
4-841-409-1,shan1277,Shan,1534,ʔam.2 ju:.2 li:.3,Phonemic,fever,,,,
4-840-409-1,shan1277,Shan,1847,ʔam.2 ju:.2 li:.3,Phonemic,"sick, sickness",,,,
4-830-409-1,shan1277,Shan,1364,to:.3 caɨ.3 jaŋ.1 li:.3,Phonemic,"well, health",,,,
4-820-409-1,shan1277,Shan,1601,ʔo:n.4 ʔɔ:n.2,Phonemic,weak,,,,
4-810-409-1,shan1277,Shan,785,kɛn.2 khɛŋ.3,Phonemic,"strong, mighty, powerful",,,,
4-790-409-1,shan1277,Shan,1773,pa:.2-hew.4,Phonemic,"grave, tomb",,,,
4-790-409-3,shan1277,Shan,1773,khum.3 pa:.2-hew.4,Phonemic,"grave, tomb",,,,
4-780-409-1,shan1277,Shan,1719,phaŋ.3,Phonemic,bury (the dead),,,,
4-770-409-1,shan1277,Shan,767,to:.3 ta:j.3,Phonemic,corpse,,,,
4-760-409-1,shan1277,Shan,1417,ʔaw.3 ta:j.3,Phonemic,kill,,,,
4-751-409-1,shan1277,Shan,1904,com.3 nam.5 ta:j.3,Phonemic,drowned,,,,
4-750-409-1,shan1277,Shan,1494,ta:j.3,Phonemic,"die, dead",,,,
4-740-409-1,shan1277,Shan,1422,caɨ.3,Phonemic,"live, living, life",,,,
4-732-409-1,shan1277,Shan,1087,won.5 wa:.4,Phonemic,conceive,,,,
4-732-409-3,shan1277,Shan,1087,haj.4 ma:.1 tɛ:.2,Phonemic,conceive,,,,
4-730-409-1,shan1277,Shan,1123,pa:.1 tɔ:ŋ.5,Phonemic,pregnant,,,,
4-720-409-1,shan1277,Shan,1090,kə:t.2,Phonemic,born (to be),,,,
4-710-409-1,shan1277,Shan,1152,het.1 haɨ.4 kə:t.2,Phonemic,beget (of father),,,,
4-690-409-1,shan1277,Shan,138,ʔa:p.2 nam.5,Phonemic,bathe,,,,
4-680-409-1,shan1277,Shan,52,san.2,Phonemic,shiver,,,,
4-670-409-1,shan1277,Shan,1785,ho:m.4 ka:.3-ma.1 kan.3 (Polite),Phonemic,have sexual intercourse,,,,
4-660-409-1,shan1277,Shan,676,khi:.4,Phonemic,defecate,,,,
4-650-409-1,shan1277,Shan,592,jew.4,Phonemic,urinate,,,,
4-640-409-1,shan1277,Shan,1159,tɔ:ŋ.5 kaɨ.4,Phonemic,break wind,,,,
4-640-409-3,shan1277,Shan,1159,tɔ:ŋ.5 pɔ:ŋ.1,Phonemic,break wind,,,,
4-640-409-5,shan1277,Shan,1159,tot.1,Phonemic,break wind,,,,
4-630-409-1,shan1277,Shan,1602,luk.5,Phonemic,wake up,,,,
4-620-409-1,shan1277,Shan,1920,phan.3,Phonemic,dream,,,,
4-612-409-1,shan1277,Shan,1983,nɔ:n.1 khon.3,Phonemic,snore,,,,
4-610-409-1,shan1277,Shan,1585,nɔ:n.1 lap.1,Phonemic,sleep,,,,
4-591-409-1,shan1277,Shan,268,jɔ:j.5,Phonemic,dribble,,,,
4-591-409-3,shan1277,Shan,268,laj.3,Phonemic,dribble,,,,
4-590-409-1,shan1277,Shan,319,le:.1,Phonemic,lick,,,,
4-580-409-1,shan1277,Shan,1403,khop.1,Phonemic,bite,,,,
4-570-409-1,shan1277,Shan,1278,ʔɔ:.5,Phonemic,vomit,,,,
4-570-409-3,shan1277,Shan,1278,ha:k.4,Phonemic,vomit,,,,
4-560-409-1,shan1277,Shan,1440,nam.5-la:j.1,Phonemic,spit,,,,
4-550-409-1,shan1277,Shan,126,hə:.2 ʔɔ:k.2,Phonemic,perspire,,,,
4-540-409-1,shan1277,Shan,1621,khi:.4 ca:m.3,Phonemic,sneeze,,,,
4-530-409-1,shan1277,Shan,879,ʔaj.3,Phonemic,cough,,,,
4-521-409-1,shan1277,Shan,162,khi:.4-ʔə:.5,Phonemic,hiccough,,,,
4-520-409-1,shan1277,Shan,1028,ha:w.3,Phonemic,"yawn, gape",,,,
4-510-409-1,shan1277,Shan,1407,lom.1 thoj.4-caɨ.3,Phonemic,"breathe, breath",,,,
4-492-409-1,shan1277,Shan,1222,kwaj.1,Phonemic,penis,,,,
4-490-409-1,shan1277,Shan,797,khaj.2 ham.3,Phonemic,testicle,,,,
4-470-409-1,shan1277,Shan,804,ho:ŋ.1 luk.4,Phonemic,womb,,,,
4-464-409-1,shan1277,Shan,834,kon.4,Phonemic,buttocks,,,,
4-463-409-1,shan1277,Shan,1745,kum.2 kon.4,Phonemic,hip,,,,
4-462-409-1,shan1277,Shan,1681,ʔɛ:w.3,Phonemic,waist,,,,
4-461-409-1,shan1277,Shan,1991,lam.1 saj.4,Phonemic,"intestines, guts",,,,
4-460-409-1,shan1277,Shan,819,tɔŋ.5,Phonemic,stomach,,,,
4-452-409-1,shan1277,Shan,1744,mam.5,Phonemic,spleen,,,,
4-451-409-1,shan1277,Shan,489,taj.3,Phonemic,kidney,,,,
4-450-409-1,shan1277,Shan,1224,tap.1,Phonemic,liver,,,,
4-441-409-1,shan1277,Shan,688,pɔ:t.2,Phonemic,lung,,,,
4-440-409-1,shan1277,Shan,1223,ho:.3 caj.3,Phonemic,heart,,,,
4-430-409-1,shan1277,Shan,1838,sa:j.3-li:.3,Phonemic,navel,,,,
4-420-409-1,shan1277,Shan,154,taw.4 nom.1,Phonemic,udder,,,,
4-412-409-1,shan1277,Shan,796,ho:.3 nom.1,Phonemic,"nipple, teat",,,,
4-410-409-1,shan1277,Shan,1402,na:.4 ʔok.1,Phonemic,breast (of woman),,,,
4-410-409-3,shan1277,Shan,1402,nom.1,Phonemic,breast (of woman),,,,
4-400-409-1,shan1277,Shan,1592,ʔok.1,Phonemic,chest,,,,
4-393-409-1,shan1277,Shan,1201,khon.3,Phonemic,feather,,,,
4-392-409-1,shan1277,Shan,1257,pik.2,Phonemic,wing,,,,
4-380-409-1,shan1277,Shan,1389,niw.5 tin.3,Phonemic,toe,,,,
4-380-409-3,shan1277,Shan,1389,ho:.3 mɛ:.4 tin.3,Phonemic,toe,,,,
4-374-409-1,shan1277,Shan,318,hɔ:j.1 tin.3,Phonemic,footprint,,,,
4-372-409-1,shan1277,Shan,980,son.4 tin.3,Phonemic,heel,,,,
4-371-409-1,shan1277,Shan,803,khɔ:.4 tin.3,Phonemic,ankle,,,,
4-370-409-1,shan1277,Shan,1301,tin.3,Phonemic,foot,,,,
4-360-409-1,shan1277,Shan,1371,ho:.3 khaw.2,Phonemic,knee,,,,
4-352-409-1,shan1277,Shan,498,tɔ:ŋ.2 nɔŋ.4,Phonemic,calf of leg,,,,
4-351-409-1,shan1277,Shan,800,ŋaw.4 kha:.3,Phonemic,thigh,,,,
4-351-409-3,shan1277,Shan,800,kha:.3 ʔɔ:n.2,Phonemic,thigh,,,,
4-350-409-1,shan1277,Shan,1297,kha:.3,Phonemic,leg,,,,
4-345-409-1,shan1277,Shan,72,ʔoŋ.4 nep.5,Phonemic,claw,,,,
4-344-409-1,shan1277,Shan,1258,nep.5,Phonemic,fingernail,,,,
4-342-409-1,shan1277,Shan,1781,niw.5 puk.1,Phonemic,thumb,,,,
4-340-409-1,shan1277,Shan,1303,niw.5,Phonemic,finger,,,,
4-331-409-1,shan1277,Shan,1183,pha:.2 mɨ:.1,Phonemic,palm of hand,,,,
4-330-409-1,shan1277,Shan,1277,mɨ:.1,Phonemic,hand,,,,
4-321-409-1,shan1277,Shan,799,khɔp.4 mɨ:.1,Phonemic,wrist,,,,
4-320-409-1,shan1277,Shan,981,ŋɔk.1 sɔ:k.2,Phonemic,elbow,,,,
4-312-409-1,shan1277,Shan,1886,keŋ.2-hɛ:.5,Phonemic,armpit,,,,
4-310-409-1,shan1277,Shan,1673,khɛ:n.3,Phonemic,arm,,,,
4-302-409-1,shan1277,Shan,1994,lup.2 kha:ŋ.4 khɔ:.1,Phonemic,collarbone,,,,
4-301-409-1,shan1277,Shan,172,lup.2 pi:k.2 kaj.2,Phonemic,shoulderblade,,,,
4-300-409-1,shan1277,Shan,1482,ho:.3 wa:.3,Phonemic,shoulder,,,,
4-290-409-1,shan1277,Shan,1346,lam.1 khɔ:.1,Phonemic,throat,,,,
4-281-409-1,shan1277,Shan,1347,ŋaw.4 khɔ:.1,Phonemic,nape of neck,,,,
4-280-409-1,shan1277,Shan,1333,khɔ:.1,Phonemic,neck,,,,
4-272-409-1,shan1277,Shan,1049,khew.4 lo:ŋ.3,Phonemic,molartooth,,,,
4-270-409-1,shan1277,Shan,1380,khew.4,Phonemic,tooth,,,,
4-271-409-1,shan1277,Shan,139,ŋa:.1,Phonemic,gums,,,,
4-271-409-3,shan1277,Shan,139,hə:k.2,Phonemic,gums,,,,
4-260-409-1,shan1277,Shan,1205,lin.5,Phonemic,tongue,,,,
4-250-409-1,shan1277,Shan,478,him.1 sop.1,Phonemic,lip,,,,
4-241-409-1,shan1277,Shan,73,hɔ:n.3 taj.4 sop.1,Phonemic,beak,,,,
4-240-409-1,shan1277,Shan,674,sop.1,Phonemic,mouth,,,,
4-232-409-1,shan1277,Shan,208,nam.5 khi:.4 mu:k.4,Phonemic,mucus (nasal),,,,
4-231-409-1,shan1277,Shan,1178,hu:.1 khu:.1-laŋ.3,Phonemic,nostril,,,,
4-230-409-1,shan1277,Shan,1221,khu:.1-laŋ.3,Phonemic,nose,,,,
4-222-409-1,shan1277,Shan,32,khi:.4 hu:.3,Phonemic,earwax,,,,
4-221-409-1,shan1277,Shan,18,tɔŋ.2 hu:.3,Phonemic,earlobe,,,,
4-220-409-1,shan1277,Shan,1247,hu:.3,Phonemic,ear,,,,
4-215-409-1,shan1277,Shan,1655,phɛp.5 ta:.3,Phonemic,blink,,,,
4-215-409-3,shan1277,Shan,1655,lap.1 ta:.3 kha:ŋ.4 lew.3,Phonemic,blink,,,,
4-214-409-1,shan1277,Shan,1540,khon.3 ta:.3,Phonemic,eyelash,,,,
4-213-409-1,shan1277,Shan,17,naŋ.3 ta:.3,Phonemic,eyelid,,,,
4-212-409-1,shan1277,Shan,1173,khon.3 ta:.3,Phonemic,eyebrow,,,,
4-210-409-1,shan1277,Shan,1248,ta:.3,Phonemic,eye,,,,
4-208-409-1,shan1277,Shan,1730,kɛ:m.4,Phonemic,cheek,,,,
4-209-409-1,shan1277,Shan,1510,ka:ŋ.1,Phonemic,chin,,,,
4-205-409-1,shan1277,Shan,123,na:.4-pha:k.2,Phonemic,forehead,,,,
4-207-409-1,shan1277,Shan,798,lup.2 ka:ŋ.1,Phonemic,jaw,,,,
4-204-409-1,shan1277,Shan,1560,na:.4,Phonemic,face,,,,
4-203-409-1,shan1277,Shan,1583,ʔɔk.1-ʔɔ:.3,Phonemic,brain,,,,
4-201-409-1,shan1277,Shan,1604,khi:.4-mɛp.5,Phonemic,"side of head, temple",,,,
4-202-409-1,shan1277,Shan,1605,lup.2 ho:.3,Phonemic,skull,,,,
4-200-409-1,shan1277,Shan,1256,ho:.3,Phonemic,head,,,,
4-200-409-3,shan1277,Shan,1256,kɔk.1 ho:.3,Phonemic,head,,,,
4-191-409-1,shan1277,Shan,805,lup.2 san.3 laŋ.3,Phonemic,spine,,,,
4-190-409-1,shan1277,Shan,1291,laŋ.3,Phonemic,back,,,,
4-190-409-3,shan1277,Shan,1291,kɔ:ŋ.1 laŋ.3,Phonemic,back,,,,
4-180-409-1,shan1277,Shan,1220,ha:ŋ.3,Phonemic,tail,,,,
4-180-409-3,shan1277,Shan,1220,ha:ŋ.3 wo:.1 kwa:j.1,Phonemic,tail,,,,
4-170-409-1,shan1277,Shan,1393,khaw.3,Phonemic,horn,,,,
4-170-409-3,shan1277,Shan,1393,khaw.3 sat.1,Phonemic,horn,,,,
4-162-409-1,shan1277,Shan,801,lup.2 si:.4 khaŋ.4,Phonemic,rib,,,,
4-160-409-1,shan1277,Shan,1394,lup.2,Phonemic,bone,,,,
4-151-409-1,shan1277,Shan,525,sa:j.3 lə:t.4 lɛ:ŋ.3,Phonemic,"vein, artery",,,,
4-151-409-3,shan1277,Shan,525,sa:j.3 lə:t.4 lam.3,Phonemic,"vein, artery",,,,
4-150-409-1,shan1277,Shan,946,lə:t.4,Phonemic,blood,,,,
4-146-409-1,shan1277,Shan,576,khi:.4 ho:.3,Phonemic,dandruff,,,,
4-145-409-1,shan1277,Shan,36,mɔ:j.3 kwaj.1,Phonemic,pubic hair,,,,
4-145-409-3,shan1277,Shan,36,mɔ:j.3 hi:.3,Phonemic,pubic hair,,,,
4-144-409-1,shan1277,Shan,189,khon.3,Phonemic,body hair,,,,
4-142-409-1,shan1277,Shan,678,mɔ:j.3 ka:ŋ.1,Phonemic,beard,,,,
4-140-409-1,shan1277,Shan,1040,khon.3 ho:.3,Phonemic,hair (head),,,,
4-130-409-1,shan1277,Shan,2259,nə:.5,Phonemic,flesh,,,,
4-120-409-1,shan1277,Shan,763,naŋ.3,Phonemic,"skin, hide",,,,
4-110-409-1,shan1277,Shan,1480,to:.3,Phonemic,body,,,,
3-980-409-1,shan1277,Shan,112,taw.2,Phonemic,turtle,,,,
3-970-409-1,shan1277,Shan,1857,ŋə:k.4,Phonemic,"crocodile, alligator",,,,
3-960-409-1,shan1277,Shan,632,cəŋ.5-hə:n.1,Phonemic,lizard,,,,
3-950-409-1,shan1277,Shan,503,kop.1,Phonemic,frog,,,,
3-940-409-1,shan1277,Shan,1543,hɔ:j.3,Phonemic,snail,,,,
3-930-409-1,shan1277,Shan,607,cak.1-tə:n.3,Phonemic,grasshopper,,,,
3-920-409-1,shan1277,Shan,1791,ka:p.2-mə:.4,Phonemic,butterfly,,,,
3-910-409-1,shan1277,Shan,206,hiŋ.2-hɔ:j.4,Phonemic,firefly,,,,
3-850-409-1,shan1277,Shan,730,ŋu:.1,Phonemic,snake,,,,
3-840-409-1,shan1277,Shan,1219,nɔ:n.3,Phonemic,worm,,,,
3-832-409-1,shan1277,Shan,1509,juŋ.1,Phonemic,mosquito,,,,
3-831-409-1,shan1277,Shan,95,hin.5,Phonemic,"sandfly (midge), gnat",,,,
3-831-409-3,shan1277,Shan,95,cak.1-hep.1,Phonemic,"sandfly (midge), gnat",,,,
3-830-409-1,shan1277,Shan,1504,mjɛ:ŋ.1 mon.1,Phonemic,fly,,,,
3-823-409-1,shan1277,Shan,1517,to:.3 tɔ:.2,Phonemic,wasp,,,,
3-822-409-1,shan1277,Shan,88,ho:ŋ.1 phɨŋ.4,Phonemic,beehive,,,,
3-821-409-1,shan1277,Shan,1931,khi:.4 phɨŋ.4,Phonemic,beeswax,,,,
3-820-409-1,shan1277,Shan,665,phɨŋ.4,Phonemic,bee,,,,
3-819-409-1,shan1277,Shan,1065,jaj.1 koŋ.2-ka:w.3,Phonemic,spider web,,,,
3-818-409-1,shan1277,Shan,843,koŋ.2-ka:w.3,Phonemic,spider,,,,
3-817-409-1,shan1277,Shan,587,mot.5,Phonemic,ant,,,,
3-816-409-1,shan1277,Shan,1575,mɛ:ŋ.1 sa:p.2,Phonemic,cockroach,,,,
3-815-409-1,shan1277,Shan,1538,mɛ:ŋ.1 kon.4 ŋɔ:.1,Phonemic,scorpion,,,,
3-814-409-1,shan1277,Shan,1974,mɛ:ŋ.1 sa.2-la:ŋ.1,Phonemic,centipede,,,,
3-813-409-1,shan1277,Shan,232,mat.1,Phonemic,flea,,,,
3-812-409-1,shan1277,Shan,267,khaj.2 haw.3,Phonemic,nit (louse egg),,,,
3-811-409-1,shan1277,Shan,1392,haw.3,Phonemic,louse,,,,
3-811-409-3,shan1277,Shan,1392,men.1,Phonemic,louse,,,,
3-810-409-1,shan1277,Shan,620,mjɛ:ŋ.5,Phonemic,insect,,CHECK,,
3-780-409-1,shan1277,Shan,1871,ka:.2-la:.1-ʔuk.5,Phonemic,camel,,,,
3-770-409-1,shan1277,Shan,1290,ca:ŋ.5,Phonemic,elephant,,,,
3-760-409-1,shan1277,Shan,1350,liŋ.1,Phonemic,monkey,,,,
3-750-409-1,shan1277,Shan,1936,kwa:ŋ.3,Phonemic,deer,,,,
3-740-409-1,shan1277,Shan,1312,ma:.3 lin.3,Phonemic,fox,,,,
3-730-409-1,shan1277,Shan,1820,mi:.3,Phonemic,bear,,,,
3-720-409-1,shan1277,Shan,1386,sa:ŋ.2-si:.4,Phonemic,lion,,,,
3-710-409-1,shan1277,Shan,522,ma:.3 hɛw.3,Phonemic,wolf,,,,
3-665-409-1,shan1277,Shan,1013,pa:.3 je:n.2,Phonemic,freshwater eel,,,,
3-664-409-1,shan1277,Shan,1910,pa:.3 tɛp.1,Phonemic,stingray,,,,
3-663-409-1,shan1277,Shan,957,pa:.3 wa:n.3,Phonemic,whale,,,,
3-662-409-1,shan1277,Shan,1479,pa:.3 lo:.1-ma:.1,Phonemic,"porpoise, dolphin",,,,
3-661-409-1,shan1277,Shan,1110,pa:.3 sa.1-la:m.3,Phonemic,shark,,,,
3-655-409-1,shan1277,Shan,598,hɔ:j.3,Phonemic,shell,,,,
3-654-409-1,shan1277,Shan,1916,hə:k.2 pa:.3,Phonemic,gill,,,,
3-653-409-1,shan1277,Shan,266,ket.1 pa:.3,Phonemic,fishscale,,,,
3-652-409-1,shan1277,Shan,213,kɨŋ.1 pa:.3,Phonemic,fin (dorsal),,,,
3-650-409-1,shan1277,Shan,227,pa:.3,Phonemic,fish,,,,
3-630-409-1,shan1277,Shan,2139,nu:.3,Phonemic,"mouse, rat",,,,
3-622-409-1,shan1277,Shan,309,naj.2,Phonemic,opossum,,,,
3-620-409-1,shan1277,Shan,1208,mɛ:w.1,Phonemic,cat,,,,
3-614-409-1,shan1277,Shan,1136,pa:ŋ.3-ta:j.1,Phonemic,rabbit,,,,
3-610-409-1,shan1277,Shan,2009,ma:.3,Phonemic,dog,,,,
3-594-409-1,shan1277,Shan,1853,nok.5 tu:.4,Phonemic,dove,,,,
3-596-409-1,shan1277,Shan,735,nok.5 kaw.5 ta:.3 mɛ:w.1,Phonemic,owl,,,,
3-593-409-1,shan1277,Shan,913,ka:.3 lam.3,Phonemic,crow,,,,
3-592-409-1,shan1277,Shan,882,nok.5 khew.3,Phonemic,parrot,,,,
3-591-409-1,shan1277,Shan,1793,paŋ.2-pla:.5,Phonemic,bat,,,,
3-591-409-3,shan1277,Shan,1793,miŋ.2,Phonemic,bat,,,,
3-586-409-1,shan1277,Shan,1185,la:ŋ.1-ta.5,Phonemic,vulture,,,,
3-585-409-1,shan1277,Shan,307,huŋ.5 jew.4,Phonemic,hawk,,,,
3-584-409-1,shan1277,Shan,1905,huŋ.5,Phonemic,eagle,,,,
3-582-409-1,shan1277,Shan,950,nok.5 na:ŋ.1 no:n.1,Phonemic,seagull,,,,
3-583-409-1,shan1277,Shan,758,nok.5 ka:.3 kha:p.2,Phonemic,heron,,,,
3-581-409-1,shan1277,Shan,937,nok.5,Phonemic,bird,,,,
3-580-409-1,shan1277,Shan,539,ha:ŋ.1,Phonemic,nest,,,,
3-570-409-1,shan1277,Shan,1360,pet.1,Phonemic,duck,,,,
3-560-409-1,shan1277,Shan,1187,ha:n.2,Phonemic,goose,,,,
3-550-409-1,shan1277,Shan,1318,kaj.2,Phonemic,chicken,,,,
3-540-409-1,shan1277,Shan,1514,kaj.2 mɛ:.4,Phonemic,hen,,,,
3-520-409-1,shan1277,Shan,1511,kaj.2 to:.3 pɔ:.4,Phonemic,"cock, rooster",,,,
3-470-409-1,shan1277,Shan,890,ma:.5 lɔ:.4,Phonemic,mule,,,,
3-500-409-1,shan1277,Shan,265,sat.1 mi:.1 pi:k.2,Phonemic,fowl,,,,
3-460-409-1,shan1277,Shan,1862,la:.1,Phonemic,"ass, donkey",,,,
3-450-409-1,shan1277,Shan,1647,luk.4 ma:.5 to:.3 pɔ:.4,Phonemic,"foal, colt",,,,
3-450-409-3,shan1277,Shan,1647,luk.4 ma:.5,Phonemic,"foal, colt",,,,
3-450-409-5,shan1277,Shan,1647,luk.4 la:.1,Phonemic,"foal, colt",,,,
3-450-409-7,shan1277,Shan,1647,luk.4 ma:.5 to:.3 pɔ:.4,Phonemic,"foal, colt",,,,
3-450-409-9,shan1277,Shan,1647,luk.4 ma:.5,Phonemic,"foal, colt",,,,
3-450-409-11,shan1277,Shan,1647,luk.4 la:.1,Phonemic,"foal, colt",,,,
3-440-409-1,shan1277,Shan,938,ma:.5 to:.3 mɛ:.4,Phonemic,mare,,,,
3-420-409-1,shan1277,Shan,936,ma:.5 to:.3 pɔ:.4,Phonemic,stallion,,,,
3-410-409-1,shan1277,Shan,615,ma:.5,Phonemic,horse (equine),,,,
3-380-409-1,shan1277,Shan,1972,luk.4 pɛ.5 to:.3 lek.5,Phonemic,kid,,,,
3-370-409-1,shan1277,Shan,264,pɛ.5 to:.3 pɔ:.4,Phonemic,he-goat,,,,
3-360-409-1,shan1277,Shan,1502,pɛ.5,Phonemic,goat,,,,
3-350-409-1,shan1277,Shan,1337,mu:.3,Phonemic,pig,,,,
3-340-409-1,shan1277,Shan,1351,mu:.3 to:.3 mɛ:.4,Phonemic,sow (2),,,,
3-320-409-1,shan1277,Shan,1348,mu:.3 thə:n.2 to:.3 pɔ:.4,Phonemic,boar,,,,
3-290-409-1,shan1277,Shan,820,luk.4 kɛ.5,Phonemic,lamb,,,,
3-290-409-3,shan1277,Shan,820,nə:.5 kɛ.5,Phonemic,lamb,,,,
3-280-409-1,shan1277,Shan,1345,kɛ.5 to:.3 mɛ:.4,Phonemic,ewe,,,,
3-260-409-1,shan1277,Shan,1344,kɛ.5 to:.3 pɔ:.4,Phonemic,ram,,,,
3-250-409-1,shan1277,Shan,1331,kɛ.5,Phonemic,sheep,,,,
3-240-409-1,shan1277,Shan,1989,luk.4 wo:.1 kwa:j.1,Phonemic,calf,,,,
3-230-409-1,shan1277,Shan,1007,wo:.1 to:.3 mɛ:.4,Phonemic,cow,,,,
3-220-409-1,shan1277,Shan,1169,wo:.1 to:.3 pɔ:.4,Phonemic,ox,,,,
3-210-409-1,shan1277,Shan,1008,wo:.1 to:.3 pɔ:.4,Phonemic,bull,,,,
3-200-409-1,shan1277,Shan,1153,wo:.1 kwa:j.1,Phonemic,cattle (bovine),,,,
3-190-409-1,shan1277,Shan,851,khɔ:k.4 wo:.1 khɔ:k.4 kwa:j.1,Phonemic,"stable, stall",,,,
3-180-409-1,shan1277,Shan,263,kon.1 le:ŋ.5 wo:.1 kwa:j.1,Phonemic,herdsman,,,,
3-160-409-1,shan1277,Shan,649,ti:.4 pɔj.2 wo:.1 kwa:j.1,Phonemic,pasture,,,,
3-150-409-1,shan1277,Shan,631,phuŋ.3 sat.1,Phonemic,livestock,,,,
3-130-409-1,shan1277,Shan,2262,mɛ:.4 jiŋ.1,Phonemic,female (adj),,,,
3-120-409-1,shan1277,Shan,2261,phu:.4 ca:j.1,Phonemic,male (adj),,,,
3-110-409-1,shan1277,Shan,619,sat.1,Phonemic,animal,,,,
2-960-409-1,shan1277,Shan,817,cum.1 khaw.3,Phonemic,they,,,,
2-950-409-1,shan1277,Shan,1213,cum.1 su:.3,Phonemic,you (plural),,,,
2-942-409-1,shan1277,Shan,1130,cujj.1 haw.1,Phonemic,we (exclusive),,,,
2-941-409-1,shan1277,Shan,1131,haw.1,Phonemic,we (inclusive),,,,
2-940-409-1,shan1277,Shan,1212,haw.1,Phonemic,we,,,,
2-930-409-1,shan1277,Shan,262,man.1,Phonemic,he/she/it,,,,
2-920-409-1,shan1277,Shan,1215,su:.3 caw.4,Phonemic,you (singular),,,,
2-910-409-1,shan1277,Shan,1209,kha:.4,Phonemic,I,,,,
2-820-409-1,shan1277,Shan,194,na:.4 hə:n.1,Phonemic,family,,,,
2-810-409-1,shan1277,Shan,1644,cə:.5 khə:.1 liaw.3 kan.3,Phonemic,"relatives, kinsmen",,,,
2-770-409-1,shan1277,Shan,1981,pɔ:.4 ma:j.4,Phonemic,widower,,,,
2-770-409-3,shan1277,Shan,1981,pɔ:.4 ha:ŋ.5,Phonemic,widower,,,,
2-760-409-1,shan1277,Shan,1756,mɛ:.4 ma:j.4,Phonemic,widow,,,,
2-760-409-3,shan1277,Shan,1756,mɛ:.4 ha:ŋ.5,Phonemic,widow,,,,
2-750-409-1,shan1277,Shan,1149,luk.4 ʔam.2 mi:.1 pɔ:.4 mi:.1 mɛ:.4,Phonemic,orphan,,,,
2-740-409-1,shan1277,Shan,1058,luk.4 cap.1 pɔ:.4 cap.1 mɛ:.4,Phonemic,stepdaughter,,,,
2-730-409-1,shan1277,Shan,1059,luk.4 cap.1 pɔ:.4 cap.1 mɛ:.4,Phonemic,stepson,,,,
2-720-409-1,shan1277,Shan,236,mɛ:.4 sɨ:p.2,Phonemic,stepmother,,,,
2-710-409-1,shan1277,Shan,237,pɔ:.4 sɨ:p.2,Phonemic,stepfather,,,,
2-641-409-1,shan1277,Shan,2264,luk.4 paj.4,Phonemic,daughter-in-law (of a woman),,,,
2-640-409-1,shan1277,Shan,2265,luk.4 paj.4,Phonemic,daughter-in-law (of a man),,,,
2-631-409-1,shan1277,Shan,2266,luk.4 khwoj.3,Phonemic,son-in-law (of a woman),,,,
2-630-409-1,shan1277,Shan,2267,luk.4 khwoj.3,Phonemic,son-in-law (of a man),,,,
2-621-409-1,shan1277,Shan,2257,mɛ:.4 me:.1,Phonemic,mother-in-law (of a woman),,,,
2-620-409-1,shan1277,Shan,2256,mɛ:.4 pho:.3,Phonemic,mother-in-law (of a man),,,,
2-611-409-1,shan1277,Shan,2254,pɔ:.4 me:.1,Phonemic,father-in-law (of a woman),,,,
2-610-409-1,shan1277,Shan,2255,pɔ:.4 pho:.3,Phonemic,father-in-law (of a man),,,,
2-570-409-1,shan1277,Shan,490,kɔ:.5 put.4 ʔaw.3 na:.4 hə:n.1,Phonemic,descendants,,,,
2-560-409-1,shan1277,Shan,1669,cə:.5 khə:.1 cen.4 pɔ:.4 cen.4 mɛ:.4,Phonemic,ancestors,,,,
2-550-409-1,shan1277,Shan,1643,pi:.4 nɔ:ŋ.5,Phonemic,cousin,,,,
2-540-409-1,shan1277,Shan,1642,la:n.3 sa:w.3,Phonemic,niece,,,,
2-530-409-1,shan1277,Shan,1063,la:n.3 ca:j.1,Phonemic,nephew,,,,
2-522-409-1,shan1277,Shan,170,ʔa:.3,Phonemic,father's sister,,,,
2-522-409-3,shan1277,Shan,170,pa:.4,Phonemic,father's sister,,,,
2-520-409-1,shan1277,Shan,1272,pa:.4,Phonemic,aunt,,,,
2-521-409-1,shan1277,Shan,171,na:.5,Phonemic,mother's sister,,,,
2-521-409-3,shan1277,Shan,171,pa:.4,Phonemic,mother's sister,,,,
2-512-409-1,shan1277,Shan,1985,ʔa:.3,Phonemic,father's brother,,,,
2-512-409-3,shan1277,Shan,1985,luŋ.1,Phonemic,father's brother,,,,
2-511-409-1,shan1277,Shan,1984,na:.5,Phonemic,mother's brother,,,,
2-511-409-3,shan1277,Shan,1984,luŋ.1,Phonemic,mother's brother,,,,
2-510-409-1,shan1277,Shan,1327,luŋ.1,Phonemic,uncle,,,,
2-480-409-1,shan1277,Shan,1618,la:n.3 ca:j.1,Phonemic,grandson,,,,
2-490-409-1,shan1277,Shan,1619,la:n.3 sa:w.3,Phonemic,granddaughter,,,,
2-471-409-1,shan1277,Shan,907,jiŋ.1 kɛ:.2,Phonemic,old woman,,,,
2-471-409-3,shan1277,Shan,907,jiŋ.1 thaw.4,Phonemic,old woman,,,,
2-470-409-1,shan1277,Shan,1496,ʔɔ:k.2,Phonemic,grandmother,,,,
2-470-409-3,shan1277,Shan,1496,ja:.4,Phonemic,grandmother,,,,
2-461-409-1,shan1277,Shan,406,kon.1 ca:j.1 kɛ:.2,Phonemic,old man,,,,
2-461-409-3,shan1277,Shan,406,kon.1 ca:j.1 thaw.4,Phonemic,old man,,,,
2-460-409-1,shan1277,Shan,1383,pu:.2,Phonemic,grandfather,,,,
2-460-409-3,shan1277,Shan,1383,khiŋ.1 mɔn.2,Phonemic,grandfather,,,,
2-458-409-1,shan1277,Shan,1005,pha:.3-phɛ:.3,Phonemic,twins,,,,
2-456-409-1,shan1277,Shan,1640,pi:.4 nɔ:ŋ.5,Phonemic,sibling,,,,
2-455-409-1,shan1277,Shan,1761,nɔ:ŋ.5 sa:w.3,Phonemic,younger sister,,,,
2-454-409-1,shan1277,Shan,1758,pi:.4 sa:w.3,Phonemic,older sister,,,,
2-450-409-1,shan1277,Shan,1263,pi:.4,Phonemic,sister,,,,
2-450-409-3,shan1277,Shan,1263,nɔ:ŋ.5,Phonemic,sister,,,,
2-445-409-1,shan1277,Shan,1760,nɔ:ŋ.5 ca:j.1,Phonemic,younger brother,,,,
2-444-409-1,shan1277,Shan,1759,pi:.4 ʔa:j.4,Phonemic,older brother,,,,
2-440-409-1,shan1277,Shan,1262,pi:.4,Phonemic,brother,,,,
2-440-409-3,shan1277,Shan,1262,nɔ:ŋ.5,Phonemic,brother,,,,
2-430-409-1,shan1277,Shan,1801,cə:.5 khə:.1,Phonemic,offspring (son or daughter),,,,
2-420-409-1,shan1277,Shan,1357,luk.4 sa:w.3,Phonemic,daughter,,,,
2-410-409-1,shan1277,Shan,1620,luk.4 ca:j.1,Phonemic,son,,,,
2-390-409-1,shan1277,Shan,426,mɛ:.4 hə:n.1,Phonemic,married woman,,,,
2-380-409-1,shan1277,Shan,424,pɔ:.4 hə:n.1,Phonemic,married man,,,,
2-370-409-1,shan1277,Shan,505,ʔu:.4 mɛ:.4,Phonemic,parents,,,,
2-360-409-1,shan1277,Shan,1216,mɛ:.4,Phonemic,mother,,,,
2-350-409-1,shan1277,Shan,1217,ʔu:.4,Phonemic,father,,,,
2-341-409-1,shan1277,Shan,1134,pɛ:t.4 kan.3,Phonemic,divorce,,,,
2-340-409-1,shan1277,Shan,1259,pɔ:j.1 kin.3 khɛ:k.2,Phonemic,"marriage, wedding",,,,
2-330-409-1,shan1277,Shan,203,kin.3 khɛ:k.2,Phonemic,marry,,,,
2-320-409-1,shan1277,Shan,1199,me:.1,Phonemic,wife,,,,
2-320-409-3,shan1277,Shan,1199,phe:.2-li.2-ja:.2,Phonemic,wife,,,,
2-310-409-1,shan1277,Shan,1200,pho:.3,Phonemic,husband,,,,
2-310-409-3,shan1277,Shan,1200,sa:.3-miʔ.4,Phonemic,husband,,,,
2-280-409-1,shan1277,Shan,1289,luk.4 ʔɔ:n.2 lɛ:ŋ.3,Phonemic,"infant, baby",,,,
2-270-409-1,shan1277,Shan,1304,luk.4 ʔɔ:n.2,Phonemic,child,,,,
2-261-409-1,shan1277,Shan,77,mɛ:.4 jiŋ.1 sa:w.3,Phonemic,young woman (adolescent),,,,
2-260-409-1,shan1277,Shan,1646,luk.4 ʔɔ:n.2 jin.1,Phonemic,girl,,,,
2-251-409-1,shan1277,Shan,76,ca:j.1 num.2,Phonemic,young man (adolescent),,,,
2-250-409-1,shan1277,Shan,1366,luk.4 ʔɔ:n.2 ca:j.1,Phonemic,boy,,,,
2-240-409-1,shan1277,Shan,1551,cə:.5 kon.1 jiŋ.1,Phonemic,female,,,,
2-230-409-1,shan1277,Shan,1553,cə:.5 kon.1 ca:j.1,Phonemic,male,,,,
2-220-409-1,shan1277,Shan,962,mɛ:.4 jiŋ.1,Phonemic,woman,,,,
2-210-409-1,shan1277,Shan,1554,phu:.4 ca:j.1,Phonemic,man (vs. woman),,,,
2-100-409-1,shan1277,Shan,683,ma-nuk.5-saʔ.4,Phonemic,"person, human being",,,,
1-890-409-1,shan1277,Shan,1188,tha:n.2 phaj.1,Phonemic,charcoal,,,,
1-880-409-1,shan1277,Shan,10,phɨn.1,Phonemic,firewood,,,,
1-870-409-1,shan1277,Shan,1133,maj.5 phaj.1 khi:t.2,Phonemic,match (noun),,,,
1-861-409-1,shan1277,Shan,127,mɔ:t.5,Phonemic,extinguish,,,,
1-861-409-3,shan1277,Shan,127,mɔ:t.5 phaj.1,Phonemic,extinguish,,,,
1-860-409-1,shan1277,Shan,737,cap.1 phaj.1,Phonemic,"light, kindle, ignite",,,,
1-860-409-3,shan1277,Shan,737,cut.2 phaj.1,Phonemic,"light, kindle, ignite",,,,
1-860-409-5,shan1277,Shan,737,saj.2 phaj.1,Phonemic,"light, kindle, ignite",,,,
1-852-409-1,shan1277,Shan,1428,luk.5,Phonemic,burn (vb intrans),,,,
1-852-409-3,shan1277,Shan,1428,maj.4,Phonemic,burn (vb intrans),,,,
1-851-409-1,shan1277,Shan,141,phaw.3,Phonemic,burn (vb trans),,,,
1-851-409-3,shan1277,Shan,141,maj.4,Phonemic,burn (vb trans),,,,
1-841-409-1,shan1277,Shan,67,tha:n.2 phaj.1,Phonemic,embers,,,,
1-840-409-1,shan1277,Shan,646,xi:.4 taw.4,Phonemic,ashes,,,,
1-830-409-1,shan1277,Shan,778,kwan.1,Phonemic,smoke (noun),,,,
1-820-409-1,shan1277,Shan,889,piaw.3 phaj.1,Phonemic,flame (noun),,,,
1-810-409-1,shan1277,Shan,221,phaj.1,Phonemic,fire,,,,
1-780-409-1,shan1277,Shan,952,phɔ:ŋ.1 ja:m.1 phon.3 lom.1,Phonemic,weather,,,,
1-770-409-1,shan1277,Shan,617,nam.5 kɔ:n.4,Phonemic,ice,,,,
1-760-409-1,shan1277,Shan,784,nam.5 na:j.1,Phonemic,snow (noun),,,,
1-750-409-1,shan1277,Shan,658,phon.3,Phonemic,rain (noun),,,,
1-740-409-1,shan1277,Shan,249,mɔ:k.2 kum.4,Phonemic,fog,,,,
1-720-409-1,shan1277,Shan,960,lom.1,Phonemic,wind,,,,
1-730-409-1,shan1277,Shan,1489,pha:.5 saw.4,Phonemic,cloud,,,,
1-710-409-1,shan1277,Shan,27,ʔa:.2-ka:.2-sa.5,Phonemic,air,,,,
1-640-409-1,shan1277,Shan,1977,nam.5 na:j.1,Phonemic,dew,,,,
1-630-409-1,shan1277,Shan,1388,ŋaw.1,Phonemic,"shade, shadow",,,,
1-620-409-1,shan1277,Shan,11,ti:.4 lap.1 siŋ.2,Phonemic,darkness,,,,
1-610-409-1,shan1277,Shan,630,ŋaw.1,Phonemic,light (noun),,,,
1-610-409-3,shan1277,Shan,630,ŋaw.1 lɛ:t.2,Phonemic,light (noun),,,,
1-590-409-1,shan1277,Shan,1733,hoŋ.1-haj.1,Phonemic,rainbow,,,,
1-590-409-3,shan1277,Shan,1733,hoŋ.1-haj.1 tok.1 kin.3 nam.5,Phonemic,rainbow,,,,
1-580-409-1,shan1277,Shan,858,lom.1 phi:.3 huŋ.3,Phonemic,storm,,,,
1-560-409-1,shan1277,Shan,1150,pha:.5 laŋ.3,Phonemic,thunder,,,,
1-570-409-1,shan1277,Shan,2007,pha:.5 pha:.2,Phonemic,lightning (as striking),,,,
1-550-409-1,shan1277,Shan,1654,pha:.5 mjɛp.4,Phonemic,lightning,,,,
1-540-409-1,shan1277,Shan,1430,la:w.3,Phonemic,star,,,,
1-530-409-1,shan1277,Shan,1313,lə:n.3,Phonemic,moon,,,,
1-530-409-3,shan1277,Shan,1313,puŋ.1 pa:ŋ.1 lə:n.3,Phonemic,moon,,,,
1-520-409-1,shan1277,Shan,1343,ka:ŋ.3 wan.1,Phonemic,sun,,,,
1-520-409-3,shan1277,Shan,1343,luk.4 ka:ŋ.3 wan.1,Phonemic,sun,,,,
1-510-409-1,shan1277,Shan,1732,pha:.5,Phonemic,sky,,,,
1-510-409-3,shan1277,Shan,1732,tɔ:ŋ.5 pha:.5,Phonemic,sky,,,,
1-450-409-1,shan1277,Shan,6,phɛn.2 lin.3 san.2,Phonemic,earthquake,,,,
1-440-409-1,shan1277,Shan,2125,ma:k.2 hin.3,Phonemic,"stone, rock",,,,
1-430-409-1,shan1277,Shan,1803,maj.5,Phonemic,wood,,,,
1-420-409-1,shan1277,Shan,906,ton.4 maj.5,Phonemic,tree (cf 08.600),,,,
1-410-409-1,shan1277,Shan,420,thə:n.2,Phonemic,"woods, forest",,,,
1-390-409-1,shan1277,Shan,943,nam.5 tok.1,Phonemic,waterfall,,,,
1-380-409-1,shan1277,Shan,1145,nɔ:ŋ.3,Phonemic,swamp,,,,
1-380-409-3,shan1277,Shan,1145,nam.5 nɔ:ŋ.3,Phonemic,swamp,,,,
1-370-409-1,shan1277,Shan,2144,nam.5 puŋ.4,Phonemic,"spring, well",,,,
1-362-409-1,shan1277,Shan,1982,nam.5 pan.2,Phonemic,whirlpool,,,,
1-360-409-1,shan1277,Shan,666,mɛ:.4 nam.5,Phonemic,"river, stream, brook",,,,
1-360-409-3,shan1277,Shan,666,nam.5 hoj.4,Phonemic,"river, stream, brook",,,,
1-354-409-1,shan1277,Shan,613,nam.5 khɨn.5,Phonemic,hightide,,,,
1-353-409-1,shan1277,Shan,1026,nam.5 jop.5 nam.5 jɔ:m.1,Phonemic,lowtide,,,,
1-352-409-1,shan1277,Shan,891,nam.5 khɨn.5 nam.5 loŋ.1,Phonemic,tide,,,,
1-352-409-3,shan1277,Shan,891,hɛ:ŋ.1 nam.5,Phonemic,tide,,,,
1-350-409-1,shan1277,Shan,978,khɨn.5 pen.3 pɔ:k.4,Phonemic,wave,,,,
1-343-409-1,shan1277,Shan,1662,ljɛ:m.3,Phonemic,"headland, point",,,,
1-342-409-1,shan1277,Shan,660,ma:k.2 hin.3 ha:ŋ.4 woj.2,Phonemic,reef,,,,
1-341-409-1,shan1277,Shan,623,nam.5 cem.1,Phonemic,lagoon,,,,
1-341-409-3,shan1277,Shan,623,ʔəŋ.2 nam.5 cem.1,Phonemic,lagoon,,,,
1-340-409-1,shan1277,Shan,663,nɔ:ŋ.3 lo:ŋ.3,Phonemic,"gulf, bay",,,,
1-330-409-1,shan1277,Shan,624,kha:j.1 ʔuŋ.3 lo:ŋ.3,Phonemic,lake,,,,
1-329-409-1,shan1277,Shan,645,nam.5 sa.2-muk.2-ta.2-la:.2 lo:ŋ.3,Phonemic,ocean,,,,
1-324-409-1,shan1277,Shan,1768,pun.1 po:k.2,Phonemic,foam,,,,
1-323-409-1,shan1277,Shan,259,mi:.1 khɨn.5,Phonemic,rough (of sea),,,,
1-320-409-1,shan1277,Shan,1474,pa:ŋ.2 la:j.2,Phonemic,sea,,,,
1-322-409-1,shan1277,Shan,258,khɨn.5 nim.3 nim.3,Phonemic,calm (of sea),,,,
1-310-409-1,shan1277,Shan,948,nam.5,Phonemic,water,,,,
1-280-409-1,shan1277,Shan,1155,tham.5,Phonemic,cave,,,,
1-270-409-1,shan1277,Shan,113,can.1,Phonemic,shore,,,,
1-270-409-3,shan1277,Shan,113,phaŋ.2,Phonemic,shore,,,,
1-270-409-5,shan1277,Shan,113,him.1 phaŋ.2,Phonemic,shore,,,,
1-260-409-1,shan1277,Shan,166,phɛ:n.2 lin.3,Phonemic,mainland,,,,
1-260-409-3,shan1277,Shan,166,phɛ:n.2 lin.3 jaj.2,Phonemic,mainland,,,,
1-250-409-1,shan1277,Shan,622,ku:n.3,Phonemic,island,,,,
1-250-409-3,shan1277,Shan,622,kun.3 ka:ŋ.3,Phonemic,island,,,,
1-240-409-1,shan1277,Shan,921,ho:j.4,Phonemic,valley,,,,
1-240-409-3,shan1277,Shan,921,hoj.4 lɔ:j.4,Phonemic,valley,,,,
1-240-409-5,shan1277,Shan,921,hoj.4 hɔ:ŋ.4,Phonemic,valley,,,,
1-230-409-1,shan1277,Shan,652,thuŋ.5,Phonemic,"plain, field",,,,
1-222-409-1,shan1277,Shan,618,na:.4 pha:.3,Phonemic,"cliff, precipice",,,,
1-220-409-1,shan1277,Shan,2118,lɔ:j.3,Phonemic,"mountain, hill",,,,
1-214-409-1,shan1277,Shan,640,ko:m.2,Phonemic,mud,,,,
1-214-409-3,shan1277,Shan,640,ʔuŋ.3,Phonemic,mud,,,,
1-215-409-1,shan1277,Shan,671,sa:j.1,Phonemic,sand,,,,
1-213-409-1,shan1277,Shan,2,phun.2,Phonemic,dust,,,,
1-213-409-3,shan1277,Shan,2,phun.2 muk.5,Phonemic,dust,,,,
1-212-409-1,shan1277,Shan,1228,li:n.3,Phonemic,"earth=ground, soil",,,,
1-210-409-1,shan1277,Shan,626,phjɛ:n.2 lin.3,Phonemic,"earth, land",,,,
1-100-409-1,shan1277,Shan,965,lɔ:.1-ka.5,Phonemic,world,,,,
1-100-409-3,shan1277,Shan,965,lum.2 pha:.5,Phonemic,world,,,,
14-330-409-1,shan1277,Shan,1544,pen.3 pɔ:k.4,Phonemic,sometimes,,,,
14-331-409-1,shan1277,Shan,703,thɛŋ.4 ʔit.1 nɨŋ.4,Phonemic,soon,,,,
14-332-409-1,shan1277,Shan,418,phɔ:ŋ.1 ja:m.1 hɨŋ.3,Phonemic,long-time (for a),,,,
14-340-409-1,shan1277,Shan,1656,ʔam.2 ja:m.4,Phonemic,never,,,,
14-350-409-1,shan1277,Shan,204,thɛŋ.4 pɔk.4 nɨŋ.4,Phonemic,again,,,,
14-410-409-1,shan1277,Shan,1225,wan.1,Phonemic,day,,,,
14-420-409-1,shan1277,Shan,1233,ka:ŋ.3 khɨn.1,Phonemic,night,,,,
14-430-409-1,shan1277,Shan,729,mə:.4 caw.5,Phonemic,dawn,,,,
14-440-409-1,shan1277,Shan,1339,phɔ:ŋ.1 ja:m.1 caw.5,Phonemic,morning,,,,
14-450-409-1,shan1277,Shan,12,ka:ŋ.3 wan.1 te:ŋ.4,Phonemic,"noon, midday",,,,
14-451-409-1,shan1277,Shan,1807,wa:j.1 ka:ŋ.3 wan.1 te:ŋ.4,Phonemic,afternoon,,,,
14-451-409-3,shan1277,Shan,1807,ka:ŋ.3 wan.1 ca:j.5,Phonemic,afternoon,,,,
14-460-409-1,shan1277,Shan,1629,phɔ:ŋ.1 ja:m.1 ka:ŋ.3 wan.1 kham.4,Phonemic,evening,,,,
14-470-409-1,shan1277,Shan,1283,mə:.4 naj.5,Phonemic,today,,,,
14-480-409-1,shan1277,Shan,1329,mə:.4 phu:k.4,Phonemic,tomorrow,,,,
14-481-409-1,shan1277,Shan,1179,mə:.4 hɨ:.1,Phonemic,day-after-tomorrow,,,,
14-490-409-1,shan1277,Shan,1174,mə:.4 wa:.1 naj.5,Phonemic,yesterday,,,,
14-491-409-1,shan1277,Shan,1180,mə:.4 sɨn.1,Phonemic,day-before-yesterday,,,,
14-510-409-1,shan1277,Shan,1353,co:.4 mo:ŋ.1,Phonemic,hour,,,,
14-530-409-1,shan1277,Shan,1323,na:.2-li:.2,Phonemic,"clock, timepiece",,,,
14-610-409-1,shan1277,Shan,1469,co:.4 cet.1 wan.1,Phonemic,week,,,,
14-620-409-1,shan1277,Shan,1699,wan.1 ʔa:.2-tit.5,Phonemic,Sunday,,,,
14-630-409-1,shan1277,Shan,1697,wan.1 can.3,Phonemic,Monday,,,,
14-640-409-1,shan1277,Shan,1695,wan.1 ʔaŋ.1-ka:n.1,Phonemic,Tuesday,,,,
14-650-409-1,shan1277,Shan,1694,wan.1 put.5,Phonemic,Wednesday,,,,
14-660-409-1,shan1277,Shan,1693,wan.1 pha.1-lɨ.4-hat.1,Phonemic,Thursday,,,,
14-670-409-1,shan1277,Shan,1692,wan.1 suk.1,Phonemic,Friday,,,,
14-680-409-1,shan1277,Shan,1700,wan.1 saw.3,Phonemic,Saturday,,,,
14-710-409-1,shan1277,Shan,1370,lə:n.3,Phonemic,month,,,,
14-730-409-1,shan1277,Shan,1226,pi:.3,Phonemic,year,,,,
14-740-409-1,shan1277,Shan,1471,kha:w.1 kat.1,Phonemic,winter,,,,
14-750-409-1,shan1277,Shan,1537,kha:w.1 waɨ.3 maj.5 ʔɔ:k.2,Phonemic,spring,,,,
14-760-409-1,shan1277,Shan,1342,kha:w.1 maj.4,Phonemic,summer,,,,
14-770-409-1,shan1277,Shan,1276,kha:w.1 waɨ.3 maj.5 ho:ŋ.4,Phonemic,autumn,,,,
14-780-409-1,shan1277,Shan,691,kha:w.1,Phonemic,season,,,,
15-210-409-1,shan1277,Shan,1587,me:n.3 ʔa:j.3,Phonemic,smell (vb intrans),,,,
15-212-409-1,shan1277,Shan,375,sut.2 ʔa:j.3,Phonemic,sniff,,,,
15-220-409-1,shan1277,Shan,1586,nom.3 ʔa:j.3,Phonemic,smell (vb trans),,,,
15-250-409-1,shan1277,Shan,376,hɔ:m.3,Phonemic,"fragrant, good smelling",,,,
15-260-409-1,shan1277,Shan,42,me:n.3,Phonemic,"stinking, bad smelling",,,,
15-310-409-1,shan1277,Shan,21,ʔa.2-jat.1-sa:.4,Phonemic,taste,,,,
15-350-409-1,shan1277,Shan,717,wa:n.3,Phonemic,sweet,,,,
15-360-409-1,shan1277,Shan,1091,cem.1,Phonemic,salty,,,,
15-370-409-1,shan1277,Shan,887,kho:m.3,Phonemic,bitter,,,,
15-380-409-1,shan1277,Shan,1906,so:m.4,Phonemic,"acid, sour",,,,
15-390-409-1,shan1277,Shan,70,ʔam.2 ca:ŋ.3 ʔam.2 cem.1,Phonemic,brackish,,,,
15-410-409-1,shan1277,Shan,1408,laj.4 jin.1,Phonemic,hear,,,,
15-420-409-1,shan1277,Shan,1608,thɔ:m.2,Phonemic,listen,,,,
15-440-409-1,shan1277,Shan,1811,se:ŋ.3,Phonemic,"sound, noise",,,,
15-450-409-1,shan1277,Shan,377,se:ŋ.3 laŋ.3,Phonemic,loud,,,,
15-460-409-1,shan1277,Shan,1314,je:n.3 ci:.4,Phonemic,"quiet, silence",,,,
15-510-409-1,shan1277,Shan,1409,han.3,Phonemic,see,,,,
15-520-409-1,shan1277,Shan,1819,muŋ.4 to:j.1,Phonemic,"look, look at",,,,
15-550-409-1,shan1277,Shan,1039,pja.5 nɛ:.3,Phonemic,show,,,,
15-560-409-1,shan1277,Shan,708,thɔ:ŋ.2,Phonemic,shine,,,,
15-570-409-1,shan1277,Shan,679,ljɛ:ŋ.1,Phonemic,bright,,,,
15-610-409-1,shan1277,Shan,1613,si:.3,Phonemic,color,,,,
15-620-409-1,shan1277,Shan,250,si:.3 ʔɔ:n.2,Phonemic,light (in color),,,,
15-620-409-3,shan1277,Shan,250,si:.3 ca:ŋ.3,Phonemic,light (in color),,,,
15-630-409-1,shan1277,Shan,706,si:.3 kɛ:.2,Phonemic,dark (in color),,,,
15-640-409-1,shan1277,Shan,1335,si:.3 kha:w.3,Phonemic,white,,,,
15-650-409-1,shan1277,Shan,163,si:.3 lam.3,Phonemic,black,,,,
15-660-409-1,shan1277,Shan,156,si:.3 lɛ:ŋ.3,Phonemic,red,,,,
15-670-409-1,shan1277,Shan,837,si:.3 nam.5 ŋɨn.1,Phonemic,blue,,,,
15-670-409-3,shan1277,Shan,837,si:.3 pha:.5,Phonemic,blue,,,,
15-680-409-1,shan1277,Shan,1425,si:.3 khew.3,Phonemic,green,,,,
15-690-409-1,shan1277,Shan,1424,si:.3 lə:ŋ.3,Phonemic,yellow,,,,
15-710-409-1,shan1277,Shan,1892,tə:.5 thu:k.2,Phonemic,touch,,,,
15-712-409-1,shan1277,Shan,378,mi:p.2,Phonemic,pinch,,,,
15-720-409-1,shan1277,Shan,1079,hu:.5 to:.3,Phonemic,feel,,,,
15-740-409-1,shan1277,Shan,1884,khjɛ:ŋ.3,Phonemic,hard,,,,
15-750-409-1,shan1277,Shan,1856,ʔon.4 ʔɔ:n.2,Phonemic,soft,,,,
15-760-409-1,shan1277,Shan,1923,ca:.1,Phonemic,rough,,,,
15-770-409-1,shan1277,Shan,1234,pe:ŋ.1 kan.3,Phonemic,smooth,,,,
15-780-409-1,shan1277,Shan,1396,pha:j.3,Phonemic,sharp,,,,
15-790-409-1,shan1277,Shan,379,ʔɨ:.5,Phonemic,"blunt, dull",,,,
15-810-409-1,shan1277,Shan,1210,nak.1,Phonemic,heavy,,,,
15-820-409-1,shan1277,Shan,1052,maw.3,Phonemic,light (in weight),,,,
15-830-409-1,shan1277,Shan,1726,jam.1,Phonemic,"wet, damp",,,,
15-840-409-1,shan1277,Shan,1398,hɛ:ŋ.4,Phonemic,dry,,,,
15-840-409-3,shan1277,Shan,1398,hɛ:ŋ.4-hɛ:ŋ.4-hɔŋ.3-hɔŋ.3,Phonemic,dry,,,,
15-850-409-1,shan1277,Shan,1286,maj.4,Phonemic,hot,,,,
15-851-409-1,shan1277,Shan,1232,ʔun.2,Phonemic,warm,,,,
15-860-409-1,shan1277,Shan,1287,kat.1,Phonemic,cold,,,,
15-860-409-3,shan1277,Shan,1287,khɛm.5,Phonemic,cold,,,,
15-880-409-1,shan1277,Shan,1230,woj.2,Phonemic,"dirty, soiled",,,,
15-890-409-1,shan1277,Shan,380,hu:.2,Phonemic,wrinkled,,,,
16-110-409-1,shan1277,Shan,53,wi.5-ŋen.2,Phonemic,"soul, spirit",,,,
16-150-409-1,shan1277,Shan,1572,caɨ.3 pə:ŋ.4,Phonemic,"surprised, astonished",,,,
16-150-409-3,shan1277,Shan,1572,caɨ.3 pə:ŋ.4,Phonemic,"surprised, astonished",,,,
16-180-409-1,shan1277,Shan,720,co:k.4 li:.3,Phonemic,"good fortune, luck",,,,
16-190-409-1,shan1277,Shan,56,co:k.4 ʔam.2 li:.3,Phonemic,"misfortune, bad luck",,,,
16-230-409-1,shan1277,Shan,1495,mo:n.4 sə:.1 caɨ.3,Phonemic,"joyful, glad, happy",,,,
16-250-409-1,shan1277,Shan,1355,khaj.4-kho:.3,Phonemic,laugh,,,,
16-251-409-1,shan1277,Shan,1451,jum.5,Phonemic,smile,,,,
16-260-409-1,shan1277,Shan,1413,len.4,Phonemic,play,,,,
16-270-409-1,shan1277,Shan,923,hak.5,Phonemic,love,,,,
16-290-409-1,shan1277,Shan,578,cu:p.2,Phonemic,kiss,,,,
16-300-409-1,shan1277,Shan,928,kɔ:t.2,Phonemic,embrace,,,,
16-310-409-1,shan1277,Shan,1783,cep.1,Phonemic,pain,,,,
16-310-409-3,shan1277,Shan,1783,mo:j.4,Phonemic,pain,,,,
16-320-409-1,shan1277,Shan,1668,maj.4 caɨ.3,Phonemic,"grief, sorrow, sadness",,,,
16-320-409-3,shan1277,Shan,1668,khi:.3 caɨ.3,Phonemic,"grief, sorrow, sadness",,,,
16-330-409-1,shan1277,Shan,1000,caɨ.3 lu:.5,Phonemic,"anxiety, worry",,,,
16-330-409-3,shan1277,Shan,1000,caɨ.3 suk.1-sa:k.5,Phonemic,"anxiety, worry",,,,
16-340-409-1,shan1277,Shan,1875,khi:.3 caɨ.3,Phonemic,"regret, be sorry",,,,
16-350-409-1,shan1277,Shan,1141,ʔet.1-lu:.3,Phonemic,pity,,,,
16-370-409-1,shan1277,Shan,1839,hɔŋ.5 haj.4,Phonemic,"cry, weep",,,,
16-380-409-1,shan1277,Shan,1651,nam.5 ta:.3,Phonemic,tear (noun),,,,
16-390-409-1,shan1277,Shan,716,kha:ŋ.1,Phonemic,groan,,,,
16-410-409-1,shan1277,Shan,1607,caŋ.1,Phonemic,hate,,,,
16-420-409-1,shan1277,Shan,82,caɨ.3 lam.3,Phonemic,anger,,,,
16-440-409-1,shan1277,Shan,40,tha:ŋ.2 thə:m.3,Phonemic,"envy, jealousy",,,,
16-450-409-1,shan1277,Shan,1776,li:.3 ʔa:j.3,Phonemic,shame (noun),,,,
16-480-409-1,shan1277,Shan,174,te:m.3 caɨ.3,Phonemic,proud,,,,
16-510-409-1,shan1277,Shan,1779,hat.1,Phonemic,dare,,,,
16-510-409-3,shan1277,Shan,1779,ta:.5,Phonemic,dare,,,,
16-520-409-1,shan1277,Shan,3,hat.1 ha:n.3,Phonemic,brave,,,,
16-530-409-1,shan1277,Shan,781,ko:.3,Phonemic,"fear, fright",,,,
16-540-409-1,shan1277,Shan,1810,ʔan.2-ta.2-le:.2,Phonemic,danger,,,,
16-620-409-1,shan1277,Shan,1784,khaj.4 laj.4,Phonemic,"desire, want",,,,
16-622-409-1,shan1277,Shan,1750,lə:k.4,Phonemic,choose,,,,
16-630-409-1,shan1277,Shan,1092,mi:.1 ʔa.2-tha:ŋ.2,Phonemic,hope,,,,
16-650-409-1,shan1277,Shan,100,sɨ:.4,Phonemic,faithful,,,,
16-660-409-1,shan1277,Shan,1657,tɛ:.5,Phonemic,true,,,,
16-670-409-1,shan1277,Shan,601,pɛt.5 lɛ:n.3,Phonemic,"lie, tell lies",,,,
16-680-409-1,shan1277,Shan,13,liŋ.2 lɛ:n.3,Phonemic,deceit,,,,
16-690-409-1,shan1277,Shan,1528,wa:ŋ.1 pɔj.2,Phonemic,forgive,,,,
16-710-409-1,shan1277,Shan,1035,li:.3,Phonemic,good,,,,
16-720-409-1,shan1277,Shan,1292,mə:k.4,Phonemic,bad,,,,
16-730-409-1,shan1277,Shan,1725,thu:k.2,Phonemic,"right, correct",,,,
16-740-409-1,shan1277,Shan,1390,phit.1,Phonemic,wrong,,,,
16-760-409-1,shan1277,Shan,134,phit.1 pə:ŋ.4,Phonemic,fault,,,,
16-770-409-1,shan1277,Shan,1293,ti:.4 phit.1 pə:ŋ.4,Phonemic,"mistake, error",,,,
16-780-409-1,shan1277,Shan,381,se.5 sɔ:m.1,Phonemic,blame,,,,
16-790-409-1,shan1277,Shan,1687,juk.5 jɔŋ.4,Phonemic,praise,,,,
16-810-409-1,shan1277,Shan,1427,ha:ŋ.4 li:.3,Phonemic,beautiful,,,,
16-820-409-1,shan1277,Shan,1548,li:.3 caŋ.1,Phonemic,ugly,,,,
16-830-409-1,shan1277,Shan,2018,khi:.4 hit.5,Phonemic,greedy,,,,
16-840-409-1,shan1277,Shan,1310,lak.1 lɛ:m.3,Phonemic,clever,,,,
17-110-409-1,shan1277,Shan,1562,taŋ.4 caɨ.3 het.1,Phonemic,mind,,,,
17-130-409-1,shan1277,Shan,1415,that.1 sa:ŋ.3,Phonemic,think (= reflect),,,,
17-140-409-1,shan1277,Shan,1513,won.5,Phonemic,think (= be of the opinion),,,,
17-150-409-1,shan1277,Shan,1890,jum.2,Phonemic,believe,,,,
17-160-409-1,shan1277,Shan,1536,khaw.4 caɨ.3,Phonemic,understand,,,,
17-170-409-1,shan1277,Shan,1410,hu:.5 cak.1,Phonemic,know,,,,
17-171-409-1,shan1277,Shan,1932,la:m.1 ʔaw.3,Phonemic,guess,,,,
17-172-409-1,shan1277,Shan,117,jə:ŋ.4 khaw.3,Phonemic,imitate,,,,
17-180-409-1,shan1277,Shan,1521,to:j.1 mə:n.3,Phonemic,seem,,,,
17-190-409-1,shan1277,Shan,1609,ta:ŋ.1 won.5,Phonemic,"idea, notion",,,,
17-210-409-1,shan1277,Shan,698,lak.1 lɛ:m.3,Phonemic,wise,,,,
17-220-409-1,shan1277,Shan,1518,ŋə:.4-ŋa:.5,Phonemic,"foolish, stupid",,,,
17-230-409-1,shan1277,Shan,1899,lɨm.1 na:.4 lɨm.1 laŋ.3,Phonemic,"insane, crazy",,,,
17-230-409-3,shan1277,Shan,1899,jɔ:ŋ.2,Phonemic,"insane, crazy",,,,
17-240-409-1,shan1277,Shan,504,sɔ:n.3 hu:.5,Phonemic,learn,,,,
17-242-409-1,shan1277,Shan,1929,sɔ:n.3,Phonemic,study,,,,
17-250-409-1,shan1277,Shan,709,sɔ:n.3,Phonemic,teach,,,,
17-260-409-1,shan1277,Shan,753,lu:k.4 ʔɔ:n.2 hoŋ.1 he:n.1,Phonemic,pupil,,,,
17-270-409-1,shan1277,Shan,1038,khu:.1,Phonemic,teacher,,,,
17-280-409-1,shan1277,Shan,673,hoŋ.1 he:n.1,Phonemic,school,,,,
17-310-409-1,shan1277,Shan,707,tɔ:ŋ.1,Phonemic,remember,,,,
17-310-409-3,shan1277,Shan,707,tɔ:ŋ.1 waj.5,Phonemic,remember,,,,
17-320-409-1,shan1277,Shan,1523,lɨm.1,Phonemic,forget,,,,
17-340-409-1,shan1277,Shan,989,cɨ:n.4 saɨ.3,Phonemic,"clear, plain",,,,
17-350-409-1,shan1277,Shan,1764,ʔam.2 hu:.5 lɔŋ.4,Phonemic,obscure,,,,
17-360-409-1,shan1277,Shan,1121,kwa:m.1 lap.5,Phonemic,secret,,,,
17-370-409-1,shan1277,Shan,509,cɨ:.4 caɨ.4,Phonemic,"sure, certain",,,,
17-370-409-3,shan1277,Shan,509,jum.2 caɨ.3,Phonemic,"sure, certain",,,,
17-380-409-1,shan1277,Shan,1626,la:t.4 nɛ:.3,Phonemic,explain,,,,
17-410-409-1,shan1277,Shan,1162,ce:.2-ta-na:.2,Phonemic,"intention, purpose",,,,
17-420-409-1,shan1277,Shan,860,ŋaw.4 tɛ:.2,Phonemic,cause,,,,
17-430-409-1,shan1277,Shan,1308,tha:ŋ.2 thə:m.3,Phonemic,doubt,,,,
17-440-409-1,shan1277,Shan,1841,la:m.1 waj.5,Phonemic,suspect,,,,
17-441-409-1,shan1277,Shan,1902,hak.1 laŋ.3,Phonemic,betray,,,,
17-450-409-1,shan1277,Shan,643,ta:ŋ.1 khaj.4 het.1,Phonemic,"need, necessity",,,,
17-450-409-3,shan1277,Shan,643,ka:.4 la:j.4 het.1,Phonemic,"need, necessity",,,,
17-460-409-1,shan1277,Shan,686,ŋa:j.4,Phonemic,easy,,,,
17-470-409-1,shan1277,Shan,584,ja:p.2,Phonemic,difficult,,,,
17-470-409-3,shan1277,Shan,584,mi:.1 ʔan.3 ki:t.2 khɔŋ.4,Phonemic,difficult,,,,
17-480-409-1,shan1277,Shan,1812,kja:m.2 khat.1 caɨ.3,Phonemic,"try, attempt",,,,
17-480-409-3,shan1277,Shan,1812,ca:m.1 to:j.1,Phonemic,"try, attempt",,,,
17-490-409-1,shan1277,Shan,488,puŋ.2 ca:m.2,Phonemic,"way, manner",,,,
17-510-409-1,shan1277,Shan,1577,lɛ:.4,Phonemic,and,,,,
17-520-409-1,shan1277,Shan,1157,pə:.4,Phonemic,because,,,,
17-530-409-1,shan1277,Shan,1459,saŋ.3 wa:.4,Phonemic,if,,,,
17-540-409-1,shan1277,Shan,1014,ʔam.2 nan.3,Phonemic,or,,,,
17-550-409-1,shan1277,Shan,1268,caɨ.4,Phonemic,"yes, affirmative",,,,
17-550-409-3,shan1277,Shan,1268,so:.2-swa:ŋ.1,Phonemic,"yes, affirmative",,,,
17-560-409-1,shan1277,Shan,1269,ʔam.2 caɨ.4,Phonemic,"no, negative",,,,
17-610-409-1,shan1277,Shan,1239,cə:ŋ.5 hɨ:.3,Phonemic,how?,,,,
17-620-409-1,shan1277,Shan,822,ka:.4 hɨ:.3,Phonemic,how many?,,,,
17-630-409-1,shan1277,Shan,531,ka:.4 hɨ:.3,Phonemic,how much?,,,,
17-640-409-1,shan1277,Shan,1236,ʔi:.4-saŋ.3,Phonemic,what?,,,,
17-650-409-1,shan1277,Shan,1238,mə:.4 laɨ.3,Phonemic,when?,,,,
17-660-409-1,shan1277,Shan,1237,ti:.4 laɨ.3,Phonemic,where?,,,,
17-670-409-1,shan1277,Shan,727,ʔan.3 laɨ.3,Phonemic,which?,,,,
17-680-409-1,shan1277,Shan,1235,phə:.3,Phonemic,who?,,,,
18-110-409-1,shan1277,Shan,1363,se:ŋ.3 hɔ:ŋ.5,Phonemic,voice,,,,
18-120-409-1,shan1277,Shan,1261,het.1 kwa:m.1,Phonemic,sing,,,,
18-130-409-1,shan1277,Shan,715,hɔ:ŋ.5,Phonemic,"shout, cry out",,,,
18-150-409-1,shan1277,Shan,55,sɔp.5-sɛp.5,Phonemic,whisper,,,,
18-160-409-1,shan1277,Shan,128,wa:.4-wi:.4,Phonemic,mumble,,,,
18-170-409-1,shan1277,Shan,1025,phiw.3 lom.1,Phonemic,whistle,,,,
18-180-409-1,shan1277,Shan,298,hɔŋ.5 hɨt.1,Phonemic,"shriek, screech",,,,
18-190-409-1,shan1277,Shan,526,hɔ:n.3,Phonemic,howl,,,,
18-210-409-1,shan1277,Shan,1623,ʔup.2 kan.3,Phonemic,"speak, talk",,,,
18-211-409-1,shan1277,Shan,1866,la:t.4 ʔak.1-ʔi:.4-ʔak.1-ʔaj.3,Phonemic,"stutter, stammer",,,,
18-220-409-1,shan1277,Shan,1458,wa:.4,Phonemic,say,,,,
18-221-409-1,shan1277,Shan,1711,khaj.4 ʔa:-pum.2,Phonemic,tell story,,,,
18-222-409-1,shan1277,Shan,1115,law.4 la:t.4 nɛ:.3 kwa:m.1,Phonemic,speech (make a),,,,
18-230-409-1,shan1277,Shan,48,je:n.3,Phonemic,silent (be),,,,
18-240-409-1,shan1277,Shan,1307,pha:.2-sa:.2,Phonemic,language,,,,
18-260-409-1,shan1277,Shan,1599,khɔ:.4 kwa:m.1,Phonemic,word,,,,
18-280-409-1,shan1277,Shan,1405,cɨ:.4,Phonemic,name,,,,
18-310-409-1,shan1277,Shan,1309,tha:m.3,Phonemic,"ask (question, inquire)",,,,
18-320-409-1,shan1277,Shan,1275,tɔ:p.2,Phonemic,answer,,,,
18-330-409-1,shan1277,Shan,2022,jɔ:m.1 hap.5,Phonemic,"admit, confess",,,,
18-340-409-1,shan1277,Shan,755,ʔam.2 jɔ:m.1 hap.5,Phonemic,deny,,,,
18-350-409-1,shan1277,Shan,1828,jɔ:n.1,Phonemic,"ask, request",,,,
18-350-409-3,shan1277,Shan,1828,tɔ:ŋ.1-pa:n.2,Phonemic,"ask, request",,,,
18-360-409-1,shan1277,Shan,1675,san.3-ja:.1,Phonemic,promise,,,,
18-370-409-1,shan1277,Shan,49,ʔam.2 jɔ:m.1 hap.5,Phonemic,refuse,,,,
18-380-409-1,shan1277,Shan,83,ha:m.4,Phonemic,forbid,,,,
18-390-409-1,shan1277,Shan,299,tek.1 te:ŋ.3,Phonemic,"rebuke, scold",,,,
18-410-409-1,shan1277,Shan,1084,jɔ:n.1 ta:ŋ.1 cɔ:j.4,Phonemic,call (=summon),,,,
18-420-409-1,shan1277,Shan,180,hɔ:ŋ.5,Phonemic,call (=name),,,,
18-430-409-1,shan1277,Shan,9,pɨn.3 pha:w.2,Phonemic,announce,,,,
18-440-409-1,shan1277,Shan,1192,lɔ:k.2,Phonemic,threaten,,,,
18-450-409-1,shan1277,Shan,101,jɔ:ŋ.4 to:.3,Phonemic,boast,,,,
18-510-409-1,shan1277,Shan,1672,tjɛ:m.4,Phonemic,write,,,,
18-520-409-1,shan1277,Shan,724,ʔa:n.2,Phonemic,read,,,,
18-560-409-1,shan1277,Shan,648,ce:.4,Phonemic,paper,,,,
18-570-409-1,shan1277,Shan,794,kam.3 tɛ:m.4,Phonemic,pen,,,,
18-610-409-1,shan1277,Shan,963,lik.4 la:j.1,Phonemic,book,,,,
18-670-409-1,shan1277,Shan,1045,kon.1 mɔ:.3 laŋ.2-ka:.2,Phonemic,poet,,,,
18-710-409-1,shan1277,Shan,777,pi:.2 lom.1,Phonemic,flute,,,,
18-720-409-1,shan1277,Shan,908,kɔ:ŋ.3,Phonemic,drum,,,,
18-730-409-1,shan1277,Shan,2136,pi:.2 kon.4 ki:.4,Phonemic,"horn, trumpet",,,,
18-740-409-1,shan1277,Shan,300,haj.2 waj.1 waj.1,Phonemic,rattle,,,,
19-110-409-1,shan1277,Shan,1300,mə:ŋ.1,Phonemic,country,,,,
19-120-409-1,shan1277,Shan,89,phu:m.1-mi.1 sen.4 sa:j.3 maj.3,Phonemic,one's native country,,,,
19-150-409-1,shan1277,Shan,1391,we:ŋ.1,Phonemic,"city, town",,,,
19-160-409-1,shan1277,Shan,930,wa:n.4,Phonemic,village,,,,
19-170-409-1,shan1277,Shan,1010,lɛ:n.3 lin.3,Phonemic,boundary,,,,
19-210-409-1,shan1277,Shan,789,kon.1 mə:ŋ.1,Phonemic,people (populace),,,,
19-230-409-1,shan1277,Shan,302,cə:.5 phan.1,Phonemic,"tribe, clan",,,,
19-240-409-1,shan1277,Shan,301,ho:.3 na:.4,Phonemic,"chief, chieftain",,,,
19-250-409-1,shan1277,Shan,1296,maj.5 taw.5,Phonemic,"staff, walking stick",,,,
19-310-409-1,shan1277,Shan,1846,ʔup.5 pə:ŋ.2,Phonemic,"rule, govern",,,,
19-320-409-1,shan1277,Shan,1508,khun.3 hɔ:.3 kham.1,Phonemic,"king, ruler",,,,
19-330-409-1,shan1277,Shan,1306,na:ŋ.1 hɔ:.3 kham.1,Phonemic,queen,,,,
19-360-409-1,shan1277,Shan,482,phu:.4 mi:.1 can.5,Phonemic,"noble, nobleman",,,,
19-370-409-1,shan1277,Shan,1032,kon.1 mə:ŋ.1,Phonemic,"citizen, subject",,,,
19-410-409-1,shan1277,Shan,383,kon.1 lo:ŋ.3,Phonemic,master,,,,
19-420-409-1,shan1277,Shan,812,kon.1 can.5 tjɛm.2,Phonemic,slave,,,,
19-430-409-1,shan1277,Shan,255,kon.1 caɨ.5,Phonemic,servant,,,,
19-440-409-1,shan1277,Shan,384,pok.1-ko:.2 can.5 suŋ.3,Phonemic,freeman,,,,
19-450-409-1,shan1277,Shan,1128,khɔ:.4 poŋ.3,Phonemic,"command, order",,,,
19-460-409-1,shan1277,Shan,1635,jɔ:m.1 to:.3,Phonemic,obey,,,,
19-470-409-1,shan1277,Shan,1003,pan.3 ʔa.2-khwa:ŋ.5,Phonemic,"let, permit",,,,
19-510-409-1,shan1277,Shan,1325,taj.1 kɔ:.5,Phonemic,"friend, companion",,,,
19-520-409-1,shan1277,Shan,1358,jan.2-su:.2,Phonemic,enemy,,,,
19-540-409-1,shan1277,Shan,1332,taj.1 kɔ:.5 wan.4 lew.3 kan.3,Phonemic,neighbor,,,,
19-550-409-1,shan1277,Shan,791,kon.1 pjɛ:k.2 na:.4,Phonemic,stranger,,,,
19-560-409-1,shan1277,Shan,1782,khjɛ:k.2,Phonemic,guest,,,,
19-570-409-1,shan1277,Shan,1545,caw.4 hə:n.1,Phonemic,host,,,,
19-580-409-1,shan1277,Shan,1897,cɔ:j.4-lə:.3,Phonemic,"help, aid",,,,
19-590-409-1,shan1277,Shan,1550,he:.5 kaŋ.4,Phonemic,"hinder, prevent",,,,
19-610-409-1,shan1277,Shan,1747,thuŋ.1 ca:m.2,Phonemic,custom,,,,
19-620-409-1,shan1277,Shan,1848,phit.1-phjɛ:k.2 kan.3,Phonemic,"strife, quarrel",,,,
19-630-409-1,shan1277,Shan,2024,wa:ŋ.1 phjɛ:n.3,Phonemic,"conspiracy, plot",,,,
19-650-409-1,shan1277,Shan,1831,ńa:.1 saɨ.2,Phonemic,meet,,,,
19-720-409-1,shan1277,Shan,1610,mɛ:.4 ma:k.2 lam.3,Phonemic,prostitute,,,,
20-110-409-1,shan1277,Shan,1423,ta:.5 khɛŋ.2,Phonemic,fight (vb),,,,
20-130-409-1,shan1277,Shan,579,pɔ:j.1 tɨ:k.1,Phonemic,"war, battle",,,,
20-140-409-1,shan1277,Shan,1338,kat.1 jen.3,Phonemic,peace,,,,
20-150-409-1,shan1277,Shan,1561,tap.5 sɨk.1,Phonemic,army,,,,
20-170-409-1,shan1277,Shan,1941,lu:k.4 sɨk.1,Phonemic,soldier,,,,
20-210-409-1,shan1277,Shan,951,khə:ŋ.4 jip.1,Phonemic,"weapons, arms",,,,
20-220-409-1,shan1277,Shan,1763,khɔn.5 pɔt.1,Phonemic,club,,,,
20-222-409-1,shan1277,Shan,386,khwa:n.3,Phonemic,battle-ax,,,,
20-230-409-1,shan1277,Shan,387,ka:ŋ.2-khwa.5,Phonemic,sling,,,,
20-240-409-1,shan1277,Shan,994,na:.4 maj.5,Phonemic,bow,,,,
20-250-409-1,shan1277,Shan,977,ka:ŋ.2,Phonemic,arrow,,,,
20-260-409-1,shan1277,Shan,945,hɔ:k.2,Phonemic,spear,,,,
20-270-409-1,shan1277,Shan,1535,la:p.2,Phonemic,sword,,,,
20-280-409-1,shan1277,Shan,1566,kɔ:ŋ.4,Phonemic,"gun, cannon",,,,
20-280-409-3,shan1277,Shan,1566,kɔŋ.4 lo:ŋ.3,Phonemic,"gun, cannon",,,,
20-310-409-1,shan1277,Shan,1061,sə:.4 he:.4 kaŋ.4,Phonemic,armor (defensive),,,,
20-330-409-1,shan1277,Shan,1680,ma:k.2 ho:.3 lek.1,Phonemic,helmet,,,,
20-340-409-1,shan1277,Shan,1064,khə:ŋ.4 pɔŋ.4 kan.3,Phonemic,shield,,,,
20-350-409-1,shan1277,Shan,1938,hɔ:.3 lom.1,Phonemic,fortress,,,,
20-360-409-1,shan1277,Shan,1671,hɔ:.3 kɛm.3,Phonemic,tower,,,,
20-410-409-1,shan1277,Shan,783,ʔɔŋ.2 mjɛŋ.2,Phonemic,victory,,,,
20-420-409-1,shan1277,Shan,782,tɨk.1 pɛ:.5,Phonemic,defeat,,,,
20-430-409-1,shan1277,Shan,722,tɨk.1 tɔ:.1,Phonemic,attack,,,,
20-440-409-1,shan1277,Shan,1330,he:.4 kaŋ.4,Phonemic,defend,,,,
20-450-409-1,shan1277,Shan,421,thɔ:j.3 laŋ.3,Phonemic,retreat,,,,
20-460-409-1,shan1277,Shan,1696,jɔ:m.1 ka:n.5,Phonemic,surrender,,,,
20-470-409-1,shan1277,Shan,1072,kon.1 jɔ:m.1 ka:n.5,Phonemic,"captive, prisoner",,,,
20-470-409-3,shan1277,Shan,1072,kon.1 mi:.1 ʔa.2-pjɛ:t.4,Phonemic,"captive, prisoner",,,,
20-471-409-1,shan1277,Shan,1940,ja:m.1,Phonemic,"guard, sentinel",,,,
20-471-409-3,shan1277,Shan,1940,luk.4 sɨk.1 paɨ.5 ja:m.1,Phonemic,"guard, sentinel",,,,
20-480-409-1,shan1277,Shan,1022,khɔŋ.3 co:n.3,Phonemic,"booty, spoils",,,,
20-490-409-1,shan1277,Shan,65,paɨ.5 khjɔ:ŋ.1 jɨ:.1,Phonemic,ambush,,,,
20-510-409-1,shan1277,Shan,1858,kon.1 ha:.3 pa:.3,Phonemic,fisherman,,,,
20-520-409-1,shan1277,Shan,1074,khɔ:.3 met.1,Phonemic,fishhook,,,,
20-530-409-1,shan1277,Shan,19,sa:j.3 met.1,Phonemic,fishing line,,,,
20-540-409-1,shan1277,Shan,388,hɛ:.3,Phonemic,fishnet,,,,
20-550-409-1,shan1277,Shan,389,saj.1,Phonemic,fish trap,,,,
20-560-409-1,shan1277,Shan,2013,jə:.2,Phonemic,bait,,,,
20-610-409-1,shan1277,Shan,1435,lɨp.4 thə:n.2,Phonemic,hunt,,,,
20-620-409-1,shan1277,Shan,1172,jɨ:.1,Phonemic,shoot,,,,
20-630-409-1,shan1277,Shan,161,phit.1,Phonemic,miss (target),,,,
20-640-409-1,shan1277,Shan,1075,hɛw.5,Phonemic,trap (noun),,,,
20-650-409-1,shan1277,Shan,1170,ka:ŋ.3,Phonemic,trap (vb),,,,
21-110-409-1,shan1277,Shan,1062,ma:j.3 mi:.4,Phonemic,law,,,,
21-150-409-1,shan1277,Shan,1068,lum.1 tat.1 sin.3,Phonemic,court,,,,
21-160-409-1,shan1277,Shan,1818,tat.1 sin.3,Phonemic,judge (vb),,,,
21-170-409-1,shan1277,Shan,1067,khɔ:.4 tat.1,Phonemic,judgment,,,,
21-180-409-1,shan1277,Shan,861,phu:.4 naŋ.4 lum.1 lo:ŋ.3 pha:j.2 tat.1 sin.3,Phonemic,judge (noun),,,,
21-210-409-1,shan1277,Shan,2020,phu:.4 ta:ŋ.2 thɨŋ.3,Phonemic,plaintiff,,,,
21-220-409-1,shan1277,Shan,1034,phu:.4 mi:.1 kwa:m.1 phit.1,Phonemic,defendant,,,,
21-230-409-1,shan1277,Shan,1144,phu:.4 hu:.5 han.3 cɔ:m.1,Phonemic,witness,,,,
21-240-409-1,shan1277,Shan,1939,tik.4-tha:n.2,Phonemic,swear,,,,
21-250-409-1,shan1277,Shan,1712,kwa:m.1 tik.4-tha:n.2,Phonemic,oath,,,,
21-310-409-1,shan1277,Shan,1814,ha:.3 lɔŋ.4 ha:.3 kwa:m.1,Phonemic,accuse,,,,
21-320-409-1,shan1277,Shan,484,se.5 ne:.1,Phonemic,condemn,,,,
21-330-409-1,shan1277,Shan,983,tat.1 sin.3 wa:.4 mi:.1 ta:ŋ.1 phit.1,Phonemic,convict (vb),,,,
21-340-409-1,shan1277,Shan,988,tat.1 sin.3 haj.4 pon.5 ʔa:-pɛ:t.4,Phonemic,acquit,,,,
21-350-409-1,shan1277,Shan,1682,jɔ:m.1 phit.1,Phonemic,guilty,,,,
21-360-409-1,shan1277,Shan,90,ʔam.2 hu:.5 saŋ.3,Phonemic,innocent,,,,
21-370-409-1,shan1277,Shan,390,pan.3 ʔa:-pɛ:t.4,Phonemic,"penalty, punishment",,,,
21-380-409-1,shan1277,Shan,218,ka:.4 ma:p.2-maj.3,Phonemic,fine,,,,
21-390-409-1,shan1277,Shan,1281,thɔŋ.2,Phonemic,"prison, jail",,,,
21-420-409-1,shan1277,Shan,845,ʔaw.3 kan.3 ta:j.3,Phonemic,murder,,,,
21-430-409-1,shan1277,Shan,902,len.4 cu:.5,Phonemic,adultery,,,,
21-440-409-1,shan1277,Shan,953,kan.4 can.3,Phonemic,rape,,,,
21-460-409-1,shan1277,Shan,1889,lak.5 cut.2 phaj.1,Phonemic,arson,,,,
21-470-409-1,shan1277,Shan,1792,ta:ŋ.2 kwa:m.1 pɛ:t.5 lɛn.3,Phonemic,perjury,,,,
21-510-409-1,shan1277,Shan,713,lak.5,Phonemic,steal,,,,
21-520-409-1,shan1277,Shan,1160,co:n.3,Phonemic,thief,,,,
22-110-409-1,shan1277,Shan,661,sa:.2-sa-na:.2,Phonemic,religion,,,,
22-120-409-1,shan1277,Shan,1944,pha:.1-la:.1-pen.3 caw.4,Phonemic,God,,,,
22-130-409-1,shan1277,Shan,911,si:m.2,Phonemic,"temple, church",,,,
22-130-409-3,shan1277,Shan,911,kjɔ:ŋ.1,Phonemic,"temple, church",,,,
22-140-409-1,shan1277,Shan,853,ti:.4 ta:ŋ.2 mɔ:k.2,Phonemic,altar,,,,
22-150-409-1,shan1277,Shan,1103,khə:ŋ.4 le:ŋ.5 lam.1 tam.1 ta:ŋ.2,Phonemic,"sacrifice, offering",,,,
22-160-409-1,shan1277,Shan,257,pu:.2-c]:.4,Phonemic,worship,,,,
22-160-409-3,shan1277,Shan,257,sak.1-ka:.2-la:.4,Phonemic,worship,,,,
22-170-409-1,shan1277,Shan,24,waj.4 phla:.1,Phonemic,pray,,,,
22-170-409-3,shan1277,Shan,24,ʔa.2-tik.5-tha:n.2,Phonemic,pray,,,,
22-180-409-1,shan1277,Shan,852,mun.3 caɨ.4,Phonemic,priest,,,,
22-190-409-1,shan1277,Shan,1702,ti:.4 mja:t.4,Phonemic,"holy, sacred",,,,
22-220-409-1,shan1277,Shan,304,te:.2-sa.2-na:.2,Phonemic,preach,,,,
22-230-409-1,shan1277,Shan,391,pan.3 kwa:m.1 maŋ.2-ka.2-la:.2,Phonemic,bless,,,,
22-240-409-1,shan1277,Shan,8,kin.2-ca:.2-pan.2-na:k.4,Phonemic,curse,,,,
22-260-409-1,shan1277,Shan,303,ʔam.2 kin.3 khaw.4 kin.3 nam.5,Phonemic,fast (vb),,,,
22-310-409-1,shan1277,Shan,1565,mə:ŋ.1 phi:.3,Phonemic,heaven,,,,
22-320-409-1,shan1277,Shan,878,ŋa:.1-la:j.1,Phonemic,hell,,,,
22-350-409-1,shan1277,Shan,1973,phi:.3,Phonemic,demon (evil spirit),,,,
22-350-409-3,shan1277,Shan,1973,phə:.5,Phonemic,demon (evil spirit),,,,
22-350-409-5,shan1277,Shan,1973,ma:.2-na:t.4,Phonemic,demon (evil spirit),,,,
22-350-409-7,shan1277,Shan,1973,phi:.3 phe:t.2,Phonemic,demon (evil spirit),,,,
22-370-409-1,shan1277,Shan,1945,ha:ŋ.4 khun.3 phi:.3,Phonemic,idol,,,,
22-420-409-1,shan1277,Shan,392,ka:.2-tha:.2,Phonemic,"magic, witchcraft, sorcery",,,,
22-430-409-1,shan1277,Shan,2137,mɔ:.3 phi:.3,Phonemic,"sorcerer, witch",,,,
22-430-409-3,shan1277,Shan,2137,sa.2-la:.2-phi:.3,Phonemic,"sorcerer, witch",,,,
22-430-409-5,shan1277,Shan,2137,phu:.4 mi:.1 wi.1-se:.3,Phonemic,"sorcerer, witch",,,,
22-440-409-1,shan1277,Shan,2138,juk.4-kha-co:.1,Phonemic,"fairy, elf",,,,
22-450-409-1,shan1277,Shan,1175,phə:.5 cuŋ.4,Phonemic,"ghost, phantom",,,,
