ID,Language_ID,Language_name,Parameter_ID,Value,Transcription,Concept,Source,Comment,AlternativeValue,AlternativeTranscription
14-320-406-1,nort1545,Jinsha Dai,1852,ćin.33 chaŋ.31,,often,,,,
14-310-406-1,nort1545,Jinsha Dai,1676,coŋ.44 sɨ̂.31,,always,,,,
14-310-406-3,nort1545,Jinsha Dai,1676,lau.44 sɨ̂.31,,always,,,,
14-290-406-1,nort1545,Jinsha Dai,790,tha.11 xau.44,,ready,,,,
14-280-406-1,nort1545,Jinsha Dai,1928,vu.24 hit.11,,"cease, stop",,,,
14-270-406-1,nort1545,Jinsha Dai,1766,hit.11 mui.11,,finish,,,,
14-260-406-1,nort1545,Jinsha Dai,743,pai.33 haŋ.24,,end (temporal),,,,
14-250-406-1,nort1545,Jinsha Dai,1806,pəi.33 ʔuen.33,,"begin, beginning",,,,
14-240-406-1,nort1545,Jinsha Dai,425,taŋ.33 ko.11,,"retard, delay",,,,
14-230-406-1,nort1545,Jinsha Dai,754,kan.44 ćin.44,,"hasten, hurry",,,,
14-220-406-1,nort1545,Jinsha Dai,701,məi.33,,slow,,,,
14-210-406-1,nort1545,Jinsha Dai,1631,ćiu.44,,"swift, fast, quick",,,,
14-190-406-1,nort1545,Jinsha Dai,1963,ka.33 ćiu.44,,immediately,,,,
14-180-406-1,nort1545,Jinsha Dai,1376,mə.11 leu.24,,now,,,,
14-170-406-1,nort1545,Jinsha Dai,477,la.11,,late,,,,
14-160-406-1,nort1545,Jinsha Dai,672,cau.43,,early,,,,
14-150-406-1,nort1545,Jinsha Dai,1229,thau.11,,old,,,,
14-140-406-1,nort1545,Jinsha Dai,1207,ho.24 hai.33 ńi.44,,young,,,,
14-120-406-1,nort1545,Jinsha Dai,1789,ho.24 hai.33,,age,,,,
14-130-406-1,nort1545,Jinsha Dai,1231,mai.33,,new,,,,
14-110-406-1,nort1545,Jinsha Dai,892,mə.31 vɛan.44,,time,,,,
13-440-406-1,nort1545,Jinsha Dai,417,sa.24 co.31,,three times,,,,
13-380-406-1,nort1545,Jinsha Dai,1546,suaŋ.24 co.31,,two times,,,,
13-370-406-1,nort1545,Jinsha Dai,1888,chuaŋ.31,,pair,,,,
13-370-406-3,nort1545,Jinsha Dai,1888,tie.44,,pair,,,,
13-350-406-1,nort1545,Jinsha Dai,1529,cuen.44 kun.11,,last,,,,
13-340-406-1,nort1545,Jinsha Dai,728,ʔaŋ.31 ləaŋ.31,,first,,,,
13-240-406-1,nort1545,Jinsha Dai,816,fai.33,,half,,CHE,,
13-240-406-3,nort1545,Jinsha Dai,816,vaŋ.11,,half,,CHE,,
13-230-406-1,nort1545,Jinsha Dai,779,kə.33 ńiaŋ.44,,"part, piece",,,,
13-220-406-1,nort1545,Jinsha Dai,1624,vu.11 ńiŋ.44,,empty,,,,
13-210-406-1,nort1545,Jinsha Dai,1429,tiŋ.33,,full,,,,
13-190-406-1,nort1545,Jinsha Dai,2023,vaŋ.31 kon.44,,"multitude, crowd",,,,
13-181-406-1,nort1545,Jinsha Dai,1241,kə.33 ńiaŋ.44,,some,,,,
13-170-406-1,nort1545,Jinsha Dai,1242,sau.44,,"little (quantity), few",,,,
13-180-406-1,nort1545,Jinsha Dai,1881,po.44,,enough,,,,
13-160-406-1,nort1545,Jinsha Dai,1992,ʔiek.44 to.11,,more,,,,
13-150-406-1,nort1545,Jinsha Dai,1198,to.11,,"much, many",,CHE; CHE,,
13-150-406-3,nort1545,Jinsha Dai,1198,lai.24,,"much, many",,CHE; CHE,,
13-140-406-1,nort1545,Jinsha Dai,98,tə.43 məŋ.44,,"every, all",,,,
13-107-406-1,nort1545,Jinsha Dai,1420,ʔaŋ.33,,count,,,,
13-106-406-1,nort1545,Jinsha Dai,1843,hiŋ.24,,thousand,,,,
13-105-406-1,nort1545,Jinsha Dai,1634,pak.43,,hundred,,,,
13-104-406-1,nort1545,Jinsha Dai,1710,sau.44 śik.24,,twenty,,,,
13-103-406-1,nort1545,Jinsha Dai,1709,śik.24 ha.11,,fifteen,,,,
13-102-406-1,nort1545,Jinsha Dai,1707,śik.24 suaŋ.24,,twelve,,,,
13-101-406-1,nort1545,Jinsha Dai,1706,śik.24 ʔik.11,,eleven,,,,
13-100-406-1,nort1545,Jinsha Dai,1515,śik.24,,ten,,,,
13-90-406-1,nort1545,Jinsha Dai,1483,kau.11,,nine,,,,
13-80-406-1,nort1545,Jinsha Dai,1705,piet.43,,eight,,,,
13-70-406-1,nort1545,Jinsha Dai,1704,cit.11,,seven,,,,
13-60-406-1,nort1545,Jinsha Dai,1703,həu.31,,six,,,,
13-50-406-1,nort1545,Jinsha Dai,493,ha.11,,five,,,,
13-40-406-1,nort1545,Jinsha Dai,1500,śi.44,,four,,,,
13-20-406-1,nort1545,Jinsha Dai,1498,suaŋ.24,,two,,,,
13-30-406-1,nort1545,Jinsha Dai,492,sa.24,,three,,,,
13-10-406-1,nort1545,Jinsha Dai,1493,ləaŋ.31,,one,,,,
13-0-406-1,nort1545,Jinsha Dai,1294,vu.24 ńiŋ.44,,"zero, nothing",,,,
12-930-406-1,nort1545,Jinsha Dai,1264,pian.11,,change,,,,
12-920-406-1,nort1545,Jinsha Dai,1558,thoŋ.43,,"like, similar",,,,
12-840-406-1,nort1545,Jinsha Dai,1048,haŋ.31 mai.24,,line,,,,
12-850-406-1,nort1545,Jinsha Dai,1667,hu.44,,hole,,,,
12-830-406-1,nort1545,Jinsha Dai,1845,ćhiu.31,,"sphere, ball",,,,
12-810-406-1,nort1545,Jinsha Dai,1395,lue.31,,round,,,,
12-820-406-1,nort1545,Jinsha Dai,1467,haŋ.44 lue.31,,circle,,,,
12-780-406-1,nort1545,Jinsha Dai,850,śi.44 faŋ.33,,square,,,,
12-770-406-1,nort1545,Jinsha Dai,1367,puak.11 ke.33,,cross,,,,
12-760-406-1,nort1545,Jinsha Dai,192,xəu.24,,corner,,,,
12-750-406-1,nort1545,Jinsha Dai,1071,ńio.44,,hook,,,,
12-740-406-1,nort1545,Jinsha Dai,297,ńio.44,,crooked,,,,
12-730-406-1,nort1545,Jinsha Dai,1404,sə.31,,straight,,,,
12-710-406-1,nort1545,Jinsha Dai,1633,piŋ.44,,flat,,,,
12-680-406-1,nort1545,Jinsha Dai,193,tɛ.11,,shallow,,,,
12-670-406-1,nort1545,Jinsha Dai,1593,ləaŋ.43,,deep,,,,
12-650-406-1,nort1545,Jinsha Dai,2249,vaŋ.33,,thin (in dimension),,,,
12-630-406-1,nort1545,Jinsha Dai,1244,na.24,,thick (in dimension),,,,
12-620-406-1,nort1545,Jinsha Dai,1267,tit.43,,narrow,,,,
12-610-406-1,nort1545,Jinsha Dai,1243,kaŋ.11,,"wide, broad",,,,
12-590-406-1,nort1545,Jinsha Dai,1645,luet.11,,short,,,,
12-580-406-1,nort1545,Jinsha Dai,711,suŋ.24,,tall,,,,
12-570-406-1,nort1545,Jinsha Dai,1203,śi.44,,long,,,,
12-560-406-1,nort1545,Jinsha Dai,1246,ńi.44,,"small, little",,,,
12-550-406-1,nort1545,Jinsha Dai,1202,xə.43,,"large, big",,,,
12-530-406-1,nort1545,Jinsha Dai,479,ju.44 jai.33,,grow,,,,
12-430-406-1,nort1545,Jinsha Dai,1942,khaŋ.11,,near (adv),,,,
12-430-406-3,nort1545,Jinsha Dai,1942,kəai.33,,near (adv),,,,
12-420-406-1,nort1545,Jinsha Dai,244,kha.11 chai.31,,left (side),,,,
12-410-406-1,nort1545,Jinsha Dai,1019,kha.11 xa.24,,right (side),,,,
12-370-406-1,nort1545,Jinsha Dai,1093,tat.24 kaŋ.33,,"middle, center",,,,
12-360-406-1,nort1545,Jinsha Dai,682,suaŋ.24 fa.11,,side,,,,
12-353-406-1,nort1545,Jinsha Dai,863,xuai.33 mai.44,,edge,,,,
12-352-406-1,nort1545,Jinsha Dai,372,phai.24 pai.33,,pointed,,,,
12-350-406-1,nort1545,Jinsha Dai,742,haŋ.24 lian.24,,end,,,,
12-340-406-1,nort1545,Jinsha Dai,690,tai.11 mai.44,,bottom,,,,
12-320-406-1,nort1545,Jinsha Dai,721,tɛ.33,,low,,,,
12-330-406-1,nort1545,Jinsha Dai,1753,pai.33 li.44,,top,,,,
12-310-406-1,nort1545,Jinsha Dai,1265,suŋ.24,,high,,,,
12-270-406-1,nort1545,Jinsha Dai,602,ńiŋ.24,,"hide, conceal",,,,
12-270-406-3,nort1545,Jinsha Dai,602,ʔau.33 vai.43 ńiŋ.24,,"hide, conceal",,,,
12-250-406-1,nort1545,Jinsha Dai,1046,hɛ.11 pat.11 tu.33,,"shut, close",,,,
12-260-406-1,nort1545,Jinsha Dai,761,huen.33,,cover,,,,
12-240-406-1,nort1545,Jinsha Dai,1156,puet.44,,open,,,,
12-240-406-3,nort1545,Jinsha Dai,1156,puet.44 khai.33,,open,,,,
12-232-406-1,nort1545,Jinsha Dai,1119,fi.11,,divide,,,,
12-232-406-3,nort1545,Jinsha Dai,1119,fi.11 khai.33,,divide,,,,
12-230-406-1,nort1545,Jinsha Dai,1359,fi.11 khai.33,,separate,,,,
12-220-406-1,nort1545,Jinsha Dai,1743,hɛ.31 kɛ.33,,"join, unite",,,,
12-213-406-1,nort1545,Jinsha Dai,1576,kuaŋ.33 loŋ.44,,pile up,,,,
12-212-406-1,nort1545,Jinsha Dai,371,ćiu.11 loŋ.44,,pick up,,,,
12-170-406-1,nort1545,Jinsha Dai,838,lə.24,,"remains, left overs",,,,
12-160-406-1,nort1545,Jinsha Dai,987,ju.11 hən.44,,"remain, stay",,,,
12-160-406-3,nort1545,Jinsha Dai,987,ju.11,,"remain, stay",,,,
12-150-406-1,nort1545,Jinsha Dai,1442,hɛan.24,,stand,,,,
12-140-406-1,nort1545,Jinsha Dai,215,nuen.44 loŋ.44,,lie down,,,,
12-130-406-1,nort1545,Jinsha Dai,1416,naŋ.31,,sit,,,,
12-120-406-1,nort1545,Jinsha Dai,998,vəai.43 ju.44,,put,,,,
12-110-406-1,nort1545,Jinsha Dai,723,ti.11 məŋ.44,,place,,,,
12-80-406-1,nort1545,Jinsha Dai,1591,ju.44 nə.24 na.11,,"up, above",,,,
12-70-406-1,nort1545,Jinsha Dai,1485,ju.44 ka.33 tai.11,,under,,,,
12-60-406-1,nort1545,Jinsha Dai,762,ju.44 kan.31 nuak.11,,outside,,,,
12-50-406-1,nort1545,Jinsha Dai,1606,ju.44 ńi.44 nai.11,,"inside, in",,,,
12-41-406-1,nort1545,Jinsha Dai,1883,ju.44 pəi.33 ʔuen.33,,front,,,,
12-40-406-1,nort1545,Jinsha Dai,1882,ju.44 pəi.33 ʔuen.33,,before,,,,
12-30-406-1,nort1545,Jinsha Dai,2094,ka.33 tai.11,,"down, below",,,,
12-20-406-1,nort1545,Jinsha Dai,1816,ju.44 hiŋ.44 khaŋ.31,,beside,,,,
12-11-406-1,nort1545,Jinsha Dai,1686,ju.44 cuen.44 kun.11,,behind,,,,
12-10-406-1,nort1545,Jinsha Dai,1685,ju.44 nai.11,,after,,,,
11-920-406-1,nort1545,Jinsha Dai,1098,caŋ.31,,weigh,,,,
11-910-406-1,nort1545,Jinsha Dai,884,fi.11 ʔuak.11 ka.33,,share (distribute),,,,
11-910-406-3,nort1545,Jinsha Dai,884,fi.11 hai.11,,share (distribute),,,,
11-890-406-1,nort1545,Jinsha Dai,1887,vu.33 piaŋ.44,,cheap,,,,
11-880-406-1,nort1545,Jinsha Dai,1426,piaŋ.44,,"dear (costly, expensive)",,,,
11-870-406-1,nort1545,Jinsha Dai,657,ka.31,,price,,,,
11-850-406-1,nort1545,Jinsha Dai,633,kɛat.43,,market (place),,,,
11-840-406-1,nort1545,Jinsha Dai,1082,hit.11 sɨ.43 xai.24 nə.33 kon.44,,merchant,,,,
11-830-406-1,nort1545,Jinsha Dai,2135,hit.11 sɨ.43 xai.24,,"trade, barter",,,,
11-820-406-1,nort1545,Jinsha Dai,1571,xai.24,,sell,,,,
11-810-406-1,nort1545,Jinsha Dai,1869,sɨ.43,,buy,,,,
11-790-406-1,nort1545,Jinsha Dai,733,lə.31 vian.11,,earn,,,,
11-780-406-1,nort1545,Jinsha Dai,1122,ka.33 hɛaŋ.44,,wages,,,,
11-770-406-1,nort1545,Jinsha Dai,856,huaŋ.43 hɛaŋ.44,,hire,,,,
11-660-406-1,nort1545,Jinsha Dai,1081,ban.1-chi:.1,,"account, reckoning",,,,
11-650-406-1,nort1545,Jinsha Dai,718,ʔuak.11 vian.11,,pay (vb),,,,
11-630-406-1,nort1545,Jinsha Dai,369,cha.33,,owe,,,,
11-620-406-1,nort1545,Jinsha Dai,1823,jin.11 xau.31,,borrow,,,,
11-620-406-3,nort1545,Jinsha Dai,1823,jin.11 luai.44,,borrow,,,,
11-610-406-1,nort1545,Jinsha Dai,582,jin.11 ʔuak.11,,lend,,,,
11-540-406-1,nort1545,Jinsha Dai,1774,khi:.3 niaw.5,,"avaricious, stingy",,,,
11-530-406-1,nort1545,Jinsha Dai,1934,khau.11 mo.24 phi.24,,beggar,,,,
11-520-406-1,nort1545,Jinsha Dai,1674,jiak.11,,poor,,,,
11-520-406-3,nort1545,Jinsha Dai,1674,vu.11 ńiŋ.44 vian.11,,poor,,,,
11-510-406-1,nort1545,Jinsha Dai,712,ńiŋ.44 vian.11,,rich,,,,
11-510-406-3,nort1545,Jinsha Dai,712,mi.44 loŋ.24,,rich,,,,
11-440-406-1,nort1545,Jinsha Dai,1867,vian.11 ćiaŋ.24,,coin,,,,
11-430-406-1,nort1545,Jinsha Dai,1559,vian.11,,money,,,,
11-340-406-1,nort1545,Jinsha Dai,1095,pəi.33 ńia.31,,"release, let go",,,,
11-330-406-1,nort1545,Jinsha Dai,1660,pəi.31 hai.24,,lose,,,,
11-320-406-1,nort1545,Jinsha Dai,719,təai.33 co.31,,find,,,,
11-310-406-1,nort1545,Jinsha Dai,1468,təai.33,,"seek, look for",,,,
11-280-406-1,nort1545,Jinsha Dai,44,pəi.33 lia.33,,"harm, injure, damage",,,,
11-280-406-3,nort1545,Jinsha Dai,44,pəi.33 lu.43,,"harm, injure, damage",,,,
11-270-406-1,nort1545,Jinsha Dai,681,pəi.33 lia.33,,destroy,,,,
11-240-406-1,nort1545,Jinsha Dai,1997,hie.44 vai.43,,"preserve, look after",,,,
11-220-406-1,nort1545,Jinsha Dai,85,xən.24,,give back,,,,
11-220-406-3,nort1545,Jinsha Dai,85,xən.24 luai.44,,give back,,,,
11-210-406-1,nort1545,Jinsha Dai,1447,hai.31,,give,,,,
11-180-406-1,nort1545,Jinsha Dai,738,na.33 taŋ.44,,thing,,,,
11-160-406-1,nort1545,Jinsha Dai,694,lai.11,,"get, obtain",,,,
11-150-406-1,nort1545,Jinsha Dai,1448,vu.11 ju.44,,hold,,,,
11-140-406-1,nort1545,Jinsha Dai,2021,san.24 ju.44,,"seize, grasp",,,,
11-140-406-3,nort1545,Jinsha Dai,2021,hiu.31 ju.44,,"seize, grasp",,,,
11-130-406-1,nort1545,Jinsha Dai,1749,jiau.33,,take,,,,
11-130-406-3,nort1545,Jinsha Dai,1749,ʔau.33,,take,,,,
11-120-406-1,nort1545,Jinsha Dai,684,tu.33 ńiŋ.44,,"own, possess",,,,
11-120-406-3,nort1545,Jinsha Dai,684,ko.11 ńiŋ.44,,"own, possess",,,,
11-110-406-1,nort1545,Jinsha Dai,773,ńiŋ.44,,have,,,,
10-920-406-1,nort1545,Jinsha Dai,1922,xən.31 fa.24 lan.43,,land (vb),,,,
10-890-406-1,nort1545,Jinsha Dai,1870,thiŋ.31 hə.44,,anchor,,,,
10-880-406-1,nort1545,Jinsha Dai,786,vai.11 hə.44 kəai.33,,sail (noun),,,,
10-880-406-3,nort1545,Jinsha Dai,786,vai.11 ńia.31,,sail (noun),,,,
10-852-406-1,nort1545,Jinsha Dai,1849,vai.11 hə.44,,row (vb),,,,
10-851-406-1,nort1545,Jinsha Dai,234,jiau.31 phian.44,,paddle (noun),,,,
10-850-406-1,nort1545,Jinsha Dai,108,jiau.31 phian.44,,oar,,,,
10-840-406-1,nort1545,Jinsha Dai,1664,hə.44 mai.43 lai.31,,raft,,,,
10-830-406-1,nort1545,Jinsha Dai,1844,hə.44 ńi.33,,boat,,,,
10-810-406-1,nort1545,Jinsha Dai,740,hə.44 loŋ.24,,ship,,,,
10-770-406-1,nort1545,Jinsha Dai,1769,chə.33 cu.31,,axle,,,,
10-760-406-1,nort1545,Jinsha Dai,710,chə.33 luen.31,,wheel,,,,
10-750-406-1,nort1545,Jinsha Dai,122,chə.33,,"carriage, wagon, cart",,,,
10-740-406-1,nort1545,Jinsha Dai,1011,kho.24,,bridge,,,,
10-720-406-1,nort1545,Jinsha Dai,2252,taŋ.44 ńi.33,,path,,,,
10-710-406-1,nort1545,Jinsha Dai,667,taŋ.44,,road,,,,
10-710-406-3,nort1545,Jinsha Dai,667,taŋ.44 loŋ.24,,road,,,,
10-670-406-1,nort1545,Jinsha Dai,1452,chuet.43,,"push, shove",,,,
10-660-406-1,nort1545,Jinsha Dai,367,ćhi.24,,ride,,,,
10-650-406-1,nort1545,Jinsha Dai,741,lai.31 chə.33,,drive,,CHE,,
10-650-406-3,nort1545,Jinsha Dai,741,khai.33,,drive,,CHE,,
10-640-406-1,nort1545,Jinsha Dai,43,ʔuen.33 taŋ.44,,lead (vb),,,,
10-630-406-1,nort1545,Jinsha Dai,1127,tai.33 ka.33,,send,,,,
10-620-406-1,nort1545,Jinsha Dai,692,ʔau.33 ma.44,,bring,,,,
10-615-406-1,nort1545,Jinsha Dai,415,hik.24,,carry-underarm,,,,
10-614-406-1,nort1545,Jinsha Dai,414,tiŋ.44,,carry-on-head,,,,
10-613-406-1,nort1545,Jinsha Dai,413,viak.43,,carry-on-shoulder,,,,
10-612-406-1,nort1545,Jinsha Dai,412,hiu.11,,carry-in-hand,,,,
10-610-406-1,nort1545,Jinsha Dai,700,ʔau.33,,carry (bear),,,,
10-570-406-1,nort1545,Jinsha Dai,749,xau.11 ka.33,,enter,,,,
10-560-406-1,nort1545,Jinsha Dai,1778,ma.44 thɨŋ.24,,approach,,,,
10-560-406-3,nort1545,Jinsha Dai,1778,hiŋ.44 khaŋ.11,,approach,,,,
10-550-406-1,nort1545,Jinsha Dai,1387,thɨŋ.24 na.11,,"reach, arrive",,,,
10-530-406-1,nort1545,Jinsha Dai,1047,ńiau.33 loŋ.24,,pursue,,,,
10-520-406-1,nort1545,Jinsha Dai,1085,cuen.44 pai.33,,follow,,,,
10-510-406-1,nort1545,Jinsha Dai,956,liau.44 pai.33,,flee,,,,
10-491-406-1,nort1545,Jinsha Dai,485,pai.33 hai.24,,disappear,,,,
10-490-406-1,nort1545,Jinsha Dai,1752,pai.33,,"go away, depart",,,,
10-481-406-1,nort1545,Jinsha Dai,581,ńua.11 ma.44,,come back,,,,
10-481-406-3,nort1545,Jinsha Dai,581,puak.11 ńua.11 ma.44,,come back,,,,
10-480-406-1,nort1545,Jinsha Dai,1446,ma.44,,come,,,,
10-474-406-1,nort1545,Jinsha Dai,1107,ʔuak.44 ka.33,,go out,,,,
10-473-406-1,nort1545,Jinsha Dai,2014,ńia.31 loŋ.44 ka.33,,go down,,,,
10-472-406-1,nort1545,Jinsha Dai,1102,va.44 xən.31 ka.33,,climb,,,,
10-470-406-1,nort1545,Jinsha Dai,695,ka.33,,go,,,,
10-471-406-1,nort1545,Jinsha Dai,705,ńia.31 xən.31 ka.33,,go up,,,,
10-460-406-1,nort1545,Jinsha Dai,1519,liau.33,,run,,,,
10-451-406-1,nort1545,Jinsha Dai,366,xa.24 ćhie.44,,limp,,,,
10-450-406-1,nort1545,Jinsha Dai,1443,ńia.31 taŋ.44,,walk,,,,
10-440-406-1,nort1545,Jinsha Dai,1879,tiŋ.11 vu.44,,dance,,,,
10-431-406-1,nort1545,Jinsha Dai,1135,thit.24,,kick,,,,
10-430-406-1,nort1545,Jinsha Dai,1829,tiŋ.11,,"jump, leap",,,,
10-420-406-1,nort1545,Jinsha Dai,1324,pha.31 lɛ.11,,"slide, slip",,,,
10-413-406-1,nort1545,Jinsha Dai,296,ńio.33,,crouch,,,,
10-412-406-1,nort1545,Jinsha Dai,66,nua.43,,kneel,,,,
10-410-406-1,nort1545,Jinsha Dai,96,va.44,,"creep, crawl",,,,
10-380-406-1,nort1545,Jinsha Dai,175,pau.44,,blow,,,,
10-370-406-1,nort1545,Jinsha Dai,1441,vin.33,,fly (vb),,,,
10-352-406-1,nort1545,Jinsha Dai,365,phuak.11 lan.43,,splash,,,,
10-351-406-1,nort1545,Jinsha Dai,119,mən.44 lan.43,,dive,,,,
10-350-406-1,nort1545,Jinsha Dai,1439,fai.44 lan.43,,swim,,,,
10-340-406-1,nort1545,Jinsha Dai,1574,ləai.24 luaŋ.44,,float,,,,
10-330-406-1,nort1545,Jinsha Dai,1088,lo.11,,sink,,,,
10-320-406-1,nort1545,Jinsha Dai,2003,ləai.24,,flow,,,,
10-260-406-1,nort1545,Jinsha Dai,1909,xuan.44 nəŋ.24,,shake,,,,
10-252-406-1,nort1545,Jinsha Dai,702,ńia.24 vai.43,,catch (ball),,,,
10-252-406-3,nort1545,Jinsha Dai,702,to.33 vai.43,,catch (ball),,,,
10-250-406-1,nort1545,Jinsha Dai,1456,khau.44,,throw,,,,
10-240-406-1,nort1545,Jinsha Dai,2253,tok.11,,drip,,,,
10-230-406-1,nort1545,Jinsha Dai,1280,tə.43 loŋ.44 ma.44,,fall,,,,
10-220-406-1,nort1545,Jinsha Dai,501,mie.24 xən.11,,"raise, lift",,,,
10-210-406-1,nort1545,Jinsha Dai,568,xən.11 ma.44,,rise,,,,
10-170-406-1,nort1545,Jinsha Dai,430,cuen.11 toŋ.11,,twist,,,,
10-170-406-3,nort1545,Jinsha Dai,430,puak.11 ńuaŋ.24,,twist,,,,
10-160-406-1,nort1545,Jinsha Dai,808,tə.43,,drop (vb),,,,
10-150-406-1,nort1545,Jinsha Dai,827,lie.24,,roll,,,,
10-140-406-1,nort1545,Jinsha Dai,1113,ho.44,,"wind, wrap",,,,
10-130-406-1,nort1545,Jinsha Dai,1445,khai.24 naŋ.24,,turn around,,,,
10-130-406-3,nort1545,Jinsha Dai,1445,khai.24 ho.24,,turn around,,,,
10-120-406-1,nort1545,Jinsha Dai,1588,xuen.11 pie.11,,turn over,,,,
10-110-406-1,nort1545,Jinsha Dai,765,nəŋ.24,,move,,,,
9-890-406-1,nort1545,Jinsha Dai,2001,ćhi.11,,paint (vb),,,,
9-840-406-1,nort1545,Jinsha Dai,1979,śiu.44,,chisel,,,,
9-880-406-1,nort1545,Jinsha Dai,647,ćhi.11,,paint (noun),,,,
9-830-406-1,nort1545,Jinsha Dai,1002,khak.11 huai.44,,statue,,,,
9-810-406-1,nort1545,Jinsha Dai,228,khak.11,,carve,,,,
9-791-406-1,nort1545,Jinsha Dai,360,vi.44,,fan (vb),,,,
9-790-406-1,nort1545,Jinsha Dai,1971,vi.44,,fan (noun),,,,
9-780-406-1,nort1545,Jinsha Dai,293,thoŋ.24 ćhie.24,,netbag,,,,
9-770-406-1,nort1545,Jinsha Dai,195,fok.11,,mat,,,,
9-760-406-1,nort1545,Jinsha Dai,1539,suaŋ.44,,basket,,,,
9-750-406-1,nort1545,Jinsha Dai,1729,sɛan.24,,"weave, plait",,,,
9-740-406-1,nort1545,Jinsha Dai,604,po.33 li.33,,glass,,,,
9-730-406-1,nort1545,Jinsha Dai,1399,lin.33,,clay,,,,
9-720-406-1,nort1545,Jinsha Dai,289,hit.11 haŋ.31,,mold (clay etc),,,,
9-690-406-1,nort1545,Jinsha Dai,358,śi.24,,"tin, tinplate",,,,
9-670-406-1,nort1545,Jinsha Dai,621,liek.11,,iron,,,,
9-660-406-1,nort1545,Jinsha Dai,1825,tuaŋ.44,,"copper, bronze",,,,
9-650-406-1,nort1545,Jinsha Dai,759,ńian.44,,silver,,,,
9-640-406-1,nort1545,Jinsha Dai,1369,xəa.44,,gold,,,,
9-630-406-1,nort1545,Jinsha Dai,211,lo.33 liek.11,,cast (metals),,,,
9-610-406-1,nort1545,Jinsha Dai,288,lian.44 liek.11,,forge,,,,
9-600-406-1,nort1545,Jinsha Dai,1001,pu.44 liek.11,,"smith, blacksmith",,,,
9-500-406-1,nort1545,Jinsha Dai,502,tin.33 cɨ̂.44,,nail,,,,
9-490-406-1,nort1545,Jinsha Dai,1481,chui.31,,hammer,,,,
9-480-406-1,nort1545,Jinsha Dai,1948,lə.31,,saw,,,,
9-461-406-1,nort1545,Jinsha Dai,46,khuet.11,,hollow out,,,,
9-460-406-1,nort1545,Jinsha Dai,1501,tiaŋ.44 puaŋ.33,,bore,,,,
9-440-406-1,nort1545,Jinsha Dai,1840,jia.31 hən.44,,build,,,,
9-430-406-1,nort1545,Jinsha Dai,1042,mu.11 ćiaŋ.24,,carpenter,,,,
9-422-406-1,nort1545,Jinsha Dai,1361,na.33 taŋ.44,,tool,,,,
9-380-406-1,nort1545,Jinsha Dai,245,ńiau.44,,broom,,,,
9-360-406-1,nort1545,Jinsha Dai,1453,saŋ.43,,wash,,CHE; CHE,,
9-360-406-3,nort1545,Jinsha Dai,1453,suk.43,,wash,,CHE; CHE,,
9-370-406-1,nort1545,Jinsha Dai,230,pɛat.11,,sweep,,,,
9-350-406-1,nort1545,Jinsha Dai,1487,thuak.24,,pour,,,,
9-343-406-1,nort1545,Jinsha Dai,1414,hit.24,,"squeeze, wring",,,,
9-343-406-3,nort1545,Jinsha Dai,1414,mit.43,,"squeeze, wring",,,,
9-342-406-1,nort1545,Jinsha Dai,1913,tik.11,,press,,,,
9-341-406-1,nort1545,Jinsha Dai,357,huai.11,,hang up,,,,
9-340-406-1,nort1545,Jinsha Dai,38,la.11 śi.44,,spread out,,,,
9-340-406-3,nort1545,Jinsha Dai,38,ʔa.11 khai.33,,spread out,,,,
9-330-406-1,nort1545,Jinsha Dai,1455,lak.11,,pull,,,,
9-320-406-1,nort1545,Jinsha Dai,214,la.11 śi.44,,stretch,,,,
9-310-406-1,nort1545,Jinsha Dai,1449,nuet.11,,"rub, wipe",,,,
9-290-406-1,nort1545,Jinsha Dai,291,nuak.11 naŋ.24,,"flay, skin",,,,
9-280-406-1,nort1545,Jinsha Dai,1735,śiak.24 khai.33,,tear,,,,
9-270-406-1,nort1545,Jinsha Dai,1437,pha.44 khai.33,,split,,,,
9-261-406-1,nort1545,Jinsha Dai,588,puaŋ.33,,broken,,,,
9-260-406-1,nort1545,Jinsha Dai,680,vit.11 (pit.11),,break,,,,
9-250-406-1,nort1545,Jinsha Dai,677,xɛan.24,,ax,,,,
9-251-406-1,nort1545,Jinsha Dai,290,pən.11,,adze,,,,
9-240-406-1,nort1545,Jinsha Dai,356,cit.11,,"scissors, shears",,,,
9-230-406-1,nort1545,Jinsha Dai,1352,mit.11 / pha.31,,knife,,,,
9-223-406-1,nort1545,Jinsha Dai,1434,tiaŋ.44,,stab,,,,
9-222-406-1,nort1545,Jinsha Dai,155,kət.31 pit.11,,"chop, hew",,,,
9-221-406-1,nort1545,Jinsha Dai,355,kət.31 tau.11,,cut down,,,,
9-220-406-1,nort1545,Jinsha Dai,1432,pət.33,,cut,,,,
9-220-406-3,nort1545,Jinsha Dai,1432,kət.31,,cut,,,,
9-211-406-1,nort1545,Jinsha Dai,354,pu.43,,pound with fist,,,,
9-210-406-1,nort1545,Jinsha Dai,2133,pu.43,,"strike (hit, beat)",,,,
9-192-406-1,nort1545,Jinsha Dai,760,hɛat.43,,knot (noun),,,,
9-190-406-1,nort1545,Jinsha Dai,1218,cɨ̂k.11,,"rope, cord",,,,
9-180-406-1,nort1545,Jinsha Dai,1627,cɨ̂k.11 liek.11,,chain,,,,
9-161-406-1,nort1545,Jinsha Dai,352,khəai.24,,untie,,,,
9-160-406-1,nort1545,Jinsha Dai,1917,hɛat.43,,"tie, bind",,,,
9-150-406-1,nort1545,Jinsha Dai,1470,cə.11,,fold,,,,
9-150-406-3,nort1545,Jinsha Dai,1470,thui.43,,fold,,,,
9-140-406-1,nort1545,Jinsha Dai,2004,ńio.44,,bend,,,,
9-120-406-1,nort1545,Jinsha Dai,984,hit.11 na.31 xuaŋ.24,,work,,,,
9-110-406-1,nort1545,Jinsha Dai,2575,hit.11,,"do, make",,,,
8-980-406-1,nort1545,Jinsha Dai,641,hiet.11,,mushroom,,,,
8-970-406-1,nort1545,Jinsha Dai,33,kui.33,,nettle,,,,
8-960-406-1,nort1545,Jinsha Dai,348,nau.44 (pa.33),,fish poison (root),,,,
8-941-406-1,nort1545,Jinsha Dai,146,ʔuai.11,,sugar cane,,,,
8-940-406-1,nort1545,Jinsha Dai,1927,mai.43 lai.31,,bamboo,,,,
8-931-406-1,nort1545,Jinsha Dai,864,lan.43 tau.11,,"pumpkin, squash",,,,
8-930-406-1,nort1545,Jinsha Dai,411,tau.11 le.11,,gourd,,,,
8-920-406-1,nort1545,Jinsha Dai,925,mai.43 mɛ.44,,"tapioca, manioc, cassava",,,,
8-912-406-1,nort1545,Jinsha Dai,410,kan.11 mɛ.44,,yam,,,,
8-910-406-1,nort1545,Jinsha Dai,159,mɛ.44 liaŋ.33,,sweet potato,,,,
8-850-406-1,nort1545,Jinsha Dai,346,ton.11 ma.44 hək.11,,banyan,,,,
8-840-406-1,nort1545,Jinsha Dai,868,kui.11,,banana tree,,,,
8-760-406-1,nort1545,Jinsha Dai,345,jaŋ.33 mai.43,,sap,,,,
8-750-406-1,nort1545,Jinsha Dai,1204,naŋ.24 mai.43,,bark,,,,
8-740-406-1,nort1545,Jinsha Dai,409,xua.31 mai.43,,forked branch,,,,
8-730-406-1,nort1545,Jinsha Dai,344,ton.11 mai.43,,tree trunk,,,,
8-720-406-1,nort1545,Jinsha Dai,241,ho.24 to.33 lo.44 mai.43,,tree stump,,,,
8-691-406-1,nort1545,Jinsha Dai,1124,ho.24 jian.33 ko.33,,pipe,,,,
8-690-406-1,nort1545,Jinsha Dai,1689,luet.44,,smoke (tobacco),,,,
8-690-406-3,nort1545,Jinsha Dai,1689,jian.33,,smoke (tobacco),,,,
8-680-406-1,nort1545,Jinsha Dai,974,chau.44 jian.33,,tobacco,,,,
8-670-406-1,nort1545,Jinsha Dai,343,thau.24,,vine,,,,
8-650-406-1,nort1545,Jinsha Dai,1915,thoŋ.44 mai.43 ńi.33,,fir,,,,
8-640-406-1,nort1545,Jinsha Dai,1740,ton.11 pɛak.11,,pine,,,,
8-630-406-1,nort1545,Jinsha Dai,1855,ton.11 mai.43 xau.24,,birch,,,,
8-600-406-1,nort1545,Jinsha Dai,906,ton.11 mai.43,,tree,,,,
8-570-406-1,nort1545,Jinsha Dai,239,vuak.44,,flower,,,,
8-560-406-1,nort1545,Jinsha Dai,628,vai.33 mai.43,,leaf,,,,
8-550-406-1,nort1545,Jinsha Dai,1531,xua.31 mai.43,,branch,,,,
8-540-406-1,nort1545,Jinsha Dai,670,hak.11,,root,,,,
8-531-406-1,nort1545,Jinsha Dai,1486,suan.11,,plant (vb),,,,
8-520-406-1,nort1545,Jinsha Dai,342,faŋ.44 hɛaŋ.11,,hay,,,,
8-530-406-1,nort1545,Jinsha Dai,653,ńia.11,,plant (noun),,,,
8-510-406-1,nort1545,Jinsha Dai,606,ńia.11,,grass,,,,
8-480-406-1,nort1545,Jinsha Dai,926,khau.11 xau.24,,rice,,,,
8-470-406-1,nort1545,Jinsha Dai,506,khau.11 lə.33,,"maize, corn",,,,
8-460-406-1,nort1545,Jinsha Dai,60,khau.11 ka.31,,oats,,,,
8-450-406-1,nort1545,Jinsha Dai,23,khau.11 cha.11 lɛ.33,,rye,,,,
8-430-406-1,nort1545,Jinsha Dai,1077,khau.11 cha.11,,wheat,,,,
8-440-406-1,nort1545,Jinsha Dai,932,khau.11 suŋ.44,,barley,,,,
8-420-406-1,nort1545,Jinsha Dai,605,khau.11 lan.43,,"grain (barley, oats etc)",,,,
8-410-406-1,nort1545,Jinsha Dai,611,pu.43 khau.11,,"crop, harvest",,,,
8-350-406-1,nort1545,Jinsha Dai,223,ti.33 pu.43 khau.11,,threshing-floor,,,,
8-340-406-1,nort1545,Jinsha Dai,285,pu.43 khau.11,,thresh,,,,
8-330-406-1,nort1545,Jinsha Dai,2132,śiu.44,,"sickle, scythe",,,,
8-320-406-1,nort1545,Jinsha Dai,190,pət.33,,"mow, reap",,,,
8-320-406-3,nort1545,Jinsha Dai,190,pət.33 khau.11,,"mow, reap",,,,
8-311-406-1,nort1545,Jinsha Dai,714,fɛan.44,,seed,,,,
8-310-406-1,nort1545,Jinsha Dai,748,po.43 fɛan.44,,sow,,,,
8-270-406-1,nort1545,Jinsha Dai,338,san.31 loŋ.24,,rake,,,,
8-260-406-1,nort1545,Jinsha Dai,337,san.33 san.31,,fork,,,,
8-250-406-1,nort1545,Jinsha Dai,284,xo.24,,hoe,,,,
8-250-406-3,nort1545,Jinsha Dai,284,khuet.11,,hoe,,,,
8-240-406-1,nort1545,Jinsha Dai,1901,ćue.31,,shovel,,,,
8-230-406-1,nort1545,Jinsha Dai,1176,ćue.31,,spade,,,,
8-212-406-1,nort1545,Jinsha Dai,1794,thai.24 huaŋ.31,,furrow,,,,
8-220-406-1,nort1545,Jinsha Dai,1418,khuet.11,,dig,,,,
8-210-406-1,nort1545,Jinsha Dai,1921,thai.24,,plow,,,,
8-170-406-1,nort1545,Jinsha Dai,2002,huaŋ.31 lan.43,,ditch,,,,
8-160-406-1,nort1545,Jinsha Dai,1690,fa.24 ćhie.31,,fence,,,,
8-150-406-1,nort1545,Jinsha Dai,1541,thai.24 na.44,,"cultivate, till",,,,
8-130-406-1,nort1545,Jinsha Dai,586,həai.31 pha.11,,garden,,,,
8-120-406-1,nort1545,Jinsha Dai,212,na.44,,field (for cultivation),,,,
8-110-406-1,nort1545,Jinsha Dai,979,ho.24 luak.24,,farmer,,,,
7-640-406-1,nort1545,Jinsha Dai,901,ćhie.11 lin.33,,adobe,,,,
7-630-406-1,nort1545,Jinsha Dai,224,lan.43 sai.44,,mortar,,,,
7-620-406-1,nort1545,Jinsha Dai,1006,cuen.33,,brick,,,,
7-580-406-1,nort1545,Jinsha Dai,876,nə.24 pat.11 tu.33,,arch,,,,
7-610-406-1,nort1545,Jinsha Dai,877,tuaŋ.11 hiŋ.24,,mason,,,,
7-570-406-1,nort1545,Jinsha Dai,1227,pɛan.11 mai.43,,board,,,,
7-560-406-1,nort1545,Jinsha Dai,281,xuen.31,,"post, pole",,,,
7-550-406-1,nort1545,Jinsha Dai,1132,liaŋ.31 loŋ.24,,beam,,,,
7-540-406-1,nort1545,Jinsha Dai,829,chuen.31 cɨ̂.44,,rafter,,,,
7-530-406-1,nort1545,Jinsha Dai,280,liaŋ.33 xaŋ.24,,ridgepole,,,,
7-520-406-1,nort1545,Jinsha Dai,279,huen.33 naŋ.24 haŋ.11,,thatch,,,,
7-510-406-1,nort1545,Jinsha Dai,769,naŋ.24 haŋ.11,,roof,,,,
7-480-406-1,nort1545,Jinsha Dai,205,khuen.31,,trough,,,,
7-470-406-1,nort1545,Jinsha Dai,745,phən.24 vai.31,,shelf,,,,
7-460-406-1,nort1545,Jinsha Dai,1273,la.11 cu.11,,candle,,,,
7-450-406-1,nort1545,Jinsha Dai,2131,təŋ.33,,"lamp, torch",,,,
7-440-406-1,nort1545,Jinsha Dai,1775,phən.24,,table,,,,
7-430-406-1,nort1545,Jinsha Dai,1476,taŋ.11 ji.44 cɨ̂.33,,chair,,,,
7-422-406-1,nort1545,Jinsha Dai,806,pha.31 than.44,,blanket,,,,
7-421-406-1,nort1545,Jinsha Dai,1044,muan.24 ho.24,,pillow,,,,
7-420-406-1,nort1545,Jinsha Dai,1663,loŋ.31,,bed,,,,
7-370-406-1,nort1545,Jinsha Dai,1464,xən.31 lɛai.33,,ladder,,,,
7-330-406-1,nort1545,Jinsha Dai,1305,piu.33 tau.33,,chimney,,,,
7-320-406-1,nort1545,Jinsha Dai,859,tau.33 fəai.44,,stove,,,,
7-310-406-1,nort1545,Jinsha Dai,185,fa.24 tau.33,,fireplace,,,,
7-270-406-1,nort1545,Jinsha Dai,933,kho.24,,wall,,,,
7-260-406-1,nort1545,Jinsha Dai,1632,ti.44 lin.33,,floor,,,,
7-260-406-3,nort1545,Jinsha Dai,1632,nə.24 lin.33,,floor,,,,
7-250-406-1,nort1545,Jinsha Dai,1375,hu.44 chue.11,,window,,,,
7-240-406-1,nort1545,Jinsha Dai,1472,ka.33 liek.11,,key,,,,
7-231-406-1,nort1545,Jinsha Dai,1012,liu.33 pat.11 tu.33,,"latch, door-bolt",,,,
7-230-406-1,nort1545,Jinsha Dai,1596,ho.24 ka.33 liek.11,,lock (noun),,,,
7-221-406-1,nort1545,Jinsha Dai,80,sau.24 hən.44 / sau.24 pat.11 tu.33,,"doorpost, jamb",,,,
7-210-406-1,nort1545,Jinsha Dai,1450,hən.44,,room,,,,
7-210-406-3,nort1545,Jinsha Dai,1450,huaŋ.11 hə.44,,room,,,,
7-220-406-1,nort1545,Jinsha Dai,1567,pat.11 tu.33,,"door, gate",,,,
7-220-406-3,nort1545,Jinsha Dai,1567,pat.11 tu.33 loŋ.24,,"door, gate",,,,
7-180-406-1,nort1545,Jinsha Dai,335,ćiau.11 thaŋ.31,,meeting house,,,,
7-170-406-1,nort1545,Jinsha Dai,334,na.11 tau.33,,cookhouse,,,,
7-150-406-1,nort1545,Jinsha Dai,736,kaŋ.33 kiaŋ.24,,"yard, court",,,,
7-140-406-1,nort1545,Jinsha Dai,1316,thiŋ.24,,tent,,,,
7-131-406-1,nort1545,Jinsha Dai,403,hən.44 laŋ.33 jin.24,,garden-house,,,,
7-130-406-1,nort1545,Jinsha Dai,1678,hən.44 ńi.33,,hut,,,,
7-120-406-1,nort1545,Jinsha Dai,1252,hən.44,,house,,,,
7-110-406-1,nort1545,Jinsha Dai,363,sau.44,,"dwell, live",,,,
6-960-406-1,nort1545,Jinsha Dai,1171,to.44 liaŋ.44,,mirror,,,,
6-950-406-1,nort1545,Jinsha Dai,788,fəi.31 cau.11,,soap,,,,
6-930-406-1,nort1545,Jinsha Dai,151,mi.11 hai.44 ho.24,,razor,,,,
6-921-406-1,nort1545,Jinsha Dai,333,sɛan.24,,braid,,,,
6-921-406-3,nort1545,Jinsha Dai,333,mə.11 ńiau.33,,braid,,,,
6-920-406-1,nort1545,Jinsha Dai,1821,śi.24,,brush,,,,
6-910-406-1,nort1545,Jinsha Dai,1475,vi.24,,comb,,,,
6-820-406-1,nort1545,Jinsha Dai,1021,pha.44 suk.43 na.11,,towel,,,,
6-790-406-1,nort1545,Jinsha Dai,68,maŋ.11 laŋ.33,,tattoo,,,,
6-780-406-1,nort1545,Jinsha Dai,330,puak.11 pho.24,,"headband, headdress",,,,
6-770-406-1,nort1545,Jinsha Dai,770,vɛan.24 hu.24,,earring,,,,
6-760-406-1,nort1545,Jinsha Dai,1860,lu.11 puai.44,,bead,,,,
6-750-406-1,nort1545,Jinsha Dai,1961,vɛan.24 pa.44 xo.44,,necklace,,,,
6-740-406-1,nort1545,Jinsha Dai,1754,vɛan.24,,bracelet,,,,
6-630-406-1,nort1545,Jinsha Dai,64,śiŋ.24 loŋ.24,,pin,,,,
6-620-406-1,nort1545,Jinsha Dai,757,tuan.44 sə.11,,button,,,,
6-610-406-1,nort1545,Jinsha Dai,1851,thoŋ.24,,pocket,,,,
6-590-406-1,nort1545,Jinsha Dai,1151,po.11 ho.24,,veil,,,,
6-580-406-1,nort1545,Jinsha Dai,867,səu.44 thau.24,,glove,,,,
6-570-406-1,nort1545,Jinsha Dai,772,sai.24 tiu.33,,"belt, girdle",,,,
6-550-406-1,nort1545,Jinsha Dai,2130,muak.33,,"hat, cap",,,,
6-540-406-1,nort1545,Jinsha Dai,875,fon.24 kiat.11 tin.33,,"shoemaker, cobbler",,,,
6-510-406-1,nort1545,Jinsha Dai,1381,kiat.11 tin.33,,shoe,,,,
6-520-406-1,nort1545,Jinsha Dai,585,kiat.11 tin.33 naŋ.24,,boot,,,,
6-490-406-1,nort1545,Jinsha Dai,329,va.11 cɨ̂.44,,"stocking, sock",,,,
6-480-406-1,nort1545,Jinsha Dai,809,tiu.33,,trousers,,,,
6-461-406-1,nort1545,Jinsha Dai,328,siŋ.11 ńia.11,,grass-skirt,,,,
6-460-406-1,nort1545,Jinsha Dai,1600,siŋ.11,,skirt,,,,
6-450-406-1,nort1545,Jinsha Dai,2012,xo.44 sə.11,,collar,,,,
6-440-406-1,nort1545,Jinsha Dai,1622,sə.11 kan.33 nəai.44,,shirt,,,,
6-430-406-1,nort1545,Jinsha Dai,603,sə.11,,coat,,,,
6-430-406-3,nort1545,Jinsha Dai,603,sə.11 kan.33 nuak.11,,coat,,,,
6-420-406-1,nort1545,Jinsha Dai,474,siŋ.11 sə.11,,woman's dress,,,,
6-411-406-1,nort1545,Jinsha Dai,327,sə.11 huai.24,,poncho,,,,
6-390-406-1,nort1545,Jinsha Dai,157,jue.31 sə.11,,dye,,,,
6-410-406-1,nort1545,Jinsha Dai,326,sə.11 vəai.33,,cloak,,,,
6-380-406-1,nort1545,Jinsha Dai,1161,məai.24,,thread,,,,
6-360-406-1,nort1545,Jinsha Dai,1382,śin.24,,needle,,,,
6-370-406-1,nort1545,Jinsha Dai,278,mɛat.31,,awl,,,,
6-350-406-1,nort1545,Jinsha Dai,1457,pu.44 sə.11,,sew,,,,
6-340-406-1,nort1545,Jinsha Dai,1787,təu.33,,loom,,,,
6-330-406-1,nort1545,Jinsha Dai,133,to.44 hok.44,,weave,,,,
6-320-406-1,nort1545,Jinsha Dai,277,koŋ.44,,spindle,,,,
6-310-406-1,nort1545,Jinsha Dai,121,pəai.33 mai.24,,spin,,,,
6-290-406-1,nort1545,Jinsha Dai,629,naŋ.24,,leather,,,,
6-280-406-1,nort1545,Jinsha Dai,580,sə.11 naŋ.24,,fur,,,,
6-270-406-1,nort1545,Jinsha Dai,325,xun.24,,felt,,,,
6-250-406-1,nort1545,Jinsha Dai,1641,phe.44,,silk,,,,
6-240-406-1,nort1545,Jinsha Dai,1850,fai.11,,cotton,,,,
6-230-406-1,nort1545,Jinsha Dai,916,kui.33,,"linen, flax",,,,
6-220-406-1,nort1545,Jinsha Dai,964,xun.24,,wool,,,,
6-210-406-1,nort1545,Jinsha Dai,1616,vɛan.11,,cloth,,,,
6-130-406-1,nort1545,Jinsha Dai,881,ći.44 sə.11,,tailor,,,,
6-120-406-1,nort1545,Jinsha Dai,1895,sə.11,,"clothing, clothes",,,,
6-110-406-1,nort1545,Jinsha Dai,158,nəŋ.31,,put on (clothes),,,,
5-971-406-1,nort1545,Jinsha Dai,1556,khəai.33 ləŋ.24,,egg yolk,,,,
5-970-406-1,nort1545,Jinsha Dai,744,khəai.33,,egg,,,,
5-940-406-1,nort1545,Jinsha Dai,404,jin.44 liau.24,,fermented drink,,,,
5-930-406-1,nort1545,Jinsha Dai,1639,phi.11 ćiu.44,,beer,,,,
5-920-406-1,nort1545,Jinsha Dai,1524,phu.11 thau.33 ćiu.44,,wine,,,,
5-910-406-1,nort1545,Jinsha Dai,941,lau.11 lan.43 phəaŋ.11,,mead,,,,
5-890-406-1,nort1545,Jinsha Dai,1245,xəai.24 ləŋ.24,,butter,,,,
5-870-406-1,nort1545,Jinsha Dai,93,mit.43,,milk (vb),,,,
5-850-406-1,nort1545,Jinsha Dai,862,xaŋ.24 vɛan.24,,sugar,,,,
5-860-406-1,nort1545,Jinsha Dai,635,ʔə.11 ʔu.11,,milk (noun),,,,
5-860-406-3,nort1545,Jinsha Dai,635,lan.43 ʔu.11,,milk (noun),,,,
5-840-406-1,nort1545,Jinsha Dai,942,lan.43 phəaŋ.11,,honey,,,,
5-821-406-1,nort1545,Jinsha Dai,919,mai.31 mak.43 phi.31,,chili pepper,,,,
5-820-406-1,nort1545,Jinsha Dai,1385,mak.43 phi.31,,pepper,,,,
5-810-406-1,nort1545,Jinsha Dai,1274,kə.33,,salt,,,,
5-791-406-1,nort1545,Jinsha Dai,323,xəai.24 xuaŋ.24,,"grease, fat",,,,
5-791-406-3,nort1545,Jinsha Dai,323,xəai.24,,"grease, fat",,,,
5-790-406-1,nort1545,Jinsha Dai,1484,xəai.24,,oil,,,,
5-780-406-1,nort1545,Jinsha Dai,1154,mak.43 xɛaŋ.24,,olive,,,,
5-760-406-1,nort1545,Jinsha Dai,920,phu.31 thau.33,,grape,,,,
5-750-406-1,nort1545,Jinsha Dai,322,vu.11 ńiŋ.44 vuak.43 nə.33 mak.43,,fig,,,,
5-712-406-1,nort1545,Jinsha Dai,1966,hue.31,,bunch,,,,
5-710-406-1,nort1545,Jinsha Dai,1507,mak.43,,fruit,,,,
5-700-406-1,nort1545,Jinsha Dai,593,mə.44,,potato,,,,
5-700-406-3,nort1545,Jinsha Dai,593,mə.44 liaŋ.33,,potato,,,,
5-660-406-1,nort1545,Jinsha Dai,832,tho.11 śiu.24,,bean,,,,
5-650-406-1,nort1545,Jinsha Dai,924,pha.11 śiu.24,,vegetables,,,,
5-640-406-1,nort1545,Jinsha Dai,1547,lan.43 pha.11,,"soup, broth",,,,
5-630-406-1,nort1545,Jinsha Dai,1874,sai.11,,sausage,,,,
5-610-406-1,nort1545,Jinsha Dai,634,nə.43,,meat,,,,
5-590-406-1,nort1545,Jinsha Dai,225,khoŋ.31 loŋ.24,,pestle,,,,
5-580-406-1,nort1545,Jinsha Dai,224,khoŋ.43,,mortar (2),,,,
5-570-406-1,nort1545,Jinsha Dai,636,ńian.44 cɨ̂.33,,mill,,,,
5-560-406-1,nort1545,Jinsha Dai,1033,ńian.44,,"crush, grind",,,,
5-550-406-1,nort1545,Jinsha Dai,1594,məŋ.31 khau.11,,"meal, flour",,,,
5-540-406-1,nort1545,Jinsha Dai,274,luet.11 kue.31 khau.11,,knead,,,,
5-530-406-1,nort1545,Jinsha Dai,273,kue.31 khau.11,,dough,,,,
5-510-406-1,nort1545,Jinsha Dai,1368,khau.11 phɛan.33,,bread,,,,
5-490-406-1,nort1545,Jinsha Dai,2017,pɛan.33,,"stir, mix",,,,
5-480-406-1,nort1545,Jinsha Dai,1767,kau.33,,scrape,,,,
5-470-406-1,nort1545,Jinsha Dai,86,khəŋ.24,,"sieve, strain",,,,
5-470-406-3,nort1545,Jinsha Dai,86,luet.11,,"sieve, strain",,,,
5-460-406-1,nort1545,Jinsha Dai,275,fɛan.24,,peel,,,,
5-450-406-1,nort1545,Jinsha Dai,1833,khau.11 jin.24,,supper,,,,
5-440-406-1,nort1545,Jinsha Dai,1833,khau.11 vɛan.44,,dinner,,,,
5-430-406-1,nort1545,Jinsha Dai,768,khau.11 jin.24,,lunch,,,,
5-420-406-1,nort1545,Jinsha Dai,1322,khau.11 ńai.44,,breakfast,,,,
5-410-406-1,nort1545,Jinsha Dai,1526,khau.11,,meal (a),,,,
5-391-406-1,nort1545,Jinsha Dai,272,ćhian.43 cɨ̂.44,,tongs,,,,
5-390-406-1,nort1545,Jinsha Dai,1302,cha.33,,fork (2),,,,
5-380-406-1,nort1545,Jinsha Dai,1352,mit.11,,knife (2),,,,
5-380-406-3,nort1545,Jinsha Dai,1352,pha.31,,knife (2),,,,
5-370-406-1,nort1545,Jinsha Dai,1378,thiau.31 kəŋ.33,,spoon,,,,
5-360-406-1,nort1545,Jinsha Dai,271,vɛan.33 phan.31,,saucer,,,,
5-350-406-1,nort1545,Jinsha Dai,476,pəi.33 cɨ̂.44,,"cup, drinking vessel",,,,
5-330-406-1,nort1545,Jinsha Dai,1530,vɛan.33,,bowl,,,,
5-340-406-1,nort1545,Jinsha Dai,270,kuaŋ.11,,"pitcher, jug",,,,
5-320-406-1,nort1545,Jinsha Dai,480,phan.31 cɨ̂.44,,plate,,,,
5-310-406-1,nort1545,Jinsha Dai,481,vɛan.33,,dish,,,,
5-280-406-1,nort1545,Jinsha Dai,31,mo.11 phe.11,,pan,,,,
5-260-406-1,nort1545,Jinsha Dai,1462,mo.11,,"pot, cooking vessel",,,,
5-270-406-1,nort1545,Jinsha Dai,854,mo.11 ton.11 lan.43,,kettle,,,,
5-240-406-1,nort1545,Jinsha Dai,183,ʔue.33,,bake,,CHE; CHE,,
5-240-406-3,nort1545,Jinsha Dai,183,ći.44,,bake,,CHE; CHE,,
5-250-406-1,nort1545,Jinsha Dai,1143,tau.33 fəai.44,,oven,,,,
5-230-406-1,nort1545,Jinsha Dai,2146,kho.11,,"roast, fry",,,,
5-220-406-1,nort1545,Jinsha Dai,792,ćiaŋ.33 lan.43,,boil (vb),,,,
5-210-406-1,nort1545,Jinsha Dai,1100,ćiaŋ.33,,cook,,,,
5-190-406-1,nort1545,Jinsha Dai,129,kaŋ.43,,choke,,,,
5-181-406-1,nort1545,Jinsha Dai,897,ʔən.33,,swallow,,,,
5-180-406-1,nort1545,Jinsha Dai,321,ćiu.44,,chew,,,,
5-160-406-1,nort1545,Jinsha Dai,1421,sui.43 lan.43,,suck,,,,
5-150-406-1,nort1545,Jinsha Dai,848,pak.43 hɛaŋ.11,,thirst,,,,
5-141-406-1,nort1545,Jinsha Dai,199,jiak.43,,famine,,,,
5-140-406-1,nort1545,Jinsha Dai,1864,tuaŋ.43 jiak.43,,hunger,,,,
5-130-406-1,nort1545,Jinsha Dai,1401,sui.43,,drink,,,,
5-125-406-1,nort1545,Jinsha Dai,1728,lɛ.31,,rotten,,,,
5-124-406-1,nort1545,Jinsha Dai,1958,śiu.24,,"green, unripe",,,,
5-123-406-1,nort1545,Jinsha Dai,178,(khau.11) ləŋ.24,,ripe,,,,
5-122-406-1,nort1545,Jinsha Dai,1959,khau.11 lit.11,,raw,,,,
5-121-406-1,nort1545,Jinsha Dai,269,khau.11 sok.11,,cooked,,,,
5-120-406-1,nort1545,Jinsha Dai,256,khau.11 na.43,,food,,,,
5-110-406-1,nort1545,Jinsha Dai,1336,cin.33,,eat,,,,
4-990-406-1,nort1545,Jinsha Dai,590,maŋ.31 lai.44 maŋ.31 luak.33,,"naked, bare",,,,
4-970-406-1,nort1545,Jinsha Dai,1653,muak.24,,blind,,,,
4-980-406-1,nort1545,Jinsha Dai,1463,huen.43,,intoxicated,,,,
4-960-406-1,nort1545,Jinsha Dai,1666,vai.11,,mute,,,,
4-950-406-1,nort1545,Jinsha Dai,996,lok.43,,deaf,,,,
4-930-406-1,nort1545,Jinsha Dai,1125,ho.24 mien.11,,bald,,,,
4-940-406-1,nort1545,Jinsha Dai,320,xa.44 ćian.44,,lame,,,,
4-920-406-1,nort1545,Jinsha Dai,1564,khɛan.43,,lazy,,,,
4-912-406-1,nort1545,Jinsha Dai,168,sau.44 hɛaŋ.44,,rest,,,,
4-910-406-1,nort1545,Jinsha Dai,1757,te.31,,"tired, weary",,,,
4-890-406-1,nort1545,Jinsha Dai,655,tu.11 jio.24,,poison,,,,
4-880-406-1,nort1545,Jinsha Dai,1372,nəi.11 jia.24,,"medicine, drug",,,,
4-870-406-1,nort1545,Jinsha Dai,597,kha.11 jia.24,,physician,,,,
4-860-406-1,nort1545,Jinsha Dai,499,jia.11 hai.24,,"cure, heal",,,,
4-858-406-1,nort1545,Jinsha Dai,497,huai.44 pa.33 cɨ̂.44,,scar,,,,
4-857-406-1,nort1545,Jinsha Dai,1808,nuaŋ.24,,pus,,,,
4-856-406-1,nort1545,Jinsha Dai,793,tue.44,,boil (noun),,,,
4-855-406-1,nort1545,Jinsha Dai,1584,puaŋ.44,,blister,,,,
4-854-406-1,nort1545,Jinsha Dai,148,kəai.31 loŋ.24,,itch,,,,
4-854-406-3,nort1545,Jinsha Dai,148,xuen.44,,itch,,,,
4-853-406-1,nort1545,Jinsha Dai,1903,kəai.31 loŋ.24,,swelling,,,,
4-852-406-1,nort1545,Jinsha Dai,1148,kəai.31,,bruise,,,,
4-850-406-1,nort1545,Jinsha Dai,1109,ti.33 cɨ̂k.11,,"wound, sore",,,,
4-843-406-1,nort1545,Jinsha Dai,102,khəai.31 nau.24,,cold (catarrh),,,,
4-842-406-1,nort1545,Jinsha Dai,1957,xo.44 kəai.31,,goiter,,,,
4-841-406-1,nort1545,Jinsha Dai,1534,nə.43 mai.11,,fever,,,,
4-840-406-1,nort1545,Jinsha Dai,1847,ćhaŋ.11,,"sick, sickness",,,,
4-830-406-1,nort1545,Jinsha Dai,1364,maŋ.31 śie.44 li.33,,"well, health",,,,
4-820-406-1,nort1545,Jinsha Dai,1601,vu.33 mi.44 hɛaŋ.44,,weak,,,,
4-810-406-1,nort1545,Jinsha Dai,785,mi.44 hɛaŋ.44,,"strong, mighty, powerful",,,,
4-790-406-1,nort1545,Jinsha Dai,1773,pa.44 heu.31,,"grave, tomb",,,,
4-780-406-1,nort1545,Jinsha Dai,1719,faŋ.24,,bury (the dead),,,,
4-770-406-1,nort1545,Jinsha Dai,767,maŋ.31,,corpse,,,,
4-760-406-1,nort1545,Jinsha Dai,1417,pɛat.43,,kill,,,,
4-751-406-1,nort1545,Jinsha Dai,1904,mən.24 tai.33,,drowned,,,,
4-750-406-1,nort1545,Jinsha Dai,1494,tai.33,,"die, dead",,,,
4-740-406-1,nort1545,Jinsha Dai,1422,mi.33 ju.11,,"live, living, life",,,,
4-740-406-3,nort1545,Jinsha Dai,1422,ko.11 mə.31 vɛan.44,,"live, living, life",,,,
4-732-406-1,nort1545,Jinsha Dai,1087,pa.44 lu.11,,conceive,,,,
4-730-406-1,nort1545,Jinsha Dai,1123,pa.44 lu.11,,pregnant,,,,
4-720-406-1,nort1545,Jinsha Dai,1090,ńiŋ.44 lu.11 ʔa.33 liaŋ.33,,born (to be),,,,
4-710-406-1,nort1545,Jinsha Dai,1152,ńiŋ.44 lu.11,,beget (of father),,,,
4-690-406-1,nort1545,Jinsha Dai,138,ʔap.44 maŋ.31,,bathe,,,,
4-680-406-1,nort1545,Jinsha Dai,52,khau.33,,shiver,,,,
4-660-406-1,nort1545,Jinsha Dai,676,ʔa.24 ćhi.11,,defecate,,,,
4-650-406-1,nort1545,Jinsha Dai,592,ʔa.24 ńiu.31,,urinate,,,,
4-640-406-1,nort1545,Jinsha Dai,1159,pəai.33 tuet.11,,break wind,,,,
4-630-406-1,nort1545,Jinsha Dai,1602,tən.33 lu.43 ma.44,,wake up,,,,
4-620-406-1,nort1545,Jinsha Dai,1920,fan.11 hɛan.24,,dream,,,,
4-612-406-1,nort1545,Jinsha Dai,1983,nuen.44 xun.24,,snore,,,,
4-610-406-1,nort1545,Jinsha Dai,1585,nuen.44,,sleep,,,,
4-591-406-1,nort1545,Jinsha Dai,268,lan.43 ləai.44 śie.24 thaŋ.33,,dribble,,,,
4-590-406-1,nort1545,Jinsha Dai,319,le.44,,lick,,,,
4-580-406-1,nort1545,Jinsha Dai,1403,kət.31,,bite,,,,
4-570-406-1,nort1545,Jinsha Dai,1278,hak.11,,vomit,,,,
4-560-406-1,nort1545,Jinsha Dai,1440,lan.43 ləai.44,,spit,,,,
4-550-406-1,nort1545,Jinsha Dai,126,ʔuak.44 hə.33,,perspire,,,,
4-540-406-1,nort1545,Jinsha Dai,1621,ʔa.44 thiu.31,,sneeze,,,,
4-530-406-1,nort1545,Jinsha Dai,879,ʔəai.33,,cough,,,,
4-521-406-1,nort1545,Jinsha Dai,162,śi.44 ʔək.11,,hiccough,,,,
4-520-406-1,nort1545,Jinsha Dai,1028,hau.24,,"yawn, gape",,,,
4-510-406-1,nort1545,Jinsha Dai,1407,hoi.44 luen.44,,"breathe, breath",,,,
4-492-406-1,nort1545,Jinsha Dai,1222,xəi.44,,penis,,,,
4-490-406-1,nort1545,Jinsha Dai,797,hɛ.24,,testicle,,,,
4-470-406-1,nort1545,Jinsha Dai,804,vak.24,,womb,,,,
4-464-406-1,nort1545,Jinsha Dai,834,kui.11 ćhi.11,,buttocks,,,,
4-463-406-1,nort1545,Jinsha Dai,1745,kui.11 ćhi.11,,hip,,,,
4-462-406-1,nort1545,Jinsha Dai,1681,ʔɛau.33,,waist,,,,
4-461-406-1,nort1545,Jinsha Dai,1991,sai.11,,"intestines, guts",,,,
4-460-406-1,nort1545,Jinsha Dai,819,puen.33,,stomach,,,,
4-452-406-1,nort1545,Jinsha Dai,1744,paŋ.11,,spleen,,,,
4-451-406-1,nort1545,Jinsha Dai,489,lən.44,,kidney,,,,
4-450-406-1,nort1545,Jinsha Dai,1224,tiet.11,,liver,,,,
4-441-406-1,nort1545,Jinsha Dai,688,pət.43,,lung,,,,
4-440-406-1,nort1545,Jinsha Dai,1223,cəai.33,,heart,,,,
4-430-406-1,nort1545,Jinsha Dai,1838,pu.44 li.33,,navel,,,,
4-412-406-1,nort1545,Jinsha Dai,796,pai.33 ći.44 ʔu.11,,"nipple, teat",,,,
4-410-406-1,nort1545,Jinsha Dai,1402,mie.33,,breast (of woman),,,,
4-400-406-1,nort1545,Jinsha Dai,1592,ho.24 ʔok.11,,chest,,,,
4-393-406-1,nort1545,Jinsha Dai,1201,xuen.24,,feather,,,,
4-392-406-1,nort1545,Jinsha Dai,1257,pik.24,,wing,,,,
4-380-406-1,nort1545,Jinsha Dai,1389,ńiu.43 tin.33,,toe,,,,
4-374-406-1,nort1545,Jinsha Dai,318,huai.44 xa.24,,footprint,,,,
4-372-406-1,nort1545,Jinsha Dai,980,suen.11 tin.33,,heel,,,,
4-371-406-1,nort1545,Jinsha Dai,803,ʔɛak.24 tin.33,,ankle,,,,
4-370-406-1,nort1545,Jinsha Dai,1301,tin.33,,foot,,,,
4-360-406-1,nort1545,Jinsha Dai,1371,ho.24 xau.33,,knee,,,,
4-352-406-1,nort1545,Jinsha Dai,498,ʔi.44 pian.33,,calf of leg,,,,
4-351-406-1,nort1545,Jinsha Dai,800,xa.24 loŋ.24,,thigh,,,,
4-350-406-1,nort1545,Jinsha Dai,1297,xa.24,,leg,,,,
4-345-406-1,nort1545,Jinsha Dai,72,ńiaŋ.31 mɨ.44,,claw,,,,
4-344-406-1,nort1545,Jinsha Dai,1258,lie.31 mɨ.44,,fingernail,,,,
4-342-406-1,nort1545,Jinsha Dai,1781,ho.24 me.31 mɨ.44,,thumb,,,,
4-340-406-1,nort1545,Jinsha Dai,1303,ńiu.43 mɨ.44,,finger,,,,
4-331-406-1,nort1545,Jinsha Dai,1183,fa.33 mɨ.44,,palm of hand,,,,
4-330-406-1,nort1545,Jinsha Dai,1277,mɨ.44,,hand,,,,
4-321-406-1,nort1545,Jinsha Dai,799,ʔiak.33 mɨ.44,,wrist,,,,
4-320-406-1,nort1545,Jinsha Dai,981,so.44 khuaŋ.11,,elbow,,,,
4-312-406-1,nort1545,Jinsha Dai,1886,tai.11 ʔiaŋ.11,,armpit,,,,
4-310-406-1,nort1545,Jinsha Dai,1673,śian.24,,arm,,,,
4-302-406-1,nort1545,Jinsha Dai,1994,ke.33 xo.44,,collarbone,,,,
4-301-406-1,nort1545,Jinsha Dai,172,ke.33 tau.11 ʔo.11,,shoulderblade,,,,
4-300-406-1,nort1545,Jinsha Dai,1482,va.33,,shoulder,,,,
4-290-406-1,nort1545,Jinsha Dai,1346,koŋ.33 xo.44 hue.24,,throat,,,,
4-281-406-1,nort1545,Jinsha Dai,1347,ko.33 luak.11,,nape of neck,,,,
4-280-406-1,nort1545,Jinsha Dai,1333,xo.44,,neck,,,,
4-272-406-1,nort1545,Jinsha Dai,1049,śiu.11 lɛ.33,,molartooth,,,,
4-270-406-1,nort1545,Jinsha Dai,1380,śiu.11,,tooth,,,,
4-271-406-1,nort1545,Jinsha Dai,139,śiu.11 caŋ.43,,gums,,,,
4-271-406-3,nort1545,Jinsha Dai,139,ha.11 śiu.11,,gums,,,,
4-260-406-1,nort1545,Jinsha Dai,1205,li.43,,tongue,,,,
4-250-406-1,nort1545,Jinsha Dai,478,pi.44,,lip,,,,
4-241-406-1,nort1545,Jinsha Dai,73,suet.31 loŋ.43,,beak,,,,
4-240-406-1,nort1545,Jinsha Dai,674,suet.31,,mouth,,,,
4-232-406-1,nort1545,Jinsha Dai,208,muk.11,,mucus (nasal),,,,
4-231-406-1,nort1545,Jinsha Dai,1178,hu.44 laŋ.33,,nostril,,,,
4-230-406-1,nort1545,Jinsha Dai,1221,hu.24 laŋ.33,,nose,,,,
4-222-406-1,nort1545,Jinsha Dai,32,ćhi.11 hu.24,,earwax,,,,
4-221-406-1,nort1545,Jinsha Dai,18,hu.24 hɛaŋ.33,,earlobe,,,,
4-215-406-1,nort1545,Jinsha Dai,1655,phiet.11 ta.33,,blink,,,,
4-214-406-1,nort1545,Jinsha Dai,1540,xuen.24 ta.33 śie.44,,eyelash,,,,
4-213-406-1,nort1545,Jinsha Dai,17,naŋ.24 ta.33,,eyelid,,,,
4-212-406-1,nort1545,Jinsha Dai,1173,xuen.24 ta.33,,eyebrow,,,,
4-210-406-1,nort1545,Jinsha Dai,1248,vu.44 ta.33,,eye,,,,
4-208-406-1,nort1545,Jinsha Dai,1730,nə.24 na.11,,cheek,,,,
4-209-406-1,nort1545,Jinsha Dai,1510,kaŋ.44,,chin,,,,
4-205-406-1,nort1545,Jinsha Dai,123,nə.24 ho.24,,forehead,,,,
4-207-406-1,nort1545,Jinsha Dai,798,vaŋ.31 ćian.11,,jaw,,,,
4-204-406-1,nort1545,Jinsha Dai,1560,na.11,,face,,,,
4-203-406-1,nort1545,Jinsha Dai,1583,ho.24 ʔuak.33 ʔɛak.33,,brain,,,,
4-201-406-1,nort1545,Jinsha Dai,1604,ńian.24,,"side of head, temple",,,,
4-202-406-1,nort1545,Jinsha Dai,1605,ho.24 la.31 ńian.24,,skull,,,,
4-200-406-1,nort1545,Jinsha Dai,1256,ho.24,,head,,,,
4-191-406-1,nort1545,Jinsha Dai,805,śiŋ.44 naŋ.24,,spine,,,,
4-190-406-1,nort1545,Jinsha Dai,1291,naŋ.24,,back,,,,
4-180-406-1,nort1545,Jinsha Dai,1220,haŋ.24,,tail,,,,
4-170-406-1,nort1545,Jinsha Dai,1393,xəu.24 vu.44,,horn,,,,
4-162-406-1,nort1545,Jinsha Dai,801,luk.43 khaŋ.11,,rib,,,,
4-160-406-1,nort1545,Jinsha Dai,1394,ho.24 luk.43,,bone,,,,
4-151-406-1,nort1545,Jinsha Dai,525,huaŋ.31 liet.31,,"vein, artery",,,,
4-150-406-1,nort1545,Jinsha Dai,946,liet.31,,blood,,,,
4-146-406-1,nort1545,Jinsha Dai,576,khai.31 ho.24,,dandruff,,,,
4-145-406-1,nort1545,Jinsha Dai,36,xuen.24 xa.24,,pubic hair,,,,
4-144-406-1,nort1545,Jinsha Dai,189,xuen.24 ʔue.33,,body hair,,,,
4-142-406-1,nort1545,Jinsha Dai,678,ńuet.43,,beard,,,,
4-140-406-1,nort1545,Jinsha Dai,1040,phən.24 ho.24,,hair (head),,,,
4-130-406-1,nort1545,Jinsha Dai,2259,nə.43,,flesh,,,,
4-120-406-1,nort1545,Jinsha Dai,763,naŋ.31,,"skin, hide",,,,
4-110-406-1,nort1545,Jinsha Dai,1480,naŋ.31,,body,,,,
3-980-406-1,nort1545,Jinsha Dai,112,kui.33,,turtle,,,,
3-970-406-1,nort1545,Jinsha Dai,1857,cɔ:.1-ra.1-khe:.3,,"crocodile, alligator",,,,
3-960-406-1,nort1545,Jinsha Dai,632,ʔaŋ.11 kha.24 la.44,,lizard,,,,
3-960-406-3,nort1545,Jinsha Dai,632,ʔaŋ.11 liau.11,,lizard,,,,
3-950-406-1,nort1545,Jinsha Dai,503,ćhiet.43 (loŋ.24,,frog,,,,
3-950-406-3,nort1545,Jinsha Dai,503,ńi.33),,frog,,,,
3-940-406-1,nort1545,Jinsha Dai,1543,huai.24,,snail,,,,
3-930-406-1,nort1545,Jinsha Dai,607,tak.43,,grasshopper,,,,
3-920-406-1,nort1545,Jinsha Dai,1791,ka.33 vaŋ.11,,butterfly,,,,
3-910-406-1,nort1545,Jinsha Dai,206,miaŋ.44 kui.11 śuaŋ.33,,firefly,,,,
3-850-406-1,nort1545,Jinsha Dai,730,ńiu.44,,snake,,,,
3-832-406-1,nort1545,Jinsha Dai,1509,xuen.11,,mosquito,,,,
3-830-406-1,nort1545,Jinsha Dai,1504,miaŋ.44 məi.44,,fly,,,,
3-823-406-1,nort1545,Jinsha Dai,1517,to.33,,wasp,,,,
3-822-406-1,nort1545,Jinsha Dai,88,hoŋ.44 phaŋ.11,,beehive,,,,
3-821-406-1,nort1545,Jinsha Dai,1931,la.11,,beeswax,,,,
3-820-406-1,nort1545,Jinsha Dai,665,phaŋ.11,,bee,,,,
3-819-406-1,nort1545,Jinsha Dai,1065,miaŋ.44 sa.24 ćhie.24,,spider web,,,,
3-818-406-1,nort1545,Jinsha Dai,843,miaŋ.44 tuaŋ.33 kəai.11,,spider,,,,
3-817-406-1,nort1545,Jinsha Dai,587,məi.43,,ant,,,,
3-816-406-1,nort1545,Jinsha Dai,1575,miaŋ.44 śiet.33,,cockroach,,,,
3-814-406-1,nort1545,Jinsha Dai,1974,ćie.11 he.11,,centipede,,,,
3-813-406-1,nort1545,Jinsha Dai,232,mɛat.11,,flea,,,,
3-812-406-1,nort1545,Jinsha Dai,267,khəai.33 hau.24,,nit (louse egg),,,,
3-811-406-1,nort1545,Jinsha Dai,1392,mi.44,,louse,,,,
3-811-406-3,nort1545,Jinsha Dai,1392,hau.24,,louse,,,,
3-810-406-1,nort1545,Jinsha Dai,620,miaŋ.44,,insect,,,,
3-780-406-1,nort1545,Jinsha Dai,1871,lo.31 tho.33,,camel,,,,
3-770-406-1,nort1545,Jinsha Dai,1290,caŋ.43,,elephant,,,,
3-760-406-1,nort1545,Jinsha Dai,1350,liŋ.44,,monkey,,,,
3-750-406-1,nort1545,Jinsha Dai,1936,kaŋ.33,,deer,,,,
3-740-406-1,nort1545,Jinsha Dai,1312,fu.31 li.33,,fox,,,,
3-730-406-1,nort1545,Jinsha Dai,1820,mi.24,,bear,,,,
3-720-406-1,nort1545,Jinsha Dai,1386,sɨ̂.33 cɨ̂.44,,lion,,,,
3-710-406-1,nort1545,Jinsha Dai,522,sɨ̂.33 la.44,,wolf,,,,
3-665-406-1,nort1545,Jinsha Dai,1013,pa.33 jien.33,,freshwater eel,,,,
3-663-406-1,nort1545,Jinsha Dai,957,ćin.33 ji.31,,whale,,,,
3-655-406-1,nort1545,Jinsha Dai,598,pəi.44,,shell,,,,
3-654-406-1,nort1545,Jinsha Dai,1916,xo.44 pa.33,,gill,,,,
3-653-406-1,nort1545,Jinsha Dai,266,kiek.43 pa.33,,fishscale,,,,
3-652-406-1,nort1545,Jinsha Dai,213,pik.24 pa.33,,fin (dorsal),,,,
3-650-406-1,nort1545,Jinsha Dai,227,pa.33,,fish,,,,
3-630-406-1,nort1545,Jinsha Dai,2139,nu.24,,"mouse, rat",,,,
3-620-406-1,nort1545,Jinsha Dai,1208,miu.44,,cat,,,,
3-614-406-1,nort1545,Jinsha Dai,1136,tha.24,,rabbit,,,,
3-610-406-1,nort1545,Jinsha Dai,2009,ma.24,,dog,,,,
3-594-406-1,nort1545,Jinsha Dai,1853,loŋ.43 tu.11,,dove,,,,
3-596-406-1,nort1545,Jinsha Dai,735,ʔɨ.44 hɨ.11,,owl,,,,
3-593-406-1,nort1545,Jinsha Dai,913,ka.11 lɛ.33,,crow,,,,
3-592-406-1,nort1545,Jinsha Dai,882,loŋ.43 ka.33 ćia.24,,parrot,,,,
3-591-406-1,nort1545,Jinsha Dai,1793,loŋ.43 ćiu.44 li.44,,bat,,,,
3-585-406-1,nort1545,Jinsha Dai,307,ko.11,,hawk,,,,
3-581-406-1,nort1545,Jinsha Dai,937,loŋ.43,,bird,,,,
3-580-406-1,nort1545,Jinsha Dai,539,haŋ.44,,nest,,,,
3-570-406-1,nort1545,Jinsha Dai,1360,piet.31,,duck,,,,
3-560-406-1,nort1545,Jinsha Dai,1187,hɛan.33,,goose,,,,
3-550-406-1,nort1545,Jinsha Dai,1318,kəai.33,,chicken,,,,
3-540-406-1,nort1545,Jinsha Dai,1514,me.33 kəai.33,,hen,,,,
3-520-406-1,nort1545,Jinsha Dai,1511,po.31 kəai.33,,"cock, rooster",,,,
3-520-406-3,nort1545,Jinsha Dai,1511,kəai.33 pu.31,,"cock, rooster",,,,
3-470-406-1,nort1545,Jinsha Dai,890,lo.11,,mule,,,,
3-500-406-1,nort1545,Jinsha Dai,265,mu.24 kəai.33,,fowl,,,,
3-460-406-1,nort1545,Jinsha Dai,1862,la.44,,"ass, donkey",,,,
3-450-406-1,nort1545,Jinsha Dai,1647,lu.11 ma.43 hɛ.24,,"foal, colt",,,,
3-450-406-3,nort1545,Jinsha Dai,1647,lu.11 ma.43 sɨ̂.33,,"foal, colt",,,,
3-440-406-1,nort1545,Jinsha Dai,938,me.31 ma.43,,mare,,,,
3-420-406-1,nort1545,Jinsha Dai,936,po.31 ma.43,,stallion,,,,
3-410-406-1,nort1545,Jinsha Dai,615,ma.43,,horse (equine),,,,
3-380-406-1,nort1545,Jinsha Dai,1972,lu.11 pe.43 ńi.33,,kid,,,,
3-370-406-1,nort1545,Jinsha Dai,264,po.31 pe.43,,he-goat,,,,
3-360-406-1,nort1545,Jinsha Dai,1502,pe.43,,goat,,,,
3-350-406-1,nort1545,Jinsha Dai,1337,mu.24,,pig,,,,
3-340-406-1,nort1545,Jinsha Dai,1351,me.31 mu.24,,sow (2),,,,
3-320-406-1,nort1545,Jinsha Dai,1348,mu.24 ćhie.11,,boar,,,,
3-290-406-1,nort1545,Jinsha Dai,820,ćin.33,,lamb,,,,
3-280-406-1,nort1545,Jinsha Dai,1345,me.31 pe.43,,ewe,,,,
3-260-406-1,nort1545,Jinsha Dai,1344,po.31 pe.43,,ram,,,,
3-250-406-1,nort1545,Jinsha Dai,1331,pe.43,,sheep,,,,
3-240-406-1,nort1545,Jinsha Dai,1989,lu.11 xuaŋ.24,,calf,,,,
3-230-406-1,nort1545,Jinsha Dai,1007,me.31 vu.44,,cow,,,,
3-230-406-3,nort1545,Jinsha Dai,1007,me.31 xuaŋ.24,,cow,,,,
3-220-406-1,nort1545,Jinsha Dai,1169,vu.44,,ox,,,,
3-210-406-1,nort1545,Jinsha Dai,1008,po.31 xuaŋ.24,,bull,,,,
3-200-406-1,nort1545,Jinsha Dai,1153,xuaŋ.24,,cattle (bovine),,,,
3-190-406-1,nort1545,Jinsha Dai,851,xuak.11 ma.43,,"stable, stall",,,,
3-180-406-1,nort1545,Jinsha Dai,263,kon.44 pai.33 pe.43,,herdsman,,CHECK,,
3-160-406-1,nort1545,Jinsha Dai,649,ti.33 ńia.11,,pasture,,,,
3-160-406-3,nort1545,Jinsha Dai,649,ti.33 pai.33 zuaŋ.24,,pasture,,,,
3-150-406-1,nort1545,Jinsha Dai,631,xuaŋ.24,,livestock,,,,
3-130-406-1,nort1545,Jinsha Dai,2262,me.31,,female (adj),,,,
3-120-406-1,nort1545,Jinsha Dai,2261,po.31,,male (adj),,,,
3-110-406-1,nort1545,Jinsha Dai,619,hat.43 thə.33,,animal,,,,
2-960-406-1,nort1545,Jinsha Dai,817,khau.24,,they,,,,
2-950-406-1,nort1545,Jinsha Dai,1213,su.24,,you (plural),,,,
2-942-406-1,nort1545,Jinsha Dai,1130,hau.44 tə.33 məŋ.44,,we (exclusive),,,,
2-941-406-1,nort1545,Jinsha Dai,1131,hau.44 tə.33 məŋ.44,,we (inclusive),,,,
2-940-406-1,nort1545,Jinsha Dai,1212,hau.44,,we,,,,
2-930-406-1,nort1545,Jinsha Dai,262,mɛan.44,,he/she/it,,,,
2-920-406-1,nort1545,Jinsha Dai,1215,məai.44,,you (singular),,,,
2-910-406-1,nort1545,Jinsha Dai,1209,kau.33,,I,,,,
2-820-406-1,nort1545,Jinsha Dai,194,fu.44 hən.44,,family,,,,
2-810-406-1,nort1545,Jinsha Dai,1644,ćhi.44 fəai.44,,"relatives, kinsmen",,,,
2-770-406-1,nort1545,Jinsha Dai,1981,po.31 mai.11,,widower,,,,
2-760-406-1,nort1545,Jinsha Dai,1756,pe.31 mai.11,,widow,,,,
2-750-406-1,nort1545,Jinsha Dai,1149,lu.11 cai.44 leu.33,,orphan,,,,
2-740-406-1,nort1545,Jinsha Dai,1058,pau.24 lu.11 ńiŋ.44,,stepdaughter,,,,
2-730-406-1,nort1545,Jinsha Dai,1059,pau.24 lu.11 cai.44,,stepson,,,,
2-720-406-1,nort1545,Jinsha Dai,236,ʔa.33 mo.33 muai.44,,stepmother,,,,
2-710-406-1,nort1545,Jinsha Dai,237,ʔa.33 te.33 muai.44,,stepfather,,,,
2-641-406-1,nort1545,Jinsha Dai,2264,lu.11 tuai.44,,daughter-in-law (of a woman),,,,
2-640-406-1,nort1545,Jinsha Dai,2265,lu.11 tuai.44,,daughter-in-law (of a man),,,,
2-631-406-1,nort1545,Jinsha Dai,2266,lu.11 khoi.24,,son-in-law (of a woman),,,,
2-630-406-1,nort1545,Jinsha Dai,2267,lu.11 khoi.24,,son-in-law (of a man),,,,
2-621-406-1,nort1545,Jinsha Dai,2257,ʔa.44 pho.31,,mother-in-law (of a woman),,,,
2-620-406-1,nort1545,Jinsha Dai,2256,me.33 loŋ.44 ta.33,,mother-in-law (of a man),,,,
2-611-406-1,nort1545,Jinsha Dai,2254,ʔa.44 ta.33,,father-in-law (of a woman),,,,
2-610-406-1,nort1545,Jinsha Dai,2255,loŋ.44 ta.33,,father-in-law (of a man),,,,
2-570-406-1,nort1545,Jinsha Dai,490,co.31 lo.24 liaŋ.33,,descendants,,,,
2-560-406-1,nort1545,Jinsha Dai,1669,kon.44 thau.11 chən.31 nə.24,,ancestors,,,,
2-550-406-1,nort1545,Jinsha Dai,1643,pi.33 nuaŋ.43 cai.44,,cousin,,,,
2-550-406-3,nort1545,Jinsha Dai,1643,pi.33 nuaŋ.43 ńiŋ.44,,cousin,,,,
2-540-406-1,nort1545,Jinsha Dai,1642,lɛan.24 ńiŋ.44,,niece,,,,
2-530-406-1,nort1545,Jinsha Dai,1063,lɛan.24 cai.44,,nephew,,,,
2-522-406-1,nort1545,Jinsha Dai,170,ćiu.44 mo.33,,father's sister,,,,
2-520-406-1,nort1545,Jinsha Dai,1272,me.11 loŋ.24,,aunt,,,,
2-521-406-1,nort1545,Jinsha Dai,171,ji.11 ma.33,,mother's sister,,,,
2-512-406-1,nort1545,Jinsha Dai,1985,ta.24 te.33,,father's brother,,,,
2-511-406-1,nort1545,Jinsha Dai,1984,ta.24 ćiu.24,,mother's brother,,,,
2-510-406-1,nort1545,Jinsha Dai,1327,ʔa.44 te.33,,uncle,,,,
2-510-406-3,nort1545,Jinsha Dai,1327,ta.24 te.33,,uncle,,,,
2-480-406-1,nort1545,Jinsha Dai,1618,lɛan.24,,grandson,,,,
2-490-406-1,nort1545,Jinsha Dai,1619,lin.24,,granddaughter,,,,
2-471-406-1,nort1545,Jinsha Dai,907,jia.33 thau.11,,old woman,,,,
2-470-406-1,nort1545,Jinsha Dai,1496,ʔa.33 nai.33,,grandmother,,,,
2-461-406-1,nort1545,Jinsha Dai,406,pu.24 thau.11,,old man,,,,
2-460-406-1,nort1545,Jinsha Dai,1383,lau.44 te.33,,grandfather,,,,
2-458-406-1,nort1545,Jinsha Dai,1005,lu.11 chuaŋ.11,,twins,,,,
2-456-406-1,nort1545,Jinsha Dai,1640,pi.33 nuaŋ.43 ńiŋ.44 pi.33 nuaŋ.43 cai.44,,sibling,,,,
2-455-406-1,nort1545,Jinsha Dai,1761,nuaŋ.43 ńiŋ.44,,younger sister,,,,
2-454-406-1,nort1545,Jinsha Dai,1758,ʔa.33 se.44,,older sister,,,,
2-450-406-1,nort1545,Jinsha Dai,1263,nuaŋ.43 ńiŋ.44,,sister,,,,
2-445-406-1,nort1545,Jinsha Dai,1760,nuaŋ.43 cai.44,,younger brother,,,,
2-444-406-1,nort1545,Jinsha Dai,1759,ʔa.44 ko.33,,older brother,,,,
2-440-406-1,nort1545,Jinsha Dai,1262,nuaŋ.43 cai.44,,brother,,,,
2-430-406-1,nort1545,Jinsha Dai,1801,lu.11 ʔa.33 liaŋ.33,,offspring (son or daughter),,,,
2-420-406-1,nort1545,Jinsha Dai,1357,lu.11 ńiŋ.44,,daughter,,,,
2-410-406-1,nort1545,Jinsha Dai,1620,lu.11 cai.44,,son,,,,
2-390-406-1,nort1545,Jinsha Dai,426,phu.11 ńiŋ.44,,married woman,,,,
2-380-406-1,nort1545,Jinsha Dai,424,kon.44 cai.44,,married man,,,,
2-370-406-1,nort1545,Jinsha Dai,505,ʔa.33 te.33 ʔa.33 mo.33,,parents,,,,
2-360-406-1,nort1545,Jinsha Dai,1216,ʔa.33 mo.33,,mother,,,,
2-350-406-1,nort1545,Jinsha Dai,1217,ʔa.33 te.33,,father,,,,
2-340-406-1,nort1545,Jinsha Dai,1259,pu.44 jia.31,,"marriage, wedding",,,,
2-330-406-1,nort1545,Jinsha Dai,203,ha.31 jia.31,,marry,,,,
2-320-406-1,nort1545,Jinsha Dai,1199,jia.31 / me.44,,wife,,,,
2-310-406-1,nort1545,Jinsha Dai,1200,pu.33,,husband,,,,
2-280-406-1,nort1545,Jinsha Dai,1289,lu.11 ʔa.44 liaŋ.33 ńi.44,,"infant, baby",,,,
2-270-406-1,nort1545,Jinsha Dai,1304,lu.11 ʔa.44 liaŋ.33,,child,,,,
2-261-406-1,nort1545,Jinsha Dai,77,lu.11 kha.24 (ńiŋ / sau.24),,young woman (adolescent),,,,
2-260-406-1,nort1545,Jinsha Dai,1646,lu.11 ʔa.33 ńiŋ.44,,girl,,,,
2-251-406-1,nort1545,Jinsha Dai,76,lu.11 ʔa.33 cai.44,,young man (adolescent),,,,
2-250-406-1,nort1545,Jinsha Dai,1366,lu.11 cai.44,,boy,,,,
2-240-406-1,nort1545,Jinsha Dai,1551,kon.44 ńiŋ.44,,female,,,,
2-230-406-1,nort1545,Jinsha Dai,1553,kon.44 cai.44,,male,,,,
2-220-406-1,nort1545,Jinsha Dai,962,phə.11 ńiŋ.44,,woman,,,,
2-210-406-1,nort1545,Jinsha Dai,1554,phə.11 cai.44,,man (vs. woman),,,,
2-100-406-1,nort1545,Jinsha Dai,683,kon.44,,"person, human being",,,,
1-890-406-1,nort1545,Jinsha Dai,1188,than.44 mi.11,,charcoal,,,,
1-880-406-1,nort1545,Jinsha Dai,10,fəai.44 fən.44,,firewood,,,,
1-870-406-1,nort1545,Jinsha Dai,1133,fəai.44 fən.44,,match (noun),,,,
1-861-406-1,nort1545,Jinsha Dai,127,pəal.33 mət.33,,extinguish,,,,
1-860-406-1,nort1545,Jinsha Dai,737,fai.33 fəai.44,,"light, kindle, ignite",,,,
1-852-406-1,nort1545,Jinsha Dai,1428,ciat.43 fəai.44,,burn (vb intrans),,,,
1-851-406-1,nort1545,Jinsha Dai,141,pau.24 (luai.33,,burn (vb trans),,,,
1-851-406-3,nort1545,Jinsha Dai,141,hən.44),,burn (vb trans),,,,
1-841-406-1,nort1545,Jinsha Dai,67,that.33 fəai.44,,embers,,,,
1-840-406-1,nort1545,Jinsha Dai,646,tau.33,,ashes,,,,
1-830-406-1,nort1545,Jinsha Dai,778,ʔai.33 fəai.44,,smoke (noun),,,,
1-820-406-1,nort1545,Jinsha Dai,889,fəai.44 ciat.11,,flame (noun),,,,
1-810-406-1,nort1545,Jinsha Dai,221,fəai.44,,fire,,,,
1-760-406-1,nort1545,Jinsha Dai,784,məi.24,,snow (noun),,,,
1-750-406-1,nort1545,Jinsha Dai,658,fən.24,,rain (noun),,,,
1-740-406-1,nort1545,Jinsha Dai,249,muak.44,,fog,,,,
1-720-406-1,nort1545,Jinsha Dai,960,luen.44 loŋ.24,,wind,,,,
1-730-406-1,nort1545,Jinsha Dai,1489,fa.11,,cloud,,,,
1-710-406-1,nort1545,Jinsha Dai,27,luen.44,,air,,,,
1-640-406-1,nort1545,Jinsha Dai,1977,nai.44,,dew,,,,
1-630-406-1,nort1545,Jinsha Dai,1388,vət.11,,"shade, shadow",,,,
1-630-406-3,nort1545,Jinsha Dai,1388,haŋ.31 ńiau.44,,"shade, shadow",,,,
1-620-406-1,nort1545,Jinsha Dai,11,hə.31,,darkness,,,,
1-610-406-1,nort1545,Jinsha Dai,630,sai.24 vɛan.44,,light (noun),,,,
1-590-406-1,nort1545,Jinsha Dai,1733,hoŋ.44,,rainbow,,,,
1-580-406-1,nort1545,Jinsha Dai,858,fən.24 loŋ.24,,storm,,,,
1-560-406-1,nort1545,Jinsha Dai,1150,fa.43 laŋ.33,,thunder,,,,
1-570-406-1,nort1545,Jinsha Dai,2007,fa.43 pha.44,,lightning (as striking),,,,
1-550-406-1,nort1545,Jinsha Dai,1654,fa.43 miet.11,,lightning,,,,
1-540-406-1,nort1545,Jinsha Dai,1430,lau.33,,star,,,,
1-530-406-1,nort1545,Jinsha Dai,1313,lɛan.33,,moon,,,,
1-520-406-1,nort1545,Jinsha Dai,1343,vɛan.44,,sun,,,,
1-510-406-1,nort1545,Jinsha Dai,1732,nə.24 fa.43,,sky,,,,
1-450-406-1,nort1545,Jinsha Dai,6,ʔiŋ.33 sɛ.44,,earthquake,,,,
1-440-406-1,nort1545,Jinsha Dai,2125,kue.11 hiŋ.24,,"stone, rock",,,,
1-430-406-1,nort1545,Jinsha Dai,1803,mai.43 toŋ.33,,wood,,,,
1-420-406-1,nort1545,Jinsha Dai,906,ton.11 mai.43,,tree (cf 08.600),,,,
1-410-406-1,nort1545,Jinsha Dai,420,vaŋ.31 loŋ.33,,"woods, forest",,,,
1-390-406-1,nort1545,Jinsha Dai,943,tət.43 lan.43,,waterfall,,,,
1-370-406-1,nort1545,Jinsha Dai,2144,lan.43 vo.33,,"spring, well",,,,
1-360-406-1,nort1545,Jinsha Dai,666,lan.43 hui.11,,"river, stream, brook",,,,
1-354-406-1,nort1545,Jinsha Dai,613,fuaŋ.44 lan.43 suŋ.24,,hightide,,,,
1-353-406-1,nort1545,Jinsha Dai,1026,fuaŋ.44 lan.43 ńi.44,,lowtide,,,,
1-352-406-1,nort1545,Jinsha Dai,891,fuaŋ.44 lan.43 loŋ.24,,tide,,,,
1-350-406-1,nort1545,Jinsha Dai,978,fuaŋ.44 lan.43,,wave,,,,
1-341-406-1,nort1545,Jinsha Dai,623,lan.43 nuaŋ.24 cui.31,,lagoon,,,,
1-330-406-1,nort1545,Jinsha Dai,624,nuaŋ.24,,lake,,,,
1-324-406-1,nort1545,Jinsha Dai,1768,pəŋ.33 lan.43,,foam,,,,
1-323-406-1,nort1545,Jinsha Dai,259,fuaŋ.44 lan.43 xɨ.43 xɨ.43,,rough (of sea),,,,
1-310-406-1,nort1545,Jinsha Dai,948,lan.43,,water,,,,
1-280-406-1,nort1545,Jinsha Dai,1155,fu.44 luai.33,,cave,,,,
1-270-406-1,nort1545,Jinsha Dai,113,fa.24 lan.43,,shore,,,,
1-260-406-1,nort1545,Jinsha Dai,166,ti.44 lin.33,,mainland,,,,
1-240-406-1,nort1545,Jinsha Dai,921,luai.33 hui.11,,valley,,,,
1-230-406-1,nort1545,Jinsha Dai,652,həai.31 piŋ.44,,"plain, field",,,,
1-222-406-1,nort1545,Jinsha Dai,618,pha.24,,"cliff, precipice",,,,
1-220-406-1,nort1545,Jinsha Dai,2118,luai.33,,"mountain, hill",,,,
1-214-406-1,nort1545,Jinsha Dai,640,lin.33 lau.24,,mud,,,,
1-215-406-1,nort1545,Jinsha Dai,671,sai.44,,sand,,,,
1-213-406-1,nort1545,Jinsha Dai,2,lin.33 muak.11,,dust,,,,
1-212-406-1,nort1545,Jinsha Dai,1228,lin.33,,"earth=ground, soil",,,,
1-210-406-1,nort1545,Jinsha Dai,626,həai.31,,"earth, land",,,,
1-100-406-1,nort1545,Jinsha Dai,965,məŋ.31 loŋ.24,,world,,,,
1-100-406-3,nort1545,Jinsha Dai,965,fa.43 lin.33,,world,,,,
14-330-406-1,nort1545,Jinsha Dai,1544,ńiŋ.44 sɨ̂.31,,sometimes,,,,
14-331-406-1,nort1545,Jinsha Dai,703,vu.11 həŋ.24 ka.33 lai.33,,soon,,,,
14-332-406-1,nort1545,Jinsha Dai,418,həŋ.24 ʔiŋ.44 jiau.43,,long-time (for a),,,,
14-340-406-1,nort1545,Jinsha Dai,1656,choŋ.31 lai.31 vu.24,,never,,,,
14-350-406-1,nort1545,Jinsha Dai,204,cai.11 ji.24 cuan.44,,again,,,,
14-410-406-1,nort1545,Jinsha Dai,1225,kaŋ.33 vɛan.44,,day,,,,
14-420-406-1,nort1545,Jinsha Dai,1233,kaŋ.33 xən.44,,night,,,,
14-430-406-1,nort1545,Jinsha Dai,729,sai.24 liaŋ.44,,dawn,,,,
14-440-406-1,nort1545,Jinsha Dai,1339,kaŋ.33 nai.24,,morning,,,,
14-450-406-1,nort1545,Jinsha Dai,12,kaŋ.33 vɛan.44,,"noon, midday",,,,
14-451-406-1,nort1545,Jinsha Dai,1807,vɛan.44 tok.11,,afternoon,,,,
14-451-406-3,nort1545,Jinsha Dai,1807,vɛan.44 la.11,,afternoon,,,,
14-460-406-1,nort1545,Jinsha Dai,1629,vɛan.44 la.11 xən.44,,evening,,,,
14-470-406-1,nort1545,Jinsha Dai,1283,mə.33 nai.43,,today,,,,
14-480-406-1,nort1545,Jinsha Dai,1329,mə.33 phək.11,,tomorrow,,,,
14-481-406-1,nort1545,Jinsha Dai,1179,mə.33 hɨ.44,,day-after-tomorrow,,,,
14-490-406-1,nort1545,Jinsha Dai,1174,mə.33 ńia.44,,yesterday,,,,
14-491-406-1,nort1545,Jinsha Dai,1180,mə.33 sən.44,,day-before-yesterday,,,,
14-510-406-1,nort1545,Jinsha Dai,1353,coŋ.33 thəu.11,,hour,,,,
14-530-406-1,nort1545,Jinsha Dai,1323,coŋ.33,,"clock, timepiece",,,,
14-610-406-1,nort1545,Jinsha Dai,1469,śi.33 ćhi.33,,week,,,,
14-620-406-1,nort1545,Jinsha Dai,1699,śi.33 ćhi.33 tian.33,,Sunday,,,,
14-630-406-1,nort1545,Jinsha Dai,1697,śi.33 ćhi.33 ji.11,,Monday,,,,
14-640-406-1,nort1545,Jinsha Dai,1695,śi.33 ćhi.33 ʔə.24,,Tuesday,,,,
14-650-406-1,nort1545,Jinsha Dai,1694,śi.33 ćhi.33 sɛ.33,,Wednesday,,,,
14-660-406-1,nort1545,Jinsha Dai,1693,śi.33 ćhi.33 sɨ̂.24,,Thursday,,,,
14-670-406-1,nort1545,Jinsha Dai,1692,śi.33 ćhi.33 vu.44,,Friday,,,,
14-680-406-1,nort1545,Jinsha Dai,1700,śi.33 ćhi.33 lu.11,,Saturday,,,,
14-710-406-1,nort1545,Jinsha Dai,1370,lɛan.33,,month,,,,
14-730-406-1,nort1545,Jinsha Dai,1226,hai.33,,year,,,,
14-740-406-1,nort1545,Jinsha Dai,1471,məŋ.31,,winter,,,,
14-750-406-1,nort1545,Jinsha Dai,1537,məŋ.31 jin.24,,spring,,,,
14-760-406-1,nort1545,Jinsha Dai,1342,məŋ.31 mai.11,,summer,,,,
14-770-406-1,nort1545,Jinsha Dai,1276,məŋ.31 mai.11,,autumn,,,,
15-210-406-1,nort1545,Jinsha Dai,1587,min.24,,smell (vb intrans),,,,
15-220-406-1,nort1545,Jinsha Dai,1586,luen.33,,smell (vb trans),,,,
15-250-406-1,nort1545,Jinsha Dai,376,huan.24,,"fragrant, good smelling",,,,
15-260-406-1,nort1545,Jinsha Dai,42,min.24,,"stinking, bad smelling",,,,
15-310-406-1,nort1545,Jinsha Dai,21,ʔai.33,,taste,,,,
15-350-406-1,nort1545,Jinsha Dai,717,vɛan.24,,sweet,,,,
15-360-406-1,nort1545,Jinsha Dai,1091,cui.31,,salty,,,,
15-370-406-1,nort1545,Jinsha Dai,887,khun.24,,bitter,,,,
15-380-406-1,nort1545,Jinsha Dai,1906,suen.11,,"acid, sour",,,,
15-390-406-1,nort1545,Jinsha Dai,70,ʔai.33 vu.44 ʔa.33 li.33,,brackish,,,,
15-410-406-1,nort1545,Jinsha Dai,1408,lai.11 ńiŋ.44,,hear,,,,
15-420-406-1,nort1545,Jinsha Dai,1608,ta.33 thin.33,,listen,,,,
15-440-406-1,nort1545,Jinsha Dai,1811,śiŋ.24 nuə.44,,"sound, noise",,,,
15-440-406-3,nort1545,Jinsha Dai,1811,śiŋ.24,,"sound, noise",,,,
15-450-406-1,nort1545,Jinsha Dai,377,śiŋ.24 loŋ.24,,loud,,,,
15-460-406-1,nort1545,Jinsha Dai,1314,ʔa.33 ćhi.33,,"quiet, silence",,,,
15-460-406-3,nort1545,Jinsha Dai,1314,vu.24 ńiŋ.44 śiŋ.24,,"quiet, silence",,,,
15-510-406-1,nort1545,Jinsha Dai,1409,lai.31 hɛan.24,,see,,,,
15-520-406-1,nort1545,Jinsha Dai,1819,hɛ.44,,"look, look at",,,,
15-550-406-1,nort1545,Jinsha Dai,1039,ʔau.33 hai.11,,show,,,,
15-550-406-3,nort1545,Jinsha Dai,1039,ʔau.33 hai.11 hɛ.44,,show,,,,
15-560-406-1,nort1545,Jinsha Dai,708,vɛan.44 tuaŋ.33,,shine,,,,
15-570-406-1,nort1545,Jinsha Dai,679,sai.24 liaŋ.44,,bright,,,,
15-570-406-3,nort1545,Jinsha Dai,679,liaŋ.44 loŋ.24,,bright,,,,
15-620-406-1,nort1545,Jinsha Dai,250,that.44,,light (in color),,,,
15-630-406-1,nort1545,Jinsha Dai,706,ləaŋ.43,,dark (in color),,,,
15-640-406-1,nort1545,Jinsha Dai,1335,xau.24,,white,,,,
15-650-406-1,nort1545,Jinsha Dai,163,lɛan.33,,black,,,,
15-660-406-1,nort1545,Jinsha Dai,156,liaŋ.33,,red,,,,
15-670-406-1,nort1545,Jinsha Dai,837,liŋ.24,,blue,,,,
15-680-406-1,nort1545,Jinsha Dai,1425,śiu.24,,green,,,,
15-690-406-1,nort1545,Jinsha Dai,1424,ləŋ.24,,yellow,,,,
15-710-406-1,nort1545,Jinsha Dai,1892,pək.11 co.31,,touch,,,,
15-712-406-1,nort1545,Jinsha Dai,378,mit.44,,pinch,,,,
15-712-406-3,nort1545,Jinsha Dai,378,kəan.33,,pinch,,,,
15-720-406-1,nort1545,Jinsha Dai,1079,mo.33,,feel,,,,
15-740-406-1,nort1545,Jinsha Dai,1884,ćhiaŋ.24,,hard,,,,
15-750-406-1,nort1545,Jinsha Dai,1856,vən.11,,soft,,,,
15-760-406-1,nort1545,Jinsha Dai,1923,khau.11 khət.24,,rough,,,,
15-770-406-1,nort1545,Jinsha Dai,1234,məŋ.31 lɛai.44,,smooth,,,,
15-780-406-1,nort1545,Jinsha Dai,1396,phai.24,,sharp,,,,
15-790-406-1,nort1545,Jinsha Dai,379,tɛan.33,,"blunt, dull",,,,
15-810-406-1,nort1545,Jinsha Dai,1210,nak.11,,heavy,,,,
15-820-406-1,nort1545,Jinsha Dai,1052,vau.33,,light (in weight),,,,
15-830-406-1,nort1545,Jinsha Dai,1726,caŋ.31,,"wet, damp",,,,
15-840-406-1,nort1545,Jinsha Dai,1398,hɛaŋ.11,,dry,,,,
15-840-406-3,nort1545,Jinsha Dai,1398,fa.43 hɛaŋ.11,,dry,,,,
15-850-406-1,nort1545,Jinsha Dai,1286,mai.11,,hot,,,,
15-851-406-1,nort1545,Jinsha Dai,1232,ʔuen.33,,warm,,,,
15-860-406-1,nort1545,Jinsha Dai,1287,nau.24,,cold,,,,
15-860-406-3,nort1545,Jinsha Dai,1287,səai.24,,cold,,,,
15-880-406-1,nort1545,Jinsha Dai,1230,haŋ.11,,"dirty, soiled",,,,
15-890-406-1,nort1545,Jinsha Dai,380,huen.24,,wrinkled,,,,
16-110-406-1,nort1545,Jinsha Dai,53,xən.24,,"soul, spirit",,,,
16-150-406-1,nort1545,Jinsha Dai,1572,tən.44,,"surprised, astonished",,,,
16-150-406-3,nort1545,Jinsha Dai,1572,tən.44,,"surprised, astonished",,,,
16-180-406-1,nort1545,Jinsha Dai,720,jin.11 chi.24 li.33,,"good fortune, luck",,,,
16-190-406-1,nort1545,Jinsha Dai,56,jin.11 chi.24 vu.44 li.33,,"misfortune, bad luck",,,,
16-230-406-1,nort1545,Jinsha Dai,1495,li.33,,"joyful, glad, happy",,,,
16-250-406-1,nort1545,Jinsha Dai,1355,kho.24,,laugh,,,,
16-251-406-1,nort1545,Jinsha Dai,1451,khan.11 kho.24,,smile,,,,
16-260-406-1,nort1545,Jinsha Dai,1413,lin.11,,play,,,,
16-270-406-1,nort1545,Jinsha Dai,923,ʔai.33,,love,,,,
16-290-406-1,nort1545,Jinsha Dai,578,cuet.44,,kiss,,,,
16-300-406-1,nort1545,Jinsha Dai,928,kuat.31 vɛai.43,,embrace,,,,
16-310-406-1,nort1545,Jinsha Dai,1783,cik.11,,pain,,,,
16-320-406-1,nort1545,Jinsha Dai,1668,cik.11 cəai.33,,"grief, sorrow, sadness",,,,
16-330-406-1,nort1545,Jinsha Dai,1000,vu.44 pai.44 cəai.33,,"anxiety, worry",,,,
16-340-406-1,nort1545,Jinsha Dai,1875,xəu.11 xui.44,,"regret, be sorry",,,,
16-350-406-1,nort1545,Jinsha Dai,1141,ʔi.33 lu.44,,pity,,,,
16-370-406-1,nort1545,Jinsha Dai,1839,huaŋ.43 hai.11,,"cry, weep",,,,
16-380-406-1,nort1545,Jinsha Dai,1651,lan.43 ta.33,,tear (noun),,,,
16-390-406-1,nort1545,Jinsha Dai,716,khəaŋ.44,,groan,,,,
16-410-406-1,nort1545,Jinsha Dai,1607,xən.44,,hate,,,,
16-420-406-1,nort1545,Jinsha Dai,82,cik.11 cəai.33,,anger,,,,
16-420-406-3,nort1545,Jinsha Dai,82,jɨ.11 ćhi.44,,anger,,,,
16-450-406-1,nort1545,Jinsha Dai,1776,ʔai.33,,shame (noun),,,,
16-510-406-1,nort1545,Jinsha Dai,1779,kɛan.44,,dare,,,,
16-520-406-1,nort1545,Jinsha Dai,3,li.33 xɨ.43,,brave,,,,
16-530-406-1,nort1545,Jinsha Dai,781,li.33 ko.33,,"fear, fright",,,,
16-540-406-1,nort1545,Jinsha Dai,1810,wəi.31 śian.44,,danger,,,,
16-620-406-1,nort1545,Jinsha Dai,1784,jian.11 vaŋ.11,,"desire, want",,,,
16-622-406-1,nort1545,Jinsha Dai,1750,lək.11,,choose,,,,
16-630-406-1,nort1545,Jinsha Dai,1092,tha.11 vɛai.43,,hope,,,,
16-650-406-1,nort1545,Jinsha Dai,100,cui.31 li.33,,faithful,,,,
16-660-406-1,nort1545,Jinsha Dai,1657,te.43,,true,,,,
16-670-406-1,nort1545,Jinsha Dai,601,hie.11 mɛai.11,,"lie, tell lies",,,,
16-680-406-1,nort1545,Jinsha Dai,13,mɛai.11 kon.44,,deceit,,,,
16-690-406-1,nort1545,Jinsha Dai,1528,juaŋ.33 məi.44,,forgive,,,,
16-710-406-1,nort1545,Jinsha Dai,1035,li.33,,good,,,,
16-720-406-1,nort1545,Jinsha Dai,1292,ca.43,,bad,,,,
16-730-406-1,nort1545,Jinsha Dai,1725,chəai.31,,"right, correct",,,,
16-740-406-1,nort1545,Jinsha Dai,1390,tə.33 le.33,,wrong,,,,
16-760-406-1,nort1545,Jinsha Dai,134,hit.11 ćho.44,,fault,,,,
16-790-406-1,nort1545,Jinsha Dai,1687,khua.33 ćiaŋ.44,,praise,,,,
16-810-406-1,nort1545,Jinsha Dai,1427,khə.31 li.33,,beautiful,,,,
16-820-406-1,nort1545,Jinsha Dai,1548,na.31 hɛ.44,,ugly,,,,
16-830-406-1,nort1545,Jinsha Dai,2018,thu.31 ci.33,,greedy,,,,
16-840-406-1,nort1545,Jinsha Dai,1310,lian.24,,clever,,,,
17-110-406-1,nort1545,Jinsha Dai,1562,ʔuak.33 ʔɛak.24,,mind,,,,
17-130-406-1,nort1545,Jinsha Dai,1415,śiaŋ.11,,think (= reflect),,,,
17-140-406-1,nort1545,Jinsha Dai,1513,juan.11 nai.24,,think (= be of the opinion),,,,
17-150-406-1,nort1545,Jinsha Dai,1890,khai.31 chaŋ.11,,believe,,,,
17-160-406-1,nort1545,Jinsha Dai,1536,hu.31 ciak.11,,understand,,,,
17-170-406-1,nort1545,Jinsha Dai,1410,hu.31 ciak.11,,know,,,,
17-171-406-1,nort1545,Jinsha Dai,1932,chəai.11,,guess,,,,
17-172-406-1,nort1545,Jinsha Dai,117,thoŋ.31 kəan.33,,imitate,,,,
17-180-406-1,nort1545,Jinsha Dai,1521,pi.44 ʔan.11 nai.24,,seem,,,,
17-190-406-1,nort1545,Jinsha Dai,1609,cu.44 ji.11,,"idea, notion",,,,
17-210-406-1,nort1545,Jinsha Dai,698,min.11 cɨ̂.24,,wise,,,,
17-220-406-1,nort1545,Jinsha Dai,1518,ji.11 chun.11,,"foolish, stupid",,,,
17-230-406-1,nort1545,Jinsha Dai,1899,va.11,,"insane, crazy",,,,
17-240-406-1,nort1545,Jinsha Dai,504,śio.11,,learn,,,,
17-242-406-1,nort1545,Jinsha Dai,1929,jian.33 ciu.44,,study,,,,
17-242-406-3,nort1545,Jinsha Dai,1929,śio.11 śi.11,,study,,,,
17-250-406-1,nort1545,Jinsha Dai,709,vuak.44,,teach,,,,
17-260-406-1,nort1545,Jinsha Dai,753,śio.11 sən.33,,pupil,,,,
17-270-406-1,nort1545,Jinsha Dai,1038,lau.44 sɨ̂.33,,teacher,,,,
17-280-406-1,nort1545,Jinsha Dai,673,śio.11 śiau.44,,school,,,,
17-310-406-1,nort1545,Jinsha Dai,707,ći.44 vəai.43,,remember,,,,
17-320-406-1,nort1545,Jinsha Dai,1523,pai.33 lən.44,,forget,,,,
17-340-406-1,nort1545,Jinsha Dai,989,hu.31 ciak.11,,"clear, plain",,,,
17-350-406-1,nort1545,Jinsha Dai,1764,vu.11 hu.31 ciak.11,,obscure,,,,
17-360-406-1,nort1545,Jinsha Dai,1121,vu.33 hu.31,,secret,,,,
17-370-406-1,nort1545,Jinsha Dai,509,chəai.31,,"sure, certain",,,,
17-380-406-1,nort1545,Jinsha Dai,1626,va.33 mai.31,,explain,,,,
17-410-406-1,nort1545,Jinsha Dai,1162,mu.31 ti.31,,"intention, purpose",,,,
17-420-406-1,nort1545,Jinsha Dai,860,jaŋ.11 nai.24,,cause,,,,
17-430-406-1,nort1545,Jinsha Dai,1308,ʔau.33 vu.11 cun.44,,doubt,,,,
17-440-406-1,nort1545,Jinsha Dai,1841,xuai.31 ji.31,,suspect,,,,
17-441-406-1,nort1545,Jinsha Dai,1902,pəi.11 phan.11,,betray,,,,
17-450-406-1,nort1545,Jinsha Dai,643,tə.33 jiau.33,,"need, necessity",,,,
17-460-406-1,nort1545,Jinsha Dai,686,joŋ.31 ji.24,,easy,,,,
17-470-406-1,nort1545,Jinsha Dai,584,nan.31,,difficult,,,,
17-470-406-3,nort1545,Jinsha Dai,584,phan.24 cəai.33,,difficult,,,,
17-480-406-1,nort1545,Jinsha Dai,1812,sɨ̂.11,,"try, attempt",,,,
17-490-406-1,nort1545,Jinsha Dai,488,faŋ.33 sɨ̂.11,,"way, manner",,,,
17-510-406-1,nort1545,Jinsha Dai,1577,chɛan.33,,and,,,,
17-520-406-1,nort1545,Jinsha Dai,1157,pi.44 ʔaŋ.11 nai.24,,because,,,,
17-530-406-1,nort1545,Jinsha Dai,1459,ju.31 ko.44,,if,,,,
17-540-406-1,nort1545,Jinsha Dai,1014,xo.31 cə.44,,or,,,,
17-550-406-1,nort1545,Jinsha Dai,1268,chəai.31,,"yes, affirmative",,,,
17-560-406-1,nort1545,Jinsha Dai,1269,vu.24 chəai.31,,"no, negative",,,,
17-610-406-1,nort1545,Jinsha Dai,1239,jaŋ.31 nai.24,,how?,,,,
17-620-406-1,nort1545,Jinsha Dai,822,to.11 sau.44,,how many?,,,,
17-630-406-1,nort1545,Jinsha Dai,531,to.11 sau.44,,how much?,,,,
17-640-406-1,nort1545,Jinsha Dai,1236,khə.31 saŋ.24,,what?,,,,
17-650-406-1,nort1545,Jinsha Dai,1238,khə.31 saŋ.24 sɨ̂.31 həu.24,,when?,,,,
17-660-406-1,nort1545,Jinsha Dai,1237,ju.44 thəai.33,,where?,,,,
17-670-406-1,nort1545,Jinsha Dai,727,phə.33 ləai.33 phə.31,,which?,,,,
17-680-406-1,nort1545,Jinsha Dai,1235,phə.31,,who?,,,,
17-680-406-3,nort1545,Jinsha Dai,1235,phə.33 ləai.33,,who?,,,,
17-690-406-1,nort1545,Jinsha Dai,1270,hit.11 saŋ.24,,why?,,,,
17-690-406-3,nort1545,Jinsha Dai,1270,wəi.44 saŋ.24,,why?,,,,
18-110-406-1,nort1545,Jinsha Dai,1363,śiŋ.24,,voice,,,,
18-120-406-1,nort1545,Jinsha Dai,1261,chaŋ.33,,sing,,,,
18-130-406-1,nort1545,Jinsha Dai,715,huaŋ.43,,"shout, cry out",,,,
18-150-406-1,nort1545,Jinsha Dai,55,kuai.33 kuai.33 hie.31,,whisper,,,,
18-160-406-1,nort1545,Jinsha Dai,128,nai.33 saŋ.33 nai.33 śiŋ.44,,mumble,,,,
18-170-406-1,nort1545,Jinsha Dai,1025,pau.11 sau.24 cɨ̂.44,,whistle,,,,
18-180-406-1,nort1545,Jinsha Dai,298,śiŋ.24 phai.24,,"shriek, screech",,,,
18-190-406-1,nort1545,Jinsha Dai,526,śiŋ.24 loŋ.24,,howl,,,,
18-190-406-3,nort1545,Jinsha Dai,526,hɨk.43,,howl,,,,
18-210-406-1,nort1545,Jinsha Dai,1623,hie.31,,"speak, talk",,,,
18-210-406-3,nort1545,Jinsha Dai,1623,hie.31 xəan.44,,"speak, talk",,,,
18-211-406-1,nort1545,Jinsha Dai,1866,kaŋ.43 kaŋ.43 kəŋ.11 kəŋ.11 nə.33 hie.11,,"stutter, stammer",,,,
18-220-406-1,nort1545,Jinsha Dai,1458,hie.31,,say,,,,
18-221-406-1,nort1545,Jinsha Dai,1711,hie.31 ku.24 sɨ̂.24,,tell story,,,,
18-222-406-1,nort1545,Jinsha Dai,1115,hie.31 xəan.44,,speech (make a),,,,
18-230-406-1,nort1545,Jinsha Dai,48,vu.11 hie.31 xəan.44 / ʔa.33 ćhi.44 ćhi.44,,silent (be),,,,
18-240-406-1,nort1545,Jinsha Dai,1307,śiŋ.24 xəan.44,,language,,,,
18-260-406-1,nort1545,Jinsha Dai,1599,lai.44 ce.11,,word,,,,
18-280-406-1,nort1545,Jinsha Dai,1405,cə.31 kon.44,,name,,,,
18-310-406-1,nort1545,Jinsha Dai,1309,thɛan.24,,"ask (question, inquire)",,,,
18-320-406-1,nort1545,Jinsha Dai,1275,ʔə.11,,answer,,,,
18-330-406-1,nort1545,Jinsha Dai,2022,chən.31 jən.24,,"admit, confess",,,,
18-340-406-1,nort1545,Jinsha Dai,755,vu.33 jən.24,,deny,,,,
18-350-406-1,nort1545,Jinsha Dai,1828,kət.11 cəai.33,,"ask, request",,,,
18-360-406-1,nort1545,Jinsha Dai,1675,ʔə.11 mai.44,,promise,,,,
18-370-406-1,nort1545,Jinsha Dai,49,vu.11 lai.31,,refuse,,,,
18-380-406-1,nort1545,Jinsha Dai,83,jik.24 ka.33,,forbid,,,,
18-390-406-1,nort1545,Jinsha Dai,299,nie.24 vəai.31 thau.31,,"rebuke, scold",,,,
18-410-406-1,nort1545,Jinsha Dai,1084,huaŋ.43,,call (=summon),,,,
18-420-406-1,nort1545,Jinsha Dai,180,huaŋ.43 hit.11,,call (=name),,,,
18-440-406-1,nort1545,Jinsha Dai,1192,juak.24,,threaten,,,,
18-450-406-1,nort1545,Jinsha Dai,101,ʔa.33 caŋ.24 hie.31 ʔa.11 caŋ.24,,boast,,,,
18-510-406-1,nort1545,Jinsha Dai,1672,tɛan.11,,write,,,,
18-520-406-1,nort1545,Jinsha Dai,724,ńian.44,,read,,,,
18-560-406-1,nort1545,Jinsha Dai,648,ce.11,,paper,,,,
18-570-406-1,nort1545,Jinsha Dai,794,pi.11,,pen,,,,
18-610-406-1,nort1545,Jinsha Dai,963,ce.11,,book,,,,
18-670-406-1,nort1545,Jinsha Dai,1045,sɨ̂.33 jən.43,,poet,,,,
18-710-406-1,nort1545,Jinsha Dai,777,pi.44 xaŋ.24,,flute,,,,
18-720-406-1,nort1545,Jinsha Dai,908,ku.44,,drum,,,,
18-730-406-1,nort1545,Jinsha Dai,2136,xau.11,,"horn, trumpet",,,,
18-740-406-1,nort1545,Jinsha Dai,300,phai.33 ʔuak.11 śiŋ.24,,rattle,,,,
19-110-406-1,nort1545,Jinsha Dai,1300,ko.11 jia.33,,country,,,,
19-120-406-1,nort1545,Jinsha Dai,89,məŋ.44 hau.44,,one's native country,,,,
19-150-406-1,nort1545,Jinsha Dai,1391,chən.31,,"city, town",,,,
19-150-406-3,nort1545,Jinsha Dai,1391,cən.11,,"city, town",,,,
19-160-406-1,nort1545,Jinsha Dai,930,vɛan.11,,village,,,,
19-170-406-1,nort1545,Jinsha Dai,1010,śi.31 tə.33 lai.33,,boundary,,,,
19-210-406-1,nort1545,Jinsha Dai,789,kon.44 hau.44,,people (populace),,,,
19-230-406-1,nort1545,Jinsha Dai,302,kon.44 ćhi.44 la.31,,"tribe, clan",,,,
19-240-406-1,nort1545,Jinsha Dai,301,vɛan.31 ho.24,,"chief, chieftain",,,,
19-250-406-1,nort1545,Jinsha Dai,1296,xue.31 tau.31,,"staff, walking stick",,,,
19-310-406-1,nort1545,Jinsha Dai,1846,thoŋ.44 cɨ̂.11,,"rule, govern",,,,
19-320-406-1,nort1545,Jinsha Dai,1508,ho.24 loŋ.24,,"king, ruler",,,,
19-330-406-1,nort1545,Jinsha Dai,1306,jia.31 ho.24 loŋ.24,,queen,,,,
19-360-406-1,nort1545,Jinsha Dai,482,phə.11 mi.44 loŋ.24,,"noble, nobleman",,,,
19-410-406-1,nort1545,Jinsha Dai,383,cau.11 hən.44,,master,,,,
19-420-406-1,nort1545,Jinsha Dai,812,kha.11 mo.24 phi.24,,slave,,,,
19-430-406-1,nort1545,Jinsha Dai,255,cuai.31 kon.44,,servant,,,,
19-450-406-1,nort1545,Jinsha Dai,1128,miŋ.11 lin.11,,"command, order",,,,
19-460-406-1,nort1545,Jinsha Dai,1635,cun.33 səu.44,,obey,,,,
19-470-406-1,nort1545,Jinsha Dai,1003,cun.44 śi.44,,"let, permit",,,,
19-510-406-1,nort1545,Jinsha Dai,1325,ko.43,,"friend, companion",,,,
19-520-406-1,nort1545,Jinsha Dai,1358,ti.33 jən.31,,enemy,,,,
19-540-406-1,nort1545,Jinsha Dai,1332,hən.44 khaŋ.11,,neighbor,,,,
19-550-406-1,nort1545,Jinsha Dai,791,kon.44 məai.33,,stranger,,,,
19-560-406-1,nort1545,Jinsha Dai,1782,ćhiak.24,,guest,,,,
19-570-406-1,nort1545,Jinsha Dai,1545,cau.11 hən.44,,host,,,,
19-580-406-1,nort1545,Jinsha Dai,1897,cuai.31,,"help, aid",,,,
19-590-406-1,nort1545,Jinsha Dai,1550,hie.43,,"hinder, prevent",,,,
19-610-406-1,nort1545,Jinsha Dai,1747,śi.31 kuen.24,,custom,,,,
19-620-406-1,nort1545,Jinsha Dai,1848,cən.33 lun.24,,"strife, quarrel",,,,
19-630-406-1,nort1545,Jinsha Dai,2024,jin.33 məu.31,,"conspiracy, plot",,,,
19-650-406-1,nort1545,Jinsha Dai,1831,pəŋ.43 na.11,,meet,,,,
19-650-406-3,nort1545,Jinsha Dai,1831,hɛan.24 na.11,,meet,,,,
19-720-406-1,nort1545,Jinsha Dai,1610,ći.11 ni.44,,prostitute,,,,
20-110-406-1,nort1545,Jinsha Dai,1423,tiŋ.31 kəan.33,,fight (vb),,,,
20-130-406-1,nort1545,Jinsha Dai,579,pu.31 kəan.33,,"war, battle",,,,
20-130-406-3,nort1545,Jinsha Dai,579,pu.31 caŋ.44,,"war, battle",,,,
20-140-406-1,nort1545,Jinsha Dai,1338,xo.31 phin.11,,peace,,,,
20-150-406-1,nort1545,Jinsha Dai,1561,ći.33 tui.24,,army,,,,
20-170-406-1,nort1545,Jinsha Dai,1941,sɨ̂.24 pin.33,,soldier,,,,
20-210-406-1,nort1545,Jinsha Dai,951,vu.44 ćhi.24,,"weapons, arms",,,,
20-220-406-1,nort1545,Jinsha Dai,1763,xue.31,,club,,,,
20-222-406-1,nort1545,Jinsha Dai,386,xɛan.24,,battle-ax,,,,
20-230-406-1,nort1545,Jinsha Dai,387,khau.44 kue.31 hiŋ.24,,sling,,,,
20-240-406-1,nort1545,Jinsha Dai,994,kaŋ.44,,bow,,,,
20-250-406-1,nort1545,Jinsha Dai,977,mit.31 pai.33 lian.24,,arrow,,,,
20-260-406-1,nort1545,Jinsha Dai,945,kɛ.44 cɨ̂.33,,spear,,,,
20-270-406-1,nort1545,Jinsha Dai,1535,mit.11 śi.44,,sword,,,,
20-280-406-1,nort1545,Jinsha Dai,1566,ćhiaŋ.33,,"gun, cannon",,,,
20-280-406-3,nort1545,Jinsha Dai,1566,phau.24,,"gun, cannon",,,,
20-330-406-1,nort1545,Jinsha Dai,1680,mo.24 liek.11,,helmet,,,,
20-340-406-1,nort1545,Jinsha Dai,1064,ton.11,,shield,,,,
20-350-406-1,nort1545,Jinsha Dai,1938,hən.44 lue.31,,fortress,,,,
20-360-406-1,nort1545,Jinsha Dai,1671,tha.31,,tower,,,,
20-410-406-1,nort1545,Jinsha Dai,783,sən.11 li.11,,victory,,,,
20-420-406-1,nort1545,Jinsha Dai,782,pu.31 pai.44,,defeat,,,,
20-430-406-1,nort1545,Jinsha Dai,722,xən.31 ka.44,,attack,,,,
20-440-406-1,nort1545,Jinsha Dai,1330,hie.43 vai.43,,defend,,,,
20-450-406-1,nort1545,Jinsha Dai,421,thui.44,,retreat,,,,
20-460-406-1,nort1545,Jinsha Dai,1696,kue.44 ho.24,,surrender,,,,
20-471-406-1,nort1545,Jinsha Dai,1940,wəi.24 pin.33,,"guard, sentinel",,,,
20-471-406-3,nort1545,Jinsha Dai,1940,faŋ.11 hən.44,,"guard, sentinel",,,,
20-480-406-1,nort1545,Jinsha Dai,1022,pu.31 lai.11 na.33,,"booty, spoils",,,,
20-490-406-1,nort1545,Jinsha Dai,65,nue.44 tha.11,,ambush,,,,
20-510-406-1,nort1545,Jinsha Dai,1858,hau.44 ʔau.33 pa.33 nə.33 kon.44,,fisherman,,,,
20-520-406-1,nort1545,Jinsha Dai,1074,ji.31 kəu.33,,fishhook,,,,
20-530-406-1,nort1545,Jinsha Dai,19,ji.31 śian.24,,fishing line,,,,
20-540-406-1,nort1545,Jinsha Dai,388,ćhie.24,,fishnet,,,,
20-550-406-1,nort1545,Jinsha Dai,389,so.44 sui.24 pa.33,,fish trap,,,,
20-560-406-1,nort1545,Jinsha Dai,2013,ləu.44 pa.33,,bait,,,,
20-610-406-1,nort1545,Jinsha Dai,1435,pu.31 thə.33,,hunt,,,,
20-620-406-1,nort1545,Jinsha Dai,1172,pu.31 ćhiaŋ.33,,shoot,,,,
20-630-406-1,nort1545,Jinsha Dai,161,pu.31 vu.31 co.11,,miss (target),,,,
20-640-406-1,nort1545,Jinsha Dai,1075,thaŋ.24,,trap (noun),,,,
20-650-406-1,nort1545,Jinsha Dai,1170,hit.11 thaŋ.24,,trap (vb),,,,
21-110-406-1,nort1545,Jinsha Dai,1062,fa.11,,law,,,,
21-150-406-1,nort1545,Jinsha Dai,1068,fa.11 jian.11,,court,,,,
21-160-406-1,nort1545,Jinsha Dai,1818,phɛ.33,,judge (vb),,,,
21-170-406-1,nort1545,Jinsha Dai,1067,sən.44 phɛ.33,,judgment,,,,
21-180-406-1,nort1545,Jinsha Dai,861,fa.11 kuan.33,,judge (noun),,,,
21-210-406-1,nort1545,Jinsha Dai,2020,jian.31 kau.11,,plaintiff,,,,
21-220-406-1,nort1545,Jinsha Dai,1034,pəi.11 kau.11,,defendant,,,,
21-230-406-1,nort1545,Jinsha Dai,1144,cən.11 jən.31,,witness,,,,
21-240-406-1,nort1545,Jinsha Dai,1939,hie.31 xəan.44,,swear,,,,
21-250-406-1,nort1545,Jinsha Dai,1712,hie.31 xəan.44,,oath,,,,
21-310-406-1,nort1545,Jinsha Dai,1814,khoŋ.11 kau.11,,accuse,,,,
21-330-406-1,nort1545,Jinsha Dai,983,śian.33 phɛ.33,,convict (vb),,,,
21-340-406-1,nort1545,Jinsha Dai,988,śian.33 pu.11,,acquit,,,,
21-350-406-1,nort1545,Jinsha Dai,1682,ńiŋ.44 cui.11,,guilty,,,,
21-360-406-1,nort1545,Jinsha Dai,90,vu.11 ńiŋ.44 cui.11,,innocent,,,,
21-370-406-1,nort1545,Jinsha Dai,390,chən.44 fa.11,,"penalty, punishment",,,,
21-380-406-1,nort1545,Jinsha Dai,218,fa.11 vian.11,,fine,,,,
21-390-406-1,nort1545,Jinsha Dai,1281,kha.44,,"prison, jail",,,,
21-420-406-1,nort1545,Jinsha Dai,845,pəai.33 kon.44,,murder,,,,
21-430-406-1,nort1545,Jinsha Dai,902,thoŋ.33 ćhian.33,,adultery,,,,
21-460-406-1,nort1545,Jinsha Dai,1889,pəai.33 fəai.44,,arson,,,,
21-470-406-1,nort1545,Jinsha Dai,1792,hit.11 ha.44 mai.31,,perjury,,,,
21-510-406-1,nort1545,Jinsha Dai,713,laŋ.31 kon.44,,steal,,,,
21-520-406-1,nort1545,Jinsha Dai,1160,hiŋ.24 kon.44,,thief,,,,
22-110-406-1,nort1545,Jinsha Dai,661,tə.11 ta.33,,religion,,,,
22-120-406-1,nort1545,Jinsha Dai,1944,kon.44 nə.24 fa.43,,God,,,,
22-170-406-1,nort1545,Jinsha Dai,24,po.31 ho.24,,pray,,,,
22-180-406-1,nort1545,Jinsha Dai,852,mu.11 sɨ̂.33,,priest,,,,
22-230-406-1,nort1545,Jinsha Dai,391,pau.44,,bless,,,,
22-230-406-3,nort1545,Jinsha Dai,391,jiu.11,,bless,,,,
22-240-406-1,nort1545,Jinsha Dai,8,fuaŋ.31 kon.44,,curse,,,,
22-260-406-1,nort1545,Jinsha Dai,303,vu.11 ćin.33 khau.11,,fast (vb),,,,
22-310-406-1,nort1545,Jinsha Dai,1565,nə.24 fa.43,,heaven,,,,
22-320-406-1,nort1545,Jinsha Dai,878,kha.44 lin.33,,hell,,,,
22-350-406-1,nort1545,Jinsha Dai,1973,phi.24,,demon (evil spirit),,,,
22-420-406-1,nort1545,Jinsha Dai,392,mo.31 su.31,,"magic, witchcraft, sorcery",,,,
22-430-406-1,nort1545,Jinsha Dai,2137,hit.11 mo.24,,"sorcerer, witch",,,,
22-440-406-1,nort1545,Jinsha Dai,2138,sən.31 śian.33,,"fairy, elf",,,,
22-450-406-1,nort1545,Jinsha Dai,1175,ho.24 xue.24 kon.44,,"ghost, phantom",,,,
