ID,Language_ID,Language_name,Parameter_ID,Value,Transcription,Concept,Source,Comment,AlternativeValue,AlternativeTranscription
14-320-801-1,blan1242,Bulang,1852,mok.51 pai.31,phonetic,often,,,,
14-310-801-1,blan1242,Bulang,1676,kɔm.51 ti.51,phonetic,always,,,,
14-290-801-1,blan1242,Bulang,790,ćət.33 jəʔ.31,phonetic,ready,,,,
14-280-801-1,blan1242,Bulang,1928,nɔ.51,phonetic,"cease, stop",,,,
14-270-801-1,blan1242,Bulang,1766,ćət.33,phonetic,finish,,,,
14-260-801-1,blan1242,Bulang,743,ka.31 ʔəik.51,phonetic,end (temporal),,,,
14-252-801-1,blan1242,Bulang,1186,lhan.33 jəʔ.31,phonetic,"last, endure",,,,
14-240-801-1,blan1242,Bulang,425,ta.31 lhɨ.33,phonetic,"retard, delay",,,,
14-220-801-1,blan1242,Bulang,701,lhiŋ.33,phonetic,slow,,,,
14-210-801-1,blan1242,Bulang,1631,vei.3,phonetic,"swift, fast, quick",,,,
14-190-801-1,blan1242,Bulang,1963,vai.31 vəi.33,phonetic,immediately,,,,
14-180-801-1,blan1242,Bulang,1376,ńum.31 ʔɛn.31,phonetic,now,,,,
14-170-801-1,blan1242,Bulang,477,lhak.33,phonetic,late,,,,
14-160-801-1,blan1242,Bulang,672,ćau.31,phonetic,early,,,,
14-140-801-1,blan1242,Bulang,1207,num.51,phonetic,young,,,,
14-120-801-1,blan1242,Bulang,1789,pi.51,phonetic,age,,,,
14-130-801-1,blan1242,Bulang,1231,su.51,phonetic,new,,,,
14-110-801-1,blan1242,Bulang,892,ńɔm.51 ʔɔn.51,phonetic,time,,,,
13-440-801-1,blan1242,Bulang,417,ʔoi.51 ka.31 kop.33,phonetic,three times,,,,
13-420-801-1,blan1242,Bulang,1859,ti.33 saŋ.33,phonetic,third,,,,
13-380-801-1,blan1242,Bulang,1546,ʔai.51 ka.31 kop.33,phonetic,two times,,,,
13-370-801-1,blan1242,Bulang,1888,ku.51,phonetic,pair,,,,
13-360-801-1,blan1242,Bulang,1384,ti.31 ʔə.51,phonetic,second,,,,
13-350-801-1,blan1242,Bulang,1529,ka.31 ʔəik.51,phonetic,last,,,,
13-340-801-1,blan1242,Bulang,728,ti.31 ji.51,phonetic,first,,,,
13-330-801-1,blan1242,Bulang,1580,ti.31 poi.51,phonetic,"alone, only",,,,
13-240-801-1,blan1242,Bulang,816,khiɛn.31 ŋun.31,phonetic,half,,,,
13-230-801-1,blan1242,Bulang,779,pən.31 nhi.51,phonetic,"part, piece",,,,
13-220-801-1,blan1242,Bulang,1624,huŋ.33,phonetic,empty,,,,
13-210-801-1,blan1242,Bulang,1429,nhok.33,phonetic,full,,,,
13-190-801-1,blan1242,Bulang,2023,pəi.31 hən.51,phonetic,"multitude, crowd",,,,
13-181-801-1,blan1242,Bulang,1241,pən.31 nɛʔ.33,phonetic,some,,,,
13-170-801-1,blan1242,Bulang,1242,leŋ.31,phonetic,"little (quantity), few",,,,
13-180-801-1,blan1242,Bulang,1881,khoʔ.33,phonetic,enough,,,,
13-160-801-1,blan1242,Bulang,1992,khiɛn.31 hən.33,phonetic,more,,,,
13-150-801-1,blan1242,Bulang,1198,hən.33,phonetic,"much, many",,,,
13-140-801-1,blan1242,Bulang,98,taŋ.31 ʔəik.51,phonetic,"every, all",,,,
13-107-801-1,blan1242,Bulang,1420,sin.33,phonetic,count,,,,
13-106-801-1,blan1242,Bulang,1843,ti.31 pan.51,phonetic,thousand,,,,
13-105-801-1,blan1242,Bulang,1634,ti.31 roi.31,phonetic,hundred,,,,
13-104-801-1,blan1242,Bulang,1710,sau.51,phonetic,twenty,,,,
13-103-801-1,blan1242,Bulang,1709,sip.31 ha.31,phonetic,fifteen,,,,
13-102-801-1,blan1242,Bulang,1707,sip.31 sɔŋ.33,phonetic,twelve,,,,
13-101-801-1,blan1242,Bulang,1706,sip.31 ʔet.33,phonetic,eleven,,,,
13-100-801-1,blan1242,Bulang,1515,kui.51,phonetic,ten,,,,
12-930-801-1,blan1242,Bulang,1264,pen.51,phonetic,change,,,,
12-920-801-1,blan1242,Bulang,1558,ka.31 mən.51,phonetic,"like, similar",,,,
12-840-801-1,blan1242,Bulang,1048,ka.31 ćiŋ.51,phonetic,line,,,,
12-850-801-1,blan1242,Bulang,1667,ka.31 tɨ.51,phonetic,hole,,,,
12-830-801-1,blan1242,Bulang,1845,mak.51 lum.31,phonetic,"sphere, ball",,,,
12-810-801-1,blan1242,Bulang,1395,lui.31 lei.33,phonetic,round,,,,
12-820-801-1,blan1242,Bulang,1467,lui.31 lei.33,phonetic,circle,,,,
12-780-801-1,blan1242,Bulang,850,thap.33 tha.31,phonetic,square,,,,
12-770-801-1,blan1242,Bulang,1367,ka.31 pen.33,phonetic,cross,,,,
12-760-801-1,blan1242,Bulang,192,həŋ.33,phonetic,corner,,,,
12-750-801-1,blan1242,Bulang,1071,met.33,phonetic,hook,,,,
12-740-801-1,blan1242,Bulang,297,vuk.51,phonetic,crooked,,,,
12-730-801-1,blan1242,Bulang,1404,sɨ.51,phonetic,straight,,,,
12-710-801-1,blan1242,Bulang,1633,sa.31 mə.51,phonetic,flat,,,,
12-680-801-1,blan1242,Bulang,193,thoi.31,phonetic,shallow,,,,
12-670-801-1,blan1242,Bulang,1593,hɨ.51,phonetic,deep,,,,
12-650-801-1,blan1242,Bulang,2249,ʔɛt.33,phonetic,thin (in dimension),,,,
12-630-801-1,blan1242,Bulang,1244,hɔn.51,phonetic,thick (in dimension),,,,
12-620-801-1,blan1242,Bulang,1267,ʔɛt.33,phonetic,narrow,,,,
12-610-801-1,blan1242,Bulang,1243,vah.51,phonetic,"wide, broad",,,,
12-590-801-1,blan1242,Bulang,1645,ŋeŋ.51,phonetic,short,,,,
12-580-801-1,blan1242,Bulang,711,luŋ.51,phonetic,tall,,,,
12-570-801-1,blan1242,Bulang,1203,laŋ.51,phonetic,long,,,,
12-560-801-1,blan1242,Bulang,1246,ʔɛt.33,phonetic,"small, little",,,,
12-550-801-1,blan1242,Bulang,1202,hɔn.51,phonetic,"large, big",,,,
12-541-801-1,blan1242,Bulang,81,ti.31 khɨp.51,phonetic,"span, fathom",,,,
12-530-801-1,blan1242,Bulang,479,hɔn.51,phonetic,grow,,,,
12-430-801-1,blan1242,Bulang,1942,ka.31 tɛ.51,phonetic,near (adv),,,,
12-430-801-2,blan1242,Bulang,1942,sa.31 ŋai.33,phonetic,near (adv),,,,
12-420-801-1,blan1242,Bulang,244,ta.31 vɛ.51,phonetic,left (side),,,,
12-410-801-1,blan1242,Bulang,1019,ta.31 tɔm.33,phonetic,right (side),,,,
12-370-801-1,blan1242,Bulang,1093,kha.51 nei.33,phonetic,"middle, center",,,,
12-360-801-1,blan1242,Bulang,682,kha.51 khɨ.51,phonetic,side,,,,
12-353-801-1,blan1242,Bulang,863,ka.31 ʔəik.51,phonetic,edge,,,,
12-352-801-1,blan1242,Bulang,372,liɛm.51,phonetic,pointed,,,,
12-350-801-1,blan1242,Bulang,742,ka.31 ʔəik.51,phonetic,end,,,,
12-340-801-1,blan1242,Bulang,690,pen.31 man.51 tem.31,phonetic,bottom,,,,
12-320-801-1,blan1242,Bulang,721,tem.51,phonetic,low,,,,
12-330-801-1,blan1242,Bulang,1753,pen.31 man.31 luŋ.51,phonetic,top,,,,
12-310-801-1,blan1242,Bulang,1265,luŋ.33,phonetic,high,,,,
12-270-801-1,blan1242,Bulang,602,tɨt.51,phonetic,"hide, conceal",,,,
12-250-801-1,blan1242,Bulang,1046,sɔŋ.33 (ka.31 va.51),phonetic,"shut, close",,,,
12-260-801-1,blan1242,Bulang,761,khɨp.51,phonetic,cover,,,,
12-240-801-1,blan1242,Bulang,1156,toh.51,phonetic,open,,,,
12-232-801-1,blan1242,Bulang,1119,sa.31 kah.51,phonetic,divide,,,,
12-230-801-1,blan1242,Bulang,1359,ka.31 vat.33,phonetic,separate,,,,
12-220-801-1,blan1242,Bulang,1743,ka.31 khəp.51,phonetic,"join, unite",,,,
12-213-801-1,blan1242,Bulang,1576,kɔ.31 kɔ.33,phonetic,pile up,,,,
12-212-801-1,blan1242,Bulang,371,sət.33,phonetic,pick up,,,,
12-210-801-1,blan1242,Bulang,7,ka.31 ki.33,phonetic,"collect, gather",,,,
12-170-801-1,blan1242,Bulang,838,ku.31 lə.33,phonetic,"remains, left overs",,,,
12-160-801-1,blan1242,Bulang,987,mhok.33 man.31 ńa.31,phonetic,"remain, stay",,,,
12-150-801-1,blan1242,Bulang,1442,ćɔŋ.51,phonetic,stand,,,,
12-140-801-1,blan1242,Bulang,215,ləh.33,phonetic,lie down,,,,
12-130-801-1,blan1242,Bulang,1416,mhok.33,phonetic,sit,,,,
12-120-801-1,blan1242,Bulang,998,pen.51,phonetic,put,,,,
12-110-801-1,blan1242,Bulang,723,kha.31 mu.31,phonetic,place,,,,
11-920-801-1,blan1242,Bulang,1098,ka.31 təŋ.51,phonetic,weigh,,,,
11-910-801-1,blan1242,Bulang,884,ka.31,phonetic,share (distribute),,,,
11-890-801-1,blan1242,Bulang,1887,leŋ.31,phonetic,cheap,,,,
11-880-801-1,blan1242,Bulang,1426,hən.51,phonetic,"dear (costly, expensive)",,,,
11-870-801-1,blan1242,Bulang,657,kiŋ.33 pən.31 mu.33,phonetic,price,,,,
11-860-801-1,blan1242,Bulang,752,ka.31 paŋ.51 kəŋ.51,phonetic,"store, shop",,,,
11-850-801-1,blan1242,Bulang,633,kəŋ.51,phonetic,market (place),,,,
11-840-801-1,blan1242,Bulang,1082,naŋ.31 juh.31 səŋ.33 ji.33,phonetic,merchant,,,,
11-820-801-1,blan1242,Bulang,1571,paiŋ.33,phonetic,sell,,,,
11-810-801-1,blan1242,Bulang,1869,tɨi.51,phonetic,buy,,,,
11-790-801-1,blan1242,Bulang,733,ka.31 mɨi.51,phonetic,earn,,,,
11-780-801-1,blan1242,Bulang,1122,na.31 nən.33,phonetic,wages,,,,
11-660-801-1,blan1242,Bulang,1081,sɔn.31 (ku.31 hɔm.51),phonetic,"account, reckoning",,,,
11-650-801-1,blan1242,Bulang,718,kah.33 ka.31 hɔm.51,phonetic,pay (vb),,,,
11-640-801-1,blan1242,Bulang,1914,ku.31 hɔm.51,phonetic,debt,,,,
11-630-801-1,blan1242,Bulang,369,hɔm.31 (ka.31 mɨi.51),phonetic,owe,,,,
11-620-801-1,blan1242,Bulang,1823,sət.33 ta.31 lek.33,phonetic,borrow,,,,
11-620-801-2,blan1242,Bulang,1823,sət.33 ti.31 vai.31,phonetic,borrow,,,,
11-610-801-1,blan1242,Bulang,582,sət.33 ta.31 lih.31,phonetic,lend,,,,
11-540-801-1,blan1242,Bulang,1774,ka.31 ni.33,phonetic,"avaricious, stingy",,,,
11-530-801-1,blan1242,Bulang,1934,khxo.51,phonetic,beggar,,,,
11-520-801-1,blan1242,Bulang,1674,tok.51,phonetic,poor,,,,
11-510-801-1,blan1242,Bulang,712,ka.31 maŋ.33,phonetic,rich,,,,
11-440-801-1,blan1242,Bulang,1867,pɛk.31,phonetic,coin,,,,
11-430-801-1,blan1242,Bulang,1559,ka.31 mɨi.51,phonetic,money,,,,
11-330-801-1,blan1242,Bulang,1660,pi.31,phonetic,lose,,,,
11-320-801-1,blan1242,Bulang,719,ʔɛl.31 khəp.51,phonetic,find,,,,
11-310-801-1,blan1242,Bulang,1468,ʔɛl.31,phonetic,"seek, look for",,,,
11-280-801-1,blan1242,Bulang,44,ta.31 lɨ.31,phonetic,"harm, injure, damage",,,,
11-270-801-1,blan1242,Bulang,681,ta.31 lɨ.31,phonetic,destroy,,,,
11-250-801-1,blan1242,Bulang,2008,phut.51,phonetic,"save, rescue",,,,
11-240-801-1,blan1242,Bulang,1997,nɔk.31 khɔ.51,phonetic,"preserve, look after",,,,
11-220-801-1,blan1242,Bulang,85,ka.31 mei.33,phonetic,give back,,,,
11-210-801-1,blan1242,Bulang,1447,ka.31,phonetic,give,,,,
11-180-801-1,blan1242,Bulang,738,khən.31 khau.51,phonetic,thing,,,,
11-160-801-1,blan1242,Bulang,694,pun.51,phonetic,"get, obtain",,,,
11-150-801-1,blan1242,Bulang,1448,ńiɛn.51,phonetic,hold,,,,
11-140-801-1,blan1242,Bulang,2021,ka.31 mən.51,phonetic,"seize, grasp",,,,
11-130-801-1,blan1242,Bulang,1749,sət.33 pun.51,phonetic,take,,,,
11-120-801-1,blan1242,Bulang,684,kui.31 hən.51,phonetic,"own, possess",,,,
11-110-801-1,blan1242,Bulang,773,kui.51,phonetic,have,,,,
10-920-801-1,blan1242,Bulang,1922,huk.31 kha.31 tuh.51,phonetic,land (vb),,,,
10-890-801-1,blan1242,Bulang,1870,tah.31,phonetic,anchor,,,,
10-851-801-1,blan1242,Bulang,234,sa.31 mai.31 ŋeŋ.33,phonetic,paddle (noun),,,,
10-850-801-1,blan1242,Bulang,108,sa.31 mai.31,phonetic,oar,,,,
10-831-801-1,blan1242,Bulang,1970,həʔ.31,phonetic,canoe,,,,
10-830-801-1,blan1242,Bulang,1844,ćhɔn.31 ʔɛt.33,phonetic,boat,,,,
10-810-801-1,blan1242,Bulang,740,ćhɔn.31 hɔn.51,phonetic,ship,,,,
10-780-801-1,blan1242,Bulang,14,ʔɛk.51,phonetic,yoke,,,,
10-760-801-1,blan1242,Bulang,710,tɔm.31 puk.51,phonetic,wheel,,,,
10-750-801-1,blan1242,Bulang,122,hot.33,phonetic,"carriage, wagon, cart",,,,
10-740-801-1,blan1242,Bulang,1011,ka.31 pɨk.51,phonetic,bridge,,,,
10-720-801-1,blan1242,Bulang,2252,kha.51 ʔɛt.33,phonetic,path,,,,
10-710-801-1,blan1242,Bulang,667,kha.51 hɔn.33,phonetic,road,,,,
10-670-801-1,blan1242,Bulang,1452,nhɨt.33,phonetic,"push, shove",,,,
10-660-801-1,blan1242,Bulang,367,pɔk.31 ka.31 hɔŋ.51,phonetic,ride,,,,
10-650-801-1,blan1242,Bulang,741,phat.33 hot.31,phonetic,drive,,,,
10-640-801-1,blan1242,Bulang,43,tui.31 kha.33,phonetic,lead (vb),,,,
10-630-801-1,blan1242,Bulang,1127,sət.33 həi.51,phonetic,send,,,,
10-620-801-1,blan1242,Bulang,692,sət.33 huik.51,phonetic,bring,,,,
10-615-801-1,blan1242,Bulang,415,kip.33,phonetic,carry-underarm,,,,
10-614-801-1,blan1242,Bulang,414,pen.51,phonetic,carry-on-head,,,,
10-613-801-1,blan1242,Bulang,413,kɔm.51,phonetic,carry-on-shoulder,,,,
10-612-801-1,blan1242,Bulang,412,ńɛt.55,phonetic,carry-in-hand,,,,
10-610-801-1,blan1242,Bulang,700,sət.33,phonetic,carry (bear),,,,
10-570-801-1,blan1242,Bulang,749,lek.51,phonetic,enter,,,,
10-560-801-1,blan1242,Bulang,1778,ka.31 khəp.51,phonetic,approach,,,,
10-550-801-1,blan1242,Bulang,1387,huik.51,phonetic,"reach, arrive",,,,
10-530-801-1,blan1242,Bulang,1047,ta.31 len.51,phonetic,pursue,,,,
10-520-801-1,blan1242,Bulang,1085,həi.51 ćɔm.51,phonetic,follow,,,,
10-510-801-1,blan1242,Bulang,956,ka.31 hai.33 tɔi.33,phonetic,flee,,,,
10-491-801-1,blan1242,Bulang,485,hai.33,phonetic,disappear,,,,
10-490-801-1,blan1242,Bulang,1752,həi.33 ka.31 vat.33,phonetic,"go away, depart",,,,
10-481-801-1,blan1242,Bulang,581,ʔiŋ.33 ni.31,phonetic,come back,,,,
10-481-801-2,blan1242,Bulang,581,ka.31 tah.51,phonetic,come back,,,,
10-480-801-1,blan1242,Bulang,1446,ʔiŋ.51,phonetic,come,,,,
10-474-801-1,blan1242,Bulang,1107,tɔi.51,phonetic,go out,,,,
10-473-801-1,blan1242,Bulang,2014,lih.31 kha.31 ćoh.51,phonetic,go down,,,,
10-470-801-1,blan1242,Bulang,695,həi.33,phonetic,go,,,,
10-471-801-1,blan1242,Bulang,705,huk.33 kha.31 tuh.51,phonetic,go up,,,,
10-460-801-1,blan1242,Bulang,1519,ta.31 lɛn.51,phonetic,run,,,,
10-450-801-1,blan1242,Bulang,1443,tio.31 kha.33,phonetic,walk,,,,
10-440-801-1,blan1242,Bulang,1879,ka.31 jak.33,phonetic,dance,,,,
10-431-801-1,blan1242,Bulang,1135,sa.31 tɨh.51,phonetic,kick,,,,
10-430-801-1,blan1242,Bulang,1829,tuk.51,phonetic,"jump, leap",,,,
10-420-801-1,blan1242,Bulang,1324,ka.31 ńui.33,phonetic,"slide, slip",,,,
10-413-801-1,blan1242,Bulang,296,ka.31 kəp.51,phonetic,crouch,,,,
10-412-801-1,blan1242,Bulang,66,khop.31,phonetic,kneel,,,,
10-410-801-1,blan1242,Bulang,96,muh.51,phonetic,"creep, crawl",,,,
10-380-801-1,blan1242,Bulang,175,pɨŋ.51,phonetic,blow,,,,
10-370-801-1,blan1242,Bulang,1441,pəh.51,phonetic,fly (vb),,,,
10-352-801-1,blan1242,Bulang,365,ka.31 hɨm.51 ʔum.51,phonetic,splash,,,,
10-350-801-1,blan1242,Bulang,1439,lɔi.31 ʔum.51,phonetic,swim,,,,
10-340-801-1,blan1242,Bulang,1574,tu.51,phonetic,float,,,,
10-330-801-1,blan1242,Bulang,1088,nam.31,phonetic,sink,,,,
10-320-801-1,blan1242,Bulang,2003,lih.31,phonetic,flow,,,,
10-260-801-1,blan1242,Bulang,1909,ka.31 jɨh.51,phonetic,shake,,,,
10-252-801-1,blan1242,Bulang,702,ćhəp.51,phonetic,catch (ball),,,,
10-250-801-1,blan1242,Bulang,1456,ka.31 vat.33,phonetic,throw,,,,
10-240-801-1,blan1242,Bulang,2253,(ʔum.51) khɨik.51,phonetic,drip,,,,
10-230-801-1,blan1242,Bulang,1280,khɨik.51,phonetic,fall,,,,
10-220-801-1,blan1242,Bulang,501,juk.51,phonetic,"raise, lift",,,,
10-210-801-1,blan1242,Bulang,568,huk.51,phonetic,rise,,,,
10-170-801-1,blan1242,Bulang,430,pit.51,phonetic,twist,,,,
10-170-801-2,blan1242,Bulang,430,рəi.31 vuk.51,phonetic,twist,,,,
10-160-801-1,blan1242,Bulang,808,khɨik.51,phonetic,drop (vb),,,,
10-150-801-1,blan1242,Bulang,827,kuik.51,phonetic,roll,,,,
10-140-801-1,blan1242,Bulang,1113,kau.31,phonetic,"wind, wrap",,,,
10-130-801-1,blan1242,Bulang,1445,pit.51 ka.31 tɔn.51,phonetic,turn around,,,,
10-120-801-1,blan1242,Bulang,1588,pit.51,phonetic,turn over,,,,
10-110-801-1,blan1242,Bulang,765,ka.31 jɨh.51,phonetic,move,,,,
9-890-801-1,blan1242,Bulang,2001,lak.31 nam.31 si.51,phonetic,paint (vb),,,,
9-840-801-1,blan1242,Bulang,1979,ka.31 sek.51,phonetic,chisel,,,,
9-880-801-1,blan1242,Bulang,647,nam.31 si.51,phonetic,paint (noun),,,,
9-820-801-1,blan1242,Bulang,914,naŋ.31 ćaŋ.31 sek.51,phonetic,sculptor,,,,
9-810-801-1,blan1242,Bulang,228,sek.51,phonetic,carve,,,,
9-791-801-1,blan1242,Bulang,360,jep.51,phonetic,fan (vb),,,,
9-790-801-1,blan1242,Bulang,1971,ka.31 jep.51,phonetic,fan (noun),,,,
9-780-801-1,blan1242,Bulang,293,sɔn.51,phonetic,netbag,,,,
9-771-801-1,blan1242,Bulang,292,ćhaŋ.51,phonetic,rug,,,,
9-770-801-1,blan1242,Bulang,195,pha.31 naŋ.51,phonetic,mat,,,,
9-760-801-1,blan1242,Bulang,1539,soŋ.51,phonetic,basket,,,,
9-750-801-1,blan1242,Bulang,1729,taiŋ.51,phonetic,"weave, plait",,,,
9-740-801-1,blan1242,Bulang,604,pɔ.33 liʔ.31,phonetic,glass,,,,
9-730-801-1,blan1242,Bulang,1399,tɨih.33,phonetic,clay,,,,
9-720-801-1,blan1242,Bulang,289,hop.51 haŋ.51,phonetic,mold (clay etc),,,,
9-670-801-1,blan1242,Bulang,621,lek.33,phonetic,iron,,,,
9-660-801-1,blan1242,Bulang,1825,tɔŋ.51,phonetic,"copper, bronze",,,,
9-650-801-1,blan1242,Bulang,759,mɨi.51,phonetic,silver,,,,
9-640-801-1,blan1242,Bulang,1369,kham.51,phonetic,gold,,,,
9-620-801-1,blan1242,Bulang,1648,ka.31 sek.51,phonetic,anvil,,,,
9-610-801-1,blan1242,Bulang,288,tɔŋ.51 lek.33,phonetic,forge,,,,
9-600-801-1,blan1242,Bulang,1001,lek.33 lim.51,phonetic,"smith, blacksmith",,,,
9-560-801-1,blan1242,Bulang,1069,ku.51 pit.33,phonetic,glue,,,,
9-500-801-1,blan1242,Bulang,502,lhek.33 ćai.31,phonetic,nail,,,,
9-490-801-1,blan1242,Bulang,1481,tuŋ.5 diɛm.33,phonetic,hammer,,,,
9-480-801-1,blan1242,Bulang,1948,lə.51,phonetic,saw,,,,
9-461-801-1,blan1242,Bulang,46,puk.51,phonetic,hollow out,,,,
9-460-801-1,blan1242,Bulang,1501,lɔt.33,phonetic,bore,,,,
9-440-801-1,blan1242,Bulang,1840,jəʔ.31 ńa.31,phonetic,build,,,,
9-430-801-1,blan1242,Bulang,1042,ka.31 ʔɨn.51,phonetic,carpenter,,,,
9-422-801-1,blan1242,Bulang,1361,ku.31 vek.33,phonetic,tool,,,,
9-380-801-1,blan1242,Bulang,245,ka.31 phih.51,phonetic,broom,,,,
9-360-801-1,blan1242,Bulang,1453,khuik.51,phonetic,wash,,,,
9-370-801-1,blan1242,Bulang,230,phih.51,phonetic,sweep,,,,
9-350-801-1,blan1242,Bulang,1487,hek.51,phonetic,pour,,,,
9-343-801-1,blan1242,Bulang,1414,pet.51,phonetic,"squeeze, wring",,,,
9-342-801-1,blan1242,Bulang,1913,nhɨt.33,phonetic,press,,,,
9-341-801-1,blan1242,Bulang,357,pen.51,phonetic,hang up,,,,
9-340-801-1,blan1242,Bulang,38,hɨt.33,phonetic,spread out,,,,
9-330-801-1,blan1242,Bulang,1455,jat.33,phonetic,pull,,,,
9-330-801-2,blan1242,Bulang,1455,phɨt.33,phonetic,pull,,,,
9-320-801-1,blan1242,Bulang,214,jəʔ.31 laŋ.33,phonetic,stretch,,,,
9-310-801-1,blan1242,Bulang,1449,pet.33,phonetic,"rub, wipe",,,,
9-290-801-1,blan1242,Bulang,291,pok.51 (hak.33),phonetic,"flay, skin",,,,
9-280-801-1,blan1242,Bulang,1735,jat.33,phonetic,tear,,,,
9-270-801-1,blan1242,Bulang,1437,pha.51,phonetic,split,,,,
9-261-801-1,blan1242,Bulang,588,pha.51,phonetic,broken,,,,
9-260-801-1,blan1242,Bulang,680,ka.31 pək.51,phonetic,break,,,,
9-250-801-1,blan1242,Bulang,677,mui.33,phonetic,ax,,,,
9-240-801-1,blan1242,Bulang,356,ma.31 ćhiɛn.51,phonetic,"scissors, shears",,,,
9-230-801-1,blan1242,Bulang,1352,ka.31 ŋɔŋ.51,phonetic,knife,,,,
9-223-801-1,blan1242,Bulang,1434,kat.33,phonetic,stab,,,,
9-222-801-1,blan1242,Bulang,155,mok.31 ka.31 tət.33,phonetic,"chop, hew",,,,
9-221-801-1,blan1242,Bulang,355,mok.31 ka.31 khəm.51,phonetic,cut down,,,,
9-220-801-1,blan1242,Bulang,1432,sɔi.31,phonetic,cut,,,,
9-211-801-1,blan1242,Bulang,354,ta.31 miŋ.51,phonetic,pound with fist,,,,
9-210-801-1,blan1242,Bulang,2133,jəʔ.31,phonetic,"strike (hit, beat)",,,,
9-192-801-1,blan1242,Bulang,760,pək.31,phonetic,knot (noun),,,,
9-190-801-1,blan1242,Bulang,1218,mu.51,phonetic,"rope, cord",,,,
9-161-801-1,blan1242,Bulang,352,kah.51,phonetic,untie,,,,
9-160-801-1,blan1242,Bulang,1917,pək.31,phonetic,"tie, bind",,,,
9-150-801-1,blan1242,Bulang,1470,top.31,phonetic,fold,,,,
9-140-801-1,blan1242,Bulang,2004,vuk.33,phonetic,bend,,,,
9-120-801-1,blan1242,Bulang,984,ku.51 vek.33,phonetic,work,,,,
9-110-801-1,blan1242,Bulang,2575,mok.51,phonetic,"do, make",,,,
8-980-801-1,blan1242,Bulang,641,tɨh.51 jɔ.51,phonetic,mushroom,,,,
8-970-801-1,blan1242,Bulang,33,mu.51 lɔŋ.31,phonetic,nettle,,,,
8-960-801-1,blan1242,Bulang,348,ka.31 pai.33 mau.51,phonetic,fish poison (root),,,,
8-941-801-1,blan1242,Bulang,146,ʔum.51 me.51,phonetic,sugar cane,,,,
8-940-801-1,blan1242,Bulang,1927,ka.31 ʔo.51,phonetic,bamboo,,,,
8-931-801-1,blan1242,Bulang,864,mak.51 phak.31,phonetic,"pumpkin, squash",,,,
8-930-801-1,blan1242,Bulang,411,ʔum.51 toŋ.31,phonetic,gourd,,,,
8-920-801-1,blan1242,Bulang,925,man.31 kiau.33 lau.51,phonetic,"tapioca, manioc, cassava",,,,
8-910-801-1,blan1242,Bulang,159,man.31 kiau.33 sa.31 khak.33,phonetic,sweet potato,,,,
8-850-801-1,blan1242,Bulang,346,məi.31 leŋ.51,phonetic,banyan,,,,
8-840-801-1,blan1242,Bulang,868,ka.31 tɔ.51,phonetic,banana tree,,,,
8-820-801-1,blan1242,Bulang,970,mak.31 pau.51,phonetic,coconut,,,,
8-760-801-1,blan1242,Bulang,345,pɨh.31 khu.51,phonetic,sap,,,,
8-750-801-1,blan1242,Bulang,1204,hak.33 khu.51,phonetic,bark,,,,
8-740-801-1,blan1242,Bulang,409,kak.31 khu.51,phonetic,forked branch,,,,
8-730-801-1,blan1242,Bulang,344,kau.31 khu.51,phonetic,tree trunk,,,,
8-720-801-1,blan1242,Bulang,241,hɔŋ.33,phonetic,tree stump,,,,
8-691-801-1,blan1242,Bulang,1124,moi.33,phonetic,pipe,,,,
8-690-801-1,blan1242,Bulang,1689,phɨh.31,phonetic,smoke (tobacco),,,,
8-690-801-2,blan1242,Bulang,1689,sa.31 lit.33 hɔm.33,phonetic,smoke (tobacco),,,,
8-680-801-1,blan1242,Bulang,974,lha.31 sa.31 lit.33,phonetic,tobacco,,,,
8-640-801-1,blan1242,Bulang,1740,kak.31 gi.51,phonetic,pine,,,,
8-600-801-1,blan1242,Bulang,906,khu.51,phonetic,tree,,,,
8-570-801-1,blan1242,Bulang,239,phəh.31 khu.51,phonetic,flower,,,,
8-560-801-1,blan1242,Bulang,628,lha.31 khə.51,phonetic,leaf,,,,
8-550-801-1,blan1242,Bulang,1531,kak.31 khu.51,phonetic,branch,,,,
8-540-801-1,blan1242,Bulang,670,heh.51,phonetic,root,,,,
8-531-801-1,blan1242,Bulang,1486,ka.31 səm.33 khu.51,phonetic,plant (vb),,,,
8-520-801-1,blan1242,Bulang,342,ka.31 he.51,phonetic,hay,,,,
8-530-801-1,blan1242,Bulang,653,khu.51,phonetic,plant (noun),,,,
8-530-801-2,blan1242,Bulang,653,hip.33,phonetic,plant (noun),,,,
8-510-801-1,blan1242,Bulang,606,hip.51,phonetic,grass,,,,
8-480-801-1,blan1242,Bulang,926,sɔm.31 sa.33 li.31,phonetic,rice,,,,
8-470-801-1,blan1242,Bulang,506,sa.33 li.31,phonetic,"maize, corn",,,,
8-450-801-1,blan1242,Bulang,23,khau.31 mɨ.51 lɔŋ.31,phonetic,rye,,,,
8-430-801-1,blan1242,Bulang,1077,khau.31 mɨ.51,phonetic,wheat,,,,
8-440-801-1,blan1242,Bulang,932,khau.31 mɨ.51 hɔn.51,phonetic,barley,,,,
8-420-801-1,blan1242,Bulang,605,hɔk.33,phonetic,"grain (barley, oats etc)",,,,
8-410-801-1,blan1242,Bulang,611,sət.33 ti.31 ʔɨn.51,phonetic,"crop, harvest",,,,
8-350-801-1,blan1242,Bulang,223,ka.31 lɨh.31 hɔk.33,phonetic,threshing-floor,,,,
8-340-801-1,blan1242,Bulang,285,lɨh.31 hɔk.33,phonetic,thresh,,,,
8-330-801-1,blan1242,Bulang,2132,ka.31 voik.31,phonetic,"sickle, scythe",,,,
8-320-801-1,blan1242,Bulang,190,voik.33,phonetic,"mow, reap",,,,
8-311-801-1,blan1242,Bulang,714,ku.33 ćəʔ.31,phonetic,seed,,,,
8-310-801-1,blan1242,Bulang,748,puk.51,phonetic,sow,,,,
8-270-801-1,blan1242,Bulang,338,fə.51,phonetic,rake,,,,
8-250-801-1,blan1242,Bulang,284,khɔ.51,phonetic,hoe,,,,
8-240-801-1,blan1242,Bulang,1901,ćhak.33,phonetic,shovel,,,,
8-212-801-1,blan1242,Bulang,1794,hoi.31 thei.33,phonetic,furrow,,,,
8-220-801-1,blan1242,Bulang,1418,puk.33,phonetic,dig,,,,
8-210-801-1,blan1242,Bulang,1921,thei.33,phonetic,plow,,,,
8-170-801-1,blan1242,Bulang,2002,naʔ.31 məŋ.51,phonetic,ditch,,,,
8-160-801-1,blan1242,Bulang,1690,hau.51,phonetic,fence,,,,
8-150-801-1,blan1242,Bulang,1541,thei.33 naʔ.31,phonetic,"cultivate, till",,,,
8-130-801-1,blan1242,Bulang,586,ka.31 vaŋ.51 tɨh.51,phonetic,garden,,,,
8-120-801-1,blan1242,Bulang,212,naʔ.31,phonetic,field (for cultivation),,,,
8-110-801-1,blan1242,Bulang,979,naŋ.31 vek.33 naŋ.31 kan.33,phonetic,farmer,,,,
7-640-801-1,blan1242,Bulang,901,nin.51 ći.33 ka.31 he.51,phonetic,adobe,,,,
7-630-801-1,blan1242,Bulang,224,mi.33 sai.31,phonetic,mortar,,,,
7-620-801-1,blan1242,Bulang,1006,nin.51 ći.33,phonetic,brick,,,,
7-610-801-1,blan1242,Bulang,877,naŋ.31 jəh.51 sa.31 mu.51,phonetic,mason,,,,
7-570-801-1,blan1242,Bulang,1227,piɛn.33,phonetic,board,,,,
7-560-801-1,blan1242,Bulang,281,kan.31 faʔ.33,phonetic,"post, pole",,,,
7-550-801-1,blan1242,Bulang,1132,phaŋ.33 phen.51,phonetic,beam,,,,
7-540-801-1,blan1242,Bulang,829,sa.31 la.31 ʔo.51,phonetic,rafter,,,,
7-530-801-1,blan1242,Bulang,280,sa.31 lat.33,phonetic,ridgepole,,,,
7-520-801-1,blan1242,Bulang,279,juŋ.33 pɔŋ.51,phonetic,thatch,,,,
7-510-801-1,blan1242,Bulang,769,phaŋ.33 ńa.31,phonetic,roof,,,,
7-480-801-1,blan1242,Bulang,205,ka.31 thɔk.33,phonetic,trough,,,,
7-470-801-1,blan1242,Bulang,745,pe.31 pe.51,phonetic,shelf,,,,
7-460-801-1,blan1242,Bulang,1273,tem.51 khai.33 pa.33,phonetic,candle,,,,
7-450-801-1,blan1242,Bulang,2131,tian.31 tən.51,phonetic,"lamp, torch",,,,
7-440-801-1,blan1242,Bulang,1775,khe.51,phonetic,table,,,,
7-430-801-1,blan1242,Bulang,1476,paŋ.33,phonetic,chair,,,,
7-422-801-1,blan1242,Bulang,806,pha.31 miɛn.51,phonetic,blanket,,,,
7-421-801-1,blan1242,Bulang,1044,ka.31 kum.51,phonetic,pillow,,,,
7-420-801-1,blan1242,Bulang,1663,ka.31 ʔit.33,phonetic,bed,,,,
7-370-801-1,blan1242,Bulang,1464,ćuŋ.31 bɔŋ.33 miau.33,phonetic,ladder,,,,
7-330-801-1,blan1242,Bulang,1305,tu.33,phonetic,chimney,,,,
7-270-801-1,blan1242,Bulang,933,ka.31 tai.51,phonetic,wall,,,,
7-260-801-1,blan1242,Bulang,1632,kha.31 ćɔ.51,phonetic,floor,,,,
7-250-801-1,blan1242,Bulang,1375,lɔt.31,phonetic,window,,,,
7-240-801-1,blan1242,Bulang,1472,ka.31 ćie.33,phonetic,key,,,,
7-231-801-1,blan1242,Bulang,1012,ka.31 sɔŋ.51 ka.31 va.33,phonetic,"latch, door-bolt",,,,
7-230-801-1,blan1242,Bulang,1596,sɔŋ.51,phonetic,lock (noun),,,,
7-221-801-1,blan1242,Bulang,80,khu.51 ka.31 va.33,phonetic,"doorpost, jamb",,,,
7-210-801-1,blan1242,Bulang,1450,ńa.31 kha.31 nai.33,phonetic,room,,,,
7-220-801-1,blan1242,Bulang,1567,ka.31 va.33,phonetic,"door, gate",,,,
7-180-801-1,blan1242,Bulang,335,tio.31 ʔa.31 na.33,phonetic,meeting house,,,,
7-170-801-1,blan1242,Bulang,334,ńa.31 kəh.51 sɔm.33,phonetic,cookhouse,,,,
7-160-801-1,blan1242,Bulang,408,ka.31 ʔit.33 sa.33 la.33,phonetic,men's house,,,,
7-150-801-1,blan1242,Bulang,736,ka.31 pɨm.51,phonetic,"yard, court",,,,
7-131-801-1,blan1242,Bulang,403,sa.31 la.33,phonetic,garden-house,,,,
7-130-801-1,blan1242,Bulang,1678,ńa.31 ʔɛt.33,phonetic,hut,,,,
7-120-801-1,blan1242,Bulang,1252,ńa.31,phonetic,house,,,,
7-110-801-1,blan1242,Bulang,363,mok.55,phonetic,"dwell, live",,,,
6-960-801-1,blan1242,Bulang,1171,viɛn.51,phonetic,mirror,,,,
6-950-801-1,blan1242,Bulang,788,nam.51 sak.33,phonetic,soap,,,,
6-930-801-1,blan1242,Bulang,151,ka.31 kut.33,phonetic,razor,,,,
6-921-801-1,blan1242,Bulang,333,kiɛn.33,phonetic,braid,,,,
6-920-801-1,blan1242,Bulang,1821,su.51 si.33,phonetic,brush,,,,
6-910-801-1,blan1242,Bulang,1475,ka.31 sat.33,phonetic,comb,,,,
6-780-801-1,blan1242,Bulang,330,pha.31 ćiaŋ.33,phonetic,"headband, headdress",,,,
6-770-801-1,blan1242,Bulang,770,ku.31 juk.33,phonetic,earring,,,,
6-760-801-1,blan1242,Bulang,1860,ŋɨn.51,phonetic,bead,,,,
6-750-801-1,blan1242,Bulang,1961,ku.51 gok.33,phonetic,necklace,,,,
6-740-801-1,blan1242,Bulang,1754,ku.31 ti.33,phonetic,bracelet,,,,
6-730-801-1,blan1242,Bulang,1374,ćhɨp.33 ti.31,phonetic,ring (for finger),,,,
6-720-801-1,blan1242,Bulang,1029,ŋɨn.51 kham.51,phonetic,jewel,,,,
6-710-801-1,blan1242,Bulang,917,ku.51 nɔk.33,phonetic,"ornament, adornment",,,,
6-630-801-1,blan1242,Bulang,64,ka.31 ńi.33 ka.51 la.31,phonetic,pin,,,,
6-620-801-1,blan1242,Bulang,757,tɔm.51,phonetic,button,,,,
6-610-801-1,blan1242,Bulang,1851,pio.31,phonetic,pocket,,,,
6-590-801-1,blan1242,Bulang,1151,ka.31 pəh.51,phonetic,veil,,,,
6-580-801-1,blan1242,Bulang,867,ka.31 ćhɨp.33 ti.31,phonetic,glove,,,,
6-570-801-1,blan1242,Bulang,772,jet.33 ka.31 ńɔŋ.51,phonetic,"belt, girdle",,,,
6-550-801-1,blan1242,Bulang,2130,ka.31 ćhɨp.33,phonetic,"hat, cap",,,,
6-540-801-1,blan1242,Bulang,875,naŋ.31 jəh.51 khiɛp.51,phonetic,"shoemaker, cobbler",,,,
6-510-801-1,blan1242,Bulang,1381,khiɛp.51,phonetic,shoe,,,,
6-520-801-1,blan1242,Bulang,585,khiɛp.51,phonetic,boot,,,,
6-490-801-1,blan1242,Bulang,329,khuk.51,phonetic,"stocking, sock",,,,
6-480-801-1,blan1242,Bulang,809,fɛh.51,phonetic,trousers,,,,
6-461-801-1,blan1242,Bulang,328,ka.31 tɔŋ.33 ka.31 ća.51,phonetic,grass-skirt,,,,
6-460-801-1,blan1242,Bulang,1600,ka.31 ća.51,phonetic,skirt,,,,
6-450-801-1,blan1242,Bulang,2012,ŋɔk.51 fɔʔ.31,phonetic,collar,,,,
6-440-801-1,blan1242,Bulang,1622,sai.33 pa.31,phonetic,shirt,,,,
6-430-801-1,blan1242,Bulang,603,fɔʔ.31 hɔn.33,phonetic,coat,,,,
6-420-801-1,blan1242,Bulang,474,ka.31 ʒ́ha.51 fɔʔ.31,phonetic,woman's dress,,,,
6-411-801-1,blan1242,Bulang,327,fɔʔ.31 le.51,phonetic,poncho,,,,
6-390-801-1,blan1242,Bulang,157,ku.31 juŋ.33,phonetic,dye,,,,
6-410-801-1,blan1242,Bulang,326,tuk.51,phonetic,cloak,,,,
6-380-801-1,blan1242,Bulang,1161,mu.51,phonetic,thread,,,,
6-360-801-1,blan1242,Bulang,1382,ka.31 ńɛ.51,phonetic,needle,,,,
6-370-801-1,blan1242,Bulang,278,khu.51,phonetic,awl,,,,
6-350-801-1,blan1242,Bulang,1457,ćiŋ.31 jet.33,phonetic,sew,,,,
6-340-801-1,blan1242,Bulang,1787,ćak.33 jəʔ.31 jet.33,phonetic,loom,,,,
6-330-801-1,blan1242,Bulang,133,taiŋ.33,phonetic,weave,,,,
6-320-801-1,blan1242,Bulang,277,ćak.33,phonetic,spindle,,,,
6-310-801-1,blan1242,Bulang,121,ćiŋ.31,phonetic,spin,,,,
6-290-801-1,blan1242,Bulang,629,(khiɛp.51) hak.33,phonetic,leather,,,,
6-280-801-1,blan1242,Bulang,580,(fɔʔ.31) hak.33,phonetic,fur,,,,
6-240-801-1,blan1242,Bulang,1850,pha.31 tai.33,phonetic,cotton,,,,
6-230-801-1,blan1242,Bulang,916,ka.31 ćiŋ.31,phonetic,"linen, flax",,,,
6-220-801-1,blan1242,Bulang,964,mau.31 siɛn.33,phonetic,wool,,,,
6-210-801-1,blan1242,Bulang,1616,jiet.51,phonetic,cloth,,,,
6-130-801-1,blan1242,Bulang,881,ćiŋ.31,phonetic,tailor,,,,
6-120-801-1,blan1242,Bulang,1895,fɔʔ.31,phonetic,"clothing, clothes",,,,
6-110-801-1,blan1242,Bulang,158,khe.51 (fɔʔ.31),phonetic,put on (clothes),,,,
5-971-801-1,blan1242,Bulang,1556,ka.31 tɔm.33 ləŋ.33,phonetic,egg yolk,,,,
5-970-801-1,blan1242,Bulang,744,ka.31 tɔm.33,phonetic,egg,,,,
5-930-801-1,blan1242,Bulang,1639,pai.33,phonetic,beer,,,,
5-920-801-1,blan1242,Bulang,1524,pai.33 phu.31 thau.33,phonetic,wine,,,,
5-910-801-1,blan1242,Bulang,941,ʔum.51 pheh.31 pai.51,phonetic,mead,,,,
5-890-801-1,blan1242,Bulang,1245,la.31 man.31 ləŋ.33,phonetic,butter,,,,
5-870-801-1,blan1242,Bulang,93,pet.33,phonetic,milk (vb),,,,
5-850-801-1,blan1242,Bulang,862,ʔum.51 mɛʔ.33,phonetic,sugar,,,,
5-860-801-1,blan1242,Bulang,635,ʔum.51 pə.31,phonetic,milk (noun),,,,
5-840-801-1,blan1242,Bulang,942,ʔum.51 pheh.31,phonetic,honey,,,,
5-821-801-1,blan1242,Bulang,919,phik.31 hɛ.33,phonetic,chili pepper,,,,
5-820-801-1,blan1242,Bulang,1385,phik.31 phɔi.33,phonetic,pepper,,,,
5-810-801-1,blan1242,Bulang,1274,kih.33,phonetic,salt,,,,
5-791-801-1,blan1242,Bulang,323,la.31 man.33,phonetic,"grease, fat",,,,
5-790-801-1,blan1242,Bulang,1484,la.31 ʔuh.51,phonetic,oil,,,,
5-780-801-1,blan1242,Bulang,1154,sa.31 mɛʔ.31,phonetic,olive,,,,
5-770-801-1,blan1242,Bulang,191,ka.31 jau.33,phonetic,nut,,,,
5-750-801-1,blan1242,Bulang,322,phəh.33 khu.33 maŋ.51 kui.33 pi.51,phonetic,fig,,,,
5-712-801-1,blan1242,Bulang,1966,sa.31 kaŋ.33,phonetic,bunch,,,,
5-710-801-1,blan1242,Bulang,1507,ku.31 pi.33,phonetic,fruit,,,,
5-660-801-1,blan1242,Bulang,832,ćɨm.51,phonetic,bean,,,,
5-650-801-1,blan1242,Bulang,924,tɨ.51,phonetic,vegetables,,,,
5-640-801-1,blan1242,Bulang,1547,ʔum.51 (pɔn.51),phonetic,"soup, broth",,,,
5-630-801-1,blan1242,Bulang,1874,veik.51,phonetic,sausage,,,,
5-610-801-1,blan1242,Bulang,634,pɔn.55,phonetic,meat,,,,
5-590-801-1,blan1242,Bulang,225,sa.31 poi.33,phonetic,pestle,,,,
5-580-801-1,blan1242,Bulang,224,kɔk.31,phonetic,mortar (2),,,,
5-570-801-1,blan1242,Bulang,636,ka.31 jiɛp.55 (phɔk.51),phonetic,mill,,,,
5-560-801-1,blan1242,Bulang,1033,mɔ.33 hok.55,phonetic,"crush, grind",,,,
5-550-801-1,blan1242,Bulang,1594,ka.31 phuŋ.33 miɛn.33,phonetic,"meal, flour",,,,
5-540-801-1,blan1242,Bulang,274,ka.31 jam.51,phonetic,knead,,,,
5-530-801-1,blan1242,Bulang,273,ka.31 kəh.51,phonetic,dough,,,,
5-490-801-1,blan1242,Bulang,2017,ka.31 vik.33,phonetic,"stir, mix",,,,
5-480-801-1,blan1242,Bulang,1767,khut.51,phonetic,scrape,,,,
5-470-801-1,blan1242,Bulang,86,ka.31 pɛh.51,phonetic,"sieve, strain",,,,
5-460-801-1,blan1242,Bulang,275,hik.51,phonetic,peel,,,,
5-450-801-1,blan1242,Bulang,1833,ta.31 pu.51,phonetic,supper,,,,
5-440-801-1,blan1242,Bulang,1833,sɔm.51 tɨ.51,phonetic,dinner,,,,
5-430-801-1,blan1242,Bulang,768,sɔm.51 bai.31,phonetic,lunch,,,,
5-420-801-1,blan1242,Bulang,1322,ta.31 ŋop.33,phonetic,breakfast,,,,
5-410-801-1,blan1242,Bulang,1526,(sɔm.33 ti.31) khap.33,phonetic,meal (a),,,,
5-391-801-1,blan1242,Bulang,272,kim.51,phonetic,tongs,,,,
5-390-801-1,blan1242,Bulang,1302,sa.31 mai.31,phonetic,fork (2),,,,
5-380-801-1,blan1242,Bulang,1352,ka.31 ŋɔŋ.51,phonetic,knife (2),,,,
5-370-801-1,blan1242,Bulang,1378,ka.31 ćon.51,phonetic,spoon,,,,
5-350-801-1,blan1242,Bulang,476,ćum.51,phonetic,"cup, drinking vessel",,,,
5-330-801-1,blan1242,Bulang,1530,sa.31 teh.51,phonetic,bowl,,,,
5-340-801-1,blan1242,Bulang,270,ma.31 kɔn.33,phonetic,"pitcher, jug",,,,
5-320-801-1,blan1242,Bulang,480,phan.31 phan.51,phonetic,plate,,,,
5-310-801-1,blan1242,Bulang,481,ka.31 ćon.51,phonetic,dish,,,,
5-280-801-1,blan1242,Bulang,31,ma.31 tɔŋ.51,phonetic,pan,,,,
5-260-801-1,blan1242,Bulang,1462,sa.31 teh.51,phonetic,"pot, cooking vessel",,,,
5-240-801-1,blan1242,Bulang,183,piŋ.33,phonetic,bake,,,,
5-250-801-1,blan1242,Bulang,1143,phɨ.51,phonetic,oven,,,,
5-230-801-1,blan1242,Bulang,2146,khɔ.31 tɨ.51,phonetic,"roast, fry",,,,
5-220-801-1,blan1242,Bulang,792,kəh.51 ʔum.51,phonetic,boil (vb),,,,
5-210-801-1,blan1242,Bulang,1100,kəh.51,phonetic,cook,,,,
5-190-801-1,blan1242,Bulang,129,nək.33,phonetic,choke,,,,
5-181-801-1,blan1242,Bulang,897,ka.31 nət.33,phonetic,swallow,,,,
5-180-801-1,blan1242,Bulang,321,pam.51,phonetic,chew,,,,
5-160-801-1,blan1242,Bulang,1421,nut.33,phonetic,suck,,,,
5-150-801-1,blan1242,Bulang,848,khuŋ.33 hit.33,phonetic,thirst,,,,
5-141-801-1,blan1242,Bulang,199,hai.31 pa.33 si.33,phonetic,famine,,,,
5-140-801-1,blan1242,Bulang,1864,ka.31 təi.33 huŋ.33,phonetic,hunger,,,,
5-130-801-1,blan1242,Bulang,1401,ńɨ.51,phonetic,drink,,,,
5-125-801-1,blan1242,Bulang,1728,sa.31 ʔəm.33,phonetic,rotten,,,,
5-124-801-1,blan1242,Bulang,1958,ka.31 kɔh.33,phonetic,"green, unripe",,,,
5-123-801-1,blan1242,Bulang,178,ka.31 tɨm.51,phonetic,ripe,,,,
5-122-801-1,blan1242,Bulang,1959,ʔim.33,phonetic,raw,,,,
5-121-801-1,blan1242,Bulang,269,kəh.51 sɔm.33,phonetic,cooked,,,,
5-120-801-1,blan1242,Bulang,256,ku.33 ʔeŋ.33,phonetic,food,,,,
5-110-801-1,blan1242,Bulang,1336,ʔeŋ.33,phonetic,eat,,,,
4-990-801-1,blan1242,Bulang,590,ka.31 kak.31 ka.31 kuŋ.33,phonetic,"naked, bare",,,,
4-970-801-1,blan1242,Bulang,1653,ŋai.51 ka.31 piɛt.33,phonetic,blind,,,,
4-980-801-1,blan1242,Bulang,1463,mau.51,phonetic,intoxicated,,,,
4-960-801-1,blan1242,Bulang,1666,kɔi.33,phonetic,mute,,,,
4-950-801-1,blan1242,Bulang,996,lɨt.33,phonetic,deaf,,,,
4-930-801-1,blan1242,Bulang,1125,ka.31 tɔm.33 ket.33,phonetic,bald,,,,
4-920-801-1,blan1242,Bulang,1564,ka.31 nah.51,phonetic,lazy,,,,
4-912-801-1,blan1242,Bulang,168,tah.51,phonetic,rest,,,,
4-910-801-1,blan1242,Bulang,1757,sa.31 təŋ.33,phonetic,"tired, weary",,,,
4-890-801-1,blan1242,Bulang,655,ka.31 pai.33 mau.51,phonetic,poison,,,,
4-880-801-1,blan1242,Bulang,1372,ka.31 pai.33,phonetic,"medicine, drug",,,,
4-870-801-1,blan1242,Bulang,597,no.33 jaʔ.31,phonetic,physician,,,,
4-860-801-1,blan1242,Bulang,499,khiɛn.33,phonetic,"cure, heal",,,,
4-857-801-1,blan1242,Bulang,1808,lɨm.51,phonetic,pus,,,,
4-856-801-1,blan1242,Bulang,793,tum.51,phonetic,boil (noun),,,,
4-855-801-1,blan1242,Bulang,1584,pɨh.51,phonetic,blister,,,,
4-854-801-1,blan1242,Bulang,148,kəʔ.31 hɔn.51,phonetic,itch,,,,
4-854-801-2,blan1242,Bulang,148,ka.31 ŋa.51,phonetic,itch,,,,
4-853-801-1,blan1242,Bulang,1903,kəʔ.31,phonetic,swelling,,,,
4-850-801-1,blan1242,Bulang,1109,ku.51 sɨ.51,phonetic,"wound, sore",,,,
4-843-801-1,blan1242,Bulang,102,khɔn.33,phonetic,cold (catarrh),,,,
4-842-801-1,blan1242,Bulang,1957,ŋɔk.31 kəʔ.31,phonetic,goiter,,,,
4-841-801-1,blan1242,Bulang,1534,kuat.51,phonetic,fever,,,,
4-840-801-1,blan1242,Bulang,1847,hɔh.33,phonetic,"sick, sickness",,,,
4-830-801-1,blan1242,Bulang,1364,nɔm.33,phonetic,"well, health",,,,
4-820-801-1,blan1242,Bulang,1601,maŋ.33 kuʔ.33 hiaŋ.31,phonetic,weak,,,,
4-810-801-1,blan1242,Bulang,785,kui.33 hiaŋ.31,phonetic,"strong, mighty, powerful",,,,
4-790-801-1,blan1242,Bulang,1773,ka.31 mɨik.51,phonetic,"grave, tomb",,,,
4-780-801-1,blan1242,Bulang,1719,ka.31 pɨŋ.33,phonetic,bury (the dead),,,,
4-770-801-1,blan1242,Bulang,767,si.31 ʔok.33 si.31 ʔaŋ.33,phonetic,corpse,,,,
4-760-801-1,blan1242,Bulang,1417,ta.31 jəm.51,phonetic,kill,,,,
4-750-801-1,blan1242,Bulang,1494,jəm.51,phonetic,"die, dead",,,,
4-740-801-1,blan1242,Bulang,1422,ʔim.51,phonetic,"live, living, life",,,,
4-732-801-1,blan1242,Bulang,1087,kək.33,phonetic,conceive,,,,
4-730-801-1,blan1242,Bulang,1123,hək.33,phonetic,pregnant,,,,
4-720-801-1,blan1242,Bulang,1090,kət.33,phonetic,born (to be),,,,
4-710-801-1,blan1242,Bulang,1152,lok.31 (pəi.33),phonetic,beget (of father),,,,
4-690-801-1,blan1242,Bulang,138,hɨm.33,phonetic,bathe,,,,
4-680-801-1,blan1242,Bulang,52,ka.31 hɨŋ.33,phonetic,shiver,,,,
4-670-801-1,blan1242,Bulang,1785,tɔt.33,phonetic,have sexual intercourse,,,,
4-660-801-1,blan1242,Bulang,676,ʔɛŋ.51,phonetic,defecate,,,,
4-650-801-1,blan1242,Bulang,592,nɨm.51,phonetic,urinate,,,,
4-640-801-1,blan1242,Bulang,1159,phəm.33,phonetic,break wind,,,,
4-630-801-1,blan1242,Bulang,1602,kuh.51,phonetic,wake up,,,,
4-620-801-1,blan1242,Bulang,1920,ka.31 muʔ.31,phonetic,dream,,,,
4-612-801-1,blan1242,Bulang,1983,ka.31 hək.33,phonetic,snore,,,,
4-610-801-1,blan1242,Bulang,1585,ʔit.33,phonetic,sleep,,,,
4-591-801-1,blan1242,Bulang,268,ʔum.51 ʔeh.51,phonetic,dribble,,,,
4-590-801-1,blan1242,Bulang,319,lɛt.51,phonetic,lick,,,,
4-580-801-1,blan1242,Bulang,1403,kiat.33,phonetic,bite,,,,
4-570-801-1,blan1242,Bulang,1278,hui.33,phonetic,vomit,,,,
4-560-801-1,blan1242,Bulang,1440,ʔum.51 ʔeh.51,phonetic,spit,,,,
4-550-801-1,blan1242,Bulang,126,lih.31 ʔum.51 kuik.51,phonetic,perspire,,,,
4-540-801-1,blan1242,Bulang,1621,ha.33 ćheh.51,phonetic,sneeze,,,,
4-530-801-1,blan1242,Bulang,879,ka.31 ʔuh.51,phonetic,cough,,,,
4-521-801-1,blan1242,Bulang,162,nək.51,phonetic,hiccough,,,,
4-520-801-1,blan1242,Bulang,1028,ŋhap.51,phonetic,"yawn, gape",,,,
4-510-801-1,blan1242,Bulang,1407,ka.31 hɨ.51 ka.31 phum.51,phonetic,"breathe, breath",,,,
4-492-801-1,blan1242,Bulang,1222,ka.51 lɛ.51,phonetic,penis,,,,
4-490-801-1,blan1242,Bulang,797,tɔm.33 nɔi.31,phonetic,testicle,,,,
4-470-801-1,blan1242,Bulang,804,ńa.31 kɔn.51,phonetic,womb,,,,
4-464-801-1,blan1242,Bulang,834,tɨ.31 to.51,phonetic,buttocks,,,,
4-463-801-1,blan1242,Bulang,1745,to.33,phonetic,hip,,,,
4-462-801-1,blan1242,Bulang,1681,ka.31 ńɔŋ.51,phonetic,waist,,,,
4-461-801-1,blan1242,Bulang,1991,veik.33,phonetic,"intestines, guts",,,,
4-451-801-1,blan1242,Bulang,489,mui.51,phonetic,kidney,,,,
4-450-801-1,blan1242,Bulang,1224,ka.31 tom.51,phonetic,liver,,,,
4-441-801-1,blan1242,Bulang,688,fu.31 fu.51,phonetic,lung,,,,
4-440-801-1,blan1242,Bulang,1223,ćit.51,phonetic,heart,,,,
4-430-801-1,blan1242,Bulang,1838,ka.31 tiŋ.51,phonetic,navel,,,,
4-420-801-1,blan1242,Bulang,154,ʔum.51 pɨ.51,phonetic,udder,,,,
4-412-801-1,blan1242,Bulang,796,ka.31 tɔm.33 tɨh.51,phonetic,"nipple, teat",,,,
4-410-801-1,blan1242,Bulang,1402,tɨh.51,phonetic,breast (of woman),,,,
4-400-801-1,blan1242,Bulang,1592,ka.31 phum.33,phonetic,chest,,,,
4-393-801-1,blan1242,Bulang,1201,hɨk.51,phonetic,feather,,,,
4-392-801-1,blan1242,Bulang,1257,phəik.51,phonetic,wing,,,,
4-380-801-1,blan1242,Bulang,1389,ka.31 kən.33 ćuŋ.51,phonetic,toe,,,,
4-374-801-1,blan1242,Bulang,318,hui.31 ćuŋ.51,phonetic,footprint,,,,
4-371-801-1,blan1242,Bulang,803,pok.33 ka.31 vaŋ.33,phonetic,ankle,,,,
4-370-801-1,blan1242,Bulang,1301,ćuŋ.51,phonetic,foot,,,,
4-352-801-1,blan1242,Bulang,498,ka.31 vaŋ.33 ʔɛt.33,phonetic,calf of leg,,,,
4-351-801-1,blan1242,Bulang,800,ka.31 vaŋ.33 kəiŋ.33,phonetic,thigh,,,,
4-350-801-1,blan1242,Bulang,1297,ćuŋ.51,phonetic,leg,,,,
4-345-801-1,blan1242,Bulang,72,kaik.51,phonetic,claw,,,,
4-344-801-1,blan1242,Bulang,1258,ka.31 him.33 ti.51,phonetic,fingernail,,,,
4-342-801-1,blan1242,Bulang,1781,ti.51 ma.31,phonetic,thumb,,,,
4-340-801-1,blan1242,Bulang,1303,ka.31 kən.31 ti.51,phonetic,finger,,,,
4-331-801-1,blan1242,Bulang,1183,ka.31 tak.51 ti.51,phonetic,palm of hand,,,,
4-330-801-1,blan1242,Bulang,1277,ti.51,phonetic,hand,,,,
4-312-801-1,blan1242,Bulang,1886,ka.31 lɛk.33,phonetic,armpit,,,,
4-310-801-1,blan1242,Bulang,1673,sok.31,phonetic,arm,,,,
4-302-801-1,blan1242,Bulang,1994,sa.31 ʔaŋ.33 ŋok.31,phonetic,collarbone,,,,
4-301-801-1,blan1242,Bulang,172,sa.31 ʔaŋ.33 sa.31 paŋ.33,phonetic,shoulderblade,,,,
4-300-801-1,blan1242,Bulang,1482,sa.31 paŋ.33,phonetic,shoulder,,,,
4-290-801-1,blan1242,Bulang,1346,khuŋ.33,phonetic,throat,,,,
4-281-801-1,blan1242,Bulang,1347,ka.31 ʔok.33,phonetic,nape of neck,,,,
4-280-801-1,blan1242,Bulang,1333,ŋok.33,phonetic,neck,,,,
4-272-801-1,blan1242,Bulang,1049,haŋ.33 ka.31 paŋ.33,phonetic,molartooth,,,,
4-270-801-1,blan1242,Bulang,1380,haŋ.33,phonetic,tooth,,,,
4-271-801-1,blan1242,Bulang,139,haŋ.33 ka.31 saŋ.33,phonetic,gums,,,,
4-271-801-2,blan1242,Bulang,139,ka.31 ŋi.51,phonetic,gums,,,,
4-260-801-1,blan1242,Bulang,1205,ka.31 tak.51,phonetic,tongue,,,,
4-241-801-1,blan1242,Bulang,73,ka.31 kuh.51 sim.51,phonetic,beak,,,,
4-240-801-1,blan1242,Bulang,674,mɔiŋ.51,phonetic,mouth,,,,
4-232-801-1,blan1242,Bulang,208,mɨh.33,phonetic,mucus (nasal),,,,
4-231-801-1,blan1242,Bulang,1178,ka.31 tɨ.51 mɨh.33,phonetic,nostril,,,,
4-230-801-1,blan1242,Bulang,1221,mɨh.33,phonetic,nose,,,,
4-222-801-1,blan1242,Bulang,32,ʔɛŋ.33 juk.51,phonetic,earwax,,,,
4-221-801-1,blan1242,Bulang,18,pai.33 ja.31 juk.51,phonetic,earlobe,,,,
4-220-801-1,blan1242,Bulang,1247,ja.31 juk.51,phonetic,ear,,,,
4-215-801-1,blan1242,Bulang,1655,ćhip.31 ŋai.33,phonetic,blink,,,,
4-215-801-2,blan1242,Bulang,1655,paŋ.33 ŋai.33,phonetic,blink,,,,
4-214-801-1,blan1242,Bulang,1540,hɨk.33 ŋai.33,phonetic,eyelash,,,,
4-213-801-1,blan1242,Bulang,17,hak.33 ŋai.33,phonetic,eyelid,,,,
4-212-801-1,blan1242,Bulang,1173,kiu.31 ta.51,phonetic,eyebrow,,,,
4-210-801-1,blan1242,Bulang,1248,ŋai.33,phonetic,eye,,,,
4-208-801-1,blan1242,Bulang,1730,sa.31 pa.33,phonetic,cheek,,,,
4-205-801-1,blan1242,Bulang,123,hei.33,phonetic,forehead,,,,
4-207-801-1,blan1242,Bulang,798,kap.33,phonetic,jaw,,,,
4-204-801-1,blan1242,Bulang,1560,naʔ.31,phonetic,face,,,,
4-203-801-1,blan1242,Bulang,1583,ńok.31,phonetic,brain,,,,
4-202-801-1,blan1242,Bulang,1605,sa.31 phah.51 ka.31 tɔŋ.33,phonetic,skull,,,,
4-200-801-1,blan1242,Bulang,1256,ka.31 tɔŋ.33,phonetic,head,,,,
4-191-801-1,blan1242,Bulang,805,sa.31 ʔaŋ.33 khɨ.51,phonetic,spine,,,,
4-190-801-1,blan1242,Bulang,1291,ka.31 khɨ.51,phonetic,back,,,,
4-180-801-1,blan1242,Bulang,1220,sa.31 ta.51,phonetic,tail,,,,
4-170-801-1,blan1242,Bulang,1393,həŋ.33 khak.55,phonetic,horn,,,,
4-162-801-1,blan1242,Bulang,801,sa.31 ʔaŋ.33 phuk.51,phonetic,rib,,,,
4-160-801-1,blan1242,Bulang,1394,sa.31 ʔaŋ.33,phonetic,bone,,,,
4-150-801-1,blan1242,Bulang,946,nam.55,phonetic,blood,,,,
4-146-801-1,blan1242,Bulang,576,mah.31,phonetic,dandruff,,,,
4-144-801-1,blan1242,Bulang,189,hɨk.33 ćuŋ.31,phonetic,body hair,,,,
4-142-801-1,blan1242,Bulang,678,mui.51,phonetic,beard,,,,
4-140-801-1,blan1242,Bulang,1040,hɨk.51,phonetic,hair (head),,,,
4-130-801-1,blan1242,Bulang,2259,pɔn.33,phonetic,flesh,,,,
4-120-801-1,blan1242,Bulang,763,hak.33,phonetic,"skin, hide",,,,
4-110-801-1,blan1242,Bulang,1480,tu.33,phonetic,body,,,,
3-980-801-1,blan1242,Bulang,112,phu.31 pha.55,phonetic,turtle,,,,
3-970-801-1,blan1242,Bulang,1857,ćak.33 khiɛ.31,phonetic,"crocodile, alligator",,,,
3-960-801-1,blan1242,Bulang,632,ka.31 taŋ.33,phonetic,lizard,,,,
3-950-801-1,blan1242,Bulang,503,huk.51,phonetic,frog,,,,
3-940-801-1,blan1242,Bulang,1543,hɔi.55,phonetic,snail,,,,
3-930-801-1,blan1242,Bulang,607,sa.31 hop.33,phonetic,grasshopper,,,,
3-920-801-1,blan1242,Bulang,1791,ćak.31 ka.31 lau.33,phonetic,butterfly,,,,
3-910-801-1,blan1242,Bulang,206,ńaŋ.31 ńiɛt.33,phonetic,firefly,,,,
3-850-801-1,blan1242,Bulang,730,sa.31 ʔəiŋ.33,phonetic,snake,,,,
3-840-801-1,blan1242,Bulang,1219,vak.33 vaik.31,phonetic,worm,,,,
3-832-801-1,blan1242,Bulang,1509,mɛn.31 juŋ.51,phonetic,mosquito,,,,
3-830-801-1,blan1242,Bulang,1504,sa.31 maiŋ.31,phonetic,fly,,,,
3-823-801-1,blan1242,Bulang,1517,ʔaiŋ.33 ʔɔŋ.33,phonetic,wasp,,,,
3-822-801-1,blan1242,Bulang,88,ńa.31 pheh.51,phonetic,beehive,,,,
3-821-801-1,blan1242,Bulang,1931,ńuh.51,phonetic,beeswax,,,,
3-820-801-1,blan1242,Bulang,665,pheh.51,phonetic,bee,,,,
3-819-801-1,blan1242,Bulang,1065,ńa.31 haŋ.31 hih.51,phonetic,spider web,,,,
3-818-801-1,blan1242,Bulang,843,haŋ.31 hih.51,phonetic,spider,,,,
3-817-801-1,blan1242,Bulang,587,ka.31 mɨik.33,phonetic,ant,,,,
3-815-801-1,blan1242,Bulang,1538,vak.31 kip.33,phonetic,scorpion,,,,
3-814-801-1,blan1242,Bulang,1974,ćak.31 khiɛp.33,phonetic,centipede,,,,
3-813-801-1,blan1242,Bulang,232,tiɛp.51,phonetic,flea,,,,
3-812-801-1,blan1242,Bulang,267,ka.31 tɔm.33 si.51,phonetic,nit (louse egg),,,,
3-811-801-1,blan1242,Bulang,1392,ka.31 həiŋ.51,phonetic,louse,,,,
3-811-801-2,blan1242,Bulang,1392,si.51,phonetic,louse,,,,
3-810-801-1,blan1242,Bulang,620,vak.33,phonetic,insect,,,,
3-780-801-1,blan1242,Bulang,1871,lɔ.31 thɔ.51,phonetic,camel,,,,
3-770-801-1,blan1242,Bulang,1290,ka.31 saŋ.33,phonetic,elephant,,,,
3-760-801-1,blan1242,Bulang,1350,ka.31 neʔ.31,phonetic,monkey,,,,
3-750-801-1,blan1242,Bulang,1936,ćak.33,phonetic,deer,,,,
3-730-801-1,blan1242,Bulang,1820,khih.51,phonetic,bear,,,,
3-710-801-1,blan1242,Bulang,522,ka.31 hok.51,phonetic,wolf,,,,
3-665-801-1,blan1242,Bulang,1013,jen.33,phonetic,freshwater eel,,,,
3-655-801-1,blan1242,Bulang,598,hɔi.31 saŋ.33,phonetic,shell,,,,
3-654-801-1,blan1242,Bulang,1916,tɔm.31 puk.33 (ka.51),phonetic,gill,,,,
3-653-801-1,blan1242,Bulang,266,sa.31 khəh.51 ka.51,phonetic,fishscale,,,,
3-652-801-1,blan1242,Bulang,213,phəik.33 ka.51,phonetic,fin (dorsal),,,,
3-650-801-1,blan1242,Bulang,227,ka.33,phonetic,fish,,,,
3-630-801-1,blan1242,Bulang,2139,ka.51,phonetic,"mouse, rat",,,,
3-620-801-1,blan1242,Bulang,1208,mɛl.33,phonetic,cat,,,,
3-614-801-1,blan1242,Bulang,1136,paŋ.33 puaŋ.51,phonetic,rabbit,,,,
3-610-801-1,blan1242,Bulang,2009,so.51,phonetic,dog,,,,
3-596-801-1,blan1242,Bulang,735,nɔk.31 ka.31 miau.33,phonetic,owl,,,,
3-593-801-1,blan1242,Bulang,913,ka.31 ʔak.33,phonetic,crow,,,,
3-591-801-1,blan1242,Bulang,1793,pei.31 la.31,phonetic,bat,,,,
3-586-801-1,blan1242,Bulang,1185,kaŋ.33 liau.33,phonetic,vulture,,,,
3-585-801-1,blan1242,Bulang,307,kaŋ.33,phonetic,hawk,,,,
3-582-801-1,blan1242,Bulang,950,hai.31 ʔo.33,phonetic,seagull,,,,
3-581-801-1,blan1242,Bulang,937,sim.33,phonetic,bird,,,,
3-580-801-1,blan1242,Bulang,539,han.33 ńa.31,phonetic,nest,,,,
3-570-801-1,blan1242,Bulang,1360,ʔɛh.51 kap.33,phonetic,duck,,,,
3-560-801-1,blan1242,Bulang,1187,han.33,phonetic,goose,,,,
3-550-801-1,blan1242,Bulang,1318,ʔɛh.51,phonetic,chicken,,,,
3-540-801-1,blan1242,Bulang,1514,ʔɛh.31 ma.31,phonetic,hen,,,,
3-520-801-1,blan1242,Bulang,1511,ʔɛh.31 ćok.33,phonetic,"cock, rooster",,,,
3-500-801-1,blan1242,Bulang,265,ku.31 lok.33,phonetic,fowl,,,,
3-460-801-1,blan1242,Bulang,1862,laʔ.31,phonetic,"ass, donkey",,,,
3-450-801-1,blan1242,Bulang,1647,kɔn.31 ka.31 hɔŋ.51 miŋ.55,phonetic,"foal, colt",,,,
3-450-801-2,blan1242,Bulang,1647,kɔn.31 ka.31 hɔŋ.51 ma.31,phonetic,"foal, colt",,,,
3-440-801-1,blan1242,Bulang,938,ka.31 hɔŋ.51 ma.31,phonetic,mare,,,,
3-420-801-1,blan1242,Bulang,936,ka.31 hɔŋ.51 miŋ.55,phonetic,stallion,,,,
3-410-801-1,blan1242,Bulang,615,ka.31 hɔŋ.51,phonetic,horse (equine),,,,
3-380-801-1,blan1242,Bulang,1972,peʔ.31 ʔɛt.33,phonetic,kid,,,,
3-370-801-1,blan1242,Bulang,264,peʔ.31 miŋ.55,phonetic,he-goat,,,,
3-360-801-1,blan1242,Bulang,1502,peʔ.31,phonetic,goat,,,,
3-350-801-1,blan1242,Bulang,1337,lik.31,phonetic,pig,,,,
3-340-801-1,blan1242,Bulang,1351,lik.31 ma.31,phonetic,sow (2),,,,
3-320-801-1,blan1242,Bulang,1348,lik.31 miŋ.51,phonetic,boar,,,,
3-290-801-1,blan1242,Bulang,820,peʔ.31,phonetic,lamb,,,,
3-280-801-1,blan1242,Bulang,1345,peʔ.31 ma.31,phonetic,ewe,,,,
3-260-801-1,blan1242,Bulang,1344,peʔ.31 miŋ.33,phonetic,ram,,,,
3-250-801-1,blan1242,Bulang,1331,peʔ.31,phonetic,sheep,,,,
3-240-801-1,blan1242,Bulang,1989,khak.31 ʔɛt.33,phonetic,calf,,,,
3-230-801-1,blan1242,Bulang,1007,khak.51 ma.51,phonetic,cow,,,,
3-220-801-1,blan1242,Bulang,1169,ka.31 moi.51,phonetic,ox,,,,
3-210-801-1,blan1242,Bulang,1008,khak.31 miŋ.55,phonetic,bull,,,,
3-200-801-1,blan1242,Bulang,1153,ku.31 tu.51,phonetic,cattle (bovine),,,,
3-190-801-1,blan1242,Bulang,851,khɔk.31 ka.31 hɔŋ.51,phonetic,"stable, stall",,,,
3-180-801-1,blan1242,Bulang,263,həi.31 poi.51 khak.55,phonetic,herdsman,,,,
3-160-801-1,blan1242,Bulang,649,ka.31 taŋ.31 khak.55,phonetic,pasture,,,,
3-150-801-1,blan1242,Bulang,631,ku.33 lok.55,phonetic,livestock,,,,
3-130-801-1,blan1242,Bulang,2262,ku.33 ma.31,phonetic,female (adj),,,,
3-120-801-1,blan1242,Bulang,2261,ku.33 miŋ.55,phonetic,male (adj),,,,
3-110-801-1,blan1242,Bulang,619,ku.33 tu.33 hɔn.33,phonetic,animal,,,,
2-960-801-1,blan1242,Bulang,817,kiat.33 ti.31,phonetic,they,,,,
2-950-801-1,blan1242,Bulang,1213,pet.33 ti.31,phonetic,you (plural),,,,
2-942-801-1,blan1242,Bulang,1130,ʔet.33 ti.31,phonetic,we (exclusive),,,,
2-941-801-1,blan1242,Bulang,1131,ʔet.33 ti.31 taŋ.31 ʔəik.33,phonetic,we (inclusive),,,,
2-940-801-1,blan1242,Bulang,1212,ʔət.33 ti.31,phonetic,we,,,,
2-930-801-1,blan1242,Bulang,262,ʔən.33,phonetic,he/she/it,,,,
2-920-801-1,blan1242,Bulang,1215,mit.33,phonetic,you (singular),,,,
2-910-801-1,blan1242,Bulang,1209,ʔɨt.33,phonetic,I,,,,
2-820-801-1,blan1242,Bulang,194,ńha.31 khui.51,phonetic,family,,,,
2-810-801-1,blan1242,Bulang,1644,tə.51 ʔɔŋ.51,phonetic,"relatives, kinsmen",,,,
2-770-801-1,blan1242,Bulang,1981,pɔ.31 haŋ.51,phonetic,widower,,,,
2-760-801-1,blan1242,Bulang,1756,pɔ.31 mai.51,phonetic,widow,,,,
2-750-801-1,blan1242,Bulang,1149,maŋ.31 ʔən.33 kui.33 ma.31 kɨiŋ.51,phonetic,orphan,,,,
2-740-801-1,blan1242,Bulang,1058,kɔn.33 ka.31 pən.55 ka.31 tuh.51,phonetic,stepdaughter,,,,
2-730-801-1,blan1242,Bulang,1059,kɔn.33 ka.31 tuh.51,phonetic,stepson,,,,
2-720-801-1,blan1242,Bulang,236,ma.31 ka.31 tuh.51,phonetic,stepmother,,,,
2-710-801-1,blan1242,Bulang,237,kɨiŋ.51 ka.31 tuh.51,phonetic,stepfather,,,,
2-641-801-1,blan1242,Bulang,2264,kɔn.33 ka.31 mən.51,phonetic,daughter-in-law (of a woman),,,,
2-640-801-1,blan1242,Bulang,2265,kɔn.33 ka.31 mən.51,phonetic,daughter-in-law (of a man),,,,
2-631-801-1,blan1242,Bulang,2266,ka.31 mən.51,phonetic,son-in-law (of a woman),,,,
2-630-801-1,blan1242,Bulang,2267,ka.31 mən.51,phonetic,son-in-law (of a man),,,,
2-621-801-1,blan1242,Bulang,2257,ńha.31 ka.31 pən.51,phonetic,mother-in-law (of a woman),,,,
2-620-801-1,blan1242,Bulang,2256,jaʔ.31,phonetic,mother-in-law (of a man),,,,
2-611-801-1,blan1242,Bulang,2254,ńha.31 ka.31 meʔ.31,phonetic,father-in-law (of a woman),,,,
2-610-801-1,blan1242,Bulang,2255,ta.51,phonetic,father-in-law (of a man),,,,
2-570-801-1,blan1242,Bulang,490,khan.33 khxɨ.33,phonetic,descendants,,,,
2-560-801-1,blan1242,Bulang,1669,ta.31 man.33,phonetic,ancestors,,,,
2-550-801-1,blan1242,Bulang,1643,kɔn.33 nok.33 ńha.51,phonetic,cousin,,,,
2-540-801-1,blan1242,Bulang,1642,lan.33 ka.31 pən.55,phonetic,niece,,,,
2-530-801-1,blan1242,Bulang,1063,lan.33 ka.31 meʔ.31,phonetic,nephew,,,,
2-522-801-1,blan1242,Bulang,170,ma.31 ʔuoi.51,phonetic,father's sister,,,,
2-520-801-1,blan1242,Bulang,1272,ma.31 ʔuoi.51,phonetic,aunt,,,,
2-521-801-1,blan1242,Bulang,171,ma.31 ʔuoi.51,phonetic,mother's sister,,,,
2-512-801-1,blan1242,Bulang,1985,kɨiŋ.51 pu.51,phonetic,father's brother,,,,
2-511-801-1,blan1242,Bulang,1984,kɨiŋ.51 pu.51,phonetic,mother's brother,,,,
2-510-801-1,blan1242,Bulang,1327,kɨiŋ.51 pu.51,phonetic,uncle,,,,
2-480-801-1,blan1242,Bulang,1618,lan.33 ka.31 me.31,phonetic,grandson,,,,
2-490-801-1,blan1242,Bulang,1619,lan.33 ka.31 pən.55,phonetic,granddaughter,,,,
2-471-801-1,blan1242,Bulang,907,jaʔ.31 pa.31 sɔŋ.33,phonetic,old woman,,,,
2-470-801-1,blan1242,Bulang,1496,jaʔ.31,phonetic,grandmother,,,,
2-461-801-1,blan1242,Bulang,406,kɨiŋ.51 ta.51,phonetic,old man,,,,
2-460-801-1,blan1242,Bulang,1383,ta.51,phonetic,grandfather,,,,
2-458-801-1,blan1242,Bulang,1005,kɔn.51 ka.31 kap.33,phonetic,twins,,,,
2-456-801-1,blan1242,Bulang,1640,tə.51 tə.51 ʔɔŋ.51 ʔɔŋ.51,phonetic,sibling,,,,
2-455-801-1,blan1242,Bulang,1761,ʔɔŋ.51 ka.31 pən.51,phonetic,younger sister,,,,
2-454-801-1,blan1242,Bulang,1758,tə.31 ka.31 pən.51,phonetic,older sister,,,,
2-450-801-1,blan1242,Bulang,1263,tə.51 ʔɔŋ.51,phonetic,sister,,,,
2-445-801-1,blan1242,Bulang,1760,ʔɔŋ.51,phonetic,younger brother,,,,
2-444-801-1,blan1242,Bulang,1759,tə.51,phonetic,older brother,,,,
2-440-801-1,blan1242,Bulang,1262,tə.51 ʔɔŋ.51,phonetic,brother,,,,
2-430-801-1,blan1242,Bulang,1801,kɔn.51,phonetic,offspring (son or daughter),,,,
2-420-801-1,blan1242,Bulang,1357,kɔn.51 ka.31 pon.51,phonetic,daughter,,,,
2-410-801-1,blan1242,Bulang,1620,kɔn.51 ka.31 me.31,phonetic,son,,,,
2-390-801-1,blan1242,Bulang,426,pau.31 ma.31,phonetic,married woman,,,,
2-380-801-1,blan1242,Bulang,424,pau.31 kɨiŋ.51,phonetic,married man,,,,
2-370-801-1,blan1242,Bulang,505,ma.31 ʔe.51,phonetic,parents,,,,
2-370-801-2,blan1242,Bulang,505,kɨiŋ.5 ʔe.51,phonetic,parents,,,,
2-350-801-1,blan1242,Bulang,1217,kɨiŋ.51 ʔe.51,phonetic,father,,,,
2-341-801-1,blan1242,Bulang,1134,ka.31 vat.33,phonetic,divorce,,,,
2-340-801-1,blan1242,Bulang,1259,khin.31 khɛt.51,phonetic,"marriage, wedding",,,,
2-330-801-1,blan1242,Bulang,203,tui.51,phonetic,marry,,,,
2-320-801-1,blan1242,Bulang,1199,ka.31 muiŋ.31 ʔɨ.51,phonetic,wife,,,,
2-310-801-1,blan1242,Bulang,1200,ka.31 meʔ.31 ʔɨ.51,phonetic,husband,,,,
2-280-801-1,blan1242,Bulang,1289,kɔn.31 ʔɛt.33,phonetic,"infant, baby",,,,
2-270-801-1,blan1242,Bulang,1304,kɔn.31 ńɔm.51 ʔɛt.33,phonetic,child,,,,
2-261-801-1,blan1242,Bulang,77,kɔn.31 khih.51 hɔn.33,phonetic,young woman (adolescent),,,,
2-260-801-1,blan1242,Bulang,1646,kɔn.31 ńɔm.51 ka.31 pən.55,phonetic,girl,,,,
2-251-801-1,blan1242,Bulang,76,sa.31 laʔ.31,phonetic,young man (adolescent),,,,
2-250-801-1,blan1242,Bulang,1366,ka.31 ńɔm.51 ka.31 meʔ.31,phonetic,boy,,,,
2-240-801-1,blan1242,Bulang,1551,pən.55,phonetic,female,,,,
2-230-801-1,blan1242,Bulang,1553,meʔ.31,phonetic,male,,,,
2-220-801-1,blan1242,Bulang,962,ka.31 pən.55,phonetic,woman,,,,
2-210-801-1,blan1242,Bulang,1554,ka.31 meʔ.31,phonetic,man (vs. woman),,,,
2-100-801-1,blan1242,Bulang,683,pəi.51,phonetic,"person, human being",,,,
1-880-801-1,blan1242,Bulang,10,khiʔ.33,phonetic,firewood,,,,
1-870-801-1,blan1242,Bulang,1133,ŋɔi.31 lo.33,phonetic,match (noun),,,,
1-861-801-1,blan1242,Bulang,127,ka.31 ńɨt.31 ŋɔi.31,phonetic,extinguish,,,,
1-860-801-1,blan1242,Bulang,737,pɨŋ.31 ŋɔi.31,phonetic,"light, kindle, ignite",,,,
1-852-801-1,blan1242,Bulang,1428,kuik.51,phonetic,burn (vb intrans),,,,
1-851-801-1,blan1242,Bulang,141,ka.31 ńia.51,phonetic,burn (vb trans),,,,
1-841-801-1,blan1242,Bulang,67,ka.31 nək.51,phonetic,embers,,,,
1-840-801-1,blan1242,Bulang,646,ka.31 ńu.33,phonetic,ashes,,,,
1-830-801-1,blan1242,Bulang,778,tu.33 sa.31 lit.33,phonetic,smoke (noun),,,,
1-820-801-1,blan1242,Bulang,889,ka.31 tak.31 ŋɔi.31,phonetic,flame (noun),,,,
1-810-801-1,blan1242,Bulang,221,ŋɔi.31,phonetic,fire,,,,
1-780-801-1,blan1242,Bulang,952,kuik.33,phonetic,weather,,,,
1-770-801-1,blan1242,Bulang,617,ka.31 kiat.31,phonetic,ice,,,,
1-750-801-1,blan1242,Bulang,658,lei.51,phonetic,rain (noun),,,,
1-740-801-1,blan1242,Bulang,249,mhut.33,phonetic,fog,,,,
1-720-801-1,blan1242,Bulang,960,kɨn.51,phonetic,wind,,,,
1-730-801-1,blan1242,Bulang,1489,mhut.33,phonetic,cloud,,,,
1-710-801-1,blan1242,Bulang,27,ʔai.33,phonetic,air,,,,
1-640-801-1,blan1242,Bulang,1977,məi.33,phonetic,dew,,,,
1-630-801-1,blan1242,Bulang,1388,tua.31 pui.51,phonetic,"shade, shadow",,,,
1-620-801-1,blan1242,Bulang,11,ka.31 tɨm.51,phonetic,darkness,,,,
1-610-801-1,blan1242,Bulang,630,kuik.51,phonetic,light (noun),,,,
1-590-801-1,blan1242,Bulang,1733,tuəŋ.31 vok.31,phonetic,rainbow,,,,
1-580-801-1,blan1242,Bulang,858,le.31 kɨ.51,phonetic,storm,,,,
1-560-801-1,blan1242,Bulang,1150,nɨm.51,phonetic,thunder,,,,
1-570-801-1,blan1242,Bulang,2007,sa.31 pha.31 sa.51,phonetic,lightning (as striking),,,,
1-550-801-1,blan1242,Bulang,1654,sa.31 pha.51,phonetic,lightning,,,,
1-540-801-1,blan1242,Bulang,1430,sa.31 məiŋ.51,phonetic,star,,,,
1-530-801-1,blan1242,Bulang,1313,kaŋ.33 khi.51,phonetic,moon,,,,
1-520-801-1,blan1242,Bulang,1343,ŋai.31 sa.31 ŋi.51,phonetic,sun,,,,
1-510-801-1,blan1242,Bulang,1732,ka.31 ʔau.51,phonetic,sky,,,,
1-450-801-1,blan1242,Bulang,6,ka.31 tɛ.51 ka.31 jɨh.51,phonetic,earthquake,,,,
1-440-801-1,blan1242,Bulang,2125,ʔuk.31 sa.31 mu.31,phonetic,"stone, rock",,,,
1-430-801-1,blan1242,Bulang,1803,khi.51,phonetic,wood,,,,
1-420-801-1,blan1242,Bulang,906,khu.51,phonetic,tree (cf 08.600),,,,
1-410-801-1,blan1242,Bulang,420,phi.31,phonetic,"woods, forest",,,,
1-390-801-1,blan1242,Bulang,943,phu.31 pu.51,phonetic,waterfall,,,,
1-380-801-1,blan1242,Bulang,1145,mok.33,phonetic,swamp,,,,
1-370-801-1,blan1242,Bulang,2144,ʔum.51 ku.31,phonetic,"spring, well",,,,
1-362-801-1,blan1242,Bulang,1982,ʔum.51 pan.31,phonetic,whirlpool,,,,
1-360-801-1,blan1242,Bulang,666,ʔum.51 ʔiu.51,phonetic,"river, stream, brook",,,,
1-354-801-1,blan1242,Bulang,613,hɨ.33,phonetic,hightide,,,,
1-353-801-1,blan1242,Bulang,1026,Loi.31,phonetic,lowtide,,,,
1-341-801-1,blan1242,Bulang,623,ʔum.51 lu.51,phonetic,lagoon,,,,
1-330-801-1,blan1242,Bulang,624,ʔum.51 təŋ.31,phonetic,lake,,,,
1-329-801-1,blan1242,Bulang,645,sa.31 loik.33 sa lɔm.51,phonetic,ocean,,,,
1-324-801-1,blan1242,Bulang,1768,sa.31 kəi.33,phonetic,foam,,,,
1-323-801-1,blan1242,Bulang,259,ʔum.51 hɔŋ.51 həi.33 ɨɛ.31 HəI.31 ʔiŋ.33,phonetic,rough (of sea),,,,
1-320-801-1,blan1242,Bulang,1474,ʔum.51 hɔn.51,phonetic,sea,,,,
1-322-801-1,blan1242,Bulang,258,ʔum.51 ʔaŋ.31 khɨ.51,phonetic,calm (of sea),,,,
1-280-801-1,blan1242,Bulang,1155,ka.31 tɨ.51 ka.31 ʔaŋ.55,phonetic,cave,,,,
1-270-801-1,blan1242,Bulang,113,tuiaŋ.33 ʔom.33,phonetic,shore,,,,
1-240-801-1,blan1242,Bulang,921,man.51 (ka.31 kɔŋ.31),phonetic,valley,,,,
1-230-801-1,blan1242,Bulang,652,toŋ.13,phonetic,"plain, field",,,,
1-222-801-1,blan1242,Bulang,618,ka.31 aŋ.55 ka.31 kɔp.31,phonetic,"cliff, precipice",,,,
1-220-801-1,blan1242,Bulang,2118,ka.31 ʔaŋ.55,phonetic,"mountain, hill",,,,
1-214-801-1,blan1242,Bulang,640,tɨik.33,phonetic,mud,,,,
1-215-801-1,blan1242,Bulang,671,sai.51,phonetic,sand,,,,
1-213-801-1,blan1242,Bulang,2,ka.31 lɨŋ.35,phonetic,dust,,,,
1-212-801-1,blan1242,Bulang,1228,ka.31 tɛ.51,phonetic,"earth=ground, soil",,,,
1-210-801-1,blan1242,Bulang,626,phi.31 mak.33,phonetic,"earth, land",,,,
1-100-801-1,blan1242,Bulang,965,kəŋ.33 ka.31 la.51,phonetic,world,,,,
14-330-801-1,blan1242,Bulang,1544,kɔm.51 ti.51,phonetic,sometimes,,,,
14-331-801-1,blan1242,Bulang,703,ka.31 sa.51 ka.31 ku.51,phonetic,soon,,,,
14-332-801-1,blan1242,Bulang,418,ńum.31 ʔɔn.51,phonetic,long-time (for a),,,,
14-340-801-1,blan1242,Bulang,1656,maŋ.31 hɔn.51 ti.31 ʔiŋ.51,phonetic,never,,,,
14-350-801-1,blan1242,Bulang,204,kui.33 taŋ.31 ti.51,phonetic,again,,,,
14-410-801-1,blan1242,Bulang,1225,ta.51 sa.31 ŋi.51,phonetic,day,,,,
14-420-801-1,blan1242,Bulang,1233,ta.51 buh.51,phonetic,night,,,,
14-430-801-1,blan1242,Bulang,729,la.51 ka.31 ćiəŋ.33,phonetic,dawn,,,,
14-440-801-1,blan1242,Bulang,1339,təŋ.33 ŋup.51,phonetic,morning,,,,
14-460-801-1,blan1242,Bulang,1629,ta.31 buh.51,phonetic,evening,,,,
14-470-801-1,blan1242,Bulang,1283,nan.31 ti.51,phonetic,today,,,,
14-480-801-1,blan1242,Bulang,1329,ka.31 sa.51,phonetic,tomorrow,,,,
14-481-801-1,blan1242,Bulang,1179,ka.31 ku.51,phonetic,day-after-tomorrow,,,,
14-490-801-1,blan1242,Bulang,1174,ləŋ.31 ku.51,phonetic,yesterday,,,,
14-491-801-1,blan1242,Bulang,1180,sa.31 ŋi.51 ləŋ.31 ku.51,phonetic,day-before-yesterday,,,,
14-530-801-1,blan1242,Bulang,1323,na.31 li.51,phonetic,"clock, timepiece",,,,
14-710-801-1,blan1242,Bulang,1370,nən.33,phonetic,month,,,,
14-730-801-1,blan1242,Bulang,1226,khi.51,phonetic,year,,,,
15-210-801-1,blan1242,Bulang,1587,sa.31 ʔui.31,phonetic,smell (vb intrans),,,,
15-212-801-1,blan1242,Bulang,375,hɨt.51,phonetic,sniff,,,,
15-220-801-1,blan1242,Bulang,1586,ka.31 ŋiɛt.33,phonetic,smell (vb trans),,,,
15-250-801-1,blan1242,Bulang,376,hɔm.51,phonetic,"fragrant, good smelling",,,,
15-260-801-1,blan1242,Bulang,42,sa.31 ʔui.31 ʔai.33,phonetic,"stinking, bad smelling",,,,
15-350-801-1,blan1242,Bulang,717,tiau.33,phonetic,sweet,,,,
15-360-801-1,blan1242,Bulang,1091,ʔəm.51,phonetic,salty,,,,
15-370-801-1,blan1242,Bulang,887,sɔŋ.33,phonetic,bitter,,,,
15-380-801-1,blan1242,Bulang,1906,naʔ.31,phonetic,"acid, sour",,,,
15-390-801-1,blan1242,Bulang,70,maŋ.33 ńum.51,phonetic,brackish,,,,
15-410-801-1,blan1242,Bulang,1408,mhɔŋ.33,phonetic,hear,,,,
15-420-801-1,blan1242,Bulang,1608,ka.31 ŋiɛt.33,phonetic,listen,,,,
15-440-801-1,blan1242,Bulang,1811,khɨh.31,phonetic,"sound, noise",,,,
15-450-801-1,blan1242,Bulang,377,khɨh.31 hɔn.33,phonetic,loud,,,,
15-460-801-1,blan1242,Bulang,1314,jin.33,phonetic,"quiet, silence",,,,
15-510-801-1,blan1242,Bulang,1409,nhɔk.31,phonetic,see,,,,
15-520-801-1,blan1242,Bulang,1819,nhɔk.33,phonetic,"look, look at",,,,
15-550-801-1,blan1242,Bulang,1039,ka.31 mi.31 ńu.33,phonetic,show,,,,
15-560-801-1,blan1242,Bulang,708,thɔŋ.33,phonetic,shine,,,,
15-570-801-1,blan1242,Bulang,679,ćiaŋ.33,phonetic,bright,,,,
15-610-801-1,blan1242,Bulang,1613,jiɛn.51 sə.31,phonetic,color,,,,
15-620-801-1,blan1242,Bulang,250,phiu.33 jɨm.31,phonetic,light (in color),,,,
15-630-801-1,blan1242,Bulang,706,phiu.33 nɨk.51,phonetic,dark (in color),,,,
15-640-801-1,blan1242,Bulang,1335,paiŋ.51,phonetic,white,,,,
15-650-801-1,blan1242,Bulang,163,lhɔŋ.31,phonetic,black,,,,
15-660-801-1,blan1242,Bulang,156,sa.31 khak.33,phonetic,red,,,,
15-670-801-1,blan1242,Bulang,837,lən.51,phonetic,blue,,,,
15-680-801-1,blan1242,Bulang,1425,khiu.33,phonetic,green,,,,
15-690-801-1,blan1242,Bulang,1424,ləŋ.33,phonetic,yellow,,,,
15-710-801-1,blan1242,Bulang,1892,tih.31,phonetic,touch,,,,
15-712-801-1,blan1242,Bulang,378,pɛt.33,phonetic,pinch,,,,
15-720-801-1,blan1242,Bulang,1079,paik.51,phonetic,feel,,,,
15-740-801-1,blan1242,Bulang,1884,kɔh.51,phonetic,hard,,,,
15-750-801-1,blan1242,Bulang,1856,ʔɔn.33,phonetic,soft,,,,
15-760-801-1,blan1242,Bulang,1923,sa.31 phuh.51 sa.31 phah.51,phonetic,rough,,,,
15-770-801-1,blan1242,Bulang,1234,hai.51 mut.33,phonetic,smooth,,,,
15-780-801-1,blan1242,Bulang,1396,hai.51 lɔm.31,phonetic,sharp,,,,
15-790-801-1,blan1242,Bulang,379,maŋ.31 lɔm.31,phonetic,"blunt, dull",,,,
15-810-801-1,blan1242,Bulang,1210,sa.31 ken.31,phonetic,heavy,,,,
15-820-801-1,blan1242,Bulang,1052,sa.31 juŋ.33,phonetic,light (in weight),,,,
15-830-801-1,blan1242,Bulang,1726,sa.31 ko.51,phonetic,"wet, damp",,,,
15-840-801-1,blan1242,Bulang,1398,sa.31 ʔoh.51,phonetic,dry,,,,
15-840-801-2,blan1242,Bulang,1398,hɛm.51,phonetic,dry,,,,
15-850-801-1,blan1242,Bulang,1286,hɔn.51,phonetic,hot,,,,
15-851-801-1,blan1242,Bulang,1232,sa.31 ʔəh.33,phonetic,warm,,,,
15-860-801-1,blan1242,Bulang,1287,kɔt.51,phonetic,cold,,,,
15-870-801-1,blan1242,Bulang,704,hai.51 mot.33,phonetic,clean,,,,
15-880-801-1,blan1242,Bulang,1230,hai.31 ka.31 kheŋ.33,phonetic,"dirty, soiled",,,,
15-890-801-1,blan1242,Bulang,380,thuiŋ.31 theŋ.55,phonetic,wrinkled,,,,
16-110-801-1,blan1242,Bulang,53,ka.31 pɨ.51,phonetic,"soul, spirit",,,,
16-150-801-1,blan1242,Bulang,1572,hai.51 ka.31 ʔək.33,phonetic,"surprised, astonished",,,,
16-150-801-2,blan1242,Bulang,1572,hai.31 ka.31 khɔn.33,phonetic,"surprised, astonished",,,,
16-180-801-1,blan1242,Bulang,720,man.33,phonetic,"good fortune, luck",,,,
16-190-801-1,blan1242,Bulang,56,maŋ.31 man.33,phonetic,"misfortune, bad luck",,,,
16-230-801-1,blan1242,Bulang,1495,mɔŋ.33 mun.51,phonetic,"joyful, glad, happy",,,,
16-250-801-1,blan1242,Bulang,1355,ka.31 ńah.51,phonetic,laugh,,,,
16-251-801-1,blan1242,Bulang,1451,keŋ.33 ʔon.33,phonetic,smile,,,,
16-260-801-1,blan1242,Bulang,1413,ka.31 haʔ.51,phonetic,play,,,,
16-270-801-1,blan1242,Bulang,923,ka.31 phuŋ.51,phonetic,love,,,,
16-290-801-1,blan1242,Bulang,578,hɨt.33,phonetic,kiss,,,,
16-300-801-1,blan1242,Bulang,928,ka.31 kem.51,phonetic,embrace,,,,
16-310-801-1,blan1242,Bulang,1783,sɨ.51,phonetic,pain,,,,
16-320-801-1,blan1242,Bulang,1668,mɔk.31 ka.31 səp.33,phonetic,"grief, sorrow, sadness",,,,
16-330-801-1,blan1242,Bulang,1000,khu.51 ćit.33,phonetic,"anxiety, worry",,,,
16-340-801-1,blan1242,Bulang,1875,mɛi.33,phonetic,"regret, be sorry",,,,
16-350-801-1,blan1242,Bulang,1141,hai.33 pa.31 si.51,phonetic,pity,,,,
16-370-801-1,blan1242,Bulang,1839,jam.51,phonetic,"cry, weep",,,,
16-380-801-1,blan1242,Bulang,1651,ʔum.51 ŋai.51,phonetic,tear (noun),,,,
16-390-801-1,blan1242,Bulang,716,ŋɛh.51,phonetic,groan,,,,
16-410-801-1,blan1242,Bulang,1607,hai.33 ka.31 lit.33,phonetic,hate,,,,
16-420-801-1,blan1242,Bulang,82,phum.33 məi.31,phonetic,anger,,,,
16-440-801-1,blan1242,Bulang,40,khɔi.33,phonetic,"envy, jealousy",,,,
16-450-801-1,blan1242,Bulang,1776,ʔam.33,phonetic,shame (noun),,,,
16-480-801-1,blan1242,Bulang,174,tɛ.51,phonetic,proud,,,,
16-510-801-1,blan1242,Bulang,1779,ʔat.33,phonetic,dare,,,,
16-520-801-1,blan1242,Bulang,3,khai.33 tɛ.31,phonetic,brave,,,,
16-530-801-1,blan1242,Bulang,781,hai.33 ka.31 lat.33,phonetic,"fear, fright",,,,
16-620-801-1,blan1242,Bulang,1784,ka.31 khɔ.33,phonetic,"desire, want",,,,
16-622-801-1,blan1242,Bulang,1750,lhək.33,phonetic,choose,,,,
16-670-801-1,blan1242,Bulang,601,hek.33 ka.31 ću.33,phonetic,"lie, tell lies",,,,
16-680-801-1,blan1242,Bulang,13,ka.31 ću.51,phonetic,deceit,,,,
16-710-801-1,blan1242,Bulang,1035,nhɔm.33,phonetic,good,,,,
16-720-801-1,blan1242,Bulang,1292,kəik.33,phonetic,bad,,,,
16-730-801-1,blan1242,Bulang,1725,ćiap.51,phonetic,"right, correct",,,,
16-740-801-1,blan1242,Bulang,1390,kəik.33,phonetic,wrong,,,,
16-760-801-1,blan1242,Bulang,134,kəik.51 ćət.51,phonetic,fault,,,,
16-770-801-1,blan1242,Bulang,1293,kəik.51 mut.51,phonetic,"mistake, error",,,,
16-780-801-1,blan1242,Bulang,381,kɔi.33 kəik.33,phonetic,blame,,,,
16-790-801-1,blan1242,Bulang,1687,suk.31 sən.33,phonetic,praise,,,,
16-810-801-1,blan1242,Bulang,1427,khai.33 nɔm.33,phonetic,beautiful,,,,
16-820-801-1,blan1242,Bulang,1548,khai.33 məi.31,phonetic,ugly,,,,
16-830-801-1,blan1242,Bulang,2018,lɔ.33 lɛ.51,phonetic,greedy,,,,
16-840-801-1,blan1242,Bulang,1310,ćɨ.51 ćaŋ.51,phonetic,clever,,,,
17-110-801-1,blan1242,Bulang,1562,ka.31 tɔŋ.51,phonetic,mind,,,,
17-130-801-1,blan1242,Bulang,1415,ka.31 kɨt.33,phonetic,think (= reflect),,,,
17-140-801-1,blan1242,Bulang,1513,hai.33 ćap.51,phonetic,think (= be of the opinion),,,,
17-150-801-1,blan1242,Bulang,1890,ćə.33,phonetic,believe,,,,
17-160-801-1,blan1242,Bulang,1536,ćɨ.51 jɔŋ.33,phonetic,understand,,,,
17-170-801-1,blan1242,Bulang,1410,ćɨ.51,phonetic,know,,,,
17-171-801-1,blan1242,Bulang,1932,ka.31 ćɔp.51,phonetic,guess,,,,
17-172-801-1,blan1242,Bulang,117,hen.31,phonetic,imitate,,,,
17-180-801-1,blan1242,Bulang,1521,mən.33 ka.31,phonetic,seem,,,,
17-190-801-1,blan1242,Bulang,1609,hen.51 ti.31,phonetic,"idea, notion",,,,
17-210-801-1,blan1242,Bulang,698,ćɨ.31 ćaŋ.33,phonetic,wise,,,,
17-220-801-1,blan1242,Bulang,1518,ʔaŋ.33,phonetic,"foolish, stupid",,,,
17-230-801-1,blan1242,Bulang,1899,vɔʔ.31,phonetic,"insane, crazy",,,,
17-240-801-1,blan1242,Bulang,504,hen.51,phonetic,learn,,,,
17-242-801-1,blan1242,Bulang,1929,jəʔ.31 ti.31 nɔk.33,phonetic,study,,,,
17-250-801-1,blan1242,Bulang,709,ka.31 khən.33 tu.51,phonetic,teach,,,,
17-260-801-1,blan1242,Bulang,753,ka.31 ńɔm.31 hen.51,phonetic,pupil,,,,
17-270-801-1,blan1242,Bulang,1038,naŋ.31 ka.31 khən.33 tu.51,phonetic,teacher,,,,
17-280-801-1,blan1242,Bulang,673,ńa.31 hen.51 tu.51,phonetic,school,,,,
17-310-801-1,blan1242,Bulang,707,ćɨ.31 ti.31 ʔɨn.51,phonetic,remember,,,,
17-320-801-1,blan1242,Bulang,1523,pi.51,phonetic,forget,,,,
17-340-801-1,blan1242,Bulang,989,khiɛn.51,phonetic,"clear, plain",,,,
17-350-801-1,blan1242,Bulang,1764,maŋ.31 hai.51 ka.31 ćɨ.51,phonetic,obscure,,,,
17-360-801-1,blan1242,Bulang,1121,sa.31 mo.51,phonetic,secret,,,,
17-370-801-1,blan1242,Bulang,509,tɨh.51 ti.31,phonetic,"sure, certain",,,,
17-380-801-1,blan1242,Bulang,1626,la.31 mi.31 mɔŋ.33,phonetic,explain,,,,
17-420-801-1,blan1242,Bulang,860,kui.31 kan.51,phonetic,cause,,,,
17-430-801-1,blan1242,Bulang,1308,ma.33 mi.31 pu.51 na.31 khɛm.51,phonetic,doubt,,,,
17-440-801-1,blan1242,Bulang,1841,hai.33 saŋ.31 ka.33,phonetic,suspect,,,,
17-441-801-1,blan1242,Bulang,1902,jəʔ.33 kan.33 kəik.33,phonetic,betray,,,,
17-450-801-1,blan1242,Bulang,643,pun.51 ćiem.51,phonetic,"need, necessity",,,,
17-460-801-1,blan1242,Bulang,686,jau.51,phonetic,easy,,,,
17-470-801-1,blan1242,Bulang,584,səp.33,phonetic,difficult,,,,
17-470-801-2,blan1242,Bulang,584,tok.51,phonetic,difficult,,,,
17-480-801-1,blan1242,Bulang,1812,jəʔ.31 nɔk.33,phonetic,"try, attempt",,,,
17-510-801-1,blan1242,Bulang,1577,laʔ.31,phonetic,and,,,,
17-520-801-1,blan1242,Bulang,1157,hak.51 ʔən.33,phonetic,because,,,,
17-530-801-1,blan1242,Bulang,1459,miɛn.51 ti.31,phonetic,if,,,,
17-550-801-1,blan1242,Bulang,1268,ńɨh,phonetic,"yes, affirmative",,,,
17-560-801-1,blan1242,Bulang,1269,maŋ.31,phonetic,"no, negative",,,,
17-610-801-1,blan1242,Bulang,1239,jəʔ.31 ku.31 jɔh.33,phonetic,how?,,,,
17-620-801-1,blan1242,Bulang,822,pən.51 mu.31,phonetic,how many?,,,,
17-630-801-1,blan1242,Bulang,531,pən.51 mu.31,phonetic,how much?,,,,
17-640-801-1,blan1242,Bulang,1236,kɔn.31 na.51,phonetic,what?,,,,
17-650-801-1,blan1242,Bulang,1238,jam.31 mu.33,phonetic,when?,,,,
17-660-801-1,blan1242,Bulang,1237,man.33 mu.33,phonetic,where?,,,,
17-670-801-1,blan1242,Bulang,727,naŋ.31 nən.33,phonetic,which?,,,,
17-680-801-1,blan1242,Bulang,1235,nən.33,phonetic,who?,,,,
17-690-801-1,blan1242,Bulang,1270,kɨi.31 jo.51,phonetic,why?,,,,
18-110-801-1,blan1242,Bulang,1363,seŋ.51,phonetic,voice,,,,
18-120-801-1,blan1242,Bulang,1261,ka.31 pə.51,phonetic,sing,,,,
18-130-801-1,blan1242,Bulang,715,hak.33,phonetic,"shout, cry out",,,,
18-150-801-1,blan1242,Bulang,55,hek.33 ćhap.51 ćhiap.51,phonetic,whisper,,,,
18-160-801-1,blan1242,Bulang,128,hek.33 ʔun.51 khiɛn.51,phonetic,mumble,,,,
18-170-801-1,blan1242,Bulang,1025,soik.33,phonetic,whistle,,,,
18-180-801-1,blan1242,Bulang,298,ʔuh.31,phonetic,"shriek, screech",,,,
18-190-801-1,blan1242,Bulang,526,ʔuh.51 hak.33,phonetic,howl,,,,
18-210-801-1,blan1242,Bulang,1623,ka.31 ćɨh.33,phonetic,"speak, talk",,,,
18-211-801-1,blan1242,Bulang,1866,khəh.51,phonetic,"stutter, stammer",,,,
18-220-801-1,blan1242,Bulang,1458,laʔ.31,phonetic,say,,,,
18-221-801-1,blan1242,Bulang,1711,ka.31 ćɨh.33 ji.31 jai.51,phonetic,tell story,,,,
18-230-801-1,blan1242,Bulang,48,ka.31 ćhət.33,phonetic,silent (be),,,,
18-240-801-1,blan1242,Bulang,1307,hek.31,phonetic,language,,,,
18-260-801-1,blan1242,Bulang,1599,tu.33,phonetic,word,,,,
18-280-801-1,blan1242,Bulang,1405,mɨh.31,phonetic,name,,,,
18-310-801-1,blan1242,Bulang,1309,ka.31 tei.51,phonetic,"ask (question, inquire)",,,,
18-320-801-1,blan1242,Bulang,1275,top.51,phonetic,answer,,,,
18-330-801-1,blan1242,Bulang,2022,ka.31 ʔɨ.51,phonetic,"admit, confess",,,,
18-340-801-1,blan1242,Bulang,755,maŋ.31 ka.31 ʔɨ.51,phonetic,deny,,,,
18-350-801-1,blan1242,Bulang,1828,kho.33 ti.31,phonetic,"ask, request",,,,
18-360-801-1,blan1242,Bulang,1675,ka.31 həi.51,phonetic,promise,,,,
18-370-801-1,blan1242,Bulang,49,ka.31 tan.33,phonetic,refuse,,,,
18-380-801-1,blan1242,Bulang,83,ʔam.31,phonetic,forbid,,,,
18-390-801-1,blan1242,Bulang,299,sɔn.51,phonetic,"rebuke, scold",,,,
18-410-801-1,blan1242,Bulang,1084,hak.31 ʔən.33,phonetic,call (=summon),,,,
18-420-801-1,blan1242,Bulang,180,sə.33 mɨh.31,phonetic,call (=name),,,,
18-430-801-1,blan1242,Bulang,9,kak.33 khən.33,phonetic,announce,,,,
18-440-801-1,blan1242,Bulang,1192,ka.31 lat.33,phonetic,threaten,,,,
18-450-801-1,blan1242,Bulang,101,hek.31 hɔn.33,phonetic,boast,,,,
18-510-801-1,blan1242,Bulang,1672,mai.33,phonetic,write,,,,
18-520-801-1,blan1242,Bulang,724,heu.51,phonetic,read,,,,
18-560-801-1,blan1242,Bulang,648,ka.31 nak.33,phonetic,paper,,,,
18-570-801-1,blan1242,Bulang,794,pi.31,phonetic,pen,,,,
18-610-801-1,blan1242,Bulang,963,ka.31 nak.33,phonetic,book,,,,
18-710-801-1,blan1242,Bulang,777,pi.51,phonetic,flute,,,,
18-720-801-1,blan1242,Bulang,908,khɨŋ.51,phonetic,drum,,,,
18-730-801-1,blan1242,Bulang,2136,tut.51,phonetic,"horn, trumpet",,,,
18-740-801-1,blan1242,Bulang,300,ka.31 thip.33 loh.51,phonetic,rattle,,,,
19-110-801-1,blan1242,Bulang,1300,pha.31 tet.33 pəi.31,phonetic,country,,,,
19-120-801-1,blan1242,Bulang,89,ńa.31 juŋ.51,phonetic,one's native country,,,,
19-150-801-1,blan1242,Bulang,1391,kɨŋ.51,phonetic,"city, town",,,,
19-160-801-1,blan1242,Bulang,930,juŋ.51,phonetic,village,,,,
19-170-801-1,blan1242,Bulang,1010,sa.31 kak.33 ka.31 tɛ.51,phonetic,boundary,,,,
19-210-801-1,blan1242,Bulang,789,pəi.31 ńa.31 pəi.31 juŋ.51,phonetic,people (populace),,,,
19-230-801-1,blan1242,Bulang,302,ti.31 ka.31 juŋ.51,phonetic,"tribe, clan",,,,
19-240-801-1,blan1242,Bulang,301,ta.31 ćaŋ.33,phonetic,"chief, chieftain",,,,
19-250-801-1,blan1242,Bulang,1296,ka.31 ki.51,phonetic,"staff, walking stick",,,,
19-310-801-1,blan1242,Bulang,1846,ka.31 ʔɨn.33 khəŋ.51,phonetic,"rule, govern",,,,
19-320-801-1,blan1242,Bulang,1508,pha.31 jaʔ.31 ćau.33 məŋ.51,phonetic,"king, ruler",,,,
19-330-801-1,blan1242,Bulang,1306,naŋ.31 məŋ.31 thiɛn.51,phonetic,queen,,,,
19-360-801-1,blan1242,Bulang,482,ka.31 maŋ.51,phonetic,"noble, nobleman",,,,
19-370-801-1,blan1242,Bulang,1032,pəi.31 lok.51,phonetic,"citizen, subject",,,,
19-410-801-1,blan1242,Bulang,383,ćau.51 ńa.31,phonetic,master,,,,
19-420-801-1,blan1242,Bulang,812,kha.31 hən.51,phonetic,slave,,,,
19-430-801-1,blan1242,Bulang,255,kha.31 hən.51,phonetic,servant,,,,
19-440-801-1,blan1242,Bulang,384,pəi.31 mɔk.31 khɔm.51,phonetic,freeman,,,,
19-450-801-1,blan1242,Bulang,1128,ka.31 nap.33,phonetic,"command, order",,,,
19-460-801-1,blan1242,Bulang,1635,ka.31 ŋiɛt.33 ku.31 la.51,phonetic,obey,,,,
19-470-801-1,blan1242,Bulang,1003,ću.51,phonetic,"let, permit",,,,
19-510-801-1,blan1242,Bulang,1325,pu.31 ka.31 kəh.51,phonetic,"friend, companion",,,,
19-520-801-1,blan1242,Bulang,1358,pəi.31 ćun.51,phonetic,enemy,,,,
19-540-801-1,blan1242,Bulang,1332,ka.31 te.51 ńa.31,phonetic,neighbor,,,,
19-550-801-1,blan1242,Bulang,791,pəi.31 ʔuŋ.51 ćɨ.51,phonetic,stranger,,,,
19-560-801-1,blan1242,Bulang,1782,tə.51 ʔɔŋ.51,phonetic,guest,,,,
19-570-801-1,blan1242,Bulang,1545,pəi.31 ńa.31,phonetic,host,,,,
19-580-801-1,blan1242,Bulang,1897,ćoh.51,phonetic,"help, aid",,,,
19-590-801-1,blan1242,Bulang,1550,ham.51,phonetic,"hinder, prevent",,,,
19-610-801-1,blan1242,Bulang,1747,ńam.33,phonetic,custom,,,,
19-620-801-1,blan1242,Bulang,1848,ka.31 so.51,phonetic,"strife, quarrel",,,,
19-650-801-1,blan1242,Bulang,1831,ka.31 ńu.51,phonetic,meet,,,,
20-110-801-1,blan1242,Bulang,1423,ka.31 ʔih.51,phonetic,fight (vb),,,,
20-130-801-1,blan1242,Bulang,579,ka.31 hop.51,phonetic,"war, battle",,,,
20-140-801-1,blan1242,Bulang,1338,ka.31 khe.51 nɔm.33,phonetic,peace,,,,
20-150-801-1,blan1242,Bulang,1561,ta.31 ćin.33 kɛ.51,phonetic,army,,,,
20-170-801-1,blan1242,Bulang,1941,ta.31 ćin.33,phonetic,soldier,,,,
20-210-801-1,blan1242,Bulang,951,khəŋ.33 ka.31 hop.51,phonetic,"weapons, arms",,,,
20-220-801-1,blan1242,Bulang,1763,khɔn.31,phonetic,club,,,,
20-222-801-1,blan1242,Bulang,386,mui.31 ka.31 hop.51,phonetic,battle-ax,,,,
20-230-801-1,blan1242,Bulang,387,taŋ.33 koŋ.51,phonetic,sling,,,,
20-240-801-1,blan1242,Bulang,994,kɔŋ.31 pət.33,phonetic,bow,,,,
20-250-801-1,blan1242,Bulang,977,teʔ.31,phonetic,arrow,,,,
20-260-801-1,blan1242,Bulang,945,hɔk.51,phonetic,spear,,,,
20-270-801-1,blan1242,Bulang,1535,vaik.31,phonetic,sword,,,,
20-280-801-1,blan1242,Bulang,1566,sa.31 nat.33,phonetic,"gun, cannon",,,,
20-280-801-2,blan1242,Bulang,1566,sa.31 mɔk.33,phonetic,"gun, cannon",,,,
20-310-801-1,blan1242,Bulang,1061,hau.51,phonetic,armor (defensive),,,,
20-360-801-1,blan1242,Bulang,1671,that.31,phonetic,tower,,,,
20-410-801-1,blan1242,Bulang,783,le.51,phonetic,victory,,,,
20-420-801-1,blan1242,Bulang,782,kan.51,phonetic,defeat,,,,
20-430-801-1,blan1242,Bulang,722,lhek.31 juŋ.51,phonetic,attack,,,,
20-440-801-1,blan1242,Bulang,1330,khɔ.31 juŋ.51,phonetic,defend,,,,
20-460-801-1,blan1242,Bulang,1696,kan.51 ke.31,phonetic,surrender,,,,
20-470-801-1,blan1242,Bulang,1072,ćhəp.51 ke.51 ke.51,phonetic,"captive, prisoner",,,,
20-471-801-1,blan1242,Bulang,1940,naŋ.31 khɔ.33 juŋ.55,phonetic,"guard, sentinel",,,,
20-490-801-1,blan1242,Bulang,65,tɨt.33,phonetic,ambush,,,,
20-510-801-1,blan1242,Bulang,1858,naŋ.31 ʔɛl.33 ka.51,phonetic,fisherman,,,,
20-520-801-1,blan1242,Bulang,1074,met.33 ka.51,phonetic,fishhook,,,,
20-530-801-1,blan1242,Bulang,19,mu.31 met.51,phonetic,fishing line,,,,
20-540-801-1,blan1242,Bulang,388,mɔŋ.51,phonetic,fishnet,,,,
20-610-801-1,blan1242,Bulang,1435,pəiŋ.33,phonetic,hunt,,,,
20-620-801-1,blan1242,Bulang,1172,pəiŋ.33,phonetic,shoot,,,,
20-630-801-1,blan1242,Bulang,161,pəiŋ.51 phəik.33,phonetic,miss (target),,,,
20-640-801-1,blan1242,Bulang,1075,khum.51,phonetic,trap (noun),,,,
20-650-801-1,blan1242,Bulang,1170,jəʔ.31 khum.51,phonetic,trap (vb),,,,
21-240-801-1,blan1242,Bulang,1939,kham.33,phonetic,swear,,,,
21-320-801-1,blan1242,Bulang,484,kau.33,phonetic,condemn,,,,
21-330-801-1,blan1242,Bulang,983,maiŋ.31 kui.33 kəik.33,phonetic,convict (vb),,,,
21-340-801-1,blan1242,Bulang,988,kui.33 kəik.33,phonetic,acquit,,,,
21-350-801-1,blan1242,Bulang,1682,kui.33 kəik.33,phonetic,guilty,,,,
21-360-801-1,blan1242,Bulang,90,ma.31 kui.33 kəik.33,phonetic,innocent,,,,
21-370-801-1,blan1242,Bulang,390,maŋ.31 ku.33 kəik.33,phonetic,"penalty, punishment",,,,
21-380-801-1,blan1242,Bulang,218,fa.31 khuɔn.31,phonetic,fine,,,,
21-390-801-1,blan1242,Bulang,1281,khɔk.51,phonetic,"prison, jail",,,,
21-420-801-1,blan1242,Bulang,845,ta.31 jəm.51,phonetic,murder,,,,
21-460-801-1,blan1242,Bulang,1889,kuik.33 nɔi.31,phonetic,arson,,,,
21-470-801-1,blan1242,Bulang,1792,ku.31 ćok.51 ćok.51,phonetic,perjury,,,,
21-510-801-1,blan1242,Bulang,713,ka.31 ha.51,phonetic,steal,,,,
21-520-801-1,blan1242,Bulang,1160,ka.31 ha.51,phonetic,thief,,,,
22-120-801-1,blan1242,Bulang,1944,pəi.31 ʔin.51,phonetic,God,,,,
22-130-801-1,blan1242,Bulang,911,vɔt.33,phonetic,"temple, church",,,,
22-150-801-1,blan1242,Bulang,1103,khəŋ.31 naŋ.33 jəm.51,phonetic,"sacrifice, offering",,,,
22-170-801-1,blan1242,Bulang,24,fai.33,phonetic,pray,,,,
22-230-801-1,blan1242,Bulang,391,mɔk.33 sup.33 mɔk.33 khɔm.31,phonetic,bless,,,,
22-240-801-1,blan1242,Bulang,8,ta.31 sa.51,phonetic,curse,,,,
22-260-801-1,blan1242,Bulang,303,tan.31 som.33,phonetic,fast (vb),,,,
22-310-801-1,blan1242,Bulang,1565,ka.31 ʔau.33,phonetic,heaven,,,,
22-320-801-1,blan1242,Bulang,878,na.31 hop.51,phonetic,hell,,,,
22-350-801-1,blan1242,Bulang,1973,sa.31 ća.51,phonetic,demon (evil spirit),,,,
22-420-801-1,blan1242,Bulang,392,ta.31 maŋ.33 ŋai.51,phonetic,"magic, witchcraft, sorcery",,,,
22-430-801-1,blan1242,Bulang,2137,pəi.31 ta.31 maŋ.33 ŋai.51,phonetic,"sorcerer, witch",,,,
22-440-801-1,blan1242,Bulang,2138,pəi.31 mut.33,phonetic,"fairy, elf",,,,
22-450-801-1,blan1242,Bulang,1175,sa.31 ća.51,phonetic,"ghost, phantom",,,,
22-470-801-1,blan1242,Bulang,107,maŋ.31 nɔm.33,phonetic,"omen, portent",,,,
