ID,Language_ID,Language_name,Parameter_ID,Value,Transcription,Concept,Source,Comment,AlternativeValue,AlternativeTranscription
14-280-827-1,aheu1239,Ahlao Th,1928,săʔŋăh.B,phonetic,"cease, stop",,,,
14-270-827-1,aheu1239,Ahlao Th,1766,lew.C lew.C,phonetic,finish,,,,
14-252-827-1,aheu1239,Ahlao Th,1186,mɛʔ tɨn,phonetic,"last, endure",,,,
14-220-827-1,aheu1239,Ahlao Th,701,saʔ,phonetic,slow,,,,
14-210-827-1,aheu1239,Ahlao Th,1631,vɣ̆j.C,phonetic,"swift, fast, quick",,,,
14-190-827-1,aheu1239,Ahlao Th,1963,loɔt,phonetic,immediately,,,,
14-180-827-1,aheu1239,Ahlao Th,1376,lai̯ căʔlj.C,phonetic,now,,,,
14-170-827-1,aheu1239,Ahlao Th,477,lai̯ ɦä̆ʔtit.B mu,phonetic,late,,,,
14-160-827-1,aheu1239,Ahlao Th,672,tɛ dɣk,phonetic,early,,,,
14-150-827-1,aheu1239,Ahlao Th,1229,thăw.C lɛw.C,phonetic,old,,,,
14-140-827-1,aheu1239,Ahlao Th,1207,nû̆m,phonetic,young,,,,
14-120-827-1,aheu1239,Ahlao Th,1789,ʔăʔńuʔ.B,phonetic,age,,,,
14-130-827-1,aheu1239,Ahlao Th,1231,tăʔma.F,phonetic,new,,,,
13-370-827-1,aheu1239,Ahlao Th,1888,mĭt kw.B,phonetic,pair,,,,
13-350-827-1,aheu1239,Ahlao Th,1529,la.C,phonetic,last,,,,
13-340-827-1,aheu1239,Ahlao Th,728,kɔ̆k.B,phonetic,first,,,,
13-330-827-1,aheu1239,Ahlao Th,1580,nəi̯ʔ.B to ńak,phonetic,"alone, only",,,,
13-240-827-1,aheu1239,Ahlao Th,816,mit khăʔ łɨŋ,phonetic,half,,,,
13-220-827-1,aheu1239,Ahlao Th,1624,kɔŋʔ.B laʔ.B,phonetic,empty,,,,
13-210-827-1,aheu1239,Ahlao Th,1429,bɣ̆l,phonetic,full,,,,
13-170-827-1,aheu1239,Ahlao Th,1242,măʔ ʔit.B,phonetic,"little (quantity), few",,,,
13-180-827-1,aheu1239,Ahlao Th,1881,po,phonetic,enough,,,,
13-150-827-1,aheu1239,Ahlao Th,1198,do.C,phonetic,"much, many",,,,
13-107-827-1,aheu1239,Ahlao Th,1420,năp,phonetic,count,,,,
13-106-827-1,aheu1239,Ahlao Th,1843,mit pɣn.B,phonetic,thousand,,,,
13-105-827-1,aheu1239,Ahlao Th,1634,mit lɔi̯ʔ.B,phonetic,hundred,,,,
13-104-827-1,aheu1239,Ahlao Th,1710,sdaw.C sip,phonetic,twenty,,,,
13-101-827-1,aheu1239,Ahlao Th,1706,sip ʔet,phonetic,eleven,,,,
13-100-827-1,aheu1239,Ahlao Th,1515,sip,phonetic,ten,,,,
12-920-827-1,aheu1239,Ahlao Th,1558,khɨ,phonetic,"like, similar",,,,
12-850-827-1,aheu1239,Ahlao Th,1667,hăʔsw.F,phonetic,hole,,,,
12-810-827-1,aheu1239,Ahlao Th,1395,mɔ̆n,phonetic,round,,,,
12-760-827-1,aheu1239,Ahlao Th,192,cɛ.C ʔŭh,phonetic,corner,,,,
12-750-827-1,aheu1239,Ahlao Th,1071,khɔ.C,phonetic,hook,,,,
12-740-827-1,aheu1239,Ahlao Th,297,hăʔkɔ̆k,phonetic,crooked,,,,
12-730-827-1,aheu1239,Ahlao Th,1404,căʔdăŋ,phonetic,straight,,,,
12-710-827-1,aheu1239,Ahlao Th,1633,pɛnʔ,phonetic,flat,,,,
12-680-827-1,aheu1239,Ahlao Th,193,thăk.B,phonetic,shallow,,,,
12-670-827-1,aheu1239,Ahlao Th,1593,thuʔ.B,phonetic,deep,,,,
12-650-827-1,aheu1239,Ahlao Th,2249,păʔsăŋʔ.B,phonetic,thin (in dimension),,,,
12-630-827-1,aheu1239,Ahlao Th,1244,kăʔbûʔ.B,phonetic,thick (in dimension),,,,
12-620-827-1,aheu1239,Ahlao Th,1267,hom.C,phonetic,narrow,,,,
12-610-827-1,aheu1239,Ahlao Th,1243,ku̯aŋʔ.C,phonetic,"wide, broad",,,,
12-590-827-1,aheu1239,Ahlao Th,1645,ʔɣ̆nʔ.B,phonetic,short,,,,
12-570-827-1,aheu1239,Ahlao Th,1203,zon,phonetic,long,,,,
12-560-827-1,aheu1239,Ahlao Th,1246,?,phonetic,"small, little",,,,
12-550-827-1,aheu1239,Ahlao Th,1202,?,phonetic,"large, big",,,,
12-541-827-1,aheu1239,Ahlao Th,81,mĭt.B păʔlăi̯,phonetic,"span, fathom",,,,
12-540-827-1,aheu1239,Ahlao Th,1506,tiək,phonetic,measure,,,,
12-530-827-1,aheu1239,Ahlao Th,479,ʔĭh.B kŏh.B,phonetic,grow,,,,
12-480-827-1,aheu1239,Ahlao Th,1595,luoŋ kăʔtiʔ.B,phonetic,south,,,,
12-470-827-1,aheu1239,Ahlao Th,1598,luoŋ ʔăʔɔʔ.B,phonetic,north,,,,
12-460-827-1,aheu1239,Ahlao Th,1817,luoŋ măt.B khăʔlaŋ tɔ̆p.B,phonetic,west,,,,
12-450-827-1,aheu1239,Ahlao Th,1877,luoŋ măt.B khăʔlaŋ lŏh,phonetic,east,,,,
12-430-827-1,aheu1239,Ahlao Th,1942,kɣʔ.B,phonetic,near (adv),,,,
12-430-827-2,aheu1239,Ahlao Th,1942,săʔŋai̯ʔ.B,phonetic,near (adv),,,,
12-420-827-1,aheu1239,Ahlao Th,244,luoŋ vɛl.B,phonetic,left (side),,,,
12-410-827-1,aheu1239,Ahlao Th,1019,luoŋ tɣ̆m,phonetic,right (side),,,,
12-370-827-1,aheu1239,Ahlao Th,1093,nəi̯ʔ.B kaŋ.C ʔăʔ thiʔ.B,phonetic,"middle, center",,,,
12-360-827-1,aheu1239,Ahlao Th,682,luoŋ,phonetic,side,,,,
12-353-827-1,aheu1239,Ahlao Th,863,khɔp,phonetic,edge,,,,
12-352-827-1,aheu1239,Ahlao Th,372,lon.C,phonetic,pointed,,,,
12-340-827-1,aheu1239,Ahlao Th,690,nəi̯ʔ.B cuʔtit,phonetic,bottom,,,,
12-320-827-1,aheu1239,Ahlao Th,721,ʔɣ̆nʔ,phonetic,low,,,,
12-330-827-1,aheu1239,Ahlao Th,1753,ŋɔnʔ.B,phonetic,top,,,,
12-310-827-1,aheu1239,Ahlao Th,1265,zon,phonetic,high,,,,
12-270-827-1,aheu1239,Ahlao Th,602,păʔdŭk.B ta.C,phonetic,"hide, conceal",,,,
12-250-827-1,aheu1239,Ahlao Th,1046,kăʔdɔt hăʔbû̆h,phonetic,"shut, close",,,,
12-260-827-1,aheu1239,Ahlao Th,761,sɔ̆p phaʔ.C,phonetic,cover,,,,
12-240-827-1,aheu1239,Ahlao Th,1156,bŏh hăʔbû̆h,phonetic,open,,,,
12-230-827-1,aheu1239,Ahlao Th,1359,kɛʔ.B lŏh.B,phonetic,separate,,,,
12-230-827-2,aheu1239,Ahlao Th,1359,ńɛk kăʔlŭh,phonetic,separate,,,,
12-220-827-1,aheu1239,Ahlao Th,1743,ta.C hăʔtăn,phonetic,"join, unite",,,,
12-213-827-1,aheu1239,Ahlao Th,1576,conʔ.B taʔ.B,phonetic,pile up,,,,
12-212-827-1,aheu1239,Ahlao Th,371,kɛp,phonetic,pick up,,,,
12-210-827-1,aheu1239,Ahlao Th,7,hoɔmʔ.B taʔ.B,phonetic,"collect, gather",,,,
12-160-827-1,aheu1239,Ahlao Th,987,nɔiʔ.B ʔiʔliʔ.B,phonetic,"remain, stay",,,,
12-150-827-1,aheu1239,Ahlao Th,1442,tɨ̆ŋʔ.B kŏh,phonetic,stand,,,,
12-140-827-1,aheu1239,Ahlao Th,215,năm loɔŋ.F,phonetic,lie down,,,,
12-130-827-1,aheu1239,Ahlao Th,1416,cŭŋ,phonetic,sit,,,,
12-120-827-1,aheu1239,Ahlao Th,998,păʔlăh.B,phonetic,put,,,,
12-110-827-1,aheu1239,Ahlao Th,723,nɔi̯ʔ.B ʔiʔliʔ.B,phonetic,place,,,,
11-910-827-1,aheu1239,Ahlao Th,884,pɛŋ diəu̯ʔ,phonetic,share (distribute),,,,
11-890-827-1,aheu1239,Ahlao Th,1887,tɛ̆t.B,phonetic,cheap,,,,
11-880-827-1,aheu1239,Ahlao Th,1426,peŋ.C,phonetic,"dear (costly, expensive)",,,,
11-870-827-1,aheu1239,Ahlao Th,657,la kha.C,phonetic,price,,,,
11-850-827-1,aheu1239,Ahlao Th,633,ta.C lat,phonetic,market (place),,,,
11-830-827-1,aheu1239,Ahlao Th,2135,piən căk,phonetic,"trade, barter",,,,
11-830-827-2,aheu1239,Ahlao Th,2135,khăp khai̯,phonetic,"trade, barter",,,,
11-820-827-1,aheu1239,Ahlao Th,1571,panʔ,phonetic,sell,,,,
11-810-827-1,aheu1239,Ahlao Th,1869,cak.F,phonetic,buy,,,,
11-630-827-1,aheu1239,Ahlao Th,369,lɛ̆h.B niʔ.B,phonetic,owe,,,,
11-620-827-1,aheu1239,Ahlao Th,1823,zɨm.F,phonetic,borrow,,,,
11-610-827-1,aheu1239,Ahlao Th,582,ʔot zɨm.F,phonetic,lend,,,,
11-520-827-1,aheu1239,Ahlao Th,1674,thoɔk,phonetic,poor,,,,
11-510-827-1,aheu1239,Ahlao Th,712,hăŋ,phonetic,rich,,,,
11-430-827-1,aheu1239,Ahlao Th,1559,hăʔvanʔ.B,phonetic,money,,,,
11-330-827-1,aheu1239,Ahlao Th,1660,hăʔhiə,phonetic,lose,,,,
11-320-827-1,aheu1239,Ahlao Th,719,hăʔkɛʔ năh,phonetic,find,,,,
11-310-827-1,aheu1239,Ahlao Th,1468,hăʔkɛʔ,phonetic,"seek, look for",,,,
11-270-827-1,aheu1239,Ahlao Th,681,maŋʔ ʔŭh.B,phonetic,destroy,,,,
11-250-827-1,aheu1239,Ahlao Th,2008,soi̯ nɨ̆mʔ,phonetic,"save, rescue",,,,
11-240-827-1,aheu1239,Ahlao Th,1997,nɔiʔ bɣ̆ŋ kɔn ʔit.B,phonetic,"preserve, look after",,,,
11-220-827-1,aheu1239,Ahlao Th,85,toɔn lɔ̆p.B,phonetic,give back,,,,
11-210-827-1,aheu1239,Ahlao Th,1447,ʔût.B,phonetic,give,,,,
11-160-827-1,aheu1239,Ahlao Th,694,tin.F,phonetic,"get, obtain",,,,
11-150-827-1,aheu1239,Ahlao Th,1448,kăʔńɔ̆m,phonetic,hold,,,,
11-150-827-2,aheu1239,Ahlao Th,1448,kăʔńɔ̆m tăh.B,phonetic,hold,,,,
11-140-827-1,aheu1239,Ahlao Th,2021,dzăp,phonetic,"seize, grasp",,,,
11-130-827-1,aheu1239,Ahlao Th,1749,nŭmʔ,phonetic,take,,,,
11-110-827-1,aheu1239,Ahlao Th,773,mal.F,phonetic,have,,,,
10-850-827-1,aheu1239,Ahlao Th,108,thä̆ŋ phai̯ dok,phonetic,oar,,,,
10-830-827-1,aheu1239,Ahlao Th,1844,dom.C domʔ,phonetic,boat,,,,
10-780-827-1,aheu1239,Ahlao Th,14,ʔɛk,phonetic,yoke,,,,
10-760-827-1,aheu1239,Ahlao Th,710,ciŋ.C lot,phonetic,wheel,,,,
10-750-827-1,aheu1239,Ahlao Th,122,lot,phonetic,"carriage, wagon, cart",,,,
10-740-827-1,aheu1239,Ahlao Th,1011,hăʔdɔl,phonetic,bridge,,,,
10-720-827-1,aheu1239,Ahlao Th,2252,khăʔlaʔ hoɔm,phonetic,path,,,,
10-710-827-1,aheu1239,Ahlao Th,667,khăʔlaʔ tj.C,phonetic,road,,,,
10-670-827-1,aheu1239,Ahlao Th,1452,hăʔtŭk khăʔlŭh,phonetic,"push, shove",,,,
10-660-827-1,aheu1239,Ahlao Th,367,doɔm maʔ.B,phonetic,ride,,,,
10-640-827-1,aheu1239,Ahlao Th,43,hăʔ ʔil tj.C,phonetic,lead (vb),,,,
10-630-827-1,aheu1239,Ahlao Th,1127,toɔn,phonetic,send,,,,
10-620-827-1,aheu1239,Ahlao Th,692,nû̆mʔ lai̯ʔ lo.F,phonetic,bring,,,,
10-615-827-1,aheu1239,Ahlao Th,415,tăʔkɛp,phonetic,carry-underarm,,,,
10-614-827-1,aheu1239,Ahlao Th,414,kăʔdoi̯ʔ,phonetic,carry-on-head,,,,
10-613-827-1,aheu1239,Ahlao Th,413,hăʔnăm.B,phonetic,carry-on-shoulder,,,,
10-612-827-1,aheu1239,Ahlao Th,412,hăʔhiu̯,phonetic,carry-in-hand,,,,
10-610-827-1,aheu1239,Ahlao Th,700,căʔpai̯ʔ thăŋ,phonetic,carry (bear),,,,
10-570-827-1,aheu1239,Ahlao Th,749,lɔnʔ,phonetic,enter,,,,
10-550-827-1,aheu1239,Ahlao Th,1387,lai̯ʔ,phonetic,"reach, arrive",,,,
10-530-827-1,aheu1239,Ahlao Th,1047,lɣ̆i̯ kaʔ.B,phonetic,pursue,,,,
10-520-827-1,aheu1239,Ahlao Th,1085,tj.F nămʔ.B,phonetic,follow,,,,
10-510-827-1,aheu1239,Ahlao Th,956,păʔhiʔ.B,phonetic,flee,,,,
10-490-827-1,aheu1239,Ahlao Th,1752,tj.F vĭt,phonetic,"go away, depart",,,,
10-481-827-1,aheu1239,Ahlao Th,581,vol.F ʔŭh.B,phonetic,come back,,,,
10-481-827-2,aheu1239,Ahlao Th,581,lɔ̆k vol.C,phonetic,come back,,,,
10-480-827-1,aheu1239,Ahlao Th,1446,lai̯ʔ.F,phonetic,come,,,,
10-474-827-1,aheu1239,Ahlao Th,1107,lŏh.B,phonetic,go out,,,,
10-473-827-1,aheu1239,Ahlao Th,2014,loɔŋ.F,phonetic,go down,,,,
10-472-827-1,aheu1239,Ahlao Th,1102,kŏh thăŋ,phonetic,climb,,,,
10-470-827-1,aheu1239,Ahlao Th,695,tj.C,phonetic,go,,,,
10-460-827-1,aheu1239,Ahlao Th,1519,hăʔtoŋ.C,phonetic,run,,,,
10-450-827-1,aheu1239,Ahlao Th,1443,tj.C khăʔ ʔɣj.F,phonetic,walk,,,,
10-440-827-1,aheu1239,Ahlao Th,1879,phonʔ,phonetic,dance,,,,
10-431-827-1,aheu1239,Ahlao Th,1135,teʔ,phonetic,kick,,,,
10-430-827-1,aheu1239,Ahlao Th,1829,tĕn kŏh,phonetic,"jump, leap",,,,
10-420-827-1,aheu1239,Ahlao Th,1324,phăʔlat.C,phonetic,"slide, slip",,,,
10-413-827-1,aheu1239,Ahlao Th,296,kû̆m ʔom.C,phonetic,crouch,,,,
10-412-827-1,aheu1239,Ahlao Th,66,khuʔ.B khău̯,phonetic,kneel,,,,
10-410-827-1,aheu1239,Ahlao Th,96,kăʔlan.C,phonetic,"creep, crawl",,,,
10-410-827-2,aheu1239,Ahlao Th,96,luk loi̯ʔ.B,phonetic,"creep, crawl",,,,
10-380-827-1,aheu1239,Ahlao Th,175,thûlʔ,phonetic,blow,,,,
10-370-827-1,aheu1239,Ahlao Th,1441,hul.B,phonetic,fly (vb),,,,
10-352-827-1,aheu1239,Ahlao Th,365,sak.C,phonetic,splash,,,,
10-351-827-1,aheu1239,Ahlao Th,119,l̆nʔ,phonetic,dive,,,,
10-350-827-1,aheu1239,Ahlao Th,1439,loi̯ʔ.C,phonetic,swim,,,,
10-340-827-1,aheu1239,Ahlao Th,1574,doih.B,phonetic,float,,,,
10-330-827-1,aheu1239,Ahlao Th,1088,lŭmʔ,phonetic,sink,,,,
10-320-827-1,aheu1239,Ahlao Th,2003,săʔloi̯,phonetic,flow,,,,
10-260-827-1,aheu1239,Ahlao Th,1909,hăʔkĭh,phonetic,shake,,,,
10-252-827-1,aheu1239,Ahlao Th,702,zăp,phonetic,catch (ball),,,,
10-252-827-2,aheu1239,Ahlao Th,702,doɔŋʔ.B,phonetic,catch (ball),,,,
10-250-827-1,aheu1239,Ahlao Th,1456,vĭt,phonetic,throw,,,,
10-230-827-1,aheu1239,Ahlao Th,1280,thăʔloi̯ʔ.B loŋ.F,phonetic,fall,,,,
10-220-827-1,aheu1239,Ahlao Th,501,ʔɛ̆t.B kŏh.B,phonetic,"raise, lift",,,,
10-210-827-1,aheu1239,Ahlao Th,568,kŏh,phonetic,rise,,,,
10-210-827-2,aheu1239,Ahlao Th,568,tɨ̆ŋʔ.B kŏh.B,phonetic,rise,,,,
10-170-827-1,aheu1239,Ahlao Th,430,ńəŋʔ.B,phonetic,twist,,,,
10-160-827-1,aheu1239,Ahlao Th,808,hăʔhot,phonetic,drop (vb),,,,
10-150-827-1,aheu1239,Ahlao Th,827,kăʔlińʔ.B,phonetic,roll,,,,
10-140-827-1,aheu1239,Ahlao Th,1113,hăʔtä̆ŋ,phonetic,"wind, wrap",,,,
10-130-827-1,aheu1239,Ahlao Th,1445,ku̯ɛŋ laʔ.B,phonetic,turn around,,,,
10-120-827-1,aheu1239,Ahlao Th,1588,năm khăʔlŭmʔ,phonetic,turn over,,,,
9-791-827-1,aheu1239,Ahlao Th,360,tăʔpɛ̆l.B,phonetic,fan (vb),,,,
9-790-827-1,aheu1239,Ahlao Th,1971,tăʔpɛ̆l.B,phonetic,fan (noun),,,,
9-770-827-1,aheu1239,Ahlao Th,195,păʔsah sanʔ,phonetic,mat,,,,
9-750-827-1,aheu1239,Ahlao Th,1729,sɣ̆n phăʔdan ʔŭh.B,phonetic,"weave, plait",,,,
9-740-827-1,aheu1239,Ahlao Th,604,keu̯ʔ,phonetic,glass,,,,
9-730-827-1,aheu1239,Ahlao Th,1399,hăʔtăk din.C dak.C,phonetic,clay,,,,
9-680-827-1,aheu1239,Ahlao Th,627,sɨn.F,phonetic,lead (noun),,,,
9-670-827-1,aheu1239,Ahlao Th,621,lec,phonetic,iron,,,,
9-660-827-1,aheu1239,Ahlao Th,1825,hăʔtɔŋʔ khăʔlɛŋʔ.B,phonetic,"copper, bronze",,,,
9-650-827-1,aheu1239,Ahlao Th,759,hăʔvan,phonetic,silver,,,,
9-640-827-1,aheu1239,Ahlao Th,1369,hăʔkɔ̆m,phonetic,gold,,,,
9-610-827-1,aheu1239,Ahlao Th,288,saŋ pŏh lec,phonetic,forge,,,,
9-490-827-1,aheu1239,Ahlao Th,1481,kăʔmoŋ.B pɔ̆h,phonetic,hammer,,,,
9-480-827-1,aheu1239,Ahlao Th,1948,lɨɣi̯,phonetic,saw,,,,
9-461-827-1,aheu1239,Ahlao Th,46,siu̯,phonetic,hollow out,,,,
9-460-827-1,aheu1239,Ahlao Th,1501,phăn,phonetic,bore,,,,
9-380-827-1,aheu1239,Ahlao Th,245,ńŭh.B,phonetic,broom,,,,
9-360-827-1,aheu1239,Ahlao Th,1453,laŋʔ.C toi̯ʔ.C,phonetic,wash,,,,
9-370-827-1,aheu1239,Ahlao Th,230,poih.B,phonetic,sweep,,,,
9-350-827-1,aheu1239,Ahlao Th,1487,heŋʔ dak.C,phonetic,pour,,,,
9-343-827-1,aheu1239,Ahlao Th,1414,viŋʔ.B,phonetic,"squeeze, wring",,,,
9-342-827-1,aheu1239,Ahlao Th,1913,nip.B,phonetic,press,,,,
9-341-827-1,aheu1239,Ahlao Th,357,kăʔ băk,phonetic,hang up,,,,
9-340-827-1,aheu1239,Ahlao Th,38,sanʔ păʔsăh,phonetic,spread out,,,,
9-330-827-1,aheu1239,Ahlao Th,1455,hăʔhaŋʔ,phonetic,pull,,,,
9-320-827-1,aheu1239,Ahlao Th,214,khiń hăʔbăn,phonetic,stretch,,,,
9-310-827-1,aheu1239,Ahlao Th,1449,hăʔlop,phonetic,"rub, wipe",,,,
9-310-827-2,aheu1239,Ahlao Th,1449,hăʔńɔ,phonetic,"rub, wipe",,,,
9-290-827-1,aheu1239,Ahlao Th,291,hăʔ lak.F,phonetic,"flay, skin",,,,
9-280-827-1,aheu1239,Ahlao Th,1735,sɛk.C,phonetic,tear,,,,
9-260-827-1,aheu1239,Ahlao Th,680,pɛ̆h.B,phonetic,break,,,,
9-260-827-2,aheu1239,Ahlao Th,680,kăʔlɛ̆h.B,phonetic,break,,,,
9-260-827-3,aheu1239,Ahlao Th,680,phăʔ dĭh.B,phonetic,break,,,,
9-260-827-4,aheu1239,Ahlao Th,680,tic.B,phonetic,break,,,,
9-250-827-1,aheu1239,Ahlao Th,677,tăʔhul.B,phonetic,ax,,,,
9-240-827-1,aheu1239,Ahlao Th,356,mĭt.B tăt.B,phonetic,"scissors, shears",,,,
9-223-827-1,aheu1239,Ahlao Th,1434,tŭm,phonetic,stab,,,,
9-221-827-1,aheu1239,Ahlao Th,355,kĭt,phonetic,cut down,,,,
9-221-827-2,aheu1239,Ahlao Th,355,thaŋ.C poj.C,phonetic,cut down,,,,
9-220-827-1,aheu1239,Ahlao Th,1432,tăt,phonetic,cut,,,,
9-211-827-1,aheu1239,Ahlao Th,354,kăʔpăn pɔ̆h.B,phonetic,pound with fist,,,,
9-210-827-1,aheu1239,Ahlao Th,2133,pɔ̆h.B,phonetic,"strike (hit, beat)",,,,
9-192-827-1,aheu1239,Ahlao Th,760,tăʔput.B,phonetic,knot (noun),,,,
9-190-827-1,aheu1239,Ahlao Th,1218,hăʔtăn.B,phonetic,"rope, cord",,,,
9-161-827-1,aheu1239,Ahlao Th,352,lĭk hăʔtăn.B,phonetic,untie,,,,
9-160-827-1,aheu1239,Ahlao Th,1917,măt hunʔ,phonetic,"tie, bind",,,,
9-160-827-2,aheu1239,Ahlao Th,1917,măt siʔ.B,phonetic,"tie, bind",,,,
9-150-827-1,aheu1239,Ahlao Th,1470,dɔ̆p.B ciəʔ,phonetic,fold,,,,
9-140-827-1,aheu1239,Ahlao Th,2004,hăʔ dɛu̯,phonetic,bend,,,,
9-120-827-1,aheu1239,Ahlao Th,984,mɛ viək,phonetic,work,,,,
9-110-827-1,aheu1239,Ahlao Th,2575,mɛ,phonetic,"do, make",,,,
8-980-827-1,aheu1239,Ahlao Th,641,bac.B,phonetic,mushroom,,,,
8-970-827-1,aheu1239,Ahlao Th,33,nat.B,phonetic,nettle,,,,
8-941-827-1,aheu1239,Ahlao Th,146,ńimʔ.B,phonetic,sugar cane,,,,
8-940-827-1,aheu1239,Ahlao Th,1927,lăm hăʔkap,phonetic,bamboo,,,,
8-931-827-1,aheu1239,Ahlao Th,864,phăʔlɣʔ.B măʔʔɨʔ.B,phonetic,"pumpkin, squash",,,,
8-930-827-1,aheu1239,Ahlao Th,411,kăʔlä̆ŋ dak.C,phonetic,gourd,,,,
8-920-827-1,aheu1239,Ahlao Th,925,khu̯ai̯ thăi̯ʔ.B,phonetic,"tapioca, manioc, cassava",,,,
8-912-827-1,aheu1239,Ahlao Th,410,khu̯ai̯ măn ʔɔnʔ.B,phonetic,yam,,,,
8-910-827-1,aheu1239,Ahlao Th,159,daŋ,phonetic,sweet potato,,,,
8-850-827-1,aheu1239,Ahlao Th,346,thiʔ.B,phonetic,banyan,,,,
8-840-827-1,aheu1239,Ahlao Th,868,kuoi̯ʔ,phonetic,banana tree,,,,
8-820-827-1,aheu1239,Ahlao Th,970,măk phaw.F,phonetic,coconut,,,,
8-810-827-1,aheu1239,Ahlao Th,1181,lăm căʔlɔ.C,phonetic,palm tree,,,,
8-760-827-1,aheu1239,Ahlao Th,345,zaŋ.F thăŋ,phonetic,sap,,,,
8-750-827-1,aheu1239,Ahlao Th,1204,khăʔ bɔ̆h thăŋ,phonetic,bark,,,,
8-740-827-1,aheu1239,Ahlao Th,409,cuk ŋam,phonetic,forked branch,,,,
8-720-827-1,aheu1239,Ahlao Th,241,kĭnʔ.F lăm thăŋ,phonetic,tree stump,,,,
8-691-827-1,aheu1239,Ahlao Th,1124,kăʔlɔʔ.B hɨt,phonetic,pipe,,,,
8-690-827-1,aheu1239,Ahlao Th,1689,dup.B,phonetic,smoke (tobacco),,,,
8-680-827-1,aheu1239,Ahlao Th,974,hɨt duk,phonetic,tobacco,,,,
8-640-827-1,aheu1239,Ahlao Th,1740,lăm ŋɔʔ.B,phonetic,pine,,,,
8-620-827-1,aheu1239,Ahlao Th,1950,lăm tăʔkɔ̆h.B,phonetic,beech,,,,
8-600-827-1,aheu1239,Ahlao Th,906,lam thăŋ,phonetic,tree,,,,
8-570-827-1,aheu1239,Ahlao Th,239,poŋ.F thăŋ,phonetic,flower,,,,
8-560-827-1,aheu1239,Ahlao Th,628,săʔlaʔ,phonetic,leaf,,,,
8-550-827-1,aheu1239,Ahlao Th,1531,ŋa thăŋ,phonetic,branch,,,,
8-540-827-1,aheu1239,Ahlao Th,670,hɛ̆h.B thăŋ,phonetic,root,,,,
8-510-827-1,aheu1239,Ahlao Th,606,kɔ̆h.B,phonetic,grass,,,,
8-480-827-1,aheu1239,Ahlao Th,926,cau̯ʔ.B,phonetic,rice,,,,
8-470-827-1,aheu1239,Ahlao Th,506,săʔbɣɨʔ.B,phonetic,"maize, corn",,,,
8-420-827-1,aheu1239,Ahlao Th,605,khăʔləŋ,phonetic,"grain (barley, oats etc)",,,,
8-340-827-1,aheu1239,Ahlao Th,285,phak.B hăʔlɔʔ.B,phonetic,thresh,,,,
8-330-827-1,aheu1239,Ahlao Th,2132,hɛp,phonetic,"sickle, scythe",,,,
8-330-827-2,aheu1239,Ahlao Th,2132,kiəu̯ʔ,phonetic,"sickle, scythe",,,,
8-320-827-1,aheu1239,Ahlao Th,190,kiau̯ʔ hăʔlɔʔ.B,phonetic,"mow, reap",,,,
8-311-827-1,aheu1239,Ahlao Th,714,hăʔlɔʔ.B šä̆ʔ ǯäʔ.B,phonetic,seed,,,,
8-310-827-1,aheu1239,Ahlao Th,748,van tăʔkaʔ.B,phonetic,sow,,,,
8-260-827-1,aheu1239,Ahlao Th,337,lonʔ.B,phonetic,fork,,,,
8-250-827-1,aheu1239,Ahlao Th,284,cɔ̆k.B,phonetic,hoe,,,,
8-212-827-1,aheu1239,Ahlao Th,1794,khi thăi̯,phonetic,furrow,,,,
8-210-827-1,aheu1239,Ahlao Th,1921,thăi̯ naʔ.B,phonetic,plow,,,,
8-170-827-1,aheu1239,Ahlao Th,2002,hăʔcaʔ.B mɨɣŋ,phonetic,ditch,,,,
8-160-827-1,aheu1239,Ahlao Th,1690,huoʔ,phonetic,fence,,,,
8-150-827-1,aheu1239,Ahlao Th,1541,pik,phonetic,"cultivate, till",,,,
8-130-827-1,aheu1239,Ahlao Th,586,suon,phonetic,garden,,,,
8-120-827-1,aheu1239,Ahlao Th,212,naʔ.B,phonetic,field (for cultivation),,,,
7-570-827-1,aheu1239,Ahlao Th,1227,pɛ̆nʔ sanʔ ʔŭh.B,phonetic,board,,,,
7-560-827-1,aheu1239,Ahlao Th,281,păʔcuʔ,phonetic,"post, pole",,,,
7-550-827-1,aheu1239,Ahlao Th,1132,khɨ ʔŭh.B,phonetic,beam,,,,
7-540-827-1,aheu1239,Ahlao Th,829,coih ʔŭh.B,phonetic,rafter,,,,
7-530-827-1,aheu1239,Ahlao Th,280,khauʔ pɛ,phonetic,ridgepole,,,,
7-520-827-1,aheu1239,Ahlao Th,279,căʔbɔŋ ʔŭh.B,phonetic,thatch,,,,
7-480-827-1,aheu1239,Ahlao Th,205,häŋ kunʔ.B,phonetic,trough,,,,
7-460-827-1,aheu1239,Ahlao Th,1273,thiənʔ,phonetic,candle,,,,
7-450-827-1,aheu1239,Ahlao Th,2131,tăʔkiəŋ tăʔbat,phonetic,"lamp, torch",,,,
7-440-827-1,aheu1239,Ahlao Th,1775,toʔ,phonetic,table,,,,
7-430-827-1,aheu1239,Ahlao Th,1476,tăŋ cŭŋ,phonetic,chair,,,,
7-421-827-1,aheu1239,Ahlao Th,1044,mɔnʔ tăʔ kol,phonetic,pillow,,,,
7-420-827-1,aheu1239,Ahlao Th,1663,tiəŋ nămʔ.B,phonetic,bed,,,,
7-270-827-1,aheu1239,Ahlao Th,933,phăʔ danʔ ʔŭh.B,phonetic,wall,,,,
7-260-827-1,aheu1239,Ahlao Th,1632,pɨnʔ.B ʔuh.B,phonetic,floor,,,,
7-250-827-1,aheu1239,Ahlao Th,1375,pɔŋ ziəŋ,phonetic,window,,,,
7-231-827-1,aheu1239,Ahlao Th,1012,lɣ̆i̯ hăʔbû̆h,phonetic,"latch, door-bolt",,,,
7-210-827-1,aheu1239,Ahlao Th,1450,hɔŋ ʔŭh.B,phonetic,room,,,,
7-220-827-1,aheu1239,Ahlao Th,1567,hăʔbû̆h ʔŭh.B,phonetic,"door, gate",,,,
7-220-827-2,aheu1239,Ahlao Th,1567,hăʔbû̆h khoŋʔ.B,phonetic,"door, gate",,,,
7-180-827-1,aheu1239,Ahlao Th,335,ʔŭh.B luom,phonetic,meeting house,,,,
7-150-827-1,aheu1239,Ahlao Th,736,dɣn ʔŭh.B,phonetic,"yard, court",,,,
7-130-827-1,aheu1239,Ahlao Th,1678,tup,phonetic,hut,,,,
7-120-827-1,aheu1239,Ahlao Th,1252,ʔŭh.B,phonetic,house,,,,
7-110-827-1,aheu1239,Ahlao Th,363,nai̯ʔ.B,phonetic,"dwell, live",,,,
7-110-827-2,aheu1239,Ahlao Th,363,ʔj.C,phonetic,"dwell, live",,,,
6-960-827-1,aheu1239,Ahlao Th,1171,kăʔcɔ̆k.B ńɛ̆lʔ,phonetic,mirror,,,,
6-921-827-1,aheu1239,Ahlao Th,333,phɨɣ sɔ̆k.B,phonetic,braid,,,,
6-910-827-1,aheu1239,Ahlao Th,1475,kăʔnɛʔ.B,phonetic,comb,,,,
6-820-827-1,aheu1239,Ahlao Th,1021,kăʔpai̯ ʔit măt,phonetic,towel,,,,
6-810-827-1,aheu1239,Ahlao Th,332,kăʔpai̯,phonetic,"handkerchief, rag",,,,
6-780-827-1,aheu1239,Ahlao Th,330,kăʔpai̯ vɣ̆n ʔɔk.B,phonetic,"headband, headdress",,,,
6-770-827-1,aheu1239,Ahlao Th,770,kăʔcəl sai̯,phonetic,earring,,,,
6-750-827-1,aheu1239,Ahlao Th,1961,păʔlək nɣt.B,phonetic,necklace,,,,
6-740-827-1,aheu1239,Ahlao Th,1754,hăʔpeʔ.B,phonetic,bracelet,,,,
6-730-827-1,aheu1239,Ahlao Th,1374,vɛn.F,phonetic,ring (for finger),,,,
6-630-827-1,aheu1239,Ahlao Th,64,lĕk tăʔpu,phonetic,pin,,,,
6-620-827-1,aheu1239,Ahlao Th,757,mak tiŋ ʔau̯ʔ.B,phonetic,button,,,,
6-610-827-1,aheu1239,Ahlao Th,1851,thä̆ŋ.B,phonetic,pocket,,,,
6-570-827-1,aheu1239,Ahlao Th,772,săʔi̯ ʔɛw.B,phonetic,"belt, girdle",,,,
6-550-827-1,aheu1239,Ahlao Th,2130,muok,phonetic,"hat, cap",,,,
6-510-827-1,aheu1239,Ahlao Th,1381,kɣp.C,phonetic,shoe,,,,
6-480-827-1,aheu1239,Ahlao Th,809,soŋʔ.B,phonetic,trousers,,,,
6-460-827-1,aheu1239,Ahlao Th,1600,cɛmʔ.B,phonetic,skirt,,,,
6-450-827-1,aheu1239,Ahlao Th,2012,nɣt ʔau̯ʔ.B,phonetic,collar,,,,
6-440-827-1,aheu1239,Ahlao Th,1622,ʔau̯ʔ.B,phonetic,shirt,,,,
6-390-827-1,aheu1239,Ahlao Th,157,ńɔmʔ.B ńa.F hai̯ʔ.B,phonetic,dye,,,,
6-380-827-1,aheu1239,Ahlao Th,1161,ńa.C haiʔ.B,phonetic,thread,,,,
6-360-827-1,aheu1239,Ahlao Th,1382,kim.C khimʔ.C,phonetic,needle,,,,
6-370-827-1,aheu1239,Ahlao Th,278,lek si,phonetic,awl,,,,
6-350-827-1,aheu1239,Ahlao Th,1457,hăʔcuih.B,phonetic,sew,,,,
6-330-827-1,aheu1239,Ahlao Th,133,tăm,phonetic,weave,,,,
6-320-827-1,aheu1239,Ahlao Th,277,kăʔsuoi̯,phonetic,spindle,,,,
6-240-827-1,aheu1239,Ahlao Th,1850,kăʔpăih,phonetic,cotton,,,,
6-210-827-1,aheu1239,Ahlao Th,1616,phɛn kăʔpai̯ʔ.B,phonetic,cloth,,,,
6-120-827-1,aheu1239,Ahlao Th,1895,soŋʔ.B ʔau̯ʔ.B,phonetic,"clothing, clothes",,,,
6-110-827-1,aheu1239,Ahlao Th,158,hăʔdɛŋ ʔau̯ʔ.B,phonetic,put on (clothes),,,,
5-971-827-1,aheu1239,Ahlao Th,1556,tăʔlûnʔ.B caj.F,phonetic,egg yolk,,,,
5-970-827-1,aheu1239,Ahlao Th,744,tăʔlûnʔ.B,phonetic,egg,,,,
5-940-827-1,aheu1239,Ahlao Th,404,kĭnʔ.B,phonetic,fermented drink,,,,
5-870-827-1,aheu1239,Ahlao Th,93,bip phăʔnuʔ.B,phonetic,milk (vb),,,,
5-850-827-1,aheu1239,Ahlao Th,862,nɣ̆m tan.F,phonetic,sugar,,,,
5-860-827-1,aheu1239,Ahlao Th,635,nɣ̆m nŏm,phonetic,milk (noun),,,,
5-840-827-1,aheu1239,Ahlao Th,942,dak.F ku̯ɣʔ,phonetic,honey,,,,
5-810-827-1,aheu1239,Ahlao Th,1274,pəi̯ʔ.C,phonetic,salt,,,,
5-791-827-1,aheu1239,Ahlao Th,323,hăʔ tw.C,phonetic,"grease, fat",,,,
5-790-827-1,aheu1239,Ahlao Th,1484,hăʔ tw.C,phonetic,oil,,,,
5-770-827-1,aheu1239,Ahlao Th,191,kɛn,phonetic,nut,,,,
5-712-827-1,aheu1239,Ahlao Th,1966,khɨɣ,phonetic,bunch,,,,
5-710-827-1,aheu1239,Ahlao Th,1507,phăʔlɣʔ.B,phonetic,fruit,,,,
5-700-827-1,aheu1239,Ahlao Th,593,khu̯aj.C,phonetic,potato,,,,
5-660-827-1,aheu1239,Ahlao Th,832,phăʔlɣʔ tŭh,phonetic,bean,,,,
5-650-827-1,aheu1239,Ahlao Th,924,phăk,phonetic,vegetables,,,,
5-640-827-1,aheu1239,Ahlao Th,1547,hăʔdoʔ.B kɛŋ.C,phonetic,"soup, broth",,,,
5-610-827-1,aheu1239,Ahlao Th,634,hăʔmoɔŋ.C,phonetic,meat,,,,
5-590-827-1,aheu1239,Ahlao Th,225,hăʔhɣ kolʔ.B,phonetic,pestle,,,,
5-580-827-1,aheu1239,Ahlao Th,224,konʔmunʔ hăʔlɔʔ.B,phonetic,mortar (2),,,,
5-560-827-1,aheu1239,Ahlao Th,1033,bɔ̆t,phonetic,"crush, grind",,,,
5-560-827-3,aheu1239,Ahlao Th,1033,pɔ̆n,phonetic,"crush, grind",,,,
5-540-827-1,aheu1239,Ahlao Th,274,hăʔnɣ̆mʔ păʔ doʔ.B,phonetic,knead,,,,
5-490-827-1,aheu1239,Ahlao Th,2017,pɔ̆l.B căk,phonetic,"stir, mix",,,,
5-470-827-1,aheu1239,Ahlao Th,86,khɣ̆ŋ.B,phonetic,"sieve, strain",,,,
5-460-827-1,aheu1239,Ahlao Th,275,lot.B,phonetic,peel,,,,
5-450-827-1,aheu1239,Ahlao Th,1833,ʔăn.B lɛŋ,phonetic,supper,,,,
5-430-827-1,aheu1239,Ahlao Th,768,ʔăn.C cau̯ʔ.B su̯aj.F,phonetic,lunch,,,,
5-420-827-1,aheu1239,Ahlao Th,1322,ʔăn.B cau̯ʔ.B dɨ̆k.B,phonetic,breakfast,,,,
5-410-827-1,aheu1239,Ahlao Th,1526,khap.C,phonetic,meal (a),,,,
5-391-827-1,aheu1239,Ahlao Th,272,dɔ̆h.B tăʔkɛp than.C,phonetic,tongs,,,,
5-380-827-1,aheu1239,Ahlao Th,1352,khɔʔ.B,phonetic,knife (2),,,,
5-370-827-1,aheu1239,Ahlao Th,1378,buoŋ,phonetic,spoon,,,,
5-350-827-1,aheu1239,Ahlao Th,476,cɛnʔ.B,phonetic,"cup, drinking vessel",,,,
5-330-827-1,aheu1239,Ahlao Th,1530,toi̯ʔ.B,phonetic,bowl,,,,
5-340-827-1,aheu1239,Ahlao Th,270,kaŋ.F,phonetic,"pitcher, jug",,,,
5-320-827-1,aheu1239,Ahlao Th,480,can.F hăʔtăk,phonetic,plate,,,,
5-280-827-1,aheu1239,Ahlao Th,31,vɔŋʔ.B khaŋ.F,phonetic,pan,,,,
5-260-827-1,aheu1239,Ahlao Th,1462,vɔŋʔ.B,phonetic,"pot, cooking vessel",,,,
5-240-827-1,aheu1239,Ahlao Th,183,ciʔ.B,phonetic,bake,,,,
5-250-827-1,aheu1239,Ahlao Th,1143,tău̯ kuih,phonetic,oven,,,,
5-220-827-1,aheu1239,Ahlao Th,792,tŏmʔ.B dak.C,phonetic,boil (vb),,,,
5-210-827-1,aheu1239,Ahlao Th,1100,hăʔdăk,phonetic,cook,,,,
5-190-827-1,aheu1239,Ahlao Th,129,păʔsɣmʔ.B ʔɔʔ hăʔlŭh,phonetic,choke,,,,
5-181-827-1,aheu1239,Ahlao Th,897,dɣt.B,phonetic,swallow,,,,
5-180-827-1,aheu1239,Ahlao Th,321,hăʔńa.C,phonetic,chew,,,,
5-160-827-1,aheu1239,Ahlao Th,1421,ʔuʔ phăʔnuʔ.B,phonetic,suck,,,,
5-150-827-1,aheu1239,Ahlao Th,848,zak ńuʔ.B dak.C,phonetic,thirst,,,,
5-140-827-1,aheu1239,Ahlao Th,1864,măʔho cauʔ.C,phonetic,hunger,,,,
5-130-827-1,aheu1239,Ahlao Th,1401,ńûʔ.B dak.C,phonetic,drink,,,,
5-124-827-1,aheu1239,Ahlao Th,1958,căʔ loŋʔ.B,phonetic,"green, unripe",,,,
5-123-827-1,aheu1239,Ahlao Th,178,cinʔ.B,phonetic,ripe,,,,
5-122-827-1,aheu1239,Ahlao Th,1959,căʔloŋʔ.B,phonetic,raw,,,,
5-121-827-1,aheu1239,Ahlao Th,269,cinʔ.B,phonetic,cooked,,,,
5-121-827-2,aheu1239,Ahlao Th,269,luok,phonetic,cooked,,,,
5-110-827-1,aheu1239,Ahlao Th,1336,ʔăn,phonetic,eat,,,,
4-970-827-1,aheu1239,Ahlao Th,1653,măt tul.C,phonetic,blind,,,,
4-980-827-1,aheu1239,Ahlao Th,1463,phăʔleʔ.C kĭn,phonetic,intoxicated,,,,
4-960-827-1,aheu1239,Ahlao Th,1666,kăʔńău̯ kɣk.B,phonetic,mute,,,,
4-950-827-1,aheu1239,Ahlao Th,996,sai tek.F,phonetic,deaf,,,,
4-930-827-1,aheu1239,Ahlao Th,1125,ʔək kăʔlanʔ.B,phonetic,bald,,,,
4-940-827-1,aheu1239,Ahlao Th,320,măʔlu khe.C,phonetic,lame,,,,
4-920-827-1,aheu1239,Ahlao Th,1564,khi khan.C,phonetic,lazy,,,,
4-910-827-1,aheu1239,Ahlao Th,1757,mɨɣi̯,phonetic,"tired, weary",,,,
4-910-827-2,aheu1239,Ahlao Th,1757,mɨɣi̯ do.C,phonetic,"tired, weary",,,,
4-890-827-1,aheu1239,Ahlao Th,655,hăʔlai̯ bɨɣ,phonetic,poison,,,,
4-880-827-1,aheu1239,Ahlao Th,1372,phăʔlai̯ puoʔ,phonetic,"medicine, drug",,,,
4-870-827-1,aheu1239,Ahlao Th,597,mə puoʔ,phonetic,physician,,,,
4-860-827-1,aheu1239,Ahlao Th,499,puoʔ phăʔńaʔ.B,phonetic,"cure, heal",,,,
4-858-827-1,aheu1239,Ahlao Th,497,lɛ̆h pɛu̯ʔ,phonetic,scar,,,,
4-857-827-1,aheu1239,Ahlao Th,1808,lɛ̆h bŭh.B,phonetic,pus,,,,
4-856-827-1,aheu1239,Ahlao Th,793,lɛ̆h tum,phonetic,boil (noun),,,,
4-854-827-1,aheu1239,Ahlao Th,148,hăʔ ŋaʔ.B,phonetic,itch,,,,
4-853-827-1,aheu1239,Ahlao Th,1903,hăʔ poŋʔ.B,phonetic,swelling,,,,
4-850-827-1,aheu1239,Ahlao Th,1109,lɛ̆h bat.C,phonetic,"wound, sore",,,,
4-843-827-1,aheu1239,Ahlao Th,102,lɛ̆h săʔnɣ̆k.B,phonetic,cold (catarrh),,,,
4-842-827-1,aheu1239,Ahlao Th,1957,lɛ̆h vaʔ.B,phonetic,goiter,,,,
4-841-827-1,aheu1239,Ahlao Th,1534,thăʔnw.C,phonetic,fever,,,,
4-840-827-1,aheu1239,Ahlao Th,1847,soʔ.B,phonetic,"sick, sickness",,,,
4-820-827-1,aheu1239,Ahlao Th,1601,ʔɔ̆h hăn heŋ,phonetic,weak,,,,
4-810-827-1,aheu1239,Ahlao Th,785,hăn heŋ,phonetic,"strong, mighty, powerful",,,,
4-790-827-1,aheu1239,Ahlao Th,1773,thăʔloʔ săʔma.C,phonetic,"grave, tomb",,,,
4-780-827-1,aheu1239,Ahlao Th,1719,phə̆ŋ.C,phonetic,bury (the dead),,,,
4-760-827-1,aheu1239,Ahlao Th,1417,pɔ̆h ka.C,phonetic,kill,,,,
4-751-827-1,aheu1239,Ahlao Th,1904,cɣt.B păʔlŭm dak.C,phonetic,drowned,,,,
4-750-827-1,aheu1239,Ahlao Th,1494,cɣt.B,phonetic,"die, dead",,,,
4-740-827-1,aheu1239,Ahlao Th,1422,ʔä̆ŋ.B maʔ.B kŏn,phonetic,"live, living, life",,,,
4-732-827-1,aheu1239,Ahlao Th,1087,thăʔloj.B kɔn,phonetic,conceive,,,,
4-730-827-1,aheu1239,Ahlao Th,1123,phăʔdɣʔ.B kən,phonetic,pregnant,,,,
4-710-827-1,aheu1239,Ahlao Th,1152,tɛh,phonetic,beget (of father),,,,
4-690-827-1,aheu1239,Ahlao Th,138,ʔomʔ,phonetic,bathe,,,,
4-680-827-1,aheu1239,Ahlao Th,52,ŋəlʔ,phonetic,shiver,,,,
4-680-827-3,aheu1239,Ahlao Th,52,hăʔkĭn,phonetic,shiver,,,,
4-670-827-1,aheu1239,Ahlao Th,1785,hăʔ dău̯ʔ,phonetic,have sexual intercourse,,,,
4-660-827-1,aheu1239,Ahlao Th,676,tj.C khăʔʔɛʔ.B,phonetic,defecate,,,,
4-650-827-1,aheu1239,Ahlao Th,592,khăʔʔɔʔ.B,phonetic,urinate,,,,
4-640-827-1,aheu1239,Ahlao Th,1159,thăʔnuʔ.B,phonetic,break wind,,,,
4-630-827-1,aheu1239,Ahlao Th,1602,thăʔ lak.C năm,phonetic,wake up,,,,
4-620-827-1,aheu1239,Ahlao Th,1920,hăʔpoʔ.B,phonetic,dream,,,,
4-612-827-1,aheu1239,Ahlao Th,1983,năm săʔŋɔlʔ.B,phonetic,snore,,,,
4-610-827-1,aheu1239,Ahlao Th,1585,năm,phonetic,sleep,,,,
4-560-827-1,aheu1239,Ahlao Th,1440,dak.C ŋiʔ.B,phonetic,spit,,,,
4-550-827-1,aheu1239,Ahlao Th,126,lŭh mə̆ʔhuʔ.B,phonetic,perspire,,,,
4-540-827-1,aheu1239,Ahlao Th,1621,hăʔsuʔ.B,phonetic,sneeze,,,,
4-530-827-1,aheu1239,Ahlao Th,879,hăʔdɔ̆h.B,phonetic,cough,,,,
4-521-827-1,aheu1239,Ahlao Th,162,thăʔʔɣ̆k.B,phonetic,hiccough,,,,
4-520-827-1,aheu1239,Ahlao Th,1028,tăʔhɔp,phonetic,"yawn, gape",,,,
4-510-827-1,aheu1239,Ahlao Th,1407,păʔsɣm.B,phonetic,"breathe, breath",,,,
4-492-827-1,aheu1239,Ahlao Th,1222,lot,phonetic,penis,,,,
4-490-827-1,aheu1239,Ahlao Th,797,kăʔtalʔ.B,phonetic,testicle,,,,
4-464-827-1,aheu1239,Ahlao Th,834,cutit.C,phonetic,buttocks,,,,
4-463-827-1,aheu1239,Ahlao Th,1745,kăʔ phɔk,phonetic,hip,,,,
4-463-827-2,aheu1239,Ahlao Th,1745,măʔluʔ,phonetic,hip,,,,
4-462-827-1,aheu1239,Ahlao Th,1681,kenʔ,phonetic,waist,,,,
4-461-827-1,aheu1239,Ahlao Th,1991,hɔt.F,phonetic,"intestines, guts",,,,
4-460-827-1,aheu1239,Ahlao Th,819,kăʔ phoʔ,phonetic,stomach,,,,
4-452-827-1,aheu1239,Ahlao Th,1744,mam.C,phonetic,spleen,,,,
4-451-827-1,aheu1239,Ahlao Th,489,măʔ thăʔlăŋ,phonetic,kidney,,,,
4-450-827-1,aheu1239,Ahlao Th,1224,loɔm.C,phonetic,liver,,,,
4-441-827-1,aheu1239,Ahlao Th,688,sûh.B,phonetic,lung,,,,
4-440-827-1,aheu1239,Ahlao Th,1223,phaʔlə:ʔ.B ńim.B,phonetic,heart,,,,
4-430-827-1,aheu1239,Ahlao Th,1838,phăʔńol.C,phonetic,navel,,,,
4-412-827-1,aheu1239,Ahlao Th,796,khuăn phăʔnuʔ,phonetic,"nipple, teat",,,,
4-410-827-1,aheu1239,Ahlao Th,1402,phăʔnuʔ,phonetic,breast (of woman),,,,
4-400-827-1,aheu1239,Ahlao Th,1592,ʔɣ̆k,phonetic,chest,,,,
4-393-827-1,aheu1239,Ahlao Th,1201,hăʔsɔ̆k,phonetic,feather,,,,
4-392-827-1,aheu1239,Ahlao Th,1257,hăʔpɛŋ hăʔcɔi̯,phonetic,wing,,,,
4-380-827-1,aheu1239,Ahlao Th,1389,kăʔdɔj.C,phonetic,toe,,,,
4-374-827-1,aheu1239,Ahlao Th,318,hăʔtak.C,phonetic,footprint,,,,
4-372-827-1,aheu1239,Ahlao Th,980,kăʔ dɣnʔ,phonetic,heel,,,,
4-371-827-1,aheu1239,Ahlao Th,803,măt lɛ ciŋ.C,phonetic,ankle,,,,
4-370-827-1,aheu1239,Ahlao Th,1301,kăʔpaŋ.C ciŋ.F,phonetic,foot,,,,
4-360-827-1,aheu1239,Ahlao Th,1371,ʔɔk hăʔkol,phonetic,knee,,,,
4-352-827-1,aheu1239,Ahlao Th,498,thăʔlɔŋ măʔnɛl,phonetic,calf of leg,,,,
4-351-827-1,aheu1239,Ahlao Th,800,kil măʔluʔ,phonetic,thigh,,,,
4-350-827-1,aheu1239,Ahlao Th,1297,ciŋ,phonetic,leg,,,,
4-345-827-1,aheu1239,Ahlao Th,72,kăʔsăm kăʔhal,phonetic,claw,,,,
4-344-827-1,aheu1239,Ahlao Th,1258,kăʔsăm,phonetic,fingernail,,,,
4-342-827-1,aheu1239,Ahlao Th,1781,kăʔdɔj.C ʔĭh,phonetic,thumb,,,,
4-340-827-1,aheu1239,Ahlao Th,1303,kăʔ dɔj.C,phonetic,finger,,,,
4-330-827-1,aheu1239,Ahlao Th,1277,kăʔ paŋ si,phonetic,hand,,,,
4-321-827-1,aheu1239,Ahlao Th,799,khɔ si,phonetic,wrist,,,,
4-320-827-1,aheu1239,Ahlao Th,981,khɛn sɔ̯k,phonetic,elbow,,,,
4-312-827-1,aheu1239,Ahlao Th,1886,thăʔvak,phonetic,armpit,,,,
4-310-827-1,aheu1239,Ahlao Th,1673,pil,phonetic,arm,,,,
4-301-827-1,aheu1239,Ahlao Th,172,tăʔkok.C hăʔpiŋ.C,phonetic,shoulderblade,,,,
4-300-827-1,aheu1239,Ahlao Th,1482,hăʔpiŋ.F,phonetic,shoulder,,,,
4-290-827-1,aheu1239,Ahlao Th,1346,hăʔtăn khăʔlɔ̆h,phonetic,throat,,,,
4-281-827-1,aheu1239,Ahlao Th,1347,kăʔdä̆ŋ,phonetic,nape of neck,,,,
4-281-827-3,aheu1239,Ahlao Th,1347,kăʔdɣ̆l,phonetic,nape of neck,,,,
4-280-827-1,aheu1239,Ahlao Th,1333,nɣt.B,phonetic,neck,,,,
4-272-827-1,aheu1239,Ahlao Th,1049,kăʔsăŋ kŭm.B,phonetic,molartooth,,,,
4-270-827-1,aheu1239,Ahlao Th,1380,kăʔsăŋ,phonetic,tooth,,,,
4-271-827-1,aheu1239,Ahlao Th,139,ŋa ʔoŋ.B,phonetic,gums,,,,
4-271-827-2,aheu1239,Ahlao Th,139,căʔnĭh.B,phonetic,gums,,,,
4-260-827-1,aheu1239,Ahlao Th,1205,laih.B,phonetic,tongue,,,,
4-250-827-1,aheu1239,Ahlao Th,478,tăʔpĭn săʔnoj.C,phonetic,lip,,,,
4-250-827-3,aheu1239,Ahlao Th,478,kaŋ,phonetic,lip,,,,
4-241-827-1,aheu1239,Ahlao Th,73,săʔnoj.C hăʔcɔi̯,phonetic,beak,,,,
4-240-827-1,aheu1239,Ahlao Th,674,săʔ noj.C,phonetic,mouth,,,,
4-232-827-1,aheu1239,Ahlao Th,208,ńĭl,phonetic,mucus (nasal),,,,
4-231-827-1,aheu1239,Ahlao Th,1178,hăʔsw.C muih,phonetic,nostril,,,,
4-230-827-1,aheu1239,Ahlao Th,1221,nɨih,phonetic,nose,,,,
4-222-827-1,aheu1239,Ahlao Th,32,khăʔʔɛʔ saj.C,phonetic,earwax,,,,
4-221-827-1,aheu1239,Ahlao Th,18,saj.F zɔn,phonetic,earlobe,,,,
4-220-827-1,aheu1239,Ahlao Th,1247,saj.C,phonetic,ear,,,,
4-215-827-1,aheu1239,Ahlao Th,1655,kăʔńip măt,phonetic,blink,,,,
4-214-827-1,aheu1239,Ahlao Th,1540,hăʔsɔ̆k măt,phonetic,eyelash,,,,
4-212-827-1,aheu1239,Ahlao Th,1173,tăʔkhiu̯,phonetic,eyebrow,,,,
4-210-827-1,aheu1239,Ahlao Th,1248,măt,phonetic,eye,,,,
4-208-827-1,aheu1239,Ahlao Th,1730,pɔm.C,phonetic,cheek,,,,
4-209-827-1,aheu1239,Ahlao Th,1510,kɣŋʔ,phonetic,chin,,,,
4-205-827-1,aheu1239,Ahlao Th,123,năʔ dɛn.C,phonetic,forehead,,,,
4-207-827-1,aheu1239,Ahlao Th,798,kaŋ.C kăʔtăj.C,phonetic,jaw,,,,
4-204-827-1,aheu1239,Ahlao Th,1560,măt,phonetic,face,,,,
4-203-827-1,aheu1239,Ahlao Th,1583,cûʔ.B ʔiʔ.B,phonetic,brain,,,,
4-201-827-1,aheu1239,Ahlao Th,1604,khăʔmăt ʔɔk.C,phonetic,"side of head, temple",,,,
4-202-827-1,aheu1239,Ahlao Th,1605,tăʔkok.C ʔɔk.B,phonetic,skull,,,,
4-200-827-1,aheu1239,Ahlao Th,1256,ʔɔk.B,phonetic,head,,,,
4-191-827-1,aheu1239,Ahlao Th,805,tăʔkok.C kɔŋ.C,phonetic,spine,,,,
4-190-827-1,aheu1239,Ahlao Th,1291,kɔŋ.C,phonetic,back,,,,
4-180-827-1,aheu1239,Ahlao Th,1220,toj.C,phonetic,tail,,,,
4-170-827-1,aheu1239,Ahlao Th,1393,tăʔkəi̯ʔ,phonetic,horn,,,,
4-162-827-1,aheu1239,Ahlao Th,801,tăʔkok.C haŋʔ.B,phonetic,rib,,,,
4-160-827-1,aheu1239,Ahlao Th,1394,tăʔkok.C,phonetic,bone,,,,
4-150-827-1,aheu1239,Ahlao Th,946,tăʔmoʔ,phonetic,blood,,,,
4-146-827-1,aheu1239,Ahlao Th,576,kam.C,phonetic,dandruff,,,,
4-144-827-1,aheu1239,Ahlao Th,189,sɔ̆k.B,phonetic,body hair,,,,
4-142-827-1,aheu1239,Ahlao Th,678,săʔbɛ̆k.B,phonetic,beard,,,,
4-140-827-1,aheu1239,Ahlao Th,1040,sɔ̆k.B,phonetic,hair (head),,,,
4-130-827-1,aheu1239,Ahlao Th,2259,hăʔ mɔŋ.B,phonetic,flesh,,,,
4-120-827-1,aheu1239,Ahlao Th,763,khăʔ lot.B,phonetic,"skin, hide",,,,
4-110-827-1,aheu1239,Ahlao Th,1480,to.C,phonetic,body,,,,
3-980-827-1,aheu1239,Ahlao Th,112,hɔ.C,phonetic,turtle,,,,
3-960-827-1,aheu1239,Ahlao Th,632,kăʔnal.C,phonetic,lizard,,,,
3-950-827-1,aheu1239,Ahlao Th,503,kŏɔp,phonetic,frog,,,,
3-940-827-1,aheu1239,Ahlao Th,1543,kăʔcŭh,phonetic,snail,,,,
3-930-827-1,aheu1239,Ahlao Th,607,ńɔi̯h,phonetic,grasshopper,,,,
3-910-827-1,aheu1239,Ahlao Th,206,pĭńpət.B,phonetic,firefly,,,,
3-850-827-1,aheu1239,Ahlao Th,730,lŭk,phonetic,snake,,,,
3-840-827-1,aheu1239,Ahlao Th,1219,lŭk khan.C,phonetic,worm,,,,
3-832-827-1,aheu1239,Ahlao Th,1509,thăʔvoŋ.C,phonetic,mosquito,,,,
3-831-827-1,aheu1239,Ahlao Th,95,tăʔ mun.C,phonetic,"sandfly (midge), gnat",,,,
3-830-827-1,aheu1239,Ahlao Th,1504,khăʔ mɔi̯h,phonetic,fly,,,,
3-830-827-3,aheu1239,Ahlao Th,1504,mɛŋ məih,phonetic,fly,,,,
3-823-827-1,aheu1239,Ahlao Th,1517,ʔəŋ.B,phonetic,wasp,,,,
3-822-827-1,aheu1239,Ahlao Th,88,ʔŭh ku̯ɣʔ.B,phonetic,beehive,,,,
3-821-827-1,aheu1239,Ahlao Th,1931,khăʔ lap.C,phonetic,beeswax,,,,
3-820-827-1,aheu1239,Ahlao Th,665,ku̯ɣʔ,phonetic,bee,,,,
3-819-827-1,aheu1239,Ahlao Th,1065,ńɣʔ.B kuʔ.B,phonetic,spider web,,,,
3-818-827-1,aheu1239,Ahlao Th,843,kenʔ.B kuʔ.B,phonetic,spider,,,,
3-817-827-1,aheu1239,Ahlao Th,587,kenʔ.B,phonetic,ant,,,,
3-816-827-1,aheu1239,Ahlao Th,1575,mɣʔ.B  kăʔsap,phonetic,cockroach,,,,
3-815-827-1,aheu1239,Ahlao Th,1538,mɛŋ ŋɔt.B,phonetic,scorpion,,,,
3-814-827-1,aheu1239,Ahlao Th,1974,kăʔsip.B,phonetic,centipede,,,,
3-813-827-1,aheu1239,Ahlao Th,232,tăʔ mec,phonetic,flea,,,,
3-812-827-1,aheu1239,Ahlao Th,267,tăʔlûl.B kɣʔ.B,phonetic,nit (louse egg),,,,
3-811-827-1,aheu1239,Ahlao Th,1392,kɣʔ.B,phonetic,louse,,,,
3-811-827-2,aheu1239,Ahlao Th,1392,ha hińʔ.B,phonetic,louse,,,,
3-810-827-1,aheu1239,Ahlao Th,620,mɣʔ,phonetic,insect,,,,
3-810-827-3,aheu1239,Ahlao Th,620,mɛŋ thamʔ,phonetic,insect,,,,
3-770-827-1,aheu1239,Ahlao Th,1290,ʔoŋʔ.B,phonetic,elephant,,,,
3-760-827-1,aheu1239,Ahlao Th,1350,doʔ.B,phonetic,monkey,,,,
3-750-827-1,aheu1239,Ahlao Th,1936,kăʔde.B,phonetic,deer,,,,
3-740-827-1,aheu1239,Ahlao Th,1312,tăʔ muŋ.C,phonetic,fox,,,,
3-730-827-1,aheu1239,Ahlao Th,1820,căʔkuʔ.B,phonetic,bear,,,,
3-655-827-1,aheu1239,Ahlao Th,598,khăʔlɔ kăʔcŭh,phonetic,shell,,,,
3-654-827-1,aheu1239,Ahlao Th,1916,mɣk kaʔ.B,phonetic,gill,,,,
3-653-827-1,aheu1239,Ahlao Th,266,kăʔ pɛh kaʔ.B,phonetic,fishscale,,,,
3-652-827-1,aheu1239,Ahlao Th,213,sai̯ kaʔ.B,phonetic,fin (dorsal),,,,
3-650-827-1,aheu1239,Ahlao Th,227,kaʔ.B,phonetic,fish,,,,
3-630-827-1,aheu1239,Ahlao Th,2139,ʔik.B,phonetic,"mouse, rat",,,,
3-620-827-1,aheu1239,Ahlao Th,1208,mɛw.C,phonetic,cat,,,,
3-614-827-1,aheu1239,Ahlao Th,1136,kăʔtaj.C,phonetic,rabbit,,,,
3-610-827-1,aheu1239,Ahlao Th,2009,cəʔ.B,phonetic,dog,,,,
3-594-827-1,aheu1239,Ahlao Th,1853,kăŋ kɛ,phonetic,dove,,,,
3-596-827-1,aheu1239,Ahlao Th,735,păʔ kuʔ.B,phonetic,owl,,,,
3-593-827-1,aheu1239,Ahlao Th,913,khăʔ ʔak,phonetic,crow,,,,
3-592-827-1,aheu1239,Ahlao Th,882,kɛu̯,phonetic,parrot,,,,
3-591-827-1,aheu1239,Ahlao Th,1793,kiw.D kiw.D,phonetic,bat,,,,
3-585-827-1,aheu1239,Ahlao Th,307,hɛŋʔ.B,phonetic,hawk,,,,
3-584-827-1,aheu1239,Ahlao Th,1905,kăʔlaŋ.B,phonetic,eagle,,,,
3-583-827-1,aheu1239,Ahlao Th,758,hăʔ cɔi̯ ńăŋʔ.B,phonetic,heron,,,,
3-581-827-1,aheu1239,Ahlao Th,937,hăʔ cɔi̯,phonetic,bird,,,,
3-580-827-1,aheu1239,Ahlao Th,539,sŭʔ năʔcɔi̯,phonetic,nest,,,,
3-570-827-1,aheu1239,Ahlao Th,1360,ʔăʔtaʔ.C,phonetic,duck,,,,
3-560-827-1,aheu1239,Ahlao Th,1187,han.C,phonetic,goose,,,,
3-540-827-1,aheu1239,Ahlao Th,1514,ka.C mɔʔ,phonetic,hen,,,,
3-520-827-1,aheu1239,Ahlao Th,1511,ka.C ʔok.B,phonetic,"cock, rooster",,,,
3-420-827-1,aheu1239,Ahlao Th,936,maʔ.B thɣ̆k,phonetic,stallion,,,,
3-410-827-1,aheu1239,Ahlao Th,615,maʔ.B,phonetic,horse (equine),,,,
3-360-827-1,aheu1239,Ahlao Th,1502,bɛʔ,phonetic,goat,,,,
3-340-827-1,aheu1239,Ahlao Th,1351,kunʔ mɔʔ,phonetic,sow (2),,,,
3-320-827-1,aheu1239,Ahlao Th,1348,kunʔ thɣ̆k,phonetic,boar,,,,
3-240-827-1,aheu1239,Ahlao Th,1989,ŋuo.C ʔit,phonetic,calf,,,,
3-220-827-1,aheu1239,Ahlao Th,1169,ŋuo.C thɣ̆k,phonetic,ox,,,,
3-210-827-1,aheu1239,Ahlao Th,1008,khuoj.C thɣ̆k,phonetic,bull,,,,
3-190-827-1,aheu1239,Ahlao Th,851,koɔk,phonetic,"stable, stall",,,,
3-130-827-1,aheu1239,Ahlao Th,2262,to kŭnʔ,phonetic,female (adj),,,,
3-120-827-1,aheu1239,Ahlao Th,2261,to mɔʔ,phonetic,male (adj),,,,
2-960-827-1,aheu1239,Ahlao Th,817,kăʔtiŋ.C pɣmʔ.B,phonetic,they,,,,
2-950-827-1,aheu1239,Ahlao Th,1213,kăʔtiŋ.C pɣmʔ.C,phonetic,you (plural),,,,
2-942-827-1,aheu1239,Ahlao Th,1130,kăʔtiŋ.C,phonetic,we (exclusive),,,,
2-930-827-1,aheu1239,Ahlao Th,262,năʔ,phonetic,he/she/it,,,,
2-920-827-1,aheu1239,Ahlao Th,1215,miʔ.B,phonetic,you (singular),,,,
2-910-827-1,aheu1239,Ahlao Th,1209,kăn.B,phonetic,I,,,,
2-820-827-1,aheu1239,Ahlao Th,194,khɔp kuo,phonetic,family,,,,
2-770-827-1,aheu1239,Ahlao Th,1981,mɣʔ păʔ coŋ.B,phonetic,widower,,,,
2-760-827-1,aheu1239,Ahlao Th,1756,ʔä̆ŋ khăʔ mai̯ʔ,phonetic,widow,,,,
2-750-827-1,aheu1239,Ahlao Th,1149,kɔn khămʔ phaʔ,phonetic,orphan,,,,
2-720-827-1,aheu1239,Ahlao Th,236,mɣʔ naʔ.C,phonetic,stepmother,,,,
2-710-827-1,aheu1239,Ahlao Th,237,ʔä̆ŋ naʔ.C,phonetic,stepfather,,,,
2-640-827-1,aheu1239,Ahlao Th,2265,kɔn kăʔ mɛ̆n,phonetic,daughter-in-law (of a man),,,,
2-630-827-1,aheu1239,Ahlao Th,2267,kɔn khɨɣi̯ʔ,phonetic,son-in-law (of a man),,,,
2-611-827-1,aheu1239,Ahlao Th,2254,ʔä̆ŋ thău̯ʔ,phonetic,father-in-law (of a woman),,,,
2-610-827-1,aheu1239,Ahlao Th,2255,ʔä̆ŋ pu,phonetic,father-in-law (of a man),,,,
2-522-827-1,aheu1239,Ahlao Th,170,ku̯aʔ,phonetic,father's sister,,,,
2-521-827-1,aheu1239,Ahlao Th,171,paʔ,phonetic,mother's sister,,,,
2-521-827-2,aheu1239,Ahlao Th,171,naʔ khăʔmai̯ʔ,phonetic,mother's sister,,,,
2-512-827-1,aheu1239,Ahlao Th,1985,lŭŋ,phonetic,father's brother,,,,
2-512-827-2,aheu1239,Ahlao Th,1985,ʔau̯ʔ,phonetic,father's brother,,,,
2-511-827-1,aheu1239,Ahlao Th,1984,lŭŋ,phonetic,mother's brother,,,,
2-511-827-2,aheu1239,Ahlao Th,1984,naʔ bau̯,phonetic,mother's brother,,,,
2-480-827-1,aheu1239,Ahlao Th,1618,coʔ phăʔzɔ̆ŋ,phonetic,grandson,,,,
2-471-827-1,aheu1239,Ahlao Th,907,kŏn kɣʔ thău̯ʔ,phonetic,old woman,,,,
2-470-827-1,aheu1239,Ahlao Th,1496,mɣʔ ńa,phonetic,grandmother,,,,
2-470-827-2,aheu1239,Ahlao Th,1496,mɣʔ thău̯ʔ,phonetic,grandmother,,,,
2-461-827-1,aheu1239,Ahlao Th,406,kŏn,phonetic,old man,,,,
2-460-827-1,aheu1239,Ahlao Th,1383,ʔä̆ŋ.B,phonetic,grandfather,,,,
2-460-827-2,aheu1239,Ahlao Th,1383,ʔä̆ŋ.B pu,phonetic,grandfather,,,,
2-460-827-3,aheu1239,Ahlao Th,1383,ʔä̆ŋ.B thău̯ʔ.B,phonetic,grandfather,,,,
2-458-827-1,aheu1239,Ahlao Th,1005,kɔn khăm phɛt.C,phonetic,twins,,,,
2-456-827-1,aheu1239,Ahlao Th,1640,ʔɣi̯ʔ.B sam.C khiŋ,phonetic,sibling,,,,
2-455-827-1,aheu1239,Ahlao Th,1761,sam.C khăʔmai̯ʔ.B,phonetic,younger sister,,,,
2-454-827-1,aheu1239,Ahlao Th,1758,ʔɣj.B,phonetic,older sister,,,,
2-445-827-1,aheu1239,Ahlao Th,1760,sam.C păʔzɔ̆ŋ,phonetic,younger brother,,,,
2-444-827-1,aheu1239,Ahlao Th,1759,ʔai̯,phonetic,older brother,,,,
2-350-827-1,aheu1239,Ahlao Th,1217,ʔä̆ŋ.B,phonetic,father,,,,
2-341-827-1,aheu1239,Ahlao Th,1134,păʔlɣh.B,phonetic,divorce,,,,
2-330-827-1,aheu1239,Ahlao Th,203,nŏmʔ.B păʔkɣʔ.B,phonetic,marry,,,,
2-330-827-2,aheu1239,Ahlao Th,203,nŏmʔ.B păʔ coŋ.B,phonetic,marry,,,,
2-320-827-1,aheu1239,Ahlao Th,1199,păʔ kɣʔ.B,phonetic,wife,,,,
2-310-827-1,aheu1239,Ahlao Th,1200,păʔ coŋ.B,phonetic,husband,,,,
2-280-827-1,aheu1239,Ahlao Th,1289,kɔn tɔh.B,phonetic,"infant, baby",,,,
2-270-827-1,aheu1239,Ahlao Th,1304,kɔn,phonetic,child,,,,
2-261-827-1,aheu1239,Ahlao Th,77,khăʔmai̯ʔ.B,phonetic,young woman (adolescent),,,,
2-251-827-1,aheu1239,Ahlao Th,76,phăʔzɔ̆ŋ.B,phonetic,young man (adolescent),,,,
2-240-827-1,aheu1239,Ahlao Th,1551,kɔn khămai̯ʔ.B,phonetic,female,,,,
2-230-827-1,aheu1239,Ahlao Th,1553,kɔn phăzɔ̆ŋ.B,phonetic,male,,,,
2-220-827-1,aheu1239,Ahlao Th,962,kŏn kɣʔ.B,phonetic,woman,,,,
2-210-827-1,aheu1239,Ahlao Th,1554,kŏn.B cŏŋ.B,phonetic,man (vs. woman),,,,
2-100-827-1,aheu1239,Ahlao Th,683,kŏn.B,phonetic,"person, human being",,,,
1-890-827-1,aheu1239,Ahlao Th,1188,kăcăŋ kuih.B,phonetic,charcoal,,,,
1-880-827-1,aheu1239,Ahlao Th,10,kuih.B,phonetic,firewood,,,,
1-861-827-1,aheu1239,Ahlao Th,127,pasăt kuih.B,phonetic,extinguish,,,,
1-860-827-1,aheu1239,Ahlao Th,737,thonʔ.B kuih.B,phonetic,"light, kindle, ignite",,,,
1-852-827-1,aheu1239,Ahlao Th,1428,căl,phonetic,burn (vb intrans),,,,
1-851-827-1,aheu1239,Ahlao Th,141,tût.B kuih.B,phonetic,burn (vb trans),,,,
1-841-827-1,aheu1239,Ahlao Th,67,than.C kuih.B,phonetic,embers,,,,
1-840-827-1,aheu1239,Ahlao Th,646,bun.B,phonetic,ashes,,,,
1-830-827-1,aheu1239,Ahlao Th,778,kăhɔi̯ʔ.B kuih.B,phonetic,smoke (noun),,,,
1-820-827-1,aheu1239,Ahlao Th,889,pɛu̯ kuih.B,phonetic,flame (noun),,,,
1-810-827-1,aheu1239,Ahlao Th,221,kuih.B,phonetic,fire,,,,
1-750-827-1,aheu1239,Ahlao Th,658,măloj.C,phonetic,rain (noun),,,,
1-740-827-1,aheu1239,Ahlao Th,249,talŭk.B kacaʔ.B,phonetic,fog,,,,
1-720-827-1,aheu1239,Ahlao Th,960,kăzuʔ.B,phonetic,wind,,,,
1-730-827-1,aheu1239,Ahlao Th,1489,mek.B,phonetic,cloud,,,,
1-640-827-1,aheu1239,Ahlao Th,1977,dak tăʔlŭk,phonetic,dew,,,,
1-630-827-1,aheu1239,Ahlao Th,1388,hŭm thăŋ,phonetic,"shade, shadow",,,,
1-620-827-1,aheu1239,Ahlao Th,11,hăʔ hom.C,phonetic,darkness,,,,
1-580-827-1,aheu1239,Ahlao Th,858,kăʔzuʔ.B hɛŋ.B,phonetic,storm,,,,
1-560-827-1,aheu1239,Ahlao Th,1150,hăʔ kĭn.B măʔloj.C,phonetic,thunder,,,,
1-550-827-1,aheu1239,Ahlao Th,1654,hăʔ cop.C măʔloj.C,phonetic,lightning,,,,
1-540-827-1,aheu1239,Ahlao Th,1430,hăʔ kɔnʔ,phonetic,star,,,,
1-530-827-1,aheu1239,Ahlao Th,1313,păʔloŋ.C,phonetic,moon,,,,
1-520-827-1,aheu1239,Ahlao Th,1343,măt.B khăʔlaŋ.C,phonetic,sun,,,,
1-510-827-1,aheu1239,Ahlao Th,1732,păʔ thɛn.C,phonetic,sky,,,,
1-430-827-1,aheu1239,Ahlao Th,1803,thăŋ,phonetic,wood,,,,
1-410-827-1,aheu1239,Ahlao Th,420,khlɣ̆ŋ thăŋ,phonetic,"woods, forest",,,,
1-390-827-1,aheu1239,Ahlao Th,943,dăk sot.C tak.C,phonetic,waterfall,,,,
1-380-827-1,aheu1239,Ahlao Th,1145,cɣ̆m,phonetic,swamp,,,,
1-370-827-1,aheu1239,Ahlao Th,2144,dak.C bɔ,phonetic,"spring, well",,,,
1-362-827-1,aheu1239,Ahlao Th,1982,dak.C pin,phonetic,whirlpool,,,,
1-360-827-1,aheu1239,Ahlao Th,666,mɣ̆ʔ dak.C,phonetic,"river, stream, brook",,,,
1-360-827-2,aheu1239,Ahlao Th,666,căʔ lɔk.C dak.C,phonetic,"river, stream, brook",,,,
1-324-827-1,aheu1239,Ahlao Th,1768,kon kon dak.C,phonetic,foam,,,,
1-310-827-1,aheu1239,Ahlao Th,948,dak.C,phonetic,water,,,,
1-280-827-1,aheu1239,Ahlao Th,1155,thămʔ.B,phonetic,cave,,,,
1-270-827-1,aheu1239,Ahlao Th,113,hăʔ kem dak,phonetic,shore,,,,
1-240-827-1,aheu1239,Ahlao Th,921,hom ʔălɔŋ,phonetic,valley,,,,
1-230-827-1,aheu1239,Ahlao Th,652,thoŋ phiəŋ,phonetic,"plain, field",,,,
1-222-827-1,aheu1239,Ahlao Th,618,heu̯,phonetic,"cliff, precipice",,,,
1-220-827-1,aheu1239,Ahlao Th,2118,hăʔlɔŋ.C,phonetic,"mountain, hill",,,,
1-220-827-2,aheu1239,Ahlao Th,2118,phon,phonetic,"mountain, hill",,,,
1-214-827-1,aheu1239,Ahlao Th,640,tăʔbuʔ.B,phonetic,mud,,,,
1-215-827-1,aheu1239,Ahlao Th,671,thɛh.B,phonetic,sand,,,,
1-213-827-1,aheu1239,Ahlao Th,2,khj.33,phonetic,dust,,,,
1-212-827-1,aheu1239,Ahlao Th,1228,ʔatăk.24,phonetic,"earth=ground, soil",,,,
14-332-827-1,aheu1239,Ahlao Th,418,hăʔlot.B,phonetic,long-time (for a),,,,
14-350-827-1,aheu1239,Ahlao Th,204,ʔik.B,phonetic,again,,,,
14-410-827-1,aheu1239,Ahlao Th,1225,mɨʔ.B,phonetic,day,,,,
14-420-827-1,aheu1239,Ahlao Th,1233,hăʔmăh,phonetic,night,,,,
14-430-827-1,aheu1239,Ahlao Th,729,kɣʔ.B cɛŋʔ.B,phonetic,dawn,,,,
14-440-827-1,aheu1239,Ahlao Th,1339,tɛ.C dɣ̆k.B,phonetic,morning,,,,
14-470-827-1,aheu1239,Ahlao Th,1283,khw.F lj.C,phonetic,today,,,,
14-480-827-1,aheu1239,Ahlao Th,1329,hăʔ ziu̯,phonetic,tomorrow,,,,
14-481-827-1,aheu1239,Ahlao Th,1179,hăʔ moc,phonetic,day-after-tomorrow,,,,
14-490-827-1,aheu1239,Ahlao Th,1174,kăʔ ńɔʔ.B,phonetic,yesterday,,,,
14-710-827-1,aheu1239,Ahlao Th,1370,thaŋʔ,phonetic,month,,,,
14-730-827-1,aheu1239,Ahlao Th,1226,cɔ̆m,phonetic,year,,,,
14-740-827-1,aheu1239,Ahlao Th,1471,ńăm ŋɔnʔ.B,phonetic,winter,,,,
14-750-827-1,aheu1239,Ahlao Th,1537,cɔ̆mʔ  tăʔmaʔ.B,phonetic,spring,,,,
14-760-827-1,aheu1239,Ahlao Th,1342,ńamʔ.C phăʔdä̆ŋʔ.B,phonetic,summer,,,,
14-770-827-1,aheu1239,Ahlao Th,1276,săʔlaʔ.C,phonetic,autumn,,,,
14-780-827-1,aheu1239,Ahlao Th,691,ńamʔ.C,phonetic,season,,,,
15-212-827-1,aheu1239,Ahlao Th,375,hoɔŋʔ.B,phonetic,sniff,,,,
15-250-827-1,aheu1239,Ahlao Th,376,hăʔhɔmʔ.B,phonetic,"fragrant, good smelling",,,,
15-260-827-1,aheu1239,Ahlao Th,42,hoj.F,phonetic,"stinking, bad smelling",,,,
15-350-827-1,aheu1239,Ahlao Th,717,ŋɔc,phonetic,sweet,,,,
15-360-827-1,aheu1239,Ahlao Th,1091,tăŋʔ.B pɔi̯ʔ.B,phonetic,salty,,,,
15-370-827-1,aheu1239,Ahlao Th,887,tăŋʔ.B,phonetic,bitter,,,,
15-380-827-1,aheu1239,Ahlao Th,1906,cuʔ.B,phonetic,"acid, sour",,,,
15-410-827-1,aheu1239,Ahlao Th,1408,ʔăʔpɣ̆ŋʔ,phonetic,hear,,,,
15-420-827-1,aheu1239,Ahlao Th,1608,tăʔmɣ̆ŋ,phonetic,listen,,,,
15-440-827-1,aheu1239,Ahlao Th,1811,sɛŋ.F,phonetic,"sound, noise",,,,
15-450-827-1,aheu1239,Ahlao Th,377,hen.C,phonetic,loud,,,,
15-460-827-1,aheu1239,Ahlao Th,1314,koi̯,phonetic,"quiet, silence",,,,
15-510-827-1,aheu1239,Ahlao Th,1409,năh,phonetic,see,,,,
15-520-827-1,aheu1239,Ahlao Th,1819,bɣ̆ŋ.C,phonetic,"look, look at",,,,
15-560-827-1,aheu1239,Ahlao Th,708,ńɨ̆ŋʔ.B kuih,phonetic,shine,,,,
15-570-827-1,aheu1239,Ahlao Th,679,căʔbat.F măt,phonetic,bright,,,,
15-610-827-1,aheu1239,Ahlao Th,1613,sj.C,phonetic,color,,,,
15-620-827-1,aheu1239,Ahlao Th,250,sj.C măʔlak.C,phonetic,light (in color),,,,
15-630-827-1,aheu1239,Ahlao Th,706,sj.C khem,phonetic,dark (in color),,,,
15-640-827-1,aheu1239,Ahlao Th,1335,sj.C loɔk,phonetic,white,,,,
15-650-827-1,aheu1239,Ahlao Th,163,sj.C ńŭmʔ.B,phonetic,black,,,,
15-660-827-1,aheu1239,Ahlao Th,156,tɔ̆h.B,phonetic,red,,,,
15-670-827-1,aheu1239,Ahlao Th,837,săʔlɛu̯ʔ.B,phonetic,blue,,,,
15-690-827-1,aheu1239,Ahlao Th,1424,cal.C,phonetic,yellow,,,,
15-710-827-1,aheu1239,Ahlao Th,1892,hăʔlop.F,phonetic,touch,,,,
15-712-827-1,aheu1239,Ahlao Th,378,bit.B,phonetic,pinch,,,,
15-720-827-1,aheu1239,Ahlao Th,1079,huʔ.B mɨɣ,phonetic,feel,,,,
15-740-827-1,aheu1239,Ahlao Th,1884,zak.F,phonetic,hard,,,,
15-760-827-1,aheu1239,Ahlao Th,1923,ʔɣ̆nʔ.B zonʔ.B,phonetic,rough,,,,
15-770-827-1,aheu1239,Ahlao Th,1234,hăʔdiʔ.B kŏh.B,phonetic,smooth,,,,
15-780-827-1,aheu1239,Ahlao Th,1396,khɔ̆ʔ.B lɔn.F,phonetic,sharp,,,,
15-790-827-1,aheu1239,Ahlao Th,379,ʔɔ̆h.B lɔn.C,phonetic,"blunt, dull",,,,
15-810-827-1,aheu1239,Ahlao Th,1210,năŋʔ.B,phonetic,heavy,,,,
15-820-827-1,aheu1239,Ahlao Th,1052,ŋɛlʔ.B,phonetic,light (in weight),,,,
15-830-827-1,aheu1239,Ahlao Th,1726,sŭm,phonetic,"wet, damp",,,,
15-840-827-1,aheu1239,Ahlao Th,1398,hɔ̆h.B,phonetic,dry,,,,
15-840-827-2,aheu1239,Ahlao Th,1398,ńam.C lɛŋʔ,phonetic,dry,,,,
15-850-827-1,aheu1239,Ahlao Th,1286,phăʔdɔ̆ŋʔ.B,phonetic,hot,,,,
15-851-827-1,aheu1239,Ahlao Th,1232,tiń.F,phonetic,warm,,,,
15-860-827-1,aheu1239,Ahlao Th,1287,săʔlăŋ.B,phonetic,cold,,,,
15-870-827-1,aheu1239,Ahlao Th,704,săʔʔat.C,phonetic,clean,,,,
15-880-827-1,aheu1239,Ahlao Th,1230,pɨɣn,phonetic,"dirty, soiled",,,,
16-110-827-1,aheu1239,Ahlao Th,53,hăʔvai̯ʔ,phonetic,"soul, spirit",,,,
16-230-827-1,aheu1239,Ahlao Th,1495,mən sɨn,phonetic,"joyful, glad, happy",,,,
16-250-827-1,aheu1239,Ahlao Th,1355,khăʔ măih.B,phonetic,laugh,,,,
16-260-827-1,aheu1239,Ahlao Th,1413,khăʔʔɣi̯ʔ.B,phonetic,play,,,,
16-270-827-1,aheu1239,Ahlao Th,923,măk.B,phonetic,love,,,,
16-290-827-1,aheu1239,Ahlao Th,578,cuʔ pɔŋ.C,phonetic,kiss,,,,
16-300-827-1,aheu1239,Ahlao Th,928,ʔû̆mʔ,phonetic,embrace,,,,
16-310-827-1,aheu1239,Ahlao Th,1783,tw.C,phonetic,pain,,,,
16-320-827-1,aheu1239,Ahlao Th,1668,hăʔŋŭh.B,phonetic,"grief, sorrow, sadness",,,,
16-330-827-1,aheu1239,Ahlao Th,1000,lɛ̆h huoŋ năm,phonetic,"anxiety, worry",,,,
16-340-827-1,aheu1239,Ahlao Th,1875,hăʔńuʔ.B,phonetic,"regret, be sorry",,,,
16-370-827-1,aheu1239,Ahlao Th,1839,hăʔhimʔ.B,phonetic,"cry, weep",,,,
16-380-827-1,aheu1239,Ahlao Th,1651,dak.C măt,phonetic,tear (noun),,,,
16-390-827-1,aheu1239,Ahlao Th,716,hăʔhoŋʔ.B,phonetic,groan,,,,
16-410-827-1,aheu1239,Ahlao Th,1607,cɣ̆ŋ.C,phonetic,hate,,,,
16-420-827-1,aheu1239,Ahlao Th,82,khiət,phonetic,anger,,,,
16-440-827-1,aheu1239,Ahlao Th,40,hu̯aŋ hɛn,phonetic,"envy, jealousy",,,,
16-450-827-1,aheu1239,Ahlao Th,1776,bai̯ʔ.B,phonetic,shame (noun),,,,
16-510-827-1,aheu1239,Ahlao Th,1779,kăʔmɛʔ.B,phonetic,dare,,,,
16-530-827-1,aheu1239,Ahlao Th,781,zanʔ.C,phonetic,"fear, fright",,,,
16-620-827-1,aheu1239,Ahlao Th,1784,zak.F,phonetic,"desire, want",,,,
16-622-827-1,aheu1239,Ahlao Th,1750,hăʔlɨɣk,phonetic,choose,,,,
16-630-827-1,aheu1239,Ahlao Th,1092,khɔŋ hăʔ mɨ̆ŋ,phonetic,hope,,,,
16-660-827-1,aheu1239,Ahlao Th,1657,tɛ̆t.B,phonetic,true,,,,
16-670-827-1,aheu1239,Ahlao Th,601,kăʔdɛk,phonetic,"lie, tell lies",,,,
16-690-827-1,aheu1239,Ahlao Th,1528,ʔăp.B phɣ̆i̯ ʔut.F,phonetic,forgive,,,,
16-710-827-1,aheu1239,Ahlao Th,1035,khăk,phonetic,good,,,,
16-720-827-1,aheu1239,Ahlao Th,1292,căʔkɛk.C,phonetic,bad,,,,
16-740-827-1,aheu1239,Ahlao Th,1390,ʔɔ̆h.B tɛ̆t.B,phonetic,wrong,,,,
16-780-827-1,aheu1239,Ahlao Th,381,tiʔ.B,phonetic,blame,,,,
16-790-827-1,aheu1239,Ahlao Th,1687,ńəŋ.B ńɔʔ.B,phonetic,praise,,,,
16-810-827-1,aheu1239,Ahlao Th,1427,ŋam.F,phonetic,beautiful,,,,
16-820-827-1,aheu1239,Ahlao Th,1548,căʔkɛk.C,phonetic,ugly,,,,
16-840-827-1,aheu1239,Ahlao Th,1310,hûʔ.B kŏh.B,phonetic,clever,,,,
17-130-827-1,aheu1239,Ahlao Th,1415,khɨt ʔɔ̆h lŏh,phonetic,think (= reflect),,,,
17-150-827-1,aheu1239,Ahlao Th,1890,sɨɣ ńim.F,phonetic,believe,,,,
17-160-827-1,aheu1239,Ahlao Th,1536,lən.C ńim.C,phonetic,understand,,,,
17-172-827-1,aheu1239,Ahlao Th,117,hăʔhiən mû,phonetic,imitate,,,,
17-220-827-1,aheu1239,Ahlao Th,1518,caʔ.B ńû.B,phonetic,"foolish, stupid",,,,
17-240-827-1,aheu1239,Ahlao Th,504,hăʔhiən,phonetic,learn,,,,
17-250-827-1,aheu1239,Ahlao Th,709,păʔtoj.C,phonetic,teach,,,,
17-310-827-1,aheu1239,Ahlao Th,707,cɣ,phonetic,remember,,,,
17-320-827-1,aheu1239,Ahlao Th,1523,su̯aŋ.F,phonetic,forget,,,,
17-380-827-1,aheu1239,Ahlao Th,1626,păʔtoj.F,phonetic,explain,,,,
17-430-827-1,aheu1239,Ahlao Th,1308,səŋ săj.C,phonetic,doubt,,,,
17-450-827-1,aheu1239,Ahlao Th,643,căm pĕn tɔŋ tj.C,phonetic,"need, necessity",,,,
17-460-827-1,aheu1239,Ahlao Th,686,hăʔhiən ŋai̯,phonetic,easy,,,,
17-470-827-1,aheu1239,Ahlao Th,584,zak.C caʔ.C,phonetic,difficult,,,,
17-480-827-1,aheu1239,Ahlao Th,1812,ʔɔ̆t.B,phonetic,"try, attempt",,,,
17-510-827-1,aheu1239,Ahlao Th,1577,lɛʔ.B,phonetic,and,,,,
17-550-827-1,aheu1239,Ahlao Th,1268,ʔɣz.B,phonetic,"yes, affirmative",,,,
17-560-827-1,aheu1239,Ahlao Th,1269,kɔn kĭh.B,phonetic,"no, negative",,,,
17-560-827-2,aheu1239,Ahlao Th,1269,ʔɔ̆h.B,phonetic,"no, negative",,,,
17-610-827-1,aheu1239,Ahlao Th,1239,mɛʔ khɨ zoʔ,phonetic,how?,,,,
17-620-827-1,aheu1239,Ahlao Th,822,pɛ̆nʔ.B ńăk,phonetic,how many?,,,,
17-640-827-1,aheu1239,Ahlao Th,1236,hăʔhɣʔ.B,phonetic,what?,,,,
17-650-827-1,aheu1239,Ahlao Th,1238,mɨʔ.B zo,phonetic,when?,,,,
17-660-827-1,aheu1239,Ahlao Th,1237,nəi̯ʔ.B ʔiʔ zo,phonetic,where?,,,,
17-670-827-1,aheu1239,Ahlao Th,727,nɔ.B,phonetic,which?,,,,
17-680-827-1,aheu1239,Ahlao Th,1235,nɔ.B lai̯ʔ,phonetic,who?,,,,
17-690-827-1,aheu1239,Ahlao Th,1270,lɛ̆h hăʔhɣʔ,phonetic,why?,,,,
18-110-827-1,aheu1239,Ahlao Th,1363,siəŋʔ,phonetic,voice,,,,
18-120-827-1,aheu1239,Ahlao Th,1261,loɔŋʔ pheŋ,phonetic,sing,,,,
18-130-827-1,aheu1239,Ahlao Th,715,ʔɣnʔ.B,phonetic,"shout, cry out",,,,
18-150-827-1,aheu1239,Ahlao Th,55,kăʔhau̯ʔ.B,phonetic,whisper,,,,
18-170-827-1,aheu1239,Ahlao Th,1025,khăʔzulʔ.B,phonetic,whistle,,,,
18-180-827-1,aheu1239,Ahlao Th,298,tăʔhɛk.B,phonetic,"shriek, screech",,,,
18-190-827-1,aheu1239,Ahlao Th,526,vûnʔ.B,phonetic,howl,,,,
18-210-827-1,aheu1239,Ahlao Th,1623,lŏmʔ diəu̯,phonetic,"speak, talk",,,,
18-220-827-1,aheu1239,Ahlao Th,1458,vău̯ʔ.B,phonetic,say,,,,
18-221-827-1,aheu1239,Ahlao Th,1711,-666,phonetic,tell story,,,,
18-230-827-1,aheu1239,Ahlao Th,48,mŭt ńiəp tăʔmɣ̆ŋ,phonetic,silent (be),,,,
18-280-827-1,aheu1239,Ahlao Th,1405,sɨ kăn,phonetic,name,,,,
18-310-827-1,aheu1239,Ahlao Th,1309,ham.C,phonetic,"ask (question, inquire)",,,,
18-320-827-1,aheu1239,Ahlao Th,1275,tɔp,phonetic,answer,,,,
18-330-827-1,aheu1239,Ahlao Th,2022,hăp nŭmʔ.C,phonetic,"admit, confess",,,,
18-350-827-1,aheu1239,Ahlao Th,1828,loʔ.B,phonetic,"ask, request",,,,
18-360-827-1,aheu1239,Ahlao Th,1675,san ńa,phonetic,promise,,,,
18-380-827-1,aheu1239,Ahlao Th,83,hu̯aŋ.C / ham hɨoŋ,phonetic,forbid,,,,
18-390-827-1,aheu1239,Ahlao Th,299,hai̯ʔ.F,phonetic,"rebuke, scold",,,,
18-440-827-1,aheu1239,Ahlao Th,1192,nap khu,phonetic,threaten,,,,
18-510-827-1,aheu1239,Ahlao Th,1672,khiən,phonetic,write,,,,
18-520-827-1,aheu1239,Ahlao Th,724,ʔan.F,phonetic,read,,,,
18-560-827-1,aheu1239,Ahlao Th,648,ciaʔ,phonetic,paper,,,,
18-710-827-1,aheu1239,Ahlao Th,777,put.B pi,phonetic,flute,,,,
18-720-827-1,aheu1239,Ahlao Th,908,kɔŋ.C,phonetic,drum,,,,
18-730-827-1,aheu1239,Ahlao Th,2136,khɛn.F,phonetic,"horn, trumpet",,,,
19-160-827-1,aheu1239,Ahlao Th,930,ban.F,phonetic,village,,,,
19-430-827-1,aheu1239,Ahlao Th,255,kŏn sɣʔ.B,phonetic,servant,,,,
19-510-827-1,aheu1239,Ahlao Th,1325,mûʔ.B pen,phonetic,"friend, companion",,,,
19-520-827-1,aheu1239,Ahlao Th,1358,săk tw.C,phonetic,enemy,,,,
19-540-827-1,aheu1239,Ahlao Th,1332,sɨɣʔ saj.F / ʔŭh kɣʔ diəu̯,phonetic,neighbor,,,,
19-560-827-1,aheu1239,Ahlao Th,1782,khɛk,phonetic,guest,,,,
19-580-827-1,aheu1239,Ahlao Th,1897,soj.C lɨɣ,phonetic,"help, aid",,,,
19-620-827-1,aheu1239,Ahlao Th,1848,phɛk.B căk,phonetic,"strife, quarrel",,,,
19-650-827-1,aheu1239,Ahlao Th,1831,tɔnʔ,phonetic,meet,,,,
20-240-827-1,aheu1239,Ahlao Th,994,săʔnăʔ.B / săʔnăʔ.B thanu,phonetic,bow,,,,
20-250-827-1,aheu1239,Ahlao Th,977,kɔn.C săʔnăʔ.B,phonetic,arrow,,,,
20-260-827-1,aheu1239,Ahlao Th,945,loɔnʔ.B tŭm,phonetic,spear,,,,
20-270-827-1,aheu1239,Ahlao Th,1535,ŋau̯ʔ,phonetic,sword,,,,
20-280-827-1,aheu1239,Ahlao Th,1566,săʔnat.C pińʔ.B,phonetic,"gun, cannon",,,,
20-410-827-1,aheu1239,Ahlao Th,783,pɔ̆h.B peʔ.B,phonetic,victory,,,,
20-420-827-1,aheu1239,Ahlao Th,782,ʔɔ̆h.B peʔ.B,phonetic,defeat,,,,
20-470-827-1,aheu1239,Ahlao Th,1072,năk thot,phonetic,"captive, prisoner",,,,
20-520-827-1,aheu1239,Ahlao Th,1074,phăʔlɛʔ.B ʔaʔtɣ̆k,phonetic,fishhook,,,,
20-530-827-1,aheu1239,Ahlao Th,19,hăʔtăl / sai̯ / thăʔlɛʔ.B,phonetic,fishing line,,,,
20-540-827-1,aheu1239,Ahlao Th,388,məŋʔ.B,phonetic,fishnet,,,,
20-560-827-1,aheu1239,Ahlao Th,2013,ńɨɣ,phonetic,bait,,,,
20-610-827-1,aheu1239,Ahlao Th,1435,tj.C la.C nɨɣʔ,phonetic,hunt,,,,
20-620-827-1,aheu1239,Ahlao Th,1172,pĭńʔ.B,phonetic,shoot,,,,
20-630-827-1,aheu1239,Ahlao Th,161,pĭńʔ.B phăʔlic.B,phonetic,miss (target),,,,
20-640-827-1,aheu1239,Ahlao Th,1075,mɛ hɛu̯ʔ.B,phonetic,trap (noun),,,,
21-240-827-1,aheu1239,Ahlao Th,1939,sa.C ban.C,phonetic,swear,,,,
21-370-827-1,aheu1239,Ahlao Th,390,tăʔmat.F,phonetic,"penalty, punishment",,,,
21-430-827-1,aheu1239,Ahlao Th,902,khăʔ ʔɣi̯ʔ.B suʔ.C,phonetic,adultery,,,,
21-440-827-1,aheu1239,Ahlao Th,953,hăʔpɣ̆t.B,phonetic,rape,,,,
21-510-827-1,aheu1239,Ahlao Th,713,lŏmʔ.B,phonetic,steal,,,,
21-520-827-1,aheu1239,Ahlao Th,1160,pŭnʔ.B,phonetic,thief,,,,
22-140-827-1,aheu1239,Ahlao Th,853,0Шž  :ɛ,phonetic,altar,,,,
22-160-827-1,aheu1239,Ahlao Th,257,nɔt.B văj.C săʔma.F,phonetic,worship,,,,
22-430-827-1,aheu1239,Ahlao Th,2137,cău̯ʔ căm săʔma.C,phonetic,"sorcerer, witch",,,,
22-450-827-1,aheu1239,Ahlao Th,1175,săʔma.C,phonetic,"ghost, phantom",,,,
