ID,Language_ID,Language_name,Parameter_ID,Value,Transcription,Concept,Source,Comment,AlternativeValue,AlternativeTranscription
14-320-814-1,mlab1235,Mlabri,1852,tut tɔ,phonetic,often,,,,
14-310-814-1,mlab1235,Mlabri,1676,tut tɔ,phonetic,always,,,,
14-290-814-1,mlab1235,Mlabri,790,pan gɔ,phonetic,ready,,,,
14-280-814-1,mlab1235,Mlabri,1928,rət,phonetic,"cease, stop",,,,
14-270-814-1,mlab1235,Mlabri,1766,ʔa lat,phonetic,finish,,,,
14-260-814-1,mlab1235,Mlabri,743,pa tok,phonetic,end (temporal),,,,
14-252-814-1,mlab1235,Mlabri,1186,ʒual,phonetic,"last, endure",,,,
14-250-814-1,mlab1235,Mlabri,1806,si,phonetic,"begin, beginning",,,,
14-240-814-1,mlab1235,Mlabri,425,buʔ,phonetic,"retard, delay",,,,
14-230-814-1,mlab1235,Mlabri,754,gɨr,phonetic,"hasten, hurry",,,,
14-220-814-1,mlab1235,Mlabri,701,buʔ,phonetic,slow,,,,
14-210-814-1,mlab1235,Mlabri,1631,gɛt,phonetic,"swift, fast, quick",,,,
14-190-814-1,mlab1235,Mlabri,1963,gut gɔ,phonetic,immediately,,,,
14-180-814-1,mlab1235,Mlabri,1376,gut gɔ,phonetic,now,,,,
14-170-814-1,mlab1235,Mlabri,477,baj ki,phonetic,late,,,,
14-160-814-1,mlab1235,Mlabri,672,tak ki,phonetic,early,,,,
14-150-814-1,mlab1235,Mlabri,1229,sak kam ruj,phonetic,old,,,,
14-140-814-1,mlab1235,Mlabri,1207,ku hɨn rə,phonetic,young,,,,
14-130-814-1,mlab1235,Mlabri,1231,mhɛʔ,phonetic,new,,,,
13-440-814-1,mlab1235,Mlabri,417,sam thɨ,phonetic,three times,,,,
13-420-814-1,mlab1235,Mlabri,1859,ti krəŋ,phonetic,third,,,,
13-380-814-1,mlab1235,Mlabri,1546,sɔŋ thɨ,phonetic,two times,,,,
13-370-814-1,mlab1235,Mlabri,1888,bɛr,phonetic,pair,,,,
13-360-814-1,mlab1235,Mlabri,1384,ti krəŋ,phonetic,second,,,,
13-350-814-1,mlab1235,Mlabri,1529,lɨŋ gɔt,phonetic,last,,,,
13-340-814-1,mlab1235,Mlabri,728,lɨŋ kal,phonetic,first,,,,
13-330-814-1,mlab1235,Mlabri,1580,do ma ʒɨ,phonetic,"alone, only",,,,
13-240-814-1,mlab1235,Mlabri,816,krəŋ,phonetic,half,,,,
13-230-814-1,mlab1235,Mlabri,779,bɛŋ,phonetic,"part, piece",,,,
13-220-814-1,mlab1235,Mlabri,1624,lha:k,phonetic,empty,,,,
13-210-814-1,mlab1235,Mlabri,1429,puak,phonetic,full,,,,
13-190-814-1,mlab1235,Mlabri,2023,mhu,phonetic,"multitude, crowd",,,,
13-181-814-1,mlab1235,Mlabri,1241,ʔa du pə,phonetic,some,,,,
13-170-814-1,mlab1235,Mlabri,1242,ki sɛ:,phonetic,"little (quantity), few",,,,
13-180-814-1,mlab1235,Mlabri,1881,ʔa ku,phonetic,enough,,,,
13-160-814-1,mlab1235,Mlabri,1992,sɛʔ raj,phonetic,more,,,,
13-150-814-1,mlab1235,Mlabri,1198,sɛ,phonetic,"much, many",,,,
13-140-814-1,mlab1235,Mlabri,98,pa tok,phonetic,"every, all",,,,
13-107-814-1,mlab1235,Mlabri,1420,nap,phonetic,count,,< T,,
13-106-814-1,mlab1235,Mlabri,1843,phan,phonetic,thousand,,< T,,
13-105-814-1,mlab1235,Mlabri,1634,rɔj,phonetic,hundred,,< T,,
13-104-814-1,mlab1235,Mlabri,1710,saw,phonetic,twenty,,< T,,
13-103-814-1,mlab1235,Mlabri,1709,gal thʌŋ,phonetic,fifteen,,,,
13-102-814-1,mlab1235,Mlabri,1707,gal bɛr,phonetic,twelve,,,,
13-101-814-1,mlab1235,Mlabri,1706,gal mɔj,phonetic,eleven,,,,
13-100-814-1,mlab1235,Mlabri,1515,gal,phonetic,ten,,,,
12-920-814-1,mlab1235,Mlabri,1558,jʌk,phonetic,"like, similar",,,,
12-840-814-1,mlab1235,Mlabri,1048,tar,phonetic,line,,,,
12-850-814-1,mlab1235,Mlabri,1667,kur ʔuŋ,phonetic,hole,,,,
12-810-814-1,mlab1235,Mlabri,1395,klom,phonetic,round,,< T,,
12-760-814-1,mlab1235,Mlabri,192,bɨr jɨŋ,phonetic,corner,,,,
12-750-814-1,mlab1235,Mlabri,1071,kur nɔ,phonetic,hook,,,,
12-740-814-1,mlab1235,Mlabri,297,khoŋ,phonetic,crooked,,,,
12-730-814-1,mlab1235,Mlabri,1404,lu saw,phonetic,straight,,,,
12-710-814-1,mlab1235,Mlabri,1633,tha lu,phonetic,flat,,,,
12-680-814-1,mlab1235,Mlabri,193,lɔk gɛ,phonetic,shallow,,,,
12-670-814-1,mlab1235,Mlabri,1593,cru,phonetic,deep,,,,
12-650-814-1,mlab1235,Mlabri,2249,hɨn da,phonetic,thin (in dimension),,,,
12-630-814-1,mlab1235,Mlabri,1244,bʌn,phonetic,thick (in dimension),,,,
12-620-814-1,mlab1235,Mlabri,1267,thɨr nhʌp,phonetic,narrow,,,,
12-610-814-1,mlab1235,Mlabri,1243,kwaŋ,phonetic,"wide, broad",,< T,,
12-590-814-1,mlab1235,Mlabri,1645,kɨr rel,phonetic,short,,,,
12-590-814-2,mlab1235,Mlabri,1645,si bɛʔ,phonetic,short,,,,
12-580-814-1,mlab1235,Mlabri,711,suŋ,phonetic,tall,,< T,,
12-570-814-1,mlab1235,Mlabri,1203,thal,phonetic,long,,,,
12-560-814-1,mlab1235,Mlabri,1246,ʔaj tak,phonetic,"small, little",,,,
12-550-814-1,mlab1235,Mlabri,1202,diŋ,phonetic,"large, big",,,,
12-541-814-1,mlab1235,Mlabri,81,pan gʌ,phonetic,"span, fathom",,,,
12-530-814-1,mlab1235,Mlabri,479,sin tɨh,phonetic,grow,,,,
12-480-814-1,mlab1235,Mlabri,1595,tiʔ cuaj,phonetic,south,,,,
12-470-814-1,mlab1235,Mlabri,1598,thaŋ nɨʔ,phonetic,north,,,,
12-460-814-1,mlab1235,Mlabri,1817,ki hot,phonetic,west,,,,
12-450-814-1,mlab1235,Mlabri,1877,ki le,phonetic,east,,,,
12-430-814-1,mlab1235,Mlabri,1942,dam,phonetic,near (adv),,,,
12-430-814-2,mlab1235,Mlabri,1942,ʔjɛʔ,phonetic,near (adv),,,,
12-420-814-1,mlab1235,Mlabri,244,kɨr wen ta sɨ:p,phonetic,left (side),,,,
12-410-814-1,mlab1235,Mlabri,1019,kɨr wen ta pol,phonetic,right (side),,,,
12-370-814-1,mlab1235,Mlabri,1093,tik grə:ŋ,phonetic,"middle, center",,,,
12-360-814-1,mlab1235,Mlabri,682,nap pri,phonetic,side,,,,
12-352-814-1,mlab1235,Mlabri,372,khom,phonetic,pointed,,< T,,
12-350-814-1,mlab1235,Mlabri,742,pa tok,phonetic,end,,,,
12-340-814-1,mlab1235,Mlabri,690,si bɛʔ,phonetic,bottom,,,,
12-320-814-1,mlab1235,Mlabri,721,kiw lək,phonetic,low,,,,
12-330-814-1,mlab1235,Mlabri,1753,suŋ,phonetic,top,,< T,,
12-310-814-1,mlab1235,Mlabri,1265,suŋ,phonetic,high,,< T,,
12-270-814-1,mlab1235,Mlabri,602,guj dɔk,phonetic,"hide, conceal",,,,
12-250-814-1,mlab1235,Mlabri,1046,pit,phonetic,"shut, close",,< T,,
12-260-814-1,mlab1235,Mlabri,761,pok,phonetic,cover,,,,
12-240-814-1,mlab1235,Mlabri,1156,wɨh,phonetic,open,,,,
12-232-814-1,mlab1235,Mlabri,1119,tɛŋ,phonetic,divide,,,,
12-230-814-1,mlab1235,Mlabri,1359,kur wah,phonetic,separate,,,,
12-220-814-1,mlab1235,Mlabri,1743,pɔʔ,phonetic,"join, unite",,< T,,
12-213-814-1,mlab1235,Mlabri,1576,kɔŋ,phonetic,pile up,,< T,,
12-212-814-1,mlab1235,Mlabri,371,krep,phonetic,pick up,,,,
12-170-814-1,mlab1235,Mlabri,838,ko pəʔ,phonetic,"remains, left overs",,,,
12-160-814-1,mlab1235,Mlabri,987,ŋho,phonetic,"remain, stay",,,,
12-150-814-1,mlab1235,Mlabri,1442,jɨn,phonetic,stand,,< T,,
12-140-814-1,mlab1235,Mlabri,215,nɔn,phonetic,lie down,,< T,,
12-130-814-1,mlab1235,Mlabri,1416,ŋho,phonetic,sit,,,,
12-120-814-1,mlab1235,Mlabri,998,dɔk,phonetic,put,,,,
12-110-814-1,mlab1235,Mlabri,723,da ʔuŋ ga:,phonetic,place,,,,
11-910-814-1,mlab1235,Mlabri,884,maʔ,phonetic,share (distribute),,,,
11-890-814-1,mlab1235,Mlabri,1887,kɔ bɔ bɛŋ,phonetic,cheap,,< T,,
11-880-814-1,mlab1235,Mlabri,1426,bɛŋ,phonetic,"dear (costly, expensive)",,< T,,
11-860-814-1,mlab1235,Mlabri,752,ran,phonetic,"store, shop",,< T,,
11-850-814-1,mlab1235,Mlabri,633,ta lat,phonetic,market (place),,< T,,
11-830-814-1,mlab1235,Mlabri,2135,lɛk,phonetic,"trade, barter",,< T,,
11-820-814-1,mlab1235,Mlabri,1571,khaj,phonetic,sell,,< T,,
11-810-814-1,mlab1235,Mlabri,1869,sɨ,phonetic,buy,,< T,,
11-770-814-1,mlab1235,Mlabri,856,caŋ,phonetic,hire,,< T,,
11-650-814-1,mlab1235,Mlabri,718,caj,phonetic,pay (vb),,< T,,
11-620-814-1,mlab1235,Mlabri,1823,khɔ jɨm,phonetic,borrow,,< T,,
11-610-814-1,mlab1235,Mlabri,582,ma jɨm,phonetic,lend,,< T,,
11-540-814-1,mlab1235,Mlabri,1774,ciʔ,phonetic,"avaricious, stingy",,,,
11-520-814-1,mlab1235,Mlabri,1674,dok,phonetic,poor,,,,
11-510-814-1,mlab1235,Mlabri,712,ruaj,phonetic,rich,,,,
11-440-814-1,mlab1235,Mlabri,1867,kra wo:k,phonetic,coin,,,,
11-430-814-1,mlab1235,Mlabri,1559,sa taŋ,phonetic,money,,< T,,
11-330-814-1,mlab1235,Mlabri,1660,haj,phonetic,lose,,< T,,
11-320-814-1,mlab1235,Mlabri,719,kwel,phonetic,find,,,,
11-310-814-1,mlab1235,Mlabri,1468,kwel,phonetic,"seek, look for",,,,
11-280-814-1,mlab1235,Mlabri,44,gret so,phonetic,"harm, injure, damage",,,,
11-270-814-1,mlab1235,Mlabri,681,ʔə kɔ bɔ di,phonetic,destroy,,,,
11-250-814-1,mlab1235,Mlabri,2008,cuaj kan,phonetic,"save, rescue",,,,
11-240-814-1,mlab1235,Mlabri,1997,dəŋ,phonetic,"preserve, look after",,,,
11-220-814-1,mlab1235,Mlabri,85,pa gɨn,phonetic,give back,,,,
11-210-814-1,mlab1235,Mlabri,1447,maʔ,phonetic,give,,,,
11-180-814-1,mlab1235,Mlabri,738,grua,phonetic,thing,,,,
11-160-814-1,mlab1235,Mlabri,694,daj grua,phonetic,"get, obtain",,,,
11-150-814-1,mlab1235,Mlabri,1448,tot,phonetic,hold,,,,
11-140-814-1,mlab1235,Mlabri,2021,tot,phonetic,"seize, grasp",,,,
11-130-814-1,mlab1235,Mlabri,1749,ʔek,phonetic,take,,,,
11-110-814-1,mlab1235,Mlabri,773,pə,phonetic,have,,,,
10-740-814-1,mlab1235,Mlabri,1011,sa phan,phonetic,bridge,,< T,,
10-720-814-1,mlab1235,Mlabri,2252,ŋɔr dən,phonetic,path,,,,
10-710-814-1,mlab1235,Mlabri,667,ŋɔr,phonetic,road,,,,
10-670-814-1,mlab1235,Mlabri,1452,pɔʔ,phonetic,"push, shove",,,,
10-660-814-1,mlab1235,Mlabri,367,ŋho,phonetic,ride,,,,
10-640-814-1,mlab1235,Mlabri,43,nam cak lɨŋ kal,phonetic,lead (vb),,,,
10-630-814-1,mlab1235,Mlabri,1127,soŋ,phonetic,send,,< T,,
10-620-814-1,mlab1235,Mlabri,692,ʔiʔ kle,phonetic,bring,,,,
10-615-814-1,mlab1235,Mlabri,415,klip,phonetic,carry-underarm,,,,
10-614-814-1,mlab1235,Mlabri,414,taŋ,phonetic,carry-on-head,,,,
10-613-814-1,mlab1235,Mlabri,413,bɛk,phonetic,carry-on-shoulder,,,,
10-612-814-1,mlab1235,Mlabri,412,toc,phonetic,carry-in-hand,,,,
10-610-814-1,mlab1235,Mlabri,700,bɛk,phonetic,carry (bear),,,,
10-570-814-1,mlab1235,Mlabri,749,blʌk,phonetic,enter,,,,
10-560-814-1,mlab1235,Mlabri,1778,ʔa si ʔət hɔt,phonetic,approach,,,,
10-550-814-1,mlab1235,Mlabri,1387,ma hɔt,phonetic,"reach, arrive",,< T,,
10-530-814-1,mlab1235,Mlabri,1047,rap toj,phonetic,pursue,,,,
10-520-814-1,mlab1235,Mlabri,1085,toj,phonetic,follow,,,,
10-510-814-1,mlab1235,Mlabri,956,rɛʔ,phonetic,flee,,,,
10-491-814-1,mlab1235,Mlabri,485,haj,phonetic,disappear,,< T,,
10-490-814-1,mlab1235,Mlabri,1752,ʒak,phonetic,"go away, depart",,,,
10-481-814-1,mlab1235,Mlabri,581,gɨn le,phonetic,come back,,,,
10-481-814-2,mlab1235,Mlabri,581,gɨn,phonetic,come back,,,,
10-480-814-1,mlab1235,Mlabri,1446,le,phonetic,come,,,,
10-474-814-1,mlab1235,Mlabri,1107,le ʒak,phonetic,go out,,,,
10-473-814-1,mlab1235,Mlabri,2014,ʒur,phonetic,go down,,,,
10-472-814-1,mlab1235,Mlabri,1102,khɨn,phonetic,climb,,,,
10-470-814-1,mlab1235,Mlabri,695,ʒak,phonetic,go,,,,
10-471-814-1,mlab1235,Mlabri,705,khɨn,phonetic,go up,,,,
10-460-814-1,mlab1235,Mlabri,1519,rap,phonetic,run,,,,
10-451-814-1,mlab1235,Mlabri,366,kɨr jɔŋ kɨr jɛŋ,phonetic,limp,,,,
10-450-814-1,mlab1235,Mlabri,1443,dʌn,phonetic,walk,,,,
10-440-814-1,mlab1235,Mlabri,1879,bɔn,phonetic,dance,,,,
10-431-814-1,mlab1235,Mlabri,1135,teʔ,phonetic,kick,,,,
10-430-814-1,mlab1235,Mlabri,1829,ka toŋ,phonetic,"jump, leap",,,,
10-420-814-1,mlab1235,Mlabri,1324,kɨr lat,phonetic,"slide, slip",,,,
10-413-814-1,mlab1235,Mlabri,296,mhur,phonetic,crouch,,,,
10-412-814-1,mlab1235,Mlabri,66,cɨm dik,phonetic,kneel,,,,
10-410-814-1,mlab1235,Mlabri,96,puk pok,phonetic,"creep, crawl",,,,
10-380-814-1,mlab1235,Mlabri,175,puŋ,phonetic,blow,,,,
10-370-814-1,mlab1235,Mlabri,1441,par,phonetic,fly (vb),,,,
10-352-814-1,mlab1235,Mlabri,365,skɔ wək,phonetic,splash,,,,
10-351-814-1,mlab1235,Mlabri,119,blak wək,phonetic,dive,,,,
10-350-814-1,mlab1235,Mlabri,1439,waj wək,phonetic,swim,,,,
10-340-814-1,mlab1235,Mlabri,1574,hur loj,phonetic,float,,,,
10-330-814-1,mlab1235,Mlabri,1088,klup,phonetic,sink,,,,
10-320-814-1,mlab1235,Mlabri,2003,hur loj,phonetic,flow,,,,
10-260-814-1,mlab1235,Mlabri,1909,ju ju,phonetic,shake,,,,
10-252-814-1,mlab1235,Mlabri,702,toc,phonetic,catch (ball),,,,
10-250-814-1,mlab1235,Mlabri,1456,dor,phonetic,throw,,,,
10-240-814-1,mlab1235,Mlabri,2253,ʒuat,phonetic,drip,,,,
10-230-814-1,mlab1235,Mlabri,1280,hot,phonetic,fall,,,,
10-220-814-1,mlab1235,Mlabri,501,pa dua,phonetic,"raise, lift",,,,
10-210-814-1,mlab1235,Mlabri,568,khɨn,phonetic,rise,,,,
10-170-814-1,mlab1235,Mlabri,430,pan,phonetic,twist,,< T,,
10-170-814-2,mlab1235,Mlabri,430,bit,phonetic,twist,,< T,,
10-160-814-1,mlab1235,Mlabri,808,hot,phonetic,drop (vb),,,,
10-150-814-1,mlab1235,Mlabri,827,pan,phonetic,roll,,< T,,
10-140-814-1,mlab1235,Mlabri,1113,ʔɔʔ,phonetic,"wind, wrap",,,,
10-130-814-1,mlab1235,Mlabri,1445,mhur wil,phonetic,turn around,,,,
10-120-814-1,mlab1235,Mlabri,1588,kul kol,phonetic,turn over,,,,
10-110-814-1,mlab1235,Mlabri,765,pri,phonetic,move,,,,
9-791-814-1,mlab1235,Mlabri,360,kɨr wɨl,phonetic,fan (vb),,,,
9-790-814-1,mlab1235,Mlabri,1971,phat lom,phonetic,fan (noun),,< T,,
9-780-814-1,mlab1235,Mlabri,293,kraʔ sɔ:p,phonetic,netbag,,< T,,
9-770-814-1,mlab1235,Mlabri,195,sa:t,phonetic,mat,,< T,,
9-760-814-1,mlab1235,Mlabri,1539,kuaj,phonetic,basket,,< T,,
9-740-814-1,mlab1235,Mlabri,604,kɛw,phonetic,glass,,< T,,
9-730-814-1,mlab1235,Mlabri,1399,bɛʔ ʒual,phonetic,clay,,,,
9-670-814-1,mlab1235,Mlabri,621,lhek,phonetic,iron,,< T,,
9-610-814-1,mlab1235,Mlabri,288,tɛk lhek,phonetic,forge,,,,
9-500-814-1,mlab1235,Mlabri,502,taʔ pu,phonetic,nail,,,,
9-490-814-1,mlab1235,Mlabri,1481,tɨr nɛk,phonetic,hammer,,,,
9-461-814-1,mlab1235,Mlabri,46,cuak le:,phonetic,hollow out,,,,
9-460-814-1,mlab1235,Mlabri,1501,cɔʔ,phonetic,bore,,< T,,
9-440-814-1,mlab1235,Mlabri,1840,ʔə,phonetic,build,,,,
9-380-814-1,mlab1235,Mlabri,245,maj kwat,phonetic,broom,,< T,,
9-360-814-1,mlab1235,Mlabri,1453,suaj,phonetic,wash,,< T,,
9-370-814-1,mlab1235,Mlabri,230,kwat,phonetic,sweep,,< T,,
9-350-814-1,mlab1235,Mlabri,1487,ruat,phonetic,pour,,,,
9-343-814-1,mlab1235,Mlabri,1414,bip,phonetic,"squeeze, wring",,< T,,
9-342-814-1,mlab1235,Mlabri,1913,ńak,phonetic,press,,,,
9-341-814-1,mlab1235,Mlabri,357,kɔʔ,phonetic,hang up,,,,
9-340-814-1,mlab1235,Mlabri,38,baj kwaŋ,phonetic,spread out,,,,
9-330-814-1,mlab1235,Mlabri,1455,hər,phonetic,pull,,,,
9-320-814-1,mlab1235,Mlabri,214,pa kheŋ,phonetic,stretch,,,,
9-310-814-1,mlab1235,Mlabri,1449,mlɛt,phonetic,"rub, wipe",,,,
9-290-814-1,mlab1235,Mlabri,291,plut,phonetic,"flay, skin",,,,
9-280-814-1,mlab1235,Mlabri,1735,crek,phonetic,tear,,,,
9-270-814-1,mlab1235,Mlabri,1437,po,phonetic,split,,,,
9-261-814-1,mlab1235,Mlabri,588,go,phonetic,broken,,,,
9-260-814-1,mlab1235,Mlabri,680,bə sih,phonetic,break,,,,
9-250-814-1,mlab1235,Mlabri,677,kwɛk,phonetic,ax,,,,
9-240-814-1,mlab1235,Mlabri,356,ńip ńap,phonetic,"scissors, shears",,,,
9-230-814-1,mlab1235,Mlabri,1352,tɔʔ,phonetic,knife,,,,
9-223-814-1,mlab1235,Mlabri,1434,sat,phonetic,stab,,,,
9-222-814-1,mlab1235,Mlabri,155,poh,phonetic,"chop, hew",,,,
9-220-814-1,mlab1235,Mlabri,1432,thet,phonetic,cut,,,,
9-211-814-1,mlab1235,Mlabri,354,tɛk,phonetic,pound with fist,,,,
9-210-814-1,mlab1235,Mlabri,2133,tɛk,phonetic,"strike (hit, beat)",,,,
9-192-814-1,mlab1235,Mlabri,760,kaʔ tɔt,phonetic,knot (noun),,,,
9-190-814-1,mlab1235,Mlabri,1218,tar,phonetic,"rope, cord",,,,
9-180-814-1,mlab1235,Mlabri,1627,tar lhek,phonetic,chain,,,,
9-161-814-1,mlab1235,Mlabri,352,rɨh,phonetic,untie,,,,
9-160-814-1,mlab1235,Mlabri,1917,wət,phonetic,"tie, bind",,,,
9-150-814-1,mlab1235,Mlabri,1470,dop,phonetic,fold,,,,
9-140-814-1,mlab1235,Mlabri,2004,kɨr ʔwɛk,phonetic,bend,,,,
9-120-814-1,mlab1235,Mlabri,984,ʔə ram map,phonetic,work,,,,
9-110-814-1,mlab1235,Mlabri,2575,ʔə,phonetic,"do, make",,,,
8-980-814-1,mlab1235,Mlabri,641,het,phonetic,mushroom,,< T,,
8-941-814-1,mlab1235,Mlabri,146,ʔɔj,phonetic,sugar cane,,< T,,
8-940-814-1,mlab1235,Mlabri,1927,tur lu,phonetic,bamboo,,,,
8-931-814-1,mlab1235,Mlabri,864,hɨŋ gik,phonetic,"pumpkin, squash",,,,
8-930-814-1,mlab1235,Mlabri,411,tut,phonetic,gourd,,,,
8-920-814-1,mlab1235,Mlabri,925,crɛk,phonetic,"tapioca, manioc, cassava",,,,
8-912-814-1,mlab1235,Mlabri,410,ʔe mʌ,phonetic,yam,,,,
8-850-814-1,mlab1235,Mlabri,346,cri,phonetic,banyan,,,,
8-840-814-1,mlab1235,Mlabri,868,lam koj,phonetic,banana tree,,,,
8-830-814-1,mlab1235,Mlabri,1126,som,phonetic,citrus fruit,,< T,,
8-820-814-1,mlab1235,Mlabri,970,praw,phonetic,coconut,,< T,,
8-750-814-1,mlab1235,Mlabri,1204,gu gu lam,phonetic,bark,,,,
8-740-814-1,mlab1235,Mlabri,409,la gɛ:,phonetic,forked branch,,,,
8-730-814-1,mlab1235,Mlabri,344,lam,phonetic,tree trunk,,,,
8-720-814-1,mlab1235,Mlabri,241,tɔ lam,phonetic,tree stump,,,,
8-691-814-1,mlab1235,Mlabri,1124,kɔk,phonetic,pipe,,,,
8-690-814-1,mlab1235,Mlabri,1689,sup ja,phonetic,smoke (tobacco),,< T,,
8-680-814-1,mlab1235,Mlabri,974,bə bliŋ,phonetic,tobacco,,,,
8-620-814-1,mlab1235,Mlabri,1950,kuʔ ruih,phonetic,beech,,,,
8-600-814-1,mlab1235,Mlabri,906,lam,phonetic,tree,,,,
8-570-814-1,mlab1235,Mlabri,239,pa ka,phonetic,flower,,,,
8-560-814-1,mlab1235,Mlabri,628,bə,phonetic,leaf,,,,
8-550-814-1,mlab1235,Mlabri,1531,la gɛ,phonetic,branch,,,,
8-540-814-1,mlab1235,Mlabri,670,rɛl,phonetic,root,,,,
8-531-814-1,mlab1235,Mlabri,1486,puk,phonetic,plant (vb),,< T,,
8-510-814-1,mlab1235,Mlabri,606,ńhi ńhaj,phonetic,grass,,,,
8-480-814-1,mlab1235,Mlabri,926,juk ʔaʔ ʔɔn,phonetic,rice,,,,
8-470-814-1,mlab1235,Mlabri,506,sa lo,phonetic,"maize, corn",,,,
8-420-814-1,mlab1235,Mlabri,605,pleʔ,phonetic,"grain (barley, oats etc)",,,,
8-410-814-1,mlab1235,Mlabri,611,thet,phonetic,"crop, harvest",,,,
8-340-814-1,mlab1235,Mlabri,285,tɛk juk,phonetic,thresh,,,,
8-330-814-1,mlab1235,Mlabri,2132,khew,phonetic,"sickle, scythe",,< T,,
8-320-814-1,mlab1235,Mlabri,190,thaŋ ńhi ńhaj,phonetic,"mow, reap",,,,
8-311-814-1,mlab1235,Mlabri,714,pleʔ,phonetic,seed,,,,
8-310-814-1,mlab1235,Mlabri,748,rań,phonetic,sow,,,,
8-250-814-1,mlab1235,Mlabri,284,ka bok,phonetic,hoe,,< T,,
8-230-814-1,mlab1235,Mlabri,1176,soʔ,phonetic,spade,,,,
8-220-814-1,mlab1235,Mlabri,1418,cuak,phonetic,dig,,,,
8-160-814-1,mlab1235,Mlabri,1690,hua,phonetic,fence,,< T,,
8-150-814-1,mlab1235,Mlabri,1541,puk,phonetic,"cultivate, till",,< T,,
8-130-814-1,mlab1235,Mlabri,586,ra map,phonetic,garden,,,,
8-120-814-1,mlab1235,Mlabri,212,doŋ,phonetic,field (for cultivation),,,,
7-560-814-1,mlab1235,Mlabri,281,saw,phonetic,"post, pole",,< T,,
7-550-814-1,mlab1235,Mlabri,1132,kɨn raw,phonetic,beam,,,,
7-510-814-1,mlab1235,Mlabri,769,laŋ kha,phonetic,roof,,< T,,
7-470-814-1,mlab1235,Mlabri,745,jaŋ,phonetic,shelf,,,,
7-460-814-1,mlab1235,Mlabri,1273,thian kha:j,phonetic,candle,,< T,,
7-450-814-1,mlab1235,Mlabri,2131,taʔ kiaŋ,phonetic,"lamp, torch",,< T,,
7-440-814-1,mlab1235,Mlabri,1775,toʔ,phonetic,table,,< T,,
7-430-814-1,mlab1235,Mlabri,1476,kaw ʔi,phonetic,chair,,< T,,
7-422-814-1,mlab1235,Mlabri,806,pol,phonetic,blanket,,,,
7-421-814-1,mlab1235,Mlabri,1044,mɔn,phonetic,pillow,,< T,,
7-420-814-1,mlab1235,Mlabri,1663,tiaŋ nɔn,phonetic,bed,,< T,,
7-370-814-1,mlab1235,Mlabri,1464,ban daj,phonetic,ladder,,< T,,
7-320-814-1,mlab1235,Mlabri,859,bɔh,phonetic,stove,,,,
7-270-814-1,mlab1235,Mlabri,933,pər,phonetic,wall,,,,
7-260-814-1,mlab1235,Mlabri,1632,thwɨn,phonetic,floor,,,,
7-250-814-1,mlab1235,Mlabri,1375,pɨr jaŋ,phonetic,window,,,,
7-240-814-1,mlab1235,Mlabri,1472,kun cɛ,phonetic,key,,< T,,
7-221-814-1,mlab1235,Mlabri,80,saw,phonetic,"doorpost, jamb",,< T,,
7-210-814-1,mlab1235,Mlabri,1450,hɔŋ,phonetic,room,,< T,,
7-220-814-1,mlab1235,Mlabri,1567,sɨŋ tɨŋ,phonetic,"door, gate",,,,
7-130-814-1,mlab1235,Mlabri,1678,gɛŋ,phonetic,hut,,,,
7-120-814-1,mlab1235,Mlabri,1252,gɛŋ,phonetic,house,,,,
7-110-814-1,mlab1235,Mlabri,363,ŋho,phonetic,"dwell, live",,,,
6-960-814-1,mlab1235,Mlabri,1171,ka daŋ buk,phonetic,mirror,,,,
6-950-814-1,mlab1235,Mlabri,788,sa bu,phonetic,soap,,< T,,
6-921-814-1,mlab1235,Mlabri,333,war,phonetic,braid,,,,
6-910-814-1,mlab1235,Mlabri,1475,cin rak,phonetic,comb,,,,
6-790-814-1,mlab1235,Mlabri,68,sat mhɨk,phonetic,tattoo,,< T,,
6-770-814-1,mlab1235,Mlabri,770,taŋ ket,phonetic,earring,,,,
6-750-814-1,mlab1235,Mlabri,1961,tar lhah,phonetic,necklace,,,,
6-740-814-1,mlab1235,Mlabri,1754,lhəŋ,phonetic,bracelet,,,,
6-730-814-1,mlab1235,Mlabri,1374,wɛn,phonetic,ring (for finger),,< T,,
6-620-814-1,mlab1235,Mlabri,757,mak tɔm,phonetic,button,,< T,,
6-610-814-1,mlab1235,Mlabri,1851,cuŋ thoŋ srɛ,phonetic,pocket,,,,
6-610-814-2,mlab1235,Mlabri,1851,cuŋ thoŋ tew,phonetic,pocket,,,,
6-580-814-1,mlab1235,Mlabri,867,sum nup tiʔ,phonetic,glove,,,,
6-570-814-1,mlab1235,Mlabri,772,gɨm niw,phonetic,"belt, girdle",,,,
6-550-814-1,mlab1235,Mlabri,2130,muak,phonetic,"hat, cap",,< T,,
6-510-814-1,mlab1235,Mlabri,1381,kəp,phonetic,shoe,,< T,,
6-490-814-1,mlab1235,Mlabri,329,sum nup ʒəŋ,phonetic,"stocking, sock",,,,
6-480-814-1,mlab1235,Mlabri,809,soŋ,phonetic,trousers,,,,
6-460-814-1,mlab1235,Mlabri,1600,jɛt,phonetic,skirt,,,,
6-380-814-1,mlab1235,Mlabri,1161,fa:j,phonetic,thread,,< T,,
6-360-814-1,mlab1235,Mlabri,1382,khem,phonetic,needle,,< T,,
6-350-814-1,mlab1235,Mlabri,1457,ʒeŋ,phonetic,sew,,,,
6-290-814-1,mlab1235,Mlabri,629,guʔ gu,phonetic,leather,,,,
6-120-814-1,mlab1235,Mlabri,1895,srɛ soŋ,phonetic,"clothing, clothes",,,,
6-110-814-1,mlab1235,Mlabri,158,bɨk srɛ,phonetic,put on (clothes),,,,
5-971-814-1,mlab1235,Mlabri,1556,khaj lɛŋ,phonetic,egg yolk,,< T,,
5-970-814-1,mlab1235,Mlabri,744,khaj,phonetic,egg,,< T,,
5-940-814-1,mlab1235,Mlabri,404,cin ra,phonetic,fermented drink,,,,
5-850-814-1,mlab1235,Mlabri,862,nam tan,phonetic,sugar,,< T,,
5-860-814-1,mlab1235,Mlabri,635,wək bo,phonetic,milk (noun),,,,
5-840-814-1,mlab1235,Mlabri,942,wək ʔjek,phonetic,honey,,,,
5-821-814-1,mlab1235,Mlabri,919,preʔ,phonetic,chili pepper,,,,
5-810-814-1,mlab1235,Mlabri,1274,suak,phonetic,salt,,,,
5-791-814-1,mlab1235,Mlabri,323,mɨj,phonetic,"grease, fat",,,,
5-790-814-1,mlab1235,Mlabri,1484,nam man,phonetic,oil,,< T,,
5-710-814-1,mlab1235,Mlabri,1507,pleʔ,phonetic,fruit,,,,
5-660-814-1,mlab1235,Mlabri,832,thua,phonetic,bean,,< T,,
5-650-814-1,mlab1235,Mlabri,924,phak,phonetic,vegetables,,< T,,
5-640-814-1,mlab1235,Mlabri,1547,wək gɨn rɛ,phonetic,"soup, broth",,,,
5-610-814-1,mlab1235,Mlabri,634,cin cəʔ də,phonetic,meat,,,,
5-590-814-1,mlab1235,Mlabri,225,tɨr nɨj,phonetic,pestle,,,,
5-580-814-1,mlab1235,Mlabri,224,thuŋ got,phonetic,mortar (2),,,,
5-560-814-1,mlab1235,Mlabri,1033,tɨj,phonetic,"crush, grind",,,,
5-490-814-1,mlab1235,Mlabri,2017,cual,phonetic,"stir, mix",,,,
5-480-814-1,mlab1235,Mlabri,1767,krwɛt,phonetic,scrape,,,,
5-460-814-1,mlab1235,Mlabri,275,plut,phonetic,peel,,,,
5-440-814-1,mlab1235,Mlabri,1833,ni kan lɛŋ,phonetic,dinner,,< T,,
5-430-814-1,mlab1235,Mlabri,768,kin tɔn,phonetic,lunch,,< T,,
5-420-814-1,mlab1235,Mlabri,1322,taʔ ki,phonetic,breakfast,,,,
5-410-814-1,mlab1235,Mlabri,1526,thɨ,phonetic,meal (a),,,,
5-380-814-1,mlab1235,Mlabri,1352,tɔʔ,phonetic,knife (2),,,,
5-370-814-1,mlab1235,Mlabri,1378,ʒɔn,phonetic,spoon,,< T,,
5-350-814-1,mlab1235,Mlabri,476,ʒɔk,phonetic,"cup, drinking vessel",,< T,,
5-320-814-1,mlab1235,Mlabri,480,poʔ,phonetic,plate,,,,
5-310-814-1,mlab1235,Mlabri,481,poʔ,phonetic,dish,,,,
5-280-814-1,mlab1235,Mlabri,31,nam khaŋ,phonetic,pan,,< T,,
5-260-814-1,mlab1235,Mlabri,1462,tur lɔh,phonetic,"pot, cooking vessel",,,,
5-270-814-1,mlab1235,Mlabri,854,tur lɔh doŋ,phonetic,kettle,,,,
5-240-814-1,mlab1235,Mlabri,183,paʔ bom,phonetic,bake,,,,
5-250-814-1,mlab1235,Mlabri,1143,taw,phonetic,oven,,,,
5-230-814-1,mlab1235,Mlabri,2146,jaŋ,phonetic,"roast, fry",,,,
5-220-814-1,mlab1235,Mlabri,792,puʔ ʔu,phonetic,boil (vb),,,,
5-210-814-1,mlab1235,Mlabri,1100,kɔ puʔ ʔu,phonetic,cook,,,,
5-190-814-1,mlab1235,Mlabri,129,kum ʔuak,phonetic,choke,,,,
5-181-814-1,mlab1235,Mlabri,897,lʌr,phonetic,swallow,,,,
5-180-814-1,mlab1235,Mlabri,321,kɨn ńəj,phonetic,chew,,,,
5-160-814-1,mlab1235,Mlabri,1421,ʒok,phonetic,suck,,,,
5-150-814-1,mlab1235,Mlabri,848,siʔ wək,phonetic,thirst,,,,
5-141-814-1,mlab1235,Mlabri,199,ʔɨt ju,phonetic,famine,,,,
5-140-814-1,mlab1235,Mlabri,1864,suʔ ʔe:,phonetic,hunger,,,,
5-130-814-1,mlab1235,Mlabri,1401,wək,phonetic,drink,,,,
5-125-814-1,mlab1235,Mlabri,1728,thuʔ,phonetic,rotten,,,,
5-124-814-1,mlab1235,Mlabri,1958,kup bliŋ,phonetic,"green, unripe",,,,
5-123-814-1,mlab1235,Mlabri,178,ʔaʔ ʔɔn,phonetic,ripe,,,,
5-122-814-1,mlab1235,Mlabri,1959,kup bliŋ,phonetic,raw,,,,
5-121-814-1,mlab1235,Mlabri,269,ʔaʔ ʔɔn,phonetic,cooked,,,,
5-120-814-1,mlab1235,Mlabri,256,ciʔ də,phonetic,food,,,,
5-110-814-1,mlab1235,Mlabri,1336,ʔə,phonetic,eat,,,,
4-990-814-1,mlab1235,Mlabri,590,klɨʔ klɛ,phonetic,"naked, bare",,,,
4-970-814-1,mlab1235,Mlabri,1653,mat thɨr bə,phonetic,blind,,,,
4-980-814-1,mlab1235,Mlabri,1463,thaŋ ŋɔr,phonetic,intoxicated,,,,
4-960-814-1,mlab1235,Mlabri,1666,lɨʔ mʌʔ,phonetic,mute,,,,
4-950-814-1,mlab1235,Mlabri,996,ket lhut,phonetic,deaf,,,,
4-930-814-1,mlab1235,Mlabri,1125,pur dur,phonetic,bald,,,,
4-940-814-1,mlab1235,Mlabri,320,bluʔ go,phonetic,lame,,,,
4-920-814-1,mlab1235,Mlabri,1564,ʔiʔ dɨn,phonetic,lazy,,,,
4-912-814-1,mlab1235,Mlabri,168,bam,phonetic,rest,,,,
4-910-814-1,mlab1235,Mlabri,1757,cram,phonetic,"tired, weary",,,,
4-890-814-1,mlab1235,Mlabri,655,lə hɨr phit,phonetic,poison,,,,
4-880-814-1,mlab1235,Mlabri,1372,lə hɨr,phonetic,"medicine, drug",,,,
4-870-814-1,mlab1235,Mlabri,597,mɔ,phonetic,physician,,< T,,
4-860-814-1,mlab1235,Mlabri,499,dəŋ,phonetic,"cure, heal",,,,
4-858-814-1,mlab1235,Mlabri,497,tɨr lak,phonetic,scar,,,,
4-857-814-1,mlab1235,Mlabri,1808,guŋ,phonetic,pus,,,,
4-856-814-1,mlab1235,Mlabri,793,pak,phonetic,boil (noun),,,,
4-855-814-1,mlab1235,Mlabri,1584,tum,phonetic,blister,,,,
4-854-814-1,mlab1235,Mlabri,148,buŋ bɔŋ,phonetic,itch,,,,
4-854-814-2,mlab1235,Mlabri,148,sik khaj,phonetic,itch,,,,
4-853-814-1,mlab1235,Mlabri,1903,buŋ bɔŋ,phonetic,swelling,,,,
4-852-814-1,mlab1235,Mlabri,1148,klɨk tum,phonetic,bruise,,,,
4-850-814-1,mlab1235,Mlabri,1109,kum,phonetic,"wound, sore",,,,
4-843-814-1,mlab1235,Mlabri,102,gret caʔ dəw,phonetic,cold (catarrh),,,,
4-842-814-1,mlab1235,Mlabri,1957,kɨr lət buŋ bɔŋ,phonetic,goiter,,,,
4-841-814-1,mlab1235,Mlabri,1534,gret caʔ dəw,phonetic,fever,,,,
4-840-814-1,mlab1235,Mlabri,1847,kɔ bɔ thɨ ŋho,phonetic,"sick, sickness",,,,
4-830-814-1,mlab1235,Mlabri,1364,pjaʔ kle,phonetic,"well, health",,,,
4-820-814-1,mlab1235,Mlabri,1601,ŋɔʔ ŋɛ,phonetic,weak,,,,
4-810-814-1,mlab1235,Mlabri,785,rew,phonetic,"strong, mighty, powerful",,,,
4-790-814-1,mlab1235,Mlabri,1773,kum,phonetic,"grave, tomb",,,,
4-780-814-1,mlab1235,Mlabri,1719,ʒum,phonetic,bury (the dead),,,,
4-770-814-1,mlab1235,Mlabri,767,sin re,phonetic,corpse,,,,
4-760-814-1,mlab1235,Mlabri,1417,pa bɨl,phonetic,kill,,,,
4-751-814-1,mlab1235,Mlabri,1904,ʔɨk ʔɨk bɨl,phonetic,drowned,,,,
4-750-814-1,mlab1235,Mlabri,1494,bɨl,phonetic,"die, dead",,,,
4-740-814-1,mlab1235,Mlabri,1422,kɔ thɨ ńho:,phonetic,"live, living, life",,,,
4-730-814-1,mlab1235,Mlabri,1123,biʔ ʔɛw,phonetic,pregnant,,,,
4-720-814-1,mlab1235,Mlabri,1090,kət,phonetic,born (to be),,,,
4-690-814-1,mlab1235,Mlabri,138,thlɛw wək,phonetic,bathe,,,,
4-680-814-1,mlab1235,Mlabri,52,but bot,phonetic,shiver,,,,
4-670-814-1,mlab1235,Mlabri,1785,ʔə sre,phonetic,have sexual intercourse,,,,
4-660-814-1,mlab1235,Mlabri,676,ʔjak,phonetic,defecate,,,,
4-650-814-1,mlab1235,Mlabri,592,nɔm,phonetic,urinate,,,,
4-640-814-1,mlab1235,Mlabri,1159,tot,phonetic,break wind,,,,
4-630-814-1,mlab1235,Mlabri,1602,pɨh,phonetic,wake up,,,,
4-620-814-1,mlab1235,Mlabri,1920,mʌk,phonetic,dream,,,,
4-612-814-1,mlab1235,Mlabri,1983,kon,phonetic,snore,,,,
4-610-814-1,mlab1235,Mlabri,1585,nɔn,phonetic,sleep,,,,
4-591-814-1,mlab1235,Mlabri,268,ʒuat,phonetic,dribble,,,,
4-590-814-1,mlab1235,Mlabri,319,lat,phonetic,lick,,,,
4-580-814-1,mlab1235,Mlabri,1403,krap,phonetic,bite,,,,
4-570-814-1,mlab1235,Mlabri,1278,hak,phonetic,vomit,,,,
4-560-814-1,mlab1235,Mlabri,1440,wək hur loj,phonetic,spit,,,,
4-550-814-1,mlab1235,Mlabri,126,tha ʔur,phonetic,perspire,,,,
4-540-814-1,mlab1235,Mlabri,1621,praj,phonetic,sneeze,,,,
4-530-814-1,mlab1235,Mlabri,879,hək,phonetic,cough,,,,
4-521-814-1,mlab1235,Mlabri,162,plʌk,phonetic,hiccough,,,,
4-520-814-1,mlab1235,Mlabri,1028,ʔɔn,phonetic,"yawn, gape",,,,
4-510-814-1,mlab1235,Mlabri,1407,ru lhew,phonetic,"breathe, breath",,,,
4-492-814-1,mlab1235,Mlabri,1222,doŋ,phonetic,penis,,,,
4-490-814-1,mlab1235,Mlabri,797,pleʔ klaw,phonetic,testicle,,,,
4-470-814-1,mlab1235,Mlabri,804,ʔak rok,phonetic,womb,,,,
4-464-814-1,mlab1235,Mlabri,834,kɨn dɨl,phonetic,buttocks,,,,
4-462-814-1,mlab1235,Mlabri,1681,luŋ goj,phonetic,waist,,,,
4-461-814-1,mlab1235,Mlabri,1991,siʔ jɔj,phonetic,"intestines, guts",,,,
4-460-814-1,mlab1235,Mlabri,819,thɔŋ,phonetic,stomach,,,,
4-451-814-1,mlab1235,Mlabri,489,gɛŋ gɔj,phonetic,kidney,,,,
4-450-814-1,mlab1235,Mlabri,1224,pet,phonetic,liver,,,,
4-441-814-1,mlab1235,Mlabri,688,pɔt,phonetic,lung,,,,
4-440-814-1,mlab1235,Mlabri,1223,kluʔ klol,phonetic,heart,,,,
4-430-814-1,mlab1235,Mlabri,1838,kɨn diŋ,phonetic,navel,,,,
4-420-814-1,mlab1235,Mlabri,154,bo,phonetic,udder,,,,
4-412-814-1,mlab1235,Mlabri,796,gin ton bo,phonetic,"nipple, teat",,,,
4-410-814-1,mlab1235,Mlabri,1402,bo,phonetic,breast (of woman),,,,
4-400-814-1,mlab1235,Mlabri,1592,ra ʔək,phonetic,chest,,,,
4-393-814-1,mlab1235,Mlabri,1201,kul muj,phonetic,feather,,,,
4-392-814-1,mlab1235,Mlabri,1257,sɨŋ kɛr,phonetic,wing,,,,
4-380-814-1,mlab1235,Mlabri,1389,kur wɛt ʒəŋ,phonetic,toe,,,,
4-374-814-1,mlab1235,Mlabri,318,ŋɔr ʒəŋ,phonetic,footprint,,,,
4-372-814-1,mlab1235,Mlabri,980,mɨl dəl,phonetic,heel,,,,
4-371-814-1,mlab1235,Mlabri,803,kul col,phonetic,ankle,,,,
4-370-814-1,mlab1235,Mlabri,1301,ʒəŋ,phonetic,foot,,,,
4-360-814-1,mlab1235,Mlabri,1371,kul kil,phonetic,knee,,,,
4-352-814-1,mlab1235,Mlabri,498,tar nhɛl,phonetic,calf of leg,,,,
4-351-814-1,mlab1235,Mlabri,800,bluʔ,phonetic,thigh,,,,
4-350-814-1,mlab1235,Mlabri,1297,bluʔ,phonetic,leg,,,,
4-344-814-1,mlab1235,Mlabri,1258,kur wɛt,phonetic,fingernail,,,,
4-342-814-1,mlab1235,Mlabri,1781,kul,phonetic,thumb,,,,
4-340-814-1,mlab1235,Mlabri,1303,kɨr wɛt,phonetic,finger,,,,
4-331-814-1,mlab1235,Mlabri,1183,tiʔ,phonetic,palm of hand,,,,
4-330-814-1,mlab1235,Mlabri,1277,tiʔ,phonetic,hand,,,,
4-321-814-1,mlab1235,Mlabri,799,kɨr laj,phonetic,wrist,,,,
4-320-814-1,mlab1235,Mlabri,981,kul col,phonetic,elbow,,,,
4-312-814-1,mlab1235,Mlabri,1886,taʔ ho:,phonetic,armpit,,,,
4-310-814-1,mlab1235,Mlabri,1673,blɛŋ,phonetic,arm,,,,
4-302-814-1,mlab1235,Mlabri,1994,ca ʔɛŋ,phonetic,collarbone,,,,
4-300-814-1,mlab1235,Mlabri,1482,whep,phonetic,shoulder,,,,
4-290-814-1,mlab1235,Mlabri,1346,kɨr lət,phonetic,throat,,,,
4-281-814-1,mlab1235,Mlabri,1347,ʔak ŋɨr ŋar,phonetic,nape of neck,,,,
4-280-814-1,mlab1235,Mlabri,1333,kɨr lət,phonetic,neck,,,,
4-272-814-1,mlab1235,Mlabri,1049,ʔakgul,phonetic,molartooth,,,,
4-270-814-1,mlab1235,Mlabri,1380,ʒən,phonetic,tooth,,,,
4-271-814-1,mlab1235,Mlabri,139,ŋa,phonetic,gums,,< T,,
4-271-814-2,mlab1235,Mlabri,139,ŋɨak,phonetic,gums,,< T,,
4-260-814-1,mlab1235,Mlabri,1205,rɨt lat,phonetic,tongue,,,,
4-250-814-1,mlab1235,Mlabri,478,səm bɛp,phonetic,lip,,,,
4-240-814-1,mlab1235,Mlabri,674,səm bɛp,phonetic,mouth,,,,
4-232-814-1,mlab1235,Mlabri,208,glɨʔ hɨ glɨʔ mar,phonetic,mucus (nasal),,,,
4-231-814-1,mlab1235,Mlabri,1178,kur ʔuŋ mɔh,phonetic,nostril,,,,
4-230-814-1,mlab1235,Mlabri,1221,mɔh,phonetic,nose,,,,
4-222-814-1,mlab1235,Mlabri,32,ʔjek ket,phonetic,earwax,,,,
4-220-814-1,mlab1235,Mlabri,1247,ket,phonetic,ear,,,,
4-215-814-1,mlab1235,Mlabri,1655,bɨr bjar mat,phonetic,blink,,,,
4-215-814-2,mlab1235,Mlabri,1655,pa blɨt mat,phonetic,blink,,,,
4-214-814-1,mlab1235,Mlabri,1540,kul muj mat,phonetic,eyelash,,,,
4-213-814-1,mlab1235,Mlabri,17,gugu mat,phonetic,eyelid,,,,
4-212-814-1,mlab1235,Mlabri,1173,ku riw,phonetic,eyebrow,,,,
4-210-814-1,mlab1235,Mlabri,1248,mat,phonetic,eye,,,,
4-208-814-1,mlab1235,Mlabri,1730,plɔk,phonetic,cheek,,,,
4-209-814-1,mlab1235,Mlabri,1510,wəŋ,phonetic,chin,,,,
4-205-814-1,mlab1235,Mlabri,123,ʔak buk,phonetic,forehead,,,,
4-204-814-1,mlab1235,Mlabri,1560,buk,phonetic,face,,,,
4-203-814-1,mlab1235,Mlabri,1583,klə ʔɔn,phonetic,brain,,,,
4-202-814-1,mlab1235,Mlabri,1605,ca ʔɛŋ glə,phonetic,skull,,,,
4-200-814-1,mlab1235,Mlabri,1256,glə,phonetic,head,,,,
4-191-814-1,mlab1235,Mlabri,805,sriŋ cəʔ dup,phonetic,spine,,,,
4-190-814-1,mlab1235,Mlabri,1291,cəʔ dup,phonetic,back,,,,
4-180-814-1,mlab1235,Mlabri,1220,hɨ ta,phonetic,tail,,,,
4-170-814-1,mlab1235,Mlabri,1393,kaw,phonetic,horn,,,,
4-162-814-1,mlab1235,Mlabri,801,trək,phonetic,rib,,,,
4-160-814-1,mlab1235,Mlabri,1394,ca ʔɛŋ,phonetic,bone,,,,
4-151-814-1,mlab1235,Mlabri,525,tar mhaŋ,phonetic,"vein, artery",,,,
4-150-814-1,mlab1235,Mlabri,946,mhaŋ,phonetic,blood,,,,
4-146-814-1,mlab1235,Mlabri,576,si khaj,phonetic,dandruff,,,,
4-145-814-1,mlab1235,Mlabri,36,kul muj doŋ,phonetic,pubic hair,,,,
4-144-814-1,mlab1235,Mlabri,189,kul muj,phonetic,body hair,,,,
4-142-814-1,mlab1235,Mlabri,678,kul muj,phonetic,beard,,,,
4-140-814-1,mlab1235,Mlabri,1040,kul muj,phonetic,hair (head),,,,
4-130-814-1,mlab1235,Mlabri,2259,cin,phonetic,flesh,,,,
4-120-814-1,mlab1235,Mlabri,763,gugu,phonetic,"skin, hide",,,,
4-110-814-1,mlab1235,Mlabri,1480,pat tok,phonetic,body,,,,
3-980-814-1,mlab1235,Mlabri,112,ka soŋ,phonetic,turtle,,,,
3-970-814-1,mlab1235,Mlabri,1857,kro,phonetic,"crocodile, alligator",,,,
3-960-814-1,mlab1235,Mlabri,632,wet,phonetic,lizard,,,,
3-950-814-1,mlab1235,Mlabri,503,tuk guk,phonetic,frog,,,,
3-940-814-1,mlab1235,Mlabri,1543,tɛk,phonetic,snail,,,,
3-930-814-1,mlab1235,Mlabri,607,buk luak,phonetic,grasshopper,,,,
3-920-814-1,mlab1235,Mlabri,1791,rɨp phɛp,phonetic,butterfly,,,,
3-910-814-1,mlab1235,Mlabri,206,kɨmlot,phonetic,firefly,,,,
3-850-814-1,mlab1235,Mlabri,730,tum ʔo,phonetic,snake,,,,
3-840-814-1,mlab1235,Mlabri,1219,biʔ,phonetic,worm,,,,
3-832-814-1,mlab1235,Mlabri,1509,mut,phonetic,mosquito,,,,
3-831-814-1,mlab1235,Mlabri,95,mut sɨr kɛŋ,phonetic,"sandfly (midge), gnat",,,,
3-830-814-1,mlab1235,Mlabri,1504,rɔj bliŋ,phonetic,fly,,,,
3-823-814-1,mlab1235,Mlabri,1517,thak kul,phonetic,wasp,,,,
3-822-814-1,mlab1235,Mlabri,88,muŋ ʔjek,phonetic,beehive,,,,
3-821-814-1,mlab1235,Mlabri,1931,ʔjak ʔjek,phonetic,beeswax,,,,
3-820-814-1,mlab1235,Mlabri,665,ʔjek,phonetic,bee,,,,
3-819-814-1,mlab1235,Mlabri,1065,gɛŋ,phonetic,spider web,,,,
3-818-814-1,mlab1235,Mlabri,843,bum bwaj,phonetic,spider,,,,
3-817-814-1,mlab1235,Mlabri,587,mot,phonetic,ant,,,,
3-816-814-1,mlab1235,Mlabri,1575,muk krup,phonetic,cockroach,,,,
3-815-814-1,mlab1235,Mlabri,1538,muk bok,phonetic,scorpion,,,,
3-814-814-1,mlab1235,Mlabri,1974,kɨm dep,phonetic,centipede,,,,
3-813-814-1,mlab1235,Mlabri,232,hɨ klɨt,phonetic,flea,,,,
3-812-814-1,mlab1235,Mlabri,267,khaj seʔ,phonetic,nit (louse egg),,,,
3-811-814-1,mlab1235,Mlabri,1392,seʔ,phonetic,louse,,,,
3-811-814-2,mlab1235,Mlabri,1392,seʔ,phonetic,louse,,,,
3-810-814-1,mlab1235,Mlabri,620,drun,phonetic,insect,,,,
3-770-814-1,mlab1235,Mlabri,1290,pum po,phonetic,elephant,,,,
3-760-814-1,mlab1235,Mlabri,1350,thaʔ wa,phonetic,monkey,,,,
3-750-814-1,mlab1235,Mlabri,1936,pol,phonetic,deer,,,,
3-730-814-1,mlab1235,Mlabri,1820,bɛk,phonetic,bear,,,,
3-720-814-1,mlab1235,Mlabri,1386,rwaj diŋ,phonetic,lion,,,,
3-710-814-1,mlab1235,Mlabri,522,brań bri,phonetic,wolf,,,,
3-665-814-1,mlab1235,Mlabri,1013,ka kwen,phonetic,freshwater eel,,,,
3-661-814-1,mlab1235,Mlabri,1110,ka bluŋ,phonetic,shark,,,,
3-655-814-1,mlab1235,Mlabri,598,throc,phonetic,shell,,,,
3-654-814-1,mlab1235,Mlabri,1916,trɛk kaʔ,phonetic,gill,,,,
3-653-814-1,mlab1235,Mlabri,266,klet kaʔ,phonetic,fishscale,,,,
3-652-814-1,mlab1235,Mlabri,213,sɨrtɛl,phonetic,fin (dorsal),,,,
3-650-814-1,mlab1235,Mlabri,227,kaʔ,phonetic,fish,,,,
3-630-814-1,mlab1235,Mlabri,2139,nhɛl,phonetic,"mouse, rat",,,,
3-620-814-1,mlab1235,Mlabri,1208,mɛw,phonetic,cat,,,,
3-614-814-1,mlab1235,Mlabri,1136,kaʔ taj,phonetic,rabbit,,,,
3-610-814-1,mlab1235,Mlabri,2009,brań,phonetic,dog,,,,
3-594-814-1,mlab1235,Mlabri,1853,chup chup,phonetic,dove,,,,
3-596-814-1,mlab1235,Mlabri,735,kli kloj,phonetic,owl,,,,
3-593-814-1,mlab1235,Mlabri,913,gin chan,phonetic,crow,,,,
3-592-814-1,mlab1235,Mlabri,882,brɨt brec,phonetic,parrot,,,,
3-591-814-1,mlab1235,Mlabri,1793,tɨ krek,phonetic,bat,,,,
3-585-814-1,mlab1235,Mlabri,307,ka laŋ,phonetic,hawk,,,,
3-581-814-1,mlab1235,Mlabri,937,ʔat,phonetic,bird,,,,
3-580-814-1,mlab1235,Mlabri,539,muŋ,phonetic,nest,,,,
3-570-814-1,mlab1235,Mlabri,1360,kap,phonetic,duck,,,,
3-550-814-1,mlab1235,Mlabri,1318,cɨr kɛŋ,phonetic,chicken,,,,
3-540-814-1,mlab1235,Mlabri,1514,cɨr kɛŋ ʔuj,phonetic,hen,,,,
3-520-814-1,mlab1235,Mlabri,1511,cɨr kɛŋ joŋ,phonetic,"cock, rooster",,,,
3-450-814-1,mlab1235,Mlabri,1647,ʔɛw braŋ,phonetic,"foal, colt",,,,
3-440-814-1,mlab1235,Mlabri,938,braŋ ʔuj,phonetic,mare,,,,
3-420-814-1,mlab1235,Mlabri,936,braŋ joŋ,phonetic,stallion,,,,
3-410-814-1,mlab1235,Mlabri,615,braŋ,phonetic,horse (equine),,,,
3-380-814-1,mlab1235,Mlabri,1972,ʔɛw gɛʔ,phonetic,kid,,,,
3-370-814-1,mlab1235,Mlabri,264,gɛʔ joŋ,phonetic,he-goat,,,,
3-360-814-1,mlab1235,Mlabri,1502,gɛʔ,phonetic,goat,,,,
3-350-814-1,mlab1235,Mlabri,1337,ca but,phonetic,pig,,,,
3-340-814-1,mlab1235,Mlabri,1351,ca but ʔu:j,phonetic,sow (2),,,,
3-320-814-1,mlab1235,Mlabri,1348,ŋaj joŋ,phonetic,boar,,,,
3-240-814-1,mlab1235,Mlabri,1989,ʔɛw lɨm ba,phonetic,calf,,,,
3-230-814-1,mlab1235,Mlabri,1007,lɨm ba: ʔuj,phonetic,cow,,,,
3-210-814-1,mlab1235,Mlabri,1008,lɨm ba joŋ,phonetic,bull,,,,
3-190-814-1,mlab1235,Mlabri,851,gɔk,phonetic,"stable, stall",,,,
3-130-814-1,mlab1235,Mlabri,2262,ʔuj,phonetic,female (adj),,,,
3-120-814-1,mlab1235,Mlabri,2261,joŋ,phonetic,male (adj),,,,
3-110-814-1,mlab1235,Mlabri,619,ʒaʔ də,phonetic,animal,,,,
2-960-814-1,mlab1235,Mlabri,817,ʔak bɛr ʔak thəŋ,phonetic,they,,,,
2-950-814-1,mlab1235,Mlabri,1213,ba thəŋ,phonetic,you (plural),,,,
2-940-814-1,mlab1235,Mlabri,1212,ʔa thəŋ,phonetic,we,,,,
2-930-814-1,mlab1235,Mlabri,262,kəm bɛr,phonetic,he/she/it,,,,
2-920-814-1,mlab1235,Mlabri,1215,mɛ,phonetic,you (singular),,,,
2-910-814-1,mlab1235,Mlabri,1209,ʔo,phonetic,I,,,,
2-820-814-1,mlab1235,Mlabri,194,taʔ ja,phonetic,family,,,,
2-810-814-1,mlab1235,Mlabri,1644,ʔok dah ʔok roj,phonetic,"relatives, kinsmen",,,,
2-770-814-1,mlab1235,Mlabri,1981,ta ram,phonetic,widower,,,,
2-760-814-1,mlab1235,Mlabri,1756,ja ram,phonetic,widow,,,,
2-750-814-1,mlab1235,Mlabri,1149,dom mɔj,phonetic,orphan,,,,
2-740-814-1,mlab1235,Mlabri,1058,ʔɛw ʔuj mhɛ,phonetic,stepdaughter,,,,
2-730-814-1,mlab1235,Mlabri,1059,ʔɛw joŋ mhɛ,phonetic,stepson,,,,
2-720-814-1,mlab1235,Mlabri,236,ʔuj mhɛ,phonetic,stepmother,,,,
2-710-814-1,mlab1235,Mlabri,237,joŋ mhɛ,phonetic,stepfather,,,,
2-641-814-1,mlab1235,Mlabri,2264,ʔɛw khəj,phonetic,daughter-in-law (of a woman),,,,
2-640-814-1,mlab1235,Mlabri,2265,ʔɛw khəj,phonetic,daughter-in-law (of a man),,,,
2-631-814-1,mlab1235,Mlabri,2266,ʔɛw khəj,phonetic,son-in-law (of a woman),,,,
2-630-814-1,mlab1235,Mlabri,2267,ʔɛw khəj,phonetic,son-in-law (of a man),,,,
2-621-814-1,mlab1235,Mlabri,2257,ʔuj mja,phonetic,mother-in-law (of a woman),,,,
2-611-814-1,mlab1235,Mlabri,2254,joŋ mja,phonetic,father-in-law (of a woman),,,,
2-550-814-1,mlab1235,Mlabri,1643,ʔo diʔ kreʔ ban,phonetic,cousin,,,,
2-540-814-1,mlab1235,Mlabri,1642,ʔiʔ nɔʔ ʔuj,phonetic,niece,,,,
2-530-814-1,mlab1235,Mlabri,1063,ʔiʔ nɔʔ joŋ,phonetic,nephew,,,,
2-522-814-1,mlab1235,Mlabri,170,jaʔ,phonetic,father's sister,,,,
2-520-814-1,mlab1235,Mlabri,1272,jaʔ,phonetic,aunt,,,,
2-521-814-1,mlab1235,Mlabri,171,jaʔ,phonetic,mother's sister,,,,
2-512-814-1,mlab1235,Mlabri,1985,taʔ,phonetic,father's brother,,,,
2-511-814-1,mlab1235,Mlabri,1984,taʔ,phonetic,mother's brother,,,,
2-510-814-1,mlab1235,Mlabri,1327,taʔ,phonetic,uncle,,,,
2-480-814-1,mlab1235,Mlabri,1618,ʔiʔ nɔʔ,phonetic,grandson,,,,
2-490-814-1,mlab1235,Mlabri,1619,ʔiʔ nɔʔ ʔuj,phonetic,granddaughter,,,,
2-471-814-1,mlab1235,Mlabri,907,ʔuj sak kam ruj,phonetic,old woman,,,,
2-470-814-1,mlab1235,Mlabri,1496,ʔi ja:,phonetic,grandmother,,,,
2-461-814-1,mlab1235,Mlabri,406,sak kam ruj,phonetic,old man,,,,
2-460-814-1,mlab1235,Mlabri,1383,ʔi ta,phonetic,grandfather,,,,
2-458-814-1,mlab1235,Mlabri,1005,ʔɛw pa pɛt,phonetic,twins,,,,
2-456-814-1,mlab1235,Mlabri,1640,diŋ roj,phonetic,sibling,,,,
2-455-814-1,mlab1235,Mlabri,1761,roj rhə:,phonetic,younger sister,,,,
2-454-814-1,mlab1235,Mlabri,1758,diŋ rhə:,phonetic,older sister,,,,
2-445-814-1,mlab1235,Mlabri,1760,roj baw,phonetic,younger brother,,,,
2-444-814-1,mlab1235,Mlabri,1759,diŋ joŋ,phonetic,older brother,,,,
2-430-814-1,mlab1235,Mlabri,1801,ʔɛw,phonetic,offspring (son or daughter),,,,
2-420-814-1,mlab1235,Mlabri,1357,ʔaj ʔuj,phonetic,daughter,,,,
2-410-814-1,mlab1235,Mlabri,1620,ʔaj joŋ,phonetic,son,,,,
2-370-814-1,mlab1235,Mlabri,505,məm məʔ,phonetic,parents,,,,
2-350-814-1,mlab1235,Mlabri,1217,məm,phonetic,father,,,,
2-341-814-1,mlab1235,Mlabri,1134,pak dor,phonetic,divorce,,,,
2-330-814-1,mlab1235,Mlabri,203,ʔek,phonetic,marry,,,,
2-320-814-1,mlab1235,Mlabri,1199,ʔak mja,phonetic,wife,,,,
2-310-814-1,mlab1235,Mlabri,1200,ʔak laŋ,phonetic,husband,,,,
2-280-814-1,mlab1235,Mlabri,1289,ʔak rok,phonetic,"infant, baby",,,,
2-270-814-1,mlab1235,Mlabri,1304,ʔaj tak,phonetic,child,,,,
2-261-814-1,mlab1235,Mlabri,77,hɨ rə,phonetic,young woman (adolescent),,,,
2-260-814-1,mlab1235,Mlabri,1646,ʔaj ʔuj,phonetic,girl,,,,
2-251-814-1,mlab1235,Mlabri,76,baw,phonetic,young man (adolescent),,,,
2-250-814-1,mlab1235,Mlabri,1366,ʔaj joŋ,phonetic,boy,,,,
2-240-814-1,mlab1235,Mlabri,1551,ʔuj,phonetic,female,,,,
2-230-814-1,mlab1235,Mlabri,1553,joŋ,phonetic,male,,,,
2-220-814-1,mlab1235,Mlabri,962,ʔuj,phonetic,woman,,,,
2-210-814-1,mlab1235,Mlabri,1554,joŋ,phonetic,man (vs. woman),,,,
2-100-814-1,mlab1235,Mlabri,683,mla,phonetic,"person, human being",,,,
1-890-814-1,mlab1235,Mlabri,1188,ka tɛl,phonetic,charcoal,,,,
1-880-814-1,mlab1235,Mlabri,10,hɨ ke,phonetic,firewood,,,,
1-870-814-1,mlab1235,Mlabri,1133,kul lhek,phonetic,match (noun),,,,
1-861-814-1,mlab1235,Mlabri,127,pa blɨt,phonetic,extinguish,,,,
1-860-814-1,mlab1235,Mlabri,737,pat toʔ,phonetic,"light, kindle, ignite",,,,
1-852-814-1,mlab1235,Mlabri,1428,klɨk klik,phonetic,burn (vb intrans),,,,
1-851-814-1,mlab1235,Mlabri,141,bu ʔuj,phonetic,burn (vb trans),,,,
1-841-814-1,mlab1235,Mlabri,67,ka tɛl,phonetic,embers,,,,
1-840-814-1,mlab1235,Mlabri,646,kur bol,phonetic,ashes,,,,
1-830-814-1,mlab1235,Mlabri,778,um nuŋ,phonetic,smoke (noun),,,,
1-810-814-1,mlab1235,Mlabri,221,hɨ ke,phonetic,fire,,,,
1-770-814-1,mlab1235,Mlabri,617,nam khɛŋ,phonetic,ice,,,,
1-750-814-1,mlab1235,Mlabri,658,mɛʔ,phonetic,rain (noun),,,,
1-740-814-1,mlab1235,Mlabri,249,la mɔk,phonetic,fog,,,,
1-720-814-1,mlab1235,Mlabri,960,ra mɨt,phonetic,wind,,,,
1-730-814-1,mlab1235,Mlabri,1489,kup,phonetic,cloud,,,,
1-640-814-1,mlab1235,Mlabri,1977,la mɔk,phonetic,dew,,,,
1-630-814-1,mlab1235,Mlabri,1388,sɨr mal,phonetic,"shade, shadow",,,,
1-620-814-1,mlab1235,Mlabri,11,thɨl dil,phonetic,darkness,,,,
1-610-814-1,mlab1235,Mlabri,630,gan,phonetic,light (noun),,,,
1-590-814-1,mlab1235,Mlabri,1733,tot paŋ,phonetic,rainbow,,,,
1-580-814-1,mlab1235,Mlabri,858,pa rɛl,phonetic,storm,,,,
1-560-814-1,mlab1235,Mlabri,1150,kɨr,phonetic,thunder,,,,
1-570-814-1,mlab1235,Mlabri,2007,kɨr poh,phonetic,lightning (as striking),,,,
1-550-814-1,mlab1235,Mlabri,1654,pha lɛk,phonetic,lightning,,,,
1-540-814-1,mlab1235,Mlabri,1430,sam mon,phonetic,star,,,,
1-530-814-1,mlab1235,Mlabri,1313,ʔuj kiʔ,phonetic,moon,,,,
1-520-814-1,mlab1235,Mlabri,1343,ʔak ʒoŋ,phonetic,sun,,,,
1-510-814-1,mlab1235,Mlabri,1732,klar,phonetic,sky,,,,
1-440-814-1,mlab1235,Mlabri,2125,gɛp,phonetic,"stone, rock",,,,
1-430-814-1,mlab1235,Mlabri,1803,lam,phonetic,wood,,,,
1-420-814-1,mlab1235,Mlabri,906,lam,phonetic,tree (cf 08.600),,,,
1-410-814-1,mlab1235,Mlabri,420,briʔ,phonetic,"woods, forest",,,,
1-390-814-1,mlab1235,Mlabri,943,wək tɛm tɛm,phonetic,waterfall,,,,
1-380-814-1,mlab1235,Mlabri,1145,khun,phonetic,swamp,,,,
1-370-814-1,mlab1235,Mlabri,2144,wək ka thal,phonetic,"spring, well",,,,
1-362-814-1,mlab1235,Mlabri,1982,wək wɨŋ kwit,phonetic,whirlpool,,,,
1-360-814-1,mlab1235,Mlabri,666,wək,phonetic,"river, stream, brook",,,,
1-324-814-1,mlab1235,Mlabri,1768,kul buih,phonetic,foam,,,,
1-320-814-1,mlab1235,Mlabri,1474,tha le,phonetic,sea,,,,
1-310-814-1,mlab1235,Mlabri,948,wək,phonetic,water,,,,
1-280-814-1,mlab1235,Mlabri,1155,kru ʔuŋ,phonetic,cave,,,,
1-270-814-1,mlab1235,Mlabri,113,rim wək,phonetic,shore,,,,
1-260-814-1,mlab1235,Mlabri,166,bɛʔ baj kwaŋ,phonetic,mainland,,,,
1-250-814-1,mlab1235,Mlabri,622,kɔʔ,phonetic,island,,,,
1-240-814-1,mlab1235,Mlabri,921,kiw lək,phonetic,valley,,,,
1-230-814-1,mlab1235,Mlabri,652,doŋ,phonetic,"plain, field",,,,
1-222-814-1,mlab1235,Mlabri,618,ka lɨt,phonetic,"cliff, precipice",,,,
1-220-814-1,mlab1235,Mlabri,2118,ʒa bo,phonetic,"mountain, hill",,,,
1-214-814-1,mlab1235,Mlabri,640,brəʔ,phonetic,mud,,,,
1-215-814-1,mlab1235,Mlabri,671,saj,phonetic,sand,,,,
1-213-814-1,mlab1235,Mlabri,2,fun,phonetic,dust,,,,
1-212-814-1,mlab1235,Mlabri,1228,bɛʔ,phonetic,"earth=ground, soil",,,,
1-210-814-1,mlab1235,Mlabri,626,bɛʔ,phonetic,"earth, land",,,,
14-330-814-1,mlab1235,Mlabri,1544,du rum thɨ:,phonetic,sometimes,,,,
14-331-814-1,mlab1235,Mlabri,703,kɔ bɔ prem,phonetic,soon,,,,
14-332-814-1,mlab1235,Mlabri,418,prem,phonetic,long-time (for a),,,,
14-340-814-1,mlab1235,Mlabri,1656,ki kəj,phonetic,never,,,,
14-350-814-1,mlab1235,Mlabri,204,mat thɨ,phonetic,again,,,,
14-410-814-1,mlab1235,Mlabri,1225,kiʔ,phonetic,day,,,,
14-420-814-1,mlab1235,Mlabri,1233,ni lɛk,phonetic,night,,,,
14-430-814-1,mlab1235,Mlabri,729,tak ki,phonetic,dawn,,,,
14-440-814-1,mlab1235,Mlabri,1339,tak ki,phonetic,morning,,,,
14-451-814-1,mlab1235,Mlabri,1807,baj,phonetic,afternoon,,< T,,
14-460-814-1,mlab1235,Mlabri,1629,kan lɛŋ,phonetic,evening,,,,
14-470-814-1,mlab1235,Mlabri,1283,tal kɔ,phonetic,today,,,,
14-480-814-1,mlab1235,Mlabri,1329,ma ʔɨn,phonetic,tomorrow,,< T,,
14-481-814-1,mlab1235,Mlabri,1179,ma hɨ,phonetic,day-after-tomorrow,,< T,,
14-490-814-1,mlab1235,Mlabri,1174,ti wa:,phonetic,yesterday,,< T,,
14-491-814-1,mlab1235,Mlabri,1180,ma nʌ,phonetic,day-before-yesterday,,,,
14-710-814-1,mlab1235,Mlabri,1370,kiʔ,phonetic,month,,,,
14-730-814-1,mlab1235,Mlabri,1226,nham,phonetic,year,,,,
14-740-814-1,mlab1235,Mlabri,1471,ńam ta kat,phonetic,winter,,,,
14-760-814-1,mlab1235,Mlabri,1342,ńam tha ʔur,phonetic,summer,,,,
14-780-814-1,mlab1235,Mlabri,691,ńam,phonetic,season,,,,
15-210-814-1,mlab1235,Mlabri,1587,gwɨt,phonetic,smell (vb intrans),,,,
15-212-814-1,mlab1235,Mlabri,375,muk,phonetic,sniff,,,,
15-220-814-1,mlab1235,Mlabri,1586,muk,phonetic,smell (vb trans),,,,
15-250-814-1,mlab1235,Mlabri,376,hɔm,phonetic,"fragrant, good smelling",,,,
15-260-814-1,mlab1235,Mlabri,42,sa ʔum,phonetic,"stinking, bad smelling",,,,
15-310-814-1,mlab1235,Mlabri,21,ʒɔj,phonetic,taste,,,,
15-350-814-1,mlab1235,Mlabri,717,ʒɔj,phonetic,sweet,,,,
15-360-814-1,mlab1235,Mlabri,1091,gem,phonetic,salty,,,,
15-370-814-1,mlab1235,Mlabri,887,saŋ,phonetic,bitter,,,,
15-380-814-1,mlab1235,Mlabri,1906,sat,phonetic,"acid, sour",,,,
15-410-814-1,mlab1235,Mlabri,1408,mət,phonetic,hear,,,,
15-420-814-1,mlab1235,Mlabri,1608,ŋam,phonetic,listen,,,,
15-440-814-1,mlab1235,Mlabri,1811,grɨ,phonetic,"sound, noise",,,,
15-450-814-1,mlab1235,Mlabri,377,rew,phonetic,loud,,,,
15-460-814-1,mlab1235,Mlabri,1314,ʒren,phonetic,"quiet, silence",,,,
15-510-814-1,mlab1235,Mlabri,1409,mʌc,phonetic,see,,,,
15-520-814-1,mlab1235,Mlabri,1819,dəŋ,phonetic,"look, look at",,,,
15-560-814-1,mlab1235,Mlabri,708,ka taj,phonetic,shine,,,,
15-570-814-1,mlab1235,Mlabri,679,tral,phonetic,bright,,,,
15-610-814-1,mlab1235,Mlabri,1613,si,phonetic,color,,,,
15-640-814-1,mlab1235,Mlabri,1335,ba lak,phonetic,white,,,,
15-650-814-1,mlab1235,Mlabri,163,pha dam,phonetic,black,,,,
15-660-814-1,mlab1235,Mlabri,156,lɛŋ,phonetic,red,,< T,,
15-670-814-1,mlab1235,Mlabri,837,si fa,phonetic,blue,,< T,,
15-680-814-1,mlab1235,Mlabri,1425,bɨn liŋ,phonetic,green,,,,
15-690-814-1,mlab1235,Mlabri,1424,wək ʔjek,phonetic,yellow,,,,
15-710-814-1,mlab1235,Mlabri,1892,toc,phonetic,touch,,,,
15-712-814-1,mlab1235,Mlabri,378,plɛk,phonetic,pinch,,,,
15-720-814-1,mlab1235,Mlabri,1079,ʔa mʌt,phonetic,feel,,,,
15-740-814-1,mlab1235,Mlabri,1884,kle,phonetic,hard,,,,
15-750-814-1,mlab1235,Mlabri,1856,kur kjur,phonetic,soft,,,,
15-760-814-1,mlab1235,Mlabri,1923,tra pum tra pɔm,phonetic,rough,,,,
15-770-814-1,mlab1235,Mlabri,1234,tha lu,phonetic,smooth,,,,
15-780-814-1,mlab1235,Mlabri,1396,khom,phonetic,sharp,,< T,,
15-790-814-1,mlab1235,Mlabri,379,siw,phonetic,"blunt, dull",,,,
15-810-814-1,mlab1235,Mlabri,1210,nak,phonetic,heavy,,< T,,
15-820-814-1,mlab1235,Mlabri,1052,sual,phonetic,light (in weight),,,,
15-830-814-1,mlab1235,Mlabri,1726,skɔ,phonetic,"wet, damp",,,,
15-840-814-1,mlab1235,Mlabri,1398,srɔn,phonetic,dry,,,,
15-850-814-1,mlab1235,Mlabri,1286,pluŋ,phonetic,hot,,,,
15-851-814-1,mlab1235,Mlabri,1232,tha ʔun,phonetic,warm,,,,
15-860-814-1,mlab1235,Mlabri,1287,ta kat,phonetic,cold,,,,
15-870-814-1,mlab1235,Mlabri,704,pja kle,phonetic,clean,,,,
15-880-814-1,mlab1235,Mlabri,1230,kɔ bɔ pja kle,phonetic,"dirty, soiled",,,,
15-890-814-1,mlab1235,Mlabri,380,ńhot ńhet,phonetic,wrinkled,,,,
16-180-814-1,mlab1235,Mlabri,720,pja kle,phonetic,"good fortune, luck",,,,
16-190-814-1,mlab1235,Mlabri,56,kɔ bɔ pja kle,phonetic,"misfortune, bad luck",,,,
16-230-814-1,mlab1235,Mlabri,1495,pja kle,phonetic,"joyful, glad, happy",,,,
16-250-814-1,mlab1235,Mlabri,1355,hɨr lɛ,phonetic,laugh,,,,
16-251-814-1,mlab1235,Mlabri,1451,muc mɛc,phonetic,smile,,,,
16-260-814-1,mlab1235,Mlabri,1413,pam,phonetic,play,,,,
16-270-814-1,mlab1235,Mlabri,923,mak,phonetic,love,,,,
16-290-814-1,mlab1235,Mlabri,578,muk,phonetic,kiss,,,,
16-300-814-1,mlab1235,Mlabri,928,khut kwat,phonetic,embrace,,,,
16-310-814-1,mlab1235,Mlabri,1783,gret,phonetic,pain,,,,
16-320-814-1,mlab1235,Mlabri,1668,ʔɔn klol,phonetic,"grief, sorrow, sadness",,,,
16-340-814-1,mlab1235,Mlabri,1875,ʔɔn klol,phonetic,"regret, be sorry",,,,
16-350-814-1,mlab1235,Mlabri,1141,ʔen du,phonetic,pity,,< T,,
16-370-814-1,mlab1235,Mlabri,1839,bek,phonetic,"cry, weep",,,,
16-380-814-1,mlab1235,Mlabri,1651,hwaj mat,phonetic,tear (noun),,,,
16-390-814-1,mlab1235,Mlabri,716,ʔəj,phonetic,groan,,,,
16-410-814-1,mlab1235,Mlabri,1607,cɨr mɨk,phonetic,hate,,,,
16-420-814-1,mlab1235,Mlabri,82,ʒɨt,phonetic,anger,,,,
16-440-814-1,mlab1235,Mlabri,40,bɨn di,phonetic,"envy, jealousy",,,,
16-450-814-1,mlab1235,Mlabri,1776,ʔaj na,phonetic,shame (noun),,< T,,
16-510-814-1,mlab1235,Mlabri,1779,klɨ klɛ,phonetic,dare,,,,
16-520-814-1,mlab1235,Mlabri,3,klɨ klɛ,phonetic,brave,,,,
16-530-814-1,mlab1235,Mlabri,781,kraw,phonetic,"fear, fright",,,,
16-540-814-1,mlab1235,Mlabri,1810,gɨm,phonetic,danger,,,,
16-620-814-1,mlab1235,Mlabri,1784,si ʔe:k,phonetic,"desire, want",,,,
16-622-814-1,mlab1235,Mlabri,1750,kwel,phonetic,choose,,,,
16-660-814-1,mlab1235,Mlabri,1657,dɛ,phonetic,true,,,,
16-670-814-1,mlab1235,Mlabri,601,thuk luak,phonetic,"lie, tell lies",,,,
16-680-814-1,mlab1235,Mlabri,13,thuk luak,phonetic,deceit,,,,
16-710-814-1,mlab1235,Mlabri,1035,pja kle,phonetic,good,,,,
16-720-814-1,mlab1235,Mlabri,1292,kɔ bɔ pja kle,phonetic,bad,,,,
16-730-814-1,mlab1235,Mlabri,1725,kreʔ,phonetic,"right, correct",,,,
16-740-814-1,mlab1235,Mlabri,1390,kɔ bɔ kreʔ,phonetic,wrong,,,,
16-760-814-1,mlab1235,Mlabri,134,kɔ bɔ kreʔ,phonetic,fault,,,,
16-770-814-1,mlab1235,Mlabri,1293,kɔ bɔ kreʔ,phonetic,"mistake, error",,,,
16-780-814-1,mlab1235,Mlabri,381,gɨm tɔn,phonetic,blame,,,,
16-810-814-1,mlab1235,Mlabri,1427,ŋam,phonetic,beautiful,,< T,,
16-820-814-1,mlab1235,Mlabri,1548,kɔ bɔ ŋam,phonetic,ugly,,,,
17-140-814-1,mlab1235,Mlabri,1513,gɨt,phonetic,think (= be of the opinion),,< T,,
17-150-814-1,mlab1235,Mlabri,1890,baŋ,phonetic,believe,,,,
17-160-814-1,mlab1235,Mlabri,1536,ʔa mʌt,phonetic,understand,,,,
17-170-814-1,mlab1235,Mlabri,1410,mʌc,phonetic,know,,,,
17-190-814-1,mlab1235,Mlabri,1609,ʔa gɨt,phonetic,"idea, notion",,,,
17-220-814-1,mlab1235,Mlabri,1518,lɨʔ mʌ,phonetic,"foolish, stupid",,,,
17-230-814-1,mlab1235,Mlabri,1899,lɨʔ mʌ,phonetic,"insane, crazy",,,,
17-240-814-1,mlab1235,Mlabri,504,khian mʌt,phonetic,learn,,< T,,
17-242-814-1,mlab1235,Mlabri,1929,khian,phonetic,study,,< T,,
17-250-814-1,mlab1235,Mlabri,709,sɔn,phonetic,teach,,< T,,
17-260-814-1,mlab1235,Mlabri,753,nak hian,phonetic,pupil,,< T,,
17-270-814-1,mlab1235,Mlabri,1038,kru ʔa can,phonetic,teacher,,< T,,
17-280-814-1,mlab1235,Mlabri,673,hoŋ hian,phonetic,school,,< T,,
17-310-814-1,mlab1235,Mlabri,707,gɨt,phonetic,remember,,,,
17-320-814-1,mlab1235,Mlabri,1523,hɨr liŋ,phonetic,forget,,,,
17-380-814-1,mlab1235,Mlabri,1626,tʌń,phonetic,explain,,,,
17-410-814-1,mlab1235,Mlabri,1162,ta laj,phonetic,"intention, purpose",,,,
17-430-814-1,mlab1235,Mlabri,1308,gɨt,phonetic,doubt,,,,
17-440-814-1,mlab1235,Mlabri,1841,gɨt,phonetic,suspect,,,,
17-460-814-1,mlab1235,Mlabri,686,ŋaj,phonetic,easy,,< T,,
17-470-814-1,mlab1235,Mlabri,584,jak,phonetic,difficult,,< T,,
17-480-814-1,mlab1235,Mlabri,1812,lɔŋ,phonetic,"try, attempt",,< T,,
17-510-814-1,mlab1235,Mlabri,1577,lɨŋ,phonetic,and,,,,
17-520-814-1,mlab1235,Mlabri,1157,ʔi ʔoj,phonetic,because,,,,
17-530-814-1,mlab1235,Mlabri,1459,gɨn,phonetic,if,,,,
17-540-814-1,mlab1235,Mlabri,1014,ńɔʔ,phonetic,or,,,,
17-550-814-1,mlab1235,Mlabri,1268,mɛn,phonetic,"yes, affirmative",,< T,,
17-560-814-1,mlab1235,Mlabri,1269,ki mɛn,phonetic,"no, negative",,,,
17-610-814-1,mlab1235,Mlabri,1239,siŋ de,phonetic,how?,,,,
17-620-814-1,mlab1235,Mlabri,822,pan də,phonetic,how many?,,,,
17-630-814-1,mlab1235,Mlabri,531,pan də,phonetic,how much?,,,,
17-640-814-1,mlab1235,Mlabri,1236,ci ńʌ,phonetic,what?,,,,
17-650-814-1,mlab1235,Mlabri,1238,whan də,phonetic,when?,,,,
17-660-814-1,mlab1235,Mlabri,1237,ni də,phonetic,where?,,,,
17-670-814-1,mlab1235,Mlabri,727,ci də,phonetic,which?,,,,
17-680-814-1,mlab1235,Mlabri,1235,tɨŋ,phonetic,who?,,,,
17-690-814-1,mlab1235,Mlabri,1270,ʔə ci ńʌ,phonetic,why?,,,,
18-110-814-1,mlab1235,Mlabri,1363,grɨʔ,phonetic,voice,,,,
18-120-814-1,mlab1235,Mlabri,1261,rɔŋ phleŋ,phonetic,sing,,< T,,
18-130-814-1,mlab1235,Mlabri,715,crəw,phonetic,"shout, cry out",,,,
18-150-814-1,mlab1235,Mlabri,55,bɔ bɛp,phonetic,whisper,,,,
18-160-814-1,mlab1235,Mlabri,128,tɨt tɨt,phonetic,mumble,,,,
18-170-814-1,mlab1235,Mlabri,1025,piw,phonetic,whistle,,,,
18-180-814-1,mlab1235,Mlabri,298,crəw,phonetic,"shriek, screech",,,,
18-190-814-1,mlab1235,Mlabri,526,kləw,phonetic,howl,,,,
18-210-814-1,mlab1235,Mlabri,1623,tɔn,phonetic,"speak, talk",,,,
18-220-814-1,mlab1235,Mlabri,1458,tɔn,phonetic,say,,,,
18-221-814-1,mlab1235,Mlabri,1711,bɨr tak,phonetic,tell story,,,,
18-230-814-1,mlab1235,Mlabri,48,ʒren,phonetic,silent (be),,,,
18-240-814-1,mlab1235,Mlabri,1307,sɨm bɛp,phonetic,language,,,,
18-280-814-1,mlab1235,Mlabri,1405,bɨr ʔi,phonetic,name,,,,
18-310-814-1,mlab1235,Mlabri,1309,sop,phonetic,"ask (question, inquire)",,,,
18-320-814-1,mlab1235,Mlabri,1275,tɔn,phonetic,answer,,,,
18-350-814-1,mlab1235,Mlabri,1828,krɔ,phonetic,"ask, request",,,,
18-380-814-1,mlab1235,Mlabri,83,ha:m,phonetic,forbid,,< T,,
18-410-814-1,mlab1235,Mlabri,1084,crəw,phonetic,call (=summon),,,,
18-420-814-1,mlab1235,Mlabri,180,crəw,phonetic,call (=name),,,,
18-440-814-1,mlab1235,Mlabri,1192,pa lu,phonetic,threaten,,,,
18-510-814-1,mlab1235,Mlabri,1672,khian,phonetic,write,,< T,,
18-520-814-1,mlab1235,Mlabri,724,ʔan,phonetic,read,,< T,,
18-560-814-1,mlab1235,Mlabri,648,kra dat,phonetic,paper,,< T,,
18-570-814-1,mlab1235,Mlabri,794,pak ka,phonetic,pen,,< T,,
18-610-814-1,mlab1235,Mlabri,963,naŋ sɨ,phonetic,book,,< T,,
18-710-814-1,mlab1235,Mlabri,777,khuj,phonetic,flute,,< T,,
18-720-814-1,mlab1235,Mlabri,908,klɔŋ,phonetic,drum,,< T,,
19-110-814-1,mlab1235,Mlabri,1300,pra thet,phonetic,country,,< T,,
19-160-814-1,mlab1235,Mlabri,930,gɛŋ,phonetic,village,,,,
19-210-814-1,mlab1235,Mlabri,789,mla,phonetic,people (populace),,,,
19-240-814-1,mlab1235,Mlabri,301,hua na,phonetic,"chief, chieftain",,< T,,
19-250-814-1,mlab1235,Mlabri,1296,kɨn cə,phonetic,"staff, walking stick",,,,
19-370-814-1,mlab1235,Mlabri,1032,mla,phonetic,"citizen, subject",,,,
19-410-814-1,mlab1235,Mlabri,383,ca sre,phonetic,master,,,,
19-460-814-1,mlab1235,Mlabri,1635,baŋ,phonetic,obey,,,,
19-510-814-1,mlab1235,Mlabri,1325,phɨan,phonetic,"friend, companion",,< T,,
19-580-814-1,mlab1235,Mlabri,1897,ʒɔj,phonetic,"help, aid",,,,
19-620-814-1,mlab1235,Mlabri,1848,pa lu,phonetic,"strife, quarrel",,,,
19-650-814-1,mlab1235,Mlabri,1831,mʌc,phonetic,meet,,,,
20-110-814-1,mlab1235,Mlabri,1423,tɛk,phonetic,fight (vb),,,,
20-170-814-1,mlab1235,Mlabri,1941,ca sre,phonetic,soldier,,,,
20-222-814-1,mlab1235,Mlabri,386,kwɛk,phonetic,battle-ax,,,,
20-230-814-1,mlab1235,Mlabri,387,ʔi ko:ŋ,phonetic,sling,,,,
20-240-814-1,mlab1235,Mlabri,994,mɔ mɛ,phonetic,bow,,,,
20-250-814-1,mlab1235,Mlabri,977,lhen,phonetic,arrow,,,,
20-260-814-1,mlab1235,Mlabri,945,khɔt,phonetic,spear,,,,
20-270-814-1,mlab1235,Mlabri,1535,ŋaw,phonetic,sword,,< T,,
20-280-814-1,mlab1235,Mlabri,1566,hɨŋ kok,phonetic,"gun, cannon",,,,
20-420-814-1,mlab1235,Mlabri,782,kan,phonetic,defeat,,< T,,
20-450-814-1,mlab1235,Mlabri,421,gɨn,phonetic,retreat,,,,
20-460-814-1,mlab1235,Mlabri,1696,kan,phonetic,surrender,,< T,,
20-530-814-1,mlab1235,Mlabri,19,tar,phonetic,fishing line,,,,
20-610-814-1,mlab1235,Mlabri,1435,kwel,phonetic,hunt,,,,
20-620-814-1,mlab1235,Mlabri,1172,pen,phonetic,shoot,,,,
20-630-814-1,mlab1235,Mlabri,161,brɛt,phonetic,miss (target),,,,
21-160-814-1,mlab1235,Mlabri,1818,ńam dɔk,phonetic,judge (vb),,,,
21-170-814-1,mlab1235,Mlabri,1067,ńam dɔk,phonetic,judgment,,,,
21-240-814-1,mlab1235,Mlabri,1939,tɔn dɔk,phonetic,swear,,,,
21-250-814-1,mlab1235,Mlabri,1712,tɔn dɔk,phonetic,oath,,,,
21-360-814-1,mlab1235,Mlabri,90,pjaʔ kle,phonetic,innocent,,,,
21-380-814-1,mlab1235,Mlabri,218,toc,phonetic,fine,,,,
21-420-814-1,mlab1235,Mlabri,845,pa bɨl,phonetic,murder,,,,
21-510-814-1,mlab1235,Mlabri,713,lɔj,phonetic,steal,,,,
22-130-814-1,mlab1235,Mlabri,911,kut diŋ,phonetic,"temple, church",,,,
22-260-814-1,mlab1235,Mlabri,303,ʔot,phonetic,fast (vb),,,,
22-310-814-1,mlab1235,Mlabri,1565,klar,phonetic,heaven,,,,
22-320-814-1,mlab1235,Mlabri,878,na rok,phonetic,hell,,< T,,
22-350-814-1,mlab1235,Mlabri,1973,sin re:,phonetic,demon (evil spirit),,,,
22-420-814-1,mlab1235,Mlabri,392,ma phap,phonetic,"magic, witchcraft, sorcery",,,,
22-450-814-1,mlab1235,Mlabri,1175,sin re:,phonetic,"ghost, phantom",,,,
