ID,Language_ID,Language_name,Parameter_ID,Value,Transcription,Concept,Source,Comment,AlternativeValue,AlternativeTranscription
14-240-275-1,esee1248,Ese Ejja (Huarayo),425,šono-šono-kwe,Phonemic,"retard, delay",,,,
14-230-275-1,esee1248,Ese Ejja (Huarayo),754,kwahi-kwahi-kwe,Phonemic,"hasten, hurry",,,,
14-220-275-1,esee1248,Ese Ejja (Huarayo),701,kia-šono,Phonemic,slow,,,,
14-210-275-1,esee1248,Ese Ejja (Huarayo),1631,kwahi-kwahi,Phonemic,"swift, fast, quick",,,,
14-180-275-1,esee1248,Ese Ejja (Huarayo),1376,xeya-wa,Phonemic,now,,,,
14-160-275-1,esee1248,Ese Ejja (Huarayo),672,xia-wa,Phonemic,early,,,,
14-150-275-1,esee1248,Ese Ejja (Huarayo),1229,e-čii,Phonemic,old,,,,
14-140-275-1,esee1248,Ese Ejja (Huarayo),1207,dexa šoʔi,Phonemic,young,,,,
13-370-275-1,esee1248,Ese Ejja (Huarayo),1888,beka,Phonemic,pair,,,,
13-350-275-1,esee1248,Ese Ejja (Huarayo),1529,tixe-nee,Phonemic,last,,,,
13-340-275-1,esee1248,Ese Ejja (Huarayo),728,e-bio-nee,Phonemic,first,,,,
13-240-275-1,esee1248,Ese Ejja (Huarayo),816,e-sexa,Phonemic,half,,,,
13-230-275-1,esee1248,Ese Ejja (Huarayo),779,e-mihi,Phonemic,"part, piece",,,,
13-220-275-1,esee1248,Ese Ejja (Huarayo),1624,xexe-ʔama,Phonemic,empty,,,,
13-210-275-1,esee1248,Ese Ejja (Huarayo),1429,kia-xexe,Phonemic,full,,,,
13-170-275-1,esee1248,Ese Ejja (Huarayo),1242,wiso-ʔama,Phonemic,"little (quantity), few",,,,
13-180-275-1,esee1248,Ese Ejja (Huarayo),1881,kia-wiso-nee,Phonemic,enough,,,,
13-150-275-1,esee1248,Ese Ejja (Huarayo),1198,kia-wiso-nee,Phonemic,"much, many",,,,
13-50-275-1,esee1248,Ese Ejja (Huarayo),493,e'me,Phonemic,five,,,,
13-20-275-1,esee1248,Ese Ejja (Huarayo),1498,biawe,Phonemic,two,,,,
13-20-275-3,esee1248,Ese Ejja (Huarayo),1498,beka,Phonemic,two,,,,
13-10-275-1,esee1248,Ese Ejja (Huarayo),1493,owe,Phonemic,one,,,,
13-0-275-1,esee1248,Ese Ejja (Huarayo),1294,ča-'ma,Phonemic,"zero, nothing",,,,
12-930-275-1,esee1248,Ese Ejja (Huarayo),1264,e-sose-xe kia kwe,Phonemic,change,,,,
12-850-275-1,esee1248,Ese Ejja (Huarayo),1667,e-wexa,Phonemic,hole,,,,
12-830-275-1,esee1248,Ese Ejja (Huarayo),1845,kia-kopo,Phonemic,"sphere, ball",,,,
12-810-275-1,esee1248,Ese Ejja (Huarayo),1395,kopo-kopo,Phonemic,round,,From José Alvarez.,,
12-780-275-1,esee1248,Ese Ejja (Huarayo),850,kia-soe,Phonemic,square,,,,
12-740-275-1,esee1248,Ese Ejja (Huarayo),297,kia-koi,Phonemic,crooked,,,,
12-740-275-3,esee1248,Ese Ejja (Huarayo),297,sewiwi,Phonemic,crooked,,,,
12-730-275-1,esee1248,Ese Ejja (Huarayo),1404,kia-pi,Phonemic,straight,,,,
12-650-275-1,esee1248,Ese Ejja (Huarayo),2249,kia-šiwi,Phonemic,thin (in dimension),,,,
12-630-275-1,esee1248,Ese Ejja (Huarayo),1244,kia-see,Phonemic,thick (in dimension),,,,
12-620-275-1,esee1248,Ese Ejja (Huarayo),1267,kia-tobi,Phonemic,narrow,,Latter form from José Alvarez.,,
12-620-275-3,esee1248,Ese Ejja (Huarayo),1267,posi-posi,Phonemic,narrow,,Latter form from José Alvarez.,,
12-610-275-1,esee1248,Ese Ejja (Huarayo),1243,kia-pone,Phonemic,"wide, broad",,,,
12-610-275-3,esee1248,Ese Ejja (Huarayo),1243,kia-hepe,Phonemic,"wide, broad",,,,
12-590-275-1,esee1248,Ese Ejja (Huarayo),1645,kia-kepe,Phonemic,short,,,,
12-570-275-1,esee1248,Ese Ejja (Huarayo),1203,kia-ʔao,Phonemic,long,,,,
12-560-275-1,esee1248,Ese Ejja (Huarayo),1246,kia-sisi,Phonemic,"small, little",,,,
12-550-275-1,esee1248,Ese Ejja (Huarayo),1202,kia-ʔao,Phonemic,"large, big",,,,
12-530-275-1,esee1248,Ese Ejja (Huarayo),479,čii-kwe,Phonemic,grow,,,,
12-430-275-1,esee1248,Ese Ejja (Huarayo),1942,kia-čii-nee,Phonemic,near (adv),,,,
12-440-275-1,esee1248,Ese Ejja (Huarayo),1406,kia-weša,Phonemic,far (adv),,,,
12-420-275-1,esee1248,Ese Ejja (Huarayo),244,šani-xe,Phonemic,left (side),,,,
12-410-275-1,esee1248,Ese Ejja (Huarayo),1019,banei-xe,Phonemic,right (side),,,,
12-370-275-1,esee1248,Ese Ejja (Huarayo),1093,mihi-xe,Phonemic,"middle, center",,,,
12-360-275-1,esee1248,Ese Ejja (Huarayo),682,mihi-xe,Phonemic,side,,,,
12-352-275-1,esee1248,Ese Ejja (Huarayo),372,kia-ʔiwi,Phonemic,pointed,,,,
12-320-275-1,esee1248,Ese Ejja (Huarayo),721,kia-kepe,Phonemic,low,,,,
12-330-275-1,esee1248,Ese Ejja (Huarayo),1753,e-mato,Phonemic,top,,,,
12-310-275-1,esee1248,Ese Ejja (Huarayo),1265,kia-ʔao,Phonemic,high,,,,
12-270-275-1,esee1248,Ese Ejja (Huarayo),602,taʔa-kwe,Phonemic,"hide, conceal",,,,
12-250-275-1,esee1248,Ese Ejja (Huarayo),1046,kapa-kwe,Phonemic,"shut, close",,,,
12-260-275-1,esee1248,Ese Ejja (Huarayo),761,iya-kewa-kwe,Phonemic,cover,,,,
12-240-275-1,esee1248,Ese Ejja (Huarayo),1156,šeʔa-kwe,Phonemic,open,,,,
12-232-275-1,esee1248,Ese Ejja (Huarayo),1119,yaxe-kwe,Phonemic,divide,,From José Alvarez.,,
12-230-275-1,esee1248,Ese Ejja (Huarayo),1359,yaxe-kwe,Phonemic,separate,,From José Alvarez.,,
12-220-275-1,esee1248,Ese Ejja (Huarayo),1743,čiča-kwe,Phonemic,"join, unite",,,,
12-213-275-1,esee1248,Ese Ejja (Huarayo),1576,šabo-kwe,Phonemic,pile up,,,,
12-210-275-1,esee1248,Ese Ejja (Huarayo),7,xeše-kwe,Phonemic,"collect, gather",,,,
12-210-275-3,esee1248,Ese Ejja (Huarayo),7,mepe-kwe,Phonemic,"collect, gather",,,,
12-160-275-1,esee1248,Ese Ejja (Huarayo),987,ani-kwe,Phonemic,"remain, stay",,,,
12-150-275-1,esee1248,Ese Ejja (Huarayo),1442,e-pi neti-kwe,Phonemic,stand,,,,
12-140-275-1,esee1248,Ese Ejja (Huarayo),215,haa-kwe,Phonemic,lie down,,,,
12-130-275-1,esee1248,Ese Ejja (Huarayo),1416,ani-kwe,Phonemic,sit,,,,
12-120-275-1,esee1248,Ese Ejja (Huarayo),998,iya-kwe,Phonemic,put,,,,
12-80-275-1,esee1248,Ese Ejja (Huarayo),1591,bia-kwa,Phonemic,"up, above",,,,
12-80-275-3,esee1248,Ese Ejja (Huarayo),1591,eya-wasi-xe,Phonemic,"up, above",,,,
12-70-275-1,esee1248,Ese Ejja (Huarayo),1485,e-kipa-xe,Phonemic,under,,,,
12-60-275-1,esee1248,Ese Ejja (Huarayo),762,pay-asi-xe,Phonemic,outside,,From José Alvarez.,,
12-50-275-1,esee1248,Ese Ejja (Huarayo),1606,kipa-xe,Phonemic,"inside, in",,,,
12-41-275-1,esee1248,Ese Ejja (Huarayo),1883,wi-xe-nee,Phonemic,front,,,,
12-40-275-1,esee1248,Ese Ejja (Huarayo),1882,wi--ho,Phonemic,before,,,,
12-30-275-1,esee1248,Ese Ejja (Huarayo),2094,kipa-xe,Phonemic,"down, below",,,,
12-20-275-1,esee1248,Ese Ejja (Huarayo),1816,mihi-xe,Phonemic,beside,,,,
12-11-275-1,esee1248,Ese Ejja (Huarayo),1686,tixe-nee,Phonemic,behind,,,,
12-10-275-1,esee1248,Ese Ejja (Huarayo),1685,tii-xe,Phonemic,after,,,,
12-10-275-3,esee1248,Ese Ejja (Huarayo),1685,tii-ho,Phonemic,after,,,,
11-820-275-1,esee1248,Ese Ejja (Huarayo),1571,kia-kwe,Phonemic,sell,,,,
11-810-275-1,esee1248,Ese Ejja (Huarayo),1869,xeše-kwe,Phonemic,buy,,,,
11-650-275-1,esee1248,Ese Ejja (Huarayo),718,kia-kwe,Phonemic,pay (vb),,,,
11-610-275-1,esee1248,Ese Ejja (Huarayo),582,kia-kwe,Phonemic,lend,,,,
11-540-275-1,esee1248,Ese Ejja (Huarayo),1774,kia-nawe,Phonemic,"avaricious, stingy",,,,
11-540-275-3,esee1248,Ese Ejja (Huarayo),1774,kia-ni šewi,Phonemic,"avaricious, stingy",,,,
11-440-275-1,esee1248,Ese Ejja (Huarayo),1867,bexo,Phonemic,coin,,,,
11-430-275-1,esee1248,Ese Ejja (Huarayo),1559,bexo,Phonemic,money,,,,
11-340-275-1,esee1248,Ese Ejja (Huarayo),1095,i'ɲa-wixo-kwe,Phonemic,"release, let go",,,,
11-320-275-1,esee1248,Ese Ejja (Huarayo),719,ba-ʔio-kwe,Phonemic,find,,,,
11-310-275-1,esee1248,Ese Ejja (Huarayo),1468,šexa-kwe,Phonemic,"seek, look for",,,,
11-280-275-1,esee1248,Ese Ejja (Huarayo),44,kekwa-kwe,Phonemic,"harm, injure, damage",,,,
11-240-275-1,esee1248,Ese Ejja (Huarayo),1997,haa-wana-kwe,Phonemic,"preserve, look after",,,,
11-220-275-1,esee1248,Ese Ejja (Huarayo),85,kia-ʔio-kwe,Phonemic,give back,,,,
11-210-275-1,esee1248,Ese Ejja (Huarayo),1447,kia-kwe,Phonemic,give,,,,
11-180-275-1,esee1248,Ese Ejja (Huarayo),738,a-kiana,Phonemic,thing,,,,
11-150-275-1,esee1248,Ese Ejja (Huarayo),1448,i'ɲa-kwe,Phonemic,hold,,,,
11-140-275-1,esee1248,Ese Ejja (Huarayo),2021,i'ɲa-kwe,Phonemic,"seize, grasp",,,,
11-130-275-1,esee1248,Ese Ejja (Huarayo),1749,i'ɲa-kwe,Phonemic,take,,,,
11-110-275-1,esee1248,Ese Ejja (Huarayo),773,e-neti,Phonemic,have,,From José Alvarez.,,
10-920-275-1,esee1248,Ese Ejja (Huarayo),1922,beʔe-nia-kwe,Phonemic,land (vb),,,,
10-920-275-3,esee1248,Ese Ejja (Huarayo),1922,kakwi-kwe,Phonemic,land (vb),,,,
10-852-275-1,esee1248,Ese Ejja (Huarayo),1849,yo-kwe,Phonemic,row (vb),,,,
10-850-275-1,esee1248,Ese Ejja (Huarayo),108,e-wi-behe-ʔai-ʔai,Phonemic,oar,,From José Alvarez.,,
10-840-275-1,esee1248,Ese Ejja (Huarayo),1664,e-sipi,Phonemic,raft,,From José Alvarez.,,
10-831-275-1,esee1248,Ese Ejja (Huarayo),1970,bi'še,Phonemic,canoe,,,,
10-710-275-1,esee1248,Ese Ejja (Huarayo),667,e-heo-xi,Phonemic,road,,,,
10-670-275-1,esee1248,Ese Ejja (Huarayo),1452,i'ɲa-xia-kwe,Phonemic,"push, shove",,From José Alvarez.,,
10-620-275-1,esee1248,Ese Ejja (Huarayo),692,ye-kwe,Phonemic,bring,,From José Alvarez.,,
10-610-275-1,esee1248,Ese Ejja (Huarayo),700,doho-kwe,Phonemic,carry (bear),,,,
10-570-275-1,esee1248,Ese Ejja (Huarayo),749,nobi-kwe,Phonemic,enter,,,,
10-570-275-3,esee1248,Ese Ejja (Huarayo),749,ani-sowa-ti-kwe,Phonemic,enter,,,,
10-560-275-1,esee1248,Ese Ejja (Huarayo),1778,ete pe-kwe,Phonemic,approach,,,,
10-491-275-1,esee1248,Ese Ejja (Huarayo),485,xa-čama-ti-kwe,Phonemic,disappear,,,,
10-490-275-1,esee1248,Ese Ejja (Huarayo),1752,poti-kwe,Phonemic,"go away, depart",,,,
10-481-275-1,esee1248,Ese Ejja (Huarayo),581,xa-noxa-ti-kwe,Phonemic,come back,,José Alvarez recorded xa-xi-paxa-ti-ʔio-kwe.,,
10-480-275-1,esee1248,Ese Ejja (Huarayo),1446,pe-kwe,Phonemic,come,,,,
10-474-275-1,esee1248,Ese Ejja (Huarayo),1107,kwaya-kwe,Phonemic,go out,,,,
10-473-275-1,esee1248,Ese Ejja (Huarayo),2014,haa-ote-kwe,Phonemic,go down,,,,
10-473-275-3,esee1248,Ese Ejja (Huarayo),2014,ote-ti-kwe,Phonemic,go down,,,,
10-470-275-1,esee1248,Ese Ejja (Huarayo),695,poki-kwe,Phonemic,go,,,,
10-471-275-1,esee1248,Ese Ejja (Huarayo),705,sowa-ti-kwe,Phonemic,go up,,,,
10-460-275-1,esee1248,Ese Ejja (Huarayo),1519,kwahi-kwahi-kwe,Phonemic,run,,,,
10-450-275-1,esee1248,Ese Ejja (Huarayo),1443,heo-kwe,Phonemic,walk,,,,
10-440-275-1,esee1248,Ese Ejja (Huarayo),1879,maha-maha-kwe,Phonemic,dance,,,,
10-440-275-3,esee1248,Ese Ejja (Huarayo),1879,kee-kwe,Phonemic,dance,,,,
10-431-275-1,esee1248,Ese Ejja (Huarayo),1135,kiši-kwe,Phonemic,kick,,,,
10-430-275-1,esee1248,Ese Ejja (Huarayo),1829,sowaa-kwe,Phonemic,"jump, leap",,,,
10-420-275-1,esee1248,Ese Ejja (Huarayo),1324,xa-tiši-piʔi-ti-kwe,Phonemic,"slide, slip",,,,
10-413-275-1,esee1248,Ese Ejja (Huarayo),296,haa-na-kwe,Phonemic,crouch,,,,
10-413-275-3,esee1248,Ese Ejja (Huarayo),296,xa-noe-ti-kwe,Phonemic,crouch,,,,
10-380-275-1,esee1248,Ese Ejja (Huarayo),175,sipo-heaa-kwe,Phonemic,blow,,,,
10-370-275-1,esee1248,Ese Ejja (Huarayo),1441,baʔe-sowa-ti-kwe,Phonemic,fly (vb),,,,
10-350-275-1,esee1248,Ese Ejja (Huarayo),1439,šokwi-šokwi-kwe,Phonemic,swim,,,,
10-340-275-1,esee1248,Ese Ejja (Huarayo),1574,xee-xee-kwe,Phonemic,float,,,,
10-330-275-1,esee1248,Ese Ejja (Huarayo),1088,wiʔi-kwe,Phonemic,sink,,,,
10-260-275-1,esee1248,Ese Ejja (Huarayo),1909,kwi-kaka-kwe,Phonemic,shake,,From José Alvarez.,,
10-260-275-3,esee1248,Ese Ejja (Huarayo),1909,xeti-ixaxa-kwe,Phonemic,shake,,From José Alvarez.,,
10-252-275-1,esee1248,Ese Ejja (Huarayo),702,mepe-kwe,Phonemic,catch (ball),,,,
10-250-275-1,esee1248,Ese Ejja (Huarayo),1456,hea-kwe,Phonemic,throw,,,,
10-240-275-1,esee1248,Ese Ejja (Huarayo),2253,kwii-kwii-kwe,Phonemic,drip,,,,
10-230-275-1,esee1248,Ese Ejja (Huarayo),1280,ote-kwe,Phonemic,fall,,,,
10-220-275-1,esee1248,Ese Ejja (Huarayo),501,xekia-sowa-kwe,Phonemic,"raise, lift",,,,
10-170-275-1,esee1248,Ese Ejja (Huarayo),430,sewi-kwe,Phonemic,twist,,,,
10-150-275-1,esee1248,Ese Ejja (Huarayo),827,xaxiataxaxa-kwe,Phonemic,roll,,From José Alvarez.,,
10-140-275-1,esee1248,Ese Ejja (Huarayo),1113,xaxa-kwe,Phonemic,"wind, wrap",,,,
10-140-275-3,esee1248,Ese Ejja (Huarayo),1113,bebo-kwe,Phonemic,"wind, wrap",,,,
10-110-275-1,esee1248,Ese Ejja (Huarayo),765,hea-wexo-kwe,Phonemic,move,,,,
9-890-275-1,esee1248,Ese Ejja (Huarayo),2001,tewe-kwe,Phonemic,paint (vb),,,,
9-880-275-1,esee1248,Ese Ejja (Huarayo),647,e-tewe-xi,Phonemic,paint (noun),,,,
9-791-275-1,esee1248,Ese Ejja (Huarayo),360,pio-kwe,Phonemic,fan (vb),,,,
9-790-275-1,esee1248,Ese Ejja (Huarayo),1971,e-pio-xi,Phonemic,fan (noun),,,,
9-770-275-1,esee1248,Ese Ejja (Huarayo),195,xepi,Phonemic,mat,,,,
9-770-275-3,esee1248,Ese Ejja (Huarayo),195,e-šihi yobo sipi,Phonemic,mat,,,,
9-760-275-1,esee1248,Ese Ejja (Huarayo),1539,e-šaha,Phonemic,basket,,,,
9-750-275-1,esee1248,Ese Ejja (Huarayo),1729,sipi-kwe,Phonemic,"weave, plait",,,,
9-730-275-1,esee1248,Ese Ejja (Huarayo),1399,meši,Phonemic,clay,,,,
9-730-275-3,esee1248,Ese Ejja (Huarayo),1399,našapa,Phonemic,clay,,,,
9-461-275-1,esee1248,Ese Ejja (Huarayo),46,wexa-kwe,Phonemic,hollow out,,,,
9-460-275-1,esee1248,Ese Ejja (Huarayo),1501,wexa-kwe,Phonemic,bore,,,,
9-440-275-1,esee1248,Ese Ejja (Huarayo),1840,a-kwe,Phonemic,build,,,,
9-380-275-1,esee1248,Ese Ejja (Huarayo),245,e-šabo-xi,Phonemic,broom,,,,
9-360-275-1,esee1248,Ese Ejja (Huarayo),1453,šaka-kwe,Phonemic,wash,,,,
9-360-275-3,esee1248,Ese Ejja (Huarayo),1453,taxa-kwe,Phonemic,wash,,,,
9-370-275-1,esee1248,Ese Ejja (Huarayo),230,šabo-kwe,Phonemic,sweep,,,,
9-350-275-1,esee1248,Ese Ejja (Huarayo),1487,šo-kwe,Phonemic,pour,,,,
9-350-275-3,esee1248,Ese Ejja (Huarayo),1487,wexo-kwe,Phonemic,pour,,,,
9-342-275-1,esee1248,Ese Ejja (Huarayo),1913,iɲa-peʔe-kwe,Phonemic,press,,,,
9-341-275-1,esee1248,Ese Ejja (Huarayo),357,baʔe-kwe,Phonemic,hang up,,,,
9-330-275-1,esee1248,Ese Ejja (Huarayo),1455,čio-kwe,Phonemic,pull,,,,
9-320-275-1,esee1248,Ese Ejja (Huarayo),214,še-kwe,Phonemic,stretch,,,,
9-310-275-1,esee1248,Ese Ejja (Huarayo),1449,kwi-kwe,Phonemic,"rub, wipe",,,,
9-290-275-1,esee1248,Ese Ejja (Huarayo),291,hee-iša-kwe,Phonemic,"flay, skin",,,,
9-280-275-1,esee1248,Ese Ejja (Huarayo),1735,isa-kwe,Phonemic,tear,,,,
9-270-275-1,esee1248,Ese Ejja (Huarayo),1437,taa-kwe,Phonemic,split,,,,
9-250-275-1,esee1248,Ese Ejja (Huarayo),677,šoši-xi,Phonemic,ax,,,,
9-230-275-1,esee1248,Ese Ejja (Huarayo),1352,e-haa-xi,Phonemic,knife,,,,
9-222-275-1,esee1248,Ese Ejja (Huarayo),155,kekwa-nekia-kwe,Phonemic,"chop, hew",,,,
9-220-275-1,esee1248,Ese Ejja (Huarayo),1432,haa-kwe,Phonemic,cut,,,,
9-211-275-1,esee1248,Ese Ejja (Huarayo),354,kwia-kea-kwe,Phonemic,pound with fist,,,,
9-210-275-1,esee1248,Ese Ejja (Huarayo),2133,poho-kwe,Phonemic,"strike (hit, beat)",,,,
9-192-275-1,esee1248,Ese Ejja (Huarayo),760,pošo,Phonemic,knot (noun),,,,
9-190-275-1,esee1248,Ese Ejja (Huarayo),1218,ato,Phonemic,"rope, cord",,,,
9-190-275-3,esee1248,Ese Ejja (Huarayo),1218,xono,Phonemic,"rope, cord",,,,
9-161-275-1,esee1248,Ese Ejja (Huarayo),352,pičo-kwe,Phonemic,untie,,,,
9-160-275-1,esee1248,Ese Ejja (Huarayo),1917,heo-nekia-kwe,Phonemic,"tie, bind",,,,
9-150-275-1,esee1248,Ese Ejja (Huarayo),1470,kabobo-kwe,Phonemic,fold,,,,
9-140-275-1,esee1248,Ese Ejja (Huarayo),2004,hea-koii-kwe,Phonemic,bend,,,,
9-140-275-3,esee1248,Ese Ejja (Huarayo),2004,kokwa-kwe,Phonemic,bend,,,,
9-120-275-1,esee1248,Ese Ejja (Huarayo),984,a-kwe,Phonemic,work,,,,
9-110-275-1,esee1248,Ese Ejja (Huarayo),2575,a-kwe,Phonemic,"do, make",,,,
8-980-275-1,esee1248,Ese Ejja (Huarayo),641,di,Phonemic,mushroom,,,,
8-960-275-1,esee1248,Ese Ejja (Huarayo),348,akwi mano-xe,Phonemic,fish poison (root),,,,
8-941-275-1,esee1248,Ese Ejja (Huarayo),146,e'ka,Phonemic,sugar cane,,,,
8-940-275-1,esee1248,Ese Ejja (Huarayo),1927,dewe,Phonemic,bamboo,,,,
8-931-275-1,esee1248,Ese Ejja (Huarayo),864,tepe,Phonemic,"pumpkin, squash",,,,
8-920-275-1,esee1248,Ese Ejja (Huarayo),925,eki,Phonemic,"tapioca, manioc, cassava",,,,
8-840-275-1,esee1248,Ese Ejja (Huarayo),868,e-hawi,Phonemic,banana tree,,,,
8-810-275-1,esee1248,Ese Ejja (Huarayo),1181,xi,Phonemic,palm tree,,,,
8-750-275-1,esee1248,Ese Ejja (Huarayo),1204,e-hee,Phonemic,bark,,,,
8-740-275-1,esee1248,Ese Ejja (Huarayo),409,akwi yaa,Phonemic,forked branch,,,,
8-730-275-1,esee1248,Ese Ejja (Huarayo),344,akwi,Phonemic,tree trunk,,,,
8-690-275-1,esee1248,Ese Ejja (Huarayo),1689,šawano ixia-wičača-kwe,Phonemic,smoke (tobacco),,,,
8-680-275-1,esee1248,Ese Ejja (Huarayo),974,šawano e-ixia-wičača-xi,Phonemic,tobacco,,,,
8-670-275-1,esee1248,Ese Ejja (Huarayo),343,xono,Phonemic,vine,,,,
8-600-275-1,esee1248,Ese Ejja (Huarayo),906,akwi,Phonemic,tree,,,,
8-570-275-1,esee1248,Ese Ejja (Huarayo),239,e-šaša,Phonemic,flower,,,,
8-560-275-1,esee1248,Ese Ejja (Huarayo),628,akwi ʔiɲa,Phonemic,leaf,,,,
8-550-275-1,esee1248,Ese Ejja (Huarayo),1531,e-ɲa,Phonemic,branch,,,,
8-540-275-1,esee1248,Ese Ejja (Huarayo),670,akwi saxa,Phonemic,root,,,,
8-531-275-1,esee1248,Ese Ejja (Huarayo),1486,bano-kwe,Phonemic,plant (vb),,,,
8-510-275-1,esee1248,Ese Ejja (Huarayo),606,sipone,Phonemic,grass,,,,
8-480-275-1,esee1248,Ese Ejja (Huarayo),926,sipone e-xaxa,Phonemic,rice,,,,
8-470-275-1,esee1248,Ese Ejja (Huarayo),506,e-šixe,Phonemic,"maize, corn",,,,
8-420-275-1,esee1248,Ese Ejja (Huarayo),605,e'so,Phonemic,"grain (barley, oats etc)",,,,
8-340-275-1,esee1248,Ese Ejja (Huarayo),285,piče-kwe,Phonemic,thresh,,,,
8-330-275-1,esee1248,Ese Ejja (Huarayo),2132,e-haa-xi,Phonemic,"sickle, scythe",,,,
8-320-275-1,esee1248,Ese Ejja (Huarayo),190,haa-kwe,Phonemic,"mow, reap",,,,
8-311-275-1,esee1248,Ese Ejja (Huarayo),714,e-'so,Phonemic,seed,,,,
8-310-275-1,esee1248,Ese Ejja (Huarayo),748,bana-kwe,Phonemic,sow,,,,
8-220-275-1,esee1248,Ese Ejja (Huarayo),1418,boho-ʔio-kwe,Phonemic,dig,,,,
8-150-275-1,esee1248,Ese Ejja (Huarayo),1541,kekwa-kwe,Phonemic,"cultivate, till",,,,
8-150-275-3,esee1248,Ese Ejja (Huarayo),1541,bana-kwe,Phonemic,"cultivate, till",,,,
7-580-275-1,esee1248,Ese Ejja (Huarayo),876,e-koi-xi,Phonemic,arch,,,,
7-570-275-1,esee1248,Ese Ejja (Huarayo),1227,akwi kekwa-sio,Phonemic,board,,,,
7-560-275-1,esee1248,Ese Ejja (Huarayo),281,e-kone,Phonemic,"post, pole",,From José Alvarez.,,
7-550-275-1,esee1248,Ese Ejja (Huarayo),1132,ša-ša-xaa-xi,Phonemic,beam,,From José Alvarez.,,
7-530-275-1,esee1248,Ese Ejja (Huarayo),280,e-wi-saxa-xi,Phonemic,ridgepole,,From José Alvarez.,,
7-480-275-1,esee1248,Ese Ejja (Huarayo),205,akwi pexa,Phonemic,trough,,,,
7-450-275-1,esee1248,Ese Ejja (Huarayo),2131,e-haa-sowa-xi,Phonemic,"lamp, torch",,,,
7-430-275-1,esee1248,Ese Ejja (Huarayo),1476,e-ani-xi,Phonemic,chair,,,,
7-260-275-1,esee1248,Ese Ejja (Huarayo),1632,meši,Phonemic,floor,,,,
7-120-275-1,esee1248,Ese Ejja (Huarayo),1252,e-'ki,Phonemic,house,,,,
7-110-275-1,esee1248,Ese Ejja (Huarayo),363,ani-kwe,Phonemic,"dwell, live",,,,
6-960-275-1,esee1248,Ese Ejja (Huarayo),1171,e-xa-toxa-ba-ti-xi,Phonemic,mirror,,,,
6-950-275-1,esee1248,Ese Ejja (Huarayo),788,e-besa-xi,Phonemic,soap,,,,
6-930-275-1,esee1248,Ese Ejja (Huarayo),151,e-hewi-xi,Phonemic,razor,,,,
6-910-275-1,esee1248,Ese Ejja (Huarayo),1475,e-yoxa-kekwa-šo,Phonemic,comb,,José Alvarez recorded šakwi-ka-ho.,,
6-770-275-1,esee1248,Ese Ejja (Huarayo),770,baʔe-wana-xi,Phonemic,earring,,,,
6-750-275-1,esee1248,Ese Ejja (Huarayo),1961,e-ixi,Phonemic,necklace,,,,
6-740-275-1,esee1248,Ese Ejja (Huarayo),1754,e-me-ho-ʔia-xi,Phonemic,bracelet,,,,
6-710-275-1,esee1248,Ese Ejja (Huarayo),917,boba,Phonemic,"ornament, adornment",,Made of feathers.,,
6-550-275-1,esee1248,Ese Ejja (Huarayo),2130,e-yoxa-ha-xi,Phonemic,"hat, cap",,,,
6-510-275-1,esee1248,Ese Ejja (Huarayo),1381,e-heo-xi,Phonemic,shoe,,,,
6-490-275-1,esee1248,Ese Ejja (Huarayo),329,e-heo-xi,Phonemic,"stocking, sock",,,,
6-480-275-1,esee1248,Ese Ejja (Huarayo),809,daki kise,Phonemic,trousers,,,,
6-460-275-1,esee1248,Ese Ejja (Huarayo),1600,kimaixi,Phonemic,skirt,,,,
6-440-275-1,esee1248,Ese Ejja (Huarayo),1622,daki,Phonemic,shirt,,,,
6-420-275-1,esee1248,Ese Ejja (Huarayo),474,daki,Phonemic,woman's dress,,Refers to the 'cushma'.,,
6-380-275-1,esee1248,Ese Ejja (Huarayo),1161,e-mahii,Phonemic,thread,,,,
6-360-275-1,esee1248,Ese Ejja (Huarayo),1382,e-soto-xi,Phonemic,needle,,,,
6-370-275-1,esee1248,Ese Ejja (Huarayo),278,ikwi,Phonemic,awl,,,,
6-350-275-1,esee1248,Ese Ejja (Huarayo),1457,soto-kwe,Phonemic,sew,,,,
6-330-275-1,esee1248,Ese Ejja (Huarayo),133,sipi-kwe,Phonemic,weave,,,,
6-320-275-1,esee1248,Ese Ejja (Huarayo),277,e-baʔo-xi,Phonemic,spindle,,,,
6-310-275-1,esee1248,Ese Ejja (Huarayo),121,meyo-kwe,Phonemic,spin,,,,
6-310-275-3,esee1248,Ese Ejja (Huarayo),121,baʔio-kwe,Phonemic,spin,,,,
6-290-275-1,esee1248,Ese Ejja (Huarayo),629,e-hee,Phonemic,leather,,,,
6-280-275-1,esee1248,Ese Ejja (Huarayo),580,e-hee,Phonemic,fur,,,,
6-240-275-1,esee1248,Ese Ejja (Huarayo),1850,wapehe,Phonemic,cotton,,,,
6-210-275-1,esee1248,Ese Ejja (Huarayo),1616,daki,Phonemic,cloth,,,,
6-120-275-1,esee1248,Ese Ejja (Huarayo),1895,daki,Phonemic,"clothing, clothes",,,,
6-110-275-1,esee1248,Ese Ejja (Huarayo),158,yošo-kwe,Phonemic,put on (clothes),,From José Alvarez.,,
5-970-275-1,esee1248,Ese Ejja (Huarayo),744,e-'xa,Phonemic,egg,,,,
5-940-275-1,esee1248,Ese Ejja (Huarayo),404,e-iši-xi,Phonemic,fermented drink,,,,
5-940-275-3,esee1248,Ese Ejja (Huarayo),404,bi'šo-'na,Phonemic,fermented drink,,,,
5-910-275-1,esee1248,Ese Ejja (Huarayo),941,eka-'na,Phonemic,mead,,,,
5-900-275-1,esee1248,Ese Ejja (Huarayo),731,e-iši-xi,Phonemic,"beverage, drink",,,,
5-890-275-1,esee1248,Ese Ejja (Huarayo),1245,e-sei,Phonemic,butter,,,,
5-850-275-1,esee1248,Ese Ejja (Huarayo),862,aka-'na,Phonemic,sugar,,,,
5-860-275-1,esee1248,Ese Ejja (Huarayo),635,toxo-'na,Phonemic,milk (noun),,,,
5-840-275-1,esee1248,Ese Ejja (Huarayo),942,eka-'na,Phonemic,honey,,,,
5-821-275-1,esee1248,Ese Ejja (Huarayo),919,bišo,Phonemic,chili pepper,,,,
5-791-275-1,esee1248,Ese Ejja (Huarayo),323,e-sei,Phonemic,"grease, fat",,,,
5-712-275-1,esee1248,Ese Ejja (Huarayo),1966,soeɲa,Phonemic,bunch,,,,
5-710-275-1,esee1248,Ese Ejja (Huarayo),1507,e-xaxa,Phonemic,fruit,,,,
5-660-275-1,esee1248,Ese Ejja (Huarayo),832,xono-so,Phonemic,bean,,From José Alvarez.,,
5-640-275-1,esee1248,Ese Ejja (Huarayo),1547,e-na-ʔoxo,Phonemic,"soup, broth",,,,
5-610-275-1,esee1248,Ese Ejja (Huarayo),634,e-yami,Phonemic,meat,,,,
5-580-275-1,esee1248,Ese Ejja (Huarayo),224,e-kekwa-poho-xi,Phonemic,mortar (2),,,,
5-570-275-1,esee1248,Ese Ejja (Huarayo),636,ixia-moo-mee-xi,Phonemic,mill,,From José Alvarez.,,
5-560-275-1,esee1248,Ese Ejja (Huarayo),1033,kwea-tami-ikwe,Phonemic,"crush, grind",,,,
5-550-275-1,esee1248,Ese Ejja (Huarayo),1594,tabo,Phonemic,"meal, flour",,,,
5-490-275-1,esee1248,Ese Ejja (Huarayo),2017,hea-waxo-kwe,Phonemic,"stir, mix",,,,
5-480-275-1,esee1248,Ese Ejja (Huarayo),1767,kwea-sio-kwe,Phonemic,scrape,,From José Alvarez.,,
5-470-275-1,esee1248,Ese Ejja (Huarayo),86,ikwi-kwe,Phonemic,"sieve, strain",,,,
5-460-275-1,esee1248,Ese Ejja (Huarayo),275,iša-kwe,Phonemic,peel,,,,
5-460-275-3,esee1248,Ese Ejja (Huarayo),275,čio-kwe,Phonemic,peel,,,,
5-440-275-1,esee1248,Ese Ejja (Huarayo),1833,bobi,Phonemic,dinner,,,,
5-440-275-3,esee1248,Ese Ejja (Huarayo),1833,e-ixia-xi,Phonemic,dinner,,,,
5-410-275-1,esee1248,Ese Ejja (Huarayo),1526,bobi,Phonemic,meal (a),,,,
5-410-275-3,esee1248,Ese Ejja (Huarayo),1526,nočii,Phonemic,meal (a),,,,
5-390-275-1,esee1248,Ese Ejja (Huarayo),1302,e-kekwa-nekia-xi,Phonemic,fork (2),,,,
5-380-275-1,esee1248,Ese Ejja (Huarayo),1352,e-hewi-xi,Phonemic,knife (2),,,,
5-370-275-1,esee1248,Ese Ejja (Huarayo),1378,xohi-wi,Phonemic,spoon,,,,
5-320-275-1,esee1248,Ese Ejja (Huarayo),480,tepe,Phonemic,plate,,,,
5-310-275-1,esee1248,Ese Ejja (Huarayo),481,e-ixia-xi,Phonemic,dish,,,,
5-310-275-3,esee1248,Ese Ejja (Huarayo),481,tepe,Phonemic,dish,,,,
5-260-275-1,esee1248,Ese Ejja (Huarayo),1462,meši,Phonemic,"pot, cooking vessel",,,,
5-230-275-1,esee1248,Ese Ejja (Huarayo),2146,dawa-kwe,Phonemic,"roast, fry",,,,
5-220-275-1,esee1248,Ese Ejja (Huarayo),792,dawa-okwa-kwe,Phonemic,boil (vb),,,,
5-210-275-1,esee1248,Ese Ejja (Huarayo),1100,kwa kwa-kwe,Phonemic,cook,,,,
5-180-275-1,esee1248,Ese Ejja (Huarayo),321,ixia-paša-kwe,Phonemic,chew,,,,
5-160-275-1,esee1248,Ese Ejja (Huarayo),1421,bibi-kwe,Phonemic,suck,,,,
5-141-275-1,esee1248,Ese Ejja (Huarayo),199,kia-šoʔi,Phonemic,famine,,,,
5-140-275-1,esee1248,Ese Ejja (Huarayo),1864,kia-šoʔi,Phonemic,hunger,,,,
5-130-275-1,esee1248,Ese Ejja (Huarayo),1401,iši-kwe,Phonemic,drink,,,,
5-125-275-1,esee1248,Ese Ejja (Huarayo),1728,kia-ʔiwi,Phonemic,rotten,,,,
5-124-275-1,esee1248,Ese Ejja (Huarayo),1958,hawa-ʔaxa,Phonemic,"green, unripe",,,,
5-123-275-1,esee1248,Ese Ejja (Huarayo),178,kia-hawa,Phonemic,ripe,,,,
5-122-275-1,esee1248,Ese Ejja (Huarayo),1959,eše,Phonemic,raw,,,,
5-121-275-1,esee1248,Ese Ejja (Huarayo),269,kwa kwa-kwe,Phonemic,cooked,,,,
5-120-275-1,esee1248,Ese Ejja (Huarayo),256,e-ixia-xi,Phonemic,food,,,,
5-110-275-1,esee1248,Ese Ejja (Huarayo),1336,ixia-kwe,Phonemic,eat,,,,
4-990-275-1,esee1248,Ese Ejja (Huarayo),590,daki-'ma,Phonemic,"naked, bare",,,,
4-970-275-1,esee1248,Ese Ejja (Huarayo),1653,toxa-'ma,Phonemic,blind,,,,
4-960-275-1,esee1248,Ese Ejja (Huarayo),1666,soi-'ma,Phonemic,mute,,,,
4-950-275-1,esee1248,Ese Ejja (Huarayo),996,šaxa-'ma,Phonemic,deaf,,,,
4-930-275-1,esee1248,Ese Ejja (Huarayo),1125,sapa sio,Phonemic,bald,,,,
4-940-275-1,esee1248,Ese Ejja (Huarayo),320,hio-xi,Phonemic,lame,,,,
4-920-275-1,esee1248,Ese Ejja (Huarayo),1564,kia-mano,Phonemic,lazy,,,,
4-912-275-1,esee1248,Ese Ejja (Huarayo),168,mano-kwe,Phonemic,rest,,,,
4-912-275-3,esee1248,Ese Ejja (Huarayo),168,tawi-kwe,Phonemic,rest,,,,
4-910-275-1,esee1248,Ese Ejja (Huarayo),1757,kia-mano,Phonemic,"tired, weary",,,,
4-870-275-1,esee1248,Ese Ejja (Huarayo),597,e-yami tekwa,Phonemic,physician,,,,
4-855-275-1,esee1248,Ese Ejja (Huarayo),1584,čihi,Phonemic,blister,,,,
4-853-275-1,esee1248,Ese Ejja (Huarayo),1903,e-šexe,Phonemic,swelling,,From José Alvarez.,,
4-850-275-1,esee1248,Ese Ejja (Huarayo),1109,čihi,Phonemic,"wound, sore",,,,
4-843-275-1,esee1248,Ese Ejja (Huarayo),102,oho-oho,Phonemic,cold (catarrh),,,,
4-841-275-1,esee1248,Ese Ejja (Huarayo),1534,kio-kio,Phonemic,fever,,,,
4-840-275-1,esee1248,Ese Ejja (Huarayo),1847,kia-nee,Phonemic,"sick, sickness",,,,
4-820-275-1,esee1248,Ese Ejja (Huarayo),1601,e-šibio,Phonemic,weak,,From José Alvarez.,,
4-810-275-1,esee1248,Ese Ejja (Huarayo),785,kia-kaʔa,Phonemic,"strong, mighty, powerful",,,,
4-780-275-1,esee1248,Ese Ejja (Huarayo),1719,moʔio-kwe,Phonemic,bury (the dead),,,,
4-770-275-1,esee1248,Ese Ejja (Huarayo),767,dexa waxii,Phonemic,corpse,,,,
4-760-275-1,esee1248,Ese Ejja (Huarayo),1417,kekwa-kwe,Phonemic,kill,,,,
4-751-275-1,esee1248,Ese Ejja (Huarayo),1904,wiʔi-kwe,Phonemic,drowned,,,,
4-750-275-1,esee1248,Ese Ejja (Huarayo),1494,mano-kwe,Phonemic,"die, dead",,,,
4-740-275-1,esee1248,Ese Ejja (Huarayo),1422,ani-kwe,Phonemic,"live, living, life",,,,
4-720-275-1,esee1248,Ese Ejja (Huarayo),1090,kwaya-kwe,Phonemic,born (to be),,,,
4-690-275-1,esee1248,Ese Ejja (Huarayo),138,ša-kwe,Phonemic,bathe,,,,
4-680-275-1,esee1248,Ese Ejja (Huarayo),52,pio-pio-kwe,Phonemic,shiver,,,,
4-670-275-1,esee1248,Ese Ejja (Huarayo),1785,toxo-kwe,Phonemic,have sexual intercourse,,,,
4-660-275-1,esee1248,Ese Ejja (Huarayo),676,see-kwe,Phonemic,defecate,,,,
4-650-275-1,esee1248,Ese Ejja (Huarayo),592,wiya-kwe,Phonemic,urinate,,,,
4-640-275-1,esee1248,Ese Ejja (Huarayo),1159,e-kwiši,Phonemic,break wind,,,,
4-620-275-1,esee1248,Ese Ejja (Huarayo),1920,e-kawi,Phonemic,dream,,,,
4-610-275-1,esee1248,Ese Ejja (Huarayo),1585,kawi-kwe,Phonemic,sleep,,,,
4-591-275-1,esee1248,Ese Ejja (Huarayo),268,kwii-kwii-kwe,Phonemic,dribble,,,,
4-590-275-1,esee1248,Ese Ejja (Huarayo),319,sio-kwe,Phonemic,lick,,,,
4-580-275-1,esee1248,Ese Ejja (Huarayo),1403,šoi-kwe,Phonemic,bite,,,,
4-570-275-1,esee1248,Ese Ejja (Huarayo),1278,boii-kwe,Phonemic,vomit,,,,
4-560-275-1,esee1248,Ese Ejja (Huarayo),1440,kwičo-hea-kwe,Phonemic,spit,,,,
4-550-275-1,esee1248,Ese Ejja (Huarayo),126,wiši-kwe,Phonemic,perspire,,,,
4-530-275-1,esee1248,Ese Ejja (Huarayo),879,oho-kwe,Phonemic,cough,,,,
4-492-275-1,esee1248,Ese Ejja (Huarayo),1222,e-kwii,Phonemic,penis,,,,
4-490-275-1,esee1248,Ese Ejja (Huarayo),797,e-biɲaxa,Phonemic,testicle,,,,
4-464-275-1,esee1248,Ese Ejja (Huarayo),834,e-'wi,Phonemic,buttocks,,,,
4-463-275-1,esee1248,Ese Ejja (Huarayo),1745,e-kaxete,Phonemic,hip,,From José Alvarez.,,
4-461-275-1,esee1248,Ese Ejja (Huarayo),1991,e-see,Phonemic,"intestines, guts",,,,
4-460-275-1,esee1248,Ese Ejja (Huarayo),819,e-see,Phonemic,stomach,,,,
4-451-275-1,esee1248,Ese Ejja (Huarayo),489,e-yopi,Phonemic,kidney,,,,
4-450-275-1,esee1248,Ese Ejja (Huarayo),1224,e-kakwa,Phonemic,liver,,,,
4-441-275-1,esee1248,Ese Ejja (Huarayo),688,e-šaho,Phonemic,lung,,,,
4-440-275-1,esee1248,Ese Ejja (Huarayo),1223,e-kihi-xi,Phonemic,heart,,,,
4-430-275-1,esee1248,Ese Ejja (Huarayo),1838,soo,Phonemic,navel,,,,
4-420-275-1,esee1248,Ese Ejja (Huarayo),154,e-toxo,Phonemic,udder,,,,
4-412-275-1,esee1248,Ese Ejja (Huarayo),796,e-toxo,Phonemic,"nipple, teat",,,,
4-410-275-1,esee1248,Ese Ejja (Huarayo),1402,e-toxo,Phonemic,breast (of woman),,,,
4-400-275-1,esee1248,Ese Ejja (Huarayo),1592,e-seʔo,Phonemic,chest,,,,
4-393-275-1,esee1248,Ese Ejja (Huarayo),1201,e-'ɲa,Phonemic,feather,,,,
4-392-275-1,esee1248,Ese Ejja (Huarayo),1257,e-kwičo,Phonemic,wing,,,,
4-380-275-1,esee1248,Ese Ejja (Huarayo),1389,e-hio-xi,Phonemic,toe,,,,
4-374-275-1,esee1248,Ese Ejja (Huarayo),318,e-hio-xi,Phonemic,footprint,,,,
4-371-275-1,esee1248,Ese Ejja (Huarayo),803,e-šoši-xi,Phonemic,ankle,,,,
4-370-275-1,esee1248,Ese Ejja (Huarayo),1301,e-hio-xi,Phonemic,foot,,,,
4-360-275-1,esee1248,Ese Ejja (Huarayo),1371,e-kwiʔo,Phonemic,knee,,,,
4-351-275-1,esee1248,Ese Ejja (Huarayo),800,e-kise,Phonemic,thigh,,,,
4-350-275-1,esee1248,Ese Ejja (Huarayo),1297,e-'sa,Phonemic,leg,,,,
4-345-275-1,esee1248,Ese Ejja (Huarayo),72,e-'me,Phonemic,claw,,,,
4-344-275-1,esee1248,Ese Ejja (Huarayo),1258,e-'me kiši,Phonemic,fingernail,,,,
4-342-275-1,esee1248,Ese Ejja (Huarayo),1781,e-'me sisi,Phonemic,thumb,,,,
4-340-275-1,esee1248,Ese Ejja (Huarayo),1303,e-'me sisi,Phonemic,finger,,,,
4-330-275-1,esee1248,Ese Ejja (Huarayo),1277,e-'me,Phonemic,hand,,,,
4-321-275-1,esee1248,Ese Ejja (Huarayo),799,e-me šoši-xi,Phonemic,wrist,,,,
4-310-275-1,esee1248,Ese Ejja (Huarayo),1673,yaa,Phonemic,arm,,,,
4-302-275-1,esee1248,Ese Ejja (Huarayo),1994,e-se-pexa-sa,Phonemic,collarbone,,,,
4-300-275-1,esee1248,Ese Ejja (Huarayo),1482,e-beoxo,Phonemic,shoulder,,,,
4-290-275-1,esee1248,Ese Ejja (Huarayo),1346,e-naa,Phonemic,throat,,,,
4-280-275-1,esee1248,Ese Ejja (Huarayo),1333,e-piki,Phonemic,neck,,,,
4-272-275-1,esee1248,Ese Ejja (Huarayo),1049,yamaxa,Phonemic,molartooth,,,,
4-270-275-1,esee1248,Ese Ejja (Huarayo),1380,e-'se,Phonemic,tooth,,,,
4-271-275-1,esee1248,Ese Ejja (Huarayo),139,e-sekwe ono-xi,Phonemic,gums,,,,
4-260-275-1,esee1248,Ese Ejja (Huarayo),1205,e-yana,Phonemic,tongue,,,,
4-250-275-1,esee1248,Ese Ejja (Huarayo),478,e-kwasa,Phonemic,lip,,,,
4-241-275-1,esee1248,Ese Ejja (Huarayo),73,e-'wi,Phonemic,beak,,,,
4-240-275-1,esee1248,Ese Ejja (Huarayo),674,e-naba,Phonemic,mouth,,,,
4-232-275-1,esee1248,Ese Ejja (Huarayo),208,wiši,Phonemic,mucus (nasal),,,,
4-220-275-1,esee1248,Ese Ejja (Huarayo),1247,e-šaxa,Phonemic,ear,,,,
4-214-275-1,esee1248,Ese Ejja (Huarayo),1540,e-koxa-ɲa,Phonemic,eyelash,,,,
4-213-275-1,esee1248,Ese Ejja (Huarayo),17,e-koxa-hee,Phonemic,eyelid,,,,
4-212-275-1,esee1248,Ese Ejja (Huarayo),1173,e-koxa-sa-ɲa,Phonemic,eyebrow,,,,
4-210-275-1,esee1248,Ese Ejja (Huarayo),1248,e-koxa,Phonemic,eye,,,,
4-208-275-1,esee1248,Ese Ejja (Huarayo),1730,e-šemo-yami,Phonemic,cheek,,,,
4-205-275-1,esee1248,Ese Ejja (Huarayo),123,e-bakwa,Phonemic,forehead,,,,
4-207-275-1,esee1248,Ese Ejja (Huarayo),798,e-šemo-sa,Phonemic,jaw,,,,
4-202-275-1,esee1248,Ese Ejja (Huarayo),1605,e-kipa-wexa,Phonemic,skull,,,,
4-200-275-1,esee1248,Ese Ejja (Huarayo),1256,e-sapa,Phonemic,head,,,,
4-191-275-1,esee1248,Ese Ejja (Huarayo),805,e-daa-sa,Phonemic,spine,,,,
4-190-275-1,esee1248,Ese Ejja (Huarayo),1291,e-daa-sa,Phonemic,back,,,,
4-180-275-1,esee1248,Ese Ejja (Huarayo),1220,e-'wi,Phonemic,tail,,,,
4-170-275-1,esee1248,Ese Ejja (Huarayo),1393,šedana,Phonemic,horn,,From José Alvarez.,,
4-162-275-1,esee1248,Ese Ejja (Huarayo),801,doxo xanixi,Phonemic,rib,,,,
4-160-275-1,esee1248,Ese Ejja (Huarayo),1394,e-'sa,Phonemic,bone,,,,
4-151-275-1,esee1248,Ese Ejja (Huarayo),525,e-hao-na,Phonemic,"vein, artery",,,,
4-150-275-1,esee1248,Ese Ejja (Huarayo),946,e'na,Phonemic,blood,,,,
4-144-275-1,esee1248,Ese Ejja (Huarayo),189,e-'ɲa,Phonemic,body hair,,,,
4-142-275-1,esee1248,Ese Ejja (Huarayo),678,e-kwaša,Phonemic,beard,,,,
4-140-275-1,esee1248,Ese Ejja (Huarayo),1040,e-'ɲa,Phonemic,hair (head),,,,
4-130-275-1,esee1248,Ese Ejja (Huarayo),2259,e-yami,Phonemic,flesh,,,,
4-120-275-1,esee1248,Ese Ejja (Huarayo),763,e-hee,Phonemic,"skin, hide",,,,
3-980-275-1,esee1248,Ese Ejja (Huarayo),112,dati,Phonemic,turtle,,,,
3-970-275-1,esee1248,Ese Ejja (Huarayo),1857,šai,Phonemic,"crocodile, alligator",,,,
3-960-275-1,esee1248,Ese Ejja (Huarayo),632,šaba nakwa,Phonemic,lizard,,,,
3-950-275-1,esee1248,Ese Ejja (Huarayo),503,e-na woi,Phonemic,frog,,,,
3-940-275-1,esee1248,Ese Ejja (Huarayo),1543,šemo,Phonemic,snail,,,,
3-920-275-1,esee1248,Ese Ejja (Huarayo),1791,xapipi,Phonemic,butterfly,,,,
3-910-275-1,esee1248,Ese Ejja (Huarayo),206,sokwai,Phonemic,firefly,,,,
3-850-275-1,esee1248,Ese Ejja (Huarayo),730,akwišo peo,Phonemic,snake,,,,
3-840-275-1,esee1248,Ese Ejja (Huarayo),1219,soso,Phonemic,worm,,,,
3-832-275-1,esee1248,Ese Ejja (Huarayo),1509,di,Phonemic,mosquito,,,,
3-831-275-1,esee1248,Ese Ejja (Huarayo),95,di,Phonemic,"sandfly (midge), gnat",,,,
3-830-275-1,esee1248,Ese Ejja (Huarayo),1504,we'we,Phonemic,fly,,From José Alvarez.,,
3-823-275-1,esee1248,Ese Ejja (Huarayo),1517,bia,Phonemic,wasp,,,,
3-822-275-1,esee1248,Ese Ejja (Huarayo),88,kiipaši,Phonemic,beehive,,,,
3-821-275-1,esee1248,Ese Ejja (Huarayo),1931,wini taʔa,Phonemic,beeswax,,,,
3-820-275-1,esee1248,Ese Ejja (Huarayo),665,wini,Phonemic,bee,,,,
3-818-275-1,esee1248,Ese Ejja (Huarayo),843,baša,Phonemic,spider,,,,
3-817-275-1,esee1248,Ese Ejja (Huarayo),587,poxi aso,Phonemic,ant,,,,
3-816-275-1,esee1248,Ese Ejja (Huarayo),1575,čapa,Phonemic,cockroach,,,,
3-815-275-1,esee1248,Ese Ejja (Huarayo),1538,axi tsewe,Phonemic,scorpion,,From José Alvarez.,,
3-814-275-1,esee1248,Ese Ejja (Huarayo),1974,kono pexa,Phonemic,centipede,,,,
3-811-275-1,esee1248,Ese Ejja (Huarayo),1392,bia,Phonemic,louse,,,,
3-760-275-1,esee1248,Ese Ejja (Huarayo),1350,do,Phonemic,monkey,,,,
3-750-275-1,esee1248,Ese Ejja (Huarayo),1936,dokwei,Phonemic,deer,,,,
3-730-275-1,esee1248,Ese Ejja (Huarayo),1820,a'na,Phonemic,bear,,,,
3-665-275-1,esee1248,Ese Ejja (Huarayo),1013,wio ʔai,Phonemic,freshwater eel,,,,
3-664-275-1,esee1248,Ese Ejja (Huarayo),1910,ibabi,Phonemic,stingray,,,,
3-655-275-1,esee1248,Ese Ejja (Huarayo),598,bexo,Phonemic,shell,,,,
3-654-275-1,esee1248,Ese Ejja (Huarayo),1916,e-šaxa,Phonemic,gill,,,,
3-653-275-1,esee1248,Ese Ejja (Huarayo),266,e-sope,Phonemic,fishscale,,From José Alvarez.,,
3-652-275-1,esee1248,Ese Ejja (Huarayo),213,e-iɲa,Phonemic,fin (dorsal),,,,
3-650-275-1,esee1248,Ese Ejja (Huarayo),227,na'o,Phonemic,fish,,,,
3-630-275-1,esee1248,Ese Ejja (Huarayo),2139,dawičo,Phonemic,"mouse, rat",,,,
3-620-275-1,esee1248,Ese Ejja (Huarayo),1208,[misi],Phonemic,cat,,,,
3-614-275-1,esee1248,Ese Ejja (Huarayo),1136,šaxa [misi],Phonemic,rabbit,,,,
3-610-275-1,esee1248,Ese Ejja (Huarayo),2009,iɲa wewa,Phonemic,dog,,,,
3-594-275-1,esee1248,Ese Ejja (Huarayo),1853,kwei behe,Phonemic,dove,,,,
3-596-275-1,esee1248,Ese Ejja (Huarayo),735,pexe-pexe,Phonemic,owl,,,,
3-592-275-1,esee1248,Ese Ejja (Huarayo),882,čako,Phonemic,parrot,,,,
3-591-275-1,esee1248,Ese Ejja (Huarayo),1793,biɲa,Phonemic,bat,,,,
3-586-275-1,esee1248,Ese Ejja (Huarayo),1185,ba'bo sewawa,Phonemic,vulture,,,,
3-585-275-1,esee1248,Ese Ejja (Huarayo),307,wipa,Phonemic,hawk,,,,
3-584-275-1,esee1248,Ese Ejja (Huarayo),1905,kee wai,Phonemic,eagle,,,,
3-582-275-1,esee1248,Ese Ejja (Huarayo),950,e-na kwei behe,Phonemic,seagull,,,,
3-583-275-1,esee1248,Ese Ejja (Huarayo),758,boka,Phonemic,heron,,,,
3-580-275-1,esee1248,Ese Ejja (Huarayo),539,e-'xa,Phonemic,nest,,,,
3-570-275-1,esee1248,Ese Ejja (Huarayo),1360,nono,Phonemic,duck,,,,
3-550-275-1,esee1248,Ese Ejja (Huarayo),1318,dexa hao,Phonemic,chicken,,,,
3-540-275-1,esee1248,Ese Ejja (Huarayo),1514,see ʔiwi,Phonemic,hen,,,,
3-350-275-1,esee1248,Ese Ejja (Huarayo),1337,ɲo ʔai,Phonemic,pig,,,,
3-320-275-1,esee1248,Ese Ejja (Huarayo),1348,yoxi,Phonemic,boar,,,,
3-230-275-1,esee1248,Ese Ejja (Huarayo),1007,ana-ʔai,Phonemic,cow,,Lit. 'oso grande'.,,
3-160-275-1,esee1248,Ese Ejja (Huarayo),649,beni,Phonemic,pasture,,,,
2-960-275-1,esee1248,Ese Ejja (Huarayo),817,o-kwana-ya,Phonemic,they,,,,
2-960-275-3,esee1248,Ese Ejja (Huarayo),817,o-'kwana-ya,Phonemic,they,,,,
2-950-275-1,esee1248,Ese Ejja (Huarayo),1213,mi-kiana,Phonemic,you (plural),,,,
2-950-275-3,esee1248,Ese Ejja (Huarayo),1213,mi-kiana-ya,Phonemic,you (plural),,,,
2-941-275-1,esee1248,Ese Ejja (Huarayo),1131,e-se-ha,Phonemic,we (inclusive),,,,
2-940-275-1,esee1248,Ese Ejja (Huarayo),1212,e-kwana,Phonemic,we,,,,
2-940-275-3,esee1248,Ese Ejja (Huarayo),1212,e-kwana-ya,Phonemic,we,,,,
2-930-275-1,esee1248,Ese Ejja (Huarayo),262,o-ya,Phonemic,he/she/it,,,,
2-930-275-3,esee1248,Ese Ejja (Huarayo),262,o-ya-ya,Phonemic,he/she/it,,,,
2-920-275-1,esee1248,Ese Ejja (Huarayo),1215,mi-ya,Phonemic,you (singular),,,,
2-920-275-3,esee1248,Ese Ejja (Huarayo),1215,mi-ya-ya,Phonemic,you (singular),,,,
2-910-275-1,esee1248,Ese Ejja (Huarayo),1209,e-ya,Phonemic,I,,,,
2-910-275-3,esee1248,Ese Ejja (Huarayo),1209,e-ya-ya,Phonemic,I,,,,
2-810-275-1,esee1248,Ese Ejja (Huarayo),1644,ese-exa,Phonemic,"relatives, kinsmen",,,,
2-770-275-1,esee1248,Ese Ejja (Huarayo),1981,e-wana-se e-mano-ʔio,Phonemic,widower,,,,
2-760-275-1,esee1248,Ese Ejja (Huarayo),1756,e-yawe e-mano-ʔio,Phonemic,widow,,,,
2-750-275-1,esee1248,Ese Ejja (Huarayo),1149,xia-xi-'ma,Phonemic,orphan,,Lit. '(someone) does not have (anything) to eat'.,,
2-720-275-1,esee1248,Ese Ejja (Huarayo),236,šana-se,Phonemic,stepmother,,,,
2-560-275-1,esee1248,Ese Ejja (Huarayo),1669,ese-exa ečii-kiana,Phonemic,ancestors,,,,
2-550-275-1,esee1248,Ese Ejja (Huarayo),1643,nono,Phonemic,cousin,,,,
2-540-275-1,esee1248,Ese Ejja (Huarayo),1642,šewe,Phonemic,niece,,,,
2-530-275-1,esee1248,Ese Ejja (Huarayo),1063,čawa,Phonemic,nephew,,,,
2-522-275-1,esee1248,Ese Ejja (Huarayo),170,nene,Phonemic,father's sister,,,,
2-520-275-1,esee1248,Ese Ejja (Huarayo),1272,nai,Phonemic,aunt,,,,
2-521-275-1,esee1248,Ese Ejja (Huarayo),171,nai,Phonemic,mother's sister,,,,
2-512-275-1,esee1248,Ese Ejja (Huarayo),1985,kaka,Phonemic,father's brother,,,,
2-512-275-3,esee1248,Ese Ejja (Huarayo),1985,iča,Phonemic,father's brother,,,,
2-511-275-1,esee1248,Ese Ejja (Huarayo),1984,toto,Phonemic,mother's brother,,,,
2-510-275-1,esee1248,Ese Ejja (Huarayo),1327,kaka,Phonemic,uncle,,,,
2-510-275-3,esee1248,Ese Ejja (Huarayo),1327,iča,Phonemic,uncle,,,,
2-480-275-1,esee1248,Ese Ejja (Huarayo),1618,osekwa,Phonemic,grandson,,,,
2-490-275-1,esee1248,Ese Ejja (Huarayo),1619,osekwa,Phonemic,granddaughter,,,,
2-471-275-1,esee1248,Ese Ejja (Huarayo),907,e-pona-čii,Phonemic,old woman,,,,
2-470-275-1,esee1248,Ese Ejja (Huarayo),1496,ʔano,Phonemic,grandmother,,,,
2-461-275-1,esee1248,Ese Ejja (Huarayo),406,e-čii,Phonemic,old man,,,,
2-460-275-1,esee1248,Ese Ejja (Huarayo),1383,baba,Phonemic,grandfather,,,,
2-458-275-1,esee1248,Ese Ejja (Huarayo),1005,beka-'ha,Phonemic,twins,,,,
2-455-275-1,esee1248,Ese Ejja (Huarayo),1761,šewe,Phonemic,younger sister,,,,
2-454-275-1,esee1248,Ese Ejja (Huarayo),1758,'ʔaʔia-se,Phonemic,older sister,,,,
2-450-275-1,esee1248,Ese Ejja (Huarayo),1263,xoʔi,Phonemic,sister,,,,
2-445-275-1,esee1248,Ese Ejja (Huarayo),1760,čawa,Phonemic,younger brother,,,,
2-444-275-1,esee1248,Ese Ejja (Huarayo),1759,nono,Phonemic,older brother,,,,
2-440-275-1,esee1248,Ese Ejja (Huarayo),1262,doe,Phonemic,brother,,,,
2-420-275-1,esee1248,Ese Ejja (Huarayo),1357,bakwa-'se,Phonemic,daughter,,,,
2-410-275-1,esee1248,Ese Ejja (Huarayo),1620,bakwa dexa,Phonemic,son,,,,
2-390-275-1,esee1248,Ese Ejja (Huarayo),426,e-wana-se,Phonemic,married woman,,,,
2-380-275-1,esee1248,Ese Ejja (Huarayo),424,e-yawe,Phonemic,married man,,,,
2-360-275-1,esee1248,Ese Ejja (Huarayo),1216,nai,Phonemic,mother,,,,
2-350-275-1,esee1248,Ese Ejja (Huarayo),1217,kaka,Phonemic,father,,,,
2-350-275-3,esee1248,Ese Ejja (Huarayo),1217,iča,Phonemic,father,,,,
2-330-275-1,esee1248,Ese Ejja (Huarayo),203,wana-kwe,Phonemic,marry,,,,
2-320-275-1,esee1248,Ese Ejja (Huarayo),1199,e-wana-se,Phonemic,wife,,,,
2-310-275-1,esee1248,Ese Ejja (Huarayo),1200,e-yawe,Phonemic,husband,,,,
2-280-275-1,esee1248,Ese Ejja (Huarayo),1289,e-bakwa,Phonemic,"infant, baby",,,,
2-270-275-1,esee1248,Ese Ejja (Huarayo),1304,dexa sisi,Phonemic,child,,,,
2-270-275-3,esee1248,Ese Ejja (Huarayo),1304,čawa,Phonemic,child,,,,
2-261-275-1,esee1248,Ese Ejja (Huarayo),77,epona e-šoi,Phonemic,young woman (adolescent),,,,
2-260-275-1,esee1248,Ese Ejja (Huarayo),1646,dexa pahi,Phonemic,girl,,,,
2-250-275-1,esee1248,Ese Ejja (Huarayo),1366,dexa šoi,Phonemic,boy,,,,
2-220-275-1,esee1248,Ese Ejja (Huarayo),962,e-pona,Phonemic,woman,,,,
2-210-275-1,esee1248,Ese Ejja (Huarayo),1554,dexa,Phonemic,man (vs. woman),,,,
2-100-275-1,esee1248,Ese Ejja (Huarayo),683,ese exa,Phonemic,"person, human being",,,,
2-100-275-3,esee1248,Ese Ejja (Huarayo),683,dexa,Phonemic,"person, human being",,,,
1-890-275-1,esee1248,Ese Ejja (Huarayo),1188,kwaki-koxa-ša,Phonemic,charcoal,,,,
1-880-275-1,esee1248,Ese Ejja (Huarayo),10,kwaki,Phonemic,firewood,,,,
1-870-275-1,esee1248,Ese Ejja (Huarayo),1133,čikwi,Phonemic,match (noun),,,,
1-861-275-1,esee1248,Ese Ejja (Huarayo),127,čio-kwe,Phonemic,extinguish,,,,
1-860-275-1,esee1248,Ese Ejja (Huarayo),737,kwa'ki-kwakwa-kwe,Phonemic,"light, kindle, ignite",,,,
1-852-275-1,esee1248,Ese Ejja (Huarayo),1428,hihi-kwe,Phonemic,burn (vb intrans),,,,
1-851-275-1,esee1248,Ese Ejja (Huarayo),141,kwakwa-kwe,Phonemic,burn (vb trans),,,,
1-840-275-1,esee1248,Ese Ejja (Huarayo),646,powi,Phonemic,ashes,,,,
1-830-275-1,esee1248,Ese Ejja (Huarayo),778,wičača,Phonemic,smoke (noun),,,,
1-810-275-1,esee1248,Ese Ejja (Huarayo),221,kwaki,Phonemic,fire,,,,
1-750-275-1,esee1248,Ese Ejja (Huarayo),658,e-'na,Phonemic,rain (noun),,,,
1-720-275-1,esee1248,Ese Ejja (Huarayo),960,beni,Phonemic,wind,,,,
1-730-275-1,esee1248,Ese Ejja (Huarayo),1489,bo,Phonemic,cloud,,,,
1-710-275-1,esee1248,Ese Ejja (Huarayo),27,beni,Phonemic,air,,,,
1-640-275-1,esee1248,Ese Ejja (Huarayo),1977,e-šioo,Phonemic,dew,,,,
1-630-275-1,esee1248,Ese Ejja (Huarayo),1388,e-šawa,Phonemic,"shade, shadow",,,,
1-620-275-1,esee1248,Ese Ejja (Huarayo),11,e-dedo-xi ča'ma,Phonemic,darkness,,,,
1-610-275-1,esee1248,Ese Ejja (Huarayo),630,e-dedo-xi,Phonemic,light (noun),,From José Alvarez.,,
1-590-275-1,esee1248,Ese Ejja (Huarayo),1733,ešixe,Phonemic,rainbow,,,,
1-580-275-1,esee1248,Ese Ejja (Huarayo),858,ena-ʔai,Phonemic,storm,,,,
1-560-275-1,esee1248,Ese Ejja (Huarayo),1150,kwehi,Phonemic,thunder,,,,
1-570-275-1,esee1248,Ese Ejja (Huarayo),2007,ka'aa,Phonemic,lightning (as striking),,,,
1-550-275-1,esee1248,Ese Ejja (Huarayo),1654,poxexe,Phonemic,lightning,,,,
1-540-275-1,esee1248,Ese Ejja (Huarayo),1430,čiče,Phonemic,star,,,,
1-530-275-1,esee1248,Ese Ejja (Huarayo),1313,baʔi,Phonemic,moon,,,,
1-520-275-1,esee1248,Ese Ejja (Huarayo),1343,e-šeti,Phonemic,sun,,,,
1-510-275-1,esee1248,Ese Ejja (Huarayo),1732,eya,Phonemic,sky,,,,
1-440-275-1,esee1248,Ese Ejja (Huarayo),2125,saso,Phonemic,"stone, rock",,,,
1-420-275-1,esee1248,Ese Ejja (Huarayo),906,akwi,Phonemic,tree (cf 08.600),,,,
1-410-275-1,esee1248,Ese Ejja (Huarayo),420,e-bio,Phonemic,"woods, forest",,,,
1-390-275-1,esee1248,Ese Ejja (Huarayo),943,e-taa-sisi,Phonemic,waterfall,,From José Alvarez.,,
1-380-275-1,esee1248,Ese Ejja (Huarayo),1145,na-šapa-wawa-wawa,Phonemic,swamp,,,,
1-370-275-1,esee1248,Ese Ejja (Huarayo),2144,taa,Phonemic,"spring, well",,,,
1-362-275-1,esee1248,Ese Ejja (Huarayo),1982,baeti,Phonemic,whirlpool,,,,
1-360-275-1,esee1248,Ese Ejja (Huarayo),666,e-'na,Phonemic,"river, stream, brook",,,,
1-350-275-1,esee1248,Ese Ejja (Huarayo),978,e-na-šoxo,Phonemic,wave,,From José Alvarez.,,
1-341-275-1,esee1248,Ese Ejja (Huarayo),623,bai-sisi,Phonemic,lagoon,,,,
1-330-275-1,esee1248,Ese Ejja (Huarayo),624,bai,Phonemic,lake,,,,
1-324-275-1,esee1248,Ese Ejja (Huarayo),1768,wapa,Phonemic,foam,,,,
1-310-275-1,esee1248,Ese Ejja (Huarayo),948,e-'na,Phonemic,water,,,,
1-280-275-1,esee1248,Ese Ejja (Huarayo),1155,e-doxo,Phonemic,cave,,,,
1-250-275-1,esee1248,Ese Ejja (Huarayo),622,e-doxoxa,Phonemic,island,,,,
1-230-275-1,esee1248,Ese Ejja (Huarayo),652,weni-weni,Phonemic,"plain, field",,,,
1-222-275-1,esee1248,Ese Ejja (Huarayo),618,epawa,Phonemic,"cliff, precipice",,,,
1-222-275-3,esee1248,Ese Ejja (Huarayo),618,ekwewewe,Phonemic,"cliff, precipice",,,,
1-220-275-1,esee1248,Ese Ejja (Huarayo),2118,ebawa,Phonemic,"mountain, hill",,,,
1-214-275-1,esee1248,Ese Ejja (Huarayo),640,našapa,Phonemic,mud,,,,
1-215-275-1,esee1248,Ese Ejja (Huarayo),671,meši hahi,Phonemic,sand,,,,
1-213-275-1,esee1248,Ese Ejja (Huarayo),2,kia-poi,Phonemic,dust,,,,
1-212-275-1,esee1248,Ese Ejja (Huarayo),1228,meši,Phonemic,"earth=ground, soil",,,,
1-210-275-1,esee1248,Ese Ejja (Huarayo),626,meši,Phonemic,"earth, land",,,,
1-100-275-1,esee1248,Ese Ejja (Huarayo),965,meši,Phonemic,world,,,,
14-350-275-1,esee1248,Ese Ejja (Huarayo),204,oo-ya,Phonemic,again,,,,
14-410-275-1,esee1248,Ese Ejja (Huarayo),1225,e-poxa,Phonemic,day,,,,
14-420-275-1,esee1248,Ese Ejja (Huarayo),1233,sine-kwa,Phonemic,night,,,,
14-430-275-1,esee1248,Ese Ejja (Huarayo),729,xa-poxa-ti-asi-xe,Phonemic,dawn,,,,
14-440-275-1,esee1248,Ese Ejja (Huarayo),1339,meka-wa-xe,Phonemic,morning,,,,
14-451-275-1,esee1248,Ese Ejja (Huarayo),1807,meka-wa-xe sine-kwa,Phonemic,afternoon,,,,
14-460-275-1,esee1248,Ese Ejja (Huarayo),1629,meka-wa-xe sine-kwa,Phonemic,evening,,,,
14-480-275-1,esee1248,Ese Ejja (Huarayo),1329,meka-wa-xe,Phonemic,tomorrow,,,,
14-490-275-1,esee1248,Ese Ejja (Huarayo),1174,yawa-ho,Phonemic,yesterday,,,,
14-740-275-1,esee1248,Ese Ejja (Huarayo),1471,na-yaha,Phonemic,winter,,,,
14-760-275-1,esee1248,Ese Ejja (Huarayo),1342,eše kiaha,Phonemic,summer,,,,
15-350-275-1,esee1248,Ese Ejja (Huarayo),717,kia-bikia,Phonemic,sweet,,,,
15-360-275-1,esee1248,Ese Ejja (Huarayo),1091,kia-sese,Phonemic,salty,,,,
15-370-275-1,esee1248,Ese Ejja (Huarayo),887,kia-poe,Phonemic,bitter,,,,
15-380-275-1,esee1248,Ese Ejja (Huarayo),1906,kia-sese,Phonemic,"acid, sour",,,,
15-410-275-1,esee1248,Ese Ejja (Huarayo),1408,šaxa-kwe,Phonemic,hear,,,,
15-420-275-1,esee1248,Ese Ejja (Huarayo),1608,šaxa-kwe,Phonemic,listen,,,,
15-510-275-1,esee1248,Ese Ejja (Huarayo),1409,ba-kwe,Phonemic,see,,,,
15-520-275-1,esee1248,Ese Ejja (Huarayo),1819,ba-kwe,Phonemic,"look, look at",,,,
15-550-275-1,esee1248,Ese Ejja (Huarayo),1039,ba-mee-kwe,Phonemic,show,,,,
15-560-275-1,esee1248,Ese Ejja (Huarayo),708,sio-kwe,Phonemic,shine,,,,
15-570-275-1,esee1248,Ese Ejja (Huarayo),679,kia-sio-nee,Phonemic,bright,,,,
15-640-275-1,esee1248,Ese Ejja (Huarayo),1335,oše,Phonemic,white,,,,
15-650-275-1,esee1248,Ese Ejja (Huarayo),163,tewe,Phonemic,black,,,,
15-660-275-1,esee1248,Ese Ejja (Huarayo),156,yoʔo,Phonemic,red,,,,
15-660-275-3,esee1248,Ese Ejja (Huarayo),156,woʔo,Phonemic,red,,,,
15-670-275-1,esee1248,Ese Ejja (Huarayo),837,kawa,Phonemic,blue,,,,
15-680-275-1,esee1248,Ese Ejja (Huarayo),1425,kawa,Phonemic,green,,,,
15-690-275-1,esee1248,Ese Ejja (Huarayo),1424,hawa,Phonemic,yellow,,,,
15-710-275-1,esee1248,Ese Ejja (Huarayo),1892,miši-kwe,Phonemic,touch,,,,
15-712-275-1,esee1248,Ese Ejja (Huarayo),378,čixi-kwe,Phonemic,pinch,,,,
15-740-275-1,esee1248,Ese Ejja (Huarayo),1884,kia-kaʔa,Phonemic,hard,,,,
15-750-275-1,esee1248,Ese Ejja (Huarayo),1856,kia-noma,Phonemic,soft,,Respectively: refers to food; refers to fruit.,,
15-750-275-3,esee1248,Ese Ejja (Huarayo),1856,kia-poʔi,Phonemic,soft,,Respectively: refers to food; refers to fruit.,,
15-760-275-1,esee1248,Ese Ejja (Huarayo),1923,kia-šaa,Phonemic,rough,,From José Alvarez.,,
15-770-275-1,esee1248,Ese Ejja (Huarayo),1234,šaa-ʔama,Phonemic,smooth,,,,
15-780-275-1,esee1248,Ese Ejja (Huarayo),1396,kia-hewi,Phonemic,sharp,,,,
15-810-275-1,esee1248,Ese Ejja (Huarayo),1210,kia-pexa,Phonemic,heavy,,Latter form from José Alvarez.,,
15-810-275-3,esee1248,Ese Ejja (Huarayo),1210,kia-bikie,Phonemic,heavy,,Latter form from José Alvarez.,,
15-820-275-1,esee1248,Ese Ejja (Huarayo),1052,bikie-ʔama,Phonemic,light (in weight),,,,
15-830-275-1,esee1248,Ese Ejja (Huarayo),1726,e-šepa,Phonemic,"wet, damp",,,,
15-840-275-1,esee1248,Ese Ejja (Huarayo),1398,kia-habo,Phonemic,dry,,,,
15-850-275-1,esee1248,Ese Ejja (Huarayo),1286,kia-kio,Phonemic,hot,,,,
15-851-275-1,esee1248,Ese Ejja (Huarayo),1232,kia-kio,Phonemic,warm,,,,
15-860-275-1,esee1248,Ese Ejja (Huarayo),1287,kia-we,Phonemic,cold,,,,
15-870-275-1,esee1248,Ese Ejja (Huarayo),704,kia-wio,Phonemic,clean,,,,
15-870-275-3,esee1248,Ese Ejja (Huarayo),704,kia-bohia,Phonemic,clean,,,,
15-880-275-1,esee1248,Ese Ejja (Huarayo),1230,kia-sewe,Phonemic,"dirty, soiled",,,,
15-890-275-1,esee1248,Ese Ejja (Huarayo),380,kia-hee-šiwi,Phonemic,wrinkled,,,,
16-110-275-1,esee1248,Ese Ejja (Huarayo),53,e-šawa,Phonemic,"soul, spirit",,,,
16-230-275-1,esee1248,Ese Ejja (Huarayo),1495,kia-bei,Phonemic,"joyful, glad, happy",,,,
16-230-275-3,esee1248,Ese Ejja (Huarayo),1495,kia-bame,Phonemic,"joyful, glad, happy",,,,
16-230-275-5,esee1248,Ese Ejja (Huarayo),1495,kia-bewi,Phonemic,"joyful, glad, happy",,,,
16-250-275-1,esee1248,Ese Ejja (Huarayo),1355,sa-kwe,Phonemic,laugh,,,,
16-260-275-1,esee1248,Ese Ejja (Huarayo),1413,maha-maha-kwe,Phonemic,play,,,,
16-310-275-1,esee1248,Ese Ejja (Huarayo),1783,kia-nee,Phonemic,pain,,,,
16-320-275-1,esee1248,Ese Ejja (Huarayo),1668,kia-šimo,Phonemic,"grief, sorrow, sadness",,,,
16-320-275-3,esee1248,Ese Ejja (Huarayo),1668,kia-eno,Phonemic,"grief, sorrow, sadness",,,,
16-370-275-1,esee1248,Ese Ejja (Huarayo),1839,pa-kwe,Phonemic,"cry, weep",,,,
16-380-275-1,esee1248,Ese Ejja (Huarayo),1651,e-toxa-na,Phonemic,tear (noun),,,,
16-420-275-1,esee1248,Ese Ejja (Huarayo),82,kia-tene,Phonemic,anger,,,,
16-440-275-1,esee1248,Ese Ejja (Huarayo),40,kia-ʔia,Phonemic,"envy, jealousy",,,,
16-450-275-1,esee1248,Ese Ejja (Huarayo),1776,kia-bičo,Phonemic,shame (noun),,,,
16-520-275-1,esee1248,Ese Ejja (Huarayo),3,kia-bišaa-nee,Phonemic,brave,,,,
16-530-275-1,esee1248,Ese Ejja (Huarayo),781,kia-šo,Phonemic,"fear, fright",,,,
16-530-275-3,esee1248,Ese Ejja (Huarayo),781,kia-axa,Phonemic,"fear, fright",,,,
16-622-275-1,esee1248,Ese Ejja (Huarayo),1750,mepe-kwe,Phonemic,choose,,,,
16-670-275-1,esee1248,Ese Ejja (Huarayo),601,ʔeʔe ne poso-a-kwe,Phonemic,"lie, tell lies",,,,
16-680-275-1,esee1248,Ese Ejja (Huarayo),13,siaxe,Phonemic,deceit,,,,
16-710-275-1,esee1248,Ese Ejja (Huarayo),1035,kia-bame,Phonemic,good,,,,
16-720-275-1,esee1248,Ese Ejja (Huarayo),1292,kia-tai,Phonemic,bad,,,,
16-810-275-1,esee1248,Ese Ejja (Huarayo),1427,kia-bame-nee,Phonemic,beautiful,,,,
16-820-275-1,esee1248,Ese Ejja (Huarayo),1548,bame-ʔama,Phonemic,ugly,,,,
17-130-275-1,esee1248,Ese Ejja (Huarayo),1415,xa-šawa-ba-ti-kwe,Phonemic,think (= reflect),,,,
17-140-275-1,esee1248,Ese Ejja (Huarayo),1513,xa-šawa-ba-ti-kwe,Phonemic,think (= be of the opinion),,,,
17-171-275-1,esee1248,Ese Ejja (Huarayo),1932,ay-baa-xi,Phonemic,guess,,From José Alvarez.,,
17-172-275-1,esee1248,Ese Ejja (Huarayo),117,haa-nišo-kwe,Phonemic,imitate,,,,
17-180-275-1,esee1248,Ese Ejja (Huarayo),1521,nišo-kwe,Phonemic,seem,,,,
17-210-275-1,esee1248,Ese Ejja (Huarayo),698,e-yami-tekwa,Phonemic,wise,,,,
17-230-275-1,esee1248,Ese Ejja (Huarayo),1899,ɲiɲe,Phonemic,"insane, crazy",,From José Alvarez.,,
17-240-275-1,esee1248,Ese Ejja (Huarayo),504,xa-bawe-neti-kwe,Phonemic,learn,,,,
17-250-275-1,esee1248,Ese Ejja (Huarayo),709,ba-mee-kwe,Phonemic,teach,,From José Alvarez.,,
17-310-275-1,esee1248,Ese Ejja (Huarayo),707,šawa-ba-ʔio-kwe,Phonemic,remember,,From José Alvarez.,,
17-320-275-1,esee1248,Ese Ejja (Huarayo),1523,pa-hea-ʔio-kwe,Phonemic,forget,,,,
17-320-275-3,esee1248,Ese Ejja (Huarayo),1523,pa-kwe,Phonemic,forget,,,,
17-430-275-1,esee1248,Ese Ejja (Huarayo),1308,-ʔaxa,Phonemic,doubt,,,,
17-550-275-1,esee1248,Ese Ejja (Huarayo),1268,ʔeʔe,Phonemic,"yes, affirmative",,,,
17-560-275-1,esee1248,Ese Ejja (Huarayo),1269,pahaa,Phonemic,"no, negative",,,,
17-560-275-3,esee1248,Ese Ejja (Huarayo),1269,mia,Phonemic,"no, negative",,,,
17-610-275-1,esee1248,Ese Ejja (Huarayo),1239,ača-kwa,Phonemic,how?,,,,
17-620-275-1,esee1248,Ese Ejja (Huarayo),822,ače wiso,Phonemic,how many?,,,,
17-630-275-1,esee1248,Ese Ejja (Huarayo),531,ače wiso,Phonemic,how much?,,,,
17-640-275-1,esee1248,Ese Ejja (Huarayo),1236,yaxa,Phonemic,what?,,,,
17-650-275-1,esee1248,Ese Ejja (Huarayo),1238,ače šono,Phonemic,when?,,,,
17-660-275-1,esee1248,Ese Ejja (Huarayo),1237,ače-xe,Phonemic,where?,,,,
17-670-275-1,esee1248,Ese Ejja (Huarayo),727,ače,Phonemic,which?,,,,
18-210-275-1,esee1248,Ese Ejja (Huarayo),1623,mimi-kwe,Phonemic,"speak, talk",,,,
18-220-275-1,esee1248,Ese Ejja (Huarayo),1458,a-kwe,Phonemic,say,,,,
18-221-275-1,esee1248,Ese Ejja (Huarayo),1711,a-ta-nahe,Phonemic,tell story,,,,
18-230-275-1,esee1248,Ese Ejja (Huarayo),48,xamaya,Phonemic,silent (be),,,,
18-240-275-1,esee1248,Ese Ejja (Huarayo),1307,soi-ho,Phonemic,language,,,,
18-340-275-1,esee1248,Ese Ejja (Huarayo),755,mia,Phonemic,deny,,,,
18-570-275-1,esee1248,Ese Ejja (Huarayo),794,e-mimi-xi,Phonemic,pen,,,,
19-160-275-1,esee1248,Ese Ejja (Huarayo),930,dexa-ke-sowa-kia-nee,Phonemic,village,,,,
19-230-275-1,esee1248,Ese Ejja (Huarayo),302,haa-xi-pia,Phonemic,"tribe, clan",,,,
19-250-275-1,esee1248,Ese Ejja (Huarayo),1296,e-kekwa-xi,Phonemic,"staff, walking stick",,,,
19-510-275-1,esee1248,Ese Ejja (Huarayo),1325,e-nixe,Phonemic,"friend, companion",,,,
19-520-275-1,esee1248,Ese Ejja (Huarayo),1358,haa-xi-pia,Phonemic,enemy,,,,
19-650-275-1,esee1248,Ese Ejja (Huarayo),1831,ba-ʔa-kwe,Phonemic,meet,,,,
20-240-275-1,esee1248,Ese Ejja (Huarayo),994,e-koi-xi,Phonemic,bow,,,,
20-250-275-1,esee1248,Ese Ejja (Huarayo),977,e-mese,Phonemic,arrow,,,,
20-280-275-1,esee1248,Ese Ejja (Huarayo),1566,e-kekwa-xi,Phonemic,"gun, cannon",,,,
20-450-275-1,esee1248,Ese Ejja (Huarayo),421,poti-kwe,Phonemic,retreat,,,,
20-490-275-1,esee1248,Ese Ejja (Huarayo),65,ba-kwe,Phonemic,ambush,,,,
20-610-275-1,esee1248,Ese Ejja (Huarayo),1435,tekwa-kwe,Phonemic,hunt,,,,
20-620-275-1,esee1248,Ese Ejja (Huarayo),1172,tekwa-kwe,Phonemic,shoot,,,,
20-630-275-1,esee1248,Ese Ejja (Huarayo),161,axo-ta-kwe,Phonemic,miss (target),,,,
20-640-275-1,esee1248,Ese Ejja (Huarayo),1075,akwi tsaa,Phonemic,trap (noun),,,,
22-120-275-1,esee1248,Ese Ejja (Huarayo),1944,e-dosi-kiana,Phonemic,God,,,,
22-310-275-1,esee1248,Ese Ejja (Huarayo),1565,eya,Phonemic,heaven,,,,
22-430-275-1,esee1248,Ese Ejja (Huarayo),2137,e-yami-tekwa,Phonemic,"sorcerer, witch",,,,
22-440-275-1,esee1248,Ese Ejja (Huarayo),2138,e-šawa,Phonemic,"fairy, elf",,,,
