ID,Language_ID,Language_name,Parameter_ID,Value,Transcription,Concept,Source,Comment,AlternativeValue,AlternativeTranscription
14-320-304-1,iyoj1235,Chorote,1852,xaapaanitiin,Phonemic,often,,,,
14-310-304-1,iyoj1235,Chorote,1676,kyexkatayiʔ,Phonemic,always,,,,
14-310-304-3,iyoj1235,Chorote,1676,kyaatay,Phonemic,always,,,,
14-290-304-1,iyoj1235,Chorote,790,wakat,Phonemic,ready,,,,
14-280-304-1,iyoj1235,Chorote,1928,-tefʷe ~ -tifʷe,Phonemic,"cease, stop",,Cf. 14.270,,
14-270-304-1,iyoj1235,Chorote,1766,-tewe ~ -tiwe,Phonemic,finish,,,,
14-252-304-1,iyoj1235,Chorote,1186,-toxseyc̷iin (?),Phonemic,"last, endure",,,,
14-250-304-1,iyoj1235,Chorote,1806,-nayini ~ nyeyini,Phonemic,"begin, beginning",,,,
14-240-304-1,iyoj1235,Chorote,425,-fʷatax,Phonemic,"retard, delay",,,,
14-230-304-1,iyoj1235,Chorote,754,-kec̷ixin ~ -kic̷ixin,Phonemic,"hasten, hurry",,,,
14-220-304-1,iyoj1235,Chorote,701,xa-kec̷ixin ~ xe-kic̷ixin,Phonemic,slow,,"Also xe-paxsa, all mean 'not fast'.",,
14-210-304-1,iyoj1235,Chorote,1631,-kec̷ixin ~ -kic̷ixin,Phonemic,"swift, fast, quick",,,,
14-210-304-3,iyoj1235,Chorote,1631,-paxsa,Phonemic,"swift, fast, quick",,,,
14-190-304-1,iyoj1235,Chorote,1963,oxnokyuʔ,Phonemic,immediately,,,,
14-180-304-1,iyoj1235,Chorote,1376,naxaki,Phonemic,now,,,,
14-170-304-1,iyoj1235,Chorote,477,nooxtiʔ,Phonemic,late,,,,
14-160-304-1,iyoj1235,Chorote,672,kyexlamat,Phonemic,early,,Also means 'dawn' 14.430.,,
14-150-304-1,iyoj1235,Chorote,1229,yuxsa,Phonemic,old,,Refers to non-human.,,
14-130-304-1,iyoj1235,Chorote,1231,inkyeʔ,Phonemic,new,,,,
14-110-304-1,iyoj1235,Chorote,892,xloma,Phonemic,time,,Also means 'day' 14.410.,,
13-440-304-1,iyoj1235,Chorote,417,iwyeʔc̷yelaxaay,Phonemic,three times,,,,
13-420-304-1,iyoj1235,Chorote,1859,iwyeʔc̷yela,Phonemic,third,,,,
13-380-304-1,iyoj1235,Chorote,1546,intak-awixiyin,Phonemic,two times,,,,
13-370-304-1,iyoj1235,Chorote,1888,loyefʷa,Phonemic,pair,,,,
13-360-304-1,iyoj1235,Chorote,1384,tomexeʔ,Phonemic,second,,,,
13-350-304-1,iyoj1235,Chorote,1529,-mani-syem,Phonemic,last,,Lit. '?-low'.,,
13-340-304-1,iyoj1235,Chorote,728,-nayin ~ -nyeyin,Phonemic,first,,,,
13-330-304-1,iyoj1235,Chorote,1580,-fʷanniʔ ~ -fʷyenniʔ,Phonemic,"alone, only",,Cf. 'one' 13.010.,,
13-240-304-1,iyoj1235,Chorote,816,-kyowe,Phonemic,half,,,,
13-230-304-1,iyoj1235,Chorote,779,-weysyeʔ,Phonemic,"part, piece",,,,
13-220-304-1,iyoj1235,Chorote,1624,nofʷi,Phonemic,empty,,,,
13-210-304-1,iyoj1235,Chorote,1429,tapowe,Phonemic,full,,,,
13-190-304-1,iyoj1235,Chorote,2023,-wit-totinim,Phonemic,"multitude, crowd",,,,
13-170-304-1,iyoj1235,Chorote,1242,xa lox,Phonemic,"little (quantity), few",,Respectively: not countable (not many); countable.,,
13-170-304-3,iyoj1235,Chorote,1242,fʷamlaa,Phonemic,"little (quantity), few",,Respectively: not countable (not many); countable.,,
13-180-304-1,iyoj1235,Chorote,1881,wuwe,Phonemic,enough,,,,
13-160-304-1,iyoj1235,Chorote,1992,moy syufʷe,Phonemic,more,,,,
13-150-304-1,iyoj1235,Chorote,1198,lox,Phonemic,"much, many",,Respectively: countable and non-countable.,,
13-150-304-3,iyoj1235,Chorote,1198,asaʔa,Phonemic,"much, many",,Respectively: countable and non-countable.,,
13-140-304-1,iyoj1235,Chorote,98,kyeexeʔ,Phonemic,"every, all",,,,
13-107-304-1,iyoj1235,Chorote,1420,etitin ~ -ititin,Phonemic,count,,,,
13-107-304-3,iyoj1235,Chorote,1420,-xnus,Phonemic,count,,,,
13-100-304-1,iyoj1235,Chorote,1515,itifʷami nuwa si-kyoy-ey,Phonemic,ten,,Means 'our hands'.,,
13-90-304-1,iyoj1235,Chorote,1483,pawlic̷i tom nexeye,Phonemic,nine,,Means 'four more'.,,
13-80-304-1,iyoj1235,Chorote,1705,iwyeʔc̷yela tom nexeye,Phonemic,eight,,Means 'three more'.,,
13-50-304-1,iyoj1235,Chorote,493,ifʷyenni sikyoy itifʷe,Phonemic,five,,Means 'one our hand'.,,
13-40-304-1,iyoj1235,Chorote,1500,pawlic̷iʔ,Phonemic,four,,,,
13-20-304-1,iyoj1235,Chorote,1498,intak,Phonemic,two,,Cf. 'twins' 02.458.,,
13-30-304-1,iyoj1235,Chorote,492,iwyeʔc̷yela,Phonemic,three,,,,
13-10-304-1,iyoj1235,Chorote,1493,ifʷyenni,Phonemic,one,,,,
13-0-304-1,iyoj1235,Chorote,1294,taʔipa,Phonemic,"zero, nothing",,,,
12-930-304-1,iyoj1235,Chorote,1264,-teyet ~ -tiyet,Phonemic,change,,,,
12-920-304-1,iyoj1235,Chorote,1558,nestiki,Phonemic,"like, similar",,,,
12-840-304-1,iyoj1235,Chorote,1048,lapiwit,Phonemic,line,,,,
12-850-304-1,iyoj1235,Chorote,1667,axlim,Phonemic,hole,,,,
12-810-304-1,iyoj1235,Chorote,1395,kyoyoyiʔ,Phonemic,round,,,,
12-820-304-1,iyoj1235,Chorote,1467,kyoyoyiʔ,Phonemic,circle,,,,
12-780-304-1,iyoj1235,Chorote,850,kapaakiʔ,Phonemic,square,,,,
12-760-304-1,iyoj1235,Chorote,192,-yote? (f.),Phonemic,corner,,,,
12-750-304-1,iyoj1235,Chorote,1071,walaatenafʷom,Phonemic,hook,,,,
12-740-304-1,iyoj1235,Chorote,297,-soyooyc̷i,Phonemic,crooked,,,,
12-730-304-1,iyoj1235,Chorote,1404,awextiʔ ~ -ewextiʔ,Phonemic,straight,,,,
12-680-304-1,iyoj1235,Chorote,193,xa-apetyofʷiʔ,Phonemic,shallow,,Lit. 'not deep' 12.670.,,
12-670-304-1,iyoj1235,Chorote,1593,apetyofʷiʔ,Phonemic,deep,,,,
12-650-304-1,iyoj1235,Chorote,2249,xe-wuyi,Phonemic,thin (in dimension),,Lit. 'negative thick'.,,
12-630-304-1,iyoj1235,Chorote,1244,wuyi,Phonemic,thick (in dimension),,,,
12-620-304-1,iyoj1235,Chorote,1267,xe isayiʔ,Phonemic,narrow,,Lit. 'not broad' 12.610.,,
12-610-304-1,iyoj1235,Chorote,1243,isayiʔ,Phonemic,"wide, broad",,,,
12-590-304-1,iyoj1235,Chorote,1645,xe toy,Phonemic,short,,Lit. 'not tall'12.580.,,
12-580-304-1,iyoj1235,Chorote,711,-toy ~ -tyoy,Phonemic,tall,,Also means 'high' 12.310.,,
12-570-304-1,iyoj1235,Chorote,1203,-toxiʔ,Phonemic,long,,,,
12-560-304-1,iyoj1235,Chorote,1246,fʷamlaa,Phonemic,"small, little",,"Also xe-wux, 'not large'.",,
12-560-304-3,iyoj1235,Chorote,1246,xelox,Phonemic,"small, little",,"Also xe-wux, 'not large'.",,
12-560-304-5,iyoj1235,Chorote,1246,kyepis,Phonemic,"small, little",,"Also xe-wux, 'not large'.",,
12-550-304-1,iyoj1235,Chorote,1202,wux,Phonemic,"large, big",,,,
12-540-304-1,iyoj1235,Chorote,1506,-kye-eneʔ ~ -kye-ineʔ,Phonemic,measure,,,,
12-530-304-1,iyoj1235,Chorote,479,-teyfʷom ~ -tifʷom,Phonemic,grow,,,,
12-480-304-1,iyoj1235,Chorote,1595,wuʔpax,Phonemic,south,,,,
12-470-304-1,iyoj1235,Chorote,1598,wikina,Phonemic,north,,,,
12-460-304-1,iyoj1235,Chorote,1817,xlaawesis,Phonemic,west,,,,
12-450-304-1,iyoj1235,Chorote,1877,maanuk,Phonemic,east,,,,
12-430-304-1,iyoj1235,Chorote,1942,xa-tofʷe,Phonemic,near (adv),,Lit. 'not-far' 12.440.,,
12-440-304-1,iyoj1235,Chorote,1406,-tofʷe,Phonemic,far (adv),,,,
12-420-304-1,iyoj1235,Chorote,244,-lam,Phonemic,left (side),,,,
12-410-304-1,iyoj1235,Chorote,1019,-fʷeye,Phonemic,right (side),,,,
12-370-304-1,iyoj1235,Chorote,1093,xikyowe,Phonemic,"middle, center",,,,
12-353-304-1,iyoj1235,Chorote,863,takina,Phonemic,edge,,Cf. 'shore' 01.270.,,
12-352-304-1,iyoj1235,Chorote,372,xipasatpoʔ,Phonemic,pointed,,,,
12-340-304-1,iyoj1235,Chorote,690,-yowey,Phonemic,bottom,,,,
12-320-304-1,iyoj1235,Chorote,721,isyem,Phonemic,low,,,,
12-330-304-1,iyoj1235,Chorote,1753,takixnaki atofʷom,Phonemic,top,,,,
12-310-304-1,iyoj1235,Chorote,1265,-toy ~ -tyoy,Phonemic,high,,,,
12-270-304-1,iyoj1235,Chorote,602,-fʷexkin ~ -fʷixkin,Phonemic,"hide, conceal",,,,
12-250-304-1,iyoj1235,Chorote,1046,-pom ~ -pyom,Phonemic,"shut, close",,,,
12-250-304-3,iyoj1235,Chorote,1046,-pofʷ-,Phonemic,"shut, close",,,,
12-260-304-1,iyoj1235,Chorote,761,-poapeʔe ~ -pyoapeʔe,Phonemic,cover,,,,
12-240-304-1,iyoj1235,Chorote,1156,axlinityam ~ -talinityam,Phonemic,open,,Also varies with ~ elinityam.,,
12-232-304-1,iyoj1235,Chorote,1119,-woye-tam ~ -yoye-tam,Phonemic,divide,,,,
12-230-304-1,iyoj1235,Chorote,1359,-wenakit ~ -winakit,Phonemic,separate,,,,
12-220-304-1,iyoj1235,Chorote,1743,-xotinim ~ -xyutinim ~ -otinim,Phonemic,"join, unite",,,,
12-213-304-1,iyoj1235,Chorote,1576,-fʷoxc̷eʔ ~ -xyoxc̷eʔ,Phonemic,pile up,,,,
12-210-304-1,iyoj1235,Chorote,7,-kimiyin ~ -simiyin (?),Phonemic,"collect, gather",,,,
12-160-304-1,iyoj1235,Chorote,987,-mannine,Phonemic,"remain, stay",,,,
12-150-304-1,iyoj1235,Chorote,1442,-kasit,Phonemic,stand,,,,
12-140-304-1,iyoj1235,Chorote,215,-xoʔneʔ ~ -xyoʔneʔ ~ -oʔneʔ,Phonemic,lie down,,,,
12-130-304-1,iyoj1235,Chorote,1416,eyineʔ ~ -ineʔ,Phonemic,sit,,,,
12-130-304-3,iyoj1235,Chorote,1416,-wayine,Phonemic,sit,,,,
12-120-304-1,iyoj1235,Chorote,998,eneʔ ~ -ineʔ,Phonemic,put,,,,
12-110-304-1,iyoj1235,Chorote,723,-wet ~ -wit,Phonemic,place,,Also means 'country' 19.110.,,
12-80-304-1,iyoj1235,Chorote,1591,fʷom,Phonemic,"up, above",,,,
12-70-304-1,iyoj1235,Chorote,1485,isyem,Phonemic,under,,,,
12-70-304-3,iyoj1235,Chorote,1485,kyafʷey,Phonemic,under,,,,
12-60-304-1,iyoj1235,Chorote,762,lawaa,Phonemic,outside,,,,
12-50-304-1,iyoj1235,Chorote,1606,kyafʷey,Phonemic,"inside, in",,,,
12-40-304-1,iyoj1235,Chorote,1882,loyixi,Phonemic,before,,,,
12-30-304-1,iyoj1235,Chorote,2094,isyem,Phonemic,"down, below",,Also means 'low' 12.320.,,
12-20-304-1,iyoj1235,Chorote,1816,-yipe,Phonemic,beside,,,,
12-11-304-1,iyoj1235,Chorote,1686,-mani-syem,Phonemic,behind,,Means 'to be the last'.,,
12-10-304-1,iyoj1235,Chorote,1685,kapaxataxnaa,Phonemic,after,,,,
12-10-304-3,iyoj1235,Chorote,1685,onokyu,Phonemic,after,,,,
11-920-304-1,iyoj1235,Chorote,1098,eynekalimpe ~ -inekalimpe,Phonemic,weigh,,,,
11-910-304-1,iyoj1235,Chorote,884,-laxnaten -lyexnaten,Phonemic,share (distribute),,,,
11-890-304-1,iyoj1235,Chorote,1887,xe toxni,Phonemic,cheap,,Lit. 'not expensive'.,,
11-880-304-1,iyoj1235,Chorote,1426,toxni,Phonemic,"dear (costly, expensive)",,,,
11-870-304-1,iyoj1235,Chorote,657,laxaʔ (m.),Phonemic,price,,,,
11-860-304-1,iyoj1235,Chorote,752,waxale-xi-sawo,Phonemic,"store, shop",,Lit. 'clothes-their-house'.,,
11-850-304-1,iyoj1235,Chorote,633,[wakye] tisyen-xi-sawo,Phonemic,market (place),,"Lit. means 'cow/cattle meat-its-house', from Span. 'vaca'.",,
11-840-304-1,iyoj1235,Chorote,1082,ka-wenanata,Phonemic,merchant,,,,
11-830-304-1,iyoj1235,Chorote,2135,exekye ot-ey,Phonemic,"trade, barter",,,,
11-830-304-3,iyoj1235,Chorote,2135,-t-ot-ey ~ -ut-ey,Phonemic,"trade, barter",,,,
11-820-304-1,iyoj1235,Chorote,1571,-wenam ~ -winam,Phonemic,sell,,Also means 'give' 11.210.,,
11-810-304-1,iyoj1235,Chorote,1869,-eki ~ -ki,Phonemic,buy,,,,
11-810-304-3,iyoj1235,Chorote,1869,-kaxayi,Phonemic,buy,,,,
11-790-304-1,iyoj1235,Chorote,733,xetitaye,Phonemic,earn,,,,
11-780-304-1,iyoj1235,Chorote,1122,-kaxaʔ ~ -kyaxaʔ (f.),Phonemic,wages,,,,
11-660-304-1,iyoj1235,Chorote,1081,-xnosiʔ ~ -xnyusiʔ (f.),Phonemic,"account, reckoning",,,,
11-650-304-1,iyoj1235,Chorote,718,exni ~ -ixni,Phonemic,pay (vb),,,,
11-630-304-1,iyoj1235,Chorote,369,-wenama,Phonemic,owe,,Cf. 'give' 11.210.,,
11-620-304-1,iyoj1235,Chorote,1823,alaxa ~ -talaxa,Phonemic,borrow,,,,
11-610-304-1,iyoj1235,Chorote,582,-wenamkyu ~ -winamkyu,Phonemic,lend,,,,
11-540-304-1,iyoj1235,Chorote,1774,-ekal,Phonemic,"avaricious, stingy",,,,
11-520-304-1,iyoj1235,Chorote,1674,-pilusa,Phonemic,poor,,,,
11-510-304-1,iyoj1235,Chorote,712,-kaxay,Phonemic,rich,,,,
11-440-304-1,iyoj1235,Chorote,1867,eslaseʔ (m.),Phonemic,coin,,Cf. 'silver' 09.650.,,
11-440-304-3,iyoj1235,Chorote,1867,ot,Phonemic,coin,,Cf. 'silver' 09.650.,,
11-430-304-1,iyoj1235,Chorote,1559,ot-ʔa,Phonemic,money,,Lit. '(metal)'; see 09.650; 09.670.,,
11-340-304-1,iyoj1235,Chorote,1095,-lane ~ -lyene,Phonemic,"release, let go",,,,
11-330-304-1,iyoj1235,Chorote,1660,-laxnat ~ -lyexnat,Phonemic,lose,,,,
11-320-304-1,iyoj1235,Chorote,719,-kyuteʔ ~ -syuteʔ,Phonemic,find,,,,
11-310-304-1,iyoj1235,Chorote,1468,-woyin ~ -yoyin,Phonemic,"seek, look for",,,,
11-280-304-1,iyoj1235,Chorote,44,-silaxa,Phonemic,"harm, injure, damage",,,,
11-270-304-1,iyoj1235,Chorote,681,-laxnaten ~ -lyexnaten,Phonemic,destroy,,,,
11-250-304-1,iyoj1235,Chorote,2008,-wasankit ~ -wyesankit,Phonemic,"save, rescue",,,,
11-240-304-1,iyoj1235,Chorote,1997,-yena,Phonemic,"preserve, look after",,,,
11-220-304-1,iyoj1235,Chorote,85,ekyeley ~ -ikyeley,Phonemic,give back,,,,
11-210-304-1,iyoj1235,Chorote,1447,-wenam ~ -winam,Phonemic,give,,Also means 'sell' 11.820.,,
11-180-304-1,iyoj1235,Chorote,738,-kixmet,Phonemic,thing,,,,
11-180-304-3,iyoj1235,Chorote,738,wasiin,Phonemic,thing,,,,
11-170-304-1,iyoj1235,Chorote,1477,-silyen,Phonemic,"keep, retain",,,,
11-160-304-1,iyoj1235,Chorote,694,-wetnetapeʔe ~ -witnetapeʔe,Phonemic,"get, obtain",,,,
11-150-304-1,iyoj1235,Chorote,1448,-kiʔmeʔ ~ -siʔmeʔ,Phonemic,hold,,,,
11-140-304-1,iyoj1235,Chorote,2021,-kiʔmeʔ ~ -siʔmeʔ,Phonemic,"seize, grasp",,,,
11-130-304-1,iyoj1235,Chorote,1749,-kiʔmeʔ ~ -siʔmeʔ,Phonemic,take,,"Also means 'seize, grasp' 11.140-11.150.",,
11-120-304-1,iyoj1235,Chorote,684,-amee,Phonemic,"own, possess",,Respectively: 'owner; my-thing'.,,
11-120-304-3,iyoj1235,Chorote,684,ya-ka,Phonemic,"own, possess",,Respectively: 'owner; my-thing'.,,
11-110-304-1,iyoj1235,Chorote,773,poʔo,Phonemic,have,,Means 'there is'.,,
10-910-304-1,iyoj1235,Chorote,610,akoye-xi-wet,Phonemic,"harbor, port",,Lit. 'boat-its-place' 10.830-10.831.,,
10-850-304-1,iyoj1235,Chorote,108,anat-ikyeʔ (f.),Phonemic,oar,,Means 'water-for.,,
10-840-304-1,iyoj1235,Chorote,1664,akoye-tiwoyetaxayiʔ,Phonemic,raft,,,,
10-831-304-1,iyoj1235,Chorote,1970,akoye,Phonemic,canoe,,,,
10-830-304-1,iyoj1235,Chorote,1844,akoye (f.),Phonemic,boat,,,,
10-760-304-1,iyoj1235,Chorote,710,xi-kalaʔ,Phonemic,wheel,,Lit. 'its-foot' 04.370.,,
10-750-304-1,iyoj1235,Chorote,122,[kaleta],Phonemic,"carriage, wagon, cart",,From Span. 'carreta'.,,
10-740-304-1,iyoj1235,Chorote,1011,tipo-tapeʔe (m.),Phonemic,bridge,,,,
10-720-304-1,iyoj1235,Chorote,2252,nayi,Phonemic,path,,,,
10-710-304-1,iyoj1235,Chorote,667,nayi (f.),Phonemic,road,,,,
10-670-304-1,iyoj1235,Chorote,1452,-fʷoma ~ -xyoma,Phonemic,"push, shove",,,,
10-660-304-1,iyoj1235,Chorote,367,eyapeʔe ~ iapeʔe -waapeʔe,Phonemic,ride,,Means 'to be on top of'.,,
10-650-304-1,iyoj1235,Chorote,741,-nayi-niye ~ -nyeyiniye,Phonemic,drive,,Cf. 'road' 10.710.,,
10-620-304-1,iyoj1235,Chorote,692,-ton ~ -tyun,Phonemic,bring,,,,
10-615-304-1,iyoj1235,Chorote,415,-ton-fʷapoki kyafʷey,Phonemic,carry-underarm,,,,
10-614-304-1,iyoj1235,Chorote,414,-ton-xetekiʔ,Phonemic,carry-on-head,,,,
10-613-304-1,iyoj1235,Chorote,413,-ton-olotese,Phonemic,carry-on-shoulder,,,,
10-613-304-3,iyoj1235,Chorote,413,-texlye ~ -tixlye,Phonemic,carry-on-shoulder,,,,
10-612-304-1,iyoj1235,Chorote,412,-ton -kyoyi,Phonemic,carry-in-hand,,,,
10-610-304-1,iyoj1235,Chorote,700,-aasiʔ,Phonemic,carry (bear),,,,
10-570-304-1,iyoj1235,Chorote,749,oyi ~ -toyi ~ -uyi,Phonemic,enter,,,,
10-560-304-1,iyoj1235,Chorote,1778,xa tofʷen,Phonemic,approach,,Lit. 'not far'.,,
10-550-304-1,iyoj1235,Chorote,1387,-nas,Phonemic,"reach, arrive",,,,
10-530-304-1,iyoj1235,Chorote,1047,ekin-in ~ -emin ~ -kin-in,Phonemic,pursue,,,,
10-520-304-1,iyoj1235,Chorote,1085,ek-in -em-in,Phonemic,follow,,Cf. 'go' 10.470.,,
10-520-304-3,iyoj1235,Chorote,1085,-kin-in,Phonemic,follow,,Cf. 'go' 10.470.,,
10-510-304-1,iyoj1235,Chorote,956,-yiltan,Phonemic,flee,,,,
10-490-304-1,iyoj1235,Chorote,1752,-ek,Phonemic,"go away, depart",,,,
10-490-304-3,iyoj1235,Chorote,1752,-ma,Phonemic,"go away, depart",,,,
10-481-304-1,iyoj1235,Chorote,581,apil ~ -epil,Phonemic,come back,,,,
10-480-304-1,iyoj1235,Chorote,1446,-nam,Phonemic,come,,,,
10-474-304-1,iyoj1235,Chorote,1107,-no lawaa ~ -nyu lawaa,Phonemic,go out,,,,
10-473-304-1,iyoj1235,Chorote,2014,eleten ~ -teleten,Phonemic,go down,,,,
10-472-304-1,iyoj1235,Chorote,1102,-kyafʷeliin ~ -c̷yafʷeliin,Phonemic,climb,,,,
10-470-304-1,iyoj1235,Chorote,695,-ek,Phonemic,go,,,,
10-470-304-3,iyoj1235,Chorote,695,-em,Phonemic,go,,,,
10-470-304-5,iyoj1235,Chorote,695,-kin,Phonemic,go,,,,
10-471-304-1,iyoj1235,Chorote,705,-wul ~ -yul,Phonemic,go up,,,,
10-460-304-1,iyoj1235,Chorote,1519,owen ~ -towen,Phonemic,run,,,,
10-451-304-1,iyoj1235,Chorote,366,kala xe-es,Phonemic,limp,,Lit. 'foot not-good' 04.370.,,
10-450-304-1,iyoj1235,Chorote,1443,-skyuxnen ~ -tiskyuxnen,Phonemic,walk,,,,
10-440-304-1,iyoj1235,Chorote,1879,-lakyen,Phonemic,dance,,,,
10-431-304-1,iyoj1235,Chorote,1135,-kala-axa ~ -kyala-axa,Phonemic,kick,,Also ~ -kala-exe; -kala is 'foot' 04.370.,,
10-430-304-1,iyoj1235,Chorote,1829,eletwom ~ -teletwom,Phonemic,"jump, leap",,,,
10-420-304-1,iyoj1235,Chorote,1324,-kalatalet ~ -kyalatalet,Phonemic,"slide, slip",,,,
10-413-304-1,iyoj1235,Chorote,296,oosyem ~ -toosyem ~ -uusyem,Phonemic,crouch,,,,
10-412-304-1,iyoj1235,Chorote,66,-kosletiki -eteyin ~ -teteyin,Phonemic,kneel,,The first form means 'knee' 04.360.,,
10-410-304-1,iyoj1235,Chorote,96,-kosin,Phonemic,"creep, crawl",,,,
10-380-304-1,iyoj1235,Chorote,175,-wuyiwey ~ -yuyiwey,Phonemic,blow,,,,
10-370-304-1,iyoj1235,Chorote,1441,-fʷeyeʔ ~ -fʷiyeʔ,Phonemic,fly (vb),,,,
10-351-304-1,iyoj1235,Chorote,119,oyisyem ~ -toyisyem,Phonemic,dive,,Also varies with ~ uyisyem.,,
10-350-304-1,iyoj1235,Chorote,1439,-pan ~ -pyen,Phonemic,swim,,,,
10-340-304-1,iyoj1235,Chorote,1574,ey anat-apeʔe,Phonemic,float,,Means 'be on top of the water'.,,
10-330-304-1,iyoj1235,Chorote,1088,-elkaan ~ -ilkaan,Phonemic,sink,,,,
10-320-304-1,iyoj1235,Chorote,2003,-em,Phonemic,flow,,,,
10-260-304-1,iyoj1235,Chorote,1909,-paxtiʔ ~ -pyextiʔ,Phonemic,shake,,,,
10-252-304-1,iyoj1235,Chorote,702,-kiʔmeʔ ~ -siʔmeʔ,Phonemic,catch (ball),,,,
10-250-304-1,iyoj1235,Chorote,1456,-tate ~ -tyete,Phonemic,throw,,,,
10-240-304-1,iyoj1235,Chorote,2253,tonisyem,Phonemic,drip,,,,
10-230-304-1,iyoj1235,Chorote,1280,-nuneʔ ~ -nyuneʔ,Phonemic,fall,,,,
10-220-304-1,iyoj1235,Chorote,501,-kimiʔ ~ -simiʔ,Phonemic,"raise, lift",,,,
10-210-304-1,iyoj1235,Chorote,568,-wul ~ -yul,Phonemic,rise,,,,
10-170-304-1,iyoj1235,Chorote,430,-soyonixtam ~ -syoyonixtam,Phonemic,twist,,,,
10-160-304-1,iyoj1235,Chorote,808,tonisyem,Phonemic,drop (vb),,,,
10-140-304-1,iyoj1235,Chorote,1113,-wetnafʷaan ~ -witnafʷaan,Phonemic,"wind, wrap",,,,
10-130-304-1,iyoj1235,Chorote,1445,apilinkyafʷey ~ -epilinkyafʷey,Phonemic,turn around,,,,
10-120-304-1,iyoj1235,Chorote,1588,apilmet,Phonemic,turn over,,,,
10-110-304-1,iyoj1235,Chorote,765,-wet-wesin,Phonemic,move,,,,
9-890-304-1,iyoj1235,Chorote,2001,-len ~ -lin,Phonemic,paint (vb),,,,
9-880-304-1,iyoj1235,Chorote,647,-lexnat ~ -lixnat (m.),Phonemic,paint (noun),,,,
9-790-304-1,iyoj1235,Chorote,1971,wikyex,Phonemic,fan (noun),,,,
9-770-304-1,iyoj1235,Chorote,195,alisa,Phonemic,mat,,"Made from fiber from the plant, 'chaguar'.",,
9-770-304-3,iyoj1235,Chorote,195,fʷiyi,Phonemic,mat,,"Made from fiber from the plant, 'chaguar'.",,
9-770-304-5,iyoj1235,Chorote,195,sayine,Phonemic,mat,,"Made from fiber from the plant, 'chaguar'.",,
9-770-304-7,iyoj1235,Chorote,195,isax,Phonemic,mat,,"Made from fiber from the plant, 'chaguar'.",,
9-760-304-1,iyoj1235,Chorote,1539,walaaxi-wet (f.),Phonemic,basket,,,,
9-750-304-1,iyoj1235,Chorote,1729,-kapalate,Phonemic,"weave, plait",,,,
9-740-304-1,iyoj1235,Chorote,604,-taye tifʷayi,Phonemic,glass,,,,
9-730-304-1,iyoj1235,Chorote,1399,isat,Phonemic,clay,,Also means 'mud' 01.214; 'adobe' 07.640.,,
9-720-304-1,iyoj1235,Chorote,289,wasiinxikyeʔ (?),Phonemic,mold (clay etc),,,,
9-690-304-1,iyoj1235,Chorote,358,ot-lec̷iʔ,Phonemic,"tin, tinplate",,,,
9-680-304-1,iyoj1235,Chorote,627,ot-lec̷iʔ,Phonemic,lead (noun),,,,
9-670-304-1,iyoj1235,Chorote,621,ot (m.),Phonemic,iron,,,,
9-650-304-1,iyoj1235,Chorote,759,ot,Phonemic,silver,,,,
9-640-304-1,iyoj1235,Chorote,1369,ot es,Phonemic,gold,,Lit. '(metal)-beautiful'.,,
9-630-304-1,iyoj1235,Chorote,211,-yoyi,Phonemic,cast (metals),,,,
9-620-304-1,iyoj1235,Chorote,1648,fʷaxalaa totaxaa (f.),Phonemic,anvil,,,,
9-600-304-1,iyoj1235,Chorote,1001,ot-esiwoʔ,Phonemic,"smith, blacksmith",,,,
9-500-304-1,iyoj1235,Chorote,502,tataxo,Phonemic,nail,,,,
9-490-304-1,iyoj1235,Chorote,1481,otaxakixic̷i,Phonemic,hammer,,,,
9-480-304-1,iyoj1235,Chorote,1948,alakyeʔ,Phonemic,saw,,,,
9-461-304-1,iyoj1235,Chorote,46,-wo-xakiwa ~ -yo-akiwa,Phonemic,hollow out,,Also ~ -wo-xyekiwa.,,
9-460-304-1,iyoj1235,Chorote,1501,alinityam ~ elinityam,Phonemic,bore,,Also ~ talinityam.,,
9-440-304-1,iyoj1235,Chorote,1840,-silyene,Phonemic,build,,Also means 'make' 09.110.,,
9-430-304-1,iyoj1235,Chorote,1042,-wetes iwoʔ,Phonemic,carpenter,,,,
9-422-304-1,iyoj1235,Chorote,1361,-kimatesikyeʔ ~ -simatesikyeʔ,Phonemic,tool,,,,
9-380-304-1,iyoj1235,Chorote,245,-wetxikyeʔ (f.),Phonemic,broom,,,,
9-360-304-1,iyoj1235,Chorote,1453,-le ~ -li,Phonemic,wash,,,,
9-370-304-1,iyoj1235,Chorote,230,oʔwen -ofʷen,Phonemic,sweep,,,,
9-350-304-1,iyoj1235,Chorote,1487,-sayixi ~ -syeyixi,Phonemic,pour,,,,
9-350-304-3,iyoj1235,Chorote,1487,-sayeten,Phonemic,pour,,,,
9-343-304-1,iyoj1235,Chorote,1414,-xloxnam,Phonemic,"squeeze, wring",,,,
9-342-304-1,iyoj1235,Chorote,1913,etinim ~ -tetinim ~ -itinim,Phonemic,press,,,,
9-341-304-1,iyoj1235,Chorote,357,enfʷom ~ -infʷom,Phonemic,hang up,,,,
9-340-304-1,iyoj1235,Chorote,38,-kixnen ~ -c̷ixnen,Phonemic,spread out,,,,
9-330-304-1,iyoj1235,Chorote,1455,-tone ~ -tyone,Phonemic,pull,,,,
9-320-304-1,iyoj1235,Chorote,214,-wetoyixtiʔ ~ -witoyixtiʔ,Phonemic,stretch,,,,
9-310-304-1,iyoj1235,Chorote,1449,-xlotiʔ ~ -xlyutiʔ,Phonemic,"rub, wipe",,,,
9-290-304-1,iyoj1235,Chorote,291,tʔax-laney,Phonemic,"flay, skin",,Cf. 'skin' 04.120.,,
9-280-304-1,iyoj1235,Chorote,1735,-kyoxsatiʔ ~ -c̷yoxsatiʔ,Phonemic,tear,,Also -olkyot.,,
9-270-304-1,iyoj1235,Chorote,1437,-fʷaxakiʔ,Phonemic,split,,,,
9-261-304-1,iyoj1235,Chorote,588,-syey,Phonemic,broken,,,,
9-260-304-1,iyoj1235,Chorote,680,-kyeʔti ~ -syeʔti,Phonemic,break,,,,
9-250-304-1,iyoj1235,Chorote,677,alay (f.),Phonemic,ax,,,,
9-251-304-1,iyoj1235,Chorote,290,taxaxisa,Phonemic,adze,,,,
9-240-304-1,iyoj1235,Chorote,356,soxnates,Phonemic,"scissors, shears",,,,
9-230-304-1,iyoj1235,Chorote,1352,safʷeʔ,Phonemic,knife,,,,
9-223-304-1,iyoj1235,Chorote,1434,etam ~ -itam ~ -tetam,Phonemic,stab,,,,
9-222-304-1,iyoj1235,Chorote,155,-fʷaxam,Phonemic,"chop, hew",,,,
9-221-304-1,iyoj1235,Chorote,355,eletam ~ -teletam,Phonemic,cut down,,,,
9-220-304-1,iyoj1235,Chorote,1432,akatam,Phonemic,cut,,,,
9-220-304-3,iyoj1235,Chorote,1432,-ewaxam,Phonemic,cut,,,,
9-211-304-1,iyoj1235,Chorote,354,-tawas,Phonemic,pound with fist,,,,
9-210-304-1,iyoj1235,Chorote,2133,axaʔ ~ -exeʔ,Phonemic,"strike (hit, beat)",,,,
9-192-304-1,iyoj1235,Chorote,760,koxsokiʔ (f.),Phonemic,knot (noun),,,,
9-190-304-1,iyoj1235,Chorote,1218,niyek (f.),Phonemic,"rope, cord",,,,
9-180-304-1,iyoj1235,Chorote,1627,-yek ot,Phonemic,chain,,ot is '(metal)' 09.670.,,
9-161-304-1,iyoj1235,Chorote,352,-laney ~ -lyeney,Phonemic,untie,,,,
9-160-304-1,iyoj1235,Chorote,1917,-lanit ~ -lyenit,Phonemic,"tie, bind",,,,
9-160-304-3,iyoj1235,Chorote,1917,-fʷam,Phonemic,"tie, bind",,,,
9-150-304-1,iyoj1235,Chorote,1470,apilkyafʷey ~ -epilkyafʷey,Phonemic,fold,,,,
9-140-304-1,iyoj1235,Chorote,2004,-aykyel,Phonemic,bend,,,,
9-120-304-1,iyoj1235,Chorote,984,-kixmen ~ -sixmen,Phonemic,work,,,,
9-110-304-1,iyoj1235,Chorote,2575,-silyene,Phonemic,"do, make",,,,
8-980-304-1,iyoj1235,Chorote,641,xlamoxlo,Phonemic,mushroom,,,,
8-970-304-1,iyoj1235,Chorote,33,atik (f.),Phonemic,nettle,,,,
8-941-304-1,iyoj1235,Chorote,146,tic̷oyin,Phonemic,sugar cane,,Cf. 05.850.,,
8-940-304-1,iyoj1235,Chorote,1927,sise-tok (m.),Phonemic,bamboo,,,,
8-931-304-1,iyoj1235,Chorote,864,kiti-tok,Phonemic,"pumpkin, squash",,,,
8-930-304-1,iyoj1235,Chorote,411,sixnaye-tok,Phonemic,gourd,,,,
8-920-304-1,iyoj1235,Chorote,925,-wac̷oxnak,Phonemic,"tapioca, manioc, cassava",,,,
8-910-304-1,iyoj1235,Chorote,159,keoy,Phonemic,sweet potato,,,,
8-910-304-3,iyoj1235,Chorote,159,kyooy,Phonemic,sweet potato,,,,
8-830-304-1,iyoj1235,Chorote,1126,c̷afʷani-tok,Phonemic,citrus fruit,,,,
8-830-304-3,iyoj1235,Chorote,1126,noxsoyi,Phonemic,citrus fruit,,,,
8-810-304-1,iyoj1235,Chorote,1181,wisyuk (f.),Phonemic,palm tree,,,,
8-760-304-1,iyoj1235,Chorote,345,ala-teʔe,Phonemic,sap,,Lit. 'tree-liquid'.,,
8-750-304-1,iyoj1235,Chorote,1204,takataxay (f.),Phonemic,bark,,Cf. 'skin' 04.120.,,
8-740-304-1,iyoj1235,Chorote,409,sawotiʔ (f.),Phonemic,forked branch,,,,
8-730-304-1,iyoj1235,Chorote,344,tesyuk (f.),Phonemic,tree trunk,,,,
8-691-304-1,iyoj1235,Chorote,1124,-nawuti alaʔ ~ -nyewuti alaʔ,Phonemic,pipe,,,,
8-690-304-1,iyoj1235,Chorote,1689,-xlaxnan,Phonemic,smoke (tobacco),,,,
8-680-304-1,iyoj1235,Chorote,974,inyewut,Phonemic,tobacco,,,,
8-680-304-3,iyoj1235,Chorote,974,-xlanek ~ -xlyenek,Phonemic,tobacco,,,,
8-670-304-1,iyoj1235,Chorote,343,yafʷayiin,Phonemic,vine,,,,
8-600-304-1,iyoj1235,Chorote,906,alaʔ (f.),Phonemic,tree,,,,
8-570-304-1,iyoj1235,Chorote,239,lawo (m.),Phonemic,flower,,,,
8-560-304-1,iyoj1235,Chorote,628,alaʔ-woleʔ (m.),Phonemic,leaf,,"Lit. 'tree-hair covering' 04.140, -woleʔ also means 'feather' 04.393; 'wool' 06.220.",,
8-550-304-1,iyoj1235,Chorote,1531,-kaxs,Phonemic,branch,,,,
8-540-304-1,iyoj1235,Chorote,670,fʷetis,Phonemic,root,,,,
8-531-304-1,iyoj1235,Chorote,1486,etesyem ~ -tetesyem,Phonemic,plant (vb),,,,
8-520-304-1,iyoj1235,Chorote,342,xop,Phonemic,hay,,,,
8-530-304-1,iyoj1235,Chorote,653,naxkankiʔ,Phonemic,plant (noun),,,,
8-510-304-1,iyoj1235,Chorote,606,xupay,Phonemic,grass,,,,
8-480-304-1,iyoj1235,Chorote,926,xupi-tok,Phonemic,rice,,,,
8-470-304-1,iyoj1235,Chorote,506,ipyek (m.),Phonemic,"maize, corn",,,,
8-460-304-1,iyoj1235,Chorote,60,alenta-lak,Phonemic,oats,,Lit. 'horse-food'.,,
8-430-304-1,iyoj1235,Chorote,1077,xupi-tok texekipoʔ,Phonemic,wheat,,,,
8-440-304-1,iyoj1235,Chorote,932,-kyalen (f.),Phonemic,barley,,,,
8-420-304-1,iyoj1235,Chorote,605,lemtakiʔ,Phonemic,"grain (barley, oats etc)",,Same as 'seed' 08.311.,,
8-410-304-1,iyoj1235,Chorote,611,-laʔ-kiʔmaʔ,Phonemic,"crop, harvest",,Lit. 'fruit-take'.,,
8-340-304-1,iyoj1235,Chorote,285,-paʔteʔ ~ -pyeʔteʔ,Phonemic,thresh,,,,
8-311-304-1,iyoj1235,Chorote,714,lemtakiʔ,Phonemic,seed,,,,
8-310-304-1,iyoj1235,Chorote,748,-xkaxnan,Phonemic,sow,,"Cf. 08.120, 08.130.",,
8-270-304-1,iyoj1235,Chorote,338,-kaye,Phonemic,rake,,,,
8-260-304-1,iyoj1235,Chorote,337,lakipoʔ (m.),Phonemic,fork,,,,
8-250-304-1,iyoj1235,Chorote,284,axnat-kyeʔ,Phonemic,hoe,,See note in 08.230.,,
8-240-304-1,iyoj1235,Chorote,1901,exnat ~ -ixnat,Phonemic,shovel,,,,
8-230-304-1,iyoj1235,Chorote,1176,axnat-kyeʔ,Phonemic,spade,,Lit. 'earth-for'. Instrument for working the earth/dirt; cf. 08.250. axnat is 'earth' 01.210.,,
8-212-304-1,iyoj1235,Chorote,1794,inalesek (f.),Phonemic,furrow,,,,
8-220-304-1,iyoj1235,Chorote,1418,-texey ~ -tixiʔ,Phonemic,dig,,,,
8-210-304-1,iyoj1235,Chorote,1921,exan (?),Phonemic,plow,,,,
8-170-304-1,iyoj1235,Chorote,2002,anat-iwet,Phonemic,ditch,,anat is 'water' 01.310.,,
8-160-304-1,iyoj1235,Chorote,1690,-lafʷek (m.),Phonemic,fence,,Cf. 07.150.,,
8-150-304-1,iyoj1235,Chorote,1541,axnat -wayc̷ilat,Phonemic,"cultivate, till",,Varies with ~ axnat-wyeyc̷ilat.,,
8-130-304-1,iyoj1235,Chorote,586,-axkanki-xi-wet (f.),Phonemic,garden,,Lit. 'plant-its-place'.,,
8-120-304-1,iyoj1235,Chorote,212,takaxnan,Phonemic,field (for cultivation),,Cf. 08.130; 08.310.,,
8-110-304-1,iyoj1235,Chorote,979,-kimayewoʔ (m.),Phonemic,farmer,,,,
7-640-304-1,iyoj1235,Chorote,901,isat (m.),Phonemic,adobe,,Also means 'mud' 01.214; 'clay' 09.730.,,
7-620-304-1,iyoj1235,Chorote,1006,apelki ~ -epilki (f.),Phonemic,brick,,,,
7-610-304-1,iyoj1235,Chorote,877,sawo-iwoʔ,Phonemic,mason,,Lit. 'house-he who makes'; see note in 03.180.,,
7-570-304-1,iyoj1235,Chorote,1227,alata (m.),Phonemic,board,,Cf. 'wood' 01.430.,,
7-560-304-1,iyoj1235,Chorote,281,xlac̷ekiʔ,Phonemic,"post, pole",,,,
7-520-304-1,iyoj1235,Chorote,279,sawo ipyek,Phonemic,thatch,,Lit. 'house-thatch'.,,
7-510-304-1,iyoj1235,Chorote,769,sawo ipyoʔ-apeʔe,Phonemic,roof,,Lit. 'house-?-over/on top of'.,,
7-480-304-1,iyoj1235,Chorote,205,tayokiʔ,Phonemic,trough,,,,
7-460-304-1,iyoj1235,Chorote,1273,li-peʔ (f.),Phonemic,candle,,Cf. 'grease' 05.791; 'oil' 05.790.,,
7-450-304-1,iyoj1235,Chorote,2131,kates-wux,Phonemic,"lamp, torch",,Lit. 'star-big' 01.540.,,
7-440-304-1,iyoj1235,Chorote,1775,-nakawet,Phonemic,table,,,,
7-430-304-1,iyoj1235,Chorote,1476,-wet ~ -wit (m.),Phonemic,chair,,Means 'place' 12.110.,,
7-422-304-1,iyoj1235,Chorote,806,waʔleʔ (m.),Phonemic,blanket,,Cf. 'cloth' 06.210.,,
7-421-304-1,iyoj1235,Chorote,1044,-aysiwet ~ -eysiwet,Phonemic,pillow,,,,
7-420-304-1,iyoj1235,Chorote,1663,-xawet ~ -xyewet ~ -awet,Phonemic,bed,,,,
7-370-304-1,iyoj1235,Chorote,1464,tʔaxsayiʔ,Phonemic,ladder,,,,
7-330-304-1,iyoj1235,Chorote,1305,toxsa-kay (f.),Phonemic,chimney,,Lit. 'smoke-door'.,,
7-310-304-1,iyoj1235,Chorote,185,etye-xi-wet (m.),Phonemic,fireplace,,Lit. 'fire-its-place' 01.810.,,
7-270-304-1,iyoj1235,Chorote,933,isak,Phonemic,wall,,,,
7-260-304-1,iyoj1235,Chorote,1632,axna-teʔ,Phonemic,floor,,axnat is 'earth' 01.210.,,
7-250-304-1,iyoj1235,Chorote,1375,-kay-las,Phonemic,window,,Lit. 'door-offspring' 07.220.,,
7-240-304-1,iyoj1235,Chorote,1472,sawo-kyeʔ,Phonemic,key,,Lit. 'house-for'; suffix also occurs in 08.230.,,
7-220-304-1,iyoj1235,Chorote,1567,-kay ~ -kyay (f.),Phonemic,"door, gate",,,,
7-170-304-1,iyoj1235,Chorote,334,-ka-penan-a-wet (f.),Phonemic,cookhouse,,Cf. 05.121.,,
7-150-304-1,iyoj1235,Chorote,736,-lafʷaxi-sawo,Phonemic,"yard, court",,Lit. '? house'.,,
7-140-304-1,iyoj1235,Chorote,1316,tikinafʷom,Phonemic,tent,,,,
7-130-304-1,iyoj1235,Chorote,1678,sawo ~ -syewo,Phonemic,hut,,,,
7-120-304-1,iyoj1235,Chorote,1252,sawo ~ -syewo,Phonemic,house,,,,
7-110-304-1,iyoj1235,Chorote,363,-eyne ~ -ine ~ -wane,Phonemic,"dwell, live",,Means 'be alive'.,,
6-960-304-1,iyoj1235,Chorote,1171,tiyenaxay (f.),Phonemic,mirror,,Cf. 'look at' 15.520.,,
6-950-304-1,iyoj1235,Chorote,788,waxale tilexeki,Phonemic,soap,,"Lit. 'clothes-washes'. Also [xawom], from Span. 'jabón'.",,
6-940-304-1,iyoj1235,Chorote,1926,c̷ʔaxlakayi,Phonemic,ointment,,,,
6-930-304-1,iyoj1235,Chorote,151,-poxse-kyeʔ (f.),Phonemic,razor,,Lit. 'beard-for shave' 04.142.,,
6-921-304-1,iyoj1235,Chorote,333,-kimiʔ ~ -simiʔ,Phonemic,braid,,,,
6-910-304-1,iyoj1235,Chorote,1475,-xetek-xikyeʔ (f.),Phonemic,comb,,,,
6-820-304-1,iyoj1235,Chorote,1021,-tokyoʔ-tilexekiʔ,Phonemic,towel,,Lit. 'face washes'.,,
6-810-304-1,iyoj1235,Chorote,332,-xetek-pot,Phonemic,"handkerchief, rag",,"Respectively: 'head-cover' 04.200; and 'offspring' of 'rag', used for the nose. Same construction occurs in Toba.",,
6-810-304-3,iyoj1235,Chorote,332,-xetek-pot-las,Phonemic,"handkerchief, rag",,"Respectively: 'head-cover' 04.200; and 'offspring' of 'rag', used for the nose. Same construction occurs in Toba.",,
6-790-304-1,iyoj1235,Chorote,68,-leente,Phonemic,tattoo,,,,
6-780-304-1,iyoj1235,Chorote,330,-ami,Phonemic,"headband, headdress",,,,
6-770-304-1,iyoj1235,Chorote,770,-kawilikiʔ ~ -kyawilikiʔ (f.),Phonemic,earring,,,,
6-750-304-1,iyoj1235,Chorote,1961,-yik (m.),Phonemic,necklace,,,,
6-750-304-3,iyoj1235,Chorote,1961,kinyulaʔ,Phonemic,necklace,,,,
6-740-304-1,iyoj1235,Chorote,1754,-palaʔ (f.),Phonemic,bracelet,,,,
6-730-304-1,iyoj1235,Chorote,1374,-xukinyes ~ -xyukinyes (f.),Phonemic,ring (for finger),,,,
6-710-304-1,iyoj1235,Chorote,917,amis,Phonemic,"ornament, adornment",,Cf. 'headband' 06.780.,,
6-630-304-1,iyoj1235,Chorote,64,apile-wita,Phonemic,pin,,,,
6-620-304-1,iyoj1235,Chorote,757,-tateʔ (f.),Phonemic,button,,Also means 'eye' 04.210.,,
6-610-304-1,iyoj1235,Chorote,1851,-eliʔ ~ -iliʔ (f.),Phonemic,pocket,,Also means 'bag'.,,
6-570-304-1,iyoj1235,Chorote,772,-fʷet ~ -fʷit (m.),Phonemic,"belt, girdle",,,,
6-550-304-1,iyoj1235,Chorote,2130,wonta (f.),Phonemic,"hat, cap",,,,
6-540-304-1,iyoj1235,Chorote,875,na-fʷeyis-i-woʔ,Phonemic,"shoemaker, cobbler",,"Suffix also occurs in 03.180, 20.510.",,
6-510-304-1,iyoj1235,Chorote,1381,-fʷey (m.),Phonemic,shoe,,,,
6-490-304-1,iyoj1235,Chorote,329,-kamelyo,Phonemic,"stocking, sock",,,,
6-480-304-1,iyoj1235,Chorote,809,-kyokileyis ~ -c̷yokileyis,Phonemic,trousers,,,,
6-460-304-1,iyoj1235,Chorote,1600,-wuy-tetyeeʔ,Phonemic,skirt,,,,
6-430-304-1,iyoj1235,Chorote,603,potiyi (f.),Phonemic,coat,,,,
6-420-304-1,iyoj1235,Chorote,474,-wuy ~ -yuy (f.),Phonemic,woman's dress,,Also means 'clothing' 06.120.,,
6-411-304-1,iyoj1235,Chorote,327,-fʷenyuk ~ -fʷinyuk (f.),Phonemic,poncho,,,,
6-390-304-1,iyoj1235,Chorote,157,-lenat oxtam,Phonemic,dye,,,,
6-410-304-1,iyoj1235,Chorote,326,-wi (m.),Phonemic,cloak,,,,
6-380-304-1,iyoj1235,Chorote,1161,-katelanat,Phonemic,thread,,,,
6-360-304-1,iyoj1235,Chorote,1382,itan (m.),Phonemic,needle,,Lit. 'tree thorn'.,,
6-370-304-1,iyoj1235,Chorote,278,alaʔy-elinityam (m.),Phonemic,awl,,,,
6-350-304-1,iyoj1235,Chorote,1457,atelyiʔ ~ -etelyiʔ,Phonemic,sew,,,,
6-350-304-3,iyoj1235,Chorote,1457,-katelan,Phonemic,sew,,,,
6-340-304-1,iyoj1235,Chorote,1787,-fʷenyuk (f.),Phonemic,loom,,,,
6-330-304-1,iyoj1235,Chorote,133,atoxneʔ ~ -etoxneʔ,Phonemic,weave,,,,
6-320-304-1,iyoj1235,Chorote,277,-sopa,Phonemic,spindle,,,,
6-310-304-1,iyoj1235,Chorote,121,-xleni ~ -xlini,Phonemic,spin,,,,
6-290-304-1,iyoj1235,Chorote,629,-ax ~ -ex (m.),Phonemic,leather,,Also means 'skin' 04.120.,,
6-240-304-1,iyoj1235,Chorote,1850,walek (m.),Phonemic,cotton,,,,
6-220-304-1,iyoj1235,Chorote,964,sonta-woleʔ,Phonemic,wool,,Lit. 'sheep-covering'; wole means 'hair' 04.140; 'feather' 04.393; 'leaf' 08.560.,,
6-210-304-1,iyoj1235,Chorote,1616,waxaleʔ (m.),Phonemic,cloth,,,,
6-120-304-1,iyoj1235,Chorote,1895,-wuy ~ -yuy,Phonemic,"clothing, clothes",,,,
6-120-304-3,iyoj1235,Chorote,1895,-waxaleʔ,Phonemic,"clothing, clothes",,,,
6-110-304-1,iyoj1235,Chorote,158,-wo-yuyeʔ ~ -yo-wuyeʔ,Phonemic,put on (clothes),,,,
5-971-304-1,iyoj1235,Chorote,1556,lasxiwet (m.),Phonemic,egg yolk,,,,
5-970-304-1,iyoj1235,Chorote,744,leʔkyuʔ (f.),Phonemic,egg,,,,
5-940-304-1,iyoj1235,Chorote,404,ates-i-tok (f.),Phonemic,fermented drink,,Refers to any fermented drink.,,
5-910-304-1,iyoj1235,Chorote,941,fʷaayteʔ,Phonemic,mead,,"Means 'aloja', fermented corn drink.",,
5-900-304-1,iyoj1235,Chorote,731,ates,Phonemic,"beverage, drink",,,,
5-870-304-1,iyoj1235,Chorote,93,-kawoxni ~ -kyawoxni,Phonemic,milk (vb),,"Also xloxnam, which means 'press out' 09.343.",,
5-850-304-1,iyoj1235,Chorote,862,tic̷oyin-lamak,Phonemic,sugar,,"Lit. 'sugar cane-dust' 08.941, 01.213, with meaning of 'speck'.",,
5-860-304-1,iyoj1235,Chorote,635,kaytyos,Phonemic,milk (noun),,,,
5-840-304-1,iyoj1235,Chorote,942,wona-teʔ ~ oxoʔnateʔ,Phonemic,honey,,wonaʔ is 'wasp' 03.823.,,
5-821-304-1,iyoj1235,Chorote,919,ates (f.),Phonemic,chili pepper,,Refers to 'ají del monte' (Capsicum chacoense).,,
5-820-304-1,iyoj1235,Chorote,1385,ates,Phonemic,pepper,,,,
5-810-304-1,iyoj1235,Chorote,1274,sifʷoniʔ,Phonemic,salt,,,,
5-791-304-1,iyoj1235,Chorote,323,-peʔ,Phonemic,"grease, fat",,,,
5-790-304-1,iyoj1235,Chorote,1484,li-peʔ,Phonemic,oil,,,,
5-760-304-1,iyoj1235,Chorote,920,c̷enye-tok (m.),Phonemic,grape,,,,
5-770-304-1,iyoj1235,Chorote,191,nokiki-tok (f.),Phonemic,nut,,,,
5-712-304-1,iyoj1235,Chorote,1966,layxi-wet (m.),Phonemic,bunch,,Lit. 'fruit-its-place'.,,
5-710-304-1,iyoj1235,Chorote,1507,laʔ (m.),Phonemic,fruit,,,,
5-700-304-1,iyoj1235,Chorote,593,fʷelye-tok (f.),Phonemic,potato,,,,
5-640-304-1,iyoj1235,Chorote,1547,-pen-ek-tepoʔo,Phonemic,"soup, broth",,,,
5-610-304-1,iyoj1235,Chorote,634,-syen,Phonemic,meat,,Also means 'flesh' 04.130.,,
5-590-304-1,iyoj1235,Chorote,225,wilik-ikyeʔ,Phonemic,pestle,,,,
5-580-304-1,iyoj1235,Chorote,224,winxlik (f.),Phonemic,mortar (2),,,,
5-570-304-1,iyoj1235,Chorote,636,laxwuxilakikiʔ,Phonemic,mill,,Cf. 'wind' 01.720.,,
5-560-304-1,iyoj1235,Chorote,1033,et anateʔ ~ -tet anateʔ,Phonemic,"crush, grind",,Also ~ -it anateʔ.,,
5-550-304-1,iyoj1235,Chorote,1594,wac̷o-lamak,Phonemic,"meal, flour",,lamak is 'dust' 01.213.,,
5-540-304-1,iyoj1235,Chorote,274,-silyeni,Phonemic,knead,,,,
5-510-304-1,iyoj1235,Chorote,1368,woye (f.),Phonemic,bread,,,,
5-490-304-1,iyoj1235,Chorote,2017,-panekyafʷey ~ -pyanekyafʷey,Phonemic,"stir, mix",,Also -saxiyin.,,
5-480-304-1,iyoj1235,Chorote,1767,-kyeʔc̷eʔ ~ -syeʔc̷eʔ,Phonemic,scrape,,,,
5-460-304-1,iyoj1235,Chorote,275,tʔax-lane ~ tʔax-lyene,Phonemic,peel,,Also means 'skin' 04.120.,,
5-440-304-1,iyoj1235,Chorote,1833,-pen-ek ~ -pin-ek (f.),Phonemic,dinner,,,,
5-410-304-1,iyoj1235,Chorote,1526,-pen-ek,Phonemic,meal (a),,,,
5-410-304-3,iyoj1235,Chorote,1526,-ak,Phonemic,meal (a),,,,
5-391-304-1,iyoj1235,Chorote,272,ot-es yakatamiʔ,Phonemic,tongs,,ot is '(metal)' 09.640; 09.650; 09.670.,,
5-390-304-1,iyoj1235,Chorote,1302,toxsinye-tok (f.),Phonemic,fork (2),,,,
5-380-304-1,iyoj1235,Chorote,1352,safʷeʔ ~ -syefʷeʔ (m.),Phonemic,knife (2),,,,
5-370-304-1,iyoj1235,Chorote,1378,toxsinye,Phonemic,spoon,,,,
5-360-304-1,iyoj1235,Chorote,271,tetik-laseʔ,Phonemic,saucer,,,,
5-350-304-1,iyoj1235,Chorote,476,tetik,Phonemic,"cup, drinking vessel",,,,
5-330-304-1,iyoj1235,Chorote,1530,tetik,Phonemic,bowl,,,,
5-340-304-1,iyoj1235,Chorote,270,-ateʔ ~ -eteʔ (f.),Phonemic,"pitcher, jug",,,,
5-320-304-1,iyoj1235,Chorote,480,tetik (f.),Phonemic,plate,,,,
5-310-304-1,iyoj1235,Chorote,481,tetik,Phonemic,dish,,,,
5-280-304-1,iyoj1235,Chorote,31,taas,Phonemic,pan,,,,
5-260-304-1,iyoj1235,Chorote,1462,taas,Phonemic,"pot, cooking vessel",,,,
5-240-304-1,iyoj1235,Chorote,183,-xlon ~ -xlyon,Phonemic,bake,,,,
5-250-304-1,iyoj1235,Chorote,1143,-kalanati ~ -kyalanati (f.),Phonemic,oven,,,,
5-230-304-1,iyoj1235,Chorote,2146,-senyen ~ -sinyen,Phonemic,"roast, fry",,,,
5-220-304-1,iyoj1235,Chorote,792,-nawayetiʔ ~ -nyewayetiʔ,Phonemic,boil (vb),,,,
5-210-304-1,iyoj1235,Chorote,1100,-ka-pen-an,Phonemic,cook,,Respectively: intrans.; trans.,,
5-210-304-3,iyoj1235,Chorote,1100,-pen ~ pin,Phonemic,cook,,Respectively: intrans.; trans.,,
5-190-304-1,iyoj1235,Chorote,129,kyus,Phonemic,choke,,,,
5-181-304-1,iyoj1235,Chorote,897,-tem ~ -tim,Phonemic,swallow,,,,
5-180-304-1,iyoj1235,Chorote,321,-tofʷiyin,Phonemic,chew,,,,
5-180-304-3,iyoj1235,Chorote,321,-tani ~ -tyeni,Phonemic,chew,,,,
5-160-304-1,iyoj1235,Chorote,1421,-c̷oweʔ ~ -c̷yuweʔ,Phonemic,suck,,,,
5-150-304-1,iyoj1235,Chorote,848,-yeyiʔ,Phonemic,thirst,,,,
5-141-304-1,iyoj1235,Chorote,199,-nalyen ~ -nyelyen,Phonemic,famine,,,,
5-140-304-1,iyoj1235,Chorote,1864,-nalen,Phonemic,hunger,,,,
5-130-304-1,iyoj1235,Chorote,1401,-ye,Phonemic,drink,,,,
5-125-304-1,iyoj1235,Chorote,1728,ifʷyesam,Phonemic,rotten,,,,
5-124-304-1,iyoj1235,Chorote,1958,xe yoweʔ,Phonemic,"green, unripe",,Lit. 'not ripe' 05.123.,,
5-123-304-1,iyoj1235,Chorote,178,yoweʔ,Phonemic,ripe,,,,
5-122-304-1,iyoj1235,Chorote,1959,xe yoweʔ,Phonemic,raw,,Lit. 'not ripe' 05.123.,,
5-121-304-1,iyoj1235,Chorote,269,-pen-a,Phonemic,cooked,,,,
5-120-304-1,iyoj1235,Chorote,256,-pen-ek ~ -pin-ik,Phonemic,food,,,,
5-110-304-1,iyoj1235,Chorote,1336,-yekyun,Phonemic,eat,,Respectively: intrans.; trans.,,
5-110-304-3,iyoj1235,Chorote,1336,-tox ~ -tyux,Phonemic,eat,,Respectively: intrans.; trans.,,
4-990-304-1,iyoj1235,Chorote,590,-naxlineʔ,Phonemic,"naked, bare",,,,
4-970-304-1,iyoj1235,Chorote,1653,talok,Phonemic,blind,,,,
4-980-304-1,iyoj1235,Chorote,1463,-om ~ -xom ~ -xyum,Phonemic,intoxicated,,,,
4-960-304-1,iyoj1235,Chorote,1666,xe-amtiʔ,Phonemic,mute,,Lit. 'not speak' 18.260.,,
4-950-304-1,iyoj1235,Chorote,996,xa -peysiin,Phonemic,deaf,,Lit. 'not hear' 15.410.,,
4-930-304-1,iyoj1235,Chorote,1125,la woli-yeʔ,Phonemic,bald,,Lit. 'without hair' 04.140.,,
4-940-304-1,iyoj1235,Chorote,320,akyoxna-xe-es,Phonemic,lame,,Lit. 'leg not good/sick' 04.350; xe-es is 'sick' 04.840.,,
4-920-304-1,iyoj1235,Chorote,1564,xe-tuskiʔ,Phonemic,lazy,,Cf. 'weak' 04.820.,,
4-912-304-1,iyoj1235,Chorote,168,axap ~ -exep,Phonemic,rest,,,,
4-910-304-1,iyoj1235,Chorote,1757,-ola ~ -uxla,Phonemic,"tired, weary",,,,
4-890-304-1,iyoj1235,Chorote,655,-kakye inyo ilyen,Phonemic,poison,,Lit. 'drug person die'.,,
4-880-304-1,iyoj1235,Chorote,1372,-kakyeʔ ~ -kyakyeʔ,Phonemic,"medicine, drug",,,,
4-870-304-1,iyoj1235,Chorote,597,-kakye-xiwoʔ,Phonemic,physician,,Cf. 04.880. See note in 03.180.,,
4-860-304-1,iyoj1235,Chorote,499,-woxikyewa ~ -yoxikyewa,Phonemic,"cure, heal",,,,
4-858-304-1,iyoj1235,Chorote,497,-kixso ~ -sixso (f.),Phonemic,scar,,,,
4-857-304-1,iyoj1235,Chorote,1808,-lyek,Phonemic,pus,,,,
4-856-304-1,iyoj1235,Chorote,793,inetas (f.),Phonemic,boil (noun),,,,
4-855-304-1,iyoj1235,Chorote,1584,kalaliyam (m.),Phonemic,blister,,,,
4-854-304-1,iyoj1235,Chorote,148,lap-lap-iʔ,Phonemic,itch,,,,
4-853-304-1,iyoj1235,Chorote,1903,tikyeʔen,Phonemic,swelling,,,,
4-850-304-1,iyoj1235,Chorote,1109,xeyoyam,Phonemic,"wound, sore",,,,
4-843-304-1,iyoj1235,Chorote,102,-kakil ~ -kyakil,Phonemic,cold (catarrh),,,,
4-842-304-1,iyoj1235,Chorote,1957,loʔkʔat,Phonemic,goiter,,,,
4-841-304-1,iyoj1235,Chorote,1534,-laye ~ -lyaye (m.),Phonemic,fever,,,,
4-840-304-1,iyoj1235,Chorote,1847,xe-es,Phonemic,"sick, sickness",,Lit. 'not good'.,,
4-830-304-1,iyoj1235,Chorote,1364,-es ~ -se,Phonemic,"well, health",,Also means 'clean' 15.870; 'good' 16.710; 'beautiful' 16.810.,,
4-820-304-1,iyoj1235,Chorote,1601,xe-tuskiʔ,Phonemic,weak,,Lit. 'not brave'.,,
4-810-304-1,iyoj1235,Chorote,785,-toxseyin,Phonemic,"strong, mighty, powerful",,,,
4-790-304-1,iyoj1235,Chorote,1773,ano (f.),Phonemic,"grave, tomb",,,,
4-780-304-1,iyoj1235,Chorote,1719,-powe ~ -pyowe,Phonemic,bury (the dead),,,,
4-770-304-1,iyoj1235,Chorote,767,-weʔlak,Phonemic,corpse,,Also means 'bone' 04.160.,,
4-760-304-1,iyoj1235,Chorote,1417,-lan ~ -lyen,Phonemic,kill,,,,
4-751-304-1,iyoj1235,Chorote,1904,-elkaan ~ -ilkaan,Phonemic,drowned,,,,
4-750-304-1,iyoj1235,Chorote,1494,-al ~ -el,Phonemic,"die, dead",,,,
4-740-304-1,iyoj1235,Chorote,1422,-waxsan,Phonemic,"live, living, life",,,,
4-730-304-1,iyoj1235,Chorote,1123,-kimixnyen ~ -simixnyen,Phonemic,pregnant,,,,
4-720-304-1,iyoj1235,Chorote,1090,-eyin ~ -iyin ~ -wayin,Phonemic,born (to be),,,,
4-690-304-1,iyoj1235,Chorote,138,-nayianaxtiʔ ~ -nyeyianaxtiʔ,Phonemic,bathe,,,,
4-680-304-1,iyoj1235,Chorote,52,-ekilalin ~ -ikilalin,Phonemic,shiver,,,,
4-670-304-1,iyoj1235,Chorote,1785,-fʷaʔ,Phonemic,have sexual intercourse,,,,
4-660-304-1,iyoj1235,Chorote,676,-xlam ~ -xlyem,Phonemic,defecate,,,,
4-650-304-1,iyoj1235,Chorote,592,-ol ~ -tol ~ -ul,Phonemic,urinate,,,,
4-630-304-1,iyoj1235,Chorote,1602,owneʔ ~ -towneʔ,Phonemic,wake up,,,,
4-620-304-1,iyoj1235,Chorote,1920,-fʷexlyen ~ -fʷixlyen,Phonemic,dream,,,,
4-612-304-1,iyoj1235,Chorote,1983,-nakat ~ -nyakat,Phonemic,snore,,,,
4-610-304-1,iyoj1235,Chorote,1585,-maʔa ~ -miʔe,Phonemic,sleep,,,,
4-590-304-1,iyoj1235,Chorote,319,napuʔ ~ -nyepuʔ,Phonemic,lick,,,,
4-580-304-1,iyoj1235,Chorote,1403,oka,Phonemic,bite,,,,
4-570-304-1,iyoj1235,Chorote,1278,-koxin ~ -kyuxin,Phonemic,vomit,,,,
4-560-304-1,iyoj1235,Chorote,1440,-fʷac̷uxnen ~ -fʷyec̷uxnen,Phonemic,spit,,,,
4-550-304-1,iyoj1235,Chorote,126,-kyunexen ~ syunexen,Phonemic,perspire,,,,
4-540-304-1,iyoj1235,Chorote,1621,xnatisyem ~ xnyetisyem,Phonemic,sneeze,,Cf. 04.230-04.232.,,
4-530-304-1,iyoj1235,Chorote,879,-koxokin,Phonemic,cough,,,,
4-521-304-1,iyoj1235,Chorote,162,-oʔpaleʔ,Phonemic,hiccough,,,,
4-520-304-1,iyoj1235,Chorote,1028,ay-yixsa ~ -ey-yixsa ~ -ay-c̷ixsa,Phonemic,"yawn, gape",,,,
4-510-304-1,iyoj1235,Chorote,1407,-yelixiʔ,Phonemic,"breathe, breath",,,,
4-492-304-1,iyoj1235,Chorote,1222,-ok,Phonemic,penis,,,,
4-490-304-1,iyoj1235,Chorote,797,-kemiʔ,Phonemic,testicle,,,,
4-470-304-1,iyoj1235,Chorote,804,-towexe ~ -tyowexe,Phonemic,womb,,,,
4-464-304-1,iyoj1235,Chorote,834,-we-kyaloʔ ~ -wi-kyaloʔ,Phonemic,buttocks,,Cf. 'cheek' 04.208.,,
4-463-304-1,iyoj1235,Chorote,1745,-akyonates ~ -ekyonates (f.),Phonemic,hip,,,,
4-462-304-1,iyoj1235,Chorote,1681,-kʔyokiʔ,Phonemic,waist,,,,
4-461-304-1,iyoj1235,Chorote,1991,-kaxsiliʔ ~ -kyaxsiliʔ (m.),Phonemic,"intestines, guts",,,,
4-460-304-1,iyoj1235,Chorote,819,-akxiwet,Phonemic,stomach,,,,
4-452-304-1,iyoj1235,Chorote,1744,-sipat,Phonemic,spleen,,,,
4-451-304-1,iyoj1235,Chorote,489,-kyentiyeʔ ~ -syentiyeʔ (f.),Phonemic,kidney,,,,
4-450-304-1,iyoj1235,Chorote,1224,-kaxlek ~ -kyaxlek (m.),Phonemic,liver,,,,
4-441-304-1,iyoj1235,Chorote,688,-yelxiwetiki (f.),Phonemic,lung,,,,
4-440-304-1,iyoj1235,Chorote,1223,-oxtaleʔ (f.),Phonemic,heart,,,,
4-430-304-1,iyoj1235,Chorote,1838,-lox ~ -lyox (f.),Phonemic,navel,,,,
4-420-304-1,iyoj1235,Chorote,154,tˀ-ate,Phonemic,udder,,,,
4-412-304-1,iyoj1235,Chorote,796,tˀ-ateʔ ~ -eteʔ (f.),Phonemic,"nipple, teat",,,,
4-410-304-1,iyoj1235,Chorote,1402,tˀ-ateʔ ~ -eteʔ,Phonemic,breast (of woman),,,,
4-400-304-1,iyoj1235,Chorote,1592,-ot (f.),Phonemic,chest,,,,
4-393-304-1,iyoj1235,Chorote,1201,-woleʔ,Phonemic,feather,,Also means 'hair' 04.140. Cf. 'leaf' 08.560; and 'wool' 06.220.,,
4-392-304-1,iyoj1235,Chorote,1257,-fʷes (f.),Phonemic,wing,,,,
4-380-304-1,iyoj1235,Chorote,1389,-fʷikiʔ (f.),Phonemic,toe,,,,
4-374-304-1,iyoj1235,Chorote,318,-kaye (f.),Phonemic,footprint,,,,
4-372-304-1,iyoj1235,Chorote,980,-poʔkyo ~ -pyokyoʔ (m.),Phonemic,heel,,,,
4-371-304-1,iyoj1235,Chorote,803,-woxolan ~ -yoxolan (m.),Phonemic,ankle,,Also -kalaʔwolkakiʔ ~ -kyala (f.).,,
4-370-304-1,iyoj1235,Chorote,1301,-kalaʔ ~ -kyala (m.),Phonemic,foot,,,,
4-360-304-1,iyoj1235,Chorote,1371,-kosletikiʔ ~ -kyusletikiʔ,Phonemic,knee,,,,
4-352-304-1,iyoj1235,Chorote,498,-kaxsan (f.),Phonemic,calf of leg,,,,
4-351-304-1,iyoj1235,Chorote,800,-akyoxna ~ -ekyoxna,Phonemic,thigh,,,,
4-350-304-1,iyoj1235,Chorote,1297,-akyoxna ~ -ekyoxna,Phonemic,leg,,,,
4-345-304-1,iyoj1235,Chorote,72,fʷiki-pot,Phonemic,claw,,Cf. 'toe' 04.380.,,
4-344-304-1,iyoj1235,Chorote,1258,-yesiki-pot,Phonemic,fingernail,,,,
4-342-304-1,iyoj1235,Chorote,1781,-yesiki-wu,Phonemic,thumb,,Lit. 'finger-large'.,,
4-340-304-1,iyoj1235,Chorote,1303,-yesikiʔ (f.),Phonemic,finger,,,,
4-331-304-1,iyoj1235,Chorote,1183,-kyoy-tʔot,Phonemic,palm of hand,,,,
4-330-304-1,iyoj1235,Chorote,1277,-kyoy ~ -syoy (f.),Phonemic,hand,,,,
4-321-304-1,iyoj1235,Chorote,799,-kyoy-xiwolkakiʔ,Phonemic,wrist,,,,
4-320-304-1,iyoj1235,Chorote,981,-katokiʔ ~ -kyatokiʔ (f.),Phonemic,elbow,,,,
4-312-304-1,iyoj1235,Chorote,1886,-fʷopo-kiʔ ~ -xyopo-kiʔ (m.),Phonemic,armpit,,,,
4-310-304-1,iyoj1235,Chorote,1673,-fʷopoʔ ~ -xyopoʔ (f.),Phonemic,arm,,,,
4-302-304-1,iyoj1235,Chorote,1994,waayimpe (m.),Phonemic,collarbone,,,,
4-301-304-1,iyoj1235,Chorote,172,-kyalexnateʔ ~ -syalexnateʔ,Phonemic,shoulderblade,,,,
4-300-304-1,iyoj1235,Chorote,1482,-lewe ~ -liwe,Phonemic,shoulder,,,,
4-290-304-1,iyoj1235,Chorote,1346,-wotyowe,Phonemic,throat,,Cf. 'neck' 04.280.,,
4-290-304-3,iyoj1235,Chorote,1346,-sapa-kiʔ,Phonemic,throat,,Cf. 'neck' 04.280.,,
4-281-304-1,iyoj1235,Chorote,1347,-xetekxixut (m.),Phonemic,nape of neck,,,,
4-280-304-1,iyoj1235,Chorote,1333,-sapaʔ,Phonemic,neck,,,,
4-272-304-1,iyoj1235,Chorote,1049,-kyalomkiʔ ~ -c̷yalomkiʔ (f.),Phonemic,molartooth,,,,
4-270-304-1,iyoj1235,Chorote,1380,-afʷeʔ ~ -efʷeʔ (f.),Phonemic,tooth,,,,
4-271-304-1,iyoj1235,Chorote,139,-asan ~ -esan (f.),Phonemic,gums,,,,
4-260-304-1,iyoj1235,Chorote,1205,-kax ~ -kyax (f.),Phonemic,tongue,,,,
4-250-304-1,iyoj1235,Chorote,478,-paxsat ~ -pyesat (m.),Phonemic,lip,,,,
4-241-304-1,iyoj1235,Chorote,73,-paxsat (m.),Phonemic,beak,,,,
4-240-304-1,iyoj1235,Chorote,674,ay ~ -ey (f.),Phonemic,mouth,,,,
4-232-304-1,iyoj1235,Chorote,208,-xnatiyey ~ -xnyetiyey,Phonemic,mucus (nasal),,,,
4-231-304-1,iyoj1235,Chorote,1178,-xnatowo-tyowe,Phonemic,nostril,,,,
4-230-304-1,iyoj1235,Chorote,1221,-xnatowo ~ -xnyetowo,Phonemic,nose,,Cf. 'smell' 15.210-15.220.,,
4-222-304-1,iyoj1235,Chorote,32,leʔc̷i,Phonemic,earwax,,,,
4-221-304-1,iyoj1235,Chorote,18,-kyote-xic̷eʔ (f.),Phonemic,earlobe,,,,
4-220-304-1,iyoj1235,Chorote,1247,-kyoteʔ ~ -c̷yoteʔ ~ -yoteʔ (f.),Phonemic,ear,,,,
4-215-304-1,iyoj1235,Chorote,1655,-c̷em-c̷emiyeen,Phonemic,blink,,,,
4-214-304-1,iyoj1235,Chorote,1540,-taseʔ ~ -tyeseʔ,Phonemic,eyelash,,,,
4-213-304-1,iyoj1235,Chorote,17,-tate-tax (f.),Phonemic,eyelid,,Cf. 04.120.,,
4-212-304-1,iyoj1235,Chorote,1173,-tokyo-seʔ ~ -tyokyo-seʔ,Phonemic,eyebrow,,-tokyoʔ means 'face' 04.204.,,
4-210-304-1,iyoj1235,Chorote,1248,-tateʔ (f.),Phonemic,eye,,Cf. 'button' 06.620.,,
4-208-304-1,iyoj1235,Chorote,1730,-kyaloʔ ~ -c̷yaloʔ (m.),Phonemic,cheek,,,,
4-209-304-1,iyoj1235,Chorote,1510,-ek ~ -ik (f.),Phonemic,chin,,,,
4-205-304-1,iyoj1235,Chorote,123,-tokyo-c̷eʔ (m.),Phonemic,forehead,,tokyo- is 'face' 04.204.,,
4-207-304-1,iyoj1235,Chorote,798,-kyalomkiʔ (f.),Phonemic,jaw,,,,
4-204-304-1,iyoj1235,Chorote,1560,-tokyoʔ ~ -tyokyoʔ (m.),Phonemic,face,,,,
4-203-304-1,iyoj1235,Chorote,1583,-tekixli ~ -tikixli (f.),Phonemic,brain,,,,
4-202-304-1,iyoj1235,Chorote,1605,-xetek-xi-weʔlak,Phonemic,skull,,Lit. 'head-its-bone'.,,
4-200-304-1,iyoj1235,Chorote,1256,-xetek ~ -xitek (f.),Phonemic,head,,,,
4-191-304-1,iyoj1235,Chorote,805,-kyey-xi-weʔlak,Phonemic,spine,,Lit. 'back-its-bone'.,,
4-190-304-1,iyoj1235,Chorote,1291,-kyeyi ~ -syeyi,Phonemic,back,,,,
4-180-304-1,iyoj1235,Chorote,1220,-kyes,Phonemic,tail,,"Respectively, the tail of: animal; bird; fish.",,
4-180-304-3,iyoj1235,Chorote,1220,-kyes-kiʔ,Phonemic,tail,,"Respectively, the tail of: animal; bird; fish.",,
4-180-304-5,iyoj1235,Chorote,1220,-kyes-kina,Phonemic,tail,,"Respectively, the tail of: animal; bird; fish.",,
4-170-304-1,iyoj1235,Chorote,1393,-kyuʔ (f.),Phonemic,horn,,,,
4-162-304-1,iyoj1235,Chorote,801,-xles ~ -xlis (m.),Phonemic,rib,,,,
4-160-304-1,iyoj1235,Chorote,1394,-weʔlak ~ -wilak (m.),Phonemic,bone,,,,
4-151-304-1,iyoj1235,Chorote,525,-satayek ~ -syatayek (f.),Phonemic,"vein, artery",,,,
4-150-304-1,iyoj1235,Chorote,946,-woyis ~ -yoyis,Phonemic,blood,,,,
4-146-304-1,iyoj1235,Chorote,576,-xetek-lamak (f.),Phonemic,dandruff,,Lit. 'head-dust' 04.200; 01.213.,,
4-145-304-1,iyoj1235,Chorote,36,-woleʔ,Phonemic,pubic hair,,Also means 'hair' 04.140.,,
4-144-304-1,iyoj1235,Chorote,189,-woleʔ ~ -yoleʔ (f.),Phonemic,body hair,,,,
4-142-304-1,iyoj1235,Chorote,678,-poxsiʔ (f.) ~ -pyuxsiʔ,Phonemic,beard,,,,
4-140-304-1,iyoj1235,Chorote,1040,-woleʔ (m.),Phonemic,hair (head),,Also means 'feather' 04.393. Cf. 'leaf' 08.560; 'wool' 06.220.,,
4-130-304-1,iyoj1235,Chorote,2259,-syen (m.),Phonemic,flesh,,Also means 'meat' 05.610.,,
4-120-304-1,iyoj1235,Chorote,763,-ax ~ -ex,Phonemic,"skin, hide",,Also means 'leather' 06.290. Cf. 'shell' 03.655.,,
4-110-304-1,iyoj1235,Chorote,1480,-fʷes (m.),Phonemic,body,,,,
3-980-304-1,iyoj1235,Chorote,112,axnat-ic̷empe,Phonemic,turtle,,"Former means 'on the earth'; axnat is 'earth, land' 01.210.",,
3-980-304-3,iyoj1235,Chorote,112,kityeneʔ,Phonemic,turtle,,"Former means 'on the earth'; axnat is 'earth, land' 01.210.",,
3-970-304-1,iyoj1235,Chorote,1857,aluta (m.),Phonemic,"crocodile, alligator",,,,
3-960-304-1,iyoj1235,Chorote,632,kyeʔla,Phonemic,lizard,,,,
3-950-304-1,iyoj1235,Chorote,503,-les,Phonemic,frog,,,,
3-940-304-1,iyoj1235,Chorote,1543,laʔpix (m.),Phonemic,snail,,,,
3-930-304-1,iyoj1235,Chorote,607,kyol,Phonemic,grasshopper,,,,
3-920-304-1,iyoj1235,Chorote,1791,kopiyeʔ (f.),Phonemic,butterfly,,,,
3-910-304-1,iyoj1235,Chorote,206,noyu (f.),Phonemic,firefly,,,,
3-850-304-1,iyoj1235,Chorote,730,xuppa,Phonemic,snake,,,,
3-840-304-1,iyoj1235,Chorote,1219,wesisitok (f.),Phonemic,worm,,,,
3-832-304-1,iyoj1235,Chorote,1509,maleweʔ (m.),Phonemic,mosquito,,,,
3-832-304-3,iyoj1235,Chorote,1509,eyeʔ,Phonemic,mosquito,,,,
3-832-304-5,iyoj1235,Chorote,1509,fʷayoy,Phonemic,mosquito,,,,
3-830-304-1,iyoj1235,Chorote,1504,katakiʔ (f.),Phonemic,fly,,,,
3-823-304-1,iyoj1235,Chorote,1517,wonaʔ,Phonemic,wasp,,Also other varieties: matis; imuʔ.,,
3-823-304-3,iyoj1235,Chorote,1517,akyot,Phonemic,wasp,,Also other varieties: matis; imuʔ.,,
3-822-304-1,iyoj1235,Chorote,88,iwos kac̷itun,Phonemic,beehive,,,,
3-821-304-1,iyoj1235,Chorote,1931,iyus (m.),Phonemic,beeswax,,,,
3-820-304-1,iyoj1235,Chorote,665,telena,Phonemic,bee,,,,
3-819-304-1,iyoj1235,Chorote,1065,siwalak-ixlek,Phonemic,spider web,,Cf. 'spin' 06.310.,,
3-818-304-1,iyoj1235,Chorote,843,siwalak (f.),Phonemic,spider,,,,
3-817-304-1,iyoj1235,Chorote,587,tokis (m.),Phonemic,ant,,,,
3-816-304-1,iyoj1235,Chorote,1575,tʔatosey (f.),Phonemic,cockroach,,,,
3-815-304-1,iyoj1235,Chorote,1538,axlupastana,Phonemic,scorpion,,,,
3-814-304-1,iyoj1235,Chorote,1974,isek waso,Phonemic,centipede,,,,
3-813-304-1,iyoj1235,Chorote,232,lataʔ (f.),Phonemic,flea,,,,
3-812-304-1,iyoj1235,Chorote,267,inla-leʔkyuʔ (f.),Phonemic,nit (louse egg),,leʔkyuʔ is 'egg'.,,
3-811-304-1,iyoj1235,Chorote,1392,ixlyeʔ,Phonemic,louse,,xlaʔ is recorded for Paraguay.,,
3-810-304-1,iyoj1235,Chorote,620,fʷelekiʔ,Phonemic,insect,,,,
3-760-304-1,iyoj1235,Chorote,1350,alexyenakiʔ,Phonemic,monkey,,,,
3-750-304-1,iyoj1235,Chorote,1936,kilyeni,Phonemic,deer,,,,
3-740-304-1,iyoj1235,Chorote,1312,woykiʔ,Phonemic,fox,,,,
3-720-304-1,iyoj1235,Chorote,1386,iwaxla (m.),Phonemic,lion,,,,
3-664-304-1,iyoj1235,Chorote,1910,siyixsyenatakiʔ,Phonemic,stingray,,,,
3-655-304-1,iyoj1235,Chorote,598,tax,Phonemic,shell,,Also means 'skin' 04.120. Probably with meaning of 'covering/ casing'.,,
3-653-304-1,iyoj1235,Chorote,266,lotis (f.),Phonemic,fishscale,,,,
3-652-304-1,iyoj1235,Chorote,213,-fʷesimpe (f.),Phonemic,fin (dorsal),,,,
3-650-304-1,iyoj1235,Chorote,227,siyus,Phonemic,fish,,,,
3-630-304-1,iyoj1235,Chorote,2139,amaa (f.),Phonemic,"mouse, rat",,,,
3-620-304-1,iyoj1235,Chorote,1208,tinuk,Phonemic,cat,,,,
3-614-304-1,iyoj1235,Chorote,1136,nateʔ,Phonemic,rabbit,,,,
3-610-304-1,iyoj1235,Chorote,2009,noʔo (m.),Phonemic,dog,,,,
3-594-304-1,iyoj1235,Chorote,1853,ofʷoʔ,Phonemic,dove,,,,
3-594-304-3,iyoj1235,Chorote,1853,sipop,Phonemic,dove,,,,
3-594-304-5,iyoj1235,Chorote,1853,olaxa,Phonemic,dove,,,,
3-596-304-1,iyoj1235,Chorote,735,kyustax (m.),Phonemic,owl,,,,
3-593-304-1,iyoj1235,Chorote,913,wikis (f.),Phonemic,crow,,,,
3-592-304-1,iyoj1235,Chorote,882,eleʔ,Phonemic,parrot,,,,
3-591-304-1,iyoj1235,Chorote,1793,exeyeʔ (f.),Phonemic,bat,,,,
3-585-304-1,iyoj1235,Chorote,307,afʷenas-ikyeʔ,Phonemic,hawk,,,,
3-584-304-1,iyoj1235,Chorote,1905,iston (m.),Phonemic,eagle,,,,
3-583-304-1,iyoj1235,Chorote,758,akatax (f.),Phonemic,heron,,,,
3-581-304-1,iyoj1235,Chorote,937,afʷena (m.),Phonemic,bird,,,,
3-580-304-1,iyoj1235,Chorote,539,xlup (m.),Phonemic,nest,,,,
3-570-304-1,iyoj1235,Chorote,1360,kaye,Phonemic,duck,,,,
3-570-304-3,iyoj1235,Chorote,1360,ixnyeni,Phonemic,duck,,,,
3-550-304-1,iyoj1235,Chorote,1318,wota-las,Phonemic,chicken,,,,
3-540-304-1,iyoj1235,Chorote,1514,wota-xa,Phonemic,hen,,,,
3-520-304-1,iyoj1235,Chorote,1511,wota-ayinye,Phonemic,"cock, rooster",,,,
3-470-304-1,iyoj1235,Chorote,890,malekyeʔ (m.),Phonemic,mule,,,,
3-500-304-1,iyoj1235,Chorote,265,afʷena (f.),Phonemic,fowl,,,,
3-460-304-1,iyoj1235,Chorote,1862,malekye-tok (m.),Phonemic,"ass, donkey",,,,
3-450-304-1,iyoj1235,Chorote,1647,alenta-las (m.),Phonemic,"foal, colt",,,,
3-440-304-1,iyoj1235,Chorote,938,alenta,Phonemic,mare,,,,
3-410-304-1,iyoj1235,Chorote,615,alenta,Phonemic,horse (equine),,,,
3-380-304-1,iyoj1235,Chorote,1972,sonta-tok-las,Phonemic,kid,,,,
3-370-304-1,iyoj1235,Chorote,264,sonta yinye (m.),Phonemic,he-goat,,,,
3-360-304-1,iyoj1235,Chorote,1502,sonta-tok,Phonemic,goat,,,,
3-350-304-1,iyoj1235,Chorote,1337,ixnisa-tok,Phonemic,pig,,,,
3-340-304-1,iyoj1235,Chorote,1351,ixnixsa,Phonemic,sow (2),,,,
3-320-304-1,iyoj1235,Chorote,1348,kixniye,Phonemic,boar,,,,
3-290-304-1,iyoj1235,Chorote,820,sonta-las,Phonemic,lamb,,,,
3-280-304-1,iyoj1235,Chorote,1345,wole-poʔ (f.),Phonemic,ewe,,Means 'there is wool'. -woleʔ is 'feather' 04.393 and 'hair' 04.140. Cf. 'leaf' 08.560; 'wool' 06.220.,,
3-260-304-1,iyoj1235,Chorote,1344,sonta-yinye,Phonemic,ram,,,,
3-250-304-1,iyoj1235,Chorote,1331,sonta,Phonemic,sheep,,,,
3-240-304-1,iyoj1235,Chorote,1989,[wakye]laxseʔ,Phonemic,calf,,From Span. 'vaca' + 'daughter'.,,
3-230-304-1,iyoj1235,Chorote,1007,[wakye],Phonemic,cow,,From Span. 'vaca'.,,
3-220-304-1,iyoj1235,Chorote,1169,[tolo] inkixmayexiwoʔ,Phonemic,ox,,From Span. 'toro'. See 'bull' 03.210. Means 'for working'.,,
3-210-304-1,iyoj1235,Chorote,1008,[tolo],Phonemic,bull,,From Span. 'toro'.,,
3-200-304-1,iyoj1235,Chorote,1153,[wakye]s,Phonemic,cattle (bovine),,From Span. 'vaca'.,,
3-190-304-1,iyoj1235,Chorote,851,alenta-xi-wet,Phonemic,"stable, stall",,Lit. 'horse-its-place' 03.410.,,
3-180-304-1,iyoj1235,Chorote,263,sontas-i-woʔ,Phonemic,herdsman,,Cf. 03.250. woʔ also occurs on 'shoemaker' 06.540; 'fisherman' 20.510.,,
3-160-304-1,iyoj1235,Chorote,649,xupaykyet,Phonemic,pasture,,,,
3-130-304-1,iyoj1235,Chorote,2262,axwuʔ,Phonemic,female (adj),,,,
3-120-304-1,iyoj1235,Chorote,2261,l-ayinye,Phonemic,male (adj),,,,
3-110-304-1,iyoj1235,Chorote,619,-lafʷa ~ lyefʷa,Phonemic,animal,,,,
2-960-304-1,iyoj1235,Chorote,817,l-am-is,Phonemic,they,,,,
2-950-304-1,iyoj1235,Chorote,1213,am-el,Phonemic,you (plural),,,,
2-942-304-1,iyoj1235,Chorote,1130,s-am,Phonemic,we (exclusive),,,,
2-941-304-1,iyoj1235,Chorote,1131,y-em-el ~ s-am-el,Phonemic,we (inclusive),,,,
2-940-304-1,iyoj1235,Chorote,1212,s-am,Phonemic,we,,,,
2-930-304-1,iyoj1235,Chorote,262,l-am,Phonemic,he/she/it,,,,
2-920-304-1,iyoj1235,Chorote,1215,am,Phonemic,you (singular),,,,
2-910-304-1,iyoj1235,Chorote,1209,y-em,Phonemic,I,,,,
2-820-304-1,iyoj1235,Chorote,194,-xyeʔ (f.),Phonemic,family,,,,
2-810-304-1,iyoj1235,Chorote,1644,exekyeʔ,Phonemic,"relatives, kinsmen",,,,
2-770-304-1,iyoj1235,Chorote,1981,asyela,Phonemic,widower,,,,
2-760-304-1,iyoj1235,Chorote,1756,asyela-kiʔ,Phonemic,widow,,,,
2-750-304-1,iyoj1235,Chorote,1149,kimpena (m.),Phonemic,orphan,,,,
2-740-304-1,iyoj1235,Chorote,1058,-axsenkiʔ ~ -exsenkiʔ,Phonemic,stepdaughter,,,,
2-730-304-1,iyoj1235,Chorote,1059,-asenek ~ -esenek ~ -axsenek,Phonemic,stepson,,,,
2-720-304-1,iyoj1235,Chorote,236,-wo-eta ~ -wo-ita ~ -yo-eta,Phonemic,stepmother,,,,
2-710-304-1,iyoj1235,Chorote,237,-wo-nawa ~ -yo-nawa,Phonemic,stepfather,,Also ~ -wo-nyewa.,,
2-641-304-1,iyoj1235,Chorote,2264,-fʷeles,Phonemic,daughter-in-law (of a woman),,,,
2-640-304-1,iyoj1235,Chorote,2265,-fʷeles,Phonemic,daughter-in-law (of a man),,,,
2-631-304-1,iyoj1235,Chorote,2266,-fʷeluʔ,Phonemic,son-in-law (of a woman),,,,
2-630-304-1,iyoj1235,Chorote,2267,-fʷeluʔ ~ -fʷiluʔ,Phonemic,son-in-law (of a man),,,,
2-621-304-1,iyoj1235,Chorote,2257,-kanteʔ,Phonemic,mother-in-law (of a woman),,,,
2-620-304-1,iyoj1235,Chorote,2256,-kanteʔ ~ -kyanteʔ,Phonemic,mother-in-law (of a man),,,,
2-611-304-1,iyoj1235,Chorote,2254,-kante-k ~ -kyante-k (m.),Phonemic,father-in-law (of a woman),,,,
2-610-304-1,iyoj1235,Chorote,2255,-kante-k,Phonemic,father-in-law (of a man),,,,
2-570-304-1,iyoj1235,Chorote,490,-les ~ -lis,Phonemic,descendants,,Cf. 'offspring' 02.430.,,
2-560-304-1,iyoj1235,Chorote,1669,i-nyeyin epi -c̷oyeʔ,Phonemic,ancestors,,Means 'my ancestors'.,,
2-550-304-1,iyoj1235,Chorote,1643,-tyelas,Phonemic,cousin,,,,
2-520-304-1,iyoj1235,Chorote,1272,-tieʔ,Phonemic,aunt,,,,
2-510-304-1,iyoj1235,Chorote,1327,lieʔ,Phonemic,uncle,,,,
2-480-304-1,iyoj1235,Chorote,1618,-kiyes ~ siyes,Phonemic,grandson,,,,
2-490-304-1,iyoj1235,Chorote,1619,-kiyeʔ ~ -siyeʔ,Phonemic,granddaughter,,,,
2-471-304-1,iyoj1235,Chorote,907,kixil-akiʔ,Phonemic,old woman,,,,
2-470-304-1,iyoj1235,Chorote,1496,-eyi,Phonemic,grandmother,,,,
2-461-304-1,iyoj1235,Chorote,406,kixil,Phonemic,old man,,,,
2-460-304-1,iyoj1235,Chorote,1383,-tʔek,Phonemic,grandfather,,Also -soxsyuʔ ~ syuxsyuʔ.,,
2-460-304-3,iyoj1235,Chorote,1383,totyuʔ,Phonemic,grandfather,,Also -soxsyuʔ ~ syuxsyuʔ.,,
2-458-304-1,iyoj1235,Chorote,1005,-ntakkiʔ,Phonemic,twins,,Cf. 'two' 13.020.,,
2-455-304-1,iyoj1235,Chorote,1761,-kixnyeʔ,Phonemic,younger sister,,,,
2-454-304-1,iyoj1235,Chorote,1758,-kyaaxuʔ,Phonemic,older sister,,,,
2-445-304-1,iyoj1235,Chorote,1760,-kini ~ -c̷ini ~ -ini,Phonemic,younger brother,,,,
2-444-304-1,iyoj1235,Chorote,1759,-kilyeʔ ~ -silyeʔ,Phonemic,older brother,,,,
2-430-304-1,iyoj1235,Chorote,1801,-les,Phonemic,offspring (son or daughter),,Plural form. Also means 'descendants' 02.570.,,
2-420-304-1,iyoj1235,Chorote,1357,-axseʔ,Phonemic,daughter,,,,
2-410-304-1,iyoj1235,Chorote,1620,-as,Phonemic,son,,,,
2-390-304-1,iyoj1235,Chorote,426,axwuʔ ti-fʷayi,Phonemic,married woman,,,,
2-380-304-1,iyoj1235,Chorote,424,inyoʔ ti-fʷayi,Phonemic,married man,,,,
2-370-304-1,iyoj1235,Chorote,505,-nawot ~ -nyewot,Phonemic,parents,,,,
2-360-304-1,iyoj1235,Chorote,1216,et,Phonemic,mother,,,,
2-360-304-3,iyoj1235,Chorote,1216,meme,Phonemic,mother,,,,
2-350-304-1,iyoj1235,Chorote,1217,-naʔ ~ -nye (m.),Phonemic,father,,,,
2-341-304-1,iyoj1235,Chorote,1134,-lewe ~ -liwe,Phonemic,divorce,,,,
2-340-304-1,iyoj1235,Chorote,1259,ti-fʷayi-c̷in,Phonemic,"marriage, wedding",,,,
2-330-304-1,iyoj1235,Chorote,203,-fʷayi,Phonemic,marry,,,,
2-320-304-1,iyoj1235,Chorote,1199,-kilfʷaʔ ~ -c̷ilfʷaʔ ~ -ilfʷaʔ,Phonemic,wife,,,,
2-310-304-1,iyoj1235,Chorote,1200,-kilwaʔ ~ -c̷ilwaʔ ~ -ilwaʔ,Phonemic,husband,,,,
2-270-304-1,iyoj1235,Chorote,1304,kyale,Phonemic,child,,Respectively: male child; female child,,
2-270-304-3,iyoj1235,Chorote,1304,kyale-ki,Phonemic,child,,Respectively: male child; female child,,
2-261-304-1,iyoj1235,Chorote,77,xloxsa,Phonemic,young woman (adolescent),,,,
2-260-304-1,iyoj1235,Chorote,1646,inye-weseʔ,Phonemic,girl,,,,
2-251-304-1,iyoj1235,Chorote,76,yek,Phonemic,young man (adolescent),,,,
2-250-304-1,iyoj1235,Chorote,1366,inye-was,Phonemic,boy,,,,
2-240-304-1,iyoj1235,Chorote,1551,axwuʔ,Phonemic,female,,,,
2-230-304-1,iyoj1235,Chorote,1553,ayinye (m.),Phonemic,male,,,,
2-220-304-1,iyoj1235,Chorote,962,axwuʔ,Phonemic,woman,,,,
2-210-304-1,iyoj1235,Chorote,1554,ayinye,Phonemic,man (vs. woman),,,,
2-100-304-1,iyoj1235,Chorote,683,inyoʔ,Phonemic,"person, human being",,,,
1-890-304-1,iyoj1235,Chorote,1188,fʷayokiʔ (f.),Phonemic,charcoal,,,,
1-880-304-1,iyoj1235,Chorote,10,-xoxpat ~ -oxpat,Phonemic,firewood,,,,
1-870-304-1,iyoj1235,Chorote,1133,etye-kas,Phonemic,match (noun),,etyeʔ means 'fire' 01.8l0.,,
1-861-304-1,iyoj1235,Chorote,127,omateʔ ~ -tomateʔ,Phonemic,extinguish,,,,
1-860-304-1,iyoj1235,Chorote,737,-tofʷaniti ~ -tyufʷaniti,Phonemic,"light, kindle, ignite",,Respectively: to light; to ignite (trans.).,,
1-860-304-3,iyoj1235,Chorote,737,-xlanee,Phonemic,"light, kindle, ignite",,Respectively: to light; to ignite (trans.).,,
1-852-304-1,iyoj1235,Chorote,1428,etye otam,Phonemic,burn (vb intrans),,,,
1-851-304-1,iyoj1235,Chorote,141,-wun,Phonemic,burn (vb trans),,,,
1-841-304-1,iyoj1235,Chorote,67,eytifʷuk,Phonemic,embers,,,,
1-840-304-1,iyoj1235,Chorote,646,taxlat (m.),Phonemic,ashes,,,,
1-830-304-1,iyoj1235,Chorote,778,toxsa,Phonemic,smoke (noun),,Cf. 'fog' 01.740.,,
1-820-304-1,iyoj1235,Chorote,889,lal (m.),Phonemic,flame (noun),,"Also means 'light' 01.610. Also axlet; eytifʷuk, 'burning firewood'.",,
1-810-304-1,iyoj1235,Chorote,221,etyeʔ (f.),Phonemic,fire,,,,
1-780-304-1,iyoj1235,Chorote,952,lomaʔ,Phonemic,weather,,Cf. 'light' 01.610.,,
1-770-304-1,iyoj1235,Chorote,617,fʷiyit (m.),Phonemic,ice,,Cf. 'cold' 15.860.,,
1-760-304-1,iyoj1235,Chorote,784,fʷiyit inyuneʔ,Phonemic,snow (noun),,,,
1-750-304-1,iyoj1235,Chorote,658,pexla,Phonemic,rain (noun),,,,
1-740-304-1,iyoj1235,Chorote,249,toxsa-ta,Phonemic,fog,,Respectively: foggy; cloudy. toxsa means 'smoke' 01.830.,,
1-740-304-3,iyoj1235,Chorote,249,inyexkay,Phonemic,fog,,Respectively: foggy; cloudy. toxsa means 'smoke' 01.830.,,
1-720-304-1,iyoj1235,Chorote,960,laxwu,Phonemic,wind,,,,
1-730-304-1,iyoj1235,Chorote,1489,poleʔ (m.),Phonemic,cloud,,Also means 'sky' 01.510.,,
1-710-304-1,iyoj1235,Chorote,27,-yel (f.),Phonemic,air,,,,
1-640-304-1,iyoj1235,Chorote,1977,yista (m.),Phonemic,dew,,,,
1-630-304-1,iyoj1235,Chorote,1388,-peluk ~ -piluk (m.),Phonemic,"shade, shadow",,,,
1-620-304-1,iyoj1235,Chorote,11,axna,Phonemic,darkness,,Also means 'night' 14.420; cf. 15.630.,,
1-610-304-1,iyoj1235,Chorote,630,lal,Phonemic,light (noun),,Cf. 'day' 14.410.,,
1-610-304-3,iyoj1235,Chorote,630,xloma,Phonemic,light (noun),,Cf. 'day' 14.410.,,
1-590-304-1,iyoj1235,Chorote,1733,sapalkat,Phonemic,rainbow,,,,
1-580-304-1,iyoj1235,Chorote,858,afʷesyeyi,Phonemic,storm,,,,
1-560-304-1,iyoj1235,Chorote,1150,-syulteni,Phonemic,thunder,,,,
1-570-304-1,iyoj1235,Chorote,2007,yexey (?),Phonemic,lightning (as striking),,,,
1-550-304-1,iyoj1235,Chorote,1654,yexey (?),Phonemic,lightning,,,,
1-550-304-3,iyoj1235,Chorote,1654,tˀakayi,Phonemic,lightning,,,,
1-540-304-1,iyoj1235,Chorote,1430,kates (f.),Phonemic,star,,,,
1-530-304-1,iyoj1235,Chorote,1313,weʔla,Phonemic,moon,,Also means 'month' 14.710.,,
1-520-304-1,iyoj1235,Chorote,1343,kilay,Phonemic,sun,,,,
1-510-304-1,iyoj1235,Chorote,1732,poleʔ,Phonemic,sky,,Also means 'cloud' 01.730.,,
1-450-304-1,iyoj1235,Chorote,6,axnat-tiwesi,Phonemic,earthquake,,,,
1-440-304-1,iyoj1235,Chorote,2125,-poy (f.),Phonemic,"stone, rock",,,,
1-430-304-1,iyoj1235,Chorote,1803,alaʔ,Phonemic,wood,,,,
1-420-304-1,iyoj1235,Chorote,906,alaʔ,Phonemic,tree (cf 08.600),,,,
1-410-304-1,iyoj1235,Chorote,420,linaʔ,Phonemic,"woods, forest",,,,
1-390-304-1,iyoj1235,Chorote,943,anat-aleteyin,Phonemic,waterfall,,,,
1-380-304-1,iyoj1235,Chorote,1145,naxe,Phonemic,swamp,,,,
1-370-304-1,iyoj1235,Chorote,2144,tokkiʔ,Phonemic,"spring, well",,,,
1-362-304-1,iyoj1235,Chorote,1982,ofʷatakiʔ,Phonemic,whirlpool,,,,
1-360-304-1,iyoj1235,Chorote,666,tewak (m.),Phonemic,"river, stream, brook",,,,
1-350-304-1,iyoj1235,Chorote,978,anat-isawompe,Phonemic,wave,,,,
1-343-304-1,iyoj1235,Chorote,1662,takina-ki-laseʔ,Phonemic,"headland, point",,Lit. 'mountain-its-daughter' (?).,,
1-341-304-1,iyoj1235,Chorote,623,anat-let (f.),Phonemic,lagoon,,,,
1-324-304-1,iyoj1235,Chorote,1768,-satyuʔ,Phonemic,foam,,,,
1-310-304-1,iyoj1235,Chorote,948,anat,Phonemic,water,,,,
1-280-304-1,iyoj1235,Chorote,1155,ixwo (f.),Phonemic,cave,,,,
1-270-304-1,iyoj1235,Chorote,113,tewk takinaʔ,Phonemic,shore,,Cf. 'edge' 12.353.,,
1-230-304-1,iyoj1235,Chorote,652,fʷex (f.),Phonemic,"plain, field",,,,
1-222-304-1,iyoj1235,Chorote,618,takina (m.),Phonemic,"cliff, precipice",,,,
1-220-304-1,iyoj1235,Chorote,2118,takixnakiʔ,Phonemic,"mountain, hill",,,,
1-214-304-1,iyoj1235,Chorote,640,isat,Phonemic,mud,,Also means 'clay' 09.730.,,
1-215-304-1,iyoj1235,Chorote,671,isye,Phonemic,sand,,,,
1-213-304-1,iyoj1235,Chorote,2,lamak (m.),Phonemic,dust,,See 'dandruff' 04.146; 'flour' 05.550; 'sugar' 05.850.,,
1-212-304-1,iyoj1235,Chorote,1228,axnat (f.),Phonemic,"earth=ground, soil",,,,
1-210-304-1,iyoj1235,Chorote,626,axnat (f.),Phonemic,"earth, land",,,,
14-330-304-1,iyoj1235,Chorote,1544,yiyipa xloma,Phonemic,sometimes,,xloma means 'time/ day' 14.410.,,
14-331-304-1,iyoj1235,Chorote,703,taxtaa,Phonemic,soon,,,,
14-332-304-1,iyoj1235,Chorote,418,paxyi,Phonemic,long-time (for a),,,,
14-340-304-1,iyoj1235,Chorote,1656,kapaxa,Phonemic,never,,,,
14-350-304-1,iyoj1235,Chorote,204,eekewaxa,Phonemic,again,,,,
14-410-304-1,iyoj1235,Chorote,1225,xloma (m.),Phonemic,day,,Cf. 'light' 01.610.,,
14-420-304-1,iyoj1235,Chorote,1233,axnax (f.),Phonemic,night,,Cf. 'darkness' 01.620; 15.630.,,
14-430-304-1,iyoj1235,Chorote,729,kyexlamat,Phonemic,dawn,,Also means 'early' 14.160.,,
14-440-304-1,iyoj1235,Chorote,1339,xloma,Phonemic,morning,,Also means 'light' 01.610; 'time' 14.110; 'day' 14.410.,,
14-450-304-1,iyoj1235,Chorote,12,nalakis,Phonemic,"noon, midday",,,,
14-451-304-1,iyoj1235,Chorote,1807,nooxtiʔ,Phonemic,afternoon,,,,
14-460-304-1,iyoj1235,Chorote,1629,kilay yem isyem,Phonemic,evening,,Means 'the sun falls below'.,,
14-470-304-1,iyoj1235,Chorote,1283,naxakiʔ,Phonemic,today,,,,
14-480-304-1,iyoj1235,Chorote,1329,ka-xloma-ta,Phonemic,tomorrow,,,,
14-481-304-1,iyoj1235,Chorote,1179,ke naltan tom c̷exeyi,Phonemic,day-after-tomorrow,,Means 'tomorrow another time'.,,
14-490-304-1,iyoj1235,Chorote,1174,nooxtiʔ,Phonemic,yesterday,,,,
14-491-304-1,iyoj1235,Chorote,1180,no oti c̷yuxa tom c̷axeye,Phonemic,day-before-yesterday,,Means 'yesterday another time'.,,
14-530-304-1,iyoj1235,Chorote,1323,kilay-xikyeʔ (f.),Phonemic,"clock, timepiece",,Lit. 'sun-for'.,,
14-610-304-1,iyoj1235,Chorote,1469,inkixmaye,Phonemic,week,,Means 'work'.,,
14-620-304-1,iyoj1235,Chorote,1699,inyo-ʔmanniyin,Phonemic,Sunday,,,,
14-630-304-1,iyoj1235,Chorote,1697,talaxam,Phonemic,Monday,,,,
14-640-304-1,iyoj1235,Chorote,1695,intak-isimen,Phonemic,Tuesday,,,,
14-650-304-1,iyoj1235,Chorote,1694,iyoyam,Phonemic,Wednesday,,,,
14-660-304-1,iyoj1235,Chorote,1693,intak-tomiyeʔ,Phonemic,Thursday,,,,
14-670-304-1,iyoj1235,Chorote,1692,-kixmayexe,Phonemic,Friday,,,,
14-680-304-1,iyoj1235,Chorote,1700,[sawali],Phonemic,Saturday,,From Span. 'sábado'.,,
14-710-304-1,iyoj1235,Chorote,1370,weʔla (m.),Phonemic,month,,Also means 'moon' 01.530.,,
14-730-304-1,iyoj1235,Chorote,1226,naxkap (f.),Phonemic,year,,,,
14-740-304-1,iyoj1235,Chorote,1471,fʷiyitip,Phonemic,winter,,Cf. 'cold' 01.770.,,
14-750-304-1,iyoj1235,Chorote,1537,nawop,Phonemic,spring,,,,
14-760-304-1,iyoj1235,Chorote,1342,kilay-sip,Phonemic,summer,,kilay is 'sun'.,,
14-770-304-1,iyoj1235,Chorote,1276,lop,Phonemic,autumn,,,,
15-210-304-1,iyoj1235,Chorote,1587,-xnewimpexe,Phonemic,smell (vb intrans),,Cf. 'nose' 04.230.,,
15-212-304-1,iyoj1235,Chorote,375,xnewentayiin ~ -xniwentayiin,Phonemic,sniff,,,,
15-220-304-1,iyoj1235,Chorote,1586,-xnewene ~ -xniwene,Phonemic,smell (vb trans),,,,
15-250-304-1,iyoj1235,Chorote,376,-ne,Phonemic,"fragrant, good smelling",,,,
15-250-304-3,iyoj1235,Chorote,376,-kaxey,Phonemic,"fragrant, good smelling",,,,
15-260-304-1,iyoj1235,Chorote,42,-sot,Phonemic,"stinking, bad smelling",,,,
15-310-304-1,iyoj1235,Chorote,21,-elyeyiʔ,Phonemic,taste,,,,
15-350-304-1,iyoj1235,Chorote,717,kˀekexey,Phonemic,sweet,,,,
15-360-304-1,iyoj1235,Chorote,1091,noxsoyiʔ,Phonemic,salty,,,,
15-370-304-1,iyoj1235,Chorote,887,paxyi,Phonemic,bitter,,The latter is 'not sweet' 15.350.,,
15-370-304-3,iyoj1235,Chorote,887,xe-kʔekexey,Phonemic,bitter,,The latter is 'not sweet' 15.350.,,
15-380-304-1,iyoj1235,Chorote,1906,paxyi (?),Phonemic,"acid, sour",,,,
15-410-304-1,iyoj1235,Chorote,1408,-peʔyeʔ ~ -piʔyeʔ,Phonemic,hear,,Also means 'understand' 17.160.,,
15-420-304-1,iyoj1235,Chorote,1608,-kyuwa ~ -syuwa,Phonemic,listen,,,,
15-440-304-1,iyoj1235,Chorote,1811,kixlami (m.),Phonemic,"sound, noise",,,,
15-450-304-1,iyoj1235,Chorote,377,kixlami,Phonemic,loud,,,,
15-460-304-1,iyoj1235,Chorote,1314,kyeniyin,Phonemic,"quiet, silence",,,,
15-510-304-1,iyoj1235,Chorote,1409,-wen ~ -win,Phonemic,see,,Also means 'meet' 19.650.,,
15-520-304-1,iyoj1235,Chorote,1819,-yen,Phonemic,"look, look at",,,,
15-550-304-1,iyoj1235,Chorote,1039,-wen-kixnam ~ -win-kinam,Phonemic,show,,,,
15-560-304-1,iyoj1235,Chorote,708,lepeʔep,Phonemic,shine,,,,
15-570-304-1,iyoj1235,Chorote,679,lepeʔep (m.),Phonemic,bright,,,,
15-610-304-1,iyoj1235,Chorote,1613,-oniye ~ -xoniye ~ -xyuniye (m.),Phonemic,color,,,,
15-620-304-1,iyoj1235,Chorote,250,yakaxli,Phonemic,light (in color),,,,
15-630-304-1,iyoj1235,Chorote,706,axna-wux,Phonemic,dark (in color),,Lit. 'night-large'. Cf. 'darkness' 01.620; and 'night' 14.420.,,
15-640-304-1,iyoj1235,Chorote,1335,lemiʔ,Phonemic,white,,,,
15-650-304-1,iyoj1235,Chorote,163,-tula,Phonemic,black,,,,
15-660-304-1,iyoj1235,Chorote,156,isyet,Phonemic,red,,,,
15-670-304-1,iyoj1235,Chorote,837,lasa,Phonemic,blue,,,,
15-680-304-1,iyoj1235,Chorote,1425,-wac̷o,Phonemic,green,,,,
15-690-304-1,iyoj1235,Chorote,1424,kaʔc̷yutyuʔ,Phonemic,yellow,,,,
15-710-304-1,iyoj1235,Chorote,1892,-kyeʔe,Phonemic,touch,,,,
15-712-304-1,iyoj1235,Chorote,378,-napeyiin ~ -nyepeyiin,Phonemic,pinch,,,,
15-720-304-1,iyoj1235,Chorote,1079,-latey ~ -lyetey,Phonemic,feel,,,,
15-740-304-1,iyoj1235,Chorote,1884,tosey,Phonemic,hard,,,,
15-750-304-1,iyoj1235,Chorote,1856,xe tosey,Phonemic,soft,,Lit. 'not hard'.,,
15-760-304-1,iyoj1235,Chorote,1923,-kixe,Phonemic,rough,,The latter is 'not smooth'.,,
15-760-304-3,iyoj1235,Chorote,1923,xe-liixi,Phonemic,rough,,The latter is 'not smooth'.,,
15-770-304-1,iyoj1235,Chorote,1234,-liixi,Phonemic,smooth,,,,
15-780-304-1,iyoj1235,Chorote,1396,tasaxay,Phonemic,sharp,,,,
15-810-304-1,iyoj1235,Chorote,1210,kyoyetiʔ ~ kyoxyetiʔ,Phonemic,heavy,,,,
15-820-304-1,iyoj1235,Chorote,1052,xe kyoxyetiʔ,Phonemic,light (in weight),,Lit. 'not heavy'.,,
15-830-304-1,iyoj1235,Chorote,1726,-c̷at ~ -c̷yet,Phonemic,"wet, damp",,,,
15-840-304-1,iyoj1235,Chorote,1398,-elyey ~ -ilyey,Phonemic,dry,,,,
15-850-304-1,iyoj1235,Chorote,1286,kyuxsiʔ,Phonemic,hot,,,,
15-860-304-1,iyoj1235,Chorote,1287,yuyi,Phonemic,cold,,,,
15-870-304-1,iyoj1235,Chorote,704,-es ~ -se,Phonemic,clean,,Also means 'good' 16.710; 'beautiful' 16.810.,,
15-880-304-1,iyoj1235,Chorote,1230,-taxloxli,Phonemic,"dirty, soiled",,,,
15-880-304-3,iyoj1235,Chorote,1230,-taxaʔ,Phonemic,"dirty, soiled",,,,
15-890-304-1,iyoj1235,Chorote,380,-soosin ~ -syuusin,Phonemic,wrinkled,,,,
16-110-304-1,iyoj1235,Chorote,53,-sakal ~ -syakal (f.),Phonemic,"soul, spirit",,,,
16-180-304-1,iyoj1235,Chorote,720,ixyetawe,Phonemic,"good fortune, luck",,,,
16-230-304-1,iyoj1235,Chorote,1495,-mkaxan,Phonemic,"joyful, glad, happy",,Cf. 'sad' 16.320.,,
16-250-304-1,iyoj1235,Chorote,1355,-skiʔ ~ -tiskiʔ,Phonemic,laugh,,,,
16-251-304-1,iyoj1235,Chorote,1451,-ski-yin ~ -tiski-yin,Phonemic,smile,,Also means 'laugh'.,,
16-260-304-1,iyoj1235,Chorote,1413,-lakyen ~ -lyeken,Phonemic,play,,,,
16-270-304-1,iyoj1235,Chorote,923,-soon ~ -syoon,Phonemic,love,,,,
16-290-304-1,iyoj1235,Chorote,578,-c̷oʔlayam ~ -c̷yuʔlayam,Phonemic,kiss,,,,
16-300-304-1,iyoj1235,Chorote,928,-kyafʷelap ~ -c̷yafʷelap,Phonemic,embrace,,,,
16-310-304-1,iyoj1235,Chorote,1783,atixiʔ,Phonemic,pain,,,,
16-320-304-1,iyoj1235,Chorote,1668,xe kaxen,Phonemic,"grief, sorrow, sadness",,Lit. 'not happy' 16.230.,,
16-330-304-1,iyoj1235,Chorote,1000,-telaxan ~ -tilaxan,Phonemic,"anxiety, worry",,,,
16-340-304-1,iyoj1235,Chorote,1875,apeʔen ~ -epeʔen,Phonemic,"regret, be sorry",,Cf. 'cry' 16.370.,,
16-350-304-1,iyoj1235,Chorote,1141,-pelusen ~ -pilusen,Phonemic,pity,,,,
16-370-304-1,iyoj1235,Chorote,1839,ap,Phonemic,"cry, weep",,,,
16-380-304-1,iyoj1235,Chorote,1651,-tate-teʔ,Phonemic,tear (noun),,Lit. 'eye-liquid' 04.210.,,
16-390-304-1,iyoj1235,Chorote,716,-wetpeylusen ~ -witpeylusen,Phonemic,groan,,,,
16-410-304-1,iyoj1235,Chorote,1607,-ayim,Phonemic,hate,,,,
16-420-304-1,iyoj1235,Chorote,82,-fʷesye ~ -wexsye,Phonemic,anger,,,,
16-440-304-1,iyoj1235,Chorote,40,kaayenta,Phonemic,"envy, jealousy",,,,
16-450-304-1,iyoj1235,Chorote,1776,-fʷel,Phonemic,shame (noun),,,,
16-480-304-1,iyoj1235,Chorote,174,kexemsa (?),Phonemic,proud,,,,
16-520-304-1,iyoj1235,Chorote,3,-tuskiʔ,Phonemic,brave,,,,
16-530-304-1,iyoj1235,Chorote,781,xe -fʷey ~ xe -fʷi,Phonemic,"fear, fright",,,,
16-540-304-1,iyoj1235,Chorote,1810,afʷesyexey (f.),Phonemic,danger,,,,
16-620-304-1,iyoj1235,Chorote,1784,-telya,Phonemic,"desire, want",,,,
16-622-304-1,iyoj1235,Chorote,1750,-yeniyin,Phonemic,choose,,,,
16-660-304-1,iyoj1235,Chorote,1657,ixyetiʔ,Phonemic,true,,"Also means 'right, correct' 16.730.",,
16-670-304-1,iyoj1235,Chorote,601,-wo kiwac̷exa ~ -yo kiwac̷exa,Phonemic,"lie, tell lies",,,,
16-680-304-1,iyoj1235,Chorote,13,lam -wowexey ~ lam -yowexey,Phonemic,deceit,,,,
16-690-304-1,iyoj1235,Chorote,1528,-kyekyoyam ~ -syekyoyam,Phonemic,forgive,,,,
16-710-304-1,iyoj1235,Chorote,1035,-es ~ -se,Phonemic,good,,Also means 'well' 04.830; 'clean' 15.870; 'beautiful' 16.810.,,
16-720-304-1,iyoj1235,Chorote,1292,-fʷesye,Phonemic,bad,,,,
16-730-304-1,iyoj1235,Chorote,1725,ixyetiʔ,Phonemic,"right, correct",,Also means 'true' 16.660.,,
16-740-304-1,iyoj1235,Chorote,1390,xe ixyetiʔ,Phonemic,wrong,,Lit. 'not right' 16.740.,,
16-770-304-1,iyoj1235,Chorote,1293,ayikyamexey ~ -eyikyamexey,Phonemic,"mistake, error",,,,
16-780-304-1,iyoj1235,Chorote,381,-timene,Phonemic,blame,,,,
16-790-304-1,iyoj1235,Chorote,1687,kexemsa,Phonemic,praise,,,,
16-810-304-1,iyoj1235,Chorote,1427,-es ~ -se,Phonemic,beautiful,,,,
16-820-304-1,iyoj1235,Chorote,1548,xe-es,Phonemic,ugly,,Lit. 'not beautiful'.,,
16-840-304-1,iyoj1235,Chorote,1310,-axan ~ -exen,Phonemic,clever,,Also means 'wise' 17.210.,,
17-110-304-1,iyoj1235,Chorote,1562,-talkyun-aye,Phonemic,mind,,,,
17-130-304-1,iyoj1235,Chorote,1415,-talkyun ~ -tyelkyun,Phonemic,think (= reflect),,,,
17-140-304-1,iyoj1235,Chorote,1513,ixyeteyinaa,Phonemic,think (= be of the opinion),,,,
17-150-304-1,iyoj1235,Chorote,1890,xa -kakyu -kyakyu,Phonemic,believe,,,,
17-160-304-1,iyoj1235,Chorote,1536,-peʔyeʔ ~ -piʔyeʔ,Phonemic,understand,,Also means 'hear' 15.410.,,
17-170-304-1,iyoj1235,Chorote,1410,-xaneʔ ~ -xene,Phonemic,know,,,,
17-172-304-1,iyoj1235,Chorote,117,woyetaxayi,Phonemic,imitate,,,,
17-190-304-1,iyoj1235,Chorote,1609,-talkyun-aye ~ -tyelkyun-aye,Phonemic,"idea, notion",,Cf. 'mind' 17.110.,,
17-210-304-1,iyoj1235,Chorote,698,-axan ~ -exen,Phonemic,wise,,Also means 'clever' 16.840.,,
17-220-304-1,iyoj1235,Chorote,1518,leʔlye,Phonemic,"foolish, stupid",,,,
17-230-304-1,iyoj1235,Chorote,1899,-taye-xe-es ~ -tyaye-xe-es,Phonemic,"insane, crazy",,,,
17-240-304-1,iyoj1235,Chorote,504,-wetn-axan-kinitiʔ,Phonemic,learn,,Also ~ -witn-axan-kiniti.,,
17-242-304-1,iyoj1235,Chorote,1929,-wetn-eyesan ~ -witn-eyesan,Phonemic,study,,,,
17-250-304-1,iyoj1235,Chorote,709,eyesan ~ -iyesan ~ -teyesan,Phonemic,teach,,,,
17-260-304-1,iyoj1235,Chorote,753,[eskwela]woʔ,Phonemic,pupil,,From Span. 'escuela'.,,
17-270-304-1,iyoj1235,Chorote,1038,[eskwela]woʔ,Phonemic,teacher,,From Span. 'escuela'.,,
17-310-304-1,iyoj1235,Chorote,707,-taye-yuyi ~ -tyaye-yuyi,Phonemic,remember,,,,
17-320-304-1,iyoj1235,Chorote,1523,-taye-xe-yuwa,Phonemic,forget,,,,
17-340-304-1,iyoj1235,Chorote,989,ixyet ~ ixyeti,Phonemic,"clear, plain",,Also means 'true'16.660; 'sure' 17.370.,,
17-350-304-1,iyoj1235,Chorote,1764,xe ixyet,Phonemic,obscure,,Lit. 'not true' 16.660.,,
17-360-304-1,iyoj1235,Chorote,1121,sam-sam-iyeen,Phonemic,secret,,,,
17-370-304-1,iyoj1235,Chorote,509,ixyeti,Phonemic,"sure, certain",,Also means 'clear' 17.340.,,
17-380-304-1,iyoj1235,Chorote,1626,-fʷeleyin ~ -fʷileyin,Phonemic,explain,,,,
17-430-304-1,iyoj1235,Chorote,1308,xe-yeti,Phonemic,doubt,,Lit. 'not sure'; cf. 17.370.,,
17-440-304-1,iyoj1235,Chorote,1841,-xoʔteʔ ~ -oʔteʔ ~ -xyuʔteʔ,Phonemic,suspect,,,,
17-441-304-1,iyoj1235,Chorote,1902,-xowalkit ~ -xyuwalkit,Phonemic,betray,,Also ~ owalkit.,,
17-450-304-1,iyoj1235,Chorote,643,-sityen,Phonemic,"need, necessity",,,,
17-460-304-1,iyoj1235,Chorote,686,xe eyetawexey,Phonemic,easy,,Lit. 'not difficult'.,,
17-470-304-1,iyoj1235,Chorote,584,eyetawexey,Phonemic,difficult,,,,
17-480-304-1,iyoj1235,Chorote,1812,-xeletam ~ -xiletam ~ -eletam,Phonemic,"try, attempt",,,,
17-510-304-1,iyoj1235,Chorote,1577,naxa,Phonemic,and,,,,
17-550-304-1,iyoj1235,Chorote,1268,iwoʔ,Phonemic,"yes, affirmative",,,,
17-560-304-1,iyoj1235,Chorote,1269,xee,Phonemic,"no, negative",,,,
17-610-304-1,iyoj1235,Chorote,1239,napa,Phonemic,how?,,,,
17-620-304-1,iyoj1235,Chorote,822,napa-kawa,Phonemic,how many?,,,,
17-630-304-1,iyoj1235,Chorote,531,napa,Phonemic,how much?,,,,
17-640-304-1,iyoj1235,Chorote,1236,ten,Phonemic,what?,,,,
17-650-304-1,iyoj1235,Chorote,1238,napa-we,Phonemic,when?,,,,
17-660-304-1,iyoj1235,Chorote,1237,napa,Phonemic,where?,,,,
17-670-304-1,iyoj1235,Chorote,727,ten,Phonemic,which?,,,,
17-670-304-3,iyoj1235,Chorote,727,naxapa,Phonemic,which?,,,,
17-680-304-1,iyoj1235,Chorote,1235,ten-pa,Phonemic,who?,,,,
17-690-304-1,iyoj1235,Chorote,1270,yoteyin,Phonemic,why?,,,,
18-110-304-1,iyoj1235,Chorote,1363,-aa ~ -ee,Phonemic,voice,,,,
18-120-304-1,iyoj1235,Chorote,1261,-keynisyen,Phonemic,sing,,,,
18-130-304-1,iyoj1235,Chorote,715,afʷiyin,Phonemic,"shout, cry out",,,,
18-150-304-1,iyoj1235,Chorote,55,xa-kec̷iyap ~ -kic̷iyap,Phonemic,whisper,,,,
18-170-304-1,iyoj1235,Chorote,1025,-tawili,Phonemic,whistle,,,,
18-170-304-3,iyoj1235,Chorote,1025,-fʷen,Phonemic,whistle,,,,
18-180-304-1,iyoj1235,Chorote,298,-nyoxlatinin,Phonemic,"shriek, screech",,,,
18-190-304-1,iyoj1235,Chorote,526,-taxni,Phonemic,howl,,,,
18-210-304-1,iyoj1235,Chorote,1623,amtey,Phonemic,"speak, talk",,,,
18-210-304-3,iyoj1235,Chorote,1623,-kamtinen,Phonemic,"speak, talk",,,,
18-211-304-1,iyoj1235,Chorote,1866,-amtey xe es,Phonemic,"stutter, stammer",,Lit. 'speak not good'.,,
18-220-304-1,iyoj1235,Chorote,1458,-wokitee ~ -yokitee,Phonemic,say,,,,
18-221-304-1,iyoj1235,Chorote,1711,amtiwey ~ -emtiwey,Phonemic,tell story,,,,
18-222-304-1,iyoj1235,Chorote,1115,naki tamtey,Phonemic,speech (make a),,Means 'the chief talks' 19.240.,,
18-230-304-1,iyoj1235,Chorote,48,-kyuwateʔ ~ -c̷yuwateʔ,Phonemic,silent (be),,,,
18-240-304-1,iyoj1235,Chorote,1307,-lex ~ -lix (m.),Phonemic,language,,,,
18-260-304-1,iyoj1235,Chorote,1599,-amtes ~ -emtes,Phonemic,word,,,,
18-280-304-1,iyoj1235,Chorote,1405,-ey ~ -i (m.),Phonemic,name,,,,
18-310-304-1,iyoj1235,Chorote,1309,-yesen,Phonemic,"ask (question, inquire)",,,,
18-320-304-1,iyoj1235,Chorote,1275,-kyuxula ~ -syuxula,Phonemic,answer,,,,
18-350-304-1,iyoj1235,Chorote,1828,-axlam,Phonemic,"ask, request",,,,
18-360-304-1,iyoj1235,Chorote,1675,-wenam-a,Phonemic,promise,,,,
18-380-304-1,iyoj1235,Chorote,83,xeenateʔ,Phonemic,forbid,,,,
18-380-304-3,iyoj1235,Chorote,83,xa -wan ~ xe -wyen,Phonemic,forbid,,,,
18-390-304-1,iyoj1235,Chorote,299,emaa ~ -imaa,Phonemic,"rebuke, scold",,,,
18-410-304-1,iyoj1235,Chorote,1084,an-ey -paxlate,Phonemic,call (=summon),,,,
18-430-304-1,iyoj1235,Chorote,9,-fʷelam ~ -fʷilam,Phonemic,announce,,,,
18-440-304-1,iyoj1235,Chorote,1192,opeyiʔ ~ -topeyiʔ,Phonemic,threaten,,,,
18-450-304-1,iyoj1235,Chorote,101,-wetwunit ~ -witwunit,Phonemic,boast,,,,
18-510-304-1,iyoj1235,Chorote,1672,eʔtiʔ ~ -teʔtiʔ ~ -iʔtiʔ,Phonemic,write,,,,
18-520-304-1,iyoj1235,Chorote,724,amte-xyen ~ -emte-xyen,Phonemic,read,,Cf. 'word' 18.260.,,
18-560-304-1,iyoj1235,Chorote,648,-xokinek ~ -xukinek,Phonemic,paper,,Also means 'book' 18.610.,,
18-570-304-1,iyoj1235,Chorote,794,-fʷes,Phonemic,pen,,,,
18-610-304-1,iyoj1235,Chorote,963,-xokinek ~ -xukinek (f.),Phonemic,book,,,,
18-710-304-1,iyoj1235,Chorote,777,sapop ~ -syapop (m.),Phonemic,flute,,,,
18-720-304-1,iyoj1235,Chorote,908,pomitok (f.),Phonemic,drum,,,,
18-730-304-1,iyoj1235,Chorote,2136,-kyuʔ (f.),Phonemic,"horn, trumpet",,,,
18-740-304-1,iyoj1235,Chorote,300,kilesina,Phonemic,rattle,,,,
19-110-304-1,iyoj1235,Chorote,1300,-wet ~ -wit (m.),Phonemic,country,,Also means 'place' 12.110.,,
19-150-304-1,iyoj1235,Chorote,1391,-siʔ (f.),Phonemic,"city, town",,,,
19-160-304-1,iyoj1235,Chorote,930,-siʔ (m.),Phonemic,village,,,,
19-170-304-1,iyoj1235,Chorote,1010,lapi-wet,Phonemic,boundary,,,,
19-210-304-1,iyoj1235,Chorote,789,inyoʔ (m.),Phonemic,people (populace),,,,
19-230-304-1,iyoj1235,Chorote,302,-kaanyel,Phonemic,"tribe, clan",,,,
19-240-304-1,iyoj1235,Chorote,301,nakiʔ (m.),Phonemic,"chief, chieftain",,Cf. 18.222.,,
19-250-304-1,iyoj1235,Chorote,1296,-kyexat,Phonemic,"staff, walking stick",,,,
19-370-304-1,iyoj1235,Chorote,1032,-wet-ena ~ -wit-ena (m.),Phonemic,"citizen, subject",,Lit. 'country ?'.,,
19-410-304-1,iyoj1235,Chorote,383,-amee (?),Phonemic,master,,,,
19-420-304-1,iyoj1235,Chorote,812,-toysik ~ -tyoysik,Phonemic,slave,,,,
19-420-304-3,iyoj1235,Chorote,812,-silyenek,Phonemic,slave,,,,
19-430-304-1,iyoj1235,Chorote,255,-kawoʔ,Phonemic,servant,,,,
19-440-304-1,iyoj1235,Chorote,384,esixi,Phonemic,freeman,,,,
19-450-304-1,iyoj1235,Chorote,1128,-xloʔ ~ -xluʔ,Phonemic,"command, order",,,,
19-460-304-1,iyoj1235,Chorote,1635,-kyuwa,Phonemic,obey,,Also means 'listen' 15.420.,,
19-470-304-1,iyoj1235,Chorote,1003,enateʔ,Phonemic,"let, permit",,,,
19-510-304-1,iyoj1235,Chorote,1325,-mafʷa ~ -myefʷa,Phonemic,"friend, companion",,,,
19-520-304-1,iyoj1235,Chorote,1358,-kofʷax ~ -kyofʷax (m.),Phonemic,enemy,,,,
19-540-304-1,iyoj1235,Chorote,1332,-wet-efʷaʔ ~ -wit-efʷaʔ (m.),Phonemic,neighbor,,,,
19-550-304-1,iyoj1235,Chorote,791,xe-lefʷa ~ xe-lifʷa,Phonemic,stranger,,,,
19-580-304-1,iyoj1235,Chorote,1897,-nowaxa ~ -nyuwaxa,Phonemic,"help, aid",,,,
19-610-304-1,iyoj1235,Chorote,1747,-key ~ -kyey (m.),Phonemic,custom,,,,
19-620-304-1,iyoj1235,Chorote,1848,-wetwomaxa ~ -witwomaxa,Phonemic,"strife, quarrel",,Also wet-lane.,,
19-650-304-1,iyoj1235,Chorote,1831,-wen ~ -win,Phonemic,meet,,Also means 'see' 15.510.,,
20-110-304-1,iyoj1235,Chorote,1423,-wet-lane ~ -wit-lane,Phonemic,fight (vb),,Also means 'strife' 19.620.,,
20-130-304-1,iyoj1235,Chorote,579,-wak (f.),Phonemic,"war, battle",,,,
20-150-304-1,iyoj1235,Chorote,1561,totanim (m.),Phonemic,army,,,,
20-170-304-1,iyoj1235,Chorote,1941,tokis,Phonemic,soldier,,,,
20-210-304-1,iyoj1235,Chorote,951,-loxsiʔ ~ -lyuxsiʔ,Phonemic,"weapons, arms",,Also means 'bow' 20.240.,,
20-220-304-1,iyoj1235,Chorote,1763,-kyuʔ xletek,Phonemic,club,,,,
20-240-304-1,iyoj1235,Chorote,994,loxsiʔ (m.),Phonemic,bow,,Also means 'weapon' 20.210.,,
20-250-304-1,iyoj1235,Chorote,977,-kyexeʔ ~ -c̷yexeʔ (m.),Phonemic,arrow,,,,
20-260-304-1,iyoj1235,Chorote,945,-kʔok,Phonemic,spear,,,,
20-270-304-1,iyoj1235,Chorote,1535,safʷe-tok (m.),Phonemic,sword,,"Lit. 'knife-big', such as 'machete'. Cf. 09.230; 05.380.",,
20-410-304-1,iyoj1235,Chorote,783,anwom,Phonemic,victory,,,,
20-420-304-1,iyoj1235,Chorote,782,-teyin ~ -tiyin,Phonemic,defeat,,,,
20-430-304-1,iyoj1235,Chorote,722,-ekiye ~ -tekiye,Phonemic,attack,,,,
20-440-304-1,iyoj1235,Chorote,1330,-wet-yena ~ -wit-yena,Phonemic,defend,,Lit. 'place/country-watch' 12.110; 15.520. Cf. 19.110.,,
20-450-304-1,iyoj1235,Chorote,421,-taxla,Phonemic,retreat,,,,
20-470-304-1,iyoj1235,Chorote,1072,-kipanek,Phonemic,"captive, prisoner",,,,
20-471-304-1,iyoj1235,Chorote,1940,nayiwoʔ (m.),Phonemic,"guard, sentinel",,,,
20-490-304-1,iyoj1235,Chorote,65,-toskiin (?),Phonemic,ambush,,,,
20-510-304-1,iyoj1235,Chorote,1858,siyus-i-woʔ,Phonemic,fisherman,,Means 'the one who looks for fish' 03.650.,,
20-520-304-1,iyoj1235,Chorote,1074,-kaxnat ~ -kyaxnat (m.),Phonemic,fishhook,,,,
20-530-304-1,iyoj1235,Chorote,19,-kaxnat-xi-wet,Phonemic,fishing line,,,,
20-540-304-1,iyoj1235,Chorote,388,naxak,Phonemic,fishnet,,,,
20-550-304-1,iyoj1235,Chorote,389,iluxsena,Phonemic,fish trap,,,,
20-610-304-1,iyoj1235,Chorote,1435,-wesiʔ,Phonemic,hunt,,,,
20-610-304-3,iyoj1235,Chorote,1435,akixnan,Phonemic,hunt,,,,
20-620-304-1,iyoj1235,Chorote,1172,-teyakiʔ ~ -tiyakiʔ,Phonemic,shoot,,,,
20-630-304-1,iyoj1235,Chorote,161,-taleyi ~ -tyaleyi,Phonemic,miss (target),,,,
20-640-304-1,iyoj1235,Chorote,1075,-kakaxlot (f.),Phonemic,trap (noun),,,,
21-180-304-1,iyoj1235,Chorote,861,nakiʔ,Phonemic,judge (noun),,Also means 'chief' 19.240.,,
21-230-304-1,iyoj1235,Chorote,1144,-wen-axa ~ -win-axa,Phonemic,witness,,Lit. 'see-?' 15.510.,,
21-310-304-1,iyoj1235,Chorote,1814,-fʷel ~ -fʷil (?),Phonemic,accuse,,,,
21-320-304-1,iyoj1235,Chorote,484,-otac̷e,Phonemic,condemn,,,,
21-350-304-1,iyoj1235,Chorote,1682,intimenek,Phonemic,guilty,,,,
21-370-304-1,iyoj1235,Chorote,390,tisaxaki (?),Phonemic,"penalty, punishment",,,,
21-390-304-1,iyoj1235,Chorote,1281,-kalawetiki,Phonemic,"prison, jail",,,,
21-420-304-1,iyoj1235,Chorote,845,ka-lan-kiyeta,Phonemic,murder,,,,
21-430-304-1,iyoj1235,Chorote,902,-oyiyin ~ -uyiyin (?),Phonemic,adultery,,,,
21-510-304-1,iyoj1235,Chorote,713,fʷatan,Phonemic,steal,,,,
21-520-304-1,iyoj1235,Chorote,1160,wataxnata (m.),Phonemic,thief,,,,
22-130-304-1,iyoj1235,Chorote,911,[dyos]xi-sawo,Phonemic,"temple, church",,From Span. 'Dios' + 'his house'.,,
22-140-304-1,iyoj1235,Chorote,853,tʔaxsaa (m.),Phonemic,altar,,,,
22-150-304-1,iyoj1235,Chorote,1103,tifʷeladyosey,Phonemic,"sacrifice, offering",,,,
22-180-304-1,iyoj1235,Chorote,852,payi (m.),Phonemic,priest,,,,
22-220-304-1,iyoj1235,Chorote,304,-kaneyesan,Phonemic,preach,,,,
22-230-304-1,iyoj1235,Chorote,391,-kyoy enapeʔe,Phonemic,bless,,Means 'put hands above'.,,
22-240-304-1,iyoj1235,Chorote,8,-wulin ~ -yulin,Phonemic,curse,,,,
22-260-304-1,iyoj1235,Chorote,303,xa-yekyun,Phonemic,fast (vb),,Lit. 'negative-eat'.,,
22-310-304-1,iyoj1235,Chorote,1565,poleʔ,Phonemic,heaven,,Also means 'sky' 01.510.,,
22-350-304-1,iyoj1235,Chorote,1973,lamox (m.),Phonemic,demon (evil spirit),,,,
22-420-304-1,iyoj1235,Chorote,392,-fʷelek (f.),Phonemic,"magic, witchcraft, sorcery",,,,
22-430-304-1,iyoj1235,Chorote,2137,ayewu,Phonemic,"sorcerer, witch",,,,
22-450-304-1,iyoj1235,Chorote,1175,axnawoʔ,Phonemic,"ghost, phantom",,,,
22-450-304-3,iyoj1235,Chorote,1175,peyluki,Phonemic,"ghost, phantom",,,,
22-470-304-1,iyoj1235,Chorote,107,iwinaxa,Phonemic,"omen, portent",,,,
