ID,Language_ID,Language_name,Parameter_ID,Value,Transcription,Concept,Source,Comment,AlternativeValue,AlternativeTranscription
14-320-838-1,oduu1239,Iduh,1852,lə:j lə̂:j,phonetic,often,,,,
14-310-838-1,oduu1239,Iduh,1676,lə:j lə̂:j,phonetic,always,,,,
14-290-838-1,oduu1239,Iduh,790,brɔ̂:m,phonetic,ready,,,,
14-280-838-1,oduu1239,Iduh,1928,jă:,phonetic,"cease, stop",,,,
14-270-838-1,oduu1239,Iduh,1766,tû: tû: lɛ(2)ʔ,phonetic,finish,,,,
14-260-838-1,oduu1239,Iduh,743,tû: tû: lɛ(2)ʔ,phonetic,end (temporal),,,,
14-252-838-1,oduu1239,Iduh,1186,ʔo(2)t ʔa(2)ʔ,phonetic,"last, endure",,,,
14-240-838-1,oduu1239,Iduh,425,sîət,phonetic,"retard, delay",,,,
14-220-838-1,oduu1239,Iduh,701,mîət,phonetic,slow,,,,
14-210-838-1,oduu1239,Iduh,1631,mîŋ,phonetic,"swift, fast, quick",,,,
14-190-838-1,oduu1239,Iduh,1963,ńa:m sanî:,phonetic,immediately,,,,
14-180-838-1,oduu1239,Iduh,1376,ńa:m sanî:,phonetic,now,,,,
14-170-838-1,oduu1239,Iduh,477,nu(1)caŋâj,phonetic,late,,,,
14-160-838-1,oduu1239,Iduh,672,nu(1)ʔûj,phonetic,early,,,,
14-150-838-1,oduu1239,Iduh,1229,brîə,phonetic,old,,,,
14-140-838-1,oduu1239,Iduh,1207,ba(1)rrɛ̂:,phonetic,young,,,,
14-120-838-1,oduu1239,Iduh,1789,ʔańu(2)ʔ,phonetic,age,,,,
14-130-838-1,oduu1239,Iduh,1231,tha(1)rmâj,phonetic,new,,,,
14-110-838-1,oduu1239,Iduh,892,ńa:m,phonetic,time,,,,
13-440-838-1,oduu1239,Iduh,417,pɛ̂j vɔ(2)ɛʔ,phonetic,three times,,,,
13-420-838-1,oduu1239,Iduh,1859,hampɛ̂j,phonetic,third,,,,
13-380-838-1,oduu1239,Iduh,1546,ba:r vɔ(2)ɛʔ,phonetic,two times,,,,
13-370-838-1,oduu1239,Iduh,1888,gêw,phonetic,pair,,,,
13-330-838-1,oduu1239,Iduh,1580,hamdɨj,phonetic,"alone, only",,,,
13-240-838-1,oduu1239,Iduh,816,hampû:r,phonetic,half,,,,
13-230-838-1,oduu1239,Iduh,779,ŋî:m,phonetic,"part, piece",,,,
13-220-838-1,oduu1239,Iduh,1624,kanlɔ̂:,phonetic,empty,,,,
13-210-838-1,oduu1239,Iduh,1429,ga(1)bâj,phonetic,full,,,,
13-190-838-1,oduu1239,Iduh,2023,bɛ̂ŋ,phonetic,"multitude, crowd",,,,
13-181-838-1,oduu1239,Iduh,1241,kâ:w ʔiəʔ,phonetic,some,,,,
13-170-838-1,oduu1239,Iduh,1242,ʔiəʔ,phonetic,"little (quantity), few",,,,
13-180-838-1,oduu1239,Iduh,1881,phɔ̂:,phonetic,enough,,,,
13-160-838-1,oduu1239,Iduh,1992,lâɨ lɨ̂n,phonetic,more,,,,
13-150-838-1,oduu1239,Iduh,1198,lâɨ,phonetic,"much, many",,,,
13-140-838-1,oduu1239,Iduh,98,da(1)ŋlɛ(2)ʔ,phonetic,"every, all",,,,
13-107-838-1,oduu1239,Iduh,1420,na(2)ɔp,phonetic,count,,,,
13-106-838-1,oduu1239,Iduh,1843,ha(1)mbɔ̂:n,phonetic,thousand,,,,
13-105-838-1,oduu1239,Iduh,1634,ha(1)mglâm,phonetic,hundred,,,,
13-104-838-1,oduu1239,Iduh,1710,ba:rgɔ̂ɛ,phonetic,twenty,,,,
13-103-838-1,oduu1239,Iduh,1709,hamgɔ̂ɛ hansɔ̂:ŋ,phonetic,fifteen,,,,
13-102-838-1,oduu1239,Iduh,1707,hamgɔ̂ɛ hambâ:r,phonetic,twelve,,,,
13-101-838-1,oduu1239,Iduh,1706,hamgɔ̂ɛ handɨ:j,phonetic,eleven,,,,
13-100-838-1,oduu1239,Iduh,1515,hamgɔ̂ɛ,phonetic,ten,,,,
12-930-838-1,oduu1239,Iduh,1264,pĭən,phonetic,change,,,,
12-920-838-1,oduu1239,Iduh,1558,khɨ:,phonetic,"like, similar",,,,
12-840-838-1,oduu1239,Iduh,1048,sîn,phonetic,line,,,,
12-850-838-1,oduu1239,Iduh,1667,hanrɔ̂:ŋ,phonetic,hole,,,,
12-830-838-1,oduu1239,Iduh,1845,plâ: bă:n,phonetic,"sphere, ball",,,,
12-810-838-1,oduu1239,Iduh,1395,kŏm,phonetic,round,,,,
12-820-838-1,oduu1239,Iduh,1467,dabɛ̂r,phonetic,circle,,,,
12-780-838-1,oduu1239,Iduh,850,pânliəm,phonetic,square,,,,
12-770-838-1,oduu1239,Iduh,1367,tapă:t,phonetic,cross,,,,
12-760-838-1,oduu1239,Iduh,192,cɛ̆:,phonetic,corner,,,,
12-750-838-1,oduu1239,Iduh,1071,kharvɛ̂:w,phonetic,hook,,,,
12-740-838-1,oduu1239,Iduh,297,kharvɛ̂:w,phonetic,crooked,,,,
12-730-838-1,oduu1239,Iduh,1404,lɔ̂:r,phonetic,straight,,,,
12-710-838-1,oduu1239,Iduh,1633,rîəʔ,phonetic,flat,,,,
12-680-838-1,oduu1239,Iduh,193,fɨ:n,phonetic,shallow,,,,
12-670-838-1,oduu1239,Iduh,1593,lə(2)ʔ,phonetic,deep,,,,
12-650-838-1,oduu1239,Iduh,2249,ganâ:,phonetic,thin (in dimension),,,,
12-630-838-1,oduu1239,Iduh,1244,gabɔ̂:n,phonetic,thick (in dimension),,,,
12-620-838-1,oduu1239,Iduh,1267,ka(2)ɔp,phonetic,narrow,,,,
12-610-838-1,oduu1239,Iduh,1243,kwâ:ŋ,phonetic,"wide, broad",,,,
12-590-838-1,oduu1239,Iduh,1645,ʔɛ̆:ʔ,phonetic,short,,,,
12-590-838-2,oduu1239,Iduh,1645,tăm,phonetic,short,,,,
12-580-838-1,oduu1239,Iduh,711,sŭŋ,phonetic,tall,,,,
12-570-838-1,oduu1239,Iduh,1203,lâŋ,phonetic,long,,,,
12-560-838-1,oduu1239,Iduh,1246,khrɛ̆:ʔ,phonetic,"small, little",,,,
12-550-838-1,oduu1239,Iduh,1202,tə(2)p,phonetic,"large, big",,,,
12-541-838-1,oduu1239,Iduh,81,darâ:w,phonetic,"span, fathom",,,,
12-530-838-1,oduu1239,Iduh,479,lâ:w blûŋ,phonetic,grow,,,,
12-480-838-1,oduu1239,Iduh,1595,gancûɛ,phonetic,south,,,,
12-470-838-1,oduu1239,Iduh,1598,gancîɛ,phonetic,north,,,,
12-460-838-1,oduu1239,Iduh,1817,pû:r mɔ(2)ɛʔ caŋâj klɔ̂:,phonetic,west,,,,
12-450-838-1,oduu1239,Iduh,1877,pû:r mɔ(2)ɛʔ caŋâj ʔɔ̂:,phonetic,east,,,,
12-430-838-1,oduu1239,Iduh,1942,gadiə,phonetic,near (adv),,,,
12-430-838-2,oduu1239,Iduh,1942,lâŋ,phonetic,near (adv),,,,
12-420-838-1,oduu1239,Iduh,244,lûəŋ vâɛ,phonetic,left (side),,,,
12-410-838-1,oduu1239,Iduh,1019,lûəŋ sâ:j,phonetic,right (side),,,,
12-370-838-1,oduu1239,Iduh,1093,lɔ̂:rdâj,phonetic,"middle, center",,,,
12-360-838-1,oduu1239,Iduh,682,da(1)mpɔ̂:ŋ,phonetic,side,,,,
12-353-838-1,oduu1239,Iduh,863,ka(2)ɔp,phonetic,edge,,,,
12-352-838-1,oduu1239,Iduh,372,ga(1)rbu(2)iʔ,phonetic,pointed,,,,
12-350-838-1,oduu1239,Iduh,742,su(2)t,phonetic,end,,,,
12-340-838-1,oduu1239,Iduh,690,su(2)t gancu(2)ɛ,phonetic,bottom,,,,
12-320-838-1,oduu1239,Iduh,721,tăm,phonetic,low,,,,
12-330-838-1,oduu1239,Iduh,1753,su(2)t gancîɛ,phonetic,top,,,,
12-310-838-1,oduu1239,Iduh,1265,sŭŋ,phonetic,high,,,,
12-270-838-1,oduu1239,Iduh,602,dalûəj,phonetic,"hide, conceal",,,,
12-250-838-1,oduu1239,Iduh,1046,tala(2)ɔp,phonetic,"shut, close",,,,
12-260-838-1,oduu1239,Iduh,761,pu(2)k,phonetic,cover,,,,
12-240-838-1,oduu1239,Iduh,1156,pə̂:,phonetic,open,,,,
12-232-838-1,oduu1239,Iduh,1119,cɔ̂:ŋ,phonetic,divide,,,,
12-230-838-1,oduu1239,Iduh,1359,bɛ̆:ŋ,phonetic,separate,,,,
12-220-838-1,oduu1239,Iduh,1743,tɔ̆:,phonetic,"join, unite",,,,
12-213-838-1,oduu1239,Iduh,1576,gadɔ̂:n,phonetic,pile up,,,,
12-212-838-1,oduu1239,Iduh,371,kî:p,phonetic,pick up,,,,
12-210-838-1,oduu1239,Iduh,7,gadɔ̂:n,phonetic,"collect, gather",,,,
12-170-838-1,oduu1239,Iduh,838,lɨə,phonetic,"remains, left overs",,,,
12-160-838-1,oduu1239,Iduh,987,jiʔ,phonetic,"remain, stay",,,,
12-150-838-1,oduu1239,Iduh,1442,jûŋ,phonetic,stand,,,,
12-140-838-1,oduu1239,Iduh,215,ta(2)ʔ,phonetic,lie down,,,,
12-130-838-1,oduu1239,Iduh,1416,jiʔ,phonetic,sit,,,,
12-120-838-1,oduu1239,Iduh,998,plɔ(2)ć,phonetic,put,,,,
12-110-838-1,oduu1239,Iduh,723,bɔ̆:n,phonetic,place,,,,
11-920-838-1,oduu1239,Iduh,1098,jâŋ,phonetic,weigh,,,,
11-910-838-1,oduu1239,Iduh,884,jă:j,phonetic,share (distribute),,,,
11-890-838-1,oduu1239,Iduh,1887,dɨ:,phonetic,cheap,,,,
11-880-838-1,oduu1239,Iduh,1426,bîŋ,phonetic,"dear (costly, expensive)",,,,
11-850-838-1,oduu1239,Iduh,633,tală:t,phonetic,market (place),,,,
11-840-838-1,oduu1239,Iduh,1082,hambâj pâ:ń grâw,phonetic,merchant,,,,
11-830-838-1,oduu1239,Iduh,2135,kɛ̂: kâ:,phonetic,"trade, barter",,,,
11-820-838-1,oduu1239,Iduh,1571,pâ:ń,phonetic,sell,,,,
11-810-838-1,oduu1239,Iduh,1869,klâj,phonetic,buy,,,,
11-770-838-1,oduu1239,Iduh,856,câ:ŋ,phonetic,hire,,,,
11-650-838-1,oduu1239,Iduh,718,că:j,phonetic,pay (vb),,,,
11-640-838-1,oduu1239,Iduh,1914,nə̂:,phonetic,debt,,,,
11-630-838-1,oduu1239,Iduh,369,pîn nə̂:,phonetic,owe,,,,
11-620-838-1,oduu1239,Iduh,1823,jɨm,phonetic,borrow,,,,
11-620-838-2,oduu1239,Iduh,1823,kû:,phonetic,borrow,,,,
11-610-838-1,oduu1239,Iduh,582,mâ: jɨm,phonetic,lend,,,,
11-540-838-1,oduu1239,Iduh,1774,câj,phonetic,"avaricious, stingy",,,,
11-530-838-1,oduu1239,Iduh,1934,phrâm thu(2)k,phonetic,beggar,,,,
11-520-838-1,oduu1239,Iduh,1674,thu(2)k,phonetic,poor,,,,
11-510-838-1,oduu1239,Iduh,712,râŋ,phonetic,rich,,,,
11-440-838-1,oduu1239,Iduh,1867,ŋɛ̂:r,phonetic,coin,,,,
11-430-838-1,oduu1239,Iduh,1559,ŋɛ̂:r,phonetic,money,,,,
11-330-838-1,oduu1239,Iduh,1660,hanlâ:j,phonetic,lose,,,,
11-320-838-1,oduu1239,Iduh,719,lâ:,phonetic,find,,,,
11-310-838-1,oduu1239,Iduh,1468,sɔ̂: lâ:,phonetic,"seek, look for",,,,
11-280-838-1,oduu1239,Iduh,44,hanlâ:j,phonetic,"harm, injure, damage",,,,
11-270-838-1,oduu1239,Iduh,681,rə̂ɨ,phonetic,destroy,,,,
11-250-838-1,oduu1239,Iduh,2008,jɔ̂:j,phonetic,"save, rescue",,,,
11-240-838-1,oduu1239,Iduh,1997,gû:n,phonetic,"preserve, look after",,,,
11-220-838-1,oduu1239,Iduh,85,sûŋ,phonetic,give back,,,,
11-210-838-1,oduu1239,Iduh,1447,mâ:,phonetic,give,,,,
11-180-838-1,oduu1239,Iduh,738,grâw,phonetic,thing,,,,
11-160-838-1,oduu1239,Iduh,694,ra(2)ɔp,phonetic,"get, obtain",,,,
11-150-838-1,oduu1239,Iduh,1448,cɛ̂:,phonetic,hold,,,,
11-140-838-1,oduu1239,Iduh,2021,caʔnûn,phonetic,"seize, grasp",,,,
11-130-838-1,oduu1239,Iduh,1749,ʔa(2)ʔ,phonetic,take,,,,
11-120-838-1,oduu1239,Iduh,684,cə̂:,phonetic,"own, possess",,,,
11-110-838-1,oduu1239,Iduh,773,kâ:w,phonetic,have,,,,
10-830-838-1,oduu1239,Iduh,1844,gɛ̂:r,phonetic,boat,,,,
10-780-838-1,oduu1239,Iduh,14,ʔɛ̆:ʔ[thrâ:],phonetic,yoke,,,,
10-760-838-1,oduu1239,Iduh,710,kĭən,phonetic,wheel,,,,
10-740-838-1,oduu1239,Iduh,1011,khŏ:,phonetic,bridge,,,,
10-720-838-1,oduu1239,Iduh,2252,khrûŋ,phonetic,path,,,,
10-710-838-1,oduu1239,Iduh,667,khrûŋ,phonetic,road,,,,
10-670-838-1,oduu1239,Iduh,1452,su(2)k,phonetic,"push, shove",,,,
10-660-838-1,oduu1239,Iduh,367,khi:,phonetic,ride,,,,
10-640-838-1,oduu1239,Iduh,43,jû:ŋ lu(2)ɛʔ,phonetic,lead (vb),,,,
10-630-838-1,oduu1239,Iduh,1127,sûŋ,phonetic,send,,,,
10-620-838-1,oduu1239,Iduh,692,ʔa(2)ʔ ʔɛ̂j,phonetic,bring,,,,
10-615-838-1,oduu1239,Iduh,415,saŋîəp,phonetic,carry-underarm,,,,
10-614-838-1,oduu1239,Iduh,414,cä(2)h tĕŋ glâj / bu(2)h,phonetic,carry-on-head,,,,
10-613-838-1,oduu1239,Iduh,413,dûə,phonetic,carry-on-shoulder,,,,
10-612-838-1,oduu1239,Iduh,412,cɛ̂:,phonetic,carry-in-hand,,,,
10-570-838-1,oduu1239,Iduh,749,hâw,phonetic,enter,,,,
10-560-838-1,oduu1239,Iduh,1778,ʔɛ̂j gadiə / hâw gadiə,phonetic,approach,,,,
10-550-838-1,oduu1239,Iduh,1387,ʔɛ̂j rɔ(2)ɛʔ,phonetic,"reach, arrive",,,,
10-530-838-1,oduu1239,Iduh,1047,vɔ(2)ɛʔ cûm,phonetic,pursue,,,,
10-520-838-1,oduu1239,Iduh,1085,lu(2)ɛʔ cûm,phonetic,follow,,,,
10-510-838-1,oduu1239,Iduh,956,tûə,phonetic,flee,,,,
10-491-838-1,oduu1239,Iduh,485,hanlâ:j,phonetic,disappear,,,,
10-490-838-1,oduu1239,Iduh,1752,ʔɔ̂: lu(2)ɛʔ da(1)nmâj,phonetic,"go away, depart",,,,
10-481-838-1,oduu1239,Iduh,581,tă:w,phonetic,come back,,,,
10-481-838-2,oduu1239,Iduh,581,pî:n,phonetic,come back,,,,
10-480-838-1,oduu1239,Iduh,1446,ʔɛ̂j,phonetic,come,,,,
10-474-838-1,oduu1239,Iduh,1107,ʔɔ̂: lu(2)ɛʔ,phonetic,go out,,,,
10-473-838-1,oduu1239,Iduh,2014,lɔ(2)ć gancu(2)ɛ,phonetic,go down,,,,
10-472-838-1,oduu1239,Iduh,1102,pĭ:n,phonetic,climb,,,,
10-470-838-1,oduu1239,Iduh,695,lu(2)ɛʔ,phonetic,go,,,,
10-471-838-1,oduu1239,Iduh,705,hɨn ga(1)ncîə,phonetic,go up,,,,
10-460-838-1,oduu1239,Iduh,1519,hampɔ̂:j,phonetic,run,,,,
10-451-838-1,oduu1239,Iduh,366,jâ:n dampɛ̂:,phonetic,limp,,,,
10-450-838-1,oduu1239,Iduh,1443,jâ:n,phonetic,walk,,,,
10-440-838-1,oduu1239,Iduh,1879,sâ:j,phonetic,dance,,,,
10-431-838-1,oduu1239,Iduh,1135,plɔ̂j,phonetic,kick,,,,
10-430-838-1,oduu1239,Iduh,1829,kajô:ŋ,phonetic,"jump, leap",,,,
10-420-838-1,oduu1239,Iduh,1324,glɔ̂:r,phonetic,"slide, slip",,,,
10-413-838-1,oduu1239,Iduh,296,mŭ:p,phonetic,crouch,,,,
10-412-838-1,oduu1239,Iduh,66,gańûən tamu(2)k,phonetic,kneel,,,,
10-410-838-1,oduu1239,Iduh,96,hallâ:r,phonetic,"creep, crawl",,,,
10-380-838-1,oduu1239,Iduh,175,pûŋ,phonetic,blow,,,,
10-370-838-1,oduu1239,Iduh,1441,ha(1)mpɔ̂:r,phonetic,fly (vb),,,,
10-352-838-1,oduu1239,Iduh,365,pĭəʔ pâj,phonetic,splash,,,,
10-351-838-1,oduu1239,Iduh,119,mu(2)t pâj,phonetic,dive,,,,
10-350-838-1,oduu1239,Iduh,1439,vâ:j pâj,phonetic,swim,,,,
10-340-838-1,oduu1239,Iduh,1574,ga(1)llɔ̂:j,phonetic,float,,,,
10-330-838-1,oduu1239,Iduh,1088,cûəm,phonetic,sink,,,,
10-320-838-1,oduu1239,Iduh,2003,ha(1)nlɔ̂:ŋ,phonetic,flow,,,,
10-260-838-1,oduu1239,Iduh,1909,gɔ̂ɛjɔ̂ɛ,phonetic,shake,,,,
10-252-838-1,oduu1239,Iduh,702,câɔp,phonetic,catch (ball),,,,
10-250-838-1,oduu1239,Iduh,1456,sandu(2)h,phonetic,throw,,,,
10-240-838-1,oduu1239,Iduh,2253,ga(1)jɛ(2)ʔ,phonetic,drip,,,,
10-220-838-1,oduu1239,Iduh,501,jɔ̂:,phonetic,"raise, lift",,,,
10-210-838-1,oduu1239,Iduh,568,hɨn,phonetic,rise,,,,
10-170-838-1,oduu1239,Iduh,430,dabɔ̂:r,phonetic,twist,,,,
10-160-838-1,oduu1239,Iduh,808,klɔ̂:,phonetic,drop (vb),,,,
10-150-838-1,oduu1239,Iduh,827,sapɔ̂:r,phonetic,roll,,,,
10-140-838-1,oduu1239,Iduh,1113,tɛ(2)p,phonetic,"wind, wrap",,,,
10-130-838-1,oduu1239,Iduh,1445,sagâ:j,phonetic,turn around,,,,
10-120-838-1,oduu1239,Iduh,1588,ganlâ:,phonetic,turn over,,,,
9-890-838-1,oduu1239,Iduh,2001,cä(2)h sĭ:,phonetic,paint (vb),,,,
9-840-838-1,oduu1239,Iduh,1979,kharnâm,phonetic,chisel,,,,
9-880-838-1,oduu1239,Iduh,647,sĭ:,phonetic,paint (noun),,,,
9-810-838-1,oduu1239,Iduh,228,kɛ̂: lâ:j,phonetic,carve,,,,
9-791-838-1,oduu1239,Iduh,360,ga(1)pɔ̂:r / gɔ(1)lpɔ̂:r,phonetic,fan (vb),,,,
9-780-838-1,oduu1239,Iduh,293,kŭəj,phonetic,netbag,,,,
9-771-838-1,oduu1239,Iduh,292,sa(1)rgɛ(2)p,phonetic,rug,,,,
9-770-838-1,oduu1239,Iduh,195,sâɛʔ,phonetic,mat,,,,
9-760-838-1,oduu1239,Iduh,1539,thrûj,phonetic,basket,,,,
9-750-838-1,oduu1239,Iduh,1729,fɨə samglâj,phonetic,"weave, plait",,,,
9-740-838-1,oduu1239,Iduh,604,canlâ:ŋ,phonetic,glass,,,,
9-730-838-1,oduu1239,Iduh,1399,batâj ʔi: katiəw,phonetic,clay,,,,
9-720-838-1,oduu1239,Iduh,289,batâj phŏŋ,phonetic,mold (clay etc),,,,
9-680-838-1,oduu1239,Iduh,627,kŭə,phonetic,lead (noun),,,,
9-670-838-1,oduu1239,Iduh,621,dɔ(2)p,phonetic,iron,,,,
9-660-838-1,oduu1239,Iduh,1825,dɔ̂:ŋ,phonetic,"copper, bronze",,,,
9-650-838-1,oduu1239,Iduh,759,ŋɛ̂:r,phonetic,silver,,,,
9-640-838-1,oduu1239,Iduh,1369,gâm,phonetic,gold,,,,
9-620-838-1,oduu1239,Iduh,1648,da(1)ŋgɔ̂ɛ tâm dɔ(2)p,phonetic,anvil,,,,
9-610-838-1,oduu1239,Iduh,288,tâm dɔ(2)p,phonetic,forge,,,,
9-560-838-1,oduu1239,Iduh,1069,jă:ŋ tît,phonetic,glue,,,,
9-500-838-1,oduu1239,Iduh,502,dɔ(2)p mɔ(2)ɛʔ ra(2):p,phonetic,nail,,,,
9-490-838-1,oduu1239,Iduh,1481,dampû: dɔ(2)p,phonetic,hammer,,,,
9-480-838-1,oduu1239,Iduh,1948,lə̂:j,phonetic,saw,,,,
9-461-838-1,oduu1239,Iduh,46,kɛ(2)h ʔɔ̂:,phonetic,hollow out,,,,
9-460-838-1,oduu1239,Iduh,1501,ga(1)mvɔ̂:r,phonetic,bore,,,,
9-430-838-1,oduu1239,Iduh,1042,na:j să:ŋ naʔô:ŋ,phonetic,carpenter,,,,
9-380-838-1,oduu1239,Iduh,245,ga(1)nsɔ(2)ɛʔ,phonetic,broom,,,,
9-360-838-1,oduu1239,Iduh,1453,ga(1)sâɛ,phonetic,wash,,,,
9-370-838-1,oduu1239,Iduh,230,gasɔ(2)ɛʔ,phonetic,sweep,,,,
9-350-838-1,oduu1239,Iduh,1487,tharɔ̂ɛ,phonetic,pour,,,,
9-343-838-1,oduu1239,Iduh,1414,bît,phonetic,"squeeze, wring",,,,
9-342-838-1,oduu1239,Iduh,1913,ńɔ̂:n,phonetic,press,,,,
9-341-838-1,oduu1239,Iduh,357,dɛ̂:m,phonetic,hang up,,,,
9-340-838-1,oduu1239,Iduh,38,sa(2)ʔ gaca(2)ʔ,phonetic,spread out,,,,
9-330-838-1,oduu1239,Iduh,1455,grɛ(2)ʔ,phonetic,pull,,,,
9-330-838-2,oduu1239,Iduh,1455,ga(1)vɛ(2)ʔ,phonetic,pull,,,,
9-320-838-1,oduu1239,Iduh,214,ga(1)jɛ̂:ŋ,phonetic,stretch,,,,
9-310-838-1,oduu1239,Iduh,1449,hu(2)k,phonetic,"rub, wipe",,,,
9-290-838-1,oduu1239,Iduh,291,lɔ̂:,phonetic,"flay, skin",,,,
9-280-838-1,oduu1239,Iduh,1735,jî:,phonetic,tear,,k.51,,
9-270-838-1,oduu1239,Iduh,1437,ŋî:m,phonetic,split,,,,
9-261-838-1,oduu1239,Iduh,588,da(1)ŋgɛ̂:,phonetic,broken,,,,
9-260-838-1,oduu1239,Iduh,680,ha(1)nlä̂:,phonetic,break,,,,
9-250-838-1,oduu1239,Iduh,677,savâ:n,phonetic,ax,,,,
9-251-838-1,oduu1239,Iduh,290,tîm,phonetic,adze,,,,
9-240-838-1,oduu1239,Iduh,356,sarăj,phonetic,"scissors, shears",,,,
9-230-838-1,oduu1239,Iduh,1352,kanɛ̂:,phonetic,knife,,,,
9-223-838-1,oduu1239,Iduh,1434,cɔ(2)ɛʔ,phonetic,stab,,,,
9-222-838-1,oduu1239,Iduh,155,sä̂ɔp,phonetic,"chop, hew",,,,
9-220-838-1,oduu1239,Iduh,1432,ka(2)p,phonetic,cut,,,,
9-220-838-2,oduu1239,Iduh,1432,sɔ̂:j,phonetic,cut,,,,
9-211-838-1,oduu1239,Iduh,354,su(2)k,phonetic,pound with fist,,,,
9-210-838-1,oduu1239,Iduh,2133,dapû:,phonetic,"strike (hit, beat)",,,,
9-192-838-1,oduu1239,Iduh,760,tŭ:t,phonetic,knot (noun),,,,
9-190-838-1,oduu1239,Iduh,1218,baltâ:,phonetic,"rope, cord",,,,
9-180-838-1,oduu1239,Iduh,1627,baltâ: sô: dɔ(2)p,phonetic,chain,,,,
9-161-838-1,oduu1239,Iduh,352,ʔiəh,phonetic,untie,,,,
9-160-838-1,oduu1239,Iduh,1917,tɔ(2)ʔ,phonetic,"tie, bind",,,,
9-150-838-1,oduu1239,Iduh,1470,dallâɔp,phonetic,fold,,,,
9-140-838-1,oduu1239,Iduh,2004,kha(1)rvɛ̂:w,phonetic,bend,,,,
9-120-838-1,oduu1239,Iduh,984,kɛ̂: vî:,phonetic,work,,,,
9-110-838-1,oduu1239,Iduh,2575,kɛ̂:,phonetic,"do, make",,,,
8-980-838-1,oduu1239,Iduh,641,phrû:,phonetic,mushroom,,,,
8-941-838-1,oduu1239,Iduh,146,karmâj,phonetic,sugar cane,,,,
8-940-838-1,oduu1239,Iduh,1927,naʔô:ŋ phăj,phonetic,bamboo,,,,
8-931-838-1,oduu1239,Iduh,864,plâ: hɔ̂:,phonetic,"pumpkin, squash",,,,
8-930-838-1,oduu1239,Iduh,411,plâ: sanɔ̂:r,phonetic,gourd,,,,
8-920-838-1,oduu1239,Iduh,925,kô:j naʔô:ŋ,phonetic,"tapioca, manioc, cassava",,,,
8-912-838-1,oduu1239,Iduh,410,plâ: phâw,phonetic,yam,,,,
8-910-838-1,oduu1239,Iduh,159,kô:j latɛ:,phonetic,sweet potato,,,,
8-850-838-1,oduu1239,Iduh,346,lâm jarɛ̂:,phonetic,banyan,,,,
8-840-838-1,oduu1239,Iduh,868,lâm phra(2)ɛʔ,phonetic,banana tree,,,,
8-830-838-1,oduu1239,Iduh,1126,cɔ(2)ɛʔ manâ:w,phonetic,citrus fruit,,,,
8-820-838-1,oduu1239,Iduh,970,plâ: phâ:w,phonetic,coconut,,,,
8-750-838-1,oduu1239,Iduh,1204,ha(1)mpɛ̂:r,phonetic,bark,,,,
8-740-838-1,oduu1239,Iduh,409,ŋâ:m,phonetic,forked branch,,,,
8-730-838-1,oduu1239,Iduh,344,ŋâ:,phonetic,tree trunk,,,,
8-720-838-1,oduu1239,Iduh,241,ja(1)nî:r,phonetic,tree stump,,,,
8-691-838-1,oduu1239,Iduh,1124,plâ: kɔ̂:,phonetic,pipe,,,,
8-690-838-1,oduu1239,Iduh,1689,du(2)p kûən,phonetic,smoke (tobacco),,,,
8-690-838-2,oduu1239,Iduh,1689,kûən da(1)rnu(2)p,phonetic,smoke (tobacco),,,,
8-680-838-1,oduu1239,Iduh,974,hântâ:w kûən,phonetic,tobacco,,,,
8-620-838-1,oduu1239,Iduh,1950,madɨə,phonetic,beech,,,,
8-600-838-1,oduu1239,Iduh,906,lâm naʔô:ŋ,phonetic,tree,,,,
8-570-838-1,oduu1239,Iduh,239,ba(1):kä̂:,phonetic,flower,,,,
8-560-838-1,oduu1239,Iduh,628,ha(1)ntâ:w,phonetic,leaf,,,,
8-550-838-1,oduu1239,Iduh,1531,ŋa:,phonetic,branch,,,,
8-540-838-1,oduu1239,Iduh,670,rîə,phonetic,root,,,,
8-531-838-1,oduu1239,Iduh,1486,tɔ̂ɛ,phonetic,plant (vb),,,,
8-530-838-1,oduu1239,Iduh,653,lâm naʔô:ŋ,phonetic,plant (noun),,,,
8-510-838-1,oduu1239,Iduh,606,bɔ̂:n,phonetic,grass,,,,
8-480-838-1,oduu1239,Iduh,926,pâ:,phonetic,rice,,,,
8-470-838-1,oduu1239,Iduh,506,salî:,phonetic,"maize, corn",,,,
8-420-838-1,oduu1239,Iduh,605,klûŋ ŋâ:w,phonetic,"grain (barley, oats etc)",,,,
8-340-838-1,oduu1239,Iduh,285,barńâj,phonetic,thresh,,,,
8-330-838-1,oduu1239,Iduh,2132,lîəm,phonetic,"sickle, scythe",,,,
8-320-838-1,oduu1239,Iduh,190,kîəw,phonetic,"mow, reap",,,,
8-311-838-1,oduu1239,Iduh,714,klûŋ,phonetic,seed,,,,
8-310-838-1,oduu1239,Iduh,748,vă:n,phonetic,sow,,,,
8-270-838-1,oduu1239,Iduh,338,vɛ(2)ʔ,phonetic,rake,,,,
8-250-838-1,oduu1239,Iduh,284,că:,phonetic,hoe,,,,
8-240-838-1,oduu1239,Iduh,1901,sûən,phonetic,shovel,,,,
8-230-838-1,oduu1239,Iduh,1176,bûə,phonetic,spade,,,,
8-212-838-1,oduu1239,Iduh,1794,hɔ̂:ŋ batâj,phonetic,furrow,,,,
8-220-838-1,oduu1239,Iduh,1418,pa(2)k,phonetic,dig,,,,
8-170-838-1,oduu1239,Iduh,2002,hɔ̂:ŋ,phonetic,ditch,,,,
8-160-838-1,oduu1239,Iduh,1690,ka(1)mvâ:r,phonetic,fence,,,,
8-150-838-1,oduu1239,Iduh,1541,tɔ̂ɛ,phonetic,"cultivate, till",,,,
8-130-838-1,oduu1239,Iduh,586,sŭən,phonetic,garden,,,,
8-120-838-1,oduu1239,Iduh,212,thô:ŋ na:,phonetic,field (for cultivation),,,,
8-110-838-1,oduu1239,Iduh,979,phrâm na:,phonetic,farmer,,,,
7-570-838-1,oduu1239,Iduh,1227,pɛ̂:n,phonetic,board,,,,
7-560-838-1,oduu1239,Iduh,281,ja(1)rrâŋ,phonetic,"post, pole",,,,
7-550-838-1,oduu1239,Iduh,1132,damba(2)ʔ,phonetic,beam,,,,
7-530-838-1,oduu1239,Iduh,280,khâ:w jîŋ,phonetic,ridgepole,,,,
7-510-838-1,oduu1239,Iduh,769,khrûŋ jîŋ,phonetic,roof,,,,
7-480-838-1,oduu1239,Iduh,205,râ:n dɔ̂: pâj,phonetic,trough,,,,
7-470-838-1,oduu1239,Iduh,745,pha(1)rrɛ(2)k,phonetic,shelf,,,,
7-460-838-1,oduu1239,Iduh,1273,jɔ̂:r,phonetic,candle,,,,
7-422-838-1,oduu1239,Iduh,806,ga(1)tŭ:t / sarkɛ(2)p,phonetic,blanket,,,,
7-421-838-1,oduu1239,Iduh,1044,daŋkɔ̂ɛ,phonetic,pillow,,,,
7-420-838-1,oduu1239,Iduh,1663,ga(1)sûŋ,phonetic,bed,,,,
7-370-838-1,oduu1239,Iduh,1464,ha(2)rkɔ(1)ɛ,phonetic,ladder,,,,
7-310-838-1,oduu1239,Iduh,185,tăw bɔ̂:,phonetic,fireplace,,,,
7-270-838-1,oduu1239,Iduh,933,panɔ̂:r,phonetic,wall,,,,
7-260-838-1,oduu1239,Iduh,1632,bɨ:n / bɨ:n batâj,phonetic,floor,,,,
7-250-838-1,oduu1239,Iduh,1375,pâ:ŋ jiŋ,phonetic,window,,,,
7-240-838-1,oduu1239,Iduh,1472,ga(1)cɛ̆:,phonetic,key,,,,
7-231-838-1,oduu1239,Iduh,1012,kɔ̆:n,phonetic,"latch, door-bolt",,,,
7-221-838-1,oduu1239,Iduh,80,jarrâŋ,phonetic,"doorpost, jamb",,,,
7-210-838-1,oduu1239,Iduh,1450,sûm jiŋ,phonetic,room,,,,
7-220-838-1,oduu1239,Iduh,1567,tallâɔp,phonetic,"door, gate",,,,
7-130-838-1,oduu1239,Iduh,1678,tu(2)p,phonetic,hut,,,,
7-120-838-1,oduu1239,Iduh,1252,jiŋ,phonetic,house,,,,
7-110-838-1,oduu1239,Iduh,363,jiʔ,phonetic,"dwell, live",,,,
6-960-838-1,oduu1239,Iduh,1171,ca(1)llâ:ŋ,phonetic,mirror,,,,
6-930-838-1,oduu1239,Iduh,151,kanɛ̂: thɛ̆:,phonetic,razor,,,,
6-921-838-1,oduu1239,Iduh,333,fɨə samglâj,phonetic,braid,,,,
6-910-838-1,oduu1239,Iduh,1475,ca(1)rnîh,phonetic,comb,,,,
6-820-838-1,oduu1239,Iduh,1021,basĕ:t,phonetic,towel,,,,
6-810-838-1,oduu1239,Iduh,332,basĕ:t,phonetic,"handkerchief, rag",,,,
6-780-838-1,oduu1239,Iduh,330,basĕ:t,phonetic,"headband, headdress",,,,
6-770-838-1,oduu1239,Iduh,770,kacɔ̆:n,phonetic,earring,,,,
6-750-838-1,oduu1239,Iduh,1961,să:jsɔ̂:j,phonetic,necklace,,,,
6-740-838-1,oduu1239,Iduh,1754,samplɔ̂: kanâ:ŋ,phonetic,bracelet,,,,
6-730-838-1,oduu1239,Iduh,1374,samplɔ̂: tâj,phonetic,ring (for finger),,,,
6-710-838-1,oduu1239,Iduh,917,grâw ʔê: jɔ̂:ŋ,phonetic,"ornament, adornment",,,,
6-620-838-1,oduu1239,Iduh,757,plâ: ku(2)k,phonetic,button,,,,
6-610-838-1,oduu1239,Iduh,1851,thô:ŋ jɔ̂:,phonetic,pocket,,,,
6-570-838-1,oduu1239,Iduh,772,jarmɛ̂: kha(2)t,phonetic,"belt, girdle",,,,
6-550-838-1,oduu1239,Iduh,2130,mŭəʔ,phonetic,"hat, cap",,,,
6-510-838-1,oduu1239,Iduh,1381,lɔ̂:ŋ kə̆:p,phonetic,shoe,,,,
6-480-838-1,oduu1239,Iduh,809,sô:ŋ,phonetic,trousers,,,,
6-461-838-1,oduu1239,Iduh,328,phɛ̆:n,phonetic,grass-skirt,,,,
6-460-838-1,oduu1239,Iduh,1600,rêw,phonetic,skirt,,,,
6-450-838-1,oduu1239,Iduh,2012,ha(1)ŋkâw jɔ̂:,phonetic,collar,,,,
6-440-838-1,oduu1239,Iduh,1622,jɔ̂:,phonetic,shirt,,,,
6-411-838-1,oduu1239,Iduh,327,basĕ:t,phonetic,poncho,,,,
6-390-838-1,oduu1239,Iduh,157,ńɔ̂:m,phonetic,dye,,,,
6-380-838-1,oduu1239,Iduh,1161,gambɔ̂:r,phonetic,thread,,,,
6-360-838-1,oduu1239,Iduh,1382,ja(1)rmɛ̂:,phonetic,needle,,,,
6-370-838-1,oduu1239,Iduh,278,savâ:n,phonetic,awl,,,,
6-350-838-1,oduu1239,Iduh,1457,jarîəŋ,phonetic,sew,,,,
6-340-838-1,oduu1239,Iduh,1787,kĭ:,phonetic,loom,,,,
6-330-838-1,oduu1239,Iduh,133,tɔ̂:j [phɛ̆:n],phonetic,weave,,,,
6-310-838-1,oduu1239,Iduh,121,gîəʔ barsa(2)ʔ,phonetic,spin,,,,
6-290-838-1,oduu1239,Iduh,629,katɔ̂:,phonetic,leather,,,,
6-250-838-1,oduu1239,Iduh,1641,măj,phonetic,silk,,,,
6-240-838-1,oduu1239,Iduh,1850,barsa(2)ʔ,phonetic,cotton,,,,
6-210-838-1,oduu1239,Iduh,1616,phɛ̆:n,phonetic,cloth,,,,
6-130-838-1,oduu1239,Iduh,881,phrâm ka(2)p jɔ̂: jarîəŋ jɔ̂:,phonetic,tailor,,,,
6-120-838-1,oduu1239,Iduh,1895,sô:ŋ jɔ̂:,phonetic,"clothing, clothes",,,,
6-110-838-1,oduu1239,Iduh,158,sɔ(2)ɛʔ jɔ̂:,phonetic,put on (clothes),,,,
5-971-838-1,oduu1239,Iduh,1556,plâ: ʔiər grâ:m,phonetic,egg yolk,,,,
5-970-838-1,oduu1239,Iduh,744,plâ: ʔiər,phonetic,egg,,,,
5-940-838-1,oduu1239,Iduh,404,brâ:j,phonetic,fermented drink,,,,
5-870-838-1,oduu1239,Iduh,93,gɔ̂:n pâj ʔŭj,phonetic,milk (vb),,,,
5-860-838-1,oduu1239,Iduh,635,pâj ʔŭj jalâ:w,phonetic,milk (noun),,,,
5-840-838-1,oduu1239,Iduh,942,pâj glâj jɔ̂:r,phonetic,honey,,,,
5-821-838-1,oduu1239,Iduh,919,sarnîəw,phonetic,chili pepper,,,,
5-810-838-1,oduu1239,Iduh,1274,pîŋ,phonetic,salt,,,,
5-791-838-1,oduu1239,Iduh,323,jakâ:r,phonetic,"grease, fat",,,,
5-790-838-1,oduu1239,Iduh,1484,jakâ:r,phonetic,oil,,,,
5-780-838-1,oduu1239,Iduh,1154,plâ: kɔ(2)ʔ,phonetic,olive,,,,
5-770-838-1,oduu1239,Iduh,191,plâ: dûəj hɔ̂:ʔ,phonetic,nut,,,,
5-750-838-1,oduu1239,Iduh,322,lâm ja(1)rɛ̂:,phonetic,fig,,,,
5-712-838-1,oduu1239,Iduh,1966,phûə,phonetic,bunch,,,,
5-710-838-1,oduu1239,Iduh,1507,plâ: naʔô:ŋ,phonetic,fruit,,,,
5-700-838-1,oduu1239,Iduh,593,kô:j farăŋ / kô:j pharăŋ,phonetic,potato,,,,
5-660-838-1,oduu1239,Iduh,832,dûəj,phonetic,bean,,,,
5-650-838-1,oduu1239,Iduh,924,ńɔ(2)ɛʔ,phonetic,vegetables,,,,
5-640-838-1,oduu1239,Iduh,1547,pâj kîŋ,phonetic,"soup, broth",,,,
5-610-838-1,oduu1239,Iduh,634,bûŋ,phonetic,meat,,,,
5-590-838-1,oduu1239,Iduh,225,ha(1)nrâ:,phonetic,pestle,,,,
5-580-838-1,oduu1239,Iduh,224,ha(1)ŋkɔ(2)ɛ,phonetic,mortar (2),,,,
5-570-838-1,oduu1239,Iduh,636,pĭn,phonetic,mill,,,,
5-560-838-1,oduu1239,Iduh,1033,ka(1)llɛ̂:r,phonetic,"crush, grind",,,,
5-550-838-1,oduu1239,Iduh,1594,khɔ(1)rmɔ̂:r,phonetic,"meal, flour",,,,
5-540-838-1,oduu1239,Iduh,274,gɔ̂:n,phonetic,knead,,,,
5-490-838-1,oduu1239,Iduh,2017,jakûər,phonetic,"stir, mix",,,,
5-480-838-1,oduu1239,Iduh,1767,pɛ(2)h,phonetic,scrape,,,,
5-470-838-1,oduu1239,Iduh,86,bə̂:j ga(1)rsɛ̂:ŋ,phonetic,"sieve, strain",,,,
5-460-838-1,oduu1239,Iduh,275,tɛ̂:,phonetic,peel,,,,
5-440-838-1,oduu1239,Iduh,1833,pâ: ba:w,phonetic,dinner,,,,
5-430-838-1,oduu1239,Iduh,768,pâ: caŋâj,phonetic,lunch,,,,
5-420-838-1,oduu1239,Iduh,1322,pâ: ʔûj,phonetic,breakfast,,,,
5-410-838-1,oduu1239,Iduh,1526,khă:p,phonetic,meal (a),,,,
5-391-838-1,oduu1239,Iduh,272,haŋkɔ(2)ɛʔ / jaŋkɔ(2)ɛʔ,phonetic,tongs,,,,
5-380-838-1,oduu1239,Iduh,1352,kanɛ̂:,phonetic,knife (2),,,,
5-370-838-1,oduu1239,Iduh,1378,bŭəŋ,phonetic,spoon,,,,
5-360-838-1,oduu1239,Iduh,271,dûj,phonetic,saucer,,,,
5-350-838-1,oduu1239,Iduh,476,kɛ̂:w,phonetic,"cup, drinking vessel",,,,
5-330-838-1,oduu1239,Iduh,1530,tăj,phonetic,bowl,,,,
5-320-838-1,oduu1239,Iduh,480,lɛ̆:,phonetic,plate,,,,
5-280-838-1,oduu1239,Iduh,31,talɔ(2)ʔ khă:ŋ,phonetic,pan,,,,
5-260-838-1,oduu1239,Iduh,1462,talɔ(2)ʔ,phonetic,"pot, cooking vessel",,,,
5-270-838-1,oduu1239,Iduh,854,talɔ(2)ʔ kă:,phonetic,kettle,,,,
5-230-838-1,oduu1239,Iduh,2146,khrâ:p,phonetic,"roast, fry",,,,
5-220-838-1,oduu1239,Iduh,792,tu(2)əʔ,phonetic,boil (vb),,,,
5-210-838-1,oduu1239,Iduh,1100,gû: pâ: / gû: ńɔ̂ɛʔ,phonetic,cook,,,,
5-190-838-1,oduu1239,Iduh,129,gandu(2)k,phonetic,choke,,,,
5-181-838-1,oduu1239,Iduh,897,ganlû:n,phonetic,swallow,,,,
5-180-838-1,oduu1239,Iduh,321,ńa(2)ʔ,phonetic,chew,,,,
5-160-838-1,oduu1239,Iduh,1421,sîəp,phonetic,suck,,,,
5-150-838-1,oduu1239,Iduh,848,cêw cɔ̂:n pâj,phonetic,thirst,,,,
5-141-838-1,oduu1239,Iduh,199,ŋɛ(2)t pâ:,phonetic,famine,,,,
5-140-838-1,oduu1239,Iduh,1864,ńu(2)iʔ,phonetic,hunger,,,,
5-130-838-1,oduu1239,Iduh,1401,cɔ̂:n,phonetic,drink,,,,
5-125-838-1,oduu1239,Iduh,1728,ʔu(2)iʔ sŏ:p,phonetic,rotten,,,,
5-124-838-1,oduu1239,Iduh,1958,ŋɔ̂:r,phonetic,"green, unripe",,,,
5-123-838-1,oduu1239,Iduh,178,kîən,phonetic,ripe,,,,
5-122-838-1,oduu1239,Iduh,1959,kâ:w,phonetic,raw,,,,
5-120-838-1,oduu1239,Iduh,256,bûŋ,phonetic,food,,,,
5-110-838-1,oduu1239,Iduh,1336,câ:,phonetic,eat,,,,
4-990-838-1,oduu1239,Iduh,590,ta(1)lûn kûn,phonetic,"naked, bare",,,,
4-970-838-1,oduu1239,Iduh,1653,mûɛ mɔ(2)ɛʔ / mɔ(2)ɛʔ mûɛ,phonetic,blind,,,,
4-980-838-1,oduu1239,Iduh,1463,ʔɔ̂:r,phonetic,intoxicated,,,,
4-960-838-1,oduu1239,Iduh,1666,kɨ̆:k,phonetic,mute,,,,
4-950-838-1,oduu1239,Iduh,996,kɛ(1)ʔ,phonetic,deaf,,,,
4-930-838-1,oduu1239,Iduh,1125,ga(1)llɛ̂r glâj,phonetic,bald,,,,
4-940-838-1,oduu1239,Iduh,320,pĭə hancâŋ,phonetic,lame,,,,
4-920-838-1,oduu1239,Iduh,1564,klîəʔ,phonetic,lazy,,,,
4-912-838-1,oduu1239,Iduh,168,su(2)k ʔiəʔ,phonetic,rest,,,,
4-910-838-1,oduu1239,Iduh,1757,dakâ:w,phonetic,"tired, weary",,,,
4-890-838-1,oduu1239,Iduh,655,canâm bɨ̆ə,phonetic,poison,,,,
4-880-838-1,oduu1239,Iduh,1372,canâm,phonetic,"medicine, drug",,,,
4-870-838-1,oduu1239,Iduh,597,na:j mɔ̆:,phonetic,physician,,,,
4-860-838-1,oduu1239,Iduh,499,pŭə,phonetic,"cure, heal",,,,
4-858-838-1,oduu1239,Iduh,497,ju(2)ʔ,phonetic,scar,,,,
4-857-838-1,oduu1239,Iduh,1808,garte(2)w,phonetic,pus,,,,
4-856-838-1,oduu1239,Iduh,793,ʔu(2)iʔ,phonetic,boil (noun),,,,
4-855-838-1,oduu1239,Iduh,1584,ŋâ:,phonetic,blister,,,,
4-854-838-1,oduu1239,Iduh,148,ga(1)rdu(2)h,phonetic,itch,,,,
4-853-838-1,oduu1239,Iduh,1903,ʔâ:j,phonetic,swelling,,,,
4-852-838-1,oduu1239,Iduh,1148,ju(2)ʔ,phonetic,bruise,,,,
4-850-838-1,oduu1239,Iduh,1109,cêw,phonetic,"wound, sore",,,,
4-843-838-1,oduu1239,Iduh,102,pha(1)rvä̂: va(2)t,phonetic,cold (catarrh),,,,
4-842-838-1,oduu1239,Iduh,1957,plâ: ku(2)k,phonetic,goiter,,,,
4-841-838-1,oduu1239,Iduh,1534,pharvä̂:,phonetic,fever,,,,
4-840-838-1,oduu1239,Iduh,1847,di: lâ:w sâŋ,phonetic,"sick, sickness",,,,
4-830-838-1,oduu1239,Iduh,1364,grâŋ,phonetic,"well, health",,,,
4-820-838-1,oduu1239,Iduh,1601,ʔɔ(1):nʔiə,phonetic,weak,,,,
4-810-838-1,oduu1239,Iduh,785,grâŋ,phonetic,"strong, mighty, powerful",,,,
4-790-838-1,oduu1239,Iduh,1773,pa(1): rɛ̂:w,phonetic,"grave, tomb",,,,
4-780-838-1,oduu1239,Iduh,1719,sa(2)p,phonetic,bury (the dead),,,,
4-770-838-1,oduu1239,Iduh,767,ga(1)rdûŋ phrâm ʔi: bɔ̂ɛ,phonetic,corpse,,,,
4-760-838-1,oduu1239,Iduh,1417,ga(1)bɔ̂ɛ,phonetic,kill,,,,
4-751-838-1,oduu1239,Iduh,1904,[ga(1)r] cûəm pâj bɔ̂ɛ,phonetic,drowned,,,,
4-750-838-1,oduu1239,Iduh,1494,bɔ̂ɛ,phonetic,"die, dead",,,,
4-740-838-1,oduu1239,Iduh,1422,rîəh,phonetic,"live, living, life",,,,
4-730-838-1,oduu1239,Iduh,1123,gadâm,phonetic,pregnant,,,,
4-720-838-1,oduu1239,Iduh,1090,kə̂:t,phonetic,born (to be),,,,
4-710-838-1,oduu1239,Iduh,1152,kə̂:t,phonetic,beget (of father),,,,
4-690-838-1,oduu1239,Iduh,138,ʔûəm,phonetic,bathe,,,,
4-680-838-1,oduu1239,Iduh,52,ʔɛ(1)rjɛ̂:r,phonetic,shiver,,,,
4-660-838-1,oduu1239,Iduh,676,ja(2)ʔ,phonetic,defecate,,,,
4-650-838-1,oduu1239,Iduh,592,ʔâɛm,phonetic,urinate,,,,
4-640-838-1,oduu1239,Iduh,1159,ńɨ̂ŋ pûm,phonetic,break wind,,,,
4-630-838-1,oduu1239,Iduh,1602,li:,phonetic,wake up,,,,
4-620-838-1,oduu1239,Iduh,1920,ha(1)mpêw,phonetic,dream,,,,
4-612-838-1,oduu1239,Iduh,1983,ha(1)ŋgɔ̂:r,phonetic,snore,,,,
4-610-838-1,oduu1239,Iduh,1585,bɔ̂ɛ ta(2)ʔ,phonetic,sleep,,,,
4-591-838-1,oduu1239,Iduh,268,gajɛ(2)ʔ,phonetic,dribble,,,,
4-590-838-1,oduu1239,Iduh,319,gɛ̂:,phonetic,lick,,,,
4-580-838-1,oduu1239,Iduh,1403,ki(2)əʔ,phonetic,bite,,,,
4-570-838-1,oduu1239,Iduh,1278,sɔ̂ɛ,phonetic,vomit,,,,
4-560-838-1,oduu1239,Iduh,1440,pâj jû:r,phonetic,spit,,,,
4-550-838-1,oduu1239,Iduh,126,ha(1)nlɔ̂:ŋ pâj kaʔâ:w,phonetic,perspire,,,,
4-540-838-1,oduu1239,Iduh,1621,ja(1)ŋgɔ̂ɛ,phonetic,sneeze,,,,
4-530-838-1,oduu1239,Iduh,879,tûər,phonetic,cough,,,,
4-521-838-1,oduu1239,Iduh,162,saʔə(2)ʔ,phonetic,hiccough,,,,
4-520-838-1,oduu1239,Iduh,1028,ha(1)ŋgu(2)ʔ,phonetic,"yawn, gape",,,,
4-510-838-1,oduu1239,Iduh,1407,pûŋ sanńɔ̂:m,phonetic,"breathe, breath",,,,
4-492-838-1,oduu1239,Iduh,1222,lêw,phonetic,penis,,,,
4-490-838-1,oduu1239,Iduh,797,phallɔ̂:ŋ,phonetic,testicle,,,,
4-470-838-1,oduu1239,Iduh,804,hwâ:j kû:n,phonetic,womb,,,,
4-464-838-1,oduu1239,Iduh,834,padu(2)h,phonetic,buttocks,,,,
4-463-838-1,oduu1239,Iduh,1745,padu(2)h,phonetic,hip,,,,
4-462-838-1,oduu1239,Iduh,1681,handɛ̂:p,phonetic,waist,,,,
4-461-838-1,oduu1239,Iduh,1991,rîəŋ,phonetic,"intestines, guts",,,,
4-460-838-1,oduu1239,Iduh,819,pûm,phonetic,stomach,,,,
4-452-838-1,oduu1239,Iduh,1744,mâ:m,phonetic,spleen,,,,
4-451-838-1,oduu1239,Iduh,489,jarnɛ̂:m ʔâɛm,phonetic,kidney,,,,
4-450-838-1,oduu1239,Iduh,1224,lû:m,phonetic,liver,,,,
4-441-838-1,oduu1239,Iduh,688,pɔ̆:t,phonetic,lung,,,,
4-440-838-1,oduu1239,Iduh,1223,plâ: gadâw,phonetic,heart,,,,
4-430-838-1,oduu1239,Iduh,1838,lu(2)c,phonetic,navel,,,,
4-420-838-1,oduu1239,Iduh,154,plâ: ʔŭj,phonetic,udder,,,,
4-412-838-1,oduu1239,Iduh,796,thɔ(1)rŋɔ̂r ʔŭj,phonetic,"nipple, teat",,,,
4-410-838-1,oduu1239,Iduh,1402,ʔŭj,phonetic,breast (of woman),,,,
4-400-838-1,oduu1239,Iduh,1592,gadâw,phonetic,chest,,,,
4-393-838-1,oduu1239,Iduh,1201,gasɔ(2)ʔ,phonetic,feather,,,,
4-392-838-1,oduu1239,Iduh,1257,nɔ̂:r,phonetic,wing,,,,
4-380-838-1,oduu1239,Iduh,1389,kamâ:w hancâŋ,phonetic,toe,,,,
4-374-838-1,oduu1239,Iduh,318,ju(2)ʔ,phonetic,footprint,,,,
4-372-838-1,oduu1239,Iduh,980,ha(1)ndɔ̂ɛ,phonetic,heel,,,,
4-371-838-1,oduu1239,Iduh,803,ja(1)ŋkɔ̂: ʔɛ̂:,phonetic,ankle,,,,
4-370-838-1,oduu1239,Iduh,1301,hancâŋ,phonetic,foot,,,,
4-360-838-1,oduu1239,Iduh,1371,mɔ(2)ɛʔ ta(2)mu(2)k,phonetic,knee,,,,
4-352-838-1,oduu1239,Iduh,498,plâ: hancâŋ,phonetic,calf of leg,,,,
4-351-838-1,oduu1239,Iduh,800,blâ:w,phonetic,thigh,,,,
4-350-838-1,oduu1239,Iduh,1297,talâ:ŋ,phonetic,leg,,,,
4-345-838-1,oduu1239,Iduh,72,ʔô:ŋ ha(1)ŋkâ:r,phonetic,claw,,,,
4-344-838-1,oduu1239,Iduh,1258,ha(1)ŋkâ:r,phonetic,fingernail,,,,
4-342-838-1,oduu1239,Iduh,1781,kamâ:w tâ:j,phonetic,thumb,,,,
4-340-838-1,oduu1239,Iduh,1303,kujmûj tâ:j,phonetic,finger,,,,
4-331-838-1,oduu1239,Iduh,1183,dallâ: tâ:j,phonetic,palm of hand,,,,
4-330-838-1,oduu1239,Iduh,1277,tâ:j,phonetic,hand,,,,
4-321-838-1,oduu1239,Iduh,799,pɔ̂:ŋ tâ:j,phonetic,wrist,,,,
4-320-838-1,oduu1239,Iduh,981,sɔ̂:,phonetic,elbow,,,,
4-312-838-1,oduu1239,Iduh,1886,kɔ(1)lɛ̂:,phonetic,armpit,,,,
4-310-838-1,oduu1239,Iduh,1673,kanâ:ŋ,phonetic,arm,,,,
4-302-838-1,oduu1239,Iduh,1994,janʔîŋ kana(2)p,phonetic,collarbone,,,,
4-301-838-1,oduu1239,Iduh,172,balâ: kanâ:ŋ,phonetic,shoulderblade,,,,
4-300-838-1,oduu1239,Iduh,1482,kana(2)p,phonetic,shoulder,,,,
4-290-838-1,oduu1239,Iduh,1346,bɔ̂:ŋ hangâw,phonetic,throat,,,,
4-281-838-1,oduu1239,Iduh,1347,da(1)ŋɔ̂ɛ,phonetic,nape of neck,,,,
4-280-838-1,oduu1239,Iduh,1333,ha(1)ŋgâw,phonetic,neck,,,,
4-272-838-1,oduu1239,Iduh,1049,rîŋ kûm,phonetic,molartooth,,,,
4-270-838-1,oduu1239,Iduh,1380,rîŋ,phonetic,tooth,,,,
4-271-838-1,oduu1239,Iduh,139,ŋâ:,phonetic,gums,,,,
4-271-838-2,oduu1239,Iduh,139,ganîəh,phonetic,gums,,,,
4-260-838-1,oduu1239,Iduh,1205,ha(1)ntâ:,phonetic,tongue,,,,
4-250-838-1,oduu1239,Iduh,478,hîm tanɛ̂:,phonetic,lip,,,,
4-241-838-1,oduu1239,Iduh,73,tanɔ̂:,phonetic,beak,,,,
4-240-838-1,oduu1239,Iduh,674,pâ:ŋ,phonetic,mouth,,,,
4-232-838-1,oduu1239,Iduh,208,pu(2)ət,phonetic,mucus (nasal),,,,
4-231-838-1,oduu1239,Iduh,1178,hanrɔ̂:ŋ mû:,phonetic,nostril,,,,
4-230-838-1,oduu1239,Iduh,1221,mû:,phonetic,nose,,,,
4-222-838-1,oduu1239,Iduh,32,ja(2)ʔ kɛ(2)ʔ,phonetic,earwax,,,,
4-221-838-1,oduu1239,Iduh,18,tâ:ŋ kɛ(2)ʔ,phonetic,earlobe,,,,
4-220-838-1,oduu1239,Iduh,1247,kɛ(2)ʔ,phonetic,ear,,,,
4-215-838-1,oduu1239,Iduh,1655,gańûm mɔ(2)ɛʔ,phonetic,blink,,,,
4-215-838-2,oduu1239,Iduh,1655,sa(1)ŋŋîŋ mɔ(2)ɛʔ,phonetic,blink,,,,
4-214-838-1,oduu1239,Iduh,1540,gasɔ(2)ʔ mɔ(2)ɛʔ,phonetic,eyelash,,,,
4-213-838-1,oduu1239,Iduh,17,gatɔ̂: mɔ(2)ɛʔ,phonetic,eyelid,,,,
4-212-838-1,oduu1239,Iduh,1173,kanîəŋ,phonetic,eyebrow,,,,
4-210-838-1,oduu1239,Iduh,1248,mɔ(2)ɛʔ,phonetic,eye,,,,
4-208-838-1,oduu1239,Iduh,1730,pɔ̆:m pîəw,phonetic,cheek,,,,
4-209-838-1,oduu1239,Iduh,1510,lakâ:ŋ,phonetic,chin,,,,
4-205-838-1,oduu1239,Iduh,123,ga(1)rmûŋ,phonetic,forehead,,,,
4-207-838-1,oduu1239,Iduh,798,pîəw,phonetic,jaw,,,,
4-204-838-1,oduu1239,Iduh,1560,mɔ(2)ɛʔ,phonetic,face,,,,
4-203-838-1,oduu1239,Iduh,1583,ʔɔ(1)ʔiʔ,phonetic,brain,,,,
4-201-838-1,oduu1239,Iduh,1604,khama(2)p,phonetic,"side of head, temple",,,,
4-202-838-1,oduu1239,Iduh,1605,kadŏŋ,phonetic,skull,,,,
4-200-838-1,oduu1239,Iduh,1256,glâj,phonetic,head,,,,
4-191-838-1,oduu1239,Iduh,805,jinʔiŋ khrûŋ,phonetic,spine,,,,
4-190-838-1,oduu1239,Iduh,1291,da(1)lûŋ,phonetic,back,,,,
4-180-838-1,oduu1239,Iduh,1220,hantâ:,phonetic,tail,,,,
4-170-838-1,oduu1239,Iduh,1393,ga(1)tɔ̂:ŋ,phonetic,horn,,,,
4-162-838-1,oduu1239,Iduh,801,janʔiŋ jaʔnî:r,phonetic,rib,,,,
4-160-838-1,oduu1239,Iduh,1394,janʔiŋ,phonetic,bone,,,,
4-151-838-1,oduu1239,Iduh,525,fɔ̆:j mîm,phonetic,"vein, artery",,,,
4-150-838-1,oduu1239,Iduh,946,mîm,phonetic,blood,,,,
4-146-838-1,oduu1239,Iduh,576,ja(2)ʔ thrâ:,phonetic,dandruff,,,,
4-145-838-1,oduu1239,Iduh,36,gasɔ(2)ʔ lêw,phonetic,pubic hair,,,,
4-144-838-1,oduu1239,Iduh,189,gasɔ(2)ʔ,phonetic,body hair,,,,
4-142-838-1,oduu1239,Iduh,678,gasɔ(2)ʔ vɔ̂:ŋ,phonetic,beard,,,,
4-140-838-1,oduu1239,Iduh,1040,sa(1)mglâj,phonetic,hair (head),,,,
4-130-838-1,oduu1239,Iduh,2259,sɛ̂w,phonetic,flesh,,,,
4-120-838-1,oduu1239,Iduh,763,gatɔ̂:,phonetic,"skin, hide",,,,
4-110-838-1,oduu1239,Iduh,1480,tû:,phonetic,body,,,,
3-980-838-1,oduu1239,Iduh,112,kû:p,phonetic,turtle,,,,
3-970-838-1,oduu1239,Iduh,1857,gapɔ̂:m,phonetic,"crocodile, alligator",,,,
3-960-838-1,oduu1239,Iduh,632,cikîəm,phonetic,lizard,,,,
3-950-838-1,oduu1239,Iduh,503,gada(2)ʔ,phonetic,frog,,,,
3-940-838-1,oduu1239,Iduh,1543,tabôŋ,phonetic,snail,,,,
3-930-838-1,oduu1239,Iduh,607,ja(1)nʔûj,phonetic,grasshopper,,,,
3-920-838-1,oduu1239,Iduh,1791,ku(2)plu(2)p bû:ɛ,phonetic,butterfly,,,,
3-910-838-1,oduu1239,Iduh,206,laɔplä̂:ŋ,phonetic,firefly,,,,
3-850-838-1,oduu1239,Iduh,730,mɔ̂:r,phonetic,snake,,,,
3-840-838-1,oduu1239,Iduh,1219,râ:j,phonetic,worm,,,,
3-832-838-1,oduu1239,Iduh,1509,dampêŋ,phonetic,mosquito,,,,
3-831-838-1,oduu1239,Iduh,95,ba(1)lʔɔ(2)ʔ,phonetic,"sandfly (midge), gnat",,,,
3-830-838-1,oduu1239,Iduh,1504,rûi,phonetic,fly,,,,
3-823-838-1,oduu1239,Iduh,1517,jaʔɛ̂:r,phonetic,wasp,,,,
3-822-838-1,oduu1239,Iduh,88,tɔ(2)ʔ jɔ̂:r,phonetic,beehive,,,,
3-821-838-1,oduu1239,Iduh,1931,jɔ̂:r,phonetic,beeswax,,,,
3-820-838-1,oduu1239,Iduh,665,jɔ̂:r,phonetic,bee,,,,
3-819-838-1,oduu1239,Iduh,1065,ńə̂:,phonetic,spider web,,,,
3-818-838-1,oduu1239,Iduh,843,sampôm / da(1)pôm,phonetic,spider,,,,
3-817-838-1,oduu1239,Iduh,587,mɛ(2)ʔ,phonetic,ant,,,,
3-816-838-1,oduu1239,Iduh,1575,ga(1)psa(2):p,phonetic,cockroach,,,,
3-815-838-1,oduu1239,Iduh,1538,mɛ:ŋ ŋɔ̂:t,phonetic,scorpion,,,,
3-814-838-1,oduu1239,Iduh,1974,tharŋâ:j,phonetic,centipede,,,,
3-813-838-1,oduu1239,Iduh,232,tamâ:,phonetic,flea,,,,
3-812-838-1,oduu1239,Iduh,267,plâ: câj,phonetic,nit (louse egg),,,,
3-811-838-1,oduu1239,Iduh,1392,câj glâj,phonetic,louse,,,,
3-811-838-2,oduu1239,Iduh,1392,tharrêŋ,phonetic,louse,,,,
3-810-838-1,oduu1239,Iduh,620,rûj,phonetic,insect,,,,
3-770-838-1,oduu1239,Iduh,1290,sajâ:ŋ,phonetic,elephant,,,,
3-760-838-1,oduu1239,Iduh,1350,vâ:,phonetic,monkey,,,,
3-750-838-1,oduu1239,Iduh,1936,tîə,phonetic,deer,,,,
3-730-838-1,oduu1239,Iduh,1820,bî:,phonetic,bear,,,,
3-710-838-1,oduu1239,Iduh,522,câw klû:r,phonetic,wolf,,,,
3-665-838-1,oduu1239,Iduh,1013,kâ: mɔ̂:l,phonetic,freshwater eel,,,,
3-655-838-1,oduu1239,Iduh,598,jaŋɛ̂:,phonetic,shell,,,,
3-654-838-1,oduu1239,Iduh,1916,ŋə̆:p,phonetic,gill,,,,
3-653-838-1,oduu1239,Iduh,266,krî:,phonetic,fishscale,,,,
3-652-838-1,oduu1239,Iduh,213,nɔ̂:r,phonetic,fin (dorsal),,,,
3-650-838-1,oduu1239,Iduh,227,kâ:,phonetic,fish,,,,
3-630-838-1,oduu1239,Iduh,2139,kanâj,phonetic,"mouse, rat",,,,
3-622-838-1,oduu1239,Iduh,309,kanâj dabêŋ,phonetic,opossum,,,,
3-620-838-1,oduu1239,Iduh,1208,mîəw,phonetic,cat,,,,
3-614-838-1,oduu1239,Iduh,1136,kată:j,phonetic,rabbit,,,,
3-610-838-1,oduu1239,Iduh,2009,câw,phonetic,dog,,,,
3-594-838-1,oduu1239,Iduh,1853,cîəm da(1)pɔ̂:r,phonetic,dove,,,,
3-596-838-1,oduu1239,Iduh,735,cîəm dapɔ̂: mîəw,phonetic,owl,,,,
3-593-838-1,oduu1239,Iduh,913,kalʔâ:,phonetic,crow,,,,
3-592-838-1,oduu1239,Iduh,882,cîəm khɛ̆:k,phonetic,parrot,,,,
3-591-838-1,oduu1239,Iduh,1793,hantɛ̂r,phonetic,bat,,,,
3-586-838-1,oduu1239,Iduh,1185,dahɛ̂:ŋ,phonetic,vulture,,,,
3-585-838-1,oduu1239,Iduh,307,klâ:ŋ,phonetic,hawk,,,,
3-584-838-1,oduu1239,Iduh,1905,klâ:ŋ,phonetic,eagle,,,,
3-581-838-1,oduu1239,Iduh,937,cîəm,phonetic,bird,,,,
3-580-838-1,oduu1239,Iduh,539,sa(1)mpâj,phonetic,nest,,,,
3-570-838-1,oduu1239,Iduh,1360,ʔa(2):p,phonetic,duck,,,,
3-560-838-1,oduu1239,Iduh,1187,ʔa(2):p hä̆:n,phonetic,goose,,,,
3-550-838-1,oduu1239,Iduh,1318,ʔiər,phonetic,chicken,,,,
3-540-838-1,oduu1239,Iduh,1514,ʔiər ʔi: mâ:w,phonetic,hen,,,,
3-520-838-1,oduu1239,Iduh,1511,ʔiər ʔi: jâʔrâ:w,phonetic,"cock, rooster",,,,
3-450-838-1,oduu1239,Iduh,1647,kû:n mâ:,phonetic,"foal, colt",,,,
3-440-838-1,oduu1239,Iduh,938,mâ: ʔi: mâ:w,phonetic,mare,,,,
3-420-838-1,oduu1239,Iduh,936,mâ: ʔi: kɔ(2)ɛʔ,phonetic,stallion,,,,
3-410-838-1,oduu1239,Iduh,615,mâ:,phonetic,horse (equine),,,,
3-380-838-1,oduu1239,Iduh,1972,kû:n bâɨ,phonetic,kid,,,,
3-370-838-1,oduu1239,Iduh,264,bâɨ ʔi: kɔ(2)ɛʔ,phonetic,he-goat,,,,
3-360-838-1,oduu1239,Iduh,1502,bâɨ,phonetic,goat,,,,
3-350-838-1,oduu1239,Iduh,1337,cîəŋ,phonetic,pig,,,,
3-340-838-1,oduu1239,Iduh,1351,mâ:w cîəŋ,phonetic,sow (2),,,,
3-320-838-1,oduu1239,Iduh,1348,kɔ(2)ɛʔ cîəŋ khrâŋ,phonetic,boar,,,,
3-230-838-1,oduu1239,Iduh,1007,mâ:w ja(1)ʔlâ:w,phonetic,cow,,,,
3-220-838-1,oduu1239,Iduh,1169,kɔ(2)ɛʔ ja(1)ʔlâ:w,phonetic,ox,,,,
3-190-838-1,oduu1239,Iduh,851,gɔ̂:,phonetic,"stable, stall",,,,
3-130-838-1,oduu1239,Iduh,2262,ʔi: mâ:w,phonetic,female (adj),,,,
3-120-838-1,oduu1239,Iduh,2261,ʔi: kɔ(2)ɛʔ,phonetic,male (adj),,,,
3-110-838-1,oduu1239,Iduh,619,sa(2)t,phonetic,animal,,,,
2-960-838-1,oduu1239,Iduh,817,hambâj,phonetic,they,,,,
2-950-838-1,oduu1239,Iduh,1213,ha(1)mbî:,phonetic,you (plural),,,,
2-941-838-1,oduu1239,Iduh,1131,naʔâj,phonetic,we (inclusive),,,,
2-940-838-1,oduu1239,Iduh,1212,naʔâj,phonetic,we,,,,
2-930-838-1,oduu1239,Iduh,262,hambâj,phonetic,he/she/it,,,,
2-920-838-1,oduu1239,Iduh,1215,ha(1)mmû:,phonetic,you (singular),,,,
2-910-838-1,oduu1239,Iduh,1209,naʔɛ̂:ŋ,phonetic,I,,,,
2-810-838-1,oduu1239,Iduh,1644,tâj kɛ̂:n,phonetic,"relatives, kinsmen",,,,
2-770-838-1,oduu1239,Iduh,1981,bô: mâ:i,phonetic,widower,,,,
2-760-838-1,oduu1239,Iduh,1756,mɛ̂: mâ:j,phonetic,widow,,,,
2-750-838-1,oduu1239,Iduh,1149,kû:n kharrâ:j,phonetic,orphan,,,,
2-730-838-1,oduu1239,Iduh,1059,kû:ŋ li(1)ŋ,phonetic,stepson,,,,
2-720-838-1,oduu1239,Iduh,236,mɛ̂: li(1)ŋ,phonetic,stepmother,,,,
2-710-838-1,oduu1239,Iduh,237,bô: li(1)ŋ,phonetic,stepfather,,,,
2-641-838-1,oduu1239,Iduh,2264,kamû:n,phonetic,daughter-in-law (of a woman),,,,
2-640-838-1,oduu1239,Iduh,2265,kamû:n,phonetic,daughter-in-law (of a man),,,,
2-631-838-1,oduu1239,Iduh,2266,kɨ̂:j,phonetic,son-in-law (of a woman),,,,
2-630-838-1,oduu1239,Iduh,2267,kɨ̂:j,phonetic,son-in-law (of a man),,,,
2-621-838-1,oduu1239,Iduh,2257,ha(1)njâ: / jă:,phonetic,mother-in-law (of a woman),,,,
2-620-838-1,oduu1239,Iduh,2256,ha(1)njâ: / jă:,phonetic,mother-in-law (of a man),,,,
2-611-838-1,oduu1239,Iduh,2254,ha(1)ntâ: / tă:,phonetic,father-in-law (of a woman),,,,
2-610-838-1,oduu1239,Iduh,2255,ha(1)ntâ: / tă:,phonetic,father-in-law (of a man),,,,
2-560-838-1,oduu1239,Iduh,1669,bô: mɛ̂:,phonetic,ancestors,,,,
2-550-838-1,oduu1239,Iduh,1643,tâj kɛ̂:n,phonetic,cousin,,,,
2-540-838-1,oduu1239,Iduh,1642,lă:n kû:n kwɛ̂:,phonetic,niece,,,,
2-530-838-1,oduu1239,Iduh,1063,lă:n kû:n jɔ̂:ŋ,phonetic,nephew,,,,
2-522-838-1,oduu1239,Iduh,170,lă:,phonetic,father's sister,,,,
2-520-838-1,oduu1239,Iduh,1272,cŭŋ,phonetic,aunt,,,,
2-521-838-1,oduu1239,Iduh,171,lă:,phonetic,mother's sister,,,,
2-512-838-1,oduu1239,Iduh,1985,ʔă:w,phonetic,father's brother,,,,
2-511-838-1,oduu1239,Iduh,1984,ʔă:w,phonetic,mother's brother,,,,
2-510-838-1,oduu1239,Iduh,1327,cŭŋ,phonetic,uncle,,,,
2-480-838-1,oduu1239,Iduh,1618,lă:n kû:n jɔ̂:ŋ,phonetic,grandson,,,,
2-490-838-1,oduu1239,Iduh,1619,lâ:n kû:n kwɛ̂:,phonetic,granddaughter,,,,
2-471-838-1,oduu1239,Iduh,907,jă: br̂iə,phonetic,old woman,,,,
2-470-838-1,oduu1239,Iduh,1496,jă: / hantâ:,phonetic,grandmother,,,,
2-461-838-1,oduu1239,Iduh,406,tă: br̂iə,phonetic,old man,,,,
2-460-838-1,oduu1239,Iduh,1383,tă: / hantâ:,phonetic,grandfather,,,,
2-458-838-1,oduu1239,Iduh,1005,barrâ:p,phonetic,twins,,,,
2-456-838-1,oduu1239,Iduh,1640,tâj kɛ̂:n,phonetic,sibling,,,,
2-455-838-1,oduu1239,Iduh,1761,kɛ̂:n kû:n kwɛ̂:,phonetic,younger sister,,,,
2-454-838-1,oduu1239,Iduh,1758,ʔə̂:j,phonetic,older sister,,,,
2-450-838-1,oduu1239,Iduh,1263,ʔə̂:j,phonetic,sister,,,,
2-445-838-1,oduu1239,Iduh,1760,ʔă:w / kɛ̂:n kû:n jɔ̂:ŋ,phonetic,younger brother,,,,
2-444-838-1,oduu1239,Iduh,1759,naʔâ:j,phonetic,older brother,,,,
2-440-838-1,oduu1239,Iduh,1262,naʔâ:j,phonetic,brother,,,,
2-430-838-1,oduu1239,Iduh,1801,kû:n,phonetic,offspring (son or daughter),,,,
2-420-838-1,oduu1239,Iduh,1357,kû:n kwɛ̂:,phonetic,daughter,,,,
2-410-838-1,oduu1239,Iduh,1620,kû:n jɔ̂:ŋ,phonetic,son,,,,
2-341-838-1,oduu1239,Iduh,1134,lâ: lu(2)ɛʔ,phonetic,divorce,,,,
2-340-838-1,oduu1239,Iduh,1259,kɛ̂: garrâ:ń,phonetic,"marriage, wedding",,,,
2-330-838-1,oduu1239,Iduh,203,kɛ̂: garrâ:ń,phonetic,marry,,,,
2-320-838-1,oduu1239,Iduh,1199,ʔi: kwɛ̂:,phonetic,wife,,,,
2-310-838-1,oduu1239,Iduh,1200,ʔi: jɔ̂:ŋ,phonetic,husband,,,,
2-280-838-1,oduu1239,Iduh,1289,ʔa(1)la(2)ʔ,phonetic,"infant, baby",,,,
2-270-838-1,oduu1239,Iduh,1304,ʔa(1)lɛ(2)k,phonetic,child,,,,
2-261-838-1,oduu1239,Iduh,77,barrɛ̂:,phonetic,young woman (adolescent),,,,
2-260-838-1,oduu1239,Iduh,1646,ʔa(1)lɛ(2)k kû:n kwɛ̂:,phonetic,girl,,,,
2-251-838-1,oduu1239,Iduh,76,ba(1)llâ:w,phonetic,young man (adolescent),,,,
2-250-838-1,oduu1239,Iduh,1366,ʔa(1)lɛ(2)k kû:n jɔ̂:ŋ,phonetic,boy,,,,
2-240-838-1,oduu1239,Iduh,1551,ʔi: kwɛ̂:,phonetic,female,,,,
2-230-838-1,oduu1239,Iduh,1553,ʔi: jɔ̂:ŋ,phonetic,male,,,,
2-220-838-1,oduu1239,Iduh,962,kû:n kwɛ̂:,phonetic,woman,,,,
2-210-838-1,oduu1239,Iduh,1554,kû:n jɔ̂:ŋ,phonetic,man (vs. woman),,,,
2-100-838-1,oduu1239,Iduh,683,phrâm,phonetic,"person, human being",,,,
1-890-838-1,oduu1239,Iduh,1188,klɔ̂:ŋ ʔɛ̂:,phonetic,charcoal,,,,
1-880-838-1,oduu1239,Iduh,10,ʔɛ̂:,phonetic,firewood,,,,
1-870-838-1,oduu1239,Iduh,1133,ka(1)pkhi:t / tharnɛ̂:ŋ,phonetic,match (noun),,,,
1-861-838-1,oduu1239,Iduh,127,gabi(2)ət,phonetic,extinguish,,,,
1-860-838-1,oduu1239,Iduh,737,tɛ(2)ʔ,phonetic,"light, kindle, ignite",,,,
1-851-838-1,oduu1239,Iduh,141,phra:w,phonetic,burn (vb trans),,,,
1-841-838-1,oduu1239,Iduh,67,klɔ̂:ŋ ʔɛ̂:,phonetic,embers,,,,
1-840-838-1,oduu1239,Iduh,646,bɔ̂:,phonetic,ashes,,,,
1-830-838-1,oduu1239,Iduh,778,ba(1)tâ:w [ʔɛ̂:],phonetic,smoke (noun),,,,
1-820-838-1,oduu1239,Iduh,889,plɛ̂:w ʔɛ̂:,phonetic,flame (noun),,,,
1-810-838-1,oduu1239,Iduh,221,ʔɛ̂:,phonetic,fire,,,,
1-750-838-1,oduu1239,Iduh,658,gamâj,phonetic,rain (noun),,,,
1-740-838-1,oduu1239,Iduh,249,mû:,phonetic,fog,,,,
1-720-838-1,oduu1239,Iduh,960,ʔɔ:jsɔ̂:j,phonetic,wind,,,,
1-730-838-1,oduu1239,Iduh,1489,mû:,phonetic,cloud,,,,
1-640-838-1,oduu1239,Iduh,1977,pâj kaʔâ:ŋ,phonetic,dew,,,,
1-630-838-1,oduu1239,Iduh,1388,mâ:r,phonetic,"shade, shadow",,,,
1-620-838-1,oduu1239,Iduh,11,pîə,phonetic,darkness,,,,
1-610-838-1,oduu1239,Iduh,630,pu(2)ʔ cänâj,phonetic,light (noun),,,,
1-590-838-1,oduu1239,Iduh,1733,duətgu(2)ət,phonetic,rainbow,,,,
1-580-838-1,oduu1239,Iduh,858,hamvə̂:r,phonetic,storm,,,,
1-560-838-1,oduu1239,Iduh,1150,thrɔ̂:ŋ gamâj,phonetic,thunder,,,,
1-570-838-1,oduu1239,Iduh,2007,ha(1)ncä̂:,phonetic,lightning (as striking),,,,
1-550-838-1,oduu1239,Iduh,1654,kallɛ(2)t,phonetic,lightning,,,,
1-540-838-1,oduu1239,Iduh,1430,samɛ̂ŋ,phonetic,star,,,,
1-530-838-1,oduu1239,Iduh,1313,kâj,phonetic,moon,,,,
1-520-838-1,oduu1239,Iduh,1343,caŋâj,phonetic,sun,,,,
1-510-838-1,oduu1239,Iduh,1732,fâ:,phonetic,sky,,,,
1-450-838-1,oduu1239,Iduh,6,ʔɔ(1)rjɔ̂:r batâj,phonetic,earthquake,,,,
1-440-838-1,oduu1239,Iduh,2125,glî:ŋ,phonetic,"stone, rock",,,,
1-430-838-1,oduu1239,Iduh,1803,naʔŏ:ŋ,phonetic,wood,,,,
1-420-838-1,oduu1239,Iduh,906,lâm naʔô:ŋ,phonetic,tree (cf 08.600),,,,
1-410-838-1,oduu1239,Iduh,420,khrâŋ,phonetic,"woods, forest",,,,
1-390-838-1,oduu1239,Iduh,943,jandâ:j pâj,phonetic,waterfall,,,,
1-380-838-1,oduu1239,Iduh,1145,hanlû: pâj,phonetic,swamp,,,,
1-370-838-1,oduu1239,Iduh,2144,pâj barrû:,phonetic,"spring, well",,,,
1-370-838-2,oduu1239,Iduh,2144,bɔ̆: pâj,phonetic,"spring, well",,,,
1-362-838-1,oduu1239,Iduh,1982,pâj sa(1)ŋgâ:j,phonetic,whirlpool,,,,
1-360-838-1,oduu1239,Iduh,666,calû:,phonetic,"river, stream, brook",,,,
1-360-838-2,oduu1239,Iduh,666,mɛ̂: pâj,phonetic,"river, stream, brook",,,,
1-354-838-1,oduu1239,Iduh,613,pâj hɨ̂:n,phonetic,hightide,,,,
1-353-838-1,oduu1239,Iduh,1026,pâj vɛ̆:p,phonetic,lowtide,,,,
1-352-838-1,oduu1239,Iduh,891,pâj hɨ̂:n pâj vɛ̆:p,phonetic,tide,,,,
1-343-838-1,oduu1239,Iduh,1662,garbu(2)iʔ,phonetic,"headland, point",,,,
1-324-838-1,oduu1239,Iduh,1768,fɔ̂:ŋ,phonetic,foam,,,,
1-310-838-1,oduu1239,Iduh,948,pâj,phonetic,water,,,,
1-280-838-1,oduu1239,Iduh,1155,thâm,phonetic,cave,,,,
1-270-838-1,oduu1239,Iduh,113,pî:r,phonetic,shore,,,,
1-260-838-1,oduu1239,Iduh,166,də̆:n ʔi: kwâ:ŋ,phonetic,mainland,,,,
1-240-838-1,oduu1239,Iduh,921,hanlu(2)p gûŋ,phonetic,valley,,,,
1-230-838-1,oduu1239,Iduh,652,thôŋ ʔi: bîn,phonetic,"plain, field",,,,
1-222-838-1,oduu1239,Iduh,618,tanîp,phonetic,"cliff, precipice",,,,
1-220-838-1,oduu1239,Iduh,2118,plâ: gûŋ,phonetic,"mountain, hill",,,,
1-214-838-1,oduu1239,Iduh,640,dambɔ̂:r,phonetic,mud,,,,
1-215-838-1,oduu1239,Iduh,671,ha(1)ŋka(2):j,phonetic,sand,,,,
1-213-838-1,oduu1239,Iduh,2,fŭn,phonetic,dust,,,,
1-212-838-1,oduu1239,Iduh,1228,batâj,phonetic,"earth=ground, soil",,,,
1-210-838-1,oduu1239,Iduh,626,batâj,phonetic,"earth, land",,,,
1-100-838-1,oduu1239,Iduh,965,lô:k,phonetic,world,,,,
14-330-838-1,oduu1239,Iduh,1544,ba:ŋ vɔ(2)ɛʔ,phonetic,sometimes,,,,
14-332-838-1,oduu1239,Iduh,418,ba(2):t,phonetic,long-time (for a),,,,
14-340-838-1,oduu1239,Iduh,1656,di: khə̂:j,phonetic,never,,,,
14-350-838-1,oduu1239,Iduh,204,ha(1)mvɔ(2)ɛʔ,phonetic,again,,,,
14-410-838-1,oduu1239,Iduh,1225,bɨ̂:,phonetic,day,,,,
14-420-838-1,oduu1239,Iduh,1233,pîə,phonetic,night,,,,
14-430-838-1,oduu1239,Iduh,729,nu(1)ʔûj ʔûj,phonetic,dawn,,,,
14-440-838-1,oduu1239,Iduh,1339,nu(1)ʔûj,phonetic,morning,,,,
14-451-838-1,oduu1239,Iduh,1807,khâ:j caŋâj,phonetic,afternoon,,,,
14-451-838-2,oduu1239,Iduh,1807,khâ:j bâ:w,phonetic,afternoon,,,,
14-460-838-1,oduu1239,Iduh,1629,nu(1)bâ:w,phonetic,evening,,,,
14-470-838-1,oduu1239,Iduh,1283,bɨ̂: sanî:,phonetic,today,,,,
14-480-838-1,oduu1239,Iduh,1329,ha(1)rnâj,phonetic,tomorrow,,,,
14-481-838-1,oduu1239,Iduh,1179,ba(1)mâj,phonetic,day-after-tomorrow,,,,
14-490-838-1,oduu1239,Iduh,1174,ha(1)ntə̂ɨ ʔi:,phonetic,yesterday,,,,
14-510-838-1,oduu1239,Iduh,1353,mo:ŋ,phonetic,hour,,,,
14-530-838-1,oduu1239,Iduh,1323,mo:ŋ,phonetic,"clock, timepiece",,,,
14-710-838-1,oduu1239,Iduh,1370,kâj,phonetic,month,,,,
14-730-838-1,oduu1239,Iduh,1226,lûäŋ,phonetic,year,,,,
14-740-838-1,oduu1239,Iduh,1471,ńa:m ŋîər,phonetic,winter,,,,
14-760-838-1,oduu1239,Iduh,1342,ńa:m pu(2)ʔ,phonetic,summer,,,,
14-780-838-1,oduu1239,Iduh,691,ńa:m,phonetic,season,,,,
15-210-838-1,oduu1239,Iduh,1587,samâj,phonetic,smell (vb intrans),,,,
15-212-838-1,oduu1239,Iduh,375,sîəp mû:,phonetic,sniff,,,,
15-220-838-1,oduu1239,Iduh,1586,mu(2)k,phonetic,smell (vb trans),,,,
15-250-838-1,oduu1239,Iduh,376,hɔ̆:m,phonetic,"fragrant, good smelling",,,,
15-260-838-1,oduu1239,Iduh,42,sâ:w,phonetic,"stinking, bad smelling",,,,
15-350-838-1,oduu1239,Iduh,717,sîəw,phonetic,sweet,,,,
15-360-838-1,oduu1239,Iduh,1091,kîm,phonetic,salty,,,,
15-370-838-1,oduu1239,Iduh,887,câŋ,phonetic,bitter,,,,
15-380-838-1,oduu1239,Iduh,1906,cɔ(2)ɛʔ,phonetic,"acid, sour",,,,
15-410-838-1,oduu1239,Iduh,1408,dûɛ,phonetic,hear,,,,
15-420-838-1,oduu1239,Iduh,1608,saŋɔ̂:r,phonetic,listen,,,,
15-440-838-1,oduu1239,Iduh,1811,sĭəŋ,phonetic,"sound, noise",,,,
15-450-838-1,oduu1239,Iduh,377,sĭəŋ handɔ̂:r,phonetic,loud,,,,
15-460-838-1,oduu1239,Iduh,1314,fiəm,phonetic,"quiet, silence",,,,
15-510-838-1,oduu1239,Iduh,1409,mu(2)h,phonetic,see,,,,
15-520-838-1,oduu1239,Iduh,1819,calɔ̂:r gû:n,phonetic,"look, look at",,,,
15-570-838-1,oduu1239,Iduh,679,ja(1)ndîŋ,phonetic,bright,,,,
15-610-838-1,oduu1239,Iduh,1613,sĭ:,phonetic,color,,,,
15-640-838-1,oduu1239,Iduh,1335,lu(2)ʔ,phonetic,white,,,,
15-650-838-1,oduu1239,Iduh,163,ŋɛ̂ŋ,phonetic,black,,,,
15-660-838-1,oduu1239,Iduh,156,grâ:m,phonetic,red,,,,
15-670-838-1,oduu1239,Iduh,837,ŋâm,phonetic,blue,,,,
15-680-838-1,oduu1239,Iduh,1425,gacîəw,phonetic,green,,,,
15-690-838-1,oduu1239,Iduh,1424,gacâ:j,phonetic,yellow,,,,
15-710-838-1,oduu1239,Iduh,1892,sa(1)rmâw,phonetic,touch,,,,
15-712-838-1,oduu1239,Iduh,378,bĭ:p,phonetic,pinch,,,,
15-720-838-1,oduu1239,Iduh,1079,bîən,phonetic,feel,,,,
15-740-838-1,oduu1239,Iduh,1884,jarîh,phonetic,hard,,,,
15-750-838-1,oduu1239,Iduh,1856,pĭəʔ,phonetic,soft,,,,
15-760-838-1,oduu1239,Iduh,1923,ga(1)fiəw kanâ:r,phonetic,rough,,,,
15-770-838-1,oduu1239,Iduh,1234,bîn,phonetic,smooth,,,,
15-780-838-1,oduu1239,Iduh,1396,da(1)mbâ:r,phonetic,sharp,,,,
15-790-838-1,oduu1239,Iduh,379,lu(2)i,phonetic,"blunt, dull",,,,
15-810-838-1,oduu1239,Iduh,1210,gaju(2)h,phonetic,heavy,,,,
15-820-838-1,oduu1239,Iduh,1052,gajɔ̂ɛ,phonetic,light (in weight),,,,
15-830-838-1,oduu1239,Iduh,1726,pĭəʔ,phonetic,"wet, damp",,,,
15-840-838-1,oduu1239,Iduh,1398,rɔ̂:,phonetic,dry,,,,
15-840-838-2,oduu1239,Iduh,1398,rɔ̂:,phonetic,dry,,,,
15-850-838-1,oduu1239,Iduh,1286,pu(2)ʔ,phonetic,hot,,,,
15-851-838-1,oduu1239,Iduh,1232,ganɛ̂:r,phonetic,warm,,,,
15-860-838-1,oduu1239,Iduh,1287,râw,phonetic,cold,,,,
15-860-838-2,oduu1239,Iduh,1287,ŋîər,phonetic,cold,,,,
15-870-838-1,oduu1239,Iduh,704,ja(2)t,phonetic,clean,,,,
15-880-838-1,oduu1239,Iduh,1230,rɨ̂:,phonetic,"dirty, soiled",,,,
15-890-838-1,oduu1239,Iduh,380,kha(1)rnîəw,phonetic,wrinkled,,,,
16-110-838-1,oduu1239,Iduh,53,mâ:r,phonetic,"soul, spirit",,,,
16-150-838-1,oduu1239,Iduh,1572,tallɛ̂: gadâw / ŋɨ̂t,phonetic,"surprised, astonished",,,,
16-230-838-1,oduu1239,Iduh,1495,kâ:w sanu(2)k,phonetic,"joyful, glad, happy",,,,
16-250-838-1,oduu1239,Iduh,1355,khrîh,phonetic,laugh,,,,
16-251-838-1,oduu1239,Iduh,1451,ńî:m,phonetic,smile,,,,
16-260-838-1,oduu1239,Iduh,1413,ńâ:j,phonetic,play,,,,
16-270-838-1,oduu1239,Iduh,923,ha(2)k,phonetic,love,,,,
16-290-838-1,oduu1239,Iduh,578,mu(2)k,phonetic,kiss,,,,
16-300-838-1,oduu1239,Iduh,928,kɔ̆:t,phonetic,embrace,,,,
16-310-838-1,oduu1239,Iduh,1783,cêw,phonetic,pain,,,,
16-320-838-1,oduu1239,Iduh,1668,ŋăm khit tanʔâ:,phonetic,"grief, sorrow, sadness",,,,
16-330-838-1,oduu1239,Iduh,1000,ŋăm gû:n,phonetic,"anxiety, worry",,,,
16-340-838-1,oduu1239,Iduh,1875,jâw,phonetic,"regret, be sorry",,,,
16-350-838-1,oduu1239,Iduh,1141,ŋăm tanʔâ:,phonetic,pity,,,,
16-370-838-1,oduu1239,Iduh,1839,ńîəm,phonetic,"cry, weep",,,,
16-380-838-1,oduu1239,Iduh,1651,pâj mɔ(2)ɛʔ,phonetic,tear (noun),,,,
16-390-838-1,oduu1239,Iduh,716,garcə̂:,phonetic,groan,,,,
16-410-838-1,oduu1239,Iduh,1607,vâŋ,phonetic,hate,,,,
16-420-838-1,oduu1239,Iduh,82,jâw vâŋ,phonetic,anger,,,,
16-440-838-1,oduu1239,Iduh,40,hŭəŋ,phonetic,"envy, jealousy",,,,
16-450-838-1,oduu1239,Iduh,1776,krâ:ń,phonetic,shame (noun),,,,
16-480-838-1,oduu1239,Iduh,174,phɔ̂: gadâw / lâ:w gadâw,phonetic,proud,,,,
16-510-838-1,oduu1239,Iduh,1779,kêŋ,phonetic,dare,,,,
16-520-838-1,oduu1239,Iduh,3,kêŋ,phonetic,brave,,,,
16-530-838-1,oduu1239,Iduh,781,tûŋ,phonetic,"fear, fright",,,,
16-620-838-1,oduu1239,Iduh,1784,cêw,phonetic,"desire, want",,,,
16-622-838-1,oduu1239,Iduh,1750,lɨ: ʔa(2)ʔ,phonetic,choose,,,,
16-650-838-1,oduu1239,Iduh,100,sa(1)tsɨ:,phonetic,faithful,,,,
16-660-838-1,oduu1239,Iduh,1657,lûŋ,phonetic,true,,,,
16-670-838-1,oduu1239,Iduh,601,dabêw,phonetic,"lie, tell lies",,,,
16-680-838-1,oduu1239,Iduh,13,dabêw,phonetic,deceit,,,,
16-710-838-1,oduu1239,Iduh,1035,lâ:w,phonetic,good,,,,
16-720-838-1,oduu1239,Iduh,1292,kɛ̂: dĭ: lâ:w,phonetic,bad,,,,
16-730-838-1,oduu1239,Iduh,1725,thɨ:,phonetic,"right, correct",,,,
16-740-838-1,oduu1239,Iduh,1390,phit,phonetic,wrong,,,,
16-810-838-1,oduu1239,Iduh,1427,lâ:w ja(2)t,phonetic,beautiful,,,,
16-820-838-1,oduu1239,Iduh,1548,rɨ̂:,phonetic,ugly,,,,
16-830-838-1,oduu1239,Iduh,2018,mak mâ:m,phonetic,greedy,,,,
16-840-838-1,oduu1239,Iduh,1310,jaʔmɔ̂:j,phonetic,clever,,,,
17-140-838-1,oduu1239,Iduh,1513,khɨt,phonetic,think (= be of the opinion),,,,
17-150-838-1,oduu1239,Iduh,1890,khɨt saŋɔ̂:r,phonetic,believe,,,,
17-160-838-1,oduu1239,Iduh,1536,bîən,phonetic,understand,,,,
17-170-838-1,oduu1239,Iduh,1410,bîən,phonetic,know,,,,
17-220-838-1,oduu1239,Iduh,1518,lɔ̂ɛ,phonetic,"foolish, stupid",,,,
17-230-838-1,oduu1239,Iduh,1899,ba(1)rvâɛ,phonetic,"insane, crazy",,,,
17-240-838-1,oduu1239,Iduh,504,hîən,phonetic,learn,,,,
17-242-838-1,oduu1239,Iduh,1929,hîən,phonetic,study,,,,
17-250-838-1,oduu1239,Iduh,709,va(2):t,phonetic,teach,,,,
17-260-838-1,oduu1239,Iduh,753,na(2)khîən,phonetic,pupil,,,,
17-270-838-1,oduu1239,Iduh,1038,khû:,phonetic,teacher,,,,
17-280-838-1,oduu1239,Iduh,673,ho:ŋhîən,phonetic,school,,,,
17-310-838-1,oduu1239,Iduh,707,cə̂ɨ,phonetic,remember,,,,
17-320-838-1,oduu1239,Iduh,1523,kalla(2):t,phonetic,forget,,,,
17-340-838-1,oduu1239,Iduh,989,[mu(2)h] kha(2)k,phonetic,"clear, plain",,,,
17-370-838-1,oduu1239,Iduh,509,sîəʔ gadaw,phonetic,"sure, certain",,,,
17-460-838-1,oduu1239,Iduh,686,ŋâ:j,phonetic,easy,,,,
17-470-838-1,oduu1239,Iduh,584,ńâ:,phonetic,difficult,,,,
17-480-838-1,oduu1239,Iduh,1812,lɔ̂:ŋ gû:n,phonetic,"try, attempt",,,,
17-550-838-1,oduu1239,Iduh,1268,mîən,phonetic,"yes, affirmative",,,,
17-560-838-1,oduu1239,Iduh,1269,dî: mîən,phonetic,"no, negative",,,,
17-610-838-1,oduu1239,Iduh,1239,nɛ:w lə(2):,phonetic,how?,,,,
17-620-838-1,oduu1239,Iduh,822,gamu(2)h,phonetic,how many?,,,,
17-630-838-1,oduu1239,Iduh,531,gamu(2)h,phonetic,how much?,,,,
17-640-838-1,oduu1239,Iduh,1236,ʔalə(2):,phonetic,what?,,,,
17-650-838-1,oduu1239,Iduh,1238,bɨ̂: lə(2):,phonetic,when?,,,,
17-660-838-1,oduu1239,Iduh,1237,handɛ̂:,phonetic,where?,,,,
17-670-838-1,oduu1239,Iduh,727,handɛ̂:,phonetic,which?,,,,
17-680-838-1,oduu1239,Iduh,1235,hammâŋ,phonetic,who?,,,,
17-690-838-1,oduu1239,Iduh,1270,ʔalə̂: hamkɛ̂:,phonetic,why?,,,,
18-221-838-1,oduu1239,Iduh,1711,ʔɛ̂w phɨ:n,phonetic,tell story,,,,
18-230-838-1,oduu1239,Iduh,48,mi(2)t,phonetic,silent (be),,,,
18-240-838-1,oduu1239,Iduh,1307,mâ:j,phonetic,language,,,,
18-280-838-1,oduu1239,Iduh,1405,fi:n,phonetic,name,,,,
18-310-838-1,oduu1239,Iduh,1309,tɔ̂:n,phonetic,"ask (question, inquire)",,,,
18-320-838-1,oduu1239,Iduh,1275,tɔ̂:p,phonetic,answer,,,,
18-350-838-1,oduu1239,Iduh,1828,mû:,phonetic,"ask, request",,,,
18-380-838-1,oduu1239,Iduh,83,hâ:m,phonetic,forbid,,,,
18-410-838-1,oduu1239,Iduh,1084,thrâj,phonetic,call (=summon),,,,
18-440-838-1,oduu1239,Iduh,1192,nă:p,phonetic,threaten,,,,
18-450-838-1,oduu1239,Iduh,101,khû:j,phonetic,boast,,,,
18-510-838-1,oduu1239,Iduh,1672,tɛ̂:m,phonetic,write,,,,
18-560-838-1,oduu1239,Iduh,648,cîə,phonetic,paper,,,,
18-610-838-1,oduu1239,Iduh,963,ka(1)rmɛ̂:ŋ,phonetic,book,,,,
18-710-838-1,oduu1239,Iduh,777,plî:,phonetic,flute,,,,
18-720-838-1,oduu1239,Iduh,908,klô:ŋ,phonetic,drum,,,,
18-730-838-1,oduu1239,Iduh,2136,kɛ̂:,phonetic,"horn, trumpet",,,,
19-110-838-1,oduu1239,Iduh,1300,batâ:j,phonetic,country,,,,
19-150-838-1,oduu1239,Iduh,1391,mɨ̂:ŋ,phonetic,"city, town",,,,
19-160-838-1,oduu1239,Iduh,930,blûŋ,phonetic,village,,,,
19-170-838-1,oduu1239,Iduh,1010,tammɔ̂:r,phonetic,boundary,,,,
19-210-838-1,oduu1239,Iduh,789,phrâm,phonetic,people (populace),,,,
19-250-838-1,oduu1239,Iduh,1296,ga(1)njêw,phonetic,"staff, walking stick",,,,
19-420-838-1,oduu1239,Iduh,812,khɔ̂:j,phonetic,slave,,,,
19-430-838-1,oduu1239,Iduh,255,khɔ̂:j,phonetic,servant,,,,
19-460-838-1,oduu1239,Iduh,1635,sɨ̂ə saŋɔ̂:r,phonetic,obey,,,,
19-510-838-1,oduu1239,Iduh,1325,mŭ:,phonetic,"friend, companion",,,,
19-560-838-1,oduu1239,Iduh,1782,ha(1)nsâ:r,phonetic,guest,,,,
19-570-838-1,oduu1239,Iduh,1545,cə̂: jîŋ,phonetic,host,,,,
19-580-838-1,oduu1239,Iduh,1897,jɔ̂:j,phonetic,"help, aid",,,,
19-610-838-1,oduu1239,Iduh,1747,hî:t,phonetic,custom,,,,
19-620-838-1,oduu1239,Iduh,1848,tîŋ,phonetic,"strife, quarrel",,,,
19-650-838-1,oduu1239,Iduh,1831,mu(2)h,phonetic,meet,,,,
20-130-838-1,oduu1239,Iduh,579,ʔä̂:,phonetic,"war, battle",,,,
20-222-838-1,oduu1239,Iduh,386,svâ:n,phonetic,battle-ax,,,,
20-240-838-1,oduu1239,Iduh,994,sanâ:,phonetic,bow,,,,
20-250-838-1,oduu1239,Iduh,977,sanâ:,phonetic,arrow,,,,
20-260-838-1,oduu1239,Iduh,945,gɔ̂:r,phonetic,spear,,,,
20-270-838-1,oduu1239,Iduh,1535,dă:p,phonetic,sword,,,,
20-280-838-1,oduu1239,Iduh,1566,khrûŋ,phonetic,"gun, cannon",,,,
20-420-838-1,oduu1239,Iduh,782,bɛ̂:,phonetic,defeat,,,,
20-440-838-1,oduu1239,Iduh,1330,hɛ̂: [handî:],phonetic,defend,,,,
20-520-838-1,oduu1239,Iduh,1074,dabɔ̂:j,phonetic,fishhook,,,,
20-540-838-1,oduu1239,Iduh,388,jâɛ,phonetic,fishnet,,,,
20-550-838-1,oduu1239,Iduh,389,tîəŋ,phonetic,fish trap,,,,
20-560-838-1,oduu1239,Iduh,2013,ńɨ̆ə,phonetic,bait,,,,
20-610-838-1,oduu1239,Iduh,1435,lu(2)ɛʔ thiəw pêŋ,phonetic,hunt,,,,
20-620-838-1,oduu1239,Iduh,1172,pêŋ,phonetic,shoot,,,,
20-630-838-1,oduu1239,Iduh,161,vi(2)t phanla(2)ɛʔ,phonetic,miss (target),,,,
20-640-838-1,oduu1239,Iduh,1075,kɔbɔ̆ʔ,phonetic,trap (noun),,,,
20-640-838-3,oduu1239,Iduh,1075,kathi:p,phonetic,trap (noun),,,,
20-640-838-5,oduu1239,Iduh,1075,dâm,phonetic,trap (noun),,,,
20-640-838-7,oduu1239,Iduh,1075,kalɔ̂:j,phonetic,trap (noun),,,,
20-640-838-9,oduu1239,Iduh,1075,râ:w,phonetic,trap (noun),,,,
20-650-838-1,oduu1239,Iduh,1170,plɔ̂ć,phonetic,trap (vb),,,,
20-650-838-3,oduu1239,Iduh,1170,cä(2)h,phonetic,trap (vb),,,,
21-370-838-1,oduu1239,Iduh,390,cä(2)h thô:t,phonetic,"penalty, punishment",,,,
21-380-838-1,oduu1239,Iduh,218,mə̆:,phonetic,fine,,,,
21-390-838-1,oduu1239,Iduh,1281,khu(2)k,phonetic,"prison, jail",,,,
21-420-838-1,oduu1239,Iduh,845,gabɔ̂ɛ,phonetic,murder,,,,
21-430-838-1,oduu1239,Iduh,902,ga(1)rrâj,phonetic,adultery,,,,
21-440-838-1,oduu1239,Iduh,953,thamrâ:j,phonetic,rape,,,,
21-520-838-1,oduu1239,Iduh,1160,cŏ:n,phonetic,thief,,,,
22-240-838-1,oduu1239,Iduh,8,ŋâw / să:p,phonetic,curse,,,,
22-260-838-1,oduu1239,Iduh,303,ŋɛ(2)t,phonetic,fast (vb),,,,
22-420-838-1,oduu1239,Iduh,392,cŏm mûən,phonetic,"magic, witchcraft, sorcery",,,,
22-430-838-1,oduu1239,Iduh,2137,bu(2)ɛ mûən,phonetic,"sorcerer, witch",,,,
22-450-838-1,oduu1239,Iduh,1175,bu(2)ɛ,phonetic,"ghost, phantom",,,,
22-470-838-1,oduu1239,Iduh,107,hĕ:t,phonetic,"omen, portent",,,,
