ID,Language_ID,Language_name,Parameter_ID,Value,Transcription,Concept,Source,Comment,AlternativeValue,AlternativeTranscription
14-320-278-1,pano1254,Catuquina,1852,-βaʔĩ-βaʔĩ-,Phonemic,often,,,,
14-310-278-1,pano1254,Catuquina,1676,βari βɨno-i-ma,Phonemic,always,,,,
14-290-278-1,pano1254,Catuquina,790,haβi-,Phonemic,ready,,,,
14-280-278-1,pano1254,Catuquina,1928,hɨnɨ-,Phonemic,"cease, stop",,,,
14-270-278-1,pano1254,Catuquina,1766,haβi-,Phonemic,finish,,,,
14-260-278-1,pano1254,Catuquina,743,kɨyo-t-,Phonemic,end (temporal),,,,
14-252-278-1,pano1254,Catuquina,1186,kɨyo-yama-,Phonemic,"last, endure",,,,
14-250-278-1,pano1254,Catuquina,1806,ṣ̌iṣ̌a-βiʔi-,Phonemic,"begin, beginning",,,,
14-240-278-1,pano1254,Catuquina,425,[ĩpata-],Phonemic,"retard, delay",,From Port. 'impatar'.,,
14-230-278-1,pano1254,Catuquina,754,raya-,Phonemic,"hasten, hurry",,,,
14-220-278-1,pano1254,Catuquina,701,tana-(pičṣ̌a),Phonemic,slow,,,,
14-210-278-1,pano1254,Catuquina,1631,raya-,Phonemic,"swift, fast, quick",,,,
14-210-278-3,pano1254,Catuquina,1631,βɨstɨ̃-(pa),Phonemic,"swift, fast, quick",,,,
14-190-278-1,pano1254,Catuquina,1963,rama-pičṣ̌a,Phonemic,immediately,,"In this culture, 'immediately' is a very relative concept.",,
14-180-278-1,pano1254,Catuquina,1376,rama,Phonemic,now,,,,
14-150-278-1,pano1254,Catuquina,1229,šɨni-ra,Phonemic,old,,,,
14-140-278-1,pano1254,Catuquina,1207,šɨni-ra-ma,Phonemic,young,,Lit. 'old-negative'.,,
14-120-278-1,pano1254,Catuquina,1789,-tiʔi βari-a,Phonemic,age,,,,
14-130-278-1,pano1254,Catuquina,1231,βɨna-pa,Phonemic,new,,,,
14-110-278-1,pano1254,Catuquina,892,βari-namã,Phonemic,time,,Also hawɨ-tiʔi βari; βari means 'sun' 01.520.,,
13-380-278-1,pano1254,Catuquina,1546,nɨska-βɨkoĩ a-kĩ,Phonemic,two times,,,,
13-370-278-1,pano1254,Catuquina,1888,raβɨ,Phonemic,pair,,Cf. 'two' 13.020.,,
13-370-278-3,pano1254,Catuquina,1888,-βɨkoĩ,Phonemic,pair,,Cf. 'two' 13.020.,,
13-350-278-1,pano1254,Catuquina,1529,ṣ̌ipo,Phonemic,last,,"Also means 'after, behind' 12.010.",,
13-340-278-1,pano1254,Catuquina,728,βɨβo,Phonemic,first,,,,
13-340-278-3,pano1254,Catuquina,728,pari,Phonemic,first,,,,
13-330-278-1,pano1254,Catuquina,1580,wɨsti-s,Phonemic,"alone, only",,Also means 'one' 13.010.,,
13-240-278-1,pano1254,Catuquina,816,hama-ʔori-ti,Phonemic,half,,,,
13-230-278-1,pano1254,Catuquina,779,wɨc̷a,Phonemic,"part, piece",,,,
13-230-278-3,pano1254,Catuquina,779,tɨa-(pičṣ̌a),Phonemic,"part, piece",,,,
13-220-278-1,pano1254,Catuquina,1624,šaka,Phonemic,empty,,"Also compare the concept of 'covering/casing', as in 'shell' 03.655; etc. [and see examples there...]",,
13-210-278-1,pano1254,Catuquina,1429,maṣ̌a i-,Phonemic,full,,,,
13-190-278-1,pano1254,Catuquina,2023,nokɨ-ʔã hawɨ-ʔa-ti-ma-ka,Phonemic,"multitude, crowd",,,,
13-181-278-1,pano1254,Catuquina,1241,wɨc̷a,Phonemic,some,,,,
13-170-278-1,pano1254,Catuquina,1242,oti-ma-pičṣ̌a,Phonemic,"little (quantity), few",,,,
13-180-278-1,pano1254,Catuquina,1881,haska-nõ,Phonemic,enough,,,,
13-180-278-3,pano1254,Catuquina,1881,i-βi-s-aʔi,Phonemic,enough,,,,
13-160-278-1,pano1254,Catuquina,1992,oti-pira,Phonemic,more,,,,
13-150-278-1,pano1254,Catuquina,1198,oti-pa,Phonemic,"much, many",,,,
13-140-278-1,pano1254,Catuquina,98,kɨyo-s-ka,Phonemic,"every, all",,"Intransitive subject form. Other forms are: kɨyo-šo-βi-ska, transitive subject; kɨyo-kĩ, object; kɨyo-s-a-kĩ, plural object; kɨyo-ʔič, passive voice subject.",,
13-107-278-1,pano1254,Catuquina,1420,kac̷ɨ-,Phonemic,count,,,,
13-100-278-1,pano1254,Catuquina,1515,mɨβi-tiʔi,Phonemic,ten,,Lit. 'hand-?' 04.330.,,
13-50-278-1,pano1254,Catuquina,493,mɨβi hama-ʔori-tiʔi,Phonemic,five,,Lit. 'hand ?' 04.330.,,
13-20-278-1,pano1254,Catuquina,1498,nɨska-βɨkoĩ,Phonemic,two,,,,
13-30-278-1,pano1254,Catuquina,492,nɨska-βɨkoĩ wɨsti-s,Phonemic,three,,,,
13-10-278-1,pano1254,Catuquina,1493,wɨsti-s,Phonemic,one,,,,
13-0-278-1,pano1254,Catuquina,1294,yama,Phonemic,"zero, nothing",,,,
12-930-278-1,pano1254,Catuquina,1264,-kɨkawã,Phonemic,change,,,,
12-930-278-3,pano1254,Catuquina,1264,tɨki,Phonemic,change,,,,
12-920-278-1,pano1254,Catuquina,1558,kɨsa,Phonemic,"like, similar",,,,
12-850-278-1,pano1254,Catuquina,1667,kini,Phonemic,hole,,Also mai rõkɨ-ʔata.,,
12-830-278-1,pano1254,Catuquina,1845,čoroʔĩ-ti,Phonemic,"sphere, ball",,,,
12-810-278-1,pano1254,Catuquina,1395,toro,Phonemic,round,,,,
12-820-278-1,pano1254,Catuquina,1467,toro,Phonemic,circle,,,,
12-780-278-1,pano1254,Catuquina,850,c̷ãtɨ,Phonemic,square,,,,
12-770-278-1,pano1254,Catuquina,1367,šanɨ̃ hiwi,Phonemic,cross,,,,
12-740-278-1,pano1254,Catuquina,297,rõkɨ,Phonemic,crooked,,,,
12-730-278-1,pano1254,Catuquina,1404,mɨki-pa,Phonemic,straight,,Cf. 'right(side)' 12.410.,,
12-710-278-1,pano1254,Catuquina,1633,c̷ãpa,Phonemic,flat,,,,
12-680-278-1,pano1254,Catuquina,193,okɨ-ma,Phonemic,shallow,,Lit. 'deep-negative'.,,
12-670-278-1,pano1254,Catuquina,1593,okɨ,Phonemic,deep,,,,
12-650-278-1,pano1254,Catuquina,2249,kɨmi-ma,Phonemic,thin (in dimension),,Lit. 'thick-negative'.,,
12-630-278-1,pano1254,Catuquina,1244,kɨβi-,Phonemic,thick (in dimension),,,,
12-620-278-1,pano1254,Catuquina,1267,našβa-ma,Phonemic,narrow,,Lit. 'wide-negative'.,,
12-610-278-1,pano1254,Catuquina,1243,našβa,Phonemic,"wide, broad",,,,
12-590-278-1,pano1254,Catuquina,1645,toko-pičṣ̌a,Phonemic,short,,,,
12-580-278-1,pano1254,Catuquina,711,kɨya-pa,Phonemic,tall,,,,
12-570-278-1,pano1254,Catuquina,1203,kɨya-pa,Phonemic,long,,,,
12-560-278-1,pano1254,Catuquina,1246,ṣ̌ã-pičṣ̌a,Phonemic,"small, little",,,,
12-550-278-1,pano1254,Catuquina,1202,ani-pa,Phonemic,"large, big",,,,
12-540-278-1,pano1254,Catuquina,1506,tana-,Phonemic,measure,,,,
12-530-278-1,pano1254,Catuquina,479,yosi-ṣ̌-,Phonemic,grow,,,,
12-460-278-1,pano1254,Catuquina,1817,βari pakɨ-t-aʔi-kiri,Phonemic,west,,"Lit. 'sun falls-?', 01.520; 10.230.",,
12-450-278-1,pano1254,Catuquina,1877,βari sana-ʔina-kiri,Phonemic,east,,"Lit. 'sun dwells-?', 01.520; 07.110.",,
12-430-278-1,pano1254,Catuquina,1942,ora-ma,Phonemic,near (adv),,,,
12-440-278-1,pano1254,Catuquina,1406,tokɨ-,Phonemic,far (adv),,,,
12-420-278-1,pano1254,Catuquina,244,pɨšmi-ʔo-ʔri,Phonemic,left (side),,,,
12-410-278-1,pano1254,Catuquina,1019,mɨki-ʔo-ri,Phonemic,right (side),,Cf. 'straight' 12.730.,,
12-370-278-1,pano1254,Catuquina,1093,naki-koĩ,Phonemic,"middle, center",,Cf. 'inside' 12.050.,,
12-360-278-1,pano1254,Catuquina,682,-ri,Phonemic,side,,Cf. 'beside' 12.020.,,
12-360-278-3,pano1254,Catuquina,682,-ʔo-ri,Phonemic,side,,Cf. 'beside' 12.020.,,
12-353-278-1,pano1254,Catuquina,863,kɨša,Phonemic,edge,,,,
12-353-278-3,pano1254,Catuquina,863,kɨwã,Phonemic,edge,,,,
12-352-278-1,pano1254,Catuquina,372,kɨno-ʔata,Phonemic,pointed,,,,
12-350-278-1,pano1254,Catuquina,742,ṣ̌ipõ,Phonemic,end,,,,
12-350-278-3,pano1254,Catuquina,742,rɨβo,Phonemic,end,,,,
12-340-278-1,pano1254,Catuquina,690,taʔɨ,Phonemic,bottom,,Also means 'foot' 04.370. Cf. 'trousers' 06.480.,,
12-320-278-1,pano1254,Catuquina,721,okɨ-ma,Phonemic,low,,Lit. 'high negative'.,,
12-330-278-1,pano1254,Catuquina,1753,mãkaʔĩ,Phonemic,top,,,,
12-310-278-1,pano1254,Catuquina,1265,okɨ,Phonemic,high,,,,
12-270-278-1,pano1254,Catuquina,602,honɨ-šo-,Phonemic,"hide, conceal",,,,
12-250-278-1,pano1254,Catuquina,1046,kɨpo-,Phonemic,"shut, close",,,,
12-260-278-1,pano1254,Catuquina,761,ipo,Phonemic,cover,,"Respectively: to cover over, as with a blanket; to cover with a lid, as for a jar.",,
12-260-278-3,pano1254,Catuquina,761,βɨtaš-,Phonemic,cover,,"Respectively: to cover over, as with a blanket; to cover with a lid, as for a jar.",,
12-240-278-1,pano1254,Catuquina,1156,βɨpɨ̃-,Phonemic,open,,,,
12-232-278-1,pano1254,Catuquina,1119,paška-βɨkoĩ-,Phonemic,divide,,,,
12-230-278-1,pano1254,Catuquina,1359,paška-,Phonemic,separate,,,,
12-220-278-1,pano1254,Catuquina,1743,tašna-,Phonemic,"join, unite",,,,
12-213-278-1,pano1254,Catuquina,1576,kãṣ̌i-,Phonemic,pile up,,,,
12-213-278-3,pano1254,Catuquina,1576,sanã-,Phonemic,pile up,,,,
12-212-278-1,pano1254,Catuquina,371,topi-,Phonemic,pick up,,,,
12-210-278-1,pano1254,Catuquina,7,topi-,Phonemic,"collect, gather",,,,
12-170-278-1,pano1254,Catuquina,838,tɨšɨ,Phonemic,"remains, left overs",,,,
12-160-278-1,pano1254,Catuquina,987,nɨno-s-,Phonemic,"remain, stay",,,,
12-150-278-1,pano1254,Catuquina,1442,ni-,Phonemic,stand,,,,
12-140-278-1,pano1254,Catuquina,215,raka-ʔina-,Phonemic,lie down,,,,
12-130-278-1,pano1254,Catuquina,1416,βɨʔo-t,Phonemic,sit,,,,
12-120-278-1,pano1254,Catuquina,998,βɨʔõ-,Phonemic,put,,,,
12-120-278-3,pano1254,Catuquina,998,rakã-,Phonemic,put,,,,
12-120-278-5,pano1254,Catuquina,998,sanã-,Phonemic,put,,,,
12-110-278-1,pano1254,Catuquina,723,šaβa,Phonemic,place,,Also means 'world' 01.100.,,
12-80-278-1,pano1254,Catuquina,1591,mana-ʔori,Phonemic,"up, above",,,,
12-80-278-3,pano1254,Catuquina,1591,maṣ̌i,Phonemic,"up, above",,,,
12-70-278-1,pano1254,Catuquina,1485,tɨro,Phonemic,under,,,,
12-60-278-1,pano1254,Catuquina,762,šaβɨ-kɨ,Phonemic,outside,,,,
12-50-278-1,pano1254,Catuquina,1606,naki,Phonemic,"inside, in",,,,
12-41-278-1,pano1254,Catuquina,1883,βɨβo,Phonemic,front,,,,
12-40-278-1,pano1254,Catuquina,1882,βɨβo,Phonemic,before,,Cf. 'face' 04.204; 'eye' 04.210.,,
12-30-278-1,pano1254,Catuquina,2094,waka-ʔori,Phonemic,"down, below",,,,
12-20-278-1,pano1254,Catuquina,1816,-ʔori,Phonemic,beside,,Also means 'side' 12.360.,,
12-11-278-1,pano1254,Catuquina,1686,ṣ̌ipo,Phonemic,behind,,,,
12-10-278-1,pano1254,Catuquina,1685,ṣ̌ipo,Phonemic,after,,,,
11-920-278-1,pano1254,Catuquina,1098,wɨtã-,Phonemic,weigh,,,,
11-910-278-1,pano1254,Catuquina,884,nokɨ kɨyo-kĩ ĩnã-,Phonemic,share (distribute),,,,
11-890-278-1,pano1254,Catuquina,1887,kɨnɨ-maʔã,Phonemic,cheap,,,,
11-880-278-1,pano1254,Catuquina,1426,kɨnɨ-koĩnãka,Phonemic,"dear (costly, expensive)",,,,
11-870-278-1,pano1254,Catuquina,657,-tiʔi kɨnɨ,Phonemic,price,,kɨnɨ is 'money' 11.430.,,
11-860-278-1,pano1254,Catuquina,752,[loǰa] (?) [loya],Phonemic,"store, shop",,From Port. 'loja'.,,
11-840-278-1,pano1254,Catuquina,1082,[hikatão],Phonemic,merchant,,"From regional Port. 'regatão', a river trader.",,
11-830-278-1,pano1254,Catuquina,2135,kopi-ʔina-,Phonemic,"trade, barter",,,,
11-820-278-1,pano1254,Catuquina,1571,hɨnɨ-,Phonemic,sell,,,,
11-810-278-1,pano1254,Catuquina,1869,βi-,Phonemic,buy,,,,
11-790-278-1,pano1254,Catuquina,733,kopi-,Phonemic,earn,,Also mɨʔɨ i-šõ βi-.,,
11-780-278-1,pano1254,Catuquina,1122,ɨa kopi-,Phonemic,wages,,,,
11-770-278-1,pano1254,Catuquina,856,mɨʔɨ i-ma-,Phonemic,hire,,,,
11-660-278-1,pano1254,Catuquina,1081,[konta],Phonemic,"account, reckoning",,From Port. 'conta'.,,
11-650-278-1,pano1254,Catuquina,718,kopi-ma-,Phonemic,pay (vb),,,,
11-630-278-1,pano1254,Catuquina,369,[deβiʔa-],Phonemic,owe,,From Port. 'dever'.,,
11-620-278-1,pano1254,Catuquina,1823,yoka-,Phonemic,borrow,,,,
11-610-278-1,pano1254,Catuquina,582,ĩnã-yo-,Phonemic,lend,,,,
11-540-278-1,pano1254,Catuquina,1774,yowači,Phonemic,"avaricious, stingy",,,,
11-520-278-1,pano1254,Catuquina,1674,hawɨ-ʔo-s-ma,Phonemic,poor,,,,
11-510-278-1,pano1254,Catuquina,712,honi-koĩnãka,Phonemic,rich,,Also aĩ-βo-koĩnãka.,,
11-430-278-1,pano1254,Catuquina,1559,kɨnɨ-,Phonemic,money,,,,
11-340-278-1,pano1254,Catuquina,1095,pɨka-,Phonemic,"release, let go",,,,
11-330-278-1,pano1254,Catuquina,1660,βɨno-,Phonemic,lose,,,,
11-220-278-1,pano1254,Catuquina,85,ĩnã-ʔo-,Phonemic,give back,,,,
11-210-278-1,pano1254,Catuquina,1447,ĩnã-,Phonemic,give,,,,
11-180-278-1,pano1254,Catuquina,738,hawɨ,Phonemic,thing,,,,
11-170-278-1,pano1254,Catuquina,1477,iβoʔa-,Phonemic,"keep, retain",,,,
11-160-278-1,pano1254,Catuquina,694,βi-,Phonemic,"get, obtain",,,,
11-150-278-1,pano1254,Catuquina,1448,yatã-,Phonemic,hold,,,,
11-140-278-1,pano1254,Catuquina,2021,aṣ̌i-,Phonemic,"seize, grasp",,,,
11-130-278-1,pano1254,Catuquina,1749,βi-ʔã-,Phonemic,take,,Cf. 'carry' 10.615.,,
11-120-278-1,pano1254,Catuquina,684,iβoʔa-,Phonemic,"own, possess",,,,
11-110-278-1,pano1254,Catuquina,773,haʔa-,Phonemic,have,,,,
10-920-278-1,pano1254,Catuquina,1922,ṣ̌aṣ̌i-inĩ-,Phonemic,land (vb),,,,
10-910-278-1,pano1254,Catuquina,610,nači-ti-namã,Phonemic,"harbor, port",,,,
10-852-278-1,pano1254,Catuquina,1849,towɨ̃-βaʔĩ-,Phonemic,row (vb),,,,
10-851-278-1,pano1254,Catuquina,234,koya-ri-ti,Phonemic,paddle (noun),,,,
10-840-278-1,pano1254,Catuquina,1664,tao,Phonemic,raft,,,,
10-831-278-1,pano1254,Catuquina,1970,nõ-ti,Phonemic,canoe,,,,
10-830-278-1,pano1254,Catuquina,1844,nõ-ti,Phonemic,boat,,Cf. 'float' 10.340.,,
10-810-278-1,pano1254,Catuquina,740,[wapo],Phonemic,ship,,From old Port. 'vapor'.,,
10-760-278-1,pano1254,Catuquina,710,[karro]-nõ taʔɨ,Phonemic,wheel,,Lit. 'cart-? foot'.,,
10-750-278-1,pano1254,Catuquina,122,[karro],Phonemic,"carriage, wagon, cart",,From Port. 'carro/carrinho'.,,
10-740-278-1,pano1254,Catuquina,1011,βɨka tapã,Phonemic,bridge,,,,
10-720-278-1,pano1254,Catuquina,2252,βaʔi,Phonemic,path,,,,
10-710-278-1,pano1254,Catuquina,667,βaʔi,Phonemic,road,,,,
10-670-278-1,pano1254,Catuquina,1452,šotõ-,Phonemic,"push, shove",,,,
10-660-278-1,pano1254,Catuquina,367,mai-ʔina-,Phonemic,ride,,Means to ride an animal. Other forms use the verb 'go' and include the vehicle.,,
10-650-278-1,pano1254,Catuquina,741,ka-ma-,Phonemic,drive,,,,
10-640-278-1,pano1254,Catuquina,43,ɨwɨ-βaʔĩ-,Phonemic,lead (vb),,,,
10-630-278-1,pano1254,Catuquina,1127,yono-,Phonemic,send,,,,
10-620-278-1,pano1254,Catuquina,692,βi-βɨʔiã-,Phonemic,bring,,,,
10-615-278-1,pano1254,Catuquina,415,βi-,Phonemic,carry-underarm,,,,
10-614-278-1,pano1254,Catuquina,414,mai-,Phonemic,carry-on-head,,,,
10-613-278-1,pano1254,Catuquina,413,ia-,Phonemic,carry-on-shoulder,,,,
10-612-278-1,pano1254,Catuquina,412,toʔĩ-,Phonemic,carry-in-hand,,,,
10-610-278-1,pano1254,Catuquina,700,kaĩ-,Phonemic,carry (bear),,,,
10-570-278-1,pano1254,Catuquina,749,hiko-,Phonemic,enter,,,,
10-560-278-1,pano1254,Catuquina,1778,taβa ka-,Phonemic,approach,,,,
10-550-278-1,pano1254,Catuquina,1387,noko-t-,Phonemic,"reach, arrive",,,,
10-530-278-1,pano1254,Catuquina,1047,ṣ̌iβã-,Phonemic,pursue,,,,
10-520-278-1,pano1254,Catuquina,1085,haṣ̌õ-,Phonemic,follow,,,,
10-510-278-1,pano1254,Catuquina,956,kaya-,Phonemic,flee,,Respectively: singular form; plural form.,,
10-510-278-3,pano1254,Catuquina,956,βɨokoʔo-,Phonemic,flee,,Respectively: singular form; plural form.,,
10-490-278-1,pano1254,Catuquina,1752,ka-,Phonemic,"go away, depart",,,,
10-490-278-3,pano1254,Catuquina,1752,βo-,Phonemic,"go away, depart",,,,
10-481-278-1,pano1254,Catuquina,581,ho-ʔo,Phonemic,come back,,,,
10-481-278-3,pano1254,Catuquina,581,βɨ-ʔo,Phonemic,come back,,,,
10-480-278-1,pano1254,Catuquina,1446,ho-,Phonemic,come,,Respectively: singular form; plural form of verb.,,
10-480-278-3,pano1254,Catuquina,1446,βɨ,Phonemic,come,,Respectively: singular form; plural form of verb.,,
10-474-278-1,pano1254,Catuquina,1107,šaβa-kɨ ka-,Phonemic,go out,,,,
10-473-278-1,pano1254,Catuquina,2014,ṣ̌oyo i-,Phonemic,go down,,,,
10-472-278-1,pano1254,Catuquina,1102,nɨʔɨ-ʔina,Phonemic,climb,,,,
10-470-278-1,pano1254,Catuquina,695,ka-,Phonemic,go,,Respectively: singular form; plural form of verb.,,
10-470-278-3,pano1254,Catuquina,695,βo-,Phonemic,go,,Respectively: singular form; plural form of verb.,,
10-471-278-1,pano1254,Catuquina,705,pai-ʔina,Phonemic,go up,,,,
10-471-278-3,pano1254,Catuquina,705,nɨʔɨ-ʔina-,Phonemic,go up,,,,
10-460-278-1,pano1254,Catuquina,1519,kaya-,Phonemic,run,,,,
10-451-278-1,pano1254,Catuquina,366,hotɨ-t-,Phonemic,limp,,,,
10-450-278-1,pano1254,Catuquina,1443,ni-ʔa-kawã-,Phonemic,walk,,,,
10-440-278-1,pano1254,Catuquina,1879,mono-t-,Phonemic,dance,,,,
10-431-278-1,pano1254,Catuquina,1135,taʔɨ̃ rički-,Phonemic,kick,,Cf. 'foot' taʔɨ 04.370.,,
10-430-278-1,pano1254,Catuquina,1829,niʔi-pakɨ-t-,Phonemic,"jump, leap",,,,
10-420-278-1,pano1254,Catuquina,1324,taya-βaʔĩ-,Phonemic,"slide, slip",,,,
10-413-278-1,pano1254,Catuquina,296,c̷ira i-ki βɨʔo-t-,Phonemic,crouch,,,,
10-412-278-1,pano1254,Catuquina,66,rãti pakɨ-t-,Phonemic,kneel,,,,
10-410-278-1,pano1254,Catuquina,96,mɨšo-,Phonemic,"creep, crawl",,,,
10-380-278-1,pano1254,Catuquina,175,šõa-,Phonemic,blow,,,,
10-370-278-1,pano1254,Catuquina,1441,noya-,Phonemic,fly (vb),,,,
10-352-278-1,pano1254,Catuquina,365,towɨ̃-,Phonemic,splash,,,,
10-351-278-1,pano1254,Catuquina,119,morĩč i-,Phonemic,dive,,,,
10-350-278-1,pano1254,Catuquina,1439,nona,Phonemic,swim,,,,
10-340-278-1,pano1254,Catuquina,1574,nono-t-,Phonemic,float,,,,
10-330-278-1,pano1254,Catuquina,1088,nɨšti-,Phonemic,sink,,,,
10-320-278-1,pano1254,Catuquina,2003,ṣ̌iwi-,Phonemic,flow,,,,
10-260-278-1,pano1254,Catuquina,1909,sakõ-,Phonemic,shake,,,,
10-252-278-1,pano1254,Catuquina,702,aṣ̌i-,Phonemic,catch (ball),,,,
10-250-278-1,pano1254,Catuquina,1456,oriʔa-,Phonemic,throw,,,,
10-240-278-1,pano1254,Catuquina,2253,tois i-,Phonemic,drip,,,,
10-230-278-1,pano1254,Catuquina,1280,pakɨ-t-,Phonemic,fall,,,,
10-220-278-1,pano1254,Catuquina,501,wakɨ-ʔinĩ-,Phonemic,"raise, lift",,,,
10-210-278-1,pano1254,Catuquina,568,ni-ʔina,Phonemic,rise,,,,
10-210-278-3,pano1254,Catuquina,568,nɨʔɨ-ʔina,Phonemic,rise,,,,
10-170-278-1,pano1254,Catuquina,430,maya a-,Phonemic,twist,,,,
10-160-278-1,pano1254,Catuquina,808,pakɨ-,Phonemic,drop (vb),,,,
10-150-278-1,pano1254,Catuquina,827,sɨβi-,Phonemic,roll,,,,
10-140-278-1,pano1254,Catuquina,1113,rako-,Phonemic,"wind, wrap",,,,
10-130-278-1,pano1254,Catuquina,1445,pirõ,Phonemic,turn around,,,,
10-120-278-1,pano1254,Catuquina,1588,nasõ-kɨ-βoʔã-,Phonemic,turn over,,,,
10-110-278-1,pano1254,Catuquina,765,tɨki-,Phonemic,move,,,,
9-890-278-1,pano1254,Catuquina,2001,pɨpoš-,Phonemic,paint (vb),,,,
9-840-278-1,pano1254,Catuquina,1979,hiwi pokĩ-ti,Phonemic,chisel,,,,
9-880-278-1,pano1254,Catuquina,647,pɨpoš-ti,Phonemic,paint (noun),,,,
9-791-278-1,pano1254,Catuquina,360,wɨkoʔa-,Phonemic,fan (vb),,,,
9-790-278-1,pano1254,Catuquina,1971,wɨkoʔa-ti,Phonemic,fan (noun),,,,
9-770-278-1,pano1254,Catuquina,195,pičĩ,Phonemic,mat,,,,
9-760-278-1,pano1254,Catuquina,1539,koki,Phonemic,basket,,,,
9-750-278-1,pano1254,Catuquina,1729,šɨwa-,Phonemic,"weave, plait",,Also means 'sew' 06.350; 06.330.,,
9-740-278-1,pano1254,Catuquina,604,βɨisi-ti,Phonemic,glass,,,,
9-730-278-1,pano1254,Catuquina,1399,mapo,Phonemic,clay,,Cf. 'earth' 01.210.,,
9-690-278-1,pano1254,Catuquina,358,tarã,Phonemic,"tin, tinplate",,,,
9-680-278-1,pano1254,Catuquina,627,[para],Phonemic,lead (noun),,"From Port. 'bala', which refers to a lead cartridge.",,
9-560-278-1,pano1254,Catuquina,1069,tašna-ti,Phonemic,glue,,,,
9-500-278-1,pano1254,Catuquina,502,sɨo-ti,Phonemic,nail,,,,
9-490-278-1,pano1254,Catuquina,1481,matoʔa-ti,Phonemic,hammer,,,,
9-480-278-1,pano1254,Catuquina,1948,sɨno-ti,Phonemic,saw,,,,
9-461-278-1,pano1254,Catuquina,46,pokĩ,Phonemic,hollow out,,,,
9-460-278-1,pano1254,Catuquina,1501,horo-,Phonemic,bore,,,,
9-440-278-1,pano1254,Catuquina,1840,... a-,Phonemic,build,,"The type of building must be stated first; the a- means 'do, make' 09.110.",,
9-380-278-1,pano1254,Catuquina,245,mac̷o-ti,Phonemic,broom,,,,
9-360-278-1,pano1254,Catuquina,1453,ṣ̌oa-,Phonemic,wash,,,,
9-370-278-1,pano1254,Catuquina,230,mac̷o-,Phonemic,sweep,,,,
9-350-278-1,pano1254,Catuquina,1487,oka-,Phonemic,pour,,,,
9-343-278-1,pano1254,Catuquina,1414,ṣ̌inĩ-,Phonemic,"squeeze, wring",,,,
9-342-278-1,pano1254,Catuquina,1913,tɨyo-,Phonemic,press,,,,
9-341-278-1,pano1254,Catuquina,357,wɨõ-ʔinĩ-,Phonemic,hang up,,,,
9-340-278-1,pano1254,Catuquina,38,pɨta-βoʔã-,Phonemic,spread out,,,,
9-330-278-1,pano1254,Catuquina,1455,nini-,Phonemic,pull,,,,
9-320-278-1,pano1254,Catuquina,214,awetã-,Phonemic,stretch,,,,
9-320-278-3,pano1254,Catuquina,214,tee a-,Phonemic,stretch,,,,
9-310-278-1,pano1254,Catuquina,1449,toško-,Phonemic,"rub, wipe",,,,
9-290-278-1,pano1254,Catuquina,291,ṣ̌oraš a-,Phonemic,"flay, skin",,,,
9-280-278-1,pano1254,Catuquina,1735,taras a-,Phonemic,tear,,Respectively: transitive; intransitive.,,
9-280-278-3,pano1254,Catuquina,1735,taras i-,Phonemic,tear,,Respectively: transitive; intransitive.,,
9-270-278-1,pano1254,Catuquina,1437,pɨša-,Phonemic,split,,,,
9-261-278-1,pano1254,Catuquina,588,toβi-ṣ̌-,Phonemic,broken,,,,
9-260-278-1,pano1254,Catuquina,680,toβa-,Phonemic,break,,,,
9-250-278-1,pano1254,Catuquina,677,roɨ,Phonemic,ax,,,,
9-251-278-1,pano1254,Catuquina,290,nõti pokĩ-ti,Phonemic,adze,,,,
9-240-278-1,pano1254,Catuquina,356,mapi,Phonemic,"scissors, shears",,,,
9-230-278-1,pano1254,Catuquina,1352,roɨ šɨta,Phonemic,knife,,,,
9-223-278-1,pano1254,Catuquina,1434,ṣ̌aṣ̌i-,Phonemic,stab,,,,
9-222-278-1,pano1254,Catuquina,155,rɨra-,Phonemic,"chop, hew",,,,
9-221-278-1,pano1254,Catuquina,355,rɨra-,Phonemic,cut down,,,,
9-220-278-1,pano1254,Catuquina,1432,šatɨ-,Phonemic,cut,,,,
9-211-278-1,pano1254,Catuquina,354,ṣ̌aka-,Phonemic,pound with fist,,,,
9-210-278-1,pano1254,Catuquina,2133,rički-,Phonemic,"strike (hit, beat)",,Refers to action when an object is used.,,
9-192-278-1,pano1254,Catuquina,760,šoko,Phonemic,knot (noun),,,,
9-190-278-1,pano1254,Catuquina,1218,ṣ̌oka rɨsβi,Phonemic,"rope, cord",,,,
9-180-278-1,pano1254,Catuquina,1627,[korrente],Phonemic,chain,,From Port. 'corrente'.,,
9-161-278-1,pano1254,Catuquina,352,pɨka-,Phonemic,untie,,,,
9-160-278-1,pano1254,Catuquina,1917,nɨša-,Phonemic,"tie, bind",,,,
9-160-278-3,pano1254,Catuquina,1917,tɨskɨ-,Phonemic,"tie, bind",,,,
9-150-278-1,pano1254,Catuquina,1470,kato-,Phonemic,fold,,,,
9-140-278-1,pano1254,Catuquina,2004,rõkɨ a-,Phonemic,bend,,,,
9-120-278-1,pano1254,Catuquina,984,mɨʔɨ i-,Phonemic,work,,,,
9-110-278-1,pano1254,Catuquina,2575,a-,Phonemic,"do, make",,,,
9-110-278-3,pano1254,Catuquina,2575,šoβi-ma-,Phonemic,"do, make",,,,
8-980-278-1,pano1254,Catuquina,641,čoamis,Phonemic,mushroom,,,,
8-970-278-1,pano1254,Catuquina,33,βakis,Phonemic,nettle,,,,
8-960-278-1,pano1254,Catuquina,348,aša,Phonemic,fish poison (root),,"Refers to the leaves and berries of the aša plant, which they cultivate for fishing by stunning the fish with the mixture.",,
8-941-278-1,pano1254,Catuquina,146,tawa βata,Phonemic,sugar cane,,Lit. '? sweet' 15.350.,,
8-940-278-1,pano1254,Catuquina,1927,kora,Phonemic,bamboo,,,,
8-931-278-1,pano1254,Catuquina,864,warã,Phonemic,"pumpkin, squash",,,,
8-920-278-1,pano1254,Catuquina,925,ac̷a,Phonemic,"tapioca, manioc, cassava",,,,
8-912-278-1,pano1254,Catuquina,410,poa,Phonemic,yam,,,,
8-910-278-1,pano1254,Catuquina,159,kari,Phonemic,sweet potato,,Also means 'potato' 05.700.,,
8-840-278-1,pano1254,Catuquina,868,mani,Phonemic,banana tree,,,,
8-830-278-1,pano1254,Catuquina,1126,paʔisma,Phonemic,citrus fruit,,"Refers to a type of sweet citrus-like fruit; appears to be a native CTQ word. No CTQ word for 'citrus'; loanwords are used for oranges, lemons, etc.",,
8-820-278-1,pano1254,Catuquina,970,kõta,Phonemic,coconut,,,,
8-810-278-1,pano1254,Catuquina,1181,pĩṣ̌o,Phonemic,palm tree,,No generic word for 'palm tree'. These are some of the many kinds of palm.,,
8-810-278-3,pano1254,Catuquina,1181,βinõ,Phonemic,palm tree,,No generic word for 'palm tree'. These are some of the many kinds of palm.,,
8-810-278-5,pano1254,Catuquina,1181,kõta,Phonemic,palm tree,,No generic word for 'palm tree'. These are some of the many kinds of palm.,,
8-760-278-1,pano1254,Catuquina,345,hiwi paʔɨ,Phonemic,sap,,,,
8-750-278-1,pano1254,Catuquina,1204,hiwi šaka,Phonemic,bark,,Lit. 'tree covering'. Cf. 'shell' 03.655; 'fur' 06.280.,,
8-740-278-1,pano1254,Catuquina,409,hiwi tɨã,Phonemic,forked branch,,,,
8-730-278-1,pano1254,Catuquina,344,hiwĩ kãyã,Phonemic,tree trunk,,,,
8-720-278-1,pano1254,Catuquina,241,hiwi βoro,Phonemic,tree stump,,,,
8-690-278-1,pano1254,Catuquina,1689,romɨ a-ka-,Phonemic,smoke (tobacco),,,,
8-680-278-1,pano1254,Catuquina,974,romɨ,Phonemic,tobacco,,"Cf. 'magic, sorcerer' 22.420; 22.430.",,
8-670-278-1,pano1254,Catuquina,343,hiči,Phonemic,vine,,,,
8-600-278-1,pano1254,Catuquina,906,hiwi,Phonemic,tree,,,,
8-570-278-1,pano1254,Catuquina,239,howa,Phonemic,flower,,,,
8-560-278-1,pano1254,Catuquina,628,pɨʔi,Phonemic,leaf,,Also means 'feather' 04.393; 'thatch' 07.520.,,
8-550-278-1,pano1254,Catuquina,1531,mɨβi,Phonemic,branch,,Also means 'hand' 04.330.,,
8-540-278-1,pano1254,Catuquina,670,tapõ,Phonemic,root,,,,
8-531-278-1,pano1254,Catuquina,1486,βana-,Phonemic,plant (vb),,,,
8-530-278-1,pano1254,Catuquina,653,βana,Phonemic,plant (noun),,,,
8-510-278-1,pano1254,Catuquina,606,wasi,Phonemic,grass,,,,
8-480-278-1,pano1254,Catuquina,926,βimi,Phonemic,rice,,,,
8-470-278-1,pano1254,Catuquina,506,šɨki,Phonemic,"maize, corn",,,,
8-420-278-1,pano1254,Catuquina,605,βimi,Phonemic,"grain (barley, oats etc)",,,,
8-410-278-1,pano1254,Catuquina,611,mɨʔɨ βana,Phonemic,"crop, harvest",,Lit. 'work plant'.,,
8-340-278-1,pano1254,Catuquina,285,βimi tii a-,Phonemic,thresh,,,,
8-320-278-1,pano1254,Catuquina,190,βimi a-,Phonemic,"mow, reap",,,,
8-311-278-1,pano1254,Catuquina,714,hɨšɨ,Phonemic,seed,,,,
8-310-278-1,pano1254,Catuquina,748,wai βana-,Phonemic,sow,,Lit. 'garden plant' 08.130; 08.530.,,
8-270-278-1,pano1254,Catuquina,338,mawɨ̃-ti,Phonemic,rake,,,,
8-250-278-1,pano1254,Catuquina,284,[enčado],Phonemic,hoe,,From Port. 'enxada'.,,
8-240-278-1,pano1254,Catuquina,1901,mai wɨʔa-ti,Phonemic,shovel,,,,
8-230-278-1,pano1254,Catuquina,1176,mai wɨʔa-ti,Phonemic,spade,,,,
8-220-278-1,pano1254,Catuquina,1418,mai pokĩ-,Phonemic,dig,,mai is 'earth' 01.210.,,
8-170-278-1,pano1254,Catuquina,2002,waka kaya-ti,Phonemic,ditch,,waka is 'water'.,,
8-160-278-1,pano1254,Catuquina,1690,kɨnɨ,Phonemic,fence,,Also means 'room' 07.210; 'wall' 07.270.,,
8-130-278-1,pano1254,Catuquina,586,wai,Phonemic,garden,,,,
8-120-278-1,pano1254,Catuquina,212,[kampo],Phonemic,field (for cultivation),,From Port. 'campo'.,,
7-620-278-1,pano1254,Catuquina,1006,mički,Phonemic,brick,,,,
7-570-278-1,pano1254,Catuquina,1227,hiwi kaškɨ,Phonemic,board,,Also means 'wood' 01.430.,,
7-560-278-1,pano1254,Catuquina,281,ṣ̌iʔo,Phonemic,"post, pole",,,,
7-550-278-1,pano1254,Catuquina,1132,tɨsɨka,Phonemic,beam,,,,
7-540-278-1,pano1254,Catuquina,829,kano,Phonemic,rafter,,,,
7-530-278-1,pano1254,Catuquina,280,makɨ,Phonemic,ridgepole,,,,
7-520-278-1,pano1254,Catuquina,279,pɨʔi,Phonemic,thatch,,Also means 'feather' 04.393; 'leaf' 08.560.,,
7-510-278-1,pano1254,Catuquina,769,šoβo pɨmana,Phonemic,roof,,Lit. 'house back' 07.120; 04.190.,,
7-480-278-1,pano1254,Catuquina,205,šašo,Phonemic,trough,,,,
7-460-278-1,pano1254,Catuquina,1273,amo ošo,Phonemic,candle,,,,
7-450-278-1,pano1254,Catuquina,2131,amo,Phonemic,"lamp, torch",,Also means 'light' 01.610.,,
7-440-278-1,pano1254,Catuquina,1775,[mesa],Phonemic,table,,From Port. 'mesa'.,,
7-430-278-1,pano1254,Catuquina,1476,βɨʔo-ti,Phonemic,chair,,,,
7-422-278-1,pano1254,Catuquina,806,ipo-ti,Phonemic,blanket,,,,
7-421-278-1,pano1254,Catuquina,1044,hano βosɨka-ʔa-ti,Phonemic,pillow,,,,
7-420-278-1,pano1254,Catuquina,1663,[kama],Phonemic,bed,,From Port. 'cama'.,,
7-370-278-1,pano1254,Catuquina,1464,tɨkoš-ki-ti,Phonemic,ladder,,,,
7-330-278-1,pano1254,Catuquina,1305,koʔĩ i-ti,Phonemic,chimney,,Lit. 'smoke ?'.,,
7-320-278-1,pano1254,Catuquina,859,mai pai-s-a-ʔata,Phonemic,stove,,"Refers to the built-up mound made of clay inside the house, which is used to cook on. mai is 'earth/soil'.",,
7-270-278-1,pano1254,Catuquina,933,kɨnɨ,Phonemic,wall,,Cf. 'room' 07.210.,,
7-260-278-1,pano1254,Catuquina,1632,βɨka,Phonemic,floor,,,,
7-250-278-1,pano1254,Catuquina,1375,hanõ-šõ oĩ-ti,Phonemic,window,,,,
7-240-278-1,pano1254,Catuquina,1472,[čaβi],Phonemic,key,,From Port. 'chave'.,,
7-231-278-1,pano1254,Catuquina,1012,tɨrɨʔa-ti,Phonemic,"latch, door-bolt",,,,
7-230-278-1,pano1254,Catuquina,1596,[kaṣ̌iato],Phonemic,lock (noun),,From Port. 'cadeado'.,,
7-221-278-1,pano1254,Catuquina,80,ṣ̌iʔo,Phonemic,"doorpost, jamb",,,,
7-210-278-1,pano1254,Catuquina,1450,kɨnɨ,Phonemic,room,,Also means 'wall' 07.270; 'fence' 08.160.,,
7-220-278-1,pano1254,Catuquina,1567,kɨpo-ti,Phonemic,"door, gate",,,,
7-150-278-1,pano1254,Catuquina,736,wɨnɨ̃,Phonemic,"yard, court",,,,
7-140-278-1,pano1254,Catuquina,1316,tari pɨšɨ,Phonemic,tent,,Lit. 'cloth hut' 06.120; 07.130.,,
7-131-278-1,pano1254,Catuquina,403,pɨšɨ,Phonemic,garden-house,,,,
7-130-278-1,pano1254,Catuquina,1678,pɨšɨ,Phonemic,hut,,,,
7-120-278-1,pano1254,Catuquina,1252,šoβo,Phonemic,house,,,,
7-110-278-1,pano1254,Catuquina,363,sana-t-,Phonemic,"dwell, live",,,,
6-960-278-1,pano1254,Catuquina,1171,βɨisi-ti,Phonemic,mirror,,,,
6-950-278-1,pano1254,Catuquina,788,šaki-ti,Phonemic,soap,,,,
6-940-278-1,pano1254,Catuquina,1926,poša-ti,Phonemic,ointment,,,,
6-930-278-1,pano1254,Catuquina,151,kɨni c̷aʔa-ti,Phonemic,razor,,kɨni is 'beard' 04.142.,,
6-920-278-1,pano1254,Catuquina,1821,nisa-ti,Phonemic,brush,,,,
6-910-278-1,pano1254,Catuquina,1475,βoo-č-ti,Phonemic,comb,,Lit. 'hair-?' 04.140.,,
6-820-278-1,pano1254,Catuquina,1021,toško-ti,Phonemic,towel,,,,
6-810-278-1,pano1254,Catuquina,332,tari šatɨ,Phonemic,"handkerchief, rag",,,,
6-790-278-1,pano1254,Catuquina,68,c̷ic̷a,Phonemic,tattoo,,,,
6-780-278-1,pano1254,Catuquina,330,nokɨ̃ mai-ti,Phonemic,"headband, headdress",,Lit. 'person ?'.,,
6-770-278-1,pano1254,Catuquina,770,paβi,Phonemic,earring,,Cf. 'ear' 04.220.,,
6-760-278-1,pano1254,Catuquina,1860,βononi,Phonemic,bead,,,,
6-750-278-1,pano1254,Catuquina,1961,tɨwɨ,Phonemic,necklace,,Cf. 'collar' 06.450.,,
6-740-278-1,pano1254,Catuquina,1754,mɨtaš-kɨ-ti,Phonemic,bracelet,,,,
6-730-278-1,pano1254,Catuquina,1374,mɨβi narĩ-ti,Phonemic,ring (for finger),,Cf. 'hand' 04.330.,,
6-630-278-1,pano1254,Catuquina,64,tari osõ-ti,Phonemic,pin,,,,
6-620-278-1,pano1254,Catuquina,757,tari βɨro,Phonemic,button,,Lit. 'clothing eye' 06.120; 04.210.,,
6-610-278-1,pano1254,Catuquina,1851,ṣ̌orã,Phonemic,pocket,,,,
6-570-278-1,pano1254,Catuquina,772,[sĩtorão],Phonemic,"belt, girdle",,From Port. 'cinturão'.,,
6-550-278-1,pano1254,Catuquina,2130,mai-ti,Phonemic,"hat, cap",,,,
6-510-278-1,pano1254,Catuquina,1381,taʔɨ šaka,Phonemic,shoe,,Lit. 'foot covering/casing/shell' 04.370; 03.655.,,
6-520-278-1,pano1254,Catuquina,585,[bota],Phonemic,boot,,From Port. 'bota'.,,
6-490-278-1,pano1254,Catuquina,329,[meia],Phonemic,"stocking, sock",,From Port. 'meia'.,,
6-480-278-1,pano1254,Catuquina,809,tari taʔɨ-ki-ri,Phonemic,trousers,,Lit. 'clothing bottom-?' 06.120; 12.340.,,
6-460-278-1,pano1254,Catuquina,1600,yanɨšɨ-ti,Phonemic,skirt,,,,
6-450-278-1,pano1254,Catuquina,2012,tɨwɨ-ti,Phonemic,collar,,Cf. 'necklace' 06.750.,,
6-440-278-1,pano1254,Catuquina,1622,tari pɨšo-ki-ri,Phonemic,shirt,,,,
6-420-278-1,pano1254,Catuquina,474,aĩ-βão tari,Phonemic,woman's dress,,Lit. 'female-? clothing' 06.120.,,
6-380-278-1,pano1254,Catuquina,1161,risis,Phonemic,thread,,,,
6-360-278-1,pano1254,Catuquina,1382,šomoš,Phonemic,needle,,,,
6-350-278-1,pano1254,Catuquina,1457,šɨwa-,Phonemic,sew,,,,
6-330-278-1,pano1254,Catuquina,133,šɨwa,Phonemic,weave,,Also means 'sew' 06.350.,,
6-320-278-1,pano1254,Catuquina,277,oti,Phonemic,spindle,,,,
6-310-278-1,pano1254,Catuquina,121,wašmɨ sɨβi-,Phonemic,spin,,Lit. 'cotton ?'.,,
6-290-278-1,pano1254,Catuquina,629,βoi hɨšβi,Phonemic,leather,,Lit. 'cattle skin' 03.200; 04.120.,,
6-280-278-1,pano1254,Catuquina,580,yoʔina šaka,Phonemic,fur,,Lit. 'animal covering' 03.110. Cf. 'shell' 03.655; 'shoe' 06.510; 'bark' 08.750.,,
6-240-278-1,pano1254,Catuquina,1850,wašmɨ,Phonemic,cotton,,,,
6-220-278-1,pano1254,Catuquina,964,ina ṣ̌ašo rani tari,Phonemic,wool,,Lit. 'sheep ? clothing' 03.250; 06.120.,,
6-210-278-1,pano1254,Catuquina,1616,tari kato-ta,Phonemic,cloth,,,,
6-120-278-1,pano1254,Catuquina,1895,tari,Phonemic,"clothing, clothes",,,,
6-110-278-1,pano1254,Catuquina,158,sawɨ-,Phonemic,put on (clothes),,,,
5-971-278-1,pano1254,Catuquina,1556,βaṣ̌i nac̷ã,Phonemic,egg yolk,,,,
5-970-278-1,pano1254,Catuquina,744,βaṣ̌i,Phonemic,egg,,,,
5-940-278-1,pano1254,Catuquina,404,kaṣ̌a,Phonemic,fermented drink,,,,
5-900-278-1,pano1254,Catuquina,731,waka,Phonemic,"beverage, drink",,The first form also means 'water' 01.310.,,
5-900-278-3,pano1254,Catuquina,731,maṣ̌o,Phonemic,"beverage, drink",,The first form also means 'water' 01.310.,,
5-870-278-1,pano1254,Catuquina,93,poc̷i-,Phonemic,milk (vb),,,,
5-850-278-1,pano1254,Catuquina,862,[asoka],Phonemic,sugar,,From Port. 'açucar'.,,
5-860-278-1,pano1254,Catuquina,635,βoi šoma,Phonemic,milk (noun),,Lit. 'cow + breast' 03.230 + 04.410.,,
5-840-278-1,pano1254,Catuquina,942,šara rɨ c̷õ,Phonemic,honey,,šara is 'bee' 03.820.,,
5-821-278-1,pano1254,Catuquina,919,yoṣ̌i,Phonemic,chili pepper,,,,
5-810-278-1,pano1254,Catuquina,1274,[sao],Phonemic,salt,,From Port. 'sal'.,,
5-791-278-1,pano1254,Catuquina,323,šɨni,Phonemic,"grease, fat",,,,
5-790-278-1,pano1254,Catuquina,1484,pi-ti šɨni,Phonemic,oil,,pi-ti is 'food' 05.120.,,
5-770-278-1,pano1254,Catuquina,191,[kastãya],Phonemic,nut,,From Port. 'castanha'.,,
5-710-278-1,pano1254,Catuquina,1507,βimi,Phonemic,fruit,,,,
5-700-278-1,pano1254,Catuquina,593,kari,Phonemic,potato,,Also means 'sweet potato' 08.910.,,
5-660-278-1,pano1254,Catuquina,832,[čičão],Phonemic,bean,,From Port. 'feijão'.,,
5-650-278-1,pano1254,Catuquina,924,mɨʔɨ βana,Phonemic,vegetables,,,,
5-640-278-1,pano1254,Catuquina,1547,pasa,Phonemic,"soup, broth",,,,
5-610-278-1,pano1254,Catuquina,634,nami,Phonemic,meat,,Also means 'flesh' 04.130.,,
5-590-278-1,pano1254,Catuquina,225,tii a-ti,Phonemic,pestle,,,,
5-580-278-1,pano1254,Catuquina,224,βimi tii a-ti rõkɨ,Phonemic,mortar (2),,,,
5-570-278-1,pano1254,Catuquina,636,βimi tii a-ti,Phonemic,mill,,,,
5-560-278-1,pano1254,Catuquina,1033,tii a-,Phonemic,"crush, grind",,,,
5-550-278-1,pano1254,Catuquina,1594,poto,Phonemic,"meal, flour",,Cf. 'dust' 01.213.,,
5-530-278-1,pano1254,Catuquina,273,ṣ̌aka,Phonemic,dough,,,,
5-510-278-1,pano1254,Catuquina,1368,[pão],Phonemic,bread,,From Port. 'pão'.,,
5-490-278-1,pano1254,Catuquina,2017,moc̷a-,Phonemic,"stir, mix",,,,
5-480-278-1,pano1254,Catuquina,1767,wɨša-,Phonemic,scrape,,,,
5-470-278-1,pano1254,Catuquina,86,toʔa-,Phonemic,"sieve, strain",,,,
5-460-278-1,pano1254,Catuquina,275,šoka-,Phonemic,peel,,,,
5-450-278-1,pano1254,Catuquina,1833,[ǰanta] (?) [yanta] (?),Phonemic,supper,,From Port. 'janta/jantar'.,,
5-440-278-1,pano1254,Catuquina,1833,[almoso],Phonemic,dinner,,From Port. 'almoço'.,,
5-420-278-1,pano1254,Catuquina,1322,[kebra ǰeǰum] (?),Phonemic,breakfast,,From Port. 'quebrar jejum'.,,
5-391-278-1,pano1254,Catuquina,272,hanõ aṣ̌i-ti,Phonemic,tongs,,,,
5-390-278-1,pano1254,Catuquina,1302,hanõ pi-ti koṣ̌a,Phonemic,fork (2),,,,
5-380-278-1,pano1254,Catuquina,1352,roɨ šɨta,Phonemic,knife (2),,,,
5-370-278-1,pano1254,Catuquina,1378,c̷ano,Phonemic,spoon,,,,
5-360-278-1,pano1254,Catuquina,271,kɨ̃ṣ̌a-pič̣sa,Phonemic,saucer,,Lit. 'plate-small' 05.320; 12.560.,,
5-350-278-1,pano1254,Catuquina,476,[kopo],Phonemic,"cup, drinking vessel",,From Port. 'copo'.,,
5-330-278-1,pano1254,Catuquina,1530,kɨspo,Phonemic,bowl,,,,
5-340-278-1,pano1254,Catuquina,270,waka wɨʔa-ti,Phonemic,"pitcher, jug",,waka is 'water'.,,
5-320-278-1,pano1254,Catuquina,480,kɨ̃ṣ̌a,Phonemic,plate,,,,
5-310-278-1,pano1254,Catuquina,481,kɨ̃ṣ̌a,Phonemic,dish,,,,
5-280-278-1,pano1254,Catuquina,31,yoʔa,Phonemic,pan,,,,
5-260-278-1,pano1254,Catuquina,1462,mapo yoʔa,Phonemic,"pot, cooking vessel",,Lit. 'clay container' 09.730; 05.270.,,
5-270-278-1,pano1254,Catuquina,854,yoʔa,Phonemic,kettle,,,,
5-240-278-1,pano1254,Catuquina,183,šoʔi-,Phonemic,bake,,,,
5-230-278-1,pano1254,Catuquina,2146,c̷oi-,Phonemic,"roast, fry",,,,
5-220-278-1,pano1254,Catuquina,792,toko a-,Phonemic,boil (vb),,Respectively: transitive; intransitive.,,
5-220-278-3,pano1254,Catuquina,792,toko i-,Phonemic,boil (vb),,Respectively: transitive; intransitive.,,
5-210-278-1,pano1254,Catuquina,1100,pi-ti waʔa-,Phonemic,cook,,,,
5-190-278-1,pano1254,Catuquina,129,tɨyo-t-,Phonemic,choke,,,,
5-181-278-1,pano1254,Catuquina,897,šɨa-,Phonemic,swallow,,,,
5-180-278-1,pano1254,Catuquina,321,ṣ̌ako-,Phonemic,chew,,,,
5-160-278-1,pano1254,Catuquina,1421,koko-,Phonemic,suck,,,,
5-150-278-1,pano1254,Catuquina,848,wakã tɨnã-,Phonemic,thirst,,,,
5-140-278-1,pano1254,Catuquina,1864,pi-tĩ tɨnã-,Phonemic,hunger,,,,
5-130-278-1,pano1254,Catuquina,1401,waka a-ka-,Phonemic,drink,,,,
5-125-278-1,pano1254,Catuquina,1728,payo,Phonemic,rotten,,,,
5-124-278-1,pano1254,Catuquina,1958,šoʔo,Phonemic,"green, unripe",,,,
5-123-278-1,pano1254,Catuquina,178,hõčĩ,Phonemic,ripe,,,,
5-122-278-1,pano1254,Catuquina,1959,paša,Phonemic,raw,,,,
5-121-278-1,pano1254,Catuquina,269,waʔa-ʔata,Phonemic,cooked,,,,
5-120-278-1,pano1254,Catuquina,256,pi-ti,Phonemic,food,,,,
5-110-278-1,pano1254,Catuquina,1336,pi-,Phonemic,eat,,,,
4-990-278-1,pano1254,Catuquina,590,šaro-s-ka,Phonemic,"naked, bare",,,,
4-970-278-1,pano1254,Catuquina,1653,βɨšo,Phonemic,blind,,,,
4-980-278-1,pano1254,Catuquina,1463,mapo nisõ-,Phonemic,intoxicated,,Lit. 'head crazy' 04.200; 17.230.,,
4-960-278-1,pano1254,Catuquina,1666,βana-ʔoma,Phonemic,mute,,,,
4-950-278-1,pano1254,Catuquina,996,pasto,Phonemic,deaf,,,,
4-930-278-1,pano1254,Catuquina,1125,mãko,Phonemic,bald,,,,
4-940-278-1,pano1254,Catuquina,320,šao koči-ma-ʔ i ni-yama-i,Phonemic,lame,,,,
4-920-278-1,pano1254,Catuquina,1564,ṣ̌ikič-,Phonemic,lazy,,,,
4-912-278-1,pano1254,Catuquina,168,tɨnɨ-,Phonemic,rest,,,,
4-910-278-1,pano1254,Catuquina,1757,pini-paʔi i-,Phonemic,"tired, weary",,,,
4-890-278-1,pano1254,Catuquina,655,raʔo,Phonemic,poison,,,,
4-880-278-1,pano1254,Catuquina,1372,raʔõ-ti,Phonemic,"medicine, drug",,,,
4-870-278-1,pano1254,Catuquina,597,['mɨdiko],Phonemic,physician,,From Port. 'médico'.,,
4-860-278-1,pano1254,Catuquina,499,roʔa-,Phonemic,"cure, heal",,,,
4-858-278-1,pano1254,Catuquina,497,naβa,Phonemic,scar,,,,
4-857-278-1,pano1254,Catuquina,1808,koʔo,Phonemic,pus,,,,
4-856-278-1,pano1254,Catuquina,793,poči,Phonemic,boil (noun),,,,
4-855-278-1,pano1254,Catuquina,1584,mɨšβõ-,Phonemic,blister,,,,
4-854-278-1,pano1254,Catuquina,148,šoa-,Phonemic,itch,,,,
4-853-278-1,pano1254,Catuquina,1903,hoɨ̃-,Phonemic,swelling,,,,
4-852-278-1,pano1254,Catuquina,1148,šona,Phonemic,bruise,,,,
4-850-278-1,pano1254,Catuquina,1109,ṣ̌ɨwɨ,Phonemic,"wound, sore",,,,
4-843-278-1,pano1254,Catuquina,102,paʔɨ̃ i-,Phonemic,cold (catarrh),,,,
4-842-278-1,pano1254,Catuquina,1957,kõtõ,Phonemic,goiter,,,,
4-841-278-1,pano1254,Catuquina,1534,yona-t-,Phonemic,fever,,,,
4-840-278-1,pano1254,Catuquina,1847,βopiʔa-,Phonemic,"sick, sickness",,,,
4-840-278-3,pano1254,Catuquina,1847,yama-ti,Phonemic,"sick, sickness",,,,
4-830-278-1,pano1254,Catuquina,1364,roʔa-s-i ni-,Phonemic,"well, health",,,,
4-820-278-1,pano1254,Catuquina,1601,mɨstɨ̃-ma,Phonemic,weak,,Lit. 'strong-negative'.,,
4-810-278-1,pano1254,Catuquina,785,mɨstɨ̃,Phonemic,"strong, mighty, powerful",,,,
4-790-278-1,pano1254,Catuquina,1773,šanɨ̃,Phonemic,"grave, tomb",,,,
4-780-278-1,pano1254,Catuquina,1719,mai a-,Phonemic,bury (the dead),,,,
4-770-278-1,pano1254,Catuquina,767,yora,Phonemic,corpse,,,,
4-760-278-1,pano1254,Catuquina,1417,βopi-ma-,Phonemic,kill,,Lit. 'die-causative'.,,
4-751-278-1,pano1254,Catuquina,1904,hɨnɨ-ki i-,Phonemic,drowned,,,,
4-750-278-1,pano1254,Catuquina,1494,βopi-,Phonemic,"die, dead",,,,
4-740-278-1,pano1254,Catuquina,1422,βopi-ʔama,Phonemic,"live, living, life",,,,
4-740-278-3,pano1254,Catuquina,1422,čĩnã,Phonemic,"live, living, life",,,,
4-732-278-1,pano1254,Catuquina,1087,toʔoʔa-raʔoka-,Phonemic,conceive,,,,
4-730-278-1,pano1254,Catuquina,1123,toʔoʔa-,Phonemic,pregnant,,,,
4-720-278-1,pano1254,Catuquina,1090,pakɨ-t-,Phonemic,born (to be),,,,
4-710-278-1,pano1254,Catuquina,1152,toʔo i-ma,Phonemic,beget (of father),,,,
4-690-278-1,pano1254,Catuquina,138,nači-,Phonemic,bathe,,,,
4-680-278-1,pano1254,Catuquina,52,sakõ-na-,Phonemic,shiver,,,,
4-670-278-1,pano1254,Catuquina,1785,βɨnɨ̃ aĩ akaʔi,Phonemic,have sexual intercourse,,No general term; refers to a man having sexual relations with a woman. Reference to a woman having relations with a man is aĩnĩ βɨnɨ amaʔi.,,
4-660-278-1,pano1254,Catuquina,676,poʔi i-,Phonemic,defecate,,,,
4-650-278-1,pano1254,Catuquina,592,hisõ-,Phonemic,urinate,,,,
4-640-278-1,pano1254,Catuquina,1159,c̷ipis-,Phonemic,break wind,,,,
4-630-278-1,pano1254,Catuquina,1602,βɨso-,Phonemic,wake up,,,,
4-620-278-1,pano1254,Catuquina,1920,nama-,Phonemic,dream,,,,
4-612-278-1,pano1254,Catuquina,1983,nɨ̃a-,Phonemic,snore,,,,
4-610-278-1,pano1254,Catuquina,1585,oša-,Phonemic,sleep,,,,
4-591-278-1,pano1254,Catuquina,268,kɨmo βakoš i-,Phonemic,dribble,,,,
4-590-278-1,pano1254,Catuquina,319,siro-,Phonemic,lick,,,,
4-580-278-1,pano1254,Catuquina,1403,nača-,Phonemic,bite,,,,
4-570-278-1,pano1254,Catuquina,1278,hanãni i-,Phonemic,vomit,,,,
4-560-278-1,pano1254,Catuquina,1440,kɨmo miṣ̌o-,Phonemic,spit,,,,
4-550-278-1,pano1254,Catuquina,126,niskã-,Phonemic,perspire,,,,
4-540-278-1,pano1254,Catuquina,1621,atɨš-,Phonemic,sneeze,,,,
4-530-278-1,pano1254,Catuquina,879,oko i-,Phonemic,cough,,,,
4-521-278-1,pano1254,Catuquina,162,c̷ɨko-,Phonemic,hiccough,,,,
4-520-278-1,pano1254,Catuquina,1028,šaβa-,Phonemic,"yawn, gape",,,,
4-510-278-1,pano1254,Catuquina,1407,hoĩ-,Phonemic,"breathe, breath",,,,
4-492-278-1,pano1254,Catuquina,1222,ina,Phonemic,penis,,Same as 'tail' 04.180.,,
4-490-278-1,pano1254,Catuquina,797,oβo,Phonemic,testicle,,,,
4-470-278-1,pano1254,Catuquina,804,posto,Phonemic,womb,,,,
4-464-278-1,pano1254,Catuquina,834,ṣ̌ičo,Phonemic,buttocks,,,,
4-463-278-1,pano1254,Catuquina,1745,istõko,Phonemic,hip,,,,
4-462-278-1,pano1254,Catuquina,1681,šakĩ,Phonemic,waist,,,,
4-461-278-1,pano1254,Catuquina,1991,poko,Phonemic,"intestines, guts",,,,
4-460-278-1,pano1254,Catuquina,819,hato,Phonemic,stomach,,,,
4-452-278-1,pano1254,Catuquina,1744,tarati,Phonemic,spleen,,,,
4-451-278-1,pano1254,Catuquina,489,wašpã,Phonemic,kidney,,,,
4-450-278-1,pano1254,Catuquina,1224,taka,Phonemic,liver,,,,
4-441-278-1,pano1254,Catuquina,688,tãsã,Phonemic,lung,,,,
4-440-278-1,pano1254,Catuquina,1223,hoĩti,Phonemic,heart,,,,
4-430-278-1,pano1254,Catuquina,1838,tõpi,Phonemic,navel,,,,
4-420-278-1,pano1254,Catuquina,154,šoma,Phonemic,udder,,,,
4-412-278-1,pano1254,Catuquina,796,šoma βɨro,Phonemic,"nipple, teat",,Lit. 'breast eye' 04.210.,,
4-410-278-1,pano1254,Catuquina,1402,šoma,Phonemic,breast (of woman),,Cf. 'young woman' 02.261.,,
4-400-278-1,pano1254,Catuquina,1592,šoṣ̌i,Phonemic,chest,,,,
4-393-278-1,pano1254,Catuquina,1201,pɨʔi,Phonemic,feather,,Same as 'wing' 04.392; 'thatch' 07.520; 'leaf' 08.560.,,
4-392-278-1,pano1254,Catuquina,1257,pɨʔi,Phonemic,wing,,Same as 'feather' 04.393.,,
4-380-278-1,pano1254,Catuquina,1389,taʔɨ-βõs,Phonemic,toe,,Cf. 'finger' 04.340.,,
4-374-278-1,pano1254,Catuquina,318,noni,Phonemic,footprint,,,,
4-372-278-1,pano1254,Catuquina,980,taʔɨ ṣ̌ipošo,Phonemic,heel,,,,
4-371-278-1,pano1254,Catuquina,803,tapoško,Phonemic,ankle,,,,
4-370-278-1,pano1254,Catuquina,1301,taʔɨ,Phonemic,foot,,Also means 'bottom' 12.340.,,
4-360-278-1,pano1254,Catuquina,1371,raβošo,Phonemic,knee,,,,
4-352-278-1,pano1254,Catuquina,498,hiṣ̌aš posto,Phonemic,calf of leg,,,,
4-351-278-1,pano1254,Catuquina,800,kiči,Phonemic,thigh,,,,
4-350-278-1,pano1254,Catuquina,1297,hiṣ̌aš,Phonemic,leg,,,,
4-345-278-1,pano1254,Catuquina,72,mɨ̃c̷is,Phonemic,claw,,,,
4-344-278-1,pano1254,Catuquina,1258,mɨ̃c̷is,Phonemic,fingernail,,,,
4-342-278-1,pano1254,Catuquina,1781,mɨβĩ kãyã,Phonemic,thumb,,,,
4-340-278-1,pano1254,Catuquina,1303,mɨβi-βõs,Phonemic,finger,,Cf. 'toe' 04.380.,,
4-331-278-1,pano1254,Catuquina,1183,mɨβi napaš,Phonemic,palm of hand,,,,
4-330-278-1,pano1254,Catuquina,1277,mɨβi,Phonemic,hand,,Also means 'branch' 08.550.,,
4-321-278-1,pano1254,Catuquina,799,mɨroško,Phonemic,wrist,,,,
4-320-278-1,pano1254,Catuquina,981,wapoško,Phonemic,elbow,,,,
4-312-278-1,pano1254,Catuquina,1886,pički,Phonemic,armpit,,,,
4-310-278-1,pano1254,Catuquina,1673,põyã,Phonemic,arm,,,,
4-302-278-1,pano1254,Catuquina,1994,tɨšaβa šao,Phonemic,collarbone,,,,
4-301-278-1,pano1254,Catuquina,172,pɨ̃si,Phonemic,shoulderblade,,,,
4-300-278-1,pano1254,Catuquina,1482,pɨšo,Phonemic,shoulder,,,,
4-290-278-1,pano1254,Catuquina,1346,tɨpõ,Phonemic,throat,,,,
4-281-278-1,pano1254,Catuquina,1347,tɨšo,Phonemic,nape of neck,,,,
4-280-278-1,pano1254,Catuquina,1333,tɨpo,Phonemic,neck,,,,
4-272-278-1,pano1254,Catuquina,1049,šɨta maṣ̌a,Phonemic,molartooth,,,,
4-270-278-1,pano1254,Catuquina,1380,šɨta,Phonemic,tooth,,,,
4-271-278-1,pano1254,Catuquina,139,šɨta tao,Phonemic,gums,,,,
4-260-278-1,pano1254,Catuquina,1205,hana,Phonemic,tongue,,,,
4-250-278-1,pano1254,Catuquina,478,kɨša,Phonemic,lip,,,,
4-241-278-1,pano1254,Catuquina,73,šɨta,Phonemic,beak,,,,
4-240-278-1,pano1254,Catuquina,674,hana,Phonemic,mouth,,,,
4-232-278-1,pano1254,Catuquina,208,rɨwã,Phonemic,mucus (nasal),,,,
4-231-278-1,pano1254,Catuquina,1178,rɨkĩ c̷ɨwɨ,Phonemic,nostril,,,,
4-230-278-1,pano1254,Catuquina,1221,rɨkĩ,Phonemic,nose,,,,
4-222-278-1,pano1254,Catuquina,32,paβɨš,Phonemic,earwax,,,,
4-221-278-1,pano1254,Catuquina,18,pãṣ̌o ṣ̌ičpi,Phonemic,earlobe,,,,
4-220-278-1,pano1254,Catuquina,1247,pãṣ̌o,Phonemic,ear,,,,
4-215-278-1,pano1254,Catuquina,1655,βɨro pɨri-,Phonemic,blink,,,,
4-214-278-1,pano1254,Catuquina,1540,βɨro kɨšni,Phonemic,eyelash,,,,
4-213-278-1,pano1254,Catuquina,17,βɨro hɨšβi,Phonemic,eyelid,,Lit. 'eye skin' 04.210; 04.120.,,
4-212-278-1,pano1254,Catuquina,1173,βɨšpi rani,Phonemic,eyebrow,,Cf. 'hair' 04.144.,,
4-210-278-1,pano1254,Catuquina,1248,βɨro,Phonemic,eye,,,,
4-208-278-1,pano1254,Catuquina,1730,tamo,Phonemic,cheek,,,,
4-209-278-1,pano1254,Catuquina,1510,koi,Phonemic,chin,,,,
4-205-278-1,pano1254,Catuquina,123,βɨmana,Phonemic,forehead,,,,
4-207-278-1,pano1254,Catuquina,798,koi,Phonemic,jaw,,,,
4-204-278-1,pano1254,Catuquina,1560,βɨso,Phonemic,face,,,,
4-203-278-1,pano1254,Catuquina,1583,mapo rɨso,Phonemic,brain,,,,
4-201-278-1,pano1254,Catuquina,1604,ispara-ti,Phonemic,"side of head, temple",,,,
4-202-278-1,pano1254,Catuquina,1605,mapo šao,Phonemic,skull,,Lit. 'head bone' 04.200; 04.160.,,
4-200-278-1,pano1254,Catuquina,1256,mapo,Phonemic,head,,Also homophonous with 'clay' 09.730.,,
4-191-278-1,pano1254,Catuquina,805,kašo,Phonemic,spine,,,,
4-190-278-1,pano1254,Catuquina,1291,pɨmana,Phonemic,back,,Cf. 'roof' 07.510.,,
4-180-278-1,pano1254,Catuquina,1220,ina,Phonemic,tail,,,,
4-170-278-1,pano1254,Catuquina,1393,mãčoĩ,Phonemic,horn,,,,
4-162-278-1,pano1254,Catuquina,801,piči šao,Phonemic,rib,,,,
4-160-278-1,pano1254,Catuquina,1394,šao,Phonemic,bone,,,,
4-151-278-1,pano1254,Catuquina,525,pono,Phonemic,"vein, artery",,,,
4-150-278-1,pano1254,Catuquina,946,himi,Phonemic,blood,,,,
4-146-278-1,pano1254,Catuquina,576,mapis,Phonemic,dandruff,,,,
4-145-278-1,pano1254,Catuquina,36,šani,Phonemic,pubic hair,,,,
4-144-278-1,pano1254,Catuquina,189,rani,Phonemic,body hair,,,,
4-142-278-1,pano1254,Catuquina,678,kɨni,Phonemic,beard,,,,
4-140-278-1,pano1254,Catuquina,1040,βoo,Phonemic,hair (head),,,,
4-130-278-1,pano1254,Catuquina,2259,nami,Phonemic,flesh,,Also means 'meat' 05.610.,,
4-120-278-1,pano1254,Catuquina,763,hɨšβi,Phonemic,"skin, hide",,,,
4-110-278-1,pano1254,Catuquina,1480,yorã kãyã,Phonemic,body,,,,
3-980-278-1,pano1254,Catuquina,112,tãko,Phonemic,turtle,,,,
3-970-278-1,pano1254,Catuquina,1857,kapɨ,Phonemic,"crocodile, alligator",,,,
3-960-278-1,pano1254,Catuquina,632,šaβo,Phonemic,lizard,,Refers to a comon type; no generic name.,,
3-950-278-1,pano1254,Catuquina,503,hɨo,Phonemic,frog,,Refers to a common type; no generic name.,,
3-940-278-1,pano1254,Catuquina,1543,noβo,Phonemic,snail,,Refers to a common type; no generic name.,,
3-930-278-1,pano1254,Catuquina,607,ṣ̌ãpo,Phonemic,grasshopper,,,,
3-920-278-1,pano1254,Catuquina,1791,šaʔɨ pɨro,Phonemic,butterfly,,,,
3-910-278-1,pano1254,Catuquina,206,tapi,Phonemic,firefly,,,,
3-850-278-1,pano1254,Catuquina,730,rono,Phonemic,snake,,,,
3-840-278-1,pano1254,Catuquina,1219,noʔĩ,Phonemic,worm,,,,
3-832-278-1,pano1254,Catuquina,1509,βii,Phonemic,mosquito,,,,
3-831-278-1,pano1254,Catuquina,95,čiʔo,Phonemic,"sandfly (midge), gnat",,,,
3-830-278-1,pano1254,Catuquina,1504,napɨ,Phonemic,fly,,,,
3-823-278-1,pano1254,Catuquina,1517,βina,Phonemic,wasp,,,,
3-822-278-1,pano1254,Catuquina,88,šara šoi,Phonemic,beehive,,,,
3-821-278-1,pano1254,Catuquina,1931,mãčã,Phonemic,beeswax,,,,
3-820-278-1,pano1254,Catuquina,665,šara,Phonemic,bee,,,,
3-819-278-1,pano1254,Catuquina,1065,wasnõ hopo,Phonemic,spider web,,,,
3-818-278-1,pano1254,Catuquina,843,wasno,Phonemic,spider,,Refers to a common type; no generic name.,,
3-817-278-1,pano1254,Catuquina,587,hima,Phonemic,ant,,Refers to a common type; no generic name.,,
3-816-278-1,pano1254,Catuquina,1575,mãpa,Phonemic,cockroach,,,,
3-815-278-1,pano1254,Catuquina,1538,niβo,Phonemic,scorpion,,,,
3-814-278-1,pano1254,Catuquina,1974,siri,Phonemic,centipede,,,,
3-813-278-1,pano1254,Catuquina,232,kamã šoa,Phonemic,flea,,,,
3-812-278-1,pano1254,Catuquina,267,ia c̷iwa,Phonemic,nit (louse egg),,,,
3-811-278-1,pano1254,Catuquina,1392,ia,Phonemic,louse,,,,
3-760-278-1,pano1254,Catuquina,1350,mɨβi-ya-βo,Phonemic,monkey,,,,
3-750-278-1,pano1254,Catuquina,1936,ṣ̌ašo,Phonemic,deer,,Cf. 'sheep' 03.250.,,
3-740-278-1,pano1254,Catuquina,1312,hono kamã,Phonemic,fox,,,,
3-665-278-1,pano1254,Catuquina,1013,koni,Phonemic,freshwater eel,,,,
3-664-278-1,pano1254,Catuquina,1910,iwi,Phonemic,stingray,,,,
3-662-278-1,pano1254,Catuquina,1479,kočo,Phonemic,"porpoise, dolphin",,,,
3-655-278-1,pano1254,Catuquina,598,...šaka,Phonemic,shell,,"Means 'empty', as a 'covering/casing'. Cf. 'fur' 06.280; 'shoe' 06.510.",,
3-654-278-1,pano1254,Catuquina,1916,tãpɨka,Phonemic,gill,,,,
3-653-278-1,pano1254,Catuquina,266,pɨsa,Phonemic,fishscale,,,,
3-652-278-1,pano1254,Catuquina,213,pakɨβo,Phonemic,fin (dorsal),,,,
3-650-278-1,pano1254,Catuquina,227,c̷ac̷a,Phonemic,fish,,,,
3-630-278-1,pano1254,Catuquina,2139,makõ,Phonemic,"mouse, rat",,,,
3-630-278-3,pano1254,Catuquina,2139,maka,Phonemic,"mouse, rat",,,,
3-622-278-1,pano1254,Catuquina,309,pisi mačo,Phonemic,opossum,,,,
3-620-278-1,pano1254,Catuquina,1208,kɨc̷ĩ,Phonemic,cat,,,,
3-614-278-1,pano1254,Catuquina,1136,maka pãṣ̌o-ya,Phonemic,rabbit,,,,
3-610-278-1,pano1254,Catuquina,2009,kamã,Phonemic,dog,,,,
3-594-278-1,pano1254,Catuquina,1853,čori,Phonemic,dove,,,,
3-596-278-1,pano1254,Catuquina,735,popo,Phonemic,owl,,,,
3-593-278-1,pano1254,Catuquina,913,isko,Phonemic,crow,,,,
3-592-278-1,pano1254,Catuquina,882,βawa,Phonemic,parrot,,,,
3-591-278-1,pano1254,Catuquina,1793,kãči,Phonemic,bat,,,,
3-586-278-1,pano1254,Catuquina,1185,šɨtɨ,Phonemic,vulture,,,,
3-585-278-1,pano1254,Catuquina,307,tɨtɨ,Phonemic,hawk,,,,
3-583-278-1,pano1254,Catuquina,758,hošo,Phonemic,heron,,,,
3-581-278-1,pano1254,Catuquina,937,čai,Phonemic,bird,,,,
3-580-278-1,pano1254,Catuquina,539,naʔa,Phonemic,nest,,,,
3-570-278-1,pano1254,Catuquina,1360,nonõ,Phonemic,duck,,,,
3-550-278-1,pano1254,Catuquina,1318,takara,Phonemic,chicken,,,,
3-540-278-1,pano1254,Catuquina,1514,takara aĩ,Phonemic,hen,,,,
3-520-278-1,pano1254,Catuquina,1511,takara βɨnɨ,Phonemic,"cock, rooster",,,,
3-470-278-1,pano1254,Catuquina,890,ina,Phonemic,mule,,,,
3-460-278-1,pano1254,Catuquina,1862,ina,Phonemic,"ass, donkey",,,,
3-450-278-1,pano1254,Catuquina,1647,ina βakɨ,Phonemic,"foal, colt",,,,
3-440-278-1,pano1254,Catuquina,938,ina aĩ,Phonemic,mare,,,,
3-420-278-1,pano1254,Catuquina,936,ina βɨnɨ,Phonemic,stallion,,,,
3-410-278-1,pano1254,Catuquina,615,ina,Phonemic,horse (equine),,,,
3-380-278-1,pano1254,Catuquina,1972,ṣ̌ašo kɨniya βakɨ,Phonemic,kid,,,,
3-370-278-1,pano1254,Catuquina,264,ṣ̌ašo kɨniya βakɨ,Phonemic,he-goat,,,,
3-360-278-1,pano1254,Catuquina,1502,ṣ̌ašo kɨniya,Phonemic,goat,,,,
3-350-278-1,pano1254,Catuquina,1337,pisi hono,Phonemic,pig,,,,
3-340-278-1,pano1254,Catuquina,1351,pisi hono aĩ,Phonemic,sow (2),,,,
3-320-278-1,pano1254,Catuquina,1348,pisi hono βɨnɨ,Phonemic,boar,,,,
3-290-278-1,pano1254,Catuquina,820,ina ṣ̌ašo βakɨ,Phonemic,lamb,,,,
3-280-278-1,pano1254,Catuquina,1345,ina ṣ̌ašo aĩ,Phonemic,ewe,,,,
3-260-278-1,pano1254,Catuquina,1344,ina ṣ̌ašo βɨnɨ,Phonemic,ram,,,,
3-250-278-1,pano1254,Catuquina,1331,ina ṣ̌ašo,Phonemic,sheep,,Cf. 'deer' 03.750.,,
3-240-278-1,pano1254,Catuquina,1989,[βoi] βakɨ,Phonemic,calf,,From Port. 'boi' + 'child'.,,
3-230-278-1,pano1254,Catuquina,1007,[βoi] aĩ,Phonemic,cow,,From Port. 'boi' + 'female' 02.240.,,
3-220-278-1,pano1254,Catuquina,1169,[βoi],Phonemic,ox,,From Port. 'boi'.,,
3-210-278-1,pano1254,Catuquina,1008,[βoi] βɨnɨ,Phonemic,bull,,From Port. 'boi' + 'male' 02.230.,,
3-200-278-1,pano1254,Catuquina,1153,[βoi],Phonemic,cattle (bovine),,From Port. 'boi'.,,
3-160-278-1,pano1254,Catuquina,649,[kampo],Phonemic,pasture,,From Port. 'campo'.,,
3-150-278-1,pano1254,Catuquina,631,ina,Phonemic,livestock,,,,
3-130-278-1,pano1254,Catuquina,2262,aĩ,Phonemic,female (adj),,,,
3-120-278-1,pano1254,Catuquina,2261,βɨnɨ,Phonemic,male (adj),,,,
3-110-278-1,pano1254,Catuquina,619,yoʔina,Phonemic,animal,,,,
2-960-278-1,pano1254,Catuquina,817,hato-βo,Phonemic,they,,,,
2-960-278-3,pano1254,Catuquina,817,hatoβão,Phonemic,they,,,,
2-960-278-5,pano1254,Catuquina,817,-βo,Phonemic,they,,,,
2-950-278-1,pano1254,Catuquina,1213,mato,Phonemic,you (plural),,,,
2-950-278-3,pano1254,Catuquina,1213,matõ,Phonemic,you (plural),,,,
2-950-278-5,pano1254,Catuquina,1213,mã,Phonemic,you (plural),,,,
2-942-278-1,pano1254,Catuquina,1130,nokɨ,Phonemic,we (exclusive),,,,
2-942-278-3,pano1254,Catuquina,1130,nokɨ̃,Phonemic,we (exclusive),,,,
2-942-278-5,pano1254,Catuquina,1130,nõ,Phonemic,we (exclusive),,,,
2-941-278-1,pano1254,Catuquina,1131,nokɨ,Phonemic,we (inclusive),,,,
2-941-278-3,pano1254,Catuquina,1131,nokɨ̃,Phonemic,we (inclusive),,,,
2-941-278-5,pano1254,Catuquina,1131,nõ,Phonemic,we (inclusive),,,,
2-940-278-1,pano1254,Catuquina,1212,nokɨ,Phonemic,we,,Cf. 'person' 02.100.,,
2-940-278-3,pano1254,Catuquina,1212,nokɨ̃,Phonemic,we,,Cf. 'person' 02.100.,,
2-940-278-5,pano1254,Catuquina,1212,nõ,Phonemic,we,,Cf. 'person' 02.100.,,
2-930-278-1,pano1254,Catuquina,262,haa,Phonemic,he/she/it,,,,
2-930-278-3,pano1254,Catuquina,262,hatõ,Phonemic,he/she/it,,,,
2-930-278-5,pano1254,Catuquina,262,hãwɨ̃,Phonemic,he/she/it,,,,
2-920-278-1,pano1254,Catuquina,1215,mia,Phonemic,you (singular),,,,
2-920-278-3,pano1254,Catuquina,1215,miã,Phonemic,you (singular),,,,
2-920-278-5,pano1254,Catuquina,1215,mĩ,Phonemic,you (singular),,,,
2-910-278-1,pano1254,Catuquina,1209,ɨa,Phonemic,I,,,,
2-910-278-3,pano1254,Catuquina,1209,ɨã,Phonemic,I,,,,
2-910-278-5,pano1254,Catuquina,1209,ɨ̃,Phonemic,I,,,,
2-820-278-1,pano1254,Catuquina,194,hawɨ-βo,Phonemic,family,,,,
2-810-278-1,pano1254,Catuquina,1644,hawɨ-βo,Phonemic,"relatives, kinsmen",,,,
2-770-278-1,pano1254,Catuquina,1981,ronaʔata honi,Phonemic,widower,,,,
2-760-278-1,pano1254,Catuquina,1756,ronaʔata aĩ-βo,Phonemic,widow,,,,
2-750-278-1,pano1254,Catuquina,1149,papa-ʔoma,Phonemic,orphan,,,,
2-740-278-1,pano1254,Catuquina,1058,ini,Phonemic,stepdaughter,,,,
2-730-278-1,pano1254,Catuquina,1059,yomɨ,Phonemic,stepson,,,,
2-720-278-1,pano1254,Catuquina,236,ɨwa wɨc̷a,Phonemic,stepmother,,,,
2-710-278-1,pano1254,Catuquina,237,papa wɨc̷a,Phonemic,stepfather,,,,
2-641-278-1,pano1254,Catuquina,2264,βaβã,Phonemic,daughter-in-law (of a woman),,,,
2-640-278-1,pano1254,Catuquina,2265,βaβã,Phonemic,daughter-in-law (of a man),,,,
2-631-278-1,pano1254,Catuquina,2266,rayos,Phonemic,son-in-law (of a woman),,,,
2-630-278-1,pano1254,Catuquina,2267,rayos,Phonemic,son-in-law (of a man),,,,
2-621-278-1,pano1254,Catuquina,2257,βaβã,Phonemic,mother-in-law (of a woman),,,,
2-620-278-1,pano1254,Catuquina,2256,rayos,Phonemic,mother-in-law (of a man),,,,
2-611-278-1,pano1254,Catuquina,2254,βaβã,Phonemic,father-in-law (of a woman),,,,
2-610-278-1,pano1254,Catuquina,2255,rayos,Phonemic,father-in-law (of a man),,,,
2-570-278-1,pano1254,Catuquina,490,yomɨ-βo,Phonemic,descendants,,,,
2-560-278-1,pano1254,Catuquina,1669,šɨni-pa-βo,Phonemic,ancestors,,,,
2-550-278-1,pano1254,Catuquina,1643,hoṣ̌i-ṣ̌oʔo,Phonemic,cousin,,Parallel male cousin. Parallel female cousin is ṣ̌iṣ̌o. Cross male cousin is ṣ̌aʔi; cross female cousin is pano.,,
2-540-278-1,pano1254,Catuquina,1642,ɨwa šoko,Phonemic,niece,,First form refers to father's sister's daughter and mother's brother's daughter. Second form refers to father's brother's daughter and mother's sister's daughter.,,
2-540-278-3,pano1254,Catuquina,1642,inĩ takɨ,Phonemic,niece,,First form refers to father's sister's daughter and mother's brother's daughter. Second form refers to father's brother's daughter and mother's sister's daughter.,,
2-530-278-1,pano1254,Catuquina,1063,pia,Phonemic,nephew,,First form refers to man's sister's son and a woman's brother's son. Second form refers to man's brother's son and woman's sister's son.,,
2-530-278-3,pano1254,Catuquina,1063,βaki-ṣ̌oʔo,Phonemic,nephew,,First form refers to man's sister's son and a woman's brother's son. Second form refers to man's brother's son and woman's sister's son.,,
2-522-278-1,pano1254,Catuquina,170,naṣ̌i,Phonemic,father's sister,,,,
2-520-278-1,pano1254,Catuquina,1272,ɨwa,Phonemic,aunt,,Respectively: mother's sister; father's sister. Cf. 'mother' 02.360.,,
2-520-278-3,pano1254,Catuquina,1272,naṣ̌i,Phonemic,aunt,,Respectively: mother's sister; father's sister. Cf. 'mother' 02.360.,,
2-521-278-1,pano1254,Catuquina,171,ɨwa,Phonemic,mother's sister,,,,
2-512-278-1,pano1254,Catuquina,1985,βakɨ-ṣ̌oʔo,Phonemic,father's brother,,Reference is by a man. A woman's is ɨpa.,,
2-511-278-1,pano1254,Catuquina,1984,koka,Phonemic,mother's brother,,,,
2-510-278-1,pano1254,Catuquina,1327,βakɨ-ṣ̌oʔo,Phonemic,uncle,,"Refers to father's brother, by a man. Reference to father's brother, by a woman is ɨpa. A mother's brother is koka.",,
2-480-278-1,pano1254,Catuquina,1618,βaβa,Phonemic,grandson,,,,
2-490-278-1,pano1254,Catuquina,1619,βaβa,Phonemic,granddaughter,,,,
2-471-278-1,pano1254,Catuquina,907,yoša-βo,Phonemic,old woman,,,,
2-470-278-1,pano1254,Catuquina,1496,iča,Phonemic,grandmother,,,,
2-461-278-1,pano1254,Catuquina,406,šɨni-ra,Phonemic,old man,,,,
2-460-278-1,pano1254,Catuquina,1383,ṣ̌aʔiṣ̌o,Phonemic,grandfather,,,,
2-458-278-1,pano1254,Catuquina,1005,yomɨ papi,Phonemic,twins,,,,
2-456-278-1,pano1254,Catuquina,1640,wɨc̷a,Phonemic,sibling,,Respectively: of the same sex; of the opposite sex.,,
2-456-278-3,pano1254,Catuquina,1640,takɨ,Phonemic,sibling,,Respectively: of the same sex; of the opposite sex.,,
2-455-278-1,pano1254,Catuquina,1761,ṣ̌ipo-a,Phonemic,younger sister,,,,
2-454-278-1,pano1254,Catuquina,1758,ṣ̌iṣ̌o,Phonemic,older sister,,,,
2-450-278-1,pano1254,Catuquina,1263,wɨc̷a,Phonemic,sister,,Respectively: of a woman; of a man.,,
2-450-278-3,pano1254,Catuquina,1263,takɨ,Phonemic,sister,,Respectively: of a woman; of a man.,,
2-445-278-1,pano1254,Catuquina,1760,anaka,Phonemic,younger brother,,,,
2-444-278-1,pano1254,Catuquina,1759,hoṣ̌i,Phonemic,older brother,,,,
2-440-278-1,pano1254,Catuquina,1262,wɨc̷a,Phonemic,brother,,Respectively: of a man; of a woman.,,
2-440-278-3,pano1254,Catuquina,1262,takɨ,Phonemic,brother,,Respectively: of a man; of a woman.,,
2-430-278-1,pano1254,Catuquina,1801,yomɨ-βo,Phonemic,offspring (son or daughter),,,,
2-420-278-1,pano1254,Catuquina,1357,ini,Phonemic,daughter,,,,
2-410-278-1,pano1254,Catuquina,1620,yomɨ,Phonemic,son,,,,
2-390-278-1,pano1254,Catuquina,426,βɨnɨ-ya,Phonemic,married woman,,,,
2-380-278-1,pano1254,Catuquina,424,aĩ-ya,Phonemic,married man,,,,
2-370-278-1,pano1254,Catuquina,505,papa-βos,Phonemic,parents,,,,
2-360-278-1,pano1254,Catuquina,1216,ɨwa,Phonemic,mother,,,,
2-350-278-1,pano1254,Catuquina,1217,papa,Phonemic,father,,,,
2-341-278-1,pano1254,Catuquina,1134,hɨnɨ-,Phonemic,divorce,,,,
2-340-278-1,pano1254,Catuquina,1259,βɨnɨ-ya-ti,Phonemic,"marriage, wedding",,Respectively: for a man; for a woman.,,
2-340-278-3,pano1254,Catuquina,1259,aĩ-ya-ti,Phonemic,"marriage, wedding",,Respectively: for a man; for a woman.,,
2-330-278-1,pano1254,Catuquina,203,βɨnɨ-ya-,Phonemic,marry,,Respectively: for a man; for a woman.,,
2-330-278-3,pano1254,Catuquina,203,aĩ-ya,Phonemic,marry,,Respectively: for a man; for a woman.,,
2-320-278-1,pano1254,Catuquina,1199,aĩ,Phonemic,wife,,,,
2-310-278-1,pano1254,Catuquina,1200,βɨnɨ,Phonemic,husband,,,,
2-280-278-1,pano1254,Catuquina,1289,yomɨ maško,Phonemic,"infant, baby",,,,
2-270-278-1,pano1254,Catuquina,1304,yomɨ-pičṣ̌a,Phonemic,child,,,,
2-261-278-1,pano1254,Catuquina,77,šoma-ya,Phonemic,young woman (adolescent),,Cf. 'breast' 04.410.,,
2-260-278-1,pano1254,Catuquina,1646,aĩ βakɨ,Phonemic,girl,,Lit. 'woman child'.,,
2-251-278-1,pano1254,Catuquina,76,βɨrona,Phonemic,young man (adolescent),,,,
2-250-278-1,pano1254,Catuquina,1366,honi βakɨ,Phonemic,boy,,Lit. 'man child'.,,
2-240-278-1,pano1254,Catuquina,1551,aĩ,Phonemic,female,,,,
2-230-278-1,pano1254,Catuquina,1553,βɨnɨ,Phonemic,male,,,,
2-220-278-1,pano1254,Catuquina,962,aĩ-βo,Phonemic,woman,,Cf. the -bo endings on names of related groups in Panoan family.,,
2-210-278-1,pano1254,Catuquina,1554,honi,Phonemic,man (vs. woman),,,,
2-100-278-1,pano1254,Catuquina,683,nokɨ,Phonemic,"person, human being",,Also means 'we' 02.940; 'people' 19.210.,,
1-890-278-1,pano1254,Catuquina,1188,ṣ̌iʔi tɨstɨ,Phonemic,charcoal,,,,
1-880-278-1,pano1254,Catuquina,10,karo,Phonemic,firewood,,,,
1-870-278-1,pano1254,Catuquina,1133,ṣ̌iʔi-ti,Phonemic,match (noun),,Cf. 'fire' 01.810.,,
1-861-278-1,pano1254,Catuquina,127,namɨ-,Phonemic,extinguish,,,,
1-860-278-1,pano1254,Catuquina,737,kawa-,Phonemic,"light, kindle, ignite",,,,
1-852-278-1,pano1254,Catuquina,1428,koʔo-t-,Phonemic,burn (vb intrans),,,,
1-851-278-1,pano1254,Catuquina,141,koʔa-,Phonemic,burn (vb trans),,,,
1-841-278-1,pano1254,Catuquina,67,rɨkɨ̃,Phonemic,embers,,,,
1-840-278-1,pano1254,Catuquina,646,ṣ̌iʔi mapo,Phonemic,ashes,,,,
1-830-278-1,pano1254,Catuquina,778,koʔĩ,Phonemic,smoke (noun),,,,
1-820-278-1,pano1254,Catuquina,889,ṣ̌iʔi,Phonemic,flame (noun),,Same as 'fire' 01.810.,,
1-810-278-1,pano1254,Catuquina,221,ṣ̌iʔi,Phonemic,fire,,,,
1-780-278-1,pano1254,Catuquina,952,nai roʔa-pa,Phonemic,weather,,Refers to sky being 'good' or 'bad'.,,
1-780-278-3,pano1254,Catuquina,952,nai ičṣ̌a-pa,Phonemic,weather,,Refers to sky being 'good' or 'bad'.,,
1-750-278-1,pano1254,Catuquina,658,oi,Phonemic,rain (noun),,,,
1-740-278-1,pano1254,Catuquina,249,hičiniβi,Phonemic,fog,,,,
1-720-278-1,pano1254,Catuquina,960,niwɨ,Phonemic,wind,,,,
1-730-278-1,pano1254,Catuquina,1489,nai koʔĩ,Phonemic,cloud,,Lit. 'sky smoke' 01.510; 01.830.,,
1-640-278-1,pano1254,Catuquina,1977,hasɨ,Phonemic,dew,,,,
1-630-278-1,pano1254,Catuquina,1388,βari pãtɨ-ʔɨ,Phonemic,"shade, shadow",,,,
1-630-278-3,pano1254,Catuquina,1388,βari-ma,Phonemic,"shade, shadow",,,,
1-620-278-1,pano1254,Catuquina,11,βakič,Phonemic,darkness,,,,
1-610-278-1,pano1254,Catuquina,630,amo,Phonemic,light (noun),,,,
1-590-278-1,pano1254,Catuquina,1733,nawã βaʔi,Phonemic,rainbow,,,,
1-580-278-1,pano1254,Catuquina,858,oi hawɨ-ʔã-tiʔo-ka,Phonemic,storm,,,,
1-560-278-1,pano1254,Catuquina,1150,nai i-,Phonemic,thunder,,,,
1-570-278-1,pano1254,Catuquina,2007,kana-pa,Phonemic,lightning (as striking),,,,
1-550-278-1,pano1254,Catuquina,1654,kana,Phonemic,lightning,,,,
1-540-278-1,pano1254,Catuquina,1430,hiči,Phonemic,star,,,,
1-530-278-1,pano1254,Catuquina,1313,ošɨ,Phonemic,moon,,Also means 'month' 14.710.,,
1-520-278-1,pano1254,Catuquina,1343,βari,Phonemic,sun,,Also means 'day' 14.410.,,
1-510-278-1,pano1254,Catuquina,1732,nai,Phonemic,sky,,,,
1-450-278-1,pano1254,Catuquina,6,mai tatĩ-,Phonemic,earthquake,,,,
1-440-278-1,pano1254,Catuquina,2125,mički,Phonemic,"stone, rock",,,,
1-430-278-1,pano1254,Catuquina,1803,hiwi kaškɨ,Phonemic,wood,,,,
1-420-278-1,pano1254,Catuquina,906,hiwi,Phonemic,tree (cf 08.600),,,,
1-410-278-1,pano1254,Catuquina,420,niʔi,Phonemic,"woods, forest",,,,
1-380-278-1,pano1254,Catuquina,1145,mispã,Phonemic,swamp,,,,
1-370-278-1,pano1254,Catuquina,2144,yočĩ-ni hato,Phonemic,"spring, well",,,,
1-362-278-1,pano1254,Catuquina,1982,nɨmĩ,Phonemic,whirlpool,,,,
1-360-278-1,pano1254,Catuquina,666,noa,Phonemic,"river, stream, brook",,,,
1-360-278-3,pano1254,Catuquina,666,waka,Phonemic,"river, stream, brook",,,,
1-360-278-5,pano1254,Catuquina,666,tɨã,Phonemic,"river, stream, brook",,,,
1-350-278-1,pano1254,Catuquina,978,waka rɨškɨ-,Phonemic,wave,,,,
1-330-278-1,pano1254,Catuquina,624,iã,Phonemic,lake,,,,
1-324-278-1,pano1254,Catuquina,1768,βakoš,Phonemic,foam,,,,
1-310-278-1,pano1254,Catuquina,948,waka,Phonemic,water,,,,
1-270-278-1,pano1254,Catuquina,113,waka kɨso,Phonemic,shore,,,,
1-250-278-1,pano1254,Catuquina,622,mai toʔõ,Phonemic,island,,,,
1-240-278-1,pano1254,Catuquina,921,mispã,Phonemic,valley,,,,
1-230-278-1,pano1254,Catuquina,652,[kampo],Phonemic,"plain, field",,From Port. 'campo'.,,
1-220-278-1,pano1254,Catuquina,2118,maṣ̌i,Phonemic,"mountain, hill",,,,
1-214-278-1,pano1254,Catuquina,640,paras,Phonemic,mud,,,,
1-215-278-1,pano1254,Catuquina,671,mači,Phonemic,sand,,,,
1-213-278-1,pano1254,Catuquina,2,mai poto,Phonemic,dust,,Lit. 'earth particles' 01.210; cf. 'flour' 05.550.,,
1-212-278-1,pano1254,Catuquina,1228,mai,Phonemic,"earth=ground, soil",,,,
1-210-278-1,pano1254,Catuquina,626,mai,Phonemic,"earth, land",,Also means 'country' 19.110. Cf. 'clay' 09.730.,,
1-100-278-1,pano1254,Catuquina,965,šaβa,Phonemic,world,,Also means 'place' 12.110.,,
14-330-278-1,pano1254,Catuquina,1544,βari raβɨ-tiʔi,Phonemic,sometimes,,,,
14-331-278-1,pano1254,Catuquina,703,rama-pičṣ̌a,Phonemic,soon,,,,
14-332-278-1,pano1254,Catuquina,418,raya-t-a-ʔaš haβi-yama,Phonemic,long-time (for a),,,,
14-340-278-1,pano1254,Catuquina,1656,-ʔama i-mis,Phonemic,never,,,,
14-350-278-1,pano1254,Catuquina,204,-ʔo,Phonemic,again,,,,
14-410-278-1,pano1254,Catuquina,1225,βari,Phonemic,day,,Also means 'sun' 01.520.,,
14-420-278-1,pano1254,Catuquina,1233,yame,Phonemic,night,,,,
14-430-278-1,pano1254,Catuquina,729,βari sana-ʔina-,Phonemic,dawn,,Lit. 'sun dwells-?',,
14-440-278-1,pano1254,Catuquina,1339,šaβa-ma-ka,Phonemic,morning,,,,
14-450-278-1,pano1254,Catuquina,12,βari mãkaʔĩ-nõ,Phonemic,"noon, midday",,,,
14-451-278-1,pano1254,Catuquina,1807,βari ono pakɨ-nõ,Phonemic,afternoon,,,,
14-460-278-1,pano1254,Catuquina,1629,yãta pakɨ-nõ,Phonemic,evening,,,,
14-470-278-1,pano1254,Catuquina,1283,nɨa βarĩ,Phonemic,today,,,,
14-480-278-1,pano1254,Catuquina,1329,šaβa-ma,Phonemic,tomorrow,,See 'morning' 14.440 and 'world' 01.100.,,
14-490-278-1,pano1254,Catuquina,1174,yãta,Phonemic,yesterday,,,,
14-491-278-1,pano1254,Catuquina,1180,okɨ yãta,Phonemic,day-before-yesterday,,,,
14-530-278-1,pano1254,Catuquina,1323,βari oĩ-ti,Phonemic,"clock, timepiece",,,,
14-610-278-1,pano1254,Catuquina,1469,mɨʔɨ i-ti,Phonemic,week,,Lit. 'work ?' 09.120.,,
14-620-278-1,pano1254,Catuquina,1699,[tomĩko] βari,Phonemic,Sunday,,From Port. 'domingo' + 'sun/day' 01.520/ 14.410.,,
14-630-278-1,pano1254,Catuquina,1697,[segunda],Phonemic,Monday,,From Port. 'segunda-feira'.,,
14-640-278-1,pano1254,Catuquina,1695,[tisa],Phonemic,Tuesday,,From Port. 'terça-feira'.,,
14-650-278-1,pano1254,Catuquina,1694,[kʷata],Phonemic,Wednesday,,From Port. 'quarta-feira'.,,
14-660-278-1,pano1254,Catuquina,1693,[kĩta],Phonemic,Thursday,,From Port. 'quinta-feira'.,,
14-670-278-1,pano1254,Catuquina,1692,[sista],Phonemic,Friday,,From Port. 'sexta-feira'.,,
14-680-278-1,pano1254,Catuquina,1700,[saβa],Phonemic,Saturday,,From Port. 'sábado'.,,
14-710-278-1,pano1254,Catuquina,1370,ošɨ,Phonemic,month,,Also means 'moon' 01.530.,,
14-730-278-1,pano1254,Catuquina,1226,βari,Phonemic,year,,,,
14-730-278-3,pano1254,Catuquina,1226,βari ṣ̌inĩ,Phonemic,year,,,,
14-740-278-1,pano1254,Catuquina,1471,oi ṣ̌inĩ,Phonemic,winter,,,,
14-760-278-1,pano1254,Catuquina,1342,βari ṣ̌inĩ,Phonemic,summer,,,,
14-780-278-1,pano1254,Catuquina,691,...ṣ̌inĩ,Phonemic,season,,,,
15-212-278-1,pano1254,Catuquina,375,šɨtɨ-,Phonemic,sniff,,,,
15-220-278-1,pano1254,Catuquina,1586,šɨtɨ-,Phonemic,smell (vb trans),,,,
15-250-278-1,pano1254,Catuquina,376,inĩ,Phonemic,"fragrant, good smelling",,,,
15-260-278-1,pano1254,Catuquina,42,pisi-,Phonemic,"stinking, bad smelling",,,,
15-310-278-1,pano1254,Catuquina,21,tana-,Phonemic,taste,,Transitive form--to taste or try something. No generic form for intransitive; each different type of taste has its own form.,,
15-350-278-1,pano1254,Catuquina,717,βata-(pa),Phonemic,sweet,,,,
15-360-278-1,pano1254,Catuquina,1091,[sao]-koĩnãka,Phonemic,salty,,From Port. 'sal',,
15-370-278-1,pano1254,Catuquina,887,moka-,Phonemic,bitter,,,,
15-380-278-1,pano1254,Catuquina,1906,kaṣ̌a,Phonemic,"acid, sour",,,,
15-390-278-1,pano1254,Catuquina,70,noɨ̃-ka,Phonemic,brackish,,,,
15-410-278-1,pano1254,Catuquina,1408,nĩka-,Phonemic,hear,,,,
15-420-278-1,pano1254,Catuquina,1608,nĩka-,Phonemic,listen,,,,
15-450-278-1,pano1254,Catuquina,377,isĩ-,Phonemic,loud,,,,
15-460-278-1,pano1254,Catuquina,1314,isĩ-ma,Phonemic,"quiet, silence",,,,
15-510-278-1,pano1254,Catuquina,1409,oĩ-,Phonemic,see,,,,
15-520-278-1,pano1254,Catuquina,1819,oĩ,Phonemic,"look, look at",,,,
15-550-278-1,pano1254,Catuquina,1039,oĩ-ma-,Phonemic,show,,,,
15-560-278-1,pano1254,Catuquina,708,hota-,Phonemic,shine,,,,
15-570-278-1,pano1254,Catuquina,679,isĩ-,Phonemic,bright,,,,
15-620-278-1,pano1254,Catuquina,250,koro-,Phonemic,light (in color),,,,
15-630-278-1,pano1254,Catuquina,706,ṣ̌ɨšɨ,Phonemic,dark (in color),,,,
15-640-278-1,pano1254,Catuquina,1335,hošo-,Phonemic,white,,,,
15-650-278-1,pano1254,Catuquina,163,ṣ̌ɨšɨ,Phonemic,black,,,,
15-660-278-1,pano1254,Catuquina,156,hõčĩ,Phonemic,red,,Same as 'yellow' 15.690.,,
15-670-278-1,pano1254,Catuquina,837,ponã,Phonemic,blue,,Same as 'green' 15.680.,,
15-680-278-1,pano1254,Catuquina,1425,ponã,Phonemic,green,,Same as 'blue' 15.670.,,
15-690-278-1,pano1254,Catuquina,1424,hõčĩ,Phonemic,yellow,,Same as 'red' 15.660.,,
15-710-278-1,pano1254,Catuquina,1892,mɨʔɨ-,Phonemic,touch,,,,
15-720-278-1,pano1254,Catuquina,1079,tana-,Phonemic,feel,,,,
15-740-278-1,pano1254,Catuquina,1884,yowɨ,Phonemic,hard,,,,
15-750-278-1,pano1254,Catuquina,1856,waṣ̌o,Phonemic,soft,,,,
15-760-278-1,pano1254,Catuquina,1923,šãto,Phonemic,rough,,,,
15-770-278-1,pano1254,Catuquina,1234,čɨro,Phonemic,smooth,,,,
15-780-278-1,pano1254,Catuquina,1396,kɨwã,Phonemic,sharp,,,,
15-790-278-1,pano1254,Catuquina,379,kɨ̃to,Phonemic,"blunt, dull",,,,
15-810-278-1,pano1254,Catuquina,1210,ɨwɨ-(pa),Phonemic,heavy,,,,
15-820-278-1,pano1254,Catuquina,1052,šata-(pičṣ̌a),Phonemic,light (in weight),,,,
15-830-278-1,pano1254,Catuquina,1726,mɨṣ̌a,Phonemic,"wet, damp",,,,
15-840-278-1,pano1254,Catuquina,1398,toaš,Phonemic,dry,,Also βɨtaš-ta-ʔata.,,
15-850-278-1,pano1254,Catuquina,1286,šana,Phonemic,hot,,,,
15-851-278-1,pano1254,Catuquina,1232,šana-pičṣ̌a,Phonemic,warm,,Lit. 'hot-little'.,,
15-860-278-1,pano1254,Catuquina,1287,mac̷i,Phonemic,cold,,,,
15-870-278-1,pano1254,Catuquina,704,ṣ̌ošṣ̌a-ma,Phonemic,clean,,,,
15-870-278-3,pano1254,Catuquina,704,tošβa,Phonemic,clean,,,,
15-880-278-1,pano1254,Catuquina,1230,ṣ̌ošṣ̌a-(pa),Phonemic,"dirty, soiled",,,,
15-890-278-1,pano1254,Catuquina,380,mayõma,Phonemic,wrinkled,,,,
16-110-278-1,pano1254,Catuquina,53,yočĩ,Phonemic,"soul, spirit",,,,
16-150-278-1,pano1254,Catuquina,1572,wɨrɨ i-,Phonemic,"surprised, astonished",,,,
16-230-278-1,pano1254,Catuquina,1495,mɨki-ṣ̌-,Phonemic,"joyful, glad, happy",,,,
16-250-278-1,pano1254,Catuquina,1355,osã-,Phonemic,laugh,,,,
16-260-278-1,pano1254,Catuquina,1413,wɨsi-,Phonemic,play,,,,
16-270-278-1,pano1254,Catuquina,923,noi-,Phonemic,love,,Various verbs show affection in CTQ; none seems to correspond to the strong emotion of love.,,
16-290-278-1,pano1254,Catuquina,578,mɨki-,Phonemic,kiss,,,,
16-300-278-1,pano1254,Catuquina,928,tɨwɨ-,Phonemic,embrace,,Also means 'necklace' 06.750. Cf. 'neck' 04.280.,,
16-310-278-1,pano1254,Catuquina,1783,isĩ,Phonemic,pain,,,,
16-320-278-1,pano1254,Catuquina,1668,mɨsmas-,Phonemic,"grief, sorrow, sadness",,,,
16-330-278-1,pano1254,Catuquina,1000,haa ino-ʔaš rakɨ-t-,Phonemic,"anxiety, worry",,,,
16-340-278-1,pano1254,Catuquina,1875,mɨsmas-,Phonemic,"regret, be sorry",,,,
16-350-278-1,pano1254,Catuquina,1141,onic̷-,Phonemic,pity,,,,
16-370-278-1,pano1254,Catuquina,1839,wai i-,Phonemic,"cry, weep",,,,
16-380-278-1,pano1254,Catuquina,1651,βɨro hɨnɨ,Phonemic,tear (noun),,Lit. 'eye ?' 04.210.,,
16-390-278-1,pano1254,Catuquina,716,raʔɨ-t-,Phonemic,groan,,,,
16-410-278-1,pano1254,Catuquina,1607,hɨwɨʔa-yama-,Phonemic,hate,,,,
16-420-278-1,pano1254,Catuquina,82,sina-t-,Phonemic,anger,,,,
16-440-278-1,pano1254,Catuquina,40,noc̷i-,Phonemic,"envy, jealousy",,,,
16-660-278-1,pano1254,Catuquina,1657,βana i-βi-s-aʔi,Phonemic,true,,,,
16-670-278-1,pano1254,Catuquina,601,yoa βana yoã-,Phonemic,"lie, tell lies",,,,
16-680-278-1,pano1254,Catuquina,13,parã-,Phonemic,deceit,,Also means 'betray' 17.441.,,
16-710-278-1,pano1254,Catuquina,1035,roʔa-pa,Phonemic,good,,,,
16-720-278-1,pano1254,Catuquina,1292,ičṣ̌a-pa,Phonemic,bad,,,,
16-730-278-1,pano1254,Catuquina,1725,i-βi-s-aʔi,Phonemic,"right, correct",,,,
16-740-278-1,pano1254,Catuquina,1390,i-yama-ʔi,Phonemic,wrong,,,,
16-770-278-1,pano1254,Catuquina,1293,kanɨ-,Phonemic,"mistake, error",,,,
16-810-278-1,pano1254,Catuquina,1427,roʔa-pa,Phonemic,beautiful,,Also means 'good' 16.710.,,
16-820-278-1,pano1254,Catuquina,1548,ičṣ̌a-pa,Phonemic,ugly,,,,
16-840-278-1,pano1254,Catuquina,1310,hawɨ a-kĩ tana-koĩ,Phonemic,clever,,,,
17-110-278-1,pano1254,Catuquina,1562,čĩnã,Phonemic,mind,,,,
17-130-278-1,pano1254,Catuquina,1415,čĩnã-,Phonemic,think (= reflect),,,,
17-140-278-1,pano1254,Catuquina,1513,haska a-kĩ čĩnã-,Phonemic,think (= be of the opinion),,,,
17-150-278-1,pano1254,Catuquina,1890,čĩnã-koĩ-,Phonemic,believe,,,,
17-160-278-1,pano1254,Catuquina,1536,tana-,Phonemic,understand,,,,
17-170-278-1,pano1254,Catuquina,1410,tana-,Phonemic,know,,,,
17-172-278-1,pano1254,Catuquina,117,mawa-,Phonemic,imitate,,,,
17-210-278-1,pano1254,Catuquina,698,hawɨ̃ toʔõma,Phonemic,wise,,,,
17-220-278-1,pano1254,Catuquina,1518,hawɨ tanaʔisma,Phonemic,"foolish, stupid",,,,
17-230-278-1,pano1254,Catuquina,1899,nisõ-,Phonemic,"insane, crazy",,,,
17-240-278-1,pano1254,Catuquina,504,yosi-,Phonemic,learn,,,,
17-242-278-1,pano1254,Catuquina,1929,βana yosi-,Phonemic,study,,,,
17-250-278-1,pano1254,Catuquina,709,yosĩ-,Phonemic,teach,,,,
17-260-278-1,pano1254,Catuquina,753,ɨã yosĩ-naʔi,Phonemic,pupil,,,,
17-270-278-1,pano1254,Catuquina,1038,nokɨ yosĩ-naʔi,Phonemic,teacher,,,,
17-280-278-1,pano1254,Catuquina,673,βana yosi-ti šoβo,Phonemic,school,,,,
17-310-278-1,pano1254,Catuquina,707,čĩnã-,Phonemic,remember,,,,
17-320-278-1,pano1254,Catuquina,1523,pɨṣ̌i-,Phonemic,forget,,,,
17-340-278-1,pano1254,Catuquina,989,tana-,Phonemic,"clear, plain",,,,
17-350-278-1,pano1254,Catuquina,1764,tana-ti-ma-s,Phonemic,obscure,,,,
17-380-278-1,pano1254,Catuquina,1626,tana-ma-,Phonemic,explain,,,,
17-410-278-1,pano1254,Catuquina,1162,-nõ,Phonemic,"intention, purpose",,,,
17-420-278-1,pano1254,Catuquina,860,-ma-,Phonemic,cause,,,,
17-441-278-1,pano1254,Catuquina,1902,parã-,Phonemic,betray,,Also means 'deceit' 16.680.,,
17-450-278-1,pano1254,Catuquina,643,mano-,Phonemic,"need, necessity",,,,
17-460-278-1,pano1254,Catuquina,686,hawɨ a-ti-s-ṣ̌a-ma,Phonemic,easy,,,,
17-480-278-1,pano1254,Catuquina,1812,tana-,Phonemic,"try, attempt",,,,
17-490-278-1,pano1254,Catuquina,488,nɨska,Phonemic,"way, manner",,,,
17-490-278-3,pano1254,Catuquina,488,haska,Phonemic,"way, manner",,,,
17-520-278-1,pano1254,Catuquina,1157,-tošõ,Phonemic,because,,"This is a common form, with other differences in morphology (allomorphs); as well as grammatical variations to this basic suffix.",,
17-530-278-1,pano1254,Catuquina,1459,-βi...-βĩ,Phonemic,if,,"The first part of this morpheme is suffixed to the first 'if' verb, and the second part is suffixed to the contrary-to-fact ('would have') verb. Also there are other complex constructions.",,
17-540-278-1,pano1254,Catuquina,1014,kõ,Phonemic,or,,,,
17-550-278-1,pano1254,Catuquina,1268,hɨwɨ,Phonemic,"yes, affirmative",,,,
17-560-278-1,pano1254,Catuquina,1269,-yama-,Phonemic,"no, negative",,,,
17-610-278-1,pano1254,Catuquina,1239,hɨ̃kɨs a-šõ-ra,Phonemic,how?,,There are other expressions for this concept.,,
17-620-278-1,pano1254,Catuquina,822,hawɨ-tiʔi-ra,Phonemic,how many?,,,,
17-630-278-1,pano1254,Catuquina,531,hawɨ-tɨʔi-ra,Phonemic,how much?,,,,
17-640-278-1,pano1254,Catuquina,1236,hawɨ-ra,Phonemic,what?,,,,
17-650-278-1,pano1254,Catuquina,1238,hawɨ-tiã-ra,Phonemic,when?,,,,
17-660-278-1,pano1254,Catuquina,1237,hãto-ra,Phonemic,where?,,,,
17-670-278-1,pano1254,Catuquina,727,hãto-ʔa iβo-ra,Phonemic,which?,,,,
17-680-278-1,pano1254,Catuquina,1235,c̷oa-ra,Phonemic,who?,,,,
17-690-278-1,pano1254,Catuquina,1270,hɨ̃kɨs-a-ra,Phonemic,why?,,"There are many variations, showing the complexities that change the meaning of the question.",,
18-110-278-1,pano1254,Catuquina,1363,βana,Phonemic,voice,,,,
18-120-278-1,pano1254,Catuquina,1261,ṣ̌irĩ i,Phonemic,sing,,,,
18-120-278-3,pano1254,Catuquina,1261,sai i-,Phonemic,sing,,,,
18-130-278-1,pano1254,Catuquina,715,paa i-,Phonemic,"shout, cry out",,,,
18-150-278-1,pano1254,Catuquina,55,βašɨš-,Phonemic,whisper,,,,
18-160-278-1,pano1254,Catuquina,128,βana nĩkatima,Phonemic,mumble,,,,
18-170-278-1,pano1254,Catuquina,1025,ɨɨči-,Phonemic,whistle,,,,
18-170-278-3,pano1254,Catuquina,1025,šɨĩ-,Phonemic,whistle,,,,
18-180-278-1,pano1254,Catuquina,298,ṣ̌akari i-,Phonemic,"shriek, screech",,,,
18-190-278-1,pano1254,Catuquina,526,hoi-,Phonemic,howl,,,,
18-210-278-1,pano1254,Catuquina,1623,βana-,Phonemic,"speak, talk",,,,
18-211-278-1,pano1254,Catuquina,1866,hãpi-,Phonemic,"stutter, stammer",,,,
18-220-278-1,pano1254,Catuquina,1458,i-,Phonemic,say,,,,
18-221-278-1,pano1254,Catuquina,1711,yoã-,Phonemic,tell story,,,,
18-222-278-1,pano1254,Catuquina,1115,βana yoã-,Phonemic,speech (make a),,,,
18-230-278-1,pano1254,Catuquina,48,βana-ma,Phonemic,silent (be),,,,
18-240-278-1,pano1254,Catuquina,1307,βana,Phonemic,language,,,,
18-280-278-1,pano1254,Catuquina,1405,hanɨ,Phonemic,name,,,,
18-310-278-1,pano1254,Catuquina,1309,yoka-,Phonemic,"ask (question, inquire)",,,,
18-320-278-1,pano1254,Catuquina,1275,rɨβi-,Phonemic,answer,,,,
18-350-278-1,pano1254,Catuquina,1828,yoka-,Phonemic,"ask, request",,,,
18-360-278-1,pano1254,Catuquina,1675,parã-yama-,Phonemic,promise,,Lit. 'betray-negative' 17.441; 17.560.,,
18-370-278-1,pano1254,Catuquina,49,i-ʔaʔi-ma i-,Phonemic,refuse,,,,
18-380-278-1,pano1254,Catuquina,83,a-ma-yama-,Phonemic,forbid,,Lit. 'do/make-causative-negative'.,,
18-390-278-1,pano1254,Catuquina,299,βaṣ̌ĩ-,Phonemic,"rebuke, scold",,,,
18-410-278-1,pano1254,Catuquina,1084,kɨna-,Phonemic,call (=summon),,,,
18-420-278-1,pano1254,Catuquina,180,hanɨʔa-,Phonemic,call (=name),,,,
18-430-278-1,pano1254,Catuquina,9,yoã-,Phonemic,announce,,,,
18-510-278-1,pano1254,Catuquina,1672,kɨnɨʔa-,Phonemic,write,,,,
18-510-278-3,pano1254,Catuquina,1672,hiča-,Phonemic,write,,,,
18-520-278-1,pano1254,Catuquina,724,kɨnɨ βana-,Phonemic,read,,,,
18-560-278-1,pano1254,Catuquina,648,kɨnɨ,Phonemic,paper,,,,
18-570-278-1,pano1254,Catuquina,794,kɨnɨʔa-ti,Phonemic,pen,,,,
18-610-278-1,pano1254,Catuquina,963,kɨnɨ,Phonemic,book,,,,
18-710-278-1,pano1254,Catuquina,777,rɨwɨ,Phonemic,flute,,,,
18-730-278-1,pano1254,Catuquina,2136,põo-ti,Phonemic,"horn, trumpet",,,,
19-110-278-1,pano1254,Catuquina,1300,mai,Phonemic,country,,Also means 'earth' 01.210.,,
19-120-278-1,pano1254,Catuquina,89,hãwɨ̃ mai,Phonemic,one's native country,,,,
19-150-278-1,pano1254,Catuquina,1391,[sidade],Phonemic,"city, town",,From Port. 'cidade'.,,
19-160-278-1,pano1254,Catuquina,930,[aldeia],Phonemic,village,,From Port. 'aldeia'.,,
19-170-278-1,pano1254,Catuquina,1010,rɨpi-ʔa-namã,Phonemic,boundary,,,,
19-210-278-1,pano1254,Catuquina,789,nokɨ,Phonemic,people (populace),,Also means 'person' 02.100; 'we' 02.940.,,
19-230-278-1,pano1254,Catuquina,302,nawa,Phonemic,"tribe, clan",,Note the use of this morpheme on endings of names of related groups in Panoan family.,,
19-240-278-1,pano1254,Catuquina,301,nokɨ iβoʔa-i,Phonemic,"chief, chieftain",,,,
19-310-278-1,pano1254,Catuquina,1846,iβo-,Phonemic,"rule, govern",,,,
19-430-278-1,pano1254,Catuquina,255,mɨʔɨ ima-ti,Phonemic,servant,,Lit. 'work ?' 09.120.,,
19-450-278-1,pano1254,Catuquina,1128,yono-,Phonemic,"command, order",,The latter is lit. 'do/make-cause'.,,
19-450-278-3,pano1254,Catuquina,1128,a-ma-,Phonemic,"command, order",,The latter is lit. 'do/make-cause'.,,
19-460-278-1,pano1254,Catuquina,1635,nĩka-,Phonemic,obey,,,,
19-470-278-1,pano1254,Catuquina,1003,-ma-,Phonemic,"let, permit",,,,
19-520-278-1,pano1254,Catuquina,1358,ɨa tɨkõ-paʔi i-ki,Phonemic,enemy,,,,
19-540-278-1,pano1254,Catuquina,1332,ɨa taβa raka-ta,Phonemic,neighbor,,,,
19-550-278-1,pano1254,Catuquina,791,ɨã tana-yama-i nokɨ,Phonemic,stranger,,,,
19-560-278-1,pano1254,Catuquina,1782,ɨ̃ šoβõ raka-ta,Phonemic,guest,,šoβo is 'house' 07.120.,,
19-570-278-1,pano1254,Catuquina,1545,šoβo iβoʔa-ʔi,Phonemic,host,,,,
19-580-278-1,pano1254,Catuquina,1897,takɨʔa-,Phonemic,"help, aid",,,,
19-590-278-1,pano1254,Catuquina,1550,-ma-yama-,Phonemic,"hinder, prevent",,Lit. 'causative-negative'.,,
19-620-278-1,pano1254,Catuquina,1848,βaṣ̌ĩ-nã-na-,Phonemic,"strife, quarrel",,,,
19-650-278-1,pano1254,Catuquina,1831,βɨya-,Phonemic,meet,,,,
19-720-278-1,pano1254,Catuquina,1610,aĩ-βo a-ti-sma-koĩnãka,Phonemic,prostitute,,,,
20-110-278-1,pano1254,Catuquina,1423,βaṣ̌ĩ-,Phonemic,fight (vb),,,,
20-130-278-1,pano1254,Catuquina,579,tɨkõ-nã-na-,Phonemic,"war, battle",,,,
20-170-278-1,pano1254,Catuquina,1941,[saotaṣ̌i],Phonemic,soldier,,From Port. 'soldado'.,,
20-220-278-1,pano1254,Catuquina,1763,hino,Phonemic,club,,,,
20-230-278-1,pano1254,Catuquina,387,ṣ̌anãpi,Phonemic,sling,,,,
20-240-278-1,pano1254,Catuquina,994,kãti,Phonemic,bow,,,,
20-250-278-1,pano1254,Catuquina,977,pia,Phonemic,arrow,,,,
20-260-278-1,pano1254,Catuquina,945,paka,Phonemic,spear,,,,
20-270-278-1,pano1254,Catuquina,1535,rički-ti kɨya,Phonemic,sword,,,,
20-280-278-1,pano1254,Catuquina,1566,[ripi],Phonemic,"gun, cannon",,From Port. 'rifle'.,,
20-450-278-1,pano1254,Catuquina,421,βɨokoʔo-,Phonemic,retreat,,,,
20-470-278-1,pano1254,Catuquina,1072,kɨnɨ-ki oriʔa-ta,Phonemic,"captive, prisoner",,"kɨnɨ is 'room, fence'.",,
20-490-278-1,pano1254,Catuquina,65,sotã-,Phonemic,ambush,,,,
20-510-278-1,pano1254,Catuquina,1858,c̷ac̷a wɨsti-s a-ʔi honi,Phonemic,fisherman,,,,
20-520-278-1,pano1254,Catuquina,1074,kori-ti,Phonemic,fishhook,,,,
20-530-278-1,pano1254,Catuquina,19,kori-ti pati,Phonemic,fishing line,,,,
20-540-278-1,pano1254,Catuquina,388,c̷ac̷a wɨʔa-ti,Phonemic,fishnet,,,,
20-560-278-1,pano1254,Catuquina,2013,noʔĩ,Phonemic,bait,,,,
20-610-278-1,pano1254,Catuquina,1435,niʔi ka-,Phonemic,hunt,,Cf. 'woods' 01.410.,,
20-620-278-1,pano1254,Catuquina,1172,tɨkõ-,Phonemic,shoot,,,,
20-630-278-1,pano1254,Catuquina,161,kanɨ-,Phonemic,miss (target),,,,
20-640-278-1,pano1254,Catuquina,1075,hirõ-ti,Phonemic,trap (noun),,,,
20-650-278-1,pano1254,Catuquina,1170,hirõ-,Phonemic,trap (vb),,,,
21-110-278-1,pano1254,Catuquina,1062,hɨsɨ βana,Phonemic,law,,,,
21-370-278-1,pano1254,Catuquina,390,kopi-kĩ onic̷a-pa-ma-,Phonemic,"penalty, punishment",,,,
21-390-278-1,pano1254,Catuquina,1281,kɨnɨ-ki,Phonemic,"prison, jail",,Lit. 'room/fence/wall-?'.,,
21-420-278-1,pano1254,Catuquina,845,nokɨ wɨc̷a βopi-ma-,Phonemic,murder,,,,
21-440-278-1,pano1254,Catuquina,953,tašo-βaʔĩ-šõ a-,Phonemic,rape,,,,
21-510-278-1,pano1254,Catuquina,713,hawɨ honɨ-,Phonemic,steal,,,,
21-520-278-1,pano1254,Catuquina,1160,hawɨ honɨ-koĩnãka-ʔi,Phonemic,thief,,,,
22-180-278-1,pano1254,Catuquina,852,[paṣ̌i],Phonemic,priest,,From Port. 'padre'.,,
22-220-278-1,pano1254,Catuquina,304,βana yoã-,Phonemic,preach,,,,
22-230-278-1,pano1254,Catuquina,391,roʔa-pa-kĩ a-,Phonemic,bless,,,,
22-240-278-1,pano1254,Catuquina,8,ičṣ̌a-pa a-,Phonemic,curse,,,,
22-240-278-3,pano1254,Catuquina,8,ična-,Phonemic,curse,,,,
22-260-278-1,pano1254,Catuquina,303,pi-ti kɨyo-kĩ sama-,Phonemic,fast (vb),,Lit. 'food ?'.,,
22-310-278-1,pano1254,Catuquina,1565,nai šaβa,Phonemic,heaven,,Lit. 'sky world/place' 01.510; 01.100.,,
22-320-278-1,pano1254,Catuquina,878,βɨʔi šaβa,Phonemic,hell,,,,
22-350-278-1,pano1254,Catuquina,1973,yočĩ,Phonemic,demon (evil spirit),,,,
22-350-278-3,pano1254,Catuquina,1973,kɨβɨ,Phonemic,demon (evil spirit),,,,
22-420-278-1,pano1254,Catuquina,392,romɨ-,Phonemic,"magic, witchcraft, sorcery",,Cf. 'tobacco' 08.680.,,
22-430-278-1,pano1254,Catuquina,2137,romɨ-ya,Phonemic,"sorcerer, witch",,Cf. 'tobacco' 08.680.,,
22-440-278-1,pano1254,Catuquina,2138,kɨsta-βo,Phonemic,"fairy, elf",,,,
22-450-278-1,pano1254,Catuquina,1175,yočĩ,Phonemic,"ghost, phantom",,,,
