ID,Language_ID,Language_name,Parameter_ID,Value,Transcription,Concept,Source,Comment,AlternativeValue,AlternativeTranscription
14-320-806-1,,Mang'an B. (MNN),1852,jɨt.33,phonetic,often,,,,
14-310-806-1,,Mang'an B. (MNN),1676,mə.33 ćiʔ.55 ni.51,phonetic,always,,,,
14-310-806-2,,Mang'an B. (MNN),1676,mə.33 ćiʔ.55 nɛʔ.55,phonetic,always,,,,
14-280-806-1,,Mang'an B. (MNN),1928,hɔi.33 təm.33,phonetic,"cease, stop",,,,
14-270-806-1,,Mang'an B. (MNN),1766,kɔk.33 ći.55,phonetic,finish,,,,
14-260-806-1,,Mang'an B. (MNN),743,hɔi.33 kɔk.33,phonetic,end (temporal),,,,
14-240-806-1,,Mang'an B. (MNN),425,taŋ.33 kɔ.33,phonetic,"retard, delay",,,,
14-230-806-1,,Mang'an B. (MNN),754,ki.33,phonetic,"hasten, hurry",,,,
14-220-806-1,,Mang'an B. (MNN),701,phi.33,phonetic,slow,,,,
14-220-806-2,,Mang'an B. (MNN),701,kɔi.51,phonetic,slow,,,,
14-210-806-1,,Mang'an B. (MNN),1631,phai.51,phonetic,"swift, fast, quick",,,,
14-190-806-1,,Mang'an B. (MNN),1963,a.33 vai.51,phonetic,immediately,,,,
14-190-806-2,,Mang'an B. (MNN),1963,i.33 fi.55,phonetic,immediately,,,,
14-180-806-1,,Mang'an B. (MNN),1376,nćiu.51 ni.33,phonetic,now,,,,
14-170-806-1,,Mang'an B. (MNN),477,lha.33,phonetic,late,,,,
14-160-806-1,,Mang'an B. (MNN),672,ćau.33,phonetic,early,,,,
14-150-806-1,,Mang'an B. (MNN),1229,si.55 that.55,phonetic,old,,,,
14-140-806-1,,Mang'an B. (MNN),1207,nhum.55,phonetic,young,,,,
14-120-806-1,,Mang'an B. (MNN),1789,ćiu.33 meʔ.55 pi.51,phonetic,age,,,,
14-130-806-1,,Mang'an B. (MNN),1231,rhuʔ.55,phonetic,new,,,,
13-370-806-1,,Mang'an B. (MNN),1888,mə.33 nku.33,phonetic,pair,,,,
13-350-806-1,,Mang'an B. (MNN),1529,uɔt.51 hɔi.33 aŋ.33 kat.33,phonetic,last,,,,
13-340-806-1,,Mang'an B. (MNN),728,lait.51 ŋai.51,phonetic,first,,,,
13-330-806-1,,Mang'an B. (MNN),1580,ntak.55,phonetic,"alone, only",,,,
13-240-806-1,,Mang'an B. (MNN),816,mə.33 khlak.33,phonetic,half,,,,
13-230-806-1,,Mang'an B. (MNN),779,mphla.33,phonetic,"part, piece",,,,
13-220-806-1,,Mang'an B. (MNN),1624,mɛp.33,phonetic,empty,,,,
13-210-806-1,,Mang'an B. (MNN),1429,nuək.51,phonetic,full,,,,
13-190-806-1,,Mang'an B. (MNN),2023,pe.33 u.51,phonetic,"multitude, crowd",,,,
13-181-806-1,,Mang'an B. (MNN),1241,mphra.33,phonetic,some,,,,
13-170-806-1,,Mang'an B. (MNN),1242,kle.55,phonetic,"little (quantity), few",,,,
13-180-806-1,,Mang'an B. (MNN),1881,pɔ.51,phonetic,enough,,,,
13-160-806-1,,Mang'an B. (MNN),1992,nkɨp.55 pe.33,phonetic,more,,,,
13-150-806-1,,Mang'an B. (MNN),1198,ńiau.33,phonetic,"much, many",,,,
13-150-806-2,,Mang'an B. (MNN),1198,pe.33,phonetic,"much, many",,,,
13-140-806-1,,Mang'an B. (MNN),98,ćhaŋ.33 kɔk.33,phonetic,"every, all",,,,
13-107-806-1,,Mang'an B. (MNN),1420,keit.33,phonetic,count,,,,
13-106-806-1,,Mang'an B. (MNN),1843,mu.33 hreŋ.51,phonetic,thousand,,,,
13-105-806-1,,Mang'an B. (MNN),1634,mu.33 pak.55,phonetic,hundred,,,,
13-104-806-1,,Mang'an B. (MNN),1710,sau.51,phonetic,twenty,,,,
13-103-806-1,,Mang'an B. (MNN),1709,sip.55 haʔ.33,phonetic,fifteen,,,,
13-102-806-1,,Mang'an B. (MNN),1707,sip.55 sɔŋ.51,phonetic,twelve,,,,
13-101-806-1,,Mang'an B. (MNN),1706,sip.55 het.55,phonetic,eleven,,,,
13-100-806-1,,Mang'an B. (MNN),1515,ta.33 sip.55,phonetic,ten,,,,
12-930-806-1,,Mang'an B. (MNN),1264,nthɔi.55,phonetic,change,,,,
12-920-806-1,,Mang'an B. (MNN),1558,jəŋ.55,phonetic,"like, similar",,,,
12-850-806-1,,Mang'an B. (MNN),1667,nthu.51,phonetic,hole,,,,
12-810-806-1,,Mang'an B. (MNN),1395,mɨn.33,phonetic,round,,,,
12-820-806-1,,Mang'an B. (MNN),1467,mpɔn.55 vɔn.55,phonetic,circle,,,,
12-760-806-1,,Mang'an B. (MNN),192,ćhiɔk.55,phonetic,corner,,,,
12-750-806-1,,Mang'an B. (MNN),1071,a.33 vuak.51,phonetic,hook,,,,
12-740-806-1,,Mang'an B. (MNN),297,khuak.33,phonetic,crooked,,,,
12-730-806-1,,Mang'an B. (MNN),1404,sə.33,phonetic,straight,,,,
12-710-806-1,,Mang'an B. (MNN),1633,phen.33,phonetic,flat,,,,
12-680-806-1,,Mang'an B. (MNN),193,tian.51,phonetic,shallow,,,,
12-670-806-1,,Mang'an B. (MNN),1593,kru.51,phonetic,deep,,,,
12-650-806-1,,Mang'an B. (MNN),2249,hin.51,phonetic,thin (in dimension),,,,
12-630-806-1,,Mang'an B. (MNN),1244,sət.33,phonetic,thick (in dimension),,,,
12-620-806-1,,Mang'an B. (MNN),1267,tip.33,phonetic,narrow,,,,
12-610-806-1,,Mang'an B. (MNN),1243,va.33,phonetic,"wide, broad",,,,
12-590-806-1,,Mang'an B. (MNN),1645,tɔt.55,phonetic,short,,,,
12-580-806-1,,Mang'an B. (MNN),711,çiəŋ.51,phonetic,tall,,,,
12-570-806-1,,Mang'an B. (MNN),1203,lan.51,phonetic,long,,,,
12-560-806-1,,Mang'an B. (MNN),1246,khɔt.33,phonetic,"small, little",,,,
12-550-806-1,,Mang'an B. (MNN),1202,at.55,phonetic,"large, big",,,,
12-541-806-1,,Mang'an B. (MNN),81,nćhan.51,phonetic,"span, fathom",,,,
12-540-806-1,,Mang'an B. (MNN),1506,tɛk.33,phonetic,measure,,,,
12-530-806-1,,Mang'an B. (MNN),479,ri.51 at.55,phonetic,grow,,,,
12-430-806-1,,Mang'an B. (MNN),1942,si.33 tɛʔ.55,phonetic,near (adv),,,,
12-430-806-2,,Mang'an B. (MNN),1942,si.33 ŋai.51,phonetic,near (adv),,,,
12-420-806-1,,Mang'an B. (MNN),244,ri.55 vɛʔ.55,phonetic,left (side),,,,
12-410-806-1,,Mang'an B. (MNN),1019,ri.55 sap.55,phonetic,right (side),,,,
12-370-806-1,,Mang'an B. (MNN),1093,thu.55 thɛk.55,phonetic,"middle, center",,,,
12-360-806-1,,Mang'an B. (MNN),682,thu.55 thɛk.55,phonetic,side,,,,
12-353-806-1,,Mang'an B. (MNN),863,ta.33 pik.55,phonetic,edge,,,,
12-352-806-1,,Mang'an B. (MNN),372,nkɔi.51,phonetic,pointed,,,,
12-340-806-1,,Mang'an B. (MNN),690,cui.55 tiam.51,phonetic,bottom,,,,
12-320-806-1,,Mang'an B. (MNN),721,tiam.51,phonetic,low,,,,
12-330-806-1,,Mang'an B. (MNN),1753,cui.55 çiəŋ.51,phonetic,top,,,,
12-310-806-1,,Mang'an B. (MNN),1265,çiəŋ.51,phonetic,high,,,,
12-270-806-1,,Mang'an B. (MNN),602,suak.51,phonetic,"hide, conceal",,,,
12-250-806-1,,Mang'an B. (MNN),1046,mip.33 tɔit.55,phonetic,"shut, close",,,,
12-260-806-1,,Mang'an B. (MNN),761,rhu.51,phonetic,cover,,,,
12-240-806-1,,Mang'an B. (MNN),1156,po.33,phonetic,open,,,,
12-232-806-1,,Mang'an B. (MNN),1119,mɛŋ.55,phonetic,divide,,,,
12-230-806-1,,Mang'an B. (MNN),1359,mɛŋ.55,phonetic,separate,,,,
12-220-806-1,,Mang'an B. (MNN),1743,kap.55,phonetic,"join, unite",,,,
12-213-806-1,,Mang'an B. (MNN),1576,nkɔŋ.51,phonetic,pile up,,,,
12-212-806-1,,Mang'an B. (MNN),371,ćhip.33,phonetic,pick up,,,,
12-210-806-1,,Mang'an B. (MNN),7,rhun.33,phonetic,"collect, gather",,,,
12-170-806-1,,Mang'an B. (MNN),838,si.33,phonetic,"remains, left overs",,,,
12-160-806-1,,Mang'an B. (MNN),987,kɔt.51,phonetic,"remain, stay",,,,
12-150-806-1,,Mang'an B. (MNN),1442,ntrik.55,phonetic,stand,,,,
12-140-806-1,,Mang'an B. (MNN),215,ɨŋ.55,phonetic,lie down,,,,
12-130-806-1,,Mang'an B. (MNN),1416,ćhyək.51,phonetic,sit,,,,
12-120-806-1,,Mang'an B. (MNN),998,plɔi.55,phonetic,put,,,,
12-110-806-1,,Mang'an B. (MNN),723,məŋ.33 pɨi.55,phonetic,place,,,,
11-920-806-1,,Mang'an B. (MNN),1098,phiuk.33,phonetic,weigh,,,,
11-910-806-1,,Mang'an B. (MNN),884,meŋ.55,phonetic,share (distribute),,,,
11-890-806-1,,Mang'an B. (MNN),1887,pɔ.51,phonetic,cheap,,,,
11-880-806-1,,Mang'an B. (MNN),1426,ŋuat.51,phonetic,"dear (costly, expensive)",,,,
11-860-806-1,,Mang'an B. (MNN),752,ntiŋ.55 ruɔi.33 kro.51,phonetic,"store, shop",,,,
11-850-806-1,,Mang'an B. (MNN),633,ŋkhlait.51,phonetic,market (place),,,,
11-830-806-1,,Mang'an B. (MNN),2135,khɔk.55 nkun.51,phonetic,"trade, barter",,,,
11-820-806-1,,Mang'an B. (MNN),1571,ruɔi.51,phonetic,sell,,,,
11-810-806-1,,Mang'an B. (MNN),1869,lɛk.51,phonetic,buy,,,,
11-790-806-1,,Mang'an B. (MNN),733,jak.55 sɔk.33,phonetic,earn,,,,
11-780-806-1,,Mang'an B. (MNN),1122,ŋɔit.55 nklieŋ.51,phonetic,wages,,,,
11-770-806-1,,Mang'an B. (MNN),856,ćhiŋ.51 koŋ.33,phonetic,hire,,,,
11-690-806-1,,Mang'an B. (MNN),873,sui.55,phonetic,"tax, tribute",,,,
11-650-806-1,,Mang'an B. (MNN),718,khai.33 mhun.51,phonetic,pay (vb),,,,
11-640-806-1,,Mang'an B. (MNN),1914,ćha.33 ćaŋ.55,phonetic,debt,,,,
11-630-806-1,,Mang'an B. (MNN),369,ćha.33 mhun.51,phonetic,owe,,,,
11-620-806-1,,Mang'an B. (MNN),1823,vai.51 lat.33,phonetic,borrow,,,,
11-620-806-2,,Mang'an B. (MNN),1823,vai.51 joŋ.55,phonetic,borrow,,,,
11-610-806-1,,Mang'an B. (MNN),582,vai.51,phonetic,lend,,,,
11-540-806-1,,Mang'an B. (MNN),1774,sɛt.55,phonetic,"avaricious, stingy",,,,
11-530-806-1,,Mang'an B. (MNN),1934,ʔu.55 ruak.33 khai.51,phonetic,beggar,,,,
11-520-806-1,,Mang'an B. (MNN),1674,mpran.51,phonetic,poor,,,,
11-510-806-1,,Mang'an B. (MNN),712,mi.51,phonetic,rich,,,,
11-440-806-1,,Mang'an B. (MNN),1867,mhun.51 sɛn.33,phonetic,coin,,,,
11-430-806-1,,Mang'an B. (MNN),1559,mhun.51,phonetic,money,,,,
11-330-806-1,,Mang'an B. (MNN),1660,tet.33,phonetic,lose,,,,
11-330-806-2,,Mang'an B. (MNN),1660,piɔk.33,phonetic,lose,,,,
11-320-806-1,,Mang'an B. (MNN),719,sɔk.33 pian.51,phonetic,find,,,,
11-310-806-1,,Mang'an B. (MNN),1468,sɔk.33,phonetic,"seek, look for",,,,
11-280-806-1,,Mang'an B. (MNN),44,ćiuʔ.55,phonetic,"harm, injure, damage",,,,
11-280-806-2,,Mang'an B. (MNN),44,lu.33,phonetic,"harm, injure, damage",,,,
11-240-806-1,,Mang'an B. (MNN),1997,kək.33,phonetic,"preserve, look after",,,,
11-220-806-1,,Mang'an B. (MNN),85,khlai.51,phonetic,give back,,,,
11-210-806-1,,Mang'an B. (MNN),1447,ha.33,phonetic,give,,,,
11-180-806-1,,Mang'an B. (MNN),738,krəŋ.33 kro.51,phonetic,thing,,,,
11-160-806-1,,Mang'an B. (MNN),694,pien.51,phonetic,"get, obtain",,,,
11-150-806-1,,Mang'an B. (MNN),1448,nćhap.33,phonetic,hold,,,,
11-140-806-1,,Mang'an B. (MNN),2021,run.33,phonetic,"seize, grasp",,,,
11-130-806-1,,Mang'an B. (MNN),1749,ćhiəm.33,phonetic,take,,,,
11-120-806-1,,Mang'an B. (MNN),684,khui.51,phonetic,"own, possess",,,,
11-110-806-1,,Mang'an B. (MNN),773,khui.51,phonetic,have,,,,
10-830-806-1,,Mang'an B. (MNN),1844,kram.51 khɔt.33,phonetic,boat,,,,
10-810-806-1,,Mang'an B. (MNN),740,kram.51,phonetic,ship,,,,
10-760-806-1,,Mang'an B. (MNN),710,ćiəŋ.51 lɔ.33 li.55,phonetic,wheel,,,,
10-750-806-1,,Mang'an B. (MNN),122,lɔ.33 li.55,phonetic,"carriage, wagon, cart",,,,
10-740-806-1,,Mang'an B. (MNN),1011,kho.51,phonetic,bridge,,,,
10-720-806-1,,Mang'an B. (MNN),2252,nkruaŋ.51 khɔt.33,phonetic,path,,,,
10-710-806-1,,Mang'an B. (MNN),667,nkruaŋ.51,phonetic,road,,,,
10-670-806-1,,Mang'an B. (MNN),1452,ćhyət.51,phonetic,"push, shove",,,,
10-670-806-2,,Mang'an B. (MNN),1452,nek.55,phonetic,"push, shove",,,,
10-660-806-1,,Mang'an B. (MNN),367,mpak.33 mprak.55,phonetic,ride,,,,
10-650-806-1,,Mang'an B. (MNN),741,khai.55 lɔ.33 li.55,phonetic,drive,,,,
10-630-806-1,,Mang'an B. (MNN),1127,ćhap.55,phonetic,send,,,,
10-620-806-1,,Mang'an B. (MNN),692,ćhap.55,phonetic,bring,,,,
10-615-806-1,,Mang'an B. (MNN),415,si.33 khiap.51,phonetic,carry-underarm,,,,
10-614-806-1,,Mang'an B. (MNN),414,tut.33,phonetic,carry-on-head,,,,
10-612-806-1,,Mang'an B. (MNN),412,tɛu.55,phonetic,carry-in-hand,,,,
10-610-806-1,,Mang'an B. (MNN),700,le.51,phonetic,carry (bear),,,,
10-570-806-1,,Mang'an B. (MNN),749,lup.33,phonetic,enter,,,,
10-560-806-1,,Mang'an B. (MNN),1778,si.33 te.55,phonetic,approach,,,,
10-550-806-1,,Mang'an B. (MNN),1387,a.33 ćam.51,phonetic,"reach, arrive",,,,
10-530-806-1,,Mang'an B. (MNN),1047,rɨp.33,phonetic,pursue,,,,
10-520-806-1,,Mang'an B. (MNN),1085,hɔn.51,phonetic,follow,,,,
10-510-806-1,,Mang'an B. (MNN),956,rɨp.55 jak.55,phonetic,flee,,,,
10-491-806-1,,Mang'an B. (MNN),485,piɔk.33,phonetic,disappear,,,,
10-490-806-1,,Mang'an B. (MNN),1752,ik.55,phonetic,"go away, depart",,,,
10-481-806-1,,Mang'an B. (MNN),581,lat.33,phonetic,come back,,,,
10-481-806-2,,Mang'an B. (MNN),581,ik.55,phonetic,come back,,,,
10-480-806-1,,Mang'an B. (MNN),1446,lat.33,phonetic,come,,,,
10-474-806-1,,Mang'an B. (MNN),1107,li.33 jak.55,phonetic,go out,,,,
10-473-806-1,,Mang'an B. (MNN),2014,jak.55 ta.55 tiam.51,phonetic,go down,,,,
10-472-806-1,,Mang'an B. (MNN),1102,mien.51 ta.55 çiɨŋ.51,phonetic,climb,,,,
10-470-806-1,,Mang'an B. (MNN),695,jak.55 hɔ.33 meʔ.55,phonetic,go,,,,
10-471-806-1,,Mang'an B. (MNN),705,jak.55 ta.55 çiɨŋ.51,phonetic,go up,,,,
10-460-806-1,,Mang'an B. (MNN),1519,rɨp.55,phonetic,run,,,,
10-450-806-1,,Mang'an B. (MNN),1443,jak.55,phonetic,walk,,,,
10-440-806-1,,Mang'an B. (MNN),1879,jin.51 ći.55,phonetic,dance,,,,
10-431-806-1,,Mang'an B. (MNN),1135,tap.55,phonetic,kick,,,,
10-430-806-1,,Mang'an B. (MNN),1829,ntru.33,phonetic,"jump, leap",,,,
10-420-806-1,,Mang'an B. (MNN),1324,si.33 lhɔ.55,phonetic,"slide, slip",,,,
10-413-806-1,,Mang'an B. (MNN),296,ćhyək.51,phonetic,crouch,,,,
10-410-806-1,,Mang'an B. (MNN),96,mien.51,phonetic,"creep, crawl",,,,
10-380-806-1,,Mang'an B. (MNN),175,phuk.33,phonetic,blow,,,,
10-380-806-2,,Mang'an B. (MNN),175,hun.51,phonetic,blow,,,,
10-370-806-1,,Mang'an B. (MNN),1441,phɨn.51,phonetic,fly (vb),,,,
10-352-806-1,,Mang'an B. (MNN),365,khoŋ.55,phonetic,splash,,,,
10-350-806-1,,Mang'an B. (MNN),1439,sup.33,phonetic,swim,,,,
10-340-806-1,,Mang'an B. (MNN),1574,lhui.51 ta.55 uɔm.51,phonetic,float,,,,
10-340-806-2,,Mang'an B. (MNN),1574,nthaŋ.51,phonetic,float,,,,
10-320-806-1,,Mang'an B. (MNN),2003,nthaŋ.51,phonetic,flow,,,,
10-252-806-1,,Mang'an B. (MNN),702,rop.33,phonetic,catch (ball),,,,
10-250-806-1,,Mang'an B. (MNN),1456,tet.55,phonetic,throw,,,,
10-230-806-1,,Mang'an B. (MNN),1280,khli.55,phonetic,fall,,,,
10-230-806-2,,Mang'an B. (MNN),1280,mphɨi.51,phonetic,fall,,,,
10-220-806-1,,Mang'an B. (MNN),501,jiɔk.33,phonetic,"raise, lift",,,,
10-210-806-1,,Mang'an B. (MNN),568,li.33,phonetic,rise,,,,
10-170-806-1,,Mang'an B. (MNN),430,ćɔn.55,phonetic,twist,,,,
10-170-806-2,,Mang'an B. (MNN),430,khuak.33,phonetic,twist,,,,
10-160-806-1,,Mang'an B. (MNN),808,khli.55,phonetic,drop (vb),,,,
10-150-806-1,,Mang'an B. (MNN),827,phan.55,phonetic,roll,,,,
10-140-806-1,,Mang'an B. (MNN),1113,ka.51,phonetic,"wind, wrap",,,,
10-130-806-1,,Mang'an B. (MNN),1445,ćɔn.55,phonetic,turn around,,,,
10-130-806-2,,Mang'an B. (MNN),1445,vin.55,phonetic,turn around,,,,
10-120-806-1,,Mang'an B. (MNN),1588,ri.33 ta.33,phonetic,turn over,,,,
10-110-806-1,,Mang'an B. (MNN),765,lɔit.33,phonetic,move,,,,
9-890-806-1,,Mang'an B. (MNN),2001,ćhap.55 rhak.33,phonetic,paint (vb),,,,
9-840-806-1,,Mang'an B. (MNN),1979,ŋkhəp.55,phonetic,chisel,,,,
9-880-806-1,,Mang'an B. (MNN),647,rhak.33,phonetic,paint (noun),,,,
9-791-806-1,,Mang'an B. (MNN),360,vi.51,phonetic,fan (vb),,,,
9-790-806-1,,Mang'an B. (MNN),1971,a.55 vi.51,phonetic,fan (noun),,,,
9-770-806-1,,Mang'an B. (MNN),195,fok.33,phonetic,mat,,,,
9-760-806-1,,Mang'an B. (MNN),1539,soŋ.33 taŋ.55,phonetic,basket,,,,
9-760-806-2,,Mang'an B. (MNN),1539,krɔŋ.55,phonetic,basket,,,,
9-750-806-1,,Mang'an B. (MNN),1729,ći.55 thain.51,phonetic,"weave, plait",,,,
9-730-806-1,,Mang'an B. (MNN),1399,ŋkluʔ.55,phonetic,clay,,,,
9-670-806-1,,Mang'an B. (MNN),621,ri.33 ŋak.55,phonetic,iron,,,,
9-660-806-1,,Mang'an B. (MNN),1825,tɔŋ.51,phonetic,"copper, bronze",,,,
9-650-806-1,,Mang'an B. (MNN),759,mhun.51,phonetic,silver,,,,
9-640-806-1,,Mang'an B. (MNN),1369,kham.51,phonetic,gold,,,,
9-500-806-1,,Mang'an B. (MNN),502,ćaŋ.51,phonetic,nail,,,,
9-490-806-1,,Mang'an B. (MNN),1481,thim.33,phonetic,hammer,,,,
9-461-806-1,,Mang'an B. (MNN),46,hat.51,phonetic,hollow out,,,,
9-460-806-1,,Mang'an B. (MNN),1501,rɔi.33,phonetic,bore,,,,
9-440-806-1,,Mang'an B. (MNN),1840,ći.33,phonetic,build,,,,
9-380-806-1,,Mang'an B. (MNN),245,mphet.33,phonetic,broom,,,,
9-360-806-1,,Mang'an B. (MNN),1453,syit.51 ŋai.51,phonetic,wash,,,,
9-360-806-2,,Mang'an B. (MNN),1453,nthu.51 jiɔt.33,phonetic,wash,,,,
9-370-806-1,,Mang'an B. (MNN),230,phet.33,phonetic,sweep,,,,
9-350-806-1,,Mang'an B. (MNN),1487,khoŋ.33,phonetic,pour,,,,
9-343-806-1,,Mang'an B. (MNN),1414,piat.51,phonetic,"squeeze, wring",,,,
9-342-806-1,,Mang'an B. (MNN),1913,krɨm.33,phonetic,press,,,,
9-342-806-2,,Mang'an B. (MNN),1913,nek.55,phonetic,press,,,,
9-341-806-1,,Mang'an B. (MNN),357,vak.33,phonetic,hang up,,,,
9-330-806-1,,Mang'an B. (MNN),1455,tɨt.33,phonetic,pull,,,,
9-320-806-1,,Mang'an B. (MNN),214,ćhiut.33,phonetic,stretch,,,,
9-310-806-1,,Mang'an B. (MNN),1449,nuɔt.33,phonetic,"rub, wipe",,,,
9-290-806-1,,Mang'an B. (MNN),291,phe.33,phonetic,"flay, skin",,,,
9-280-806-1,,Mang'an B. (MNN),1735,jie.33,phonetic,tear,,,,
9-270-806-1,,Mang'an B. (MNN),1437,lak.33,phonetic,split,,,,
9-261-806-1,,Mang'an B. (MNN),588,ćiuʔ.55,phonetic,broken,,,,
9-260-806-1,,Mang'an B. (MNN),680,ŋeit.33,phonetic,break,,,,
9-250-806-1,,Mang'an B. (MNN),677,mɨi.51,phonetic,ax,,,,
9-240-806-1,,Mang'an B. (MNN),356,khip.33 nkhom.51,phonetic,"scissors, shears",,,,
9-230-806-1,,Mang'an B. (MNN),1352,sak.55,phonetic,knife,,,,
9-223-806-1,,Mang'an B. (MNN),1434,ćhiɨt.55,phonetic,stab,,,,
9-222-806-1,,Mang'an B. (MNN),155,mak.33,phonetic,"chop, hew",,,,
9-221-806-1,,Mang'an B. (MNN),355,tɛp.55,phonetic,cut down,,,,
9-220-806-1,,Mang'an B. (MNN),1432,that.33,phonetic,cut,,,,
9-220-806-2,,Mang'an B. (MNN),1432,sɔi.33,phonetic,cut,,,,
9-211-806-1,,Mang'an B. (MNN),354,tɔp.55,phonetic,pound with fist,,,,
9-210-806-1,,Mang'an B. (MNN),2133,tɔp.55,phonetic,"strike (hit, beat)",,,,
9-192-806-1,,Mang'an B. (MNN),760,pək.33,phonetic,knot (noun),,,,
9-190-806-1,,Mang'an B. (MNN),1218,ćhi.51,phonetic,"rope, cord",,,,
9-180-806-1,,Mang'an B. (MNN),1627,ćiɛn.33,phonetic,chain,,,,
9-161-806-1,,Mang'an B. (MNN),352,khia.33,phonetic,untie,,,,
9-160-806-1,,Mang'an B. (MNN),1917,pək.33,phonetic,"tie, bind",,,,
9-150-806-1,,Mang'an B. (MNN),1470,ri.33 nɛp.33,phonetic,fold,,,,
9-140-806-1,,Mang'an B. (MNN),2004,khuak.33,phonetic,bend,,,,
9-110-806-1,,Mang'an B. (MNN),2575,ći.33,phonetic,"do, make",,,,
8-980-806-1,,Mang'an B. (MNN),641,a.33 thet.33,phonetic,mushroom,,,,
8-941-806-1,,Mang'an B. (MNN),146,ri.33 mɛʔ.55,phonetic,sugar cane,,,,
8-940-806-1,,Mang'an B. (MNN),1927,hrək.55,phonetic,bamboo,,,,
8-931-806-1,,Mang'an B. (MNN),864,a.33 pak.33,phonetic,"pumpkin, squash",,,,
8-930-806-1,,Mang'an B. (MNN),411,khlik.33,phonetic,gourd,,,,
8-920-806-1,,Mang'an B. (MNN),925,a.33 pɔ.51 siʔ.55,phonetic,"tapioca, manioc, cassava",,,,
8-910-806-1,,Mang'an B. (MNN),159,a.33 pɔ.51,phonetic,sweet potato,,,,
8-850-806-1,,Mang'an B. (MNN),346,ŋəp.55 siʔ.55 a.55 roŋ.51,phonetic,banyan,,,,
8-840-806-1,,Mang'an B. (MNN),868,ŋəp.55 a.55 tɔʔ.55,phonetic,banana tree,,,,
8-750-806-1,,Mang'an B. (MNN),1204,si.55 khruak.51 siʔ.55,phonetic,bark,,,,
8-740-806-1,,Mang'an B. (MNN),409,mpriɔ.51,phonetic,forked branch,,,,
8-720-806-1,,Mang'an B. (MNN),241,ŋɔm.33,phonetic,tree stump,,,,
8-691-806-1,,Mang'an B. (MNN),1124,mu.55 lok.51,phonetic,pipe,,,,
8-690-806-1,,Mang'an B. (MNN),1689,nthuat.51,phonetic,smoke (tobacco),,,,
8-690-806-2,,Mang'an B. (MNN),1689,sup.55 jɛn.33,phonetic,smoke (tobacco),,,,
8-680-806-1,,Mang'an B. (MNN),974,sup.55,phonetic,tobacco,,,,
8-670-806-1,,Mang'an B. (MNN),343,si.55 nɨn.55 siʔ.55,phonetic,vine,,,,
8-650-806-1,,Mang'an B. (MNN),1915,thoŋ.33 siʔ.55,phonetic,fir,,,,
8-640-806-1,,Mang'an B. (MNN),1740,siʔ.55 a.33 mha.55,phonetic,pine,,,,
8-600-806-1,,Mang'an B. (MNN),906,siʔ.55,phonetic,tree,,,,
8-570-806-1,,Mang'an B. (MNN),239,raŋ.51,phonetic,flower,,,,
8-560-806-1,,Mang'an B. (MNN),628,lhaʔ.55 siʔ.55,phonetic,leaf,,,,
8-550-806-1,,Mang'an B. (MNN),1531,tan.55 siʔ.55,phonetic,branch,,,,
8-540-806-1,,Mang'an B. (MNN),670,riat.51,phonetic,root,,,,
8-531-806-1,,Mang'an B. (MNN),1486,nćhiəp.55,phonetic,plant (vb),,,,
8-520-806-1,,Mang'an B. (MNN),342,ńhia.33 khrɔ.33,phonetic,hay,,,,
8-510-806-1,,Mang'an B. (MNN),606,ńhia.33,phonetic,grass,,,,
8-480-806-1,,Mang'an B. (MNN),926,khai.33 ŋhɔʔ.55,phonetic,rice,,,,
8-470-806-1,,Mang'an B. (MNN),506,a.33 ćha.33,phonetic,"maize, corn",,,,
8-430-806-1,,Mang'an B. (MNN),1077,khɔ.33 ńia.33,phonetic,wheat,,,,
8-420-806-1,,Mang'an B. (MNN),605,ŋhɔʔ.55,phonetic,"grain (barley, oats etc)",,,,
8-410-806-1,,Mang'an B. (MNN),611,piɛn.33 pra.33,phonetic,"crop, harvest",,,,
8-350-806-1,,Mang'an B. (MNN),223,ŋklə.55 ŋhɔʔ.55,phonetic,threshing-floor,,,,
8-340-806-1,,Mang'an B. (MNN),285,top.55 ŋhɔʔ.55,phonetic,thresh,,,,
8-340-806-2,,Mang'an B. (MNN),285,tui.55,phonetic,thresh,,,,
8-330-806-1,,Mang'an B. (MNN),2132,ri.33 kɔk.33,phonetic,"sickle, scythe",,,,
8-320-806-1,,Mang'an B. (MNN),190,that.33 ŋɔʔ.55,phonetic,"mow, reap",,,,
8-311-806-1,,Mang'an B. (MNN),714,si.55 ma.51,phonetic,seed,,,,
8-310-806-1,,Mang'an B. (MNN),748,ćhap.55 si.55 ma.51,phonetic,sow,,,,
8-270-806-1,,Mang'an B. (MNN),338,mphə.51,phonetic,rake,,,,
8-250-806-1,,Mang'an B. (MNN),284,a.55 ćhɨ.55,phonetic,hoe,,,,
8-212-806-1,,Mang'an B. (MNN),1794,lhɔŋ.33,phonetic,furrow,,,,
8-220-806-1,,Mang'an B. (MNN),1418,pok.33,phonetic,dig,,,,
8-210-806-1,,Mang'an B. (MNN),1921,nthɛ.55,phonetic,plow,,,,
8-170-806-1,,Mang'an B. (MNN),2002,rɔŋ.55,phonetic,ditch,,,,
8-160-806-1,,Mang'an B. (MNN),1690,lɔm.33,phonetic,fence,,,,
8-150-806-1,,Mang'an B. (MNN),1541,nćhiɨp.55,phonetic,"cultivate, till",,,,
8-150-806-2,,Mang'an B. (MNN),1541,sɔm.55,phonetic,"cultivate, till",,,,
8-130-806-1,,Mang'an B. (MNN),586,ma.51 thu.51,phonetic,garden,,,,
8-120-806-1,,Mang'an B. (MNN),212,khuk.55,phonetic,field (for cultivation),,,,
8-110-806-1,,Mang'an B. (MNN),979,u.55 ći.55 vek.55,phonetic,farmer,,,,
7-640-806-1,,Mang'an B. (MNN),901,nok.33 nin.51,phonetic,adobe,,,,
7-620-806-1,,Mang'an B. (MNN),1006,ćɔn.55,phonetic,brick,,,,
7-570-806-1,,Mang'an B. (MNN),1227,pɛn.33,phonetic,board,,,,
7-560-806-1,,Mang'an B. (MNN),281,siʔ.55,phonetic,"post, pole",,,,
7-530-806-1,,Mang'an B. (MNN),280,siʔ.55 rɔʔ.55,phonetic,ridgepole,,,,
7-520-806-1,,Mang'an B. (MNN),279,tap.33 kaŋ.51,phonetic,thatch,,,,
7-510-806-1,,Mang'an B. (MNN),769,mpaŋ.51 kaŋ.51,phonetic,roof,,,,
7-480-806-1,,Mang'an B. (MNN),205,ŋo.33,phonetic,trough,,,,
7-460-806-1,,Mang'an B. (MNN),1273,tein.51,phonetic,candle,,,,
7-450-806-1,,Mang'an B. (MNN),2131,təŋ.55,phonetic,"lamp, torch",,,,
7-440-806-1,,Mang'an B. (MNN),1775,phɨn.51,phonetic,table,,,,
7-430-806-1,,Mang'an B. (MNN),1476,taŋ.55 kɔp.55,phonetic,chair,,,,
7-422-806-1,,Mang'an B. (MNN),806,a.33 ńiɨm.55,phonetic,blanket,,,,
7-421-806-1,,Mang'an B. (MNN),1044,si.51 nkiəŋ.51,phonetic,pillow,,,,
7-420-806-1,,Mang'an B. (MNN),1663,paŋ.55 kuʔ.55,phonetic,bed,,,,
7-370-806-1,,Mang'an B. (MNN),1464,ćat.55,phonetic,ladder,,,,
7-330-806-1,,Mang'an B. (MNN),1305,jen.55 ćhuŋ.55,phonetic,chimney,,,,
7-320-806-1,,Mang'an B. (MNN),859,faŋ.51,phonetic,stove,,,,
7-270-806-1,,Mang'an B. (MNN),933,nthik.55,phonetic,wall,,,,
7-250-806-1,,Mang'an B. (MNN),1375,mɔŋ.51,phonetic,window,,,,
7-240-806-1,,Mang'an B. (MNN),1472,lak.55 sɔ.51,phonetic,key,,,,
7-231-806-1,,Mang'an B. (MNN),1012,ŋəsɛ.33 rə.55 va.33,phonetic,"latch, door-bolt",,,,
7-230-806-1,,Mang'an B. (MNN),1596,sɔ.51,phonetic,lock (noun),,,,
7-221-806-1,,Mang'an B. (MNN),80,ntaŋ.55 rə.55 va.33,phonetic,"doorpost, jamb",,,,
7-210-806-1,,Mang'an B. (MNN),1450,lhuk.33,phonetic,room,,,,
7-220-806-1,,Mang'an B. (MNN),1567,rə.55 va.33,phonetic,"door, gate",,,,
7-180-806-1,,Mang'an B. (MNN),335,vat.33,phonetic,meeting house,,,,
7-170-806-1,,Mang'an B. (MNN),334,ka.51 taŋ.33 khai.51,phonetic,cookhouse,,,,
7-150-806-1,,Mang'an B. (MNN),736,mpleiŋ.55,phonetic,"yard, court",,,,
7-130-806-1,,Mang'an B. (MNN),1678,kaŋ.51 khɔt.55,phonetic,hut,,,,
7-130-806-2,,Mang'an B. (MNN),1678,nkhə.51,phonetic,hut,,,,
7-120-806-1,,Mang'an B. (MNN),1252,kaŋ.51,phonetic,house,,,,
7-110-806-1,,Mang'an B. (MNN),363,uɔt.51 ta.55 kaŋ.51,phonetic,"dwell, live",,,,
6-960-806-1,,Mang'an B. (MNN),1171,ćam.55,phonetic,mirror,,,,
6-950-806-1,,Mang'an B. (MNN),788,kai.55 lau.51,phonetic,soap,,,,
6-930-806-1,,Mang'an B. (MNN),151,ŋkhɔin.33 muin.33,phonetic,razor,,,,
6-921-806-1,,Mang'an B. (MNN),333,mplain.51,phonetic,braid,,,,
6-910-806-1,,Mang'an B. (MNN),1475,si.55 nat.51,phonetic,comb,,,,
6-820-806-1,,Mang'an B. (MNN),1021,phai.55 ćiet.55 syit.51,phonetic,towel,,,,
6-780-806-1,,Mang'an B. (MNN),330,ćhi.51 pək.55 suk.33 khik.55,phonetic,"headband, headdress",,,,
6-770-806-1,,Mang'an B. (MNN),770,sɔi.55,phonetic,earring,,,,
6-750-806-1,,Mang'an B. (MNN),1961,sɔi.55 nkhɔʔ.55,phonetic,necklace,,,,
6-740-806-1,,Mang'an B. (MNN),1754,mple.51,phonetic,bracelet,,,,
6-630-806-1,,Mang'an B. (MNN),64,a.33 ńhieʔ.55 ka.55 ra.51,phonetic,pin,,,,
6-620-806-1,,Mang'an B. (MNN),757,tom.55,phonetic,button,,,,
6-610-806-1,,Mang'an B. (MNN),1851,thoŋ.51 khlɛp.55,phonetic,pocket,,,,
6-590-806-1,,Mang'an B. (MNN),1151,phai.55 ćiet.33,phonetic,veil,,,,
6-570-806-1,,Mang'an B. (MNN),772,ćhi.55 ńaʔ.55,phonetic,"belt, girdle",,,,
6-550-806-1,,Mang'an B. (MNN),2130,mhuək.51,phonetic,"hat, cap",,,,
6-510-806-1,,Mang'an B. (MNN),1381,kiɛp.55,phonetic,shoe,,,,
6-490-806-1,,Mang'an B. (MNN),329,va.33,phonetic,"stocking, sock",,,,
6-480-806-1,,Mang'an B. (MNN),809,ntliɔ.51,phonetic,trousers,,,,
6-460-806-1,,Mang'an B. (MNN),1600,ńaʔ.55,phonetic,skirt,,,,
6-450-806-1,,Mang'an B. (MNN),2012,ŋkhɔʔ.55 si.33 pɛʔ.55,phonetic,collar,,,,
6-440-806-1,,Mang'an B. (MNN),1622,si.33 pɛʔ.55,phonetic,shirt,,,,
6-430-806-1,,Mang'an B. (MNN),603,si.33 pɛʔ.55,phonetic,coat,,,,
6-420-806-1,,Mang'an B. (MNN),474,ńaʔ.55,phonetic,woman's dress,,,,
6-390-806-1,,Mang'an B. (MNN),157,ńiɔm.33,phonetic,dye,,,,
6-380-806-1,,Mang'an B. (MNN),1161,ćhi.55 ŋklo.51,phonetic,thread,,,,
6-360-806-1,,Mang'an B. (MNN),1382,a.33 ńhieʔ.55,phonetic,needle,,,,
6-350-806-1,,Mang'an B. (MNN),1457,ćiak.33,phonetic,sew,,,,
6-340-806-1,,Mang'an B. (MNN),1787,a.33 lhɔʔ.55,phonetic,loom,,,,
6-330-806-1,,Mang'an B. (MNN),133,than.51,phonetic,weave,,,,
6-320-806-1,,Mang'an B. (MNN),277,koŋ.51,phonetic,spindle,,,,
6-310-806-1,,Mang'an B. (MNN),121,sən.55 a.33 tai.51,phonetic,spin,,,,
6-290-806-1,,Mang'an B. (MNN),629,gu.51,phonetic,leather,,,,
6-250-806-1,,Mang'an B. (MNN),1641,pre.51,phonetic,silk,,,,
6-240-806-1,,Mang'an B. (MNN),1850,a.33 tai.51,phonetic,cotton,,,,
6-210-806-1,,Mang'an B. (MNN),1616,man.33,phonetic,cloth,,,,
6-120-806-1,,Mang'an B. (MNN),1895,si.55 pɛʔ.55,phonetic,"clothing, clothes",,,,
6-110-806-1,,Mang'an B. (MNN),158,ćhiup.33 si.55 pɛʔ.55,phonetic,put on (clothes),,,,
5-971-806-1,,Mang'an B. (MNN),1556,ɛn.55 nthap.55,phonetic,egg yolk,,,,
5-970-806-1,,Mang'an B. (MNN),744,nthap.55,phonetic,egg,,,,
5-940-806-1,,Mang'an B. (MNN),404,phro.51,phonetic,fermented drink,,,,
5-930-806-1,,Mang'an B. (MNN),1639,phro.51,phonetic,beer,,,,
5-920-806-1,,Mang'an B. (MNN),1524,phro.51,phonetic,wine,,,,
5-870-806-1,,Mang'an B. (MNN),93,piat.51,phonetic,milk (vb),,,,
5-850-806-1,,Mang'an B. (MNN),862,ɔi.55,phonetic,sugar,,,,
5-860-806-1,,Mang'an B. (MNN),635,uɔm.51 pu.51,phonetic,milk (noun),,,,
5-840-806-1,,Mang'an B. (MNN),942,uɔm.51 a.33 çia.51,phonetic,honey,,,,
5-820-806-1,,Mang'an B. (MNN),1385,mak.55 phrek.33,phonetic,pepper,,,,
5-810-806-1,,Mang'an B. (MNN),1274,plu.51,phonetic,salt,,,,
5-791-806-1,,Mang'an B. (MNN),323,man.51,phonetic,"grease, fat",,,,
5-790-806-1,,Mang'an B. (MNN),1484,man.51,phonetic,oil,,,,
5-780-806-1,,Mang'an B. (MNN),1154,phri.51 si.55 me.33,phonetic,olive,,,,
5-760-806-1,,Mang'an B. (MNN),920,mak.55 man.33,phonetic,grape,,,,
5-710-806-1,,Mang'an B. (MNN),1507,phri.51,phonetic,fruit,,,,
5-660-806-1,,Mang'an B. (MNN),832,a.55 luəm.51,phonetic,bean,,,,
5-650-806-1,,Mang'an B. (MNN),924,thu.51,phonetic,vegetables,,,,
5-640-806-1,,Mang'an B. (MNN),1547,uɔm.51,phonetic,"soup, broth",,,,
5-630-806-1,,Mang'an B. (MNN),1874,tu.55,phonetic,sausage,,,,
5-610-806-1,,Mang'an B. (MNN),634,nhe.51,phonetic,meat,,,,
5-580-806-1,,Mang'an B. (MNN),224,mphau.51,phonetic,mortar (2),,,,
5-570-806-1,,Mang'an B. (MNN),636,nian.51,phonetic,mill,,,,
5-560-806-1,,Mang'an B. (MNN),1033,mɔ.55,phonetic,"crush, grind",,,,
5-550-806-1,,Mang'an B. (MNN),1594,men.55,phonetic,"meal, flour",,,,
5-490-806-1,,Mang'an B. (MNN),2017,pan.55,phonetic,"stir, mix",,,,
5-480-806-1,,Mang'an B. (MNN),1767,khɨt.51,phonetic,scrape,,,,
5-470-806-1,,Mang'an B. (MNN),86,khrɨŋ.33,phonetic,"sieve, strain",,,,
5-460-806-1,,Mang'an B. (MNN),275,phe.33,phonetic,peel,,,,
5-450-806-1,,Mang'an B. (MNN),1833,khai.33 mpuə.51,phonetic,supper,,,,
5-440-806-1,,Mang'an B. (MNN),1833,khai.33 mpuə.51,phonetic,dinner,,,,
5-430-806-1,,Mang'an B. (MNN),768,khai.33 si.33 ŋi.51,phonetic,lunch,,,,
5-420-806-1,,Mang'an B. (MNN),1322,khai.33 graŋ.51,phonetic,breakfast,,,,
5-410-806-1,,Mang'an B. (MNN),1526,khai.33,phonetic,meal (a),,,,
5-391-806-1,,Mang'an B. (MNN),272,si.55 khiap.51,phonetic,tongs,,,,
5-380-806-1,,Mang'an B. (MNN),1352,sak.55,phonetic,knife (2),,,,
5-370-806-1,,Mang'an B. (MNN),1378,lak.51,phonetic,spoon,,,,
5-350-806-1,,Mang'an B. (MNN),476,tɔk.33,phonetic,"cup, drinking vessel",,,,
5-330-806-1,,Mang'an B. (MNN),1530,man.55 koŋ.55,phonetic,bowl,,,,
5-330-806-2,,Mang'an B. (MNN),1530,phlɛʔ.55,phonetic,bowl,,,,
5-280-806-1,,Mang'an B. (MNN),31,mu.33 sɛiŋ.33,phonetic,pan,,,,
5-260-806-1,,Mang'an B. (MNN),1462,uan.51,phonetic,"pot, cooking vessel",,,,
5-240-806-1,,Mang'an B. (MNN),183,piŋ.33,phonetic,bake,,,,
5-240-806-2,,Mang'an B. (MNN),183,ɔm.55,phonetic,bake,,,,
5-250-806-1,,Mang'an B. (MNN),1143,faŋ.51,phonetic,oven,,,,
5-230-806-1,,Mang'an B. (MNN),2146,khro.33,phonetic,"roast, fry",,,,
5-220-806-1,,Mang'an B. (MNN),792,taŋ.33,phonetic,boil (vb),,,,
5-210-806-1,,Mang'an B. (MNN),1100,taŋ.33,phonetic,cook,,,,
5-190-806-1,,Mang'an B. (MNN),129,kham.33,phonetic,choke,,,,
5-181-806-1,,Mang'an B. (MNN),897,miet.51,phonetic,swallow,,,,
5-180-806-1,,Mang'an B. (MNN),321,kuai.51,phonetic,chew,,,,
5-160-806-1,,Mang'an B. (MNN),1421,mpuit.33,phonetic,suck,,,,
5-150-806-1,,Mang'an B. (MNN),848,klɔ.33 ta.33 uɔm.51,phonetic,thirst,,,,
5-141-806-1,,Mang'an B. (MNN),199,ćhiəm.51 mprain.51,phonetic,famine,,,,
5-140-806-1,,Mang'an B. (MNN),1864,ćhiəm.51 mprain.51,phonetic,hunger,,,,
5-130-806-1,,Mang'an B. (MNN),1401,ćhiaŋ.51,phonetic,drink,,,,
5-125-806-1,,Mang'an B. (MNN),1728,səp.55,phonetic,rotten,,,,
5-124-806-1,,Mang'an B. (MNN),1958,an.55 ləŋ.51,phonetic,"green, unripe",,,,
5-123-806-1,,Mang'an B. (MNN),178,ləŋ.51,phonetic,ripe,,,,
5-122-806-1,,Mang'an B. (MNN),1959,ip.55,phonetic,raw,,,,
5-121-806-1,,Mang'an B. (MNN),269,ćhit.55,phonetic,cooked,,,,
5-120-806-1,,Mang'an B. (MNN),256,praʔ.55,phonetic,food,,,,
5-110-806-1,,Mang'an B. (MNN),1336,naʔ.55,phonetic,eat,,,,
4-990-806-1,,Mang'an B. (MNN),590,loŋ.55 koŋ.33,phonetic,"naked, bare",,,,
4-970-806-1,,Mang'an B. (MNN),1653,lɛɔ.55,phonetic,blind,,,,
4-980-806-1,,Mang'an B. (MNN),1463,si.33 muaŋ.51,phonetic,intoxicated,,,,
4-960-806-1,,Mang'an B. (MNN),1666,lɨn.55,phonetic,mute,,,,
4-950-806-1,,Mang'an B. (MNN),996,lhut.55,phonetic,deaf,,,,
4-940-806-1,,Mang'an B. (MNN),320,khɔk.55,phonetic,lame,,,,
4-920-806-1,,Mang'an B. (MNN),1564,kran.33,phonetic,lazy,,,,
4-912-806-1,,Mang'an B. (MNN),168,sət.55 ti.51,phonetic,rest,,,,
4-910-806-1,,Mang'an B. (MNN),1757,tuʔ.55,phonetic,"tired, weary",,,,
4-890-806-1,,Mang'an B. (MNN),655,tuʔ.33,phonetic,poison,,,,
4-880-806-1,,Mang'an B. (MNN),1372,ri.33 ćhi.55,phonetic,"medicine, drug",,,,
4-870-806-1,,Mang'an B. (MNN),597,ji.33 səŋ.33,phonetic,physician,,,,
4-860-806-1,,Mang'an B. (MNN),499,ri.33 ćhi.55 ćhiu.51,phonetic,"cure, heal",,,,
4-858-806-1,,Mang'an B. (MNN),497,tak.51,phonetic,scar,,,,
4-857-806-1,,Mang'an B. (MNN),1808,lup.55,phonetic,pus,,,,
4-856-806-1,,Mang'an B. (MNN),793,mprɔʔ.55,phonetic,boil (noun),,,,
4-855-806-1,,Mang'an B. (MNN),1584,pɔŋ.51,phonetic,blister,,,,
4-854-806-1,,Mang'an B. (MNN),148,aćh.33,phonetic,itch,,,,
4-854-806-2,,Mang'an B. (MNN),148,ŋaʔ.55,phonetic,itch,,,,
4-853-806-1,,Mang'an B. (MNN),1903,aćh.33,phonetic,swelling,,,,
4-852-806-1,,Mang'an B. (MNN),1148,phuɔp.33 lak.55,phonetic,bruise,,,,
4-850-806-1,,Mang'an B. (MNN),1109,mat.33 ti.51,phonetic,"wound, sore",,,,
4-843-806-1,,Mang'an B. (MNN),102,ri.33 jiut.55,phonetic,cold (catarrh),,,,
4-842-806-1,,Mang'an B. (MNN),1957,luak.51,phonetic,goiter,,,,
4-841-806-1,,Mang'an B. (MNN),1534,kat.55,phonetic,fever,,,,
4-840-806-1,,Mang'an B. (MNN),1847,ćhiu.51,phonetic,"sick, sickness",,,,
4-820-806-1,,Mang'an B. (MNN),1601,nɔi.55,phonetic,weak,,,,
4-790-806-1,,Mang'an B. (MNN),1773,ri.33 mhuit.55,phonetic,"grave, tomb",,,,
4-780-806-1,,Mang'an B. (MNN),1719,ri.33 phuk.55,phonetic,bury (the dead),,,,
4-770-806-1,,Mang'an B. (MNN),767,ri.33 nhuaŋ.51,phonetic,corpse,,,,
4-760-806-1,,Mang'an B. (MNN),1417,ćhet.33,phonetic,kill,,,,
4-750-806-1,,Mang'an B. (MNN),1494,jap.55,phonetic,"die, dead",,,,
4-740-806-1,,Mang'an B. (MNN),1422,man.33 ip.55,phonetic,"live, living, life",,,,
4-732-806-1,,Mang'an B. (MNN),1087,uɔt.33 nkhu.51,phonetic,conceive,,,,
4-730-806-1,,Mang'an B. (MNN),1123,uɔt.33 nkhu.51,phonetic,pregnant,,,,
4-720-806-1,,Mang'an B. (MNN),1090,kət.55,phonetic,born (to be),,,,
4-710-806-1,,Mang'an B. (MNN),1152,kət.55,phonetic,beget (of father),,,,
4-690-806-1,,Mang'an B. (MNN),138,sup.55 ti.51,phonetic,bathe,,,,
4-680-806-1,,Mang'an B. (MNN),52,ri.33 jyt.55,phonetic,shiver,,,,
4-670-806-1,,Mang'an B. (MNN),1785,ćjaŋ.55 kheʔ.55,phonetic,have sexual intercourse,,,,
4-660-806-1,,Mang'an B. (MNN),676,ɛk.33,phonetic,defecate,,,,
4-650-806-1,,Mang'an B. (MNN),592,uɔm.51 nup.55,phonetic,urinate,,,,
4-640-806-1,,Mang'an B. (MNN),1159,ri.33 sɨp.55,phonetic,break wind,,,,
4-630-806-1,,Mang'an B. (MNN),1602,si.33 ŋe.51,phonetic,wake up,,,,
4-620-806-1,,Mang'an B. (MNN),1920,ri.33 miʔ.55,phonetic,dream,,,,
4-610-806-1,,Mang'an B. (MNN),1585,iat.51,phonetic,sleep,,,,
4-591-806-1,,Mang'an B. (MNN),268,nthaŋ.33 uɔm.55 pai.51,phonetic,dribble,,,,
4-590-806-1,,Mang'an B. (MNN),319,lɛt.33,phonetic,lick,,,,
4-580-806-1,,Mang'an B. (MNN),1403,kak.33,phonetic,bite,,,,
4-570-806-1,,Mang'an B. (MNN),1278,kuʔ.55,phonetic,vomit,,,,
4-560-806-1,,Mang'an B. (MNN),1440,uɔm.33 pai.51,phonetic,spit,,,,
4-550-806-1,,Mang'an B. (MNN),126,li.33 si.33 un.51,phonetic,perspire,,,,
4-540-806-1,,Mang'an B. (MNN),1621,si.33 mit.55,phonetic,sneeze,,,,
4-530-806-1,,Mang'an B. (MNN),879,kho.33,phonetic,cough,,,,
4-521-806-1,,Mang'an B. (MNN),162,ɔt.33 si.33 lɔʔ.55,phonetic,hiccough,,,,
4-510-806-1,,Mang'an B. (MNN),1407,ri.33 çiəm.51,phonetic,"breathe, breath",,,,
4-492-806-1,,Mang'an B. (MNN),1222,li.51,phonetic,penis,,,,
4-490-806-1,,Mang'an B. (MNN),797,nthap.55 khla.51,phonetic,testicle,,,,
4-470-806-1,,Mang'an B. (MNN),804,khlu.55,phonetic,womb,,,,
4-464-806-1,,Mang'an B. (MNN),834,aŋ.33 kat.55,phonetic,buttocks,,,,
4-463-806-1,,Mang'an B. (MNN),1745,aŋ.33 kat.55,phonetic,hip,,,,
4-462-806-1,,Mang'an B. (MNN),1681,ri.33 ɛɔ.51,phonetic,waist,,,,
4-461-806-1,,Mang'an B. (MNN),1991,tu.33,phonetic,"intestines, guts",,,,
4-460-806-1,,Mang'an B. (MNN),819,tɔp.33 ri.33 ćhak.33,phonetic,stomach,,,,
4-451-806-1,,Mang'an B. (MNN),489,mak.55 lam.51,phonetic,kidney,,,,
4-450-806-1,,Mang'an B. (MNN),1224,nthuam.51,phonetic,liver,,,,
4-441-806-1,,Mang'an B. (MNN),688,mphuəp.51,phonetic,lung,,,,
4-440-806-1,,Mang'an B. (MNN),1223,le.33 ćhak.33,phonetic,heart,,,,
4-430-806-1,,Mang'an B. (MNN),1838,si.33 tuʔ.55,phonetic,navel,,,,
4-412-806-1,,Mang'an B. (MNN),796,nkhət.55 pu.51,phonetic,"nipple, teat",,,,
4-410-806-1,,Mang'an B. (MNN),1402,pu.51,phonetic,breast (of woman),,,,
4-400-806-1,,Mang'an B. (MNN),1592,ək.55,phonetic,chest,,,,
4-393-806-1,,Mang'an B. (MNN),1201,suk.33,phonetic,feather,,,,
4-392-806-1,,Mang'an B. (MNN),1257,phiu.55,phonetic,wing,,,,
4-392-806-3,,Mang'an B. (MNN),1257,phiu.51,phonetic,wing,,,,
4-380-806-1,,Mang'an B. (MNN),1389,khuan.33 ćəŋ.51,phonetic,toe,,,,
4-374-806-1,,Mang'an B. (MNN),318,rɔi.33 ćəŋ.51,phonetic,footprint,,,,
4-372-806-1,,Mang'an B. (MNN),980,ŋəluit.51,phonetic,heel,,,,
4-371-806-1,,Mang'an B. (MNN),803,ćiəŋ.51 nćhiak.55,phonetic,ankle,,,,
4-370-806-1,,Mang'an B. (MNN),1301,ćiəŋ.51,phonetic,foot,,,,
4-360-806-1,,Mang'an B. (MNN),1371,man.33 kluəŋ.51,phonetic,knee,,,,
4-352-806-1,,Mang'an B. (MNN),498,plɔŋ.55 ćəŋ.51,phonetic,calf of leg,,,,
4-351-806-1,,Mang'an B. (MNN),800,plɔŋ.55 nɛk.55,phonetic,thigh,,,,
4-350-806-1,,Mang'an B. (MNN),1297,nɛk.55,phonetic,leg,,,,
4-345-806-1,,Mang'an B. (MNN),72,ri.33 tak.55 thi.51 to.55 pre.51,phonetic,claw,,,,
4-344-806-1,,Mang'an B. (MNN),1258,ŋəsip.55 thi.51,phonetic,fingernail,,,,
4-342-806-1,,Mang'an B. (MNN),1781,nai.33 thi.51,phonetic,thumb,,,,
4-340-806-1,,Mang'an B. (MNN),1303,khuan.33 thi.51,phonetic,finger,,,,
4-331-806-1,,Mang'an B. (MNN),1183,ri.33 tak.55 thi.51,phonetic,palm of hand,,,,
4-330-806-1,,Mang'an B. (MNN),1277,thi.51,phonetic,hand,,,,
4-321-806-1,,Mang'an B. (MNN),799,nćhak.55 thi.51,phonetic,wrist,,,,
4-312-806-1,,Mang'an B. (MNN),1886,lɛk.55,phonetic,armpit,,,,
4-310-806-1,,Mang'an B. (MNN),1673,plɔŋ.33 thi.51,phonetic,arm,,,,
4-301-806-1,,Mang'an B. (MNN),172,khlap.33 thi.51,phonetic,shoulderblade,,,,
4-300-806-1,,Mang'an B. (MNN),1482,mak.55 maʔ.55,phonetic,shoulder,,,,
4-290-806-1,,Mang'an B. (MNN),1346,thruɔŋ.51,phonetic,throat,,,,
4-280-806-1,,Mang'an B. (MNN),1333,ŋkhɔʔ.55,phonetic,neck,,,,
4-270-806-1,,Mang'an B. (MNN),1380,nkhet.55,phonetic,tooth,,,,
4-271-806-1,,Mang'an B. (MNN),139,nkhet.55 ćiaŋ.55,phonetic,gums,,,,
4-271-806-2,,Mang'an B. (MNN),139,ŋɨp.55 khit.55,phonetic,gums,,,,
4-260-806-1,,Mang'an B. (MNN),1205,le.33 thak.51,phonetic,tongue,,,,
4-250-806-1,,Mang'an B. (MNN),478,nthui.51,phonetic,lip,,,,
4-241-806-1,,Mang'an B. (MNN),73,ntɔit.55 a.33 ćhim.33,phonetic,beak,,,,
4-240-806-1,,Mang'an B. (MNN),674,ntɔit.55,phonetic,mouth,,,,
4-232-806-1,,Mang'an B. (MNN),208,muit.33,phonetic,mucus (nasal),,,,
4-231-806-1,,Mang'an B. (MNN),1178,nthu.51 muit.33,phonetic,nostril,,,,
4-230-806-1,,Mang'an B. (MNN),1221,muit.33,phonetic,nose,,,,
4-222-806-1,,Mang'an B. (MNN),32,ɛk.55 lɛ.33 suək.51,phonetic,earwax,,,,
4-221-806-1,,Mang'an B. (MNN),18,lɛ.33 suək.51,phonetic,earlobe,,,,
4-220-806-1,,Mang'an B. (MNN),1247,lɛ.33 suək.51,phonetic,ear,,,,
4-215-806-1,,Mang'an B. (MNN),1655,jiep.55 ŋai.51,phonetic,blink,,,,
4-214-806-1,,Mang'an B. (MNN),1540,suk.33 ŋai.51,phonetic,eyelash,,,,
4-213-806-1,,Mang'an B. (MNN),17,nku.51 ŋai.51,phonetic,eyelid,,,,
4-212-806-1,,Mang'an B. (MNN),1173,suk.33 ŋai.51,phonetic,eyebrow,,,,
4-210-806-1,,Mang'an B. (MNN),1248,ŋai.51,phonetic,eye,,,,
4-208-806-1,,Mang'an B. (MNN),1730,ʔɔ.33,phonetic,cheek,,,,
4-209-806-1,,Mang'an B. (MNN),1510,khap.51,phonetic,chin,,,,
4-205-806-1,,Mang'an B. (MNN),123,ri.33 muaŋ.51,phonetic,forehead,,,,
4-207-806-1,,Mang'an B. (MNN),798,ʔɔ.33,phonetic,jaw,,,,
4-204-806-1,,Mang'an B. (MNN),1560,ʔɔ.33,phonetic,face,,,,
4-203-806-1,,Mang'an B. (MNN),1583,nthuak.51,phonetic,brain,,,,
4-201-806-1,,Mang'an B. (MNN),1604,ŋai.51 si.33 ŋi.51,phonetic,"side of head, temple",,,,
4-200-806-1,,Mang'an B. (MNN),1256,khik.51,phonetic,head,,,,
4-191-806-1,,Mang'an B. (MNN),805,si.55 aŋ.55 khruaŋ.51,phonetic,spine,,,,
4-190-806-1,,Mang'an B. (MNN),1291,aŋ.55 khruaŋ.51,phonetic,back,,,,
4-180-806-1,,Mang'an B. (MNN),1220,si.55 thaʔ.55,phonetic,tail,,,,
4-170-806-1,,Mang'an B. (MNN),1393,krək.55,phonetic,horn,,,,
4-162-806-1,,Mang'an B. (MNN),801,si.55 aŋ.51,phonetic,rib,,,,
4-160-806-1,,Mang'an B. (MNN),1394,si.55 aŋ.51,phonetic,bone,,,,
4-150-806-1,,Mang'an B. (MNN),946,nham.51,phonetic,blood,,,,
4-146-806-1,,Mang'an B. (MNN),576,nkrɛk.55 khik.55,phonetic,dandruff,,,,
4-145-806-1,,Mang'an B. (MNN),36,suk.33,phonetic,pubic hair,,,,
4-144-806-1,,Mang'an B. (MNN),189,suk.33,phonetic,body hair,,,,
4-142-806-1,,Mang'an B. (MNN),678,suk.33 khap.51,phonetic,beard,,,,
4-140-806-1,,Mang'an B. (MNN),1040,suk.33 khik.55,phonetic,hair (head),,,,
4-130-806-1,,Mang'an B. (MNN),2259,nhe.51,phonetic,flesh,,,,
4-120-806-1,,Mang'an B. (MNN),763,gu.51,phonetic,"skin, hide",,,,
4-110-806-1,,Mang'an B. (MNN),1480,to.51,phonetic,body,,,,
3-980-806-1,,Mang'an B. (MNN),112,a.33 ruit.55,phonetic,turtle,,,,
3-950-806-1,,Mang'an B. (MNN),503,a.33 ruɔk.51,phonetic,frog,,,,
3-950-806-2,,Mang'an B. (MNN),503,a.33 khɛt.33,phonetic,frog,,,,
3-940-806-1,,Mang'an B. (MNN),1543,a.33 hɔi.51,phonetic,snail,,,,
3-930-806-1,,Mang'an B. (MNN),607,a.33 ńian.51,phonetic,grasshopper,,,,
3-920-806-1,,Mang'an B. (MNN),1791,phai.55 phɔn.33,phonetic,butterfly,,,,
3-910-806-1,,Mang'an B. (MNN),206,raŋ.55 rut.33,phonetic,firefly,,,,
3-850-806-1,,Mang'an B. (MNN),730,a.33 seit.55,phonetic,snake,,,,
3-840-806-1,,Mang'an B. (MNN),1219,a.33 kuaŋ.51,phonetic,worm,,,,
3-832-806-1,,Mang'an B. (MNN),1509,a.33 ćhin.51,phonetic,mosquito,,,,
3-830-806-1,,Mang'an B. (MNN),1504,a.33 rɔi.51,phonetic,fly,,,,
3-823-806-1,,Mang'an B. (MNN),1517,a.33 uaŋ.51,phonetic,wasp,,,,
3-822-806-1,,Mang'an B. (MNN),88,nthok.55 a.33 çia.51,phonetic,beehive,,,,
3-820-806-1,,Mang'an B. (MNN),665,a.33 çia.51,phonetic,bee,,,,
3-819-806-1,,Mang'an B. (MNN),1065,mɔŋ.55 a.33 pret.55,phonetic,spider web,,,,
3-818-806-1,,Mang'an B. (MNN),843,a.33 pret.55,phonetic,spider,,,,
3-817-806-1,,Mang'an B. (MNN),587,a.33 mein.33,phonetic,ant,,,,
3-816-806-1,,Mang'an B. (MNN),1575,mein.33 sap.55,phonetic,cockroach,,,,
3-814-806-1,,Mang'an B. (MNN),1974,a.33 kuaŋ.51 ŋai.55 si.55 ŋi.51,phonetic,centipede,,,,
3-813-806-1,,Mang'an B. (MNN),232,a.33 khuit.55,phonetic,flea,,,,
3-812-806-1,,Mang'an B. (MNN),267,nthap.55 mpri.51,phonetic,nit (louse egg),,,,
3-811-806-1,,Mang'an B. (MNN),1392,mpri.51,phonetic,louse,,,,
3-811-806-2,,Mang'an B. (MNN),1392,mpri.51,phonetic,louse,,,,
3-810-806-1,,Mang'an B. (MNN),620,a.33 kuaŋ.51,phonetic,insect,,,,
3-780-806-1,,Mang'an B. (MNN),1871,niu.33,phonetic,camel,,,,
3-770-806-1,,Mang'an B. (MNN),1290,ćiaŋ.33,phonetic,elephant,,,,
3-760-806-1,,Mang'an B. (MNN),1350,i.55 luə.51,phonetic,monkey,,,,
3-750-806-1,,Mang'an B. (MNN),1936,çiak.51,phonetic,deer,,,,
3-730-806-1,,Mang'an B. (MNN),1820,khrit.55,phonetic,bear,,,,
3-710-806-1,,Mang'an B. (MNN),522,ćhɔ.33 pre.51,phonetic,wolf,,,,
3-665-806-1,,Mang'an B. (MNN),1013,pa.33 jen.55,phonetic,freshwater eel,,,,
3-653-806-1,,Mang'an B. (MNN),266,si.33 khlɔk.55 khaʔ.55,phonetic,fishscale,,,,
3-652-806-1,,Mang'an B. (MNN),213,si.33 aŋ.51 khaʔ.55,phonetic,fin (dorsal),,,,
3-650-806-1,,Mang'an B. (MNN),227,khaʔ.55,phonetic,fish,,,,
3-630-806-1,,Mang'an B. (MNN),2139,ŋkaŋ.51,phonetic,"mouse, rat",,,,
3-620-806-1,,Mang'an B. (MNN),1208,mieu.55,phonetic,cat,,,,
3-614-806-1,,Mang'an B. (MNN),1136,thu.33 la.51,phonetic,rabbit,,,,
3-610-806-1,,Mang'an B. (MNN),2009,ćhɔʔ.55,phonetic,dog,,,,
3-594-806-1,,Mang'an B. (MNN),1853,a.33 phrui.51,phonetic,dove,,,,
3-596-806-1,,Mang'an B. (MNN),735,a.33 kau.33,phonetic,owl,,,,
3-593-806-1,,Mang'an B. (MNN),913,ri.33 ak.51,phonetic,crow,,,,
3-592-806-1,,Mang'an B. (MNN),882,a.33 le.33,phonetic,parrot,,,,
3-591-806-1,,Mang'an B. (MNN),1793,mplak.51,phonetic,bat,,,,
3-586-806-1,,Mang'an B. (MNN),1185,roŋ.33,phonetic,vulture,,,,
3-585-806-1,,Mang'an B. (MNN),307,roŋ.33,phonetic,hawk,,,,
3-581-806-1,,Mang'an B. (MNN),937,a.33 ćhim.33,phonetic,bird,,,,
3-580-806-1,,Mang'an B. (MNN),539,ŋ.33 som.33,phonetic,nest,,,,
3-570-806-1,,Mang'an B. (MNN),1360,a.33 pɛt.33,phonetic,duck,,,,
3-560-806-1,,Mang'an B. (MNN),1187,a.33 pɛt.33,phonetic,goose,,,,
3-550-806-1,,Mang'an B. (MNN),1318,ia.51,phonetic,chicken,,,,
3-540-806-1,,Mang'an B. (MNN),1514,nai.33 ia.51,phonetic,hen,,,,
3-520-806-1,,Mang'an B. (MNN),1511,khuit.33 ia.51,phonetic,"cock, rooster",,,,
3-470-806-1,,Mang'an B. (MNN),890,lhɔ.33,phonetic,mule,,,,
3-500-806-1,,Mang'an B. (MNN),265,to.33 sat.55,phonetic,fowl,,,,
3-460-806-1,,Mang'an B. (MNN),1862,mɔ.55 lei.33,phonetic,"ass, donkey",,< CH,,
3-440-806-1,,Mang'an B. (MNN),938,a.33 çiaŋ.55 mprak.55,phonetic,mare,,,,
3-420-806-1,,Mang'an B. (MNN),936,mhik.33 mprak.55,phonetic,stallion,,,,
3-410-806-1,,Mang'an B. (MNN),615,mprak.55,phonetic,horse (equine),,,,
3-380-806-1,,Mang'an B. (MNN),1972,khuan.33 peʔ.55 pre.51,phonetic,kid,,,,
3-370-806-1,,Mang'an B. (MNN),264,mhik.33 peʔ.55 pre.51,phonetic,he-goat,,,,
3-360-806-1,,Mang'an B. (MNN),1502,peʔ.55 pre.51,phonetic,goat,,,,
3-350-806-1,,Mang'an B. (MNN),1337,lek.33,phonetic,pig,,,,
3-340-806-1,,Mang'an B. (MNN),1351,nai.33 lek.33,phonetic,sow (2),,,,
3-320-806-1,,Mang'an B. (MNN),1348,mhik.33 lek.33,phonetic,boar,,,,
3-280-806-1,,Mang'an B. (MNN),1345,a.33 çiaŋ.55 peʔ.55,phonetic,ewe,,,,
3-260-806-1,,Mang'an B. (MNN),1344,mhik.55 peʔ.55,phonetic,ram,,,,
3-250-806-1,,Mang'an B. (MNN),1331,peʔ.55,phonetic,sheep,,,,
3-240-806-1,,Mang'an B. (MNN),1989,khuan.55 mhɔi.51,phonetic,calf,,,,
3-230-806-1,,Mang'an B. (MNN),1007,nai.33 mhɔi.51,phonetic,cow,,,,
3-220-806-1,,Mang'an B. (MNN),1169,mhɔi.51,phonetic,ox,,,,
3-210-806-1,,Mang'an B. (MNN),1008,mhik.55 mhɔi.51,phonetic,bull,,,,
3-190-806-1,,Mang'an B. (MNN),851,khɔk.55 mprak.55,phonetic,"stable, stall",,,,
3-180-806-1,,Mang'an B. (MNN),263,u.55 len.33 mhɔi.51,phonetic,herdsman,,,,
3-160-806-1,,Mang'an B. (MNN),649,ńhia.55,phonetic,pasture,,,,
3-130-806-1,,Mang'an B. (MNN),2262,a.33 6iaŋ.51,phonetic,female (adj),,,,
3-120-806-1,,Mang'an B. (MNN),2261,mhik.55,phonetic,male (adj),,,,
3-110-806-1,,Mang'an B. (MNN),619,to.55 pre.51,phonetic,animal,,,,
2-960-806-1,,Mang'an B. (MNN),817,kɨi.51,phonetic,they,,,,
2-950-806-1,,Mang'an B. (MNN),1213,phɨi.51,phonetic,you (plural),,,,
2-942-806-1,,Mang'an B. (MNN),1130,ɨi.51,phonetic,we (exclusive),,,,
2-941-806-1,,Mang'an B. (MNN),1131,ɨi.51,phonetic,we (inclusive),,,,
2-940-806-1,,Mang'an B. (MNN),1212,ɨi.51,phonetic,we,,,,
2-930-806-1,,Mang'an B. (MNN),262,ɨt.55,phonetic,he/she/it,,,,
2-920-806-1,,Mang'an B. (MNN),1215,mi.51,phonetic,you (singular),,,,
2-910-806-1,,Mang'an B. (MNN),1209,o.51,phonetic,I,,,,
2-820-806-1,,Mang'an B. (MNN),194,kaŋ.51,phonetic,family,,,,
2-810-806-1,,Mang'an B. (MNN),1644,prɔm.33,phonetic,"relatives, kinsmen",,,,
2-810-806-2,,Mang'an B. (MNN),1644,si.33 nɨn.33,phonetic,"relatives, kinsmen",,,,
2-760-806-1,,Mang'an B. (MNN),1756,nai.33 si.33 prɔk.55,phonetic,widow,,,,
2-750-806-1,,Mang'an B. (MNN),1149,khuan.55 nhiun.51,phonetic,orphan,,,,
2-740-806-1,,Mang'an B. (MNN),1058,khuan.55 len.33,phonetic,stepdaughter,,,,
2-730-806-1,,Mang'an B. (MNN),1059,khuan.55 len.33,phonetic,stepson,,,,
2-720-806-1,,Mang'an B. (MNN),236,nai.33,phonetic,stepmother,,,,
2-710-806-1,,Mang'an B. (MNN),237,ui.33,phonetic,stepfather,,,,
2-641-806-1,,Mang'an B. (MNN),2264,ŋak.51,phonetic,daughter-in-law (of a woman),,,,
2-640-806-1,,Mang'an B. (MNN),2265,ŋak.51,phonetic,daughter-in-law (of a man),,,,
2-631-806-1,,Mang'an B. (MNN),2266,khəi.51,phonetic,son-in-law (of a woman),,,,
2-630-806-1,,Mang'an B. (MNN),2267,khəi.51,phonetic,son-in-law (of a man),,,,
2-621-806-1,,Mang'an B. (MNN),2257,nai.55,phonetic,mother-in-law (of a woman),,,,
2-620-806-1,,Mang'an B. (MNN),2256,nai.55,phonetic,mother-in-law (of a man),,,,
2-611-806-1,,Mang'an B. (MNN),2254,ui.33,phonetic,father-in-law (of a woman),,,,
2-610-806-1,,Mang'an B. (MNN),2255,ui.33,phonetic,father-in-law (of a man),,,,
2-560-806-1,,Mang'an B. (MNN),1669,len.55,phonetic,ancestors,,,,
2-550-806-1,,Mang'an B. (MNN),1643,khuan.55 phre.51 taŋ.51,phonetic,cousin,,,,
2-540-806-1,,Mang'an B. (MNN),1642,khuan.55 phre.51,phonetic,niece,,,,
2-530-806-1,,Mang'an B. (MNN),1063,khuan.55 phre.51,phonetic,nephew,,,,
2-522-806-1,,Mang'an B. (MNN),170,maʔ.55,phonetic,father's sister,,,,
2-520-806-1,,Mang'an B. (MNN),1272,khɔn.33,phonetic,aunt,,,,
2-521-806-1,,Mang'an B. (MNN),171,khɔn.33,phonetic,mother's sister,,,,
2-512-806-1,,Mang'an B. (MNN),1985,ńiat.55,phonetic,father's brother,,,,
2-512-806-2,,Mang'an B. (MNN),1985,un.33 at.55,phonetic,father's brother,,,,
2-511-806-1,,Mang'an B. (MNN),1984,phiʔ.55,phonetic,mother's brother,,,,
2-480-806-1,,Mang'an B. (MNN),1618,khuan.55 ćhu.51,phonetic,grandson,,,,
2-490-806-1,,Mang'an B. (MNN),1619,khuan.55 ćhu.51,phonetic,granddaughter,,,,
2-471-806-1,,Mang'an B. (MNN),907,jaʔ.55,phonetic,old woman,,,,
2-470-806-1,,Mang'an B. (MNN),1496,jaʔ.55,phonetic,grandmother,,,,
2-461-806-1,,Mang'an B. (MNN),406,thaʔ.55,phonetic,old man,,,,
2-460-806-1,,Mang'an B. (MNN),1383,thaʔ.55,phonetic,grandfather,,,,
2-458-806-1,,Mang'an B. (MNN),1005,khuan.55 nəphrap.55,phonetic,twins,,,,
2-456-806-1,,Mang'an B. (MNN),1640,phre.51 ri.33 nan.51,phonetic,sibling,,,,
2-455-806-1,,Mang'an B. (MNN),1761,pɔʔ.55,phonetic,younger sister,,,,
2-454-806-1,,Mang'an B. (MNN),1758,su.55 ri.33 pɔʔ.55,phonetic,older sister,,,,
2-445-806-1,,Mang'an B. (MNN),1760,pɔʔ.55,phonetic,younger brother,,,,
2-444-806-1,,Mang'an B. (MNN),1759,phre.51,phonetic,older brother,,,,
2-430-806-1,,Mang'an B. (MNN),1801,khuan.55 ćhu.51 khuan.55 ćhaʔ.55,phonetic,offspring (son or daughter),,,,
2-420-806-1,,Mang'an B. (MNN),1357,khuan.55 phɨt.55,phonetic,daughter,,,,
2-410-806-1,,Mang'an B. (MNN),1620,khuan.55 khuit.55,phonetic,son,,,,
2-370-806-1,,Mang'an B. (MNN),505,nai.33 ui.33,phonetic,parents,,,,
2-350-806-1,,Mang'an B. (MNN),1217,ʔui.33,phonetic,father,,,,
2-341-806-1,,Mang'an B. (MNN),1134,tet.33 pu.55 ti.51,phonetic,divorce,,,,
2-330-806-1,,Mang'an B. (MNN),203,na.55 khɛk.55,phonetic,marry,,,,
2-320-806-1,,Mang'an B. (MNN),1199,phɨt.33,phonetic,wife,,,,
2-310-806-1,,Mang'an B. (MNN),1200,mhəi.51,phonetic,husband,,,,
2-280-806-1,,Mang'an B. (MNN),1289,khuan.55 a.55 vɛk.51,phonetic,"infant, baby",,,,
2-270-806-1,,Mang'an B. (MNN),1304,khuan.55 khɔt.33,phonetic,child,,,,
2-261-806-1,,Mang'an B. (MNN),77,khuan.55 phiaʔ.55,phonetic,young woman (adolescent),,,,
2-260-806-1,,Mang'an B. (MNN),1646,khuan.55 phiaʔ.55,phonetic,girl,,,,
2-251-806-1,,Mang'an B. (MNN),76,khuan.55 si.55 nau.51,phonetic,young man (adolescent),,,,
2-250-806-1,,Mang'an B. (MNN),1366,khuan.55 khuit.55 khɔt.33,phonetic,boy,,,,
2-240-806-1,,Mang'an B. (MNN),1551,khuan.55 phɨt.55,phonetic,female,,,,
2-230-806-1,,Mang'an B. (MNN),1553,khuan.55 khuit.55,phonetic,male,,,,
2-220-806-1,,Mang'an B. (MNN),962,khuan.55 phɨt.55,phonetic,woman,,,,
2-210-806-1,,Mang'an B. (MNN),1554,khuan.55 khuit.55,phonetic,man (vs. woman),,,,
2-100-806-1,,Mang'an B. (MNN),683,u.51,phonetic,"person, human being",,,,
1-890-806-1,,Mang'an B. (MNN),1188,ri.33 ćhiet.55,phonetic,charcoal,,,,
1-880-806-1,,Mang'an B. (MNN),10,siʔ.55 thok.55,phonetic,firewood,,,,
1-870-806-1,,Mang'an B. (MNN),1133,khiet.55 fai.51,phonetic,match (noun),,,,
1-861-806-1,,Mang'an B. (MNN),127,jiet.55,phonetic,extinguish,,,,
1-860-806-1,,Mang'an B. (MNN),737,thok.55,phonetic,"light, kindle, ignite",,,,
1-851-806-1,,Mang'an B. (MNN),141,kuit.55,phonetic,burn (vb trans),,,,
1-840-806-1,,Mang'an B. (MNN),646,a.33 niʔ.55,phonetic,ashes,,,,
1-830-806-1,,Mang'an B. (MNN),778,ri.55 mut.55,phonetic,smoke (noun),,,,
1-810-806-1,,Mang'an B. (MNN),221,ŋau.51,phonetic,fire,,,,
1-770-806-1,,Mang'an B. (MNN),617,a.33 phian.51,phonetic,ice,,,,
1-760-806-1,,Mang'an B. (MNN),784,a.33 phian.51,phonetic,snow (noun),,,,
1-750-806-1,,Mang'an B. (MNN),658,lhe.51,phonetic,rain (noun),,,,
1-740-806-1,,Mang'an B. (MNN),249,ri.33 phok.55,phonetic,fog,,,,
1-720-806-1,,Mang'an B. (MNN),960,si.33 maʔ.55,phonetic,wind,,,,
1-730-806-1,,Mang'an B. (MNN),1489,ri.33 phok.55,phonetic,cloud,,,,
1-640-806-1,,Mang'an B. (MNN),1977,uɔm.55 nam.33 nai.51,phonetic,dew,,,,
1-630-806-1,,Mang'an B. (MNN),1388,muɔt.55,phonetic,"shade, shadow",,,,
1-620-806-1,,Mang'an B. (MNN),11,ćhiəm.51,phonetic,darkness,,,,
1-610-806-1,,Mang'an B. (MNN),630,phok.33,phonetic,light (noun),,,,
1-590-806-1,,Mang'an B. (MNN),1733,phiɔŋ.51,phonetic,rainbow,,,,
1-560-806-1,,Mang'an B. (MNN),1150,ri.55 phrak.51,phonetic,thunder,,,,
1-560-806-2,,Mang'an B. (MNN),1150,ri.55 nhɨp.55,phonetic,thunder,,,,
1-570-806-1,,Mang'an B. (MNN),2007,ri.55 ćhat.51,phonetic,lightning (as striking),,,,
1-550-806-1,,Mang'an B. (MNN),1654,ri.55 ćhat.51,phonetic,lightning,,,,
1-540-806-1,,Mang'an B. (MNN),1430,si.33 meit.55,phonetic,star,,,,
1-530-806-1,,Mang'an B. (MNN),1313,ŋkhian.51,phonetic,moon,,,,
1-520-806-1,,Mang'an B. (MNN),1343,ŋai.55 si.33 ŋi.51,phonetic,sun,,,,
1-510-806-1,,Mang'an B. (MNN),1732,phlek.55,phonetic,sky,,,,
1-450-806-1,,Mang'an B. (MNN),6,len.55 san.55,phonetic,earthquake,,,,
1-440-806-1,,Mang'an B. (MNN),2125,si.33 muʔ.55,phonetic,"stone, rock",,,,
1-430-806-1,,Mang'an B. (MNN),1803,siʔ.55,phonetic,wood,,,,
1-420-806-1,,Mang'an B. (MNN),906,siʔ.55,phonetic,tree (cf 08.600),,,,
1-410-806-1,,Mang'an B. (MNN),420,məŋ.51 siʔ.55,phonetic,"woods, forest",,,,
1-370-806-1,,Mang'an B. (MNN),2144,təŋ.55 uɔm.51,phonetic,"spring, well",,,,
1-370-806-2,,Mang'an B. (MNN),2144,nćhu.55,phonetic,"spring, well",,,,
1-360-806-1,,Mang'an B. (MNN),666,ɔn.55,phonetic,"river, stream, brook",,,,
1-310-806-1,,Mang'an B. (MNN),948,ʔuɔm.51,phonetic,water,,,,
1-280-806-1,,Mang'an B. (MNN),1155,nthu.51,phonetic,cave,,,,
1-270-806-1,,Mang'an B. (MNN),113,pik.55,phonetic,shore,,,,
1-240-806-1,,Mang'an B. (MNN),921,lɔŋ.55,phonetic,valley,,,,
1-230-806-1,,Mang'an B. (MNN),652,lək.55,phonetic,"plain, field",,,,
1-230-806-2,,Mang'an B. (MNN),652,toŋ.55,phonetic,"plain, field",,,,
1-222-806-1,,Mang'an B. (MNN),618,phra.51,phonetic,"cliff, precipice",,,,
1-220-806-1,,Mang'an B. (MNN),2118,kɔŋ.51,phonetic,"mountain, hill",,,,
1-220-806-2,,Mang'an B. (MNN),2118,tən.51,phonetic,"mountain, hill",,,,
1-214-806-1,,Mang'an B. (MNN),640,ŋkluʔ.55,phonetic,mud,,,,
1-215-806-1,,Mang'an B. (MNN),671,ŋəsait.51,phonetic,sand,,,,
1-213-806-1,,Mang'an B. (MNN),2,ŋkhon.55,phonetic,dust,,,,
1-212-806-1,,Mang'an B. (MNN),1228,a.33 the.51,phonetic,"earth=ground, soil",,,,
1-210-806-1,,Mang'an B. (MNN),626,pre.51,phonetic,"earth, land",,,,
1-100-806-1,,Mang'an B. (MNN),965,ŋku.51 the.51,phonetic,world,,,,
14-330-806-1,,Mang'an B. (MNN),1544,khui.51 mphla.33 si.33 ŋi.51,phonetic,sometimes,,,,
14-410-806-1,,Mang'an B. (MNN),1225,ta.33 si.33 ŋi.51,phonetic,day,,,,
14-420-806-1,,Mang'an B. (MNN),1233,ćhiəm.51,phonetic,night,,,,
14-430-806-1,,Mang'an B. (MNN),729,pat.51,phonetic,dawn,,,,
14-440-806-1,,Mang'an B. (MNN),1339,kraŋ.51 ćiau.33,phonetic,morning,,,,
14-451-806-1,,Mang'an B. (MNN),1807,ta.33 puə.51,phonetic,afternoon,,,,
14-451-806-2,,Mang'an B. (MNN),1807,moŋ.33 meŋ.33,phonetic,afternoon,,,,
14-460-806-1,,Mang'an B. (MNN),1629,ćhiɨm.51,phonetic,evening,,,,
14-470-806-1,,Mang'an B. (MNN),1283,ni.33 si.33 ŋi.51,phonetic,today,,,,
14-480-806-1,,Mang'an B. (MNN),1329,ta.33 raŋ.51,phonetic,tomorrow,,,,
14-481-806-1,,Mang'an B. (MNN),1179,ri.33 khiʔ.55,phonetic,day-after-tomorrow,,,,
14-490-806-1,,Mang'an B. (MNN),1174,i.33 khuʔ.55,phonetic,yesterday,,,,
14-491-806-1,,Mang'an B. (MNN),1180,lait.51 i.33 khuʔ.55,phonetic,day-before-yesterday,,,,
14-510-806-1,,Mang'an B. (MNN),1353,ćiuŋ.33 thou.55,phonetic,hour,,,,
14-530-806-1,,Mang'an B. (MNN),1323,ćiuŋ.33,phonetic,"clock, timepiece",,,,
14-610-806-1,,Mang'an B. (MNN),1469,çin.33 ćhi.33,phonetic,week,,,,
14-620-806-1,,Mang'an B. (MNN),1699,çin.33 ćhi.33 thien.33,phonetic,Sunday,,,,
14-630-806-1,,Mang'an B. (MNN),1697,çin.33 ćhi.33 ji.33,phonetic,Monday,,,,
14-640-806-1,,Mang'an B. (MNN),1695,çin.33 ćhi.33 ə.55,phonetic,Tuesday,,,,
14-650-806-1,,Mang'an B. (MNN),1694,çin.33 ćhi.33 san.33,phonetic,Wednesday,,,,
14-660-806-1,,Mang'an B. (MNN),1693,çin.33 ćhi.33 si.55,phonetic,Thursday,,,,
14-670-806-1,,Mang'an B. (MNN),1692,çin.33 ćhi.33 vu.51,phonetic,Friday,,,,
14-680-806-1,,Mang'an B. (MNN),1700,çin.33 ćhi.33 lu.33,phonetic,Saturday,,,,
14-710-806-1,,Mang'an B. (MNN),1370,mu.33 nkhiɛn.51,phonetic,month,,,,
14-730-806-1,,Mang'an B. (MNN),1226,mu.33 nhɨp.55,phonetic,year,,,,
14-780-806-1,,Mang'an B. (MNN),691,khrau.51,phonetic,season,,,,
15-210-806-1,,Mang'an B. (MNN),1587,hɔ.33 ʔui.51,phonetic,smell (vb intrans),,,,
15-212-806-1,,Mang'an B. (MNN),375,hut.33,phonetic,sniff,,,,
15-220-806-1,,Mang'an B. (MNN),1586,hut.33,phonetic,smell (vb trans),,,,
15-250-806-1,,Mang'an B. (MNN),376,hɔm.51,phonetic,"fragrant, good smelling",,,,
15-260-806-1,,Mang'an B. (MNN),42,ui.51,phonetic,"stinking, bad smelling",,,,
15-310-806-1,,Mang'an B. (MNN),21,nim.33,phonetic,taste,,,,
15-350-806-1,,Mang'an B. (MNN),717,ńiaŋ.51,phonetic,sweet,,,,
15-360-806-1,,Mang'an B. (MNN),1091,luʔ.55,phonetic,salty,,,,
15-370-806-1,,Mang'an B. (MNN),887,ćhak.55,phonetic,bitter,,,,
15-380-806-1,,Mang'an B. (MNN),1906,si.33 a.51,phonetic,"acid, sour",,,,
15-410-806-1,,Mang'an B. (MNN),1408,kau.51,phonetic,hear,,,,
15-420-806-1,,Mang'an B. (MNN),1608,nćak.33,phonetic,listen,,,,
15-440-806-1,,Mang'an B. (MNN),1811,mɔ.51,phonetic,"sound, noise",,,,
15-450-806-1,,Mang'an B. (MNN),377,at.33 seiŋ.51,phonetic,loud,,,,
15-460-806-1,,Mang'an B. (MNN),1314,təp.33,phonetic,"quiet, silence",,,,
15-510-806-1,,Mang'an B. (MNN),1409,jɔ.51,phonetic,see,,,,
15-520-806-1,,Mang'an B. (MNN),1819,kək.33,phonetic,"look, look at",,,,
15-550-806-1,,Mang'an B. (MNN),1039,te.51 mi.51 kək.33,phonetic,show,,,,
15-560-806-1,,Mang'an B. (MNN),708,tɔŋ.55 phuk.33,phonetic,shine,,,,
15-570-806-1,,Mang'an B. (MNN),679,pat.51,phonetic,bright,,,,
15-610-806-1,,Mang'an B. (MNN),1613,jin.33 sɨ.33,phonetic,color,,,,
15-620-806-1,,Mang'an B. (MNN),250,taŋ.33,phonetic,light (in color),,,,
15-640-806-1,,Mang'an B. (MNN),1335,pain.51,phonetic,white,,,,
15-650-806-1,,Mang'an B. (MNN),163,lak.33,phonetic,black,,,,
15-660-806-1,,Mang'an B. (MNN),156,thraŋ.51,phonetic,red,,,,
15-670-806-1,,Mang'an B. (MNN),837,lhin.51,phonetic,blue,,,,
15-680-806-1,,Mang'an B. (MNN),1425,si.33 ŋiɛn.33,phonetic,green,,,,
15-690-806-1,,Mang'an B. (MNN),1424,lhɨŋ.51,phonetic,yellow,,,,
15-710-806-1,,Mang'an B. (MNN),1892,ćɔ.33,phonetic,touch,,,,
15-712-806-1,,Mang'an B. (MNN),378,ćhiek.33,phonetic,pinch,,,,
15-720-806-1,,Mang'an B. (MNN),1079,klam.51,phonetic,feel,,,,
15-740-806-1,,Mang'an B. (MNN),1884,kiɛn.55,phonetic,hard,,,,
15-750-806-1,,Mang'an B. (MNN),1856,mhɔk.33,phonetic,soft,,,,
15-760-806-1,,Mang'an B. (MNN),1923,hat.55 ri.33 mɨt.33,phonetic,rough,,,,
15-770-806-1,,Mang'an B. (MNN),1234,ri.33 mɨt.33,phonetic,smooth,,,,
15-780-806-1,,Mang'an B. (MNN),1396,lɨp.33,phonetic,sharp,,,,
15-790-806-1,,Mang'an B. (MNN),379,ćɨk.33 lɨp.33,phonetic,"blunt, dull",,,,
15-790-806-2,,Mang'an B. (MNN),379,hat.55 lɨp.33,phonetic,"blunt, dull",,,,
15-810-806-1,,Mang'an B. (MNN),1210,si.33 ćɛt.55,phonetic,heavy,,,,
15-820-806-1,,Mang'an B. (MNN),1052,si.55 iəŋ.51,phonetic,light (in weight),,,,
15-830-806-1,,Mang'an B. (MNN),1726,mɛk.33,phonetic,"wet, damp",,,,
15-840-806-1,,Mang'an B. (MNN),1398,khrɔ.33,phonetic,dry,,,,
15-840-806-2,,Mang'an B. (MNN),1398,pri.51 khrɔ.33,phonetic,dry,,,,
15-850-806-1,,Mang'an B. (MNN),1286,rɔn.33,phonetic,hot,,,,
15-850-806-2,,Mang'an B. (MNN),1286,mhɛ.33,phonetic,hot,,,,
15-851-806-1,,Mang'an B. (MNN),1232,si.33 əp.55,phonetic,warm,,,,
15-860-806-1,,Mang'an B. (MNN),1287,khat.33,phonetic,cold,,,,
15-860-806-2,,Mang'an B. (MNN),1287,thrɛp.55,phonetic,cold,,,,
15-870-806-1,,Mang'an B. (MNN),704,si.33 ŋɛ.33,phonetic,clean,,,,
15-880-806-1,,Mang'an B. (MNN),1230,nćiɨk.33,phonetic,"dirty, soiled",,,,
15-890-806-1,,Mang'an B. (MNN),380,rut.33,phonetic,wrinkled,,,,
16-180-806-1,,Mang'an B. (MNN),720,sun.33 mi.51 jyaŋ.51,phonetic,"good fortune, luck",,,,
16-190-806-1,,Mang'an B. (MNN),56,hat.33 khui.33 sun.33,phonetic,"misfortune, bad luck",,,,
16-230-806-1,,Mang'an B. (MNN),1495,khlɨn.51,phonetic,"joyful, glad, happy",,,,
16-250-806-1,,Mang'an B. (MNN),1355,ńhiat.51,phonetic,laugh,,,,
16-251-806-1,,Mang'an B. (MNN),1451,ćhiɨm.33 ńhiat.51,phonetic,smile,,,,
16-260-806-1,,Mang'an B. (MNN),1413,nkrɨʔ.55,phonetic,play,,,,
16-270-806-1,,Mang'an B. (MNN),923,rak.33,phonetic,love,,,,
16-290-806-1,,Mang'an B. (MNN),578,hut.33,phonetic,kiss,,,,
16-290-806-2,,Mang'an B. (MNN),578,mpuit.33,phonetic,kiss,,,,
16-300-806-1,,Mang'an B. (MNN),928,klɛt.55,phonetic,embrace,,,,
16-310-806-1,,Mang'an B. (MNN),1783,ćhiu.51,phonetic,pain,,,,
16-320-806-1,,Mang'an B. (MNN),1668,ćhiu.51 lɛ.33 ćhak.33,phonetic,"grief, sorrow, sadness",,,,
16-330-806-1,,Mang'an B. (MNN),1000,ki.33 ri.33 çiɨm.51,phonetic,"anxiety, worry",,,,
16-350-806-1,,Mang'an B. (MNN),1141,mik.55,phonetic,pity,,,,
16-370-806-1,,Mang'an B. (MNN),1839,jam.51,phonetic,"cry, weep",,,,
16-380-806-1,,Mang'an B. (MNN),1651,uɔm.51 ŋai.51,phonetic,tear (noun),,,,
16-410-806-1,,Mang'an B. (MNN),1607,kran.33 jiu.51,phonetic,hate,,,,
16-420-806-1,,Mang'an B. (MNN),82,si.33 nət.55,phonetic,anger,,,,
16-440-806-1,,Mang'an B. (MNN),40,kran.33 jiu.51,phonetic,"envy, jealousy",,,,
16-450-806-1,,Mang'an B. (MNN),1776,kait.51,phonetic,shame (noun),,,,
16-510-806-1,,Mang'an B. (MNN),1779,pian.51,phonetic,dare,,,,
16-520-806-1,,Mang'an B. (MNN),3,at.33 ri.33 çiɨn.51,phonetic,brave,,,,
16-530-806-1,,Mang'an B. (MNN),781,lhat.51,phonetic,"fear, fright",,,,
16-622-806-1,,Mang'an B. (MNN),1750,rat.33,phonetic,choose,,,,
16-630-806-1,,Mang'an B. (MNN),1092,ćhiəm.33,phonetic,hope,,,,
16-650-806-1,,Mang'an B. (MNN),100,khui.33 ri.33 çiɨm.51,phonetic,faithful,,,,
16-680-806-1,,Mang'an B. (MNN),13,ćhiaŋ.33 lɛʔ.55,phonetic,deceit,,,,
16-710-806-1,,Mang'an B. (MNN),1035,jyaŋ.51,phonetic,good,,,,
16-720-806-1,,Mang'an B. (MNN),1292,ćuʔ.55,phonetic,bad,,,,
16-730-806-1,,Mang'an B. (MNN),1725,khɔ.33,phonetic,"right, correct",,,,
16-740-806-1,,Mang'an B. (MNN),1390,ćək.33 khɔ.33,phonetic,wrong,,,,
16-760-806-1,,Mang'an B. (MNN),134,phit.33,phonetic,fault,,,,
16-770-806-1,,Mang'an B. (MNN),1293,ćək.33 khɔ.33,phonetic,"mistake, error",,,,
16-780-806-1,,Mang'an B. (MNN),381,kuai.55,phonetic,blame,,,,
16-790-806-1,,Mang'an B. (MNN),1687,lə.51,phonetic,praise,,,,
16-810-806-1,,Mang'an B. (MNN),1427,hraŋ.33 jyaŋ.51,phonetic,beautiful,,,,
16-820-806-1,,Mang'an B. (MNN),1548,hraŋ.33 ća.33,phonetic,ugly,,,,
16-830-806-1,,Mang'an B. (MNN),2018,sət.33 lai.55 ćhak.55,phonetic,greedy,,,,
16-840-806-1,,Mang'an B. (MNN),1310,hɛk.55,phonetic,clever,,,,
17-130-806-1,,Mang'an B. (MNN),1415,ćhiəm.33,phonetic,think (= reflect),,,,
17-130-806-2,,Mang'an B. (MNN),1415,kət.33,phonetic,think (= reflect),,,,
17-150-806-1,,Mang'an B. (MNN),1890,sin.55,phonetic,believe,,,,
17-160-806-1,,Mang'an B. (MNN),1536,ćɨʔ.55,phonetic,understand,,,,
17-170-806-1,,Mang'an B. (MNN),1410,ćɨʔ.55,phonetic,know,,,,
17-171-806-1,,Mang'an B. (MNN),1932,ćhai.33,phonetic,guess,,,,
17-220-806-1,,Mang'an B. (MNN),1518,piɔk.33 leŋ.33,phonetic,"foolish, stupid",,,,
17-230-806-1,,Mang'an B. (MNN),1899,suɔt.51,phonetic,"insane, crazy",,,,
17-240-806-1,,Mang'an B. (MNN),504,nthe.55,phonetic,learn,,,,
17-242-806-1,,Mang'an B. (MNN),1929,mphiɔʔ.55,phonetic,study,,,,
17-250-806-1,,Mang'an B. (MNN),709,nthe.55,phonetic,teach,,,,
17-260-806-1,,Mang'an B. (MNN),753,khuan.33 hen.51 tham.51,phonetic,pupil,,,,
17-270-806-1,,Mang'an B. (MNN),1038,u.55 nthe.55 tham.51,phonetic,teacher,,,,
17-280-806-1,,Mang'an B. (MNN),673,çyə.33 çiau.33,phonetic,school,,,,
17-310-806-1,,Mang'an B. (MNN),707,tɔŋ.51 nəp.55 nam.51,phonetic,remember,,,,
17-320-806-1,,Mang'an B. (MNN),1523,hɔit.33 pin.51,phonetic,forget,,,,
17-340-806-1,,Mang'an B. (MNN),989,ćhiŋ.33 ćhu.51,phonetic,"clear, plain",,,,
17-350-806-1,,Mang'an B. (MNN),1764,ńhap.55 ta.33 tɔŋ.51,phonetic,obscure,,,,
17-360-806-1,,Mang'an B. (MNN),1121,suak.51 ta.33 ri.33 çiəm.51,phonetic,secret,,,,
17-450-806-1,,Mang'an B. (MNN),643,ćhiəm.33,phonetic,"need, necessity",,,,
17-460-806-1,,Mang'an B. (MNN),686,ja.51,phonetic,easy,,,,
17-470-806-1,,Mang'an B. (MNN),584,ńhap.55,phonetic,difficult,,,,
17-470-806-2,,Mang'an B. (MNN),584,mpran.51,phonetic,difficult,,,,
17-480-806-1,,Mang'an B. (MNN),1812,thieu.55,phonetic,"try, attempt",,,,
17-510-806-1,,Mang'an B. (MNN),1577,nkhap.55,phonetic,and,,,,
17-550-806-1,,Mang'an B. (MNN),1268,mə.55,phonetic,"yes, affirmative",,,,
17-550-806-2,,Mang'an B. (MNN),1268,khɔ.33,phonetic,"yes, affirmative",,,,
17-560-806-1,,Mang'an B. (MNN),1269,ćiək.33 khɔ.33,phonetic,"no, negative",,,,
17-560-806-2,,Mang'an B. (MNN),1269,ćiək.33 mə.55,phonetic,"no, negative",,,,
17-620-806-1,,Mang'an B. (MNN),822,ću.33 mɛʔ.55,phonetic,how many?,,,,
17-630-806-1,,Mang'an B. (MNN),531,ću.33 mɛʔ.55,phonetic,how much?,,,,
17-640-806-1,,Mang'an B. (MNN),1236,i.33 tin.51,phonetic,what?,,,,
17-650-806-1,,Mang'an B. (MNN),1238,jam.33 i.33 tin.51,phonetic,when?,,,,
17-660-806-1,,Mang'an B. (MNN),1237,i.33 mɛʔ.55,phonetic,where?,,,,
17-660-806-3,,Mang'an B. (MNN),1237,a.33 mɛʔ.55,phonetic,where?,,,,
17-670-806-1,,Mang'an B. (MNN),727,i.33 mɛʔ.55,phonetic,which?,,,,
17-670-806-3,,Mang'an B. (MNN),727,a.33 mɛʔ.55,phonetic,which?,,,,
17-690-806-1,,Mang'an B. (MNN),1270,ći.55 ćhak.33 i.33 tiŋ.51,phonetic,why?,,,,
18-110-806-1,,Mang'an B. (MNN),1363,seiŋ.51,phonetic,voice,,,,
18-120-806-1,,Mang'an B. (MNN),1261,ćhaŋ.55,phonetic,sing,,,,
18-130-806-1,,Mang'an B. (MNN),715,vau.51,phonetic,"shout, cry out",,,,
18-150-806-1,,Mang'an B. (MNN),55,kɔi.51 krɛ.55,phonetic,whisper,,,,
18-170-806-1,,Mang'an B. (MNN),1025,ri.33 suam.51,phonetic,whistle,,,,
18-180-806-1,,Mang'an B. (MNN),298,khrak.51,phonetic,"shriek, screech",,,,
18-190-806-1,,Mang'an B. (MNN),526,ku.33 khrak.51,phonetic,howl,,,,
18-210-806-1,,Mang'an B. (MNN),1623,khai.33 kau.33,phonetic,"speak, talk",,,,
18-211-806-1,,Mang'an B. (MNN),1866,khək.33,phonetic,"stutter, stammer",,,,
18-220-806-1,,Mang'an B. (MNN),1458,krɛi.55,phonetic,say,,,,
18-221-806-1,,Mang'an B. (MNN),1711,khai.33 kau.33,phonetic,tell story,,,,
18-221-806-2,,Mang'an B. (MNN),1711,krɛi.55 hən.51,phonetic,tell story,,,,
18-240-806-1,,Mang'an B. (MNN),1307,kuam.51,phonetic,language,,,,
18-260-806-1,,Mang'an B. (MNN),1599,lik.55,phonetic,word,,,,
18-280-806-1,,Mang'an B. (MNN),1405,ćə.33,phonetic,name,,,,
18-310-806-1,,Mang'an B. (MNN),1309,mhain.51,phonetic,"ask (question, inquire)",,,,
18-320-806-1,,Mang'an B. (MNN),1275,jiet.33,phonetic,answer,,,,
18-330-806-1,,Mang'an B. (MNN),2022,ćhiəŋ.33 jən.55,phonetic,"admit, confess",,,,
18-340-806-1,,Mang'an B. (MNN),755,ćiək.33 ćhiəŋ.33 jən.55,phonetic,deny,,,,
18-360-806-1,,Mang'an B. (MNN),1675,jiet.33,phonetic,promise,,,,
18-370-806-1,,Mang'an B. (MNN),49,hat.33 ćhiəm.33,phonetic,refuse,,,,
18-390-806-1,,Mang'an B. (MNN),299,krɛ.55,phonetic,"rebuke, scold",,,,
18-410-806-1,,Mang'an B. (MNN),1084,vau.51,phonetic,call (=summon),,,,
18-450-806-1,,Mang'an B. (MNN),101,lə.51,phonetic,boast,,,,
18-510-806-1,,Mang'an B. (MNN),1672,tɛm.33,phonetic,write,,,,
18-520-806-1,,Mang'an B. (MNN),724,hen.51,phonetic,read,,,,
18-560-806-1,,Mang'an B. (MNN),648,ćɛ.33,phonetic,paper,,,,
18-570-806-1,,Mang'an B. (MNN),794,piʔ.33,phonetic,pen,,,,
18-610-806-1,,Mang'an B. (MNN),963,lai.51,phonetic,book,,,,
18-710-806-1,,Mang'an B. (MNN),777,lɔ.33 liu.55,phonetic,flute,,,,
18-720-806-1,,Mang'an B. (MNN),908,kɔŋ.51,phonetic,drum,,,,
19-120-806-1,,Mang'an B. (MNN),89,rip.33 ti.51,phonetic,one's native country,,,,
19-150-806-1,,Mang'an B. (MNN),1391,məŋ.55 at.55,phonetic,"city, town",,,,
19-160-806-1,,Mang'an B. (MNN),930,rip.33,phonetic,village,,,,
19-170-806-1,,Mang'an B. (MNN),1010,kə.33 kai.55,phonetic,boundary,,,,
19-240-806-1,,Mang'an B. (MNN),301,ka.55 ra.51,phonetic,"chief, chieftain",,,,
19-250-806-1,,Mang'an B. (MNN),1296,siʔ.55 nkəun.51,phonetic,"staff, walking stick",,,,
19-460-806-1,,Mang'an B. (MNN),1635,nćak.33 kuam.51,phonetic,obey,,,,
19-470-806-1,,Mang'an B. (MNN),1003,ve.33,phonetic,"let, permit",,,,
19-510-806-1,,Mang'an B. (MNN),1325,puʔ.55 eu.51,phonetic,"friend, companion",,,,
19-510-806-2,,Mang'an B. (MNN),1325,puʔ.55 kɔ.33,phonetic,"friend, companion",,,,
19-520-806-1,,Mang'an B. (MNN),1358,u.51 raʔ.55,phonetic,enemy,,,,
19-540-806-1,,Mang'an B. (MNN),1332,mphrek.55 kaŋ.51,phonetic,neighbor,,,,
19-550-806-1,,Mang'an B. (MNN),791,u.51 taŋ.55,phonetic,stranger,,,,
19-560-806-1,,Mang'an B. (MNN),1782,khɛk.55,phonetic,guest,,,,
19-570-806-1,,Mang'an B. (MNN),1545,u.51 nkhlɔŋ.51 kaŋ.51,phonetic,host,,,,
19-580-806-1,,Mang'an B. (MNN),1897,ćɔi.51,phonetic,"help, aid",,,,
19-590-806-1,,Mang'an B. (MNN),1550,ta.33 kha.33 jak.55,phonetic,"hinder, prevent",,,,
19-610-806-1,,Mang'an B. (MNN),1747,fiŋ.33,phonetic,custom,,,,
19-620-806-1,,Mang'an B. (MNN),1848,uit.33 ta.33 pu.55 ti.51,phonetic,"strife, quarrel",,,,
19-650-806-1,,Mang'an B. (MNN),1831,iɔ.51,phonetic,meet,,,,
20-110-806-1,,Mang'an B. (MNN),1423,tɔp.55 pu.55 ti.51,phonetic,fight (vb),,,,
20-130-806-1,,Mang'an B. (MNN),579,nain.51,phonetic,"war, battle",,,,
20-150-806-1,,Mang'an B. (MNN),1561,lɛn.55,phonetic,army,,,,
20-170-806-1,,Mang'an B. (MNN),1941,lɛn.55,phonetic,soldier,,,,
20-220-806-1,,Mang'an B. (MNN),1763,siʔ.55,phonetic,club,,,,
20-230-806-1,,Mang'an B. (MNN),387,ak.51,phonetic,sling,,,,
20-250-806-1,,Mang'an B. (MNN),977,tɛ.51,phonetic,arrow,,,,
20-280-806-1,,Mang'an B. (MNN),1566,nat.33,phonetic,"gun, cannon",,,,
20-410-806-1,,Mang'an B. (MNN),783,pɛ.33,phonetic,victory,,,,
20-420-806-1,,Mang'an B. (MNN),782,ćək.33 pɛ.33,phonetic,defeat,,,,
20-450-806-1,,Mang'an B. (MNN),421,ve.33,phonetic,retreat,,,,
20-610-806-1,,Mang'an B. (MNN),1435,a.33 ŋɔn.33,phonetic,hunt,,,,
20-610-806-2,,Mang'an B. (MNN),1435,a.33 vo.33,phonetic,hunt,,,,
20-620-806-1,,Mang'an B. (MNN),1172,phet.55,phonetic,shoot,,,,
20-630-806-1,,Mang'an B. (MNN),161,phet.55 si.33 khuain.33,phonetic,miss (target),,,,
20-640-806-1,,Mang'an B. (MNN),1075,nthu.51,phonetic,trap (noun),,,,
21-110-806-1,,Mang'an B. (MNN),1062,fa.33 liʔ.33,phonetic,law,,,,
21-370-806-1,,Mang'an B. (MNN),390,uit.33 ta.33 mi.51,phonetic,"penalty, punishment",,,,
21-390-806-1,,Mang'an B. (MNN),1281,ntiŋ.55 khraŋ.55 u.51,phonetic,"prison, jail",,,,
21-420-806-1,,Mang'an B. (MNN),845,ćhiet.33 u.51,phonetic,murder,,,,
21-430-806-1,,Mang'an B. (MNN),902,iat.55 məŋ.33 the.33,phonetic,adultery,,,,
21-440-806-1,,Mang'an B. (MNN),953,nćyaŋ.55,phonetic,rape,,,,
21-460-806-1,,Mang'an B. (MNN),1889,plɔi.33 ŋau.51,phonetic,arson,,,,
21-510-806-1,,Mang'an B. (MNN),713,raʔ.55,phonetic,steal,,,,
21-520-806-1,,Mang'an B. (MNN),1160,lhip.55,phonetic,thief,,,,
22-120-806-1,,Mang'an B. (MNN),1944,phai.33 ćau.33,phonetic,God,,,,
22-150-806-1,,Mang'an B. (MNN),1103,praʔ.55,phonetic,"sacrifice, offering",,,,
22-180-806-1,,Mang'an B. (MNN),852,phaʔ.33,phonetic,priest,,,,
22-240-806-1,,Mang'an B. (MNN),8,ćhai.51,phonetic,curse,,,,
22-260-806-1,,Mang'an B. (MNN),303,iat.55 nam.33,phonetic,fast (vb),,,,
22-350-806-1,,Mang'an B. (MNN),1973,si.55 kri.51,phonetic,demon (evil spirit),,,,
22-440-806-1,,Mang'an B. (MNN),2138,ćau.33 khun.51,phonetic,"fairy, elf",,,,
22-450-806-1,,Mang'an B. (MNN),1175,si.33 ŋa.51,phonetic,"ghost, phantom",,,,
