ID,Language_ID,Language_name,Parameter_ID,Value,Transcription,Concept,Source,Comment,AlternativeValue,AlternativeTranscription
14-320-811-1,boly1239,Paliu,1852,žɨt.33,phonetic,often,,,,
14-310-811-1,boly1239,Paliu,1676,mə.33 t6i.ʔ55 ni.51,phonetic,always,,,,
14-310-811-2,boly1239,Paliu,1676,mə.33 t6i.ʔ55 nɛ.ʔ55,phonetic,always,,,,
14-280-811-1,boly1239,Paliu,1928,hɔi.33 təm.33,phonetic,"cease, stop",,,,
14-270-811-1,boly1239,Paliu,1766,kɔk.33 t6i.55,phonetic,finish,,KNB,,
14-260-811-1,boly1239,Paliu,743,hɔi.33 kɔk.33,phonetic,end (temporal),,,,
14-240-811-1,boly1239,Paliu,425,taŋ.33 kɔ.33,phonetic,"retard, delay",,,,
14-230-811-1,boly1239,Paliu,754,ki.33,phonetic,"hasten, hurry",,,,
14-220-811-1,boly1239,Paliu,701,kɔi.51 / phi.33,phonetic,slow,,,,
14-210-811-1,boly1239,Paliu,1631,phai.51,phonetic,"swift, fast, quick",,,,
14-190-811-1,boly1239,Paliu,1963,i.33 fi.55 / a.33 vai.51,phonetic,immediately,,,,
14-180-811-1,boly1239,Paliu,1376,nt6iu.51 ni.33,phonetic,now,,,,
14-170-811-1,boly1239,Paliu,477,l1a.33,phonetic,late,,,,
14-160-811-1,boly1239,Paliu,672,t6au.33,phonetic,early,,,,
14-150-811-1,boly1239,Paliu,1229,si.55 that.55,phonetic,old,,,,
14-140-811-1,boly1239,Paliu,1207,n1um.55,phonetic,young,,,,
14-120-811-1,boly1239,Paliu,1789,t6iu.33 me.ʔ55 pi.51,phonetic,age,,,,
14-130-811-1,boly1239,Paliu,1231,r1u.ʔ55,phonetic,new,,,,
13-370-811-1,boly1239,Paliu,1888,mə.33 nku.33,phonetic,pair,,,,
13-350-811-1,boly1239,Paliu,1529,uɔt.51 hɔi.33 aŋ.33 kat.33,phonetic,last,,,,
13-340-811-1,boly1239,Paliu,728,lait.51 ŋai.51,phonetic,first,,,,
13-330-811-1,boly1239,Paliu,1580,ntak.55,phonetic,"alone, only",,,,
13-240-811-1,boly1239,Paliu,816,mə.33 khlak.33,phonetic,half,,,,
13-230-811-1,boly1239,Paliu,779,mphla.33,phonetic,"part, piece",,,,
13-220-811-1,boly1239,Paliu,1624,mɛp.33,phonetic,empty,,,,
13-210-811-1,boly1239,Paliu,1429,nuək.51,phonetic,full,,,,
13-190-811-1,boly1239,Paliu,2023,pe.33 u.51,phonetic,"multitude, crowd",,,,
13-181-811-1,boly1239,Paliu,1241,mphra.33,phonetic,some,,,,
13-170-811-1,boly1239,Paliu,1242,kle.55,phonetic,"little (quantity), few",,,,
13-180-811-1,boly1239,Paliu,1881,pɔ.51,phonetic,enough,,,,
13-160-811-1,boly1239,Paliu,1992,nkɨp.55 pe.33,phonetic,more,,,,
13-150-811-1,boly1239,Paliu,1198,pe.33 / n2iau.33,phonetic,"much, many",,,,
13-140-811-1,boly1239,Paliu,98,t6haŋ.33 kɔk.33,phonetic,"every, all",,,,
13-107-811-1,boly1239,Paliu,1420,keit.33,phonetic,count,,,,
13-106-811-1,boly1239,Paliu,1843,mu.33 hreŋ.51,phonetic,thousand,,,,
13-105-811-1,boly1239,Paliu,1634,mu.33 pak.55,phonetic,hundred,,,,
13-104-811-1,boly1239,Paliu,1710,san.51,phonetic,twenty,,,,
13-103-811-1,boly1239,Paliu,1709,sip.55 ha.ʔ33,phonetic,fifteen,,,,
13-102-811-1,boly1239,Paliu,1707,sip.55 sɔŋ.51,phonetic,twelve,,,,
13-101-811-1,boly1239,Paliu,1706,sip.55 het.55,phonetic,eleven,,,,
13-100-811-1,boly1239,Paliu,1515,ta.33 sip.55,phonetic,ten,,,,
12-930-811-1,boly1239,Paliu,1264,nthɔi.55,phonetic,change,,,,
12-920-811-1,boly1239,Paliu,1558,žəŋ.55,phonetic,"like, similar",,,,
12-850-811-1,boly1239,Paliu,1667,kətɨ.35,phonetic,hole,,,,
12-850-811-2,boly1239,Paliu,1667,nthu.51,phonetic,hole,,,,
12-810-811-1,boly1239,Paliu,1395,mɨn.33,phonetic,round,,,,
12-820-811-1,boly1239,Paliu,1467,mpɔn.55 vɔn.55,phonetic,circle,,,,
12-760-811-1,boly1239,Paliu,192,t6hiɔk.55,phonetic,corner,,,,
12-750-811-1,boly1239,Paliu,1071,a.33 vuak.51,phonetic,hook,,BLA,,
12-740-811-1,boly1239,Paliu,297,khuak.33,phonetic,crooked,,,,
12-730-811-1,boly1239,Paliu,1404,sə.33,phonetic,straight,,,,
12-710-811-1,boly1239,Paliu,1633,phen.33,phonetic,flat,,,,
12-680-811-1,boly1239,Paliu,193,tian.51,phonetic,shallow,,,,
12-670-811-1,boly1239,Paliu,1593,kru.51,phonetic,deep,,,,
12-650-811-1,boly1239,Paliu,2249,hin.51,phonetic,thin (in dimension),,,,
12-630-811-1,boly1239,Paliu,1244,sət.33,phonetic,thick (in dimension),,,,
12-620-811-1,boly1239,Paliu,1267,tip.33,phonetic,narrow,,,,
12-610-811-1,boly1239,Paliu,1243,va.33,phonetic,"wide, broad",,,,
12-590-811-1,boly1239,Paliu,1645,tɔt.55,phonetic,short,,BEC,,
12-580-811-1,boly1239,Paliu,711,6iəŋ.51,phonetic,tall,,,,
12-570-811-1,boly1239,Paliu,1203,lan.51,phonetic,long,,,,
12-560-811-1,boly1239,Paliu,1246,khɔt.33,phonetic,"small, little",,KNB SKM,,
12-550-811-1,boly1239,Paliu,1202,at.55,phonetic,"large, big",,,,
12-541-811-1,boly1239,Paliu,81,nt6han.51,phonetic,"span, fathom",,,,
12-540-811-1,boly1239,Paliu,1506,tɛk.33,phonetic,measure,,,,
12-530-811-1,boly1239,Paliu,479,ri.51 at.55,phonetic,grow,,,,
12-480-811-1,boly1239,Paliu,1595,hun.35 tai.31,phonetic,south,,,,
12-470-811-1,boly1239,Paliu,1598,hun.35 nə.35,phonetic,north,,,,
12-460-811-1,boly1239,Paliu,1817,kha.33 van.441 ʔɔk.13,phonetic,west,,,,
12-450-811-1,boly1239,Paliu,1877,kha.33 van.441 tok.13,phonetic,east,,,,
12-430-811-1,boly1239,Paliu,1942,si.33 tɛ.ʔ55,phonetic,near (adv),,,,
12-430-811-2,boly1239,Paliu,1942,si.33 ŋai.51,phonetic,near (adv),,,,
12-420-811-1,boly1239,Paliu,244,kha,phonetic,left (side),,,,
12-420-811-3,boly1239,Paliu,244,33 kəve.35,phonetic,left (side),,,,
12-410-811-1,boly1239,Paliu,1019,kha.33 kətɔm.13,phonetic,right (side),,,,
12-410-811-2,boly1239,Paliu,1019,ri.55 sap.55,phonetic,right (side),,,,
12-370-811-1,boly1239,Paliu,1093,thu.55 thɛk.55,phonetic,"middle, center",,,,
12-360-811-1,boly1239,Paliu,682,thu.55 thɛk.55,phonetic,side,,,,
12-353-811-1,boly1239,Paliu,863,ta.33 pik.55,phonetic,edge,,,,
12-352-811-1,boly1239,Paliu,372,nkɔi.51,phonetic,pointed,,,,
12-340-811-1,boly1239,Paliu,690,tsui.55 tiam.51,phonetic,bottom,,,,
12-320-811-1,boly1239,Paliu,721,tiam.51,phonetic,low,,,,
12-330-811-1,boly1239,Paliu,1753,tsui.55 6iəŋ.51,phonetic,top,,,,
12-310-811-1,boly1239,Paliu,1265,6iəŋ.51,phonetic,high,,,,
12-270-811-1,boly1239,Paliu,602,suak.51,phonetic,"hide, conceal",,,,
12-250-811-1,boly1239,Paliu,1046,mip.33 tɔit.55,phonetic,"shut, close",,,,
12-260-811-1,boly1239,Paliu,761,r1u.51,phonetic,cover,,,,
12-232-811-1,boly1239,Paliu,1119,mɛŋ.55,phonetic,divide,,,,
12-232-811-2,boly1239,Paliu,1119,po.33,phonetic,divide,,,,
12-230-811-1,boly1239,Paliu,1359,mɛŋ.55,phonetic,separate,,,,
12-220-811-1,boly1239,Paliu,1743,kap.55,phonetic,"join, unite",,PSM,,
12-213-811-1,boly1239,Paliu,1576,nkɔŋ.51,phonetic,pile up,,,,
12-212-811-1,boly1239,Paliu,371,t6hip.33,phonetic,pick up,,,,
12-210-811-1,boly1239,Paliu,7,r1un.33,phonetic,"collect, gather",,,,
12-170-811-1,boly1239,Paliu,838,si.33,phonetic,"remains, left overs",,,,
12-160-811-1,boly1239,Paliu,987,kɔt.51,phonetic,"remain, stay",,,,
12-150-811-1,boly1239,Paliu,1442,ntrik.55,phonetic,stand,,,,
12-140-811-1,boly1239,Paliu,215,ɨŋ.55,phonetic,lie down,,,,
12-130-811-1,boly1239,Paliu,1416,t6hjək.51,phonetic,sit,,,,
12-120-811-1,boly1239,Paliu,998,plɔi.55,phonetic,put,,,,
12-110-811-1,boly1239,Paliu,723,məŋ.33 pɨi.55,phonetic,place,,,,
11-920-811-1,boly1239,Paliu,1098,phiuk.33,phonetic,weigh,,,,
11-910-811-1,boly1239,Paliu,884,meŋ.55,phonetic,share (distribute),,,,
11-890-811-1,boly1239,Paliu,1887,pɔ.51,phonetic,cheap,,,,
11-880-811-1,boly1239,Paliu,1426,ŋuat.51,phonetic,"dear (costly, expensive)",,,,
11-860-811-1,boly1239,Paliu,752,ntiŋ.55 ruɔi.33 kro.51,phonetic,"store, shop",,,,
11-850-811-1,boly1239,Paliu,633,ŋkhlait.51,phonetic,market (place),,,,
11-830-811-1,boly1239,Paliu,2135,khɔk.55 nkun.51,phonetic,"trade, barter",,,,
11-820-811-1,boly1239,Paliu,1571,ruɔi.51,phonetic,sell,,,,
11-810-811-1,boly1239,Paliu,1869,lɛk.51,phonetic,buy,,,,
11-790-811-1,boly1239,Paliu,733,žak.55 sɔk.33,phonetic,earn,,,,
11-780-811-1,boly1239,Paliu,1122,ŋɔit.55 nklieŋ.51,phonetic,wages,,,,
11-770-811-1,boly1239,Paliu,856,t6hiŋ.51 koŋ.33,phonetic,hire,,,,
11-690-811-1,boly1239,Paliu,873,sui.55,phonetic,"tax, tribute",,,,
11-650-811-1,boly1239,Paliu,718,khai.33 m1un.51,phonetic,pay (vb),,,,
11-640-811-1,boly1239,Paliu,1914,t6ha.33 t6aŋ.55,phonetic,debt,,,,
11-630-811-1,boly1239,Paliu,369,t6ha.33 m1un.51,phonetic,owe,,,,
11-620-811-1,boly1239,Paliu,1823,vai.51 lat.33,phonetic,borrow,,,,
11-620-811-2,boly1239,Paliu,1823,vai.51 žoŋ.55,phonetic,borrow,,,,
11-610-811-1,boly1239,Paliu,582,vai.51,phonetic,lend,,,,
11-540-811-1,boly1239,Paliu,1774,sɛt.55,phonetic,"avaricious, stingy",,,,
11-530-811-1,boly1239,Paliu,1934,ʔu.55 ruak.33 khai.51,phonetic,beggar,,,,
11-520-811-1,boly1239,Paliu,1674,mpran.51,phonetic,poor,,,,
11-510-811-1,boly1239,Paliu,712,mi.51,phonetic,rich,,,,
11-440-811-1,boly1239,Paliu,1867,m1un.51 sɛn.33,phonetic,coin,,,,
11-430-811-1,boly1239,Paliu,1559,m1un.51,phonetic,money,,,,
11-330-811-1,boly1239,Paliu,1660,piɔk.33 / tet.33,phonetic,lose,,,,
11-320-811-1,boly1239,Paliu,719,sɔk.33 iu.51 / sɔk.33 pian.51,phonetic,find,,,,
11-310-811-1,boly1239,Paliu,1468,sɔk.33,phonetic,"seek, look for",,,,
11-280-811-1,boly1239,Paliu,44,lu.33 / t6iu.ʔ55,phonetic,"harm, injure, damage",,KNB,,
11-240-811-1,boly1239,Paliu,1997,kək.33,phonetic,"preserve, look after",,,,
11-220-811-1,boly1239,Paliu,85,khlai.51,phonetic,give back,,,,
11-210-811-1,boly1239,Paliu,1447,ha.33,phonetic,give,,,,
11-180-811-1,boly1239,Paliu,738,krəŋ.33 kro.51,phonetic,thing,,,,
11-160-811-1,boly1239,Paliu,694,pien.51,phonetic,"get, obtain",,,,
11-150-811-1,boly1239,Paliu,1448,nt6hap.33,phonetic,hold,,,,
11-140-811-1,boly1239,Paliu,2021,run.33,phonetic,"seize, grasp",,,,
11-130-811-1,boly1239,Paliu,1749,t6hiəm.33,phonetic,take,,,,
11-120-811-1,boly1239,Paliu,684,khui.51,phonetic,"own, possess",,,,
11-110-811-1,boly1239,Paliu,773,khui.51,phonetic,have,,,,
10-830-811-1,boly1239,Paliu,1844,kram.51 khɔt.33,phonetic,boat,,,,
10-810-811-1,boly1239,Paliu,740,kjam.51,phonetic,ship,,,,
10-760-811-1,boly1239,Paliu,710,t6iəŋ.51 lɔ.33 li.55,phonetic,wheel,,,,
10-750-811-1,boly1239,Paliu,122,lɔ.33 li.55,phonetic,"carriage, wagon, cart",,,,
10-740-811-1,boly1239,Paliu,1011,kho.51,phonetic,bridge,,,,
10-720-811-1,boly1239,Paliu,2252,nkruaŋ.51 khɔt.33,phonetic,path,,,,
10-710-811-1,boly1239,Paliu,667,nkruaŋ.51,phonetic,road,,,,
10-670-811-1,boly1239,Paliu,1452,nek.55 / t6hjət.51,phonetic,"push, shove",,,,
10-660-811-1,boly1239,Paliu,367,mpak.33 mprak.55,phonetic,ride,,,,
10-650-811-1,boly1239,Paliu,741,khai.55 lɔ.33 li.55,phonetic,drive,,,,
10-630-811-1,boly1239,Paliu,1127,t6hap.55,phonetic,send,,,,
10-620-811-1,boly1239,Paliu,692,t6hap.55,phonetic,bring,,,,
10-615-811-1,boly1239,Paliu,415,si.33 khiap.51,phonetic,carry-underarm,,,,
10-614-811-1,boly1239,Paliu,414,tut.33,phonetic,carry-on-head,,,,
10-612-811-1,boly1239,Paliu,412,tɛu.55,phonetic,carry-in-hand,,,,
10-610-811-1,boly1239,Paliu,700,le.51,phonetic,carry (bear),,,,
10-570-811-1,boly1239,Paliu,749,lup.33,phonetic,enter,,BLA,,
10-560-811-1,boly1239,Paliu,1778,si.33 te.55,phonetic,approach,,,,
10-550-811-1,boly1239,Paliu,1387,a.33 t6am.51,phonetic,"reach, arrive",,,,
10-530-811-1,boly1239,Paliu,1047,rɨp.33,phonetic,pursue,,,,
10-520-811-1,boly1239,Paliu,1085,hɔn.51,phonetic,follow,,,,
10-510-811-1,boly1239,Paliu,956,rɨp.55 žak.55,phonetic,flee,,,,
10-491-811-1,boly1239,Paliu,485,piɔk.33,phonetic,disappear,,,,
10-490-811-1,boly1239,Paliu,1752,ik.55,phonetic,"go away, depart",,,,
10-481-811-1,boly1239,Paliu,581,lat.33,phonetic,come back,,,,
10-481-811-2,boly1239,Paliu,581,ik.55,phonetic,come back,,,,
10-480-811-1,boly1239,Paliu,1446,lat.33,phonetic,come,,,,
10-474-811-1,boly1239,Paliu,1107,li.33 žak.55,phonetic,go out,,,,
10-473-811-1,boly1239,Paliu,2014,žak.55 ta.55 tiam.51,phonetic,go down,,,,
10-472-811-1,boly1239,Paliu,1102,mien.51 ta.55 6iɨŋ.51,phonetic,climb,,,,
10-470-811-1,boly1239,Paliu,695,žak.55 hɔ.33 me.ʔ55,phonetic,go,,,,
10-471-811-1,boly1239,Paliu,705,žak.55 ta.55 6iɨŋ.51,phonetic,go up,,,,
10-460-811-1,boly1239,Paliu,1519,rɨp.55,phonetic,run,,,,
10-450-811-1,boly1239,Paliu,1443,žak.55,phonetic,walk,,,,
10-440-811-1,boly1239,Paliu,1879,žin.51 t6i.55,phonetic,dance,,,,
10-431-811-1,boly1239,Paliu,1135,tap.55,phonetic,kick,,,,
10-430-811-1,boly1239,Paliu,1829,ntru.33,phonetic,"jump, leap",,,,
10-420-811-1,boly1239,Paliu,1324,si.33 l1ɔ.55,phonetic,"slide, slip",,,,
10-413-811-1,boly1239,Paliu,296,t6hjək.51,phonetic,crouch,,,,
10-410-811-1,boly1239,Paliu,96,mien.51,phonetic,"creep, crawl",,,,
10-380-811-1,boly1239,Paliu,175,hun.51 / phuk.33,phonetic,blow,,,,
10-370-811-1,boly1239,Paliu,1441,phɨn.51,phonetic,fly (vb),,,,
10-352-811-1,boly1239,Paliu,365,khoŋ.55,phonetic,splash,,,,
10-350-811-1,boly1239,Paliu,1439,sup.33,phonetic,swim,,,,
10-340-811-1,boly1239,Paliu,1574,l1ui.51 ta.55 uɔm.51 / nthaŋ.51,phonetic,float,,,,
10-320-811-1,boly1239,Paliu,2003,nthaŋ.51,phonetic,flow,,,,
10-252-811-1,boly1239,Paliu,702,rop.33,phonetic,catch (ball),,,,
10-250-811-1,boly1239,Paliu,1456,tet.55,phonetic,throw,,,,
10-230-811-1,boly1239,Paliu,1280,mphɨi.51 / khli.55,phonetic,fall,,,,
10-220-811-1,boly1239,Paliu,501,žiɔk.33,phonetic,"raise, lift",,,,
10-210-811-1,boly1239,Paliu,568,li.33,phonetic,rise,,,,
10-170-811-1,boly1239,Paliu,430,t6ɔn.55,phonetic,twist,,,,
10-170-811-2,boly1239,Paliu,430,khuak.33,phonetic,twist,,,,
10-160-811-1,boly1239,Paliu,808,khli.55,phonetic,drop (vb),,,,
10-150-811-1,boly1239,Paliu,827,phan.55,phonetic,roll,,,,
10-140-811-1,boly1239,Paliu,1113,ka.51,phonetic,"wind, wrap",,,,
10-130-811-1,boly1239,Paliu,1445,vin.55 / t6ɔn.55,phonetic,turn around,,BEC,,
10-120-811-1,boly1239,Paliu,1588,ri.33 ta.33,phonetic,turn over,,,,
10-110-811-1,boly1239,Paliu,765,lɔit.33,phonetic,move,,,,
9-890-811-1,boly1239,Paliu,2001,t6hap.55 r1ak.33,phonetic,paint (vb),,,,
9-840-811-1,boly1239,Paliu,1979,ŋkhəp.55,phonetic,chisel,,,,
9-880-811-1,boly1239,Paliu,647,r1ak.33,phonetic,paint (noun),,,,
9-791-811-1,boly1239,Paliu,360,vi.51,phonetic,fan (vb),,,,
9-790-811-1,boly1239,Paliu,1971,a.55 vi.51,phonetic,fan (noun),,,,
9-770-811-1,boly1239,Paliu,195,fok.33,phonetic,mat,,,,
9-760-811-1,boly1239,Paliu,1539,krɔŋ.55 / soŋ.33 taŋ.55 / pək.55,phonetic,basket,,,,
9-750-811-1,boly1239,Paliu,1729,t6i.55 thain.51,phonetic,"weave, plait",,,,
9-730-811-1,boly1239,Paliu,1399,kəte.35,phonetic,clay,,,,
9-730-811-2,boly1239,Paliu,1399,ŋklu.ʔ55,phonetic,clay,,,,
9-690-811-1,boly1239,Paliu,358,sətu.35,phonetic,"tin, tinplate",,,,
9-680-811-1,boly1239,Paliu,627,ćɨn.441,phonetic,lead (noun),,,,
9-670-811-1,boly1239,Paliu,621,lhek.35,phonetic,iron,,,,
9-670-811-2,boly1239,Paliu,621,ri.33 ŋak.55,phonetic,iron,,,,
9-660-811-1,boly1239,Paliu,1825,toŋ.441,phonetic,"copper, bronze",,,,
9-660-811-2,boly1239,Paliu,1825,tɔŋ.51,phonetic,"copper, bronze",,,,
9-650-811-1,boly1239,Paliu,759,kəmɨl.441,phonetic,silver,,,,
9-650-811-2,boly1239,Paliu,759,m1un.51,phonetic,silver,,,,
9-640-811-1,boly1239,Paliu,1369,kham.51,phonetic,gold,,,,
9-640-811-2,boly1239,Paliu,1369,kham.51,phonetic,gold,,,,
9-500-811-1,boly1239,Paliu,502,t6aŋ.51,phonetic,nail,,,,
9-490-811-1,boly1239,Paliu,1481,thim.33,phonetic,hammer,,,,
9-461-811-1,boly1239,Paliu,46,hat.51,phonetic,hollow out,,,,
9-460-811-1,boly1239,Paliu,1501,rɔi.33,phonetic,bore,,,,
9-440-811-1,boly1239,Paliu,1840,t6i.33,phonetic,build,,,,
9-380-811-1,boly1239,Paliu,245,mphet.33,phonetic,broom,,,,
9-360-811-1,boly1239,Paliu,1453,nthu.51 žiɔt.33 / sjit.51 ŋai.51,phonetic,wash,,,,
9-370-811-1,boly1239,Paliu,230,phet.33,phonetic,sweep,,,,
9-350-811-1,boly1239,Paliu,1487,khoŋ.33,phonetic,pour,,,,
9-343-811-1,boly1239,Paliu,1414,piat.51,phonetic,"squeeze, wring",,,,
9-342-811-1,boly1239,Paliu,1913,nek.55 / krɨin.33,phonetic,press,,,,
9-341-811-1,boly1239,Paliu,357,vak.33,phonetic,hang up,,,,
9-330-811-1,boly1239,Paliu,1455,tɨt.33,phonetic,pull,,,,
9-320-811-1,boly1239,Paliu,214,t6hiut.33,phonetic,stretch,,BLA,,
9-310-811-1,boly1239,Paliu,1449,nuɔt.33,phonetic,"rub, wipe",,,,
9-310-811-2,boly1239,Paliu,1449,khuat.51,phonetic,"rub, wipe",,,,
9-290-811-1,boly1239,Paliu,291,phe.33,phonetic,"flay, skin",,,,
9-280-811-1,boly1239,Paliu,1735,žie.33,phonetic,tear,,,,
9-270-811-1,boly1239,Paliu,1437,lak.33,phonetic,split,,,,
9-261-811-1,boly1239,Paliu,588,t6iu.ʔ55,phonetic,broken,,,,
9-260-811-1,boly1239,Paliu,680,ŋeit.33,phonetic,break,,,,
9-250-811-1,boly1239,Paliu,677,mɨi.51,phonetic,ax,,,,
9-240-811-1,boly1239,Paliu,356,khip.33 nkhom.51,phonetic,"scissors, shears",,,,
9-230-811-1,boly1239,Paliu,1352,sak.55,phonetic,knife,,,,
9-223-811-1,boly1239,Paliu,1434,t6hiɨt.55,phonetic,stab,,,,
9-222-811-1,boly1239,Paliu,155,mak.33,phonetic,"chop, hew",,,,
9-221-811-1,boly1239,Paliu,355,tɛp.55,phonetic,cut down,,,,
9-220-811-1,boly1239,Paliu,1432,sɔi.33 / that.33,phonetic,cut,,,,
9-211-811-1,boly1239,Paliu,354,tɔp.55,phonetic,pound with fist,,,,
9-210-811-1,boly1239,Paliu,2133,tɔp.55,phonetic,"strike (hit, beat)",,,,
9-192-811-1,boly1239,Paliu,760,pək.33,phonetic,knot (noun),,,,
9-190-811-1,boly1239,Paliu,1218,t6hi.51,phonetic,"rope, cord",,,,
9-180-811-1,boly1239,Paliu,1627,t6iɛn.33,phonetic,chain,,,,
9-161-811-1,boly1239,Paliu,352,khia.33,phonetic,untie,,,,
9-160-811-1,boly1239,Paliu,1917,pək.33,phonetic,"tie, bind",,,,
9-150-811-1,boly1239,Paliu,1470,ri.33 nɛp.33,phonetic,fold,,,,
9-140-811-1,boly1239,Paliu,2004,khuak.33,phonetic,bend,,,,
9-110-811-1,boly1239,Paliu,2575,t6i.33,phonetic,"do, make",,,,
8-980-811-1,boly1239,Paliu,641,a.33 thet.33,phonetic,mushroom,,,,
8-941-811-1,boly1239,Paliu,146,ri.33 mɛ.ʔ55,phonetic,sugar cane,,,,
8-940-811-1,boly1239,Paliu,1927,hrək.55,phonetic,bamboo,,,,
8-931-811-1,boly1239,Paliu,864,a.33 pak.33,phonetic,"pumpkin, squash",,,,
8-930-811-1,boly1239,Paliu,411,khlik.33,phonetic,gourd,,,,
8-920-811-1,boly1239,Paliu,925,a.33 pɔ.51 si.ʔ55,phonetic,"tapioca, manioc, cassava",,PSM,,
8-910-811-1,boly1239,Paliu,159,a.33 pɔ.51,phonetic,sweet potato,,,,
8-850-811-1,boly1239,Paliu,346,ŋəp.55 si.ʔ55 a.55 roŋ.51,phonetic,banyan,,,,
8-840-811-1,boly1239,Paliu,868,ŋəp.55 a.55 tɔ.ʔ55,phonetic,banana tree,,,,
8-750-811-1,boly1239,Paliu,1204,si.55 khruak.51 si.ʔ55,phonetic,bark,,,,
8-740-811-1,boly1239,Paliu,409,mpriɔ.51,phonetic,forked branch,,,,
8-720-811-1,boly1239,Paliu,241,ŋɔm.33,phonetic,tree stump,,,,
8-691-811-1,boly1239,Paliu,1124,mu.55 lok.51,phonetic,pipe,,,,
8-690-811-1,boly1239,Paliu,1689,nthuat.51,phonetic,smoke (tobacco),,,,
8-690-811-2,boly1239,Paliu,1689,sup.55 žɛn.33,phonetic,smoke (tobacco),,,,
8-680-811-1,boly1239,Paliu,974,sup.55,phonetic,tobacco,,,,
8-670-811-1,boly1239,Paliu,343,si.55 nɨn.55 si.ʔ55,phonetic,vine,,PSM,,
8-650-811-1,boly1239,Paliu,1915,thoŋ.33 si.ʔ55,phonetic,fir,,PSM,,
8-640-811-1,boly1239,Paliu,1740,si.ʔ55 a.33 m1a.55,phonetic,pine,,KNB,,
8-600-811-1,boly1239,Paliu,906,si.ʔ55,phonetic,tree,,,,
8-570-811-1,boly1239,Paliu,239,raŋ.51,phonetic,flower,,,,
8-560-811-1,boly1239,Paliu,628,l1a.ʔ55 si.ʔ55,phonetic,leaf,,,,
8-550-811-1,boly1239,Paliu,1531,tan.55 si.ʔ55,phonetic,branch,,,,
8-540-811-1,boly1239,Paliu,670,riat.51,phonetic,root,,,,
8-531-811-1,boly1239,Paliu,1486,nt6hiəp.55,phonetic,plant (vb),,,,
8-520-811-1,boly1239,Paliu,342,n21ia.33 khrɔ.33,phonetic,hay,,,,
8-510-811-1,boly1239,Paliu,606,n21ia.33,phonetic,grass,,,,
8-480-811-1,boly1239,Paliu,926,khai.33 ŋ́ɔ.ʔ55,phonetic,rice,,,,
8-470-811-1,boly1239,Paliu,506,a.33 t6ha.33,phonetic,"maize, corn",,,,
8-430-811-1,boly1239,Paliu,1077,khɔ.33 n2ia.33,phonetic,wheat,,,,
8-420-811-1,boly1239,Paliu,605,ŋ́ɔ.ʔ55,phonetic,"grain (barley, oats etc)",,,,
8-410-811-1,boly1239,Paliu,611,piɛn.33 pra.33,phonetic,"crop, harvest",,,,
8-350-811-1,boly1239,Paliu,223,ŋklə.55 ŋ́ɔ.ʔ55,phonetic,threshing-floor,,,,
8-340-811-1,boly1239,Paliu,285,top.55 ŋ́ɔ.ʔ55 / tui.55,phonetic,thresh,,,,
8-330-811-1,boly1239,Paliu,2132,ri.33 kɔk.33,phonetic,"sickle, scythe",,,,
8-320-811-1,boly1239,Paliu,190,that.33 ŋɔ.ʔ55,phonetic,"mow, reap",,,,
8-311-811-1,boly1239,Paliu,714,si.55 ma.51,phonetic,seed,,,,
8-310-811-1,boly1239,Paliu,748,t6hap.55 si.55 ma.51,phonetic,sow,,,,
8-270-811-1,boly1239,Paliu,338,mphə.51,phonetic,rake,,,,
8-250-811-1,boly1239,Paliu,284,a.55 t6hɨ.55,phonetic,hoe,,,,
8-212-811-1,boly1239,Paliu,1794,l1ɔŋ.33,phonetic,furrow,,,,
8-220-811-1,boly1239,Paliu,1418,pok.33,phonetic,dig,,,,
8-210-811-1,boly1239,Paliu,1921,nthɛ.55,phonetic,plow,,,,
8-170-811-1,boly1239,Paliu,2002,ʔum.35 məŋ.35,phonetic,ditch,,,,
8-170-811-2,boly1239,Paliu,2002,rɔŋ.55,phonetic,ditch,,,,
8-160-811-1,boly1239,Paliu,1690,lɔm.33,phonetic,fence,,,,
8-150-811-1,boly1239,Paliu,1541,sɔm.55 / nt6himp.55,phonetic,"cultivate, till",,,,
8-130-811-1,boly1239,Paliu,586,ma.51 thu.51,phonetic,garden,,,,
8-120-811-1,boly1239,Paliu,212,na.44,phonetic,field (for cultivation),,,,
8-120-811-2,boly1239,Paliu,212,khuk.55,phonetic,field (for cultivation),,,,
8-110-811-1,boly1239,Paliu,979,u.55 t6i.55 vek.55,phonetic,farmer,,,,
7-640-811-1,boly1239,Paliu,901,nok.33 nin.51,phonetic,adobe,,,,
7-620-811-1,boly1239,Paliu,1006,t6ɔn.55,phonetic,brick,,,,
7-570-811-1,boly1239,Paliu,1227,pɛn.33,phonetic,board,,,,
7-560-811-1,boly1239,Paliu,281,si.ʔ55,phonetic,"post, pole",,KNB,,
7-530-811-1,boly1239,Paliu,280,si.ʔ55 rɔ.ʔ55,phonetic,ridgepole,,,,
7-520-811-1,boly1239,Paliu,279,tap.33 kaŋ.51,phonetic,thatch,,,,
7-510-811-1,boly1239,Paliu,769,mpaŋ.51 kaŋ.51,phonetic,roof,,,,
7-480-811-1,boly1239,Paliu,205,ŋo.33,phonetic,trough,,,,
7-460-811-1,boly1239,Paliu,1273,tein.51,phonetic,candle,,,,
7-450-811-1,boly1239,Paliu,2131,təŋ.55,phonetic,"lamp, torch",,,,
7-440-811-1,boly1239,Paliu,1775,phɨn.51,phonetic,table,,,,
7-430-811-1,boly1239,Paliu,1476,taŋ.55 kɔp.55,phonetic,chair,,,,
7-422-811-1,boly1239,Paliu,806,a.33 n2iɨm.55,phonetic,blanket,,,,
7-421-811-1,boly1239,Paliu,1044,si.51 nkiəŋ.51,phonetic,pillow,,,,
7-420-811-1,boly1239,Paliu,1663,ŋ'giat.51 / paŋ.55 ku.ʔ55,phonetic,bed,,,,
7-370-811-1,boly1239,Paliu,1464,t6at.55,phonetic,ladder,,,,
7-330-811-1,boly1239,Paliu,1305,žen.55 t6huŋ.55,phonetic,chimney,,,,
7-320-811-1,boly1239,Paliu,859,faŋ.51,phonetic,stove,,,,
7-270-811-1,boly1239,Paliu,933,nthik.55,phonetic,wall,,,,
7-250-811-1,boly1239,Paliu,1375,mɔŋ.51,phonetic,window,,,,
7-240-811-1,boly1239,Paliu,1472,lak.55 sɔ.51,phonetic,key,,,,
7-231-811-1,boly1239,Paliu,1012,ŋ'sɛ.33 rə.55 va.33,phonetic,"latch, door-bolt",,,,
7-230-811-1,boly1239,Paliu,1596,sɔ.51,phonetic,lock (noun),,BEC,,
7-221-811-1,boly1239,Paliu,80,ntaŋ.55 rə.55 va.33,phonetic,"doorpost, jamb",,,,
7-210-811-1,boly1239,Paliu,1450,l1uk.33,phonetic,room,,,,
7-220-811-1,boly1239,Paliu,1567,rə.55 va.33,phonetic,"door, gate",,,,
7-180-811-1,boly1239,Paliu,335,vat.33,phonetic,meeting house,,,,
7-170-811-1,boly1239,Paliu,334,ka.51 taŋ.33 khai.51,phonetic,cookhouse,,,,
7-150-811-1,boly1239,Paliu,736,mpleiŋ.55,phonetic,"yard, court",,,,
7-130-811-1,boly1239,Paliu,1678,kaŋ.51 khɔt.55 / nkhə.51,phonetic,hut,,,,
7-120-811-1,boly1239,Paliu,1252,kaŋ.51,phonetic,house,,,,
7-110-811-1,boly1239,Paliu,363,uɔt.51 ta.55 kaŋ.51,phonetic,"dwell, live",,,,
6-960-811-1,boly1239,Paliu,1171,t6am.55,phonetic,mirror,,,,
6-950-811-1,boly1239,Paliu,788,kai.55 lan.51,phonetic,soap,,,,
6-930-811-1,boly1239,Paliu,151,nkhɔin.33 muin.33,phonetic,razor,,,,
6-921-811-1,boly1239,Paliu,333,mplain.51,phonetic,braid,,,,
6-910-811-1,boly1239,Paliu,1475,si.55 nat.51,phonetic,comb,,,,
6-820-811-1,boly1239,Paliu,1021,phai.55 t6iet.55 sjit.51,phonetic,towel,,,,
6-780-811-1,boly1239,Paliu,330,t6hi.51 pək.55 suk.33 khik.55,phonetic,"headband, headdress",,,,
6-770-811-1,boly1239,Paliu,770,sɔi.55,phonetic,earring,,,,
6-750-811-1,boly1239,Paliu,1961,sɔi.55 nkhɔ.ʔ55,phonetic,necklace,,,,
6-740-811-1,boly1239,Paliu,1754,mple.51,phonetic,bracelet,,,,
6-630-811-1,boly1239,Paliu,64,a.33 n21ie.ʔ55 ka.55 ra.51,phonetic,pin,,,,
6-620-811-1,boly1239,Paliu,757,tom.55,phonetic,button,,,,
6-610-811-1,boly1239,Paliu,1851,thoŋ.51 khlɛp.55,phonetic,pocket,,,,
6-590-811-1,boly1239,Paliu,1151,phai.55 t6iet.33,phonetic,veil,,,,
6-570-811-1,boly1239,Paliu,772,t6hi.55 n2a.ʔ55,phonetic,"belt, girdle",,,,
6-550-811-1,boly1239,Paliu,2130,m1uək.51,phonetic,"hat, cap",,,,
6-510-811-1,boly1239,Paliu,1381,kiɛp.55,phonetic,shoe,,PSM SKM,,
6-490-811-1,boly1239,Paliu,329,va.33,phonetic,"stocking, sock",,,,
6-480-811-1,boly1239,Paliu,809,ntliɔ.51,phonetic,trousers,,,,
6-460-811-1,boly1239,Paliu,1600,n2a.ʔ55,phonetic,skirt,,,,
6-450-811-1,boly1239,Paliu,2012,ŋkhɔ.ʔ55 si.33 pɛ.ʔ55,phonetic,collar,,,,
6-440-811-1,boly1239,Paliu,1622,si.33 pɛ.ʔ55,phonetic,shirt,,,,
6-430-811-1,boly1239,Paliu,603,si.33 pɛ.ʔ55,phonetic,coat,,,,
6-420-811-1,boly1239,Paliu,474,n2a.ʔ55,phonetic,woman's dress,,,,
6-390-811-1,boly1239,Paliu,157,n2iɔm.33,phonetic,dye,,BEC,,
6-380-811-1,boly1239,Paliu,1161,t6hi.55 ŋklo.51,phonetic,thread,,,,
6-360-811-1,boly1239,Paliu,1382,a.33 n21ie.ʔ55,phonetic,needle,,,,
6-350-811-1,boly1239,Paliu,1457,t6iak.33,phonetic,sew,,,,
6-340-811-1,boly1239,Paliu,1787,a.33 l1ɔ.ʔ55,phonetic,loom,,,,
6-330-811-1,boly1239,Paliu,133,than.51,phonetic,weave,,,,
6-320-811-1,boly1239,Paliu,277,koŋ.51,phonetic,spindle,,,,
6-310-811-1,boly1239,Paliu,121,sən.55 a.33 tai.51,phonetic,spin,,,,
6-290-811-1,boly1239,Paliu,629,gu.51,phonetic,leather,,,,
6-250-811-1,boly1239,Paliu,1641,pre.51,phonetic,silk,,,,
6-240-811-1,boly1239,Paliu,1850,a.33 tai.51,phonetic,cotton,,,,
6-210-811-1,boly1239,Paliu,1616,man.33,phonetic,cloth,,,,
6-120-811-1,boly1239,Paliu,1895,si.55 pɛ.ʔ55,phonetic,"clothing, clothes",,,,
6-110-811-1,boly1239,Paliu,158,t6hiup.33 si.55 pɛ.ʔ55,phonetic,put on (clothes),,,,
5-971-811-1,boly1239,Paliu,1556,ɛn.55 nthap.55,phonetic,egg yolk,,SKM,,
5-970-811-1,boly1239,Paliu,744,nthap.55,phonetic,egg,,,,
5-940-811-1,boly1239,Paliu,404,phro.51,phonetic,fermented drink,,,,
5-930-811-1,boly1239,Paliu,1639,phro.51,phonetic,beer,,,,
5-920-811-1,boly1239,Paliu,1524,phro.51,phonetic,wine,,,,
5-910-811-1,boly1239,Paliu,941,phro.51,phonetic,mead,,,,
5-870-811-1,boly1239,Paliu,93,piat.51,phonetic,milk (vb),,,,
5-850-811-1,boly1239,Paliu,862,ɔi.55,phonetic,sugar,,,,
5-860-811-1,boly1239,Paliu,635,uɔm.51 pu.51,phonetic,milk (noun),,,,
5-840-811-1,boly1239,Paliu,942,uɔm.51 a.33 6ia.51,phonetic,honey,,,,
5-820-811-1,boly1239,Paliu,1385,mak.55 phrek.33,phonetic,pepper,,,,
5-810-811-1,boly1239,Paliu,1274,plu.51,phonetic,salt,,,,
5-791-811-1,boly1239,Paliu,323,man.51,phonetic,"grease, fat",,,,
5-790-811-1,boly1239,Paliu,1484,man.51,phonetic,oil,,,,
5-780-811-1,boly1239,Paliu,1154,phri.51 si.55 me.33,phonetic,olive,,,,
5-760-811-1,boly1239,Paliu,920,mak.55 man.33,phonetic,grape,,,,
5-710-811-1,boly1239,Paliu,1507,phri.51,phonetic,fruit,,,,
5-660-811-1,boly1239,Paliu,832,a.55 luəm.51,phonetic,bean,,,,
5-650-811-1,boly1239,Paliu,924,thu.51,phonetic,vegetables,,,,
5-640-811-1,boly1239,Paliu,1547,uɔm.51,phonetic,"soup, broth",,,,
5-630-811-1,boly1239,Paliu,1874,tu.55,phonetic,sausage,,,,
5-610-811-1,boly1239,Paliu,634,n1e.51,phonetic,meat,,,,
5-580-811-1,boly1239,Paliu,224,mphau.51,phonetic,mortar (2),,,,
5-570-811-1,boly1239,Paliu,636,nian.51,phonetic,mill,,,,
5-560-811-1,boly1239,Paliu,1033,mɔ.55,phonetic,"crush, grind",,,,
5-550-811-1,boly1239,Paliu,1594,men.55,phonetic,"meal, flour",,,,
5-490-811-1,boly1239,Paliu,2017,pan.55,phonetic,"stir, mix",,,,
5-480-811-1,boly1239,Paliu,1767,khɨt.51,phonetic,scrape,,BLA,,
5-470-811-1,boly1239,Paliu,86,khrɨŋ.33,phonetic,"sieve, strain",,,,
5-460-811-1,boly1239,Paliu,275,phe.33,phonetic,peel,,,,
5-450-811-1,boly1239,Paliu,1833,khai.33 mpuə.51,phonetic,supper,,,,
5-440-811-1,boly1239,Paliu,1833,khai.33 mpuə.51,phonetic,dinner,,,,
5-430-811-1,boly1239,Paliu,768,khai.33 si.33 ŋi.51,phonetic,lunch,,PSM,,
5-420-811-1,boly1239,Paliu,1322,khai.33 graŋ.51,phonetic,breakfast,,,,
5-410-811-1,boly1239,Paliu,1526,khai.33,phonetic,meal (a),,,,
5-391-811-1,boly1239,Paliu,272,si.55 khiap.51,phonetic,tongs,,,,
5-380-811-1,boly1239,Paliu,1352,sak.55,phonetic,knife (2),,,,
5-370-811-1,boly1239,Paliu,1378,lak.51,phonetic,spoon,,,,
5-350-811-1,boly1239,Paliu,476,tɔk.33,phonetic,"cup, drinking vessel",,,,
5-330-811-1,boly1239,Paliu,1530,phlɛ.ʔ55 / man.55 koŋ.55,phonetic,bowl,,,,
5-280-811-1,boly1239,Paliu,31,mu.33 sɛiŋ.33,phonetic,pan,,,,
5-260-811-1,boly1239,Paliu,1462,uan.51,phonetic,"pot, cooking vessel",,RUM,,
5-240-811-1,boly1239,Paliu,183,ɔm.55 / piŋ.33,phonetic,bake,,,,
5-250-811-1,boly1239,Paliu,1143,faŋ.51,phonetic,oven,,,,
5-230-811-1,boly1239,Paliu,2146,khro.33,phonetic,"roast, fry",,,,
5-220-811-1,boly1239,Paliu,792,taŋ.33,phonetic,boil (vb),,,,
5-210-811-1,boly1239,Paliu,1100,taŋ.33,phonetic,cook,,,,
5-190-811-1,boly1239,Paliu,129,kham.33,phonetic,choke,,GDA,,
5-181-811-1,boly1239,Paliu,897,miet.51,phonetic,swallow,,,,
5-180-811-1,boly1239,Paliu,321,kuai.51,phonetic,chew,,,,
5-160-811-1,boly1239,Paliu,1421,mpuit.33,phonetic,suck,,,,
5-150-811-1,boly1239,Paliu,848,klɔ.33 ta.33 uɔm.51,phonetic,thirst,,,,
5-141-811-1,boly1239,Paliu,199,t6hiəm.51 mprain.51,phonetic,famine,,,,
5-140-811-1,boly1239,Paliu,1864,t6hiəm.51 mprain.51,phonetic,hunger,,,,
5-130-811-1,boly1239,Paliu,1401,t6hiaŋ.51,phonetic,drink,,,,
5-125-811-1,boly1239,Paliu,1728,səp.55,phonetic,rotten,,,,
5-124-811-1,boly1239,Paliu,1958,an.55 ləŋ.51,phonetic,"green, unripe",,,,
5-123-811-1,boly1239,Paliu,178,ləŋ.51,phonetic,ripe,,,,
5-122-811-1,boly1239,Paliu,1959,ip.55,phonetic,raw,,,,
5-121-811-1,boly1239,Paliu,269,t6hit.55,phonetic,cooked,,,,
5-120-811-1,boly1239,Paliu,256,pra.ʔ55,phonetic,food,,,,
5-110-811-1,boly1239,Paliu,1336,na.ʔ55,phonetic,eat,,,,
4-990-811-1,boly1239,Paliu,590,loŋ.55 koŋ.33,phonetic,"naked, bare",,,,
4-970-811-1,boly1239,Paliu,1653,lɛɔ.55,phonetic,blind,,,,
4-980-811-1,boly1239,Paliu,1463,si.33 muaŋ.51,phonetic,intoxicated,,,,
4-960-811-1,boly1239,Paliu,1666,lɨn.55,phonetic,mute,,,,
4-950-811-1,boly1239,Paliu,996,l1ut.55,phonetic,deaf,,,,
4-940-811-1,boly1239,Paliu,320,khɔk.55,phonetic,lame,,PSM,,
4-920-811-1,boly1239,Paliu,1564,kran.33,phonetic,lazy,,,,
4-912-811-1,boly1239,Paliu,168,sət.55 ti.51,phonetic,rest,,,,
4-910-811-1,boly1239,Paliu,1757,tu.ʔ55,phonetic,"tired, weary",,,,
4-890-811-1,boly1239,Paliu,655,tu.ʔ33,phonetic,poison,,,,
4-880-811-1,boly1239,Paliu,1372,ri.33 t6hi.55,phonetic,"medicine, drug",,,,
4-870-811-1,boly1239,Paliu,597,ži.33 səŋ.33,phonetic,physician,,,,
4-860-811-1,boly1239,Paliu,499,ri.33 t6hi.55 t6hiu.51,phonetic,"cure, heal",,,,
4-858-811-1,boly1239,Paliu,497,tak.51,phonetic,scar,,,,
4-857-811-1,boly1239,Paliu,1808,lup.55,phonetic,pus,,,,
4-856-811-1,boly1239,Paliu,793,mprɔ.ʔ55,phonetic,boil (noun),,,,
4-855-811-1,boly1239,Paliu,1584,pɔŋ.51,phonetic,blister,,,,
4-854-811-1,boly1239,Paliu,148,at6h.33,phonetic,itch,,,,
4-854-811-2,boly1239,Paliu,148,ŋa.ʔ55,phonetic,itch,,,,
4-853-811-1,boly1239,Paliu,1903,at6h.33,phonetic,swelling,,,,
4-852-811-1,boly1239,Paliu,1148,phuɔp.33 lak.55,phonetic,bruise,,,,
4-850-811-1,boly1239,Paliu,1109,mat.33 ti.51,phonetic,"wound, sore",,,,
4-843-811-1,boly1239,Paliu,102,ri.33 žiut.55,phonetic,cold (catarrh),,,,
4-842-811-1,boly1239,Paliu,1957,luak.51,phonetic,goiter,,,,
4-841-811-1,boly1239,Paliu,1534,kat.55,phonetic,fever,,,,
4-840-811-1,boly1239,Paliu,1847,t6hiu.51,phonetic,"sick, sickness",,,,
4-820-811-1,boly1239,Paliu,1601,nɔi.55,phonetic,weak,,,,
4-790-811-1,boly1239,Paliu,1773,ri.33 m1uit.55,phonetic,"grave, tomb",,KNB SKM,,
4-780-811-1,boly1239,Paliu,1719,ri.33 phuk.55,phonetic,bury (the dead),,,,
4-770-811-1,boly1239,Paliu,767,ri.33 n1uaŋ.51,phonetic,corpse,,,,
4-760-811-1,boly1239,Paliu,1417,t6het.33,phonetic,kill,,,,
4-740-811-1,boly1239,Paliu,1422,man.33 ip.55,phonetic,"live, living, life",,,,
4-740-811-2,boly1239,Paliu,1422,žap.55,phonetic,"live, living, life",,,,
4-732-811-1,boly1239,Paliu,1087,uɔt.33 nkhu.51,phonetic,conceive,,,,
4-730-811-1,boly1239,Paliu,1123,uɔt.33 nkhu.51,phonetic,pregnant,,,,
4-720-811-1,boly1239,Paliu,1090,kət.55,phonetic,born (to be),,,,
4-710-811-1,boly1239,Paliu,1152,kət.55,phonetic,beget (of father),,,,
4-690-811-1,boly1239,Paliu,138,sup.55 ti.51,phonetic,bathe,,,,
4-680-811-1,boly1239,Paliu,52,ri.33 žjt.55,phonetic,shiver,,BLA,,
4-670-811-1,boly1239,Paliu,1785,t6jaŋ.55 khe.ʔ55,phonetic,have sexual intercourse,,,,
4-660-811-1,boly1239,Paliu,676,ɛk.33,phonetic,defecate,,,,
4-650-811-1,boly1239,Paliu,592,uɔm.51 nup.55,phonetic,urinate,,,,
4-640-811-1,boly1239,Paliu,1159,ri.33 sɨp.55,phonetic,break wind,,KNB SKM,,
4-630-811-1,boly1239,Paliu,1602,si.33 ŋe.51,phonetic,wake up,,,,
4-620-811-1,boly1239,Paliu,1920,ri.33 mi.ʔ55,phonetic,dream,,,,
4-610-811-1,boly1239,Paliu,1585,iat.51,phonetic,sleep,,,,
4-591-811-1,boly1239,Paliu,268,nthaŋ.33 uɔm.55 pai.51,phonetic,dribble,,PSM,,
4-590-811-1,boly1239,Paliu,319,lɛt.33,phonetic,lick,,,,
4-580-811-1,boly1239,Paliu,1403,kak.33,phonetic,bite,,,,
4-570-811-1,boly1239,Paliu,1278,ku.ʔ55,phonetic,vomit,,,,
4-560-811-1,boly1239,Paliu,1440,uɔm.33 pai.51,phonetic,spit,,,,
4-550-811-1,boly1239,Paliu,126,li.33 si.33 un.51,phonetic,perspire,,,,
4-540-811-1,boly1239,Paliu,1621,si.33 mit.55,phonetic,sneeze,,,,
4-530-811-1,boly1239,Paliu,879,kho.33,phonetic,cough,,,,
4-521-811-1,boly1239,Paliu,162,ɔt.33 si.33 lɔ.ʔ55,phonetic,hiccough,,,,
4-510-811-1,boly1239,Paliu,1407,ri.33 6iəm.51,phonetic,"breathe, breath",,,,
4-492-811-1,boly1239,Paliu,1222,li.51,phonetic,penis,,,,
4-490-811-1,boly1239,Paliu,797,nthap.55 khla.51,phonetic,testicle,,,,
4-470-811-1,boly1239,Paliu,804,khlu.55,phonetic,womb,,,,
4-464-811-1,boly1239,Paliu,834,aŋ.33 kat.55,phonetic,buttocks,,,,
4-463-811-1,boly1239,Paliu,1745,aŋ.33 kat.55,phonetic,hip,,,,
4-462-811-1,boly1239,Paliu,1681,ri.33 ɛɔ.51,phonetic,waist,,SKM,,
4-461-811-1,boly1239,Paliu,1991,tu.33,phonetic,"intestines, guts",,,,
4-460-811-1,boly1239,Paliu,819,tɔp.33 ri.33 t6hak.33,phonetic,stomach,,,,
4-451-811-1,boly1239,Paliu,489,mak.55 lam.51,phonetic,kidney,,,,
4-450-811-1,boly1239,Paliu,1224,nthuam.51,phonetic,liver,,,,
4-441-811-1,boly1239,Paliu,688,mphuəp.51,phonetic,lung,,,,
4-440-811-1,boly1239,Paliu,1223,le.33 t6hak.33,phonetic,heart,,,,
4-430-811-1,boly1239,Paliu,1838,si.33 tu.ʔ55,phonetic,navel,,,,
4-412-811-1,boly1239,Paliu,796,nkhət.55 pu.51,phonetic,"nipple, teat",,,,
4-410-811-1,boly1239,Paliu,1402,pu.51,phonetic,breast (of woman),,,,
4-400-811-1,boly1239,Paliu,1592,ək.55,phonetic,chest,,KNB,,
4-393-811-1,boly1239,Paliu,1201,suk.33,phonetic,feather,,,,
4-392-811-1,boly1239,Paliu,1257,phiu.55/51,phonetic,wing,,,,
4-380-811-1,boly1239,Paliu,1389,khuan.33 t6əŋ.51,phonetic,toe,,,,
4-374-811-1,boly1239,Paliu,318,rɔi.33 t6əŋ.51,phonetic,footprint,,,,
4-372-811-1,boly1239,Paliu,980,ŋ'luit.51,phonetic,heel,,,,
4-371-811-1,boly1239,Paliu,803,t6iəŋ.51 nt6hiak.55,phonetic,ankle,,,,
4-370-811-1,boly1239,Paliu,1301,t6iəŋ.51,phonetic,foot,,,,
4-360-811-1,boly1239,Paliu,1371,man.33 kluəŋ.51,phonetic,knee,,SKM,,
4-352-811-1,boly1239,Paliu,498,plɔŋ.55 t6əŋ.51,phonetic,calf of leg,,,,
4-351-811-1,boly1239,Paliu,800,plɔŋ.55 nɛk.55,phonetic,thigh,,,,
4-350-811-1,boly1239,Paliu,1297,nɛk.55,phonetic,leg,,,,
4-345-811-1,boly1239,Paliu,72,ri.33 tak.55 thi.51 to.55 pre.51,phonetic,claw,,,,
4-344-811-1,boly1239,Paliu,1258,ŋ'sip.55 thi.51,phonetic,fingernail,,,,
4-342-811-1,boly1239,Paliu,1781,nai.33 thi.51,phonetic,thumb,,,,
4-340-811-1,boly1239,Paliu,1303,khuan.33 thi.51,phonetic,finger,,,,
4-331-811-1,boly1239,Paliu,1183,ri.33 tak.55 thi.51,phonetic,palm of hand,,,,
4-330-811-1,boly1239,Paliu,1277,thi.51,phonetic,hand,,,,
4-321-811-1,boly1239,Paliu,799,nt6hak.55 thi.51,phonetic,wrist,,,,
4-312-811-1,boly1239,Paliu,1886,lɛk.55,phonetic,armpit,,,,
4-310-811-1,boly1239,Paliu,1673,plɔŋ.33 thi.51,phonetic,arm,,,,
4-301-811-1,boly1239,Paliu,172,khlap.33 thi.51,phonetic,shoulderblade,,SKM,,
4-300-811-1,boly1239,Paliu,1482,mak.55 ma.ʔ55,phonetic,shoulder,,,,
4-290-811-1,boly1239,Paliu,1346,thruɔŋ.51,phonetic,throat,,,,
4-280-811-1,boly1239,Paliu,1333,ŋkhɔ.ʔ55,phonetic,neck,,,,
4-270-811-1,boly1239,Paliu,1380,nkhet.55,phonetic,tooth,,,,
4-271-811-1,boly1239,Paliu,139,nkhet.55 t6iaŋ.55,phonetic,gums,,,,
4-271-811-2,boly1239,Paliu,139,ŋɨp.55 khit.55,phonetic,gums,,,,
4-260-811-1,boly1239,Paliu,1205,le.33 thak.51,phonetic,tongue,,,,
4-250-811-1,boly1239,Paliu,478,nthui.51,phonetic,lip,,,,
4-241-811-1,boly1239,Paliu,73,ntɔit.55 a.33 t6him.33,phonetic,beak,,,,
4-240-811-1,boly1239,Paliu,674,ntɔit.55,phonetic,mouth,,,,
4-232-811-1,boly1239,Paliu,208,muit.33,phonetic,mucus (nasal),,,,
4-231-811-1,boly1239,Paliu,1178,nthu.51 muit.33,phonetic,nostril,,PSM,,
4-230-811-1,boly1239,Paliu,1221,muit.33,phonetic,nose,,,,
4-222-811-1,boly1239,Paliu,32,ɛk.55 lɛ.33 suək.51,phonetic,earwax,,BLA,,
4-221-811-1,boly1239,Paliu,18,lɛ.33 suək.51,phonetic,earlobe,,SKM,,
4-220-811-1,boly1239,Paliu,1247,lɛ.33 suək.51,phonetic,ear,,,,
4-215-811-1,boly1239,Paliu,1655,žiep.55 ŋai.51,phonetic,blink,,,,
4-214-811-1,boly1239,Paliu,1540,suk.33 ŋai.51,phonetic,eyelash,,,,
4-213-811-1,boly1239,Paliu,17,nku.51 ŋai.51,phonetic,eyelid,,,,
4-212-811-1,boly1239,Paliu,1173,suk.33 ŋai.51,phonetic,eyebrow,,,,
4-210-811-1,boly1239,Paliu,1248,ŋai.51,phonetic,eye,,,,
4-208-811-1,boly1239,Paliu,1730,ʔɔ.33,phonetic,cheek,,,,
4-209-811-1,boly1239,Paliu,1510,khap.51,phonetic,chin,,BLA,,
4-205-811-1,boly1239,Paliu,123,ri.33 muaŋ.51,phonetic,forehead,,,,
4-207-811-1,boly1239,Paliu,798,ʔɔ.33,phonetic,jaw,,,,
4-204-811-1,boly1239,Paliu,1560,ʔɔ.33,phonetic,face,,,,
4-203-811-1,boly1239,Paliu,1583,nthuak.51,phonetic,brain,,,,
4-201-811-1,boly1239,Paliu,1604,ŋai.51 si.33 ŋi.51,phonetic,"side of head, temple",,,,
4-200-811-1,boly1239,Paliu,1256,khik.51,phonetic,head,,,,
4-191-811-1,boly1239,Paliu,805,si.55 aŋ.55 khruaŋ.51,phonetic,spine,,,,
4-190-811-1,boly1239,Paliu,1291,aŋ.55 khruaŋ.51,phonetic,back,,,,
4-180-811-1,boly1239,Paliu,1220,si.55 tha.ʔ55,phonetic,tail,,,,
4-170-811-1,boly1239,Paliu,1393,krək.55,phonetic,horn,,,,
4-162-811-1,boly1239,Paliu,801,si.55 aŋ.51,phonetic,rib,,,,
4-160-811-1,boly1239,Paliu,1394,si.55 aŋ.51,phonetic,bone,,,,
4-150-811-1,boly1239,Paliu,946,n1am.51,phonetic,blood,,,,
4-146-811-1,boly1239,Paliu,576,nkrɛk.55 khik.55,phonetic,dandruff,,,,
4-145-811-1,boly1239,Paliu,36,suk.33,phonetic,pubic hair,,,,
4-144-811-1,boly1239,Paliu,189,suk.33,phonetic,body hair,,,,
4-142-811-1,boly1239,Paliu,678,suk.33 khap.51,phonetic,beard,,,,
4-140-811-1,boly1239,Paliu,1040,suk.33 khik.55,phonetic,hair (head),,,,
4-130-811-1,boly1239,Paliu,2259,n1e.51,phonetic,flesh,,,,
4-120-811-1,boly1239,Paliu,763,ϑu.51,phonetic,"skin, hide",,,,
4-110-811-1,boly1239,Paliu,1480,ḅo.51,phonetic,body,,,,
3-980-811-1,boly1239,Paliu,112,a.33 ruit.55,phonetic,turtle,,,,
3-950-811-1,boly1239,Paliu,503,a.33 ruɔk.51,phonetic,frog,,GZH,,
3-950-811-2,boly1239,Paliu,503,a.33 khɛt.33,phonetic,frog,,GZH,,
3-940-811-1,boly1239,Paliu,1543,a.33 hɔi.51,phonetic,snail,,,,
3-930-811-1,boly1239,Paliu,607,a.33 n2ian.51,phonetic,grasshopper,,,,
3-920-811-1,boly1239,Paliu,1791,phai.55 phɔn.33,phonetic,butterfly,,,,
3-910-811-1,boly1239,Paliu,206,raŋ.55 rut.33,phonetic,firefly,,,,
3-850-811-1,boly1239,Paliu,730,a.33 seit.55,phonetic,snake,,,,
3-840-811-1,boly1239,Paliu,1219,a.33 kuaŋ.51,phonetic,worm,,SKM,,
3-832-811-1,boly1239,Paliu,1509,a.33 t6hin.51,phonetic,mosquito,,,,
3-830-811-1,boly1239,Paliu,1504,a.33 rɔi.51,phonetic,fly,,,,
3-823-811-1,boly1239,Paliu,1517,a.33 uaŋ.51,phonetic,wasp,,,,
3-822-811-1,boly1239,Paliu,88,nthok.55 a.33 6ia.51,phonetic,beehive,,,,
3-820-811-1,boly1239,Paliu,665,a.33 6ia.51,phonetic,bee,,,,
3-819-811-1,boly1239,Paliu,1065,mɔŋ.55 a.33 pret.55,phonetic,spider web,,,,
3-818-811-1,boly1239,Paliu,843,a.33 pret.55,phonetic,spider,,,,
3-817-811-1,boly1239,Paliu,587,a.33 mein.33,phonetic,ant,,KNB SKM,,
3-816-811-1,boly1239,Paliu,1575,mein.33 sap.55,phonetic,cockroach,,,,
3-814-811-1,boly1239,Paliu,1974,a.33 kuaŋ.51 ŋai.55 si.55 ŋi.51,phonetic,centipede,,,,
3-813-811-1,boly1239,Paliu,232,a.33 khuit.55,phonetic,flea,,,,
3-812-811-1,boly1239,Paliu,267,nthap.55 mpri.51,phonetic,nit (louse egg),,,,
3-811-811-1,boly1239,Paliu,1392,mpri.51,phonetic,louse,,,,
3-811-811-2,boly1239,Paliu,1392,mpri.51,phonetic,louse,,,,
3-810-811-1,boly1239,Paliu,620,a.33 kuaŋ.51,phonetic,insect,,,,
3-780-811-1,boly1239,Paliu,1871,niu.33,phonetic,camel,,,,
3-770-811-1,boly1239,Paliu,1290,t6iaŋ.33,phonetic,elephant,,,,
3-760-811-1,boly1239,Paliu,1350,i.55 luə.51,phonetic,monkey,,,,
3-750-811-1,boly1239,Paliu,1936,6iak.51,phonetic,deer,,,,
3-730-811-1,boly1239,Paliu,1820,khrit.55,phonetic,bear,,,,
3-710-811-1,boly1239,Paliu,522,t6hɔ.33 pre.51,phonetic,wolf,,,,
3-665-811-1,boly1239,Paliu,1013,pa.33 žen.55,phonetic,freshwater eel,,,,
3-653-811-1,boly1239,Paliu,266,si.33 khlɔk.55 kha.ʔ55,phonetic,fishscale,,,,
3-652-811-1,boly1239,Paliu,213,si.33 aŋ.51 kha.ʔ55,phonetic,fin (dorsal),,,,
3-650-811-1,boly1239,Paliu,227,kha.ʔ55,phonetic,fish,,,,
3-630-811-1,boly1239,Paliu,2139,ŋkaŋ.51,phonetic,"mouse, rat",,,,
3-620-811-1,boly1239,Paliu,1208,mieu.55,phonetic,cat,,,,
3-614-811-1,boly1239,Paliu,1136,thu.33 la.51,phonetic,rabbit,,,,
3-610-811-1,boly1239,Paliu,2009,t6hɔ.ʔ55,phonetic,dog,,,,
3-594-811-1,boly1239,Paliu,1853,a.33 phrui.51,phonetic,dove,,RUM,,
3-596-811-1,boly1239,Paliu,735,a.33 kan.33,phonetic,owl,,,,
3-593-811-1,boly1239,Paliu,913,ri.33 ak.51,phonetic,crow,,,,
3-592-811-1,boly1239,Paliu,882,a.33 le.33,phonetic,parrot,,SKM,,
3-591-811-1,boly1239,Paliu,1793,mplak.51,phonetic,bat,,,,
3-586-811-1,boly1239,Paliu,1185,roŋ.33,phonetic,vulture,,,,
3-585-811-1,boly1239,Paliu,307,roŋ.33,phonetic,hawk,,,,
3-581-811-1,boly1239,Paliu,937,a.33 t6him.33,phonetic,bird,,,,
3-580-811-1,boly1239,Paliu,539,ŋ.33 som.33,phonetic,nest,,,,
3-570-811-1,boly1239,Paliu,1360,a.33 pɛt.33,phonetic,duck,,,,
3-560-811-1,boly1239,Paliu,1187,a.33 pɛt.33,phonetic,goose,,,,
3-550-811-1,boly1239,Paliu,1318,ia.51,phonetic,chicken,,,,
3-540-811-1,boly1239,Paliu,1514,nai.33 ia.51,phonetic,hen,,,,
3-520-811-1,boly1239,Paliu,1511,khuit.33 ia.51,phonetic,"cock, rooster",,,,
3-470-811-1,boly1239,Paliu,890,l1ɔ.33,phonetic,mule,,,,
3-500-811-1,boly1239,Paliu,265,to.33 sat.55,phonetic,fowl,,,,
3-460-811-1,boly1239,Paliu,1862,mɔ.55 lei.33,phonetic,"ass, donkey",,,,
3-440-811-1,boly1239,Paliu,938,a.33 6iaŋ.55 mprak.55,phonetic,mare,,,,
3-420-811-1,boly1239,Paliu,936,m1ik.33 mprak.55,phonetic,stallion,,,,
3-410-811-1,boly1239,Paliu,615,mprak.55,phonetic,horse (equine),,,,
3-380-811-1,boly1239,Paliu,1972,khuan.33 pe.ʔ55 pre.51,phonetic,kid,,,,
3-370-811-1,boly1239,Paliu,264,m1ik.33 pe.ʔ55 pre.51,phonetic,he-goat,,,,
3-360-811-1,boly1239,Paliu,1502,pe.ʔ55 pre.51,phonetic,goat,,,,
3-350-811-1,boly1239,Paliu,1337,lek.33,phonetic,pig,,,,
3-340-811-1,boly1239,Paliu,1351,nai.33 lek.33,phonetic,sow (2),,,,
3-340-811-2,boly1239,Paliu,1351,a.33 6iaŋ.55 lek.33,phonetic,sow (2),,,,
3-320-811-1,boly1239,Paliu,1348,m1ik.33 lek.33,phonetic,boar,,,,
3-320-811-2,boly1239,Paliu,1348,a.33 r1an.51 lek.33,phonetic,boar,,,,
3-280-811-1,boly1239,Paliu,1345,a.33 6iaŋ.55 pe.ʔ55,phonetic,ewe,,,,
3-260-811-1,boly1239,Paliu,1344,m1ik.55 pe.ʔ55,phonetic,ram,,,,
3-250-811-1,boly1239,Paliu,1331,pe.ʔ55,phonetic,sheep,,,,
3-240-811-1,boly1239,Paliu,1989,khuan.55 m1ɔi.51,phonetic,calf,,,,
3-230-811-1,boly1239,Paliu,1007,nai.33 m1ɔi.51,phonetic,cow,,,,
3-220-811-1,boly1239,Paliu,1169,m1ɔi.51,phonetic,ox,,,,
3-210-811-1,boly1239,Paliu,1008,m1ik.55 m1ɔi.51,phonetic,bull,,,,
3-190-811-1,boly1239,Paliu,851,khɔk.55 mprak.55,phonetic,"stable, stall",,,,
3-180-811-1,boly1239,Paliu,263,u.55 len.33 m1ɔi.51,phonetic,herdsman,,,,
3-160-811-1,boly1239,Paliu,649,n21ia.55,phonetic,pasture,,,,
3-130-811-1,boly1239,Paliu,2262,a.33 6iaŋ.51,phonetic,female (adj),,,,
3-120-811-1,boly1239,Paliu,2261,m1ik.55,phonetic,male (adj),,,,
3-110-811-1,boly1239,Paliu,619,to.55 pre.51,phonetic,animal,,,,
2-960-811-1,boly1239,Paliu,817,kɨi.51,phonetic,they,,,,
2-950-811-1,boly1239,Paliu,1213,phɨi.51,phonetic,you (plural),,,,
2-942-811-1,boly1239,Paliu,1130,ɨi.51,phonetic,we (exclusive),,,,
2-941-811-1,boly1239,Paliu,1131,ɨi.51,phonetic,we (inclusive),,,,
2-940-811-1,boly1239,Paliu,1212,ɨi.51,phonetic,we,,,,
2-930-811-1,boly1239,Paliu,262,ɨt.55,phonetic,he/she/it,,,,
2-920-811-1,boly1239,Paliu,1215,mi.51,phonetic,you (singular),,,,
2-910-811-1,boly1239,Paliu,1209,o.51,phonetic,I,,,,
2-820-811-1,boly1239,Paliu,194,kaŋ.51,phonetic,family,,,,
2-810-811-1,boly1239,Paliu,1644,prɔm.33,phonetic,"relatives, kinsmen",,,,
2-810-811-2,boly1239,Paliu,1644,si.33 nɨn.33,phonetic,"relatives, kinsmen",,,,
2-760-811-1,boly1239,Paliu,1756,nai.33 si.33 prɔk.55,phonetic,widow,,,,
2-750-811-1,boly1239,Paliu,1149,khuan.55 n1iun.51,phonetic,orphan,,,,
2-740-811-1,boly1239,Paliu,1058,khuan.55 len.33,phonetic,stepdaughter,,,,
2-730-811-1,boly1239,Paliu,1059,khuan.55 len.33,phonetic,stepson,,,,
2-720-811-1,boly1239,Paliu,236,nai.33,phonetic,stepmother,,,,
2-710-811-1,boly1239,Paliu,237,ui.33,phonetic,stepfather,,,,
2-641-811-1,boly1239,Paliu,2264,ŋak.51,phonetic,daughter-in-law (of a woman),,,,
2-640-811-1,boly1239,Paliu,2265,ŋak.51,phonetic,daughter-in-law (of a man),,,,
2-631-811-1,boly1239,Paliu,2266,khəi.51,phonetic,son-in-law (of a woman),,,,
2-630-811-1,boly1239,Paliu,2267,khəi.51,phonetic,son-in-law (of a man),,,,
2-621-811-1,boly1239,Paliu,2257,nai.55,phonetic,mother-in-law (of a woman),,,,
2-620-811-1,boly1239,Paliu,2256,nai.55,phonetic,mother-in-law (of a man),,,,
2-611-811-1,boly1239,Paliu,2254,ui.33,phonetic,father-in-law (of a woman),,,,
2-610-811-1,boly1239,Paliu,2255,ui.33,phonetic,father-in-law (of a man),,,,
2-560-811-1,boly1239,Paliu,1669,len.55,phonetic,ancestors,,,,
2-550-811-1,boly1239,Paliu,1643,khuan.55 phre.51 taŋ.51,phonetic,cousin,,,,
2-540-811-1,boly1239,Paliu,1642,khuan.55 phre.51,phonetic,niece,,,,
2-530-811-1,boly1239,Paliu,1063,khuan.55 phre.51,phonetic,nephew,,,,
2-522-811-1,boly1239,Paliu,170,ma.ʔ55,phonetic,father's sister,,,,
2-520-811-1,boly1239,Paliu,1272,khɔn.33,phonetic,aunt,,,,
2-521-811-1,boly1239,Paliu,171,khɔn.33,phonetic,mother's sister,,,,
2-512-811-1,boly1239,Paliu,1985,n2iat.55,phonetic,father's brother,,,,
2-512-811-2,boly1239,Paliu,1985,un.33 at.55,phonetic,father's brother,,,,
2-511-811-1,boly1239,Paliu,1984,phi.ʔ55,phonetic,mother's brother,,,,
2-510-811-1,boly1239,Paliu,1327,ŋkhɔn.33 n2iat.55,phonetic,uncle,,,,
2-510-811-2,boly1239,Paliu,1327,un.33 at.55,phonetic,uncle,,,,
2-480-811-1,boly1239,Paliu,1618,khuan.55 t6hu.51,phonetic,grandson,,,,
2-490-811-1,boly1239,Paliu,1619,khuan.55 t6hu.51,phonetic,granddaughter,,,,
2-470-811-1,boly1239,Paliu,1496,ža.ʔ55,phonetic,grandmother,,,,
2-460-811-1,boly1239,Paliu,1383,tha.ʔ55,phonetic,grandfather,,,,
2-458-811-1,boly1239,Paliu,1005,khuan.55 n'phrap.55,phonetic,twins,,,,
2-456-811-1,boly1239,Paliu,1640,phre.51 ri.33 nan.51,phonetic,sibling,,,,
2-455-811-1,boly1239,Paliu,1761,pɔ.ʔ55,phonetic,younger sister,,,,
2-454-811-1,boly1239,Paliu,1758,su.55 ri.33 pɔ.ʔ55,phonetic,older sister,,,,
2-445-811-1,boly1239,Paliu,1760,pɔ.ʔ55,phonetic,younger brother,,,,
2-444-811-1,boly1239,Paliu,1759,phre.51,phonetic,older brother,,,,
2-430-811-1,boly1239,Paliu,1801,khuan.55 t6hu.51 khuan.55 t6ha.ʔ55,phonetic,offspring (son or daughter),,,,
2-420-811-1,boly1239,Paliu,1357,khuan.55 phɨt.55,phonetic,daughter,,,,
2-410-811-1,boly1239,Paliu,1620,khuan.55 khuit.55,phonetic,son,,,,
2-370-811-1,boly1239,Paliu,505,nai.33 ui.33,phonetic,parents,,,,
2-350-811-1,boly1239,Paliu,1217,ʔui.33,phonetic,father,,,,
2-341-811-1,boly1239,Paliu,1134,tet.33 pu.55 ti.51,phonetic,divorce,,,,
2-330-811-1,boly1239,Paliu,203,na.55 khɛk.55,phonetic,marry,,,,
2-320-811-1,boly1239,Paliu,1199,phɨt.33,phonetic,wife,,knb,,
2-310-811-1,boly1239,Paliu,1200,m1əi.51,phonetic,husband,,,,
2-280-811-1,boly1239,Paliu,1289,khuan.55 a.55 vɛk.51,phonetic,"infant, baby",,,,
2-270-811-1,boly1239,Paliu,1304,khuan.55 khɔt.33,phonetic,child,,,,
2-261-811-1,boly1239,Paliu,77,khuan.55 phia.ʔ55,phonetic,young woman (adolescent),,PSM,,
2-260-811-1,boly1239,Paliu,1646,khuan.55 phia.ʔ55,phonetic,girl,,,,
2-251-811-1,boly1239,Paliu,76,khuan.55 si.55 nau.51,phonetic,young man (adolescent),,,,
2-250-811-1,boly1239,Paliu,1366,khuan.55 khuit.55 khɔt.33,phonetic,boy,,,,
2-240-811-1,boly1239,Paliu,1551,khuan.55 phɨt.55,phonetic,female,,,,
2-230-811-1,boly1239,Paliu,1553,khuan.55 khuit.55,phonetic,male,,,,
2-220-811-1,boly1239,Paliu,962,khuan.55 phɨt.55,phonetic,woman,,,,
2-210-811-1,boly1239,Paliu,1554,khuan.55 khuit.55,phonetic,man (vs. woman),,,,
2-100-811-1,boly1239,Paliu,683,u.51,phonetic,"person, human being",,,,
1-890-811-1,boly1239,Paliu,1188,məi.31,phonetic,charcoal,,,,
1-890-811-2,boly1239,Paliu,1188,ri.33 t6hiet.55,phonetic,charcoal,,,,
1-880-811-1,boly1239,Paliu,10,si.ʔ55 thok.55,phonetic,firewood,,,,
1-870-811-1,boly1239,Paliu,1133,khiet.55 fai.51,phonetic,match (noun),,,,
1-861-811-1,boly1239,Paliu,127,žiet.55,phonetic,extinguish,,,,
1-860-811-1,boly1239,Paliu,737,thok.55,phonetic,"light, kindle, ignite",,,,
1-851-811-1,boly1239,Paliu,141,kuit.55,phonetic,burn (vb trans),,,,
1-840-811-1,boly1239,Paliu,646,a.33 ni.ʔ55,phonetic,ashes,,,,
1-830-811-1,boly1239,Paliu,778,tu.35,phonetic,smoke (noun),,,,
1-830-811-2,boly1239,Paliu,778,ri.55 mut.55,phonetic,smoke (noun),,,,
1-820-811-1,boly1239,Paliu,889,tu.35 ŋɔl.441,phonetic,flame (noun),,,,
1-810-811-1,boly1239,Paliu,221,ŋɔl.441,phonetic,fire,,,,
1-810-811-2,boly1239,Paliu,221,ŋau.51,phonetic,fire,,,,
1-770-811-1,boly1239,Paliu,617,kətap.35,phonetic,ice,,,,
1-770-811-2,boly1239,Paliu,617,a.33 phian.51,phonetic,ice,,,,
1-760-811-1,boly1239,Paliu,784,kətap.35,phonetic,snow (noun),,,,
1-760-811-2,boly1239,Paliu,784,a.33 phian.51,phonetic,snow (noun),,,,
1-750-811-1,boly1239,Paliu,658,lhe.35,phonetic,rain (noun),,,,
1-750-811-2,boly1239,Paliu,658,l1e.51,phonetic,rain (noun),,,,
1-740-811-1,boly1239,Paliu,249,mhut.13,phonetic,fog,,,,
1-740-811-2,boly1239,Paliu,249,ri.33 phok.55,phonetic,fog,,,,
1-720-811-1,boly1239,Paliu,960,kɨh.35,phonetic,wind,,,,
1-720-811-2,boly1239,Paliu,960,si.33 ma.ʔ55,phonetic,wind,,,,
1-730-811-1,boly1239,Paliu,1489,mhut.13,phonetic,cloud,,,,
1-730-811-2,boly1239,Paliu,1489,ri.33 phok.55,phonetic,cloud,,,,
1-640-811-1,boly1239,Paliu,1977,məi.35,phonetic,dew,,,,
1-640-811-2,boly1239,Paliu,1977,uɔm.55 nam.33 nai.51,phonetic,dew,,,,
1-630-811-1,boly1239,Paliu,1388,muɔt.55,phonetic,"shade, shadow",,,,
1-620-811-1,boly1239,Paliu,11,t6hiəm.51,phonetic,darkness,,,,
1-610-811-1,boly1239,Paliu,630,lat.44 səmi.44,phonetic,light (noun),,,,
1-610-811-2,boly1239,Paliu,630,phok.33,phonetic,light (noun),,,,
1-590-811-1,boly1239,Paliu,1733,pha.31 ćɔŋ.33 vɔk.44,phonetic,rainbow,,,,
1-590-811-2,boly1239,Paliu,1733,phiɔŋ.51,phonetic,rainbow,,,,
1-580-811-1,boly1239,Paliu,858,kɨh.35 χɛŋ.31,phonetic,storm,,,,
1-560-811-1,boly1239,Paliu,1150,pha.31 salh.35,phonetic,thunder,,,,
1-560-811-2,boly1239,Paliu,1150,ri.55 phrak.51,phonetic,thunder,,,,
1-560-811-3,boly1239,Paliu,1150,ri.55 n1ɨp.55,phonetic,thunder,,,,
1-570-811-1,boly1239,Paliu,2007,ri.55 t6hat.51,phonetic,lightning (as striking),,,,
1-550-811-1,boly1239,Paliu,1654,pha.31 mɛp.44,phonetic,lightning,,,,
1-550-811-2,boly1239,Paliu,1654,ri.55 t6hat.51,phonetic,lightning,,,,
1-540-811-1,boly1239,Paliu,1430,kəməiŋ.35,phonetic,star,,,,
1-540-811-2,boly1239,Paliu,1430,si.33 meit.55,phonetic,star,,,,
1-530-811-1,boly1239,Paliu,1313,khaŋ.31 khi.35,phonetic,moon,,,,
1-530-811-2,boly1239,Paliu,1313,ŋkhian.51,phonetic,moon,,,,
1-520-811-1,boly1239,Paliu,1343,ŋai.31 ŋi.44,phonetic,sun,,,,
1-520-811-2,boly1239,Paliu,1343,ŋai.55 si.33 ŋi.51,phonetic,sun,,,,
1-510-811-1,boly1239,Paliu,1732,kəʔau.35,phonetic,sky,,,,
1-510-811-2,boly1239,Paliu,1732,phlek.55,phonetic,sky,,,,
1-450-811-1,boly1239,Paliu,6,len.55 san.55,phonetic,earthquake,,,,
1-440-811-1,boly1239,Paliu,2125,kəmu.44,phonetic,"stone, rock",,,,
1-440-811-2,boly1239,Paliu,2125,si.33 mu.ʔ55,phonetic,"stone, rock",,,,
1-430-811-1,boly1239,Paliu,1803,si.ʔ55,phonetic,wood,,,,
1-420-811-1,boly1239,Paliu,906,si.ʔ55,phonetic,tree (cf 08.600),,,,
1-410-811-1,boly1239,Paliu,420,məŋ.51 si.ʔ55,phonetic,"woods, forest",,,,
1-370-811-1,boly1239,Paliu,2144,nam.31 mɔ.35,phonetic,"spring, well",,,,
1-370-811-2,boly1239,Paliu,2144,təŋ.55 uɔm.51,phonetic,"spring, well",,,,
1-360-811-1,boly1239,Paliu,666,ʔum.35 kloŋ.35,phonetic,"river, stream, brook",,,,
1-360-811-2,boly1239,Paliu,666,ʔum.35 kloŋ.35,phonetic,"river, stream, brook",,,,
1-360-811-3,boly1239,Paliu,666,ɔn.35,phonetic,"river, stream, brook",,,,
1-330-811-1,boly1239,Paliu,624,nhoŋ.35,phonetic,lake,,,,
1-324-811-1,boly1239,Paliu,1768,ʔum.35 tɔm.31 tɔt.13,phonetic,foam,,,,
1-320-811-1,boly1239,Paliu,1474,ʔum.35 nam.31 mɛ.33,phonetic,sea,,,,
1-310-811-1,boly1239,Paliu,948,ʔum.35,phonetic,water,,,,
1-310-811-2,boly1239,Paliu,948,ʔuɔm.51,phonetic,water,,,,
1-280-811-1,boly1239,Paliu,1155,nthu.51,phonetic,cave,,,,
1-270-811-1,boly1239,Paliu,113,pik.55,phonetic,shore,,,,
1-240-811-1,boly1239,Paliu,921,lɔŋ.55,phonetic,valley,,,,
1-230-811-1,boly1239,Paliu,652,toŋ.35 jaŋ.441,phonetic,"plain, field",,,,
1-230-811-2,boly1239,Paliu,652,lək.55 / toŋ.55,phonetic,"plain, field",,,,
1-222-811-1,boly1239,Paliu,618,phra.51,phonetic,"cliff, precipice",,,,
1-220-811-1,boly1239,Paliu,2118,ŋəkoŋ.51,phonetic,"mountain, hill",,,,
1-220-811-2,boly1239,Paliu,2118,kɔŋ.51,phonetic,"mountain, hill",,,,
1-220-811-3,boly1239,Paliu,2118,tən.51,phonetic,"mountain, hill",,,,
1-214-811-1,boly1239,Paliu,640,ŋkluʔ.55,phonetic,mud,,,,
1-215-811-1,boly1239,Paliu,671,sai.441,phonetic,sand,,,,
1-215-811-2,boly1239,Paliu,671,ŋ'sait.51,phonetic,sand,,,,
1-213-811-1,boly1239,Paliu,2,kəlɨŋ.441,phonetic,dust,,,,
1-213-811-2,boly1239,Paliu,2,ŋkhon.55,phonetic,dust,,,,
1-212-811-1,boly1239,Paliu,1228,kəte.35,phonetic,"earth=ground, soil",,,,
1-212-811-2,boly1239,Paliu,1228,a.33 the.51 / the.51,phonetic,"earth=ground, soil",,,,
1-210-811-1,boly1239,Paliu,626,thei.55,phonetic,"earth, land",,,,
1-210-811-2,boly1239,Paliu,626,pre.51,phonetic,"earth, land",,,,
1-100-811-1,boly1239,Paliu,965,ŋku.51 the.51,phonetic,world,,,,
14-330-811-1,boly1239,Paliu,1544,khui.51 mphla.33 si.33 ŋi.51,phonetic,sometimes,,,,
14-410-811-1,boly1239,Paliu,1225,ta.33 si.33 ŋi.51,phonetic,day,,,,
14-420-811-1,boly1239,Paliu,1233,t6hiəm.51,phonetic,night,,,,
14-430-811-1,boly1239,Paliu,729,pat.51,phonetic,dawn,,BLA,,
14-440-811-1,boly1239,Paliu,1339,kraŋ.51 t6iau.33,phonetic,morning,,,,
14-451-811-1,boly1239,Paliu,1807,ta.33 puə.51,phonetic,afternoon,,,,
14-451-811-2,boly1239,Paliu,1807,moŋ.33 meŋ.33,phonetic,afternoon,,,,
14-460-811-1,boly1239,Paliu,1629,t6hiɨm.51,phonetic,evening,,,,
14-470-811-1,boly1239,Paliu,1283,ni.33 si.33 ŋi.51,phonetic,today,,,,
14-480-811-1,boly1239,Paliu,1329,ta.33 raŋ.51,phonetic,tomorrow,,,,
14-481-811-1,boly1239,Paliu,1179,ri.33 khi.ʔ55,phonetic,day-after-tomorrow,,,,
14-490-811-1,boly1239,Paliu,1174,i.33 khu.ʔ55,phonetic,yesterday,,,,
14-491-811-1,boly1239,Paliu,1180,lait.51 i.33 khu.ʔ55,phonetic,day-before-yesterday,,,,
14-510-811-1,boly1239,Paliu,1353,t6iuŋ.33 thou.55,phonetic,hour,,,,
14-530-811-1,boly1239,Paliu,1323,t6iuŋ.33,phonetic,"clock, timepiece",,,,
14-610-811-1,boly1239,Paliu,1469,6in.33 t6hi.33,phonetic,week,,,,
14-620-811-1,boly1239,Paliu,1699,6in.33 t6hi.33 thien.33,phonetic,Sunday,,,,
14-630-811-1,boly1239,Paliu,1697,6in.33 t6hi.33 ži.33,phonetic,Monday,,,,
14-640-811-1,boly1239,Paliu,1695,6in.33 t6hi.33 ə.55,phonetic,Tuesday,,,,
14-650-811-1,boly1239,Paliu,1694,6in.33 t6hi.33 san.33,phonetic,Wednesday,,,,
14-660-811-1,boly1239,Paliu,1693,6in.33 t6hi.33 si.55,phonetic,Thursday,,BLA,,
14-670-811-1,boly1239,Paliu,1692,6in.33 t6hi.33 vu.51,phonetic,Friday,,,,
14-680-811-1,boly1239,Paliu,1700,6in.33 t6hi.33 lu.33,phonetic,Saturday,,,,
14-710-811-1,boly1239,Paliu,1370,mu.33 nkhiɛn.51,phonetic,month,,,,
14-730-811-1,boly1239,Paliu,1226,mu.33 n1ɨp.55,phonetic,year,,,,
14-740-811-1,boly1239,Paliu,1471,khrau.51 khat.33,phonetic,winter,,,,
14-760-811-1,boly1239,Paliu,1342,khrau.51 m1e.33,phonetic,summer,,,,
14-780-811-1,boly1239,Paliu,691,khrau.51,phonetic,season,,,,
15-210-811-1,boly1239,Paliu,1587,hɔ.33 ʔui.51,phonetic,smell (vb intrans),,,,
15-212-811-1,boly1239,Paliu,375,hut.33,phonetic,sniff,,,,
15-220-811-1,boly1239,Paliu,1586,hut.33,phonetic,smell (vb trans),,,,
15-250-811-1,boly1239,Paliu,376,hɔm.51,phonetic,"fragrant, good smelling",,,,
15-260-811-1,boly1239,Paliu,42,ui.51,phonetic,"stinking, bad smelling",,,,
15-310-811-1,boly1239,Paliu,21,nim.33,phonetic,taste,,,,
15-350-811-1,boly1239,Paliu,717,n2iaŋ.51,phonetic,sweet,,,,
15-360-811-1,boly1239,Paliu,1091,lu.ʔ55,phonetic,salty,,,,
15-370-811-1,boly1239,Paliu,887,t6hak.55,phonetic,bitter,,SKM,,
15-380-811-1,boly1239,Paliu,1906,si.33 a.51,phonetic,"acid, sour",,,,
15-410-811-1,boly1239,Paliu,1408,kau.51,phonetic,hear,,,,
15-420-811-1,boly1239,Paliu,1608,nt6ak.33,phonetic,listen,,,,
15-440-811-1,boly1239,Paliu,1811,mɔ.51,phonetic,"sound, noise",,,,
15-450-811-1,boly1239,Paliu,377,at.33 seiŋ.51,phonetic,loud,,,,
15-460-811-1,boly1239,Paliu,1314,təp.33,phonetic,"quiet, silence",,,,
15-510-811-1,boly1239,Paliu,1409,žɔ.51,phonetic,see,,,,
15-520-811-1,boly1239,Paliu,1819,kək.33,phonetic,"look, look at",,,,
15-550-811-1,boly1239,Paliu,1039,te.51 mi.51 kək.33,phonetic,show,,,,
15-560-811-1,boly1239,Paliu,708,tɔŋ.55 phuk.33,phonetic,shine,,,,
15-570-811-1,boly1239,Paliu,679,pat.51,phonetic,bright,,,,
15-610-811-1,boly1239,Paliu,1613,žin.33 sɨ.33,phonetic,color,,,,
15-620-811-1,boly1239,Paliu,250,taŋ.33,phonetic,light (in color),,,,
15-640-811-1,boly1239,Paliu,1335,pain.51,phonetic,white,,,,
15-650-811-1,boly1239,Paliu,163,lak.33,phonetic,black,,,,
15-660-811-1,boly1239,Paliu,156,thraŋ.51,phonetic,red,,,,
15-670-811-1,boly1239,Paliu,837,l1in.51,phonetic,blue,,,,
15-680-811-1,boly1239,Paliu,1425,si.33 ŋiɛn.33,phonetic,green,,,,
15-690-811-1,boly1239,Paliu,1424,l1ɨŋ.51,phonetic,yellow,,,,
15-710-811-1,boly1239,Paliu,1892,t6ɔ.33,phonetic,touch,,,,
15-712-811-1,boly1239,Paliu,378,t6hiek.33,phonetic,pinch,,PSM,,
15-720-811-1,boly1239,Paliu,1079,klam.51,phonetic,feel,,,,
15-740-811-1,boly1239,Paliu,1884,kiɛn.55,phonetic,hard,,,,
15-750-811-1,boly1239,Paliu,1856,m1ɔk.33,phonetic,soft,,,,
15-760-811-1,boly1239,Paliu,1923,hat.55 ri.33 mɨt.33,phonetic,rough,,,,
15-770-811-1,boly1239,Paliu,1234,ri.33 mɨt.33,phonetic,smooth,,,,
15-780-811-1,boly1239,Paliu,1396,lɨp.33,phonetic,sharp,,,,
15-790-811-1,boly1239,Paliu,379,hat.55 lɨp.33 / t6ɨk.33 lɨp.33,phonetic,"blunt, dull",,SKM,,
15-810-811-1,boly1239,Paliu,1210,si.33 t6ɛt.55,phonetic,heavy,,,,
15-820-811-1,boly1239,Paliu,1052,si.55 iəŋ.51,phonetic,light (in weight),,,,
15-830-811-1,boly1239,Paliu,1726,mɛk.33,phonetic,"wet, damp",,,,
15-830-811-2,boly1239,Paliu,1726,khrɔ.33,phonetic,"wet, damp",,,,
15-840-811-1,boly1239,Paliu,1398,pri.51 khrɔ.33,phonetic,dry,,,,
15-850-811-1,boly1239,Paliu,1286,m1ɛ.33 / rɔn.33,phonetic,hot,,,,
15-851-811-1,boly1239,Paliu,1232,si.33 əp.55,phonetic,warm,,,,
15-860-811-1,boly1239,Paliu,1287,thrɛp.55 / khat.33,phonetic,cold,,,,
15-870-811-1,boly1239,Paliu,704,si.33 ŋɛ.33,phonetic,clean,,,,
15-880-811-1,boly1239,Paliu,1230,nt6iɨk.33,phonetic,"dirty, soiled",,,,
15-890-811-1,boly1239,Paliu,380,rut.33,phonetic,wrinkled,,,,
16-180-811-1,boly1239,Paliu,720,sun.33 mi.51 žjaŋ.51,phonetic,"good fortune, luck",,,,
16-190-811-1,boly1239,Paliu,56,hat.33 khui.33 sun.33,phonetic,"misfortune, bad luck",,,,
16-230-811-1,boly1239,Paliu,1495,khlɨn.51,phonetic,"joyful, glad, happy",,,,
16-250-811-1,boly1239,Paliu,1355,n21iat.51,phonetic,laugh,,,,
16-251-811-1,boly1239,Paliu,1451,t6hiɨm.33 n21iat.51,phonetic,smile,,,,
16-260-811-1,boly1239,Paliu,1413,nkrɨ.ʔ55,phonetic,play,,,,
16-270-811-1,boly1239,Paliu,923,rak.33,phonetic,love,,,,
16-290-811-1,boly1239,Paliu,578,mpuit.33 / hut.33,phonetic,kiss,,,,
16-300-811-1,boly1239,Paliu,928,klɛt.55,phonetic,embrace,,,,
16-310-811-1,boly1239,Paliu,1783,t6hiu.51,phonetic,pain,,,,
16-320-811-1,boly1239,Paliu,1668,t6hiu.51 lɛ.33 t6hak.33,phonetic,"grief, sorrow, sadness",,,,
16-330-811-1,boly1239,Paliu,1000,ki.33 ri.33 6iɨm.51,phonetic,"anxiety, worry",,,,
16-350-811-1,boly1239,Paliu,1141,mik.55,phonetic,pity,,,,
16-370-811-1,boly1239,Paliu,1839,žam.51,phonetic,"cry, weep",,,,
16-380-811-1,boly1239,Paliu,1651,uɔm.51 ŋai.51,phonetic,tear (noun),,,,
16-410-811-1,boly1239,Paliu,1607,kran.33 žiu.51,phonetic,hate,,,,
16-420-811-1,boly1239,Paliu,82,si.33 nət.55,phonetic,anger,,,,
16-440-811-1,boly1239,Paliu,40,kran.33 žiu.51,phonetic,"envy, jealousy",,,,
16-450-811-1,boly1239,Paliu,1776,kait.51,phonetic,shame (noun),,,,
16-510-811-1,boly1239,Paliu,1779,pian.51,phonetic,dare,,,,
16-520-811-1,boly1239,Paliu,3,at.33 ri.33 6iɨn.51,phonetic,brave,,,,
16-530-811-1,boly1239,Paliu,781,l1at.51,phonetic,"fear, fright",,,,
16-622-811-1,boly1239,Paliu,1750,rat.33,phonetic,choose,,,,
16-630-811-1,boly1239,Paliu,1092,t6hiəm.33,phonetic,hope,,,,
16-650-811-1,boly1239,Paliu,100,khui.33 ri.33 6iɨm.51,phonetic,faithful,,,,
16-680-811-1,boly1239,Paliu,13,t6hiaŋ.33 lɛ.ʔ55,phonetic,deceit,,,,
16-710-811-1,boly1239,Paliu,1035,žjaŋ.51,phonetic,good,,BLA,,
16-720-811-1,boly1239,Paliu,1292,t6u.ʔ55,phonetic,bad,,,,
16-730-811-1,boly1239,Paliu,1725,khɔ.33,phonetic,"right, correct",,,,
16-740-811-1,boly1239,Paliu,1390,t6ək.33 khɔ.33 / phit.33,phonetic,wrong,,,,
16-760-811-1,boly1239,Paliu,134,t6ək.33 khɔ.33 / phit.33,phonetic,fault,,,,
16-770-811-1,boly1239,Paliu,1293,t6ək.33 khɔ.33 / phit.33,phonetic,"mistake, error",,,,
16-780-811-1,boly1239,Paliu,381,kuai.55,phonetic,blame,,,,
16-790-811-1,boly1239,Paliu,1687,lə.51,phonetic,praise,,,,
16-810-811-1,boly1239,Paliu,1427,hraŋ.33 žjaŋ.51,phonetic,beautiful,,,,
16-820-811-1,boly1239,Paliu,1548,hraŋ.33 t6a.33,phonetic,ugly,,,,
16-830-811-1,boly1239,Paliu,2018,sət.33 lai.55 t6hak.55,phonetic,greedy,,,,
16-840-811-1,boly1239,Paliu,1310,hɛk.55,phonetic,clever,,,,
17-130-811-1,boly1239,Paliu,1415,kət.33 / t6hiəm.33,phonetic,think (= reflect),,,,
17-150-811-1,boly1239,Paliu,1890,sin.55,phonetic,believe,,,,
17-160-811-1,boly1239,Paliu,1536,t6ɨ.ʔ55,phonetic,understand,,,,
17-170-811-1,boly1239,Paliu,1410,t6ɨ.ʔ55,phonetic,know,,,,
17-171-811-1,boly1239,Paliu,1932,t6hai.33,phonetic,guess,,,,
17-220-811-1,boly1239,Paliu,1518,piɔk.33 leŋ.33,phonetic,"foolish, stupid",,,,
17-230-811-1,boly1239,Paliu,1899,suɔt.51,phonetic,"insane, crazy",,,,
17-240-811-1,boly1239,Paliu,504,nthe.55 / mphiɔ.ʔ55,phonetic,learn,,,,
17-250-811-1,boly1239,Paliu,709,nthe.55,phonetic,teach,,,,
17-260-811-1,boly1239,Paliu,753,khuan.33 hen.51 tham.51,phonetic,pupil,,PSM,,
17-270-811-1,boly1239,Paliu,1038,u.55 nthe.55 tham.51,phonetic,teacher,,,,
17-280-811-1,boly1239,Paliu,673,6jə.33 6iau.33,phonetic,school,,,,
17-310-811-1,boly1239,Paliu,707,tɔŋ.51 nəp.55 nam.51,phonetic,remember,,,,
17-320-811-1,boly1239,Paliu,1523,hɔit.33 pin.51,phonetic,forget,,,,
17-340-811-1,boly1239,Paliu,989,t6hiŋ.33 t6hu.51,phonetic,"clear, plain",,,,
17-350-811-1,boly1239,Paliu,1764,n21ap.55 ta.33 tɔŋ.51,phonetic,obscure,,,,
17-360-811-1,boly1239,Paliu,1121,suak.51 ta.33 ri.33 6iəm.51,phonetic,secret,,,,
17-450-811-1,boly1239,Paliu,643,t6hiəm.33,phonetic,"need, necessity",,,,
17-460-811-1,boly1239,Paliu,686,ža.51,phonetic,easy,,,,
17-470-811-1,boly1239,Paliu,584,n21ap.55,phonetic,difficult,,,,
17-470-811-2,boly1239,Paliu,584,mpran.51,phonetic,difficult,,,,
17-480-811-1,boly1239,Paliu,1812,thieu.55,phonetic,"try, attempt",,,,
17-510-811-1,boly1239,Paliu,1577,nkhap.55,phonetic,and,,,,
17-550-811-1,boly1239,Paliu,1268,mə.55 / khɔ.33,phonetic,"yes, affirmative",,,,
17-560-811-1,boly1239,Paliu,1269,t6iək.33 mə.55 / t6iək.33 khɔ.33,phonetic,"no, negative",,,,
17-620-811-1,boly1239,Paliu,822,t6u.33 mɛ.ʔ55,phonetic,how many?,,,,
17-630-811-1,boly1239,Paliu,531,t6u.33 mɛ.ʔ55,phonetic,how much?,,,,
17-640-811-1,boly1239,Paliu,1236,i.33 tin.51,phonetic,what?,,,,
17-650-811-1,boly1239,Paliu,1238,žam.33 i.33 tin.51,phonetic,when?,,,,
17-660-811-1,boly1239,Paliu,1237,i.33 mɛ.ʔ55 / a.33 mɛ.ʔ55,phonetic,where?,,,,
17-670-811-1,boly1239,Paliu,727,i.33 mɛ.ʔ55 / a.33 mɛ.ʔ55,phonetic,which?,,,,
17-690-811-1,boly1239,Paliu,1270,t6i.55 t6hak.33 i.33 tiŋ.51,phonetic,why?,,,,
18-110-811-1,boly1239,Paliu,1363,seiŋ.51,phonetic,voice,,,,
18-120-811-1,boly1239,Paliu,1261,t6haŋ.55,phonetic,sing,,,,
18-130-811-1,boly1239,Paliu,715,vau.51,phonetic,"shout, cry out",,,,
18-150-811-1,boly1239,Paliu,55,kɔi.51 krɛ.55,phonetic,whisper,,,,
18-170-811-1,boly1239,Paliu,1025,ri.33 suam.51,phonetic,whistle,,,,
18-180-811-1,boly1239,Paliu,298,khrak.51,phonetic,"shriek, screech",,,,
18-190-811-1,boly1239,Paliu,526,ku.33 khrak.51,phonetic,howl,,,,
18-210-811-1,boly1239,Paliu,1623,khai.33 kau.33,phonetic,"speak, talk",,,,
18-211-811-1,boly1239,Paliu,1866,khək.33,phonetic,"stutter, stammer",,,,
18-220-811-1,boly1239,Paliu,1458,krɛi.55,phonetic,say,,,,
18-221-811-1,boly1239,Paliu,1711,krɛi.55 hən.51 / khai.33 kau.33,phonetic,tell story,,,,
18-240-811-1,boly1239,Paliu,1307,kuam.51,phonetic,language,,,,
18-260-811-1,boly1239,Paliu,1599,lik.55,phonetic,word,,,,
18-280-811-1,boly1239,Paliu,1405,t6ə.33,phonetic,name,,,,
18-310-811-1,boly1239,Paliu,1309,m1ain.51,phonetic,"ask (question, inquire)",,,,
18-320-811-1,boly1239,Paliu,1275,žiet.33,phonetic,answer,,,,
18-330-811-1,boly1239,Paliu,2022,t6hiəŋ.33 žən.55,phonetic,"admit, confess",,,,
18-340-811-1,boly1239,Paliu,755,t6iək.33 t6hiəŋ.33 žən.55,phonetic,deny,,,,
18-360-811-1,boly1239,Paliu,1675,žiet.33,phonetic,promise,,,,
18-370-811-1,boly1239,Paliu,49,hat.33 t6hiəm.33,phonetic,refuse,,,,
18-390-811-1,boly1239,Paliu,299,krɛ.55,phonetic,"rebuke, scold",,,,
18-410-811-1,boly1239,Paliu,1084,vau.51,phonetic,call (=summon),,,,
18-450-811-1,boly1239,Paliu,101,lə.51,phonetic,boast,,,,
18-510-811-1,boly1239,Paliu,1672,tɛm.33,phonetic,write,,KNB SKM,,
18-520-811-1,boly1239,Paliu,724,hen.51,phonetic,read,,,,
18-560-811-1,boly1239,Paliu,648,t6ɛ.33,phonetic,paper,,,,
18-570-811-1,boly1239,Paliu,794,pi.ʔ33,phonetic,pen,,,,
18-610-811-1,boly1239,Paliu,963,lai.51,phonetic,book,,,,
18-710-811-1,boly1239,Paliu,777,lɔ.33 liu.55,phonetic,flute,,,,
18-720-811-1,boly1239,Paliu,908,kɔŋ.51,phonetic,drum,,,,
19-120-811-1,boly1239,Paliu,89,rip.33 ti.51,phonetic,one's native country,,,,
19-150-811-1,boly1239,Paliu,1391,məŋ.55 at.55,phonetic,"city, town",,,,
19-160-811-1,boly1239,Paliu,930,rip.33,phonetic,village,,,,
19-170-811-1,boly1239,Paliu,1010,kə.33 kai.55,phonetic,boundary,,,,
19-240-811-1,boly1239,Paliu,301,ka.55 ra.51,phonetic,"chief, chieftain",,,,
19-250-811-1,boly1239,Paliu,1296,si.ʔ55 nkəun.51,phonetic,"staff, walking stick",,,,
19-460-811-1,boly1239,Paliu,1635,nt6ak.33 kuam.51,phonetic,obey,,,,
19-470-811-1,boly1239,Paliu,1003,ve.33,phonetic,"let, permit",,,,
19-510-811-1,boly1239,Paliu,1325,pu.ʔ55 kɔ.33 / pu.ʔ55 eu.51,phonetic,"friend, companion",,,,
19-520-811-1,boly1239,Paliu,1358,u.51 ra.ʔ55,phonetic,enemy,,,,
19-540-811-1,boly1239,Paliu,1332,mphrek.55 kaŋ.51,phonetic,neighbor,,,,
19-550-811-1,boly1239,Paliu,791,u.51 taŋ.55,phonetic,stranger,,,,
19-560-811-1,boly1239,Paliu,1782,khɛk.55,phonetic,guest,,,,
19-570-811-1,boly1239,Paliu,1545,u.51 nkhlɔŋ.51 kaŋ.51,phonetic,host,,,,
19-580-811-1,boly1239,Paliu,1897,t6ɔi.51,phonetic,"help, aid",,,,
19-590-811-1,boly1239,Paliu,1550,ta.33 kha.33 žak.55,phonetic,"hinder, prevent",,,,
19-610-811-1,boly1239,Paliu,1747,fiŋ.33,phonetic,custom,,,,
19-620-811-1,boly1239,Paliu,1848,uit.33 ta.33 pu.55 ti.51,phonetic,"strife, quarrel",,,,
19-650-811-1,boly1239,Paliu,1831,iɔ.51,phonetic,meet,,,,
20-110-811-1,boly1239,Paliu,1423,tɔp.55 pu.55 ti.51 / tui.33 pu.55 ti.51,phonetic,fight (vb),,,,
20-130-811-1,boly1239,Paliu,579,nain.51,phonetic,"war, battle",,,,
20-150-811-1,boly1239,Paliu,1561,lɛn.55,phonetic,army,,,,
20-170-811-1,boly1239,Paliu,1941,lɛn.55,phonetic,soldier,,,,
20-220-811-1,boly1239,Paliu,1763,si.ʔ55,phonetic,club,,,,
20-230-811-1,boly1239,Paliu,387,ak.51,phonetic,sling,,,,
20-250-811-1,boly1239,Paliu,977,tɛ.51,phonetic,arrow,,,,
20-280-811-1,boly1239,Paliu,1566,nat.33,phonetic,"gun, cannon",,,,
20-410-811-1,boly1239,Paliu,783,pɛ.33,phonetic,victory,,,,
20-420-811-1,boly1239,Paliu,782,t6ək.33 pɛ.33,phonetic,defeat,,,,
20-450-811-1,boly1239,Paliu,421,ve.33,phonetic,retreat,,,,
20-610-811-1,boly1239,Paliu,1435,a.33 vo.33 / a.33 ŋɔn.33,phonetic,hunt,,,,
20-620-811-1,boly1239,Paliu,1172,phet.55,phonetic,shoot,,,,
20-630-811-1,boly1239,Paliu,161,phet.55 si.33 khuain.33,phonetic,miss (target),,,,
20-640-811-1,boly1239,Paliu,1075,nthu.51,phonetic,trap (noun),,,,
21-110-811-1,boly1239,Paliu,1062,fa.33 li.ʔ33,phonetic,law,,,,
21-370-811-1,boly1239,Paliu,390,uit.33 ta.33 mi.51,phonetic,"penalty, punishment",,,,
21-390-811-1,boly1239,Paliu,1281,ntiŋ.55 khraŋ.55 u.51,phonetic,"prison, jail",,,,
21-420-811-1,boly1239,Paliu,845,t6hiet.33 u.51,phonetic,murder,,,,
21-430-811-1,boly1239,Paliu,902,iat.55 məŋ.33 the.33,phonetic,adultery,,,,
21-440-811-1,boly1239,Paliu,953,nt6jaŋ.55,phonetic,rape,,,,
21-460-811-1,boly1239,Paliu,1889,plɔi.33 ŋau.51 / kuit.33 ŋau.51,phonetic,arson,,,,
21-510-811-1,boly1239,Paliu,713,ra.ʔ55,phonetic,steal,,KNB,,
21-520-811-1,boly1239,Paliu,1160,l1ip.55,phonetic,thief,,,,
22-120-811-1,boly1239,Paliu,1944,phai.33 t6au.33,phonetic,God,,,,
22-150-811-1,boly1239,Paliu,1103,pra.ʔ55,phonetic,"sacrifice, offering",,,,
22-180-811-1,boly1239,Paliu,852,pha.ʔ33,phonetic,priest,,,,
22-240-811-1,boly1239,Paliu,8,t6hai.51,phonetic,curse,,,,
22-260-811-1,boly1239,Paliu,303,iat.55 nam.33,phonetic,fast (vb),,,,
22-350-811-1,boly1239,Paliu,1973,si.55 kri.51 / si.55 ŋa.51,phonetic,demon (evil spirit),,,,
22-440-811-1,boly1239,Paliu,2138,t6au.33 khun.51,phonetic,"fairy, elf",,,,
22-450-811-1,boly1239,Paliu,1175,si.33 ŋa.51,phonetic,"ghost, phantom",,,,
