ID,Language_ID,Language_name,Parameter_ID,Value,Transcription,Concept,Source,Comment,AlternativeValue,AlternativeTranscription
14-310-305-1,maca1260,Maca,1676,week lahac̷iyix,Phonemic,always,,Lit. 'all the time'.,,
14-290-305-1,maca1260,Maca,790,hayc̷,Phonemic,ready,,,,
14-280-305-1,maca1260,Maca,1928,-liʔix,Phonemic,"cease, stop",,,,
14-270-305-1,maca1260,Maca,1766,-aḳˀaχ,Phonemic,finish,,Respectively: to finish (eating); to finish something; to finish doing something; to finish something.,,
14-270-305-3,maca1260,Maca,1766,-aḳˀaχix,Phonemic,finish,,Respectively: to finish (eating); to finish something; to finish doing something; to finish something.,,
14-270-305-5,maca1260,Maca,1766,-aḳhatˀaχ,Phonemic,finish,,Respectively: to finish (eating); to finish something; to finish doing something; to finish something.,,
14-270-305-7,maca1260,Maca,1766,-aḳhataχix,Phonemic,finish,,Respectively: to finish (eating); to finish something; to finish doing something; to finish something.,,
14-252-305-1,maca1260,Maca,1186,-apeʔ (?),Phonemic,"last, endure",,,,
14-250-305-1,maca1260,Maca,1806,hac̷yamec̷,Phonemic,"begin, beginning",,,,
14-240-305-1,maca1260,Maca,425,-apeˀekˀwi,Phonemic,"retard, delay",,,,
14-230-305-1,maca1260,Maca,754,-ifʔelitikˀi,Phonemic,"hasten, hurry",,,,
14-220-305-1,maca1260,Maca,701,-(wa)naḳsi(i)x-kii,Phonemic,slow,,"Refers especially to movement of the feet. Also niteʔ owxoc̷aχ, 'not quick'; and niteʔ iyaχ 'not quick'.",,
14-210-305-1,maca1260,Maca,1631,-niyit-kii,Phonemic,"swift, fast, quick",,"Includes the idea of movement of the feet. Also -(wo)nowxoc̷inix, 'swift', as in weaving, working, eating, talking, etc. To run fast is iyaχ.",,
14-190-305-1,maca1260,Maca,1963,suxɬe,Phonemic,immediately,,,,
14-180-305-1,maca1260,Maca,1376,haneex,Phonemic,now,,,,
14-170-305-1,maca1260,Maca,477,met-xuʔ xunuʔ,Phonemic,late,,"Means 'beside/near-down (12.030), the sun (01.520).",,
14-160-305-1,maca1260,Maca,672,leefʔixuʔ,Phonemic,early,,Means 'to dawn' 14.430; lit. 'gray toward below'. leefˀe means 'gray'. To leave early is -(we)kiyaf; to arrive early is -tekiyaf.,,
14-150-305-1,maca1260,Maca,1229,kˀuc̷aχ (m.),Phonemic,old,,,,
14-150-305-3,maca1260,Maca,1229,kˀuc̷heʔ (f.),Phonemic,old,,,,
14-130-305-1,maca1260,Maca,1231,inkˀayik (m.),Phonemic,new,,Fem. form is inkˀay-kiʔ.,,
14-110-305-1,maca1260,Maca,892,lahac̷ix (m.),Phonemic,time,,,,
13-440-305-1,maca1260,Maca,417,wec̷hetkˀ-ewiɬ-ix,Phonemic,three times,,Cf. 13.030.,,
13-380-305-1,maca1260,Maca,1546,wec̷xuk-ix,Phonemic,two times,,Cf. 13.020.,,
13-350-305-1,maca1260,Maca,1529,-tekelen-xuʔ,Phonemic,last,,"Means the last one (to go). Also ewiɬ-i-ix, 'last time'.",,
13-340-305-1,maca1260,Maca,728,-oxoʔ,Phonemic,first,,"Respectively: to go in front/ to go first; only once, cf. 13.010.",,
13-340-305-3,maca1260,Maca,728,ewiɬ-ix,Phonemic,first,,"Respectively: to go in front/ to go first; only once, cf. 13.010.",,
13-330-305-1,maca1260,Maca,1580,ewiɬ-ɬe,Phonemic,"alone, only",,Cf. 'one' 13.010,,
13-230-305-1,maca1260,Maca,779,ɬapkˀas,Phonemic,"part, piece",,Cf. 09.270.,,
13-220-305-1,maca1260,Maca,1624,ham-xiʔ,Phonemic,empty,,Means 'there is nothing (in the interior)'. Cf. 10.491.,,
13-210-305-1,maca1260,Maca,1429,topoʔox,Phonemic,full,,,,
13-190-305-1,maca1260,Maca,2023,oloc̷ neʔ xukhew ḳa efuts,Phonemic,"multitude, crowd",,"Means 'many people', lit. 'many men and women'.",,
13-181-305-1,maca1260,Maca,1241,na-ax (m.),Phonemic,some,,Different distance is involved.,,
13-181-305-3,maca1260,Maca,1241,ne-ex (f.),Phonemic,some,,Different distance is involved.,,
13-170-305-1,maca1260,Maca,1242,ɬamisɬeʔ,Phonemic,"little (quantity), few",,,,
13-180-305-1,maca1260,Maca,1881,wexuulix,Phonemic,enough,,,,
13-160-305-1,maca1260,Maca,1992,les,Phonemic,more,,,,
13-150-305-1,maca1260,Maca,1198,oloc̷,Phonemic,"much, many",,"Refers to countable items. ḳi refers to non-countable items, 12.550.",,
13-140-305-1,maca1260,Maca,98,week,Phonemic,"every, all",,,,
13-107-305-1,maca1260,Maca,1420,-(e)xeyumc̷hen,Phonemic,count,,,,
13-104-305-1,maca1260,Maca,1710,week in-fux-uc̷,Phonemic,twenty,,Means 'all the toes (04.380) of the feet'.,,
13-103-305-1,maca1260,Maca,1709,ewiɬ in-fʔiʔ ikec̷ (?),Phonemic,fifteen,,"Also week in-yaksi-i ḳa ewiɬ in-fˀiʔ ikets, means 'all fingers and one foot' 04.370.",,
13-100-305-1,maca1260,Maca,1515,week in-yaḳsi-i,Phonemic,ten,,Means 'all our (inclusive) fingers (04.340) of the hand'.,,
13-90-305-1,maca1260,Maca,1483,ikwetxuɬ-tac̷ay,Phonemic,nine,,,,
13-80-305-1,maca1260,Maca,1705,wec̷hetkˀ-ewiɬ-tac̷ay,Phonemic,eight,,,,
13-70-305-1,maca1260,Maca,1704,wec̷xuk-tac̷ay,Phonemic,seven,,,,
13-60-305-1,maca1260,Maca,1703,ewiɬ-tac̷ay,Phonemic,six,,,,
13-50-305-1,maca1260,Maca,493,leefix,Phonemic,five,,,,
13-40-305-1,maca1260,Maca,1500,ikwetxuɬ,Phonemic,four,,,,
13-20-305-1,maca1260,Maca,1498,wec̷xuk,Phonemic,two,,Cf. 'twins' 02.458.,,
13-30-305-1,maca1260,Maca,492,wec̷hetkˀ-ewił,Phonemic,three,,,,
13-10-305-1,maca1260,Maca,1493,ewiɬ,Phonemic,one,,,,
13-0-305-1,maca1260,Maca,1294,ham,Phonemic,"zero, nothing",,Cf. 10.491.,,
12-930-305-1,maca1260,Maca,1264,-inkˀayhit,Phonemic,change,,,,
12-920-305-1,maca1260,Maca,1558,ɬunyex,Phonemic,"like, similar",,,,
12-840-305-1,maca1260,Maca,1048,xuutuʔ (m.),Phonemic,line,,,,
12-850-305-1,maca1260,Maca,1667,kumuxem (m.),Phonemic,hole,,,,
12-830-305-1,maca1260,Maca,1845,phof (f.),Phonemic,"sphere, ball",,Neologism. Means 'football'.,,
12-810-305-1,maca1260,Maca,1395,toofo,Phonemic,round,,,,
12-820-305-1,maca1260,Maca,1467,kˀoyxiʔ (f.),Phonemic,circle,,Cf. 'carriage' 10.750.,,
12-760-305-1,maca1260,Maca,192,ɬekfiʔ,Phonemic,corner,,,,
12-750-305-1,maca1260,Maca,1071,newen (f.),Phonemic,hook,,,,
12-740-305-1,maca1260,Maca,297,-upic̷hen,Phonemic,crooked,,,,
12-730-305-1,maca1260,Maca,1404,-ac̷athen,Phonemic,straight,,,,
12-710-305-1,maca1260,Maca,1633,niteʔ akaptax,Phonemic,flat,,Means 'not deep'.,,
12-680-305-1,maca1260,Maca,193,akap-ɬuut,Phonemic,shallow,,,,
12-670-305-1,maca1260,Maca,1593,akap-taχ,Phonemic,deep,,,,
12-650-305-1,maca1260,Maca,2249,elesey,Phonemic,thin (in dimension),,,,
12-630-305-1,maca1260,Maca,1244,tapɬi,Phonemic,thick (in dimension),,,,
12-620-305-1,maca1260,Maca,1267,epkˀiyit,Phonemic,narrow,,Refers to things.,,
12-610-305-1,maca1260,Maca,1243,epkˀec̷aχ,Phonemic,"wide, broad",,Refers to things.,,
12-590-305-1,maca1260,Maca,1645,ikˀaxiyit,Phonemic,short,,,,
12-580-305-1,maca1260,Maca,711,ixetaχ,Phonemic,tall,,Cf. 09.320.,,
12-570-305-1,maca1260,Maca,1203,ixetaχ,Phonemic,long,,Cf. 09.320.,,
12-560-305-1,maca1260,Maca,1246,ɬammis,Phonemic,"small, little",,,,
12-550-305-1,maca1260,Maca,1202,ḳi,Phonemic,"large, big",,Refers to non-countable items; see 13.150.,,
12-540-305-1,maca1260,Maca,1506,-xeyumc̷hen,Phonemic,measure,,,,
12-530-305-1,maca1260,Maca,479,-ixay-pham,Phonemic,grow,,-pham is 'top' 12.330; 'up' 12.080.,,
12-480-305-1,maca1260,Maca,1595,iwkˀuyiɬ (m.),Phonemic,south,,,,
12-470-305-1,maca1260,Maca,1598,imaχ (m.),Phonemic,north,,Also means 'north wind'.,,
12-460-305-1,maca1260,Maca,1817,tefe (m.),Phonemic,west,,Also means 'chaco'.,,
12-450-305-1,maca1260,Maca,1877,fititaχ (m.),Phonemic,east,,Also means 'east wind'.,,
12-430-305-1,maca1260,Maca,1942,met,Phonemic,near (adv),,"Also niteʔ toχii, 'not far'.",,
12-430-305-3,maca1260,Maca,1942,-met-im,Phonemic,near (adv),,"Also niteʔ toχii, 'not far'.",,
12-440-305-1,maca1260,Maca,1406,toχ-ii,Phonemic,far (adv),,,,
12-420-305-1,maca1260,Maca,244,-feyix,Phonemic,left (side),,,,
12-410-305-1,maca1260,Maca,1019,-iyayikˀiʔ,Phonemic,right (side),,,,
12-370-305-1,maca1260,Maca,1093,ɬeḳewukˀuxiʔ,Phonemic,"middle, center",,,,
12-360-305-1,maca1260,Maca,682,-kuweʔ,Phonemic,side,,,,
12-353-305-1,maca1260,Maca,863,ɬotkoyek (m.),Phonemic,edge,,"Respectively: edge, shore, see 01.270; opposite edge.",,
12-353-305-3,maca1260,Maca,863,ɬaxaykaʔ (m.),Phonemic,edge,,"Respectively: edge, shore, see 01.270; opposite edge.",,
12-352-305-1,maca1260,Maca,372,ɬa-pas,Phonemic,pointed,,Also means 'beak' 04.241. Cf. 'lip' 04.250; 'headland' 01.343; 'nipple' 04.412.,,
12-340-305-1,maca1260,Maca,690,-xuʔ,Phonemic,bottom,,,,
12-320-305-1,maca1260,Maca,721,ikˀaxiyit,Phonemic,low,,,,
12-330-305-1,maca1260,Maca,1753,-pham,Phonemic,top,,,,
12-310-305-1,maca1260,Maca,1265,ixetaχ,Phonemic,high,,,,
12-270-305-1,maca1260,Maca,602,-atˀinkii,Phonemic,"hide, conceal",,Transitive.,,
12-250-305-1,maca1260,Maca,1046,-itˀonxiʔ,Phonemic,"shut, close",,Means to close the door. -itˀixem ḳap means to close the mouth.,,
12-260-305-1,maca1260,Maca,761,-intaafin,Phonemic,cover,,Means to cover someone. Cf. 'coat' 06.430; 'blanket' 07.422.,,
12-240-305-1,maca1260,Maca,1156,-itˀix ḳhof,Phonemic,open,,Means to open the door. -itˀix kˀax means to open the mouth. To open a flower is kˀufxem neʔ ɬʔopˀom.,,
12-232-305-1,maca1260,Maca,1119,-akˀesaχem,Phonemic,divide,,Means to divide in half; cf. 12.230. To divide in various pieces is -akˀesaxxuʔ.,,
12-230-305-1,maca1260,Maca,1359,-akˀesaχ,Phonemic,separate,,Cf. 09.340.,,
12-213-305-1,maca1260,Maca,1576,ewiɬ -eni,Phonemic,pile up,,,,
12-212-305-1,maca1260,Maca,371,atˀaʔkii,Phonemic,pick up,,Means to pick fruit.,,
12-210-305-1,maca1260,Maca,7,-othet,Phonemic,"collect, gather",,,,
12-170-305-1,maca1260,Maca,838,-aman-fikˀi,Phonemic,"remains, left overs",,,,
12-160-305-1,maca1260,Maca,987,-aman,Phonemic,"remain, stay",,,,
12-150-305-1,maca1260,Maca,1442,-c̷ˀapˀa,Phonemic,stand,,,,
12-140-305-1,maca1260,Maca,215,-(i)w-xuʔ,Phonemic,lie down,,Cf. 'down' 12.030.,,
12-130-305-1,maca1260,Maca,1416,-(i)n-xuʔ,Phonemic,sit,,Cf. 'bottom' 12.340.,,
12-120-305-1,maca1260,Maca,998,-en,Phonemic,put,,,,
12-110-305-1,maca1260,Maca,723,-wet,Phonemic,place,,Locative suffix.,,
12-80-305-1,maca1260,Maca,1591,-toχ-pham,Phonemic,"up, above",,"Intrans., cf. 'high' 12.310; 'top' 12.330. Also -xi-pham 'to be above something'.",,
12-70-305-1,maca1260,Maca,1485,-(i)-fi,Phonemic,under,,Means under a roof.,,
12-60-305-1,maca1260,Maca,762,fikˀi,Phonemic,outside,,,,
12-50-305-1,maca1260,Maca,1606,texem,Phonemic,"inside, in",,,,
12-41-305-1,maca1260,Maca,1883,-(i)-xuɬ,Phonemic,front,,See 10.252.,,
12-40-305-1,maca1260,Maca,1882,-weyii ɬ-exuyix,Phonemic,before,,"Means to be at the chest (04.400) of one. To go first (before) on the trail is -oxoʔ, intrans. To go before another is -oxo-o-kˀoy. 'Primogeniture' is -oxofikˀi.",,
12-30-305-1,maca1260,Maca,2094,met-xuʔ,Phonemic,"down, below",,"Intrans., lit. 'beside/near-bottom' 12.430, 12.340.",,
12-20-305-1,maca1260,Maca,1816,-(i)-xup,Phonemic,beside,,"The latter also means 'near'. Also ha-n-i-xup, 'I am beside someone'.",,
12-20-305-3,maca1260,Maca,1816,-met,Phonemic,beside,,"The latter also means 'near'. Also ha-n-i-xup, 'I am beside someone'.",,
12-11-305-1,maca1260,Maca,1686,-weyii ɬ-anu,Phonemic,behind,,"Lit. means to be at the back (04.190) of one. Also, intrans. -tekelen-xuʔ; 'behind something' -tekelen-i-xup-xu; 'behind something (while in movement)'.",,
12-10-305-1,maca1260,Maca,1685,hac̷eɬu,Phonemic,after,,,,
11-920-305-1,maca1260,Maca,1098,-en-pham,Phonemic,weigh,,Neologism; lit. 'put up' 12.330.,,
11-910-305-1,maca1260,Maca,884,-tisix-xu ~ -ɬisix-xu,Phonemic,share (distribute),,Lit. 'give' (to various ones) 11.210.,,
11-890-305-1,maca1260,Maca,1887,niteʔ inyetaχ,Phonemic,cheap,,Lit. 'not expensive'.,,
11-880-305-1,maca1260,Maca,1426,inyetaχ,Phonemic,"dear (costly, expensive)",,,,
11-870-305-1,maca1260,Maca,657,ɬaxanyex (m.),Phonemic,price,,,,
11-860-305-1,maca1260,Maca,752,-aḳhat-xii (f.),Phonemic,"store, shop",,,,
11-850-305-1,maca1260,Maca,633,-aḳha-wet (m.),Phonemic,market (place),,Neologism. Lit. 'buying place'.,,
11-840-305-1,maca1260,Maca,1082,-aḳha-nenek (m.),Phonemic,merchant,,Neologism. Lit. he who buys.,,
11-820-305-1,maca1260,Maca,1571,-ihinix,Phonemic,sell,,,,
11-810-305-1,maca1260,Maca,1869,-aḳha-yec̷,Phonemic,buy,,,,
11-790-305-1,maca1260,Maca,733,-anix ɬʔastay,Phonemic,earn,,,,
11-650-305-1,maca1260,Maca,718,-xanin,Phonemic,pay (vb),,,,
11-620-305-1,maca1260,Maca,1823,-atkin,Phonemic,borrow,,,,
11-610-305-1,maca1260,Maca,582,-atkin-henin-ix-ec̷,Phonemic,lend,,,,
11-540-305-1,maca1260,Maca,1774,(e)kuyaχ,Phonemic,"avaricious, stingy",,,,
11-520-305-1,maca1260,Maca,1674,fˀilxec̷aχ,Phonemic,poor,,,,
11-510-305-1,maca1260,Maca,712,-iwḳˀaχin wek-wek,Phonemic,rich,,wek-wek is 'thing'.,,
11-440-305-1,maca1260,Maca,1867,nixket (f.),Phonemic,coin,,Means 'metal'; see 09.670.,,
11-430-305-1,maca1260,Maca,1559,ɬʔastakiʔ (f.),Phonemic,money,,,,
11-340-305-1,maca1260,Maca,1095,-ayhanin,Phonemic,"release, let go",,,,
11-330-305-1,maca1260,Maca,1660,hamiikii,Phonemic,lose,,Cf. 'disappear' 10.491; 'pour' 09.350.,,
11-320-305-1,maca1260,Maca,719,-wen,Phonemic,find,,Also means 'see' 15.510.,,
11-310-305-1,maca1260,Maca,1468,-woʔoy,Phonemic,"seek, look for",,,,
11-280-305-1,maca1260,Maca,44,-eḳfemeten,Phonemic,"harm, injure, damage",,Respectively: to injure someone; to injure various.,,
11-280-305-3,maca1260,Maca,44,-eḳfemetenxuʔ,Phonemic,"harm, injure, damage",,Respectively: to injure someone; to injure various.,,
11-270-305-1,maca1260,Maca,681,-iwkˀic̷inxuʔ,Phonemic,destroy,,To break something in pieces.,,
11-250-305-1,maca1260,Maca,2008,-ɬin,Phonemic,"save, rescue",,,,
11-240-305-1,maca1260,Maca,1997,-xeɬ,Phonemic,"preserve, look after",,Respectively: cuidar algo/a alguien; vigilar algo.,,
11-240-305-3,maca1260,Maca,1997,-xeɬec̷,Phonemic,"preserve, look after",,Respectively: cuidar algo/a alguien; vigilar algo.,,
11-220-305-1,maca1260,Maca,85,-enpilet,Phonemic,give back,,,,
11-210-305-1,maca1260,Maca,1447,-tisix ~ -ɬisix,Phonemic,give,,Cf. 'share' 11.910.,,
11-180-305-1,maca1260,Maca,738,wek-wek (f.),Phonemic,thing,,,,
11-150-305-1,maca1260,Maca,1448,-(e)kumi-kii,Phonemic,hold,,,,
11-140-305-1,maca1260,Maca,2021,-(e)kumi,Phonemic,"seize, grasp",,,,
11-130-305-1,maca1260,Maca,1749,-(e)kumi,Phonemic,take,,,,
11-120-305-1,maca1260,Maca,684,-ac̷atˀaxix,Phonemic,"own, possess",,,,
11-110-305-1,maca1260,Maca,773,n-al,Phonemic,have,,,,
11-110-305-3,maca1260,Maca,773,n-al-im,Phonemic,have,,,,
10-852-305-1,maca1260,Maca,1849,-tixifi,Phonemic,row (vb),,,,
10-850-305-1,maca1260,Maca,108,-ḳaxkanet (m.),Phonemic,oar,,,,
10-840-305-1,maca1260,Maca,1664,-oʔok (f.),Phonemic,raft,,Refers to raft (balsa) previously used.,,
10-831-305-1,maca1260,Maca,1970,-inhitxii (f.),Phonemic,canoe,,,,
10-830-305-1,maca1260,Maca,1844,tokoyey (m.),Phonemic,boat,,A motorboat.,,
10-760-305-1,maca1260,Maca,710,ɬo-koy,Phonemic,wheel,,Lit. 'its hand/arm' 04.330.,,
10-750-305-1,maca1260,Maca,122,koyoyoy (f.),Phonemic,"carriage, wagon, cart",,,,
10-740-305-1,maca1260,Maca,1011,watḳalayin (m.),Phonemic,bridge,,,,
10-720-305-1,maca1260,Maca,2252,-ikheyix (m.),Phonemic,path,,,,
10-710-305-1,maca1260,Maca,667,-ikheyix (m.),Phonemic,road,,,,
10-670-305-1,maca1260,Maca,1452,-wum,Phonemic,"push, shove",,,,
10-660-305-1,maca1260,Maca,367,-wutiikii,Phonemic,ride,,,,
10-630-305-1,maca1260,Maca,1127,-inḳekenix,Phonemic,send,,,,
10-620-305-1,maca1260,Maca,692,-enkaχ,Phonemic,bring,,,,
10-614-305-1,maca1260,Maca,414,-enxiʔ wit-sinxeʔ,Phonemic,carry-on-head,,Means to put on the center of the head for carrying.,,
10-613-305-1,maca1260,Maca,413,-tiɬoχ ~ -ɬiɬoχ,Phonemic,carry-on-shoulder,,,,
10-612-305-1,maca1260,Maca,412,-(e)kumiʔ-koy,Phonemic,carry-in-hand,,,,
10-610-305-1,maca1260,Maca,700,-ekaχ,Phonemic,carry (bear),,,,
10-570-305-1,maca1260,Maca,749,-wi(xi),Phonemic,enter,,The latter means 'enter a house'. To enter inside/ the interior (penetrate) is wi-xi-texem; to enter a river is wi-xi-xuʔ.,,
10-570-305-3,maca1260,Maca,749,wi-fi,Phonemic,enter,,The latter means 'enter a house'. To enter inside/ the interior (penetrate) is wi-xi-texem; to enter a river is wi-xi-xuʔ.,,
10-560-305-1,maca1260,Maca,1778,-ixayec̷,Phonemic,approach,,,,
10-550-305-1,maca1260,Maca,1387,-am,Phonemic,"reach, arrive",,,,
10-530-305-1,maca1260,Maca,1047,-xayankii,Phonemic,pursue,,,,
10-520-305-1,maca1260,Maca,1085,-xayan-pham-kii,Phonemic,follow,,,,
10-510-305-1,maca1260,Maca,956,-ilat,Phonemic,flee,,,,
10-491-305-1,maca1260,Maca,485,-ham,Phonemic,disappear,,Cf. 09.350; 11.330.,,
10-490-305-1,maca1260,Maca,1752,-ik-i-kˀuy,Phonemic,"go away, depart",,,,
10-481-305-1,maca1260,Maca,581,-pil,Phonemic,come back,,,,
10-480-305-1,maca1260,Maca,1446,-taɬ,Phonemic,come,,,,
10-474-305-1,maca1260,Maca,1107,-ik-fikˀi,Phonemic,go out,,Intrans. form; lit. 'go outside'.,,
10-473-305-1,maca1260,Maca,2014,-ilit-xuʔ,Phonemic,go down,,Intrans. form. Cf. 'down' 12.030.,,
10-472-305-1,maca1260,Maca,1102,-weɬ-xiʔ,Phonemic,climb,,"Fro example, climb a tree. Also -weɬ-i-ki-pham 'climb a ladder'; -ik-i-ki-pham 'climb a hill'. Cf. 'rise' 10.210.",,
10-470-305-1,maca1260,Maca,695,-k / -uk,Phonemic,go,,Intransitive form. The paradigm contains: hak; ɬak; ik; xuuk. The vowel /a/ occurs in desiderative and causative.,,
10-471-305-1,maca1260,Maca,705,-weɬiki-pham,Phonemic,go up,,Cf. 'rise' 10.210; 'top' 12.330.,,
10-460-305-1,maca1260,Maca,1519,-kumax,Phonemic,run,,To run a race is -wanḳˀan.,,
10-451-305-1,maca1260,Maca,366,iwelkimet,Phonemic,limp,,Also means 'lame' 04.940.,,
10-450-305-1,maca1260,Maca,1443,-oc̷xoʔ,Phonemic,walk,,Cf. 06.510.,,
10-440-305-1,maca1260,Maca,1879,-otoy,Phonemic,dance,,,,
10-431-305-1,maca1260,Maca,1135,-lan-i-fi,Phonemic,kick,,,,
10-430-305-1,maca1260,Maca,1829,-ilit-pham-kii,Phonemic,"jump, leap",,Cf. 'top' 12.330.,,
10-420-305-1,maca1260,Maca,1324,-(a)ḳalasasii,Phonemic,"slide, slip",,,,
10-413-305-1,maca1260,Maca,296,-upiixuʔ,Phonemic,crouch,,,,
10-412-305-1,maca1260,Maca,66,-(wo)nokokˀenxu,Phonemic,kneel,,,,
10-410-305-1,maca1260,Maca,96,-neyxetit,Phonemic,"creep, crawl",,,,
10-380-305-1,maca1260,Maca,175,-fuyu,Phonemic,blow,,To blow the fire is -fuyu-xem.,,
10-370-305-1,maca1260,Maca,1441,-nayaʔ,Phonemic,fly (vb),,Such as a bird.,,
10-352-305-1,maca1260,Maca,365,-itˀix c̷xiɬ,Phonemic,splash,,,,
10-351-305-1,maca1260,Maca,119,-eχc̷ˀiyoykiʔ,Phonemic,dive,,,,
10-350-305-1,maca1260,Maca,1439,-amkii,Phonemic,swim,,,,
10-330-305-1,maca1260,Maca,1088,-wixuʔ,Phonemic,sink,,Intransitive.,,
10-320-305-1,maca1260,Maca,2003,xey naʔ haḳḳiʔ,Phonemic,flow,,Refers to river flowing.,,
10-260-305-1,maca1260,Maca,1909,-itˀix lux lux,Phonemic,shake,,,,
10-252-305-1,maca1260,Maca,702,-ekumiʔ,Phonemic,catch (ball),,,,
10-250-305-1,maca1260,Maca,1456,-xeleʔ,Phonemic,throw,,,,
10-230-305-1,maca1260,Maca,1280,-am-xuʔ,Phonemic,fall,,Cf. 10.550.,,
10-220-305-1,maca1260,Maca,501,-(e)kumifi,Phonemic,"raise, lift",,Means to lift a heavy object from the floor. Also -(e)kumetsxu to lift a light-weight object from the floor.,,
10-210-305-1,maca1260,Maca,568,-weɬ,Phonemic,rise,,"The latter means to rise, after being seated or lying down.",,
10-210-305-3,maca1260,Maca,568,-iʔipham,Phonemic,rise,,"The latter means to rise, after being seated or lying down.",,
10-170-305-1,maca1260,Maca,430,-ewḳˀulutxuʔ,Phonemic,twist,,To twist a pole.,,
10-150-305-1,maca1260,Maca,827,-itunenxem,Phonemic,roll,,,,
10-140-305-1,maca1260,Maca,1113,-itunen,Phonemic,"wind, wrap",,,,
10-130-305-1,maca1260,Maca,1445,-feyeykii,Phonemic,turn around,,Cf. 'whirlpool' 01.362.,,
10-120-305-1,maca1260,Maca,1588,-exeɬi -anu,Phonemic,turn over,,Lit. 'look at the back' 04.190.,,
10-110-305-1,maca1260,Maca,765,-wapxaʔ,Phonemic,move,,Respectively: intransitive; transitive.,,
10-110-305-3,maca1260,Maca,765,-melelhit,Phonemic,move,,Respectively: intransitive; transitive.,,
9-890-305-1,maca1260,Maca,2001,-linix,Phonemic,paint (vb),,Means to smear/paint.,,
9-880-305-1,maca1260,Maca,647,woteniɬ (m.),Phonemic,paint (noun),,,,
9-791-305-1,maca1260,Maca,360,-xikaf-in,Phonemic,fan (vb),,Refers to fanning a person; -xikaf-in-xem refers to fanning a fire.,,
9-790-305-1,maca1260,Maca,1971,xikaf (m.),Phonemic,fan (noun),,Used to fan the fire.,,
9-780-305-1,maca1260,Maca,293,tinax (m.),Phonemic,netbag,,"Respectively: bolsa de arpillera; b. de caraguatá. Also -kekiʔ (f.), b. de cuero de ñandú; -ɬuk (m.), b. de red para llevar el cántaro; tanxeptileʔ (f.), b. antigua; moc̷ʔoc̷kiʔ (f.), b. que se ata a la cintura.",,
9-780-305-3,maca1260,Maca,293,-eɬkukiʔ(f.),Phonemic,netbag,,"Respectively: bolsa de arpillera; b. de caraguatá. Also -kekiʔ (f.), b. de cuero de ñandú; -ɬuk (m.), b. de red para llevar el cántaro; tanxeptileʔ (f.), b. antigua; moc̷ʔoc̷kiʔ (f.), b. que se ata a la cintura.",,
9-771-305-1,maca1260,Maca,292,-oc̷hilaχ (m.),Phonemic,rug,,Means 'to walk or step on'.,,
9-770-305-1,maca1260,Maca,195,yakɬeniɬ,Phonemic,mat,,Cyperus giganteus.,,
9-760-305-1,maca1260,Maca,1539,-iyik (?),Phonemic,basket,,Lit. 'woven'.,,
9-750-305-1,maca1260,Maca,1729,-iftiihin,Phonemic,"weave, plait",,Respectively: intransitive; transitive. Cf. 06.330.,,
9-750-305-3,maca1260,Maca,1729,-iftii,Phonemic,"weave, plait",,Respectively: intransitive; transitive. Cf. 06.330.,,
9-740-305-1,maca1260,Maca,604,nalxemkii (m.),Phonemic,glass,,Neologism.,,
9-730-305-1,maca1260,Maca,1399,oɬoḳˀoy,Phonemic,clay,,,,
9-670-305-1,maca1260,Maca,621,nixket (f.),Phonemic,iron,,"Means 'coin' 11.440; 'metal' or article of metal, such as a can, money, etc.",,
9-500-305-1,maca1260,Maca,502,kanaʔafi (f.),Phonemic,nail,,Neologism.,,
9-490-305-1,maca1260,Maca,1481,-kˀunet (m.),Phonemic,hammer,,Cf. 08.240.,,
9-480-305-1,maca1260,Maca,1948,xak-xak (m.),Phonemic,saw,,Neologism.,,
9-461-305-1,maca1260,Maca,46,-tixxuʔ,Phonemic,hollow out,,,,
9-461-305-3,maca1260,Maca,46,-ɬixxuʔ,Phonemic,hollow out,,,,
9-460-305-1,maca1260,Maca,1501,-itxuxem,Phonemic,bore,,,,
9-440-305-1,maca1260,Maca,1840,-ic̷upi(n)xuʔ,Phonemic,build,,Archaic form.,,
9-422-305-1,maca1260,Maca,1361,-ithayi-woʔ (m.),Phonemic,tool,,Means 'for work'.,,
9-380-305-1,maca1260,Maca,245,-pˀilasinetiʔ (f.),Phonemic,broom,,Also means 'hoe' 08.250.,,
9-360-305-1,maca1260,Maca,1453,-empulix ~ -empuxin,Phonemic,wash,,Also means 'bathe' 04.690. lixuʔ means to 'clean'. To 'wash the face' is -(wa)tunaχ tapulix (intrans.); -wanḳa (intrans.) 'wash the hands'.,,
9-370-305-1,maca1260,Maca,230,-pˀilasin,Phonemic,sweep,,Respectively: intrans.; trans.,,
9-370-305-3,maca1260,Maca,230,-pˀilas,Phonemic,sweep,,Respectively: intrans.; trans.,,
9-350-305-1,maca1260,Maca,1487,-ac̷iixuʔ,Phonemic,pour,,"Respectively: pour, spill; empty (a container). Cf. 'disappear' 10.491.",,
9-350-305-3,maca1260,Maca,1487,-haminhetxiʔ,Phonemic,pour,,"Respectively: pour, spill; empty (a container). Cf. 'disappear' 10.491.",,
9-343-305-1,maca1260,Maca,1414,-(e)ḳesuxaχ,Phonemic,"squeeze, wring",,Refers to squeezing out liquid; cf. previous entry.,,
9-342-305-1,maca1260,Maca,1913,-eḳhuput,Phonemic,press,,"Refers to pressing, without liquid or juice; see next entry.",,
9-341-305-1,maca1260,Maca,357,-opheɬ-pham,Phonemic,hang up,,Lit. 'tie-up/above'. cf. 'top'12.330.,,
9-340-305-1,maca1260,Maca,38,-akˀesaχkii,Phonemic,spread out,,Cf. 'separate' 12.230.,,
9-330-305-1,maca1260,Maca,1455,-ec̷inkii,Phonemic,pull,,,,
9-320-305-1,maca1260,Maca,214,-xin,Phonemic,stretch,,"Also -ixetin, 'to stretch out/lengthen'. Cf. 'long'12.570, 'tall' 12.580.",,
9-310-305-1,maca1260,Maca,1449,-osxaʔ,Phonemic,"rub, wipe",,E. g. hosxaʔ neʔ ɬʔax means to rub a hide (skin) to make it soft.,,
9-290-305-1,maca1260,Maca,291,-ax-teʔ,Phonemic,"flay, skin",,Cf. 'skin' 04.120.,,
9-280-305-1,maca1260,Maca,1735,-iwḳhafʔit,Phonemic,tear,,To tear something fragile. -iwxafʔitikˀi is to tear cloth.,,
9-270-305-1,maca1260,Maca,1437,-apkˀasitxem,Phonemic,split,,Means to cut in two pieces.,,
9-261-305-1,maca1260,Maca,588,ḳaɬxem,Phonemic,broken,,,,
9-260-305-1,maca1260,Maca,680,-epɬet,Phonemic,break,,,,
9-250-305-1,maca1260,Maca,677,-fexinetkiʔ (f.),Phonemic,ax,,,,
9-240-305-1,maca1260,Maca,356,-ḳˀitusxinetiʔ (f.),Phonemic,"scissors, shears",,Neologism.,,
9-230-305-1,maca1260,Maca,1352,-ḳac̷xikinetkiʔ (f.),Phonemic,knife,,Same as 05.380.,,
9-223-305-1,maca1260,Maca,1434,-tixem ~ -ɬixem,Phonemic,stab,,,,
9-222-305-1,maca1260,Maca,155,-isaχxuʔ,Phonemic,"chop, hew",,Means to cut in pieces. Also -anapkˀasitxuʔ.,,
9-221-305-1,maca1260,Maca,355,-fekinxuʔ,Phonemic,cut down,,,,
9-220-305-1,maca1260,Maca,1432,-isaχi,Phonemic,cut,,,,
9-211-305-1,maca1260,Maca,354,-lankii,Phonemic,pound with fist,,Means to beat repeatedly.,,
9-210-305-1,maca1260,Maca,2133,-lanix,Phonemic,"strike (hit, beat)",,To hit with something.,,
9-192-305-1,maca1260,Maca,760,-sifinhet (m.),Phonemic,knot (noun),,,,
9-190-305-1,maca1260,Maca,1218,niyak (m.),Phonemic,"rope, cord",,,,
9-180-305-1,maca1260,Maca,1627,foɬoɬikˀi (m.),Phonemic,chain,,Neologism.,,
9-161-305-1,maca1260,Maca,352,-itˀixiʔ,Phonemic,untie,,,,
9-160-305-1,maca1260,Maca,1917,-opheɬ,Phonemic,"tie, bind",,,,
9-150-305-1,maca1260,Maca,1470,-itˀixemḳˀul,Phonemic,fold,,Such as to fold paper. -itˀix ḳˀul ḳˀul is to bend the body.,,
9-140-305-1,maca1260,Maca,2004,-ewḳˀulutxuʔ,Phonemic,bend,,Such as to bend a stick.,,
9-120-305-1,maca1260,Maca,984,-ithayii,Phonemic,work,,,,
9-110-305-1,maca1260,Maca,2575,-aḳsixkii,Phonemic,"do, make",,,,
8-980-305-1,maca1260,Maca,641,tip-tip ɬoḳoɬokiʔ (f.),Phonemic,mushroom,,Means horse's penis (pointed end).,,
8-941-305-1,maca1260,Maca,146,ɬeḳepinuʔ (m.),Phonemic,sugar cane,,Also used for 'sugar' 05.850.,,
8-940-305-1,maca1260,Maca,1927,sontok (m.),Phonemic,bamboo,,,,
8-931-305-1,maca1260,Maca,864,lekituk (f.),Phonemic,"pumpkin, squash",,Cucurbita maxima. sac̷uk (f.) is 'zapallo caspi'.,,
8-930-305-1,maca1260,Maca,411,nekɬintaχ (f.),Phonemic,gourd,,,,
8-920-305-1,maca1260,Maca,925,c̷ipuk,Phonemic,"tapioca, manioc, cassava",,,,
8-910-305-1,maca1260,Maca,159,peχeyek (f.),Phonemic,sweet potato,,,,
8-830-305-1,maca1260,Maca,1126,ekˀimiixiʔ,Phonemic,citrus fruit,,Means acid.,,
8-820-305-1,maca1260,Maca,970,fic̷kuteykak (f.),Phonemic,coconut,,,,
8-810-305-1,maca1260,Maca,1181,fic̷uk (f.),Phonemic,palm tree,,Copernicia alba.,,
8-760-305-1,maca1260,Maca,345,ɬʔiʔ (m.),Phonemic,sap,,Means 'liquid'.,,
8-730-305-1,maca1260,Maca,344,-ɬetuk (f.),Phonemic,tree trunk,,Latter form refers to a trunk without branches.,,
8-730-305-3,maca1260,Maca,344,xeteʔ (f.),Phonemic,tree trunk,,Latter form refers to a trunk without branches.,,
8-691-305-1,maca1260,Maca,1124,finkaxii (f.),Phonemic,pipe,,Cf. 'tobacco' 08.680.,,
8-690-305-1,maca1260,Maca,1689,-(wa)nḳaɬan,Phonemic,smoke (tobacco),,,,
8-680-305-1,maca1260,Maca,974,finak (m.),Phonemic,tobacco,,Cf. 'pipe' 08.691.,,
8-600-305-1,maca1260,Maca,906,naxkak (f.),Phonemic,tree,,,,
8-570-305-1,maca1260,Maca,239,ɬʔopˀom (f.),Phonemic,flower,,,,
8-560-305-1,maca1260,Maca,628,ɬesex (m.),Phonemic,leaf,,,,
8-550-305-1,maca1260,Maca,1531,ɬakxiʔ (m.),Phonemic,branch,,,,
8-540-305-1,maca1260,Maca,670,ɬefitec̷ (m.),Phonemic,root,,,,
8-531-305-1,maca1260,Maca,1486,-enxuʔ,Phonemic,plant (vb),,Lit. 'to put under'.,,
8-530-305-1,maca1260,Maca,653,witˀenkixuʔ (f.),Phonemic,plant (noun),,,,
8-510-305-1,maca1260,Maca,606,xupˀel (m.),Phonemic,grass,,,,
8-480-305-1,maca1260,Maca,926,lefʔefic̷ ɬihi-i,Phonemic,rice,,Neologism. Lit. 'ant eggs'.,,
8-470-305-1,maca1260,Maca,506,naac̷ˀaxik (m.),Phonemic,"maize, corn",,,,
8-311-305-1,maca1260,Maca,714,ɬoʔ (f.),Phonemic,seed,,,,
8-310-305-1,maca1260,Maca,748,-wenḳˀen,Phonemic,sow,,Cf. 08.150.,,
8-270-305-1,maca1260,Maca,338,c̷eyem (f.),Phonemic,rake,,,,
8-260-305-1,maca1260,Maca,337,newen (f.),Phonemic,fork,,,,
8-250-305-1,maca1260,Maca,284,-pˀilasinetiʔ (f.),Phonemic,hoe,,Means an instrument to clean; also means 'broom' 09.380.,,
8-240-305-1,maca1260,Maca,1901,fiskunet (m.),Phonemic,shovel,,Neologism. Also archaic -kˀu. Cf. 'hammer' 09.490.,,
8-230-305-1,maca1260,Maca,1176,-eχ-pˀilasinetiʔ (f.),Phonemic,spade,,,,
8-212-305-1,maca1260,Maca,1794,awḳataχ (m.),Phonemic,furrow,,,,
8-220-305-1,maca1260,Maca,1418,-tixxuʔ ~ -ɬixxuʔ,Phonemic,dig,,Cf. 'ditch' 08.170.,,
8-210-305-1,maca1260,Maca,1921,-efuɬut,Phonemic,plow,,,,
8-170-305-1,maca1260,Maca,2002,witixkiʔ (f.),Phonemic,ditch,,Cf. 'dig' 08.220.,,
8-160-305-1,maca1260,Maca,1690,-ḳec̷itaχ (m.),Phonemic,fence,,,,
8-150-305-1,maca1260,Maca,1541,-wenḳˀen,Phonemic,"cultivate, till",,Cf. 08.310.,,
8-120-305-1,maca1260,Maca,212,ɬˀexinḳa-wet (m.),Phonemic,field (for cultivation),,A place without trees. -wenḳˀen-hewet (m.) means place that is planted.,,
8-110-305-1,maca1260,Maca,979,ɬʔexinḳawet ɬeyɬeʔ,Phonemic,farmer,,Means one who lives in the rural area.,,
7-560-305-1,maca1260,Maca,281,c̷upxuʔ (f.),Phonemic,"post, pole",,,,
7-480-305-1,maca1260,Maca,205,tokˀo (m.),Phonemic,trough,,Also means 'plate' 05.320.,,
7-450-305-1,maca1260,Maca,2131,fetitxii (f.),Phonemic,"lamp, torch",,Cf. 'fire' 01.810.,,
7-440-305-1,maca1260,Maca,1775,-kulaχ (m.),Phonemic,table,,Neologism.,,
7-430-305-1,maca1260,Maca,1476,-c̷ˀoxilaχ (m.),Phonemic,chair,,Neologism.,,
7-422-305-1,maca1260,Maca,806,-intaafit ~ -entaafit (m.),Phonemic,blanket,,Same as 'coat' 06.430; cf. 'cover' 12.260.,,
7-421-305-1,maca1260,Maca,1044,-osiyit (m.),Phonemic,pillow,,,,
7-420-305-1,maca1260,Maca,1663,-iwhilaχ ~ -ewhilaχ (m.),Phonemic,bed,,Lit. for lying down.,,
7-370-305-1,maca1260,Maca,1464,-weɬilaχ (m.),Phonemic,ladder,,Neologism. Means 'for climbing/going up'; cf. 10.471.,,
7-270-305-1,maca1260,Maca,933,xilafiʔ (m.),Phonemic,wall,,,,
7-250-305-1,maca1260,Maca,1375,ɬ-exi-ɬas,Phonemic,window,,Lit. 'door-diminutive/small one'; cf. 'saucer' 05.360; 'child' 02.270.,,
7-240-305-1,maca1260,Maca,1472,ɬ-exinxeʔ (f.),Phonemic,key,,Cf. 'door' 07.220.,,
7-230-305-1,maca1260,Maca,1596,ɬexinxeʔ (f.),Phonemic,lock (noun),,,,
7-220-305-1,maca1260,Maca,1567,ɬ-exiʔ (m.),Phonemic,"door, gate",,Lit. 'its mouth' 04.240.,,
7-120-305-1,maca1260,Maca,1252,-ic̷iʔ ~ -ec̷iʔ (f.),Phonemic,house,,,,
7-110-305-1,maca1260,Maca,363,-(i)n-xi-kii,Phonemic,"dwell, live",,Means 'to always be inside'.,,
6-960-305-1,maca1260,Maca,1171,-xeɬinetxii (f.),Phonemic,mirror,,Cf. 'look at' 15.520.,,
6-950-305-1,maca1260,Maca,788,-lixinet (m.),Phonemic,soap,,Neologism. Cf. 'clean' 15.870.,,
6-921-305-1,maca1260,Maca,333,-iftii,Phonemic,braid,,Respectively: trans.; intrans.,,
6-921-305-3,maca1260,Maca,333,-iftiihin,Phonemic,braid,,Respectively: trans.; intrans.,,
6-910-305-1,maca1260,Maca,1475,-tenesit (m.),Phonemic,comb,,A comb made from the thorns of the 'carandá'.,,
6-810-305-1,maca1260,Maca,332,-inxeyiwoʔ (m.),Phonemic,"handkerchief, rag",,"Neologism, used for the nose. Lit. 'for mucus' 04.232.",,
6-790-305-1,maca1260,Maca,68,wextuʔ,Phonemic,tattoo,,"Means to make marks on the face with the juice of witwextutiʔ (f.), a large tree (Genipapo) or (ñandipá).",,
6-780-305-1,maca1260,Maca,330,-sifinhet (m.),Phonemic,"headband, headdress",,Respectively: cinta de mujeres para el cuello; cinta de hombres para sujetarse el cabello.,,
6-780-305-3,maca1260,Maca,330,-sufinhet (m.),Phonemic,"headband, headdress",,Respectively: cinta de mujeres para el cuello; cinta de hombres para sujetarse el cabello.,,
6-770-305-1,maca1260,Maca,770,-ilasxiʔ (f.),Phonemic,earring,,Cf. 'earlobe' 04.221.,,
6-760-305-1,maca1260,Maca,1860,esixiyiniɬ (m. pl),Phonemic,bead,,,,
6-750-305-1,maca1260,Maca,1961,-etilaʔ (m.),Phonemic,necklace,,,,
6-740-305-1,maca1260,Maca,1754,-palaʔ (m.),Phonemic,bracelet,,Cf. 'clock' 14.530.,,
6-730-305-1,maca1260,Maca,1374,-yaḳsiʔ (f.),Phonemic,ring (for finger),,Cf. 'finger' 04.340.,,
6-630-305-1,maca1260,Maca,64,kapxiʔ (f.),Phonemic,pin,,,,
6-620-305-1,maca1260,Maca,757,-oχto (f.),Phonemic,button,,,,
6-610-305-1,maca1260,Maca,1851,-iɬkukiʔ ~ -eɬkukiʔ (f.),Phonemic,pocket,,,,
6-570-305-1,maca1260,Maca,772,-ḳeluc̷aχ (m.),Phonemic,"belt, girdle",,Cf. 'waist' 04.462.,,
6-550-305-1,maca1260,Maca,2130,-itxoxiikiʔ ~ -otxoxiikiʔ (f.),Phonemic,"hat, cap",,,,
6-510-305-1,maca1260,Maca,1381,-ḳekˀeweʔ (f.),Phonemic,shoe,,"Respectively: open shoe (sandal) 'ojota, abarca'; zapato de cuero grueso con cordones.",,
6-510-305-3,maca1260,Maca,1381,-ḳekˀeweykiʔ,Phonemic,shoe,,"Respectively: open shoe (sandal) 'ojota, abarca'; zapato de cuero grueso con cordones.",,
6-480-305-1,maca1260,Maca,809,-tatkaluhut (m.),Phonemic,trousers,,,,
6-461-305-1,maca1260,Maca,328,-fetiɬ (f.),Phonemic,grass-skirt,,"Man's clothing; a garment made of feathers, used during the fiestas. Cf. 'spin' 06.310; 'sew' 06.350.",,
6-460-305-1,maca1260,Maca,1600,-wikimkˀi (f.),Phonemic,skirt,,Refers to the ancient clothing of the women.,,
6-440-305-1,maca1260,Maca,1622,-wihitxii (m.),Phonemic,shirt,,Neologism.,,
6-430-305-1,maca1260,Maca,603,-intaafit (m.) ~ -entaafit,Phonemic,coat,,Cf. 'cover' 12.260; 'blanket' 07.422.,,
6-420-305-1,maca1260,Maca,474,xufufuf (f.),Phonemic,woman's dress,,,,
6-411-305-1,maca1260,Maca,327,lasxixuʔ (m.),Phonemic,poncho,,,,
6-390-305-1,maca1260,Maca,157,-ukinxuʔ,Phonemic,dye,,"Can be expressed as -ukin-ets-xuʔ naʔpenyiloʔ kaʔ woteniɬ, means to add color to the cloth.",,
6-380-305-1,maca1260,Maca,1161,-itunenki,Phonemic,thread,,,,
6-360-305-1,maca1260,Maca,1382,towxenaχ (f.),Phonemic,needle,,Neologism.,,
6-350-305-1,maca1260,Maca,1457,-tiɬ,Phonemic,sew,,Neologism. Cf. 'spin' 06.310.,,
6-330-305-1,maca1260,Maca,133,-iihin,Phonemic,weave,,Intransitive. Transitive form is -tii ~ ɬii. Also cf. 09.750.,,
6-320-305-1,maca1260,Maca,277,-aftiɬin-et (m.),Phonemic,spindle,,,,
6-310-305-1,maca1260,Maca,121,-aftiɬ,Phonemic,spin,,Intransitive.,,
6-290-305-1,maca1260,Maca,629,ɬʔax (m.),Phonemic,leather,,Also means 'skin/hide' 04.120.,,
6-280-305-1,maca1260,Maca,580,ɬʔax (m.),Phonemic,fur,,Also means 'skin/hide' 04.120.,,
6-240-305-1,maca1260,Maca,1850,notekeniɬ (m.),Phonemic,cotton,,Gossypium barbadense.,,
6-220-305-1,maca1260,Maca,964,ɬewkuxux (m.),Phonemic,wool,,Also means 'hair' 04.140.,,
6-210-305-1,maca1260,Maca,1616,penyiloʔ (m.),Phonemic,cloth,,,,
6-120-305-1,maca1260,Maca,1895,-ḳhina-wat (f.),Phonemic,"clothing, clothes",,,,
6-110-305-1,maca1260,Maca,158,-ḳhina-tay,Phonemic,put on (clothes),,,,
5-971-305-1,maca1260,Maca,1556,ɬaḳˀa-maxa-x (m.),Phonemic,egg yolk,,Cf. 'yellow' 15.690.,,
5-970-305-1,maca1260,Maca,744,ɬihiʔ (f.),Phonemic,egg,,,,
5-940-305-1,maca1260,Maca,404,n-iya-c̷ik (m.),Phonemic,fermented drink,,'Drink' is -iya-. 'Corn drink' is naac̷ˀaxkinak (m.); 'manioc drink' is c̷ipunak (m.).,,
5-870-305-1,maca1260,Maca,93,-(e)ḳesuxaχ,Phonemic,milk (vb),,Means to 'squeeze'.,,
5-850-305-1,maca1260,Maca,862,ɬeḳepinuʔ (m.),Phonemic,sugar,,Means 'sugar cane' 08.941.,,
5-860-305-1,maca1260,Maca,635,ɬeḳeɬʔiʔ (m.),Phonemic,milk (noun),,With reference to 'liquid'.,,
5-840-305-1,maca1260,Maca,942,-aḳ (m.),Phonemic,honey,,Cf. 'food' 05.120.,,
5-821-305-1,maca1260,Maca,919,atic̷ (f.),Phonemic,chili pepper,,,,
5-820-305-1,maca1260,Maca,1385,atic̷ (f.),Phonemic,pepper,,"Refers to a wild pepper, Capsicum chacoense.",,
5-810-305-1,maca1260,Maca,1274,witlepinek (m.),Phonemic,salt,,,,
5-791-305-1,maca1260,Maca,323,-uxeʔ (m.),Phonemic,"grease, fat",,,,
5-710-305-1,maca1260,Maca,1507,ɬeʔ (f.),Phonemic,fruit,,,,
5-700-305-1,maca1260,Maca,593,peχeyetaχ (f.),Phonemic,potato,,,,
5-660-305-1,maca1260,Maca,832,anheyuk (f.),Phonemic,bean,,Respectively: poroto de monte (Capparis retusa); fruto del poroto de monte; poroto americano (Phaseolus vulgaris o Vigna unguiculata).,,
5-660-305-3,maca1260,Maca,832,anheyaχ (f.),Phonemic,bean,,Respectively: poroto de monte (Capparis retusa); fruto del poroto de monte; poroto americano (Phaseolus vulgaris o Vigna unguiculata).,,
5-660-305-5,maca1260,Maca,832,anheyiweyic̷ (f.),Phonemic,bean,,Respectively: poroto de monte (Capparis retusa); fruto del poroto de monte; poroto americano (Phaseolus vulgaris o Vigna unguiculata).,,
5-640-305-1,maca1260,Maca,1547,ḳˀi (m.),Phonemic,"soup, broth",,,,
5-610-305-1,maca1260,Maca,634,ɬʔesen (m.),Phonemic,meat,,Cf. 'flesh' 04.130.,,
5-590-305-1,maca1260,Maca,225,naḳfinet (m.),Phonemic,pestle,,,,
5-580-305-1,maca1260,Maca,224,naḳfinet-xii (f.),Phonemic,mortar (2),,,,
5-560-305-1,maca1260,Maca,1033,-aḳatˀetxuʔ,Phonemic,"crush, grind",,,,
5-550-305-1,maca1260,Maca,1594,foʔxiʔ,Phonemic,"meal, flour",,Cf. 'white' 15.640.,,
5-540-305-1,maca1260,Maca,274,-eteḳetxiʔ,Phonemic,knead,,Latter form is archaic.,,
5-540-305-3,maca1260,Maca,274,-olthitxiʔ,Phonemic,knead,,Latter form is archaic.,,
5-490-305-1,maca1260,Maca,2017,-ec̷xiɬkinix,Phonemic,"stir, mix",,,,
5-480-305-1,maca1260,Maca,1767,-osxaʔ (?),Phonemic,scrape,,,,
5-470-305-1,maca1260,Maca,86,-uketxiʔ,Phonemic,"sieve, strain",,,,
5-460-305-1,maca1260,Maca,275,-ax-teʔ,Phonemic,peel,,See 'skin' 04.120.,,
5-390-305-1,maca1260,Maca,1302,c̷eyem (f.),Phonemic,fork (2),,,,
5-380-305-1,maca1260,Maca,1352,-ḳac̷xikinetkiʔ (f.),Phonemic,knife (2),,,,
5-370-305-1,maca1260,Maca,1378,nenek (f.),Phonemic,spoon,,,,
5-360-305-1,maca1260,Maca,271,tokˀo-ɬas,Phonemic,saucer,,Lit. 'plate-small one (cf. offspring)' 05.320; 02.270.,,
5-350-305-1,maca1260,Maca,476,tekfii (m.),Phonemic,"cup, drinking vessel",,,,
5-330-305-1,maca1260,Maca,1530,tokˀo-kiʔ (f.),Phonemic,bowl,,,,
5-340-305-1,maca1260,Maca,270,eɬini (f.),Phonemic,"pitcher, jug",,,,
5-320-305-1,maca1260,Maca,480,tokˀo (m.),Phonemic,plate,,Respectively: p. for eating; p. for drinking chicha.,,
5-320-305-3,maca1260,Maca,480,pˀiyakaʔ (f.),Phonemic,plate,,Respectively: p. for eating; p. for drinking chicha.,,
5-280-305-1,maca1260,Maca,31,atxat (m.),Phonemic,pan,,,,
5-260-305-1,maca1260,Maca,1462,atxat (m.),Phonemic,"pot, cooking vessel",,,,
5-250-305-1,maca1260,Maca,1143,-oχpˀonhetxii (f.),Phonemic,oven,,Subterranean oven.,,
5-230-305-1,maca1260,Maca,2146,-osxey,Phonemic,"roast, fry",,,,
5-220-305-1,maca1260,Maca,792,-ixunhetix,Phonemic,boil (vb),,Transitive.,,
5-210-305-1,maca1260,Maca,1100,-ḳatxatey,Phonemic,cook,,Respectively: intransitive; transitive.,,
5-210-305-3,maca1260,Maca,1100,-enixiʔ,Phonemic,cook,,Respectively: intransitive; transitive.,,
5-181-305-1,maca1260,Maca,897,-timxuʔ ~ -ɬimxuʔ,Phonemic,swallow,,,,
5-180-305-1,maca1260,Maca,321,-atanxikii,Phonemic,chew,,,,
5-160-305-1,maca1260,Maca,1421,-tufix ~ -ɬufix,Phonemic,suck,,,,
5-150-305-1,maca1260,Maca,848,-isɬayex (m.),Phonemic,thirst,,,,
5-141-305-1,maca1260,Maca,199,-yipku-n,Phonemic,famine,,Means to be hungry.,,
5-140-305-1,maca1260,Maca,1864,-yipkuʔ (m.),Phonemic,hunger,,,,
5-130-305-1,maca1260,Maca,1401,-iyaʔ,Phonemic,drink,,,,
5-125-305-1,maca1260,Maca,1728,ɬoḳˀoḳxiʔ,Phonemic,rotten,,,,
5-124-305-1,maca1260,Maca,1958,mente -uxiʔ,Phonemic,"green, unripe",,Means not yet ripe.,,
5-123-305-1,maca1260,Maca,178,-uxiʔ,Phonemic,ripe,,,,
5-122-305-1,maca1260,Maca,1959,niteʔ uyaχ,Phonemic,raw,,Lit. 'not cooked'.,,
5-121-305-1,maca1260,Maca,269,uyaχ,Phonemic,cooked,,,,
5-120-305-1,maca1260,Maca,256,-etex,Phonemic,food,,Respectively: food that cannot be eaten raw; any food.,,
5-120-305-3,maca1260,Maca,256,-aḳ,Phonemic,food,,Respectively: food that cannot be eaten raw; any food.,,
5-110-305-1,maca1260,Maca,1336,-ek,Phonemic,eat,,Respectively: intrans.; transitive.,,
5-110-305-3,maca1260,Maca,1336,-tux,Phonemic,eat,,Respectively: intrans.; transitive.,,
4-990-305-1,maca1260,Maca,590,ham ɬe-ḳhinat-ay,Phonemic,"naked, bare",,Lit. 'without his/her clothes' 06.120.,,
4-970-305-1,maca1260,Maca,1653,pukˀal,Phonemic,blind,,,,
4-980-305-1,maca1260,Maca,1463,-ekˀuwet,Phonemic,intoxicated,,,,
4-960-305-1,maca1260,Maca,1666,ham ɬe-lixey-eʔ,Phonemic,mute,,Lit. 'without his/her words' 18.260.,,
4-950-305-1,maca1260,Maca,996,niteʔ y-epiyeʔ,Phonemic,deaf,,Lit. 'negative he/she hear' 15.410.,,
4-930-305-1,maca1260,Maca,1125,leeme ɬeyɬaʔ,Phonemic,bald,,"Lit. 'smooth, his head' 04.200.",,
4-940-305-1,maca1260,Maca,320,iwelkimet,Phonemic,lame,,,,
4-920-305-1,maca1260,Maca,1564,walχal,Phonemic,lazy,,,,
4-912-305-1,maca1260,Maca,168,-wapii,Phonemic,rest,,,,
4-910-305-1,maca1260,Maca,1757,-wef,Phonemic,"tired, weary",,,,
4-890-305-1,maca1260,Maca,655,ɬatiʔ (m.),Phonemic,poison,,Refers to snake poison.,,
4-880-305-1,maca1260,Maca,1372,-eḳxunhet (m.),Phonemic,"medicine, drug",,,,
4-860-305-1,maca1260,Maca,499,-aχpal,Phonemic,"cure, heal",,,,
4-858-305-1,maca1260,Maca,497,xiifʔixiʔ (m.),Phonemic,scar,,,,
4-857-305-1,maca1260,Maca,1808,-ilka (m.),Phonemic,pus,,,,
4-856-305-1,maca1260,Maca,793,-womoʔ (f.),Phonemic,boil (noun),,,,
4-855-305-1,maca1260,Maca,1584,ḳhoofʔo (m.),Phonemic,blister,,,,
4-854-305-1,maca1260,Maca,148,-xuc̷ˀi (f.),Phonemic,itch,,,,
4-853-305-1,maca1260,Maca,1903,xuf-xuf-ikˀi,Phonemic,swelling,,,,
4-850-305-1,maca1260,Maca,1109,eḳfemet,Phonemic,"wound, sore",,,,
4-843-305-1,maca1260,Maca,102,-lekɬin,Phonemic,cold (catarrh),,Lit. 'cough' 04.530.,,
4-841-305-1,maca1260,Maca,1534,-wilhap (m.),Phonemic,fever,,'To have a fever' is -wilhan.,,
4-840-305-1,maca1260,Maca,1847,wanḳac̷ʔeʔ,Phonemic,"sick, sickness",,,,
4-830-305-1,maca1260,Maca,1364,ɬewisxuʔ,Phonemic,"well, health",,,,
4-820-305-1,maca1260,Maca,1601,niteʔ tˀun,Phonemic,weak,,Lit. 'negative strong' 04.810.,,
4-810-305-1,maca1260,Maca,785,tˀun,Phonemic,"strong, mighty, powerful",,,,
4-790-305-1,maca1260,Maca,1773,nimeɬuk (f.),Phonemic,"grave, tomb",,Neologism.,,
4-780-305-1,maca1260,Maca,1719,-tixec̷xuʔ,Phonemic,bury (the dead),,,,
4-770-305-1,maca1260,Maca,767,-witlanek,Phonemic,corpse,,,,
4-760-305-1,maca1260,Maca,1417,-lan,Phonemic,kill,,,,
4-751-305-1,maca1260,Maca,1904,-wikii,Phonemic,drowned,,,,
4-750-305-1,maca1260,Maca,1494,-wam,Phonemic,"die, dead",,See 'ancestors' 02.560.,,
4-740-305-1,maca1260,Maca,1422,-iɬaχ (m.),Phonemic,"live, living, life",,,,
4-730-305-1,maca1260,Maca,1123,-iwkaxic̷hen,Phonemic,pregnant,,,,
4-720-305-1,maca1260,Maca,1090,-nekfikˀi,Phonemic,born (to be),,'To give birth' is -aḳalaχ.,,
4-690-305-1,maca1260,Maca,138,-(we)npulix,Phonemic,bathe,,Also means 'wash' 09.360.,,
4-680-305-1,maca1260,Maca,52,-kawelik,Phonemic,shiver,,,,
4-670-305-1,maca1260,Maca,1785,-ikˀaw,Phonemic,have sexual intercourse,,,,
4-660-305-1,maca1260,Maca,676,-iɬam,Phonemic,defecate,,,,
4-650-305-1,maca1260,Maca,592,-uɬ,Phonemic,urinate,,,,
4-640-305-1,maca1260,Maca,1159,-iftuʔ ~ -eftuʔ (m.),Phonemic,break wind,,,,
4-630-305-1,maca1260,Maca,1602,-om-pham,Phonemic,wake up,,,,
4-620-305-1,maca1260,Maca,1920,-c̷owoɬʔaχ,Phonemic,dream,,,,
4-612-305-1,maca1260,Maca,1983,-ewḳututiʔ,Phonemic,snore,,,,
4-610-305-1,maca1260,Maca,1585,-maʔ,Phonemic,sleep,,,,
4-590-305-1,maca1260,Maca,319,-lepin,Phonemic,lick,,Cf. 'tongue' 04. 260.,,
4-580-305-1,maca1260,Maca,1403,-ikfex,Phonemic,bite,,,,
4-570-305-1,maca1260,Maca,1278,-ekuykii,Phonemic,vomit,,,,
4-560-305-1,maca1260,Maca,1440,-kˀii,Phonemic,spit,,,,
4-550-305-1,maca1260,Maca,126,-nexutˀinxuʔ,Phonemic,perspire,,,,
4-540-305-1,maca1260,Maca,1621,-aḳsinkii,Phonemic,sneeze,,,,
4-530-305-1,maca1260,Maca,879,-lekɬin,Phonemic,cough,,,,
4-521-305-1,maca1260,Maca,162,-tomokii,Phonemic,hiccough,,,,
4-520-305-1,maca1260,Maca,1028,-otˀokii,Phonemic,"yawn, gape",,,,
4-510-305-1,maca1260,Maca,1407,-uɬayxey,Phonemic,"breathe, breath",,Cf. 'lung' 04.441; 'air' 01.710.,,
4-492-305-1,maca1260,Maca,1222,-soʔ (m.),Phonemic,penis,,,,
4-490-305-1,maca1260,Maca,797,-ḳeɬeʔ (f.),Phonemic,testicle,,Cf. 'fruit' 05.710.,,
4-470-305-1,maca1260,Maca,804,-ḳˀic̷etxii (f.),Phonemic,womb,,,,
4-464-305-1,maca1260,Maca,834,-c̷ix (f.),Phonemic,buttocks,,,,
4-463-305-1,maca1260,Maca,1745,-kinxeʔ (f.),Phonemic,hip,,,,
4-462-305-1,maca1260,Maca,1681,-ḳeluc̷i-wet (m.),Phonemic,waist,,Means 'belt-place' 06.570.,,
4-461-305-1,maca1260,Maca,1991,-χatay (f.),Phonemic,"intestines, guts",,,,
4-460-305-1,maca1260,Maca,819,-kutxii (f.),Phonemic,stomach,,,,
4-452-305-1,maca1260,Maca,1744,-esuf (m.) (?),Phonemic,spleen,,,,
4-451-305-1,maca1260,Maca,489,-atʔinxeʔ (f.),Phonemic,kidney,,,,
4-450-305-1,maca1260,Maca,1224,-aḳɬik (m.),Phonemic,liver,,,,
4-441-305-1,maca1260,Maca,688,-uɬaχii (f.),Phonemic,lung,,Cf. 'breathe' 04.510; 'air' 01.710.,,
4-440-305-1,maca1260,Maca,1223,-ɬitiʔ (f.),Phonemic,heart,,,,
4-430-305-1,maca1260,Maca,1838,-pinen (f.),Phonemic,navel,,,,
4-420-305-1,maca1260,Maca,154,ɬ-eḳfutiʔ (f.),Phonemic,udder,,,,
4-412-305-1,maca1260,Maca,796,wit-eḳfutiʔ ɬa-pas,Phonemic,"nipple, teat",,Cf. 'lip' 04.250; 'beak' 04.241.,,
4-410-305-1,maca1260,Maca,1402,-eḳfutiʔ (f.),Phonemic,breast (of woman),,,,
4-400-305-1,maca1260,Maca,1592,-exuyix (m.),Phonemic,chest,,,,
4-393-305-1,maca1260,Maca,1201,ɬewkuxux (f.),Phonemic,feather,,Cf. 'hair' 04.140.,,
4-392-305-1,maca1260,Maca,1257,ɬef (m.),Phonemic,wing,,,,
4-380-305-1,maca1260,Maca,1389,-fux (f.),Phonemic,toe,,,,
4-374-305-1,maca1260,Maca,318,-oc̷hiwxokiˀ (f.),Phonemic,footprint,,,,
4-372-305-1,maca1260,Maca,980,-ḳoḳˀo (m.),Phonemic,heel,,,,
4-371-305-1,maca1260,Maca,803,-fonxeʔ (f.),Phonemic,ankle,,,,
4-370-305-1,maca1260,Maca,1301,-fʔiʔ (m.),Phonemic,foot,,,,
4-360-305-1,maca1260,Maca,1371,-aḳhuc̷ (f.),Phonemic,knee,,,,
4-352-305-1,maca1260,Maca,498,-ḳekxiʔ (m.),Phonemic,calf of leg,,,,
4-351-305-1,maca1260,Maca,800,-kumkenet (f.),Phonemic,thigh,,,,
4-350-305-1,maca1260,Maca,1297,-ḳanaxak (m.),Phonemic,leg,,,,
4-344-305-1,maca1260,Maca,1258,-ḳofol (f.),Phonemic,fingernail,,,,
4-342-305-1,maca1260,Maca,1781,-ḳaɬʔahalkiʔ,Phonemic,thumb,,,,
4-340-305-1,maca1260,Maca,1303,-yaḳsiʔ (f.),Phonemic,finger,,Cf. 'ring' 06.730.,,
4-331-305-1,maca1260,Maca,1183,kˀeweʔ -koy,Phonemic,palm of hand,,,,
4-330-305-1,maca1260,Maca,1277,-koy (m.),Phonemic,hand,,Also means 'arm' 04.310.,,
4-320-305-1,maca1260,Maca,981,-nokiʔ (f.),Phonemic,elbow,,,,
4-312-305-1,maca1260,Maca,1886,-ilxiʔ ~ -elxiʔ (f.),Phonemic,armpit,,,,
4-310-305-1,maca1260,Maca,1673,-koy (m.),Phonemic,arm,,Also means 'hand' 04.330.,,
4-301-305-1,maca1260,Maca,172,-woc̷eyey (m.),Phonemic,shoulderblade,,,,
4-300-305-1,maca1260,Maca,1482,-iwkˀeyey ~ -ewkˀeyey (f.),Phonemic,shoulder,,,,
4-290-305-1,maca1260,Maca,1346,-ḳaweχ (m.),Phonemic,throat,,,,
4-281-305-1,maca1260,Maca,1347,-waḳhatakiʔ (f.),Phonemic,nape of neck,,,,
4-280-305-1,maca1260,Maca,1333,-wonxeʔ (m.),Phonemic,neck,,,,
4-272-305-1,maca1260,Maca,1049,kˀunheti tewey texem,Phonemic,molartooth,,Means 'inside tooth'.,,
4-270-305-1,maca1260,Maca,1380,-kˀunhetiʔ (f.),Phonemic,tooth,,,,
4-260-305-1,maca1260,Maca,1205,-lepep (m.),Phonemic,tongue,,Cf. 'lick' 04.590.,,
4-250-305-1,maca1260,Maca,478,-pas (m.),Phonemic,lip,,Cf. 'headland' 01.343; 'beak' 04.241; 'nipple' 04.412.,,
4-241-305-1,maca1260,Maca,73,ɬa-pas (m.),Phonemic,beak,,Refers to 'point' 12.352. Cf. 'lip' 04.250; 'headland' 01.343; 'nipple' 04.412.,,
4-240-305-1,maca1260,Maca,674,-exiʔ (m.),Phonemic,mouth,,Cf. 'door' 07.220.,,
4-232-305-1,maca1260,Maca,208,-inxeyic̷ ~ -enxeyic̷ (m.),Phonemic,mucus (nasal),,,,
4-231-305-1,maca1260,Maca,1178,-inxeyic̷ ~ -enxeyic̷ (m.),Phonemic,nostril,,,,
4-230-305-1,maca1260,Maca,1221,-inex ~ -enex (m.),Phonemic,nose,,,,
4-222-305-1,maca1260,Maca,32,-kec̷ikˀo (m.),Phonemic,earwax,,,,
4-221-305-1,maca1260,Maca,18,-ilasxiʔ (f.),Phonemic,earlobe,,Cf. 'earring' 06.770.,,
4-220-305-1,maca1260,Maca,1247,-ikfiʔ ~ -ekfiʔ (f.),Phonemic,ear,,,,
4-215-305-1,maca1260,Maca,1655,-(e)ḳˀuc̷-ḳˀuc̷itaχ,Phonemic,blink,,,,
4-214-305-1,maca1260,Maca,1540,-tec̷iʔ (f.),Phonemic,eyelash,,,,
4-212-305-1,maca1260,Maca,1173,-itkosiʔ ~ -otkosiʔ (f.),Phonemic,eyebrow,,Cf. 'forehead' 04.205.,,
4-210-305-1,maca1260,Maca,1248,-toʔ (f.),Phonemic,eye,,,,
4-208-305-1,maca1260,Maca,1730,-kukiʔ (f.),Phonemic,cheek,,,,
4-209-305-1,maca1260,Maca,1510,-ḳepˀiyek (m.),Phonemic,chin,,,,
4-205-305-1,maca1260,Maca,123,-itkoyek ~ -otkoyek (m.),Phonemic,forehead,,Cf. 'eyebrow' 04.212.,,
4-204-305-1,maca1260,Maca,1560,-xus (m.),Phonemic,face,,,,
4-203-305-1,maca1260,Maca,1583,-ixkitiɬaʔ ~ -exkitiɬaʔ (m.),Phonemic,brain,,,,
4-200-305-1,maca1260,Maca,1256,-xiɬaʔ (m.),Phonemic,head,,,,
4-191-305-1,maca1260,Maca,805,-inu ~ -enu (m.),Phonemic,spine,,Also means 'bone' 04.160.,,
4-190-305-1,maca1260,Maca,1291,-anu (m.),Phonemic,back,,,,
4-180-305-1,maca1260,Maca,1220,ɬahac̷xiʔ (f.),Phonemic,tail,,,,
4-170-305-1,maca1260,Maca,1393,ɬekec̷ (f.),Phonemic,horn,,,,
4-162-305-1,maca1260,Maca,801,-weɬiʔ (m.),Phonemic,rib,,,,
4-160-305-1,maca1260,Maca,1394,-inu ~ -enu (m.),Phonemic,bone,,,,
4-151-305-1,maca1260,Maca,525,-asat (m.),Phonemic,"vein, artery",,,,
4-150-305-1,maca1260,Maca,946,-athic̷ (f.),Phonemic,blood,,,,
4-144-305-1,maca1260,Maca,189,-iwkuxux ~ -ewkuxux,Phonemic,body hair,,,,
4-142-305-1,maca1260,Maca,678,-apxusi,Phonemic,beard,,,,
4-140-305-1,maca1260,Maca,1040,-iwkuxux ~ -ewkuxux,Phonemic,hair (head),,Cf. 'feather' 04.393; 'wool' 06.220.,,
4-130-305-1,maca1260,Maca,2259,-esen (m.),Phonemic,flesh,,Cf. 'meat' 05.610.,,
4-120-305-1,maca1260,Maca,763,-ax (f.),Phonemic,"skin, hide",,Also means 'body' 04.110.,,
4-110-305-1,maca1260,Maca,1480,-ax (f.),Phonemic,body,,Also means 'skin' 04.120.,,
3-980-305-1,maca1260,Maca,112,pˀataχ (f.),Phonemic,turtle,,Respectively: land turtle; water t.,,
3-980-305-3,maca1260,Maca,112,soḳotitaχ (f.),Phonemic,turtle,,Respectively: land turtle; water t.,,
3-970-305-1,maca1260,Maca,1857,nayaɬenex (m.),Phonemic,"crocodile, alligator",,Caiman latirostris (yacaré); lit. 'nose curves'.,,
3-960-305-1,maca1260,Maca,632,ḳafitinheʔ (f.),Phonemic,lizard,,,,
3-950-305-1,maca1260,Maca,503,sʔam-sʔam (f.),Phonemic,frog,,'Tree frog' is ḳˀototoʔ (f.); 'ranita' is paχpaye.,,
3-940-305-1,maca1260,Maca,1543,lok (f.),Phonemic,snail,,,,
3-930-305-1,maca1260,Maca,607,kˀis (m.),Phonemic,grasshopper,,Other varieties are efenheʔ (f.); ḳeɬxec̷aχ.,,
3-920-305-1,maca1260,Maca,1791,fol-fol (m.),Phonemic,butterfly,,,,
3-910-305-1,maca1260,Maca,206,xumḳˀec̷ (f.),Phonemic,firefly,,Also om (f.).,,
3-850-305-1,maca1260,Maca,730,ḳˀoy-ḳˀoy (m.),Phonemic,snake,,Many varieties. Cf. 'worm' 03.840.,,
3-840-305-1,maca1260,Maca,1219,ḳˀoy-ḳˀoḳˀoy (m.),Phonemic,worm,,Cf. 'snake' 03.850. Also ekhufuyikˀi.,,
3-832-305-1,maca1260,Maca,1509,asɬenheʔ (f.),Phonemic,mosquito,,Many varieties of mosquitos.,,
3-832-305-3,maca1260,Maca,1509,witḳiɬinkeleʔ (f.),Phonemic,mosquito,,Many varieties of mosquitos.,,
3-831-305-1,maca1260,Maca,95,amhiʔ (f.),Phonemic,"sandfly (midge), gnat",,,,
3-830-305-1,maca1260,Maca,1504,wexc̷iwowey (m.),Phonemic,fly,,'Mosca negra'.,,
3-821-305-1,maca1260,Maca,1931,neḳfeyenhet (m.),Phonemic,beeswax,,,,
3-818-305-1,maca1260,Maca,843,siwalaχ (f.),Phonemic,spider,,Also iɬkec̷ini (f.).,,
3-817-305-1,maca1260,Maca,587,lefʔef (m.),Phonemic,ant,,Other varieties: sankuwayaʔ (f.); and ḳalapkˀas (m.).,,
3-816-305-1,maca1260,Maca,1575,ikˀawhic̷il (m.),Phonemic,cockroach,,,,
3-815-305-1,maca1260,Maca,1538,naḳfinet (m.),Phonemic,scorpion,,Also newen (f.); neyey (f.).,,
3-814-305-1,maca1260,Maca,1974,oloc̷-ɬokoy-ey (m.),Phonemic,centipede,,Lit. 'many arms/hands' 04.310.,,
3-813-305-1,maca1260,Maca,232,c̷xip (m.),Phonemic,flea,,,,
3-812-305-1,maca1260,Maca,267,ɬihiʔ (f.),Phonemic,nit (louse egg),,,,
3-811-305-1,maca1260,Maca,1392,(-)iiɬeʔ (m.),Phonemic,louse,,,,
3-810-305-1,maca1260,Maca,620,asɬenheʔ (f.),Phonemic,insect,,,,
3-760-305-1,maca1260,Maca,1350,afinaχ (m.),Phonemic,monkey,,"Refers to 'mono caraya'. Also kˀateni (f.), 'monito cají'.",,
3-750-305-1,maca1260,Maca,1936,melel (m.),Phonemic,deer,,,,
3-740-305-1,maca1260,Maca,1312,exenel (m.),Phonemic,fox,,"Refers to Dusicyon gymnocercus. Also c̷ˀiyaḳ (f.), Cerdocyonthous.",,
3-720-305-1,maca1260,Maca,1386,athil (m.),Phonemic,lion,,"Refers to American 'puma', (Felis concolor).",,
3-710-305-1,maca1260,Maca,522,wowo (m.),Phonemic,wolf,,Refers to Chrysocyon brachyurus.,,
3-665-305-1,maca1260,Maca,1013,uc̷i (m.),Phonemic,freshwater eel,,,,
3-664-305-1,maca1260,Maca,1910,kˀeyeykiʔ (f.),Phonemic,stingray,,,,
3-655-305-1,maca1260,Maca,598,nuthetiʔ (f.),Phonemic,shell,,,,
3-653-305-1,maca1260,Maca,266,sehec̷ ɬʔaxic̷,Phonemic,fishscale,,Lit. 'fish its-skin' 04.120.,,
3-652-305-1,maca1260,Maca,213,ɬeftic̷xeʔ,Phonemic,fin (dorsal),,Cf. 'wing' 04.392.,,
3-650-305-1,maca1260,Maca,227,sehec̷ (m.),Phonemic,fish,,,,
3-630-305-1,maca1260,Maca,2139,c̷ˀus-c̷ˀus (f.),Phonemic,"mouse, rat",,"Means 'ratón'. Also yahaha (f.), 'rata'.",,
3-620-305-1,maca1260,Maca,1208,tenuk (m.),Phonemic,cat,,,,
3-614-305-1,maca1260,Maca,1136,niyaxtiʔ (f.),Phonemic,rabbit,,,,
3-610-305-1,maca1260,Maca,2009,nunax (m.),Phonemic,dog,,,,
3-594-305-1,maca1260,Maca,1853,ofoʔ (m.),Phonemic,dove,,"Refers to 'paloma montaraz'. Also ofotaχ (m.), 'paloma doméstica'.",,
3-596-305-1,maca1260,Maca,735,ḳˀolopopo (m.),Phonemic,owl,,"Refers to 'lechuza'. Also c̷ilitxii (m.), 'búho'.",,
3-593-305-1,maca1260,Maca,913,opowi (f.),Phonemic,crow,,"'Black crow (Coragyps atratus)'. Also kexexki (f.), 'Cathartes sp.'.",,
3-592-305-1,maca1260,Maca,882,eheʔ (f.),Phonemic,parrot,,,,
3-591-305-1,maca1260,Maca,1793,xayaʔ (f.),Phonemic,bat,,,,
3-586-305-1,maca1260,Maca,1185,sinxenaχ (m.),Phonemic,vulture,,Vultus gryphus.,,
3-585-305-1,maca1260,Maca,307,miyo (m.),Phonemic,hawk,,Local name is 'aguilucho colorado' (Heterospizias meridionalis).,,
3-584-305-1,maca1260,Maca,1905,nexulayaχ (m.),Phonemic,eagle,,,,
3-583-305-1,maca1260,Maca,758,ḳˀoχ-ḳˀoχ (m.),Phonemic,heron,,"Refers to white heron, Egretta alba. Other forms are wanhewut (m.), 'garza mora (Ardea cocoi)'; waʔ (m.), 'garza pico de pato (Cochlearius cochlearius)'; ɬoxopo (m.), 'garcita (Egretta thula)'.",,
3-581-305-1,maca1260,Maca,937,xunwat (m.),Phonemic,bird,,,,
3-580-305-1,maca1260,Maca,539,ɬup (m.),Phonemic,nest,,,,
3-570-305-1,maca1260,Maca,1360,xokheyaχ (m.),Phonemic,duck,,"Refers to wild duck, such as Cairina moschata.",,
3-560-305-1,maca1260,Maca,1187,xokheyitaχ (m.),Phonemic,goose,,Means domestic white goose.,,
3-550-305-1,maca1260,Maca,1318,taʔaʔaʔ-ɬas,Phonemic,chicken,,,,
3-540-305-1,maca1260,Maca,1514,taʔaʔaʔ (f.),Phonemic,hen,,,,
3-520-305-1,maca1260,Maca,1511,taʔaʔaʔ ɬec̷ux (m.),Phonemic,"cock, rooster",,,,
3-470-305-1,maca1260,Maca,890,matikkatekiʔ (f.),Phonemic,mule,,,,
3-500-305-1,maca1260,Maca,265,xunwat (m.),Phonemic,fowl,,Also means 'bird' 03.581.,,
3-460-305-1,maca1260,Maca,1862,matikkataχ (m.),Phonemic,"ass, donkey",,,,
3-450-305-1,maca1260,Maca,1647,tiptip-ɬas,Phonemic,"foal, colt",,,,
3-440-305-1,maca1260,Maca,938,tiptip ɬew-efu,Phonemic,mare,,,,
3-420-305-1,maca1260,Maca,936,tiptip ɬec̷ux,Phonemic,stallion,,,,
3-410-305-1,maca1260,Maca,615,tiptip (m.),Phonemic,horse (equine),,,,
3-380-305-1,maca1260,Maca,1972,koc̷ˀeteyka-ɬas,Phonemic,kid,,,,
3-360-305-1,maca1260,Maca,1502,koc̷ˀeteykaʔ (f.),Phonemic,goat,,,,
3-350-305-1,maca1260,Maca,1337,taf-itaχ (m.),Phonemic,pig,,,,
3-320-305-1,maca1260,Maca,1348,taf (m.),Phonemic,boar,,"Refers to Tayassu albirostris. Other forms are c̷afinheʔ (f.), 'Dicotyles tajacu'; and timkenaχ (m.), 'Catagonus wagneri'.",,
3-290-305-1,maca1260,Maca,820,koc̷ˀetaχ-ɬas,Phonemic,lamb,,Lit. 'sheep its offspring'.,,
3-280-305-1,maca1260,Maca,1345,koc̷ˀetaχ (f.),Phonemic,ewe,,,,
3-240-305-1,maca1260,Maca,1989,[waka]-ɬas,Phonemic,calf,,"From Span. 'vaca'. Lit. 'cow-its offspring', cf. 02.270.",,
3-230-305-1,maca1260,Maca,1007,[waka],Phonemic,cow,,From Span. 'vaca'.,,
3-220-305-1,maca1260,Maca,1169,koyoyoy-iwoʔ,Phonemic,ox,,Means 'for the cart' 10.750.,,
3-210-305-1,maca1260,Maca,1008,[tolo],Phonemic,bull,,From Span. 'toro'.,,
3-190-305-1,maca1260,Maca,851,-ḳec̷itaχ (m.),Phonemic,"stable, stall",,,,
3-180-305-1,maca1260,Maca,263,yexeɬ neʔ koc̷ˀetec̷,Phonemic,herdsman,,Means 'takes care of sheep'.,,
3-160-305-1,maca1260,Maca,649,xupˀelket (f.),Phonemic,pasture,,,,
3-130-305-1,maca1260,Maca,2262,ɬewefu (f.),Phonemic,female (adj),,,,
3-120-305-1,maca1260,Maca,2261,ɬec̷ux (m.),Phonemic,male (adj),,,,
3-110-305-1,maca1260,Maca,619,inḳamet (m.),Phonemic,animal,,,,
2-960-305-1,maca1260,Maca,817,ec̷iween,Phonemic,they,,Other forms indicate the distance between speakers.,,
2-950-305-1,maca1260,Maca,1213,ekhewel-iɬ,Phonemic,you (plural),,,,
2-942-305-1,maca1260,Maca,1130,yekheweliɬ (m/f),Phonemic,we (exclusive),,,,
2-941-305-1,maca1260,Maca,1131,inekhewel (m.),Phonemic,we (inclusive),,,,
2-941-305-3,maca1260,Maca,1131,inekhewelkiʔ (f.),Phonemic,we (inclusive),,,,
2-930-305-1,maca1260,Maca,262,-akhaʔ-an,Phonemic,he/she/it,,Means 'he'. 'She' is -ekheʔ-en.,,
2-920-305-1,maca1260,Maca,1215,akhaʔ,Phonemic,you (singular),,,,
2-910-305-1,maca1260,Maca,1209,y-akhaʔ,Phonemic,I,,,,
2-820-305-1,maca1260,Maca,194,-lic̷,Phonemic,family,,,,
2-770-305-1,maca1260,Maca,1981,wikiyaχ (m.),Phonemic,widower,,,,
2-760-305-1,maca1260,Maca,1756,wikihaleʔ (f.),Phonemic,widow,,,,
2-750-305-1,maca1260,Maca,1149,aftil (m.),Phonemic,orphan,,,,
2-740-305-1,maca1260,Maca,1058,-asiʔix (f.),Phonemic,stepdaughter,,,,
2-730-305-1,maca1260,Maca,1059,-asix (m.),Phonemic,stepson,,,,
2-720-305-1,maca1260,Maca,236,-unhec̷-eʔ (f.),Phonemic,stepmother,,,,
2-710-305-1,maca1260,Maca,237,-unhec̷ (m.),Phonemic,stepfather,,,,
2-641-305-1,maca1260,Maca,2264,-felic̷ (f.),Phonemic,daughter-in-law (of a woman),,,,
2-640-305-1,maca1260,Maca,2265,-felic̷ (f.),Phonemic,daughter-in-law (of a man),,,,
2-631-305-1,maca1260,Maca,2266,-feluʔ (m.),Phonemic,son-in-law (of a woman),,,,
2-630-305-1,maca1260,Maca,2267,-feluʔ (m.),Phonemic,son-in-law (of a man),,,,
2-621-305-1,maca1260,Maca,2257,-ḳewket-iʔ (f.),Phonemic,mother-in-law (of a woman),,,,
2-620-305-1,maca1260,Maca,2256,-ḳewket-iʔ (f.),Phonemic,mother-in-law (of a man),,,,
2-611-305-1,maca1260,Maca,2254,-ḳewket (m.),Phonemic,father-in-law (of a woman),,,,
2-610-305-1,maca1260,Maca,2255,-ḳewket (m.),Phonemic,father-in-law (of a man),,,,
2-560-305-1,maca1260,Maca,1669,ɬa-wam-hitsikˀi,Phonemic,ancestors,,Means those who died; cf. 04.750.,,
2-550-305-1,maca1260,Maca,1643,-ilpik ~ -elpik (m.),Phonemic,cousin,,Fem. form is ilpekiʔ; 'my cousin (fem.)' is pekiʔ.,,
2-540-305-1,maca1260,Maca,1642,-ḳaas-iʔ (f.),Phonemic,niece,,,,
2-530-305-1,maca1260,Maca,1063,-ḳaas (m.),Phonemic,nephew,,,,
2-520-305-1,maca1260,Maca,1272,-aχteɬ (f.),Phonemic,aunt,,'My aunt' is teɬ.,,
2-510-305-1,maca1260,Maca,1327,-itxok ~ -otxok (m.),Phonemic,uncle,,'My uncle' is totok.,,
2-480-305-1,maca1260,Maca,1618,-uk (m.),Phonemic,grandson,,,,
2-490-305-1,maca1260,Maca,1619,-uk-iʔ (f.),Phonemic,granddaughter,,,,
2-471-305-1,maca1260,Maca,907,kˀuc̷heʔ (f.),Phonemic,old woman,,,,
2-470-305-1,maca1260,Maca,1496,ket-iʔ (f.),Phonemic,grandmother,,,,
2-461-305-1,maca1260,Maca,406,kˀuc̷aχ (m.),Phonemic,old man,,,,
2-460-305-1,maca1260,Maca,1383,ket (m.),Phonemic,grandfather,,,,
2-458-305-1,maca1260,Maca,1005,wec̷xuk-xiʔ,Phonemic,twins,,Cf. 'two' 13.020.,,
2-455-305-1,maca1260,Maca,1761,-kˀinχaʔ (f.),Phonemic,younger sister,,,,
2-454-305-1,maca1260,Maca,1758,-kutiʔ (f.),Phonemic,older sister,,,,
2-445-305-1,maca1260,Maca,1760,-kˀinix (m.),Phonemic,younger brother,,,,
2-444-305-1,maca1260,Maca,1759,-mac̷ (m.),Phonemic,older brother,,,,
2-430-305-1,maca1260,Maca,1801,-lic̷,Phonemic,offspring (son or daughter),,Plural form--m. and f.,,
2-420-305-1,maca1260,Maca,1357,-asiʔ (f.),Phonemic,daughter,,'Your daughter' is oḳwome-kiʔ.,,
2-410-305-1,maca1260,Maca,1620,-as (m.),Phonemic,son,,'Your son' is oḳwome-heʔ.,,
2-390-305-1,maca1260,Maca,426,iwheyeɬeʔ neʔ efu,Phonemic,married woman,,,,
2-380-305-1,maca1260,Maca,424,iwheyeɬ naʔ xukhew,Phonemic,married man,,,,
2-360-305-1,maca1260,Maca,1216,-nene (f.),Phonemic,mother,,,,
2-350-305-1,maca1260,Maca,1217,-tata (m.),Phonemic,father,,,,
2-341-305-1,maca1260,Maca,1134,-weḳle,Phonemic,divorce,,,,
2-330-305-1,maca1260,Maca,203,-ewheyey,Phonemic,marry,,,,
2-320-305-1,maca1260,Maca,1199,-iwheyeʔ ~ -ewheyeʔ,Phonemic,wife,,Means 'spouse'.,,
2-310-305-1,maca1260,Maca,1200,-iwheyeʔ ~ -ewheyeʔ,Phonemic,husband,,Means 'spouse'.,,
2-280-305-1,maca1260,Maca,1289,inkˀa nekfikˀi,Phonemic,"infant, baby",,Recently born infant.,,
2-270-305-1,maca1260,Maca,1304,ome-ɬas (m.),Phonemic,child,,'(Female) child' is omeɬas-kiʔ (f.).,,
2-261-305-1,maca1260,Maca,77,inanyiʔ,Phonemic,young woman (adolescent),,Same as 'girl' 02.260.,,
2-260-305-1,maca1260,Maca,1646,inanyiʔ (f.),Phonemic,girl,,,,
2-251-305-1,maca1260,Maca,76,xutxanaχ (m.),Phonemic,young man (adolescent),,Same as 'boy' 02.250.,,
2-250-305-1,maca1260,Maca,1366,xutxanaχ (m.),Phonemic,boy,,,,
2-240-305-1,maca1260,Maca,1551,ɬewefu (f.),Phonemic,female,,,,
2-230-305-1,maca1260,Maca,1553,ɬec̷ux (m.),Phonemic,male,,,,
2-220-305-1,maca1260,Maca,962,efu (f.),Phonemic,woman,,,,
2-210-305-1,maca1260,Maca,1554,xukhew (m.),Phonemic,man (vs. woman),,,,
1-890-305-1,maca1260,Maca,1188,ɬofolol (m.),Phonemic,charcoal,,,,
1-880-305-1,maca1260,Maca,10,naxak (m.),Phonemic,firewood,,Same as 'wood' 01.430.,,
1-870-305-1,maca1260,Maca,1133,seχ (m.),Phonemic,match (noun),,,,
1-861-305-1,maca1260,Maca,127,-omhet,Phonemic,extinguish,,,,
1-860-305-1,maca1260,Maca,737,-ɬaniʔ,Phonemic,"light, kindle, ignite",,,,
1-852-305-1,maca1260,Maca,1428,-wuxkin,Phonemic,burn (vb intrans),,,,
1-852-305-3,maca1260,Maca,1428,-tuxxem,Phonemic,burn (vb intrans),,,,
1-851-305-1,maca1260,Maca,141,-eɬxuʔ,Phonemic,burn (vb trans),,,,
1-840-305-1,maca1260,Maca,646,loʔ (m.),Phonemic,ashes,,,,
1-830-305-1,maca1260,Maca,778,ɬowḳˀol (m.),Phonemic,smoke (noun),,,,
1-810-305-1,maca1260,Maca,221,fet (m.),Phonemic,fire,,Cf. 'lamp' 07.450.,,
1-780-305-1,maca1260,Maca,952,lahac̷ix (m.),Phonemic,weather,,,,
1-770-305-1,maca1260,Maca,617,ɬʔifiwaχ (m.),Phonemic,ice,,Same as 'snow'.,,
1-760-305-1,maca1260,Maca,784,ɬʔifiwaχ (m.),Phonemic,snow (noun),,Same as 'ice'.,,
1-750-305-1,maca1260,Maca,658,piɬey (m.),Phonemic,rain (noun),,,,
1-740-305-1,maca1260,Maca,249,xunkhay (m.),Phonemic,fog,,Homophonous with 'gato montés'.,,
1-720-305-1,maca1260,Maca,960,tˀunikˀi (m.),Phonemic,wind,,,,
1-730-305-1,maca1260,Maca,1489,wasiʔ (f.),Phonemic,cloud,,Cf. 'sky' 01.510.,,
1-710-305-1,maca1260,Maca,27,-uɬaχ (m.),Phonemic,air,,Cf. 'lung' 04.441; and 'breathe' 04.510.,,
1-640-305-1,maca1260,Maca,1977,iyec̷ (m.),Phonemic,dew,,,,
1-630-305-1,maca1260,Maca,1388,ɬeḳˀeneɬeyaχ (m.),Phonemic,"shade, shadow",,"-eneɬetxiʔ is to cool something, as the coolness of the shade.",,
1-620-305-1,maca1260,Maca,11,noʔkii,Phonemic,darkness,,"'It's black', cf. 15.650.",,
1-610-305-1,maca1260,Maca,630,nalkii,Phonemic,light (noun),,Respectively: verbal form; natural light ('brillant').,,
1-610-305-3,maca1260,Maca,630,kooxo (f/m.),Phonemic,light (noun),,Respectively: verbal form; natural light ('brillant').,,
1-590-305-1,maca1260,Maca,1733,tikˀelaχ (f.),Phonemic,rainbow,,,,
1-580-305-1,maca1260,Maca,858,tˀunixikˀi naʔ piɬey,Phonemic,storm,,Lit. 'strong wind and rain'.,,
1-560-305-1,maca1260,Maca,1150,texen (m.),Phonemic,thunder,,,,
1-570-305-1,maca1260,Maca,2007,texen,Phonemic,lightning (as striking),,,,
1-550-305-1,maca1260,Maca,1654,tethelun,Phonemic,lightning,,,,
1-540-305-1,maca1260,Maca,1430,footekiʔ (f.),Phonemic,star,,"'Lucero', the morning star is neɬu-wokiʔ; cf. 'day' 14.410. The 'evening star' is xukaχewokiʔ; cf. 'night' 14.420.",,
1-530-305-1,maca1260,Maca,1313,xuwel (f.),Phonemic,moon,,Also means 'month'.,,
1-520-305-1,maca1260,Maca,1343,xunuʔ (f.),Phonemic,sun,,,,
1-510-305-1,maca1260,Maca,1732,was (m.),Phonemic,sky,,,,
1-450-305-1,maca1260,Maca,6,seheʔ wapxaʔ,Phonemic,earthquake,,Lit. 'earth moves' 10.110.,,
1-440-305-1,maca1260,Maca,2125,ute (f.),Phonemic,"stone, rock",,Cf. 'mountain' 01.220.,,
1-430-305-1,maca1260,Maca,1803,naxak (m.),Phonemic,wood,,,,
1-420-305-1,maca1260,Maca,906,naxkak (f.),Phonemic,tree (cf 08.600),,A tree which has not been planted by someone. naxkak-et is a bunch of trees. Cf. 'mountain range' 01.220.,,
1-410-305-1,maca1260,Maca,420,ɬeneʔ (m.),Phonemic,"woods, forest",,,,
1-380-305-1,maca1260,Maca,1145,eɬipiʔi (m.),Phonemic,swamp,,,,
1-370-305-1,maca1260,Maca,2144,ɬʔiwet (m),Phonemic,"spring, well",,Respectively: pozo; agua estancada en el monte; pozo cavado por el hombre (< 'cavar').,,
1-370-305-3,maca1260,Maca,2144,wesitaχ (f.),Phonemic,"spring, well",,Respectively: pozo; agua estancada en el monte; pozo cavado por el hombre (< 'cavar').,,
1-370-305-5,maca1260,Maca,2144,tixkiʔ,Phonemic,"spring, well",,Respectively: pozo; agua estancada en el monte; pozo cavado por el hombre (< 'cavar').,,
1-362-305-1,maca1260,Maca,1982,feyeykinheʔ (f.),Phonemic,whirlpool,,"-feyeykii is to spin, turn 10.130.",,
1-360-305-1,maca1260,Maca,666,haḳḳiʔ (m.),Phonemic,"river, stream, brook",,A flowing stream is xey naʔ haḳḳiʔ.,,
1-343-305-1,maca1260,Maca,1662,ɬa-pas (m.),Phonemic,"headland, point",,"Also means 'beak' 04.241, refers to 'point' 12.352. -pas is 'lip' 04.250. See also 'nipple' 04.412.",,
1-341-305-1,maca1260,Maca,623,imileʔ (f.),Phonemic,lagoon,,Means a deep lagoon. kaɬiʔ (f.) is a shallow lagoon.,,
1-324-305-1,maca1260,Maca,1768,ɬʔihufaχ (m.),Phonemic,foam,,Has the meaning of 'bubble'.,,
1-323-305-1,maca1260,Maca,259,mulpham naʔ haḳḳiʔ,Phonemic,rough (of sea),,Means the growing river; cf. 01.322. An overflowing river is tˀixay-pham naʔ haḳḳiʔ.,,
1-320-305-1,maca1260,Maca,1474,ḳi iweli,Phonemic,sea,,Lit. 'much water'.,,
1-322-305-1,maca1260,Maca,258,yim kaʔ haḳḳiʔ,Phonemic,calm (of sea),,Means the lowering river; cf. 01.323.,,
1-310-305-1,maca1260,Maca,948,iweli (m.),Phonemic,water,,,,
1-280-305-1,maca1260,Maca,1155,kumuʔ (m.),Phonemic,cave,,,,
1-270-305-1,maca1260,Maca,113,ɬotkoyek (m.),Phonemic,shore,,'River edge (shore)' is haḳḳiʔ ɬotkoyek.,,
1-230-305-1,maca1260,Maca,652,ɬʔexinḳa-wet (m.),Phonemic,"plain, field",,,,
1-222-305-1,maca1260,Maca,618,kiimixuʔ (m.),Phonemic,"cliff, precipice",,,,
1-220-305-1,maca1260,Maca,2118,utek (f.),Phonemic,"mountain, hill",,'Mountain ridge' is utek-et. Cf. 'stone' 01.440.,,
1-214-305-1,maca1260,Maca,640,oɬoḳˀoy (m.),Phonemic,mud,,,,
1-215-305-1,maca1260,Maca,671,isaχ (m.),Phonemic,sand,,,,
1-213-305-1,maca1260,Maca,2,ɬʔeḳhip (m.),Phonemic,dust,,,,
1-212-305-1,maca1260,Maca,1228,seheʔ (m.),Phonemic,"earth=ground, soil",,,,
1-210-305-1,maca1260,Maca,626,seheʔ (m.),Phonemic,"earth, land",,,,
1-100-305-1,maca1260,Maca,965,seheʔ (m.),Phonemic,world,,,,
14-332-305-1,maca1260,Maca,418,pakhaʔax,Phonemic,long-time (for a),,,,
14-340-305-1,maca1260,Maca,1656,niteʔ ɬʔanuyii,Phonemic,never,,,,
14-350-305-1,maca1260,Maca,204,iye,Phonemic,again,,,,
14-410-305-1,maca1260,Maca,1225,neɬu (m.),Phonemic,day,,,,
14-420-305-1,maca1260,Maca,1233,naxaχ (m.),Phonemic,night,,,,
14-430-305-1,maca1260,Maca,729,leefʔixuʔ,Phonemic,dawn,,Also 'early' 14.160; 'morning' 14.440.,,
14-440-305-1,maca1260,Maca,1339,leefʔixuʔ,Phonemic,morning,,,,
14-450-305-1,maca1260,Maca,12,n-ac̷athen-xuʔ neʔ xunuʔ,Phonemic,"noon, midday",,Lit. 'straight-down sun' 01.520.,,
14-451-305-1,maca1260,Maca,1807,leefʔekii,Phonemic,afternoon,,,,
14-460-305-1,maca1260,Maca,1629,hac̷ toχikˀi xunuʔ,Phonemic,evening,,Lit. 'already far (12.440) sun'.,,
14-470-305-1,maca1260,Maca,1283,haneex,Phonemic,today,,,,
14-480-305-1,maca1260,Maca,1329,uxeʔ,Phonemic,tomorrow,,,,
14-481-305-1,maca1260,Maca,1179,uxeʔ neɬu-ki,Phonemic,day-after-tomorrow,,,,
14-490-305-1,maca1260,Maca,1174,neɬu,Phonemic,yesterday,,Also means 'day' 14.410,,
14-491-305-1,maca1260,Maca,1180,kaʔ neɬu-xiʔ,Phonemic,day-before-yesterday,,,,
14-530-305-1,maca1260,Maca,1323,-pala-kiʔ (f.),Phonemic,"clock, timepiece",,Neologism. Cf. 06.740.,,
14-710-305-1,maca1260,Maca,1370,xuwel (f.),Phonemic,month,,Also means 'moon' 01.530.,,
14-730-305-1,maca1260,Maca,1226,ininḳap (m.),Phonemic,year,,,,
14-740-305-1,maca1260,Maca,1471,lop (m.),Phonemic,winter,,,,
14-750-305-1,maca1260,Maca,1537,xinawap (m.),Phonemic,spring,,,,
14-760-305-1,maca1260,Maca,1342,ininḳap,Phonemic,summer,,Same as 'year' 14.730.,,
14-770-305-1,maca1260,Maca,1276,keɬey kup (m.),Phonemic,autumn,,"Also keɬey kutek, 'quebracho colorado'; means when autumn arrives, the quebracho colorado is flowering.",,
15-210-305-1,maca1260,Maca,1587,-enxeyii ~ -inxeyii,Phonemic,smell (vb intrans),,Cf. 'nose' 04.230.,,
15-212-305-1,maca1260,Maca,375,-inxiwen paʔ nisxut,Phonemic,sniff,,Means to sense odor.,,
15-220-305-1,maca1260,Maca,1586,-enxeyiyix,Phonemic,smell (vb trans),,,,
15-250-305-1,maca1260,Maca,376,ewxisiʔ,Phonemic,"fragrant, good smelling",,,,
15-260-305-1,maca1260,Maca,42,nisxut,Phonemic,"stinking, bad smelling",,,,
15-310-305-1,maca1260,Maca,21,-(e)ḳˀimaχix,Phonemic,taste,,,,
15-350-305-1,maca1260,Maca,717,ekˀemeyxiʔ,Phonemic,sweet,,Also means 'salty' 15.360.,,
15-360-305-1,maca1260,Maca,1091,ekˀemeyxiʔ,Phonemic,salty,,Also means 'sweet' 15.350.,,
15-370-305-1,maca1260,Maca,887,ec̷ikˀiixiʔ,Phonemic,bitter,,,,
15-380-305-1,maca1260,Maca,1906,ekˀimiixiʔ,Phonemic,"acid, sour",,,,
15-410-305-1,maca1260,Maca,1408,-epiyeʔ,Phonemic,hear,,Transitive. Also means 'understand'17.160.,,
15-420-305-1,maca1260,Maca,1608,-epiye-kii,Phonemic,listen,,Intransitive.,,
15-440-305-1,maca1260,Maca,1811,tˀay (m.),Phonemic,"sound, noise",,,,
15-450-305-1,maca1260,Maca,377,tˀay-xiʔ,Phonemic,loud,,,,
15-460-305-1,maca1260,Maca,1314,niteʔ tˀay,Phonemic,"quiet, silence",,Lit. 'no sound' 15.440.,,
15-510-305-1,maca1260,Maca,1409,-wen,Phonemic,see,,,,
15-520-305-1,maca1260,Maca,1819,-xeɬxuʔ,Phonemic,"look, look at",,Cf. 06.960; 16.622.,,
15-550-305-1,maca1260,Maca,1039,-ethinix,Phonemic,show,,,,
15-560-305-1,maca1260,Maca,708,-tuχxem,Phonemic,shine,,,,
15-560-305-3,maca1260,Maca,708,-tuχxiʔ,Phonemic,shine,,,,
15-570-305-1,maca1260,Maca,679,kooxo,Phonemic,bright,,,,
15-610-305-1,maca1260,Maca,1613,woteniɬ (m.),Phonemic,color,,,,
15-630-305-1,maca1260,Maca,706,noʔkiʔ,Phonemic,dark (in color),,,,
15-640-305-1,maca1260,Maca,1335,foʔ,Phonemic,white,,"Cf. 'meal, flour' 05.550.",,
15-650-305-1,maca1260,Maca,163,noʔ,Phonemic,black,,,,
15-660-305-1,maca1260,Maca,156,sʔeʔ,Phonemic,red,,,,
15-670-305-1,maca1260,Maca,837,leekʔe,Phonemic,blue,,,,
15-680-305-1,maca1260,Maca,1425,sehec̷ ɬʔaftuk,Phonemic,green,,Lit. 'fish (its) gall' 03.650.,,
15-690-305-1,maca1260,Maca,1424,maxa,Phonemic,yellow,,,,
15-710-305-1,maca1260,Maca,1892,-(e)kum-ec̷,Phonemic,touch,,,,
15-712-305-1,maca1260,Maca,378,-(i)sḳˀet,Phonemic,pinch,,,,
15-720-305-1,maca1260,Maca,1079,-oksiwen,Phonemic,feel,,,,
15-740-305-1,maca1260,Maca,1884,tˀun,Phonemic,hard,,,,
15-750-305-1,maca1260,Maca,1856,eḳˀimii,Phonemic,soft,,,,
15-760-305-1,maca1260,Maca,1923,c̷eeχe,Phonemic,rough,,"Also, possibly, fuulu.",,
15-770-305-1,maca1260,Maca,1234,leeme,Phonemic,smooth,,,,
15-780-305-1,maca1260,Maca,1396,yasɬax,Phonemic,sharp,,,,
15-790-305-1,maca1260,Maca,379,niteʔ yasɬax,Phonemic,"blunt, dull",,Lit. 'not sharp'.,,
15-810-305-1,maca1260,Maca,1210,niihet,Phonemic,heavy,,,,
15-820-305-1,maca1260,Maca,1052,afʔayay,Phonemic,light (in weight),,,,
15-830-305-1,maca1260,Maca,1726,weyxuʔ,Phonemic,"wet, damp",,,,
15-840-305-1,maca1260,Maca,1398,yisɬax,Phonemic,dry,,,,
15-850-305-1,maca1260,Maca,1286,elexey,Phonemic,hot,,,,
15-851-305-1,maca1260,Maca,1232,exupuy,Phonemic,warm,,,,
15-860-305-1,maca1260,Maca,1287,eneɬey,Phonemic,cold,,,,
15-870-305-1,maca1260,Maca,704,wetlixuʔ,Phonemic,clean,,Cf. 06.950.,,
15-880-305-1,maca1260,Maca,1230,-xilii,Phonemic,"dirty, soiled",,,,
15-890-305-1,maca1260,Maca,380,iwḳˀoc̷inax,Phonemic,wrinkled,,,,
16-110-305-1,maca1260,Maca,53,-sinḳal (m.),Phonemic,"soul, spirit",,,,
16-180-305-1,maca1260,Maca,720,-eḳfec̷iyex (m.),Phonemic,"good fortune, luck",,Respectively: suerte; suertudo.,,
16-180-305-3,maca1260,Maca,720,-eḳfeec̷aχ,Phonemic,"good fortune, luck",,Respectively: suerte; suertudo.,,
16-230-305-1,maca1260,Maca,1495,ɬewisxuʔ,Phonemic,"joyful, glad, happy",,,,
16-250-305-1,maca1260,Maca,1355,-ixuyekii,Phonemic,laugh,,,,
16-251-305-1,maca1260,Maca,1451,yem,Phonemic,smile,,,,
16-260-305-1,maca1260,Maca,1413,-otoy,Phonemic,play,,Also means 'dance' 10.440. 'To have a good time' is -awitxiʔ.,,
16-270-305-1,maca1260,Maca,923,-suun,Phonemic,love,,Cf. 17.450.,,
16-290-305-1,maca1260,Maca,578,-tuxem ~ -ɬuxem,Phonemic,kiss,,,,
16-300-305-1,maca1260,Maca,928,-ikˀeyix,Phonemic,embrace,,,,
16-310-305-1,maca1260,Maca,1783,-aac̷hek (m.),Phonemic,pain,,Refers to physical pain. Also aʔtaχ (m.).,,
16-320-305-1,maca1260,Maca,1668,-ḳˀiltiyex (m.),Phonemic,"grief, sorrow, sadness",,'Sadness' is -(i)kametaχ (m.).,,
16-330-305-1,maca1260,Maca,1000,-itawxemet,Phonemic,"anxiety, worry",,Respectively: preocupado; ansioso por hacer algo.,,
16-330-305-3,maca1260,Maca,1000,-itaḳsunec̷,Phonemic,"anxiety, worry",,Respectively: preocupado; ansioso por hacer algo.,,
16-340-305-1,maca1260,Maca,1875,-ḳˀeletix,Phonemic,"regret, be sorry",,,,
16-350-305-1,maca1260,Maca,1141,-ḳˀiltiyex,Phonemic,pity,,,,
16-370-305-1,maca1260,Maca,1839,-(i)p,Phonemic,"cry, weep",,The paradigm contains: hap; ɬap; ip; xuup. The vowel /a/ occurs in desiderative and causative.,,
16-380-305-1,maca1260,Maca,1651,-tˀil (m.),Phonemic,tear (noun),,,,
16-410-305-1,maca1260,Maca,1607,-uten,Phonemic,hate,,,,
16-420-305-1,maca1260,Maca,82,-wak (m.),Phonemic,anger,,Also -nalkeyex.,,
16-440-305-1,maca1260,Maca,40,-ḳemc̷henaχ (m.),Phonemic,"envy, jealousy",,,,
16-450-305-1,maca1260,Maca,1776,-wepinaχ (m.),Phonemic,shame (noun),,,,
16-520-305-1,maca1260,Maca,3,noweɬ,Phonemic,brave,,"Used for animals, fierce (?).",,
16-530-305-1,maca1260,Maca,781,-ixiweyaχ (m.),Phonemic,"fear, fright",,,,
16-540-305-1,maca1260,Maca,1810,-ifc̷iʔ (m.),Phonemic,danger,,,,
16-622-305-1,maca1260,Maca,1750,-xeɬxiʔ,Phonemic,choose,,Cf. 15.520.,,
16-630-305-1,maca1260,Maca,1092,-otkinheyex (m.),Phonemic,hope,,,,
16-660-305-1,maca1260,Maca,1657,ixa,Phonemic,true,,,,
16-670-305-1,maca1260,Maca,601,-(a)ḳankii,Phonemic,"lie, tell lies",,,,
16-710-305-1,maca1260,Maca,1035,-eykˀuney,Phonemic,good,,,,
16-720-305-1,maca1260,Maca,1292,uɬʔaχ,Phonemic,bad,,,,
16-730-305-1,maca1260,Maca,1725,hac̷ ɬewis,Phonemic,"right, correct",,,,
16-740-305-1,maca1260,Maca,1390,niteʔ ɬewis,Phonemic,wrong,,Lit. 'not correct'.,,
16-770-305-1,maca1260,Maca,1293,-ixankeyex (m.),Phonemic,"mistake, error",,,,
16-810-305-1,maca1260,Maca,1427,ɬewis,Phonemic,beautiful,,,,
16-820-305-1,maca1260,Maca,1548,uɬʔaχ,Phonemic,ugly,,Also means 'bad' 16.720.,,
16-830-305-1,maca1260,Maca,2018,ekunaχ,Phonemic,greedy,,Masc. form. Fem. form is ekun-heʔ.,,
16-840-305-1,maca1260,Maca,1310,-iyayix,Phonemic,clever,,,,
17-130-305-1,maca1260,Maca,1415,-xamtikii,Phonemic,think (= reflect),,,,
17-140-305-1,maca1260,Maca,1513,-umtiʔixa,Phonemic,think (= be of the opinion),,Means to be sure.,,
17-150-305-1,maca1260,Maca,1890,-umti-taχ,Phonemic,believe,,Means not to be sure. Cf. 17.180.,,
17-160-305-1,maca1260,Maca,1536,-epiyeʔ,Phonemic,understand,,Also means 'hear' 15.410.,,
17-170-305-1,maca1260,Maca,1410,-iyayix,Phonemic,know,,"Also -ikfel-ec̷; -ikfel-ix, 'conocer' (be acquainted with).",,
17-171-305-1,maca1260,Maca,1932,-wenec̷,Phonemic,guess,,,,
17-172-305-1,maca1260,Maca,117,-oxonketikˀi,Phonemic,imitate,,,,
17-180-305-1,maca1260,Maca,1521,-umtitaχ,Phonemic,seem,,Cf. 17.150.,,
17-210-305-1,maca1260,Maca,698,wek-wek yiyayix,Phonemic,wise,,"Means 'many things know' 11.180, 17.170.",,
17-220-305-1,maca1260,Maca,1518,witasiwat,Phonemic,"foolish, stupid",,Respectively: tonto; haragán.,,
17-220-305-3,maca1260,Maca,1518,walχal,Phonemic,"foolish, stupid",,Respectively: tonto; haragán.,,
17-230-305-1,maca1260,Maca,1899,niteʔ t-eykˀuney-kii,Phonemic,"insane, crazy",,Means 'not good'.,,
17-240-305-1,maca1260,Maca,504,-(we)nixac̷hen-ix,Phonemic,learn,,Cf. 17.270; 17.250.,,
17-242-305-1,maca1260,Maca,1929,-wenḳika,Phonemic,study,,,,
17-250-305-1,maca1260,Maca,709,-ixac̷hen,Phonemic,teach,,Cf. 17.240; 17.270.,,
17-260-305-1,maca1260,Maca,753,witixac̷henek,Phonemic,pupil,,,,
17-260-305-3,maca1260,Maca,753,witixac̷henkiʔ,Phonemic,pupil,,,,
17-270-305-1,maca1260,Maca,1038,-wenḳˀixac̷hen,Phonemic,teacher,,Cf. 17.240; 17.250.,,
17-280-305-1,maca1260,Maca,673,-ikatxii (f.),Phonemic,school,,Neologism. Cf. 'write' 18.510; 18.570.,,
17-310-305-1,maca1260,Maca,707,-ikfeli-kˀi,Phonemic,remember,,Cf. 'idea' 17.190; 17.170.,,
17-320-305-1,maca1260,Maca,1523,-tapiʔ,Phonemic,forget,,,,
17-370-305-1,maca1260,Maca,509,ixa ixa,Phonemic,"sure, certain",,Cf. 'think' 17.140.,,
17-450-305-1,maca1260,Maca,643,-suuntaχ,Phonemic,"need, necessity",,Cf. 16.270.,,
17-460-305-1,maca1260,Maca,686,niteʔ xuc̷itaχ,Phonemic,easy,,Lit. 'not difficult'.,,
17-470-305-1,maca1260,Maca,584,xuc̷itaχ,Phonemic,difficult,,,,
17-480-305-1,maca1260,Maca,1812,-xaaxin,Phonemic,"try, attempt",,,,
17-510-305-1,maca1260,Maca,1577,ḳa,Phonemic,and,,,,
17-520-305-1,maca1260,Maca,1157,ḳe,Phonemic,because,,,,
17-550-305-1,maca1260,Maca,1268,ehe,Phonemic,"yes, affirmative",,,,
17-560-305-1,maca1260,Maca,1269,niteʔ,Phonemic,"no, negative",,,,
17-610-305-1,maca1260,Maca,1239,pan ɬunyex,Phonemic,how?,,"ɬunyex means 'equal, alike'.",,
17-620-305-1,maca1260,Maca,822,pan-uxaχ,Phonemic,how many?,,,,
17-630-305-1,maca1260,Maca,531,pan ɬaxanyex,Phonemic,how much?,,"Means 'how much, its price'.",,
17-640-305-1,maca1260,Maca,1236,ɬek,Phonemic,what?,,,,
17-650-305-1,maca1260,Maca,1238,pan ipɬuʔ-u-kˀuy,Phonemic,when?,,,,
17-660-305-1,maca1260,Maca,1237,pan,Phonemic,where?,,"For example, pan ɬa-n-i, lit. '(interrogative) 2nd verbal-locative', 'where is it'.",,
17-670-305-1,maca1260,Maca,727,pan,Phonemic,which?,,,,
17-680-305-1,maca1260,Maca,1235,ɬek,Phonemic,who?,,,,
17-690-305-1,maca1260,Maca,1270,inhac̷ˀek,Phonemic,why?,,,,
18-110-305-1,maca1260,Maca,1363,-ʔaχ (m.),Phonemic,voice,,,,
18-120-305-1,maca1260,Maca,1261,-lixc̷ii,Phonemic,sing,,,,
18-130-305-1,maca1260,Maca,715,-yayii,Phonemic,"shout, cry out",,Respectively: cry out to someone; cry out a lot. To cry out from pain is -exc̷ilekii.,,
18-130-305-3,maca1260,Maca,715,-yay-kii,Phonemic,"shout, cry out",,Respectively: cry out to someone; cry out a lot. To cry out from pain is -exc̷ilekii.,,
18-150-305-1,maca1260,Maca,55,-xawehen,Phonemic,whisper,,,,
18-170-305-1,maca1260,Maca,1025,-soxinkii,Phonemic,whistle,,,,
18-210-305-1,maca1260,Maca,1623,-iyet,Phonemic,"speak, talk",,,,
18-220-305-1,maca1260,Maca,1458,-itˀix,Phonemic,say,,,,
18-221-305-1,maca1260,Maca,1711,-felikˀi,Phonemic,tell story,,,,
18-222-305-1,maca1260,Maca,1115,-iyet-i-kˀuy,Phonemic,speech (make a),,See 'speak' 18.210.,,
18-230-305-1,maca1260,Maca,48,niteʔ xumum,Phonemic,silent (be),,,,
18-240-305-1,maca1260,Maca,1307,-lixey (f.),Phonemic,language,,,,
18-260-305-1,maca1260,Maca,1599,-lixey (f.),Phonemic,word,,Also means 'language' 18.240.,,
18-280-305-1,maca1260,Maca,1405,-ii (m.),Phonemic,name,,,,
18-310-305-1,maca1260,Maca,1309,-faakan,Phonemic,"ask (question, inquire)",,,,
18-320-305-1,maca1260,Maca,1275,-(e)kuɬ,Phonemic,answer,,,,
18-340-305-1,maca1260,Maca,755,-welkutˀixkii,Phonemic,deny,,,,
18-350-305-1,maca1260,Maca,1828,-iyinec̷,Phonemic,"ask, request",,,,
18-380-305-1,maca1260,Maca,83,-niteʔ ɬekeʔ,Phonemic,forbid,,Means 'not permit'.,,
18-390-305-1,maca1260,Maca,299,-xithewec̷kii,Phonemic,"rebuke, scold",,Respectively: reprender; castigar.,,
18-390-305-3,maca1260,Maca,299,-tanithen,Phonemic,"rebuke, scold",,Respectively: reprender; castigar.,,
18-410-305-1,maca1260,Maca,1084,-yay-ii,Phonemic,call (=summon),,,,
18-420-305-1,maca1260,Maca,180,ɬ-ii,Phonemic,call (=name),,Means 'his/her name' 18.280.,,
18-430-305-1,maca1260,Maca,9,-felim,Phonemic,announce,,,,
18-440-305-1,maca1260,Maca,1192,-eḳekuyuʔux,Phonemic,threaten,,,,
18-510-305-1,maca1260,Maca,1672,-ikaʔ,Phonemic,write,,Means to 'mark'. Cf. 'pen' 18.570. Cf. 17.280.,,
18-520-305-1,maca1260,Maca,724,-yinenikˀi,Phonemic,read,,"Means, to indicate with the finger.",,
18-560-305-1,maca1260,Maca,648,-fakanek (m.),Phonemic,paper,,Also means 'book' 18.610.,,
18-570-305-1,maca1260,Maca,794,-ikanet (m.),Phonemic,pen,,Also means 'pencil'. Cf. 'write' 18.510; cf. 17.280.,,
18-610-305-1,maca1260,Maca,963,-fakanek (m.),Phonemic,book,,Same as 'paper'18.560.,,
18-710-305-1,maca1260,Maca,777,foχ (f.),Phonemic,flute,,,,
18-720-305-1,maca1260,Maca,908,fiɬik (m.),Phonemic,drum,,,,
18-730-305-1,maca1260,Maca,2136,foχwakaɬekec̷ (f.),Phonemic,"horn, trumpet",,Refers to a horn made from a cow (waka) horn.,,
18-740-305-1,maca1260,Maca,300,-lenkiʔ,Phonemic,rattle,,,,
19-110-305-1,maca1260,Maca,1300,seheʔ (m.),Phonemic,country,,Same as 'earth' 01.210.,,
19-120-305-1,maca1260,Maca,89,-ɬeyɬe,Phonemic,one's native country,,One who lives in the Chaco is tefe ɬeyɬe.,,
19-120-305-3,maca1260,Maca,89,-ɬeyɬe-kiʔ (f.),Phonemic,one's native country,,One who lives in the Chaco is tefe ɬeyɬe.,,
19-160-305-1,maca1260,Maca,930,-ic̷et ~ ec̷et (m.),Phonemic,village,,,,
19-170-305-1,maca1260,Maca,1010,ɬaχkatheʔ (m.),Phonemic,boundary,,,,
19-240-305-1,maca1260,Maca,301,ɬeḳisil (m.),Phonemic,"chief, chieftain",,,,
19-250-305-1,maca1260,Maca,1296,-waykaxit (m.),Phonemic,"staff, walking stick",,,,
19-370-305-1,maca1260,Maca,1032,-ic̷etifeʔ ~ -ec̷etifeʔ (m.),Phonemic,"citizen, subject",,Fem. is -(i)c̷etife-kiʔ. Means from the same 'village' 19.160.,,
19-450-305-1,maca1260,Maca,1128,-ukin,Phonemic,"command, order",,,,
19-460-305-1,maca1260,Maca,1635,-kˀen,Phonemic,obey,,Respectively: respect; obedient.,,
19-460-305-3,maca1260,Maca,1635,-impiyeʔ,Phonemic,obey,,Respectively: respect; obedient.,,
19-470-305-1,maca1260,Maca,1003,ɬekeʔ,Phonemic,"let, permit",,,,
19-510-305-1,maca1260,Maca,1325,waykaʔ (m.),Phonemic,"friend, companion",,Fem. form is wayka-kiʔ (f.).,,
19-520-305-1,maca1260,Maca,1358,-exuyhife (m.),Phonemic,enemy,,Fem. form is -exuyhife-kiʔ (f.).,,
19-540-305-1,maca1260,Maca,1332,-kife (m.),Phonemic,neighbor,,Fem. form is -kife-kiʔ (f.).,,
19-550-305-1,maca1260,Maca,791,sontoʔ (m.),Phonemic,stranger,,Means a non-Indian stranger. Fem. form is sonto-kiʔ (f.).,,
19-560-305-1,maca1260,Maca,1782,witʔiyinek,Phonemic,guest,,,,
19-580-305-1,maca1260,Maca,1897,-fen,Phonemic,"help, aid",,,,
19-610-305-1,maca1260,Maca,1747,-xunyex ~ -unyex (m.),Phonemic,custom,,,,
19-620-305-1,maca1260,Maca,1848,-watlan-hep (m.),Phonemic,"strife, quarrel",,"Also means 'war' 20.130. Cf. 'fight' 20.110. Also -ixen, una clase de lucha.",,
19-650-305-1,maca1260,Maca,1831,-wetweniɬ,Phonemic,meet,,,,
19-720-305-1,maca1260,Maca,1610,witḳesuʔ,Phonemic,prostitute,,,,
20-110-305-1,maca1260,Maca,1423,-watlan,Phonemic,fight (vb),,"Latter form means: luchar entre hombres con golpes de puño y patadas. Also -(we)tetḳelfet, luchar entre hombres con los pies y las piernas sin intervención de los brazos ni de las manos. Also -(we)tewum, luchar entre hombres con empujones.",,
20-110-305-3,maca1260,Maca,1423,-ixen,Phonemic,fight (vb),,"Latter form means: luchar entre hombres con golpes de puño y patadas. Also -(we)tetḳelfet, luchar entre hombres con los pies y las piernas sin intervención de los brazos ni de las manos. Also -(we)tewum, luchar entre hombres con empujones.",,
20-130-305-1,maca1260,Maca,579,-watlan,Phonemic,"war, battle",,Respectively: verbal form; noun.,,
20-130-305-3,maca1260,Maca,579,-watlan-het (m.),Phonemic,"war, battle",,Respectively: verbal form; noun.,,
20-210-305-1,maca1260,Maca,951,-watlanhewoc̷ (m.),Phonemic,"weapons, arms",,,,
20-220-305-1,maca1260,Maca,1763,kˀapˀaxiɬeyɬaʔ (m.),Phonemic,club,,,,
20-230-305-1,maca1260,Maca,387,-oxtonet (m.),Phonemic,sling,,,,
20-240-305-1,maca1260,Maca,994,-ḳelenek (m.),Phonemic,bow,,,,
20-250-305-1,maca1260,Maca,977,uc̷inet (m.),Phonemic,arrow,,Respectively: flecha de punta de alambre; f. de punta barbada; f. de punta no barbada; f. de punta roma.,,
20-250-305-3,maca1260,Maca,977,asɬenheʔ (f.),Phonemic,arrow,,Respectively: flecha de punta de alambre; f. de punta barbada; f. de punta no barbada; f. de punta roma.,,
20-250-305-5,maca1260,Maca,977,-ḳaxiʔ (f.),Phonemic,arrow,,Respectively: flecha de punta de alambre; f. de punta barbada; f. de punta no barbada; f. de punta roma.,,
20-250-305-7,maca1260,Maca,977,fʔok (f.),Phonemic,arrow,,Respectively: flecha de punta de alambre; f. de punta barbada; f. de punta no barbada; f. de punta roma.,,
20-280-305-1,maca1260,Maca,1566,-exenet (m.),Phonemic,"gun, cannon",,,,
20-410-305-1,maca1260,Maca,783,-axix in watlan,Phonemic,victory,,Means to win the war 20.110.,,
20-440-305-1,maca1260,Maca,1330,-weyikˀi,Phonemic,defend,,,,
20-450-305-1,maca1260,Maca,421,-ilat,Phonemic,retreat,,,,
20-470-305-1,maca1260,Maca,1072,-witʔopheɬik (m.),Phonemic,"captive, prisoner",,,,
20-510-305-1,maca1260,Maca,1858,sehec̷inaχ (m.),Phonemic,fisherman,,Also ḳaḳanhenaχ (m.); ḳaḳanhenheʔ (f.).,,
20-510-305-3,maca1260,Maca,1858,sehec̷inheʔ (f.),Phonemic,fisherman,,Also ḳaḳanhenaχ (m.); ḳaḳanhenheʔ (f.).,,
20-520-305-1,maca1260,Maca,1074,neses (f.),Phonemic,fishhook,,,,
20-540-305-1,maca1260,Maca,388,-ḳˀehemkiʔ (f.),Phonemic,fishnet,,,,
20-610-305-1,maca1260,Maca,1435,-xalkis,Phonemic,hunt,,,,
20-620-305-1,maca1260,Maca,1172,-tiyaχ,Phonemic,shoot,,Respectively: disparar a alguien; disparar a varios; disparar un tiro; disparar varios tiros.,,
20-620-305-3,maca1260,Maca,1172,-tiyaχxuʔ,Phonemic,shoot,,Respectively: disparar a alguien; disparar a varios; disparar un tiro; disparar varios tiros.,,
20-620-305-5,maca1260,Maca,1172,-(we)ḳɬiyaχ,Phonemic,shoot,,Respectively: disparar a alguien; disparar a varios; disparar un tiro; disparar varios tiros.,,
20-620-305-7,maca1260,Maca,1172,-(we)ḳɬiyaχkii,Phonemic,shoot,,Respectively: disparar a alguien; disparar a varios; disparar un tiro; disparar varios tiros.,,
20-630-305-1,maca1260,Maca,161,-ixan,Phonemic,miss (target),,,,
20-640-305-1,maca1260,Maca,1075,-iwḳel ~ -ewḳel (m.),Phonemic,trap (noun),,,,
20-650-305-1,maca1260,Maca,1170,-ewḳeleyikˀwi,Phonemic,trap (vb),,Poner una trampa a alguien.,,
21-350-305-1,maca1260,Maca,1682,taɬ-ec̷,Phonemic,guilty,,,,
21-370-305-1,maca1260,Maca,390,-tanithenkeyex (m.),Phonemic,"penalty, punishment",,,,
21-390-305-1,maca1260,Maca,1281,-opheɬitxii (f.),Phonemic,"prison, jail",,,,
21-420-305-1,maca1260,Maca,845,-kˀunax (m.),Phonemic,murder,,Cf. 08.240.,,
21-420-305-3,maca1260,Maca,845,-kˀunheʔ (f.),Phonemic,murder,,Cf. 08.240.,,
21-440-305-1,maca1260,Maca,953,-xuftaχkii,Phonemic,rape,,,,
21-510-305-1,maca1260,Maca,713,-exten-kiiʔ,Phonemic,steal,,Respectively: intrans.; transitive.,,
21-510-305-3,maca1260,Maca,713,-exten-ix,Phonemic,steal,,Respectively: intrans.; transitive.,,
21-520-305-1,maca1260,Maca,1160,exten-hec̷aχ (m.),Phonemic,thief,,Fem. form is exten-hec̷ileʔ.,,
22-120-305-1,maca1260,Maca,1944,intata,Phonemic,God,,,,
22-120-305-3,maca1260,Maca,1944,Dios,Phonemic,God,,,,
22-170-305-1,maca1260,Maca,24,-iyin,Phonemic,pray,,Means to 'ask'.,,
22-350-305-1,maca1260,Maca,1973,inwomet (m.),Phonemic,demon (evil spirit),,Fem. form is inwomet-kiʔ.,,
22-430-305-1,maca1260,Maca,2137,weyhetaχ (m.),Phonemic,"sorcerer, witch",,Fem. form is weyhete-kiʔ.,,
